gene_key	symbol	first_failed_rule	tme_pooled_log2FC	tme_pooled_FDR	normal_pooled_log2FC	normal_pooled_FDR	discovery_donor_filter	bulk_expressed_both
ENSG00000117242	PINK1-AS	B_pooled_effect_or_FDR	-0.0957295599877094	0.58993682001839			FALSE	TRUE
ENSG00000120664	SPART-AS1	B_replication_direction	1.2818669898363	1.25560369759887e-08			TRUE	FALSE
ENSG00000122043	LINC00544	B_pooled_effect_or_FDR	-4.73893311015046	4.0112056662063e-36			FALSE	FALSE
ENSG00000125462	MIR9-1HG	B_pooled_effect_or_FDR	-3.81787289366822	4.51092042462949e-07			FALSE	FALSE
ENSG00000146521	LINC01558	B_replication_direction	1.41731965509164	0.0306122039820806			FALSE	TRUE
ENSG00000152931	PART1	B_pooled_effect_or_FDR			-8.10692399345041	3.27914877626416e-15	FALSE	FALSE
ENSG00000153363	LINC00467	A_tested_not_enriched_vs_normal_epithelium	1.1500701243904	0.000352014762288376	-0.767918126615692	0.000478913672802892	TRUE	TRUE
ENSG00000162913	OBSCN-AS1	B_pooled_effect_or_FDR	1.08700796087983	0.103018533613872			FALSE	TRUE
ENSG00000164621	SMAD5-AS1	B_replication_direction	1.15111330228289	5.97210117975975e-11			TRUE	FALSE
ENSG00000165511	ZNF22-AS1	B_pooled_effect_or_FDR	0.868737629951353	5.60267639182409e-11			TRUE	TRUE
ENSG00000166770	ZNF667-AS1	B_pooled_effect_or_FDR	-0.515519790660305	0.692972087215687	-2.80522289063119	2.57130473156174e-09	FALSE	TRUE
ENSG00000167912	AC090152.1	B_pooled_effect_or_FDR	-2.80226119274744	5.90407880195073e-05			FALSE	FALSE
ENSG00000167920	TMEM99	A_tested_not_enriched_vs_normal_epithelium	1.99372619825607	1.89440442401511e-141	0.460966575949238	0.0974642283007666	TRUE	TRUE
ENSG00000170161	AL512625.1	B_pooled_effect_or_FDR	0.402806796431395	0.0088662458899641			TRUE	TRUE
ENSG00000170919	TPT1-AS1	B_pooled_effect_or_FDR	0.67277348136312	4.05067694142061e-05	0.710540819335304	0.204288984688517	TRUE	TRUE
ENSG00000172965	MIR4435-2HG	B_pooled_effect_or_FDR	-0.631312098712798	0.00387399263761335	2.05043595308121	0.199190948472713	TRUE	TRUE
ENSG00000174171	AC020659.1	B_pooled_effect_or_FDR	0.196298945745199	0.882869511024222			TRUE	TRUE
ENSG00000175170	FAM182B	B_pooled_effect_or_FDR	-1.16202623745368	2.21041594510177e-09			FALSE	FALSE
ENSG00000175611	LINC00476	B_pooled_effect_or_FDR	-0.266598326397984	0.0779132488621888			FALSE	TRUE
ENSG00000175772	LINC01106	B_replication_direction	1.69109948223832	1.8575592181248e-13			TRUE	TRUE
ENSG00000175773	ZBTB44-DT	discovery_donor_expression	2.38619322321138	4.83904777653116e-29			FALSE	TRUE
ENSG00000175779	LINC02694	B_pooled_effect_or_FDR	-3.77737109667951	0.103018533613872			FALSE	FALSE
ENSG00000176124	DLEU1	bulk_expression_TCGA_CPTAC	1.07353207669951	1.21663306324643e-05	0.417496692721278	0.186525872173936	TRUE	FALSE
ENSG00000176320	AL138899.1	B_pooled_effect_or_FDR	-3.64336470112956	6.34278349468239e-14			FALSE	FALSE
ENSG00000176659	C20orf197	B_pooled_effect_or_FDR	-3.85890136731073	2.82036898122251e-43			FALSE	FALSE
ENSG00000176728	TTTY14	B_pooled_effect_or_FDR	0.647071576547022	0.279077690652062	-0.775239520490219	0.0156634477644865	FALSE	FALSE
ENSG00000176868	AL358781.1	B_pooled_effect_or_FDR	-0.774916125018865	4.27572013512588e-05			FALSE	FALSE
ENSG00000177133	PRDM16-DT	B_pooled_effect_or_FDR			-8.98716641892311	2.48771151697221e-36	FALSE	FALSE
ENSG00000177337	DLGAP1-AS1	B_pooled_effect_or_FDR	-0.0939817467427856	0.793059482404894	0.047012748993503	0.972850344389706	TRUE	TRUE
ENSG00000177340	FLJ13224	B_pooled_effect_or_FDR	0.0739485492218014	0.882235930455448			FALSE	FALSE
ENSG00000177406	NINJ2-AS1	B_pooled_effect_or_FDR	-0.198675870284748	0.592895687229301			TRUE	TRUE
ENSG00000177699	AC011944.1	B_pooled_effect_or_FDR	-3.2221294606921	5.10761710841141e-23			FALSE	FALSE
ENSG00000177738	AC025171.1	B_pooled_effect_or_FDR	-0.912887566393468	0.00573624993947103			FALSE	TRUE
ENSG00000177757	FAM87B	B_pooled_effect_or_FDR	-3.90294319751459	2.64697324622268e-26			FALSE	FALSE
ENSG00000177822	TENM3-AS1	B_replication_direction	4.23116928817889	6.1198083259262e-46			TRUE	TRUE
ENSG00000177993	ZNRF3-AS1	B_replication_direction	2.15246834539086	8.60036256673997e-36			TRUE	FALSE
ENSG00000178803	ADORA2A-AS1	A_tested_not_enriched_vs_normal_epithelium	3.30323175353656	0.00854843310189153	-0.845547569060198	0.0709416922025923	TRUE	TRUE
ENSG00000178977	LINC00324	B_pooled_effect_or_FDR	-1.72893552085302	1.10360460185123e-39	0.63345796631087	0.264939792057061	TRUE	TRUE
ENSG00000179082	C9orf106	B_pooled_effect_or_FDR	-0.111229023667438	0.780234289993312			FALSE	TRUE
ENSG00000179219	LINC00311	B_pooled_effect_or_FDR	-3.28714286150703	6.60674640047768e-27			FALSE	FALSE
ENSG00000179406	LINC00174	B_pooled_effect_or_FDR	0.533560429894784	0.207998300065197	1.26132697052524	0.295236650216813	TRUE	TRUE
ENSG00000179523	EIF3J-DT	A_tested_not_enriched_vs_normal_epithelium	1.06411337987783	5.92013418908976e-25	0.406820503035801	0.310023610041415	TRUE	TRUE
ENSG00000179743	FLJ37453	B_pooled_effect_or_FDR	-0.111055039583105	0.354268167232962	0.258047010936912	0.501933676039512	TRUE	TRUE
ENSG00000180066	LINC02870	B_pooled_effect_or_FDR	-4.09057806245998	3.23299722114689e-47			FALSE	FALSE
ENSG00000180139	ACTA2-AS1	B_pooled_effect_or_FDR	-1.55646931070201	5.61187452531552e-05			FALSE	TRUE
ENSG00000180525	PRR26	A_replication_direction	5.01737446753211	6.97547299331716e-08	1.12084855574061	0.0229615471183465	TRUE	TRUE
ENSG00000180539	C9orf139	B_pooled_effect_or_FDR	-3.50943169033711	3.90948673929526e-51			FALSE	TRUE
ENSG00000180712	LINC02363	B_pooled_effect_or_FDR	-3.47533516625379	6.69695629403564e-05			FALSE	FALSE
ENSG00000180861	LINC01559	B_replication_direction	6.10688299811266	8.37423500455986e-12			FALSE	TRUE
ENSG00000181798	LINC00471	discovery_donor_expression	1.41587862370589	0.0185873646325366			FALSE	TRUE
ENSG00000181908	LINC02724	B_pooled_effect_or_FDR	-3.02573381980449	7.57748041887752e-31			FALSE	TRUE
ENSG00000182165	TP53TG1	B_pooled_effect_or_FDR	0.968007722124652	1.15804796220332e-06	0.422999649793126	0.428392693045502	TRUE	TRUE
ENSG00000182257	PRR34	B_pooled_effect_or_FDR	-0.788537144607445	0.0135144255716399			FALSE	TRUE
ENSG00000182648	LINC01006	A_tested_not_enriched_vs_normal_epithelium	2.14792344140118	1.0428951515062e-56	0.549621234830731	0.0452835436864216	TRUE	TRUE
ENSG00000183308	AC005037.1	B_pooled_effect_or_FDR	0.459175604451261	0.614472407458846	-0.200135255612842	0.799885550329201	FALSE	FALSE
ENSG00000183535	COL18A1-AS1	B_replication_direction	4.16389575459853	5.5493265109612e-36			TRUE	FALSE
ENSG00000183784	DOCK8-AS1	A_tested_not_enriched_vs_normal_epithelium	2.17465691221998	4.44337747900672e-32	-2.69458726879625	0.00172540593800884	TRUE	TRUE
ENSG00000184068	SREBF2-AS1	B_pooled_effect_or_FDR	-2.12479823773441	0.00137524146994476			TRUE	FALSE
ENSG00000184441	AP001062.1	B_pooled_effect_or_FDR	0.754087785017609	2.12255597379212e-05			TRUE	TRUE
ENSG00000185168	LINC00482	B_replication_direction	2.17910406429	3.76823122399271e-05			TRUE	TRUE
ENSG00000185433	LINC00158	B_pooled_effect_or_FDR	-3.37073917413074	8.84292008806605e-10			FALSE	FALSE
ENSG00000185837	HDHD5-AS1	discovery_donor_expression	2.33901757315938	1.92847969567829e-11			FALSE	TRUE
ENSG00000185904	LINC00839	A_tested_not_enriched_vs_normal_epithelium	4.92790418533068	2.05082461056206e-10	4.38117274948042	0.0592281695553886	TRUE	TRUE
ENSG00000186019	AC021092.1	B_pooled_effect_or_FDR	0.0963995653044747	0.890945788871188			FALSE	FALSE
ENSG00000186056	MATN1-AS1	B_pooled_effect_or_FDR	0.0899279207713201	0.883368402105696			TRUE	TRUE
ENSG00000186594	MIR22HG	B_pooled_effect_or_FDR	-0.456388147377114	0.0929209079993169	-0.909961470355242	0.00130199069021774	TRUE	TRUE
ENSG00000186615	KTN1-AS1	B_pooled_effect_or_FDR	0.825140828993234	0.00131195988471246			FALSE	TRUE
ENSG00000187013	LINC02875	B_pooled_effect_or_FDR	-0.188810789237288	0.398475901374756			FALSE	TRUE
ENSG00000187185	AC092118.1	B_replication_direction	2.06676821583774	0.0419632441281943			FALSE	TRUE
ENSG00000187600	LINC02583	B_pooled_effect_or_FDR	-4.07959822224381	0.000824725877383508			FALSE	FALSE
ENSG00000188004	SNHG28	B_pooled_effect_or_FDR	0.683409002236609	0.136892119309447			FALSE	FALSE
ENSG00000188185	LINC00265	B_pooled_effect_or_FDR	-2.45760192646232	0.00159703224467349			FALSE	TRUE
ENSG00000188242	PP7080	B_replication_direction	1.97529967511586	0.00176844349949371	-0.0152515933786903	0.985291674375368	TRUE	FALSE
ENSG00000188511	C22orf34	B_pooled_effect_or_FDR	-4.45474703180506	2.24072193730463e-06			FALSE	TRUE
ENSG00000188825	LINC00910	B_pooled_effect_or_FDR	-0.29756399524267	0.0230231450355258			FALSE	TRUE
ENSG00000189316	AC073349.1	B_pooled_effect_or_FDR	-0.703192446473486	0.0266433159504836			FALSE	FALSE
ENSG00000189419	SPATA41	B_pooled_effect_or_FDR	-1.41963972377	0.0065520612857995			FALSE	FALSE
ENSG00000196167	COLCA1	A_tested_not_enriched_vs_normal_epithelium	5.48161789866717	1.0884387890767e-23	-0.526345801520711	0.545019592647341	TRUE	TRUE
ENSG00000196741	LINC01560	B_pooled_effect_or_FDR	-0.0931001181235379	0.717036022952491			TRUE	TRUE
ENSG00000196810	CTBP1-DT	B_pooled_effect_or_FDR	-0.278018221674947	0.479466572524298	-0.200767638958664	0.759592734239889	TRUE	TRUE
ENSG00000196951	SCOC-AS1	B_pooled_effect_or_FDR	-0.424643073491409	0.215740135756458			FALSE	FALSE
ENSG00000197180	CH17-340M24.3	B_pooled_effect_or_FDR	-0.169226660050306	0.72497833273173	-1.41262385449625	2.74056029617386e-07	TRUE	TRUE
ENSG00000197182	MIRLET7BHG	B_pooled_effect_or_FDR	0.360862568947779	0.433910218711322	1.09868247869221	0.0892129305903544	TRUE	TRUE
ENSG00000197291	RAMP2-AS1	B_pooled_effect_or_FDR	-2.39197707281187	4.18189060736155e-11			FALSE	TRUE
ENSG00000197308	GATA3-AS1	B_pooled_effect_or_FDR			-7.36862976422023	2.55693428415363e-14	FALSE	FALSE
ENSG00000197332	AC008543.1	B_pooled_effect_or_FDR	-1.97433085805308	0.00112230701582113			FALSE	FALSE
ENSG00000197536	IRF1-AS1	B_pooled_effect_or_FDR	-0.741324678929959	0.214148338495975	2.23766661440658	0.00288559853105411	TRUE	TRUE
ENSG00000197568	HHLA3	B_pooled_effect_or_FDR	0.846155888031304	0.0737416155096316	-0.847593872542775	0.0167028875678815	TRUE	TRUE
ENSG00000197585	AC068051.1	B_replication_direction	2.41293803141821	0.0137378649753222			FALSE	TRUE
ENSG00000197813	AC011450.1	B_pooled_effect_or_FDR	-1.1331452075519	0.000233875702551224			FALSE	TRUE
ENSG00000197880	MDS2	B_pooled_effect_or_FDR	-5.28662662230423	0.00482704137303374			FALSE	FALSE
ENSG00000197989	SNHG12	B_pooled_effect_or_FDR	0.158907340065508	0.409768088182253	2.52500540924867	0.0436274689863306	TRUE	TRUE
ENSG00000198221	AFDN-DT	A_tested_not_enriched_vs_normal_epithelium	3.84593408142352	8.1720448588273e-05	-0.381239850674184	0.726568761533084	TRUE	TRUE
ENSG00000198468	FLVCR1-DT	B_pooled_effect_or_FDR	-0.624249678129321	0.284488252689615	-0.0760659226333482	0.90280211735064	TRUE	TRUE
ENSG00000203279	AL590705.1	bulk_expression_TCGA_CPTAC	1.27664800727888	0.000160487375419526	-0.229905873108044	0.688134495454894	TRUE	FALSE
ENSG00000203288	TDRKH-AS1	B_pooled_effect_or_FDR	-0.729976925835966	0.235118938992011			FALSE	FALSE
ENSG00000203325	AL445248.1	B_pooled_effect_or_FDR	-0.0331893900233339	0.92014549457394			TRUE	FALSE
ENSG00000203441	LINC00449	B_pooled_effect_or_FDR	-0.390107636645766	0.0384450036425266			FALSE	FALSE
ENSG00000203446	SUGCT-AS1	B_pooled_effect_or_FDR	-1.64184103064489	2.54761225926842e-05			FALSE	FALSE
ENSG00000203497	PDCD4-AS1	B_pooled_effect_or_FDR	-1.29508637542808	0.00982515679130228			TRUE	TRUE
ENSG00000203645	LINC00501	B_replication_direction	4.16835352549673	6.8818353826135e-56			FALSE	TRUE
ENSG00000203650	LINC01285	B_pooled_effect_or_FDR	0.926356785370622	0.000335991365905106			FALSE	FALSE
ENSG00000203706	SERTAD4-AS1	A_tested_not_enriched_vs_normal_epithelium	4.48784527102986	0.00116465191899946	1.23067767193816	0.317081922217629	TRUE	TRUE
ENSG00000203709	MIR29B2CHG	B_pooled_effect_or_FDR	-0.837719010911888	0.00050082704515443	0.751365812137784	0.474127826631246	TRUE	TRUE
ENSG00000203711	C6orf99	B_pooled_effect_or_FDR	0.320455994486101	0.59988526859893			FALSE	TRUE
ENSG00000203721	LINC00862	B_replication_direction	1.74932163939924	4.92556603096346e-07			FALSE	FALSE
ENSG00000203739	PRDX6-AS1	B_pooled_effect_or_FDR	-1.06320890768059	0.0613345207192204			TRUE	TRUE
ENSG00000203930	LINC00632	discovery_donor_expression	2.36861807585521	1.04639868942268e-13			FALSE	FALSE
ENSG00000203993	ARRDC1-AS1	B_pooled_effect_or_FDR	-0.628008529301142	9.69046260145374e-07	-0.130835915142667	0.714206252184174	TRUE	TRUE
ENSG00000204241	LINC02731	B_pooled_effect_or_FDR	-1.39823875832257	0.0462506948365278			FALSE	FALSE
ENSG00000204261	PSMB8-AS1	B_pooled_effect_or_FDR	-1.75297453698751	3.90427327381027e-08	2.57386435723148	0.000885809021018064	TRUE	TRUE
ENSG00000204277	LINC01993	B_pooled_effect_or_FDR	-0.449798951078502	0.0569468699637513			FALSE	FALSE
ENSG00000204380	PKP4-AS1	B_pooled_effect_or_FDR	-0.777836376822387	0.103845461727521			FALSE	FALSE
ENSG00000204387	SNHG32	B_pooled_effect_or_FDR	0.204932052806835	0.246490632331147	0.0694737730973455	0.81948077698641	TRUE	TRUE
ENSG00000204588	LINC01123	B_replication_direction	1.96158203120196	6.6779428918771e-15			FALSE	TRUE
ENSG00000204682	MIR1915HG	B_pooled_effect_or_FDR	-0.933314135435467	0.263115716701471			FALSE	TRUE
ENSG00000204706	MAMDC2-AS1	B_replication_direction	2.67700848775463	1.44825315253859e-23			TRUE	FALSE
ENSG00000204709	LINC01556	B_replication_direction	2.38491477074001	1.05332640887247e-28			TRUE	TRUE
ENSG00000204758	AC008429.1	B_pooled_effect_or_FDR	0.794208383483855	5.46464516033677e-05			TRUE	FALSE
ENSG00000204802	AL590399.1	bulk_expression_TCGA_CPTAC	1.2502928352589	2.83695361075862e-12	0.996537053709067	0.182773772185544	TRUE	FALSE
ENSG00000204814	AL935212.1	B_replication_direction	1.69854250288558	2.91227069347088e-06			FALSE	FALSE
ENSG00000204850	AC011484.1	B_pooled_effect_or_FDR	-4.8212143387178	1.14471429285627e-44			FALSE	FALSE
ENSG00000204934	ATP6V0E2-AS1	B_pooled_effect_or_FDR	-1.56785719260368	0.103018533613872			FALSE	TRUE
ENSG00000204971	AP000812.1	B_pooled_effect_or_FDR	-4.18943618768349	1.39514178124247e-09			FALSE	TRUE
ENSG00000205056	LINC02397	B_pooled_effect_or_FDR	-4.70953019227439	5.55964943980873e-06			FALSE	FALSE
ENSG00000205106	LINC02716	B_replication_direction	1.06457394855105	1.36402356061031e-08			FALSE	TRUE
ENSG00000205181	LINC00654	B_pooled_effect_or_FDR	-0.963766999505304	0.142510250752551			FALSE	TRUE
ENSG00000205424	PCBP3-AS1	B_replication_direction	4.50388467334972	1.30948779791082e-15			FALSE	FALSE
ENSG00000205549	C9orf92	B_replication_direction	6.28875103740022	0.002427757628266			FALSE	FALSE
ENSG00000205559	CHKB-DT	B_pooled_effect_or_FDR	0.225212187943275	0.373917178533593	-0.197360773851111	0.759592734239889	TRUE	TRUE
ENSG00000205611	LINC01597	B_pooled_effect_or_FDR	-0.288914694038964	0.542341840848348			FALSE	TRUE
ENSG00000205622	AP001042.1	B_pooled_effect_or_FDR	0.924775642993039	0.000675016689518162			FALSE	FALSE
ENSG00000205682	AC020741.1	B_pooled_effect_or_FDR	-0.138493651059389	0.840900540659808			FALSE	FALSE
ENSG00000205791	LOH12CR2	B_pooled_effect_or_FDR	-0.574866395624951	0.343776795115607	-1.35853277806634	0.0147596908068759	TRUE	TRUE
ENSG00000205837	LINC00487	B_pooled_effect_or_FDR	-2.60084781358558	3.66290544430695e-11			FALSE	FALSE
ENSG00000205885	C1RL-AS1	B_pooled_effect_or_FDR	0.327949588794727	0.632714499459674	2.67154999676705	0.0253116819630674	TRUE	TRUE
ENSG00000205913	SRRM2-AS1	bulk_expression_TCGA_CPTAC	1.54414656833035	0.000592328887186979			TRUE	FALSE
ENSG00000205930	C21orf62-AS1	B_pooled_effect_or_FDR	0.738146531379128	1.20747688033476e-09			TRUE	TRUE
ENSG00000206129	AC006305.1	B_replication_direction	2.68687352218902	0.00242767878784083			FALSE	FALSE
ENSG00000206344	HCG27	B_pooled_effect_or_FDR	0.58378146855219	0.204665753313795			TRUE	TRUE
ENSG00000206417	H1-10-AS1	B_pooled_effect_or_FDR	-1.25953283412287	0.00184717443385913			TRUE	TRUE
ENSG00000206573	THUMPD3-AS1	B_pooled_effect_or_FDR	-1.21623788439603	1.92162796592203e-08	-0.748753231816405	0.00234345871596291	TRUE	TRUE
ENSG00000212694	LINC01089	B_pooled_effect_or_FDR	-0.732696327798012	0.030553351869058	-0.0368717047568916	0.963952739592309	TRUE	TRUE
ENSG00000212719	LINC02693	B_pooled_effect_or_FDR	-1.53429408494845	0.00775233618552522			FALSE	TRUE
ENSG00000212743	LINC02656	B_replication_direction	1.02139582974854	9.29896005104145e-07			FALSE	TRUE
ENSG00000213062	Z99572.1	B_pooled_effect_or_FDR	-0.505401108907027	0.50146565079054			FALSE	FALSE
ENSG00000213373	LINC00671	A_tested_not_enriched_vs_normal_epithelium	5.49840198071746	8.09695521390272e-10	-1.5603745628358	1.83775885195066e-06	TRUE	TRUE
ENSG00000213742	ZNF337-AS1	B_pooled_effect_or_FDR	0.238574261797529	0.619790113419273			TRUE	TRUE
ENSG00000213888	LINC01521	B_pooled_effect_or_FDR	-0.0624991181272953	0.754502915117442			FALSE	TRUE
ENSG00000213904	LIPE-AS1	B_pooled_effect_or_FDR	-0.43461937797197	0.0174503900395037	0.153806161087393	0.925738022919021	TRUE	FALSE
ENSG00000213994	AL157395.1	B_replication_direction	3.45610111754807	7.82903073712592e-34			FALSE	TRUE
ENSG00000214106	PAXIP1-AS2	B_pooled_effect_or_FDR	0.0696879940992832	0.578277976136299	0.416808485522604	0.465258207403937	TRUE	TRUE
ENSG00000214184	GCC2-AS1	B_pooled_effect_or_FDR	0.334333689829224	0.117896706304222			FALSE	TRUE
ENSG00000214401	KANSL1-AS1	B_pooled_effect_or_FDR	0.146931948684803	0.232621180300725	-0.666125284165235	0.176853297296332	TRUE	TRUE
ENSG00000214432	VPS33B-DT	B_pooled_effect_or_FDR	0.853162375264289	3.08822021795928e-05			FALSE	FALSE
ENSG00000214548	MEG3	B_pooled_effect_or_FDR	-4.02043924664581	2.4414464653123e-06			FALSE	TRUE
ENSG00000214559	AC019077.1	B_pooled_effect_or_FDR	-1.61482355291128	0.0525860204198114			FALSE	FALSE
ENSG00000214650	AC073592.1	B_pooled_effect_or_FDR	-1.5331220800714	0.00613875332211243			FALSE	FALSE
ENSG00000214708	AC116407.1	B_pooled_effect_or_FDR	0.576895485806641	0.456818027592458			FALSE	TRUE
ENSG00000214894	LINC00243	B_pooled_effect_or_FDR	-4.72130962661514	4.74862638170093e-90			FALSE	FALSE
ENSG00000214900	LINC01588	B_pooled_effect_or_FDR	-0.952960963479149	1.62736827181384e-07			TRUE	FALSE
ENSG00000214955	AP000317.1	B_replication_direction	1.45409802488196	5.03562048008932e-05			FALSE	FALSE
ENSG00000214999	AC129492.1	B_pooled_effect_or_FDR	-0.0587070312379108	0.986225630927109			FALSE	TRUE
ENSG00000215014	AL645728.1	B_pooled_effect_or_FDR	-2.06100504008693	0.138416908482608			TRUE	TRUE
ENSG00000215022	AL008729.1	B_pooled_effect_or_FDR	-1.66109122898321	1.19659250088882e-18			FALSE	TRUE
ENSG00000215067	ALOX12-AS1	B_pooled_effect_or_FDR	-0.212302989063408	0.215381114468408	-0.495580241034819	0.40483504124197	TRUE	TRUE
ENSG00000215068	AC025171.2	B_pooled_effect_or_FDR	-0.278896075048609	0.734799425987277			TRUE	TRUE
ENSG00000215241	LINC02449	B_pooled_effect_or_FDR	0.631730058072777	0.0105739510520141			FALSE	TRUE
ENSG00000215244	LINC02649	B_replication_direction	1.17222118735976	1.8889167388469e-08			FALSE	TRUE
ENSG00000215256	DHRS4-AS1	B_pooled_effect_or_FDR	0.591810791872458	5.82606371119731e-06	-2.1562526312472	1.21728883935258e-13	TRUE	TRUE
ENSG00000215374	FAM66B	B_pooled_effect_or_FDR	0.663291080346378	0.0165185122573853			FALSE	FALSE
ENSG00000215386	MIR99AHG	B_pooled_effect_or_FDR	1.29426438237932	0.0831888639054036	-1.30188397204545	0.0191181980253992	TRUE	FALSE
ENSG00000215424	MCM3AP-AS1	B_pooled_effect_or_FDR	-0.018809121346963	0.957149917565366			FALSE	TRUE
ENSG00000215458	AATBC	B_pooled_effect_or_FDR	-3.00516068148927	1.91865055120384e-19			FALSE	FALSE
ENSG00000215808	LINC01139	A_tested_not_enriched_vs_normal_epithelium	6.45724808048619	7.73795845695177e-07	0.368178655861232	0.270384700165223	TRUE	TRUE
ENSG00000215866	LINC01356	B_pooled_effect_or_FDR	-3.89315744865699	1.28964415811969e-13			FALSE	FALSE
ENSG00000216895	AC009403.1	A_tested_not_enriched_vs_normal_epithelium	1.13212649596905	1.67605266276589e-21	-0.613860733573065	0.484669251470118	TRUE	TRUE
ENSG00000218018	RBM38-AS1	B_pooled_effect_or_FDR	-2.99804416669157	0.139522394916535			FALSE	TRUE
ENSG00000218357	LINC01644	B_pooled_effect_or_FDR	-5.80122158083425	0.000284508400472404			FALSE	FALSE
ENSG00000218510	LINC00339	B_pooled_effect_or_FDR	-0.408376737465252	0.027169649459202	-0.0249630979286215	0.968151896543747	TRUE	TRUE
ENSG00000218537	MIF-AS1	A_tested_not_enriched_vs_normal_epithelium	2.24239504736226	5.96180736504994e-09	0.934022023229157	0.00491426209483495	TRUE	TRUE
ENSG00000220161	LINC02076	bulk_expression_TCGA_CPTAC	1.24492579680823	2.82112712202435e-08			TRUE	FALSE
ENSG00000221883	ARIH2OS	B_pooled_effect_or_FDR	-1.67013264173775	6.55360105903421e-18			TRUE	TRUE
ENSG00000221949	LINC01465	B_pooled_effect_or_FDR	-0.362258724629091	0.345880678032212			TRUE	TRUE
ENSG00000221953	C1orf229	B_replication_direction	2.4900540106315	4.29399927049536e-14			FALSE	TRUE
ENSG00000221990	EXOC3-AS1	A_tested_not_enriched_vs_normal_epithelium	1.16349521705	4.4239362663923e-31	-0.2612472411364	0.479173221334146	TRUE	TRUE
ENSG00000222020	HDAC4-AS1	B_pooled_effect_or_FDR	0.0432163075690621	0.827372622487706	0.0703240560349134	0.926011471304955	TRUE	TRUE
ENSG00000222041	CYTOR	B_pooled_effect_or_FDR	-0.901600186922911	0.0272008774435778	2.7176985157288	0.0470216984992319	TRUE	TRUE
ENSG00000222042	AP001341.1	B_pooled_effect_or_FDR	-4.53302889386899	1.24047099173866e-28			FALSE	FALSE
ENSG00000222043	AC079305.1	B_pooled_effect_or_FDR	-1.18236123920607	0.0368445571242552			TRUE	TRUE
ENSG00000223387	LINC02068	discovery_donor_expression	3.31110041060798	4.31325913487025e-10			FALSE	TRUE
ENSG00000223478	AL441992.1	B_pooled_effect_or_FDR	-0.994008942798358	0.00142719179870704	-1.03739404094601	0.17643223780165	TRUE	TRUE
ENSG00000223482	NUTM2A-AS1	B_pooled_effect_or_FDR	-0.533484717132872	8.46927822040575e-11	0.00316239455957852	0.993620940063154	TRUE	TRUE
ENSG00000223485	LINC01615	B_pooled_effect_or_FDR	-2.81596964599265	7.8629931067377e-05			FALSE	TRUE
ENSG00000223522	AC093690.1	B_pooled_effect_or_FDR	-0.297748981080183	0.550210363635814			FALSE	FALSE
ENSG00000223546	LINC00630	B_pooled_effect_or_FDR	0.171711975083739	0.52285424314699			TRUE	FALSE
ENSG00000223552	CCR5AS	B_pooled_effect_or_FDR	-5.26087005297197	2.31102081091513e-12			FALSE	TRUE
ENSG00000223653	AL078459.1	B_pooled_effect_or_FDR	0.0567116637770099	0.916959127453322			TRUE	FALSE
ENSG00000223685	LINC00571	B_replication_direction	2.42685016991714	3.66972239304516e-11			TRUE	TRUE
ENSG00000223749	MIR503HG	B_pooled_effect_or_FDR	0.203716253244025	0.476914260716216	-0.0296595625223849	0.976900108528059	TRUE	TRUE
ENSG00000223764	LINC02593	B_pooled_effect_or_FDR	0.566125550854012	0.0593433743773819			FALSE	TRUE
ENSG00000223768	LINC00205	B_pooled_effect_or_FDR	-0.388991043655178	0.255476602876245			TRUE	TRUE
ENSG00000223776	LGALS8-AS1	B_pooled_effect_or_FDR	0.855334307560828	9.99567857415143e-07			TRUE	FALSE
ENSG00000223784	LINP1	A_tested_not_enriched_vs_normal_epithelium	6.07279429028087	2.53844875706644e-12	3.76373524915973	0.116781164525732	TRUE	TRUE
ENSG00000223797	ENTPD3-AS1	B_pooled_effect_or_FDR	-0.325872911014213	0.102290980044507	-1.78318418108203	1.01940139404934e-09	TRUE	TRUE
ENSG00000223799	IL10RB-DT	B_pooled_effect_or_FDR	-2.62356708149512	2.04799643729967e-13			TRUE	TRUE
ENSG00000223891	OSER1-DT	B_pooled_effect_or_FDR	0.949931782274517	4.60668061761539e-05	0.352420837929598	0.310473476917143	TRUE	TRUE
ENSG00000223914	LINC02471	A_replication_direction	6.40420296396462	1.38683825495987e-13	3.16621576312507	4.88719193194737e-16	TRUE	TRUE
ENSG00000223923	TNS1-AS1	B_replication_direction	4.01655191845419	0.0105778896806417			FALSE	TRUE
ENSG00000223935	LGALSL-DT	B_replication_direction	1.77643679742556	1.99196749125872e-13			FALSE	FALSE
ENSG00000223960	CHROMR	B_pooled_effect_or_FDR	-1.27387845435801	1.49921097892155e-12	0.832498829681378	0.299325768117133	TRUE	TRUE
ENSG00000223969	AC002456.1	B_pooled_effect_or_FDR	-1.06114021362862	0.469661994832087			FALSE	FALSE
ENSG00000223985	LINC01874	B_replication_direction	4.85923427242782	2.41840736119266e-09	-5.11792621086911	1.21113141107488e-23	TRUE	TRUE
ENSG00000224020	MIR181A2HG	B_pooled_effect_or_FDR	-1.66305717225224	0.000693251333547715			FALSE	TRUE
ENSG00000224023	EDRF1-DT	bulk_expression_TCGA_CPTAC	1.8428922285995	4.51858889030842e-57	-0.067030779923424	0.890175282851908	TRUE	FALSE
ENSG00000224043	CCNT2-AS1	B_pooled_effect_or_FDR	-0.317267830273896	0.468672317051719			FALSE	TRUE
ENSG00000224046	AC005076.1	B_pooled_effect_or_FDR	0.755478342195491	0.0191159041606479			TRUE	TRUE
ENSG00000224063	AC007319.1	B_pooled_effect_or_FDR	2.88826365296555	0.103845461727521			FALSE	TRUE
ENSG00000224086	PPM1F-AS1	B_pooled_effect_or_FDR	-0.393710974671545	0.31645583778604			TRUE	FALSE
ENSG00000224116	INHBA-AS1	B_replication_direction	1.28071032786829	0.000838900893277012			TRUE	FALSE
ENSG00000224122	POU6F2-AS1	B_replication_direction	4.38131882077304	6.48842739085439e-30			FALSE	TRUE
ENSG00000224137	LINC01857	B_pooled_effect_or_FDR	-4.47939512497696	2.88692153350106e-159			FALSE	TRUE
ENSG00000224152	AC009506.1	B_pooled_effect_or_FDR	-0.991746543945108	0.141682083796564			FALSE	TRUE
ENSG00000224165	DNAJC27-AS1	A_tested_not_enriched_vs_normal_epithelium	1.28784715494455	6.36067045881813e-06	-0.564893410524784	0.302045936360875	TRUE	TRUE
ENSG00000224167	LINC01357	B_pooled_effect_or_FDR	-5.18161270867125	9.80659500026631e-05			FALSE	FALSE
ENSG00000224184	MIR3681HG	B_pooled_effect_or_FDR	0.862692659948069	0.109119336352145			FALSE	FALSE
ENSG00000224220	DTNB-AS1	B_pooled_effect_or_FDR	-4.84717029128107	9.10451982467287e-13			FALSE	FALSE
ENSG00000224307	AL161785.1	B_pooled_effect_or_FDR	-4.38699935124576	1.67918369300366e-94			FALSE	TRUE
ENSG00000224358	TMCO1-AS1	B_pooled_effect_or_FDR	-0.165873091439483	0.449736885357466			FALSE	FALSE
ENSG00000224363	FP700111.1	B_pooled_effect_or_FDR	-4.38707082206605	4.67127762267114e-21			FALSE	FALSE
ENSG00000224397	PELATON	B_pooled_effect_or_FDR	-5.13590139414779	8.01412872124705e-164			FALSE	TRUE
ENSG00000224429	LINC00539	B_pooled_effect_or_FDR	-4.11159192392599	3.95988636378184e-08			FALSE	TRUE
ENSG00000224459	SLC25A34-AS1	B_pooled_effect_or_FDR	-4.68080092126151	2.20324744632558e-32			FALSE	FALSE
ENSG00000224478	AL356417.1	B_pooled_effect_or_FDR	-4.5575426377466	3.85134579462308e-05			FALSE	FALSE
ENSG00000224505	AC138150.1	B_pooled_effect_or_FDR	-0.499928879817213	6.69695629403564e-05			TRUE	TRUE
ENSG00000224521	AC098483.1	B_replication_direction	4.47147913408869	5.71084719349202e-13	-2.69039236316843	0.00121679234984796	TRUE	FALSE
ENSG00000224533	TMLHE-AS1	B_pooled_effect_or_FDR	-0.865004083471606	0.00347304133556158			FALSE	FALSE
ENSG00000224536	AC096677.1	B_pooled_effect_or_FDR	-0.894473069063843	1.20549586210763e-05			FALSE	TRUE
ENSG00000224577	LINC01117	A_tested_not_enriched_vs_normal_epithelium	3.52994431175123	0.000409542004097767	1.65984535908439	0.0834677633965641	TRUE	TRUE
ENSG00000224596	ZMIZ1-AS1	B_pooled_effect_or_FDR	0.552567704817236	0.038182626943714			FALSE	TRUE
ENSG00000224614	TNK2-AS1	B_pooled_effect_or_FDR	-2.71597723166775	2.03555288723918e-22			FALSE	FALSE
ENSG00000224616	RTCA-AS1	B_pooled_effect_or_FDR	0.607418261325356	0.000144821393034161	-1.93354543591675	1.0319928634819e-06	FALSE	TRUE
ENSG00000224660	SH3BP5-AS1	B_pooled_effect_or_FDR	-1.54819200248833	0.000321486426993203			TRUE	TRUE
ENSG00000224687	RASAL2-AS1	B_pooled_effect_or_FDR	-0.635251794556721	0.00255301395714874			TRUE	TRUE
ENSG00000224729	PCOLCE-AS1	B_replication_direction	2.33881602826224	4.70647395688258e-14			FALSE	FALSE
ENSG00000224738	AC099850.1	B_pooled_effect_or_FDR	-0.0434584844036093	0.793534934524333			FALSE	TRUE
ENSG00000224746	AC015987.1	B_pooled_effect_or_FDR	0.717489464007097	0.0328482459346016			FALSE	FALSE
ENSG00000224790	AP000704.1	B_pooled_effect_or_FDR	0.582624012372945	0.265663101093123			FALSE	FALSE
ENSG00000224794	AL022326.1	B_pooled_effect_or_FDR	-1.67759852440933	2.18900362231314e-10			FALSE	FALSE
ENSG00000224805	LINC00853	A_tested_not_enriched_vs_normal_epithelium	3.74880235147037	1.15878644507127e-05	-1.09045597051193	0.176853297296332	TRUE	TRUE
ENSG00000224821	COL4A2-AS2	B_pooled_effect_or_FDR	-3.94384084869616	1.08160368003955e-42			FALSE	FALSE
ENSG00000224846	NQO2-AS1	B_replication_direction	1.96897971110398	0.0488032006834667			FALSE	FALSE
ENSG00000224848	AL589843.1	B_pooled_effect_or_FDR	-0.0548261608970639	0.940653797655738			FALSE	TRUE
ENSG00000224897	POT1-AS1	A_replication_direction	3.66900782557671	0.0119314952229763	2.72467971994241	1.11495818847239e-09	TRUE	TRUE
ENSG00000224905	AP001347.1	B_pooled_effect_or_FDR	-0.127873234131871	0.775122441104564			FALSE	FALSE
ENSG00000224914	LINC00863	B_pooled_effect_or_FDR	-0.695008058041506	0.00514567575391306	-0.375347215553774	0.431597247780052	TRUE	TRUE
ENSG00000224934	AL391684.1	B_pooled_effect_or_FDR	0.0514365254877375	0.869494777863821			FALSE	TRUE
ENSG00000224958	PGM5-AS1	B_pooled_effect_or_FDR	-2.68674724026519	2.02626473695686e-12			FALSE	FALSE
ENSG00000224961	LINC01752	B_pooled_effect_or_FDR	-1.49503050999363	3.96491921023891e-08			FALSE	FALSE
ENSG00000225032	AL162586.1	B_pooled_effect_or_FDR	-1.44762974896585	0.0248484117849189			FALSE	TRUE
ENSG00000225140	AL358216.1	discovery_donor_expression	5.30194045795707	2.53446008531602e-10			FALSE	TRUE
ENSG00000225174	OSTM1-AS1	B_replication_direction	5.02623607883709	1.47806835922509e-79			TRUE	TRUE
ENSG00000225177	AL590617.2	B_pooled_effect_or_FDR	-3.08177122775115	1.32963730152916e-06			FALSE	TRUE
ENSG00000225194	LINC00092	B_pooled_effect_or_FDR	-3.90016498853225	5.78017756324894e-28			FALSE	FALSE
ENSG00000225205	AC078883.1	B_pooled_effect_or_FDR	0.985155267295177	0.00122948705781913	4.08975132791082	7.62303119017561e-07	TRUE	TRUE
ENSG00000225234	TRAPPC12-AS1	B_pooled_effect_or_FDR	0.0126280598417324	0.977563518730885			FALSE	TRUE
ENSG00000225298	LINC00113	B_replication_direction	4.97036745974238	1.83012102982637e-62	-1.43934950410827	0.62512293465792	FALSE	TRUE
ENSG00000225331	LINC01678	B_pooled_effect_or_FDR	-6.08642353272731	4.95592561235818e-07			FALSE	TRUE
ENSG00000225335	AC016027.1	discovery_donor_expression	1.20187314062034	8.28200799488239e-12			FALSE	TRUE
ENSG00000225342	LRRK2-DT	A_tested_not_enriched_vs_normal_epithelium	2.53351632372606	8.87977034392518e-19	0.656502264390261	0.0843733409413548	TRUE	TRUE
ENSG00000225376	TMEM246-AS1	B_replication_direction	5.93005922816708	2.2532393701134e-05	-3.30011581470866	1.79963990276997e-06	FALSE	TRUE
ENSG00000225377	NRSN2-AS1	A_tested_not_enriched_vs_normal_epithelium	1.63200833775178	3.94972106333888e-53	0.00898218839513273	0.993620940063154	TRUE	TRUE
ENSG00000225383	SFTA1P	B_pooled_effect_or_FDR	-4.35949129263092	2.36671338459236e-11			FALSE	TRUE
ENSG00000225431	LINC01671	A_replication_direction	5.83709158788496	9.452167377967e-09	1.68665877883185	0.000528144855935759	TRUE	TRUE
ENSG00000225434	LINC01504	B_pooled_effect_or_FDR	0.646544574594952	0.0133932483022529	1.31585363427412	0.0951882669319916	TRUE	TRUE
ENSG00000225439	BOLA3-AS1	B_pooled_effect_or_FDR	0.246562058941614	0.436821644295124			TRUE	TRUE
ENSG00000225442	MPRIP-AS1	B_pooled_effect_or_FDR	-0.698786499860582	0.591356547731904			TRUE	FALSE
ENSG00000225450	AL021707.1	B_pooled_effect_or_FDR	-1.39550141432077	3.25602766997195e-11			TRUE	FALSE
ENSG00000225465	RFPL1S	B_pooled_effect_or_FDR	-2.8522522325319	4.70111734295269e-07			FALSE	FALSE
ENSG00000225470	JPX	B_pooled_effect_or_FDR	-0.0810004880285383	0.473791629751236	0.205714407975945	0.605428590530346	TRUE	FALSE
ENSG00000225484	NUTM2B-AS1	B_pooled_effect_or_FDR	-0.747554971969652	0.0206435790690872	0.526926725346847	0.0292205874434254	TRUE	TRUE
ENSG00000225489	AL354707.1	B_pooled_effect_or_FDR	0.219267047809596	0.607214645299358			TRUE	FALSE
ENSG00000225518	LINC01703	B_replication_direction	2.72074266432824	3.41118892866386e-26			FALSE	TRUE
ENSG00000225535	LINC01393	B_pooled_effect_or_FDR	1.1960834636845	0.271282441913404			FALSE	FALSE
ENSG00000225611	LINC02158	B_pooled_effect_or_FDR	-2.50389184033321	8.92254935284933e-20			FALSE	FALSE
ENSG00000225643	AL606491.1	B_pooled_effect_or_FDR	-2.65852534146846	4.65089458589158e-18			FALSE	TRUE
ENSG00000225670	CADM3-AS1	B_pooled_effect_or_FDR	-3.12066753407791	1.75883161423082e-19			FALSE	FALSE
ENSG00000225675	LINC01771	B_pooled_effect_or_FDR	-1.75405506196605	2.69794041347542e-06			FALSE	FALSE
ENSG00000225684	FAM225B	B_pooled_effect_or_FDR	-1.95325933150081	1.01275071926016e-05			FALSE	FALSE
ENSG00000225706	PTPRD-AS1	discovery_donor_expression	4.07311084695402	1.68184030879245e-06	0.457428071740959	0.648889321133206	FALSE	TRUE
ENSG00000225731	PDE9A-AS1	B_pooled_effect_or_FDR	-3.74926834600765	2.13273560726687e-32			FALSE	FALSE
ENSG00000225733	FGD5-AS1	B_pooled_effect_or_FDR	-1.42271308790359	9.08525418535356e-56	-1.97483721363296	7.80841474427128e-21	TRUE	TRUE
ENSG00000225742	LINC02036	B_replication_direction	3.85743543829853	2.10093649951711e-43			FALSE	FALSE
ENSG00000225746	MEG8	B_pooled_effect_or_FDR	-1.41349764303163	1.36718382064286e-05			FALSE	FALSE
ENSG00000225756	DBH-AS1	B_pooled_effect_or_FDR	-2.02274445415747	3.8701368324127e-08			FALSE	TRUE
ENSG00000225762	LINC01389	B_pooled_effect_or_FDR	-1.00528198395128	0.00282905050119274			FALSE	TRUE
ENSG00000225764	P3H2-AS1	A_tested_not_enriched_vs_normal_epithelium	4.88582324257688	1.14074966286324e-09	1.63909407904377	0.117099787697539	TRUE	TRUE
ENSG00000225783	MIAT	B_pooled_effect_or_FDR	-3.2067698442119	1.28151512860402e-12			FALSE	TRUE
ENSG00000225791	TRAM2-AS1	A_tested_not_enriched_vs_normal_epithelium	1.42141708366508	0.00027452855443746	-0.897655584289675	0.0147596908068759	TRUE	TRUE
ENSG00000225792	AC004540.2	A_tested_not_enriched_vs_normal_epithelium	4.49644507152737	4.95327093194543e-10	0.0843093708390059	0.971205864778679	TRUE	TRUE
ENSG00000225793	TMEM30A-DT	B_pooled_effect_or_FDR	-0.117432546827591	0.794006967166121			FALSE	FALSE
ENSG00000225826	LINC00626	B_replication_direction	4.70384796255335	1.85528130677988e-17			TRUE	TRUE
ENSG00000225855	RUSC1-AS1	B_pooled_effect_or_FDR	0.479593742773199	0.0922944408039939			TRUE	TRUE
ENSG00000225880	LINC00115	B_pooled_effect_or_FDR	-0.494886799755201	5.39242677306097e-07			TRUE	TRUE
ENSG00000225885	AC023590.1	B_pooled_effect_or_FDR	-0.440325543079745	0.0684790942961593			TRUE	FALSE
ENSG00000225889	AC012368.1	B_pooled_effect_or_FDR	-0.668054768562407	0.000570900787529885			TRUE	TRUE
ENSG00000225936	AL731557.1	B_pooled_effect_or_FDR	-3.41780194548981	8.66524186203189e-13			FALSE	FALSE
ENSG00000225938	AL109741.1	B_pooled_effect_or_FDR	-4.37214132324868	3.73361335697127e-16			FALSE	TRUE
ENSG00000225953	SATB2-AS1	B_replication_direction	3.5726026758854	0.000639673801913122			FALSE	TRUE
ENSG00000225963	AC009950.1	B_pooled_effect_or_FDR	-2.28168339884567	4.47168014291078e-25			FALSE	FALSE
ENSG00000225975	LINC01534	B_pooled_effect_or_FDR	0.836701718852919	0.0468147392067627	0.948599566677256	0.0400966392480098	TRUE	TRUE
ENSG00000225978	HAR1A	B_pooled_effect_or_FDR	-2.43487849014269	0.000866376794282387			FALSE	FALSE
ENSG00000226007	BX005266.2	bulk_expression_TCGA_CPTAC	1.99572650141159	1.04888144330024e-14			TRUE	FALSE
ENSG00000226029	LINC01772	B_pooled_effect_or_FDR	-1.28997215059153	1.6446793930139e-11			FALSE	TRUE
ENSG00000226031	FGF13-AS1	B_pooled_effect_or_FDR	-2.73887214336829	3.77856074230796e-12			FALSE	FALSE
ENSG00000226051	ZNF503-AS1	B_pooled_effect_or_FDR	-4.76019337522516	2.28195835243174e-28			FALSE	TRUE
ENSG00000226067	LINC00623	B_pooled_effect_or_FDR	0.166437604230068	0.318125369887908	1.08349771715338	0.000885809021018064	TRUE	TRUE
ENSG00000226091	LINC00937	B_pooled_effect_or_FDR	-0.652003985005485	0.178310764519303			TRUE	FALSE
ENSG00000226137	BAIAP2-DT	A_tested_not_enriched_vs_normal_epithelium	1.33617949737604	0.000456030250813626	0.851464920280399	0.0297047238309246	TRUE	TRUE
ENSG00000226172	AL139420.1	B_replication_direction	1.50687107255541	0.00107899426758597			FALSE	FALSE
ENSG00000226179	LINC00685	B_pooled_effect_or_FDR	-1.20568182818146	0.0157584120967693			TRUE	TRUE
ENSG00000226193	AL049548.1	discovery_donor_expression	5.1148759915947	4.66884580375411e-39			FALSE	TRUE
ENSG00000226200	SGMS1-AS1	B_pooled_effect_or_FDR	0.588736962818686	4.18766464819076e-06			TRUE	TRUE
ENSG00000226266	AC009961.1	B_pooled_effect_or_FDR	-0.450572503910401	0.00305855006756351			FALSE	FALSE
ENSG00000226272	ARHGAP26-AS1	B_replication_direction	2.57853982768267	5.94941921246698e-12			FALSE	FALSE
ENSG00000226291	AC091729.2	B_replication_direction	5.23707047281688	1.08888692044638e-30			FALSE	TRUE
ENSG00000226310	AL022157.1	B_pooled_effect_or_FDR	-0.714941830137452	4.00785070870994e-06			FALSE	TRUE
ENSG00000226312	CFLAR-AS1	B_pooled_effect_or_FDR	0.914183997539908	0.0113375694727208	4.24072800476605	7.27418672447987e-05	TRUE	TRUE
ENSG00000226328	NUP50-DT	B_pooled_effect_or_FDR	-1.4469343650439	8.99586833160774e-17			TRUE	TRUE
ENSG00000226332	AL354836.1	B_pooled_effect_or_FDR	0.510337101652648	0.0307758184335524			TRUE	TRUE
ENSG00000226337	TMEM252-DT	discovery_donor_expression	4.76157711335802	8.26357618259901e-48			FALSE	TRUE
ENSG00000226363	HAGLROS	B_pooled_effect_or_FDR	1.98038304916606	0.222532029390412	-1.11232138086297	0.117195749786671	TRUE	TRUE
ENSG00000226380	AC016831.1	B_pooled_effect_or_FDR	-0.880293295275207	0.138629823070762	1.85813485798581	0.505753737384063	TRUE	FALSE
ENSG00000226386	PARD3-AS1	B_replication_direction	3.34717320038602	2.16729072209761e-37			TRUE	TRUE
ENSG00000226419	SLC16A1-AS1	B_pooled_effect_or_FDR	0.650566560958449	1.09427623850006e-05	4.09319329884363	5.78407205107184e-06	TRUE	TRUE
ENSG00000226453	LINC02542	B_pooled_effect_or_FDR	-0.0961471572167256	0.925862580783923			FALSE	TRUE
ENSG00000226465	AL390198.1	A_tested_not_enriched_vs_normal_epithelium	2.33629894625806	3.95615019429398e-14	-0.663141483951616	0.366064638279451	TRUE	TRUE
ENSG00000226471	Z93930.2	B_pooled_effect_or_FDR	-0.534800294852395	0.145458386441525	1.02868526162089	0.00361337020871979	TRUE	TRUE
ENSG00000226571	AL592429.2	B_pooled_effect_or_FDR	-4.01366915850917	7.47748180451102e-16			FALSE	FALSE
ENSG00000226648	PLCG1-AS1	B_pooled_effect_or_FDR	-1.55814248544261	2.72013492102779e-09			FALSE	TRUE
ENSG00000226659	AC021028.1	B_pooled_effect_or_FDR	-1.63182839845218	1.21311820566955e-07			FALSE	FALSE
ENSG00000226674	TEX41	A_tested_not_enriched_vs_normal_epithelium	5.10629195234497	6.67805968159746e-05	1.43887689432448	0.369815324873543	TRUE	TRUE
ENSG00000226686	LINC01535	B_pooled_effect_or_FDR	1.2052044382958	0.0649366736790973			FALSE	FALSE
ENSG00000226688	ENTPD1-AS1	B_pooled_effect_or_FDR	0.53845270612892	0.000370590381902979	0.454019434767175	0.328786852881837	TRUE	FALSE
ENSG00000226696	LENG8-AS1	B_pooled_effect_or_FDR	0.048827896901753	0.72429867071379			FALSE	TRUE
ENSG00000226711	FAM66C	B_pooled_effect_or_FDR	0.571745089953691	0.00147805317239617			TRUE	TRUE
ENSG00000226733	AL138826.1	discovery_donor_expression	5.14703671372009	4.49067098404796e-45	-5.66907335848314	9.43968866454691e-19	FALSE	TRUE
ENSG00000226746	SMCR5	B_pooled_effect_or_FDR	-0.100912057744264	0.575149927155286			TRUE	FALSE
ENSG00000226754	AL606760.1	B_pooled_effect_or_FDR	0.919212295659763	0.000938346760003586			FALSE	FALSE
ENSG00000226757	PP12613	B_pooled_effect_or_FDR	-4.87009625869433	1.77669815551391e-09			FALSE	FALSE
ENSG00000226777	FAM30A	B_pooled_effect_or_FDR	-4.87174018428531	1.70631572115779e-61			FALSE	FALSE
ENSG00000226780	AC244035.1	B_replication_direction	3.88049497521337	4.2676179902142e-19			FALSE	TRUE
ENSG00000226791	LINC02611	B_pooled_effect_or_FDR	-3.35168841731624	1.38920404793552e-07			FALSE	TRUE
ENSG00000226816	AC005082.1	B_pooled_effect_or_FDR	-0.86614545203923	0.272033233507962	-3.21807204347158	0.000105610711126343	FALSE	TRUE
ENSG00000226822	LINC02785	B_pooled_effect_or_FDR	-4.50283585175605	9.81298286174826e-08			FALSE	FALSE
ENSG00000226833	AC092164.1	B_pooled_effect_or_FDR	0.404907973543787	0.0160671979738952			TRUE	TRUE
ENSG00000226835	ARHGAP29-AS1	B_replication_direction	2.27868175945691	0.0115377048667504			FALSE	FALSE
ENSG00000226853	AC010894.1	B_replication_direction	1.73014230422755	1.54047742607224e-15	-0.279257299333565	0.630017655337745	TRUE	TRUE
ENSG00000226856	THORLNC	B_replication_direction	1.83341865363589	5.46366840785908e-19			TRUE	FALSE
ENSG00000226889	AL359541.1	B_pooled_effect_or_FDR	-0.299496737645996	0.110163777721168			FALSE	FALSE
ENSG00000226899	AL731577.1	B_pooled_effect_or_FDR	-0.984660386038347	0.00521765010760757			TRUE	FALSE
ENSG00000227028	SLC8A1-AS1	B_pooled_effect_or_FDR	-0.0613042302090508	0.90139013391784			FALSE	FALSE
ENSG00000227036	LINC00511	bulk_expression_TCGA_CPTAC	2.47271955516997	4.84008333442248e-06			TRUE	FALSE
ENSG00000227039	ITGB2-AS1	B_pooled_effect_or_FDR	-3.25193073484517	0.000297904379999308			TRUE	TRUE
ENSG00000227053	MUC12-AS1	B_pooled_effect_or_FDR	0.852848311385899	9.94196852442669e-05	0.805923726360139	0.676737767977074	TRUE	TRUE
ENSG00000227060	LINC00629	B_replication_direction	3.88426962310487	2.17048933765601e-44			FALSE	TRUE
ENSG00000227066	Z98257.1	B_pooled_effect_or_FDR	-3.13679623108431	0.000212412431159288			FALSE	FALSE
ENSG00000227082	LINC02798	B_pooled_effect_or_FDR	-3.56192353085877	2.42236405554629e-12			FALSE	FALSE
ENSG00000227110	LMCD1-AS1	discovery_donor_expression	1.16896365768825	1.20709122182167e-08			FALSE	FALSE
ENSG00000227192	AL023581.2	B_pooled_effect_or_FDR	0.715328080172223	0.0175199413754773			FALSE	TRUE
ENSG00000227199	ST7-AS1	B_replication_direction	1.12990312105385	2.11850326599949e-07			TRUE	TRUE
ENSG00000227252	AC012063.1	B_pooled_effect_or_FDR	-0.69127887960105	0.0516172377488369			FALSE	FALSE
ENSG00000227258	SMIM2-AS1	A_tested_not_enriched_vs_normal_epithelium	5.16270015374658	1.99982622962827e-09	-0.620219079613117	0.0937143969596131	TRUE	TRUE
ENSG00000227260	LINC01985	B_pooled_effect_or_FDR	-2.90319813868295	5.08577489625128e-10			FALSE	FALSE
ENSG00000227354	RBM26-AS1	B_pooled_effect_or_FDR	0.543334507716988	5.47789188854596e-05	-0.342245545990245	0.571569144542433	TRUE	TRUE
ENSG00000227373	RABGAP1L-DT	B_pooled_effect_or_FDR	-1.64895065847094	2.71760747721777e-13			FALSE	FALSE
ENSG00000227388	AL133410.1	B_replication_direction	1.15265224332975	0.0334492872183076			FALSE	TRUE
ENSG00000227398	KIF9-AS1	B_pooled_effect_or_FDR	-0.516221315515028	0.000452063058490922			FALSE	FALSE
ENSG00000227403	LINC01806	B_pooled_effect_or_FDR	-1.12579878003231	0.480630165417045			FALSE	TRUE
ENSG00000227456	LINC00310	B_pooled_effect_or_FDR	-2.31719363197739	2.28193106711595e-14			FALSE	FALSE
ENSG00000227486	AL050309.1	B_pooled_effect_or_FDR	0.589197659955298	3.26811553339976e-12	0.232025054533367	0.709311686814228	TRUE	FALSE
ENSG00000227495	KIF1C-AS1	B_pooled_effect_or_FDR	-2.82988238168231	1.46383926946288e-21			FALSE	TRUE
ENSG00000227502	MROCKI	B_pooled_effect_or_FDR	1.38803793515537	0.192299881852202			TRUE	TRUE
ENSG00000227517	LINC01483	B_pooled_effect_or_FDR	-1.98011561071979	8.0810851505302e-11			FALSE	FALSE
ENSG00000227531	AL162414.1	B_pooled_effect_or_FDR	-4.99195637151645	2.76424509687598e-12			FALSE	FALSE
ENSG00000227540	DNAJC9-AS1	B_pooled_effect_or_FDR	0.255734170173773	0.0432000044925444			TRUE	TRUE
ENSG00000227544	AC018647.1	B_pooled_effect_or_FDR	-4.56942506241468	3.49000148151935e-51			FALSE	FALSE
ENSG00000227591	HSD11B1-AS1	A_tested_not_enriched_vs_normal_epithelium	1.60657693827234	9.26800577474084e-10	-1.75161089824869	0.0709416922025923	TRUE	TRUE
ENSG00000227598	Z94721.1	B_pooled_effect_or_FDR	-0.15849434721531	0.940653797655738			FALSE	TRUE
ENSG00000227619	AL391056.1	B_pooled_effect_or_FDR	-0.826645020709394	0.214134660903981			TRUE	FALSE
ENSG00000227634	LINC01714	B_replication_direction	4.86113896931529	2.08456647680043e-52			FALSE	TRUE
ENSG00000227676	LINC01068	B_replication_direction	1.43459922515919	0.000352163883980774			TRUE	FALSE
ENSG00000227695	DNMBP-AS1	B_pooled_effect_or_FDR	0.405627921593995	0.715269656390696			FALSE	FALSE
ENSG00000227733	AC239809.3	B_replication_direction	2.55579653333175	0.0466261603435816			FALSE	FALSE
ENSG00000227741	AL121987.2	B_pooled_effect_or_FDR	-2.4158821587409	2.32296469622838e-07			FALSE	TRUE
ENSG00000227782	AC002553.1	B_pooled_effect_or_FDR	-1.04120416809644	5.59950602364513e-14			TRUE	TRUE
ENSG00000227896	AL731569.1	B_pooled_effect_or_FDR	0.454304323156082	0.00114348282221344			FALSE	TRUE
ENSG00000227906	SNAP25-AS1	B_replication_direction	4.12796152451563	2.49032019797375e-43			FALSE	FALSE
ENSG00000227908	FLJ31104	B_pooled_effect_or_FDR	0.871693394732412	0.0406548764460699			TRUE	TRUE
ENSG00000227933	AL357874.1	B_pooled_effect_or_FDR	-2.92804248322181	1.14440274836177e-14			FALSE	FALSE
ENSG00000227946	AC007383.1	B_pooled_effect_or_FDR	0.153804906462721	0.379701505929631			TRUE	TRUE
ENSG00000227959	AL451042.2	discovery_donor_expression	1.74443871456444	0.0416779194793242			FALSE	TRUE
ENSG00000228013	IL6R-AS1	B_pooled_effect_or_FDR	-0.648279169342257	0.0197487996445905			TRUE	TRUE
ENSG00000228037	AL139246.3	B_pooled_effect_or_FDR	-1.37204655832794	0.0242662379216849			FALSE	TRUE
ENSG00000228043	AC114763.1	B_pooled_effect_or_FDR	0.412415300995491	0.125715346043537			FALSE	TRUE
ENSG00000228055	FAM245A	B_pooled_effect_or_FDR			-5.75852025196272	2.24513595049986e-20	FALSE	FALSE
ENSG00000228058	LINC01736	B_pooled_effect_or_FDR	-5.54987960011741	1.30331429829823e-07			FALSE	TRUE
ENSG00000228065	LINC01515	A_replication_direction	3.96297286356495	0.000115712534517861	1.80005418328257	0.0071087628075991	TRUE	TRUE
ENSG00000228109	MELTF-AS1	B_replication_direction	1.39797169853958	1.9617751971205e-14			TRUE	TRUE
ENSG00000228126	FALEC	B_pooled_effect_or_FDR	-0.821624720436097	0.26632469051231			FALSE	FALSE
ENSG00000228140	AL031283.1	B_pooled_effect_or_FDR	-2.7641378348391	0.107315548894872			FALSE	FALSE
ENSG00000228172	AL020996.1	B_pooled_effect_or_FDR	0.765479852975938	7.20991568318813e-05			TRUE	FALSE
ENSG00000228192	AL512353.1	B_pooled_effect_or_FDR	0.0505652112550067	0.791411866312209			FALSE	TRUE
ENSG00000228201	AL022341.1	discovery_donor_expression	1.84137576567812	6.01192700380416e-05			FALSE	TRUE
ENSG00000228223	HCG11	B_pooled_effect_or_FDR	0.0263827358351273	0.909852124416534			TRUE	TRUE
ENSG00000228242	XPC-AS1	B_pooled_effect_or_FDR	-1.39139043253002	0.0035832643090593			FALSE	TRUE
ENSG00000228288	PCAT6	A_replication_direction	2.23532793295868	6.71830001701213e-54	1.36773545017402	0.016793943301291	TRUE	TRUE
ENSG00000228308	LINC01209	B_pooled_effect_or_FDR	0.360950413524054	0.229636762815414			TRUE	FALSE
ENSG00000228340	MIR646HG	B_pooled_effect_or_FDR	-2.68189760677008	0.0079683762418816			FALSE	FALSE
ENSG00000228353	AL450322.1	B_replication_direction	4.04055097185961	3.01752811575148e-11			FALSE	FALSE
ENSG00000228393	LINC01004	B_pooled_effect_or_FDR	-0.765422517818938	0.222189682024399			TRUE	TRUE
ENSG00000228395	AL356481.1	B_pooled_effect_or_FDR	-1.55638009459286	1.87315521173195e-14			FALSE	TRUE
ENSG00000228397	LINC01635	B_pooled_effect_or_FDR	-2.02257478720395	6.68745203761276e-12			FALSE	FALSE
ENSG00000228401	AL590226.1	B_pooled_effect_or_FDR	-4.74748074700548	4.89588564958466e-06			FALSE	TRUE
ENSG00000228412	LNC-LBCS	B_replication_direction	1.91475374173087	1.77507657838373e-17			TRUE	FALSE
ENSG00000228427	AL590764.1	B_pooled_effect_or_FDR	-4.77721464340232	3.99006727145582e-92			FALSE	TRUE
ENSG00000228434	AC004951.1	B_pooled_effect_or_FDR	-0.16147853249746	0.419498547496508	1.18998357041489	0.354952710963132	TRUE	FALSE
ENSG00000228436	AL139260.1	B_pooled_effect_or_FDR	0.509040343890993	0.19050945989363			TRUE	TRUE
ENSG00000228459	LINC01546	B_pooled_effect_or_FDR	-2.92194512267917	2.4454890885121e-16			FALSE	FALSE
ENSG00000228495	LINC01013	B_pooled_effect_or_FDR	-3.98424854679985	4.34309731860756e-19			FALSE	FALSE
ENSG00000228506	AL513550.1	B_pooled_effect_or_FDR	-0.0650227393799259	0.665891847636314			FALSE	TRUE
ENSG00000228526	MIR34AHG	B_pooled_effect_or_FDR	-0.0315244717456556	0.973819439474254			TRUE	TRUE
ENSG00000228548	ITPKB-AS1	B_pooled_effect_or_FDR	-3.88421060533488	9.07575636001192e-43			FALSE	FALSE
ENSG00000228606	AL139011.1	B_pooled_effect_or_FDR	-1.94870145455175	0.0576340883998099			FALSE	TRUE
ENSG00000228620	Z97056.1	B_replication_direction	4.77815140423713	0.00109896804517887			FALSE	TRUE
ENSG00000228624	HDAC2-AS2	B_pooled_effect_or_FDR	-2.38074894209858	3.34711039690544e-05			FALSE	FALSE
ENSG00000228630	HOTAIR	B_pooled_effect_or_FDR	-0.759806161716618	0.0455807190002747			FALSE	TRUE
ENSG00000228701	TNKS2-AS1	B_pooled_effect_or_FDR	-0.494683788094077	0.0157252324195912			FALSE	TRUE
ENSG00000228705	LINC00659	B_replication_direction	3.80563699300453	1.72765720609875e-52			TRUE	TRUE
ENSG00000228742	LINC02577	discovery_donor_expression	4.89483080544319	2.55538977428315e-09			FALSE	TRUE
ENSG00000228748	AL450306.1	B_replication_direction	1.40995732931598	1.80129560824464e-10			FALSE	FALSE
ENSG00000228775	WEE2-AS1	B_pooled_effect_or_FDR	-0.014362272886787	0.990228136270075			FALSE	TRUE
ENSG00000228784	LINC00954	B_pooled_effect_or_FDR	-2.43151900802978	0.0352310337854448			FALSE	FALSE
ENSG00000228801	AC064807.1	B_pooled_effect_or_FDR	0.158406845613828	0.470755934829397	-0.236335573827878	0.601626632170945	TRUE	TRUE
ENSG00000228812	LAMA5-AS1	B_replication_direction	4.89769573716756	2.30722868511485e-125			TRUE	TRUE
ENSG00000228830	AL160408.2	B_pooled_effect_or_FDR	-0.475662118794578	0.0413915202488569			FALSE	FALSE
ENSG00000228857	AC104653.1	B_pooled_effect_or_FDR	-2.13549086010364	1.49212354553554e-15			FALSE	TRUE
ENSG00000228863	AL121985.1	B_pooled_effect_or_FDR	-1.65611426136829	0.00509059693365798			FALSE	FALSE
ENSG00000228878	SEPTIN7-DT	B_pooled_effect_or_FDR	0.836172217836901	2.21041594510177e-09			FALSE	TRUE
ENSG00000228889	UBAC2-AS1	B_pooled_effect_or_FDR	-0.228155073424021	0.684771555400873			FALSE	TRUE
ENSG00000229021	AL450992.1	B_pooled_effect_or_FDR	1.75559145702898	0.497121248320333			FALSE	FALSE
ENSG00000229043	ZFAND2A-DT	A_tested_not_enriched_vs_normal_epithelium	1.04135947172854	7.42342900158399e-23	-0.39717271101046	0.40483504124197	TRUE	TRUE
ENSG00000229047	AF127577.1	B_pooled_effect_or_FDR	0.351905628699579	0.715269656390696			FALSE	FALSE
ENSG00000229051	LINC01788	B_pooled_effect_or_FDR	1.08388339427796	0.615132550081693	-4.25977290236155	0.016379664658206	FALSE	TRUE
ENSG00000229056	HECW2-AS1	B_pooled_effect_or_FDR	-3.98199575515128	0.000154146448679898			FALSE	FALSE
ENSG00000229116	AL137026.1	B_replication_direction	3.31892914580777	9.83257047130714e-22			FALSE	FALSE
ENSG00000229124	VIM-AS1	B_pooled_effect_or_FDR	-0.618865517687171	0.00578966550620073	2.21386163143555	0.00511358128760599	TRUE	TRUE
ENSG00000229153	EPHA1-AS1	B_pooled_effect_or_FDR	-1.28881050310101	0.0455845040633675			TRUE	FALSE
ENSG00000229178	AC233280.1	B_pooled_effect_or_FDR	0.949002937379126	0.00568463609082476			TRUE	FALSE
ENSG00000229191	AL358473.1	B_pooled_effect_or_FDR	-4.59163920330164	3.59955013560308e-26			FALSE	FALSE
ENSG00000229255	AC138089.1	B_replication_direction	4.02763696314241	1.98726371887452e-23			FALSE	TRUE
ENSG00000229274	LINC02829	B_pooled_effect_or_FDR	-3.617996889343	0.00188296540555545			FALSE	FALSE
ENSG00000229308	AC010737.1	B_pooled_effect_or_FDR	-5.97773134691835	3.44769983168757e-90			FALSE	TRUE
ENSG00000229334	AC046143.1	B_pooled_effect_or_FDR	-0.482515395726906	0.37551326169888			FALSE	TRUE
ENSG00000229380	PRKAR1B-AS2	A_replication_direction	5.74349870926924	6.92817090011053e-28	2.18752483671407	3.38795794657281e-05	TRUE	TRUE
ENSG00000229425	AJ009632.2	B_pooled_effect_or_FDR	1.16425766923778	0.264119824846833			FALSE	FALSE
ENSG00000229539	PANK2-AS1	B_pooled_effect_or_FDR	-0.214823378740526	0.0699412248172931			TRUE	TRUE
ENSG00000229557	LINC00379	discovery_donor_expression	4.06599516033766	1.83223917383561e-18	-1.09350221890808	0.0872335802166538	FALSE	TRUE
ENSG00000229619	MBNL1-AS1	B_pooled_effect_or_FDR	-0.714381743540869	0.0547996052542686			TRUE	TRUE
ENSG00000229654	LINC02526	B_replication_direction	4.65765847942035	2.01136768516246e-39			FALSE	TRUE
ENSG00000229694	LINC00484	B_replication_direction	1.78572358592982	0.00643978377498288			FALSE	FALSE
ENSG00000229719	MIR194-2HG	B_pooled_effect_or_FDR	1.12005168607593	0.0926059187538273			TRUE	FALSE
ENSG00000229807	XIST	B_pooled_effect_or_FDR	-0.18858567617396	0.720188375411309	-0.36666842922755	0.81948077698641	FALSE	TRUE
ENSG00000229847	EMX2OS	A_tested_not_enriched_vs_normal_epithelium	6.02694321825444	2.81496462551723e-14	-0.525574640054217	0.0995928371268807	TRUE	TRUE
ENSG00000229852	AC019205.1	B_pooled_effect_or_FDR	-0.432784053845902	0.646547827897514			TRUE	TRUE
ENSG00000229873	OGFR-AS1	B_replication_direction	1.57840192323156	0.005929883143782			FALSE	TRUE
ENSG00000229891	LINC01315	A_tested_not_enriched_vs_normal_epithelium	3.6323392222537	7.65123477439655e-05	1.99108140031631	0.40483504124197	TRUE	TRUE
ENSG00000229896	AL157373.2	A_single_dataset_lower_than_normal_epithelium	2.38802914903969	1.42909160969621e-05			TRUE	TRUE
ENSG00000229921	KIF25-AS1	B_replication_direction	3.46123444429744	1.5319861860943e-10			FALSE	FALSE
ENSG00000229931	ATXN1-AS1	B_pooled_effect_or_FDR	-1.24533403972525	0.0413356036272222			FALSE	TRUE
ENSG00000229951	FLJ31356	B_pooled_effect_or_FDR	0.437093628518565	0.478791358253432			FALSE	FALSE
ENSG00000229953	AL590666.2	B_replication_direction	4.96609072237379	2.89735386907212e-05			FALSE	TRUE
ENSG00000229989	MIR181A1HG	B_pooled_effect_or_FDR	-3.6164542491731	5.7026466515952e-10			TRUE	FALSE
ENSG00000229999	SGSM3-AS1	B_pooled_effect_or_FDR	-1.35401613772145	3.92475181542419e-19			FALSE	FALSE
ENSG00000230074	AL162231.2	B_replication_direction	1.75894283565002	0.00239358040249099			TRUE	TRUE
ENSG00000230082	PRRT3-AS1	B_pooled_effect_or_FDR	0.765126596197031	0.0943072478686554			TRUE	TRUE
ENSG00000230084	AC006059.1	B_pooled_effect_or_FDR	-2.45212113314006	7.04786447872104e-16			FALSE	TRUE
ENSG00000230091	TMEM254-AS1	B_pooled_effect_or_FDR	0.756741175392552	7.11094733616546e-07			TRUE	TRUE
ENSG00000230098	TCERG1L-AS1	B_replication_direction	4.23053978135236	3.49548799311161e-39			FALSE	FALSE
ENSG00000230138	LINC02812	B_pooled_effect_or_FDR	-5.75242123718379	0.000271985900064577			FALSE	FALSE
ENSG00000230148	HOXB-AS1	B_pooled_effect_or_FDR	0.518106255730961	0.165112379290973	1.10694140528204	0.00119067101072412	TRUE	TRUE
ENSG00000230155	CEP250-AS1	B_pooled_effect_or_FDR	-4.78126904202107	3.32559479331401e-41			FALSE	FALSE
ENSG00000230185	C9orf147	B_pooled_effect_or_FDR	1.70975036344856	0.298989138871324			FALSE	TRUE
ENSG00000230234	AL162582.1	discovery_donor_expression	6.54834777562747	2.99617575567867e-10			FALSE	TRUE
ENSG00000230266	XXYLT1-AS2	B_pooled_effect_or_FDR	-4.17591899208252	0.0032148942370014			FALSE	FALSE
ENSG00000230289	AL358781.2	B_pooled_effect_or_FDR	0.178774494746072	0.679155485312367			FALSE	TRUE
ENSG00000230337	EXOSC10-AS1	B_pooled_effect_or_FDR	-0.0528158566839005	0.806481938538393			FALSE	FALSE
ENSG00000230366	DSCR9	B_pooled_effect_or_FDR	-1.64673741458389	5.93173219601459e-06			FALSE	FALSE
ENSG00000230368	FAM41C	B_pooled_effect_or_FDR	-0.247524889479134	0.317183887906036	-1.43245726256052	0.00182155332472051	TRUE	FALSE
ENSG00000230387	AL118508.1	B_pooled_effect_or_FDR	-2.22276873797711	1.38200232939757e-07			FALSE	FALSE
ENSG00000230393	AC092667.1	B_replication_direction	3.19611835183324	3.32371948211703e-25			TRUE	FALSE
ENSG00000230424	EMC1-AS1	B_pooled_effect_or_FDR	0.267636752025769	0.545984739380926			TRUE	TRUE
ENSG00000230432	AC114803.1	A_replication_direction	5.99019511100799	4.55947998771663e-22	6.77975597676532	2.12062679127769e-20	TRUE	TRUE
ENSG00000230438	SERPINB9P1	B_pooled_effect_or_FDR	0.124144450631422	0.715269656390696			FALSE	TRUE
ENSG00000230454	U73166.1	B_pooled_effect_or_FDR	-1.48360755422152	0.00612152694797579			FALSE	TRUE
ENSG00000230487	PSMG3-AS1	B_pooled_effect_or_FDR	0.241921583548296	0.456818027592458	-1.23039881299065	0.036226296714157	TRUE	TRUE
ENSG00000230513	THAP7-AS1	B_pooled_effect_or_FDR	0.409354190072467	0.101759613801183	-0.695135317373554	0.109749338814	TRUE	TRUE
ENSG00000230537	AL158071.2	B_pooled_effect_or_FDR	-2.07470753746714	0.041838600295808			FALSE	TRUE
ENSG00000230555	AL450326.1	B_pooled_effect_or_FDR	-0.125919728145163	0.314981652176661	-0.607491892253935	0.302045936360875	TRUE	TRUE
ENSG00000230587	LINC02580	B_pooled_effect_or_FDR	-5.05041664497495	0.0340757064376202			FALSE	FALSE
ENSG00000230590	FTX	B_pooled_effect_or_FDR	-0.49674927707049	2.61151853078705e-09	1.34232221795331	0.0270418289345824	TRUE	TRUE
ENSG00000230606	AC092683.1	B_pooled_effect_or_FDR	-0.00410671411721887	0.993419161047651	2.37068994550621	0.00144891946978669	TRUE	FALSE
ENSG00000230613	HM13-AS1	B_pooled_effect_or_FDR	0.902189696070106	0.000142108305252047			FALSE	FALSE
ENSG00000230615	AL139220.2	B_pooled_effect_or_FDR	-1.21903505968146	0.000501907210310406			FALSE	FALSE
ENSG00000230630	DNM3OS	B_pooled_effect_or_FDR	-4.36496907065497	1.55163246715722e-22			FALSE	TRUE
ENSG00000230679	ENO1-AS1	B_pooled_effect_or_FDR	0.803978246485869	0.0916842638226808			TRUE	FALSE
ENSG00000230724	LINC01001	B_pooled_effect_or_FDR	-0.760348156065422	0.150250353385462			TRUE	FALSE
ENSG00000230747	AC021188.1	B_pooled_effect_or_FDR	-3.73934536826437	9.40288184190485e-58			FALSE	TRUE
ENSG00000230844	ZNF674-AS1	B_pooled_effect_or_FDR	0.105880072024419	0.588675312548952	-0.534686035740421	0.280321084616078	TRUE	TRUE
ENSG00000230910	AL391807.1	B_pooled_effect_or_FDR	-2.0711298000531	0.0687211410572465			FALSE	FALSE
ENSG00000230923	LINC00309	B_pooled_effect_or_FDR	-2.5894592249364	9.49894549664121e-28			FALSE	FALSE
ENSG00000230978	LINC00160	B_replication_direction	4.38639952918722	9.25025730637118e-06			FALSE	FALSE
ENSG00000231028	LINC00271	discovery_donor_expression	1.86755926949933	3.09560748239631e-05	-1.04229701476741	0.465368828204244	FALSE	FALSE
ENSG00000231074	HCG18	B_pooled_effect_or_FDR	-0.674743920093613	0.084962823058521	0.455747919188439	0.311601606541129	TRUE	TRUE
ENSG00000231106	LINC01436	B_pooled_effect_or_FDR	-1.28848514995605	0.0479342308089279			FALSE	TRUE
ENSG00000231107	LINC01508	A_tested_not_enriched_vs_normal_epithelium	6.02258774193123	2.15197443525417e-28	1.57343606310882	0.231910411249505	TRUE	TRUE
ENSG00000231113	AL035587.1	B_pooled_effect_or_FDR	-2.05666355149466	8.30622167193063e-36			FALSE	TRUE
ENSG00000231154	MORF4L2-AS1	B_pooled_effect_or_FDR	-0.197735321390876	0.363188842184151			FALSE	TRUE
ENSG00000231170	AC002451.1	B_pooled_effect_or_FDR	1.31363483959302	0.2004223526246	-0.441266474536836	0.398692199134323	TRUE	TRUE
ENSG00000231177	LINC00852	B_pooled_effect_or_FDR	-1.8674069854026	0.00147126184218864			FALSE	TRUE
ENSG00000231187	AL356056.2	B_replication_direction	1.5200740253837	0.0386565166406686			FALSE	FALSE
ENSG00000231210	COMETT	A_tested_not_enriched_vs_normal_epithelium	5.21298513134262	6.83994788429726e-109	-3.60915228314412	1.39701423669553e-07	TRUE	TRUE
ENSG00000231212	AL590399.3	B_replication_direction	2.21755975255215	9.73286269021676e-29			TRUE	FALSE
ENSG00000231233	CFAP58-DT	B_pooled_effect_or_FDR	-1.91698553244666	1.31509667918785e-05			FALSE	TRUE
ENSG00000231249	ITPR1-DT	B_pooled_effect_or_FDR	-1.36432637439057	0.00109365592115337			FALSE	TRUE
ENSG00000231298	MANCR	B_pooled_effect_or_FDR	0.606598221643378	0.300063717690665			FALSE	FALSE
ENSG00000231312	MAP4K3-DT	B_pooled_effect_or_FDR	0.787306175777839	8.50941814342415e-05	-0.905558501315393	8.22354515582757e-05	TRUE	TRUE
ENSG00000231327	LINC01816	A_tested_not_enriched_vs_normal_epithelium	2.00290564386481	1.14328377046295e-20	-1.28769633153091	0.0068203023367256	TRUE	TRUE
ENSG00000231365	WARS2-AS1	B_pooled_effect_or_FDR	-0.0879117738486792	0.760422383575321			TRUE	TRUE
ENSG00000231426	FILNC1	discovery_donor_expression	3.88438762615157	0.00228140911788949			FALSE	TRUE
ENSG00000231437	LINC01750	B_replication_direction	3.09960493725214	8.98232252503645e-21			FALSE	FALSE
ENSG00000231473	RB1-DT	B_pooled_effect_or_FDR	-0.462927115797599	0.0195457540293227			FALSE	FALSE
ENSG00000231507	LINC01353	B_pooled_effect_or_FDR	-4.22118523649899	0.00229573276188256			FALSE	FALSE
ENSG00000231527	FAM27C	bulk_expression_TCGA_CPTAC	2.2811976457639	2.08983981295709e-46	-0.0232968001675228	0.968151896543747	TRUE	FALSE
ENSG00000231528	FAM225A	B_pooled_effect_or_FDR	-2.41646033490828	1.17279588964646e-09			FALSE	FALSE
ENSG00000231535	LINC00278	B_pooled_effect_or_FDR	0.481209708020045	0.167538774261876	0.9350526927039	0.0421263577123246	FALSE	TRUE
ENSG00000231574	LINC02015	discovery_donor_expression	6.02200418952048	9.08241002737689e-06	2.19955924087876	0.00086397132960094	FALSE	TRUE
ENSG00000231607	DLEU2	B_pooled_effect_or_FDR	-1.18822549919192	1.14988233961427e-07	1.09143255252531	0.0139863700474754	TRUE	TRUE
ENSG00000231609	AC007098.1	B_replication_direction	1.57693681471167	2.20066235711906e-22			TRUE	TRUE
ENSG00000231621	ANKRD44-AS1	B_pooled_effect_or_FDR	-4.61515693728697	3.73231400089277e-80			FALSE	TRUE
ENSG00000231652	AL590428.1	B_replication_direction	1.8935176147833	2.35183143154906e-09			TRUE	TRUE
ENSG00000231663	COA6-AS1	B_pooled_effect_or_FDR	-0.372449617699375	0.321690656021668	-0.397902315906755	0.569033889425649	TRUE	TRUE
ENSG00000231666	LINC01704	B_pooled_effect_or_FDR	-5.46679296959249	3.36633150433455e-14			FALSE	FALSE
ENSG00000231672	DIRC3	discovery_donor_expression	1.62925538373793	0.0358563807602412			FALSE	FALSE
ENSG00000231680	LINC02723	B_pooled_effect_or_FDR	-4.69205417186491	1.09207089995655e-24			FALSE	FALSE
ENSG00000231683	AL033397.1	B_replication_direction	3.49640006461352	3.84506342941964e-14			FALSE	FALSE
ENSG00000231721	LINC-PINT	B_pooled_effect_or_FDR	-2.03041615441203	0.00542531173094183	1.23066664661963	0.257989163874087	TRUE	TRUE
ENSG00000231728	TMSB15B-AS1	B_pooled_effect_or_FDR	-0.401244013201671	0.185345008881528			FALSE	FALSE
ENSG00000231760	AL355312.2	B_pooled_effect_or_FDR	-0.0129455263336347	0.973380236115405			FALSE	FALSE
ENSG00000231764	DLX6-AS1	B_pooled_effect_or_FDR	-3.85837338370946	4.71087464073722e-30			FALSE	FALSE
ENSG00000231768	LINC01354	B_pooled_effect_or_FDR	0.391048894832382	0.273050368214163			FALSE	TRUE
ENSG00000231769	AL035701.1	B_pooled_effect_or_FDR	-0.650060853062396	0.289976612452262			FALSE	FALSE
ENSG00000231770	TMEM44-AS1	B_pooled_effect_or_FDR	0.750503893627631	0.000643171083493544	-0.33468072860729	0.407017105517378	TRUE	TRUE
ENSG00000231789	PIK3CD-AS2	A_tested_not_enriched_vs_normal_epithelium	2.68780176478933	2.17108910161744e-51	-0.415634382124146	0.250442963111994	TRUE	TRUE
ENSG00000231794	AC009542.1	B_pooled_effect_or_FDR	1.29846785233651	0.117538584707355			FALSE	FALSE
ENSG00000231806	PCAT7	B_pooled_effect_or_FDR	1.63164094853678	0.0609095164124609			FALSE	TRUE
ENSG00000231856	AL162377.1	B_pooled_effect_or_FDR	-0.485494663639955	0.331999971253508	-1.35901415066066	0.00029327522427365	TRUE	TRUE
ENSG00000231871	IPO9-AS1	B_pooled_effect_or_FDR	-0.512670569161853	0.165458465372936			FALSE	FALSE
ENSG00000231881	AL109615.2	B_pooled_effect_or_FDR	1.77383863011725	0.332937305151614			FALSE	TRUE
ENSG00000231889	TRAF3IP2-AS1	B_pooled_effect_or_FDR	-0.430306535329758	0.0442782917353781			TRUE	TRUE
ENSG00000231908	IDH1-AS1	B_pooled_effect_or_FDR	0.767327747085673	8.31472669831683e-05			FALSE	TRUE
ENSG00000231920	NEBL-AS1	A_tested_not_enriched_vs_normal_epithelium	5.75462786641809	5.87674496522832e-13	1.86734752549791	0.294285650625878	TRUE	TRUE
ENSG00000231955	AC007383.2	B_pooled_effect_or_FDR	0.312175902497933	0.381650613328464			TRUE	FALSE
ENSG00000231969	MMADHC-DT	bulk_expression_TCGA_CPTAC	1.61725872719267	0.0130635491177719			TRUE	FALSE
ENSG00000231999	LRRC8C-DT	B_pooled_effect_or_FDR	-1.9718134510469	8.53273140660616e-14			FALSE	FALSE
ENSG00000232006	AC005537.1	discovery_donor_expression	2.75565521561538	2.22579623557845e-07			FALSE	FALSE
ENSG00000232010	DNMT3L-AS1	B_pooled_effect_or_FDR			-4.27469173084045	2.55068068997092e-11	FALSE	FALSE
ENSG00000232019	AC074183.1	B_replication_direction	1.78225154609658	5.07263029488829e-06			TRUE	FALSE
ENSG00000232065	LINC01063	B_pooled_effect_or_FDR	-1.10880308994146	7.23715542596731e-05			FALSE	TRUE
ENSG00000232098	AC012313.1	B_pooled_effect_or_FDR	-0.19700107728712	0.242133032257531			FALSE	TRUE
ENSG00000232104	RFX3-AS1	B_pooled_effect_or_FDR	0.252857623352458	0.193956507556725			FALSE	TRUE
ENSG00000232110	AL353751.1	A_single_dataset_lower_than_normal_epithelium	4.67591054483449	5.05587345652037e-05			TRUE	TRUE
ENSG00000232117	LINC00384	B_pooled_effect_or_FDR	-3.88966707470912	9.09742962147493e-23			FALSE	FALSE
ENSG00000232160	RAP2C-AS1	B_pooled_effect_or_FDR	-0.511715878724572	3.61892324922537e-06			TRUE	TRUE
ENSG00000232220	AC008440.1	B_pooled_effect_or_FDR	-0.491533458452689	0.570697002593739			FALSE	FALSE
ENSG00000232229	LINC00865	B_pooled_effect_or_FDR	-1.4000562254347	3.44331673921246e-06			FALSE	TRUE
ENSG00000232233	LINC02043	B_pooled_effect_or_FDR	-0.71295143293718	0.00916745690113396			FALSE	FALSE
ENSG00000232271	AL096799.1	A_replication_direction	7.05794125703664	3.04250125568143e-06	6.89364227817756	4.45868926740611e-29	TRUE	TRUE
ENSG00000232284	GNG12-AS1	B_replication_direction	1.64707369925991	3.01546310989406e-10			FALSE	TRUE
ENSG00000232300	FAM215B	B_pooled_effect_or_FDR	-1.28544763220195	0.000163341949716488			TRUE	FALSE
ENSG00000232310	AL078590.2	B_pooled_effect_or_FDR	-3.1953674067022	7.30714766161641e-57			FALSE	TRUE
ENSG00000232347	AL390728.5	B_pooled_effect_or_FDR	-1.89045446044102	1.14877135969585e-14			FALSE	FALSE
ENSG00000232352	SEMA3B-AS1	B_replication_direction	3.06415073267663	6.36408382971895e-15	-2.78932480314926	3.49702885366234e-06	FALSE	TRUE
ENSG00000232386	AC015712.1	A_tested_not_enriched_vs_normal_epithelium	3.1886619886136	1.57395323566866e-10	2.10956029537604	0.113609149065814	TRUE	TRUE
ENSG00000232412	AL121601.1	B_pooled_effect_or_FDR	0.682697700488557	0.14011070821251			FALSE	TRUE
ENSG00000232415	ELN-AS1	B_pooled_effect_or_FDR	2.06087935738606	0.078214272722913			FALSE	TRUE
ENSG00000232442	MHENCR	B_pooled_effect_or_FDR	-0.424888042966393	0.356110549678037	-0.35105047656277	0.40483504124197	TRUE	TRUE
ENSG00000232445	EMSLR	discovery_donor_expression	4.263480667926	9.36978443683391e-28			FALSE	FALSE
ENSG00000232451	AC018467.1	B_replication_direction	4.59490745669686	2.13663607871486e-11			FALSE	TRUE
ENSG00000232490	OSBPL10-AS1	B_replication_direction	1.10731158519852	0.000464351064882299			FALSE	FALSE
ENSG00000232518	AC074366.1	B_pooled_effect_or_FDR	-4.68633629089132	3.8626550468515e-45			FALSE	FALSE
ENSG00000232533	AC093673.1	B_pooled_effect_or_FDR	0.198879317856884	0.6525302791718	1.42841946603695	0.175648367344698	TRUE	TRUE
ENSG00000232586	KIAA1614-AS1	B_replication_direction	2.07556351127606	1.19023046856482e-15			TRUE	FALSE
ENSG00000232611	AL683813.1	B_pooled_effect_or_FDR	0.158348689195984	0.478791358253432			TRUE	TRUE
ENSG00000232618	AL355304.1	B_pooled_effect_or_FDR	-0.117128259783909	0.69995593877185			FALSE	FALSE
ENSG00000232640	AL354892.2	B_pooled_effect_or_FDR	-0.572948674229303	0.564499526266067			FALSE	TRUE
ENSG00000232645	LINC01431	B_pooled_effect_or_FDR	0.0894832542963188	0.586022699522908			FALSE	TRUE
ENSG00000232648	AC107214.1	B_pooled_effect_or_FDR	-0.544445966576161	0.0476100759656791			FALSE	FALSE
ENSG00000232650	LINC01780	B_pooled_effect_or_FDR			-2.2997409701951	0.00119355875996757	FALSE	FALSE
ENSG00000232671	ZNF687-AS1	B_pooled_effect_or_FDR	-0.442589702829081	0.0241309134333051			TRUE	FALSE
ENSG00000232677	LINC00665	A_tested_not_enriched_vs_normal_epithelium	2.80386878530256	6.84648672387593e-26	0.214416110011228	0.389310093931709	TRUE	TRUE
ENSG00000232679	LINC01705	B_replication_direction	2.36980302799268	1.23163099531531e-05			FALSE	FALSE
ENSG00000232712	KIZ-AS1	B_pooled_effect_or_FDR	-0.352182367903025	0.034163549328051			FALSE	FALSE
ENSG00000232721	AC239800.2	A_tested_not_enriched_vs_normal_epithelium	2.66695651517744	2.18236592283046e-08	1.1352793424736	0.117195749786671	TRUE	TRUE
ENSG00000232748	AC135050.1	B_pooled_effect_or_FDR	-2.57497541206447	2.1938079833167e-34			FALSE	FALSE
ENSG00000232759	AC002480.1	B_pooled_effect_or_FDR	0.0135407960450789	0.977770261539689			FALSE	FALSE
ENSG00000232774	AL355916.1	B_pooled_effect_or_FDR	-1.45121729603884	2.47198138413637e-06			FALSE	FALSE
ENSG00000232788	ITGA6-AS1	A_replication_direction	1.94383665807393	2.34898252232101e-23	5.26279277516219	8.98650646474728e-05	TRUE	TRUE
ENSG00000232807	AL137186.2	B_pooled_effect_or_FDR	-0.750667598275285	0.600591614979118			FALSE	TRUE
ENSG00000232811	AL360270.1	B_pooled_effect_or_FDR	-0.759598641175839	0.0325347815527638			FALSE	TRUE
ENSG00000232855	AF165147.1	B_pooled_effect_or_FDR	-2.57885236666589	0.185345008881528			FALSE	FALSE
ENSG00000232907	DLGAP4-AS1	B_pooled_effect_or_FDR	0.512444864096566	0.358162350356397			FALSE	TRUE
ENSG00000232931	LINC00342	B_pooled_effect_or_FDR	-0.924624704892318	0.000398238679618299	1.97421716093137	0.259738925246913	TRUE	TRUE
ENSG00000232936	AL157400.2	B_replication_direction	4.14834441609207	1.13109634019632e-31			FALSE	FALSE
ENSG00000232940	HCG25	B_pooled_effect_or_FDR	-0.0670076482400292	0.828230096194583			FALSE	FALSE
ENSG00000232956	SNHG15	B_pooled_effect_or_FDR	-0.107631181708331	0.715269656390696	2.05944232513671	4.1969540244666e-15	TRUE	TRUE
ENSG00000232973	CYP1B1-AS1	B_pooled_effect_or_FDR	-0.653278268518311	0.0314731106303361			FALSE	FALSE
ENSG00000232995	RGS5	B_pooled_effect_or_FDR	0.283045667002296	0.327776070405686			TRUE	TRUE
ENSG00000233005	AC018742.1	discovery_donor_expression	4.16639695568523	5.90707998048681e-38			FALSE	TRUE
ENSG00000233008	LINC01725	bulk_expression_TCGA_CPTAC	2.9992296932912	2.79288430866858e-13	-0.230483823894669	0.809455166794344	TRUE	FALSE
ENSG00000233016	SNHG7	A_tested_not_enriched_vs_normal_epithelium	1.11904549356684	2.91227069347088e-06	0.822349279765492	0.000341538190306469	TRUE	TRUE
ENSG00000233030	AC243772.2	B_pooled_effect_or_FDR	-0.764117523869892	0.202386086453608			FALSE	FALSE
ENSG00000233038	PTPRN2-AS1	B_pooled_effect_or_FDR	-4.60792804852114	1.1361506204492e-135			FALSE	TRUE
ENSG00000233058	LINC00884	A_tested_not_enriched_vs_normal_epithelium	1.81180744686693	8.18204856046873e-30	1.30041212629489	0.0765893755507472	TRUE	TRUE
ENSG00000233070	ZFY-AS1	B_pooled_effect_or_FDR	2.17717768069943	0.102518593641595	-2.12492814524418	0.0065912853196672	FALSE	TRUE
ENSG00000233081	AL353764.1	B_replication_direction	1.52005842771999	8.8128316032381e-05			FALSE	TRUE
ENSG00000233101	HOXB-AS3	B_pooled_effect_or_FDR	0.897132877378501	0.215404905851014	-6.43233601293988	9.96868580608322e-24	FALSE	TRUE
ENSG00000233117	LINC00702	B_pooled_effect_or_FDR	-3.09945769444453	0.000369290373365851			FALSE	TRUE
ENSG00000233153	UBE2E2-AS1	B_pooled_effect_or_FDR	-1.11701492420541	0.000143346891638115			FALSE	FALSE
ENSG00000233175	AC008105.1	B_pooled_effect_or_FDR	-1.38869093206425	0.259411000768544			FALSE	FALSE
ENSG00000233178	AL161457.2	B_pooled_effect_or_FDR	-0.217782757498966	0.696502371591492			TRUE	FALSE
ENSG00000233184	AC093157.1	B_pooled_effect_or_FDR	0.331517541201649	0.148861953515698	0.0111197489326897	0.987244636567609	TRUE	TRUE
ENSG00000233203	DHCR24-DT	B_replication_direction	3.95234135258021	5.63271601029726e-10			FALSE	FALSE
ENSG00000233220	LINC00167	B_pooled_effect_or_FDR	-1.01093226571854	0.331636441858224			FALSE	FALSE
ENSG00000233223	AC016876.1	B_pooled_effect_or_FDR	0.557128488102407	2.28829262659402e-05	-0.211600840764139	0.647442838961142	TRUE	TRUE
ENSG00000233230	AC079807.1	B_pooled_effect_or_FDR	-0.335212442060291	0.0549595576913069			FALSE	TRUE
ENSG00000233237	LINC00472	A_tested_not_enriched_vs_normal_epithelium	2.80726813362658	0.0125350920779437	-0.602299466540571	0.294422585758455	TRUE	TRUE
ENSG00000233251	AC007743.1	B_pooled_effect_or_FDR	-0.0883053934861265	0.94192122581753			FALSE	TRUE
ENSG00000233308	OSTN-AS1	B_replication_direction	1.09231422179804	0.00653551301916991			FALSE	FALSE
ENSG00000233355	CHRM3-AS2	B_pooled_effect_or_FDR	-4.71254753793246	4.76402474170524e-42			FALSE	FALSE
ENSG00000233393	AP000688.2	B_replication_direction	4.2877648711356	5.21106895809149e-38			TRUE	TRUE
ENSG00000233429	HOTAIRM1	B_pooled_effect_or_FDR	-1.28122539216552	2.44236569868363e-13	-0.900249375264492	0.0471959275969401	TRUE	TRUE
ENSG00000233452	STXBP5-AS1	B_pooled_effect_or_FDR	-1.78805680355291	3.43982236843315e-19			FALSE	FALSE
ENSG00000233461	AL445524.1	B_pooled_effect_or_FDR	0.51701903805545	0.121194960463257	-0.192811031489497	0.552124146058334	TRUE	FALSE
ENSG00000233478	AL031280.1	B_pooled_effect_or_FDR	-3.04280433349035	1.16615135331611e-13			FALSE	FALSE
ENSG00000233485	FHAD1-AS1	B_pooled_effect_or_FDR	-2.12179405633763	0.00349509722126579			FALSE	FALSE
ENSG00000233521	LINC01638	discovery_donor_expression	5.15826225029715	2.9997509562014e-11			FALSE	TRUE
ENSG00000233527	ZNF529-AS1	B_pooled_effect_or_FDR	0.242809338084835	0.407259928062565	-0.562068533340259	0.398692199134323	TRUE	TRUE
ENSG00000233532	LINC00460	discovery_donor_expression	5.04093130451761	0.00308675711218133			FALSE	FALSE
ENSG00000233542	AL391845.2	B_pooled_effect_or_FDR	-4.79413249105164	1.53091891983559e-08			FALSE	TRUE
ENSG00000233547	AL158212.2	B_pooled_effect_or_FDR	0.249634777532574	0.063484664724289			FALSE	TRUE
ENSG00000233554	B4GALT1-AS1	B_pooled_effect_or_FDR	-0.195683406697523	0.217344570076044			TRUE	FALSE
ENSG00000233559	LINC00513	B_pooled_effect_or_FDR	-1.22699205916524	0.00602924825349418	1.46876963319068	0.102359864958159	TRUE	TRUE
ENSG00000233590	LINC02640	B_replication_direction	2.7207856150335	0.00300430967529684			FALSE	TRUE
ENSG00000233621	LINC01137	B_pooled_effect_or_FDR	0.785927765061079	0.000379404508129643	0.742568756567784	0.0429763123131312	TRUE	TRUE
ENSG00000233654	AC108047.1	B_pooled_effect_or_FDR	-0.10169387767433	0.816315310793145			FALSE	TRUE
ENSG00000233791	LINC01136	B_pooled_effect_or_FDR	-1.18007066658539	0.0180640862455738			FALSE	FALSE
ENSG00000233818	AP000695.2	B_replication_direction	1.53080938124208	0.000111277586965922			FALSE	TRUE
ENSG00000233851	LATS2-AS1	B_pooled_effect_or_FDR	-0.159480316693235	0.822028692039218			TRUE	FALSE
ENSG00000233901	LINC01503	B_pooled_effect_or_FDR	0.496243394433375	0.0527094655815533	0.693980934819613	0.367293354108861	TRUE	TRUE
ENSG00000233912	AC026202.2	B_pooled_effect_or_FDR	-0.350295530707573	0.543898171848251			FALSE	TRUE
ENSG00000233922	LINC01694	B_pooled_effect_or_FDR	-3.01782747784206	0.00975203101157078			FALSE	FALSE
ENSG00000233968	AL157895.1	B_pooled_effect_or_FDR	-6.21978234469668	6.41426716901864e-05			FALSE	FALSE
ENSG00000234028	EIF2AK3-DT	B_pooled_effect_or_FDR	-0.350205911114301	0.583787534038543			TRUE	TRUE
ENSG00000234072	AC074117.1	B_pooled_effect_or_FDR	-0.451629667444735	0.112085877913774			TRUE	TRUE
ENSG00000234076	TPRG1-AS1	B_pooled_effect_or_FDR	0.156586066949748	0.82374977400217			TRUE	TRUE
ENSG00000234147	AL035446.1	B_pooled_effect_or_FDR	-3.77239383449481	4.33484502574764e-38			FALSE	TRUE
ENSG00000234155	LINC02535	B_replication_direction	5.35862236324121	3.01289576243324e-14	-3.79712440389117	3.49702885366234e-06	FALSE	TRUE
ENSG00000234171	RNASEH1-AS1	B_pooled_effect_or_FDR	0.734380324799613	4.44948845112124e-05	-0.433046403391985	0.12683199087047	TRUE	TRUE
ENSG00000234177	LINC01114	B_replication_direction	3.75776957332821	1.62081661298877e-36			TRUE	TRUE
ENSG00000234184	LINC01781	A_tested_not_enriched_vs_normal_epithelium	2.47737436264588	5.3430514702972e-16	0.417150915651187	0.545019592647341	TRUE	TRUE
ENSG00000234222	LIX1L-AS1	B_pooled_effect_or_FDR	-0.376636357299917	0.482002739746016			TRUE	FALSE
ENSG00000234261	AL138720.1	B_pooled_effect_or_FDR	-6.44665806913109	0.0135112057698411			FALSE	FALSE
ENSG00000234290	AC116366.1	B_pooled_effect_or_FDR	-0.834471114209504	0.00236572234474444			TRUE	TRUE
ENSG00000234292	AC123595.1	bulk_expression_TCGA_CPTAC	1.8373297850739	9.2552423482984e-17			TRUE	FALSE
ENSG00000234390	USP27X-AS1	B_pooled_effect_or_FDR	0.981972436505615	0.0839984560002443			TRUE	TRUE
ENSG00000234452	SLC16A12-AS1	B_replication_direction	4.2954680563475	9.32348301629204e-08	-3.10272463151194	2.49002251320855e-06	FALSE	TRUE
ENSG00000234506	LINC01506	B_pooled_effect_or_FDR	0.571093012480618	0.0527672401117735	-2.1367120549807	1.11428552279205e-05	TRUE	TRUE
ENSG00000234509	AP000253.1	B_pooled_effect_or_FDR	1.06885027755228	0.0939191824477768			FALSE	FALSE
ENSG00000234546	LNCTAM34A	B_pooled_effect_or_FDR	1.24579219985477	0.0958367633764063			TRUE	TRUE
ENSG00000234601	CHRM3-AS1	B_replication_direction	3.81304027047497	2.08253982511856e-21			FALSE	TRUE
ENSG00000234608	MAPKAPK5-AS1	B_pooled_effect_or_FDR	-0.862678592281053	0.000377983751310351	0.284621469582342	0.418265395714218	TRUE	TRUE
ENSG00000234636	MED14OS	B_pooled_effect_or_FDR	-0.739785195312658	0.016418451744432			TRUE	TRUE
ENSG00000234663	LINC01934	B_pooled_effect_or_FDR	-4.52670538088908	5.00331285672629e-09			FALSE	FALSE
ENSG00000234665	LERFS	B_pooled_effect_or_FDR	0.829139084358982	1.13310803302216e-08	-1.51759099082776	0.00366793231287313	FALSE	FALSE
ENSG00000234678	ELF3-AS1	B_replication_direction	4.27980106595868	9.12175070476133e-85			TRUE	TRUE
ENSG00000234684	SDCBP2-AS1	B_pooled_effect_or_FDR	-0.463074450481582	0.313215433915341	-2.1287202525891	1.56306553034512e-07	TRUE	TRUE
ENSG00000234690	EPCAM-DT	A_tested_not_enriched_vs_normal_epithelium	4.13687143543804	0.000167298200949005	-0.165266802953638	0.709311686814228	TRUE	TRUE
ENSG00000234694	AL139289.1	B_pooled_effect_or_FDR	-0.298073433689354	0.131587009675093			FALSE	TRUE
ENSG00000234695	TFPI2-DT	B_replication_direction	5.01026669051662	3.28658139140599e-75			TRUE	TRUE
ENSG00000234705	HMGA1P4	B_pooled_effect_or_FDR	-1.73329159703133	1.04639868942268e-13			FALSE	TRUE
ENSG00000234771	SLC25A25-AS1	B_pooled_effect_or_FDR	-0.310411506622077	0.198762760680274	-3.06924863057615	2.55651796039687e-09	FALSE	TRUE
ENSG00000234779	BNC2-AS1	A_tested_not_enriched_vs_normal_epithelium	4.80509913771986	3.95988636378184e-08	0.417845745842192	0.294422585758455	TRUE	TRUE
ENSG00000234807	LINC01135	B_pooled_effect_or_FDR	0.396067374481804	0.298817714884632			FALSE	TRUE
ENSG00000234840	LINC01239	B_replication_direction	3.94904509100878	1.56354936678053e-31			FALSE	FALSE
ENSG00000234869	AL021392.1	B_replication_direction	3.19563465424527	1.8889167388469e-08			TRUE	TRUE
ENSG00000234883	MIR155HG	B_pooled_effect_or_FDR	-1.79864078745819	1.02559740240254e-25	2.33942454621834	0.290753160691292	TRUE	TRUE
ENSG00000234915	AL360091.3	B_pooled_effect_or_FDR	-2.59065324861365	2.24830732057951e-31			FALSE	FALSE
ENSG00000234919	LINC01827	B_pooled_effect_or_FDR	-3.74688852305246	4.93582918196479e-22			FALSE	FALSE
ENSG00000234928	LINC01659	B_replication_direction	1.68439651702803	0.00323945153697174			FALSE	FALSE
ENSG00000234936	AC010883.1	B_pooled_effect_or_FDR	0.821770791101958	0.0773189117160117			TRUE	TRUE
ENSG00000234949	AC104667.2	A_tested_not_enriched_vs_normal_epithelium	4.66486267602414	2.01320122805136e-05	0.282724345260464	0.58138569598097	TRUE	TRUE
ENSG00000234961	AL133415.1	B_pooled_effect_or_FDR	0.55018920803779	0.414085865542803			FALSE	FALSE
ENSG00000235023	AP001626.1	B_replication_direction	5.46490322340688	0.0347154184968018			FALSE	TRUE
ENSG00000235033	DAAM2-AS1	B_pooled_effect_or_FDR	-1.22306432822068	0.000163725407685163			FALSE	FALSE
ENSG00000235078	AC231981.1	B_pooled_effect_or_FDR	0.00783823169236318	0.959615408119406			TRUE	TRUE
ENSG00000235119	AL138895.1	B_pooled_effect_or_FDR	-2.94593135795165	5.23071582305008e-23			FALSE	FALSE
ENSG00000235139	AC003984.1	A_tested_not_enriched_vs_normal_epithelium	6.02571456804432	2.94922658977199e-13	0.800182452983287	0.595365796316789	TRUE	TRUE
ENSG00000235200	LINC01702	B_pooled_effect_or_FDR			-3.47983317182037	0.0130693089300917	FALSE	FALSE
ENSG00000235244	DANT2	bulk_expression_TCGA_CPTAC	3.42439219761909	0.000323406231212128			TRUE	FALSE
ENSG00000235280	MCF2L-AS1	B_pooled_effect_or_FDR	-4.34699787626635	3.04777639246935e-09			FALSE	TRUE
ENSG00000235298	AL354733.3	B_pooled_effect_or_FDR	-0.970301623020031	4.83863251999553e-10			FALSE	TRUE
ENSG00000235304	LINC01281	B_pooled_effect_or_FDR	-4.95158575982357	4.6640607731559e-37			FALSE	FALSE
ENSG00000235314	LINC00957	B_pooled_effect_or_FDR	0.694876996154272	0.165937783520753			TRUE	TRUE
ENSG00000235319	AC012360.1	B_pooled_effect_or_FDR	0.0298198256196636	0.972281719133061			FALSE	FALSE
ENSG00000235366	LINC01055	B_pooled_effect_or_FDR			-7.19095043313547	4.86903060136645e-13	FALSE	FALSE
ENSG00000235385	LINC02154	B_pooled_effect_or_FDR	1.34727035218945	0.112931625018707			FALSE	FALSE
ENSG00000235434	AL391883.1	A_tested_not_enriched_vs_normal_epithelium	6.13762929758589	8.00717737195245e-12	-0.321757517603741	0.436710338985139	TRUE	TRUE
ENSG00000235501	AC105942.1	A_tested_not_enriched_vs_normal_epithelium	2.56328088296613	2.62130500495134e-05	-1.11206038806419	0.00365800812571024	TRUE	TRUE
ENSG00000235513	L3MBTL2-AS1	B_pooled_effect_or_FDR	-1.71369828080793	1.37823101806154e-13			FALSE	FALSE
ENSG00000235527	HIPK1-AS1	B_pooled_effect_or_FDR	-1.89188794250729	0.0860183886029729			TRUE	FALSE
ENSG00000235532	LINC00402	B_pooled_effect_or_FDR	-3.89602854215224	3.84017126252527e-34			FALSE	FALSE
ENSG00000235560	AC002310.1	B_pooled_effect_or_FDR	0.0941279187028022	0.778123787527643	-0.232717988867381	0.709311686814228	TRUE	TRUE
ENSG00000235576	LINC01871	B_pooled_effect_or_FDR	-3.82937305807847	0.00818690581138573			TRUE	TRUE
ENSG00000235590	GNAS-AS1	B_replication_direction	1.77799997426303	1.32763393381635e-09			FALSE	FALSE
ENSG00000235609	AF127577.4	B_pooled_effect_or_FDR	-0.420770076389382	0.0402329272829859			FALSE	TRUE
ENSG00000235621	LINC00494	discovery_donor_expression	3.00705329750039	1.72148295397572e-17			FALSE	TRUE
ENSG00000235641	LINC00484	B_pooled_effect_or_FDR	-1.09107420443016	0.279769637465727			FALSE	FALSE
ENSG00000235652	FBXO30-DT	B_pooled_effect_or_FDR	-0.338450066967425	0.00549741401551177	-1.2702388111021	0.0136534919028637	FALSE	TRUE
ENSG00000235659	AL391987.4	B_replication_direction	1.16966263749768	0.000446027870238881			FALSE	TRUE
ENSG00000235703	LINC00894	B_pooled_effect_or_FDR	0.264233517362496	0.441294923634272			FALSE	TRUE
ENSG00000235706	DICER1-AS1	B_pooled_effect_or_FDR	0.967009988713371	0.00246502584150629	0.319137963385466	0.479173221334146	TRUE	TRUE
ENSG00000235736	AL031275.1	B_replication_direction	4.19093303325804	3.31329817480307e-12			FALSE	TRUE
ENSG00000235823	OLMALINC	B_pooled_effect_or_FDR	0.25901091880198	0.184184797623197	-0.356315990452511	0.676737767977074	TRUE	TRUE
ENSG00000235831	BHLHE40-AS1	B_pooled_effect_or_FDR	-3.33626978289062	0.00239724453675239			TRUE	TRUE
ENSG00000235865	GSN-AS1	B_pooled_effect_or_FDR	-2.25476867587084	3.79156258382142e-19			FALSE	FALSE
ENSG00000235888	AF064858.1	discovery_donor_expression	2.05262402904374	0.00612152694797579			FALSE	TRUE
ENSG00000235897	TM4SF19-AS1	B_replication_direction	1.09673924261997	0.000162562215626092			TRUE	FALSE
ENSG00000235899	LINC01564	B_replication_direction	3.41546127032323	3.5171546150776e-11			FALSE	TRUE
ENSG00000235904	RBMS3-AS3	B_pooled_effect_or_FDR	-1.00749880589322	0.0174737604774477			FALSE	FALSE
ENSG00000235919	ASH1L-AS1	B_pooled_effect_or_FDR	-1.000831744438	0.214051122449095	-0.492629374190219	0.43226040278721	TRUE	TRUE
ENSG00000235947	EGOT	A_tested_not_enriched_vs_normal_epithelium	3.72768460839064	8.30005851909197e-32	-0.209101674899508	0.769409571948929	TRUE	TRUE
ENSG00000235978	AC018816.1	B_pooled_effect_or_FDR	-0.348872026474538	0.0721168752107803			TRUE	TRUE
ENSG00000235989	MORC2-AS1	B_pooled_effect_or_FDR	0.0309572607625569	0.888237853579305			TRUE	FALSE
ENSG00000235997	LINC01936	B_pooled_effect_or_FDR	-0.808350647820104	0.14623452945373			FALSE	TRUE
ENSG00000236008	LINC01814	bulk_expression_TCGA_CPTAC	1.27010976287135	1.06115150026455e-09			TRUE	FALSE
ENSG00000236017	ASMTL-AS1	B_pooled_effect_or_FDR	-0.22361085120025	0.263768977228447			FALSE	TRUE
ENSG00000236021	AL591043.2	B_pooled_effect_or_FDR	-0.615410423001516	0.155388067535045			FALSE	FALSE
ENSG00000236039	AC019117.1	B_replication_direction	6.06083388738271	0.0314521760754304			FALSE	TRUE
ENSG00000236064	AL109946.1	discovery_donor_expression	4.4883539790071	4.34930691505724e-91			FALSE	TRUE
ENSG00000236069	AL136987.1	B_pooled_effect_or_FDR	-5.14076102297528	5.56098587269642e-35			FALSE	FALSE
ENSG00000236081	ELFN1-AS1	B_pooled_effect_or_FDR	-2.75608476310641	0.263115716701471			FALSE	FALSE
ENSG00000236107	SCN1A-AS1	bulk_expression_TCGA_CPTAC	4.78317613361691	3.92014399544822e-87			TRUE	FALSE
ENSG00000236120	AC110995.1	B_pooled_effect_or_FDR	-4.94588765288271	1.61430809968291e-11			FALSE	TRUE
ENSG00000236140	AC245014.1	B_pooled_effect_or_FDR	-1.61325851741251	9.64403785907774e-12			FALSE	FALSE
ENSG00000236144	TMEM147-AS1	B_pooled_effect_or_FDR	-0.0611121632920127	0.694615271708068			TRUE	TRUE
ENSG00000236154	AL450311.1	B_pooled_effect_or_FDR	1.27622009602775	0.0781866944308951			FALSE	TRUE
ENSG00000236200	KDM4A-AS1	B_pooled_effect_or_FDR	-0.174073705599754	0.469661994832087			FALSE	TRUE
ENSG00000236204	LINC01376	B_replication_direction	2.07803927717284	2.39565305906504e-46			FALSE	TRUE
ENSG00000236206	AL356441.1	B_pooled_effect_or_FDR	0.0769431711497102	0.883146365313258			FALSE	FALSE
ENSG00000236213	AC006369.1	B_pooled_effect_or_FDR	-4.64166551106777	2.15336804652786e-72			FALSE	FALSE
ENSG00000236255	AC009404.1	B_pooled_effect_or_FDR	-1.97362238653104	3.33221483040352e-05			TRUE	TRUE
ENSG00000236283	AC019197.1	B_pooled_effect_or_FDR	-0.0893640965212669	0.841264537452251	-2.62673388755489	0.00634542667053455	FALSE	FALSE
ENSG00000236305	SLC12A9-AS1	B_replication_direction	2.53904877631238	2.24593103964137e-12			FALSE	TRUE
ENSG00000236318	AC019117.2	A_replication_direction	6.08614868611436	6.00497542155914e-05	8.68598236198152	0.0325454448606016	TRUE	TRUE
ENSG00000236404	VLDLR-AS1	bulk_expression_TCGA_CPTAC	3.79201431233638	3.29200557049327e-10			TRUE	FALSE
ENSG00000236423	LINC01134	B_replication_direction	2.22670288413682	0.018463167262582			FALSE	TRUE
ENSG00000236453	AC003092.1	discovery_donor_expression	5.08865315665553	1.68470513505512e-06			FALSE	TRUE
ENSG00000236481	LINC02195	B_pooled_effect_or_FDR	-3.9452232676414	3.08975076544602e-06			FALSE	TRUE
ENSG00000236514	AL135791.1	B_pooled_effect_or_FDR	0.668969927932826	7.52384409024174e-05	2.44104525875061	0.0193680098888077	TRUE	TRUE
ENSG00000236617	AC127070.1	B_pooled_effect_or_FDR	-0.208264257230471	0.242549330765463			FALSE	TRUE
ENSG00000236618	PITPNA-AS1	B_pooled_effect_or_FDR	0.742878698809157	0.0010291003249649	0.0309273004299043	0.972371371789305	TRUE	TRUE
ENSG00000236663	FRGCA	B_replication_direction	3.56592824070176	6.92822404817129e-28			TRUE	FALSE
ENSG00000236682	MAP3K2-DT	B_pooled_effect_or_FDR	0.549581449486812	0.0985735845629779			TRUE	TRUE
ENSG00000236700	LINC01010	B_pooled_effect_or_FDR	-2.07004644783893	1.55535770108556e-08			FALSE	FALSE
ENSG00000236740	AL033384.1	A_tested_not_enriched_vs_normal_epithelium	5.10685629457643	1.30997019338151e-07	1.77577730300459	0.43226040278721	TRUE	TRUE
ENSG00000236756	DNAJC9-AS1	B_pooled_effect_or_FDR	0.644222453598778	0.00151665147708568			FALSE	FALSE
ENSG00000236778	INTS6-AS1	B_pooled_effect_or_FDR	0.217076205757131	0.446031208738829	-0.106576955567698	0.899315579293985	TRUE	FALSE
ENSG00000236790	LINC00299	B_pooled_effect_or_FDR	-2.83413750535987	0.0748924517118105			FALSE	FALSE
ENSG00000236810	ELOA-AS1	B_pooled_effect_or_FDR	0.615220461663147	0.0113126973138086	-1.00136230789166	0.0638133929753443	TRUE	TRUE
ENSG00000236833	AC024560.1	B_replication_direction	2.37302748209524	0.0447470842102447			FALSE	FALSE
ENSG00000236859	NIFK-AS1	B_pooled_effect_or_FDR	0.311366012685398	0.0177954535849046	0.609119294858449	0.0786567502649993	TRUE	TRUE
ENSG00000236871	LINC00106	B_pooled_effect_or_FDR	-0.49757680266387	0.377254948449336			FALSE	TRUE
ENSG00000236886	AC007563.2	B_pooled_effect_or_FDR	0.114045411807572	0.797030092957554			FALSE	FALSE
ENSG00000236914	LINC01852	B_pooled_effect_or_FDR	-0.258746708153713	0.655352683433188			FALSE	TRUE
ENSG00000236924	AL162411.1	A_tested_not_enriched_vs_normal_epithelium	4.51830100484948	4.98487226048602e-18	-1.93067276012367	0.000669773200568926	TRUE	TRUE
ENSG00000236935	AP003774.2	B_pooled_effect_or_FDR	-4.06089870938907	1.23414665110081e-09			FALSE	TRUE
ENSG00000237036	ZEB1-AS1	B_pooled_effect_or_FDR	0.18308419231551	0.41103890550716	0.00769182006685618	0.992051571303113	TRUE	TRUE
ENSG00000237054	PRMT5-AS1	B_pooled_effect_or_FDR	-2.32325583529964	0.0452642403474723			FALSE	FALSE
ENSG00000237101	AC092809.4	B_replication_direction	2.42141246727477	1.1245835390404e-17			TRUE	FALSE
ENSG00000237149	ZNF503-AS2	A_tested_not_enriched_vs_normal_epithelium	2.04517949275922	0.0231291018916636	-1.83826222404974	8.22354515582757e-05	TRUE	TRUE
ENSG00000237181	PRKAR1B-AS1	B_pooled_effect_or_FDR	-1.8947642588768	4.17617881975388e-06			TRUE	TRUE
ENSG00000237187	NR2F1-AS1	B_pooled_effect_or_FDR	0.550756421219754	0.54202807477241			TRUE	TRUE
ENSG00000237188	AC242426.2	B_pooled_effect_or_FDR	-0.549361179421954	4.65787060196739e-06			TRUE	FALSE
ENSG00000237248	LINC00987	B_pooled_effect_or_FDR	-4.42187547030438	1.45873541879004e-107			FALSE	TRUE
ENSG00000237298	TTN-AS1	B_pooled_effect_or_FDR	-1.0678510288864	0.00194044570274923	0.896276351200824	0.150024142492212	TRUE	FALSE
ENSG00000237310	GS1-124K5.4	B_pooled_effect_or_FDR	0.960089094102831	1.14064669248967e-08	-0.673765130940355	0.0714692943927498	TRUE	TRUE
ENSG00000237343	AC246785.3	B_pooled_effect_or_FDR	-1.36822517486117	0.223352642749463			FALSE	FALSE
ENSG00000237357	BX088651.4	bulk_expression_TCGA_CPTAC	1.92626961659211	4.23129869877678e-23	1.38806007611558	0.00242980749127804	TRUE	FALSE
ENSG00000237359	AL354977.2	B_pooled_effect_or_FDR	0.114997344501075	0.828230096194583			FALSE	FALSE
ENSG00000237372	UNQ6494	B_pooled_effect_or_FDR	-3.31681930149031	0.000210886533734972			FALSE	FALSE
ENSG00000237380	HOXD-AS2	A_tested_not_enriched_vs_normal_epithelium	4.88987488691015	8.78343294914531e-05	0.0474240275531627	0.928567762988484	TRUE	TRUE
ENSG00000237399	PITRM1-AS1	B_replication_direction	2.45892059201229	4.11720888924933e-23			FALSE	TRUE
ENSG00000237422	AL158071.3	B_pooled_effect_or_FDR	-3.75416349631758	3.83578109622128e-06			FALSE	FALSE
ENSG00000237424	FOXD2-AS1	B_pooled_effect_or_FDR	-0.67889038246336	0.0933475002365795			FALSE	TRUE
ENSG00000237471	AC073115.2	B_replication_direction	2.84763960676588	1.49580199050744e-08			FALSE	TRUE
ENSG00000237476	LINC01637	B_pooled_effect_or_FDR	0.504910582234634	0.300073221842078			TRUE	TRUE
ENSG00000237484	LINC01684	B_pooled_effect_or_FDR	-5.36284516887208	4.83707006187313e-179			FALSE	FALSE
ENSG00000237491	LINC01409	B_pooled_effect_or_FDR	-1.30190945315554	0.000247873248526369			TRUE	FALSE
ENSG00000237499	WAKMAR2	B_pooled_effect_or_FDR	-3.41176036125216	6.90411915221305e-16			TRUE	TRUE
ENSG00000237512	UNC5B-AS1	B_pooled_effect_or_FDR	-1.45804812690924	0.0359812197103662			FALSE	TRUE
ENSG00000237513	AC007384.1	B_pooled_effect_or_FDR	-4.57656128321485	3.52166964942547e-08			FALSE	FALSE
ENSG00000237523	LINC00857	B_replication_direction	2.63405402174958	1.10579494925568e-12			FALSE	TRUE
ENSG00000237531	AL672277.1	B_pooled_effect_or_FDR	0.60191699556913	0.72562268829854			FALSE	FALSE
ENSG00000237596	AL138828.1	B_pooled_effect_or_FDR	-1.8140461091132	1.07252679064579e-10			FALSE	FALSE
ENSG00000237605	DYRK3-AS1	B_pooled_effect_or_FDR	-1.07542661087664	1.45361972573288e-06			FALSE	FALSE
ENSG00000237614	AC073257.2	B_pooled_effect_or_FDR	-1.2455957254768	0.236399461614455			FALSE	TRUE
ENSG00000237637	FRY-AS1	B_pooled_effect_or_FDR	-0.979200459438515	0.118456635579903			FALSE	FALSE
ENSG00000237667	LINC01115	B_pooled_effect_or_FDR	0.98861399129789	0.129066981415457			FALSE	FALSE
ENSG00000237686	AL109615.3	A_replication_direction	4.79356805736257	5.31888003545774e-29	4.43216451248077	8.68000383585514e-10	TRUE	TRUE
ENSG00000237742	AL365259.1	A_single_dataset_lower_than_normal_epithelium	2.96661879456736	1.19463747616232e-08			TRUE	TRUE
ENSG00000237753	AC079922.2	B_pooled_effect_or_FDR	-1.78748431098634	9.39951054099637e-08			TRUE	TRUE
ENSG00000237773	AC073332.1	B_pooled_effect_or_FDR	-0.118173999010419	0.72562268829854	0.303740814735222	0.43226040278721	TRUE	FALSE
ENSG00000237797	MACORIS	B_pooled_effect_or_FDR	-4.338226017669	1.10957703654321e-25			FALSE	TRUE
ENSG00000237883	DGUOK-AS1	B_pooled_effect_or_FDR	-2.59926169070416	5.56306873001286e-15			FALSE	TRUE
ENSG00000237886	NALT1	B_pooled_effect_or_FDR	0.682581571136842	0.000641037610869942			FALSE	TRUE
ENSG00000237927	AL078604.2	B_pooled_effect_or_FDR	1.42771326270374	0.157003874332715			FALSE	TRUE
ENSG00000237945	LINC00649	B_pooled_effect_or_FDR	-1.27046443421708	0.00112943252471936	2.52666651289884	3.90620460167762e-05	TRUE	TRUE
ENSG00000237949	LINC00844	A_tested_not_enriched_vs_normal_epithelium	5.64640490281882	1.22156998211985e-08	0.656258852134751	0.505753737384063	TRUE	TRUE
ENSG00000237950	AL357079.1	B_replication_direction	2.82460112845827	4.37216156824495e-45			TRUE	TRUE
ENSG00000237975	FLG-AS1	B_replication_direction	1.77798790350046	1.39303765109138e-10			FALSE	TRUE
ENSG00000237976	RFX5-AS1	B_pooled_effect_or_FDR	-2.6785539374074	2.69941130974871e-63			FALSE	TRUE
ENSG00000237989	LINC01679	B_pooled_effect_or_FDR	-3.78203592173202	1.45006802573591e-11			FALSE	TRUE
ENSG00000238005	AL391832.2	B_pooled_effect_or_FDR	-1.2145229237286	2.50099537705261e-10			TRUE	FALSE
ENSG00000238045	AC009133.1	A_replication_direction	2.06629052166803	1.32243579657165e-38	1.68657824746073	2.57762958080125e-05	TRUE	TRUE
ENSG00000238057	ZEB2-AS1	B_pooled_effect_or_FDR	-0.910106751542713	1.12334909183663e-09			TRUE	FALSE
ENSG00000238102	AL080248.1	B_replication_direction	5.63300166182	2.57143830663731e-86			FALSE	TRUE
ENSG00000238113	LINC01410	B_pooled_effect_or_FDR	-2.59502196748364	1.75009384728787e-30			FALSE	TRUE
ENSG00000238117	AP000844.2	B_replication_direction	4.20839504962764	1.796471620351e-11			FALSE	TRUE
ENSG00000238121	LINC00426	B_pooled_effect_or_FDR	-4.43527749283626	0.000174099709459548			FALSE	TRUE
ENSG00000238142	BX284668.5	B_pooled_effect_or_FDR	0.0859346117971697	0.849455806677432	-0.352878409687264	0.336488404437284	TRUE	TRUE
ENSG00000238164	TNFRSF14-AS1	B_pooled_effect_or_FDR	-0.161322323224908	0.67368631899845	0.548022844173547	0.286301463116393	TRUE	TRUE
ENSG00000238171	AC068196.1	B_pooled_effect_or_FDR	-6.40695724063714	0.0547996052542686			FALSE	FALSE
ENSG00000238184	CD81-AS1	B_replication_direction	1.20645914991176	0.0072174350446448			FALSE	TRUE
ENSG00000238197	PAXBP1-AS1	B_pooled_effect_or_FDR	-0.677351298059431	0.0115162604869503			FALSE	TRUE
ENSG00000238198	LRIG2-DT	B_pooled_effect_or_FDR	0.454583078235688	0.347460517276403			FALSE	TRUE
ENSG00000238266	LINC00707	B_replication_direction	3.83921945357845	7.05122390474132e-39			FALSE	TRUE
ENSG00000238287	AL603839.3	B_pooled_effect_or_FDR	0.306320468425921	0.0805891375077215			FALSE	TRUE
ENSG00000238290	AL034417.2	B_replication_direction	2.11746980751229	8.01683479631103e-05			TRUE	FALSE
ENSG00000239213	NCK1-DT	B_pooled_effect_or_FDR	-1.96843717583654	3.80096344350089e-22			TRUE	TRUE
ENSG00000239407	Z68871.1	B_pooled_effect_or_FDR	0.558855550395243	0.000897058304990484			FALSE	TRUE
ENSG00000239453	SIDT1-AS1	B_pooled_effect_or_FDR	-4.88732599463568	0.00558579047503351			FALSE	FALSE
ENSG00000239467	AC007405.3	A_tested_not_enriched_vs_normal_epithelium	4.72625195092558	2.34674513104957e-149	0.214740447961025	0.632705779308784	TRUE	TRUE
ENSG00000239523	MYLK-AS1	B_pooled_effect_or_FDR	-0.494503459445905	0.494017140553467			FALSE	FALSE
ENSG00000239569	KMT2E-AS1	B_pooled_effect_or_FDR	-0.103134370224473	0.829939424984127	0.376828557883125	0.46697349478593	TRUE	TRUE
ENSG00000239636	TFAP2E-AS1	B_pooled_effect_or_FDR	-5.38868752410245	0.000487986850851103			FALSE	TRUE
ENSG00000239653	PSMD6-AS2	B_pooled_effect_or_FDR	-2.11036117409796	2.32059807274501e-45			FALSE	TRUE
ENSG00000239705	AL354710.2	B_pooled_effect_or_FDR	-0.701641593828772	0.270649896453096			FALSE	FALSE
ENSG00000239911	PRKAG2-AS1	B_pooled_effect_or_FDR	0.105808982972418	0.776189436170482	1.10994207187128	0.000916126364720718	TRUE	TRUE
ENSG00000240005	STIM2-AS1	B_pooled_effect_or_FDR	-0.134997178161998	0.398592357443967			FALSE	TRUE
ENSG00000240032	LNCSRLR	B_replication_direction	3.13142470589365	6.05671549068444e-40			FALSE	TRUE
ENSG00000240137	ERICH6-AS1	B_pooled_effect_or_FDR	0.747153915608851	0.24826402584546	0.347273373445509	0.316782849413789	TRUE	TRUE
ENSG00000240291	AL450384.2	B_pooled_effect_or_FDR	-0.760523288559204	0.214148338495975			TRUE	TRUE
ENSG00000240350	SOCAR	B_pooled_effect_or_FDR	-3.10147971231917	6.33051842289408e-26			FALSE	FALSE
ENSG00000240401	AC012358.2	bulk_expression_TCGA_CPTAC	1.33891474583885	4.65853851636073e-19			TRUE	FALSE
ENSG00000240498	CDKN2B-AS1	B_pooled_effect_or_FDR	-0.908053969567552	0.0811208617281111			FALSE	FALSE
ENSG00000240541	TM4SF1-AS1	B_pooled_effect_or_FDR	0.326310222291506	0.646178491915668			FALSE	FALSE
ENSG00000240567	LINC02067	B_pooled_effect_or_FDR	0.281347093735713	0.294693379330255			FALSE	FALSE
ENSG00000240859	AC093627.4	B_pooled_effect_or_FDR	0.236775876527809	0.364182329880314			TRUE	TRUE
ENSG00000240875	LINC00886	A_tested_not_enriched_vs_normal_epithelium	1.83655151537067	2.07951918228987e-09	-1.04325637591422	0.0627783558794609	TRUE	TRUE
ENSG00000240889	NDUFB2-AS1	B_pooled_effect_or_FDR	-0.956883311055521	0.19699676798905			TRUE	FALSE
ENSG00000240990	HOXA11-AS	B_pooled_effect_or_FDR	-0.16783074462625	0.725324785679515			FALSE	FALSE
ENSG00000241111	PRICKLE2-AS1	B_pooled_effect_or_FDR	-0.112152124309916	0.588959923710697			TRUE	FALSE
ENSG00000241135	LINC00881	B_pooled_effect_or_FDR	0.932440045960982	0.0390163249311835			FALSE	FALSE
ENSG00000241158	ADAMTS9-AS1	A_tested_not_enriched_vs_normal_epithelium	5.95182939416107	7.09199069408806e-08	-0.558464882371487	0.196637562112826	TRUE	TRUE
ENSG00000241163	LINC00877	B_pooled_effect_or_FDR	-5.22566264140414	0.00110639068094633			FALSE	FALSE
ENSG00000241295	ZBTB20-AS2	B_pooled_effect_or_FDR	0.569799313798857	0.00527095935149047	2.19102641861125	0.188777468117162	TRUE	FALSE
ENSG00000241313	WWTR1-AS1	B_replication_direction	1.15019176827227	0.000106117347142438			FALSE	TRUE
ENSG00000241316	SUCLG2-AS1	B_pooled_effect_or_FDR	0.298196674635821	0.292056933142041	-1.47365049654731	0.00557140829343703	FALSE	TRUE
ENSG00000241490	AC093010.1	B_pooled_effect_or_FDR	-4.10366722387948	7.91738803742536e-06			FALSE	FALSE
ENSG00000241525	AC141424.1	B_pooled_effect_or_FDR	-2.1908275932795	0.364186586417014			FALSE	FALSE
ENSG00000241570	PAQR9-AS1	B_replication_direction	4.92062945946262	4.59664329269347e-92			FALSE	FALSE
ENSG00000241666	AL031733.2	B_pooled_effect_or_FDR	-3.80231694328998	2.85176224366598e-13			FALSE	FALSE
ENSG00000241684	ADAMTS9-AS2	A_tested_not_enriched_vs_normal_epithelium	3.97225836120222	0.00109229426101578	1.6000253465507	0.0974378179876865	TRUE	TRUE
ENSG00000241764	AC002467.1	B_pooled_effect_or_FDR	0.184592803039077	0.588959923710697	-0.38069434908061	0.398692199134323	TRUE	TRUE
ENSG00000241769	LINC00893	B_pooled_effect_or_FDR	-0.219776603476191	0.564499526266067	0.737580069977929	0.275175294598308	TRUE	TRUE
ENSG00000241990	PRR34-AS1	A_tested_not_enriched_vs_normal_epithelium	1.103745592356	5.40709394607437e-17	-1.11900906354259	0.000428531751726553	TRUE	TRUE
ENSG00000242086	MUC20-OT1	B_pooled_effect_or_FDR	0.851519552488703	2.54780595454036e-13	0.59576074466133	0.155786641918503	TRUE	TRUE
ENSG00000242258	LINC00996	B_pooled_effect_or_FDR	-5.37629295317889	3.76595675110154e-06			FALSE	TRUE
ENSG00000242282	AC108488.1	B_pooled_effect_or_FDR	0.67213149105496	0.217344570076044	0.134955240047147	0.759592734239889	TRUE	FALSE
ENSG00000242516	LINC00960	B_pooled_effect_or_FDR	-0.255989869581934	0.655226924163543	1.06390195616147	0.14008273163046	FALSE	TRUE
ENSG00000242522	KLHL6-AS1	discovery_donor_expression	1.90095703808738	0.016418451744432			FALSE	TRUE
ENSG00000242539	AC007620.2	B_pooled_effect_or_FDR	-2.10955460511529	0.0615873808339482			FALSE	FALSE
ENSG00000242622	AC092910.3	B_pooled_effect_or_FDR	-0.570552522076968	0.00603646285171936			FALSE	TRUE
ENSG00000242759	LINC00882	discovery_donor_expression	2.43579248866869	0.0388545799567175			FALSE	FALSE
ENSG00000242861	AL591895.1	B_pooled_effect_or_FDR	0.429860823458446	0.000569708303617188			TRUE	TRUE
ENSG00000243081	AC092894.1	discovery_donor_expression	4.55104132623645	1.31509667918785e-05			FALSE	TRUE
ENSG00000243144	AC079760.2	A_replication_direction	5.83913131668873	1.33143554014874e-07	6.35636391589499	3.83819621549692e-21	TRUE	TRUE
ENSG00000243150	AC106707.1	B_pooled_effect_or_FDR	-0.00609072593822708	0.968290278159763	-0.140511211789083	0.753653080956012	TRUE	FALSE
ENSG00000243224	AC006252.1	B_pooled_effect_or_FDR	-1.69122690839906	0.116846940484755			FALSE	FALSE
ENSG00000243410	PSMD6-AS1	B_pooled_effect_or_FDR	-1.11733569797172	0.152032144189473			FALSE	FALSE
ENSG00000243694	LINC02027	A_tested_not_enriched_vs_normal_epithelium	5.66296168711592	6.2380468627325e-09	-2.07074705834727	1.35718587511444e-05	TRUE	TRUE
ENSG00000243701	DUBR	B_pooled_effect_or_FDR	0.470603044980306	0.497061495651814			TRUE	TRUE
ENSG00000243795	LINC02044	B_replication_direction	3.86895376457887	1.523927004318e-06			FALSE	FALSE
ENSG00000243819	RN7SL832P	B_pooled_effect_or_FDR	-0.220862997414288	0.420102128237805			TRUE	FALSE
ENSG00000243926	TIPARP-AS1	A_tested_not_enriched_vs_normal_epithelium	1.57452270343364	7.2619647130618e-16	0.0543337931477902	0.890175282851908	TRUE	TRUE
ENSG00000244036	AC073320.1	B_pooled_effect_or_FDR	-0.50561340287766	0.00516573735283625			FALSE	FALSE
ENSG00000244041	LINC01011	B_pooled_effect_or_FDR	0.560718558835625	2.73330915652597e-07	1.36698879763123	0.0565981437819961	TRUE	TRUE
ENSG00000244128	LINC01322	discovery_donor_expression	5.71751853972731	4.22540371883287e-18	0.448707266017895	0.714206252184174	FALSE	TRUE
ENSG00000244184	AC091153.3	B_replication_direction	1.19109193746323	1.71285125457654e-06			FALSE	FALSE
ENSG00000244198	ARHGEF35-AS1	B_pooled_effect_or_FDR	0.632847183901724	0.000992663623496033			FALSE	TRUE
ENSG00000244300	GATA2-AS1	B_pooled_effect_or_FDR	-5.16951177797654	4.07564464990908e-18	-4.83283967564539	1.49526701068776e-05	FALSE	TRUE
ENSG00000244459	AC147067.1	B_pooled_effect_or_FDR	-3.98127779996415	2.76892660522739e-33			FALSE	TRUE
ENSG00000244479	OR2A1-AS1	A_tested_not_enriched_vs_normal_epithelium	1.78506909352925	3.25807951526818e-05	-0.450653209159021	0.682823259827427	TRUE	TRUE
ENSG00000244558	KCNK15-AS1	B_replication_direction	2.49333910770726	1.91688337955433e-06			FALSE	FALSE
ENSG00000244586	WNT5A-AS1	B_pooled_effect_or_FDR	-1.80690755462686	0.00209783722750848			FALSE	TRUE
ENSG00000244625	MIATNB	B_pooled_effect_or_FDR	-1.80575028603269	0.00176013672790096			TRUE	TRUE
ENSG00000244649	LINC02086	B_pooled_effect_or_FDR	1.51567191490798	0.0770540517224226			FALSE	TRUE
ENSG00000244701	AC004918.1	B_pooled_effect_or_FDR	-1.05237629157558	8.26422193937317e-11			TRUE	TRUE
ENSG00000244733	AL132656.2	B_pooled_effect_or_FDR	-0.277742561499613	0.107137025405268			TRUE	TRUE
ENSG00000244879	GABPB1-AS1	B_pooled_effect_or_FDR	-0.885479308569666	0.117913332710781	0.996508481572413	0.000916126364720718	TRUE	TRUE
ENSG00000244968	LIFR-AS1	A_tested_not_enriched_vs_normal_epithelium	4.27514496919058	0.000524229096150892	-0.448194273692534	0.474127826631246	TRUE	TRUE
ENSG00000245017	LINC02453	B_pooled_effect_or_FDR	0.0647797351978204	0.778123787527643			FALSE	FALSE
ENSG00000245025	AC107959.1	B_pooled_effect_or_FDR	-2.67763410824494	0.01177291569611			FALSE	TRUE
ENSG00000245060	LINC00847	B_pooled_effect_or_FDR	-0.569116024704415	0.0345192582241065	0.929584869028658	0.0887758520208421	TRUE	TRUE
ENSG00000245105	A2M-AS1	B_pooled_effect_or_FDR	-1.0867448910054	0.110236216879116			TRUE	TRUE
ENSG00000245112	SMARCA5-AS1	B_pooled_effect_or_FDR	-0.719677546741591	0.0115047644513324			FALSE	TRUE
ENSG00000245146	MALINC1	A_tested_not_enriched_vs_normal_epithelium	1.07469849673111	6.86685817860531e-05	-0.000424615239676129	0.999547477964045	TRUE	TRUE
ENSG00000245149	RNF139-AS1	B_pooled_effect_or_FDR	-1.27751566448523	0.14598271454153			TRUE	TRUE
ENSG00000245164	LINC00861	B_pooled_effect_or_FDR	-4.35291225141696	7.00590765072148e-06			FALSE	TRUE
ENSG00000245248	USP2-AS1	B_replication_direction	1.92899866956435	5.98354319566059e-18			FALSE	FALSE
ENSG00000245275	SAP30L-AS1	B_pooled_effect_or_FDR	-0.906560132800984	0.0197123915485444			FALSE	FALSE
ENSG00000245281	AC124242.1	B_pooled_effect_or_FDR	0.13212848978147	0.836378624099165			FALSE	TRUE
ENSG00000245293	CYP2U1-AS1	B_replication_direction	2.24833512877788	0.000533143432142303			TRUE	FALSE
ENSG00000245317	AC008393.1	B_pooled_effect_or_FDR	1.17016122833854	0.0729915621551895			TRUE	TRUE
ENSG00000245468	LINC02447	bulk_expression_TCGA_CPTAC	1.37449914640298	0.000311914325298182	-2.3328599753992	1.34098205558422e-08	TRUE	FALSE
ENSG00000245498	AP000866.1	B_pooled_effect_or_FDR	0.855522646316697	3.93707883803978e-13			TRUE	TRUE
ENSG00000245522	LINC02709	B_replication_direction	1.35583841636473	2.66404837406214e-14			TRUE	TRUE
ENSG00000245532	NEAT1	B_pooled_effect_or_FDR	-0.306452282309937	0.470379173680724	1.84622475995424	0.0686126427978251	TRUE	TRUE
ENSG00000245534	RORA-AS1	B_pooled_effect_or_FDR	-1.53383078654417	3.11208315497394e-11			FALSE	FALSE
ENSG00000245552	AP000787.1	B_pooled_effect_or_FDR	-1.97975590796003	2.9956668319912e-12			FALSE	TRUE
ENSG00000245556	SCAMP1-AS1	B_pooled_effect_or_FDR	0.213760904806926	0.0539478355152817	-0.080211461583573	0.820390575752064	TRUE	TRUE
ENSG00000245571	FAM111A-DT	B_pooled_effect_or_FDR	0.165719835164574	0.584592107854628	0.179254469324499	0.88099700724159	TRUE	TRUE
ENSG00000245573	BDNF-AS	A_tested_not_enriched_vs_normal_epithelium	1.69299231943378	0.000134619905839368	-0.313822159033205	0.505753737384063	TRUE	TRUE
ENSG00000245614	DDX11-AS1	discovery_donor_expression	1.31509030535538	6.97090638550908e-12			FALSE	FALSE
ENSG00000245648	KLRK1-AS1	B_pooled_effect_or_FDR	0.941958524984428	0.0882255939693888			TRUE	FALSE
ENSG00000245750	DRAIC	A_tested_not_enriched_vs_normal_epithelium	3.04231396004177	0.0275363117503967	-1.23830015590861	0.124957956045514	TRUE	TRUE
ENSG00000245812	LINC02202	B_pooled_effect_or_FDR	-4.33142224466921	2.46201752089695e-18			FALSE	TRUE
ENSG00000245857	GS1-24F4.2	B_replication_direction	4.48404582338345	3.29065154997487e-31			FALSE	TRUE
ENSG00000245888	NSMCE1-DT	B_pooled_effect_or_FDR	-1.98135984448379	0.0444465149375266			FALSE	FALSE
ENSG00000245904	AC025164.1	B_pooled_effect_or_FDR	-2.39316153392956	7.70697049996116e-10	1.1650211463152	0.0110109063840303	TRUE	TRUE
ENSG00000245937	LINC01184	B_pooled_effect_or_FDR	0.220426120444188	0.126807212656661	-0.147403319940825	0.611801253218828	TRUE	TRUE
ENSG00000245954	LINC02273	B_pooled_effect_or_FDR	-4.47897799496911	6.90150641955621e-05			FALSE	TRUE
ENSG00000245970	AP003352.1	B_pooled_effect_or_FDR	-0.328200397159879	0.126045252218983			FALSE	TRUE
ENSG00000245975	AC090515.2	B_pooled_effect_or_FDR	0.918742632238245	9.79044256279008e-06			FALSE	TRUE
ENSG00000246016	LINC01513	B_replication_direction	1.11269458692272	0.00018048772812522			FALSE	FALSE
ENSG00000246022	ALDH1L1-AS2	B_replication_direction	5.36447358244089	1.71952981116733e-06			FALSE	TRUE
ENSG00000246067	RAB30-DT	B_pooled_effect_or_FDR	0.662361451897685	1.23026910687842e-14	-0.0481374082260144	0.880617938379566	TRUE	TRUE
ENSG00000246084	LINC02325	B_pooled_effect_or_FDR	-4.36429552333617	2.12255597379212e-05			FALSE	FALSE
ENSG00000246089	AC016065.1	B_pooled_effect_or_FDR	-0.463921496361082	0.00347304133556158	-0.322110406944003	0.668670163457472	TRUE	TRUE
ENSG00000246090	AP002026.1	B_pooled_effect_or_FDR	-1.09575318529689	4.55448235482128e-07			FALSE	FALSE
ENSG00000246100	LINC00900	B_pooled_effect_or_FDR	-1.96985471375246	8.26320027917759e-12			FALSE	FALSE
ENSG00000246174	KCTD21-AS1	B_pooled_effect_or_FDR	-0.254952941582704	0.127894189561198			FALSE	TRUE
ENSG00000246223	LINC01550	B_pooled_effect_or_FDR	1.40152727350733	0.128267131045666	0.267404813786833	0.433546543987659	TRUE	TRUE
ENSG00000246225	AC006299.1	B_pooled_effect_or_FDR	-0.221095634406947	0.395357241300187			FALSE	FALSE
ENSG00000246228	CASC8	B_pooled_effect_or_FDR	0.262714084465168	0.584690092989239			FALSE	FALSE
ENSG00000246263	UBR5-AS1	B_pooled_effect_or_FDR	-0.717825362835074	0.0789789977749157			TRUE	TRUE
ENSG00000246273	SBF2-AS1	A_tested_not_enriched_vs_normal_epithelium	2.36732153602706	2.6620247642987e-26	0.512124551786969	0.714206252184174	TRUE	TRUE
ENSG00000246334	PRR7-AS1	B_replication_direction	1.41515460210359	5.99612098851564e-11			FALSE	TRUE
ENSG00000246350	AL049543.1	B_replication_direction	4.46849006002681	1.9895389926096e-39			FALSE	FALSE
ENSG00000246366	LACTB2-AS1	B_pooled_effect_or_FDR	1.20691651265648	0.20036181073663			TRUE	FALSE
ENSG00000246451	AL049840.2	B_pooled_effect_or_FDR	-1.48765350694205	0.00637852348755649			TRUE	TRUE
ENSG00000246526	LINC02481	B_pooled_effect_or_FDR	-4.42188556865742	4.63698270737993e-12			FALSE	TRUE
ENSG00000246560	UBE2D3-AS1	B_pooled_effect_or_FDR	-0.886236879447931	4.15409852745591e-11			TRUE	TRUE
ENSG00000246627	CACNA1C-AS1	B_pooled_effect_or_FDR	-3.84915819653425	0.0127328791384228			FALSE	FALSE
ENSG00000246695	RASSF8-AS1	A_tested_not_enriched_vs_normal_epithelium	2.59122056562812	3.32469321065528e-05	-1.49714267318289	0.00660625049421089	TRUE	TRUE
ENSG00000246731	MGC16275	B_pooled_effect_or_FDR	-1.75028492106521	0.000170828624136596			FALSE	TRUE
ENSG00000246763	RGMB-AS1	B_replication_direction	1.93069937666537	2.70565299773734e-12			TRUE	FALSE
ENSG00000246851	AL157938.3	B_pooled_effect_or_FDR	-0.427568250109955	0.00128874735582942			TRUE	FALSE
ENSG00000246859	STARD4-AS1	A_replication_direction	2.12436603101237	0.00180539710483821	2.05386032322454	0.000595505314101632	TRUE	TRUE
ENSG00000246889	AP000487.1	B_pooled_effect_or_FDR	0.302682076054903	0.0648204724528076			TRUE	FALSE
ENSG00000246898	LINC00920	B_pooled_effect_or_FDR	-2.74202267833691	1.53612382276986e-29			FALSE	TRUE
ENSG00000247011	AC005920.1	B_pooled_effect_or_FDR	-2.14182012661427	0.0577453019998372			FALSE	FALSE
ENSG00000247081	BAALC-AS1	B_replication_direction	1.34144693382514	1.1676544100527e-08			FALSE	TRUE
ENSG00000247092	SNHG10	B_pooled_effect_or_FDR	-0.308398037353008	0.34368796593108	-1.22176382030783	0.000139682779598982	TRUE	TRUE
ENSG00000247121	AC009126.1	B_pooled_effect_or_FDR	-0.470377210833	0.0071904001617553			TRUE	TRUE
ENSG00000247131	AC025263.1	B_replication_direction	1.7628329401567	1.24372394861184e-07			TRUE	FALSE
ENSG00000247134	AC090204.1	B_pooled_effect_or_FDR	1.50362222326527	0.0890242217395755	1.35136106221249	0.046575006454992	TRUE	TRUE
ENSG00000247157	LINC01252	B_pooled_effect_or_FDR	-0.411013487434083	0.122034852984411			TRUE	FALSE
ENSG00000247193	AC104078.1	B_pooled_effect_or_FDR	-3.39183135840456	0.00465619076479034			FALSE	FALSE
ENSG00000247199	AC011346.1	bulk_expression_TCGA_CPTAC	1.55784983962034	0.000237740414141153			TRUE	FALSE
ENSG00000247228	AC009060.1	A_tested_not_enriched_vs_normal_epithelium	4.64892250739064	3.06913282201985e-08	-0.750602135275533	0.131738113442821	TRUE	TRUE
ENSG00000247240	UBL7-AS1	B_pooled_effect_or_FDR	-0.916969101854384	7.67573641434759e-05			TRUE	TRUE
ENSG00000247271	ZBED5-AS1	B_pooled_effect_or_FDR	0.742566309956585	0.0195515428034051	-1.47174714412477	0.000742374609609846	TRUE	TRUE
ENSG00000247287	AL359220.1	B_pooled_effect_or_FDR	-4.93136652816142	7.22144281557486e-177			FALSE	TRUE
ENSG00000247317	LY6E-DT	A_tested_not_enriched_vs_normal_epithelium	3.28672268003605	1.21276169625934e-16	0.37135747283754	0.712118257737672	TRUE	TRUE
ENSG00000247363	AC090061.1	B_pooled_effect_or_FDR	-1.25530943070028	0.394630019740678			FALSE	FALSE
ENSG00000247373	TMED2-DT	B_pooled_effect_or_FDR	0.279286609920882	0.0919414175637334			FALSE	TRUE
ENSG00000247400	DNAJC3-DT	B_pooled_effect_or_FDR	0.708961458542001	0.00520678395197941	0.314309755568788	0.595120597086889	TRUE	TRUE
ENSG00000247498	GPRC5D-AS1	A_tested_not_enriched_vs_normal_epithelium	2.23823532340595	7.58340149072155e-09	0.385581587377724	0.367209318637648	TRUE	TRUE
ENSG00000247516	MIR4458HG	A_tested_not_enriched_vs_normal_epithelium	2.12334065869263	1.91252086506255e-37	-0.634827618228908	0.255639286395324	TRUE	TRUE
ENSG00000247572	CKMT2-AS1	B_pooled_effect_or_FDR	0.305914242831764	0.0121018517862589			TRUE	TRUE
ENSG00000247675	LRP4-AS1	B_pooled_effect_or_FDR	-0.393024840262468	0.516029580034758			FALSE	FALSE
ENSG00000247679	AC139795.2	B_pooled_effect_or_FDR	-0.153068239162897	0.849506389538033			TRUE	TRUE
ENSG00000247708	STX18-AS1	B_pooled_effect_or_FDR	-0.793941745831522	0.125171382181955			FALSE	FALSE
ENSG00000247728	AC091057.2	B_pooled_effect_or_FDR	-0.622759413326493	0.00454726074531384			FALSE	FALSE
ENSG00000247735	AC120114.1	B_replication_direction	1.79281918176393	0.000464587023717918			FALSE	TRUE
ENSG00000247796	AC008966.1	A_tested_not_enriched_vs_normal_epithelium	1.74179250763511	2.86538059188187e-50	-0.63165487697817	0.153360759386333	TRUE	TRUE
ENSG00000247828	TMEM161B-AS1	A_tested_not_enriched_vs_normal_epithelium	1.34904252343742	8.68628971041688e-33	0.831310370114197	0.0146941267893752	TRUE	TRUE
ENSG00000247853	AC006064.2	B_pooled_effect_or_FDR	0.15916578135742	0.889349980493259			FALSE	FALSE
ENSG00000247934	AC022364.1	A_tested_not_enriched_vs_normal_epithelium	1.24985019478121	6.38628124230678e-19	0.172462990192423	0.822829812367609	TRUE	TRUE
ENSG00000247950	SEC24B-AS1	B_pooled_effect_or_FDR	0.652831270696296	3.31640598921753e-06			TRUE	TRUE
ENSG00000247982	LINC00926	B_pooled_effect_or_FDR	-1.57629139473662	0.123533256532061			TRUE	TRUE
ENSG00000248008	NRAV	A_tested_not_enriched_vs_normal_epithelium	2.67182195400178	4.87515336718853e-101	0.578885325686973	0.0647264826701031	TRUE	TRUE
ENSG00000248015	AC005329.1	B_pooled_effect_or_FDR	0.734025915323665	0.0109573365755924			FALSE	FALSE
ENSG00000248019	FAM13A-AS1	B_pooled_effect_or_FDR	-0.0579598600548758	0.853608736503537			TRUE	TRUE
ENSG00000248049	UBA6-AS1	B_pooled_effect_or_FDR	0.748405841661658	3.34329555185305e-12	0.302584773445971	0.494537501593718	TRUE	TRUE
ENSG00000248079	DPH6-DT	discovery_donor_expression	2.21121968642176	1.61028389768333e-23			FALSE	TRUE
ENSG00000248092	NNT-AS1	B_pooled_effect_or_FDR	0.807330073262159	2.08433404157412e-17	-0.408845210870721	0.199030040932202	TRUE	TRUE
ENSG00000248223	AC026785.2	B_pooled_effect_or_FDR	-0.193533866851236	0.365789641641733			FALSE	FALSE
ENSG00000248309	MEF2C-AS1	B_pooled_effect_or_FDR	-2.91122468893932	0.0174456689270573			FALSE	FALSE
ENSG00000248319	LINC02275	discovery_donor_expression	5.0986519268615	1.66623619015382e-31	-0.91508392045626	0.352681181622268	FALSE	TRUE
ENSG00000248323	LUCAT1	B_pooled_effect_or_FDR	0.8951740415927	0.0515161748520744	4.80200625111332	5.45130134149872e-06	TRUE	TRUE
ENSG00000248360	LINC00504	B_pooled_effect_or_FDR	-0.322899532084596	0.0929955474478505			TRUE	FALSE
ENSG00000248367	AC008610.1	discovery_donor_expression	1.54089735865767	2.78694602375443e-14			FALSE	TRUE
ENSG00000248373	AC096577.1	discovery_donor_expression	5.48838353165073	1.25065510003589e-43			FALSE	TRUE
ENSG00000248429	FAM198B-AS1	B_pooled_effect_or_FDR	-4.39350764820075	2.65327860253196e-113			FALSE	FALSE
ENSG00000248441	LINC01197	B_pooled_effect_or_FDR	-4.39597280027389	1.56426283461556e-49			FALSE	TRUE
ENSG00000248445	SEMA6A-AS1	B_pooled_effect_or_FDR	0.256287211793514	0.168483034355102			TRUE	TRUE
ENSG00000248489	LINC02062	B_pooled_effect_or_FDR	0.39578041050471	0.165937783520753			FALSE	TRUE
ENSG00000248508	SRP14-AS1	B_pooled_effect_or_FDR	-0.0277352304040449	0.949315372332629	-1.66911647655691	1.97830742622614e-08	TRUE	TRUE
ENSG00000248538	AC022784.1	discovery_donor_expression	4.43149915389459	4.47946498254996e-63			FALSE	FALSE
ENSG00000248559	AC109454.2	B_pooled_effect_or_FDR	-0.50436302839294	0.0131941836969858			TRUE	TRUE
ENSG00000248636	AC002070.1	B_pooled_effect_or_FDR	-2.67535247515804	4.04484311004763e-22			TRUE	TRUE
ENSG00000248663	LINC00992	discovery_donor_expression	5.72214588998507	4.40276940068062e-13			FALSE	TRUE
ENSG00000248734	AC008906.1	B_pooled_effect_or_FDR	-0.1139493441951	0.817723524693956			TRUE	TRUE
ENSG00000248787	AC092903.2	B_replication_direction	1.88907457974339	4.43626524626004e-28			TRUE	TRUE
ENSG00000248810	LINC02432	B_pooled_effect_or_FDR	-2.46322109449395	0.000153548946873637	-1.21919675393947	0.105017729707693	FALSE	FALSE
ENSG00000248866	USP46-DT	B_pooled_effect_or_FDR	-0.222921249390634	0.611088607101507			FALSE	TRUE
ENSG00000248869	LINC02511	B_replication_direction	4.51933400936202	1.54967771680035e-12			FALSE	FALSE
ENSG00000248874	C5orf17	B_pooled_effect_or_FDR	-1.17325305609228	0.0382028483104035			FALSE	FALSE
ENSG00000248890	HHIP-AS1	A_replication_direction	2.97315350291527	1.20085261980435e-17	3.43117095173444	0.0403252955021904	TRUE	TRUE
ENSG00000248932	AC046134.2	B_pooled_effect_or_FDR	0.878883413569133	3.7412294906705e-10			TRUE	TRUE
ENSG00000248968	AC012640.1	B_pooled_effect_or_FDR	0.5117417639862	0.0370881467094956			FALSE	FALSE
ENSG00000249001	AC093895.1	B_pooled_effect_or_FDR	-1.7447081368267	1.9624065288669e-06			FALSE	FALSE
ENSG00000249021	AC008549.2	B_pooled_effect_or_FDR	-0.115344990925466	0.822028692039218			TRUE	FALSE
ENSG00000249042	AC008771.1	bulk_expression_TCGA_CPTAC	1.35483377195171	8.32897192756964e-05	-1.02039960786262	0.0055766767092816	TRUE	FALSE
ENSG00000249087	ZNF436-AS1	B_pooled_effect_or_FDR	1.11627775603294	0.0685214507494435			TRUE	TRUE
ENSG00000249096	LINC02362	B_pooled_effect_or_FDR	-4.2121824569771	8.87688641232671e-11			FALSE	FALSE
ENSG00000249166	AC092336.1	B_replication_direction	4.85177942869214	1.47651843166254e-46			TRUE	FALSE
ENSG00000249267	LINC00939	B_replication_direction	3.90254706978274	3.60491584896807e-26			FALSE	FALSE
ENSG00000249306	LINC01411	B_pooled_effect_or_FDR	2.30546065744282	0.178053282349668			FALSE	FALSE
ENSG00000249378	LINC01060	A_tested_not_enriched_vs_normal_epithelium	5.01800974152533	7.11077456811275e-11	-0.0833232375149028	0.928567762988484	TRUE	TRUE
ENSG00000249388	AC023794.2	B_replication_direction	1.65070764314619	1.17782141113575e-11			FALSE	TRUE
ENSG00000249413	AC116049.1	B_replication_direction	3.43501757416759	3.07599901926335e-10			FALSE	FALSE
ENSG00000249464	LINC01091	B_pooled_effect_or_FDR	2.71385819099644	0.200330909772146			FALSE	FALSE
ENSG00000249476	AC008467.1	B_pooled_effect_or_FDR	-0.385205182800733	0.566173963306307			FALSE	FALSE
ENSG00000249483	AC026726.1	B_replication_direction	1.41491500729519	1.48262619708612e-05			FALSE	FALSE
ENSG00000249550	LINC01234	B_replication_direction	5.47757633334508	0.000144008190470992			FALSE	FALSE
ENSG00000249572	AC034231.1	B_pooled_effect_or_FDR	0.929196479714687	0.000603289677310503			FALSE	TRUE
ENSG00000249592	AC139887.2	B_pooled_effect_or_FDR	-0.282645337886578	0.456818027592458	0.289206101000508	0.724895245319736	TRUE	TRUE
ENSG00000249601	LINC01187	B_pooled_effect_or_FDR			-10.4088951611741	1.18282368263248e-11	FALSE	FALSE
ENSG00000249669	CARMN	B_pooled_effect_or_FDR	-3.78973505797638	6.04149221049898e-11			FALSE	TRUE
ENSG00000249673	NOP14-AS1	B_pooled_effect_or_FDR	0.565228435410143	0.104074610604524	0.660797522289583	0.0458069542495284	TRUE	TRUE
ENSG00000249679	AC106897.1	bulk_expression_TCGA_CPTAC	2.74319849848954	1.67991227930303e-20	3.43089585110645	0.0242332470856654	TRUE	FALSE
ENSG00000249684	AC106795.2	B_pooled_effect_or_FDR	1.06900060837964	0.121498653672142			FALSE	FALSE
ENSG00000249738	AC008691.1	B_pooled_effect_or_FDR	0.243339137632283	0.77927878030891			FALSE	FALSE
ENSG00000249740	OSMR-AS1	A_tested_not_enriched_vs_normal_epithelium	3.84102964189593	7.83165320496473e-06	2.28139063121824	0.114406259268603	TRUE	TRUE
ENSG00000249743	AC116345.1	discovery_donor_expression	5.65050807317398	1.19639343997901e-15			FALSE	TRUE
ENSG00000249776	AC124854.1	discovery_donor_expression	5.93753068908844	6.29787226441865e-10	4.2888442306353	0.000234713273361625	FALSE	TRUE
ENSG00000249786	EAF1-AS1	B_pooled_effect_or_FDR	-1.39374356644779	4.5910498130775e-19			FALSE	FALSE
ENSG00000249790	AC092490.1	B_pooled_effect_or_FDR	-4.08904925007021	1.1372445556691e-06			FALSE	FALSE
ENSG00000249797	LINC02147	B_pooled_effect_or_FDR	-1.67501524211519	0.0822161416724477			FALSE	FALSE
ENSG00000249806	AC139720.1	B_pooled_effect_or_FDR	-2.91815415140009	0.0495877749020583			FALSE	FALSE
ENSG00000249816	LINC00964	B_pooled_effect_or_FDR	-3.36609014656294	3.85047313621965e-20			FALSE	FALSE
ENSG00000249846	LINC02021	B_pooled_effect_or_FDR	0.923141980256901	1.65268968102167e-05			TRUE	TRUE
ENSG00000250049	AC114316.1	B_replication_direction	6.74418466014006	2.61391886173772e-11			TRUE	FALSE
ENSG00000250073	AP000866.2	A_tested_not_enriched_vs_normal_epithelium	2.34276823387384	0.0165040950902389	0.317661534598449	0.706975405640323	TRUE	TRUE
ENSG00000250131	AC078881.1	B_replication_direction	1.02187482160389	0.000126524673011961			FALSE	FALSE
ENSG00000250132	AC004803.1	B_pooled_effect_or_FDR	0.233418038414305	0.156063266781072			FALSE	TRUE
ENSG00000250155	AC008957.1	B_pooled_effect_or_FDR	-4.92503809312682	7.19776860107948e-10			FALSE	TRUE
ENSG00000250159	AC106791.1	B_pooled_effect_or_FDR	-1.98226108139738	0.0480933303336836			FALSE	TRUE
ENSG00000250167	AC034206.1	B_replication_direction	6.71957907091639	3.32357951779381e-25			FALSE	FALSE
ENSG00000250220	AC053527.2	B_pooled_effect_or_FDR	0.747483807149342	0.000689770918561117			FALSE	TRUE
ENSG00000250222	AC008443.4	A_tested_not_enriched_vs_normal_epithelium	1.53903160272648	1.4843065568821e-06	-0.394879075215139	0.620278680757701	TRUE	TRUE
ENSG00000250244	AC010307.4	B_pooled_effect_or_FDR			-8.90923834770644	1.70513796722307e-25	FALSE	FALSE
ENSG00000250274	AC034199.1	B_pooled_effect_or_FDR	-4.3681520698624	2.04269618683062e-11			FALSE	FALSE
ENSG00000250320	EDIL3-DT	B_pooled_effect_or_FDR	0.871180504786407	0.105006005702465			TRUE	TRUE
ENSG00000250326	AC104596.1	B_pooled_effect_or_FDR	-0.44452848018871	0.150248337015326			FALSE	TRUE
ENSG00000250334	LINC00989	B_pooled_effect_or_FDR	-4.41130607280473	4.2308646743903e-69			FALSE	TRUE
ENSG00000250387	LINC02197	B_replication_direction	2.90634224194984	1.2129492211308e-15			FALSE	FALSE
ENSG00000250397	AP006623.1	B_pooled_effect_or_FDR	0.31686766434787	0.0479085994363588			TRUE	TRUE
ENSG00000250451	HOXC-AS1	discovery_donor_expression	3.38051086076767	0.00339205121883785	-0.443096542285078	0.735967932715163	FALSE	TRUE
ENSG00000250486	FAM218A	discovery_donor_expression	1.93297778593078	6.00230023597273e-10			FALSE	TRUE
ENSG00000250509	AC034213.1	B_replication_direction	4.55745875812913	2.53228793866353e-34			TRUE	FALSE
ENSG00000250548	LINC01303	B_pooled_effect_or_FDR	0.535190854044762	0.165937783520753			TRUE	FALSE
ENSG00000250604	AC098679.1	B_pooled_effect_or_FDR	-5.03071962835637	3.15265343435117e-31			FALSE	FALSE
ENSG00000250620	LINC02515	B_pooled_effect_or_FDR	-4.98326034519123	2.32045323222774e-26			FALSE	FALSE
ENSG00000250742	LINC02381	B_pooled_effect_or_FDR	0.552883195347974	0.460286371963089	-1.06047800082778	0.121957030909966	TRUE	TRUE
ENSG00000250786	SNHG18	A_tested_not_enriched_vs_normal_epithelium	4.82364209369254	0.000468287505262206	0.395067764852621	0.16715504771634	TRUE	TRUE
ENSG00000250802	ZBED3-AS1	B_pooled_effect_or_FDR	1.47132437698698	0.0502718156473534			TRUE	FALSE
ENSG00000250863	AC114757.1	B_pooled_effect_or_FDR	-4.68051808480251	7.3043899152555e-20			FALSE	FALSE
ENSG00000250899	AC125807.2	B_pooled_effect_or_FDR	-0.656464065271937	0.0425247020020798			FALSE	TRUE
ENSG00000250903	GMDS-DT	B_pooled_effect_or_FDR	-0.334534682531599	0.000213270578171347	0.286334796185544	0.498923370782243	TRUE	TRUE
ENSG00000250934	AC016924.1	B_replication_direction	4.62154624747841	2.55316512954309e-28	-1.27189936125342	0.0071087628075991	FALSE	TRUE
ENSG00000250986	LINC02600	B_replication_direction	2.52787875281397	7.10347329335744e-13			FALSE	TRUE
ENSG00000250988	SNHG21	B_pooled_effect_or_FDR	-0.0919633449539826	0.778123787527643	0.0274330949754186	0.981057212633516	TRUE	TRUE
ENSG00000250999	AC136604.2	B_pooled_effect_or_FDR	0.953412808793497	1.3858768866123e-05			FALSE	TRUE
ENSG00000251015	SLC25A30-AS1	B_pooled_effect_or_FDR	-0.343537599094527	0.246267544976146			FALSE	FALSE
ENSG00000251022	THAP9-AS1	B_pooled_effect_or_FDR	-0.344395610027432	0.000824023090150537	0.769918899207685	0.0558115175754305	TRUE	TRUE
ENSG00000251034	AC087854.1	B_pooled_effect_or_FDR	-1.86902158661723	3.8773313487755e-07			FALSE	TRUE
ENSG00000251076	AC104126.1	A_tested_not_enriched_vs_normal_epithelium	5.96596998420378	8.22712557056886e-34	0.388022651497293	0.601472304417001	TRUE	TRUE
ENSG00000251131	AC025171.3	B_pooled_effect_or_FDR	-3.27327779180042	1.51296803594144e-16			FALSE	FALSE
ENSG00000251136	AF117829.1	B_pooled_effect_or_FDR	0.14179644873181	0.554536969771241	1.35076337674612	0.0341453684575819	TRUE	TRUE
ENSG00000251139	AC084871.1	B_pooled_effect_or_FDR	-2.34926742573708	0.000915088255942778			FALSE	TRUE
ENSG00000251143	AP002490.1	B_pooled_effect_or_FDR	-0.554226297495468	0.0184994919138757			FALSE	FALSE
ENSG00000251169	LINC01843	A_tested_not_enriched_vs_normal_epithelium	5.6485098128324	2.18236592283046e-08	1.51307406020414	0.0947819266633162	TRUE	TRUE
ENSG00000251230	MIR3945HG	B_pooled_effect_or_FDR	-5.47314598848567	9.50396019681664e-30			FALSE	FALSE
ENSG00000251257	AC010457.1	B_pooled_effect_or_FDR	-0.518425095718254	0.588675312548952			FALSE	TRUE
ENSG00000251259	AC004069.1	B_pooled_effect_or_FDR	-0.269918578110443	0.311893507011348			TRUE	TRUE
ENSG00000251301	LINC02384	B_pooled_effect_or_FDR	0.413855174747915	0.578778647547102	3.42816755187104	0.0191181980253992	TRUE	TRUE
ENSG00000251323	LINC02728	B_pooled_effect_or_FDR	-2.82091521830288	1.16766554669607e-32			FALSE	FALSE
ENSG00000251359	WWC2-AS2	A_replication_direction	3.60900038097834	8.42028672823069e-07	1.48686935403385	0.0150515588866185	TRUE	TRUE
ENSG00000251381	LINC00958	A_tested_not_enriched_vs_normal_epithelium	6.03719225600382	2.85410165802468e-17	0.407210733143679	0.447987207976904	TRUE	TRUE
ENSG00000251396	LINC01301	B_pooled_effect_or_FDR	0.633025879415309	0.064996820942511			FALSE	FALSE
ENSG00000251409	AC008592.3	discovery_donor_expression	4.65656954214911	0.00621341136654859			FALSE	TRUE
ENSG00000251417	AC145285.2	B_pooled_effect_or_FDR	0.30176156362594	0.221807296464593			FALSE	TRUE
ENSG00000251442	LINC01094	B_pooled_effect_or_FDR	-2.64717611185844	2.81645080036565e-07			TRUE	TRUE
ENSG00000251450	RASGRF2-AS1	B_pooled_effect_or_FDR	-1.85055303956552	0.0035506496251959			FALSE	FALSE
ENSG00000251533	LINC00605	B_replication_direction	4.19545145297341	1.10569401077629e-55			TRUE	TRUE
ENSG00000251562	MALAT1	B_pooled_effect_or_FDR	-0.788190767841872	6.0943339332237e-08	0.853768344534546	0.0297047238309246	TRUE	TRUE
ENSG00000251580	LINC02482	A_tested_not_enriched_vs_normal_epithelium	1.30422117941098	1.18127680207817e-16	-0.419557031968492	0.427433635847512	TRUE	TRUE
ENSG00000251599	AC116345.3	discovery_donor_expression	6.44908923812196	3.00586824906535e-20	-1.33344782908471	0.0010353535347811	FALSE	TRUE
ENSG00000251615	AC104825.1	B_pooled_effect_or_FDR	0.309394117993157	0.250507356667122			TRUE	TRUE
ENSG00000251637	LINC02754	A_tested_not_enriched_vs_normal_epithelium	3.52616205913681	9.10776946336469e-17	-2.45718759502151	7.94936284636335e-09	TRUE	TRUE
ENSG00000251661	AC136475.1	B_replication_direction	1.25384404904918	0.0319249346139577			TRUE	TRUE
ENSG00000251867	AC009812.1	B_pooled_effect_or_FDR	-0.12047401167529	0.503044403102443			TRUE	TRUE
ENSG00000253163	AC109479.1	B_pooled_effect_or_FDR	-4.59996276425908	6.85705357607083e-37			FALSE	FALSE
ENSG00000253172	AC008378.1	B_pooled_effect_or_FDR	0.380796526265344	0.126951105893884			FALSE	FALSE
ENSG00000253174	AC009630.2	B_pooled_effect_or_FDR	-2.19971660352802	9.02344410645598e-11			FALSE	FALSE
ENSG00000253177	AC104211.1	B_pooled_effect_or_FDR	-4.46471634925191	3.22433862938327e-17			FALSE	TRUE
ENSG00000253187	HOXA10-AS	A_tested_not_enriched_vs_normal_epithelium	4.05310847855059	4.30900963619179e-07	-0.687219890970474	0.0627783558794609	TRUE	TRUE
ENSG00000253200	AC037459.2	B_pooled_effect_or_FDR	-0.457986866598654	0.00206766884992596			TRUE	TRUE
ENSG00000253210	AC040970.1	B_pooled_effect_or_FDR	-0.480460134712364	0.0106388691054274			TRUE	TRUE
ENSG00000253214	AC079209.1	B_pooled_effect_or_FDR	-1.84619876839206	1.95590929169081e-08			FALSE	FALSE
ENSG00000253320	MAILR	B_pooled_effect_or_FDR	0.26522439209998	0.787269707719494	-0.905867196445282	0.216824963986453	TRUE	TRUE
ENSG00000253385	AP003696.1	B_pooled_effect_or_FDR	-1.38274869427088	0.047357250840719			FALSE	FALSE
ENSG00000253408	AC083973.1	B_pooled_effect_or_FDR	-3.11496595624114	0.0214211517286727			FALSE	FALSE
ENSG00000253438	PCAT1	bulk_expression_TCGA_CPTAC	1.38024591186173	1.05067907168859e-16			TRUE	FALSE
ENSG00000253490	LINC02099	B_pooled_effect_or_FDR	-3.75256486016218	0.00160822713291291			FALSE	FALSE
ENSG00000253522	MIR3142HG	B_pooled_effect_or_FDR	-3.53937102490219	4.65005084436808e-63			FALSE	TRUE
ENSG00000253535	AC120193.1	B_pooled_effect_or_FDR	-3.72405984022274	1.13961338356775e-07			FALSE	FALSE
ENSG00000253549	CA3-AS1	B_pooled_effect_or_FDR	1.25119786753333	0.355281217389078	-0.317461272312596	0.5844638839737	TRUE	TRUE
ENSG00000253552	HOXA-AS2	A_tested_not_enriched_vs_normal_epithelium	4.2628147429367	1.04225652816208e-05	0.392650050968747	0.436710338985139	TRUE	TRUE
ENSG00000253557	AC100849.1	B_pooled_effect_or_FDR	-3.7164720246721	1.49393334779088e-16			FALSE	FALSE
ENSG00000253559	OSGEPL1-AS1	B_pooled_effect_or_FDR	-0.0142020262492926	0.990228136270075			FALSE	TRUE
ENSG00000253645	AC108863.1	B_pooled_effect_or_FDR	-0.264219130110677	0.106271416591217			FALSE	FALSE
ENSG00000253666	AP000424.1	B_pooled_effect_or_FDR	4.58503469541519	0.0605874661477881			FALSE	TRUE
ENSG00000253669	GASAL1	B_pooled_effect_or_FDR	-0.164158065512477	0.489878269492795			TRUE	TRUE
ENSG00000253696	KBTBD11-OT1	B_replication_direction	3.77434324948652	0.000126890391583239			TRUE	TRUE
ENSG00000253704	AC023632.2	B_pooled_effect_or_FDR	-0.107303044066885	0.562653767568068			FALSE	FALSE
ENSG00000253716	MINCR	B_pooled_effect_or_FDR	0.853569043751039	3.13176045055657e-18	-0.617275239671921	0.052048767723499	TRUE	TRUE
ENSG00000253738	OTUD6B-AS1	B_pooled_effect_or_FDR	0.275548311979659	0.0046268429795161	-0.484272548021477	0.0429253128250368	TRUE	TRUE
ENSG00000253741	LNCOC1	B_replication_direction	2.92826185987177	3.61314300906721e-15			FALSE	FALSE
ENSG00000253764	AC019257.1	B_replication_direction	5.07440770754417	4.35412506044435e-14			FALSE	TRUE
ENSG00000253766	AC091946.1	B_replication_direction	4.58646872921158	5.3691994488414e-27			FALSE	FALSE
ENSG00000253773	C8orf37-AS1	discovery_donor_expression	1.93411476313693	1.01524505095972e-12			FALSE	FALSE
ENSG00000253844	AC064807.2	A_tested_not_enriched_vs_normal_epithelium	4.75962774276277	4.393623877714e-13	-2.64060259102894	2.32066394499578e-05	TRUE	TRUE
ENSG00000253888	AC090150.1	B_replication_direction	6.22048178481694	0.00012886095693258			FALSE	TRUE
ENSG00000253948	VPS13B-DT	B_pooled_effect_or_FDR	0.400939226134724	0.298989138871324	-1.40271865847062	0.10513049334015	TRUE	TRUE
ENSG00000253978	CTB-178M22.2	B_replication_direction	4.00581265866175	2.10411340145611e-84	0.25138170554006	0.712118257737672	TRUE	TRUE
ENSG00000253982	AC100810.1	B_pooled_effect_or_FDR	0.791392686174209	0.00602801916753026	-0.401792504501512	0.100290159196612	TRUE	TRUE
ENSG00000253988	AC079015.1	B_pooled_effect_or_FDR	-4.53619703758625	5.75003164231507e-51			FALSE	TRUE
ENSG00000254028	AC083843.1	B_pooled_effect_or_FDR	0.291380034097643	0.801389247175664			FALSE	FALSE
ENSG00000254139	AC104051.2	B_pooled_effect_or_FDR	-3.34350095762497	2.96708940860364e-14			FALSE	FALSE
ENSG00000254162	AC009812.3	B_pooled_effect_or_FDR	-0.559220458635396	0.0352031347842821			FALSE	FALSE
ENSG00000254211	LINC01485	B_pooled_effect_or_FDR			-4.5779127228161	0.012482014729343	FALSE	FALSE
ENSG00000254288	AC087672.2	B_pooled_effect_or_FDR	-4.23779672232305	8.53273140660616e-14			FALSE	FALSE
ENSG00000254319	AC246817.2	bulk_expression_TCGA_CPTAC	2.45620276612109	2.62654151023004e-10			TRUE	FALSE
ENSG00000254343	AC091563.1	B_pooled_effect_or_FDR	-0.134616821722922	0.409768088182253			FALSE	TRUE
ENSG00000254369	HOXA-AS3	B_replication_direction	2.48428805178411	7.82456043706853e-08			TRUE	FALSE
ENSG00000254389	RHPN1-AS1	B_replication_direction	2.51492057472813	2.94363331500965e-21			FALSE	TRUE
ENSG00000254397	AC132192.1	B_pooled_effect_or_FDR	-0.171513093481908	0.853396065349713			TRUE	FALSE
ENSG00000254427	LINC02696	B_pooled_effect_or_FDR	0.239182612095387	0.715269656390696			FALSE	FALSE
ENSG00000254438	LINC02683	B_replication_direction	3.51613257989918	9.47378690156828e-21			TRUE	FALSE
ENSG00000254452	AP001107.2	B_pooled_effect_or_FDR	-0.619531255739221	0.0024198455404195			FALSE	FALSE
ENSG00000254473	AL354920.1	A_tested_not_enriched_vs_normal_epithelium	1.19084146458783	0.0135144255716399	-0.887752106076758	0.0924310377202029	TRUE	TRUE
ENSG00000254480	LINC02749	B_replication_direction	3.11187708707712	2.5517911292514e-25			FALSE	FALSE
ENSG00000254528	AP000757.1	B_pooled_effect_or_FDR	0.173025111326614	0.880662417736027	-5.54125371968235	4.51572581413769e-14	FALSE	TRUE
ENSG00000254531	FLJ20021	B_pooled_effect_or_FDR	0.792963393767002	5.38388623890064e-05	-0.112713398097939	0.782889050112226	TRUE	TRUE
ENSG00000254533	AF186192.1	B_pooled_effect_or_FDR	0.648917618201781	0.0080882784962386			FALSE	FALSE
ENSG00000254542	NAV2-AS3	B_pooled_effect_or_FDR	-0.154417513373056	0.581594792142527			FALSE	FALSE
ENSG00000254560	BBOX1-AS1	B_replication_direction	2.99470018083695	5.4416312626689e-06	-0.812477072779965	0.568391214618149	FALSE	TRUE
ENSG00000254605	AP003555.1	B_pooled_effect_or_FDR	-4.49883686477025	2.82355310984379e-34			FALSE	TRUE
ENSG00000254615	AC027031.2	A_tested_not_enriched_vs_normal_epithelium	1.72736710061403	0.000993442271669724	0.254240837234516	0.729538185420186	TRUE	TRUE
ENSG00000254635	WAC-AS1	B_pooled_effect_or_FDR	0.0875406146697314	0.731600915982496	0.0243197958736686	0.969857372299255	TRUE	TRUE
ENSG00000254682	AP002387.1	B_pooled_effect_or_FDR	-0.775301182546141	0.100520704909446	0.280819821546073	0.724794769237236	TRUE	TRUE
ENSG00000254703	SENCR	B_pooled_effect_or_FDR	-5.80947296720119	3.26560556783878e-08			FALSE	TRUE
ENSG00000254802	AC022182.2	B_pooled_effect_or_FDR	-4.73089756730544	2.3063776060759e-108			FALSE	FALSE
ENSG00000254837	AP001372.2	A_tested_not_enriched_vs_normal_epithelium	1.29167750942016	0.000503053667294366	-0.26306556663261	0.63303587873392	TRUE	TRUE
ENSG00000254859	AC067930.3	B_pooled_effect_or_FDR	0.19374800052789	0.861275783486581			TRUE	FALSE
ENSG00000254860	TMEM9B-AS1	B_pooled_effect_or_FDR	-0.0965349924201525	0.711132105565684			FALSE	TRUE
ENSG00000254873	AP001267.1	B_pooled_effect_or_FDR	0.201587327194931	0.564499526266067			FALSE	FALSE
ENSG00000254952	LINC02705	B_pooled_effect_or_FDR	-5.00278913025508	1.00199946321568e-39			FALSE	FALSE
ENSG00000255008	LINC02739	B_pooled_effect_or_FDR	-0.147340343177972	0.772331086340517			FALSE	FALSE
ENSG00000255021	AC093496.1	B_replication_direction	5.19243163524013	2.72424385241016e-11	-6.68181408028353	0.00283409377265686	FALSE	FALSE
ENSG00000255026	AC136475.3	B_pooled_effect_or_FDR	-0.209377702734316	0.822028692039218			FALSE	TRUE
ENSG00000255031	AP002807.1	B_pooled_effect_or_FDR	-2.27303197546495	9.21844995747515e-37			FALSE	TRUE
ENSG00000255046	AC069185.1	B_pooled_effect_or_FDR	-2.09598605029022	8.53372939568011e-21			FALSE	FALSE
ENSG00000255062	AP001318.2	B_pooled_effect_or_FDR	-0.934135518928586	0.209721170393781			FALSE	TRUE
ENSG00000255082	GRM5-AS1	bulk_expression_TCGA_CPTAC	5.22454759955519	4.84861913054657e-10			TRUE	FALSE
ENSG00000255120	OVOL1-AS1	A_tested_not_enriched_vs_normal_epithelium	5.8349253094691	8.07870402547846e-06	-0.366927571371086	0.63303587873392	TRUE	TRUE
ENSG00000255121	CENATAC-DT	B_pooled_effect_or_FDR	-0.57502339430907	0.000158041263432694			FALSE	TRUE
ENSG00000255135	AP002360.1	A_tested_not_enriched_vs_normal_epithelium	1.09301030107853	0.00032408173520597	-0.587922125441757	0.109720971492992	TRUE	TRUE
ENSG00000255145	STX17-AS1	bulk_expression_TCGA_CPTAC	2.3440654112172	1.9212584243689e-92	-0.665831328122789	0.165710501366338	TRUE	FALSE
ENSG00000255153	TOLLIP-AS1	B_pooled_effect_or_FDR	0.399273754044776	0.216281940399526	-1.08845872496078	0.00940940453087496	TRUE	TRUE
ENSG00000255197	AC090559.1	B_pooled_effect_or_FDR	-4.91495536718211	2.06176970738138e-08			FALSE	TRUE
ENSG00000255198	SNHG9	B_pooled_effect_or_FDR	0.0251404689513451	0.942486725442801	-0.275995246417714	0.447987207976904	TRUE	TRUE
ENSG00000255202	AL049629.1	B_pooled_effect_or_FDR	0.905153805076471	0.570096810258059			FALSE	TRUE
ENSG00000255224	AC109322.1	B_pooled_effect_or_FDR	0.769712159092341	1.32763393381635e-09			TRUE	TRUE
ENSG00000255237	AC138230.1	B_pooled_effect_or_FDR	-0.708158710676884	0.00837376564082019			FALSE	TRUE
ENSG00000255240	AP001636.3	B_pooled_effect_or_FDR	-2.31663167808218	1.09525510512822e-32			FALSE	FALSE
ENSG00000255248	MIR100HG	B_pooled_effect_or_FDR			-1.26333965205236	0.0338772314893315	FALSE	TRUE
ENSG00000255284	AP006621.3	B_pooled_effect_or_FDR	0.887901416475625	5.20157140190536e-20	-1.70705655879397	0.0503357764304394	TRUE	TRUE
ENSG00000255299	AP003557.1	B_pooled_effect_or_FDR	-3.51219170877759	3.4004702935034e-09			FALSE	FALSE
ENSG00000255320	AP000759.1	B_pooled_effect_or_FDR	0.968222415510024	9.94000823344245e-08			FALSE	TRUE
ENSG00000255328	AC136475.5	B_pooled_effect_or_FDR	-0.415173610034819	0.216854392863899			FALSE	FALSE
ENSG00000255389	Z97989.1	B_pooled_effect_or_FDR	-0.362714070652292	0.329486223053244			FALSE	TRUE
ENSG00000255435	AP001267.3	B_replication_direction	1.63274687536331	0.0176844919479666			TRUE	TRUE
ENSG00000255455	AP003486.1	B_pooled_effect_or_FDR	-0.337419589613532	0.050745770711391			TRUE	FALSE
ENSG00000255458	AC108471.2	B_pooled_effect_or_FDR	0.286640238695732	0.0975137282292048			FALSE	FALSE
ENSG00000255468	AP001107.9	B_pooled_effect_or_FDR	0.719444232288536	1.51316215153959e-06			TRUE	TRUE
ENSG00000255471	AP001528.1	A_tested_not_enriched_vs_normal_epithelium	2.77684486141299	0.0186916857260655	-0.159261762602669	0.772960906499798	TRUE	TRUE
ENSG00000255479	AP001189.5	B_pooled_effect_or_FDR	-5.24509429003906	9.9160524174483e-33			FALSE	FALSE
ENSG00000255495	AC145124.1	A_tested_not_enriched_vs_normal_epithelium	2.39725464989397	2.13724221291626e-12	-0.45967905945466	0.709311686814228	TRUE	TRUE
ENSG00000255507	UVRAG-DT	B_pooled_effect_or_FDR	1.79053512896429	0.113079072436826			FALSE	FALSE
ENSG00000255517	AP002748.4	B_pooled_effect_or_FDR	0.161692422950118	0.632914775034362	-1.3339456825694	8.16977370283849e-05	TRUE	TRUE
ENSG00000255568	BRWD1-AS2	B_pooled_effect_or_FDR	0.634737686880174	1.5550166329268e-05			FALSE	TRUE
ENSG00000255571	MIR9-3HG	B_pooled_effect_or_FDR	-0.075698969941658	0.941233256371911			FALSE	TRUE
ENSG00000255733	IFNG-AS1	B_pooled_effect_or_FDR	-4.71168603676247	4.28188290656585e-27			FALSE	FALSE
ENSG00000255737	AGAP2-AS1	B_pooled_effect_or_FDR	0.924951215197647	0.287383744211065			TRUE	FALSE
ENSG00000255774	LINC02747	discovery_donor_expression	6.72613544541185	4.66988440940094e-05			FALSE	TRUE
ENSG00000255857	PXN-AS1	B_pooled_effect_or_FDR	0.0290812280478513	0.946889392797169	0.0311826785300174	0.971205864778679	TRUE	TRUE
ENSG00000255871	AC007529.1	B_replication_direction	4.32255285795285	1.39453156983407e-26			FALSE	FALSE
ENSG00000255874	PRECSIT	B_pooled_effect_or_FDR	-0.503967649664858	0.768917242404964			TRUE	TRUE
ENSG00000255882	AC091814.1	B_pooled_effect_or_FDR	-3.20417717801862	3.70881192589228e-16			FALSE	FALSE
ENSG00000255949	RPS6KB2-AS1	B_pooled_effect_or_FDR	-0.000345883707454697	0.999635211889298			TRUE	FALSE
ENSG00000256008	AC125616.1	B_replication_direction	5.01518932605513	4.52353877193112e-70			FALSE	TRUE
ENSG00000256013	AC027277.1	B_pooled_effect_or_FDR	-2.07308605594226	1.31158155359582e-07			FALSE	FALSE
ENSG00000256039	LINC02446	B_pooled_effect_or_FDR	-5.07387264042931	8.61855408750397e-22			FALSE	TRUE
ENSG00000256073	URB1-AS1	B_pooled_effect_or_FDR	0.576919378256642	1.13310803302216e-08	-0.558712782824621	0.165710501366338	TRUE	TRUE
ENSG00000256092	SBNO1-AS1	B_pooled_effect_or_FDR	-0.0517370478639314	0.926348679350539	-0.702124617541852	0.375313571827291	TRUE	TRUE
ENSG00000256101	AC092745.1	B_pooled_effect_or_FDR	0.75125565911205	0.0320219658567585			TRUE	FALSE
ENSG00000256128	LINC00944	B_pooled_effect_or_FDR	-0.0597901018838724	0.959615408119406			TRUE	TRUE
ENSG00000256152	AC027290.1	B_pooled_effect_or_FDR	-2.74641536835709	0.0431098503426297			FALSE	FALSE
ENSG00000256195	AP002518.1	B_replication_direction	2.93229812899896	2.33383166752667e-08			FALSE	FALSE
ENSG00000256262	USP30-AS1	B_pooled_effect_or_FDR	-0.939448742955482	0.0266635127005023			TRUE	TRUE
ENSG00000256325	AC025423.1	B_pooled_effect_or_FDR	0.21386680403345	0.412426865983056			FALSE	TRUE
ENSG00000256377	AC009509.1	B_pooled_effect_or_FDR	0.864198856980944	0.0656388485205814			FALSE	FALSE
ENSG00000256448	AP000763.3	B_pooled_effect_or_FDR	-2.74200275745891	4.3026871867117e-09			FALSE	TRUE
ENSG00000256540	AC007406.3	B_pooled_effect_or_FDR	-3.69570473948417	7.56085138589231e-37			FALSE	TRUE
ENSG00000256542	AC148477.2	B_replication_direction	4.58914164383172	4.4633288114798e-60			FALSE	FALSE
ENSG00000256576	LINC02361	B_pooled_effect_or_FDR	-0.143514463069894	0.871268864609224			TRUE	TRUE
ENSG00000256628	ZBTB11-AS1	B_pooled_effect_or_FDR	-0.362401207083846	0.00763505213341783	-0.104683731735213	0.890460938436037	TRUE	TRUE
ENSG00000256633	PDE2A-AS2	B_pooled_effect_or_FDR	-4.81513152198904	3.42338959595468e-52			FALSE	TRUE
ENSG00000256690	AP001160.1	B_pooled_effect_or_FDR	-0.377166706139862	0.716474923857693			TRUE	FALSE
ENSG00000256694	AC026369.2	B_pooled_effect_or_FDR	-3.93986130993165	7.81502292145151e-35			FALSE	TRUE
ENSG00000256705	AL137779.1	B_pooled_effect_or_FDR	-3.70889732432953	1.39035252134801e-92			FALSE	FALSE
ENSG00000256802	AC022613.1	A_tested_not_enriched_vs_normal_epithelium	6.59841704181022	4.36769551174274e-10	0.682749296159917	0.0400966392480098	TRUE	TRUE
ENSG00000256862	PARP11-AS1	B_pooled_effect_or_FDR	-4.35382166149631	3.02484691684318e-35			FALSE	FALSE
ENSG00000256894	AC022509.3	B_replication_direction	2.45393017845716	0.0448097891288121			FALSE	TRUE
ENSG00000256940	PPP1R14B-AS1	bulk_expression_TCGA_CPTAC	3.10800020271987	2.90365354288814e-07	0.923557493040653	0.11204728486845	TRUE	FALSE
ENSG00000256948	AC026369.3	B_pooled_effect_or_FDR	-5.17472572124618	9.14687205298288e-90			FALSE	TRUE
ENSG00000256967	AC018653.3	A_tested_not_enriched_vs_normal_epithelium	2.59860482063937	7.98164268067636e-42	-1.07932813379806	0.009437142317382	TRUE	TRUE
ENSG00000256969	AC084375.1	discovery_donor_expression	4.26579087079795	2.93985013903683e-34			FALSE	TRUE
ENSG00000257023	AC087241.2	B_pooled_effect_or_FDR	-0.0653084175242176	0.924478448579386			FALSE	FALSE
ENSG00000257038	AP002761.3	B_pooled_effect_or_FDR	1.48835658770792	0.201929276653882			TRUE	TRUE
ENSG00000257097	CLIP1-AS1	B_replication_direction	1.98598863299153	5.87447862925374e-15			FALSE	FALSE
ENSG00000257135	ODC1-DT	B_pooled_effect_or_FDR	0.281638713414686	0.63896488051819			TRUE	TRUE
ENSG00000257167	TMPO-AS1	B_pooled_effect_or_FDR	-0.520980800047762	0.155646942092561			TRUE	TRUE
ENSG00000257181	AC025423.4	B_pooled_effect_or_FDR	-1.11120556115471	0.138781427421202			FALSE	FALSE
ENSG00000257225	AC079601.1	B_pooled_effect_or_FDR	-0.082523982695304	0.828230096194583			FALSE	FALSE
ENSG00000257239	AC090630.1	B_pooled_effect_or_FDR	-0.882329948990915	0.564499526266067			FALSE	FALSE
ENSG00000257252	AC124947.1	B_replication_direction	1.48629589110026	0.000553684965535257			TRUE	TRUE
ENSG00000257261	AC008014.1	A_tested_not_enriched_vs_normal_epithelium	2.15413709952575	1.51801739290188e-23	-0.528934426214366	0.0556430077777148	TRUE	TRUE
ENSG00000257285	AL132780.1	B_pooled_effect_or_FDR	-1.18063010511694	0.072021360233716			FALSE	TRUE
ENSG00000257303	AC073896.2	B_pooled_effect_or_FDR	0.034619538686785	0.766387502648792	-1.37711772350516	6.9995668424858e-08	TRUE	TRUE
ENSG00000257322	AC138123.1	B_replication_direction	2.87304144970892	4.60235335815696e-33			FALSE	FALSE
ENSG00000257327	AC012555.1	B_replication_direction	3.66818639617318	2.15939225887479e-29			FALSE	FALSE
ENSG00000257337	AC068888.1	A_tested_not_enriched_vs_normal_epithelium	1.80596762530153	0.000125823142360857	0.292523302704298	0.485756703910208	TRUE	TRUE
ENSG00000257342	AC025165.2	B_pooled_effect_or_FDR	0.180361194415172	0.714444152601697			FALSE	FALSE
ENSG00000257354	AC048341.1	B_pooled_effect_or_FDR	-0.228498626057289	0.49874404239332			TRUE	TRUE
ENSG00000257386	AC025257.1	B_pooled_effect_or_FDR	-0.109396108534994	0.916959127453322			FALSE	FALSE
ENSG00000257410	AC089984.1	B_pooled_effect_or_FDR	0.241472362114231	0.264124384377175			FALSE	FALSE
ENSG00000257433	AC004241.1	B_pooled_effect_or_FDR	-0.343177351146567	0.346080493301609			TRUE	FALSE
ENSG00000257453	AC011611.3	B_pooled_effect_or_FDR	-0.894051920151306	0.363188842184151			FALSE	FALSE
ENSG00000257497	AC121761.1	B_pooled_effect_or_FDR	0.998545060874877	1.03617499517775e-09			FALSE	TRUE
ENSG00000257550	AC023509.2	B_pooled_effect_or_FDR	-0.583906576610172	0.00617161429616578			FALSE	FALSE
ENSG00000257551	HLX-AS1	B_pooled_effect_or_FDR	0.610465187806562	0.541992809946922			FALSE	FALSE
ENSG00000257557	PPP1R12A-AS1	B_pooled_effect_or_FDR	0.634498879901267	0.0882939708509491			FALSE	TRUE
ENSG00000257595	LINC02356	B_pooled_effect_or_FDR	-1.99249212542978	1.30783413016524e-11			FALSE	FALSE
ENSG00000257599	OVCH1-AS1	B_pooled_effect_or_FDR	-4.2127517766857	5.41339730046316e-28			FALSE	FALSE
ENSG00000257605	MYG1-AS1	B_pooled_effect_or_FDR	-1.81745678516907	2.24455130636718e-10			FALSE	FALSE
ENSG00000257621	PSMA3-AS1	B_pooled_effect_or_FDR	-1.01293103088207	0.0102488430406518	-0.174620079903992	0.714206252184174	TRUE	TRUE
ENSG00000257642	KCCAT198	discovery_donor_expression	4.14151864371847	0.00201689844524467			FALSE	TRUE
ENSG00000257660	ADCY6-DT	B_replication_direction	2.67814519955127	0.00173327641915979			FALSE	TRUE
ENSG00000257681	AC025265.1	B_replication_direction	2.56892066334791	1.37076793824472e-29			FALSE	TRUE
ENSG00000257698	GIHCG	A_tested_not_enriched_vs_normal_epithelium	1.11895761987018	7.44051709292483e-31	0.617679173956134	0.0911006002700978	TRUE	TRUE
ENSG00000257702	LBX2-AS1	A_tested_not_enriched_vs_normal_epithelium	1.91350695281318	2.7321545298594e-06	0.689760606290078	0.404345618886584	TRUE	TRUE
ENSG00000257718	CPNE8-AS1	B_pooled_effect_or_FDR	1.62277219118452	0.0702495967643871			TRUE	TRUE
ENSG00000257740	AC073896.3	B_pooled_effect_or_FDR	-0.524696075853176	0.000292545166213549			TRUE	TRUE
ENSG00000257764	AC020656.1	B_pooled_effect_or_FDR	-4.61640566008851	1.11190998887782e-178			TRUE	FALSE
ENSG00000257815	PRANCR	B_pooled_effect_or_FDR	-0.130192877330347	0.645248629983454	0.240682847383374	0.759592734239889	TRUE	TRUE
ENSG00000257831	AL136418.1	B_pooled_effect_or_FDR	-2.04731168402399	2.13513161055093e-11			FALSE	FALSE
ENSG00000257839	AC011611.4	B_replication_direction	1.39944973334921	4.71081400377248e-13			TRUE	FALSE
ENSG00000257845	LINC02294	A_tested_not_enriched_vs_normal_epithelium	5.94788987289727	1.44560121160943e-12	-3.2582598808957	0.000835670182958389	TRUE	TRUE
ENSG00000257894	AC027288.3	B_replication_direction	2.59764181038571	5.54223987368476e-05	-3.96416564956955	0.000220413119676209	FALSE	TRUE
ENSG00000257913	DDN-AS1	B_pooled_effect_or_FDR	-0.640863219348362	0.0523734746112157			FALSE	FALSE
ENSG00000257989	AC078864.1	B_replication_direction	4.08409624765368	5.18153545302763e-46			FALSE	TRUE
ENSG00000258017	AC011603.2	B_pooled_effect_or_FDR	0.0530198300887387	0.696502371591492			TRUE	FALSE
ENSG00000258056	AC009779.2	B_pooled_effect_or_FDR	0.550083376814016	0.000139810989040774	0.0387329019254102	0.963555703502943	TRUE	TRUE
ENSG00000258082	AL391832.3	B_pooled_effect_or_FDR	-1.0166173653873	0.00296387531761735			FALSE	TRUE
ENSG00000258101	AC010173.1	B_pooled_effect_or_FDR	-1.40605217678966	0.000522821604634076			FALSE	TRUE
ENSG00000258137	AC079313.2	B_pooled_effect_or_FDR	-1.92604054492365	8.95729568069207e-07			FALSE	FALSE
ENSG00000258168	AC025569.1	B_pooled_effect_or_FDR	-3.36776281436081	3.15838118927398e-15			FALSE	FALSE
ENSG00000258181	AC008083.3	B_pooled_effect_or_FDR	-3.10840507107638	7.02477680010989e-10			FALSE	TRUE
ENSG00000258232	AC125611.3	B_pooled_effect_or_FDR	-0.027627110774547	0.959114877183572			FALSE	FALSE
ENSG00000258292	LINC02410	B_pooled_effect_or_FDR			-8.49003282814409	2.74301163509127e-13	FALSE	FALSE
ENSG00000258301	VASH1-AS1	B_pooled_effect_or_FDR	-1.46549227873273	2.30684393601619e-26			FALSE	FALSE
ENSG00000258325	ITFG2-AS1	B_pooled_effect_or_FDR	-0.425441836404656	0.152032144189473			TRUE	FALSE
ENSG00000258377	AL139099.1	B_pooled_effect_or_FDR	-1.35217003821189	0.00201340623261289			FALSE	FALSE
ENSG00000258474	LINC02313	B_replication_direction	3.99324019370547	4.17040682268508e-15			TRUE	TRUE
ENSG00000258476	LINC02207	B_pooled_effect_or_FDR	-4.6110706339928	5.22692930878228e-122			FALSE	FALSE
ENSG00000258498	DIO3OS	B_pooled_effect_or_FDR	-1.38742526238166	0.0918143068594775			FALSE	FALSE
ENSG00000258512	LINC00239	B_pooled_effect_or_FDR	-2.14520968039044	0.0534946463270033			FALSE	TRUE
ENSG00000258548	LINC00645	B_pooled_effect_or_FDR			-5.2721019906493	6.64081563602683e-07	FALSE	TRUE
ENSG00000258551	CRAT37	discovery_donor_expression	3.8078035088125	0.000294625412024672			FALSE	TRUE
ENSG00000258561	AL359232.1	B_pooled_effect_or_FDR	0.319948167002412	0.0362527230605815			FALSE	FALSE
ENSG00000258572	AL133467.1	B_pooled_effect_or_FDR	-4.50577844786034	4.11822316893782e-28			FALSE	FALSE
ENSG00000258593	AL583810.1	B_replication_direction	3.1998885203043	8.44753197091102e-48			FALSE	FALSE
ENSG00000258603	AC005225.2	bulk_expression_TCGA_CPTAC	2.35321803124431	5.08968791521743e-19	-0.75660353293183	0.165470610930831	TRUE	FALSE
ENSG00000258616	LINC02303	B_pooled_effect_or_FDR			-8.44194159796716	1.01305978586764e-07	FALSE	FALSE
ENSG00000258634	AL160006.1	B_pooled_effect_or_FDR	-0.134592856163232	0.768799817987593			TRUE	TRUE
ENSG00000258655	ARHGAP5-AS1	A_tested_not_enriched_vs_normal_epithelium	1.47937467128573	8.3343527914849e-23	-0.358901794632673	0.561494181009558	TRUE	TRUE
ENSG00000258708	SLC25A21-AS1	A_tested_not_enriched_vs_normal_epithelium	3.61457882550352	0.000778749839430782	0.0426393447649951	0.952965447985776	TRUE	TRUE
ENSG00000258727	AL135999.1	B_pooled_effect_or_FDR	-0.569415153119075	2.19083965704144e-06			TRUE	FALSE
ENSG00000258730	ITPK1-AS1	B_pooled_effect_or_FDR	-0.998453306820265	0.278841258346245			FALSE	FALSE
ENSG00000258733	LINC02328	B_pooled_effect_or_FDR	-3.44849443185981	1.60478098153231e-70			FALSE	FALSE
ENSG00000258738	AL121603.2	B_pooled_effect_or_FDR	-0.622667397820379	0.0899705814514271			TRUE	TRUE
ENSG00000258757	AL133453.1	B_pooled_effect_or_FDR	0.949315059225939	1.86950141653549e-05	2.41992981850937	2.72134073181792e-12	TRUE	FALSE
ENSG00000258773	AC087636.1	B_replication_direction	4.03640646775216	3.41842493092216e-08			FALSE	FALSE
ENSG00000258793	AL355102.4	B_replication_direction	4.01296264954951	5.60581054476885e-29			FALSE	FALSE
ENSG00000258810	AL133371.2	B_pooled_effect_or_FDR	-4.78600011064448	7.36139329030284e-20			FALSE	TRUE
ENSG00000258819	LINC02289	B_pooled_effect_or_FDR	-4.60762765824853	1.59386319416007e-34			FALSE	TRUE
ENSG00000258860	AL133163.2	B_pooled_effect_or_FDR	-2.90247976041827	1.08622717891768e-17			FALSE	FALSE
ENSG00000258867	LINC01146	B_pooled_effect_or_FDR	-5.26326580286299	4.49491079037281e-80			FALSE	FALSE
ENSG00000258920	FOXN3-AS1	discovery_donor_expression	1.31062376003697	9.74501178481509e-05			FALSE	TRUE
ENSG00000258940	AL132639.2	B_pooled_effect_or_FDR	-1.22507686139882	1.56254230094719e-10			FALSE	TRUE
ENSG00000259001	AL355075.4	B_pooled_effect_or_FDR	-1.0707098316013	0.00089653687388802			TRUE	FALSE
ENSG00000259003	AC243965.1	B_pooled_effect_or_FDR	-5.61137578560409	0.00182214495485516			FALSE	FALSE
ENSG00000259004	LINC02285	B_pooled_effect_or_FDR	-4.82976829812333	1.51311734001194e-78			FALSE	FALSE
ENSG00000259065	AC005520.2	B_pooled_effect_or_FDR	0.785622897054734	0.0865452836888652			TRUE	TRUE
ENSG00000259070	LINC00639	B_pooled_effect_or_FDR	-4.46580544878861	1.10598809024802e-46			FALSE	FALSE
ENSG00000259071	AL359397.2	B_replication_direction	1.62843943766747	0.00057053855854405	-2.13888138778089	8.55700383593407e-05	TRUE	FALSE
ENSG00000259134	LINC00924	B_pooled_effect_or_FDR	-3.06648410955098	2.33210484170868e-09			FALSE	TRUE
ENSG00000259138	AL049780.2	B_pooled_effect_or_FDR	-0.572929013789742	0.367312136439792			FALSE	TRUE
ENSG00000259146	AC005476.2	B_replication_direction	3.10568593955283	5.00060827139978e-44			TRUE	TRUE
ENSG00000259153	AC004816.1	B_replication_direction	1.5524075908893	0.011923275627675			FALSE	TRUE
ENSG00000259172	AC023024.1	B_replication_direction	1.0754306559311	1.43679895356526e-05			TRUE	FALSE
ENSG00000259225	LINC02345	B_pooled_effect_or_FDR	-5.67152836212286	2.67636156400441e-08			FALSE	FALSE
ENSG00000259248	USP3-AS1	B_pooled_effect_or_FDR	0.93309090135997	1.33659302017624e-08			TRUE	FALSE
ENSG00000259275	AC087477.2	A_tested_not_enriched_vs_normal_epithelium	3.36452336805396	0.00101530143015009	0.00418404075237788	0.999382409376942	TRUE	TRUE
ENSG00000259291	ZNF710-AS1	B_pooled_effect_or_FDR	0.830460949908945	1.70806734770838e-05	-1.90028421035434	0.0147553341194992	FALSE	TRUE
ENSG00000259319	AF111167.2	B_pooled_effect_or_FDR	-1.37916375417389	2.91510342005866e-10			FALSE	TRUE
ENSG00000259321	AL136295.2	B_pooled_effect_or_FDR	-0.572911087377651	0.0812085374413169			FALSE	TRUE
ENSG00000259342	AC025580.1	B_replication_direction	2.04118094989295	3.22818417118968e-13	-1.28378911525541	0.114406259268603	FALSE	TRUE
ENSG00000259345	AC013652.1	discovery_donor_expression	4.1353710239986	7.55126382290005e-15			FALSE	TRUE
ENSG00000259347	AC087482.1	A_tested_not_enriched_vs_normal_epithelium	6.47862345548937	6.53506594784387e-13	1.27160090671219	0.199190948472713	TRUE	TRUE
ENSG00000259349	AC011921.1	B_pooled_effect_or_FDR	-0.116682558328239	0.724616419977582			FALSE	FALSE
ENSG00000259359	AC012409.1	A_tested_not_enriched_vs_normal_epithelium	5.57450759442348	2.72500597782431e-20	-0.880807074385132	0.0147596908068759	TRUE	TRUE
ENSG00000259363	AC090825.1	B_pooled_effect_or_FDR	0.375534774002683	0.0204896302713335			FALSE	TRUE
ENSG00000259407	AC021739.2	B_pooled_effect_or_FDR	-1.95281857457944	0.000195329109816362			FALSE	FALSE
ENSG00000259426	AC027237.3	B_replication_direction	2.09086141858689	0.00271406541012596			FALSE	TRUE
ENSG00000259439	LINC01833	B_replication_direction	3.01713561580019	3.06913282201985e-08			FALSE	FALSE
ENSG00000259448	LINC02352	B_pooled_effect_or_FDR	-0.0240590457698193	0.90879873315052	-0.377744056439224	0.59576480621497	TRUE	TRUE
ENSG00000259456	ADNP-AS1	B_replication_direction	1.14055412177312	4.78403632383249e-14			TRUE	TRUE
ENSG00000259460	AC078909.1	B_pooled_effect_or_FDR	0.775058111373966	0.427930138968645			TRUE	FALSE
ENSG00000259488	AC023355.1	B_pooled_effect_or_FDR	0.0325657898318743	0.903986538396366			FALSE	FALSE
ENSG00000259495	AC016705.2	B_replication_direction	4.29833168688624	6.11024987368623e-72			TRUE	TRUE
ENSG00000259498	TPM1-AS	discovery_donor_expression	2.31983624098182	5.3385842398467e-27			FALSE	FALSE
ENSG00000259520	AC051619.4	discovery_donor_expression	1.0163341183254	0.00102255903146297			FALSE	FALSE
ENSG00000259523	AC022613.2	B_pooled_effect_or_FDR	0.733350362695196	0.0036108227972323			TRUE	TRUE
ENSG00000259577	CERNA1	B_pooled_effect_or_FDR	-0.521800684728705	0.710093697153474			TRUE	FALSE
ENSG00000259590	LINC02244	B_replication_direction	1.01379998987482	0.00741668194695302			TRUE	TRUE
ENSG00000259627	AC079328.2	B_pooled_effect_or_FDR	1.01417599366596	0.287383744211065			FALSE	FALSE
ENSG00000259631	AC104316.2	B_replication_direction	3.34124011744786	2.23020235053979e-06			FALSE	TRUE
ENSG00000259635	AC100830.1	B_pooled_effect_or_FDR	-2.25262990088346	3.86181357697425e-09			FALSE	FALSE
ENSG00000259642	ST20-AS1	B_pooled_effect_or_FDR	0.17524564692272	0.301755148109633	-0.566834584356135	0.512789603600474	TRUE	TRUE
ENSG00000259673	IQCH-AS1	B_pooled_effect_or_FDR	-0.100869501914339	0.431402610689029	-1.56992111361095	1.35403009012846e-05	TRUE	TRUE
ENSG00000259687	LINC01220	B_pooled_effect_or_FDR	-0.184659945100421	0.641833982798461			FALSE	TRUE
ENSG00000259768	AC004943.2	B_pooled_effect_or_FDR	0.893164300965592	9.92322565928525e-08			TRUE	TRUE
ENSG00000259772	AC012236.1	B_pooled_effect_or_FDR	-3.45656443946354	0.0102182173072369			FALSE	TRUE
ENSG00000259775	AL138976.2	B_pooled_effect_or_FDR	0.532331154062343	0.0408175911757313			FALSE	TRUE
ENSG00000259788	AL596325.1	B_pooled_effect_or_FDR	-1.9328361659846	0.0442782917353781			FALSE	FALSE
ENSG00000259793	AC013726.1	B_pooled_effect_or_FDR	-1.11437584990487	0.0662849237544077			FALSE	FALSE
ENSG00000259802	AC012640.2	A_tested_not_enriched_vs_normal_epithelium	1.2031687683507	3.1743310398778e-20	-0.854365978268134	0.0338772314893315	TRUE	TRUE
ENSG00000259804	AC027682.1	B_pooled_effect_or_FDR	-0.80001895690238	0.499378343245222			FALSE	FALSE
ENSG00000259818	AL606760.3	B_pooled_effect_or_FDR	-0.547948639875865	0.565960799579783			FALSE	FALSE
ENSG00000259820	AC083843.2	B_pooled_effect_or_FDR	0.351277563228529	0.516029580034758			TRUE	TRUE
ENSG00000259826	AC072061.1	B_pooled_effect_or_FDR	-0.210314992335179	0.168138782588204			FALSE	TRUE
ENSG00000259834	AL365361.1	B_pooled_effect_or_FDR	-4.24150012452606	2.28478658486085e-23			FALSE	TRUE
ENSG00000259863	SH3RF3-AS1	B_pooled_effect_or_FDR	-1.49882751220019	0.000127626531192834			FALSE	TRUE
ENSG00000259865	AL390728.6	B_pooled_effect_or_FDR	-1.31801261031203	1.06283094090032e-06	0.909746164957595	0.0402789882034715	TRUE	TRUE
ENSG00000259867	AC105411.1	B_pooled_effect_or_FDR	-1.65486242483484	5.85252205132431e-05			FALSE	FALSE
ENSG00000259877	AC009113.1	B_pooled_effect_or_FDR	0.078641262099001	0.615132550081693			TRUE	TRUE
ENSG00000259884	NR4A1AS	B_pooled_effect_or_FDR	-3.25921560778643	0.0659663421518465			TRUE	TRUE
ENSG00000259891	AC107375.1	B_pooled_effect_or_FDR	-0.329175530251983	0.00488099935102121			TRUE	TRUE
ENSG00000259915	AC017071.1	B_pooled_effect_or_FDR	0.504306704019153	0.191426052430447			FALSE	FALSE
ENSG00000259943	AL050341.2	B_pooled_effect_or_FDR	0.0798198703093923	0.542341840848348	-0.711945816905613	0.0887758520208421	TRUE	TRUE
ENSG00000259976	AC093010.2	B_replication_direction	1.17733402835693	0.00070298346551849	0.0252503768915692	0.983851517818318	TRUE	FALSE
ENSG00000260000	AL133338.1	B_pooled_effect_or_FDR	0.0867812561053335	0.828219389706467			TRUE	TRUE
ENSG00000260018	AC040169.1	B_pooled_effect_or_FDR	0.630667487148665	6.57606627904102e-05	-0.559471877948092	0.201085402928234	TRUE	TRUE
ENSG00000260025	CRIM1-DT	A_tested_not_enriched_vs_normal_epithelium	3.35297157046931	0.000272023568625443	0.0987014002907693	0.81948077698641	TRUE	TRUE
ENSG00000260032	NORAD	B_pooled_effect_or_FDR	0.257427280850789	0.0961699504850985	-0.205380640122845	0.540432675959852	TRUE	TRUE
ENSG00000260059	AC092620.2	B_replication_direction	2.03035210013549	1.96259280678399e-13			TRUE	FALSE
ENSG00000260060	AC009088.1	B_pooled_effect_or_FDR	-0.876714182999976	6.07753818099906e-06			FALSE	FALSE
ENSG00000260077	AC104794.3	B_pooled_effect_or_FDR	-0.301170682576375	0.032486133650514			TRUE	TRUE
ENSG00000260083	MIR762HG	B_pooled_effect_or_FDR	-0.312384456384896	0.232959892486242			TRUE	TRUE
ENSG00000260086	AC007611.1	B_pooled_effect_or_FDR	-1.05155083815257	0.0643058652278708			FALSE	TRUE
ENSG00000260088	DDX59-AS1	B_replication_direction	2.80719059460477	1.84471833153455e-09			FALSE	TRUE
ENSG00000260093	AC034111.1	B_pooled_effect_or_FDR	0.262076460030408	0.512163720658297			FALSE	FALSE
ENSG00000260101	AC008074.2	B_pooled_effect_or_FDR	-0.436546202510863	0.0106546129908859			FALSE	TRUE
ENSG00000260135	MMP2-AS1	B_pooled_effect_or_FDR	-5.53826968348993	1.56513447652797e-05			FALSE	TRUE
ENSG00000260136	AC008915.2	A_tested_not_enriched_vs_normal_epithelium	1.21037894548941	0.000798329470318885	-0.250457493712283	0.502717295446368	TRUE	TRUE
ENSG00000260142	AC068135.2	B_pooled_effect_or_FDR	-4.29492891439228	4.69258038478553e-10			FALSE	FALSE
ENSG00000260196	AC124798.1	B_pooled_effect_or_FDR	0.978455811026182	0.387985211446357			TRUE	TRUE
ENSG00000260201	AC141273.1	B_replication_direction	5.36668002929713	7.68462643519567e-48	-2.60645177280153	0.0100862147611441	TRUE	TRUE
ENSG00000260219	CD2BP2-DT	A_replication_direction	2.16130398640961	5.29470138887898e-07	1.39952676426026	0.00511358128760599	TRUE	TRUE
ENSG00000260228	AC009119.1	B_pooled_effect_or_FDR	-5.01965049032941	1.33234413204247e-58			FALSE	FALSE
ENSG00000260231	KDM7A-DT	B_pooled_effect_or_FDR	0.699835949383878	0.0228033897025104	0.309951273693905	0.591901067839662	TRUE	TRUE
ENSG00000260236	AC099778.1	B_pooled_effect_or_FDR	-0.743158924352765	0.00521334951558022			TRUE	TRUE
ENSG00000260257	AL035071.1	B_pooled_effect_or_FDR	-0.714895501093144	0.0537608093177962			TRUE	TRUE
ENSG00000260259	LINC02166	A_tested_not_enriched_vs_normal_epithelium	2.98765565524134	4.54162078232998e-07	-0.475354255899352	0.714206252184174	TRUE	TRUE
ENSG00000260260	SNHG19	A_tested_not_enriched_vs_normal_epithelium	1.86693738306702	6.61064018768601e-15	-0.887476434099705	0.00768969698023075	TRUE	TRUE
ENSG00000260267	AC026471.1	B_pooled_effect_or_FDR	0.0172340106546934	0.916959127453322			TRUE	TRUE
ENSG00000260273	AL359711.2	B_pooled_effect_or_FDR	-1.34784644970611	3.29119835171778e-10			FALSE	TRUE
ENSG00000260274	AC068338.2	B_pooled_effect_or_FDR	-0.246308798543399	0.377990821864929			TRUE	TRUE
ENSG00000260276	AC022167.2	B_pooled_effect_or_FDR	0.233898560911104	0.60612346409766			FALSE	TRUE
ENSG00000260278	AC098818.2	B_pooled_effect_or_FDR	-0.868096752012859	0.0112532018310805			TRUE	FALSE
ENSG00000260302	LINC01882	B_pooled_effect_or_FDR	-5.64530083577133	1.15585412968582e-06			FALSE	FALSE
ENSG00000260317	AC009812.4	B_pooled_effect_or_FDR	0.111267958588227	0.608261004866513			TRUE	TRUE
ENSG00000260329	AC007541.1	A_tested_not_enriched_vs_normal_epithelium	1.07408382125963	0.000127874231757551	0.883777133029925	0.49119044342173	TRUE	TRUE
ENSG00000260339	HEXA-AS1	B_pooled_effect_or_FDR	-1.12673647061488	0.0114688440172876			FALSE	FALSE
ENSG00000260349	AC087190.1	B_pooled_effect_or_FDR	-0.923867866383217	7.85598164378559e-09	0.305536752496001	0.447987207976904	TRUE	FALSE
ENSG00000260360	AL353708.1	B_pooled_effect_or_FDR	-1.73102996069541	0.0420414806419698			FALSE	FALSE
ENSG00000260388	LINC00562	B_pooled_effect_or_FDR	-0.507013192566878	0.0130635491177719			FALSE	FALSE
ENSG00000260418	AL023284.4	B_replication_direction	3.37410923087964	3.43902993153972e-51			FALSE	TRUE
ENSG00000260420	LINC02182	B_replication_direction	3.48843434925033	2.85661647183587e-09			FALSE	TRUE
ENSG00000260442	ATP2A1-AS1	B_pooled_effect_or_FDR	-2.80238249372512	5.68836819169928e-19			FALSE	FALSE
ENSG00000260465	AC018557.1	B_pooled_effect_or_FDR	-0.156392249304764	0.36865484582159			FALSE	FALSE
ENSG00000260468	LINC01290	B_pooled_effect_or_FDR	-2.67214342053269	8.56154793121495e-11			FALSE	FALSE
ENSG00000260475	AL353719.1	B_pooled_effect_or_FDR	-0.367319959758776	0.357319950718104			TRUE	FALSE
ENSG00000260507	AC133919.1	B_pooled_effect_or_FDR	-0.549190103091796	0.00726868698200963			TRUE	FALSE
ENSG00000260517	AC009093.2	B_pooled_effect_or_FDR	-6.29781967711387	1.04561410240646e-05			FALSE	FALSE
ENSG00000260526	AC109347.1	B_pooled_effect_or_FDR	0.64453808537238	0.00271352083842374			FALSE	TRUE
ENSG00000260528	FAM157C	B_pooled_effect_or_FDR	-0.807730721537521	0.401380222928675			TRUE	FALSE
ENSG00000260552	AC023043.1	A_tested_not_enriched_vs_normal_epithelium	3.43895205774998	0.00511972288849477	1.1371216437965	0.124957956045514	TRUE	TRUE
ENSG00000260563	AC132872.1	B_pooled_effect_or_FDR	-1.35962498665354	0.000854484295490444			TRUE	TRUE
ENSG00000260572	AC069224.1	B_pooled_effect_or_FDR	0.325312886653735	0.131454881406758			TRUE	TRUE
ENSG00000260578	AC110597.1	B_replication_direction	2.60667713226483	3.06525843384761e-18			FALSE	TRUE
ENSG00000260585	AL359851.1	B_replication_direction	1.05358053451245	0.00112502526034097			FALSE	FALSE
ENSG00000260589	STAM-AS1	B_pooled_effect_or_FDR	0.424686258165452	0.408722444689015			TRUE	FALSE
ENSG00000260621	AC092140.1	B_pooled_effect_or_FDR	-1.16289129055259	0.0137855791877677			TRUE	FALSE
ENSG00000260625	AC026471.2	B_pooled_effect_or_FDR	0.320422037268024	0.0804899692395361			FALSE	TRUE
ENSG00000260630	SNAI3-AS1	B_pooled_effect_or_FDR	-0.399509044371614	0.0377108273620248			FALSE	TRUE
ENSG00000260641	AC114811.2	B_pooled_effect_or_FDR	-3.92335719029467	1.04644311449984e-58			FALSE	FALSE
ENSG00000260651	AF213884.3	B_pooled_effect_or_FDR	-0.85434647701721	1.74370533557026e-06			FALSE	FALSE
ENSG00000260679	AP007216.2	B_pooled_effect_or_FDR	-4.08770174406674	1.00087183725921e-35			FALSE	TRUE
ENSG00000260708	AL118516.1	B_pooled_effect_or_FDR	-0.0634830491408693	0.754502915117442	1.59343592750398	0.00382689850222734	TRUE	TRUE
ENSG00000260719	AC009133.3	B_pooled_effect_or_FDR	-4.74975527230006	9.73954300007413e-07			FALSE	FALSE
ENSG00000260740	AC026471.3	B_pooled_effect_or_FDR			-5.4778076566817	2.86498596701448e-07	FALSE	FALSE
ENSG00000260742	AC009962.1	B_pooled_effect_or_FDR	-1.52436427826061	1.06289238088818e-11			FALSE	FALSE
ENSG00000260755	AC010542.2	B_pooled_effect_or_FDR	-0.468632185867159	0.00235670135737609			TRUE	FALSE
ENSG00000260778	AC009065.4	B_pooled_effect_or_FDR	-0.0916837229345881	0.612817479702259			FALSE	TRUE
ENSG00000260793	AC003102.1	B_pooled_effect_or_FDR	-1.81826166286237	3.49353740024915e-07			FALSE	TRUE
ENSG00000260804	LINC01963	B_pooled_effect_or_FDR	-0.216475807515641	0.258717951114436			TRUE	TRUE
ENSG00000260805	AC092803.1	B_pooled_effect_or_FDR	-0.107228243938118	0.448613214971887	-0.521347589656728	0.439182177325907	TRUE	TRUE
ENSG00000260806	AL163051.1	B_pooled_effect_or_FDR	-0.983652137472927	0.0260296743937751			TRUE	FALSE
ENSG00000260807	CEROX1	B_pooled_effect_or_FDR	-2.80441945731746	1.88900353514685e-16			FALSE	TRUE
ENSG00000260852	FBXL19-AS1	B_pooled_effect_or_FDR	0.291561447980741	0.0502426352478936			TRUE	TRUE
ENSG00000260877	AP005233.2	B_replication_direction	3.09591956396375	2.14422720873543e-26			FALSE	TRUE
ENSG00000260879	AL359258.2	B_pooled_effect_or_FDR	0.0615598668579573	0.740719783491754			FALSE	FALSE
ENSG00000260898	ADPGK-AS1	B_pooled_effect_or_FDR	-2.65091435776633	1.21216662721459e-07			FALSE	FALSE
ENSG00000260905	AC009021.1	B_pooled_effect_or_FDR	-1.62881884002612	1.00804165620259e-05			FALSE	FALSE
ENSG00000260907	AC015818.2	B_replication_direction	1.51109366591806	4.28689937365327e-05			FALSE	FALSE
ENSG00000260911	AC135050.3	B_pooled_effect_or_FDR	-2.14866305192413	6.47112030340101e-13			TRUE	TRUE
ENSG00000260923	LINC02193	B_pooled_effect_or_FDR	-0.52778209005083	0.000110379017887397			TRUE	FALSE
ENSG00000260942	CAPN10-DT	B_pooled_effect_or_FDR	-0.37834862523607	0.167751870712634			TRUE	TRUE
ENSG00000260943	LINC02555	B_replication_direction	2.33047101794872	3.950862008452e-15			FALSE	TRUE
ENSG00000260963	AC026462.3	A_tested_not_enriched_vs_normal_epithelium	5.04548114336945	1.14623106158589e-64	-3.16848152689017	3.95669883188469e-12	TRUE	TRUE
ENSG00000260971	AC119674.1	B_pooled_effect_or_FDR	-3.66039410898463	8.48850460065273e-27			FALSE	FALSE
ENSG00000260992	DOCK9-DT	B_pooled_effect_or_FDR	0.0601178616566934	0.776574236668084			TRUE	TRUE
ENSG00000261008	LINC01572	B_pooled_effect_or_FDR	-0.527334078905527	0.101790214909337			FALSE	FALSE
ENSG00000261054	AC036108.2	B_pooled_effect_or_FDR	1.15588276553612	0.122249620589666			FALSE	FALSE
ENSG00000261064	LINC02256	B_pooled_effect_or_FDR	0.299585560831213	0.00129018424758715	1.01179188323785	0.0565981437819961	TRUE	TRUE
ENSG00000261068	AL512274.1	B_replication_direction	4.44685562459734	0.00120543534800514			FALSE	FALSE
ENSG00000261071	AL441883.1	B_pooled_effect_or_FDR	0.160333380627345	0.35181898365741			TRUE	FALSE
ENSG00000261079	AC009053.2	B_pooled_effect_or_FDR	-0.408315590388555	0.0152067189998236			FALSE	FALSE
ENSG00000261098	AP000766.1	B_pooled_effect_or_FDR	-0.0938094391899944	0.75942863865276			TRUE	TRUE
ENSG00000261105	LMO7-AS1	B_pooled_effect_or_FDR	-1.10251028837039	0.00314436919146894			FALSE	TRUE
ENSG00000261118	AC092123.1	B_pooled_effect_or_FDR	-0.812841382293955	0.159714067602559			FALSE	TRUE
ENSG00000261126	RBFADN	B_pooled_effect_or_FDR	0.601180569408074	0.000285502761875591			FALSE	FALSE
ENSG00000261135	AL137802.2	B_pooled_effect_or_FDR	0.214513448533736	0.661446906155088			FALSE	FALSE
ENSG00000261136	AC023908.3	B_pooled_effect_or_FDR	-1.38707831690021	4.38968402403171e-06			FALSE	TRUE
ENSG00000261140	AC093525.4	B_pooled_effect_or_FDR	0.541102293822299	4.4145907915382e-05			TRUE	FALSE
ENSG00000261141	AC092718.5	B_replication_direction	1.58001584721698	9.33328171112714e-09			TRUE	TRUE
ENSG00000261158	AC109597.2	B_pooled_effect_or_FDR	-1.87407722728875	7.57875932155697e-11			FALSE	FALSE
ENSG00000261170	AC009053.3	discovery_donor_expression	6.44512626696523	3.06093758877954e-15	0.560360965565379	0.165470610930831	FALSE	TRUE
ENSG00000261175	LINC02188	A_replication_direction	5.540901435252	1.05815648003887e-09	5.06648164470043	0.0321535176406828	TRUE	TRUE
ENSG00000261183	SPINT1-AS1	A_tested_not_enriched_vs_normal_epithelium	3.87679740032238	3.59955013560308e-26	-1.07720170539563	0.098173824262807	TRUE	TRUE
ENSG00000261187	AC079322.1	B_pooled_effect_or_FDR	0.723083605154677	0.142862710425667			TRUE	TRUE
ENSG00000261189	AL031058.1	B_replication_direction	2.87430155716455	2.11921623265478e-10	-1.89249340979009	0.0137618932473631	FALSE	TRUE
ENSG00000261216	AC007216.2	B_pooled_effect_or_FDR	-0.821483908801173	0.394630019740678			FALSE	FALSE
ENSG00000261220	AC103706.1	B_pooled_effect_or_FDR	-1.8720853750083	4.26339605045883e-25			FALSE	TRUE
ENSG00000261222	AC064805.1	B_pooled_effect_or_FDR	-4.64674036024256	1.19271610766223e-06			FALSE	FALSE
ENSG00000261227	AC140912.1	B_pooled_effect_or_FDR	1.0945721503865	0.157451079709971			TRUE	FALSE
ENSG00000261235	AC092142.1	B_replication_direction	3.32141142302167	1.42565492813035e-06			FALSE	TRUE
ENSG00000261242	AL136038.3	B_pooled_effect_or_FDR	-1.69072274314	4.29846770514832e-05			FALSE	FALSE
ENSG00000261298	AC122134.1	B_replication_direction	4.64903917561518	4.2314907857924e-65			FALSE	TRUE
ENSG00000261302	AC106779.1	B_pooled_effect_or_FDR	-0.407258115677491	0.66535144042627			FALSE	FALSE
ENSG00000261326	LINC01355	B_pooled_effect_or_FDR	0.18223884794605	0.588959923710697			TRUE	TRUE
ENSG00000261335	AC005837.1	B_pooled_effect_or_FDR	-1.28116736151144	9.44823403009959e-13			FALSE	FALSE
ENSG00000261351	AC116913.1	B_pooled_effect_or_FDR	-0.420251330437541	0.00254378075763715			TRUE	TRUE
ENSG00000261359	PYCARD-AS1	B_pooled_effect_or_FDR	-1.21323372899596	1.60069169426141e-06			FALSE	FALSE
ENSG00000261360	AC010491.1	B_pooled_effect_or_FDR	-0.375798709763211	0.0615873808339482			TRUE	FALSE
ENSG00000261366	MANEA-DT	B_pooled_effect_or_FDR	-1.75535545330035	3.13384488865743e-36			FALSE	TRUE
ENSG00000261386	AC027682.4	B_pooled_effect_or_FDR	-2.5973158134239	0.0174456689270573			FALSE	FALSE
ENSG00000261399	AL031710.1	B_replication_direction	4.46129045694758	3.37638047514312e-39	-5.1365204722974	2.39221999805369e-07	FALSE	TRUE
ENSG00000261411	AL161938.1	B_replication_direction	4.05026548547014	4.73520368533129e-40			TRUE	FALSE
ENSG00000261416	AC012645.3	B_pooled_effect_or_FDR	-4.60627028718837	2.25066148662428e-163			FALSE	FALSE
ENSG00000261420	AL022069.1	B_pooled_effect_or_FDR	-0.170716276545153	0.411280192789034			TRUE	FALSE
ENSG00000261423	TMEM202-AS1	B_pooled_effect_or_FDR	0.292383116091677	0.297760191473194			TRUE	TRUE
ENSG00000261441	AC124068.2	B_pooled_effect_or_FDR	0.128728296518018	0.861275783486581			FALSE	TRUE
ENSG00000261448	AC109446.2	B_pooled_effect_or_FDR	-4.36439769887446	3.34233457209865e-09			FALSE	FALSE
ENSG00000261449	AC103724.3	B_pooled_effect_or_FDR	-3.84190842540651	9.14371224226587e-41			FALSE	FALSE
ENSG00000261455	LINC01003	B_pooled_effect_or_FDR	-0.291715216887892	0.0059962727541204	-0.421902816952594	0.258570421971177	TRUE	TRUE
ENSG00000261474	AC026471.4	B_pooled_effect_or_FDR	-0.218399716557266	0.27627004917437			TRUE	TRUE
ENSG00000261485	PAN3-AS1	B_pooled_effect_or_FDR	-0.291797128157652	0.0664314844186514			FALSE	TRUE
ENSG00000261488	TBILA	B_replication_direction	3.21948868383957	0.00229490365848066			FALSE	TRUE
ENSG00000261505	AL031714.1	B_pooled_effect_or_FDR	-0.7175190374526	0.185345008881528			FALSE	FALSE
ENSG00000261512	AC092368.3	B_pooled_effect_or_FDR	-2.03727900923585	1.80942183243742e-07			FALSE	TRUE
ENSG00000261526	AC012615.1	B_pooled_effect_or_FDR	-1.44293294999123	0.032486133650514			TRUE	TRUE
ENSG00000261542	AC011978.2	B_pooled_effect_or_FDR	-1.12817390270706	1.76508237915817e-11			FALSE	TRUE
ENSG00000261573	AL157402.2	B_pooled_effect_or_FDR	-4.76035905945462	4.56596317445314e-21			FALSE	FALSE
ENSG00000261584	AL513548.1	B_replication_direction	1.40163502861819	9.39022380789958e-18			TRUE	FALSE
ENSG00000261613	AC093525.6	B_replication_direction	1.00831884949672	2.84712963969077e-10			TRUE	FALSE
ENSG00000261616	AC036108.3	B_pooled_effect_or_FDR	-1.57804885700504	1.82998841629088e-07			FALSE	TRUE
ENSG00000261618	LINC02605	B_replication_direction	1.54989983252967	0.00149220609326061			TRUE	FALSE
ENSG00000261634	AC026992.2	B_replication_direction	4.61105241641985	2.34495169987953e-30			FALSE	TRUE
ENSG00000261644	AC007728.2	B_pooled_effect_or_FDR	-4.27522715252027	0.000242124423655906			FALSE	FALSE
ENSG00000261664	TTC39A-AS1	B_replication_direction	1.54487562466697	0.0265077092385304			FALSE	FALSE
ENSG00000261684	AC018362.1	B_pooled_effect_or_FDR	-1.70334651290632	2.16091006464948e-28			FALSE	FALSE
ENSG00000261737	CLCA4-AS1	B_pooled_effect_or_FDR	-1.60384948690424	2.16481680938696e-21			FALSE	TRUE
ENSG00000261758	AC117382.2	B_pooled_effect_or_FDR	-0.391219041694736	0.112977500950016			FALSE	FALSE
ENSG00000261759	AC099518.5	B_pooled_effect_or_FDR	-1.93493034947033	5.86060378582948e-13			FALSE	FALSE
ENSG00000261766	AC133550.3	B_pooled_effect_or_FDR	-1.43050934097876	0.0294950657924297			TRUE	TRUE
ENSG00000261770	AC006504.1	B_pooled_effect_or_FDR	0.666399719926462	0.117896706304222			TRUE	FALSE
ENSG00000261801	LOXL1-AS1	A_tested_not_enriched_vs_normal_epithelium	1.40644215153569	1.10161360167532e-05	-0.266094739737345	0.785430310180455	TRUE	TRUE
ENSG00000261824	LINC00662	B_pooled_effect_or_FDR	0.491821928226279	0.0102754096956462	0.784667026343623	0.00635530454417653	TRUE	TRUE
ENSG00000261840	AC093249.6	B_pooled_effect_or_FDR	0.165089744281783	0.488021809279006	-0.979069481071283	0.0726273459016329	TRUE	TRUE
ENSG00000261845	AC124283.1	B_pooled_effect_or_FDR	-1.99259765183796	1.97653342954655e-35			TRUE	FALSE
ENSG00000261879	AC087500.1	B_pooled_effect_or_FDR	-0.0287672821273633	0.941233256371911			TRUE	TRUE
ENSG00000261888	AC144831.1	B_pooled_effect_or_FDR	-3.64786810298188	1.7299734175259e-40			FALSE	TRUE
ENSG00000261971	MMP25-AS1	B_pooled_effect_or_FDR	-0.378787940628558	0.661446906155088	1.74943506109722	1.9615157114214e-05	TRUE	TRUE
ENSG00000261997	AC007336.1	B_pooled_effect_or_FDR	-3.48548152131076	7.96185964175407e-20			FALSE	FALSE
ENSG00000262001	DLGAP1-AS2	B_pooled_effect_or_FDR	-0.4246181920602	0.489536654852378			TRUE	TRUE
ENSG00000262020	AC007014.1	B_pooled_effect_or_FDR	-1.37408391069778	0.119300042829729			FALSE	FALSE
ENSG00000262049	AC139530.1	B_pooled_effect_or_FDR	0.125409511492448	0.63028153697629	0.235960207913171	0.583388380062817	TRUE	FALSE
ENSG00000262050	AC005696.1	B_replication_direction	1.37991478528682	0.0367785593327957			FALSE	TRUE
ENSG00000262089	AC040977.1	B_pooled_effect_or_FDR	0.317886541020414	0.0156922605896407			TRUE	TRUE
ENSG00000262097	LINC02185	B_pooled_effect_or_FDR	-3.39989109941592	1.7592199985032e-36			FALSE	TRUE
ENSG00000262160	AC020978.5	bulk_expression_TCGA_CPTAC	2.20357357339272	3.57851830093387e-07	-1.17098119137983	0.12683199087047	TRUE	FALSE
ENSG00000262198	AL157931.1	B_replication_direction	5.33201479235039	1.63653059134769e-19			FALSE	TRUE
ENSG00000262202	AC007952.4	B_pooled_effect_or_FDR	-1.93136080523789	9.26320350042815e-05	0.853088387607037	0.465368828204244	TRUE	FALSE
ENSG00000262227	AC004771.2	B_pooled_effect_or_FDR	0.0784171882894987	0.925862580783923			FALSE	TRUE
ENSG00000262292	AC007952.5	B_pooled_effect_or_FDR	-3.15544665220237	1.16714821527708e-13			FALSE	FALSE
ENSG00000262294	AC129507.2	discovery_donor_expression	4.07352989384757	2.36823647791273e-53			FALSE	TRUE
ENSG00000262312	AC004494.1	B_pooled_effect_or_FDR	0.00295571914791182	0.990228136270075			FALSE	FALSE
ENSG00000262370	AC108134.3	B_pooled_effect_or_FDR	-4.21186764831197	3.76471364066698e-19			FALSE	TRUE
ENSG00000262413	AC145207.2	B_pooled_effect_or_FDR	-0.563265117608643	0.00521612912182054			FALSE	FALSE
ENSG00000262420	AC007613.1	B_pooled_effect_or_FDR	-1.06639861241522	0.000310781778883837			TRUE	FALSE
ENSG00000262429	AC004771.3	B_pooled_effect_or_FDR	0.558267314354091	0.00138147994774042			FALSE	FALSE
ENSG00000262454	MIR193BHG	discovery_donor_expression	2.256767632618	4.36664602422034e-23			FALSE	TRUE
ENSG00000262468	LINC01569	A_tested_not_enriched_vs_normal_epithelium	1.83910324662338	2.7804845201256e-10	0.0683354634518463	0.963952739592309	TRUE	TRUE
ENSG00000262528	AL022341.2	B_pooled_effect_or_FDR	-0.0796626367299704	0.796838783262381			FALSE	FALSE
ENSG00000262580	AC087741.1	B_pooled_effect_or_FDR	-0.274721123127793	0.0439338065294847			TRUE	TRUE
ENSG00000262619	LINC00621	discovery_donor_expression	3.69945046930712	0.000211191028753272			FALSE	TRUE
ENSG00000262686	GLIS2-AS1	B_pooled_effect_or_FDR	1.83142422586752	0.161638260436754			TRUE	TRUE
ENSG00000262801	U91319.1	B_replication_direction	4.3900327591227	1.56557037056379e-70			FALSE	FALSE
ENSG00000262823	AC127521.1	B_pooled_effect_or_FDR	-1.86245109476573	0.0400147078171576			FALSE	TRUE
ENSG00000262831	AC145207.3	B_pooled_effect_or_FDR	0.80213480881589	0.00579009568190775			FALSE	FALSE
ENSG00000262873	AC127496.5	B_pooled_effect_or_FDR	0.258400506976146	0.304831966246733			FALSE	FALSE
ENSG00000262877	AC110285.2	B_pooled_effect_or_FDR	0.405127655050496	0.168165852140851			FALSE	TRUE
ENSG00000262967	AC005921.2	B_pooled_effect_or_FDR	-0.247489172317605	0.0651052876974861	-0.00513737118754114	0.993620940063154	TRUE	FALSE
ENSG00000262995	AC137056.1	A_tested_not_enriched_vs_normal_epithelium	6.10890381501139	3.95496653198861e-26	-1.97073175185951	0.0860680550981764	TRUE	TRUE
ENSG00000263004	AC007114.1	B_pooled_effect_or_FDR	0.501201069759451	0.0781786206429548	-1.15832912163957	0.092434701709952	TRUE	TRUE
ENSG00000263050	AC090617.5	B_pooled_effect_or_FDR	-3.22825406314253	4.52276647118038e-22			FALSE	TRUE
ENSG00000263069	RNF213-AS1	B_pooled_effect_or_FDR	0.711514699307107	0.462232414713551	1.17945878539179	0.534861363130813	TRUE	TRUE
ENSG00000263072	ZNF213-AS1	B_pooled_effect_or_FDR	0.302801832066274	0.368444001171554	0.129435180771994	0.765038413329384	TRUE	TRUE
ENSG00000263089	AC007114.2	B_pooled_effect_or_FDR	-0.518784691380255	0.0752100706496123			TRUE	FALSE
ENSG00000263146	LINC01896	B_pooled_effect_or_FDR			-7.29181726420508	9.71781530196094e-14	FALSE	FALSE
ENSG00000263220	AC015727.1	B_pooled_effect_or_FDR	0.536810325970829	0.0318427326736601			FALSE	TRUE
ENSG00000263272	AC004148.1	B_pooled_effect_or_FDR	0.670415991845106	0.162662156437742	-0.185901184985462	0.72679450724759	TRUE	TRUE
ENSG00000263293	THCAT158	B_pooled_effect_or_FDR	1.43502032484126	0.0570160167765513			FALSE	TRUE
ENSG00000263307	AC007216.4	B_pooled_effect_or_FDR	-1.48149679045073	8.04225374450959e-05			FALSE	TRUE
ENSG00000263327	TAPT1-AS1	B_pooled_effect_or_FDR	0.262125263020076	0.393401176213958			FALSE	TRUE
ENSG00000263335	AF001548.2	B_pooled_effect_or_FDR	-1.9954212099967	1.34731654299319e-33			FALSE	FALSE
ENSG00000263394	AC007952.7	B_pooled_effect_or_FDR	-3.82718912859556	6.65291768348022e-20			FALSE	FALSE
ENSG00000263424	AC110597.3	B_replication_direction	3.27333121906305	0.00450533234265677			FALSE	FALSE
ENSG00000263586	HID1-AS1	B_pooled_effect_or_FDR	-5.31594390284587	2.33508118835323e-12			FALSE	TRUE
ENSG00000263590	LINC02591	B_pooled_effect_or_FDR	-2.15752082420392	0.000305296937519581			FALSE	FALSE
ENSG00000263677	AC012588.1	B_replication_direction	4.42294878807543	6.26282416679346e-05			FALSE	FALSE
ENSG00000263680	AC007639.1	B_replication_direction	4.17147700336894	7.16478398080215e-06			TRUE	TRUE
ENSG00000263731	AC145207.5	B_pooled_effect_or_FDR	-0.0501429251585662	0.80719216699016			TRUE	TRUE
ENSG00000263753	LINC00667	B_pooled_effect_or_FDR	0.0891628955199358	0.710692171802536	-0.369711051061208	0.279389359695433	TRUE	TRUE
ENSG00000263756	AL645941.3	B_pooled_effect_or_FDR	-0.259010452483474	0.778123787527643			FALSE	FALSE
ENSG00000263766	AC025682.1	B_pooled_effect_or_FDR	-1.02323192333245	1.83347368908801e-07			FALSE	FALSE
ENSG00000263823	AC009831.1	B_pooled_effect_or_FDR	-0.299947271653364	0.520172174303147			TRUE	TRUE
ENSG00000263826	AC112907.3	B_pooled_effect_or_FDR	-1.20816717920478	0.0968482094171036			FALSE	FALSE
ENSG00000263843	AC022211.2	B_pooled_effect_or_FDR	-0.764544735871742	1.95393197219414e-06			FALSE	TRUE
ENSG00000263847	AP005899.1	B_pooled_effect_or_FDR	-0.828727020462794	0.0143828224747943			FALSE	TRUE
ENSG00000264112	AC015813.1	B_pooled_effect_or_FDR	0.65427819572319	0.00821376551176179	1.56282632364821	0.190782407736815	TRUE	TRUE
ENSG00000264207	AC239868.1	B_pooled_effect_or_FDR	0.136507492355895	0.352914576940657			TRUE	FALSE
ENSG00000264235	AP005329.1	B_pooled_effect_or_FDR	-0.406563067506181	0.432512524340142			FALSE	FALSE
ENSG00000264247	LINC00909	B_pooled_effect_or_FDR	0.127220098039343	0.598882286582324	-0.0137063132693608	0.981057212633516	TRUE	TRUE
ENSG00000264269	AC016866.1	B_pooled_effect_or_FDR	-1.74598689548032	0.433879748529419			FALSE	FALSE
ENSG00000264278	ZNF236-DT	B_pooled_effect_or_FDR	-0.755710726108191	5.74057390899534e-05			FALSE	TRUE
ENSG00000264404	LINC02675	B_replication_direction	2.48671532141253	2.39553507498947e-14	-3.91939068221675	1.06145435386811e-09	FALSE	TRUE
ENSG00000264443	NCMAP-DT	B_pooled_effect_or_FDR	-1.75925103980734	0.00596823422707267			FALSE	FALSE
ENSG00000264575	LINC00526	A_tested_not_enriched_vs_normal_epithelium	1.37979891867179	1.58521180532201e-06	-0.601655382228449	0.237710763782092	TRUE	TRUE
ENSG00000264577	AC010761.1	B_pooled_effect_or_FDR	0.331187275832113	0.060642821609661			FALSE	TRUE
ENSG00000264589	MAPT-AS1	discovery_donor_expression	4.93106115343284	6.64171110831299e-73	-2.01625512780123	0.12683199087047	FALSE	FALSE
ENSG00000264707	L3MBTL4-AS1	B_pooled_effect_or_FDR	-4.25773118531327	6.43446113615211e-126			FALSE	TRUE
ENSG00000264739	AC093484.2	B_pooled_effect_or_FDR	-5.32514719914485	1.29521972970812e-09			FALSE	FALSE
ENSG00000264745	TTC39C-AS1	B_pooled_effect_or_FDR	-3.27291172544077	3.06015632503412e-07			FALSE	FALSE
ENSG00000264954	PRR29-AS1	B_pooled_effect_or_FDR	-2.28177237200395	5.30934096686177e-27			FALSE	FALSE
ENSG00000264968	AC090844.2	B_replication_direction	2.06200016623095	2.02132828239451e-09			FALSE	TRUE
ENSG00000265008	AC011825.4	B_pooled_effect_or_FDR	0.0712702186040058	0.924478448579386			FALSE	FALSE
ENSG00000265096	C1QTNF1-AS1	B_replication_direction	2.62092584955215	1.29820112890695e-14			TRUE	TRUE
ENSG00000265100	AC005332.1	B_pooled_effect_or_FDR	-2.88551564985479	1.95456693392568e-05			FALSE	TRUE
ENSG00000265148	TSPOAP1-AS1	B_pooled_effect_or_FDR	-3.36988020250988	2.83282648600236e-05			FALSE	TRUE
ENSG00000265206	AC004687.1	B_pooled_effect_or_FDR	-4.36945301151407	1.34737151963952e-30			TRUE	TRUE
ENSG00000265254	AC015917.2	B_pooled_effect_or_FDR	0.259715373926165	0.456818027592458			TRUE	FALSE
ENSG00000265287	AC005726.4	B_pooled_effect_or_FDR	-1.40502759867374	2.48492479011802e-18			TRUE	FALSE
ENSG00000265401	AC093484.3	B_pooled_effect_or_FDR	-0.682466590186225	0.00209460503238439			FALSE	FALSE
ENSG00000265458	AC132938.3	B_pooled_effect_or_FDR	0.0166144471920569	0.959444584685064			FALSE	TRUE
ENSG00000265666	RARA-AS1	B_pooled_effect_or_FDR	-0.742488620187261	6.78186988798821e-06	-0.824632939298085	0.050932828503117	TRUE	TRUE
ENSG00000265692	LINC01970	B_pooled_effect_or_FDR	-1.63554930564785	2.20988319335695e-07			TRUE	FALSE
ENSG00000265739	AC104984.3	B_pooled_effect_or_FDR	-0.0119068694284874	0.983451901182027			TRUE	FALSE
ENSG00000265743	AC138207.5	B_pooled_effect_or_FDR	-3.68815129799597	5.003875131558e-06			FALSE	TRUE
ENSG00000265778	AC018413.1	B_pooled_effect_or_FDR	-0.133942078284447	0.873665392884902			FALSE	TRUE
ENSG00000266010	GATA6-AS1	B_pooled_effect_or_FDR	-1.85989391745337	3.97589894173625e-08			FALSE	FALSE
ENSG00000266053	NDUFV2-AS1	B_pooled_effect_or_FDR	-1.71074481565692	0.00679457646857702	-0.456555500273088	0.63303587873392	TRUE	TRUE
ENSG00000266088	AC004585.1	B_pooled_effect_or_FDR	-4.62380342474916	2.88442783657553e-06			FALSE	TRUE
ENSG00000266171	AP001020.3	B_pooled_effect_or_FDR	-1.2980486800048	1.52396606635303e-08			FALSE	FALSE
ENSG00000266256	LINC00683	discovery_donor_expression	2.59471469555658	0.0139291674841831			FALSE	FALSE
ENSG00000266258	LINC01909	B_pooled_effect_or_FDR	-0.776531510636178	0.00314307258698853			FALSE	TRUE
ENSG00000266340	AC138207.7	B_pooled_effect_or_FDR	-1.05840742770407	2.52558358729142e-05			FALSE	FALSE
ENSG00000266378	AC005224.2	B_pooled_effect_or_FDR	-4.42814688700662	2.90003476825417e-48			FALSE	FALSE
ENSG00000266385	AC005899.5	B_pooled_effect_or_FDR	0.0623370646409069	0.802285372240029			TRUE	FALSE
ENSG00000266389	AC002091.2	B_pooled_effect_or_FDR	-5.27948372440858	3.10752264292446e-60			FALSE	TRUE
ENSG00000266402	SNHG25	A_tested_not_enriched_vs_normal_epithelium	1.11754099634689	5.79632968733164e-08	-0.308338345573041	0.764409659999054	TRUE	TRUE
ENSG00000266441	AP005205.2	B_replication_direction	4.0993694053727	1.16407821837566e-78			TRUE	FALSE
ENSG00000266473	AC007448.4	B_pooled_effect_or_FDR	0.140675530660113	0.375691708298339			FALSE	TRUE
ENSG00000266490	AC127024.5	B_pooled_effect_or_FDR	-0.898674826650968	6.36067045881813e-06			FALSE	TRUE
ENSG00000266498	AC055811.3	B_pooled_effect_or_FDR	-0.216648867519479	0.684771555400873			FALSE	FALSE
ENSG00000266538	AC005838.2	B_pooled_effect_or_FDR	-0.494737959476754	0.175231191699595			TRUE	TRUE
ENSG00000266588	AC006441.4	B_pooled_effect_or_FDR			-9.4356911613171	9.51826732822897e-33	FALSE	FALSE
ENSG00000266598	AC037487.2	B_pooled_effect_or_FDR	-2.31268204217242	3.37534754500311e-33			FALSE	FALSE
ENSG00000266677	AC087164.1	B_pooled_effect_or_FDR	-0.0554648749350039	0.915138445980333			TRUE	FALSE
ENSG00000266680	AL135905.1	B_replication_direction	1.73830315501002	5.67599534336003e-20			TRUE	TRUE
ENSG00000266709	AC005224.3	B_pooled_effect_or_FDR	-4.81889695713643	0.0494251549022525			FALSE	FALSE
ENSG00000266835	GAPLINC	B_pooled_effect_or_FDR	-3.39821962468162	1.10453566325679e-35			FALSE	TRUE
ENSG00000266850	AC090912.2	B_replication_direction	2.69264577150252	6.4838836450901e-38			TRUE	FALSE
ENSG00000266903	AC243964.3	B_pooled_effect_or_FDR			-3.81815051653621	0.0292638411765882	FALSE	TRUE
ENSG00000266904	LINC00663	B_pooled_effect_or_FDR	0.587548451952702	1.99060659811491e-06			TRUE	TRUE
ENSG00000266916	ZNF793-AS1	B_pooled_effect_or_FDR	-0.236550123063962	0.694615271708068			FALSE	TRUE
ENSG00000266921	AC006213.1	B_pooled_effect_or_FDR	0.945413167932584	0.00472096558103312			FALSE	FALSE
ENSG00000266947	AC022916.1	B_pooled_effect_or_FDR	-0.393268449586244	0.286878755548018			FALSE	TRUE
ENSG00000266962	AC067852.2	B_pooled_effect_or_FDR	0.118179466974769	0.221392387776159	0.102194681642426	0.871235976204584	TRUE	TRUE
ENSG00000266969	AP002449.1	B_pooled_effect_or_FDR	0.848236800312596	0.0528186466197212			FALSE	FALSE
ENSG00000266970	AC061992.2	B_replication_direction	2.36743384228956	4.0567389694891e-34			TRUE	TRUE
ENSG00000266976	AC079466.1	discovery_donor_expression	5.7911324950507	6.48056091976879e-09			FALSE	TRUE
ENSG00000266993	AL050343.2	B_pooled_effect_or_FDR	-0.228034115341098	0.697164231828531			TRUE	TRUE
ENSG00000266998	AC111182.1	B_pooled_effect_or_FDR	-1.19531357593375	0.0489434059450729			FALSE	FALSE
ENSG00000267002	AC060780.1	B_pooled_effect_or_FDR	0.509195859625395	7.9751267427766e-08	0.657482989491453	0.0565981437819961	TRUE	TRUE
ENSG00000267011	AC011498.1	B_pooled_effect_or_FDR	-0.597942778290133	0.168817586440247			FALSE	FALSE
ENSG00000267013	LINC01929	B_pooled_effect_or_FDR	-1.82260097554321	0.00351899275199314			FALSE	FALSE
ENSG00000267040	AC027097.1	B_pooled_effect_or_FDR	-1.23224008372177	7.89633942734071e-10			TRUE	TRUE
ENSG00000267042	AC100793.2	B_pooled_effect_or_FDR	-2.72249553248597	6.73819351309764e-28			FALSE	FALSE
ENSG00000267058	AC006213.2	B_pooled_effect_or_FDR	-0.349839448318891	0.564499526266067	-1.69491613164925	0.661097698440854	FALSE	FALSE
ENSG00000267062	AC018761.2	B_pooled_effect_or_FDR	1.08032088380028	0.0502718156473534			FALSE	FALSE
ENSG00000267064	UXT-AS1	B_pooled_effect_or_FDR	0.422910162140831	0.0366662959472809			FALSE	FALSE
ENSG00000267080	ASB16-AS1	B_pooled_effect_or_FDR	-0.972202085649569	2.66966259016021e-05	-0.502351717137471	0.436710338985139	TRUE	TRUE
ENSG00000267100	ILF3-DT	B_pooled_effect_or_FDR	-0.120923602388079	0.620927291680593	0.169029673422351	0.591818617944929	TRUE	TRUE
ENSG00000267107	PCAT19	B_pooled_effect_or_FDR	-4.72102247922675	6.13688976183066e-122			FALSE	TRUE
ENSG00000267121	AC008105.3	B_pooled_effect_or_FDR	-3.76127321962638	3.64418955929494e-60			FALSE	TRUE
ENSG00000267123	SCAT1	B_pooled_effect_or_FDR	-2.98325551931187	3.49016895922591e-23			FALSE	FALSE
ENSG00000267131	AC005746.2	B_pooled_effect_or_FDR	-3.13455184422344	3.55572050653929e-09			FALSE	TRUE
ENSG00000267152	AC093227.1	B_pooled_effect_or_FDR	0.356725010298576	0.00821376551176179			FALSE	TRUE
ENSG00000267165	CHMP1B-AS1	B_pooled_effect_or_FDR	-0.459784384516672	0.561937035000627			FALSE	FALSE
ENSG00000267169	AC022098.1	B_pooled_effect_or_FDR	-1.48811508501321	3.53548811612365e-26			TRUE	TRUE
ENSG00000267175	AC105094.2	B_pooled_effect_or_FDR			-4.00417696543273	1.58326998265968e-06	FALSE	FALSE
ENSG00000267198	AC091132.4	B_pooled_effect_or_FDR	0.593552975391101	0.159887025192349			FALSE	FALSE
ENSG00000267207	AC005884.1	B_pooled_effect_or_FDR	-4.70525581055643	7.83459655192832e-36			FALSE	FALSE
ENSG00000267216	ZNF8-ERVK3-1	B_pooled_effect_or_FDR	-1.17514411690157	3.02646697144216e-08			FALSE	FALSE
ENSG00000267254	ZNF790-AS1	B_pooled_effect_or_FDR	-1.43773501107842	0.000638024204823581	-3.32268809190247	1.67599164859485e-05	FALSE	TRUE
ENSG00000267257	AC105105.1	B_pooled_effect_or_FDR	-0.598373026254241	0.603523271498192			FALSE	TRUE
ENSG00000267265	AC011476.3	B_pooled_effect_or_FDR	-2.412547834365	0.00429907420528222			FALSE	TRUE
ENSG00000267270	PARD6G-AS1	A_tested_not_enriched_vs_normal_epithelium	2.30166154818012	7.26518546682949e-07	0.656404002304421	0.714206252184174	TRUE	TRUE
ENSG00000267275	AC020911.2	B_pooled_effect_or_FDR	-2.25870698350849	2.03704438052738e-09			FALSE	FALSE
ENSG00000267278	MAP3K14-AS1	B_pooled_effect_or_FDR	-1.70364789429393	0.00877566917160173			FALSE	TRUE
ENSG00000267279	AC090409.1	B_pooled_effect_or_FDR	0.523953654624004	0.764573726125199			FALSE	TRUE
ENSG00000267280	TBX2-AS1	B_pooled_effect_or_FDR	-2.09341065503651	0.0363669868646226	-3.66225390702668	1.76492585194092e-11	FALSE	TRUE
ENSG00000267282	AC011481.2	B_replication_direction	1.02411104265046	1.5811909570508e-06			FALSE	TRUE
ENSG00000267288	AC138150.2	discovery_donor_expression	2.87231400097315	2.85209094554183e-08			FALSE	TRUE
ENSG00000267296	CEBPA-DT	B_pooled_effect_or_FDR	-1.87440534829849	1.40980338856683e-14			FALSE	TRUE
ENSG00000267302	RNFT1-DT	B_pooled_effect_or_FDR	-0.999156664439382	4.34122971352439e-05			FALSE	FALSE
ENSG00000267309	AC092295.2	B_pooled_effect_or_FDR	-0.274320262574182	0.724290219613464			FALSE	TRUE
ENSG00000267317	AC027307.2	B_pooled_effect_or_FDR	0.76873850942125	0.000627535453125623			TRUE	TRUE
ENSG00000267321	SNHG30	B_pooled_effect_or_FDR	-0.489772523605405	0.00273128799665225	-0.653134319425827	0.15071504622516	TRUE	TRUE
ENSG00000267322	SNHG22	B_pooled_effect_or_FDR	-1.47573745267496	0.0217587730944896			FALSE	FALSE
ENSG00000267325	LINC01415	B_pooled_effect_or_FDR	-5.56585189089423	3.75527112322442e-40			FALSE	FALSE
ENSG00000267348	GEMIN7-AS1	B_replication_direction	2.74959500618841	1.23861609235578e-31			FALSE	FALSE
ENSG00000267364	AC022706.1	B_pooled_effect_or_FDR	-5.37783800701723	2.77850873275344e-05			FALSE	TRUE
ENSG00000267365	KCNJ2-AS1	B_pooled_effect_or_FDR	-1.56803274342768	5.74964069309752e-10			FALSE	TRUE
ENSG00000267374	MIR924HG	B_replication_direction	2.29443045227519	9.04042832715145e-15			FALSE	FALSE
ENSG00000267383	AC011447.3	B_pooled_effect_or_FDR	0.10375580756406	0.541713299501234			FALSE	FALSE
ENSG00000267390	AC036176.1	B_pooled_effect_or_FDR	0.907442868453285	0.00122572219244297	-1.18845258957048	0.00307036079548123	TRUE	TRUE
ENSG00000267397	AC090229.1	B_pooled_effect_or_FDR	-1.46766691998573	9.59684007493962e-10			FALSE	FALSE
ENSG00000267402	TCF4-AS2	B_pooled_effect_or_FDR	-4.69161652970906	2.52577933484006e-38			FALSE	FALSE
ENSG00000267416	AC025048.4	B_pooled_effect_or_FDR	-1.39639344743501	0.00557704408566301			FALSE	FALSE
ENSG00000267421	AC005498.2	B_pooled_effect_or_FDR	-0.996557277056533	0.058875404840163			FALSE	FALSE
ENSG00000267454	ZNF582-AS1	B_pooled_effect_or_FDR	-1.69132801389021	0.0436512805168139	-4.64212988977539	0.0821084904932004	FALSE	TRUE
ENSG00000267458	AC092069.1	B_pooled_effect_or_FDR	-0.127693611401623	0.420944440491597	0.953976566403858	0.413021037960419	TRUE	FALSE
ENSG00000267469	AC005944.1	B_pooled_effect_or_FDR	-0.717667149061325	5.59415351770135e-06			FALSE	FALSE
ENSG00000267470	ZNF571-AS1	B_pooled_effect_or_FDR	-1.17056428637659	0.128179715505941			FALSE	FALSE
ENSG00000267475	AC008736.1	B_pooled_effect_or_FDR	-1.62940977776002	0.00208222438532997			FALSE	TRUE
ENSG00000267519	AC020916.1	B_pooled_effect_or_FDR	-0.827111371368408	0.447970020834878	1.56921879463256	0.00558191327901077	TRUE	TRUE
ENSG00000267523	AC008735.2	B_pooled_effect_or_FDR	-1.19922255834046	9.02344410645598e-11			FALSE	TRUE
ENSG00000267532	MIR497HG	B_pooled_effect_or_FDR	0.860546099795216	0.364917891882569	4.17556381104149	0.000131547118024972	TRUE	FALSE
ENSG00000267547	AC060766.4	B_pooled_effect_or_FDR	-1.41023976202749	0.000297904379999308			FALSE	TRUE
ENSG00000267551	AC005264.1	B_pooled_effect_or_FDR	-4.09100929526047	8.86559117674782e-16			FALSE	TRUE
ENSG00000267563	AC011471.2	B_pooled_effect_or_FDR	-0.232875319156819	0.691122898926645			TRUE	FALSE
ENSG00000267571	AC104532.2	B_pooled_effect_or_FDR	-1.58267713644748	4.52139657993382e-13			FALSE	TRUE
ENSG00000267575	AC006504.5	B_pooled_effect_or_FDR	0.810310045954225	2.21548336336163e-16	0.292220313276417	0.447987207976904	TRUE	TRUE
ENSG00000267583	AC007998.3	B_pooled_effect_or_FDR	-3.60567815465322	3.34588752152355e-06			FALSE	TRUE
ENSG00000267598	AC011446.2	B_pooled_effect_or_FDR	0.131600487123923	0.497518883133619			TRUE	FALSE
ENSG00000267607	AC011511.5	B_pooled_effect_or_FDR	-0.959579880160048	0.00264042051332187			FALSE	FALSE
ENSG00000267698	AC002116.2	B_pooled_effect_or_FDR	0.0538010015169323	0.837171324521226			FALSE	FALSE
ENSG00000267712	LINC01539	B_pooled_effect_or_FDR	1.83555292007331	0.337077603815134			FALSE	FALSE
ENSG00000267737	AC087645.2	B_pooled_effect_or_FDR	0.221705998671081	0.289627265987171			TRUE	TRUE
ENSG00000267751	AC009005.1	B_pooled_effect_or_FDR	0.892391488024281	4.44392921048392e-05			TRUE	TRUE
ENSG00000267787	AC027097.2	B_pooled_effect_or_FDR	-0.798300402665903	0.135603459136125			FALSE	TRUE
ENSG00000267811	AP001160.2	B_pooled_effect_or_FDR	-0.420177277522293	0.0669490584112664			FALSE	FALSE
ENSG00000267858	MZF1-AS1	B_pooled_effect_or_FDR	-0.316294767729359	0.550210363635814	0.596748696712664	0.2263632735273	TRUE	TRUE
ENSG00000267871	ZNF460-AS1	B_pooled_effect_or_FDR	0.784939467283589	0.0452394377643099			FALSE	TRUE
ENSG00000267882	AL031666.2	B_pooled_effect_or_FDR	0.855711036022897	0.00273697837823314			FALSE	FALSE
ENSG00000267892	AC022144.1	A_replication_direction	3.53139496938381	1.54194641355083e-34	1.45747364770185	0.0071087628075991	TRUE	TRUE
ENSG00000267939	AC008946.1	B_pooled_effect_or_FDR	0.720935003384636	0.00826983799046771			TRUE	TRUE
ENSG00000267940	AC022762.2	B_pooled_effect_or_FDR	0.769735626855597	0.102344131219368			FALSE	TRUE
ENSG00000268001	CARD8-AS1	B_pooled_effect_or_FDR	-3.7496514999954	2.25478408119675e-171			FALSE	TRUE
ENSG00000268006	PTOV1-AS1	B_pooled_effect_or_FDR	0.972619762510167	0.000145858709246295			TRUE	TRUE
ENSG00000268027	AC243960.1	B_pooled_effect_or_FDR	-4.93898762622201	6.64461973196587e-10			FALSE	TRUE
ENSG00000268030	AC005253.1	B_pooled_effect_or_FDR	-0.456183782283606	0.356915949745092			TRUE	TRUE
ENSG00000268061	NAPA-AS1	B_pooled_effect_or_FDR	0.930714747788281	0.0253866322376486	-0.151380846477386	0.72679450724759	TRUE	TRUE
ENSG00000268081	AC123912.1	B_replication_direction	1.79800520273645	1.47739254717388e-13			FALSE	TRUE
ENSG00000268129	AC026304.1	B_pooled_effect_or_FDR	0.788606556120309	8.68409684313308e-10	-1.1232053711983	0.0398175075405774	TRUE	FALSE
ENSG00000268205	AC005261.1	B_pooled_effect_or_FDR	0.41676684089441	0.13229693036104	0.482584864840548	0.536176479290331	TRUE	TRUE
ENSG00000268218	AC137932.3	B_pooled_effect_or_FDR	-1.37773456502503	0.00432240473424265			TRUE	TRUE
ENSG00000268362	AC092279.1	B_pooled_effect_or_FDR	-0.899920109885417	0.000125045407138377			TRUE	TRUE
ENSG00000268364	SMC5-AS1	B_pooled_effect_or_FDR	0.688399101436473	0.0327476783354883			FALSE	TRUE
ENSG00000268403	AC132192.2	B_pooled_effect_or_FDR	-0.0111635060904875	0.982166538816961			TRUE	TRUE
ENSG00000268516	AC020915.2	B_pooled_effect_or_FDR	0.33971978477532	0.135392873987716	0.679446361879881	0.0283756871252066	TRUE	TRUE
ENSG00000268555	AC123912.4	B_replication_direction	4.68703005788905	4.28996299130535e-05			FALSE	TRUE
ENSG00000268584	AC073389.1	B_pooled_effect_or_FDR	0.327456203705534	0.112931625018707			TRUE	TRUE
ENSG00000268603	AC053503.4	B_replication_direction	2.03636398875917	8.13690710743134e-08			TRUE	FALSE
ENSG00000268635	AP003680.1	B_pooled_effect_or_FDR	-0.883753498519494	0.21564633049904			FALSE	FALSE
ENSG00000268713	AC005261.3	B_pooled_effect_or_FDR	-0.381528355086265	0.193099539736934			TRUE	FALSE
ENSG00000268734	AC245128.3	B_pooled_effect_or_FDR	-4.85404747038079	4.23479146678052e-82			FALSE	FALSE
ENSG00000268744	AC008758.4	B_pooled_effect_or_FDR	-0.289612306821736	0.139522394916535			FALSE	FALSE
ENSG00000268751	SCGB1B2P	B_pooled_effect_or_FDR	0.768584656782442	0.0390729053608435			FALSE	TRUE
ENSG00000268798	AC027307.3	B_pooled_effect_or_FDR	-0.511850396542619	0.00103012458870306			TRUE	TRUE
ENSG00000268804	LINC02132	B_pooled_effect_or_FDR	-3.85750533285604	0.00214786322956037			FALSE	FALSE
ENSG00000268858	AL118506.1	B_pooled_effect_or_FDR	0.823985415564653	9.54725324651256e-16			TRUE	TRUE
ENSG00000268895	A1BG-AS1	B_pooled_effect_or_FDR	-3.2170344690479	2.04188157402647e-33			FALSE	FALSE
ENSG00000268996	MAN1B1-DT	B_pooled_effect_or_FDR	0.602568119655651	3.33221483040352e-05	0.14581619976004	0.845562242656759	TRUE	TRUE
ENSG00000269019	HOMER3-AS1	B_pooled_effect_or_FDR	-0.47264426976992	0.185724912864844			FALSE	TRUE
ENSG00000269038	AP001462.1	B_pooled_effect_or_FDR	0.200219003563482	0.0408175911757313			FALSE	TRUE
ENSG00000269043	AC008554.1	B_replication_direction	6.01773929720737	1.14135317866324e-39			FALSE	TRUE
ENSG00000269068	AC009955.4	B_replication_direction	4.36416418239589	3.40584687199357e-25			FALSE	FALSE
ENSG00000269148	AC092301.1	B_pooled_effect_or_FDR	-0.251902119645723	0.214051122449095			FALSE	TRUE
ENSG00000269176	AP001160.3	B_pooled_effect_or_FDR	0.422129141705482	0.0172582177935449	-0.51151532997398	0.399705389990258	TRUE	TRUE
ENSG00000269194	AC006942.1	bulk_expression_TCGA_CPTAC	1.08602004395923	0.00426190377543483	-1.53286864579548	0.000841878143936343	TRUE	FALSE
ENSG00000269210	AC019171.1	B_pooled_effect_or_FDR	-3.8869387460712	2.68131230487716e-20			FALSE	FALSE
ENSG00000269220	LINC00528	B_pooled_effect_or_FDR	-4.40690950525871	3.61995734757699e-34			FALSE	TRUE
ENSG00000269235	ZNF350-AS1	B_pooled_effect_or_FDR	-0.541686890933829	0.246407728985558			FALSE	TRUE
ENSG00000269246	AC011445.1	B_pooled_effect_or_FDR	-1.11722107107352	1.32724280567853e-08			FALSE	TRUE
ENSG00000269293	ZSCAN16-AS1	B_pooled_effect_or_FDR	0.371677603167496	0.156591753747214	-1.20857204173063	0.000156646731332242	TRUE	TRUE
ENSG00000269303	AC020907.3	B_pooled_effect_or_FDR	-0.0510899862956702	0.940620812942935			FALSE	FALSE
ENSG00000269318	AC007292.2	B_pooled_effect_or_FDR	-0.444218042460529	0.188391539134386			TRUE	FALSE
ENSG00000269386	RAB11B-AS1	B_pooled_effect_or_FDR	0.212686500799664	0.540529382102786	0.217715495111185	0.599737422003475	TRUE	TRUE
ENSG00000269399	AC008764.6	B_pooled_effect_or_FDR	-0.807683658912906	0.000905282409845004			FALSE	TRUE
ENSG00000269439	AC010618.3	B_pooled_effect_or_FDR	-0.330028264487604	0.367312136439792			TRUE	TRUE
ENSG00000269486	ERVK9-11	B_replication_direction	4.22083374961267	7.16241816200343e-72			TRUE	TRUE
ENSG00000269514	AC024257.3	B_pooled_effect_or_FDR	-0.997729561831904	0.258819426765881			FALSE	FALSE
ENSG00000269559	AC093677.2	B_pooled_effect_or_FDR	0.277640453153158	0.226863397161719			FALSE	FALSE
ENSG00000269604	AC005523.2	B_pooled_effect_or_FDR	0.0141542452353238	0.909182545161145			TRUE	FALSE
ENSG00000269646	AC010487.1	B_replication_direction	2.62565512951081	2.74291500282435e-19			TRUE	TRUE
ENSG00000269696	AC005498.3	B_pooled_effect_or_FDR	0.829764762033775	0.0700919089886967			FALSE	TRUE
ENSG00000269707	AC018730.1	B_replication_direction	4.94738033154789	4.86655183559079e-27			FALSE	TRUE
ENSG00000269729	AC006262.2	B_pooled_effect_or_FDR	2.06627203498276	0.270772231584808			FALSE	FALSE
ENSG00000269821	KCNQ1OT1	bulk_expression_TCGA_CPTAC	1.13669785929135	1.15541192545408e-07	1.35725188376345	0.103865851180565	TRUE	FALSE
ENSG00000269893	SNHG8	A_tested_not_enriched_vs_normal_epithelium	1.16885789967421	5.75332165447793e-09	0.310408650357085	0.170548120901602	TRUE	TRUE
ENSG00000269900	RMRP	B_pooled_effect_or_FDR	-0.796001741468784	0.0174456689270573			FALSE	FALSE
ENSG00000269902	AC234772.1	B_pooled_effect_or_FDR	-1.89351333277836	1.11089915664931e-11			FALSE	FALSE
ENSG00000269921	AC068620.1	B_pooled_effect_or_FDR	-0.0273024216095032	0.91547575287437			FALSE	TRUE
ENSG00000269926	DDIT4-AS1	B_pooled_effect_or_FDR	0.506081549384381	0.0014045158266719			FALSE	FALSE
ENSG00000269927	AC004817.3	B_pooled_effect_or_FDR	-2.61623435786769	6.9001213502653e-06			TRUE	FALSE
ENSG00000269929	MIRLET7A1HG	B_pooled_effect_or_FDR	-0.202925816879977	0.617141225248571			FALSE	TRUE
ENSG00000269930	AC091057.3	B_pooled_effect_or_FDR	-0.413414423112363	0.0475308083264513			FALSE	FALSE
ENSG00000269939	PCF11-AS1	B_pooled_effect_or_FDR	0.969673984535699	0.237869469184059			TRUE	FALSE
ENSG00000269968	AC006064.4	bulk_expression_TCGA_CPTAC	1.62917758655062	4.57725594633388e-09	1.42483976897667	0.000122174981641717	TRUE	FALSE
ENSG00000269973	AC010969.2	B_pooled_effect_or_FDR	0.487144879081909	1.09130355572903e-05			TRUE	TRUE
ENSG00000269976	AC012065.2	B_replication_direction	2.16884392875532	0.00612152694797579			FALSE	TRUE
ENSG00000269983	AC146944.2	B_pooled_effect_or_FDR	0.435746793048159	0.00696761356497271			TRUE	FALSE
ENSG00000269984	AC078795.1	B_pooled_effect_or_FDR	-1.33841217963879	1.25915507999343e-07			FALSE	FALSE
ENSG00000269994	AL513318.1	discovery_donor_expression	5.36747288935747	7.51779897395017e-09	-0.561527553746682	0.641582332968355	FALSE	TRUE
ENSG00000270006	AC010531.6	B_pooled_effect_or_FDR	0.26922647947061	0.406263964986417			FALSE	TRUE
ENSG00000270019	AC110769.2	B_pooled_effect_or_FDR	-0.669938308810821	1.62364578365271e-06			TRUE	FALSE
ENSG00000270022	Z93241.1	B_pooled_effect_or_FDR	-1.5894645841439	0.00336467508019257			TRUE	FALSE
ENSG00000270049	AC009061.2	B_pooled_effect_or_FDR	-1.20773131386683	0.00097939505025154			TRUE	TRUE
ENSG00000270066	AL356488.2	B_pooled_effect_or_FDR	-0.126424429426841	0.680197685931461			FALSE	FALSE
ENSG00000270069	MIR222HG	B_pooled_effect_or_FDR	-1.7032469043317	3.21889144278276e-05	-1.457332761394	0.000290398956282337	TRUE	TRUE
ENSG00000270074	AC087203.3	B_replication_direction	1.01252812508696	1.37003406430808e-05			FALSE	FALSE
ENSG00000270091	AC015726.1	B_pooled_effect_or_FDR	-0.459354168728244	0.00390488576660492			FALSE	TRUE
ENSG00000270103	AL360012.1	B_pooled_effect_or_FDR	-1.63224296672658	0.0127115469122711			FALSE	FALSE
ENSG00000270127	AC027020.2	B_pooled_effect_or_FDR	-0.0294193528071541	0.96769719535732			TRUE	TRUE
ENSG00000270164	LINC01480	B_pooled_effect_or_FDR	-4.29367984114226	3.52835881946461e-29			FALSE	TRUE
ENSG00000270175	AC023509.3	B_pooled_effect_or_FDR	-0.733163294239088	0.0153174486624783			FALSE	TRUE
ENSG00000270177	AC104109.2	B_pooled_effect_or_FDR	0.679974116457566	0.000959058784361547			FALSE	TRUE
ENSG00000270190	AC068491.2	B_pooled_effect_or_FDR	-1.98646007858229	8.05312793289645e-22			TRUE	FALSE
ENSG00000270195	AC016773.1	B_pooled_effect_or_FDR	-1.42736424793416	4.18194614004175e-17			FALSE	TRUE
ENSG00000270210	AC104695.2	B_pooled_effect_or_FDR	-1.10821768940745	2.09183022438905e-12			TRUE	TRUE
ENSG00000270277	AC009948.1	B_pooled_effect_or_FDR	-1.70770997658013	2.9164175433355e-06			FALSE	FALSE
ENSG00000270344	POC1B-AS1	B_pooled_effect_or_FDR	-0.0473123038767077	0.754304324525322	-0.0457551904189309	0.969387004546244	TRUE	TRUE
ENSG00000270361	AL451085.1	B_pooled_effect_or_FDR	-2.90886264194856	0.053719077345507			FALSE	FALSE
ENSG00000270362	HMGN3-AS1	A_tested_not_enriched_vs_normal_epithelium	1.96630054780233	1.05815648003887e-09	0.759862042010369	0.212687608819661	TRUE	TRUE
ENSG00000270419	CAHM	B_pooled_effect_or_FDR	0.0724110514594536	0.781138434272155			TRUE	TRUE
ENSG00000270482	AC026367.1	B_replication_direction	1.71137344124395	2.90505834089344e-08			FALSE	TRUE
ENSG00000270547	LINC01235	B_pooled_effect_or_FDR	-4.10645853158196	2.01615804883556e-24			FALSE	TRUE
ENSG00000270562	AC097634.1	B_pooled_effect_or_FDR	-2.41968017752194	2.94431996675424e-30			FALSE	FALSE
ENSG00000270605	AL353622.1	B_pooled_effect_or_FDR	0.00998169604065109	0.96885352049568			TRUE	TRUE
ENSG00000270607	AC009549.1	B_pooled_effect_or_FDR	0.634625228817203	0.115121674182731			TRUE	TRUE
ENSG00000270638	AL023806.1	B_pooled_effect_or_FDR	-1.16971839952478	2.24072193730463e-06			FALSE	FALSE
ENSG00000270641	TSIX	B_pooled_effect_or_FDR	-0.153892150026632	0.593950114809644			FALSE	FALSE
ENSG00000270673	YTHDF3-AS1	B_pooled_effect_or_FDR	-0.307504426891333	0.018327307757224	-1.39384881951284	0.000885809021018064	TRUE	TRUE
ENSG00000270681	AC095055.1	B_pooled_effect_or_FDR	0.021157820290529	0.916959127453322			TRUE	TRUE
ENSG00000270696	AC005034.3	B_pooled_effect_or_FDR	-0.26623782416771	0.146047625753547			TRUE	FALSE
ENSG00000270761	AL355353.1	A_tested_not_enriched_vs_normal_epithelium	2.42306420580744	2.11231205104063e-35	-0.945641151425671	0.00660625049421089	TRUE	TRUE
ENSG00000270820	AC016727.1	B_pooled_effect_or_FDR	0.292180554792097	0.245589036685292	-0.93146623695789	0.0309561862094046	TRUE	TRUE
ENSG00000270956	AC009948.2	B_pooled_effect_or_FDR	-1.43994650796893	5.46797817985639e-06			FALSE	FALSE
ENSG00000270964	AC016355.1	B_pooled_effect_or_FDR	0.552545017520236	0.102652706952373			TRUE	TRUE
ENSG00000270996	AC005034.4	B_replication_direction	2.99027540749495	5.32278238337369e-45			FALSE	FALSE
ENSG00000271009	AC116667.1	B_pooled_effect_or_FDR	-2.87762576877935	8.32580248416639e-60			FALSE	TRUE
ENSG00000271011	AC010680.3	B_pooled_effect_or_FDR	-1.18364434430043	0.0639801559217625			FALSE	FALSE
ENSG00000271109	AC008555.4	B_pooled_effect_or_FDR	-0.739312995142656	0.358162350356397			TRUE	TRUE
ENSG00000271119	AC026412.3	B_replication_direction	1.01518329358051	0.0131041319658906			FALSE	TRUE
ENSG00000271122	AC018647.2	B_pooled_effect_or_FDR	0.256428836762585	0.041097606978644	-1.01627373278447	0.00410458315283929	TRUE	TRUE
ENSG00000271133	AC004130.2	A_tested_not_enriched_vs_normal_epithelium	2.77940966348868	3.22043789515075e-72	0.346094848895898	0.464131935339402	TRUE	TRUE
ENSG00000271200	AC099791.2	B_replication_direction	1.06183457319534	8.91871112666199e-10			FALSE	TRUE
ENSG00000271204	AC016831.4	B_pooled_effect_or_FDR	-1.38105125388765	0.0345066896612866			TRUE	FALSE
ENSG00000271208	Z99289.3	B_pooled_effect_or_FDR	-1.76356171546347	1.56982460686396e-10			TRUE	FALSE
ENSG00000271335	AL117336.2	B_pooled_effect_or_FDR	0.733071428263678	8.41138043067003e-06			TRUE	TRUE
ENSG00000271344	AC018638.6	B_pooled_effect_or_FDR	-0.169250474355663	0.828230096194583			FALSE	TRUE
ENSG00000271380	AL451085.2	B_pooled_effect_or_FDR	-0.332932412238987	0.724290219613464			TRUE	FALSE
ENSG00000271474	AC106881.1	B_pooled_effect_or_FDR	-4.37766001084348	1.07675018598966e-35			FALSE	FALSE
ENSG00000271553	AC018638.7	B_pooled_effect_or_FDR	-0.208065575514731	0.188040389699328			FALSE	TRUE
ENSG00000271584	LINC02550	B_pooled_effect_or_FDR	-2.85189712283831	0.00884899858120203			FALSE	FALSE
ENSG00000271590	AC108463.3	B_pooled_effect_or_FDR	-2.01936674736358	5.1675524107917e-29			FALSE	TRUE
ENSG00000271614	ATP2B1-AS1	B_pooled_effect_or_FDR	-3.83819409107212	2.46597678288774e-09	-0.621102588954044	0.40483504124197	TRUE	TRUE
ENSG00000271646	IRF2-DT	B_pooled_effect_or_FDR	-1.30187333330204	7.42082963784428e-08	-0.0755527573517065	0.956896265125566	TRUE	TRUE
ENSG00000271746	AL031848.2	B_pooled_effect_or_FDR	-0.550105551502241	0.286750071049775			FALSE	FALSE
ENSG00000271780	AL118558.3	B_pooled_effect_or_FDR	-0.974980343286644	1.17596459928807e-07	-0.850115502794647	0.0872335802166538	TRUE	TRUE
ENSG00000271784	AL031055.1	B_pooled_effect_or_FDR	-0.585697544591558	0.176585160857235			FALSE	FALSE
ENSG00000271787	AC104794.5	B_replication_direction	4.15536761415788	3.61857167537564e-53	-1.78946382689103	0.00169323056418901	TRUE	TRUE
ENSG00000271797	AC008494.3	B_pooled_effect_or_FDR	-0.728031383584536	0.00019214137710716			FALSE	TRUE
ENSG00000271806	AL590822.2	B_pooled_effect_or_FDR	-0.644842204490915	0.115032042738597			FALSE	FALSE
ENSG00000271811	Z97200.1	B_pooled_effect_or_FDR	-3.33904903076645	3.1642641850356e-20			FALSE	FALSE
ENSG00000271849	MAN2A1-DT	B_pooled_effect_or_FDR	-0.111395613831515	0.645248629983454			FALSE	TRUE
ENSG00000271855	AC073195.1	B_pooled_effect_or_FDR	0.178193642442518	0.283878719029158			FALSE	TRUE
ENSG00000271856	LINC01215	B_pooled_effect_or_FDR	-4.8161558854419	8.8128316032381e-05			FALSE	FALSE
ENSG00000271857	AL096865.1	B_pooled_effect_or_FDR	-2.90948862058758	0.037970208436673			FALSE	TRUE
ENSG00000271858	Z84492.1	B_pooled_effect_or_FDR	0.621414836274636	0.270649896453096			FALSE	FALSE
ENSG00000271869	AC026979.2	B_pooled_effect_or_FDR	-0.859242444378983	0.00157017127922268	0.508693355175065	0.317672935769007	TRUE	TRUE
ENSG00000271870	AC024060.2	B_pooled_effect_or_FDR	-1.37729807287325	4.25812134767582e-12			FALSE	TRUE
ENSG00000271874	AC025754.2	B_pooled_effect_or_FDR	0.634749921566784	0.0270168709402944			FALSE	TRUE
ENSG00000271882	AP001330.4	B_pooled_effect_or_FDR	0.588183128992702	0.0112532018310805			FALSE	TRUE
ENSG00000271895	AL109811.2	B_pooled_effect_or_FDR	-0.197180823617784	0.710493359289733			FALSE	TRUE
ENSG00000271913	AL035530.2	B_pooled_effect_or_FDR	-0.755401954857547	0.180668711425447			FALSE	FALSE
ENSG00000271918	AC034236.2	B_pooled_effect_or_FDR	0.142041483829697	0.298584135551364			TRUE	TRUE
ENSG00000271933	AL603756.1	B_pooled_effect_or_FDR	0.250378063289617	0.813975340744822			FALSE	FALSE
ENSG00000271938	AC103724.4	B_pooled_effect_or_FDR	-4.26249632358862	1.27681578463183e-28			FALSE	TRUE
ENSG00000271952	LINC01954	B_pooled_effect_or_FDR	0.862391816344893	0.110163777721168			TRUE	TRUE
ENSG00000271959	AC100803.4	B_pooled_effect_or_FDR	-3.81205029270135	1.66854642368925e-25			FALSE	TRUE
ENSG00000271966	AC021321.1	B_pooled_effect_or_FDR	-0.0209609911880708	0.93257519071267			FALSE	TRUE
ENSG00000271971	AC120053.1	B_pooled_effect_or_FDR	0.236903388285295	0.14601471152809			TRUE	TRUE
ENSG00000271976	AC012467.2	B_pooled_effect_or_FDR	-0.888170503899404	4.4420367338046e-09			FALSE	TRUE
ENSG00000271980	AC012640.4	B_replication_direction	1.73980749384536	8.04596387245214e-09			FALSE	TRUE
ENSG00000271991	AC013400.1	B_pooled_effect_or_FDR	-1.26351283407767	0.0382368040073179			FALSE	FALSE
ENSG00000272008	AL139274.2	B_pooled_effect_or_FDR	0.174889154915802	0.435122325634627			TRUE	FALSE
ENSG00000272009	AL121944.1	B_pooled_effect_or_FDR	-0.0836662978511028	0.774025203847411	-1.48934952485681	0.129311716404793	TRUE	FALSE
ENSG00000272027	AC073218.1	B_replication_direction	6.56218328673866	0.00548413684697807			TRUE	TRUE
ENSG00000272030	AL162258.2	B_pooled_effect_or_FDR	0.252198327892169	0.190578060191905			FALSE	FALSE
ENSG00000272040	AC010245.2	B_pooled_effect_or_FDR	-0.367841934214833	0.0737416155096316			FALSE	TRUE
ENSG00000272070	AC005618.1	discovery_donor_expression	1.94309066371598	0.00185047701767668			FALSE	TRUE
ENSG00000272077	AC124045.1	B_pooled_effect_or_FDR	-2.33423427764495	0.00747870902248672			FALSE	TRUE
ENSG00000272081	AC008972.2	B_pooled_effect_or_FDR	-0.940749831780479	1.81919836882745e-06			FALSE	TRUE
ENSG00000272086	AC025181.2	B_pooled_effect_or_FDR	0.115823260665626	0.802285372240029			TRUE	TRUE
ENSG00000272092	AC087623.2	B_pooled_effect_or_FDR	-1.52257060247556	0.0272198761118804			TRUE	TRUE
ENSG00000272106	AL691432.2	B_pooled_effect_or_FDR	0.424568196081396	0.0089031680464866	-0.481422255879263	0.379063596042059	TRUE	TRUE
ENSG00000272112	AC011374.2	B_pooled_effect_or_FDR	-1.06387569300995	0.00130615047409435			FALSE	FALSE
ENSG00000272114	AL136131.3	B_pooled_effect_or_FDR	2.67985905317331	0.309870274168692			FALSE	FALSE
ENSG00000272138	LINC01607	B_replication_direction	2.52651190579489	9.92931021818282e-05			FALSE	FALSE
ENSG00000272140	AC022400.4	B_pooled_effect_or_FDR	-0.268705452689429	0.11896431519655			FALSE	TRUE
ENSG00000272141	AL390719.2	B_replication_direction	3.76734289692429	6.59504015959534e-49			TRUE	TRUE
ENSG00000272142	LYRM4-AS1	B_pooled_effect_or_FDR	-0.183292459104938	0.845234843640271			FALSE	TRUE
ENSG00000272143	FGF14-AS2	A_tested_not_enriched_vs_normal_epithelium	2.74384758120197	3.80738042230239e-11	-0.781700889880076	0.0539746741544457	TRUE	TRUE
ENSG00000272144	AC025171.4	B_pooled_effect_or_FDR	0.307957215175442	0.642994378451351			TRUE	TRUE
ENSG00000272145	NFYC-AS1	B_pooled_effect_or_FDR	-0.75967264782934	7.88945300987283e-06			FALSE	TRUE
ENSG00000272146	ARF4-AS1	B_pooled_effect_or_FDR	-0.40518593855939	0.12571272494856			TRUE	FALSE
ENSG00000272155	AC055822.1	B_pooled_effect_or_FDR	0.270253965199297	0.828230096194583			TRUE	FALSE
ENSG00000272156	AC008280.2	B_pooled_effect_or_FDR	0.0475763734670471	0.812288324615759			FALSE	TRUE
ENSG00000272157	AC107373.2	B_replication_direction	5.00169581352751	4.05859824858961e-24			TRUE	TRUE
ENSG00000272159	AC087623.3	B_pooled_effect_or_FDR	0.0126081142426082	0.979411066282463			FALSE	FALSE
ENSG00000272168	CASC15	A_tested_not_enriched_vs_normal_epithelium	1.55301225360678	0.0492048420920849	0.894437337160892	0.601472304417001	TRUE	TRUE
ENSG00000272172	AC138696.2	B_replication_direction	1.73374192222151	1.71910546911795e-23			FALSE	TRUE
ENSG00000272173	U47924.2	B_pooled_effect_or_FDR	0.59924765066598	0.00511368861051447			TRUE	FALSE
ENSG00000272182	AC135507.1	B_pooled_effect_or_FDR	-1.68461670060943	6.59405421059655e-14			FALSE	FALSE
ENSG00000272186	AP003392.5	B_pooled_effect_or_FDR	-1.74796672858168	1.12563826037937e-20			FALSE	TRUE
ENSG00000272189	AL024508.1	B_pooled_effect_or_FDR	0.528543763816134	0.330716819780179			TRUE	FALSE
ENSG00000272192	AC100812.1	B_pooled_effect_or_FDR	0.0601423761634499	0.898317161210239			FALSE	FALSE
ENSG00000272195	AL356512.1	B_pooled_effect_or_FDR	-0.481524989979966	0.215740135756458			TRUE	FALSE
ENSG00000272211	AC114760.2	B_pooled_effect_or_FDR	-3.3753301395224	0.00250636565227826			TRUE	FALSE
ENSG00000272221	AL645933.2	B_pooled_effect_or_FDR	0.346190404004	0.0405036220243198			TRUE	TRUE
ENSG00000272247	AC080013.4	B_pooled_effect_or_FDR	-2.6408974290769	1.00088356432093e-38			FALSE	FALSE
ENSG00000272256	AC044849.1	B_pooled_effect_or_FDR	-1.77752257639003	0.0163187077827255	2.07691586925729	0.00348688642470853	TRUE	FALSE
ENSG00000272264	AC009686.2	B_pooled_effect_or_FDR	-0.792516105675049	0.00692667675851687			FALSE	TRUE
ENSG00000272269	AL138724.1	B_pooled_effect_or_FDR	0.244229720215862	0.15555105064853			TRUE	TRUE
ENSG00000272273	IER3-AS1	B_pooled_effect_or_FDR	-0.259069471744789	0.0910513220772192			TRUE	FALSE
ENSG00000272275	AC092687.3	B_pooled_effect_or_FDR	-0.683291477632492	0.00218713330907375			FALSE	TRUE
ENSG00000272277	AL031963.3	B_pooled_effect_or_FDR	-0.448077817038715	0.0417067656913282			TRUE	TRUE
ENSG00000272282	LINC02084	B_pooled_effect_or_FDR	-4.24709472510236	1.56513447652797e-05			FALSE	TRUE
ENSG00000272288	AL451165.2	B_pooled_effect_or_FDR	-0.137467490387835	0.725225288757732	-1.28319251161046	0.0092919682331874	TRUE	TRUE
ENSG00000272293	AC083964.1	B_pooled_effect_or_FDR	-2.30304473052692	1.52667729974311e-25			FALSE	TRUE
ENSG00000272316	AL021368.2	B_pooled_effect_or_FDR	0.369832779436468	0.232959892486242	1.17933142937782	0.15216432876936	TRUE	TRUE
ENSG00000272341	AL137003.1	B_pooled_effect_or_FDR	0.273061261870472	0.738727818229452			TRUE	TRUE
ENSG00000272345	AL031775.1	B_pooled_effect_or_FDR	-0.347090543497048	0.0593346889900582			TRUE	TRUE
ENSG00000272347	AC116351.2	B_replication_direction	3.2316960112843	9.24853497378643e-28			TRUE	FALSE
ENSG00000272368	AC074032.1	B_pooled_effect_or_FDR	0.10982144085171	0.366919323645665	-0.543234130373358	0.0991535885840081	TRUE	TRUE
ENSG00000272369	AC008035.1	B_pooled_effect_or_FDR	0.481559517704842	0.610361593773794	-0.980471580389512	0.0309561862094046	TRUE	TRUE
ENSG00000272379	AL008729.2	B_pooled_effect_or_FDR	-1.21665046173781	2.31330815622638e-05			FALSE	TRUE
ENSG00000272381	LINC02664	B_pooled_effect_or_FDR	-3.82885774755269	4.63005096415612e-27			FALSE	FALSE
ENSG00000272384	AC016405.3	A_replication_direction	2.17944161308198	1.45463449746498e-06	4.24044580241333	1.03619292425055e-09	TRUE	TRUE
ENSG00000272405	AL365181.3	B_replication_direction	2.68751525193778	2.01478596983108e-27			TRUE	TRUE
ENSG00000272416	AC025175.1	B_pooled_effect_or_FDR	-2.82250344877499	1.8015094338362e-21			FALSE	TRUE
ENSG00000272426	BX284668.6	B_pooled_effect_or_FDR	-1.23337288629424	0.00661068849324481			FALSE	FALSE
ENSG00000272432	AL031432.3	B_pooled_effect_or_FDR	0.418746793491683	0.104182526199409			FALSE	TRUE
ENSG00000272434	AC137630.3	B_pooled_effect_or_FDR	-1.5736512101651	1.33412405280788e-09			FALSE	FALSE
ENSG00000272447	AL135925.1	B_pooled_effect_or_FDR	-0.490812423428789	0.165937783520753	0.0905163356738828	0.785667738308785	TRUE	TRUE
ENSG00000272449	AL139246.5	B_pooled_effect_or_FDR	-2.40070439489501	4.82224832795767e-22	-1.08087975331491	0.0816109417378998	TRUE	TRUE
ENSG00000272455	MRPL20-DT	B_pooled_effect_or_FDR	-0.31307897717871	0.375691708298339			FALSE	TRUE
ENSG00000272459	AC139795.3	B_replication_direction	1.3847805428862	8.82462121937503e-10			FALSE	TRUE
ENSG00000272462	U91328.1	B_pooled_effect_or_FDR	0.740549967860752	2.81303512847099e-05			TRUE	TRUE
ENSG00000272463	AL357054.4	B_pooled_effect_or_FDR	-2.62215789841139	1.21159091453519e-35			FALSE	TRUE
ENSG00000272473	AC006273.1	B_replication_direction	2.29330420094032	4.04535659973916e-36			TRUE	TRUE
ENSG00000272476	AL024507.2	B_pooled_effect_or_FDR	-1.04834627379267	0.037236098837532			FALSE	FALSE
ENSG00000272482	AC254633.1	discovery_donor_expression	1.1964529114272	3.0695693779836e-08			FALSE	TRUE
ENSG00000272501	AL662844.4	B_pooled_effect_or_FDR	-0.448405763143355	0.288726399385533	1.73934104079401	0.0623946575541616	TRUE	TRUE
ENSG00000272505	AC104964.3	B_pooled_effect_or_FDR	0.578126131303632	0.0296655617121748			FALSE	TRUE
ENSG00000272512	AL645608.7	B_pooled_effect_or_FDR	-0.346956008102918	0.0507908929560659			TRUE	TRUE
ENSG00000272523	LINC01023	A_tested_not_enriched_vs_normal_epithelium	2.51018874953753	2.61343956194182e-13	0.412040600575762	0.229362797659707	TRUE	TRUE
ENSG00000272540	AL662797.1	B_pooled_effect_or_FDR	0.0113590650912795	0.963791535641751			FALSE	FALSE
ENSG00000272563	AC016745.2	B_pooled_effect_or_FDR	-0.357155594190355	0.217310364532947			FALSE	FALSE
ENSG00000272567	AC109347.2	B_pooled_effect_or_FDR	0.0611340331070929	0.814795503127946			FALSE	TRUE
ENSG00000272568	AC005162.2	B_pooled_effect_or_FDR	-0.116355693993681	0.822028692039218			TRUE	TRUE
ENSG00000272572	AL138762.1	B_pooled_effect_or_FDR	0.178285339079105	0.313215433915341			TRUE	TRUE
ENSG00000272588	AC139887.4	B_pooled_effect_or_FDR	-0.131506121180733	0.846283195517792			FALSE	TRUE
ENSG00000272606	AC015982.2	B_pooled_effect_or_FDR	-0.161075727147674	0.655226924163543			TRUE	FALSE
ENSG00000272625	AP000919.3	B_pooled_effect_or_FDR	-3.62088178229997	8.92254935284933e-20			FALSE	FALSE
ENSG00000272654	AL358472.2	B_pooled_effect_or_FDR	-0.10954385484145	0.566320084195978			FALSE	TRUE
ENSG00000272663	AC093635.1	B_pooled_effect_or_FDR	0.4918580887708	0.246490632331147			TRUE	TRUE
ENSG00000272666	KLHDC7B-DT	B_pooled_effect_or_FDR	0.452979995041106	0.0569468699637513			FALSE	TRUE
ENSG00000272667	AC012306.2	B_pooled_effect_or_FDR	-0.0837629584972048	0.607241468971913			TRUE	TRUE
ENSG00000272669	AL021707.6	B_pooled_effect_or_FDR	-1.09642105792781	1.61503164935816e-09			TRUE	TRUE
ENSG00000272677	AC124016.1	B_pooled_effect_or_FDR	-1.02160085941118	0.0731747586950076	0.163058431089847	0.811777742276378	TRUE	TRUE
ENSG00000272686	WASL-DT	A_tested_not_enriched_vs_normal_epithelium	1.86501742317928	2.67971913118461e-08	0.141531354554182	0.668670163457472	TRUE	TRUE
ENSG00000272688	AP005329.3	B_pooled_effect_or_FDR	-0.704239271976421	2.74659330804855e-07			TRUE	FALSE
ENSG00000272690	LINC02018	B_pooled_effect_or_FDR	0.22578195321636	0.203240416352509			FALSE	FALSE
ENSG00000272695	GAS6-DT	B_pooled_effect_or_FDR	-2.56639156903251	1.49410703311385e-19			FALSE	TRUE
ENSG00000272701	MESTIT1	B_replication_direction	2.61832687974847	2.14921314306602e-08			FALSE	FALSE
ENSG00000272711	AC019069.1	B_replication_direction	1.9696283507793	6.84648672387593e-26			TRUE	TRUE
ENSG00000272716	AL121658.1	B_pooled_effect_or_FDR	-0.347559436477412	0.00547228927485486			TRUE	TRUE
ENSG00000272720	AL022322.1	B_pooled_effect_or_FDR	-1.04689365132097	0.0777960195243693			FALSE	TRUE
ENSG00000272732	AC004982.1	B_replication_direction	2.37107272300368	1.32398222385355e-14			TRUE	TRUE
ENSG00000272742	AC135457.1	B_pooled_effect_or_FDR	-0.177837321931912	0.495581183030444			FALSE	FALSE
ENSG00000272750	AL592148.3	B_pooled_effect_or_FDR	-0.0908699965233596	0.827079201539688			TRUE	TRUE
ENSG00000272754	AL133245.1	B_pooled_effect_or_FDR	-0.781843043958306	3.26788178983275e-07			FALSE	FALSE
ENSG00000272755	AC245297.2	B_pooled_effect_or_FDR	0.0104942284092224	0.976879560388062			FALSE	FALSE
ENSG00000272758	AC083798.2	B_pooled_effect_or_FDR	0.539541230585959	0.247094939414995	-0.032213057379172	0.982105656900534	TRUE	TRUE
ENSG00000272763	AC103702.2	A_tested_not_enriched_vs_normal_epithelium	3.12048372575677	5.16791563984468e-07	2.19947684095776	0.321642676958137	TRUE	TRUE
ENSG00000272767	JMJD1C-AS1	B_pooled_effect_or_FDR	-0.297607480518408	0.50323526292348			FALSE	FALSE
ENSG00000272768	AC004854.2	B_pooled_effect_or_FDR	-0.479782033684483	0.137918127308836			TRUE	TRUE
ENSG00000272769	AC097532.2	B_replication_direction	1.34020479646065	1.34603702898537e-06			FALSE	FALSE
ENSG00000272777	AC019131.2	B_pooled_effect_or_FDR	0.594311599645582	0.00451088226097931			FALSE	TRUE
ENSG00000272783	AC147067.2	B_pooled_effect_or_FDR	-4.72804235519158	7.96264897390697e-35			FALSE	TRUE
ENSG00000272789	AC010976.2	B_pooled_effect_or_FDR	-3.54300654419465	7.08304826533913e-08			FALSE	TRUE
ENSG00000272807	AC007038.1	B_pooled_effect_or_FDR	-0.680193164798799	0.0216135668511955			FALSE	TRUE
ENSG00000272821	U62317.1	B_pooled_effect_or_FDR	0.777367220566786	3.30921497817005e-10			TRUE	FALSE
ENSG00000272825	AL844908.1	B_pooled_effect_or_FDR	1.2578617091257	0.117512474681393			FALSE	TRUE
ENSG00000272829	AC002470.1	B_pooled_effect_or_FDR	0.412118572779142	0.108332590273391			FALSE	TRUE
ENSG00000272831	AC027644.3	B_pooled_effect_or_FDR	0.826813153735904	0.0011297885618738	-0.649576591973901	0.0122826269326628	TRUE	FALSE
ENSG00000272841	MAP3K4-AS1	B_pooled_effect_or_FDR	-1.37762439407352	1.40980338856683e-14			FALSE	TRUE
ENSG00000272843	AC211476.2	B_pooled_effect_or_FDR	-1.08043589109037	0.000579146270256026			FALSE	FALSE
ENSG00000272844	AC074044.1	B_pooled_effect_or_FDR	-2.05015002057172	5.79169145378369e-24			FALSE	FALSE
ENSG00000272851	AC096772.1	B_replication_direction	2.34778963606462	1.11557044972906e-12			TRUE	FALSE
ENSG00000272853	AC069544.1	B_pooled_effect_or_FDR	0.040396315125229	0.783904415736151			TRUE	TRUE
ENSG00000272854	AC004839.2	B_pooled_effect_or_FDR	-1.50973762903536	9.47695635190405e-14			FALSE	TRUE
ENSG00000272864	AC135803.1	B_replication_direction	3.14257537485378	9.03815257790068e-95			TRUE	TRUE
ENSG00000272892	AL133551.1	B_pooled_effect_or_FDR	0.660164606023679	0.0522803372169644			FALSE	FALSE
ENSG00000272894	AC004982.2	A_tested_not_enriched_vs_normal_epithelium	1.57137274368685	6.19398111795599e-05	-1.25763324168236	0.17643223780165	TRUE	TRUE
ENSG00000272902	TBC1D8-AS1	B_pooled_effect_or_FDR	0.0125659554806527	0.949315372332629			TRUE	TRUE
ENSG00000272906	AL353708.3	B_pooled_effect_or_FDR	-0.134773453834863	0.566173963306307			FALSE	TRUE
ENSG00000272908	AC006033.2	B_pooled_effect_or_FDR	-3.97455466592229	3.46255489917081e-59			FALSE	TRUE
ENSG00000272918	AC005070.3	B_pooled_effect_or_FDR	-1.24970134755499	2.05054258909502e-15			TRUE	TRUE
ENSG00000272927	AC107464.2	B_replication_direction	1.17080256809168	3.41854749202434e-11			TRUE	TRUE
ENSG00000272931	AC099568.2	B_pooled_effect_or_FDR	0.542169111926823	0.016418451744432			FALSE	TRUE
ENSG00000272933	AL391121.1	B_pooled_effect_or_FDR	-0.726823969062308	2.60123591288794e-08			TRUE	TRUE
ENSG00000272941	AC083862.1	A_replication_direction	1.30144002815516	2.98441290448483e-25	1.67865896741189	0.00635530454417653	TRUE	TRUE
ENSG00000272944	AC079834.1	B_replication_direction	2.07050767669819	2.62130500495134e-05			FALSE	FALSE
ENSG00000272953	AC092171.4	B_pooled_effect_or_FDR	0.0116835871246377	0.977563518730885			FALSE	TRUE
ENSG00000272967	AC073352.2	B_pooled_effect_or_FDR	-2.6830529748594	0.00363946775484595			FALSE	FALSE
ENSG00000272971	AL365181.4	B_pooled_effect_or_FDR	-3.0082899502142	6.58543806595325e-06			FALSE	FALSE
ENSG00000272973	AP000350.5	B_replication_direction	1.24525129147089	0.000415933710163052			FALSE	FALSE
ENSG00000272979	AC093388.1	B_pooled_effect_or_FDR	0.915313703275068	1.36082100923645e-06			FALSE	TRUE
ENSG00000272986	AC009570.1	B_replication_direction	1.4528708918277	2.04575393145605e-06			TRUE	TRUE
ENSG00000272990	AC084036.1	B_pooled_effect_or_FDR	0.382784961094983	0.0269277042185625			TRUE	TRUE
ENSG00000272994	AC012360.3	B_pooled_effect_or_FDR	-0.527584519662781	0.560718470829989			TRUE	TRUE
ENSG00000273002	AL355388.1	B_pooled_effect_or_FDR	-1.12855839914788	0.000218357138220973			FALSE	TRUE
ENSG00000273004	AL078644.1	B_pooled_effect_or_FDR	0.861128322129748	0.27486747980846			FALSE	TRUE
ENSG00000273008	AC010864.1	B_pooled_effect_or_FDR	-0.143864687747673	0.367312136439792			FALSE	TRUE
ENSG00000273010	AL360270.3	B_pooled_effect_or_FDR	-0.26868893195103	0.696502371591492			FALSE	FALSE
ENSG00000273014	AC018645.3	B_pooled_effect_or_FDR	0.658313031498865	0.00179906024346282			TRUE	TRUE
ENSG00000273015	AC008124.1	B_pooled_effect_or_FDR	-0.285778833037499	0.349629232327998	-0.438218630835494	0.165470610930831	TRUE	TRUE
ENSG00000273033	LINC02035	B_pooled_effect_or_FDR	-1.37816965423638	1.02022276060667e-15			TRUE	TRUE
ENSG00000273058	AL359921.2	B_pooled_effect_or_FDR	0.213986431640158	0.276875734567608			FALSE	TRUE
ENSG00000273061	CDC37L1-DT	B_pooled_effect_or_FDR	-0.000544299867737713	0.998104134918668	-1.61945905164226	0.00104783559011575	TRUE	TRUE
ENSG00000273064	AC017083.1	B_pooled_effect_or_FDR	-1.44298735029095	5.60854828400943e-29			FALSE	FALSE
ENSG00000273076	AL021707.7	B_pooled_effect_or_FDR	-1.75188424037281	2.57341587120025e-20			FALSE	TRUE
ENSG00000273080	AC009309.1	B_pooled_effect_or_FDR	-0.195294159360005	0.176485333951829			TRUE	TRUE
ENSG00000273084	AC092171.5	B_replication_direction	2.91343237556692	1.04157960084584e-42			FALSE	TRUE
ENSG00000273100	AL596442.2	B_pooled_effect_or_FDR	-3.49688350965351	0.00297355393855352			FALSE	TRUE
ENSG00000273107	AL512598.1	B_replication_direction	1.28312501678871	0.000531399007393758			FALSE	TRUE
ENSG00000273117	AC144652.1	B_pooled_effect_or_FDR	-3.04181229632736	7.97259068446523e-11			FALSE	TRUE
ENSG00000273133	AC116651.1	B_pooled_effect_or_FDR	1.17495982107392	0.132087118678623			FALSE	TRUE
ENSG00000273137	AL022328.2	B_pooled_effect_or_FDR	0.904644991131253	0.0511095784592516			FALSE	TRUE
ENSG00000273139	AC007663.3	B_pooled_effect_or_FDR	0.866112077150481	0.000210795198418614			FALSE	TRUE
ENSG00000273141	AP001269.4	B_pooled_effect_or_FDR	-0.280586129180499	0.387334215068177			TRUE	FALSE
ENSG00000273142	LINC02604	B_pooled_effect_or_FDR	0.784579482199397	1.11568761234958e-07			TRUE	TRUE
ENSG00000273143	AL355512.1	B_replication_direction	1.8837674326626	6.48011760261568e-09			FALSE	FALSE
ENSG00000273148	LINC00653	B_pooled_effect_or_FDR	0.4252974452994	0.0114688440172876			TRUE	TRUE
ENSG00000273149	AL138963.3	B_pooled_effect_or_FDR	-0.0822823020946265	0.597857453279305	0.699147678881497	0.532898189585553	FALSE	FALSE
ENSG00000273156	AC124016.2	B_pooled_effect_or_FDR	0.702531509108708	8.1720448588273e-05			TRUE	TRUE
ENSG00000273160	AL359962.2	B_pooled_effect_or_FDR	-3.09457471829249	0.0021648122857587			FALSE	TRUE
ENSG00000273174	AC108673.2	B_pooled_effect_or_FDR	-1.78505626539453	8.93920833760401e-11			FALSE	TRUE
ENSG00000273175	BX323046.1	B_pooled_effect_or_FDR	0.257907392344502	0.812288324615759			FALSE	FALSE
ENSG00000273176	AL008635.1	B_pooled_effect_or_FDR	-2.90353914747247	2.45518487786365e-29			FALSE	TRUE
ENSG00000273179	AC092535.5	B_pooled_effect_or_FDR	-1.62843017277645	0.198695161932338			FALSE	TRUE
ENSG00000273188	AL022328.3	B_pooled_effect_or_FDR	-2.84916996560334	0.000205096307601741			FALSE	TRUE
ENSG00000273199	AP000692.2	B_pooled_effect_or_FDR	0.023633456598526	0.893082951278596			TRUE	FALSE
ENSG00000273204	AC104506.1	B_pooled_effect_or_FDR	0.0404566120461074	0.839336825613922			TRUE	FALSE
ENSG00000273209	AC069148.1	B_pooled_effect_or_FDR	0.70380296691126	0.0215090405777048			FALSE	FALSE
ENSG00000273210	AP001437.1	B_pooled_effect_or_FDR	-0.409465339425964	0.00322019584033491			FALSE	FALSE
ENSG00000273221	AL355816.2	B_pooled_effect_or_FDR	-1.05430389637507	0.0446947922844365			TRUE	FALSE
ENSG00000273226	AL391834.2	B_pooled_effect_or_FDR	-0.452478812269036	0.01197195735475			TRUE	TRUE
ENSG00000273247	AC097376.3	B_pooled_effect_or_FDR	0.876269340923491	0.000609989779040763	0.869679576413948	0.0510906244924773	TRUE	TRUE
ENSG00000273248	AC010997.5	B_pooled_effect_or_FDR	0.435290693129879	0.0974815431155626			FALSE	FALSE
ENSG00000273253	AL022328.4	B_pooled_effect_or_FDR	-0.437844082012436	0.288447613653834			FALSE	TRUE
ENSG00000273254	AF129075.2	B_pooled_effect_or_FDR	0.391299709530933	0.0244854568648906			FALSE	FALSE
ENSG00000273264	AL360219.1	B_pooled_effect_or_FDR	0.161674331845591	0.799951750494716			FALSE	TRUE
ENSG00000273270	AC090114.2	B_pooled_effect_or_FDR	0.276412143974635	0.0125350920779437	0.760332235730664	0.263172419243351	TRUE	TRUE
ENSG00000273271	AP000254.2	B_pooled_effect_or_FDR	0.285933554712105	0.426397523781939			TRUE	TRUE
ENSG00000273272	U62317.3	B_pooled_effect_or_FDR	-3.59347243755218	1.0486263902792e-96			FALSE	FALSE
ENSG00000273275	AC017083.2	B_pooled_effect_or_FDR	0.157650697499451	0.827372622487706			TRUE	FALSE
ENSG00000273297	AC009275.1	B_pooled_effect_or_FDR	-0.263858451975824	0.733971525523712			FALSE	FALSE
ENSG00000273314	AC005229.4	B_pooled_effect_or_FDR	0.0470082442152222	0.860997548871288			TRUE	TRUE
ENSG00000273319	AC058791.1	B_pooled_effect_or_FDR	-1.55482243543802	0.0619021129102298	1.98098169507271	0.102494044805078	TRUE	FALSE
ENSG00000273320	AC007032.1	B_pooled_effect_or_FDR	-0.636248377306717	1.43653201563717e-05			TRUE	FALSE
ENSG00000273329	AC078846.1	B_pooled_effect_or_FDR	0.588593864059356	7.57118009723368e-07	-0.167627252958168	0.71409340417013	TRUE	TRUE
ENSG00000273338	AC103591.3	B_pooled_effect_or_FDR	-1.71965054698401	5.75087988487446e-07	1.31647295673606	0.43226040278721	TRUE	TRUE
ENSG00000273341	AC004921.1	B_pooled_effect_or_FDR	-4.26332395322487	1.05076501335528e-15			FALSE	TRUE
ENSG00000273344	PAXIP1-AS1	A_tested_not_enriched_vs_normal_epithelium	1.40273280140671	1.10548818943182e-19	0.281765474641718	0.35374801393856	TRUE	TRUE
ENSG00000273355	AP000894.4	B_replication_direction	1.73406281502696	1.02701446624409e-28			TRUE	TRUE
ENSG00000273356	LINC02019	B_pooled_effect_or_FDR	-0.760038775604861	0.128419608117919			TRUE	TRUE
ENSG00000273361	AC021016.2	B_pooled_effect_or_FDR	0.258446996540831	0.20082470254182			TRUE	FALSE
ENSG00000273373	AL355488.1	B_pooled_effect_or_FDR	-0.466199656130965	0.000496408762420803			FALSE	TRUE
ENSG00000273381	AL158071.4	B_pooled_effect_or_FDR	0.947546840259822	9.59024112617839e-05			FALSE	FALSE
ENSG00000273382	AL356488.3	B_pooled_effect_or_FDR	-0.313566950137513	0.342304430533153			TRUE	TRUE
ENSG00000273391	AC083880.1	B_pooled_effect_or_FDR	-0.580959406237973	0.286174179751746			FALSE	TRUE
ENSG00000273409	LINC02712	B_pooled_effect_or_FDR	-4.19331806215266	8.79281753351502e-65			FALSE	FALSE
ENSG00000273413	AL136982.7	B_replication_direction	1.39693290067517	0.000189367766141834			TRUE	FALSE
ENSG00000273428	AC004832.6	B_pooled_effect_or_FDR	-2.42900014029895	0.0307758184335524			FALSE	FALSE
ENSG00000273437	AC108673.3	B_pooled_effect_or_FDR	0.0352818426244	0.828679922305279			TRUE	TRUE
ENSG00000273445	AC133644.1	B_pooled_effect_or_FDR	-0.584025198678975	0.598932243356878			TRUE	TRUE
ENSG00000273448	AC006480.2	B_pooled_effect_or_FDR	-0.376664559572999	0.182602234566262			TRUE	TRUE
ENSG00000273456	AC064836.2	B_pooled_effect_or_FDR	0.0536830084798254	0.73003746746084			TRUE	TRUE
ENSG00000273472	AC096733.2	B_pooled_effect_or_FDR	-0.807144819314433	0.117673745262648			TRUE	TRUE
ENSG00000273486	AC096992.2	B_pooled_effect_or_FDR	-1.57579157480502	3.72117322033554e-28			FALSE	TRUE
ENSG00000273489	AC008264.2	B_pooled_effect_or_FDR	-1.86351890872499	0.00217758119739664			FALSE	FALSE
ENSG00000273492	AP000229.1	B_replication_direction	4.29910501708942	2.0227592134947e-95			FALSE	FALSE
ENSG00000273565	AL691403.2	B_pooled_effect_or_FDR	-0.130974147162742	0.609502512470647			FALSE	FALSE
ENSG00000273576	AC009283.1	B_pooled_effect_or_FDR	-0.652626211816958	3.49966602623321e-06			FALSE	TRUE
ENSG00000273599	AL731571.1	B_pooled_effect_or_FDR	-1.52642275652257	0.193099539736934			FALSE	TRUE
ENSG00000273619	AL121832.2	B_pooled_effect_or_FDR	0.742960478639929	0.000463247811155049			TRUE	TRUE
ENSG00000273674	AC021752.1	B_pooled_effect_or_FDR	-0.228555797660601	0.389774980305659			FALSE	FALSE
ENSG00000273702	AC091271.1	B_pooled_effect_or_FDR	-1.04650637387605	0.0094289334844019	-0.374558326134212	0.407017105517378	TRUE	TRUE
ENSG00000273723	SUGT1-DT	B_pooled_effect_or_FDR	0.190941879022059	0.557015021522603			TRUE	TRUE
ENSG00000273729	AC007686.3	B_pooled_effect_or_FDR	-0.735011042011749	0.030553351869058			TRUE	TRUE
ENSG00000273759	AL117379.1	B_pooled_effect_or_FDR	-1.68361120380246	7.23497340504177e-10			FALSE	TRUE
ENSG00000273771	AC024337.2	B_replication_direction	1.35617094265183	8.39524279628611e-08			TRUE	TRUE
ENSG00000273783	AL136040.1	B_pooled_effect_or_FDR	-0.853851949975933	1.9411093270543e-06			FALSE	TRUE
ENSG00000273796	BX322562.1	A_tested_not_enriched_vs_normal_epithelium	2.53580191793762	1.03456484548254e-09	-0.0699524816604226	0.931421088856836	TRUE	TRUE
ENSG00000273888	FRMD6-AS1	B_pooled_effect_or_FDR	0.642542038759903	0.113079072436826			TRUE	FALSE
ENSG00000273923	AC104260.1	B_pooled_effect_or_FDR	-4.01928220605114	6.01708097796036e-18			FALSE	FALSE
ENSG00000273958	AC009560.1	B_replication_direction	3.10154579193508	2.72539425422793e-69			TRUE	TRUE
ENSG00000273980	AL592071.1	B_pooled_effect_or_FDR	-1.30319544750703	0.0554184333625789			FALSE	FALSE
ENSG00000274015	AL136038.4	B_pooled_effect_or_FDR	0.728671907923313	0.301023733283278			FALSE	FALSE
ENSG00000274020	LINC01138	B_pooled_effect_or_FDR	-1.31707218299355	0.321749669589894	0.618283460310272	0.552124146058334	TRUE	TRUE
ENSG00000274044	FAM230J	B_replication_direction	2.86217853572785	5.92767107611826e-12			TRUE	FALSE
ENSG00000274092	AC106739.1	B_pooled_effect_or_FDR	-3.88339820126763	0.197927708770052			TRUE	FALSE
ENSG00000274104	AC020910.5	B_pooled_effect_or_FDR	0.979436106883427	1.06084938360817e-13			TRUE	TRUE
ENSG00000274184	AC011815.2	B_pooled_effect_or_FDR	-0.331656427284009	0.149963120357252			FALSE	FALSE
ENSG00000274213	AC015912.3	B_pooled_effect_or_FDR	0.356008491927493	0.595473153827105	1.94257567060401	0.240046773316069	TRUE	TRUE
ENSG00000274215	AC106028.4	B_pooled_effect_or_FDR	-4.32146430338474	5.57721789036017e-118			FALSE	FALSE
ENSG00000274220	AC009163.7	B_pooled_effect_or_FDR	0.104885002167782	0.615132550081693			FALSE	TRUE
ENSG00000274265	AC245297.3	B_pooled_effect_or_FDR	-0.231260881659814	0.54202807477241	0.879140071822014	0.219778903212861	TRUE	TRUE
ENSG00000274292	AC084018.2	B_pooled_effect_or_FDR	0.309864627489637	0.672512863180129			TRUE	FALSE
ENSG00000274312	AC015722.2	B_replication_direction	4.55317885093833	3.3297078222919e-44			TRUE	TRUE
ENSG00000274317	LINC02334	B_replication_direction	2.18638621849325	1.17928585219651e-41			TRUE	FALSE
ENSG00000274340	AC032011.1	B_replication_direction	1.93908333299039	3.35669201855095e-07			FALSE	FALSE
ENSG00000274341	AC005899.6	B_pooled_effect_or_FDR	-0.726491733787412	0.000222958873320062			FALSE	TRUE
ENSG00000274372	LINC02804	B_pooled_effect_or_FDR	-0.564157095693112	0.0652907121170992			FALSE	FALSE
ENSG00000274373	AC148476.1	B_replication_direction	3.38761047845566	1.56735657499697e-28			FALSE	TRUE
ENSG00000274383	AC103691.1	B_pooled_effect_or_FDR	-0.380024908343526	0.448666636118837			TRUE	FALSE
ENSG00000274422	AC245060.5	B_pooled_effect_or_FDR	-0.207935393106832	0.581829815232939			TRUE	FALSE
ENSG00000274425	AC114271.1	B_pooled_effect_or_FDR	0.230094574664332	0.29619634919766			FALSE	FALSE
ENSG00000274536	MIR223HG	B_pooled_effect_or_FDR	-4.68065946554562	8.28139382098e-141			FALSE	TRUE
ENSG00000274561	AC005332.3	B_pooled_effect_or_FDR	-0.0994406925021445	0.499407901702342			TRUE	TRUE
ENSG00000274565	AC080038.1	B_pooled_effect_or_FDR	-3.18279866519369	2.65316311674245e-09			FALSE	TRUE
ENSG00000274605	PCCA-DT	B_pooled_effect_or_FDR	0.790923507454322	7.02477680010989e-10	-0.703816503452357	0.0498086892739478	TRUE	TRUE
ENSG00000274767	AC243829.1	B_pooled_effect_or_FDR	-4.55646191947402	4.62278344801563e-102			FALSE	FALSE
ENSG00000274818	AC004825.2	B_pooled_effect_or_FDR	-0.100441748805195	0.680002709635361			FALSE	TRUE
ENSG00000274828	AC068473.5	B_pooled_effect_or_FDR	0.631481652748494	2.69794041347542e-06			TRUE	TRUE
ENSG00000274904	AC093512.1	B_replication_direction	1.6148617582305	5.04062336619722e-17			TRUE	FALSE
ENSG00000274922	AL139384.1	B_pooled_effect_or_FDR	-0.0231081835095954	0.905389921402809			TRUE	TRUE
ENSG00000274925	ZKSCAN2-DT	B_pooled_effect_or_FDR	0.0331631504376961	0.932260153506105			TRUE	TRUE
ENSG00000274987	AC092794.1	B_pooled_effect_or_FDR	0.78036975141401	0.469506958828291			FALSE	TRUE
ENSG00000275055	AC011468.5	B_pooled_effect_or_FDR	0.815380731665661	3.69009935870634e-10			TRUE	TRUE
ENSG00000275120	AC048382.5	B_pooled_effect_or_FDR	0.5820390702299	0.533387783712319			FALSE	FALSE
ENSG00000275180	AC048341.2	B_pooled_effect_or_FDR	-0.45125541186334	0.194307390715927			TRUE	TRUE
ENSG00000275202	AL161421.1	B_pooled_effect_or_FDR	-0.000550304624472406	0.998388551144176			TRUE	TRUE
ENSG00000275234	AC010503.4	A_tested_not_enriched_vs_normal_epithelium	5.02406226762008	2.02871629967962e-38	-0.651455351226217	0.217104080134908	TRUE	TRUE
ENSG00000275358	AL080312.2	B_replication_direction	3.2148997339077	1.17009413050496e-14			FALSE	FALSE
ENSG00000275441	AC020765.2	B_pooled_effect_or_FDR	0.243780151995371	0.469506958828291			TRUE	FALSE
ENSG00000275450	PTGER4P2-CDK2AP2P2	B_pooled_effect_or_FDR	-2.24239965937523	2.26381144901179e-11			FALSE	FALSE
ENSG00000275454	AC105020.6	B_pooled_effect_or_FDR	-0.0897439731272078	0.600591614979118			TRUE	TRUE
ENSG00000275457	AL117332.1	B_pooled_effect_or_FDR	0.142628013375265	0.459159664174417			TRUE	TRUE
ENSG00000275484	AP003419.3	B_replication_direction	2.35530256161985	6.40805429300036e-25			FALSE	TRUE
ENSG00000275491	LINC01730	B_pooled_effect_or_FDR	0.217150463380869	0.626565510675573			FALSE	FALSE
ENSG00000275532	AC006449.2	B_pooled_effect_or_FDR	0.166011382058814	0.577465005637437			FALSE	TRUE
ENSG00000275580	AC022306.2	B_pooled_effect_or_FDR	0.60724573422508	9.11928306788509e-06			TRUE	TRUE
ENSG00000275620	FLJ16779	discovery_donor_expression	4.05547636850508	0.0157872365179258			FALSE	FALSE
ENSG00000275630	AC004816.2	B_replication_direction	1.56720091133949	3.76436337004595e-09	-1.96857085967188	0.000418093153326017	TRUE	TRUE
ENSG00000275645	AC068338.3	B_replication_direction	1.39844508235412	3.70975352450367e-11			TRUE	TRUE
ENSG00000275672	AC025580.3	A_replication_direction	2.61662244711972	6.27882481335564e-08	3.83404489311081	2.02211779073411e-10	TRUE	TRUE
ENSG00000275703	U47924.3	B_pooled_effect_or_FDR	0.490674039549789	0.129066981415457			FALSE	TRUE
ENSG00000275709	AC090527.3	B_pooled_effect_or_FDR	-0.306131751090035	0.555364554276263			FALSE	FALSE
ENSG00000275719	AC008622.2	B_pooled_effect_or_FDR	0.565104396325918	0.00211593282687683			TRUE	FALSE
ENSG00000275764	AC092747.4	B_pooled_effect_or_FDR	-0.0172681310658608	0.973819439474254	-1.07743914909671	0.0229615471183465	TRUE	TRUE
ENSG00000275799	AP001059.1	B_pooled_effect_or_FDR	-2.15374488928146	8.56446780016433e-07			FALSE	FALSE
ENSG00000275807	AC145285.6	B_pooled_effect_or_FDR	-0.0903147908855612	0.557015021522603			FALSE	TRUE
ENSG00000275830	AL390755.1	B_pooled_effect_or_FDR	-2.53636779983846	8.96189148742186e-10			FALSE	FALSE
ENSG00000275880	AL139385.1	B_pooled_effect_or_FDR	0.118071622850347	0.571728343635991			FALSE	FALSE
ENSG00000275964	AL355001.2	B_pooled_effect_or_FDR	0.188707012043087	0.0636084906721755	-0.271550832252683	0.526471222248624	TRUE	TRUE
ENSG00000276075	AC027682.6	B_replication_direction	1.73409961785339	1.69848698079276e-07	-1.01489625964716	0.111949972675717	TRUE	TRUE
ENSG00000276116	FUT8-AS1	B_pooled_effect_or_FDR	-1.70189704764447	0.00426018736635786			FALSE	FALSE
ENSG00000276121	AC122108.2	B_pooled_effect_or_FDR	-0.182389113799982	0.650119340744555			FALSE	FALSE
ENSG00000276131	AC009118.2	B_pooled_effect_or_FDR	0.409831552205861	0.52815139567371			TRUE	FALSE
ENSG00000276136	AC016957.2	B_pooled_effect_or_FDR	-2.49758737339601	0.0225236549864901			FALSE	TRUE
ENSG00000276148	AC084824.5	B_pooled_effect_or_FDR	-0.0660591823840484	0.750553413625829			FALSE	TRUE
ENSG00000276216	AC245014.3	B_pooled_effect_or_FDR	-2.8126786733261	0.000976196779211639			FALSE	FALSE
ENSG00000276250	AC127024.6	B_pooled_effect_or_FDR	-0.831429719324364	3.63513699431164e-06			FALSE	TRUE
ENSG00000276259	AC009118.3	B_pooled_effect_or_FDR	-0.0679520171545013	0.633172112952769			TRUE	FALSE
ENSG00000276278	AC048382.6	B_pooled_effect_or_FDR	0.804261331701044	2.7114311008035e-08			TRUE	FALSE
ENSG00000276449	AC004076.2	B_pooled_effect_or_FDR	0.28961858397175	0.241702886125223			TRUE	TRUE
ENSG00000276476	LINC00540	B_pooled_effect_or_FDR	-2.39583160350949	5.44181490518658e-07			FALSE	FALSE
ENSG00000276500	BMS1P14	B_pooled_effect_or_FDR	-0.65086058072878	0.120212050524532			FALSE	FALSE
ENSG00000276529	AP001505.1	B_pooled_effect_or_FDR	0.854808673794615	0.126045252218983			TRUE	TRUE
ENSG00000276564	AC130650.2	B_pooled_effect_or_FDR	-1.10018371481862	6.23588695096601e-11			FALSE	TRUE
ENSG00000276651	AC007950.2	B_pooled_effect_or_FDR	-0.473361141933081	0.00661482629715866			TRUE	FALSE
ENSG00000276727	AC137834.2	B_replication_direction	1.78028838942514	5.91027234588328e-14			FALSE	FALSE
ENSG00000276728	AC142472.1	B_pooled_effect_or_FDR	-0.163440325966998	0.207445209839366			TRUE	TRUE
ENSG00000276851	AC002401.4	B_replication_direction	2.91447100350503	6.77718308321116e-21			FALSE	TRUE
ENSG00000276855	AC015922.3	B_pooled_effect_or_FDR	0.405781853977008	0.0310270712847329			TRUE	TRUE
ENSG00000276900	AC023157.2	B_pooled_effect_or_FDR	-0.527068281408593	2.7225158699767e-05			TRUE	TRUE
ENSG00000276984	AL023881.1	B_replication_direction	2.29204640416158	2.53551683999602e-17			FALSE	TRUE
ENSG00000277013	AC008556.1	B_pooled_effect_or_FDR	-2.30771742381331	9.53170736046441e-09			FALSE	TRUE
ENSG00000277089	AC243829.4	B_pooled_effect_or_FDR	-3.50483996458489	9.18922418651951e-07			TRUE	FALSE
ENSG00000277135	AC012409.3	B_pooled_effect_or_FDR	0.85040584088823	0.00136490687675612			FALSE	TRUE
ENSG00000277235	AL035420.3	B_pooled_effect_or_FDR	1.90963619032179	0.0640759857910752			FALSE	TRUE
ENSG00000277268	LHX1-DT	B_pooled_effect_or_FDR			-5.65682954067048	6.70040569732213e-17	FALSE	FALSE
ENSG00000277283	AC004812.2	B_pooled_effect_or_FDR	-0.541357034184794	0.0378874758508887			TRUE	TRUE
ENSG00000277287	AL109976.1	B_pooled_effect_or_FDR	-2.85816901332071	5.48083810216549e-12			FALSE	FALSE
ENSG00000277324	AC093462.1	B_pooled_effect_or_FDR	0.480505279871992	0.228196297449145			TRUE	FALSE
ENSG00000277368	AL138966.2	B_pooled_effect_or_FDR	0.51421714475887	0.0621452976730227			TRUE	FALSE
ENSG00000277369	AC010654.1	B_pooled_effect_or_FDR	-0.547015917460335	0.0090749440373369			TRUE	TRUE
ENSG00000277383	AC010331.1	B_pooled_effect_or_FDR	0.374317790552078	0.0552356440164146			TRUE	TRUE
ENSG00000277449	CEBPB-AS1	B_pooled_effect_or_FDR	0.750461080671507	5.56637798357561e-05			TRUE	TRUE
ENSG00000277459	AP001527.2	B_replication_direction	2.30384056271613	3.83101773533314e-05			TRUE	TRUE
ENSG00000277476	AC005332.5	B_pooled_effect_or_FDR	0.0885243927324224	0.527980504754232			TRUE	TRUE
ENSG00000277496	AL357033.4	B_pooled_effect_or_FDR	-1.40637961484611	4.77091600040228e-10			FALSE	TRUE
ENSG00000277511	AC116407.2	B_pooled_effect_or_FDR	-0.189419019795992	0.325218240276968			TRUE	TRUE
ENSG00000277559	AC018553.1	B_replication_direction	3.22662547182787	4.34253807343985e-57			TRUE	TRUE
ENSG00000277587	AC008759.3	B_pooled_effect_or_FDR	-4.30775476904254	1.04538444141108e-15			FALSE	TRUE
ENSG00000277597	AC130343.3	B_replication_direction	1.50785246713834	8.06623933613617e-11			TRUE	FALSE
ENSG00000277602	AC005363.2	B_pooled_effect_or_FDR	-0.936531831659713	0.000101090215146907			FALSE	FALSE
ENSG00000277738	AC126175.2	B_pooled_effect_or_FDR	-3.3912636213622	0.0179270358459877			FALSE	FALSE
ENSG00000277763	AL138995.1	B_pooled_effect_or_FDR	-1.63715749864912	2.42916446920151e-07			FALSE	FALSE
ENSG00000277767	AL442128.2	B_pooled_effect_or_FDR	-1.23218966270777	1.30996237359073e-06			FALSE	TRUE
ENSG00000277782	AC068870.2	B_pooled_effect_or_FDR	-0.705051405116142	0.000150076593348268			FALSE	TRUE
ENSG00000277825	AC020917.3	B_pooled_effect_or_FDR	-1.17534475275849	0.000426935521797277			FALSE	FALSE
ENSG00000277879	AL391988.1	B_pooled_effect_or_FDR	-0.767177363511617	0.0469089144946954			FALSE	TRUE
ENSG00000277895	AC135279.3	B_pooled_effect_or_FDR	-1.16434742033454	1.10104089117127e-05			FALSE	FALSE
ENSG00000277938	AL035252.3	B_pooled_effect_or_FDR	0.293719594067548	0.270649896453096			FALSE	TRUE
ENSG00000277954	AC092376.2	B_pooled_effect_or_FDR	-0.227928486754309	0.760486581736053			FALSE	TRUE
ENSG00000277959	AL162274.2	B_pooled_effect_or_FDR	-0.883101166464426	0.000106070812603392			FALSE	TRUE
ENSG00000277969	AC006449.6	B_pooled_effect_or_FDR	-0.937162714939306	1.01941065329493e-09			TRUE	TRUE
ENSG00000277987	LINC02351	B_replication_direction	5.18343123301511	3.10860428525473e-96			TRUE	TRUE
ENSG00000278002	AL627171.1	B_pooled_effect_or_FDR	-1.79693694118864	0.00351899275199314			TRUE	FALSE
ENSG00000278058	AC009159.3	B_replication_direction	1.74401169416399	1.64403664481211e-24			FALSE	TRUE
ENSG00000278095	AC022509.4	B_replication_direction	1.59154159343155	5.34872622137221e-09			TRUE	TRUE
ENSG00000278156	TSC22D1-AS1	B_pooled_effect_or_FDR	-0.745926466856833	0.000272723895271507			FALSE	FALSE
ENSG00000278158	AP001059.2	B_pooled_effect_or_FDR	-1.47915733850183	0.00337060604663486			FALSE	FALSE
ENSG00000278175	GLIDR	B_pooled_effect_or_FDR	0.838842383310119	2.57914468395286e-12	-0.427982766602264	0.201085118161977	TRUE	FALSE
ENSG00000278177	AL354811.1	B_replication_direction	2.2866069106601	3.41102784151083e-06			TRUE	FALSE
ENSG00000278231	AL133342.1	B_pooled_effect_or_FDR	-4.23297885161367	2.28378737907942e-147			FALSE	TRUE
ENSG00000278238	AL359513.1	B_pooled_effect_or_FDR	-0.45920924712475	0.427963223647512			TRUE	TRUE
ENSG00000278266	AC079949.2	B_pooled_effect_or_FDR	1.26157145690053	0.0899517767546665			FALSE	TRUE
ENSG00000278330	AC018529.2	B_pooled_effect_or_FDR	-3.00989744451539	7.48822833931034e-49			FALSE	FALSE
ENSG00000278367	AL356652.1	B_replication_direction	3.37230722553018	2.7979147376866e-10			FALSE	FALSE
ENSG00000278376	AP004609.3	A_tested_not_enriched_vs_normal_epithelium	1.14203520191825	2.6668044154796e-19	-0.161778599543032	0.712118257737672	TRUE	TRUE
ENSG00000278385	AC121338.2	B_replication_direction	3.63285668882393	4.2985435585692e-37			TRUE	TRUE
ENSG00000278546	AC003101.2	B_pooled_effect_or_FDR	0.317474825327686	0.233753338640601			FALSE	TRUE
ENSG00000278607	AC015819.2	B_pooled_effect_or_FDR	-2.94430225420636	0.000907755208861964			FALSE	TRUE
ENSG00000278611	ZNF426-DT	B_pooled_effect_or_FDR	0.570339680044419	0.0503728717286855			TRUE	TRUE
ENSG00000278709	NKILA	B_pooled_effect_or_FDR	0.0593406511151778	0.717762013031238			TRUE	TRUE
ENSG00000278730	AC005332.6	B_pooled_effect_or_FDR	-0.0609140594630712	0.562653767568068	0.162604977598978	0.797034845537087	TRUE	TRUE
ENSG00000278743	AC087239.1	B_pooled_effect_or_FDR	-0.748915801264177	0.15555105064853			TRUE	TRUE
ENSG00000278768	BACE1-AS	B_pooled_effect_or_FDR	0.420578074430266	0.000133967662900112			TRUE	TRUE
ENSG00000278834	AC073508.3	B_pooled_effect_or_FDR	0.871109116306302	2.67071055967532e-06			TRUE	FALSE
ENSG00000278847	AC006157.1	B_pooled_effect_or_FDR	-0.937622986791905	0.000199586897425425			FALSE	TRUE
ENSG00000278899	AL358852.1	B_pooled_effect_or_FDR	0.164046276362014	0.639530227165706			TRUE	TRUE
ENSG00000278916	CEP83-DT	B_pooled_effect_or_FDR	-0.321790935378954	0.367312136439792			FALSE	FALSE
ENSG00000278921	EPB41L4A-DT	B_pooled_effect_or_FDR	-0.00614987523429772	0.993346135338393			TRUE	TRUE
ENSG00000278932	CR381653.1	B_pooled_effect_or_FDR	0.178492642604524	0.448613214971887			FALSE	FALSE
ENSG00000279070	AC073263.2	B_pooled_effect_or_FDR	-1.37974609600966	0.119300042829729			FALSE	FALSE
ENSG00000279078	SND1-IT1	B_pooled_effect_or_FDR	-0.904910004900894	0.298989138871324			TRUE	FALSE
ENSG00000279080	AL022322.2	B_pooled_effect_or_FDR	-0.632487680337497	0.46563910220564			FALSE	FALSE
ENSG00000279085	AL022323.2	B_replication_direction	1.70742424522208	2.49283184421096e-05			FALSE	FALSE
ENSG00000279110	AL022323.3	bulk_expression_TCGA_CPTAC	1.551046465771	3.36675234180612e-06			TRUE	FALSE
ENSG00000279159	AC003681.1	B_pooled_effect_or_FDR	-1.38105474848009	0.0310270712847329			TRUE	FALSE
ENSG00000279232	AC008522.1	B_pooled_effect_or_FDR	0.0974063536483555	0.69990716210558			FALSE	FALSE
ENSG00000279278	AC245060.6	B_replication_direction	2.2454322392885	2.00351250573233e-20			TRUE	TRUE
ENSG00000279345	Z98885.3	B_pooled_effect_or_FDR	-1.71241328642697	0.110491986991377			FALSE	FALSE
ENSG00000279529	AC008764.8	B_pooled_effect_or_FDR	-0.763798909476531	0.393073572911381			TRUE	TRUE
ENSG00000279652	Z82217.1	B_pooled_effect_or_FDR	-0.919670646532538	4.69527646359315e-05			FALSE	FALSE
ENSG00000279762	AC005899.8	B_pooled_effect_or_FDR	0.580755847846482	0.10449231208923			TRUE	FALSE
ENSG00000279833	AL031846.2	B_pooled_effect_or_FDR	-0.815975030278027	0.00958533470892127			FALSE	TRUE
ENSG00000279927	Z95114.4	B_pooled_effect_or_FDR	-1.63736265764218	1.53217933139632e-09			FALSE	FALSE
ENSG00000280007	AC008079.1	B_pooled_effect_or_FDR	-0.503025534754221	0.38826452360038			FALSE	FALSE
ENSG00000280011	AL031595.2	B_pooled_effect_or_FDR	-2.39555316511154	0.000887479948604614			FALSE	FALSE
ENSG00000280018	CU634019.5	B_replication_direction	1.64430499177216	1.63103204827724e-11			FALSE	FALSE
ENSG00000280145	CU638689.4	B_replication_direction	1.30846835911809	1.88694478990374e-09			TRUE	FALSE
ENSG00000280164	CU638689.5	bulk_expression_TCGA_CPTAC	2.58868213437896	0.000175128819244621	1.57496987251985	0.00395134608551532	TRUE	FALSE
ENSG00000280195	AC245140.2	B_pooled_effect_or_FDR	0.0287784703004551	0.961874318315146			TRUE	TRUE
ENSG00000280206	AC026401.3	B_pooled_effect_or_FDR	-0.998560573321669	6.55092517523701e-05			TRUE	TRUE
ENSG00000280213	UCKL1-AS1	B_pooled_effect_or_FDR	-1.32932635413504	4.75153329256286e-17			FALSE	FALSE
ENSG00000280515	SALRNA2	B_pooled_effect_or_FDR	-1.67351992705839	6.87465548301837e-11			FALSE	FALSE
ENSG00000280560	LINC01374	B_pooled_effect_or_FDR	-2.72941174466553	5.23428784856811e-30			FALSE	FALSE
ENSG00000280721	LINC01943	B_pooled_effect_or_FDR	-3.39081547922501	5.57924850442028e-08			TRUE	TRUE
ENSG00000280798	LINC00294	B_pooled_effect_or_FDR	0.432368446237196	0.000285094987116599	-0.484179125979446	0.389310093931709	TRUE	TRUE
ENSG00000280832	GSEC	B_pooled_effect_or_FDR	-1.6515483761743	3.40220550527667e-11			FALSE	TRUE
ENSG00000280890	ELDR	B_replication_direction	4.61345795693534	9.78194170982679e-45			FALSE	FALSE
ENSG00000280927	CTBP1-AS	B_pooled_effect_or_FDR	-1.33670209304625	0.00145775333621243			FALSE	TRUE
ENSG00000281005	LINC00921	B_pooled_effect_or_FDR	-1.16289947834265	0.000668468634787356			TRUE	TRUE
ENSG00000281103	TRG-AS1	B_pooled_effect_or_FDR	-4.61962281900044	5.03277822205801e-35			FALSE	TRUE
ENSG00000281162	LINC01127	A_tested_not_enriched_vs_normal_epithelium	4.1362534281307	8.52588279784712e-90	4.07024431435998	0.11953002833989	TRUE	TRUE
ENSG00000281181	FP236383.5	B_pooled_effect_or_FDR	0.657094395805446	0.422137477440839			FALSE	FALSE
ENSG00000281189	GHET1	B_pooled_effect_or_FDR	-1.21011902887446	0.234670506571082			FALSE	FALSE
ENSG00000281332	LINC00997	B_pooled_effect_or_FDR	0.677342045149399	0.0013957584832304			TRUE	TRUE
ENSG00000281357	ARRDC3-AS1	B_pooled_effect_or_FDR	-1.35578845616091	0.166106730782946			FALSE	FALSE
ENSG00000281358	RASSF1-AS1	B_pooled_effect_or_FDR	-1.24569063439973	1.31894173458352e-12			FALSE	FALSE
ENSG00000281376	ABALON	B_pooled_effect_or_FDR	-0.572358315535098	0.00901111744626037			FALSE	FALSE
ENSG00000281404	LINC01176	B_pooled_effect_or_FDR	-0.8236694777981	7.96645444987375e-07			FALSE	TRUE
ENSG00000281501	SEPSECS-AS1	B_pooled_effect_or_FDR	-0.530253461054184	4.63809201202197e-08	-1.28259610326136	0.000885809021018064	TRUE	TRUE
ENSG00000281649	EBLN3P	B_pooled_effect_or_FDR	0.498518285141612	0.00876022434959719	0.11439710916629	0.714206252184174	TRUE	TRUE
ENSG00000281706	LINC01012	B_pooled_effect_or_FDR	-1.66485661600045	0.110402850540214			FALSE	FALSE
ENSG00000281852	LINC00891	B_pooled_effect_or_FDR	-3.66840434973623	2.0089522667387e-08			FALSE	FALSE
ENSG00000282021	AC100810.3	B_pooled_effect_or_FDR	-0.151007342646945	0.883146365313258			FALSE	FALSE
ENSG00000282024	AL009031.1	bulk_expression_TCGA_CPTAC	5.57881187087554	5.10538755331969e-07	7.16422413330701	8.42679917987285e-19	TRUE	FALSE
ENSG00000282057	AC092807.3	B_pooled_effect_or_FDR	0.195559102069106	0.374366549059986			TRUE	FALSE
ENSG00000282386	AL358472.4	B_pooled_effect_or_FDR	0.915166360529935	1.75915378416573e-13			TRUE	TRUE
ENSG00000282393	AC016588.2	B_pooled_effect_or_FDR	-0.312026587312811	0.0244854568648906			TRUE	FALSE
ENSG00000282408	AL109920.1	B_pooled_effect_or_FDR			-9.58788455488729	7.27324511010668e-40	FALSE	FALSE
ENSG00000282602	Z82244.2	B_pooled_effect_or_FDR	-1.06151293972053	0.000170985284183777			FALSE	FALSE
ENSG00000282851	BISPR	B_pooled_effect_or_FDR	-1.11063940731103	0.000329162984986955	2.25520607555284	0.00242980749127804	TRUE	TRUE
ENSG00000282885	AL627171.2	B_pooled_effect_or_FDR	-1.24294463604998	3.99533205995052e-09			FALSE	FALSE
ENSG00000282961	PRNCR1	B_pooled_effect_or_FDR	0.783219545509283	3.50490414813489e-06			TRUE	FALSE
ENSG00000283103	AC010642.2	B_pooled_effect_or_FDR	-0.00974727283210712	0.968687482103257	-0.73130284176518	0.0363337496656484	TRUE	TRUE
ENSG00000283839	AC096667.1	B_pooled_effect_or_FDR	-4.35648665266176	1.9934883361452e-94			FALSE	FALSE
ENSG00000284377	AL589669.1	B_replication_direction	6.70758734551464	6.88582176739878e-05			FALSE	TRUE
ENSG00000284716	AL034417.3	B_replication_direction	1.96220693859408	0.0441546413451941			FALSE	FALSE
ENSG00000284734	AC099063.4	B_pooled_effect_or_FDR	-0.874025798693664	0.399191998069046			FALSE	FALSE
ENSG00000284930	AC005280.2	B_pooled_effect_or_FDR	-2.23015903328651	0.0245123017086282			FALSE	FALSE
ENSG00000284968	AC093827.4	B_replication_direction	1.13183291591915	0.0103231964919377			FALSE	TRUE
ENSG00000285106	AC016831.6	B_pooled_effect_or_FDR	-1.74680575278935	7.59108076701727e-43			FALSE	FALSE
ENSG00000285230	RALY-AS1	A_tested_not_enriched_vs_normal_epithelium	1.22421932123534	6.966966737971e-37	-0.00139208569846126	0.999382409376942	TRUE	TRUE
ENSG00000285367	AC087564.1	B_replication_direction	4.8485772368794	7.11209121832551e-09			FALSE	FALSE
ENSG00000285756	BX890604.1	B_replication_direction	2.12949514509906	8.85066122320195e-06			FALSE	TRUE
ENSG00000287581	AC016549.1	B_pooled_effect_or_FDR	0.951238172814999	0.125171872469193			TRUE	FALSE
ENSG00000287979	AC253572.1	B_pooled_effect_or_FDR	-1.71230828669208	0.200396593292711			TRUE	FALSE
ENSG00000288547	C3orf36	B_pooled_effect_or_FDR	-4.78037828307074	7.41201608844442e-10			FALSE	TRUE
ENSG00000288596	C8orf44	B_pooled_effect_or_FDR	0.235586974088939	0.0278481298745367	0.242201905917094	0.709311686814228	TRUE	TRUE
