set	file_id	file_name	md5	file_size	gdc_release
expression	fc63bae4-fdfb-4990-9902-3e0fb51ec092	e95ef864-eeee-4883-943c-e2e1eecd259c.rna_seq.augmented_star_gene_counts.tsv	86038fbe25da92aadb11c62bd2ae30fb	4224305	Data Release 46.0 - August 10, 2026
expression	4a29721a-1de3-4e14-b905-f39aacb1bd53	1fced4a1-6992-4189-84d9-fddce3e3b937.rna_seq.augmented_star_gene_counts.tsv	9eaa62903907b3001326a9237901176b	4260833	Data Release 46.0 - August 10, 2026
expression	862e5c87-bed8-4310-b9ed-1018568bdc78	7d160562-b94b-4cd9-9905-d15dadbb394a.rna_seq.augmented_star_gene_counts.tsv	ee37e0c5d82097175f355b8cdd2aaeff	4259740	Data Release 46.0 - August 10, 2026
expression	813cb150-7ef6-4fa7-9a64-c70f9401513c	6834bc84-328c-49be-b78e-61ffec46ef97.rna_seq.augmented_star_gene_counts.tsv	308a4ca0dec476c0e45aabc4f9871b9f	4247961	Data Release 46.0 - August 10, 2026
expression	4ea0bf83-1d7e-41da-a34d-221add8155b2	7afb81f7-f9b0-4d0b-a4bd-18c15043c73f.rna_seq.augmented_star_gene_counts.tsv	a1a95aa249c908c63610172e15757344	4253724	Data Release 46.0 - August 10, 2026
expression	ea7e9f5a-844c-4cf4-8f0a-7deab41b5233	6808a3b5-b9cd-45e7-a888-47ebeb735010.rna_seq.augmented_star_gene_counts.tsv	62cb0722c962ef77a51d9cc1c5385d52	4242226	Data Release 46.0 - August 10, 2026
expression	2670a02b-5a81-45b7-8b6c-f94b21bd2aa1	9391a2ca-3305-4030-b806-a9d9ea612af8.rna_seq.augmented_star_gene_counts.tsv	0456141c9704cc6dd5e8e43e2d0fb2b2	4242078	Data Release 46.0 - August 10, 2026
expression	457ef116-5df9-4a29-b802-65622d6ca5e9	9aae9ce6-45b5-4a4b-a17c-f0d89cbbcd50.rna_seq.augmented_star_gene_counts.tsv	b692a105925255131d147e0d1a2f2a4a	4214682	Data Release 46.0 - August 10, 2026
expression	0b4cbedf-b064-4d5a-aa85-8726640d9c63	2b4ee053-96f0-467d-9873-d4de666c4200.rna_seq.augmented_star_gene_counts.tsv	cf351c12a97835a196cd9c0bc8716c5a	4222551	Data Release 46.0 - August 10, 2026
expression	fa157012-d4c8-43c3-b4fe-a02f13fcec40	d6e59be8-1ead-4fc7-bf6f-f5f3e7e24162.rna_seq.augmented_star_gene_counts.tsv	e7ae68019a770bf973b63e4123e506ca	4247858	Data Release 46.0 - August 10, 2026
expression	04f48a21-1ab5-45d0-ba8a-8b6cd53ca1ff	e4e10f53-b72d-489e-81ac-d6588e869e4c.rna_seq.augmented_star_gene_counts.tsv	4350d66a88ea917b2d1aa9cc6364d5ec	4241181	Data Release 46.0 - August 10, 2026
expression	34bd0526-91b2-4b99-a33b-5d4bc8c68d39	e501f4c1-736f-469d-b7f3-fb03a3b96b86.rna_seq.augmented_star_gene_counts.tsv	258e249a51763c2c1cc63351025f5e11	4248522	Data Release 46.0 - August 10, 2026
expression	ba97a1ce-36b3-4212-960b-b64a7cc2ea82	fc8c105f-9904-4f9b-8af8-61c49c1a3261.rna_seq.augmented_star_gene_counts.tsv	bfaf447464565b3849da4b94a753dd0d	4249507	Data Release 46.0 - August 10, 2026
expression	ba3ab6f6-109b-485c-b600-d6cf3edb4b28	5f783279-0c7a-4039-8ecd-f0f545d99894.rna_seq.augmented_star_gene_counts.tsv	7dfaa24691b10bd5d01589a658dd0a81	4247843	Data Release 46.0 - August 10, 2026
expression	06632416-4901-4939-b250-35cd1b8b8323	a8776da2-d821-41c3-8530-0bbb29536a43.rna_seq.augmented_star_gene_counts.tsv	e3f92f6e38a3209f6902d4b8b8d5a5b8	4225812	Data Release 46.0 - August 10, 2026
expression	bb4ec992-dd81-4758-b4f2-7560fbc4cf2b	c8e4e659-7477-44ce-9f69-52d916efd8ef.rna_seq.augmented_star_gene_counts.tsv	09a215ad24012641d8f5702b26712077	4246009	Data Release 46.0 - August 10, 2026
expression	a78e44f3-6e93-47f4-9653-2ce1b1d7d25d	59fd41dc-60c7-4975-8c63-194c4e613af4.rna_seq.augmented_star_gene_counts.tsv	5ecb0b0090026128ba681931f1763c82	4238856	Data Release 46.0 - August 10, 2026
expression	96ae86b9-6d2a-4b13-9765-a0a5b71519c4	574c80f2-2b56-4102-8a3f-58886075ad1d.rna_seq.augmented_star_gene_counts.tsv	f620fce14f579ac6ba5136d99c65edf1	4246578	Data Release 46.0 - August 10, 2026
expression	f1d244a9-f031-4286-b433-572de7ed8d42	bedbb480-0785-4bd2-86da-d029b57e1033.rna_seq.augmented_star_gene_counts.tsv	ea55855a43aea9e4d8733b13d2db89b6	4242473	Data Release 46.0 - August 10, 2026
expression	4b2c1bf1-9a07-4b71-8a9a-c60c9564b686	617ca133-bc23-4e60-92dc-f6b9d320ec66.rna_seq.augmented_star_gene_counts.tsv	fffaeae8d2dd7ca4d7a52f0c7774f2ad	4223295	Data Release 46.0 - August 10, 2026
expression	0699530d-22a4-4fb0-a17c-ff78397c5316	29c9d4b8-b879-49d8-82e6-fd5ac79c2e6c.rna_seq.augmented_star_gene_counts.tsv	c72c3d1dfbb4f317e2732bf21b7f650c	4241561	Data Release 46.0 - August 10, 2026
expression	4dcd0f2b-a6c0-4732-92eb-37a593afd93a	5a430bfd-9123-496e-b77c-220f47f1fdc5.rna_seq.augmented_star_gene_counts.tsv	641f5f51998cb59f4ded9ebd919bfeeb	4242004	Data Release 46.0 - August 10, 2026
expression	a136ae8b-1e0d-4843-a461-ce554ad77458	5936a5df-ef92-4293-a01e-840b3a620561.rna_seq.augmented_star_gene_counts.tsv	7fb397066077fee02883a0d983f85909	4249140	Data Release 46.0 - August 10, 2026
expression	9befd66c-7e2b-4081-b933-3c69d94cad96	63e63d84-237e-429b-a97f-be55bb8cd563.rna_seq.augmented_star_gene_counts.tsv	0820b6d4d71472b3de36f09ae3e5785c	4259231	Data Release 46.0 - August 10, 2026
expression	f8ba326c-a068-4d8c-a544-07fd13c39cbd	b79c9932-bc2b-4c87-b954-3b6efd0d76e5.rna_seq.augmented_star_gene_counts.tsv	a5ba87a5d2a3b70ef6f90c71d5b69ec9	4245285	Data Release 46.0 - August 10, 2026
expression	a3bdc783-f9de-42d6-b0ad-eadec504b7d8	e9ddb0a3-1e6f-4870-a951-f9def2302245.rna_seq.augmented_star_gene_counts.tsv	58411c563f38d59d81b653b23efc0036	4255157	Data Release 46.0 - August 10, 2026
expression	83300c43-0958-4165-99cf-e956cb47d38b	0f056a98-454e-41cf-8cb1-0b280b0b8b24.rna_seq.augmented_star_gene_counts.tsv	977a68ffc23ef0d4d36a3affaf405381	4234508	Data Release 46.0 - August 10, 2026
expression	0a98d561-9c8c-40d2-aaaf-cad735533329	bf9bece0-fb79-4722-a830-308cc5403c0f.rna_seq.augmented_star_gene_counts.tsv	b36efd8192fc81a4c1ac75164d533553	4233898	Data Release 46.0 - August 10, 2026
expression	ffe0d448-20d6-4952-9650-03531ef6fc79	62e28d02-73f5-406c-b3ac-1474d46c2b89.rna_seq.augmented_star_gene_counts.tsv	5b6531646150bc5632db8e39038c5a44	4255797	Data Release 46.0 - August 10, 2026
expression	3a6bb1dd-89ba-4f26-b7d7-c0c174c0bdf1	1de44fab-3e0a-4e2c-a84b-880cd724bbe4.rna_seq.augmented_star_gene_counts.tsv	47fe32a89a7c438fc0e12f2e5e6d0f17	4236401	Data Release 46.0 - August 10, 2026
expression	331a54d0-3061-4e9e-93c7-3fb0f9a96254	c8462133-86a7-4be2-a689-07cebed4cc78.rna_seq.augmented_star_gene_counts.tsv	9a56ad04b493b45a220635490daad4e9	4259275	Data Release 46.0 - August 10, 2026
expression	206a4211-c6c8-4f43-be95-1f36289d7bd6	dfbacd3b-4403-447b-a904-d5bad78aaad9.rna_seq.augmented_star_gene_counts.tsv	4ea0b83c0627629bb83c93eca6062958	4248564	Data Release 46.0 - August 10, 2026
expression	b8a61143-0c20-4db9-a4fd-9c8b375ba841	1010820f-5cf6-4e90-82d9-f4bfc7299217.rna_seq.augmented_star_gene_counts.tsv	3dd95420e5b89fa06e8f57862c8a8862	4238716	Data Release 46.0 - August 10, 2026
expression	21702617-18af-41b6-98fa-54395bfd0d9a	c3b9c2b0-bd3d-43ff-a17f-797122d5ac3c.rna_seq.augmented_star_gene_counts.tsv	2ba3d2c621a7156e735f0665c3f12e67	4228535	Data Release 46.0 - August 10, 2026
expression	f7a5094f-fea0-4ddf-ac40-8265cddbabc2	bd21b41f-1084-43b9-8554-841e58ce6b95.rna_seq.augmented_star_gene_counts.tsv	6048cd4f475e2a0898af9f0e6219188d	4254084	Data Release 46.0 - August 10, 2026
expression	06f37a68-0ffa-494c-9b43-00fc1e8b9ad2	60138dcd-4d62-4768-8b01-7d215d06858a.rna_seq.augmented_star_gene_counts.tsv	108f90b12cf5d5d28636c759d2142895	4244800	Data Release 46.0 - August 10, 2026
expression	336a927a-fe7a-4c77-8fcb-5307cfd145c4	5899ee97-f282-4f7d-b6f3-26d3cc78606b.rna_seq.augmented_star_gene_counts.tsv	c4a057fc1b333bc025ad88fe54ab2979	4237650	Data Release 46.0 - August 10, 2026
expression	1a106eaf-ff8d-43eb-8720-8be7ba8d9888	40b404b9-cc48-4c9f-8206-61fc10e5674a.rna_seq.augmented_star_gene_counts.tsv	b60af1d7099a1e9ebf044a0c0c99461c	4233101	Data Release 46.0 - August 10, 2026
expression	a7ce93ac-964a-4d4e-980a-7fb987bf58b7	8135269e-d063-415d-b778-8288dee66cd1.rna_seq.augmented_star_gene_counts.tsv	edd6e4aeb072bf23f89ad51f68d7f3b8	4246046	Data Release 46.0 - August 10, 2026
expression	9e969cab-9be7-4aa5-957f-5868071cd1c7	3aab23a2-8dab-434e-8a9c-65ead8d76cbc.rna_seq.augmented_star_gene_counts.tsv	f05772b050a1e4d8595cf8090473fb10	4241060	Data Release 46.0 - August 10, 2026
expression	80472422-c0f4-4814-be44-fb1c9e821409	a734dc4a-3abe-4f5b-9ba9-790562d08a9b.rna_seq.augmented_star_gene_counts.tsv	fc9e95800bc1646b3df35a709de27488	4252321	Data Release 46.0 - August 10, 2026
expression	8e4480b4-e56b-4937-94c7-617b4125615c	38b4f727-90e3-405a-9d58-7399267a5845.rna_seq.augmented_star_gene_counts.tsv	a029ddf2ba8c5e671d0318ed799388ac	4237872	Data Release 46.0 - August 10, 2026
expression	2a9c1676-cb34-430b-8111-6a28c563065b	1ad9938d-af14-4214-b017-af062995d46b.rna_seq.augmented_star_gene_counts.tsv	6e94a8558182e53974ef502646fa19c9	4218010	Data Release 46.0 - August 10, 2026
expression	8225b9d3-d25a-4f08-b369-d0ac81a8748c	7d4e2838-abcf-4a45-8996-4cba6f88fdd6.rna_seq.augmented_star_gene_counts.tsv	1459516a7cfb753338b259d2ffef96b2	4234983	Data Release 46.0 - August 10, 2026
expression	12eadc69-863d-46fe-bb19-f8b38b05471b	ec23954c-4aca-41e5-b1ee-0c1bde8d63ed.rna_seq.augmented_star_gene_counts.tsv	84d476af1deb7abc2aee8a9bf2ae027f	4248726	Data Release 46.0 - August 10, 2026
expression	b2a87553-0fb8-4e1f-9e6e-cc0510b07c8a	1c86477f-ce4f-4848-824d-4c76c2bff39a.rna_seq.augmented_star_gene_counts.tsv	12b108f073e276240c49c98ddc2e6164	4221058	Data Release 46.0 - August 10, 2026
expression	4134fa64-6365-4a43-b990-48342be44405	2a0d7ffd-21a2-4c9f-b420-9f78e9b8689b.rna_seq.augmented_star_gene_counts.tsv	46a1b09a77703f30d0990dfacc1923ad	4214996	Data Release 46.0 - August 10, 2026
expression	1e1f9cde-c6e0-4925-944f-12d354ef858e	9369d3f6-e196-49a8-b42c-68a29c637425.rna_seq.augmented_star_gene_counts.tsv	ece2713e6d18e20359454f97418a6ad4	4238541	Data Release 46.0 - August 10, 2026
expression	6f2cbdf8-24b9-4b9c-9a73-4e872852e6ac	5c5642f0-08aa-4e0f-a991-e872d44e5b66.rna_seq.augmented_star_gene_counts.tsv	1f5912817f341de4375a80cf3db8c432	4245352	Data Release 46.0 - August 10, 2026
expression	afe81650-e131-41ab-81e9-0ecb888b1420	bbae6694-4c62-4ac2-a024-248c12da7104.rna_seq.augmented_star_gene_counts.tsv	badcc0d5c64ae9f4b514847abc4d142c	4249550	Data Release 46.0 - August 10, 2026
expression	fba70eac-57d4-468f-bbfc-859628c54dec	5f468fd6-dbd0-487f-8602-168878155474.rna_seq.augmented_star_gene_counts.tsv	695a6c5476b46b81e289d778fd3f161c	4246588	Data Release 46.0 - August 10, 2026
expression	d9da2793-4334-4b17-b234-172705dca082	920024b5-2535-4fa1-b016-48adaddff54f.rna_seq.augmented_star_gene_counts.tsv	8f3212f3388584e94ef97fe5f1b77e7e	4227813	Data Release 46.0 - August 10, 2026
expression	6d8bf03c-2f7c-45b1-b81c-1de9d5085960	4a818b3c-9b63-4d78-9969-38e513f46d5a.rna_seq.augmented_star_gene_counts.tsv	2aba84f1c5f1055e1ea96f8fb2f5d4e2	4226971	Data Release 46.0 - August 10, 2026
expression	831bedf9-e67d-4a2a-b0a7-6d6c92edf77a	827a8cb3-423c-471e-abc6-c62329a5ec16.rna_seq.augmented_star_gene_counts.tsv	04c22ddcca747431ed5d4c190e16a86c	4245697	Data Release 46.0 - August 10, 2026
expression	040bcb51-b1dd-4666-819f-3ffed0b5ebb0	4ef51bd6-d020-4a5f-9142-9d8349308146.rna_seq.augmented_star_gene_counts.tsv	975acc12664b7610818fa23a35ae4613	4249249	Data Release 46.0 - August 10, 2026
expression	164a6eaa-7f88-4687-a7e1-b907c468766e	4b04816b-80fa-410b-95d7-9b1f815b59e7.rna_seq.augmented_star_gene_counts.tsv	51c32ad60fd5d7e0cd5e2d6f06791a5b	4254810	Data Release 46.0 - August 10, 2026
expression	7d7719e1-5451-4ec0-a3d6-99aaaf640bcd	d7df3edb-bb4a-47a2-8066-fc2f700c6102.rna_seq.augmented_star_gene_counts.tsv	7f0b278a0a7a9ff08d7e20ae543850c1	4256615	Data Release 46.0 - August 10, 2026
expression	79b8911f-fabb-416e-9b80-2f55080192c3	1fec5f1c-60b6-4162-8e22-0ef60cca90bc.rna_seq.augmented_star_gene_counts.tsv	0cc3b8c0fa0236c3345d56d0f7fdefa4	4249854	Data Release 46.0 - August 10, 2026
expression	0bbde4ab-4f9d-478b-a168-055e489b53f2	06a9adb9-0cc7-4e06-abbe-894f1883ed9f.rna_seq.augmented_star_gene_counts.tsv	11ecfc20c0de0c722c8237ad7123432f	4247601	Data Release 46.0 - August 10, 2026
expression	bacd130e-c30f-40aa-8e9e-ef8076f7a6db	758795ed-2f5a-429a-ac99-c2696d64caca.rna_seq.augmented_star_gene_counts.tsv	cc04e13fc16fe4f74766286b248ebb70	4243406	Data Release 46.0 - August 10, 2026
expression	edc7b71d-a551-463e-a76a-dc135373cb43	1a3165db-b776-4c16-82a1-8a82f386ab7d.rna_seq.augmented_star_gene_counts.tsv	6e94557d3a8f016d9b58d1c748e6f3d3	4234785	Data Release 46.0 - August 10, 2026
expression	6df1efd7-bd1b-4c00-8cbb-eb1b6b7c78b6	777fc549-47cf-4c3b-9931-e58c9f3fcc6b.rna_seq.augmented_star_gene_counts.tsv	2c8c411e9ca3cc893daa3594799bdbdf	4246678	Data Release 46.0 - August 10, 2026
expression	dbe50f57-74d7-4b5f-a996-dfc8d9874d55	12bba991-4912-435f-b6ad-e4814e79fe98.rna_seq.augmented_star_gene_counts.tsv	782afdae9e9be4d821439ecdbdbbe716	4254091	Data Release 46.0 - August 10, 2026
expression	a56c9911-e164-4572-aef8-37754ee056e3	2bc0030c-7f9d-47ee-9b0a-82c6bf99192a.rna_seq.augmented_star_gene_counts.tsv	c660b31122cae4ec6359c4dc5ed6e64e	4248868	Data Release 46.0 - August 10, 2026
expression	2a8ed8a3-37a6-4492-823c-a86f392d0c44	3fe12cfa-5042-4625-ac9a-c1be80013643.rna_seq.augmented_star_gene_counts.tsv	62433ac7e48ccedcad44b1b35581b192	4254360	Data Release 46.0 - August 10, 2026
expression	3e2569b7-b145-4bda-9bdf-24105aefe42c	a7ed91c1-2933-4a5b-99a1-175fed1a2da3.rna_seq.augmented_star_gene_counts.tsv	eb6db9440486a3ab4eb291785ab40d31	4269672	Data Release 46.0 - August 10, 2026
expression	d91f4d1a-4628-446c-a696-8839c8f62d90	7a0cc9fc-e0b0-4b97-b817-2f4b3f427eef.rna_seq.augmented_star_gene_counts.tsv	82ee85cc944f07d70788b68cc10b3a66	4211239	Data Release 46.0 - August 10, 2026
expression	c64293ef-e723-4fe6-8cfa-fe36d07bad81	126834f1-1053-4cc8-ac8c-27255fc4166e.rna_seq.augmented_star_gene_counts.tsv	9fac49d6c36a912fd0e5c3de6d253768	4236443	Data Release 46.0 - August 10, 2026
expression	efb66622-cf03-4f74-98e5-8c38d87a90f7	df656853-7a02-4bd9-b700-dfb374b767de.rna_seq.augmented_star_gene_counts.tsv	747c022e0f4ab5d596c9cbe03a8f9580	4244529	Data Release 46.0 - August 10, 2026
expression	3f311bca-c591-4dbe-bfb2-fc513259f21c	3b86d9c3-51a8-40b8-ae46-7f09de8041cb.rna_seq.augmented_star_gene_counts.tsv	f2c94ab486488e4e47bcf62d488085c2	4244158	Data Release 46.0 - August 10, 2026
expression	1c38241a-2cdc-4b93-8845-87182a998ef4	f82540cb-5394-454c-b97a-23e36e7ebe07.rna_seq.augmented_star_gene_counts.tsv	d49acec2dc2de45a61b41aabcfa4c168	4243079	Data Release 46.0 - August 10, 2026
expression	7e74a46c-7ff4-4d46-b9a8-b10aa076f448	456fdd80-fdfa-4437-a0ba-e565c109780d.rna_seq.augmented_star_gene_counts.tsv	0bdfa7379b0ca6522e14fc6ab39b7dd2	4233165	Data Release 46.0 - August 10, 2026
expression	9848e118-7372-41e5-8c64-71ec86c9c563	db8c4894-8622-4ab5-947e-bee473b47c96.rna_seq.augmented_star_gene_counts.tsv	9e81d5f18978f11c5d186bf0b1728abb	4252064	Data Release 46.0 - August 10, 2026
expression	5d1a0224-01c6-4843-baab-12f1a56b767a	914d92bc-d41c-4dcb-9137-ec672618ffd0.rna_seq.augmented_star_gene_counts.tsv	cd1e950cbec645fc4d6ff6c582a1cbfe	4231264	Data Release 46.0 - August 10, 2026
expression	2b5b6593-4fe2-4c8a-92c6-5bd5a6c26320	0416ba1c-a9d5-4e25-a95b-7cb73bfeeb65.rna_seq.augmented_star_gene_counts.tsv	ce4e2504eb6c38ede5747e6defb75908	4253460	Data Release 46.0 - August 10, 2026
expression	114e63e4-03a5-409e-835f-afa8af005d03	7dd55f05-23aa-407f-8214-5584d1130569.rna_seq.augmented_star_gene_counts.tsv	b0338351a944121e8812a35d7e60dd18	4241529	Data Release 46.0 - August 10, 2026
expression	8ceb5f0b-cbfb-400d-93b8-df005bb46e31	054f5722-e1b9-43bb-9746-5c29be04a5a3.rna_seq.augmented_star_gene_counts.tsv	7e8a3db8d9e125bf514d90290815fa9e	4253952	Data Release 46.0 - August 10, 2026
expression	d782f777-5651-47a6-bbb3-4d871a6b3a27	cd7a8848-af76-46b6-ad93-86dea30bea04.rna_seq.augmented_star_gene_counts.tsv	a7ded4625471d4c8da6dcccc772b823d	4254522	Data Release 46.0 - August 10, 2026
expression	4a63eb90-d580-40d0-9136-a7baf34d3627	0d480f67-4325-465f-8f1d-d315ac63f663.rna_seq.augmented_star_gene_counts.tsv	779051accfcff5c7930d52c332f8a548	4251534	Data Release 46.0 - August 10, 2026
expression	86f25e09-9bdb-478d-b929-6f570418af6c	7972dca5-b8db-4ed7-a4d7-056df9d0d37c.rna_seq.augmented_star_gene_counts.tsv	de62a8ece550f68ab7d149197cf4e2f1	4238118	Data Release 46.0 - August 10, 2026
expression	c8134951-c924-4789-93bc-9af9b79933cb	14ac6128-df5d-423f-859b-0299bcc4e7fc.rna_seq.augmented_star_gene_counts.tsv	2c4647a71918fd5974b59e7875692df0	4237967	Data Release 46.0 - August 10, 2026
expression	36e0d06c-4153-4bc3-b415-3f18306218e3	a15fd9b5-6691-49c8-a4a2-715acb36dd2f.rna_seq.augmented_star_gene_counts.tsv	1f2bcdecedc6e71e9fdc0c6f0ebb7a84	4242741	Data Release 46.0 - August 10, 2026
expression	ff21a21b-35fb-423c-896c-c6943dbce540	a43b9c60-317d-413b-9848-cd9cca4a7050.rna_seq.augmented_star_gene_counts.tsv	20246927c5ec06ae3c88c678d9c04fbf	4237920	Data Release 46.0 - August 10, 2026
expression	976e2956-36c4-4451-94bc-19a9e7bb861c	c1969e52-8262-4d02-9e30-59c59702b906.rna_seq.augmented_star_gene_counts.tsv	68a61795eee5255dab6b939447e4b855	4246736	Data Release 46.0 - August 10, 2026
expression	4b758e7e-870c-4b60-8cb6-dac730bd9faf	9a99a8f3-6a9f-45dc-b9cb-b233c6d6db60.rna_seq.augmented_star_gene_counts.tsv	a0ed548803e0a80e53d02ee1d6ac75fb	4252894	Data Release 46.0 - August 10, 2026
expression	9b962201-6959-487b-a125-730322128939	54c89a1f-7b78-4569-8850-c25260fe8555.rna_seq.augmented_star_gene_counts.tsv	854ca377341af9794c83cb3a89df04c4	4243030	Data Release 46.0 - August 10, 2026
expression	d1d341bd-1a8e-4162-a63c-92ecc78e9c82	628efe45-6269-4c4b-8f50-15be89877383.rna_seq.augmented_star_gene_counts.tsv	41c0f040df3de3f26784f8a54c8b3673	4240810	Data Release 46.0 - August 10, 2026
expression	131cc059-cc0f-43df-a19e-5f854a769181	af4b5ee7-1229-4209-b1a5-dd96682f8293.rna_seq.augmented_star_gene_counts.tsv	3f72bcea95374bda4ca90819fa77814b	4263556	Data Release 46.0 - August 10, 2026
expression	54bccab4-c77e-4848-b698-b62941d96289	36d5c99d-e58c-4d8f-b7c6-33adeaf6ad6d.rna_seq.augmented_star_gene_counts.tsv	f6a5b7fae27dabb8190723d4c0c226d4	4243763	Data Release 46.0 - August 10, 2026
expression	89cf5c7f-c4af-4eb6-97a5-cc086fe76bbb	a32a3156-95e7-446d-9fc7-94a3cf8323b4.rna_seq.augmented_star_gene_counts.tsv	38086cb554563b2b5013d130efca571b	4245521	Data Release 46.0 - August 10, 2026
expression	f462d8a7-549d-4823-be4b-1b5c81678665	40690efd-de5b-47bd-b48e-8498d58fdfa7.rna_seq.augmented_star_gene_counts.tsv	28022a465a42ea3cca612fbb7cea7f87	4254929	Data Release 46.0 - August 10, 2026
expression	e71c8e45-ab52-4796-ab72-e8add8868291	c95943e9-c8c4-44e1-9080-afddcbfb6174.rna_seq.augmented_star_gene_counts.tsv	d584ed7722762ad1bc890177be5b5fe7	4215866	Data Release 46.0 - August 10, 2026
expression	e0f18f8e-b8e0-4bf2-916c-69a38fc64fd8	f07087a6-4684-407b-97d8-115f595272ad.rna_seq.augmented_star_gene_counts.tsv	a55ca1349dc976706d682c61771b05e8	4211619	Data Release 46.0 - August 10, 2026
expression	822bf4fe-8d43-47c8-9906-5d38c4a21f27	d6fea6a8-b471-41f2-81dc-4ea813897107.rna_seq.augmented_star_gene_counts.tsv	5cbb9c887f2f5ed3e0551bfc278b8ebb	4223283	Data Release 46.0 - August 10, 2026
expression	adfade14-1572-4e3a-b4eb-64de445b9678	7906f763-5dfc-4fd7-9a97-75dc86840c89.rna_seq.augmented_star_gene_counts.tsv	4ad7edcd1320f6a917b2a07b21750253	4246305	Data Release 46.0 - August 10, 2026
expression	49ddcd56-df4a-4136-a743-c21bb6bfd8a6	b26e23f9-4a71-4ba3-96a1-e44bb154f3aa.rna_seq.augmented_star_gene_counts.tsv	c879c4caed59a5fc68ba83ec129eeb65	4239004	Data Release 46.0 - August 10, 2026
expression	79b49079-070b-4b97-80b9-838bbd32f33c	a2f07423-e34f-43d0-b063-3c9838206135.rna_seq.augmented_star_gene_counts.tsv	4fcabcd7d2547ca982ea40b10634dc05	4245880	Data Release 46.0 - August 10, 2026
expression	1a9ee264-40bf-4a12-bcee-bd0f989e0798	7394e752-6d32-4f9a-b97b-f3c94820e542.rna_seq.augmented_star_gene_counts.tsv	050ad1b159f4a9ea181e9c453cb48494	4257538	Data Release 46.0 - August 10, 2026
expression	e59a58f3-d886-45a8-a296-263297839a63	164ed40d-5a15-43c4-9398-40dc4507d4a7.rna_seq.augmented_star_gene_counts.tsv	72430d2b3ab081ce955b8f7d42aa0866	4263833	Data Release 46.0 - August 10, 2026
expression	9fcf3bdd-e137-4f93-83f4-24b883ca62c3	ee318550-06bc-4c55-b7fe-054b19ed3db9.rna_seq.augmented_star_gene_counts.tsv	3129409c722c7c9b9b0535d70ac7204e	4240926	Data Release 46.0 - August 10, 2026
expression	986759bd-7232-46a9-84f3-0e71026a01fd	05791785-80ef-46cd-970b-5bd0c0d1b8e3.rna_seq.augmented_star_gene_counts.tsv	4acc7f75fd24a17e910ce7e4d7deb579	4246462	Data Release 46.0 - August 10, 2026
expression	0e7e953c-82c3-4887-86b5-584d41cfe518	4551fe9f-b4ff-4556-a2ae-bd7234a979ba.rna_seq.augmented_star_gene_counts.tsv	1d42f4505aa3e6836aa54bebe51f5420	4249804	Data Release 46.0 - August 10, 2026
expression	f34985d8-172b-4fae-8d06-989e7dc4dc06	a5a4db2a-7906-4519-9223-0f47cd377fb5.rna_seq.augmented_star_gene_counts.tsv	540de27401eb91530c54efd45246a003	4240107	Data Release 46.0 - August 10, 2026
expression	3bfbdcb6-1e9a-43e9-9015-d55b279dc559	10ef264c-4000-4286-860a-5a6f633ecb29.rna_seq.augmented_star_gene_counts.tsv	7946a84c82ffb0ca618d5d00a68f43bb	4254105	Data Release 46.0 - August 10, 2026
expression	afe6bf7f-c463-4077-9c5c-3d00ce6ee8a8	7184f4fd-1df1-4ac9-942e-32c0468ee6f2.rna_seq.augmented_star_gene_counts.tsv	9c2401f7fb78a82c678608661c811b63	4220221	Data Release 46.0 - August 10, 2026
expression	7947afe8-e62c-4d32-81d6-5eb44fd1cea6	742d5f44-39ea-43c1-8b3c-428142ed4c8f.rna_seq.augmented_star_gene_counts.tsv	a87d2216b2486a3cf9c0085cca2e23fd	4244472	Data Release 46.0 - August 10, 2026
expression	e8871fd9-41a0-4c1f-b44c-ea7beea35ebe	ece6656a-f021-4b50-91ef-cc81f42978b7.rna_seq.augmented_star_gene_counts.tsv	1e8cbe700ccaafb38ea4af5e69c2b7e5	4233392	Data Release 46.0 - August 10, 2026
expression	8522fa29-c1b0-4e41-9bcb-2e0bc7c8e2d0	cf6a083e-953e-4fb7-834d-15424028927a.rna_seq.augmented_star_gene_counts.tsv	ec423cce2554aa1138bde69de107c657	4242679	Data Release 46.0 - August 10, 2026
expression	bed26808-c053-4ad1-ba5c-68819d4a6fd1	c59cc280-d219-4a96-8f48-f68ee7a1429f.rna_seq.augmented_star_gene_counts.tsv	c154195d2df7a70abc176d57280e3bf1	4246035	Data Release 46.0 - August 10, 2026
expression	bd1ebebf-1e32-4c8e-a476-a429bfbc3d46	8d99f02d-c434-41ee-b974-633a23874bce.rna_seq.augmented_star_gene_counts.tsv	08a92db5dd3a2de948630effba6549c8	4245156	Data Release 46.0 - August 10, 2026
expression	1bd902eb-9e76-406a-bfe9-b0b5861bcdfb	e238e3a1-0301-4e93-9082-4422519763b6.rna_seq.augmented_star_gene_counts.tsv	d3b0dddeede485b6dc3332a4d974b1ba	4248589	Data Release 46.0 - August 10, 2026
expression	9845de96-d57a-4613-89db-6a6c4e2eca4b	2440ba02-462d-4471-8751-065f468790ef.rna_seq.augmented_star_gene_counts.tsv	581f44f39eea50a50062a27ef92d5f13	4237885	Data Release 46.0 - August 10, 2026
expression	4d6e5f5f-ab63-49a6-9a53-a89b7ef76783	1f0ba713-8b78-47bd-bd5e-d727abe27640.rna_seq.augmented_star_gene_counts.tsv	a59c283ba652c1968c41ff56220bcdc1	4248914	Data Release 46.0 - August 10, 2026
expression	e4747f6d-4c5c-4d49-886f-2c69fe206879	5e545b8a-8a66-4e9a-912b-9cbcbf813a4c.rna_seq.augmented_star_gene_counts.tsv	7bbd454a5e0627225e6bddafd800fe1b	4237646	Data Release 46.0 - August 10, 2026
expression	bdb74506-8766-42e1-922e-e03da4637a70	dc6421de-439b-4764-87bf-c1922cfeba3c.rna_seq.augmented_star_gene_counts.tsv	b4b3437ec7d8a7d47e2d7620ede02643	4216924	Data Release 46.0 - August 10, 2026
expression	307fc027-0530-452b-8fa9-d46f7fc73d0e	9cc9f5b7-bbbb-4d3b-8d98-9bf4425a214b.rna_seq.augmented_star_gene_counts.tsv	25c62ef245b078dc980f9cc9c4844bdf	4239266	Data Release 46.0 - August 10, 2026
expression	58585ab6-9163-4bfb-ae55-9529ad1bc3aa	e50d64a6-92ef-4354-8d13-480a5cc74f78.rna_seq.augmented_star_gene_counts.tsv	496ab2e5514fc45cc60627c58f9589de	4247368	Data Release 46.0 - August 10, 2026
expression	961f4263-5071-4dfd-b626-346f916b4c9d	56255cc6-b68d-41f6-9c5f-4368ded4f094.rna_seq.augmented_star_gene_counts.tsv	272e863814ef59c80b4d9599e3fc53ef	4239925	Data Release 46.0 - August 10, 2026
expression	0cb86c23-556d-4c56-b6cd-96dbbaff1441	3562d885-15d7-415a-bdf7-731c8bbae36b.rna_seq.augmented_star_gene_counts.tsv	912eaeb89eab661e15e2780a38007fd5	4240756	Data Release 46.0 - August 10, 2026
expression	bc8cef4d-5c5c-4d5b-bbbc-553e8940ced1	7bcfdaa5-0d48-45a4-86e1-28d8fb2f26d3.rna_seq.augmented_star_gene_counts.tsv	1bd65b12496ce1fe0c77be0c850cd2ff	4264420	Data Release 46.0 - August 10, 2026
expression	539f5a17-442a-4c07-9606-b8f88c731504	2558773d-bb91-4172-b560-0dcb6a9a41c1.rna_seq.augmented_star_gene_counts.tsv	baec13a41bcbb540f7a570976f996f59	4232670	Data Release 46.0 - August 10, 2026
expression	58cdb5fa-ab1d-4b7c-a790-4c81cd86efc4	45d0eb73-f560-4c46-8c49-3e67790ee5a2.rna_seq.augmented_star_gene_counts.tsv	ed5c3ae534ae873f37063370ba4ada48	4232192	Data Release 46.0 - August 10, 2026
expression	8fc7b6c7-aa50-4a13-a898-35a6bce2d32f	b10257dc-bba9-48d7-8595-735c042dcc16.rna_seq.augmented_star_gene_counts.tsv	2877182591cf8e89f69d46efc2f056e7	4231604	Data Release 46.0 - August 10, 2026
expression	5fc65294-257d-41eb-83b5-1cb566b1743f	5e9708b3-e612-44df-9220-5afa3b51727b.rna_seq.augmented_star_gene_counts.tsv	8f2647855a5b893d0e1d5cc4b048694f	4235535	Data Release 46.0 - August 10, 2026
expression	4b881bd7-355b-4b47-8c00-41734f8e01d2	36cd2f44-687f-4894-a41d-5d01ee45de7c.rna_seq.augmented_star_gene_counts.tsv	73f44722ff870f40a2a40121687210bb	4255418	Data Release 46.0 - August 10, 2026
expression	d499f1d6-3d58-406e-9ed5-98141e774ddc	49f90402-948d-4fe2-8c8e-4f1c37fe41e7.rna_seq.augmented_star_gene_counts.tsv	499a53dc937a6c9835d33f81f676b4e4	4225826	Data Release 46.0 - August 10, 2026
expression	fc9e3356-b4e0-46e8-9842-46a2366352de	6bb1a15e-0f6d-4579-af44-0a4cc6e1a567.rna_seq.augmented_star_gene_counts.tsv	df701f29fbf44231bc8989d076931560	4253236	Data Release 46.0 - August 10, 2026
expression	a1f29e81-e426-4cc5-813b-fcf83a595303	43fa77f1-48e8-4d05-b726-e8cb8e2a5a37.rna_seq.augmented_star_gene_counts.tsv	0b0afa583b9815b8163c0873a56187b3	4256883	Data Release 46.0 - August 10, 2026
expression	cc4d6b44-ae57-4f0c-affe-ba411b9fba9b	9b432efc-fbd9-40fe-b5c9-1bf67a03b191.rna_seq.augmented_star_gene_counts.tsv	ec68493a51684e20604d2c641e801e76	4245997	Data Release 46.0 - August 10, 2026
expression	d514c3bc-c1e1-4028-9822-90ad703a3a8d	d5340889-fb1c-411d-922c-a9f69e1ac405.rna_seq.augmented_star_gene_counts.tsv	d534c6e1d5c94346da1bfec6b2125594	4214702	Data Release 46.0 - August 10, 2026
expression	fb449c0c-d752-4110-a41a-c46aa29617ea	9fc93356-db5f-4fae-ac7c-9c45aae86269.rna_seq.augmented_star_gene_counts.tsv	27bd48f47607ab78dab87ff307fd56de	4245720	Data Release 46.0 - August 10, 2026
expression	4845a010-e208-4c1b-85b1-99fbd155edf2	49c74a84-f031-447e-bd7f-73f76b7cfcd8.rna_seq.augmented_star_gene_counts.tsv	3ba3953575831ce2576bc6cee6e45bb0	4247550	Data Release 46.0 - August 10, 2026
expression	60ae8b09-673e-418f-abda-7e3ce228c808	63031ef8-ece4-4472-a07c-8177f6089455.rna_seq.augmented_star_gene_counts.tsv	09009b796642d5e0a09ed608e7ac4006	4254074	Data Release 46.0 - August 10, 2026
expression	6dc1b313-81c8-4b4d-8fcd-07ad3fe499f7	95bd9ee8-3c36-40e7-9fbe-780421c93702.rna_seq.augmented_star_gene_counts.tsv	db3fb807a5e3cfe229616b4cf15d890f	4249340	Data Release 46.0 - August 10, 2026
expression	450ec77d-c822-4d53-9a2b-bd6e4b6b9a62	c655f295-56e4-4008-acf2-d58664750178.rna_seq.augmented_star_gene_counts.tsv	d1578c10f26a0142279469da03a4f938	4236794	Data Release 46.0 - August 10, 2026
expression	b59e21e2-af42-41ff-9423-0b3b0af05ccd	6f249b59-5a06-4397-8528-fe207be7a2f2.rna_seq.augmented_star_gene_counts.tsv	f175814884ab591925ff32907b853fe3	4255774	Data Release 46.0 - August 10, 2026
expression	0461aca8-2256-4954-9c65-1b2a92c2b2a1	cf53a086-f74f-4155-9766-5761cf983177.rna_seq.augmented_star_gene_counts.tsv	0c1f7b63155cba1008053286824a2606	4251732	Data Release 46.0 - August 10, 2026
expression	8b3d23b8-cf1f-49ed-bd33-f340984cca9b	9a4a60b4-9790-424c-87e9-a2fd2b55361a.rna_seq.augmented_star_gene_counts.tsv	4f2d4ba1764e1a4342fb619aea92801f	4231379	Data Release 46.0 - August 10, 2026
expression	83eb5df9-30fa-4c4f-a062-5ffe6d7f2c3d	a4a7cba2-0351-4b86-8716-60976dbf6fcc.rna_seq.augmented_star_gene_counts.tsv	9d46bf16d4dd6789dd802a2e5dbb5b6d	4254751	Data Release 46.0 - August 10, 2026
expression	4962d196-c54d-442d-b7b3-dd34f8082781	e328dc67-2ba2-408a-a137-75792cc02e52.rna_seq.augmented_star_gene_counts.tsv	f9530cef77aa82b49da83c14ba3ffb14	4234881	Data Release 46.0 - August 10, 2026
expression	8bbda4a1-af04-496f-b047-1d74c29ec19a	34a5db13-6ea3-4f76-88dd-edddc9d6f057.rna_seq.augmented_star_gene_counts.tsv	1ae95a4365b3eea3abd140d30c3f4562	4224787	Data Release 46.0 - August 10, 2026
expression	59f744da-4e53-4cca-a7f1-48a27f91aba1	6a0c3088-3411-4332-9b5e-73658117bf58.rna_seq.augmented_star_gene_counts.tsv	0dd40097976c594dd7f435f9e45d4baf	4255676	Data Release 46.0 - August 10, 2026
expression	6faba44d-0367-4d54-a41e-1f2969760558	27fb6050-b8b6-4cae-800d-429d63093d67.rna_seq.augmented_star_gene_counts.tsv	de284cfe573d16a9a1af4380012d6237	4252065	Data Release 46.0 - August 10, 2026
expression	13b48a2d-dde2-4cd1-b26d-22621a002f5b	5a1b700e-a479-498a-87f5-e53f59e01a44.rna_seq.augmented_star_gene_counts.tsv	382113d36656c25024fd6d69e246f130	4226962	Data Release 46.0 - August 10, 2026
expression	5a1cd867-8bad-4e36-908a-c82b6ae64083	0cd8ea32-8f53-4bcd-a778-4a4cc0ca6fa6.rna_seq.augmented_star_gene_counts.tsv	5d2c6c6c757ec1c43c0f207247363eea	4240667	Data Release 46.0 - August 10, 2026
expression	000d81dd-9ba4-4852-9090-2bf22f6483f0	09755ce8-ed89-411a-a42f-b3edc4e41eeb.rna_seq.augmented_star_gene_counts.tsv	e5fd923a393a590c23ce048a7c18ef73	4235200	Data Release 46.0 - August 10, 2026
expression	5b7970e3-9272-4919-beaa-176127e7be10	1d1b1257-df14-4a53-a25c-4ee63782d762.rna_seq.augmented_star_gene_counts.tsv	b53320c2c016ce5ed0d81aa4c0cbf630	4237891	Data Release 46.0 - August 10, 2026
expression	df630d23-f007-4cc4-9910-edb44046d556	a40c1d70-1750-45d0-a85b-688331b029ea.rna_seq.augmented_star_gene_counts.tsv	9e07990dc14e850ad8f3b42d0169ca29	4197333	Data Release 46.0 - August 10, 2026
expression	200dfa9f-ed6f-4434-9dde-7833f4d3b275	8283ab27-1a92-41f4-af55-6c115308d5bc.rna_seq.augmented_star_gene_counts.tsv	42a7c80edc573133a91441a368eb2443	4253057	Data Release 46.0 - August 10, 2026
expression	c6bede90-50d8-4bf5-97e3-6fffe14e723d	ccc45217-72ba-4c8e-ac08-ca14cf523174.rna_seq.augmented_star_gene_counts.tsv	4626d425652ee1098fd01cd48cb8846f	4232323	Data Release 46.0 - August 10, 2026
expression	5d956a24-693e-47ad-b315-180c86a0528e	3e1cc145-6719-4320-8b66-0deeaa864a6a.rna_seq.augmented_star_gene_counts.tsv	05757af13cce2618b1816878665b664a	4266063	Data Release 46.0 - August 10, 2026
expression	485e84af-cd91-4096-a2e4-d2594481e5bf	2122974f-374d-4ede-b52b-e53af658818c.rna_seq.augmented_star_gene_counts.tsv	26176146e2cb35cfee8442d47a68d27e	4242281	Data Release 46.0 - August 10, 2026
expression	588a43e3-60a0-416b-9b79-48d863d054bf	c5f86371-23c9-4e7f-ba64-b5f4ec240a18.rna_seq.augmented_star_gene_counts.tsv	87d8dfdfabc1069b29f9cc84394dbfff	4251522	Data Release 46.0 - August 10, 2026
expression	b8f8504c-1d5e-48b3-a54f-88250da4264f	dbaa5305-a8c3-42e9-9ffa-812d01bac6ad.rna_seq.augmented_star_gene_counts.tsv	2dd534fae22205ff072b11a8353d0251	4241699	Data Release 46.0 - August 10, 2026
expression	78beabfc-8b98-4f21-94c2-cd6c21255f66	d78b8689-b4f9-4ff6-8f67-9d9fd46c8672.rna_seq.augmented_star_gene_counts.tsv	d8a8f348dd298a188995f8a37b6e3c57	4245940	Data Release 46.0 - August 10, 2026
expression	efde0fd9-7f08-4c33-9e2b-8d9b8cfccf50	acffe97d-bcaf-4c3c-877f-a48d9f5e81db.rna_seq.augmented_star_gene_counts.tsv	8593cd04ca58bb332aaea8d5230f532e	4256145	Data Release 46.0 - August 10, 2026
expression	d6a8b3be-0ea5-4d4f-bf62-27ec684d4705	21aaa4c9-e933-4e64-b3d9-8d2d1b9a9ea6.rna_seq.augmented_star_gene_counts.tsv	cbe772260992e02926bb75bb5876568a	4235816	Data Release 46.0 - August 10, 2026
expression	c85688fc-f98a-4672-b66d-8a28ea94d40b	02a502f9-4db3-41ea-a163-48cb43b1eaad.rna_seq.augmented_star_gene_counts.tsv	669fc566161634c664770a0e84556a5e	4245759	Data Release 46.0 - August 10, 2026
expression	0c5ce27e-46a9-4868-880d-c7e87391cdf9	e1cfed22-6157-4030-971a-8a9fa033aa8d.rna_seq.augmented_star_gene_counts.tsv	4fc82eb0b7ae3ac59ffa4b6efa414f3b	4238911	Data Release 46.0 - August 10, 2026
expression	f8a0a7cf-0444-4039-a255-6d31bcf748ac	d65aca79-6b26-45da-8a9e-d9d0bc1f179b.rna_seq.augmented_star_gene_counts.tsv	369146e67803ebc38b15a46d1abf0e3b	4248034	Data Release 46.0 - August 10, 2026
expression	dbe1371f-dbf9-46b1-b603-a9e560fb75df	d46f2d5f-0e4a-4c0c-8904-44b95a1dcbd0.rna_seq.augmented_star_gene_counts.tsv	15871dee753b71c14766f10ab33fa8f0	4251307	Data Release 46.0 - August 10, 2026
expression	6e837fc7-1583-4fde-af30-fe955e7651bf	25dbc6db-791d-409d-8739-f0b50aaf572f.rna_seq.augmented_star_gene_counts.tsv	8c6635bd96da75cfc19222f7f5c04e53	4253463	Data Release 46.0 - August 10, 2026
expression	db24671d-74b5-4647-be36-d865aa923ffa	f05b8220-8415-4ea9-87a5-4805768c2bab.rna_seq.augmented_star_gene_counts.tsv	fe3ce8e8137445b073ad9fb5b4d1b83e	4252816	Data Release 46.0 - August 10, 2026
expression	499d7906-265e-4836-b2b5-55203bf08e2d	230c0566-f0a7-43e2-b247-cee9fd1cb6a2.rna_seq.augmented_star_gene_counts.tsv	6961d67c70bd6b6aa2559f3f70b0bc3f	4252040	Data Release 46.0 - August 10, 2026
expression	61ee46ed-0cb0-428d-806b-db92f33e0c93	86b79a14-7254-49cb-b04c-b255fb052d42.rna_seq.augmented_star_gene_counts.tsv	7ebb018d07e23e052682a5ec5228a759	4245305	Data Release 46.0 - August 10, 2026
expression	0626d61a-3222-49c5-b6f0-4b59c5835d29	4252d504-9d47-4e8a-8aa0-f3af157e5679.rna_seq.augmented_star_gene_counts.tsv	503c2075736f8622564786133cfceb8e	4231095	Data Release 46.0 - August 10, 2026
expression	ff6cd0e8-98a0-4a96-9650-c348bcfe8901	bbdc627d-489d-4185-b32b-71207f241b62.rna_seq.augmented_star_gene_counts.tsv	37656b898c7e44f392851c5c364b3306	4228605	Data Release 46.0 - August 10, 2026
expression	7fc459c0-68f0-414f-ad41-737b4de021be	2d767431-3ebd-4b2a-a6c3-a21772eb17e3.rna_seq.augmented_star_gene_counts.tsv	9b864b04ba83fb9b700cb2ded3a7f75b	4235956	Data Release 46.0 - August 10, 2026
expression	996511b1-d236-4060-a307-81557721cfe5	21e626a0-d885-475a-9ce0-51d00300cd7e.rna_seq.augmented_star_gene_counts.tsv	50f854006f825c9aa6c14439c9e272fa	4240211	Data Release 46.0 - August 10, 2026
expression	4d4db765-51e5-4549-a559-114bae985a88	58aca312-0c99-480d-896d-85f22ba98bdc.rna_seq.augmented_star_gene_counts.tsv	6198be5fe32d072adf239647246d5f2a	4251391	Data Release 46.0 - August 10, 2026
expression	330a912b-ae31-4a54-8611-f32b098ba946	0f89d64f-bd06-445e-a788-20670ccca558.rna_seq.augmented_star_gene_counts.tsv	dfa579563d24e2ef26f97ccee20b5ed4	4247139	Data Release 46.0 - August 10, 2026
expression	ccb3a294-e4b3-439a-b168-18c3ae05d3b8	ec029899-15b9-48e6-a716-c3093ac6167b.rna_seq.augmented_star_gene_counts.tsv	e8a9de02ce4aa12689413bfe44609ac8	4228709	Data Release 46.0 - August 10, 2026
expression	489b2714-26c8-4889-9ca9-378957da1a6c	2729fb2c-5d3d-42c7-b60e-8fc166e35f73.rna_seq.augmented_star_gene_counts.tsv	5cf267af0d66215bbd588040dac39ca6	4200392	Data Release 46.0 - August 10, 2026
expression	66b1f91a-937c-4e1f-b4ab-07d1ef9fe1db	94b39932-9777-4fdc-b56c-65c3c3e11053.rna_seq.augmented_star_gene_counts.tsv	6222c0a06514a48a6afac961b365bfd9	4243348	Data Release 46.0 - August 10, 2026
expression	572fb090-3796-4170-829d-7b77c1e8127d	09d935a2-a969-4c13-a3ee-8905644c1a77.rna_seq.augmented_star_gene_counts.tsv	0e80e73a36b2bc803bbd5e1d86c467c8	4236188	Data Release 46.0 - August 10, 2026
expression	6d560c49-6d99-467b-b2a9-5d236eff9f87	1f758d8e-3f2c-4f10-b80b-ce3daba6e0d9.rna_seq.augmented_star_gene_counts.tsv	d458195254e53c4ddf9185fd4a1368e6	4260164	Data Release 46.0 - August 10, 2026
expression	e0ab8fc2-a369-4e2b-a07a-67794bf6955b	ebf6fd51-b536-4d85-896f-8b14e2394583.rna_seq.augmented_star_gene_counts.tsv	08b408d9b2370c9ca0b4d04d6a15034a	4237472	Data Release 46.0 - August 10, 2026
expression	54813ceb-f5c7-4c62-8b0a-047145bb6bae	470b4dea-6773-4a43-8c72-0ca82fbab681.rna_seq.augmented_star_gene_counts.tsv	daf165ea9b2c6078d7734fc8df2f614b	4263713	Data Release 46.0 - August 10, 2026
expression	4a2da9f0-b75d-466c-b9f0-2e910ee24365	2cf32f8f-0698-453d-a96b-c66a48617d2d.rna_seq.augmented_star_gene_counts.tsv	ec34e29f6cfe1b0f5278024c0202fccf	4228585	Data Release 46.0 - August 10, 2026
expression	152893a4-2d02-4941-bbe9-eb038cce9ef2	9de0347a-a669-400d-93f7-d471527e05fc.rna_seq.augmented_star_gene_counts.tsv	00d5b55c47a76c9ba2cfdaffdfbf987b	4240819	Data Release 46.0 - August 10, 2026
expression	2d6da3de-d9be-4037-9fd7-e64d5c91ba1e	a3f7a66c-4b4a-4264-848d-8a2e1293ea8d.rna_seq.augmented_star_gene_counts.tsv	df566522d08112c103415edaa5ffbe36	4247923	Data Release 46.0 - August 10, 2026
expression	c0d545e4-ab23-41f8-a29f-7a9df01c4abd	0090732e-6960-4e46-a400-61a16c810afe.rna_seq.augmented_star_gene_counts.tsv	714a2bd5a21e0f466b269c5fda9d1974	4254915	Data Release 46.0 - August 10, 2026
expression	fd493a63-08fb-4076-8b3c-f443dc4bcb0b	66ff9376-212d-4048-868f-964036ba3903.rna_seq.augmented_star_gene_counts.tsv	7f905874f72b9ccf5ea6318667f4c569	4248731	Data Release 46.0 - August 10, 2026
expression	e44dbaa1-6ef0-48ba-bf0f-3cfa502cbd14	61b5d1b4-7126-4b3d-b469-7a532f55f61c.rna_seq.augmented_star_gene_counts.tsv	614056dbb7506ac0ba03391e8f119346	4240702	Data Release 46.0 - August 10, 2026
expression	9b794c4e-3176-4cdf-b59b-2b1a13bd603a	544d8dce-d2ab-4680-9b43-138b3c7a85c4.rna_seq.augmented_star_gene_counts.tsv	824d4af362dce8ed707ea0732f07b976	4243751	Data Release 46.0 - August 10, 2026
expression	a41454c8-c8c2-4d33-9ff8-402fd89d2163	16bee60c-36ed-491a-8a93-fe2cbdaad11e.rna_seq.augmented_star_gene_counts.tsv	765b8727558b775dd762b6248277643a	4261170	Data Release 46.0 - August 10, 2026
expression	6d47118e-cd8a-4d75-970f-2f0f3aff712c	c2d35a69-8954-4316-a4d7-37ed64d6e85d.rna_seq.augmented_star_gene_counts.tsv	fdec78a51cbd21b5adfd0f4ae3aa0cda	4248433	Data Release 46.0 - August 10, 2026
expression	12e9affd-cc06-49d9-b485-47e7034be973	fb7d8768-9749-4d8d-a50b-384c5a726b57.rna_seq.augmented_star_gene_counts.tsv	eec99ac71f0312fbef8c6988606b232f	4247777	Data Release 46.0 - August 10, 2026
expression	41954992-a111-4fbb-b6e2-d5ac8f564bf6	3e6f757e-efc5-414d-ae8d-5e4e0278ebe0.rna_seq.augmented_star_gene_counts.tsv	3a176d8b18770113a02b643d0ace68c4	4229691	Data Release 46.0 - August 10, 2026
expression	5f006edb-0f66-45eb-9a36-e31bbcdf8147	b0618ea2-708e-4dc4-ac9f-afd267a08863.rna_seq.augmented_star_gene_counts.tsv	152ab4f4383d97d5179fb9e4a9536c05	4232214	Data Release 46.0 - August 10, 2026
expression	f43cfd22-5e58-4369-9ea0-a0b6cc63a7db	0fbbba07-b97b-4e50-b768-d3f4ec578a96.rna_seq.augmented_star_gene_counts.tsv	d77fe96bd08d9fba38bc23ded62cb343	4243075	Data Release 46.0 - August 10, 2026
expression	1be72033-3da7-4266-9b58-2fff2dbaa48b	eedd5d50-066a-41d4-a0ba-4348ea680bf2.rna_seq.augmented_star_gene_counts.tsv	f47050d9977f53c521a98e2f97cf4193	4231976	Data Release 46.0 - August 10, 2026
expression	363d5bdc-23e6-40b0-929c-0805d86471eb	8ea9d251-2a7d-4e6f-b262-fdbf17702c39.rna_seq.augmented_star_gene_counts.tsv	fe06d823c832227901ff55be425452f7	4248450	Data Release 46.0 - August 10, 2026
expression	d4afe781-4959-40a7-8556-b60a150ea6b0	bd753feb-44bd-42a7-925f-397159aaec9f.rna_seq.augmented_star_gene_counts.tsv	b7331ea0ec27ae4277d8479eb7b68a34	4230287	Data Release 46.0 - August 10, 2026
expression	24ec3d48-d4c2-4f0c-b188-87ebc1f3123e	9453eb6e-d3cf-4030-8eb3-cff627903c1a.rna_seq.augmented_star_gene_counts.tsv	7dbbf5fabaf369e4d233942341827227	4245450	Data Release 46.0 - August 10, 2026
expression	343ba69a-e983-4966-9084-3bf576a08701	e4f0b08d-a91e-4adb-ba40-b91047da3a33.rna_seq.augmented_star_gene_counts.tsv	f5d5f540de4e0f850c815996a2bf38ec	4245492	Data Release 46.0 - August 10, 2026
expression	c59faf4c-0b9f-4c20-acd2-0804a8c9d96c	91809cb1-8d57-40b3-a6b4-6fb01fa0f889.rna_seq.augmented_star_gene_counts.tsv	023ee521ef9d6becaea8c4195149d37b	4231075	Data Release 46.0 - August 10, 2026
expression	7f6b6886-84b6-4cb9-8b01-b2d10f55b8c9	91ef4b66-e9a9-48f4-a647-4a3e51805951.rna_seq.augmented_star_gene_counts.tsv	effe8eefc7a595459daf7834b984d24e	4229371	Data Release 46.0 - August 10, 2026
expression	b9015212-73c0-4247-9848-95ac288ffb3c	33aef257-2e86-4ee3-8d3f-e48ff0e714f3.rna_seq.augmented_star_gene_counts.tsv	268d7e59070bdf3fb7f3b242fbd8adab	4241858	Data Release 46.0 - August 10, 2026
expression	c55cb5e4-8428-4a52-9a84-101b6e823265	22743fbf-493d-4adb-9130-632882dfae03.rna_seq.augmented_star_gene_counts.tsv	9c2090f924c7b9a86438f84fe55d8efc	4256935	Data Release 46.0 - August 10, 2026
expression	1eb01cfb-4b8b-472b-a20b-61239ad14ab6	d3cfb40a-d28c-4202-9fc7-2569dfdd64d7.rna_seq.augmented_star_gene_counts.tsv	18a403720e466264a45204cf808d163a	4240767	Data Release 46.0 - August 10, 2026
expression	77cfb44f-6e99-4c0b-bd54-6ab249fd54ef	65dac5c8-ea5a-4ba4-932f-bf60a83cbe86.rna_seq.augmented_star_gene_counts.tsv	c0ba213ae8eacd7bfa31c41000c5f7e3	4249237	Data Release 46.0 - August 10, 2026
expression	62482815-63b6-4df9-8698-44a2d5cdafaf	3a3c4890-7697-47b1-9ecb-06bebfde7159.rna_seq.augmented_star_gene_counts.tsv	d522f3c93ddd582c1125abc55275a4a3	4242371	Data Release 46.0 - August 10, 2026
expression	451091ae-1364-4e63-b2c6-82e72aae9458	74a834ab-a968-463b-9cb6-4c9504047eac.rna_seq.augmented_star_gene_counts.tsv	1b6fdfe2b19f80ef9934bedbc4c17d1b	4243981	Data Release 46.0 - August 10, 2026
expression	51a2c5e1-ba04-4178-a5b0-0ac50c870c4e	4e762ebb-963c-4a44-b239-5d9e4d699fad.rna_seq.augmented_star_gene_counts.tsv	74ca764e4310a9ce437f4748cf21c618	4233491	Data Release 46.0 - August 10, 2026
expression	fb185dab-f274-4565-ba4a-223e5d629310	700eaa67-e398-45b2-a71c-06a10777891a.rna_seq.augmented_star_gene_counts.tsv	0bff982aa0ef19168a978ddcefab7a3e	4234245	Data Release 46.0 - August 10, 2026
expression	8e4576b0-ae52-47fa-b4a0-eaaed1fefcd2	3cc8533e-836e-487b-abe6-c9b755921fab.rna_seq.augmented_star_gene_counts.tsv	936674fb2f90f096f52975ae94bae435	4244173	Data Release 46.0 - August 10, 2026
expression	6b9f9688-4bd2-4e54-9744-ac31665650b2	c2f8f5ae-8aa2-4101-9da6-6ab3d605f892.rna_seq.augmented_star_gene_counts.tsv	bef36bf4555ef70e768a8706924f25f6	4235801	Data Release 46.0 - August 10, 2026
expression	fd3d7a82-a316-4df0-9d84-409cb12eb9b1	2566c5d1-9143-495a-944a-c62939c75cfa.rna_seq.augmented_star_gene_counts.tsv	3a9312380d05759a3c9a23bc63f2e202	4246744	Data Release 46.0 - August 10, 2026
expression	f41b182b-f528-49bf-9d7e-912614796b77	b1f681a4-fef8-4359-afbd-ccf43e262bb1.rna_seq.augmented_star_gene_counts.tsv	43709f3a70677f4fb62d717b243eba16	4244349	Data Release 46.0 - August 10, 2026
expression	f7cb60c9-cede-46db-9266-b1437cd06a48	1f52d834-9256-4c54-b23c-d026af9d25e2.rna_seq.augmented_star_gene_counts.tsv	cd2a61ab2819eddadd11efbd8527f864	4250256	Data Release 46.0 - August 10, 2026
expression	421291fd-adda-42ab-8574-209da13d33a6	12ebe3f6-41f7-4239-a6b5-325c33468eca.rna_seq.augmented_star_gene_counts.tsv	af06925009a343343655d5f1f3609b1e	4239579	Data Release 46.0 - August 10, 2026
expression	158ed2cd-7be5-4191-89b6-0d034a6426c1	84c9a188-9500-4f03-b0be-c0bdf5b2d19d.rna_seq.augmented_star_gene_counts.tsv	ba7d12cc724267a38c8b990d06cbf994	4234602	Data Release 46.0 - August 10, 2026
expression	d7b28bbe-cf7d-4634-8a48-f42d58be4a55	d3581b20-8dd6-4939-b4be-7fc6adaedffc.rna_seq.augmented_star_gene_counts.tsv	61b1c2dd0cbf84bb45cd19f7c2794da3	4245464	Data Release 46.0 - August 10, 2026
expression	41cc637e-36ce-4e10-8175-f24909ff0472	87ac9e43-f50d-432d-9fc1-929f1eb8cae7.rna_seq.augmented_star_gene_counts.tsv	18b89aa2a126ff867a271d53649171af	4242354	Data Release 46.0 - August 10, 2026
expression	c2bbfd1c-59bb-42a8-8987-1d36865ec762	66ff55cf-f1a5-46e7-aca6-22a5d659731d.rna_seq.augmented_star_gene_counts.tsv	358ea25b1d219d8f41bf51a8016629ba	4253858	Data Release 46.0 - August 10, 2026
expression	86e14130-79ee-4cbf-8328-3dd9c65d61dd	d0b56d64-2260-4e42-a6d0-ffafaeb289e5.rna_seq.augmented_star_gene_counts.tsv	f4c88f82c75e3f9b7f695851a8b1f99f	4237013	Data Release 46.0 - August 10, 2026
expression	2e4b4712-a733-4599-8119-926aa5934be9	8db02654-0d3f-4fac-b5f3-2550160dba5e.rna_seq.augmented_star_gene_counts.tsv	e7b74295b2e91209845818d4a0b1aab5	4248049	Data Release 46.0 - August 10, 2026
expression	8d116906-c391-48f2-9eb4-94945197d90b	00d95185-c29a-4c70-b5d3-dc0b9efc24fe.rna_seq.augmented_star_gene_counts.tsv	41a814ffbca2e6e66f326d612b642181	4246861	Data Release 46.0 - August 10, 2026
expression	7a16bbe0-eed5-45f2-8400-8874924a6eda	d278e333-b5e0-4ce8-9511-6c31d29c8957.rna_seq.augmented_star_gene_counts.tsv	c26189706ec06be691b989635c9d744f	4206578	Data Release 46.0 - August 10, 2026
expression	743a0026-5df2-4a13-8abf-aa45798ec131	a6ada133-ba5e-4d1d-ad3c-e315b44d3e79.rna_seq.augmented_star_gene_counts.tsv	35c1952ceb3953bae8a86664cf55cc51	4232517	Data Release 46.0 - August 10, 2026
expression	02f13d48-a03a-42e8-917d-e5d9025e2898	c56a5910-5ae3-434a-9093-a4b264a644fd.rna_seq.augmented_star_gene_counts.tsv	13f0fc182ec59658b3dc2f039067767f	4246134	Data Release 46.0 - August 10, 2026
expression	056c67e7-03b3-40cc-8c19-d6938ad634aa	343ac8e1-8afa-4e36-a373-ca28c3e7a713.rna_seq.augmented_star_gene_counts.tsv	ec6467578450ff189def10b0fad52215	4240709	Data Release 46.0 - August 10, 2026
expression	375080ea-cbbe-4dfb-8da3-cbef10418a2d	e802e3da-f1a3-42e2-97c2-ed8d29a57210.rna_seq.augmented_star_gene_counts.tsv	78dd4fdef60dc6735536be00ef63454e	4244999	Data Release 46.0 - August 10, 2026
expression	dcead401-3e21-4718-9ce1-863177be3f10	288cad88-f92f-4e58-824a-7c352838643e.rna_seq.augmented_star_gene_counts.tsv	6d07c41e96dcfa68c6bfc01a3c58c3f4	4250693	Data Release 46.0 - August 10, 2026
expression	5544a704-6f67-4c0d-b4ad-9becaab27512	cdb18792-38d4-4f6d-9229-e63ad796c704.rna_seq.augmented_star_gene_counts.tsv	705d70c26fee6dd76ea961c2127585c1	4246828	Data Release 46.0 - August 10, 2026
expression	99ad8f7e-a32c-4fbc-af00-8765d524cd73	6a8e01b5-1f73-43b6-b26e-0ce39242b628.rna_seq.augmented_star_gene_counts.tsv	dbb4c984ff2fe59ce40fcece282e459f	4251551	Data Release 46.0 - August 10, 2026
expression	636b709e-402e-4c0c-8ee3-a5dff383abfd	0c5b632c-cbe7-4267-826e-effd601cbd98.rna_seq.augmented_star_gene_counts.tsv	f772575cf3298e12a47e45da719303a8	4231965	Data Release 46.0 - August 10, 2026
expression	81cbdf35-12a2-435d-bec9-0f52c47f7a0f	7c51fb1c-73f6-4a42-ad83-ef1b1e780733.rna_seq.augmented_star_gene_counts.tsv	792227ede24862173237ef3edad0dc3e	4230092	Data Release 46.0 - August 10, 2026
expression	5f2edb2e-9b7f-44d6-af6c-ff958631cf6a	26de8d84-baea-40ed-8187-aa61aa31b2fd.rna_seq.augmented_star_gene_counts.tsv	9beb4755a890a8e006f5f5547252eb5f	4242479	Data Release 46.0 - August 10, 2026
expression	572cfe32-d1b4-44f7-98f4-a9079f3e376c	e0dc37ca-8fb7-470b-b899-4ac49c4bf190.rna_seq.augmented_star_gene_counts.tsv	d542c381b4807966b4885117b06e8999	4235543	Data Release 46.0 - August 10, 2026
expression	8e10e799-ae5c-49f7-a249-2d16d796066c	dfd48886-e56e-4361-b080-342e1ff7e84a.rna_seq.augmented_star_gene_counts.tsv	17136e79ac427d833c136dde3e99e05f	4247842	Data Release 46.0 - August 10, 2026
expression	b81e79c9-7f6d-498c-9591-2b7e8b3bc466	33da1573-ffd0-41e0-a3fa-65c08b86d8e3.rna_seq.augmented_star_gene_counts.tsv	ef99befaf4e76998c644f77c9ed41aaa	4250636	Data Release 46.0 - August 10, 2026
expression	b4499ca2-b2fa-430b-95f5-8d1e2ca14dc0	5132a9e4-cf46-40af-ad41-64e936920827.rna_seq.augmented_star_gene_counts.tsv	1d5492fd5e67748ad4918ed2dd634320	4245237	Data Release 46.0 - August 10, 2026
expression	466888ef-7b80-471e-822c-bf355ef474b8	c61e31b4-5c74-4d86-97cb-16be49b8a5b1.rna_seq.augmented_star_gene_counts.tsv	fe1c708b1490ac68b7d04ededbeebb16	4256508	Data Release 46.0 - August 10, 2026
expression	52258ebc-d3ba-4795-83c9-6457386fea2b	4ab7d102-f5eb-4922-be66-9b516bebaf0a.rna_seq.augmented_star_gene_counts.tsv	5edb1e6e13001e9a285fbac3c6e23860	4250513	Data Release 46.0 - August 10, 2026
expression	7f16d20f-07e2-4901-ae00-4da70125e8a3	0cf6e899-af6e-44ac-a6c7-5f3fa68ea255.rna_seq.augmented_star_gene_counts.tsv	d6c74042c47065e9065bbf3ec9516c8c	4235987	Data Release 46.0 - August 10, 2026
expression	ac6da4db-868b-4b98-9c12-4c1930d08a5e	7bc968a4-4469-4318-882b-420eeb02b5d1.rna_seq.augmented_star_gene_counts.tsv	216734d3d8fe91d5535d67e19b2e52f1	4229550	Data Release 46.0 - August 10, 2026
expression	dd7f3972-e7c6-422b-84ed-a8038645a52b	56a452e7-275e-45ed-957d-70f49a1291ad.rna_seq.augmented_star_gene_counts.tsv	46896509dcfe11cf9c396c3935615d97	4261084	Data Release 46.0 - August 10, 2026
expression	843f5279-d6a2-4616-a3e7-985f26247cc7	35632244-558b-434f-8b94-b00523ee731a.rna_seq.augmented_star_gene_counts.tsv	e3df0e1e3b44db17cfc4e7bf2e18e4f1	4243845	Data Release 46.0 - August 10, 2026
expression	3ce8971c-7d06-4da7-af07-efaf4c9f6a75	742a828a-1f14-422d-97c7-1fa496c6da2d.rna_seq.augmented_star_gene_counts.tsv	f1bc48b871a0b45c52c85c826f43388b	4240144	Data Release 46.0 - August 10, 2026
expression	2562285c-fe56-4011-a9e9-9e17bb78becb	bbedd02c-32d6-462d-9c08-280626ff0d37.rna_seq.augmented_star_gene_counts.tsv	e20923911b4a15046aedfd3b5fb1c584	4237298	Data Release 46.0 - August 10, 2026
expression	39fd293e-c269-4de9-ae9e-4e68f8c20897	54386366-8d10-41b7-98b1-86d861669157.rna_seq.augmented_star_gene_counts.tsv	abfc8f1546e82a435d65aa89fbf706e4	4241846	Data Release 46.0 - August 10, 2026
expression	3c7b458e-ecca-4d6a-b1c7-48152e184c0b	469940c4-270b-4ea2-b341-b211ceb54eac.rna_seq.augmented_star_gene_counts.tsv	c3445bcb0693cd8fe5904d98784ad91a	4257980	Data Release 46.0 - August 10, 2026
expression	53a4f1ae-7669-4580-b054-0a5b58e76520	93e371ff-7d30-46fc-bd9a-23cf8db80cb8.rna_seq.augmented_star_gene_counts.tsv	ac34b5864817dc211d24781c445aa83d	4246480	Data Release 46.0 - August 10, 2026
expression	f1aa53c8-fb44-431d-9bb9-ba7647cd9ead	1e2a58d2-411f-4f24-812d-5e58483f61a3.rna_seq.augmented_star_gene_counts.tsv	44b1f92b6b5fa456a15913763ed89c7b	4265570	Data Release 46.0 - August 10, 2026
expression	b98e59fc-120a-45c4-aade-3b59ca4a1a86	c276c214-acd9-44b3-b932-971c77c4fa91.rna_seq.augmented_star_gene_counts.tsv	cc0e6c36dde0716ae05462d176e3ff6c	4243885	Data Release 46.0 - August 10, 2026
expression	f13ca22a-ad44-45c0-806b-678bacee6135	1a012c07-15ee-4457-8ce3-5be03de22f94.rna_seq.augmented_star_gene_counts.tsv	aedd89866210275cffa5e459a9b017ea	4245288	Data Release 46.0 - August 10, 2026
expression	a5dd6162-2bca-4bbb-a068-94d122a52cc5	25b02484-448e-4e54-b072-794ad0aa938c.rna_seq.augmented_star_gene_counts.tsv	c84fa468717a6964e95f0f393dd0be04	4239697	Data Release 46.0 - August 10, 2026
expression	2693e892-e285-4d51-b84a-7498437b6956	7a0d5bd0-e053-4438-be82-dc4be659f020.rna_seq.augmented_star_gene_counts.tsv	87df1b4628fcf2edfab986cbadb70e3f	4253328	Data Release 46.0 - August 10, 2026
expression	16349fe9-a2c9-4577-8b34-6761dd22ee61	ef92fd44-a351-4d89-b39f-3e56f54ea86f.rna_seq.augmented_star_gene_counts.tsv	81feb4f6bbee1aa479597bf0ebeabe51	4246620	Data Release 46.0 - August 10, 2026
expression	61e2977f-ac86-4a5a-819d-3fba1af9253a	863db1ca-ce1d-4e62-b81a-0282b832447f.rna_seq.augmented_star_gene_counts.tsv	b64e79e390e59621cd83a4d63ed50739	4241349	Data Release 46.0 - August 10, 2026
expression	8c4bd061-8371-4313-bfdc-1b2213daea12	d85f1c60-f3f3-4355-9f31-6c0e5d53360b.rna_seq.augmented_star_gene_counts.tsv	d05bd7184ee897638c099a331715b669	4251244	Data Release 46.0 - August 10, 2026
expression	160f9fb3-e1e0-4f32-ab86-9555e838a0a0	b0e4b742-75f5-4270-9180-8c55f1cdbef5.rna_seq.augmented_star_gene_counts.tsv	f7ee091a5d06cd76b85edb84d8123c04	4249555	Data Release 46.0 - August 10, 2026
expression	6ae1ed76-5b6f-41a6-917b-cc713f874a03	b8e400b0-9d4f-426d-ad7f-8083e182ce95.rna_seq.augmented_star_gene_counts.tsv	b28f182b4cca13e1c600730d8ba36e44	4238890	Data Release 46.0 - August 10, 2026
expression	de6772b8-dd18-4584-880e-b4080e2e0f8d	5ef92df8-2f33-4cb3-9270-bc3e89b0b1c3.rna_seq.augmented_star_gene_counts.tsv	fa6549d7b129d66b36ab80f7f1a0c932	4261538	Data Release 46.0 - August 10, 2026
expression	83395208-40ec-4a57-a3ea-5f9dd8491998	863d3b39-5c73-4638-ace9-7206d6e00d43.rna_seq.augmented_star_gene_counts.tsv	bbbf5224e2bb7629ac0a6f7b0d94c7f5	4255921	Data Release 46.0 - August 10, 2026
expression	61894bd0-9fdb-4bb1-b32c-f52dbc10c850	1e28caa3-197f-4deb-95c1-f6d8a41756ca.rna_seq.augmented_star_gene_counts.tsv	b3e0ce9b0e25e7857aaa86accc93dfb2	4238585	Data Release 46.0 - August 10, 2026
expression	1fbf38d0-bc11-4d81-81a3-2a558afa4db5	e7ecb3a4-a955-4aba-a369-7c21e85779ab.rna_seq.augmented_star_gene_counts.tsv	7171d99b84dc41917dddbde2c315d2c7	4244395	Data Release 46.0 - August 10, 2026
expression	1d4c5088-5f7a-4ac9-8a04-46288af80215	fe5832d5-4e3e-4f0a-b31d-1c3f97fa821f.rna_seq.augmented_star_gene_counts.tsv	60cadecf3571f2fdcdae72d60b6b4c06	4228696	Data Release 46.0 - August 10, 2026
expression	07b09d0e-fac2-42a7-9cac-ac1e38a92298	e7da171a-02e6-4369-a961-885bc2f7e0ba.rna_seq.augmented_star_gene_counts.tsv	b42e322a2ee3afc2f59467f9acf2519e	4238090	Data Release 46.0 - August 10, 2026
expression	ceaf66d6-7fcf-47d6-ae3f-99323057c910	33dfa933-8daa-44a1-8c7c-cf3335dc8275.rna_seq.augmented_star_gene_counts.tsv	1ec78a7c0e4909c112f0e04f4820beb5	4256277	Data Release 46.0 - August 10, 2026
expression	7bb02e2f-67db-4527-959a-4f38da4edd7a	c6548d55-538d-49fa-a1f7-485915ee8f4b.rna_seq.augmented_star_gene_counts.tsv	d8eecb6d3a8f2f4794d25003d0934025	4243994	Data Release 46.0 - August 10, 2026
expression	eeb522fe-ab63-4e1f-b2cf-de74af6b64f2	7c73fcc1-2a68-4c8a-ac89-0c16875e4724.rna_seq.augmented_star_gene_counts.tsv	6413eed189103bc2f7f5ae6dad31f358	4240863	Data Release 46.0 - August 10, 2026
expression	2b393323-81e3-49e2-9acd-18eb8ab0c563	d96fc441-a213-4f24-b2b1-a23d63883532.rna_seq.augmented_star_gene_counts.tsv	1ad92ea205ed7df4163dfe60ad5e57df	4229140	Data Release 46.0 - August 10, 2026
expression	c68fded5-978b-4d7a-9077-89c2c6b35f47	569b828a-c2a7-4131-94f7-585f07b06e97.rna_seq.augmented_star_gene_counts.tsv	c85942e1b6f07ae3806fd7ca7c5c6462	4245371	Data Release 46.0 - August 10, 2026
expression	d9735236-6587-4453-8c8d-2d39ca495cce	2bd9d548-4ddf-45d0-8830-f4c076bebdf9.rna_seq.augmented_star_gene_counts.tsv	5ede35856721b310dfc480100ed00b6d	4243224	Data Release 46.0 - August 10, 2026
expression	304948c1-e699-44b0-814d-defc3a1119f3	02ea1ad2-181d-4357-a895-2754436c31d7.rna_seq.augmented_star_gene_counts.tsv	d775c4c42df21d51a73bea019ec4923d	4225009	Data Release 46.0 - August 10, 2026
expression	d6ad13eb-3ed8-4b4a-ac50-37061cf8236a	b2de4a7f-7e10-4b71-a681-baa48aeaf514.rna_seq.augmented_star_gene_counts.tsv	a83ca2f81d622039db55e15403fdf63e	4211445	Data Release 46.0 - August 10, 2026
expression	80bd1a2f-c729-40f3-b50f-8a3b766e0231	c80995bd-d6b7-4780-8a1c-486234f12313.rna_seq.augmented_star_gene_counts.tsv	0bee1adcda25dd6188b329372a8fbaad	4239684	Data Release 46.0 - August 10, 2026
expression	6d481b79-8322-4ac0-93ba-aaa34fd41ed9	a0b36c13-f9bc-4067-81ca-229299667745.rna_seq.augmented_star_gene_counts.tsv	30f15cf57d3b02aa709a997b96c308fd	4226410	Data Release 46.0 - August 10, 2026
expression	09c297be-f824-4a0b-ae20-57ecf089a7d5	4b03eb21-6063-4248-8372-d06c76047db0.rna_seq.augmented_star_gene_counts.tsv	2faf6ad493738ec94388f937c3f48596	4247283	Data Release 46.0 - August 10, 2026
expression	7560bd39-ffd0-45ae-95c9-451bccc8ccc4	0b4d3e72-85b5-4c23-9dbe-bff0bdbc5d43.rna_seq.augmented_star_gene_counts.tsv	880ccf67696a83b61693bd5b30ed8c26	4242011	Data Release 46.0 - August 10, 2026
expression	a57d26d5-0255-4bd1-bcd6-ebfb9d35055d	6a376f41-b8f4-4a0e-aca6-89dd33f4baff.rna_seq.augmented_star_gene_counts.tsv	c4de191f62ecbc69cff45bffc60c6ccf	4216125	Data Release 46.0 - August 10, 2026
expression	486f1d07-6c9a-445d-b603-129238a55dbb	0c4b52ed-af53-4fcd-87b4-8e16bcb1eab9.rna_seq.augmented_star_gene_counts.tsv	14dc1ff2bd5c14d426aad58263c699c4	4233004	Data Release 46.0 - August 10, 2026
expression	fae1f158-5990-4e7c-90a9-f33fe8be8753	d468fd85-1ccf-44a4-b9ea-1640137d8f62.rna_seq.augmented_star_gene_counts.tsv	51f5f1a92a52d7c22df1c55b43afe3bd	4250500	Data Release 46.0 - August 10, 2026
expression	0558db50-149d-4b8f-9994-4e0c3451ae8e	cb638ca1-8f91-4e47-81d3-f340bb2f06cc.rna_seq.augmented_star_gene_counts.tsv	435366bede0b493c1d437a53a1467071	4230781	Data Release 46.0 - August 10, 2026
expression	1b70671f-61a5-4a23-ab6b-2120e80d1698	6e57f7b0-a3c6-4d46-ae9d-44d6a26a82a5.rna_seq.augmented_star_gene_counts.tsv	53f16b867ef4f1383773d61f133f5f21	4241717	Data Release 46.0 - August 10, 2026
expression	3dff6d1d-98ca-49b9-a6e4-5a4da59fb2f8	12debe80-71c0-43a9-bdf8-a859a57a9638.rna_seq.augmented_star_gene_counts.tsv	aaf89664d561aa7f525070f3ce934d45	4240147	Data Release 46.0 - August 10, 2026
expression	cbe040e0-9ed9-4af4-a177-392a0b63a40b	b7638728-f287-4ec3-a3c7-a78b1f8825e0.rna_seq.augmented_star_gene_counts.tsv	25a2bb74f5b49555ab17a0e6b346fb36	4237168	Data Release 46.0 - August 10, 2026
expression	52f4db86-9951-464d-a9c2-520a3681a9a8	527340de-0762-4d46-a004-9881b73bacc8.rna_seq.augmented_star_gene_counts.tsv	bf4ff229aa8f2f1cc7cae5d7e36bc8c8	4245695	Data Release 46.0 - August 10, 2026
expression	d07320f0-36a4-4dab-83bb-faaaf21a2bcb	f9d2e820-d505-4140-a3a4-d5075538640d.rna_seq.augmented_star_gene_counts.tsv	0d20450465b350ca9c0f74dda49fb77c	4238723	Data Release 46.0 - August 10, 2026
expression	e0999ea7-e0c9-487f-b8a7-3eda87ab8601	297e8576-6af1-4f8d-b709-a14355728c0c.rna_seq.augmented_star_gene_counts.tsv	311a19eb7034eb2dc3c4522bc04e52c7	4241575	Data Release 46.0 - August 10, 2026
expression	d5c03bc2-fb49-457d-8445-f8177008554b	ffbdc67f-4167-4519-b0f3-7376413957e7.rna_seq.augmented_star_gene_counts.tsv	5213cafc0efe8814fee82a2d33632e16	4224148	Data Release 46.0 - August 10, 2026
expression	bbb17751-e367-45a2-b561-9607d02d03c3	f09af03e-597b-4a6c-bd12-20c5d9ede033.rna_seq.augmented_star_gene_counts.tsv	20c9fcb5e68f0d9901387468883a879e	4244304	Data Release 46.0 - August 10, 2026
expression	4d9d7601-1c03-422d-8dc1-1857593c49a5	96e2892d-515f-4412-8f4a-5947028dde90.rna_seq.augmented_star_gene_counts.tsv	78ab13d51d3c0a273c7b953bff2e45d9	4238797	Data Release 46.0 - August 10, 2026
expression	cc455312-98ef-40a7-b2f6-6ee31380b06e	c3fa5261-0033-4ceb-a9ef-d33455c0f302.rna_seq.augmented_star_gene_counts.tsv	7e634e351000baee41b5d879966a8ead	4222566	Data Release 46.0 - August 10, 2026
expression	80a63e36-0f14-4d11-880b-c9c425034d5b	7f61f0f6-bf10-4119-96ba-7a92017bad6b.rna_seq.augmented_star_gene_counts.tsv	155e8bd2b5b7ab04e51d5efe1694caad	4248237	Data Release 46.0 - August 10, 2026
expression	c830413d-ad40-4e2a-b2a5-56407eed5ca3	8a72f375-c293-436a-b03c-24d2e2e134a1.rna_seq.augmented_star_gene_counts.tsv	08fc598d06862e21c594d46e9a7b87c8	4251073	Data Release 46.0 - August 10, 2026
expression	3f22ab0f-057b-4d34-8722-63ec8c8d1d33	b7a978df-db12-4e0e-a720-0a03f753d239.rna_seq.augmented_star_gene_counts.tsv	b958502700aad7ed80d174e7afd94719	4221758	Data Release 46.0 - August 10, 2026
expression	cce6300b-bad4-411f-912d-7cb1d9fb9733	3125a35d-7ba6-4171-a7c8-d8ac7e7d2a28.rna_seq.augmented_star_gene_counts.tsv	030814f294345d5003f6769718ab2a0a	4248912	Data Release 46.0 - August 10, 2026
expression	edf83523-a278-4657-88f9-230494fae0b9	cee42193-cd5a-45c0-9563-1dc461a6974c.rna_seq.augmented_star_gene_counts.tsv	2a82c605bc042f7c648b427e57965a51	4255547	Data Release 46.0 - August 10, 2026
expression	ee7ecfb9-1ec5-4553-ba37-19c2b5f0da0f	8da80836-efa4-4ee0-9809-02459a4cf833.rna_seq.augmented_star_gene_counts.tsv	e8d1eb99482edebebe8601c0c89384dc	4246014	Data Release 46.0 - August 10, 2026
expression	637c8c48-42f9-43d7-8281-c014f4170109	68dea349-39d0-4140-a458-9ce5b5835105.rna_seq.augmented_star_gene_counts.tsv	9262a17aae69e23b932b326a8ac8a8f1	4227409	Data Release 46.0 - August 10, 2026
expression	dcc70515-99c2-4867-b39a-e4c3e3a66430	86f3f0b9-56f4-4239-8162-6d24c108d880.rna_seq.augmented_star_gene_counts.tsv	a77dc465f579f16d8df2a3b547c8e4c7	4249733	Data Release 46.0 - August 10, 2026
expression	8a56004e-52fb-4a5e-afa0-e466ca53d57b	4081a993-2233-4ab8-8cc0-e6967266a180.rna_seq.augmented_star_gene_counts.tsv	c8fc6c82740362ff7cd2d0a28d3c0c67	4247937	Data Release 46.0 - August 10, 2026
expression	39b522e7-162a-42e6-bdcc-a156016b9a81	f96a4c25-e675-451e-8c8e-9548d1355318.rna_seq.augmented_star_gene_counts.tsv	399ef377f1bba5bf2668353b550308c3	4235331	Data Release 46.0 - August 10, 2026
expression	1c5ca894-35e2-40f0-9d1a-38d25f6d6d78	ffce7349-cdf4-48b0-9238-da324d638e95.rna_seq.augmented_star_gene_counts.tsv	572ebb987b219095497086a530224322	4247137	Data Release 46.0 - August 10, 2026
expression	eeb25b36-1272-4092-848e-9807eaed9d4e	eafedf8f-3ef0-4cde-9193-700200f5a930.rna_seq.augmented_star_gene_counts.tsv	19e0a4a1ced7641085465d76d6bb4966	4236946	Data Release 46.0 - August 10, 2026
expression	c0ab320a-1952-4875-af3e-9f30dcc2406b	1f3497e8-96ac-484f-88c7-21f65eab025c.rna_seq.augmented_star_gene_counts.tsv	f3436e16dca6572a554c67c9fe89b753	4241169	Data Release 46.0 - August 10, 2026
expression	369d7929-e499-436c-b1cc-231715d11635	e7993655-5901-4649-8a05-96ad9448369b.rna_seq.augmented_star_gene_counts.tsv	24a2a6833f95d3942641435281e73263	4247208	Data Release 46.0 - August 10, 2026
expression	acf622b2-9d9f-45c4-992d-28165321a955	caa1cdb5-44e2-4dec-a1e2-923173895ed5.rna_seq.augmented_star_gene_counts.tsv	19a4d7c71d9a00f15513754fe82d3b15	4228313	Data Release 46.0 - August 10, 2026
expression	9fc9bcd9-af84-44b8-bf83-f130d247e9a1	087d6f00-a74c-4d15-a84e-f0154760ba9e.rna_seq.augmented_star_gene_counts.tsv	bc56790a967acd532120d03c699f7155	4251590	Data Release 46.0 - August 10, 2026
expression	6a2325f0-0fe8-4fab-8af3-ab89e8aa47f0	5bf57535-1a6d-4417-9963-cb63883eb924.rna_seq.augmented_star_gene_counts.tsv	c68c9227b6cdcaf25b6f60478037ea75	4249565	Data Release 46.0 - August 10, 2026
expression	73b5e567-d5a8-4fe7-b60e-fd4654d56fb5	af515665-ebc5-4825-b331-c6cd92d32a48.rna_seq.augmented_star_gene_counts.tsv	36546cf5851febb5670bb781006c91ab	4233060	Data Release 46.0 - August 10, 2026
expression	4e760e7b-84cb-42ea-9ea9-259abe362af3	4a264576-6740-4319-b96c-f9280b65429e.rna_seq.augmented_star_gene_counts.tsv	5b840db4d25ee92868c8974c756d644f	4244642	Data Release 46.0 - August 10, 2026
expression	e79eb779-6742-452b-87d4-35e67d30de92	27fe2b74-28b3-4279-b66a-89ed2abc6891.rna_seq.augmented_star_gene_counts.tsv	2c4bd1fc352509cbce4dfbc30c3c9984	4245818	Data Release 46.0 - August 10, 2026
expression	828b7513-8452-4541-8576-8c2f66e79892	658d6096-cbc1-4bb1-988a-465b3e54b94c.rna_seq.augmented_star_gene_counts.tsv	239bdc89ace9ccc372c7ca4a10c0f508	4247883	Data Release 46.0 - August 10, 2026
expression	19062abb-b733-43e2-a9f2-81bca6d65a1e	04b616ae-93cd-46c3-9bd5-7f0c9151afd5.rna_seq.augmented_star_gene_counts.tsv	d74f98dd3fb9cb7337a314d5ee80c5fc	4240708	Data Release 46.0 - August 10, 2026
expression	73d97d28-fb60-4380-8ba0-34e79da74af2	fb312dd9-da8b-4190-999e-37cad1d683d5.rna_seq.augmented_star_gene_counts.tsv	9f3a3103d84c175462cdf119e338bdd1	4230543	Data Release 46.0 - August 10, 2026
expression	a810deed-122b-4c57-9d6f-8146c5064712	c7fcc566-c577-4b0e-b2de-f8dabf5d8d66.rna_seq.augmented_star_gene_counts.tsv	030f8f954b7f4829fe6ac8823d7c957e	4226540	Data Release 46.0 - August 10, 2026
expression	00252d7f-e222-462f-badc-b97e8dce2021	5abd235a-829b-4457-8f47-ecd1adab30ca.rna_seq.augmented_star_gene_counts.tsv	b239c31eb7b209a7657430eb632978f2	4240970	Data Release 46.0 - August 10, 2026
expression	c35af344-001b-434d-8756-e410748e8df1	6a3698b3-8d75-4dbc-a2ee-26911899fe89.rna_seq.augmented_star_gene_counts.tsv	e598d7fa40ed507be8a303d5b767b7e1	4249819	Data Release 46.0 - August 10, 2026
expression	52433ea4-d6cc-4d21-a1af-d62c3e9c5d77	53b3c5df-2ab2-4a03-b0af-ef7e2bed6f76.rna_seq.augmented_star_gene_counts.tsv	d27ed8a8f55934e86d8affe9d5fe696a	4240529	Data Release 46.0 - August 10, 2026
expression	07857799-d6eb-4a80-83b5-aad368e6cd3c	fe2ff90c-705c-4322-bcc2-641eb4c14c46.rna_seq.augmented_star_gene_counts.tsv	25cfac37e4c64108f24b4ba0929029f9	4228097	Data Release 46.0 - August 10, 2026
expression	a34f90d2-32b4-44e7-a820-07f3d48823ce	862104a6-f318-4617-8ddb-72c767394ce5.rna_seq.augmented_star_gene_counts.tsv	3df4a704829daa273d9a9de3b1e23fd4	4245380	Data Release 46.0 - August 10, 2026
expression	dab754d3-54c4-4941-879a-dc107def74d8	abd77d33-2cca-43e3-91dc-60eafa9c099f.rna_seq.augmented_star_gene_counts.tsv	55b236a26e2d74bc7eeba48a077e116b	4250253	Data Release 46.0 - August 10, 2026
expression	f007e19e-984c-4c94-b1d0-e4c298d9faa9	de7040ae-3995-4cb1-8f87-a3e4bfb4792f.rna_seq.augmented_star_gene_counts.tsv	670e2ac1877e222380708f97b1ad6734	4231462	Data Release 46.0 - August 10, 2026
expression	e3fc3546-680c-44fa-ac79-918668443800	43837751-a62f-4f01-8eda-dd08e8017080.rna_seq.augmented_star_gene_counts.tsv	35bf598fcfe0ff84f6e9f4f190fc5e35	4220044	Data Release 46.0 - August 10, 2026
expression	fb47d9fc-c3a4-4f1c-b707-4996b5520351	a0736a41-933d-45aa-b22c-c5be570da757.rna_seq.augmented_star_gene_counts.tsv	6b7d63a4f9746e214d67d8a905c53856	4224592	Data Release 46.0 - August 10, 2026
expression	4d986c3f-bde2-4e66-836d-30b701d0781c	bd2fccd5-e584-4616-8962-1f563d2bf36f.rna_seq.augmented_star_gene_counts.tsv	03336ff5248f21c0666163ad207dac61	4257252	Data Release 46.0 - August 10, 2026
expression	512aef07-f542-4aa6-b3e6-8f74ae1ce224	aa29ee77-4fa4-47ef-aadf-b277ba908c98.rna_seq.augmented_star_gene_counts.tsv	4c203d300b0be29e56a1701ad9c8b68e	4241424	Data Release 46.0 - August 10, 2026
expression	61e85059-9ba2-43ba-9246-4731ace197e4	51403924-9524-4de8-ac91-1aad525b8d0e.rna_seq.augmented_star_gene_counts.tsv	e59c5612229d3bc360762f3176c947fa	4247705	Data Release 46.0 - August 10, 2026
expression	8e95a2b4-3110-4dd6-b3c9-b3e83c563282	c6dca0c8-bd9d-4299-9d18-a1054fe15aeb.rna_seq.augmented_star_gene_counts.tsv	7dc2839acf475c95831c3deac1c7a0f6	4248412	Data Release 46.0 - August 10, 2026
expression	7c90bf9b-74c9-459c-9cd7-944ea4535a6d	9124c3d4-eed6-44d5-b38a-ce8646537907.rna_seq.augmented_star_gene_counts.tsv	d8046aab5e7aad6a4c67a888fddd2842	4243654	Data Release 46.0 - August 10, 2026
expression	feb6de8d-c44f-44ca-9583-232511ef54fd	8b530174-351e-4b0f-9255-366675a697b5.rna_seq.augmented_star_gene_counts.tsv	0803e877ff60ec55747d3bf6eeb496f5	4267733	Data Release 46.0 - August 10, 2026
expression	37faaa8d-fcc6-4feb-beae-cfe8155b03c2	ed302602-af2b-400c-9210-af5dd4ca01f5.rna_seq.augmented_star_gene_counts.tsv	4d2aeeba253b10a5c9e071c35ef12ae7	4245781	Data Release 46.0 - August 10, 2026
expression	4f836d31-425e-43d4-8052-5e4a1d770efd	83c40f12-7f21-4198-8912-831f7e7338ff.rna_seq.augmented_star_gene_counts.tsv	deada1aa43c50feb1fd62e657180747a	4250561	Data Release 46.0 - August 10, 2026
expression	213b2ef0-57cb-4fa3-9d56-2bda451006c9	5f580a37-a7b6-495f-b2a0-aea58c4d303a.rna_seq.augmented_star_gene_counts.tsv	185b0af5a48b09be44da0589a9ce59a6	4249459	Data Release 46.0 - August 10, 2026
expression	8ebf5653-96f8-4adc-a251-d8c059d699b0	3ef50760-e801-4f8c-b693-deb0adaa6314.rna_seq.augmented_star_gene_counts.tsv	04d2f060b73dff2cbcdad2d24a1c1c6e	4238778	Data Release 46.0 - August 10, 2026
expression	ab55b80d-abac-431c-bd6e-e5e1ed46210f	d1d3a640-c81d-4636-ae22-cc0e6c1d289d.rna_seq.augmented_star_gene_counts.tsv	a61ab37309c0fd95f59f5cdc7894359a	4257711	Data Release 46.0 - August 10, 2026
expression	a89b3ab8-977d-4c4d-8323-ca8d6df792e4	f1171117-057d-4260-a664-d8d96511c5c6.rna_seq.augmented_star_gene_counts.tsv	025e640273e9a360905db65803448a0c	4251784	Data Release 46.0 - August 10, 2026
expression	e8a098f6-ed3e-46a8-ae16-2f130a5fb715	e153d3a3-b0d6-4658-bb1b-33cd3315d7a8.rna_seq.augmented_star_gene_counts.tsv	64eae6e988107bff5b885c44a786d3df	4241418	Data Release 46.0 - August 10, 2026
expression	cdc162f6-6ee3-45bb-a764-88458b87bf7b	3a5ade10-5fb5-402a-9223-2b4172caf99f.rna_seq.augmented_star_gene_counts.tsv	eefae2917958dda5830ee592117c3663	4220549	Data Release 46.0 - August 10, 2026
expression	72595e5d-dab6-4d89-8332-6b0a599e218b	78fee080-1a9e-4f7b-a6a3-1173ce9cd775.rna_seq.augmented_star_gene_counts.tsv	c907f794203d2c16edf80ddac3492d61	4252345	Data Release 46.0 - August 10, 2026
expression	4488f655-ed4d-44d1-acad-20d9c530f84d	57e4c187-b93b-4870-9b3c-29e8098d371e.rna_seq.augmented_star_gene_counts.tsv	6784166dbc391c92b6e4c564a70426ed	4242682	Data Release 46.0 - August 10, 2026
expression	d2f080ca-6e8b-4b9c-b64d-376ca8a8beed	77b65c25-f82c-4140-9eb1-8f5956cd2e17.rna_seq.augmented_star_gene_counts.tsv	469dc5bc32e73f15edad3724d1791805	4229511	Data Release 46.0 - August 10, 2026
expression	40b17492-39d1-4ce2-8f91-9e1cba32f42a	aa06d89c-4a87-44b7-92c9-698d8dfb306f.rna_seq.augmented_star_gene_counts.tsv	f588163203bcc38bc4777b20efe78dcc	4258631	Data Release 46.0 - August 10, 2026
expression	063830a5-bb8f-4d58-98d6-c49ea4f1f66d	8ab025fe-d2bc-4ea0-9b76-c70c80c96a31.rna_seq.augmented_star_gene_counts.tsv	796e9852127cba025a80c48eb4055c8a	4241456	Data Release 46.0 - August 10, 2026
expression	e4240172-1921-44aa-95da-781be3485a1e	2a78e2d5-0d9f-4269-a5d2-f1a83e8f4cf8.rna_seq.augmented_star_gene_counts.tsv	9e66aceb255cf78bd039f9c73b4038b9	4244004	Data Release 46.0 - August 10, 2026
expression	cd6333d6-6973-4278-8c7d-ad89e71bd508	f6d0e395-2af2-4d6c-9c75-d693ff742fa4.rna_seq.augmented_star_gene_counts.tsv	10c99ff65048bdc62a0c5dddf0fdefe9	4248098	Data Release 46.0 - August 10, 2026
expression	f88159e9-78e2-4222-b9f6-2d50c5b3387a	15ff9e44-2f64-4803-957e-3d28661167c7.rna_seq.augmented_star_gene_counts.tsv	842035c91a6c3b9e8947d10737c694e3	4228138	Data Release 46.0 - August 10, 2026
expression	4f8bfa46-5071-4cd4-9626-b91221550dd7	ee1c9d0c-1bc3-4343-ba2e-597ae0752470.rna_seq.augmented_star_gene_counts.tsv	971c2017caeb354327a8c96a981d6244	4240814	Data Release 46.0 - August 10, 2026
expression	1a351079-31b5-4080-a03d-62ea7065d7a8	392b3f33-b57d-4751-a01c-4d6748106917.rna_seq.augmented_star_gene_counts.tsv	52f429b0f3a6e43ad932ef5395f14424	4240117	Data Release 46.0 - August 10, 2026
expression	e20633e3-526f-4ac5-9cb0-202a028462b0	d2c2fafe-048d-4584-8136-4e607465d72d.rna_seq.augmented_star_gene_counts.tsv	39dc851163fc18a1966ffc001a9eec8b	4241075	Data Release 46.0 - August 10, 2026
expression	929af903-a778-4a8c-9d04-de3c9d9df5eb	b6acbf64-7f21-4723-b89b-afd58a4a77cf.rna_seq.augmented_star_gene_counts.tsv	5449edae46cde37e138c861308a03729	4241651	Data Release 46.0 - August 10, 2026
expression	4caac446-75ef-4e21-ab99-216a5962f956	612d5432-0750-4bc4-a0b8-d29511554be6.rna_seq.augmented_star_gene_counts.tsv	fa66438148658fec1dbc49ee4609b1ca	4233578	Data Release 46.0 - August 10, 2026
expression	be6fa48c-95e0-4a7f-aa05-362d1b7a5a4a	c8d944e8-b5cf-4d9f-b256-c78784ec963b.rna_seq.augmented_star_gene_counts.tsv	e7e81032a0540717d7f64e041c3bd026	4240360	Data Release 46.0 - August 10, 2026
expression	4a0d03ae-65be-4168-89c9-0a756f0e47fc	3e330807-a35c-468a-9a1d-4d406457bd73.rna_seq.augmented_star_gene_counts.tsv	cd01d8048c1ef95caa738067b4024bad	4239778	Data Release 46.0 - August 10, 2026
expression	0c25f495-ae84-45a3-8c7a-5521ddcccf70	91b22fd4-4b09-4b8c-9ee6-08c66b8ad324.rna_seq.augmented_star_gene_counts.tsv	2d07c253647edd5cee0ee7451bca7fb0	4225946	Data Release 46.0 - August 10, 2026
expression	b10d2838-f728-467e-8582-369ad21a98a2	2e1aaa41-3914-432f-b170-4a0904fca443.rna_seq.augmented_star_gene_counts.tsv	71738db668c38b8f349fca8acbe33d76	4241988	Data Release 46.0 - August 10, 2026
expression	61ffeb1c-0382-40bb-bd32-a071b2b4c39d	51f52dbe-cb60-4495-9896-09db6176ac5f.rna_seq.augmented_star_gene_counts.tsv	958e96e2b026e1cc55702797503689e2	4242915	Data Release 46.0 - August 10, 2026
expression	6304f098-1ae4-4c6c-93c7-ac5b15b307a7	fb231a6f-eb93-4dce-b4cd-9f06bbe05911.rna_seq.augmented_star_gene_counts.tsv	246d85e697ccfd6a7d1246bd608279f9	4242820	Data Release 46.0 - August 10, 2026
expression	44c858ac-1ce0-491a-aef5-979224aa09f5	144cc9bb-bd29-4986-89a7-5855168dac8e.rna_seq.augmented_star_gene_counts.tsv	b0f0565c1241c71c59ef841b045f2a0d	4228675	Data Release 46.0 - August 10, 2026
expression	3bca5269-8bb3-4826-bc22-e7b068853f45	44dce722-f50f-4b75-bcf4-aac9afd39e41.rna_seq.augmented_star_gene_counts.tsv	21b898c27d7114774b3fe1bd3656b911	4261628	Data Release 46.0 - August 10, 2026
expression	b65b4ebc-e8b9-4926-8761-56b99fbd9e9a	19f6bda2-39bb-4733-8efc-a4626afb6bd1.rna_seq.augmented_star_gene_counts.tsv	80e4eba0693baeaac637a9f001fc03cc	4237600	Data Release 46.0 - August 10, 2026
expression	2faa29c8-49e9-4fda-baea-f73583f3a27f	11c9e0b9-c94c-466f-877a-65325a76dcaf.rna_seq.augmented_star_gene_counts.tsv	3534bda464ff3afaaaca8e72c9c91606	4240617	Data Release 46.0 - August 10, 2026
expression	633fef2c-c9ce-4b76-ae7b-0dfcc4123a6f	ba0e046d-ea06-4a64-9847-14b35eb72aee.rna_seq.augmented_star_gene_counts.tsv	bf4387c37a6fe6e05a8b3f19bb57edf2	4247048	Data Release 46.0 - August 10, 2026
expression	27023402-b661-4cda-98ef-f9b68b3f8c59	7f5dbe11-51b1-4eeb-ab26-e19c7af6f68d.rna_seq.augmented_star_gene_counts.tsv	fad5216377f6593aaee3201dc7e34061	4249723	Data Release 46.0 - August 10, 2026
expression	c0dc2255-258a-463b-bd10-f6ee1771860d	001cd1f1-f1d1-45c5-bf3d-62f4a40ab1f8.rna_seq.augmented_star_gene_counts.tsv	ff2265cd01dc1c187c3dd75da46b23ca	4251812	Data Release 46.0 - August 10, 2026
expression	563b7a76-4875-41e3-a39f-c36f4476c159	dc3d0ed5-1073-4786-b50d-0a5cda44b2b5.rna_seq.augmented_star_gene_counts.tsv	87dc86bfbd64ace78482909f6e57a3f3	4256482	Data Release 46.0 - August 10, 2026
expression	5df50268-5981-49b7-8604-1dfe1af21cb9	8f9ecd05-a00b-4203-a052-bc1fc1cd0a9d.rna_seq.augmented_star_gene_counts.tsv	8de1172988916108de224937c46116da	4243874	Data Release 46.0 - August 10, 2026
expression	e47ee1c9-13c8-4c78-b1d6-8a6795bebee8	c2330486-1e49-48c7-8898-c8fd19f2a47b.rna_seq.augmented_star_gene_counts.tsv	7c7aa607380ab57b863cf33c0b996989	4230516	Data Release 46.0 - August 10, 2026
expression	44dade70-3ecc-4be0-88a8-772cb763d5bb	e4497835-a45f-488e-905c-b06d578efef8.rna_seq.augmented_star_gene_counts.tsv	d199c5212d05d4700b3e453962b787da	4231641	Data Release 46.0 - August 10, 2026
expression	39c94a70-a68c-405c-bfbf-9675fbb1411a	d05527b8-f63e-4d0d-900a-6a237d8d4b7d.rna_seq.augmented_star_gene_counts.tsv	e9f4c7279725fb3d43b737d4fee7d593	4250235	Data Release 46.0 - August 10, 2026
expression	db99b502-b286-4b36-a0a5-28b6b413b81a	eaa703f3-b044-4ee4-a3ea-61b1b41c35fb.rna_seq.augmented_star_gene_counts.tsv	25ca40ebb48bcdead6e9fe6ecdb2c872	4245417	Data Release 46.0 - August 10, 2026
expression	298544f7-b010-45cc-a518-619b8e04e4fc	d8e04fb0-455b-441f-946e-b6a9760b7811.rna_seq.augmented_star_gene_counts.tsv	87c7a22c8acacb5f2e4acc25d7b5a2c7	4241930	Data Release 46.0 - August 10, 2026
expression	a09990aa-76c9-4041-a2f5-317be4c5ab09	6e9dbe91-43a5-4536-8188-7fd35f6281d6.rna_seq.augmented_star_gene_counts.tsv	ae9b605479203c5fd9d960887ba7df13	4249030	Data Release 46.0 - August 10, 2026
expression	4ab781c9-0569-4b74-b233-a8d898392f66	e9f0cec9-e987-45ad-96a7-7c9aed6c3f78.rna_seq.augmented_star_gene_counts.tsv	aa57e67f714bee44c13a855e7e953c76	4270051	Data Release 46.0 - August 10, 2026
expression	03c6d5d2-1a33-4ae7-9421-f43b14fc97bd	d03c971c-8baa-46bc-8b0a-1ff8b29a8f75.rna_seq.augmented_star_gene_counts.tsv	b4650e5ee653c4684eeda5df7baf4335	4245706	Data Release 46.0 - August 10, 2026
expression	4bc67f13-2c7c-4be8-8bfe-1c2fffecf694	4b62c9b2-a3f4-4db4-8a79-434a1e28ed20.rna_seq.augmented_star_gene_counts.tsv	83144a61a306d89555effc85c8f5fd9f	4239039	Data Release 46.0 - August 10, 2026
expression	396123b0-8914-42db-a9f3-4fdf987c5faf	ee899e2d-7689-4327-9886-a73160ffc702.rna_seq.augmented_star_gene_counts.tsv	dc2bb9cdca6bae0163a035e0f536e504	4249184	Data Release 46.0 - August 10, 2026
expression	e1beebe9-dc24-4f9d-a89f-87001fcf25c7	b93e9aab-9d4c-4e1e-9a04-b2b858b32fa8.rna_seq.augmented_star_gene_counts.tsv	b41ae0abf159d5d5cccbf8a9fd7eebee	4252757	Data Release 46.0 - August 10, 2026
expression	00174492-1adc-4310-8147-a622befbb466	84e40c7e-2f60-4461-b14c-0859697295a4.rna_seq.augmented_star_gene_counts.tsv	b79fada02ab04f7e0aa77bd3b2629a86	4254675	Data Release 46.0 - August 10, 2026
expression	c69d9c36-61e3-4985-b17b-b64bd7ed3821	eb8069ea-756b-4d4c-9c14-dd2b8b2a7af6.rna_seq.augmented_star_gene_counts.tsv	c64cddb1608ac0c88fe715c8912259fd	4244146	Data Release 46.0 - August 10, 2026
expression	1164d793-7d50-42c9-9b8c-74affd93964d	002049e1-5d2b-4019-a9ed-61a90fd952ce.rna_seq.augmented_star_gene_counts.tsv	61ae135adf65a31548ce0ea56036d4a9	4244542	Data Release 46.0 - August 10, 2026
expression	1263f317-119b-428c-96b1-c187e54bb275	92cb59ee-23f2-412b-a039-e4040218c207.rna_seq.augmented_star_gene_counts.tsv	816f9e5ee5179b522e76feb0cb39b7dd	4245460	Data Release 46.0 - August 10, 2026
expression	afb1e9c1-aa37-40d4-a2b0-5996c023d30b	0f6509d2-4bda-4eee-89f6-848d6b94c881.rna_seq.augmented_star_gene_counts.tsv	9a48d2fde879cb6915af295530933449	4238429	Data Release 46.0 - August 10, 2026
expression	fa927427-fa20-44d0-b574-81d99277be8a	eb13f276-cfa2-4129-8a8f-ea9d2eb40e8b.rna_seq.augmented_star_gene_counts.tsv	4b887ddcbf1f1b7ebaea2c9108030621	4246155	Data Release 46.0 - August 10, 2026
expression	98ca487a-a503-459a-8665-11a3caf8bce5	e7face74-33fc-4183-ac7f-d38af1dbc54b.rna_seq.augmented_star_gene_counts.tsv	394b3f9b20312c500f50aede839e1a92	4250348	Data Release 46.0 - August 10, 2026
expression	05aedbb7-c56c-4756-b8e8-302afaedcb4c	666b7828-2433-452a-9ae4-f93d8bb1dc07.rna_seq.augmented_star_gene_counts.tsv	e1acfcf0da7ae789abc0b39cb8b0b527	4232427	Data Release 46.0 - August 10, 2026
expression	08e51a10-bb34-448d-bc76-c02834852933	d3a67b19-5e2e-48ec-a887-a2d605861717.rna_seq.augmented_star_gene_counts.tsv	b2166e719155da90eff65e01cb8aa66a	4240997	Data Release 46.0 - August 10, 2026
expression	578db3bb-5ca7-413d-a38b-79876d4b98ac	dbc81626-bcbc-4e80-9bfe-818ee7bb1ac3.rna_seq.augmented_star_gene_counts.tsv	31f0074fcf7f00c3f221952a77605cea	4239612	Data Release 46.0 - August 10, 2026
expression	6b95e135-1a51-4d0c-bd2c-ab55273a3eb7	7a6b27cb-f41f-4d57-9116-179c76283d6f.rna_seq.augmented_star_gene_counts.tsv	1cf9c4531fad35e5feaf60c462122a87	4260534	Data Release 46.0 - August 10, 2026
expression	d9979174-ee0c-42bb-b928-a4f642845db7	fa6338f3-d9e1-463c-8d80-85d2e6e347d9.rna_seq.augmented_star_gene_counts.tsv	f341e707bc5fe96b2ab9a404ebf1d4fb	4231463	Data Release 46.0 - August 10, 2026
expression	fa7f749b-6c8e-4052-8196-fd91d52e67f1	65e00fee-35a4-487d-98ca-2ba5bee5d74e.rna_seq.augmented_star_gene_counts.tsv	426e82f5225c6fd302088d67d749f182	4234764	Data Release 46.0 - August 10, 2026
expression	8ebdb262-631c-4ac0-af24-16dca92d8c45	c045b9d4-b4d6-4826-9db7-664ca443c8bc.rna_seq.augmented_star_gene_counts.tsv	7b384d7873f483d7e15ed8490f53359e	4243590	Data Release 46.0 - August 10, 2026
expression	88aade97-0051-480d-be54-bce61b4e5b91	8bd01b90-18ff-481f-ae57-48eec05dfbd2.rna_seq.augmented_star_gene_counts.tsv	2cda6422a410d723dc12ec13349f51fe	4247467	Data Release 46.0 - August 10, 2026
expression	d19fa0dd-5832-46a8-a7a0-142075684a55	911e92db-84e1-495f-9406-c9538be909f3.rna_seq.augmented_star_gene_counts.tsv	10943b2338102a54fd7a81aa96bfa958	4227809	Data Release 46.0 - August 10, 2026
expression	99b8979a-d55a-4c42-9df1-58c9a3f70a92	fd7c0d6e-da15-4ddb-b755-37eb7638ab27.rna_seq.augmented_star_gene_counts.tsv	699db85d007c18f96b4c444bc358f220	4232965	Data Release 46.0 - August 10, 2026
expression	f4fbf55a-1a2a-458e-9223-921e2dc9352e	ceaa441a-68be-499e-8ff5-9b4187c9e1ae.rna_seq.augmented_star_gene_counts.tsv	5720fcd12d534c6c59d63645bca60994	4247231	Data Release 46.0 - August 10, 2026
expression	a059cc98-e8d4-4428-b326-ac59b5445f67	562609cc-970c-4535-a6d7-aa7a380c8340.rna_seq.augmented_star_gene_counts.tsv	7593e37dd7d692eb77a6f0e0c7e0b967	4250701	Data Release 46.0 - August 10, 2026
expression	8398a735-962c-4b4c-87b6-cf1e0a07ce91	72cb55a7-9cf6-439f-8ac8-a36ca59858ea.rna_seq.augmented_star_gene_counts.tsv	856c6072ebcfa50fbff50fc2e974a896	4248827	Data Release 46.0 - August 10, 2026
expression	01851b83-f8c4-4108-99c9-248fe29e39e9	6dd12311-581d-46fd-9b98-6523b67ec2e4.rna_seq.augmented_star_gene_counts.tsv	d2832e32406b7302c3cec58a1c49060a	4245998	Data Release 46.0 - August 10, 2026
expression	b2c3a163-384f-4246-880f-ae2caebf0d17	d96c15e3-28ba-448c-bee7-1ed38ccabbec.rna_seq.augmented_star_gene_counts.tsv	5903852fb6e37fc1363950ab59a9dd4d	4239751	Data Release 46.0 - August 10, 2026
expression	c1873d0a-2c67-44c7-97ba-9a10cd7ed962	e9d3cb06-8a78-4e3e-8582-234f5bb23f6c.rna_seq.augmented_star_gene_counts.tsv	5f72fa7a8818ccad1e9a61d6c6356ede	4238000	Data Release 46.0 - August 10, 2026
expression	27918218-c6a5-4f1d-b25c-bdf08d4146bd	b146fd10-1cf3-4432-aad1-2181e1797163.rna_seq.augmented_star_gene_counts.tsv	b3179047307b0130e8507dcc29012044	4243338	Data Release 46.0 - August 10, 2026
expression	6f5c8394-3144-428a-a38d-eb39be4379b5	a64f85a7-8fee-46fe-965e-cdce62f3393f.rna_seq.augmented_star_gene_counts.tsv	8f5512a5703012c62bd90148861239f2	4243581	Data Release 46.0 - August 10, 2026
expression	9f112190-6fc5-456b-a1f6-d7440529a66b	a9ab4029-44d9-4c69-bcb9-7f7c870d4269.rna_seq.augmented_star_gene_counts.tsv	808f30f4650147c53dadb9e0db782c7f	4249563	Data Release 46.0 - August 10, 2026
expression	0666c919-fe81-415e-84ea-c782234e3aa0	fcfd97d0-70ee-4b14-8953-63e96f62f04a.rna_seq.augmented_star_gene_counts.tsv	d345467277f9b1820fd791fd479351bc	4228854	Data Release 46.0 - August 10, 2026
expression	84541c24-ecb8-47a6-9e6f-45a6fe854d93	44bdb239-7467-4690-8fc1-9edc635f6bb7.rna_seq.augmented_star_gene_counts.tsv	75e8ecb50b28a168ac02ed32b3ab35d6	4244396	Data Release 46.0 - August 10, 2026
expression	56c82934-f740-406c-afad-f9d8bd17aff3	195e0fec-c626-4070-a7cd-3cfe6284a24c.rna_seq.augmented_star_gene_counts.tsv	c8946591da4560cf719e5acfddb451fc	4244833	Data Release 46.0 - August 10, 2026
expression	c35bcaa8-f2f8-4c08-af74-910f73e5bc94	e51ccbf9-cdf0-4708-90bf-3db9ffaadab6.rna_seq.augmented_star_gene_counts.tsv	c7dfba642b4322c2980621cfee3b385a	4251836	Data Release 46.0 - August 10, 2026
expression	f98a1953-c008-4ab9-a17e-be80b5fd43fe	e3b90eb7-f2a5-4b9e-a15e-ccfd7e6431d2.rna_seq.augmented_star_gene_counts.tsv	f580f682e438f63b0dbe3694e5879c55	4250752	Data Release 46.0 - August 10, 2026
expression	fa994287-faa4-483c-8225-1d45a1d0d522	c89d9767-de8e-4953-9963-36f1a4d5e8bf.rna_seq.augmented_star_gene_counts.tsv	96570a964d653c70fff859cbd455816e	4247264	Data Release 46.0 - August 10, 2026
expression	6a1c052c-21bb-4688-96db-3d605b0fa93a	0d2c3895-1674-4653-822f-2ab67d02a3b9.rna_seq.augmented_star_gene_counts.tsv	92cc4b5b431e5ffb9900c251d0890259	4251515	Data Release 46.0 - August 10, 2026
expression	34fd315d-cfd8-4d85-8114-22311d55a1fc	30478577-87f7-4906-9eec-1cba0d2cac85.rna_seq.augmented_star_gene_counts.tsv	74504eb462545a1b89af6f6feb8aca19	4242838	Data Release 46.0 - August 10, 2026
expression	ee6d69a8-5bb0-4271-b349-3bcad539b275	0ec95e8a-4cdc-48a0-925d-0ef00136e359.rna_seq.augmented_star_gene_counts.tsv	2c5483c6d255ab969bda1d8d04062b2c	4225875	Data Release 46.0 - August 10, 2026
expression	6b920c35-ec0c-4772-9163-a22f4cb27c9f	d9a2ac5c-4489-4654-9564-639a60161663.rna_seq.augmented_star_gene_counts.tsv	b3cabc00a0bbd67bbf69d01341695b52	4249380	Data Release 46.0 - August 10, 2026
expression	8c2d01a0-7df8-465a-9739-b25d96f98ddd	516b3755-74d6-4a8a-90c1-90097a61f63d.rna_seq.augmented_star_gene_counts.tsv	a4138d84832fc5482fd96e7855d6264e	4240071	Data Release 46.0 - August 10, 2026
expression	8bec131b-088c-41f6-95d1-3eece690b53f	c9d44ef9-12c6-4822-8b7c-fbb6581e3e77.rna_seq.augmented_star_gene_counts.tsv	197e9adcda3d9df0244fb437e175f526	4231968	Data Release 46.0 - August 10, 2026
expression	1b242926-e8c1-4f9b-88fa-40211585207e	98967392-eeb4-4c7f-8578-1faf0e5dc3d6.rna_seq.augmented_star_gene_counts.tsv	269f500b985c0449416a3a70f8f5eb12	4211495	Data Release 46.0 - August 10, 2026
expression	a3cac4bf-4b70-4fc8-b0a5-8bda5b6d405c	9642c424-4dca-4f0a-b513-059748247045.rna_seq.augmented_star_gene_counts.tsv	fb766dec7c165e48292f10f95e9653bf	4245813	Data Release 46.0 - August 10, 2026
expression	46b3a547-c7a4-4499-9a77-29eb56f0a570	7a1e8ebe-3614-40bb-a489-6a96f10ceaa9.rna_seq.augmented_star_gene_counts.tsv	b53ea08bbe6e06924062541c83fb2b2c	4239866	Data Release 46.0 - August 10, 2026
expression	2e5ca57e-8530-43b5-806f-8915d421552f	6cc17f1f-5acf-4b48-b919-56b9db01f3be.rna_seq.augmented_star_gene_counts.tsv	0b35cd93bf00aa60b1904079bb160c0b	4242794	Data Release 46.0 - August 10, 2026
expression	36513c94-fb14-4008-838a-13d23d609382	ac27a479-b614-4615-aa33-91bb554d6813.rna_seq.augmented_star_gene_counts.tsv	730a59518832654bc78a219fe834efbb	4257191	Data Release 46.0 - August 10, 2026
expression	9651c36d-8d1e-411a-9d5a-42550b73b426	356dea2a-5d2f-4fb5-825a-7018c7af6508.rna_seq.augmented_star_gene_counts.tsv	c8882fbad9dbd6108d4168c30aff41e5	4240694	Data Release 46.0 - August 10, 2026
expression	902fddff-c332-4871-bf4e-c9fa0445f2a2	8622d9cd-2f0a-4969-a857-0f2892007e8e.rna_seq.augmented_star_gene_counts.tsv	4e2862d1c7a32926c9fe9f3dab234dc6	4255321	Data Release 46.0 - August 10, 2026
expression	89bb336a-c128-4492-9109-e657f8f2011b	0c069613-79f5-433f-a897-5810632f78b0.rna_seq.augmented_star_gene_counts.tsv	6688af4280bfaad0e7be458d01f41b6e	4238109	Data Release 46.0 - August 10, 2026
expression	16574f32-3388-42a3-a5ca-9248e75fd522	5c14dcc2-dc8b-4cb5-8e3c-2069022da488.rna_seq.augmented_star_gene_counts.tsv	93db686d3313b497536369616d0d5913	4223595	Data Release 46.0 - August 10, 2026
expression	617f7aad-7b59-4e20-8e1c-fa324cc1bef4	4b5e11df-e5b0-42b7-8239-7169a8b7b5ec.rna_seq.augmented_star_gene_counts.tsv	76531f8546bbfd21107b02a472063659	4237060	Data Release 46.0 - August 10, 2026
expression	d1cd1a00-c44a-4581-ad07-e234303a65b9	c7a06148-da7d-4638-950f-9f85ab57cc0f.rna_seq.augmented_star_gene_counts.tsv	d1a182953d1ab91279ffb7864242d16c	4243065	Data Release 46.0 - August 10, 2026
expression	432ac91a-657b-4630-a5c8-0499aed1b13c	23a6e0fb-4184-4059-a0a9-ffa2b96c6024.rna_seq.augmented_star_gene_counts.tsv	252683c2f7255005642054c054c09ad8	4227509	Data Release 46.0 - August 10, 2026
expression	ed4e33b6-e610-40f6-a9cb-68d27b24b7ea	1b42fc61-0ec5-4da2-907e-39388ec70382.rna_seq.augmented_star_gene_counts.tsv	5962f682d6d354ca5c428ad1b778c259	4253346	Data Release 46.0 - August 10, 2026
expression	d014104d-47ca-441c-9756-66672008cb14	511fe1c3-6bc0-4610-8a3a-00ca018a04df.rna_seq.augmented_star_gene_counts.tsv	6e3a3bf7a84daaac0b95dd92fee5a7c8	4258406	Data Release 46.0 - August 10, 2026
expression	b43e8a88-6ed9-4a7a-ade7-91f340ad5465	b25c28e1-8e51-4708-92e7-19f323ff7799.rna_seq.augmented_star_gene_counts.tsv	2562110edc6faf3ed2efebba482bd07c	4235289	Data Release 46.0 - August 10, 2026
expression	b605224a-cf9c-4092-beb4-5ed43c1179de	78855102-69a0-454f-b67a-c0919dc154fb.rna_seq.augmented_star_gene_counts.tsv	8204dfa7f15942e2939f46baa0933d26	4238896	Data Release 46.0 - August 10, 2026
expression	24f33eec-e332-4d33-a628-a366f2a18d52	071098de-0fcd-4155-a735-5dbcc0054e6b.rna_seq.augmented_star_gene_counts.tsv	c004f2994d1b2e949cbccc418bcf77c3	4226516	Data Release 46.0 - August 10, 2026
expression	32d5318e-4553-4f8d-81bb-82f59885fc60	c23298c9-3d14-41bb-a14b-4ce8bcfaf89e.rna_seq.augmented_star_gene_counts.tsv	3f758a0984494e6dbb71e484a0c6cc05	4253256	Data Release 46.0 - August 10, 2026
expression	adb0fc04-0e35-4637-b3e2-6d9299b97069	0fc73ff6-0368-4151-8de3-322e3b2fa6e0.rna_seq.augmented_star_gene_counts.tsv	fc9b634ac4ffb059d1cf695a59585c5a	4231707	Data Release 46.0 - August 10, 2026
expression	2afa2c24-7bbf-4855-acb8-feaa22dc4c33	27ea00ff-5f53-4110-9e56-8674a8e0ae40.rna_seq.augmented_star_gene_counts.tsv	ca342db167d4f657cb535565318a050e	4234515	Data Release 46.0 - August 10, 2026
expression	8cd89112-70a7-4f63-9b41-e3379589cb5e	fb4bcf7f-6893-4f39-86b0-8e4a370237c6.rna_seq.augmented_star_gene_counts.tsv	b3f504cacdc9a90b6b10b642eb3e7ed7	4239553	Data Release 46.0 - August 10, 2026
expression	cc8c7c7e-a682-43ca-af76-08b49bf3512a	8e794306-7ade-4081-b98a-3e577dc3a85c.rna_seq.augmented_star_gene_counts.tsv	c47ce0baebe37da26c913e7b9dcde717	4228801	Data Release 46.0 - August 10, 2026
expression	c4143095-ebf5-4ce2-91fe-6aea9cc62cc7	e4e6d880-0752-4ec8-bd07-e550f20f8f29.rna_seq.augmented_star_gene_counts.tsv	80214fc061b3a802aecbadec3ea3be58	4258375	Data Release 46.0 - August 10, 2026
expression	e6a09aba-4d6e-4079-9b34-0e9caf705885	05468136-c936-455f-b5dd-75062f8df0fd.rna_seq.augmented_star_gene_counts.tsv	54ac4c10cbb1171e029ac99d0ea17901	4260474	Data Release 46.0 - August 10, 2026
expression	6ec7b719-0f95-4108-8e26-a7049e29d495	ae21852f-75e2-4333-a624-0875028252d3.rna_seq.augmented_star_gene_counts.tsv	625bb69e3f5175e27f3ad941b3a42f39	4232420	Data Release 46.0 - August 10, 2026
expression	626f256f-7057-47c3-8775-cda761910b1f	50ef3b8f-2e43-4d63-a17c-59804bf40aa4.rna_seq.augmented_star_gene_counts.tsv	a9d6a869728809c342ae976e9f59ccb3	4257551	Data Release 46.0 - August 10, 2026
expression	6838acd3-3b0b-4ba4-b9da-1d0ffe9c5640	5d61bbe4-613f-4d2c-9fd3-c9740308bd6c.rna_seq.augmented_star_gene_counts.tsv	00c523bda0c911913f2425b028373aec	4234971	Data Release 46.0 - August 10, 2026
expression	ba6dfcd5-be76-481f-9e8e-19421cf23695	11da21cd-5029-491e-b7a1-d6f4d9306f3e.rna_seq.augmented_star_gene_counts.tsv	2e536c0b171b14dbac612c31ba2da6bc	4254134	Data Release 46.0 - August 10, 2026
expression	a33333fb-31f7-4874-aefd-a004be0d943e	d19de25c-e12f-428d-afb7-994e6180ef36.rna_seq.augmented_star_gene_counts.tsv	9b52ffab1327002e115b89b9ea234c98	4251859	Data Release 46.0 - August 10, 2026
expression	5eb4cdf7-10ee-4e24-801c-7297b5b3ebd7	b0c1691d-d2bd-4958-9444-f5ab10f172db.rna_seq.augmented_star_gene_counts.tsv	dd60ab7a50bb3ea8074f4d896d7d71d2	4207439	Data Release 46.0 - August 10, 2026
expression	51a84b87-eddd-40a9-ad8a-46f3682b9318	6b83beed-ece3-4b90-afc4-fa89ac42e42a.rna_seq.augmented_star_gene_counts.tsv	a2cdc11d2c473672d6870e9e63e4b6fa	4229064	Data Release 46.0 - August 10, 2026
expression	58eee6a5-aaae-486e-b4ec-ba191af5fcb5	f637da65-d455-440f-8342-47b6a3c3d189.rna_seq.augmented_star_gene_counts.tsv	c2c20cb1b32f57e3cf060ab21d4e8c93	4243647	Data Release 46.0 - August 10, 2026
expression	eb921878-4c02-4b11-9c4d-84df7926ef70	fd00a68d-f7e8-43ca-90f9-999ec13dbbb6.rna_seq.augmented_star_gene_counts.tsv	5629a1f08adabff4f2d036689296206a	4229155	Data Release 46.0 - August 10, 2026
expression	7a3b5b7d-67cc-4048-9bd9-9db08bad1601	fdfae45c-40bb-4499-a8fa-72af3c9e8654.rna_seq.augmented_star_gene_counts.tsv	2b81c445cb5614e38bd273c27477f08f	4232549	Data Release 46.0 - August 10, 2026
expression	2f9b9698-edc6-4049-809c-9733f05f5c2b	ed920009-6bce-4300-b928-14d0ec474ac6.rna_seq.augmented_star_gene_counts.tsv	ad090898aaad08b7d31c1724dcd7a81b	4240094	Data Release 46.0 - August 10, 2026
expression	c2c34b18-7f7a-47ac-9f42-b7700562d006	8053b830-a7a9-4511-974c-5320e4337dda.rna_seq.augmented_star_gene_counts.tsv	f65f6de15c8910f3844513de2fea654a	4237522	Data Release 46.0 - August 10, 2026
expression	5576ae8b-e6e9-496d-854a-8c696bd965c9	acb3e553-8eef-49a4-9499-136a5039720d.rna_seq.augmented_star_gene_counts.tsv	02c734b32eefbdb5dd2c8da81ed6fb64	4247513	Data Release 46.0 - August 10, 2026
expression	f4e99961-1168-46bd-86cb-4c6662f5b8da	e8779dc0-fc34-4930-bc76-08c242414335.rna_seq.augmented_star_gene_counts.tsv	1fd73f8335565c46a702b794fb3b2a07	4242611	Data Release 46.0 - August 10, 2026
expression	7b34b9d4-8526-4738-87b4-f9435a1c7ae1	598575d0-6dc4-4d59-be17-5dff01e6ca52.rna_seq.augmented_star_gene_counts.tsv	88f90a817d5098bc844a189a5e79f2ff	4244120	Data Release 46.0 - August 10, 2026
expression	07868319-1d09-49ca-b198-5677d151d36d	267adf6f-194c-4071-b80a-66258a68be8e.rna_seq.augmented_star_gene_counts.tsv	b1709b95bfd825f080840f7687a373c9	4229461	Data Release 46.0 - August 10, 2026
expression	2d6dd901-d11e-459e-ba2e-8a587e72633e	edfaa504-ee18-4988-ba3c-23d820c1cead.rna_seq.augmented_star_gene_counts.tsv	9ac570a358ed58d1a97bde2e824dd6dd	4237969	Data Release 46.0 - August 10, 2026
expression	3545f947-1a52-4e14-a98d-e400a6cb5e60	71710ac2-38e7-43a2-b5dd-62d22c853c20.rna_seq.augmented_star_gene_counts.tsv	dc90b5b09b4c138a55ae14af0bc4932c	4244471	Data Release 46.0 - August 10, 2026
expression	c04d9806-d86b-4afd-9481-89037aa621d1	f941959c-af60-4649-9212-1ce4b8f84b52.rna_seq.augmented_star_gene_counts.tsv	0bdf8fb4c600dcdee4cc765a25080689	4247870	Data Release 46.0 - August 10, 2026
expression	44f16ded-c9e7-422c-a03c-1ec124acd76c	2ec949e3-0412-4303-bc39-cd59cbf6f7f6.rna_seq.augmented_star_gene_counts.tsv	5d59ae56a2fed77350bf7fed0f0f7b01	4242191	Data Release 46.0 - August 10, 2026
expression	742932b6-cf2c-4750-9a0c-145ec93d1da0	7c23340d-783e-4bea-972f-daec4d9a8bf1.rna_seq.augmented_star_gene_counts.tsv	82be2df4844d0bb498f0f4ba9042817d	4244704	Data Release 46.0 - August 10, 2026
expression	6a408551-3028-49cd-b896-6bfcb1abde4b	ff62bead-1df4-40b5-8d0b-92c1ad3a2645.rna_seq.augmented_star_gene_counts.tsv	db87885aef0532a752c5bf854639f502	4239933	Data Release 46.0 - August 10, 2026
expression	cdcfd140-d0a5-4c55-ba0c-64af335a1ff6	eb51e925-78bf-4d46-8505-c994b90f1ca6.rna_seq.augmented_star_gene_counts.tsv	dea2063621ed3e35017417eaab27bb2c	4235468	Data Release 46.0 - August 10, 2026
expression	af5c089d-33a6-49a3-bc6e-bd5e2db921d8	4c1f14b3-71d1-4391-af37-c6d61e04dbc9.rna_seq.augmented_star_gene_counts.tsv	a2b1122593f9f3517d1a9386c6df6113	4239264	Data Release 46.0 - August 10, 2026
expression	8fe484cf-e146-4b6f-a852-b2510c7eac4b	90498d57-88da-475a-944e-8d3bc3910fd6.rna_seq.augmented_star_gene_counts.tsv	b58a53a5b4651ad68e25e5842ef957c7	4229010	Data Release 46.0 - August 10, 2026
expression	a3c824d5-5d92-453e-820b-bf879fa38e59	64647547-2b18-4a7c-8135-e18b5a14bea6.rna_seq.augmented_star_gene_counts.tsv	d57a28165703ecf9b90f0a86d6ca7541	4242760	Data Release 46.0 - August 10, 2026
expression	05becc45-68e1-4706-a225-3a805bd7ba56	ff7cdc45-a66a-4b2c-b96c-70756f32f74b.rna_seq.augmented_star_gene_counts.tsv	dc463c1edc686dbf7edaa24a5fc3b1fc	4233011	Data Release 46.0 - August 10, 2026
expression	2c1dfe31-3404-4bd8-b003-f3f649e21ecb	8c1a6145-2dc9-4776-a120-423c676964d0.rna_seq.augmented_star_gene_counts.tsv	96acdad60555c08c15e769fa7dbf9a1d	4254227	Data Release 46.0 - August 10, 2026
expression	d98b9775-6abc-48fa-a229-39442a7291d7	b5c24f07-b63c-4bcb-95a3-10a8efea960e.rna_seq.augmented_star_gene_counts.tsv	ea0adfb656fff9ad26d218617d249491	4242383	Data Release 46.0 - August 10, 2026
expression	6ebb7461-432b-4ca5-b709-54ea97a634cc	9bed5145-8113-46d4-9f34-04e595e71136.rna_seq.augmented_star_gene_counts.tsv	a46cb48dc709b6d85c0d681291bfd56f	4243934	Data Release 46.0 - August 10, 2026
expression	b0b5583a-d348-4a65-bea4-d4046eac0f76	9fc87bb1-4c55-455d-8959-aa2c8b8cf66b.rna_seq.augmented_star_gene_counts.tsv	cb230842855405b80e4159b2091944f4	4212258	Data Release 46.0 - August 10, 2026
expression	baec403c-9fb4-4b2e-898b-ef8399d0157e	4044b5b9-b308-492c-8280-e9c8b66782f9.rna_seq.augmented_star_gene_counts.tsv	880ae4e8dc0f57ef7d2f111260f6e8c7	4244902	Data Release 46.0 - August 10, 2026
expression	7ef1199e-aedb-4470-81a1-70d93655154b	f98c5dd2-eec7-477a-9de4-a268b6701f04.rna_seq.augmented_star_gene_counts.tsv	f09814a1164d976adf614fddfe556828	4238647	Data Release 46.0 - August 10, 2026
expression	5226aa23-2d1c-4b1a-b967-e473b0ea042a	fc5261cf-419c-4d34-acf3-7730663056b4.rna_seq.augmented_star_gene_counts.tsv	c695b07b4dc01335b84c98e3f04a2141	4246857	Data Release 46.0 - August 10, 2026
expression	d2e585d1-2b92-44f3-b2f4-1351e7c529ac	bd74a2f2-2986-4c15-a327-048ddbf7860f.rna_seq.augmented_star_gene_counts.tsv	11c3ace82c234c609c76346176baf9ee	4247589	Data Release 46.0 - August 10, 2026
expression	b3ec1f99-73cb-4414-b6b2-c075dc3b5589	3a500794-25b1-423f-b3a3-a3830e82b1ca.rna_seq.augmented_star_gene_counts.tsv	dbcf04028134910d1ffccca19c974caa	4234925	Data Release 46.0 - August 10, 2026
expression	4fc55db0-591e-4931-91c3-75d515504117	370d3ba9-88b4-463a-9f0d-6f0a53007261.rna_seq.augmented_star_gene_counts.tsv	6a3c44c96f73f1b42cc9469b8ba509d7	4238543	Data Release 46.0 - August 10, 2026
expression	3fcab96a-b477-48f8-8acd-5c8b76e0c952	01d5f6a9-fd9b-4472-aa39-a4367105c661.rna_seq.augmented_star_gene_counts.tsv	11258b73db4a02ad836e09f9806532d9	4245259	Data Release 46.0 - August 10, 2026
expression	71b8a9c9-4822-4b40-be0b-0c06b485975a	171a77bb-69df-4976-82ff-0cd674258fc3.rna_seq.augmented_star_gene_counts.tsv	93416beaaad19a21e5f324a100db4d7b	4237929	Data Release 46.0 - August 10, 2026
expression	90dddb30-1084-4127-b1fe-42ccbece28d5	05df1e60-428c-4bd7-97a6-081ddeb42b64.rna_seq.augmented_star_gene_counts.tsv	245861fb0da338a98a5e1ac61b116009	4230778	Data Release 46.0 - August 10, 2026
expression	86fef024-a657-476b-89c5-adb5477597ea	1e5dfb49-a6e6-4099-a3ef-828592d40c6d.rna_seq.augmented_star_gene_counts.tsv	0ab477bc7460fc8a124bfe68fe782035	4231725	Data Release 46.0 - August 10, 2026
expression	2b0106c5-7e32-423b-957f-06c9f2e7751b	f8e2a017-323b-44ef-9199-1f368231bd63.rna_seq.augmented_star_gene_counts.tsv	0ed8c45c3a9669bdc97ff6f90f446205	4265635	Data Release 46.0 - August 10, 2026
expression	1bce44b6-268e-4858-8b49-747045752331	3daeeb64-4231-46a8-b950-360fbdd908f3.rna_seq.augmented_star_gene_counts.tsv	11fec7e771e59556f054610f83017aed	4242156	Data Release 46.0 - August 10, 2026
expression	9bb09a78-1bcb-43af-8cd9-d0adee31d5d4	fbf2b081-dd9f-49ed-b5bd-7ef3dfb3144d.rna_seq.augmented_star_gene_counts.tsv	b9d00550e8412ffe5b4432586a0a4772	4228023	Data Release 46.0 - August 10, 2026
expression	6054b034-7dfc-4bb6-973f-ab26ff94c578	100dd369-2080-45a8-8d28-e4ab24eb34bf.rna_seq.augmented_star_gene_counts.tsv	925c08cef4aec5b0c775ede4ab0f7e0c	4239401	Data Release 46.0 - August 10, 2026
expression	a5f24f1a-a847-41da-a4ad-9f55b12ce08e	96c9038d-b3ba-409c-b389-91904457d242.rna_seq.augmented_star_gene_counts.tsv	f65ccdcffa65f5b06ff41d64ebfd1019	4239195	Data Release 46.0 - August 10, 2026
expression	5e794eb4-35eb-4932-9cae-8130fd8b5804	81d4496c-4bc1-4dc5-ac71-f83929d14c0f.rna_seq.augmented_star_gene_counts.tsv	6874e0b927ec36416fb8be1a6cb2fb26	4219640	Data Release 46.0 - August 10, 2026
expression	24f43a2c-0df0-464c-a4ef-80be1aa203df	4010f503-1d92-4e60-b9e0-5da0bab1fe76.rna_seq.augmented_star_gene_counts.tsv	a00d8027a727b68e81e83f2ddd6b566a	4250160	Data Release 46.0 - August 10, 2026
expression	ff07dd5a-7b2d-47ed-8a6b-400b3c5c8db4	933f8daa-9246-46b6-a568-6391ae0259e0.rna_seq.augmented_star_gene_counts.tsv	47349947f3084e2dc6b98c65bcb476ad	4251674	Data Release 46.0 - August 10, 2026
expression	c909d244-ad90-42b8-8cb9-b12a878bdbfa	7109300e-d920-4baf-9507-69acf2eac917.rna_seq.augmented_star_gene_counts.tsv	1c1907a60474db3670ada573822887e4	4228607	Data Release 46.0 - August 10, 2026
expression	8d2de4ab-6e9a-40e6-b9ec-8c3c78e7f19c	cc7fca3c-f2a0-4cfd-9572-3d25e2897025.rna_seq.augmented_star_gene_counts.tsv	01a8c6aaf64f761499fd6865ddaf2910	4252466	Data Release 46.0 - August 10, 2026
expression	68aef922-b430-4183-baf0-fd980deaeaa0	af8472e3-030e-428f-aa2d-6bb409a1b58a.rna_seq.augmented_star_gene_counts.tsv	4887a3fa75ae199fb463e0e25cbb9ec9	4239901	Data Release 46.0 - August 10, 2026
expression	aa2b77af-1803-4f20-8a29-5fa8c40c319a	1b4cfcf8-1915-4a17-87f8-ec0030ac98c0.rna_seq.augmented_star_gene_counts.tsv	8611a88c3b265d41fa3fd45286e38bfe	4244155	Data Release 46.0 - August 10, 2026
expression	5013520a-e7b1-4171-865c-f5a624741432	963bb3df-5b6e-424f-acb2-ffee1424d6f8.rna_seq.augmented_star_gene_counts.tsv	4c150f8d6f55466b1f294c3075d89c60	4232085	Data Release 46.0 - August 10, 2026
expression	378d47c4-4eda-40d5-ae71-6601a9e63191	094e72f9-a3fe-48bb-90f8-9ad0f7a40afa.rna_seq.augmented_star_gene_counts.tsv	84c6a905783eff455094c7b18db7aa8a	4225817	Data Release 46.0 - August 10, 2026
expression	5cbfa01a-86a9-467e-9efa-7ae47bce3587	a1d86150-a5a5-4396-93d1-b1096e2bd53d.rna_seq.augmented_star_gene_counts.tsv	a76fe82e69b7eec5b7c955c14df0260d	4243766	Data Release 46.0 - August 10, 2026
expression	0897b313-4bb5-4b3c-8146-6b90b58b904c	3e0685e1-e0b3-4f7e-9f30-4c3b0457db77.rna_seq.augmented_star_gene_counts.tsv	e597832f8c3a3eacbf21c0179eda7a50	4230883	Data Release 46.0 - August 10, 2026
expression	ab53ebb6-2f7e-42ed-a46a-b2a541472fe7	2b714678-3d78-4a5e-aa1f-4c55594c875e.rna_seq.augmented_star_gene_counts.tsv	0f571ee51d71ea2ef4db422bc779fe33	4257368	Data Release 46.0 - August 10, 2026
expression	5eae461a-399f-4f2b-ab9a-e92aba32ce14	57d50969-8fb1-4e32-9564-55f328de3eb5.rna_seq.augmented_star_gene_counts.tsv	782deed03290b13b2a476f28c6f14bc1	4231334	Data Release 46.0 - August 10, 2026
expression	714163fc-e8ac-44f4-9ea6-5ce42e628290	85d24c0f-9fc5-4ef7-bbc1-78b62abb3b30.rna_seq.augmented_star_gene_counts.tsv	f6a2d2428c19d4463e3dafc7f113abd2	4244933	Data Release 46.0 - August 10, 2026
expression	d5f6a32f-e1b7-4e45-ad6b-c97ade3b1294	9ae701e2-e7c7-460b-9957-914230394a32.rna_seq.augmented_star_gene_counts.tsv	1d0e2ad1621477d443c10447b6635323	4240001	Data Release 46.0 - August 10, 2026
expression	255d2ed8-2b59-486a-bfe2-0ba938b9aeb6	274f9dc8-eac5-4a19-8e22-f3af2201f50f.rna_seq.augmented_star_gene_counts.tsv	ce5ee4f6f74a6a35aee57857c5d71bd9	4235343	Data Release 46.0 - August 10, 2026
expression	c8c7259b-9f5e-4dfc-b915-d98b02eba28b	e895bcd8-5a29-4666-ab19-7e29840375cc.rna_seq.augmented_star_gene_counts.tsv	ffc9e2492ec172b04def3143394b91c3	4254918	Data Release 46.0 - August 10, 2026
expression	bddf0976-c04a-4391-b302-732051d506c5	810a4548-128f-40df-b18c-3d9d4e87aa8f.rna_seq.augmented_star_gene_counts.tsv	c814a8950ca91f8587a4520370eddf5f	4237249	Data Release 46.0 - August 10, 2026
expression	fc3d1c27-2956-4d74-991c-fc35d5c9ecbd	6ec6b3ce-0574-41d8-b22e-b27f3418adc6.rna_seq.augmented_star_gene_counts.tsv	ee7ee37206ed8066d3797f1ad1197fa4	4249355	Data Release 46.0 - August 10, 2026
expression	cd18a3e0-c431-478a-b5fa-4b75a17a33a7	25dd3b28-da34-4c9a-b4ba-e4c091250dc1.rna_seq.augmented_star_gene_counts.tsv	228ed266cf77594d0b8fa5dc95c1b844	4263380	Data Release 46.0 - August 10, 2026
expression	5cd2f5f2-1325-454e-94a3-253d475205ef	9849d0e7-d13b-4f3b-b73d-d67e635a96ed.rna_seq.augmented_star_gene_counts.tsv	98bb2f1488dd12dd03a977996930be43	4233018	Data Release 46.0 - August 10, 2026
expression	1317fb5d-608b-4c79-8198-f2ec68766224	1ad08c93-155b-4db8-9b88-a4e60cad9022.rna_seq.augmented_star_gene_counts.tsv	a8bb3e65e33fdc6fb9369f2f8d36f6df	4226090	Data Release 46.0 - August 10, 2026
expression	342bcdf8-2b01-45b8-9bb7-48f151345ac2	69050be8-52e8-42f9-8b49-9a6b36fad585.rna_seq.augmented_star_gene_counts.tsv	393ac68fbdab2701ccffacfc633f703d	4241544	Data Release 46.0 - August 10, 2026
expression	3c0ebda3-32a1-43ca-9b7b-0cb4c8caa33f	07d27a21-8ff2-48b1-81f4-94568d777837.rna_seq.augmented_star_gene_counts.tsv	3f0965b9b6f6e1bcf9dfca93f854fd18	4244171	Data Release 46.0 - August 10, 2026
expression	df48958f-3172-45ec-a6fb-88fc66ff6ae4	b87fe250-4800-4a9f-945e-7544057449d9.rna_seq.augmented_star_gene_counts.tsv	e0e5fa65dc6aabd84eb6329966c53673	4254453	Data Release 46.0 - August 10, 2026
expression	fff384b3-f8cc-4754-9860-74863ff3cc23	f431375a-981d-42ab-a65d-26dc2f276a11.rna_seq.augmented_star_gene_counts.tsv	690abe3ab772e6677c9e61e7748ab2d8	4258729	Data Release 46.0 - August 10, 2026
expression	a2c1332c-f9e9-4d41-bad5-e58ebf809800	be992b6a-3878-46dd-8e18-9fd0ee7e7b00.rna_seq.augmented_star_gene_counts.tsv	846d606eaf802c6c9aab02e8e9fc1cff	4249057	Data Release 46.0 - August 10, 2026
expression	3a9cb52e-6bc0-475c-9eee-230527a3e305	21273777-9444-4ea4-9e68-9ff6303e9997.rna_seq.augmented_star_gene_counts.tsv	d18b76c160ea916eb3f166f85c1b4499	4246920	Data Release 46.0 - August 10, 2026
expression	2b2ee0d4-4834-47a8-8362-6e95d83919ad	a35a6a12-5c15-4259-a0d5-b229f69368aa.rna_seq.augmented_star_gene_counts.tsv	b5dcde79cf6975b9c7fd263489f8e87d	4239453	Data Release 46.0 - August 10, 2026
expression	0498e4e5-f3cc-4fa5-9686-099ab9e435f4	59fe9111-5941-4230-9795-7df8064015a5.rna_seq.augmented_star_gene_counts.tsv	0bdb772bf36e1eecca7213f21e09a472	4250426	Data Release 46.0 - August 10, 2026
expression	ce71f29f-134d-4749-bf42-c9620e5c8651	84182188-2ce6-447c-9c83-304f44960f52.rna_seq.augmented_star_gene_counts.tsv	090f33752043a069ff6eefefa04a5c9e	4260499	Data Release 46.0 - August 10, 2026
expression	192e08f8-1c39-462a-8762-7e2c7f4d5eb0	28be9b76-f97a-467d-a4dd-0b511523dde4.rna_seq.augmented_star_gene_counts.tsv	75854084f2ab92211fe98cb91c9741fe	4240522	Data Release 46.0 - August 10, 2026
expression	d1280122-4cf1-4e12-9783-4a7038a28ac0	0fffe51a-2bac-4552-b731-3f496c41dad7.rna_seq.augmented_star_gene_counts.tsv	b42937b869ba473005606edf15cb3c51	4244919	Data Release 46.0 - August 10, 2026
expression	409aef9c-9085-4e66-a304-fc2aaabaf0d7	fad212ad-def1-4a4d-9e87-877b77d2f852.rna_seq.augmented_star_gene_counts.tsv	89b83bed681be7e3e122d6cb01ac307d	4244681	Data Release 46.0 - August 10, 2026
expression	c0a56cd2-b888-4ced-9f5c-0e450d539045	734923a0-f5ce-43b0-855b-aa36bd90653b.rna_seq.augmented_star_gene_counts.tsv	9544b96e274dece6eea7a9636a121f4a	4234375	Data Release 46.0 - August 10, 2026
expression	dd32c44d-eaf7-4739-94aa-430be880964d	d32d3857-8311-4338-b0f8-2813221bf1cc.rna_seq.augmented_star_gene_counts.tsv	a512109cca76ea25b1b0efd267b21f72	4237448	Data Release 46.0 - August 10, 2026
expression	6d1cfff6-d608-4ae2-ab75-9dd095323a40	b0ff1b60-0508-4fcc-913d-451c15fba2b6.rna_seq.augmented_star_gene_counts.tsv	0bd327dc8c5386479a595e0900b7fd62	4251121	Data Release 46.0 - August 10, 2026
expression	7af3ee8b-cb9e-47b9-9ddb-16006b20cb17	ac870378-2167-47c8-b906-fb18c59e1bcb.rna_seq.augmented_star_gene_counts.tsv	057bd4ce6269f162c9a5acc2f4d6e7da	4256396	Data Release 46.0 - August 10, 2026
expression	5d9c87af-9ac3-42a7-a0c3-84a490957188	4b2025a1-962d-42d4-8578-ff29e74a826d.rna_seq.augmented_star_gene_counts.tsv	fd71a28f572bd19dc5fa1915534a7077	4245258	Data Release 46.0 - August 10, 2026
expression	ca47a7ca-d9aa-4140-a74b-4a1c75fe9ad9	bb71d96c-d14e-4e9c-be07-17534f4b541b.rna_seq.augmented_star_gene_counts.tsv	9ed70bd9d9eddf64ed7521e76f5470cb	4235920	Data Release 46.0 - August 10, 2026
expression	1078f9da-8238-45d4-ac09-a4b5d3b75743	92e7f40f-841b-4c2f-90f5-36f5ce6bb364.rna_seq.augmented_star_gene_counts.tsv	b25e9d67ec135874dc44962f326497c1	4217450	Data Release 46.0 - August 10, 2026
expression	f6b85b88-29c7-4722-86f1-0c4c5fa0b819	c335308e-60fa-4ca7-ba9e-f8e53d0bf57c.rna_seq.augmented_star_gene_counts.tsv	3a09c248e2a0e51d7acf6b636750f6fe	4199064	Data Release 46.0 - August 10, 2026
expression	80ef1b28-350f-4ca8-8da5-a5afcaa0f2b8	655579e9-5419-4472-856d-00095588384d.rna_seq.augmented_star_gene_counts.tsv	f4dc492ea30f31c3713458de85a9b094	4240859	Data Release 46.0 - August 10, 2026
expression	c51b2e7b-b9e7-44a5-b09f-ba3377f1fc5e	5c2f4718-95d2-4390-a81c-734ed48b9493.rna_seq.augmented_star_gene_counts.tsv	e33c32e29e9394635830b2c4bbbbb8db	4229310	Data Release 46.0 - August 10, 2026
expression	d1e1f6c5-e3af-418c-89ed-8b68f8157f36	1bba75de-1a96-48aa-9900-12de3c95c9e6.rna_seq.augmented_star_gene_counts.tsv	02ba288590991f0f82652d635dd20628	4222224	Data Release 46.0 - August 10, 2026
expression	8eb67e14-ab2d-4d8c-a945-fbdc6ad6a7be	c1b13e89-976f-4aff-9bff-054118b30b92.rna_seq.augmented_star_gene_counts.tsv	e1a1e9844d0321cb8b68e578d4569b1a	4230502	Data Release 46.0 - August 10, 2026
expression	bdcb4d2f-7d86-4a59-8dbd-8b7300b45b72	141b1a1a-53ba-4736-a8cb-d599f17370f1.rna_seq.augmented_star_gene_counts.tsv	30bf294d4faab342290a49b7f00d373d	4255745	Data Release 46.0 - August 10, 2026
expression	02669516-0c84-46b4-9ff1-ab147ff1ddcc	5adfce9d-f650-4dd3-8382-28e475427cd1.rna_seq.augmented_star_gene_counts.tsv	7c5bcdba0d1186840a6c3d1e16a0bcc1	4243660	Data Release 46.0 - August 10, 2026
expression	5acfa9e0-c339-40aa-ab9f-0492fbc6db91	6189d0a9-6d52-40b3-81ac-a840738cfc71.rna_seq.augmented_star_gene_counts.tsv	5640405ad9bf043a73a61b8cd9fef92a	4230444	Data Release 46.0 - August 10, 2026
expression	34a71e25-c1fa-4f7a-9407-600964534fc5	30089c34-1338-4817-86d1-0e7536f6c379.rna_seq.augmented_star_gene_counts.tsv	f986cfe1814e8dd1b577d7c6f1a2169e	4239750	Data Release 46.0 - August 10, 2026
expression	cfcc7db1-9369-4151-9f31-2d7ef06f8ea3	d28a9806-ce0f-45da-a272-56a77b1a00b5.rna_seq.augmented_star_gene_counts.tsv	9221d69c9edd30259cf6d41a53d6f2b1	4239641	Data Release 46.0 - August 10, 2026
expression	ebd01ba8-06cd-417a-b41d-05379e430fd2	82a0446c-baf9-4d27-bc14-73e00dc729ab.rna_seq.augmented_star_gene_counts.tsv	2ea8804f5e9635ef7ef591108dbed245	4216844	Data Release 46.0 - August 10, 2026
expression	18913801-b38a-4439-8b34-25a7138e8fdd	c2fc96b4-551d-46ff-bd1d-65e1a8c5df2a.rna_seq.augmented_star_gene_counts.tsv	7a1f74fb303d23633f7eec3fffc4bc70	4243944	Data Release 46.0 - August 10, 2026
expression	3629b10d-fb7e-47a0-b2d2-4320de98fa17	6cabddd1-7dc6-45d2-9141-8133784c9605.rna_seq.augmented_star_gene_counts.tsv	9ed99a3c60bd0bbf5f1993ec0394bce5	4240097	Data Release 46.0 - August 10, 2026
expression	cbabaf06-c15c-4655-a6c2-89a523ec7a9e	9b0359cf-82be-4073-8360-5456ec05d6db.rna_seq.augmented_star_gene_counts.tsv	e568f71260177da68b00f109aa6060e7	4244989	Data Release 46.0 - August 10, 2026
expression	b766e689-e3ff-4d0c-8eb0-d81c1df638d4	df73d40c-8630-4922-9a5f-eb2a45b94efc.rna_seq.augmented_star_gene_counts.tsv	1f05fea3d11a17eb7d1b4c0b604cc5c9	4242934	Data Release 46.0 - August 10, 2026
expression	adc843d6-31ae-4803-ace4-48d1c198a8bb	af2ab584-0e7a-4eb0-95a9-232e628f3bcd.rna_seq.augmented_star_gene_counts.tsv	156e6f5e998b466780d0c9afcabb2fc9	4229584	Data Release 46.0 - August 10, 2026
expression	00ddbdd1-f29d-438b-820b-aacb111a3ec4	e635dbc7-ef8d-45e2-acd2-b961f0c8b600.rna_seq.augmented_star_gene_counts.tsv	3f46ec5b6db0e07d2e56469d5c3c98bd	4246312	Data Release 46.0 - August 10, 2026
expression	9c146666-fd40-4251-9b57-ee537addac17	093b3b97-0c32-487b-bc62-c06b98718fc0.rna_seq.augmented_star_gene_counts.tsv	7fdc3ecbae153dcd33f49bb949a31a23	4246566	Data Release 46.0 - August 10, 2026
expression	0fbdc947-5a9e-47de-b4fa-bbbf1ba4fd6b	5c1d9af2-e798-4e2f-83af-05c27225e3e0.rna_seq.augmented_star_gene_counts.tsv	a6fcd8d81c7eb941ac5a08b9424f0d39	4246293	Data Release 46.0 - August 10, 2026
expression	2fb6d7bd-f6df-45a4-b8a7-8de33119d52f	bfeb8843-342b-4369-bbf2-55534c3f1bbf.rna_seq.augmented_star_gene_counts.tsv	4c41c81c17da686baf76523e1e62fcb1	4221391	Data Release 46.0 - August 10, 2026
expression	db9d1bc8-9c20-4fbd-bfac-cf1faf1cad11	f701ac18-597c-47e3-ba03-1901724b02e5.rna_seq.augmented_star_gene_counts.tsv	40d25bab0f0868caa6e1fe0718a6e768	4232813	Data Release 46.0 - August 10, 2026
expression	69c0795b-d68f-4262-9e00-39eff5b66814	67b48fde-8db7-453a-ac70-c338fef76d1c.rna_seq.augmented_star_gene_counts.tsv	5273eee091b7fbe88db32902a82cad61	4246318	Data Release 46.0 - August 10, 2026
expression	5474fa69-b83c-44b9-8e1b-1b16406a42ed	ffc8654f-1fef-49cf-ab0e-004b87fba769.rna_seq.augmented_star_gene_counts.tsv	0a87b4abc08913408e2a124a1af9674b	4242236	Data Release 46.0 - August 10, 2026
expression	a936147d-36de-4749-9f38-c80e955c7186	dc9587a9-101c-4a7f-972f-0f84ab9b5067.rna_seq.augmented_star_gene_counts.tsv	c67f1d18906cd0a3420d67cc812aabcf	4257282	Data Release 46.0 - August 10, 2026
expression	f18443d3-f207-4c05-9738-d70e10d60cfc	e0e0e283-6d06-42be-a864-3f2d8cddbc65.rna_seq.augmented_star_gene_counts.tsv	c8f34f102727c9b2edf50b781b6cbec3	4249627	Data Release 46.0 - August 10, 2026
expression	7b3da303-63a6-4bd7-ab94-cf6e38dfe1e0	311272c7-bfd6-470e-a108-854c7f30576f.rna_seq.augmented_star_gene_counts.tsv	c7a8f232e491b21894624f89acdfbd4d	4251260	Data Release 46.0 - August 10, 2026
expression	7c7bfa90-8754-4170-b009-ba858bddcb38	8618f2c5-a266-45b5-be0b-8eaa64151ee2.rna_seq.augmented_star_gene_counts.tsv	15acd3c70cb78251cf90eb913b799247	4260117	Data Release 46.0 - August 10, 2026
expression	bf080139-5562-4d85-8a56-19bc15e80357	01b48ab6-4c3b-4b40-89a6-55d64017770d.rna_seq.augmented_star_gene_counts.tsv	c867540424ac8c6ba5dda4e35fa2c99d	4248310	Data Release 46.0 - August 10, 2026
expression	ba209e1e-87f1-47a9-a858-d60953ef4528	28089de8-830d-4774-937f-97d6dd7cfa0a.rna_seq.augmented_star_gene_counts.tsv	a339fd2a091fcbcc80556df747e75d70	4249477	Data Release 46.0 - August 10, 2026
expression	3b473c49-9140-4d1d-b9f9-0c9056e93d8a	0f9a5433-ed93-4d87-b9b5-4f7ec4d8992c.rna_seq.augmented_star_gene_counts.tsv	d592b9ec18939c157e45a5ff8bba9890	4227510	Data Release 46.0 - August 10, 2026
expression	9ea5c78a-10b6-4e76-a588-4a169817d01c	e11d7b56-c167-4239-804f-bd182a1af98d.rna_seq.augmented_star_gene_counts.tsv	ac440a9a267e0f5330ea266108e57e7c	4239973	Data Release 46.0 - August 10, 2026
expression	424b672b-e409-4b9c-821f-b9d16cc3f454	858bd794-e93f-45ac-a5b9-be348fe61c2d.rna_seq.augmented_star_gene_counts.tsv	f0b1e7a66b8e7271ae5b49f76eb4370b	4256929	Data Release 46.0 - August 10, 2026
expression	3537c794-46e2-4756-b1d5-f32896e24536	a57f68a2-225b-4be1-97b6-cab305c36ef1.rna_seq.augmented_star_gene_counts.tsv	869573acdbd5ccbd70c53f936723053b	4254673	Data Release 46.0 - August 10, 2026
expression	32fb5b1c-5eac-4afc-9eac-fdde0dfe60d8	cf882991-9d69-40f0-8b94-2e192b861acc.rna_seq.augmented_star_gene_counts.tsv	6930c08479472766b706aa3c52da6a08	4230965	Data Release 46.0 - August 10, 2026
expression	9c622d7a-d739-4d5d-824a-923414f13f6f	f6df6ae0-003e-4ba2-8a55-06734b4cbed3.rna_seq.augmented_star_gene_counts.tsv	90108338ef8a143b77dc31c40bee3289	4251902	Data Release 46.0 - August 10, 2026
expression	3f5f2871-02ed-48d4-9d26-e4fe823c7df0	529f4ec4-a6e5-4fad-a00a-75d2f060b356.rna_seq.augmented_star_gene_counts.tsv	92375ac92f742af4080e556515452432	4244915	Data Release 46.0 - August 10, 2026
expression	d99b2ce2-38a1-4d13-b8dd-7db33bfd360a	53daf7ed-88a6-4891-839c-71f5dbfd7694.rna_seq.augmented_star_gene_counts.tsv	5ac74f75160eeb8d952fc891370b316a	4245193	Data Release 46.0 - August 10, 2026
expression	4ab7002a-08f8-4187-96cd-8f3183336a5a	014cd25b-c543-4bad-ab82-017127a3f736.rna_seq.augmented_star_gene_counts.tsv	1e9b996a4f5e8114f3e4dae7ff9734af	4245053	Data Release 46.0 - August 10, 2026
expression	040e6555-b1a3-43ca-ae2b-a972fc01fa19	975ca807-d276-43f7-95e6-4b04bf2409c8.rna_seq.augmented_star_gene_counts.tsv	5e450e3b922b332c609f964a4d11ca29	4240383	Data Release 46.0 - August 10, 2026
expression	70060c00-5e4c-41f0-abff-f573881194aa	3410d45f-d7d8-4aa6-8f47-eac9404d5a7f.rna_seq.augmented_star_gene_counts.tsv	d429a8799c93cdf24d58f9965c8bc4a7	4257068	Data Release 46.0 - August 10, 2026
expression	4850ae76-fede-466d-9362-c0d2e16335ad	06f4ee9f-fc42-43cb-afa5-25af6e7533b6.rna_seq.augmented_star_gene_counts.tsv	1ec72bebda850756ffed8ee2f050160c	4261262	Data Release 46.0 - August 10, 2026
expression	5741a507-2543-4c6e-a927-2441813632b6	23bbf00e-f0af-450e-a95b-fa5feac64a5f.rna_seq.augmented_star_gene_counts.tsv	1d018d211e89d17cc5e506b96ee39701	4252463	Data Release 46.0 - August 10, 2026
expression	3de35a77-f963-45ff-bfad-a5f24dda75ef	732dff9f-5bcf-43c2-8ce4-062e2f49165a.rna_seq.augmented_star_gene_counts.tsv	78b6e46823750888607a7ef45186aa24	4257008	Data Release 46.0 - August 10, 2026
expression	5030b65c-c5f2-4bb8-afb6-1bd4c5b1abd4	7a82e30f-d736-41d9-a07f-275377f8fef1.rna_seq.augmented_star_gene_counts.tsv	1b52f17d7c38f01939022c241312b877	4238530	Data Release 46.0 - August 10, 2026
expression	a379934c-2794-4a0f-b9f2-f029aa938f35	80a4a852-fbcf-43da-b67a-c65683d33c54.rna_seq.augmented_star_gene_counts.tsv	bd1018c276a2d922e7cc41cd0b52fa8a	4237764	Data Release 46.0 - August 10, 2026
expression	4cc1c81c-7e39-4d3a-a142-3f64698d6c24	3aa59b3f-e62a-4aa5-8b98-2596b9ea6b0e.rna_seq.augmented_star_gene_counts.tsv	34bcc26d85613d40bb36c2d0c9b4768f	4247543	Data Release 46.0 - August 10, 2026
expression	ab718baf-6521-4738-a8cc-44b7fabf4be1	34b926af-5184-4ded-885a-5455aa85d212.rna_seq.augmented_star_gene_counts.tsv	c7fce12edbc2e1063e2c30e7db4208cb	4248072	Data Release 46.0 - August 10, 2026
expression	0f8d808c-2f62-4720-b32c-b5e76adab4ba	f995acfb-82fc-47ae-bba9-de699337ee15.rna_seq.augmented_star_gene_counts.tsv	67029f0599eb48fbca2b0e3807a15750	4249841	Data Release 46.0 - August 10, 2026
expression	b437c402-fc0d-4268-811e-d9a5a8280aca	c3b95983-1a8d-48f2-8782-fb6f22886cec.rna_seq.augmented_star_gene_counts.tsv	ca2520707d95db6031af54e8acb29556	4243517	Data Release 46.0 - August 10, 2026
expression	80156b04-f280-4915-8bc0-1667c178aa37	0d1cbb9d-5c1d-4395-b932-46e5a0789e55.rna_seq.augmented_star_gene_counts.tsv	94e311d39a2e46ea7f5ec508a23db53c	4243514	Data Release 46.0 - August 10, 2026
expression	c1215d68-5b15-44c3-9d25-73a77b0b5f31	55599384-574d-44e9-aa61-96d27b54aff1.rna_seq.augmented_star_gene_counts.tsv	fdc22fe3a0a24efb0b34113a68c81f55	4229992	Data Release 46.0 - August 10, 2026
expression	5d803708-5262-42a8-a390-71a3d800347d	147bf43c-c4f9-4cb2-9ccd-b468117ed7e5.rna_seq.augmented_star_gene_counts.tsv	e435801719e43f759ff97154268fc529	4261484	Data Release 46.0 - August 10, 2026
expression	ace1e7fa-7e2f-4bcc-a2cb-afb7f321ec1d	3ea7f9db-1aa9-4092-9761-b17df393ecf9.rna_seq.augmented_star_gene_counts.tsv	51d61f0f695548b6b5b3a752649fdaf1	4244760	Data Release 46.0 - August 10, 2026
expression	726754a2-6158-4eae-a2ce-5f880d33823e	e941ade9-6e68-481f-ab7d-1d520dc8830d.rna_seq.augmented_star_gene_counts.tsv	8ad6443a4fbf0a8a62e5fb5f1caea429	4246434	Data Release 46.0 - August 10, 2026
expression	ad0887f1-524a-4351-9ec3-8cbd380bbf9c	1df2f155-9e73-43fa-b63a-5f858242da8b.rna_seq.augmented_star_gene_counts.tsv	3138a62abf69bc308c15f27f8dcd0193	4263668	Data Release 46.0 - August 10, 2026
expression	b9a7cd9a-ff3d-4862-a03b-71f60e42ddea	129bb7a2-f494-42f1-9627-47a574f28de5.rna_seq.augmented_star_gene_counts.tsv	a277ef6bb50df4d69a4fdc6d01cdfb91	4251608	Data Release 46.0 - August 10, 2026
expression	f13427f3-3d78-4fc1-9523-64b4ae583494	5f685c09-1f01-4ae6-a8e9-5ecfdf1877d9.rna_seq.augmented_star_gene_counts.tsv	0bcbeef3e4c60c7798c083a2dab55619	4228953	Data Release 46.0 - August 10, 2026
expression	0c1c9170-9092-449e-afc2-0ef1d28ae07e	c0ef5bce-a76c-4fe7-99a6-9e3045eedea6.rna_seq.augmented_star_gene_counts.tsv	cee6b18ce39fe57451932efe07956f74	4245483	Data Release 46.0 - August 10, 2026
expression	c551e586-8040-47d7-928b-fe6b242ed81f	f91876eb-9bff-4ccc-b75c-85b4d237d2b8.rna_seq.augmented_star_gene_counts.tsv	854a0d9e0ca2e545cf28e9777309d9a2	4252325	Data Release 46.0 - August 10, 2026
expression	d70aa630-d9c6-49e0-858b-a5a8e268a92b	651937e1-dbc2-46cb-b101-ed0d9b6b8b7f.rna_seq.augmented_star_gene_counts.tsv	64277cd825eb052585e2a8e2704c23b2	4245239	Data Release 46.0 - August 10, 2026
expression	cac6d56b-22df-46a8-b98f-f59fa9257f5e	b72fae78-e0cd-47d7-a5cb-e179e1bc90b6.rna_seq.augmented_star_gene_counts.tsv	870f0c4b74cd6a87bf7640c25a6f1c10	4248639	Data Release 46.0 - August 10, 2026
expression	f44064f2-9839-4e4f-9510-8a5dd0ee1e56	81bb1bf7-c71e-42a8-932d-4461f26047a8.rna_seq.augmented_star_gene_counts.tsv	7f5ff1a2d7792b205445f411aaccd407	4229770	Data Release 46.0 - August 10, 2026
expression	bb9e4d64-ffbc-40b6-a3e5-d05aa7a51717	0d608ac8-82bc-4501-afe7-be9db97be1d6.rna_seq.augmented_star_gene_counts.tsv	f805ece7056d32fe3136266d83ec9eb0	4252855	Data Release 46.0 - August 10, 2026
expression	460999dc-ccec-4f00-bdf5-cf285375fade	b4d2a445-007a-405d-a55f-d8ad0213fd48.rna_seq.augmented_star_gene_counts.tsv	2e4463ce323cd7c3b5fe79ebac681f8d	4251335	Data Release 46.0 - August 10, 2026
expression	900aa358-a422-4edc-a65e-4b99f4b7625a	da3c2aa9-bdd6-4b4a-b0d6-0fc5f49002f4.rna_seq.augmented_star_gene_counts.tsv	ad6e433e446546890679b41651d714ba	4240306	Data Release 46.0 - August 10, 2026
expression	09b9e5e0-8901-452c-8c4b-baca1faddddc	62166c5e-1359-40e2-a83f-5a5b8447f15c.rna_seq.augmented_star_gene_counts.tsv	75fd6cb0280ae5df82122a51ebab40fd	4263382	Data Release 46.0 - August 10, 2026
expression	e35730b8-672e-4fdc-945f-84edaf143298	1d4f3d41-40bc-41ac-aeb0-b902c44bc7c4.rna_seq.augmented_star_gene_counts.tsv	709f341925c9f22b35ef0e263461f358	4249382	Data Release 46.0 - August 10, 2026
expression	c116495e-d80b-4f43-90ed-7103a83a284c	b4523c94-6642-4eca-acc6-53bbb95438f2.rna_seq.augmented_star_gene_counts.tsv	2d44980b2db0527ff2416156906be1df	4230637	Data Release 46.0 - August 10, 2026
expression	429ed057-ecc0-41e3-8774-afffe246bcee	86b19fed-9fed-493b-afc2-49104cedfcc2.rna_seq.augmented_star_gene_counts.tsv	36807b0940e710e934553ffbfbd5ee54	4251313	Data Release 46.0 - August 10, 2026
expression	7437d3a0-976d-4151-8f89-b30a4a092a60	b649c743-c5bd-4c00-a6dc-422021ac538e.rna_seq.augmented_star_gene_counts.tsv	d995ea875e7ad4cf2ffd3b89f5234db3	4235072	Data Release 46.0 - August 10, 2026
expression	d81180fa-51d8-4499-aed4-bbad365f67e1	6ff3d64c-4f44-483d-beee-8fa36aad7468.rna_seq.augmented_star_gene_counts.tsv	e4a487b53318331ce932fbafc51aa166	4242521	Data Release 46.0 - August 10, 2026
expression	f1525d22-a7b0-48b6-ab6e-737b5ebb1a39	df1678c7-4d27-4d19-a02d-3e7fa04f4d64.rna_seq.augmented_star_gene_counts.tsv	7a519619ffa96ad49f201a9d938318c3	4263891	Data Release 46.0 - August 10, 2026
expression	3324e6df-28f9-42d8-8465-0fcc2d618004	f08c47f7-7b61-46a2-a961-d5fced8ebde5.rna_seq.augmented_star_gene_counts.tsv	7856dad36155485af83ab4a94df9cfc6	4236104	Data Release 46.0 - August 10, 2026
expression	6d0df9bf-69d6-447f-b2d9-76391e95d61d	9e2b50ae-2a14-4825-918b-88488c9b3d82.rna_seq.augmented_star_gene_counts.tsv	2bcb712fc7b5b9cc453e66488516b0bd	4256500	Data Release 46.0 - August 10, 2026
expression	3c5c707d-2046-4dcd-a566-bea1eaf24f74	69003cd5-2aeb-4d84-a490-76667572ca0f.rna_seq.augmented_star_gene_counts.tsv	8d0ce3a27e891768675600cb4df19936	4250626	Data Release 46.0 - August 10, 2026
expression	e11c27d0-d5a0-4e7f-83e6-83b79f64d962	3c966504-93ff-48b0-bb34-16ef7a00ec63.rna_seq.augmented_star_gene_counts.tsv	17b992383584715afa47623c1f076bcc	4250352	Data Release 46.0 - August 10, 2026
expression	017de1fe-6f36-4324-a20a-9d9ee3439d8f	1b366431-2a13-45a5-a21e-931d473de6d4.rna_seq.augmented_star_gene_counts.tsv	6efc553ea2bad97e073df20c37701754	4250539	Data Release 46.0 - August 10, 2026
expression	915bec49-700e-44fc-af01-e96ab507aab3	3e8b587b-10c9-4e13-b4b9-c10dc8239ff8.rna_seq.augmented_star_gene_counts.tsv	1681a32ab92dfc3ee17f107ee59e2b8c	4235856	Data Release 46.0 - August 10, 2026
expression	8af84f63-5974-4e14-b818-73eb8678eaab	2f966351-8cdc-4e14-a646-f5a0262fdbf3.rna_seq.augmented_star_gene_counts.tsv	605527cb105627d536136bf913c3c002	4236149	Data Release 46.0 - August 10, 2026
expression	7e479a5b-d557-4838-b415-3ceb31d1a139	e3d35334-289e-432d-9d15-a88753817cf1.rna_seq.augmented_star_gene_counts.tsv	233fbf8d6684d0ce11cdce14f51504bd	4223363	Data Release 46.0 - August 10, 2026
expression	85746e9c-d9b1-419f-8f17-3b7927cc3c2b	173935db-f67f-4c16-bb7a-bccb7b52601e.rna_seq.augmented_star_gene_counts.tsv	e1a634668cbe086a91e8c008ad85ad46	4245106	Data Release 46.0 - August 10, 2026
expression	0af91fa3-3ad9-4ba3-9e29-8bd565871d69	2e7eb4b8-4f9a-48ff-9d0a-d54af72e50b1.rna_seq.augmented_star_gene_counts.tsv	1cf64ee29e3a7dd1d61cac29b5721ae3	4230661	Data Release 46.0 - August 10, 2026
expression	e673a5b6-c070-4068-b667-c7e81adfb4cf	58221495-6cdb-4363-aa29-8f0b1c42a6f5.rna_seq.augmented_star_gene_counts.tsv	53891b1f343853e402a57af21ac67a2e	4251414	Data Release 46.0 - August 10, 2026
expression	134f1661-5f67-4184-bab4-bc9c6f80c789	5d56bce7-d006-4a7c-aeb3-c99302c41b23.rna_seq.augmented_star_gene_counts.tsv	b1989d578c0b876c1285f4f56e374ca6	4199656	Data Release 46.0 - August 10, 2026
expression	17a7a252-7530-4f12-8cd8-50a049a1e653	97ed0f9c-f670-4da8-92d6-163ad4088402.rna_seq.augmented_star_gene_counts.tsv	253781ba8dfac68cf8a7656f493f66c6	4236629	Data Release 46.0 - August 10, 2026
expression	9998fd9d-b7a9-4a9d-b572-19a30a6ff775	7fb4be82-1d4c-40c3-9d1b-d5ced8d3c9ca.rna_seq.augmented_star_gene_counts.tsv	2601936fb2e148fe32ecd02e34376970	4240175	Data Release 46.0 - August 10, 2026
expression	c876a9c8-43b4-47ed-ba9d-727439ab8ef5	6749ec3d-aae3-4d53-b0d3-5732e48e720a.rna_seq.augmented_star_gene_counts.tsv	ff5073095eb0b395995bd935a5ea8e0e	4240513	Data Release 46.0 - August 10, 2026
expression	f478aca9-1fb9-4ef3-9c03-1bd592b2b1f7	6740a692-f136-4f79-9a7f-d1f5114a247e.rna_seq.augmented_star_gene_counts.tsv	a9c26c11ea77a45c7c95279d4b7be13f	4227339	Data Release 46.0 - August 10, 2026
expression	977c19ab-f472-4956-869f-e640960f1351	acc65c02-8a2b-4cd1-8a02-5187da1df978.rna_seq.augmented_star_gene_counts.tsv	8ea446815f54633e09f3375405c70f15	4216617	Data Release 46.0 - August 10, 2026
expression	9315dffd-edea-4710-92a8-810998e08cb1	0f7c2f99-0524-4b94-840f-abac69f702e6.rna_seq.augmented_star_gene_counts.tsv	379be859d00826f3ba1df9493267def4	4240417	Data Release 46.0 - August 10, 2026
expression	02c1c266-473f-437d-b768-20f685349ecb	8a31c02d-a429-4d4e-a461-8024bea95b1a.rna_seq.augmented_star_gene_counts.tsv	99830576f6aa4d8d8acea444c22df0d1	4232393	Data Release 46.0 - August 10, 2026
expression	577d7013-8d37-427c-82b0-24e46b891a34	4e586300-3127-4e57-9b8b-4d1178598974.rna_seq.augmented_star_gene_counts.tsv	4a20563fb736cf90536d9a1babe34250	4246694	Data Release 46.0 - August 10, 2026
clinical	eea53580-2543-4da1-8ba3-9757db4b67c4	nationwidechildrens.org_clinical.TCGA-A3-3336.xml	5c2e1718355a063eda47d7eb5a84e38a	29708	Data Release 46.0 - August 10, 2026
clinical	0ba1e042-94d4-4cca-8e92-2dd5a97b769b	nationwidechildrens.org_clinical.TCGA-AK-3430.xml	5ad288c4b495abedbb008df351768348	29838	Data Release 46.0 - August 10, 2026
clinical	dcaf3923-b06c-4e01-bfe1-8df1b615d62d	nationwidechildrens.org_clinical.TCGA-A3-3325.xml	3da0f96f5b14d3552269108c3dd07fc9	30193	Data Release 46.0 - August 10, 2026
clinical	8b9f8221-c2a0-40fa-abe4-fe82881a596f	nationwidechildrens.org_clinical.TCGA-BP-4999.xml	9442bde22ef0124034770f32a6040cd3	29873	Data Release 46.0 - August 10, 2026
clinical	4de22c82-a73f-4f24-a5c7-5661503f1667	nationwidechildrens.org_clinical.TCGA-BP-4158.xml	59d8fd39469ef2d0713e3f7f8961d3b6	29878	Data Release 46.0 - August 10, 2026
clinical	09991b1a-088f-4740-9216-4889c86624e9	nationwidechildrens.org_clinical.TCGA-B8-4148.xml	3f10050be6cad884a1afb9536e23a264	44630	Data Release 46.0 - August 10, 2026
clinical	3f3b2a5a-2b8f-463f-b924-6709eb9e9784	nationwidechildrens.org_clinical.TCGA-BP-5191.xml	992dfece7ddab04eb275a462371f5bf2	29920	Data Release 46.0 - August 10, 2026
clinical	1434d96c-47f4-424a-952e-2af81c9fd902	nationwidechildrens.org_clinical.TCGA-BP-4159.xml	6fef2cb13efad9bcf188de2144af2428	29925	Data Release 46.0 - August 10, 2026
clinical	6738b657-c37d-4312-8ebd-153ac752d363	nationwidechildrens.org_clinical.TCGA-B8-4621.xml	bc9c8f0e89d07a224ffea9bc2c0d5018	37616	Data Release 46.0 - August 10, 2026
clinical	447e061a-b76b-479a-8f1f-fc68dcc62033	nationwidechildrens.org_clinical.TCGA-B2-4098.xml	ee10ad4291d03e420aaac1ce9ac35425	30044	Data Release 46.0 - August 10, 2026
clinical	39f9fb5b-39b0-4585-bfac-1b7d45ae338d	nationwidechildrens.org_clinical.TCGA-BP-5178.xml	90575828e8d65e7839940a8a5d7b698b	57736	Data Release 46.0 - August 10, 2026
clinical	62311fb8-b9a4-4a87-8df2-c448b20dfc9f	nationwidechildrens.org_clinical.TCGA-B8-5162.xml	516816855fea86772f78f97f43b3df0c	43572	Data Release 46.0 - August 10, 2026
clinical	3e5d4534-a887-4914-920b-b6b76edaf766	nationwidechildrens.org_clinical.TCGA-A3-3328.xml	9e541ea9e4da30e4348004fe2c198fc1	30190	Data Release 46.0 - August 10, 2026
clinical	d2bfa085-bb49-4f35-aab6-14bebbe80198	nationwidechildrens.org_clinical.TCGA-CZ-4864.xml	4a9369ba585d8820b040a13b921439c4	30182	Data Release 46.0 - August 10, 2026
clinical	42457570-3993-4f5c-b3a8-71b284507a1c	nationwidechildrens.org_clinical.TCGA-AK-3455.xml	62c4debf3c21f4f842f5737ea158609d	29717	Data Release 46.0 - August 10, 2026
clinical	d5e3f8d2-1691-4615-b124-a70997a586b2	nationwidechildrens.org_clinical.TCGA-AK-3429.xml	83416d4750b496f49bd7e765eb1fb7ca	37600	Data Release 46.0 - August 10, 2026
clinical	6a0fd7d6-775d-40c4-91d2-8ede74b6580c	nationwidechildrens.org_clinical.TCGA-BP-4327.xml	6463f3aad83239698dfbc3223c4373b4	29861	Data Release 46.0 - August 10, 2026
clinical	c4a5c2bc-ab38-4608-a60c-59252a2980b1	nationwidechildrens.org_clinical.TCGA-CZ-4854.xml	4cec5125bb947a1de3395b60526389bb	30329	Data Release 46.0 - August 10, 2026
clinical	e079d821-7b3f-4179-881e-5dce32b5e584	nationwidechildrens.org_clinical.TCGA-B0-4707.xml	abf14279d22824c9f3a463d499fb27fa	30053	Data Release 46.0 - August 10, 2026
clinical	3f2e554b-37cb-4799-b71a-7305ad4ca861	nationwidechildrens.org_clinical.TCGA-CW-5584.xml	039043ef5a8a2084a40e3d13498d07cd	29825	Data Release 46.0 - August 10, 2026
clinical	450d5311-b86c-4cb7-a115-c318c0b0d5cd	nationwidechildrens.org_clinical.TCGA-CJ-5683.xml	258c2e5b8a7129dbee281a848a21ca37	30106	Data Release 46.0 - August 10, 2026
clinical	b707e4c8-5e65-4374-a2ca-bc7478fcfc82	nationwidechildrens.org_clinical.TCGA-DV-5575.xml	94b071f1b04988377d23bd513d86b66c	37227	Data Release 46.0 - August 10, 2026
clinical	e27e4806-8dd6-48b6-b3fe-25c001fd776e	nationwidechildrens.org_clinical.TCGA-BP-4337.xml	659d1e778a2eed7108ed47d11c88ab67	29863	Data Release 46.0 - August 10, 2026
clinical	b826556d-4d67-4a90-b103-adfc87e13a5d	nationwidechildrens.org_clinical.TCGA-BP-5007.xml	ea22a4c4215cdfbb8796d0e182833215	29927	Data Release 46.0 - August 10, 2026
clinical	7b3aa62c-586f-4d63-a09c-d3d5f7ca9652	nationwidechildrens.org_clinical.TCGA-CW-6097.xml	8f600a01dbff552de8ac108cca8f219e	35838	Data Release 46.0 - August 10, 2026
clinical	a52a4f55-937d-4d2a-b003-a6355868e977	nationwidechildrens.org_clinical.TCGA-BP-4340.xml	0c15a3995f3795395d47197e375c08a3	29805	Data Release 46.0 - August 10, 2026
clinical	56fe484e-e183-4b9a-87d7-fd4e60309e14	nationwidechildrens.org_clinical.TCGA-CW-6088.xml	bfad9ca05b3251553fd320e55d2bd7b1	30162	Data Release 46.0 - August 10, 2026
clinical	9dbaf184-87be-4e81-a47e-230ae5a9529b	nationwidechildrens.org_clinical.TCGA-B8-4620.xml	efd43e2bdcba5361280833b66eb8dfc8	37881	Data Release 46.0 - August 10, 2026
clinical	8bb14175-e5c4-45b7-95fa-cd59f2115a10	nationwidechildrens.org_clinical.TCGA-A3-A6NI.xml	b5e61f74d402a9abe79494e336c871c6	31035	Data Release 46.0 - August 10, 2026
clinical	ead028ce-d52a-4d4a-bc87-ca257d9ef536	nationwidechildrens.org_clinical.TCGA-CJ-4635.xml	ba24bde02551a6718f7c4aabce377382	30005	Data Release 46.0 - August 10, 2026
clinical	82ec71c1-c61e-474e-87b8-713b4e79e9f6	nationwidechildrens.org_clinical.TCGA-CJ-4902.xml	590bc5ad4e67e7deef4edd587c09c2a0	30127	Data Release 46.0 - August 10, 2026
clinical	b50f1838-c824-4e60-8b37-9cc078c78b27	nationwidechildrens.org_clinical.TCGA-B0-4819.xml	6fdedb06757caff36fb9e0bd1700abfe	30051	Data Release 46.0 - August 10, 2026
clinical	33a8fef3-f306-4a6c-8bd1-e8018e94e723	nationwidechildrens.org_clinical.TCGA-B0-4827.xml	4aeea79568207caf8ae2e009d29214e9	30284	Data Release 46.0 - August 10, 2026
clinical	00b1d39b-5bc0-409e-b7e4-3c6ec1fbd8c2	nationwidechildrens.org_clinical.TCGA-BP-5190.xml	fa361c18fcfb06088f8320bd299ad5f7	29870	Data Release 46.0 - August 10, 2026
clinical	e038b987-0e42-41e6-8def-0e034dd3e95c	nationwidechildrens.org_clinical.TCGA-BP-4335.xml	4ed7fdd49449c7338d8489b924b9f1b4	67397	Data Release 46.0 - August 10, 2026
clinical	0c312723-9cf3-422a-b458-42902767182e	nationwidechildrens.org_clinical.TCGA-BP-4962.xml	de64dcf5a1aab3efb609a1128469e64b	29828	Data Release 46.0 - August 10, 2026
clinical	4eae4083-8d57-4c2a-9e9b-d7d5ff2fa390	nationwidechildrens.org_clinical.TCGA-CJ-4872.xml	b361ab58eda577ed1c9dd746f31b5eca	30129	Data Release 46.0 - August 10, 2026
clinical	3117d9b9-9837-4ea2-b658-7e90e406e055	nationwidechildrens.org_clinical.TCGA-BP-5000.xml	fe5f94db796c4a9b370cf504171457ee	29830	Data Release 46.0 - August 10, 2026
clinical	39c71590-158f-4c4c-8d56-1115bab7e201	nationwidechildrens.org_clinical.TCGA-BP-5192.xml	dde2a0eaf0ab5a3c72ad1cdc8004ebdb	29827	Data Release 46.0 - August 10, 2026
clinical	c34ea5e9-94d8-4671-888c-6cf76f597413	nationwidechildrens.org_clinical.TCGA-G6-A8L7.xml	2f10e0ca6ac3f558f3b5ecfd1fc3eb29	31443	Data Release 46.0 - August 10, 2026
clinical	5d4a92ad-e73a-413c-bc43-12ec4e6695a8	nationwidechildrens.org_clinical.TCGA-CJ-4897.xml	ca3767e08f9fe0612cd9969e4fd4b7e9	37985	Data Release 46.0 - August 10, 2026
clinical	a2f14a06-a0ff-4285-8db6-5c9d41903679	nationwidechildrens.org_clinical.TCGA-B8-5164.xml	ff2939902617f8b29fa63c5534d7eeec	37173	Data Release 46.0 - August 10, 2026
clinical	ea12b011-f5c2-45f4-a54d-c01f1b03a453	nationwidechildrens.org_clinical.TCGA-BP-4985.xml	dc8b848d20ef6909f49cb644c38ba14d	60505	Data Release 46.0 - August 10, 2026
clinical	154a9834-2b64-4c88-b50d-70d83cd9c708	nationwidechildrens.org_clinical.TCGA-A3-3324.xml	22464b55c7b156a236b0c5be6c25c0f2	29617	Data Release 46.0 - August 10, 2026
clinical	39b19c10-35fd-4688-bb9f-b422c6937fb6	nationwidechildrens.org_clinical.TCGA-CZ-5459.xml	cc70afa268c9dc285c711130a392b522	37426	Data Release 46.0 - August 10, 2026
clinical	849b1fb2-d15f-40a9-94b4-80e80501bc3c	nationwidechildrens.org_clinical.TCGA-A3-A6NN.xml	1c86995c875b59827854a3a95687e146	23325	Data Release 46.0 - August 10, 2026
clinical	75dc73e4-fdc8-4d1a-9650-ea23cfa0d070	nationwidechildrens.org_clinical.TCGA-B8-A54J.xml	8cbc51776d9a77f8c921a628687aa129	30925	Data Release 46.0 - August 10, 2026
clinical	e813649d-a621-4773-8ada-0910ad2397d4	nationwidechildrens.org_clinical.TCGA-B0-5099.xml	ba807464ac5bd2b03d48d13ce14c85b9	29996	Data Release 46.0 - August 10, 2026
clinical	c2ae9b1f-57a2-4f71-949d-d43e1821094b	nationwidechildrens.org_clinical.TCGA-CJ-4638.xml	6bdefa285e147986171598fd35997003	59763	Data Release 46.0 - August 10, 2026
clinical	f8efdce9-8a5b-4e8f-9026-0d401863610a	nationwidechildrens.org_clinical.TCGA-BP-4352.xml	3b659c1e7aceac16b6d51cdd13aa97b8	65456	Data Release 46.0 - August 10, 2026
clinical	1c29e307-b472-49b3-aa27-95ada59aaa4a	nationwidechildrens.org_clinical.TCGA-B0-5097.xml	42e2df7226a80095b8f20743da3807d6	35378	Data Release 46.0 - August 10, 2026
clinical	854c92f7-94b9-4754-8102-6f0256bec611	nationwidechildrens.org_clinical.TCGA-CJ-5686.xml	a2f9beaa247e7fb1a7279677b9da1e09	30033	Data Release 46.0 - August 10, 2026
clinical	0ad0e411-419e-40e6-aede-8d1214c5dab1	nationwidechildrens.org_clinical.TCGA-B0-5077.xml	57aa9107c8c27f24b89521a2ff62c2d9	30158	Data Release 46.0 - August 10, 2026
clinical	6ba1c8a1-9b5c-4033-9161-868b2fa8777b	nationwidechildrens.org_clinical.TCGA-A3-3374.xml	feb6f411a1b20b0e5ec8e88f4a0e8ac4	29529	Data Release 46.0 - August 10, 2026
clinical	d0b617ba-f90d-4421-9899-2f28fd0aa60f	nationwidechildrens.org_clinical.TCGA-CJ-4923.xml	abcb49d90f49b57dff88f1e8499c3bd0	36457	Data Release 46.0 - August 10, 2026
clinical	3fb1f0e6-e3a3-43b7-8228-04c3d25d338f	nationwidechildrens.org_clinical.TCGA-CJ-5681.xml	af1366dd8662d2c20678ed4c2a739c79	59962	Data Release 46.0 - August 10, 2026
clinical	708d7ab1-317d-491c-8ebc-00bd047a70f4	nationwidechildrens.org_clinical.TCGA-BP-5175.xml	56af48aac81d119e0c74abb0c04fc409	29778	Data Release 46.0 - August 10, 2026
clinical	1469da77-051a-423e-a6e1-16d7a876543a	nationwidechildrens.org_clinical.TCGA-A3-3319.xml	48b4f3aeafac8622656f13ee32aa0f81	29617	Data Release 46.0 - August 10, 2026
clinical	b4bf0240-9347-45a5-8807-6c0f67060612	nationwidechildrens.org_clinical.TCGA-B0-5706.xml	084482f97d35c9b86eb93c2a6699db06	37622	Data Release 46.0 - August 10, 2026
clinical	bc2e85e2-5c3d-433d-bbd2-9e891a8ec06e	nationwidechildrens.org_clinical.TCGA-CJ-4918.xml	691f44ef4b02c9a77609140baf3fce3d	36501	Data Release 46.0 - August 10, 2026
clinical	9622297a-c50b-4349-a5be-8baf09e0de80	nationwidechildrens.org_clinical.TCGA-B0-4706.xml	95b1198cc4072229cf42feae84da0022	30046	Data Release 46.0 - August 10, 2026
clinical	58665dc0-0ad0-4116-9e33-8ae126f0c97d	nationwidechildrens.org_clinical.TCGA-BP-4166.xml	4ecf37d6c32f2041a5592cc0e8601363	29878	Data Release 46.0 - August 10, 2026
clinical	410caa3d-5ec9-49ed-974f-27ff0f288b6e	nationwidechildrens.org_clinical.TCGA-BP-4173.xml	0e1f01828ae366fda87159a51f4bca59	29881	Data Release 46.0 - August 10, 2026
clinical	0ddc7b3d-59ff-4562-b955-021080ad073a	nationwidechildrens.org_clinical.TCGA-BP-4803.xml	6e3e13bfc199310c4c30314159594a6d	30021	Data Release 46.0 - August 10, 2026
clinical	0432eade-733a-4e83-bdf2-0f10d7372c80	nationwidechildrens.org_clinical.TCGA-B2-3924.xml	d510c34b1d6889bf181b822199893f8b	37519	Data Release 46.0 - August 10, 2026
clinical	e46d2af7-1dca-4974-a9d6-e960c4001b1b	nationwidechildrens.org_clinical.TCGA-A3-3383.xml	fc9c27c233fd02a237d55860b4dec2af	29516	Data Release 46.0 - August 10, 2026
clinical	499e64e1-bb00-406f-8b71-a2372e6f6b51	nationwidechildrens.org_clinical.TCGA-B8-A54E.xml	4614b3ba1506fdd7cc98d7e9d3e1d97d	31009	Data Release 46.0 - August 10, 2026
clinical	f04bbcf8-d807-459c-ab12-c880db7d1d52	nationwidechildrens.org_clinical.TCGA-BP-4983.xml	9cc201ef17bf5ed86714ffb100c31d59	29834	Data Release 46.0 - August 10, 2026
clinical	2d458c73-f00f-4361-925e-28846887810f	nationwidechildrens.org_clinical.TCGA-B0-5085.xml	9d1f41d84d885d0c3c6d50ff522caf0f	29979	Data Release 46.0 - August 10, 2026
clinical	5dc96398-eec6-4c3c-82eb-5c30e11dd7c5	nationwidechildrens.org_clinical.TCGA-BP-4781.xml	edc87eb57933eb8890bf66a77120cc34	30018	Data Release 46.0 - August 10, 2026
clinical	3d9c0d38-bac0-4793-8690-092f31763f34	nationwidechildrens.org_clinical.TCGA-AS-3778.xml	36f1a2a1f9e61a4b6e9bc754c0d37834	30202	Data Release 46.0 - August 10, 2026
clinical	f67d4405-82ae-42b9-a254-7a4b14f2cda4	nationwidechildrens.org_clinical.TCGA-BP-4329.xml	303bd754838f80f2396788c109cd51af	61744	Data Release 46.0 - August 10, 2026
clinical	a48d2bd0-bf29-47b5-84be-d65118f95dd5	nationwidechildrens.org_clinical.TCGA-B0-5083.xml	031fdca834fc63cc22e246ba48c47173	29836	Data Release 46.0 - August 10, 2026
clinical	bf0912df-bb36-4517-bb74-597b6f189c7c	nationwidechildrens.org_clinical.TCGA-B0-5711.xml	bba8e9ce4bd1efb55146809c3ca40177	37797	Data Release 46.0 - August 10, 2026
clinical	4789d058-0c16-4b4f-a29a-da7ffca2ffbe	nationwidechildrens.org_clinical.TCGA-B8-4154.xml	f56d1df6292727614931332a164a2ced	44627	Data Release 46.0 - August 10, 2026
clinical	26b34112-5065-401c-9765-a5ba93edb8d5	nationwidechildrens.org_clinical.TCGA-B0-5701.xml	25c571d594a62b0db98a143891eef665	43657	Data Release 46.0 - August 10, 2026
clinical	031420d7-cb2e-41ba-b939-d96696c10cf3	nationwidechildrens.org_clinical.TCGA-BP-4774.xml	45efae0916b0a30350897e6f93501336	29836	Data Release 46.0 - August 10, 2026
clinical	c52ff684-8047-413e-8f16-2f7978b63fda	nationwidechildrens.org_clinical.TCGA-A3-3387.xml	9d0e97b4c6a3ffe0191c639304f43092	29651	Data Release 46.0 - August 10, 2026
clinical	4541477d-93b4-4dc3-b206-7a09da8f96db	nationwidechildrens.org_clinical.TCGA-B4-5844.xml	039c695ea442a8257e262ec0c753ac99	30438	Data Release 46.0 - August 10, 2026
clinical	9b47c0c9-5c59-4d54-bc02-1e777cbddb24	nationwidechildrens.org_clinical.TCGA-CJ-4644.xml	bee92bb6f47d69f877b26bfa549e0c7d	71072	Data Release 46.0 - August 10, 2026
clinical	346a779c-0d1b-405f-82f7-ab14ea88dd97	nationwidechildrens.org_clinical.TCGA-BP-4756.xml	05ac1381b5d4636dd6187b4cc8e65dbc	29881	Data Release 46.0 - August 10, 2026
clinical	755e5f0f-cd5c-49ab-a2d0-2cdeacc9dc48	nationwidechildrens.org_clinical.TCGA-B8-A54D.xml	eb97fc479499afc06369657668a45c7e	31010	Data Release 46.0 - August 10, 2026
clinical	1d453e6e-4129-4c0d-9974-6e2522fbea3e	nationwidechildrens.org_clinical.TCGA-B8-4151.xml	aa164ac387436c31b837afe88f67e8b3	44629	Data Release 46.0 - August 10, 2026
clinical	9d443a3e-f3d6-4d37-b638-5c305ac34524	nationwidechildrens.org_clinical.TCGA-CJ-4869.xml	441f51fe43c99246c2f55157182a83c2	42598	Data Release 46.0 - August 10, 2026
clinical	2294106d-4706-4504-953b-36d0f2368d91	nationwidechildrens.org_clinical.TCGA-A3-3359.xml	da674a63fa5d73f2966d5ee8dabe265a	30188	Data Release 46.0 - August 10, 2026
clinical	9d2e3949-7acc-4048-8156-e4188d856b3f	nationwidechildrens.org_clinical.TCGA-CZ-4856.xml	d02edc436704e34ad1e7c6c1503d4eef	36956	Data Release 46.0 - August 10, 2026
clinical	9d9157a9-9ff8-4e98-94a9-ad32af15383b	nationwidechildrens.org_clinical.TCGA-BP-5201.xml	fdd554f995234b9c294103aefde6659f	36350	Data Release 46.0 - August 10, 2026
clinical	eb4656e7-b8df-4f93-9f9d-26318d4f654e	nationwidechildrens.org_clinical.TCGA-CJ-4894.xml	951d0a5c918fe39261d82705f2b3647d	36572	Data Release 46.0 - August 10, 2026
clinical	bcbc6156-d9a4-42f6-b581-80c7e0991db7	nationwidechildrens.org_clinical.TCGA-BP-4331.xml	156fe5127c125d5889f83ba21b8e4451	29847	Data Release 46.0 - August 10, 2026
clinical	27061c62-ed13-42bb-8882-667f9dd253b4	nationwidechildrens.org_clinical.TCGA-A3-3343.xml	345e7c7a8a71301be48de93224002b77	29753	Data Release 46.0 - August 10, 2026
clinical	7096c6d0-55ef-4979-a697-bbd728a76eaf	nationwidechildrens.org_clinical.TCGA-CJ-4636.xml	44c2cc96556e2b1431ed20541a54c16f	30064	Data Release 46.0 - August 10, 2026
clinical	27f9ae3d-2cbd-4ab3-bed9-6e9287f914ed	nationwidechildrens.org_clinical.TCGA-DV-5574.xml	55c66f2e7a832332e7b47693a6f4cfb2	38097	Data Release 46.0 - August 10, 2026
clinical	c79d895f-a969-48ef-b35a-0a855a60cf3f	nationwidechildrens.org_clinical.TCGA-A3-3358.xml	691167f8d96c2a9221c173f839a30cb9	29694	Data Release 46.0 - August 10, 2026
clinical	497bfe58-f51f-4abf-b0ff-bbffacd3ec30	nationwidechildrens.org_clinical.TCGA-CZ-4865.xml	b87ab9a77eafaa48e8eeec5c3fb2e9e4	30108	Data Release 46.0 - August 10, 2026
clinical	f106f844-ce21-4810-b64c-3cad14a0fc26	nationwidechildrens.org_clinical.TCGA-BP-5006.xml	81211c3a5107e9d043da02ee83ec4ccd	29878	Data Release 46.0 - August 10, 2026
clinical	fa0568cb-bbc4-42ad-ae59-ee4d304909e1	nationwidechildrens.org_clinical.TCGA-CJ-4643.xml	5f253402b375cbfa2cb4b5f67c9b3fbf	30009	Data Release 46.0 - August 10, 2026
clinical	cdef15de-bcf0-48e1-b9a0-d098c3861088	nationwidechildrens.org_clinical.TCGA-BP-4347.xml	6d73bafc8765b9a433acfebb75925993	29873	Data Release 46.0 - August 10, 2026
clinical	39d51883-f2ff-4d49-9fdc-ff3f2aa59e72	nationwidechildrens.org_clinical.TCGA-B0-4714.xml	acfcf8ae784a4d6f2bc4d106cd82ec06	30037	Data Release 46.0 - August 10, 2026
clinical	e75c2aba-2c51-4ca8-8c86-6931ccf20d06	nationwidechildrens.org_clinical.TCGA-BP-4972.xml	40896cd6e90aa8a034069bdb3886d75b	29835	Data Release 46.0 - August 10, 2026
clinical	87d0d434-f296-49b7-aad5-8fef9cb6f2d8	nationwidechildrens.org_clinical.TCGA-BP-4991.xml	c8916e4256e3f03b2baf43e70fd70a1e	29830	Data Release 46.0 - August 10, 2026
clinical	4040ddea-9e0b-4cdd-9854-bbadb89e2493	nationwidechildrens.org_clinical.TCGA-CJ-4908.xml	9353ff783cb496c8c759c58608ffc4ba	30166	Data Release 46.0 - August 10, 2026
clinical	0ed1c15e-a2f4-470c-8b3e-a1410d310451	nationwidechildrens.org_clinical.TCGA-B0-5109.xml	8871838e10eaa2de9e4e08406f5e34c3	30349	Data Release 46.0 - August 10, 2026
clinical	1f07face-1686-45a9-87ea-f8a6fdffbf7d	nationwidechildrens.org_clinical.TCGA-AK-3456.xml	71a9dcee78534a4c4b4cd65361c1454d	29843	Data Release 46.0 - August 10, 2026
clinical	4051e914-c239-4224-9b2a-8068c7f6d6d2	nationwidechildrens.org_clinical.TCGA-B0-4821.xml	34f6127906ed16885ead8df5e6299a9c	29948	Data Release 46.0 - August 10, 2026
clinical	f783ab77-52a2-49bc-9f5d-b37cc99b7847	nationwidechildrens.org_clinical.TCGA-CZ-5463.xml	73cbbcd030698a1865302a1c64330591	36818	Data Release 46.0 - August 10, 2026
clinical	12e555be-ef43-4ee7-a87f-bfc67ca021c2	nationwidechildrens.org_clinical.TCGA-B2-5633.xml	67f5fbd92385b47b22830dd4136d4981	37475	Data Release 46.0 - August 10, 2026
clinical	1b97e45d-2eed-48fc-8011-2fa96ee225e0	nationwidechildrens.org_clinical.TCGA-A3-3316.xml	6186d12f980a1d7cbbfac74b4caa426d	29617	Data Release 46.0 - August 10, 2026
clinical	b8aa3b99-21ba-49b9-b0c7-ef66837cdea8	nationwidechildrens.org_clinical.TCGA-B8-A54I.xml	824193f29b1bfe34d1ca86568e6c2e82	30682	Data Release 46.0 - August 10, 2026
clinical	b27ff2e2-0692-4398-ab6e-9b68ec8beb6f	nationwidechildrens.org_clinical.TCGA-B0-5699.xml	a61c051b05cd15a5918c9dd5220c78b0	37673	Data Release 46.0 - August 10, 2026
clinical	c0af95a5-69dd-4fcf-bb7b-0452748b6e0b	nationwidechildrens.org_clinical.TCGA-B0-4698.xml	d1cc911cbed2772ba5fb6e84ed14ad56	30150	Data Release 46.0 - August 10, 2026
clinical	3a1e5a9b-670a-4ed4-9061-d2d250e21ce7	nationwidechildrens.org_clinical.TCGA-3Z-A93Z.xml	a468f62a1f1a553b0d3adfd80c4493de	31231	Data Release 46.0 - August 10, 2026
clinical	d9d96d15-1d00-4fca-b724-71dabfe9ee69	nationwidechildrens.org_clinical.TCGA-BP-4325.xml	5166443a9de0ad90620c1958b1d0392d	29834	Data Release 46.0 - August 10, 2026
clinical	f3d12b24-322b-47e6-9919-85779772bc30	nationwidechildrens.org_clinical.TCGA-CZ-5462.xml	8ad1192dca619cf483a80377f01ef0ec	36339	Data Release 46.0 - August 10, 2026
clinical	4667e56c-d5b4-4bc5-abc4-3a5848db1308	nationwidechildrens.org_clinical.TCGA-BP-4804.xml	9a04f406f56e01dc6460765f070cb1f3	62329	Data Release 46.0 - August 10, 2026
clinical	84473d36-4a75-4f38-aea8-307dc2eaecee	nationwidechildrens.org_clinical.TCGA-CJ-4874.xml	e26b97ae737d4aec4a8cab69f45fa862	29992	Data Release 46.0 - August 10, 2026
clinical	4b194625-304e-4959-81d5-60d0934cef7f	nationwidechildrens.org_clinical.TCGA-B0-4844.xml	23df5d9627816b9b4207ca6462e824c3	46636	Data Release 46.0 - August 10, 2026
clinical	cc3e079f-e796-4e1d-9a62-60af4770c0f5	nationwidechildrens.org_clinical.TCGA-BP-4766.xml	65b65f166b34455a5a86186fd38f632d	29830	Data Release 46.0 - August 10, 2026
clinical	3cb65dfd-14e5-4a5a-84e1-49e456c85d99	nationwidechildrens.org_clinical.TCGA-A3-3306.xml	2c81b9697c472dbf2888c411da92289f	22623	Data Release 46.0 - August 10, 2026
clinical	87b271b6-2158-4a3d-b557-e5f30a353148	nationwidechildrens.org_clinical.TCGA-CJ-4901.xml	2f267f4d020dce055201b23a173f8851	30124	Data Release 46.0 - August 10, 2026
clinical	457c3ad2-89cf-407c-8bb8-dfe5c3836a88	nationwidechildrens.org_clinical.TCGA-GK-A6C7.xml	152dc74465a6f9b7f1059b0b922ec79c	31001	Data Release 46.0 - August 10, 2026
clinical	93126fc1-f5c9-4046-ae1f-f49b2d349421	nationwidechildrens.org_clinical.TCGA-B0-5707.xml	29789014ea6ae6bfcdcecda6966946c3	37457	Data Release 46.0 - August 10, 2026
clinical	5bd5f0aa-a1df-4323-a6fb-d585a98d9aaa	nationwidechildrens.org_clinical.TCGA-CJ-4885.xml	359e56f9807158b1098b8775c8ff5a30	37858	Data Release 46.0 - August 10, 2026
clinical	b0395e4a-af15-455c-8a60-e58ece3ee283	nationwidechildrens.org_clinical.TCGA-B2-4099.xml	4da3d14d133b0e54ce8edfdb875a5b13	37318	Data Release 46.0 - August 10, 2026
clinical	efbf6ac2-f6cf-43b4-8f88-3a39e95be3fc	nationwidechildrens.org_clinical.TCGA-B0-4848.xml	46c2cf0e16445c88e7d0f13439567a8a	30198	Data Release 46.0 - August 10, 2026
clinical	b6139acb-6b2a-4a3b-8d29-5c168092738d	nationwidechildrens.org_clinical.TCGA-B0-4842.xml	21f1ee3cc6d9868f9d3485c8f80a45a6	30275	Data Release 46.0 - August 10, 2026
clinical	a977e96c-e0ec-4505-8c86-579b6538ae1d	nationwidechildrens.org_clinical.TCGA-A3-3311.xml	045b225dd8ffbba8cd01bcbc857f9394	29612	Data Release 46.0 - August 10, 2026
clinical	23b81d45-2813-42c1-a5aa-f1f79bcc1908	nationwidechildrens.org_clinical.TCGA-B0-4697.xml	018c16daadfec016f22ceb70af39fa46	30275	Data Release 46.0 - August 10, 2026
clinical	683c6859-5848-475f-a8ff-30cfebe609a5	nationwidechildrens.org_clinical.TCGA-A3-3313.xml	c25d14605c45f8ffe2ae5d9796d61e13	29631	Data Release 46.0 - August 10, 2026
clinical	9abd5d5a-0cc8-461f-88ee-d71b932bcafd	nationwidechildrens.org_clinical.TCGA-B0-5098.xml	270f5671fdb9161fbbbf6da397b60677	30024	Data Release 46.0 - August 10, 2026
clinical	f0db8702-852b-4322-9693-07cd30d6f1a7	nationwidechildrens.org_clinical.TCGA-CJ-4868.xml	9c20d0fbff773183a94af450dfc8bfec	82159	Data Release 46.0 - August 10, 2026
clinical	9f45c483-85ff-4332-bf75-cf1f1f210cd5	nationwidechildrens.org_clinical.TCGA-EU-5905.xml	4a75eccecdb1a5b9b27cfb9a968ec109	30291	Data Release 46.0 - August 10, 2026
clinical	816b9083-bf60-4588-b5c1-f65c2e3b8106	nationwidechildrens.org_clinical.TCGA-BP-5186.xml	09d4fda9fe3b0e11965a5cf8849a56b5	29879	Data Release 46.0 - August 10, 2026
clinical	cb59a2d2-cb7d-4149-b072-c4cdcb0e1ed5	nationwidechildrens.org_clinical.TCGA-CJ-6033.xml	f90fe6a87dae9dea475382f944e53bbf	61665	Data Release 46.0 - August 10, 2026
clinical	8361b36c-02df-4abd-a2e0-0a882d90859c	nationwidechildrens.org_clinical.TCGA-CZ-5466.xml	86cd595d2a338144bb59286306e03d69	30189	Data Release 46.0 - August 10, 2026
clinical	42bb4101-acf1-4672-a125-76979e5b6e95	nationwidechildrens.org_clinical.TCGA-CJ-5682.xml	b9c11f75c5f8f347660059c5ccf7202a	48926	Data Release 46.0 - August 10, 2026
clinical	143e7f5e-e642-4503-adfe-4eb5a986c82c	nationwidechildrens.org_clinical.TCGA-A3-3385.xml	7741ed80ca17e43715b1ede76314e930	30204	Data Release 46.0 - August 10, 2026
clinical	218c1fd7-cb33-4c5e-95c3-88ec383d4890	nationwidechildrens.org_clinical.TCGA-B8-5550.xml	28bf4e4ae2171cfe1b4b16700e107191	38088	Data Release 46.0 - August 10, 2026
clinical	5b9936f5-013d-484b-8f77-54a9ad3244ca	nationwidechildrens.org_clinical.TCGA-A3-3367.xml	7fc9a4333820f3d92e09b96bb37b9e17	30185	Data Release 46.0 - August 10, 2026
clinical	d393234b-e55f-4c3b-8cdc-9d1d0cbc5c37	nationwidechildrens.org_clinical.TCGA-B0-5121.xml	5d2a6d51d333a84d5894eeae564787d8	37616	Data Release 46.0 - August 10, 2026
clinical	2024d660-4734-4f10-aefd-0d9fb85f7054	nationwidechildrens.org_clinical.TCGA-CJ-4878.xml	f9a8b34211f495bcff5ec3cd91855302	30167	Data Release 46.0 - August 10, 2026
clinical	0ba76163-b3ca-4022-a676-bc73fdaaa42f	nationwidechildrens.org_clinical.TCGA-B0-4701.xml	ef4c236df4372e819d51ca2c32b60deb	30287	Data Release 46.0 - August 10, 2026
clinical	080b59b7-e645-4359-ba8b-dd60f4dd1bac	nationwidechildrens.org_clinical.TCGA-B0-5400.xml	d74f6297fe54c7d45d1616bd2bf3fd9e	37627	Data Release 46.0 - August 10, 2026
clinical	34dec964-4c10-4430-8194-4022c3b96fe1	nationwidechildrens.org_clinical.TCGA-CZ-5455.xml	1924169d738ab473de73200ee043b214	35160	Data Release 46.0 - August 10, 2026
clinical	004b2a89-a5af-40ac-8a5b-dcce4275aa55	nationwidechildrens.org_clinical.TCGA-CJ-5678.xml	b9f46018d29686765ad26a978d24ee0f	36554	Data Release 46.0 - August 10, 2026
clinical	569cee05-ed93-41be-aa1a-3bb673b1cc6d	nationwidechildrens.org_clinical.TCGA-B8-5553.xml	61ca161824febda08f42e9c96ffa1885	30005	Data Release 46.0 - August 10, 2026
clinical	f7ef9776-d5b7-4538-915e-53b3e02c0f7b	nationwidechildrens.org_clinical.TCGA-B0-5702.xml	dcde8cce47777ff63ce621b1261c2689	37625	Data Release 46.0 - August 10, 2026
clinical	4132b15a-8bdf-4a30-b077-719156ae590e	nationwidechildrens.org_clinical.TCGA-CW-5588.xml	b1c8d622c9dca169100edb37e41e2fc3	29790	Data Release 46.0 - August 10, 2026
clinical	8c346e22-491f-4d3c-a1d2-94e3a29442ba	nationwidechildrens.org_clinical.TCGA-CZ-4863.xml	ba921e5b66e06aacf551379411f4ecff	37433	Data Release 46.0 - August 10, 2026
clinical	0c9fd5e9-4ae7-41b1-98bf-f07fb4ded57d	nationwidechildrens.org_clinical.TCGA-CW-5580.xml	6e271aba2902137eff37ebad2015031d	40721	Data Release 46.0 - August 10, 2026
clinical	63d9dd5d-b7f8-455e-ae9c-2e5bc94c34d3	nationwidechildrens.org_clinical.TCGA-B0-4691.xml	46aaa3d339aa1d4f3f810aa3f29287e2	30274	Data Release 46.0 - August 10, 2026
clinical	e5121637-b2fd-4b55-8ebc-d56e4a3fed62	nationwidechildrens.org_clinical.TCGA-CJ-5671.xml	ffd50cba6bf81cfec0d8529a83efc04e	37573	Data Release 46.0 - August 10, 2026
clinical	f2a66af1-4457-4163-bb7a-b4a6d1c95332	nationwidechildrens.org_clinical.TCGA-A3-A6NJ.xml	cbe7ca0a846f46ea77d4db258d08b7b3	31134	Data Release 46.0 - August 10, 2026
clinical	6ec5e8b5-05be-43a5-b7a1-eadc7f6e6704	nationwidechildrens.org_clinical.TCGA-B8-5549.xml	1c51c635cf1da4ca1aa77934b0247fd9	37617	Data Release 46.0 - August 10, 2026
clinical	0946a18f-6dc2-49af-96b9-8288477561df	nationwidechildrens.org_clinical.TCGA-CZ-5451.xml	98aeb3517836d628a538c92471c6c83d	37263	Data Release 46.0 - August 10, 2026
clinical	c6b3e321-135a-408e-9a18-5adb702d64bb	nationwidechildrens.org_clinical.TCGA-A3-A8CQ.xml	b08f2b723e16dd3c4d018e56064b1c2d	23525	Data Release 46.0 - August 10, 2026
clinical	7b4a5454-bb88-424c-aa2d-e7540e4c89d0	nationwidechildrens.org_clinical.TCGA-B0-5693.xml	b88cc7532c71b1fb6e2476386987a489	37626	Data Release 46.0 - August 10, 2026
clinical	42908344-d207-4b40-9095-0fc30bfb8378	nationwidechildrens.org_clinical.TCGA-BP-5189.xml	3c7c258f7ba0ef3dd5723c73c27abb24	49590	Data Release 46.0 - August 10, 2026
clinical	63084af1-8a88-475c-8550-c7c441f8bab3	nationwidechildrens.org_clinical.TCGA-B4-5836.xml	cdf01fdd34a377daa1681c55f87b81d5	30606	Data Release 46.0 - August 10, 2026
clinical	dc6dea43-9489-433c-a0ae-af5460934235	nationwidechildrens.org_clinical.TCGA-A3-3382.xml	9b5d946701c37461a70a8e4981a13312	29767	Data Release 46.0 - August 10, 2026
clinical	ed149757-3eb7-4baa-9359-0833fbc35022	nationwidechildrens.org_clinical.TCGA-B0-4841.xml	13430b1e6963563135f325bceaf3293b	40850	Data Release 46.0 - August 10, 2026
clinical	42d0ec00-af01-4074-998b-2dc2aace6419	nationwidechildrens.org_clinical.TCGA-A3-A8OW.xml	2dcabbf79118c2baa872e717228d0961	31133	Data Release 46.0 - August 10, 2026
clinical	a56a59bc-2d05-4363-aa3f-e74a6f1dff22	nationwidechildrens.org_clinical.TCGA-CZ-5985.xml	227ecd0d8fdd443fcd2a6272797c717c	37303	Data Release 46.0 - August 10, 2026
clinical	070486b3-1306-4d10-af6f-aff1215c324c	nationwidechildrens.org_clinical.TCGA-BP-4758.xml	b2ac6605be110413ad45ec84086dcc66	29828	Data Release 46.0 - August 10, 2026
clinical	2e4efaf3-aeac-4d2b-a40f-819f98ea1772	nationwidechildrens.org_clinical.TCGA-BP-4177.xml	020a4f5fd34327a37826956e98f7faf6	29868	Data Release 46.0 - August 10, 2026
clinical	e7cd5589-90da-46e4-86f1-c9974027e445	nationwidechildrens.org_clinical.TCGA-BP-4807.xml	93e5c31176dfbf2bea72baa0ba705916	29831	Data Release 46.0 - August 10, 2026
clinical	09440f90-196f-4458-b46c-8d3f713339fd	nationwidechildrens.org_clinical.TCGA-BP-4354.xml	0c65cc8bc8fa445d857770d27e6fe492	84493	Data Release 46.0 - August 10, 2026
clinical	541e19e3-6ecc-48eb-9441-6cf4f8fbf27b	nationwidechildrens.org_clinical.TCGA-CZ-5465.xml	bfe029c2e9f3214d64d33d71ba351127	44578	Data Release 46.0 - August 10, 2026
clinical	7f1774bb-6136-4f81-ab4c-4ea73ec3fbd9	nationwidechildrens.org_clinical.TCGA-CZ-5454.xml	3d88e4b0cafebdac12c101f7425182b6	36577	Data Release 46.0 - August 10, 2026
clinical	355a9c3f-b1d7-401c-8a06-e43ee812bd02	nationwidechildrens.org_clinical.TCGA-B0-5116.xml	41a0a45c05dd0de5110c0ee361c6a923	42407	Data Release 46.0 - August 10, 2026
clinical	372142f9-0a4f-407d-a59c-4e3f2a883982	nationwidechildrens.org_clinical.TCGA-CJ-4641.xml	85c18df27babd1ec5afb8e344f297c36	36358	Data Release 46.0 - August 10, 2026
clinical	d92393c2-55a5-4ab2-bfc8-a7fc33a2aa68	nationwidechildrens.org_clinical.TCGA-MM-A563.xml	6cafc18663fa263ba326456f68d8d5ff	31083	Data Release 46.0 - August 10, 2026
clinical	e33c722a-c28a-4890-8b06-abd11c7ef65c	nationwidechildrens.org_clinical.TCGA-B4-5843.xml	fa1db902fc65ffb7c312932b082ce09b	30551	Data Release 46.0 - August 10, 2026
clinical	953387b1-70fc-4991-bb04-6c51e8e049fe	nationwidechildrens.org_clinical.TCGA-B8-5546.xml	5a77b01f08feb708ba333ef3df871b80	30028	Data Release 46.0 - August 10, 2026
clinical	b96edceb-743b-4d04-8b79-cfe3d4e85c14	nationwidechildrens.org_clinical.TCGA-BP-4351.xml	c4b10590c72a91390d8af538c22e5ab4	30089	Data Release 46.0 - August 10, 2026
clinical	1ef4a218-c3f8-40b2-98a2-90d2b7037665	nationwidechildrens.org_clinical.TCGA-A3-3308.xml	6714e2407704f8dafc3591ab4e697e5f	29788	Data Release 46.0 - August 10, 2026
clinical	d1aa63f6-ee1f-49d9-b741-f09097161cf0	nationwidechildrens.org_clinical.TCGA-AK-3460.xml	c0c94989da6cae6326ea839c6bcf8e69	37341	Data Release 46.0 - August 10, 2026
clinical	0d2d45e9-75d2-4c2c-a0cf-20638d5ac544	nationwidechildrens.org_clinical.TCGA-B0-4813.xml	dddc629aa6100ec3f35a626b3f06d7c1	30154	Data Release 46.0 - August 10, 2026
clinical	e5e3cd6d-616a-4b81-9727-545dca4ce104	nationwidechildrens.org_clinical.TCGA-B0-4828.xml	385122df6ee5894dbb9d179a2774786e	29975	Data Release 46.0 - August 10, 2026
clinical	66be96f8-d054-40cd-9098-32ae7e261345	nationwidechildrens.org_clinical.TCGA-CJ-4903.xml	fdf530fda45b22a3600f40bbd8189aad	30205	Data Release 46.0 - August 10, 2026
clinical	d7ffa1dc-0c67-476a-bd5d-c8d8a945b083	nationwidechildrens.org_clinical.TCGA-B0-4836.xml	55bb0971b8cee9aeee10cdb067cdc20a	30028	Data Release 46.0 - August 10, 2026
clinical	6b83eac0-d4b9-406d-90b8-e938f0af5350	nationwidechildrens.org_clinical.TCGA-B0-5102.xml	fbcb4a31426885d1971ad94dddc25737	30232	Data Release 46.0 - August 10, 2026
clinical	11822a38-dedf-4f2e-b4be-698b071b9b5e	nationwidechildrens.org_clinical.TCGA-BP-5010.xml	91a42f23f52d5fc7ed4ce78a525a18ec	49351	Data Release 46.0 - August 10, 2026
clinical	c07a2f8c-f7b5-4cd4-b5ac-837db352879f	nationwidechildrens.org_clinical.TCGA-EU-5904.xml	c0b316d568eebb201737fbffa0977fa4	30162	Data Release 46.0 - August 10, 2026
clinical	663d87cd-8291-4db1-b6ec-4fde3b55ffda	nationwidechildrens.org_clinical.TCGA-BP-4343.xml	2f6d143c5ea2368c9cb714559cc63389	56296	Data Release 46.0 - August 10, 2026
clinical	504a5f0e-6d35-44d3-82d8-7c23968e7173	nationwidechildrens.org_clinical.TCGA-B2-3923.xml	821fc480f9c6194945b7a4422f3a3708	37609	Data Release 46.0 - August 10, 2026
clinical	19cc22b6-85c8-4fb6-8336-1880812333fe	nationwidechildrens.org_clinical.TCGA-B4-5835.xml	4b5daa50e585a4a96ab2c837b12718ef	30603	Data Release 46.0 - August 10, 2026
clinical	84f31827-317e-4de4-a073-1108e55cada9	nationwidechildrens.org_clinical.TCGA-AK-3461.xml	d72c41ab8cc60a9d07d27fc50c62c9e3	37511	Data Release 46.0 - August 10, 2026
clinical	90ae2336-6d94-4bb8-abb1-a336d99b765e	nationwidechildrens.org_clinical.TCGA-BP-4968.xml	2bfaa54b56bf3276844d1e68a3ad7aec	29920	Data Release 46.0 - August 10, 2026
clinical	3e416cf4-3485-4ed1-8a9c-890c4e59810c	nationwidechildrens.org_clinical.TCGA-CJ-4907.xml	b03a58242b29a15f9b99e0277209284e	30165	Data Release 46.0 - August 10, 2026
clinical	9dcd68d0-86c1-4d06-885b-b01f6ecf0079	nationwidechildrens.org_clinical.TCGA-A3-3373.xml	d522b072fc54eb3f4ad6e98a54ee5713	30186	Data Release 46.0 - August 10, 2026
clinical	96ad1e86-8d5f-42f9-a431-b43e6859df27	nationwidechildrens.org_clinical.TCGA-G6-A8L6.xml	db08c8a8882e97afdace692394ee678f	48711	Data Release 46.0 - August 10, 2026
clinical	6d3f72b6-25d0-45d0-91b2-a2539de65a12	nationwidechildrens.org_clinical.TCGA-B0-5113.xml	139404b8b9ac1d2aaa75f54f2c22bac0	37670	Data Release 46.0 - August 10, 2026
clinical	01980bac-ace6-48eb-977a-2f28037f6241	nationwidechildrens.org_clinical.TCGA-BP-4165.xml	f41a581aff0519f3abf36615b1a6f6db	48361	Data Release 46.0 - August 10, 2026
clinical	42826001-6e48-45c1-b94b-e7dd8e814f35	nationwidechildrens.org_clinical.TCGA-AK-3431.xml	1f8635edf3610a97aa11527a7009bbfe	37335	Data Release 46.0 - August 10, 2026
clinical	000b43b4-1fe2-4aaf-9552-7d519eae17a6	nationwidechildrens.org_clinical.TCGA-CJ-4916.xml	8bd3070da6403c0398933da2a9113884	29955	Data Release 46.0 - August 10, 2026
clinical	5c901122-690c-4541-a818-7d0734acf348	nationwidechildrens.org_clinical.TCGA-BP-5170.xml	a08ccdbcb655c0b2da2f0522cc967c15	29832	Data Release 46.0 - August 10, 2026
clinical	60eaf7be-db0b-457a-8d13-36e082cc36cd	nationwidechildrens.org_clinical.TCGA-B0-4810.xml	78d27f65a760c33a3c81fcef5f14aab7	35285	Data Release 46.0 - August 10, 2026
clinical	195dd3a6-1673-4564-a867-2a4b7606abe9	nationwidechildrens.org_clinical.TCGA-B4-5378.xml	0d5fb6ea2735f2d335265f7d7f3342db	30531	Data Release 46.0 - August 10, 2026
clinical	17facc19-3b9f-4f85-9891-e9593aec120d	nationwidechildrens.org_clinical.TCGA-CJ-4884.xml	2a5bf8f27fd901417c2f4f560fc159ba	30086	Data Release 46.0 - August 10, 2026
clinical	39dc96ad-85ab-4cf1-9b92-68dd48a15feb	nationwidechildrens.org_clinical.TCGA-CZ-5453.xml	6689b91efa82b2c3dfe69830ea8e37b6	44089	Data Release 46.0 - August 10, 2026
clinical	5260088b-55fd-4a76-91e1-9633bc730637	nationwidechildrens.org_clinical.TCGA-BP-5194.xml	5626ebf5dcf7f947a699b9be5e14f313	29830	Data Release 46.0 - August 10, 2026
clinical	82f47b8c-e4a0-4b7b-ac48-8a755b5c0561	nationwidechildrens.org_clinical.TCGA-CW-5589.xml	154738dbd2d069b007beaede184cde64	29816	Data Release 46.0 - August 10, 2026
clinical	0b48a85a-e76f-4883-98d9-ce72ea1b7232	nationwidechildrens.org_clinical.TCGA-B4-5838.xml	8a991ab17e7d06e459bc98dd069d4fcf	30567	Data Release 46.0 - August 10, 2026
clinical	d33167cb-a182-4fec-b3aa-f6237a5f2978	nationwidechildrens.org_clinical.TCGA-CJ-4920.xml	05cefa00b0de91152493fdae3c76096d	30145	Data Release 46.0 - August 10, 2026
clinical	871b7c47-dab5-44be-8d83-84b119bbed65	nationwidechildrens.org_clinical.TCGA-BP-4784.xml	ebe1bedbd6eab24efdfd896a3b6089ea	30035	Data Release 46.0 - August 10, 2026
clinical	1311540f-d79d-4be8-b333-35b169f7fc45	nationwidechildrens.org_clinical.TCGA-BP-4326.xml	5a453b7aeb63af382a59911180f8a886	34922	Data Release 46.0 - August 10, 2026
clinical	e71a8ce4-53a6-4069-b3d2-3120175a38a0	nationwidechildrens.org_clinical.TCGA-CJ-4637.xml	9e98a337be7db0ff63662bdf09adc5e3	116387	Data Release 46.0 - August 10, 2026
clinical	a4677e10-30c8-4b01-b20d-299d4b1b6124	nationwidechildrens.org_clinical.TCGA-CJ-4870.xml	a47d857606f91af0fc3969494e1f81a0	36853	Data Release 46.0 - August 10, 2026
clinical	2e9bd413-9d39-4cda-bdb8-39bf0f1e98f7	nationwidechildrens.org_clinical.TCGA-BP-4965.xml	81a7e5aaf1b3f38c0df14a01239cbdb2	29834	Data Release 46.0 - August 10, 2026
clinical	f1085275-d66e-4b38-a956-51441daa1911	nationwidechildrens.org_clinical.TCGA-CJ-6027.xml	90a20a1a1cd3b4025ff135b1832f3081	37608	Data Release 46.0 - August 10, 2026
clinical	b5d75d18-a0fd-483b-9e01-e138a5013f5c	nationwidechildrens.org_clinical.TCGA-B0-5812.xml	b9cab899f1aa7adfe71490d5be2393d0	37622	Data Release 46.0 - August 10, 2026
clinical	f8c2f04e-b312-48e0-89be-8304f1da3903	nationwidechildrens.org_clinical.TCGA-B8-A54K.xml	73f095b91002b4c8ff57720b6bb96b19	30919	Data Release 46.0 - August 10, 2026
clinical	880a514f-9911-4284-83b4-219171bd8f45	nationwidechildrens.org_clinical.TCGA-CW-6096.xml	008d5b192d6304deee733270b0c5b958	30168	Data Release 46.0 - August 10, 2026
clinical	c7932a9a-7ef3-4557-b6da-65a146d556cd	nationwidechildrens.org_clinical.TCGA-BP-4976.xml	358416f33b3676f861c88d5852113268	29828	Data Release 46.0 - August 10, 2026
clinical	c48061f6-7598-4c2f-a1e1-651b6cf88439	nationwidechildrens.org_clinical.TCGA-BP-4799.xml	26e4a0ce5d791046cb3d8220a1da144a	30076	Data Release 46.0 - August 10, 2026
clinical	dd8a1ecb-1d43-40f1-b88d-18edf2a8f3b2	nationwidechildrens.org_clinical.TCGA-B2-5635.xml	fb82ba35713d67805266e05f5cac34ab	37534	Data Release 46.0 - August 10, 2026
clinical	cf952734-aa70-4f4d-b671-3c9475de1795	nationwidechildrens.org_clinical.TCGA-B0-4690.xml	58bce4bf7f79231b33ca8fc52f31cd29	30152	Data Release 46.0 - August 10, 2026
clinical	0049855f-3d1a-41ac-9323-9ff298544176	nationwidechildrens.org_clinical.TCGA-B8-A8YJ.xml	5a191fb31d73a5533bbf3df1cb4483d2	31025	Data Release 46.0 - August 10, 2026
clinical	19f7e67f-9a25-402c-85b4-8fc02651f259	nationwidechildrens.org_clinical.TCGA-B0-5703.xml	46c7bb09388b899380e81663550e5f17	37618	Data Release 46.0 - August 10, 2026
clinical	f365eca1-9ad2-48d0-95c0-64c7d5296725	nationwidechildrens.org_clinical.TCGA-CJ-4888.xml	1deb694fb8a83d69d678d7139c00deca	36474	Data Release 46.0 - August 10, 2026
clinical	9e5c99ba-0ad1-41e0-b190-60fcc4deb8f9	nationwidechildrens.org_clinical.TCGA-CJ-4893.xml	f38dc743f640e7554f58617fefe9eeb2	30127	Data Release 46.0 - August 10, 2026
clinical	9324a0e3-d6d7-4e6e-b49b-e0ce381b9025	nationwidechildrens.org_clinical.TCGA-CZ-5469.xml	680c914b95ddf44595497c381808709e	46700	Data Release 46.0 - August 10, 2026
clinical	bb91165a-b12e-4b9e-ae06-2634c8c5d339	nationwidechildrens.org_clinical.TCGA-DV-A4VZ.xml	5df184f71787b25d8c1b5e0b2a9e2f9d	30359	Data Release 46.0 - August 10, 2026
clinical	255d170f-888f-461c-9a39-16b95abfc986	nationwidechildrens.org_clinical.TCGA-CZ-4866.xml	0ae2a229598d0df1024ca970419fb893	44311	Data Release 46.0 - August 10, 2026
clinical	3f0eb94e-2b1c-46b5-a590-5823cd45b8fe	nationwidechildrens.org_clinical.TCGA-BP-5185.xml	b53e9e0f21d0393210e77b9f3983eac9	29995	Data Release 46.0 - August 10, 2026
clinical	460c14fc-465c-4ab8-a487-9865025e723f	nationwidechildrens.org_clinical.TCGA-CW-5585.xml	3f935f45c1a234567d8da5b00d198e6c	36050	Data Release 46.0 - August 10, 2026
clinical	67263d92-5f83-4e71-8a21-b707d80c335c	nationwidechildrens.org_clinical.TCGA-BP-4967.xml	576f577291c4e19b42598910a432bef0	29916	Data Release 46.0 - August 10, 2026
clinical	9243afbd-bbb4-45c8-8de7-50e235ecf7f6	nationwidechildrens.org_clinical.TCGA-B0-5696.xml	9335f7b3f36acff1a2b2fd8e5884d494	37854	Data Release 46.0 - August 10, 2026
clinical	c965c0c7-9d13-4655-af76-7bf5ff3cfaaf	nationwidechildrens.org_clinical.TCGA-BP-4969.xml	079f36524dc7c392d37af3d144fe005f	29875	Data Release 46.0 - August 10, 2026
clinical	6786f596-b53c-46a0-8ceb-e3645567baa8	nationwidechildrens.org_clinical.TCGA-CW-5581.xml	2e66c9a53576f65bf0b27ed61cc2dfe3	29770	Data Release 46.0 - August 10, 2026
clinical	78180bba-b7ec-4d24-b914-1162bc492935	nationwidechildrens.org_clinical.TCGA-BP-4169.xml	abac275c09c6a13ada52b9762fc5abbe	42489	Data Release 46.0 - August 10, 2026
clinical	48e6a025-1225-4e64-89e2-ed247ffb8b20	nationwidechildrens.org_clinical.TCGA-B0-4837.xml	22df3fcb6cf761a786a0d3e78a0d37cc	35951	Data Release 46.0 - August 10, 2026
clinical	9bc96c75-5200-4a5e-af4c-4e3f7a30ce49	nationwidechildrens.org_clinical.TCGA-G6-A5PC.xml	38ba7005067a7cc10144401cab525828	29548	Data Release 46.0 - August 10, 2026
clinical	ebd6e7bc-ee0c-4941-bfdb-dcd53ea44135	nationwidechildrens.org_clinical.TCGA-B0-4710.xml	190133ad39aead6615cbec1e7c51d9ef	37615	Data Release 46.0 - August 10, 2026
clinical	42a46b88-455a-4f37-b7a8-57d3a9729082	nationwidechildrens.org_clinical.TCGA-A3-3326.xml	1640932091f0ce7a2842f6b765d7dfb7	29618	Data Release 46.0 - August 10, 2026
clinical	f4c2f079-f54d-4077-866f-40c2f16f3688	nationwidechildrens.org_clinical.TCGA-BP-4761.xml	6236bb89660ff4419e9184305f33a4cf	29880	Data Release 46.0 - August 10, 2026
clinical	c0864ecd-a529-46cd-9600-7b1fb9302403	nationwidechildrens.org_clinical.TCGA-CJ-4890.xml	ad04605c34b2fd168a48a2874b875586	75023	Data Release 46.0 - August 10, 2026
clinical	dbeaa1bd-a05b-486e-a75a-932c918cbbfd	nationwidechildrens.org_clinical.TCGA-B0-4839.xml	c6f13eef8eed8dd944328d4dfc6e9561	29985	Data Release 46.0 - August 10, 2026
clinical	020f95a4-d20a-4a6d-bb1b-92d6deb22503	nationwidechildrens.org_clinical.TCGA-B0-5075.xml	7908d60bfc9a77f01900c02aebbf6ed3	29987	Data Release 46.0 - August 10, 2026
clinical	90d873ed-3a58-4f19-8273-3e926412c228	nationwidechildrens.org_clinical.TCGA-BP-4787.xml	efff117ec66221bda944b9545eb5a6e3	55973	Data Release 46.0 - August 10, 2026
clinical	8180a157-376b-4b5c-9be8-d3ebd530b51b	nationwidechildrens.org_clinical.TCGA-BP-4998.xml	b56954d6cc35c79804aed58c14052b2a	29826	Data Release 46.0 - August 10, 2026
clinical	91f5e400-2994-4599-9a18-106b9784257a	nationwidechildrens.org_clinical.TCGA-A3-3357.xml	3760294068314ac1b34e8508e9299dc8	30186	Data Release 46.0 - August 10, 2026
clinical	946c8fcd-1c16-4f81-8f95-b02b22883583	nationwidechildrens.org_clinical.TCGA-CW-6090.xml	f72c06a4e9af2ff12f4b520cae2d7ac1	29696	Data Release 46.0 - August 10, 2026
clinical	9e8334e2-497a-464f-90cb-451c339f2933	nationwidechildrens.org_clinical.TCGA-BP-4346.xml	f2e4ddbd63c5d5e6c28846d2731d9f54	29863	Data Release 46.0 - August 10, 2026
clinical	a0e95848-af60-480d-be30-c9cf4a109f03	nationwidechildrens.org_clinical.TCGA-CJ-5680.xml	a337423e292fb6cc32f0e9be24bd01b2	65033	Data Release 46.0 - August 10, 2026
clinical	cf5e719f-35bd-494f-9321-a02a6e45359a	nationwidechildrens.org_clinical.TCGA-EU-5906.xml	a870efc2df7b247b0bd16bd5484b1de1	30232	Data Release 46.0 - August 10, 2026
clinical	00f3127a-9cea-462f-9e05-f4900bfed6c8	nationwidechildrens.org_clinical.TCGA-B0-4718.xml	4594bd3bf2edc83fe95b2dcd96947a9f	49365	Data Release 46.0 - August 10, 2026
clinical	2c644186-93ce-44d9-b403-b1c897ea0a30	nationwidechildrens.org_clinical.TCGA-B8-A54F.xml	14dfe2b02c89838bcefaf1d4aa40e915	31012	Data Release 46.0 - August 10, 2026
clinical	cb936076-f674-4ebb-b7d3-db08f8c379c3	nationwidechildrens.org_clinical.TCGA-CZ-4853.xml	fc9d2d7c29ab7291ec4f9a50bc6e4260	36831	Data Release 46.0 - August 10, 2026
clinical	52e4c101-3ce2-48ed-8c3c-998a9d41c565	nationwidechildrens.org_clinical.TCGA-CJ-4892.xml	ac13190eae1c79ab961cb7971d3427ad	30179	Data Release 46.0 - August 10, 2026
clinical	96d56aac-d18f-4188-aef0-5b11b355f030	nationwidechildrens.org_clinical.TCGA-CW-5583.xml	d189934540fc9a00077ddb39a0bd95c7	29693	Data Release 46.0 - August 10, 2026
clinical	e0e04536-61bb-46e0-ae75-7fd2408fa192	nationwidechildrens.org_clinical.TCGA-A3-3346.xml	9793f5f21c671f19440b8c92656c5a38	39684	Data Release 46.0 - August 10, 2026
clinical	688dbe73-522e-4e24-b022-a658e06d7cae	nationwidechildrens.org_clinical.TCGA-CZ-5986.xml	9d95bcc9fc3cac427bfad297651f8c32	37254	Data Release 46.0 - August 10, 2026
clinical	c2c7c9a5-8154-49fe-b00f-aca22655b811	nationwidechildrens.org_clinical.TCGA-A3-3380.xml	0aefa288cb0987fa0dafe0703e6efe3b	29632	Data Release 46.0 - August 10, 2026
clinical	d48a3ba0-e8e3-41ce-b98e-225238b279f6	nationwidechildrens.org_clinical.TCGA-B0-5094.xml	1e7e14db13d29dac3a3048392a3f16f6	40971	Data Release 46.0 - August 10, 2026
clinical	8ca6659f-f1bd-4cdb-b17e-381c62384fb6	nationwidechildrens.org_clinical.TCGA-BP-4341.xml	215ea3ba884b49122ad79d37639a2a95	22791	Data Release 46.0 - August 10, 2026
clinical	d7f84e0b-dead-4dae-a750-0963579c8779	nationwidechildrens.org_clinical.TCGA-BP-4768.xml	1bbe1edbc990fcc88cecfefb4d321617	29873	Data Release 46.0 - August 10, 2026
clinical	67b1ec91-d7b1-4c16-85d7-43df595b56d4	nationwidechildrens.org_clinical.TCGA-CZ-5982.xml	48f9f20ea74b8f6a6da12949c6f08192	37209	Data Release 46.0 - August 10, 2026
clinical	76f75e1b-3c4e-428e-98da-2111f8262a21	nationwidechildrens.org_clinical.TCGA-A3-3331.xml	4e6e586a947d2332c6445cf94fc43c68	29690	Data Release 46.0 - August 10, 2026
clinical	fc6a379d-bfc4-411d-b00b-16c797799d24	nationwidechildrens.org_clinical.TCGA-BP-4992.xml	510ece1a1f9569e52ee6e0df970ed39e	29825	Data Release 46.0 - August 10, 2026
clinical	ac2eb703-4ead-47a3-b700-347b5bca5e86	nationwidechildrens.org_clinical.TCGA-CJ-4899.xml	02cd52c07d9fee766a08487f795abb4f	30029	Data Release 46.0 - August 10, 2026
clinical	74336546-755d-4ad9-a014-2d6ada91eb20	nationwidechildrens.org_clinical.TCGA-CJ-5684.xml	ff2c0629cf68af7c235dc66924d147a3	29984	Data Release 46.0 - August 10, 2026
clinical	10871b8d-7032-4a87-a4c5-08e44232849b	nationwidechildrens.org_clinical.TCGA-B0-5100.xml	d79e707585f5789c37a14ffff8b13a82	30265	Data Release 46.0 - August 10, 2026
clinical	78310e59-b369-41ec-be6a-d9613df660f8	nationwidechildrens.org_clinical.TCGA-CW-5590.xml	3f90c306a0cc78a8e031cc20bd2b8adb	35924	Data Release 46.0 - August 10, 2026
clinical	1459ecb3-fecc-4c8d-953b-cb53fa32573e	nationwidechildrens.org_clinical.TCGA-B8-4153.xml	c9fff96708e2f0c9378a7a0ad20f5f45	43771	Data Release 46.0 - August 10, 2026
clinical	2f9a66b8-3734-493b-8451-9af9c9f50611	nationwidechildrens.org_clinical.TCGA-A3-3351.xml	b8fbca4e477f21dfa9df9e90bb3b549c	29786	Data Release 46.0 - August 10, 2026
clinical	86155cc3-42f6-442d-9a4c-a80999835356	nationwidechildrens.org_clinical.TCGA-BP-5187.xml	55bd12a503695412e6cf30c47ea8e212	29825	Data Release 46.0 - August 10, 2026
clinical	66f6bc2a-9111-4f42-9594-c74a5f40b116	nationwidechildrens.org_clinical.TCGA-CZ-5457.xml	d6af6231bb1b24482d2044caada92207	44862	Data Release 46.0 - August 10, 2026
clinical	ef583600-727f-4b0b-9500-b61b2bb14ae6	nationwidechildrens.org_clinical.TCGA-CW-5591.xml	c8fc77e99bbfed00af28f66ee0a7ab00	40781	Data Release 46.0 - August 10, 2026
clinical	698dc996-9804-4ea5-98ef-64052345f467	nationwidechildrens.org_clinical.TCGA-CZ-5988.xml	726c4ff8af19fd77e1e6194a9fa91472	37120	Data Release 46.0 - August 10, 2026
clinical	05aa0c08-c473-4794-a7d4-c84ddafa7c27	nationwidechildrens.org_clinical.TCGA-BP-5200.xml	e8cde55e939669dbed9d54cb03b92bd8	29917	Data Release 46.0 - August 10, 2026
clinical	5cbf8cd1-ef06-4e27-98d9-b22aaf513afc	nationwidechildrens.org_clinical.TCGA-CJ-6031.xml	e6568b8b472f9bf160c9662e54f2641f	30027	Data Release 46.0 - August 10, 2026
clinical	94b0b101-40f5-4f3e-984e-7556eff73993	nationwidechildrens.org_clinical.TCGA-BP-4790.xml	6cc6fb9ad2a0c737b79f587fdc64fee1	29969	Data Release 46.0 - August 10, 2026
clinical	1ef10ba1-7283-4814-907d-be1dec5685c2	nationwidechildrens.org_clinical.TCGA-CJ-4889.xml	30f878b97452161d75f48b39cffd94f1	30130	Data Release 46.0 - August 10, 2026
clinical	c582fe5b-e1b5-4705-a82b-c0b83891b4d8	nationwidechildrens.org_clinical.TCGA-B0-5104.xml	54c0e9da16749abeb6720ad4c3452990	30159	Data Release 46.0 - August 10, 2026
clinical	a738d76f-00a5-44b3-80db-a31f9771012f	nationwidechildrens.org_clinical.TCGA-B2-A4SR.xml	5a7f9907df3e8293d613592f99d306ff	31263	Data Release 46.0 - August 10, 2026
clinical	c16e1740-aff0-405a-a390-09350a6e246b	nationwidechildrens.org_clinical.TCGA-CZ-5987.xml	83cc4574489d67fdda9d1431a2fc02f3	35266	Data Release 46.0 - August 10, 2026
clinical	99b14379-9198-46f8-b278-57d2fc7bc7be	nationwidechildrens.org_clinical.TCGA-AK-3453.xml	0de2631318bade0964a3b5d1595bf09d	43302	Data Release 46.0 - August 10, 2026
clinical	db6ecce7-ff19-4fb1-a81c-e22628d234e7	nationwidechildrens.org_clinical.TCGA-B0-5399.xml	52a5101727e65672cf1450ca0bd6fbc6	37565	Data Release 46.0 - August 10, 2026
clinical	c21169f2-681a-4bd4-8c15-d7b90db4af96	nationwidechildrens.org_clinical.TCGA-BP-4330.xml	af2be18b1bf47fab3f14dea4fe1010b5	29944	Data Release 46.0 - August 10, 2026
clinical	6673e909-cd05-498f-a7ef-86be9db9ddc0	nationwidechildrens.org_clinical.TCGA-B0-5119.xml	0e65f28854ff7df5370e5b1c86811e5c	37776	Data Release 46.0 - August 10, 2026
clinical	e4830a6f-0008-4d43-b1aa-4c17cd9d6a9f	nationwidechildrens.org_clinical.TCGA-BP-4176.xml	c6498a49fef4af59d4ee2b01fff661ba	29833	Data Release 46.0 - August 10, 2026
clinical	cb73ebf5-3fda-4573-98da-9804d80c75de	nationwidechildrens.org_clinical.TCGA-CW-6087.xml	a4bc2b392822a38880d15ca28690b8d9	29760	Data Release 46.0 - August 10, 2026
clinical	3fd80f5c-cedb-4266-af99-ea04867d8dbd	nationwidechildrens.org_clinical.TCGA-B0-4699.xml	c99ea0dfae48fc539c4848e7e7b23cef	30246	Data Release 46.0 - August 10, 2026
clinical	5dee42e6-171e-4bbe-9657-d252db44b7b0	nationwidechildrens.org_clinical.TCGA-CJ-6032.xml	6e12baeb2aa1327e16facdf47e979342	37618	Data Release 46.0 - August 10, 2026
clinical	4d34fbda-4654-4054-89ab-e5966dfb157e	nationwidechildrens.org_clinical.TCGA-B0-5709.xml	7858733056fd47d78fcd8e3e776be7ae	37589	Data Release 46.0 - August 10, 2026
clinical	ee346b84-8721-4218-864c-51991da116a6	nationwidechildrens.org_clinical.TCGA-AK-3445.xml	044bd9fae7ba76be5441a4d8aabea52e	37457	Data Release 46.0 - August 10, 2026
clinical	e380d8ee-5753-45f6-909a-625dc058f2ca	nationwidechildrens.org_clinical.TCGA-BP-4970.xml	29c735a06e51b55d7a7bea5e19043d90	29877	Data Release 46.0 - August 10, 2026
clinical	0c660e50-04ab-4cae-9a84-b3be755df334	nationwidechildrens.org_clinical.TCGA-BP-4963.xml	5cb443b6ae2eab0fe14148e783836f5b	29869	Data Release 46.0 - August 10, 2026
clinical	b3b59a77-0606-44f7-bad8-8f9d49ef208e	nationwidechildrens.org_clinical.TCGA-BP-4770.xml	1da92bc64c8bbf2043d998dbebf17254	48275	Data Release 46.0 - August 10, 2026
clinical	0b4acc9e-3933-4d74-916a-a53c4a0665e6	nationwidechildrens.org_clinical.TCGA-B0-5117.xml	aa5dd69105b5f5eb65b621f658a30e21	37620	Data Release 46.0 - August 10, 2026
clinical	599ad02f-25be-41bd-ad82-8ca1699e6d3f	nationwidechildrens.org_clinical.TCGA-BP-4987.xml	5b7270282a661b36cdc7e03c995017eb	29831	Data Release 46.0 - August 10, 2026
clinical	62a0f169-7dac-400a-abaa-2d61d6ede168	nationwidechildrens.org_clinical.TCGA-MW-A4EC.xml	e4e95242416270dd57668d30cd411f7f	31031	Data Release 46.0 - August 10, 2026
clinical	8695df61-6c88-491f-a56c-e866c826da92	nationwidechildrens.org_clinical.TCGA-B8-4622.xml	99a07374139dafb117a86f0d3666ffc1	45243	Data Release 46.0 - August 10, 2026
clinical	83bb7516-d8aa-4647-831e-367fac59f40e	nationwidechildrens.org_clinical.TCGA-BP-5008.xml	f58ed3cdfc068b0ff41442511a4062c5	29830	Data Release 46.0 - August 10, 2026
clinical	aa155afa-e0fb-4c4a-9cb6-807215ceb4a1	nationwidechildrens.org_clinical.TCGA-CZ-5467.xml	087ed3fc133dcd48804b1b864b2f4867	30310	Data Release 46.0 - August 10, 2026
clinical	da629edd-320f-4260-bbaf-93e023071160	nationwidechildrens.org_clinical.TCGA-BP-5202.xml	aaa1658d28b6ff3d67fbdff77e69e3a1	29824	Data Release 46.0 - August 10, 2026
clinical	74d5cda2-15ec-4480-80bc-3afd43ee3606	nationwidechildrens.org_clinical.TCGA-B0-4817.xml	f0f5e7835cef67ac9a4836201ae2d881	30023	Data Release 46.0 - August 10, 2026
clinical	920ce3f6-358a-4169-8c1d-bf87323683ea	nationwidechildrens.org_clinical.TCGA-CJ-4895.xml	0369b4ac35b7c5ad65cf844f3aa9b97e	54863	Data Release 46.0 - August 10, 2026
clinical	b7309877-e97f-4f2e-b903-e44c67db8e9d	nationwidechildrens.org_clinical.TCGA-B2-5641.xml	afe5a3ea298f197a9c38cd3e5eceac70	37385	Data Release 46.0 - August 10, 2026
clinical	b8271598-80b9-4dfd-a5f3-c62c82ab496e	nationwidechildrens.org_clinical.TCGA-B0-5710.xml	c752d119fb55c1112fb1f304bf299141	37953	Data Release 46.0 - August 10, 2026
clinical	b66d9899-5137-483e-af56-37d961825ccd	nationwidechildrens.org_clinical.TCGA-BP-4801.xml	7f1fbe7f7c2c79f99b4324f856fb31a9	29828	Data Release 46.0 - August 10, 2026
clinical	1bdbb90f-ebe1-4e65-97b2-b8796f1c2558	nationwidechildrens.org_clinical.TCGA-CJ-4912.xml	e0a9ab00c278f6f22893ba117b7716c9	29946	Data Release 46.0 - August 10, 2026
clinical	7b06942f-f549-403c-86c8-b9ededffc3dd	nationwidechildrens.org_clinical.TCGA-BP-5173.xml	590593bb2779cba36b6a05d614e0e7c3	29809	Data Release 46.0 - August 10, 2026
clinical	ed2f61bc-f0b9-4ca6-95e1-e3f258ceae57	nationwidechildrens.org_clinical.TCGA-CJ-4887.xml	d687e2706a6fa08b8ccf1e88b9b90917	36436	Data Release 46.0 - August 10, 2026
clinical	b112b3ce-1ef7-49b9-8b32-ab2ebf544072	nationwidechildrens.org_clinical.TCGA-AK-3426.xml	60e23f5c652cf0fb5851ce368ae4b153	41385	Data Release 46.0 - August 10, 2026
clinical	def4792c-5019-4dab-820c-9e7bd04a0422	nationwidechildrens.org_clinical.TCGA-BP-5180.xml	71683ead3492b0f36addc381f256b7b7	29867	Data Release 46.0 - August 10, 2026
clinical	9f8ecd2d-377f-4780-810e-614a464e6d18	nationwidechildrens.org_clinical.TCGA-A3-3362.xml	649273e624c06a9bc1a0ffa4df11b660	29792	Data Release 46.0 - August 10, 2026
clinical	181248b3-a35c-475a-b410-01693cf030ad	nationwidechildrens.org_clinical.TCGA-B0-5713.xml	dc7d640ddb4ab3782466b4adf34d27a2	37630	Data Release 46.0 - August 10, 2026
clinical	6a735815-b707-4075-b10b-11d0da5c7488	nationwidechildrens.org_clinical.TCGA-B8-4146.xml	b27cdd1829d976d44e4150934d4ed7ba	44345	Data Release 46.0 - August 10, 2026
clinical	38c88019-1965-429b-b987-70952dec6ec9	nationwidechildrens.org_clinical.TCGA-BP-4977.xml	793b1fe20d68cdc3caed16c283e8edcd	29832	Data Release 46.0 - August 10, 2026
clinical	fad34b63-c8a3-466c-93e3-e47872e56892	nationwidechildrens.org_clinical.TCGA-BP-4981.xml	e87aadd7b07ae2d567478a39ddd3d570	29814	Data Release 46.0 - August 10, 2026
clinical	4247e4cd-529e-496a-add7-8bfcfcf2015f	nationwidechildrens.org_clinical.TCGA-CJ-5675.xml	6c2cc202cb6423da138f20b57b5b357d	37823	Data Release 46.0 - August 10, 2026
clinical	e36a9fe2-84df-4794-a26d-ee6dc52382f5	nationwidechildrens.org_clinical.TCGA-B0-4845.xml	bca6c8caf6a28003bf81769c78b4c430	35289	Data Release 46.0 - August 10, 2026
clinical	418b2e7a-a6a5-4d2f-9034-f0db4f43aa87	nationwidechildrens.org_clinical.TCGA-B2-4101.xml	bb74a9c5f56a93099c2f21dbb5355d2f	37296	Data Release 46.0 - August 10, 2026
clinical	07034baa-77ca-4a7b-b2f4-b4b62deb81d8	nationwidechildrens.org_clinical.TCGA-B4-5377.xml	94967d3f13e0b6cc7b6bfe433765a554	30538	Data Release 46.0 - August 10, 2026
clinical	ff533a84-48a3-4afe-86e7-39021379f598	nationwidechildrens.org_clinical.TCGA-BP-4961.xml	f0c09d00705742d33633489ade17ec5d	29829	Data Release 46.0 - August 10, 2026
clinical	127fc1ee-0944-417c-8bfe-ab5750d6dec4	nationwidechildrens.org_clinical.TCGA-CJ-5677.xml	1e028278689202e9511d46868b7eae51	49028	Data Release 46.0 - August 10, 2026
clinical	09c1b6ce-166a-4747-8bd0-37635adc1817	nationwidechildrens.org_clinical.TCGA-6D-AA2E.xml	46d0f8b17b16196c0bd62c32e87b7a18	30759	Data Release 46.0 - August 10, 2026
clinical	a44b5cef-d0df-44b7-87e7-c3f2289e5b8d	nationwidechildrens.org_clinical.TCGA-B8-5163.xml	3a35fcc86df2c0acc4c30f564d53822b	37260	Data Release 46.0 - August 10, 2026
clinical	ab32176b-8266-4410-b45b-a423acee8b7a	nationwidechildrens.org_clinical.TCGA-B0-5092.xml	82be0296a302a6421b58109a54357c2b	30072	Data Release 46.0 - August 10, 2026
clinical	d6059d09-f1de-4fc6-bb9f-094d3e6f37e4	nationwidechildrens.org_clinical.TCGA-CZ-4857.xml	21cbfa117073c67675a4ff3fe8ce3f58	48785	Data Release 46.0 - August 10, 2026
clinical	3164960f-466a-4ca5-b9eb-55044eb9819c	nationwidechildrens.org_clinical.TCGA-B0-4703.xml	52d2ab60495f84f43fe6493044145f89	30232	Data Release 46.0 - August 10, 2026
clinical	1513013b-437b-4486-9deb-be19cbeba03e	nationwidechildrens.org_clinical.TCGA-BP-4974.xml	e5dace6df5d145a8a11c2ea0b8ed3c98	54884	Data Release 46.0 - August 10, 2026
clinical	55d9c51d-f7f5-49f8-b695-16f0ed699f50	nationwidechildrens.org_clinical.TCGA-BP-5001.xml	fcdc6cb3e0c88cf1c170db985e0f8c3e	29832	Data Release 46.0 - August 10, 2026
clinical	190770ae-b7f7-45a8-b71e-46fb01d7263f	nationwidechildrens.org_clinical.TCGA-AK-3458.xml	25f4d5e59fd0053a31a530704ab5f17c	29872	Data Release 46.0 - August 10, 2026
clinical	aeed6a4a-916a-4f17-9273-37f32212a1b4	nationwidechildrens.org_clinical.TCGA-B0-4846.xml	882a60885875a73e923ae8d1e3b49f51	35204	Data Release 46.0 - August 10, 2026
clinical	10d25b8d-4d86-4fcf-b8f2-b4db9f7bf4d3	nationwidechildrens.org_clinical.TCGA-BP-4161.xml	59bfb4d7047a70c2e5b955cb0df708ad	36189	Data Release 46.0 - August 10, 2026
clinical	b92b9415-3b6e-46aa-a124-f874dfc7d81d	nationwidechildrens.org_clinical.TCGA-BP-4964.xml	bdb4cd6c170a6fe9c0aa23c2743b5182	29882	Data Release 46.0 - August 10, 2026
clinical	f9dc8f06-3b05-4fc5-9385-5950380abd93	nationwidechildrens.org_clinical.TCGA-BP-4769.xml	364d06f40a6819ee7dae93ff9a3f78ea	29870	Data Release 46.0 - August 10, 2026
clinical	607c8d13-e2c1-4f1b-8fb0-e89ba4c031fb	nationwidechildrens.org_clinical.TCGA-BP-4797.xml	327704b2a39e961f1f28ed4abe0ffa34	30082	Data Release 46.0 - August 10, 2026
clinical	1427d735-af96-43ef-9647-735e72926f5a	nationwidechildrens.org_clinical.TCGA-T7-A92I.xml	699234cb57ce530ef0a3d4a6660e1d78	31347	Data Release 46.0 - August 10, 2026
clinical	9689c632-f74a-419a-a1e6-fcdab91dc950	nationwidechildrens.org_clinical.TCGA-B0-4693.xml	9e3b733ecbf2fda0e69379aba7952312	30253	Data Release 46.0 - August 10, 2026
clinical	ca0388cc-24be-431a-b314-caa340648323	nationwidechildrens.org_clinical.TCGA-B8-4143.xml	d82d25197b9a10a0402d84bf701c457c	46135	Data Release 46.0 - August 10, 2026
clinical	e89f1d56-9531-4485-9b30-9ecfc2ccec76	nationwidechildrens.org_clinical.TCGA-B0-5697.xml	2ce9ce38db7493ac380f2c9ce7ed37e2	37624	Data Release 46.0 - August 10, 2026
clinical	47e7d8fb-040e-49d5-9c3c-73c4cb9423a3	nationwidechildrens.org_clinical.TCGA-CJ-4876.xml	dc60be9643838cc82f96a068575b6ea5	30029	Data Release 46.0 - August 10, 2026
clinical	868bb39f-ad11-40cd-99bf-753d286bb416	nationwidechildrens.org_clinical.TCGA-BP-4763.xml	c65c25af07a4254750e3cb83d66d57ee	29811	Data Release 46.0 - August 10, 2026
clinical	c3ef7008-6915-4298-92d3-300ef3388cb3	nationwidechildrens.org_clinical.TCGA-BP-4971.xml	ba2147a3ae8505aef56ce848ba6eb790	29876	Data Release 46.0 - August 10, 2026
clinical	3846ae61-49bc-4e96-9a2c-a892284b2add	nationwidechildrens.org_clinical.TCGA-AS-3777.xml	1eeb0b10c8de398ea7debd3f32748131	30253	Data Release 46.0 - August 10, 2026
clinical	633624e1-eef2-4ba0-af0b-1a6317cdd4f6	nationwidechildrens.org_clinical.TCGA-B0-4833.xml	35ee71ce872a8e1675b0d14754837955	30028	Data Release 46.0 - August 10, 2026
clinical	12423bc9-10aa-4a40-b18f-fc28fe549977	nationwidechildrens.org_clinical.TCGA-A3-3323.xml	89c4f93968b006086cf7e4f5c96fe760	29618	Data Release 46.0 - August 10, 2026
clinical	b818cea4-2f77-414c-a6bd-2e3da3b0a80d	nationwidechildrens.org_clinical.TCGA-B8-5158.xml	8500c1bd55e7bb50ba5417b51231b1c1	45413	Data Release 46.0 - August 10, 2026
clinical	c88bca11-6d7f-436c-a001-61cd5cb74cea	nationwidechildrens.org_clinical.TCGA-BP-4167.xml	16f705ea7cb25002d0bf1e599214bfe9	29832	Data Release 46.0 - August 10, 2026
clinical	a6dcefae-5a75-407f-b797-36242f5caa91	nationwidechildrens.org_clinical.TCGA-BP-4163.xml	3d443d47887bd572340d798d65c8fff1	29887	Data Release 46.0 - August 10, 2026
clinical	db9c90f3-e772-441b-8c04-9e5c6f4fc0fe	nationwidechildrens.org_clinical.TCGA-B0-5106.xml	20e80e235f7a76e1c253621d7122e755	30070	Data Release 46.0 - August 10, 2026
clinical	db0e587a-21c8-432f-b042-e7ca20098946	nationwidechildrens.org_clinical.TCGA-BP-4332.xml	f9f951ae18238da6fec2c4c534f972e8	29831	Data Release 46.0 - August 10, 2026
clinical	0344ddf6-838e-4440-b3f4-01f676a33720	nationwidechildrens.org_clinical.TCGA-B0-5084.xml	c792c71db1e24da0f74a45d1e16dfa45	35139	Data Release 46.0 - August 10, 2026
clinical	9bdca33e-51b4-4a31-8de8-1efa1eae33d6	nationwidechildrens.org_clinical.TCGA-CZ-5452.xml	9d94050b31d3433a838c08e1e5109a26	37363	Data Release 46.0 - August 10, 2026
clinical	0b9d69cc-be65-4359-9002-9fbe74cdc89b	nationwidechildrens.org_clinical.TCGA-B8-A54G.xml	db5a123d0066d0acafd871740bb2b2f3	30872	Data Release 46.0 - August 10, 2026
clinical	8d46503e-08ee-4d3a-af4b-b59e368bbac6	nationwidechildrens.org_clinical.TCGA-B2-5636.xml	839c253a5ea9de8af83fff99bffc2bdf	37269	Data Release 46.0 - August 10, 2026
clinical	1525323d-cfda-4b0c-bc21-62a82a369772	nationwidechildrens.org_clinical.TCGA-BP-4355.xml	563df84818e09f6652ad1e3241ddf491	29832	Data Release 46.0 - August 10, 2026
clinical	e6900396-f129-4e38-b5ef-917c7cd4ba2c	nationwidechildrens.org_clinical.TCGA-CJ-5672.xml	a3777bd3ea6923d6cca6b487fc7a3d13	29927	Data Release 46.0 - August 10, 2026
clinical	5739efe4-b57b-4894-bf9d-d357048abe9e	nationwidechildrens.org_clinical.TCGA-B0-4838.xml	74fe2ef6ca9d7a65d59629f0c9308595	30014	Data Release 46.0 - August 10, 2026
clinical	e3fa26cc-e660-460f-a97b-23d3544f1b6e	nationwidechildrens.org_clinical.TCGA-A3-A8OU.xml	745b796dd82083d75c317b59c2e36388	23405	Data Release 46.0 - August 10, 2026
clinical	e301ab99-a138-412d-9b45-cb8e1d52fed4	nationwidechildrens.org_clinical.TCGA-B0-5110.xml	b71698fa4f907ee98b4dd6707f6d5af0	37542	Data Release 46.0 - August 10, 2026
clinical	d24c5d17-ff29-454e-bec1-0d3b5335e522	nationwidechildrens.org_clinical.TCGA-CJ-4913.xml	135a09b2f50d021cef866d3539120aaa	41338	Data Release 46.0 - August 10, 2026
clinical	f9382890-3494-46ec-a636-ffc58b5e36e5	nationwidechildrens.org_clinical.TCGA-BP-4349.xml	a5a385e789878d817b1e15c3f19df64c	29729	Data Release 46.0 - August 10, 2026
clinical	ca0daea1-e163-42c5-aedf-a34e9036278c	nationwidechildrens.org_clinical.TCGA-BP-4776.xml	95060bb0ac49806ae1ae92b191e71ea7	29795	Data Release 46.0 - August 10, 2026
clinical	436010f2-1377-4668-ad44-c42fd43ea196	nationwidechildrens.org_clinical.TCGA-B0-5695.xml	d591e3ca186aed146d6fd96fb8d4833d	37626	Data Release 46.0 - August 10, 2026
clinical	04e2a1ad-3385-4adf-b19c-538b0776cfce	nationwidechildrens.org_clinical.TCGA-BP-4160.xml	0d411b4c86c98a986e3d6b656aacf38f	29920	Data Release 46.0 - August 10, 2026
clinical	d3c28790-1e1b-46a6-aeb5-3280eaed727f	nationwidechildrens.org_clinical.TCGA-DV-5568.xml	fb96b0f75a88e7eff375e37e1e896276	29997	Data Release 46.0 - August 10, 2026
clinical	8ba99e82-d3f4-45aa-94f5-a976f3f21565	nationwidechildrens.org_clinical.TCGA-CJ-4642.xml	85ce558e44316e0a62f3df355db9d1a7	37488	Data Release 46.0 - August 10, 2026
clinical	52da5a56-4f80-484a-99d8-e8a16093eacc	nationwidechildrens.org_clinical.TCGA-BP-4993.xml	11d74a92105dc75437603125a2b031e8	29862	Data Release 46.0 - August 10, 2026
clinical	ee31e68f-de79-4454-a827-6a511130bc9e	nationwidechildrens.org_clinical.TCGA-AK-3454.xml	3bf2eb116b310ea74ddaefcf2baea47b	29829	Data Release 46.0 - August 10, 2026
clinical	14d5805e-a44f-4209-9e9c-8a911ce1854c	nationwidechildrens.org_clinical.TCGA-B2-5639.xml	55b5f5fc5e955c87442207f6a2604c2d	55183	Data Release 46.0 - August 10, 2026
clinical	c85be97d-81e9-4d77-9c87-e33b46cd64e9	nationwidechildrens.org_clinical.TCGA-CJ-5689.xml	7751d978d3bc67ecc09085b7e1491928	30055	Data Release 46.0 - August 10, 2026
clinical	6207a916-01da-46a9-b8cc-165560f2f7eb	nationwidechildrens.org_clinical.TCGA-BP-5199.xml	2957f11eedc9dbe244bcabad7aa20636	29918	Data Release 46.0 - August 10, 2026
clinical	7003749f-e9c2-4816-8c4d-9f986a327b7c	nationwidechildrens.org_clinical.TCGA-BP-4771.xml	c0ca6a53762fa020a78f4da1a646fabe	54258	Data Release 46.0 - August 10, 2026
clinical	1191b07e-64b6-4d09-bd1a-b2cd4c88b111	nationwidechildrens.org_clinical.TCGA-BP-5168.xml	95fdb4f8b35b145e08ea6853e8da4a9d	29856	Data Release 46.0 - August 10, 2026
clinical	5e7a43c0-288b-4e24-ad2d-7b457c17e354	nationwidechildrens.org_clinical.TCGA-DV-5576.xml	b607bc87cf5715ad42309b9153539412	30174	Data Release 46.0 - August 10, 2026
clinical	e1d8eb4a-935e-4e3f-86e6-2735d42a57cc	nationwidechildrens.org_clinical.TCGA-AK-3447.xml	9e334fbd3f11f74dabc2c7a422c7a714	29827	Data Release 46.0 - August 10, 2026
clinical	1724d4c7-7bec-4d3e-8d3e-695ebff4bc9b	nationwidechildrens.org_clinical.TCGA-B0-5691.xml	73472919c2afb48b0ccfea38d9c4263a	30345	Data Release 46.0 - August 10, 2026
clinical	0fa16eed-4392-40df-b302-fa16095257e4	nationwidechildrens.org_clinical.TCGA-A3-3307.xml	88ab6137ba9b3d7c4acf4a8d8fc47375	22623	Data Release 46.0 - August 10, 2026
clinical	c84ab4fa-c3ec-4251-b290-3328d749729a	nationwidechildrens.org_clinical.TCGA-B0-5694.xml	9663ad3c47854d340550f7838f8bb45b	45872	Data Release 46.0 - August 10, 2026
clinical	3f2820f3-9253-433a-953e-9d1f0f044351	nationwidechildrens.org_clinical.TCGA-BP-4762.xml	cc47f3cfbdba7e939430a77568f81d42	29809	Data Release 46.0 - August 10, 2026
clinical	c7402fa2-419f-46fb-9855-5598fcf12c18	nationwidechildrens.org_clinical.TCGA-DV-5566.xml	3d30a181cfb1557f428824c7c3cb7a7e	51337	Data Release 46.0 - August 10, 2026
clinical	1de97229-be61-47f9-b5b4-cccf2dd7aa81	nationwidechildrens.org_clinical.TCGA-DV-5569.xml	caef788aabc4e325991d37f2499b6a7c	30175	Data Release 46.0 - August 10, 2026
clinical	a35dc604-6241-4903-8203-75c6763801c6	nationwidechildrens.org_clinical.TCGA-B4-5834.xml	08e3b0da0fdb0cbe628d89b23d987b2c	30584	Data Release 46.0 - August 10, 2026
clinical	30b5f58c-3fdb-4203-8825-2c2994ba3e16	nationwidechildrens.org_clinical.TCGA-CJ-4871.xml	edaf854cb1e8d1fd9899d4d8baefdb36	41433	Data Release 46.0 - August 10, 2026
clinical	8c3b3887-2753-41e5-8e51-92ffb3b4dd22	nationwidechildrens.org_clinical.TCGA-B8-5165.xml	fd41accb0f49802d591d488197e44738	37521	Data Release 46.0 - August 10, 2026
clinical	7efacd2c-3642-4ebc-b634-c398e9747db9	nationwidechildrens.org_clinical.TCGA-BP-4174.xml	96acb4d9b21833417208426d7f5241ed	29880	Data Release 46.0 - August 10, 2026
clinical	e0e8c3a6-8e3d-4939-965d-73ab396d50d8	nationwidechildrens.org_clinical.TCGA-B0-4700.xml	e446c0cbcc2e76cdbeeb3ba0d03aee4a	30154	Data Release 46.0 - August 10, 2026
clinical	e016cb20-fde4-4d0a-9f75-2296dd7f0598	nationwidechildrens.org_clinical.TCGA-CJ-4905.xml	11274ca007a73914705cd41a5933e131	30068	Data Release 46.0 - August 10, 2026
clinical	2ceb80a2-b09b-4144-a9de-d8145e5eff24	nationwidechildrens.org_clinical.TCGA-A3-3376.xml	a4999493891d2f0868114fbcb03313b8	30213	Data Release 46.0 - August 10, 2026
clinical	bb8ba876-1396-4507-9786-c378c18b5a89	nationwidechildrens.org_clinical.TCGA-CZ-5989.xml	dfa7e28782b3eae37c6a01f26548c8b2	37436	Data Release 46.0 - August 10, 2026
clinical	1ed3ae7a-6b4c-45b1-b836-c686f90a76c2	nationwidechildrens.org_clinical.TCGA-BP-5184.xml	eef02232a36f79141a4ca56ee51cead0	29828	Data Release 46.0 - August 10, 2026
clinical	5a73acb5-cc5c-406d-ab16-addc78f7e2c6	nationwidechildrens.org_clinical.TCGA-B8-5552.xml	9586ca184ccaa36e0e3bbe42e370c9f5	37388	Data Release 46.0 - August 10, 2026
clinical	5ccbb919-80da-4053-a19a-61b9e9f3f370	nationwidechildrens.org_clinical.TCGA-CJ-4882.xml	a29491aae17c0528e3db01c6dd65a8ed	30227	Data Release 46.0 - August 10, 2026
clinical	3513c4e5-716e-42ef-bef1-eb614e69b70d	nationwidechildrens.org_clinical.TCGA-BP-4995.xml	a7fd2a4198ca42732d26137fbd4485ee	29921	Data Release 46.0 - August 10, 2026
clinical	edb8e24a-e8fa-45ff-95e1-81d7cb886290	nationwidechildrens.org_clinical.TCGA-CJ-4886.xml	87152768b881810e0a17361915a8cbea	30166	Data Release 46.0 - August 10, 2026
clinical	2fbb646e-64de-46bb-b815-8123bfd01bf4	nationwidechildrens.org_clinical.TCGA-DV-5573.xml	17f5918541a9b9bdbf54fdd44ff3a6ba	30181	Data Release 46.0 - August 10, 2026
clinical	0c6eb841-0e53-4171-9b08-b75bffde7a8c	nationwidechildrens.org_clinical.TCGA-CJ-4900.xml	ac7c934b504a7101d9b005ef5f873bba	43026	Data Release 46.0 - August 10, 2026
clinical	41ccf064-410b-4ed3-9230-bb67663e7f59	nationwidechildrens.org_clinical.TCGA-BP-4795.xml	2063f0360dff01aeafe208c90b733ed3	30004	Data Release 46.0 - August 10, 2026
clinical	1f602d10-23d6-4b03-9948-61216c17cc66	nationwidechildrens.org_clinical.TCGA-CZ-5470.xml	2b11fe166124222b874d86fc8ae66072	36797	Data Release 46.0 - August 10, 2026
clinical	dc40321a-540d-4d2d-9d7b-e51d4b13e27a	nationwidechildrens.org_clinical.TCGA-BP-4759.xml	f2c620d22e3e5bc0d0b275b83d6456e0	29871	Data Release 46.0 - August 10, 2026
clinical	d5952f43-71a9-491a-8feb-967cd35c7432	nationwidechildrens.org_clinical.TCGA-BP-5169.xml	7b260d118a44750afcd80aaf2987a195	29876	Data Release 46.0 - August 10, 2026
clinical	67709f92-5846-435e-ba5c-a2cec718e2cc	nationwidechildrens.org_clinical.TCGA-BP-5196.xml	d812604b4582b254ba2172a96ac836bc	29828	Data Release 46.0 - August 10, 2026
clinical	bc93e0ee-34bc-48a6-80db-b0c50a80bdf9	nationwidechildrens.org_clinical.TCGA-CZ-5456.xml	dd7d04599d8c9d8759d87bc339be799f	51341	Data Release 46.0 - August 10, 2026
clinical	34d06fab-3701-46a0-a448-00b7bbb4e8e5	nationwidechildrens.org_clinical.TCGA-CZ-4860.xml	48a337e714af24d1129badb0b897e8ed	36333	Data Release 46.0 - August 10, 2026
clinical	fdc288c3-2b16-4953-987d-edc9b8fc32da	nationwidechildrens.org_clinical.TCGA-BP-5004.xml	b39ee595c6494d759353d8fbf7a720be	29830	Data Release 46.0 - August 10, 2026
clinical	1f5bf9db-2799-48a8-b669-4dab0b203bc2	nationwidechildrens.org_clinical.TCGA-B0-4945.xml	27c85e49f2ecd3cbe6dd9760a48170da	29990	Data Release 46.0 - August 10, 2026
clinical	e9043cdb-cf72-4db3-b4a5-95e7e8d75e5f	nationwidechildrens.org_clinical.TCGA-CJ-4640.xml	2305af557de5ef1283be717069fd66a1	37579	Data Release 46.0 - August 10, 2026
clinical	5d06a079-4827-404c-bcb4-911a5dfd6ec7	nationwidechildrens.org_clinical.TCGA-CJ-4881.xml	79b03f14045f7ed299a4cb7deaa92c93	41366	Data Release 46.0 - August 10, 2026
clinical	513d91ef-5df4-4fb0-848e-6bfdb4821e55	nationwidechildrens.org_clinical.TCGA-BP-4777.xml	de587ec22cefb5bee0d07eb9b48ea2a0	29836	Data Release 46.0 - August 10, 2026
clinical	2b8358c6-6372-4682-81c8-45b1f7f9cbea	nationwidechildrens.org_clinical.TCGA-B0-5096.xml	b83a1981a9967a705990916e39e71241	30099	Data Release 46.0 - August 10, 2026
clinical	f2f41955-1212-4d4b-b487-01997c9fd96e	nationwidechildrens.org_clinical.TCGA-CJ-6028.xml	71d266152251bcc066a68e2df5969118	72967	Data Release 46.0 - August 10, 2026
clinical	4b1ecbc3-5266-43ac-bd5c-197e4e965038	nationwidechildrens.org_clinical.TCGA-B0-5692.xml	3b9f3f3af61fd44a5b43b3b067d6cbec	37628	Data Release 46.0 - August 10, 2026
clinical	85d77960-e5ec-488e-aa5a-e0a984bcc1ed	nationwidechildrens.org_clinical.TCGA-A3-3322.xml	4b00c933465199d5b417fc7925a08bf9	29617	Data Release 46.0 - August 10, 2026
clinical	679c8c0b-dd73-4041-b250-8ecbd9577bc8	nationwidechildrens.org_clinical.TCGA-B0-4823.xml	151e8b32d2e66923f1db84aac0e72b93	29976	Data Release 46.0 - August 10, 2026
clinical	cae80b0e-0b86-420f-96cd-f51e6ff4b3a8	nationwidechildrens.org_clinical.TCGA-BP-5183.xml	7d4e24cb7675d602988462aaa379db0a	30127	Data Release 46.0 - August 10, 2026
clinical	34bb0496-72b1-4f0b-bf9b-d3ff46d146c7	nationwidechildrens.org_clinical.TCGA-B0-5080.xml	569035f78767706f0d048b38b6e4b1c8	30109	Data Release 46.0 - August 10, 2026
clinical	7cd2a166-7015-4bdb-9f79-5f9d709e63a6	nationwidechildrens.org_clinical.TCGA-A3-3370.xml	f6f04bdb250484b9ed4e68dbe9621b4a	30186	Data Release 46.0 - August 10, 2026
clinical	52dc7443-c7d4-4078-a447-df2c52f125e5	nationwidechildrens.org_clinical.TCGA-A3-A8OX.xml	6ab1f8d10d75981c22150cb666f65b77	23508	Data Release 46.0 - August 10, 2026
clinical	b0454c60-7f1d-4590-b5bf-cdb12898dc74	nationwidechildrens.org_clinical.TCGA-G6-A8L8.xml	10986a0963611b2650084362fa6c24fe	31137	Data Release 46.0 - August 10, 2026
clinical	0a91a9b9-ee39-41a5-bacb-ab1ff370ccef	nationwidechildrens.org_clinical.TCGA-MM-A564.xml	7191b2a690f109a3b405d79cc64c5bc5	30998	Data Release 46.0 - August 10, 2026
clinical	9da923e9-43e1-49b1-b620-5bff6056f091	nationwidechildrens.org_clinical.TCGA-AK-3433.xml	f469d9e5a3b68d619737e98ee1115a77	37590	Data Release 46.0 - August 10, 2026
clinical	4f304b3e-a174-41d6-8e93-43fbab3d79ca	nationwidechildrens.org_clinical.TCGA-B8-5545.xml	4c7a1b93ea5456c58e8299d4e071582f	37634	Data Release 46.0 - August 10, 2026
clinical	e29a49e6-a1fd-481f-a38f-32326c0788c8	nationwidechildrens.org_clinical.TCGA-A3-3372.xml	26e7a1018327759221403f4690aec7ab	29616	Data Release 46.0 - August 10, 2026
clinical	5afbb2f8-d997-40ec-b494-5070b94c2641	nationwidechildrens.org_clinical.TCGA-A3-3365.xml	a0a87ba62352bed94ba223b8b03c0512	29518	Data Release 46.0 - August 10, 2026
clinical	dfe38104-dabb-4081-8f59-3f4a57196ce7	nationwidechildrens.org_clinical.TCGA-AK-3444.xml	2c6518ed6c354a24498eec77a2598895	29604	Data Release 46.0 - August 10, 2026
clinical	0157ea42-a196-437f-92b8-3009c1b193f4	nationwidechildrens.org_clinical.TCGA-CJ-5679.xml	473ad6ae5fb72fc307b765f9c05077fb	66291	Data Release 46.0 - August 10, 2026
clinical	fe7b5078-2272-4be5-bd71-2026a8a2cffa	nationwidechildrens.org_clinical.TCGA-CJ-4639.xml	15dc168cece93fecf015efec4353c3a5	37579	Data Release 46.0 - August 10, 2026
clinical	d7f34a59-47f9-40f7-aebe-36b82d05240d	nationwidechildrens.org_clinical.TCGA-CZ-5461.xml	9cb3ae88ec4ca56aacc3ec34d33f60f1	41546	Data Release 46.0 - August 10, 2026
clinical	f4e25aac-1108-4900-ae7a-388160b317c6	nationwidechildrens.org_clinical.TCGA-BP-4338.xml	a7907b28188c65e3ea9e809e7f262317	63040	Data Release 46.0 - August 10, 2026
clinical	2e8c9964-9d64-4789-92ba-9524d0a12de2	nationwidechildrens.org_clinical.TCGA-B0-5115.xml	b30f0b6646e37270c64b716c9921c945	49375	Data Release 46.0 - August 10, 2026
clinical	eea6406a-61f2-4315-973e-a348115041c8	nationwidechildrens.org_clinical.TCGA-A3-3363.xml	62727a7889efd9b29a1f1831d8133327	29615	Data Release 46.0 - August 10, 2026
clinical	81058106-ea54-4b33-a962-bd4e56a72420	nationwidechildrens.org_clinical.TCGA-CJ-4873.xml	2255617a7aa62e82beda8a98123cbc55	30123	Data Release 46.0 - August 10, 2026
clinical	3b1f593a-374e-489b-9325-8ebfe58e3480	nationwidechildrens.org_clinical.TCGA-B0-4852.xml	060eb3c95bb94d4710dd9082573648b1	30252	Data Release 46.0 - August 10, 2026
clinical	4f419676-5a7d-49e6-9ae1-557b02d4bf80	nationwidechildrens.org_clinical.TCGA-B4-5832.xml	5d8c6d27a38086f211068cf6d1548336	30605	Data Release 46.0 - August 10, 2026
clinical	3dcbbfea-200c-43a7-b4b3-e5c8f792b645	nationwidechildrens.org_clinical.TCGA-CW-5587.xml	56e388d1296862e3f75acc382c321cba	30046	Data Release 46.0 - August 10, 2026
clinical	baa620eb-8cef-4fa4-8673-0dfa804cb0ba	nationwidechildrens.org_clinical.TCGA-BP-4170.xml	c558dbd4ba9e080c9bdb233be654d82e	29899	Data Release 46.0 - August 10, 2026
clinical	85ab4855-3689-4b98-b1f8-929a398f6695	nationwidechildrens.org_clinical.TCGA-B0-4847.xml	71461fdc8f75d5fc48ea1d324d4d4cec	29951	Data Release 46.0 - August 10, 2026
clinical	58ed1663-f96b-4d86-95c9-07e20a6d165c	nationwidechildrens.org_clinical.TCGA-B8-4619.xml	4dafe7c8c51eed6f7bcacf3964d3f252	37526	Data Release 46.0 - August 10, 2026
clinical	9665a5ad-d01b-4b51-a0b0-f663997e4fe3	nationwidechildrens.org_clinical.TCGA-CZ-4861.xml	0155d449fd2d2d7021d77e419a291067	36433	Data Release 46.0 - August 10, 2026
clinical	964008c9-0a79-4d62-8f7e-3b09c37b4b58	nationwidechildrens.org_clinical.TCGA-BP-4353.xml	35108c7b6bb8a31cb291a6c3d488ecf6	29808	Data Release 46.0 - August 10, 2026
clinical	2ccd0865-d4e6-4f39-9d25-2b82362a8c5f	nationwidechildrens.org_clinical.TCGA-BP-4775.xml	42f0c719205b1a74af3c0c4be333025a	29725	Data Release 46.0 - August 10, 2026
clinical	acb5ac71-62d6-4dd9-a164-ee00f274a02e	nationwidechildrens.org_clinical.TCGA-BP-4344.xml	fadca4c915284fc06908e213bf044d61	29833	Data Release 46.0 - August 10, 2026
clinical	08f272c9-38f9-4be5-9d46-79740dcb2fe9	nationwidechildrens.org_clinical.TCGA-BP-4342.xml	740048bc1f8c6836be96d164b55717e4	30027	Data Release 46.0 - August 10, 2026
clinical	4bb5bfd1-b793-444a-b644-c96b4e38146f	nationwidechildrens.org_clinical.TCGA-B0-5088.xml	418205ec2bb3300857de9812d4e2adfe	30229	Data Release 46.0 - August 10, 2026
clinical	b33048aa-b614-4c92-a6fd-d59a2083a923	nationwidechildrens.org_clinical.TCGA-AK-3425.xml	a3e5dd99111669c07137bf91f55a1568	29874	Data Release 46.0 - August 10, 2026
clinical	6211e01b-fd5c-4142-b970-18bce42eaabf	nationwidechildrens.org_clinical.TCGA-CJ-6030.xml	37b4c65bc42e732870e6652e339c990c	30011	Data Release 46.0 - August 10, 2026
clinical	3b4a9be3-6fa9-497d-8900-79e1ac09e6aa	nationwidechildrens.org_clinical.TCGA-B0-4815.xml	9c83bb1d5f3aae9838bdc0ed316d001d	29891	Data Release 46.0 - August 10, 2026
clinical	6a2046ad-526c-48d8-9a39-9a8f346bc0aa	nationwidechildrens.org_clinical.TCGA-CJ-4891.xml	9cc585bd18e2c0cdef66cf6adbfe707d	30168	Data Release 46.0 - August 10, 2026
clinical	b90a8980-6153-4e15-b6aa-b00ee52cd795	nationwidechildrens.org_clinical.TCGA-B0-4712.xml	bfab5323af329303d9e581e03135c227	29983	Data Release 46.0 - August 10, 2026
clinical	936879e1-7724-4264-b6e3-fd40fd791aa4	nationwidechildrens.org_clinical.TCGA-BP-4334.xml	0993245332b95d298685300e38082971	41205	Data Release 46.0 - August 10, 2026
clinical	8d67dabe-6b20-4cf4-a83f-e12681127323	nationwidechildrens.org_clinical.TCGA-DV-5565.xml	e184b4d1674a52fa85c949cfedf9cde7	57652	Data Release 46.0 - August 10, 2026
clinical	d5debaa1-0623-4d28-8aab-f3454ba74f10	nationwidechildrens.org_clinical.TCGA-BP-4994.xml	2a41cad9672ac68769cdb8efb7c2a268	29829	Data Release 46.0 - August 10, 2026
clinical	a8d14e81-e971-4c0d-a584-212ac7b04925	nationwidechildrens.org_clinical.TCGA-BP-4986.xml	550f048beb967a59d3146ec245be9fe6	29916	Data Release 46.0 - August 10, 2026
clinical	6ec4f001-ce20-466a-9895-12edd7302754	nationwidechildrens.org_clinical.TCGA-BP-4760.xml	d74fad1c05545b435da8181ea57aa007	30103	Data Release 46.0 - August 10, 2026
clinical	922bba9f-f9eb-490d-8ec4-cf224637892b	nationwidechildrens.org_clinical.TCGA-BP-5009.xml	aaa7caacf7c2d97205143edcbb8b6ada	67022	Data Release 46.0 - August 10, 2026
clinical	bb42af36-a798-490d-a3fc-b6721c208c18	nationwidechildrens.org_clinical.TCGA-DV-5567.xml	24902a0470a9b23c6f4e8eac46c3b7e0	44764	Data Release 46.0 - August 10, 2026
clinical	b8583c0d-312a-43f5-8904-a04dce6d0f37	nationwidechildrens.org_clinical.TCGA-BP-4782.xml	1ac109449952c53720f321b04d60276d	29880	Data Release 46.0 - August 10, 2026
clinical	3e8b729c-117f-4b62-80bf-37d4fb6b588f	nationwidechildrens.org_clinical.TCGA-AK-3451.xml	36a480770ca9eeedcab2919a15f90366	37677	Data Release 46.0 - August 10, 2026
clinical	e8c65ee9-006b-4f60-8d42-fac0082e6143	nationwidechildrens.org_clinical.TCGA-CJ-4904.xml	f296a1d5e31143bf5d5f56898aaf61dd	44127	Data Release 46.0 - August 10, 2026
clinical	6af7b755-7128-46ba-866c-491da2836ec0	nationwidechildrens.org_clinical.TCGA-A3-3329.xml	778fd979fabce55f6a26dec1be238256	30186	Data Release 46.0 - August 10, 2026
clinical	7413220a-fcc5-4d92-ab47-cfe815992728	nationwidechildrens.org_clinical.TCGA-BP-4988.xml	b6bf1445c53231dbad8d4d4768f4d3d5	29856	Data Release 46.0 - August 10, 2026
clinical	44e5f7da-da9e-4d70-a713-8117bcd93577	nationwidechildrens.org_clinical.TCGA-BP-5181.xml	1926a01a000e88bd9bf747d423faf857	29826	Data Release 46.0 - August 10, 2026
clinical	3356e52c-0d0e-4314-9ed6-0a026763d844	nationwidechildrens.org_clinical.TCGA-AK-3450.xml	301ea0f0b9cc8e5e7305a8729fdd77c8	34971	Data Release 46.0 - August 10, 2026
clinical	7f4240c1-3b60-49aa-b39b-e11296b0de11	nationwidechildrens.org_clinical.TCGA-AK-3436.xml	6c9fb5e263cf59ea3e77a3988b7b5553	49688	Data Release 46.0 - August 10, 2026
clinical	0846fe1f-b3ed-412e-964e-0b7ceb08ef58	nationwidechildrens.org_clinical.TCGA-AK-3427.xml	ac62ca7f1860a6b4223dc61320861af3	37520	Data Release 46.0 - August 10, 2026
clinical	52fbdf46-4da6-4cce-b923-d2d5b21aa2a4	nationwidechildrens.org_clinical.TCGA-B0-5698.xml	c1c8d46ca3642d14fba8780bf019b91b	37595	Data Release 46.0 - August 10, 2026
clinical	ba377675-3a0d-4937-94da-8f658170dd5f	nationwidechildrens.org_clinical.TCGA-BP-4164.xml	5ca75e0b6be988c1562b1e358d5e6a57	29860	Data Release 46.0 - August 10, 2026
clinical	f4e452a9-49aa-433a-9d7f-8846cf4f4110	nationwidechildrens.org_clinical.TCGA-B0-5108.xml	66cf90b7410573edbad5a77c187e84e2	37531	Data Release 46.0 - August 10, 2026
clinical	df3fa119-626b-4797-93aa-cda366eddaa2	nationwidechildrens.org_clinical.TCGA-CZ-5984.xml	140f4041968fb8a7adac1ae2454834c9	37260	Data Release 46.0 - August 10, 2026
clinical	6e8dded0-23c7-4e99-b12a-15b871c248f0	nationwidechildrens.org_clinical.TCGA-BP-5195.xml	3b7caf8031effa12dbb016cd8dbf865f	29867	Data Release 46.0 - August 10, 2026
clinical	211993b4-0349-4a37-8606-18b19cfd851c	nationwidechildrens.org_clinical.TCGA-AK-3434.xml	8b36f5951630f555a5530a853c95a4d5	30071	Data Release 46.0 - August 10, 2026
clinical	5f5e88a1-e1c6-42a7-8fb2-66ce035e5645	nationwidechildrens.org_clinical.TCGA-BP-4989.xml	1799272a1909c9e4d3331a7569e5f6cf	29881	Data Release 46.0 - August 10, 2026
clinical	75242c02-82d4-476e-afd3-41563cd79849	nationwidechildrens.org_clinical.TCGA-BP-4973.xml	3d99f2884dbd7f7f07f88953f14a316a	29834	Data Release 46.0 - August 10, 2026
clinical	cbd9adba-8591-4797-b76a-055d83efb7ee	nationwidechildrens.org_clinical.TCGA-A3-A8OV.xml	3e988d76fb5a21ac2ffd9b3e31965ba0	30819	Data Release 46.0 - August 10, 2026
clinical	1289803e-4d26-40f7-8722-53d00bf2d060	nationwidechildrens.org_clinical.TCGA-A3-3335.xml	beebc84a63180c47cb236a0220571ef9	30446	Data Release 46.0 - August 10, 2026
clinical	b5850e49-577c-498e-baca-70581f340a3f	nationwidechildrens.org_clinical.TCGA-B0-5402.xml	929080176d7386006b6a8fe4d9550652	42528	Data Release 46.0 - August 10, 2026
clinical	181144a7-edbb-4b0b-8232-0fe47a797f81	nationwidechildrens.org_clinical.TCGA-B0-5712.xml	21b15ac7ed8af5d4360e34bb4cc9e814	40833	Data Release 46.0 - August 10, 2026
clinical	4e1b761c-ceb2-4e15-8222-219180b2cb97	nationwidechildrens.org_clinical.TCGA-AK-3440.xml	662599804fb123a92d6ba6315634924d	37512	Data Release 46.0 - August 10, 2026
clinical	90ae4bcb-b837-43a5-b09f-bca5b89f3020	nationwidechildrens.org_clinical.TCGA-CZ-4858.xml	eebdbd7d8d5d102178ec5eb9d3082391	44024	Data Release 46.0 - August 10, 2026
clinical	908bcaf0-c690-448d-8320-48892ba3aebc	nationwidechildrens.org_clinical.TCGA-B2-4102.xml	73cb5374915970a4829717437bde333c	37298	Data Release 46.0 - August 10, 2026
clinical	2e67b827-233c-423b-adac-6714ae98eb21	nationwidechildrens.org_clinical.TCGA-CZ-4862.xml	3f45ec564597455a60ec4bd2e60f651c	37378	Data Release 46.0 - August 10, 2026
clinical	9c297848-0905-49d2-9a7a-50bb0af05d8d	nationwidechildrens.org_clinical.TCGA-DV-A4W0.xml	c86bd8aa644392726bdb1aa206478a7f	39612	Data Release 46.0 - August 10, 2026
clinical	d41c657c-12d2-494f-8a0e-6f23d9fdf41c	nationwidechildrens.org_clinical.TCGA-B0-5690.xml	d60ac8e9efc920b5cd5bb5f6f1c7e2e8	37479	Data Release 46.0 - August 10, 2026
clinical	a95cb6d5-f4b9-469b-a205-b89fe8304308	nationwidechildrens.org_clinical.TCGA-BP-4960.xml	36ee5196bc73bfb1319aab2fc9b034fc	29876	Data Release 46.0 - August 10, 2026
clinical	c5a1a663-2b8b-4dff-bb6e-108b69688e9c	nationwidechildrens.org_clinical.TCGA-B0-5705.xml	1b604a13d15ad1d59cfb487df4a92f0d	37846	Data Release 46.0 - August 10, 2026
clinical	6ca67177-a478-4304-be83-6b7dd9cbe3c4	nationwidechildrens.org_clinical.TCGA-B8-A7U6.xml	1fa34c7c950fdac09d40a9ed0710a84d	30868	Data Release 46.0 - August 10, 2026
clinical	91d30cff-6bb9-4f56-b2e9-db6d7a88f0e9	nationwidechildrens.org_clinical.TCGA-CZ-4859.xml	b2eb498aad71488d0667bb0f702565e6	36939	Data Release 46.0 - August 10, 2026
clinical	f45a5f59-5c71-4d22-a322-5a8a2c52cd3d	nationwidechildrens.org_clinical.TCGA-B0-4824.xml	6683428d15e291edde9d05c50e7aa051	29979	Data Release 46.0 - August 10, 2026
clinical	ddb91bfa-e9b6-4de6-9727-40d86e3edc2e	nationwidechildrens.org_clinical.TCGA-CZ-5460.xml	7d66c8c03b603d7d9ce252538d691086	43586	Data Release 46.0 - August 10, 2026
clinical	b6f0206d-755a-43d1-86c1-f024ebd71f54	nationwidechildrens.org_clinical.TCGA-A3-3378.xml	1c5f55467441516ef6bdf516bb7cf2d7	29655	Data Release 46.0 - August 10, 2026
clinical	43a9f559-ef25-422e-aa16-c66d9e25254e	nationwidechildrens.org_clinical.TCGA-AK-3465.xml	24f16afed6d41c7c25f669400a708355	29752	Data Release 46.0 - August 10, 2026
clinical	0a6ee0c1-211a-49f5-b9f0-f88c69dfc473	nationwidechildrens.org_clinical.TCGA-CZ-5458.xml	90745d8143049d6634e6b42b86e1fdbb	44458	Data Release 46.0 - August 10, 2026
clinical	af15e388-4fcb-45f2-a271-bc38bd34620a	nationwidechildrens.org_clinical.TCGA-DV-A4VX.xml	93481768c745911f92f500715153679b	42965	Data Release 46.0 - August 10, 2026
clinical	6add1eb3-5c4c-4e98-9244-a0bc8fce2e30	nationwidechildrens.org_clinical.TCGA-BP-4975.xml	6afdf8cc95c26dfce0c49ad9a2f50e47	29873	Data Release 46.0 - August 10, 2026
clinical	ed3b4ead-fe6f-453e-9109-383a7c125391	nationwidechildrens.org_clinical.TCGA-CW-6093.xml	177b2f46abc591ea49b654a7ba1497a6	30060	Data Release 46.0 - August 10, 2026
clinical	1878a54b-db56-42eb-be20-a23afb0b4e4c	nationwidechildrens.org_clinical.TCGA-BP-4765.xml	3d174bd150fa0fb5813d12585ccfce4d	29832	Data Release 46.0 - August 10, 2026
clinical	0e7d691c-5668-4ee0-bddc-c27152a1f9ca	nationwidechildrens.org_clinical.TCGA-AK-3443.xml	94628cf2b6c471fa40ff62379474d178	29748	Data Release 46.0 - August 10, 2026
clinical	f49d1c9a-8c14-4c00-872a-8d504790539e	nationwidechildrens.org_clinical.TCGA-B0-5120.xml	f47f619cbd8b418893c5bad7d9403ea3	37619	Data Release 46.0 - August 10, 2026
clinical	98a237aa-43d7-4169-9ec3-95cdb5cb545b	nationwidechildrens.org_clinical.TCGA-MM-A84U.xml	905f12c88c099807cf2bf73d63b92b7a	31081	Data Release 46.0 - August 10, 2026
clinical	95e9ee89-1f4b-48dd-b519-940539812e6f	nationwidechildrens.org_clinical.TCGA-B0-5095.xml	24ff74cceed7de201ed787e8aeb31e12	30105	Data Release 46.0 - August 10, 2026
clinical	def21b93-72f6-4af7-8a1c-6319f847ac5a	nationwidechildrens.org_clinical.TCGA-B0-4818.xml	2ca7af51a3f0a639ce1feb87529b5927	30047	Data Release 46.0 - August 10, 2026
clinical	37baa8c0-4202-47bc-8f9d-7f4911c2e8cb	nationwidechildrens.org_clinical.TCGA-BP-4982.xml	6b1ec2314ba7115bd77c349b52f2dcd1	29828	Data Release 46.0 - August 10, 2026
clinical	39a5e522-3118-4055-b715-ee988f6bf69c	nationwidechildrens.org_clinical.TCGA-B0-4816.xml	b138d60c5878b6034951255a5a137d10	30038	Data Release 46.0 - August 10, 2026
clinical	8c683257-7d03-491a-bb25-e8d698b90ec8	nationwidechildrens.org_clinical.TCGA-B0-4822.xml	09a965a0b70673acfd1305e353ff1c79	29919	Data Release 46.0 - August 10, 2026
clinical	3f79fde9-d43a-41d5-adde-e2c20a7551d6	nationwidechildrens.org_clinical.TCGA-B0-4688.xml	ff579e738e4f9ec32b64faeb869c0983	30275	Data Release 46.0 - August 10, 2026
clinical	0c69099f-2a67-49d3-8164-8b499a11714a	nationwidechildrens.org_clinical.TCGA-BP-4162.xml	8ff921fb41fd92c128dbeda601b7e00c	29882	Data Release 46.0 - August 10, 2026
clinical	eca4d69c-fc76-44e6-9821-c3b7ca2a1bfe	nationwidechildrens.org_clinical.TCGA-BP-5174.xml	71e7007bc705439664596c5d704d1c04	29871	Data Release 46.0 - August 10, 2026
clinical	ea301e79-d536-443e-a2d1-44a606c41c6f	nationwidechildrens.org_clinical.TCGA-B8-5551.xml	8d82e56e8e324ac27b3f55771dde38e1	37449	Data Release 46.0 - August 10, 2026
clinical	55be71c4-d562-4922-8b6f-4697606607cc	nationwidechildrens.org_clinical.TCGA-B0-4694.xml	d8335e4b0f55088fb624d3c9455c8142	30196	Data Release 46.0 - August 10, 2026
clinical	b5cd608d-9353-460e-a6ad-58015991279b	nationwidechildrens.org_clinical.TCGA-A3-3349.xml	7fb155feaee24d4eda87c32e5e64e402	29794	Data Release 46.0 - August 10, 2026
clinical	a9bd0be2-611c-4d3f-977d-c3cf98acf4cb	nationwidechildrens.org_clinical.TCGA-B0-4696.xml	77c0288210bab93d77f79fb2ac0e940b	30551	Data Release 46.0 - August 10, 2026
clinical	d10e2726-97d8-48b8-8ce3-370e2b89d758	nationwidechildrens.org_clinical.TCGA-B0-4843.xml	6cec14c38e6a3d005be3a50a7e5dbb17	30223	Data Release 46.0 - August 10, 2026
clinical	d25e6b8f-f836-402f-8520-b0805999f204	nationwidechildrens.org_clinical.TCGA-CJ-5676.xml	96d0ba341acc34fc49a60c329a718771	50445	Data Release 46.0 - August 10, 2026
clinical	6f5a5581-53bc-48da-b6cd-821d42b94126	nationwidechildrens.org_clinical.TCGA-BP-5182.xml	3c870ec8a3fe7179cab2a0bf5235d5ca	29960	Data Release 46.0 - August 10, 2026
clinical	e44e4616-837d-480d-bc8e-9739af95a128	nationwidechildrens.org_clinical.TCGA-A3-3352.xml	f67cef3a82c2d7b1672c09ef02752e5c	30117	Data Release 46.0 - August 10, 2026
clinical	c9846fbc-4475-4855-bae9-6a54a51f5b8b	nationwidechildrens.org_clinical.TCGA-B8-A54H.xml	411dc9479c714b4da10c7cce96bef0ef	30691	Data Release 46.0 - August 10, 2026
clinical	b87071aa-a03e-454a-a5c4-4bd9e0a1d926	nationwidechildrens.org_clinical.TCGA-EU-5907.xml	35e10e9255f37d25f0d0dcf7c39122be	30411	Data Release 46.0 - August 10, 2026
clinical	7116f445-d8b6-4596-ae40-0ea8c9445e6a	nationwidechildrens.org_clinical.TCGA-A3-3347.xml	16e4525d1bfadcf9581b09ff41088477	42324	Data Release 46.0 - August 10, 2026
clinical	061eff5d-2ae6-405a-bf1a-2fe44d60a0dd	nationwidechildrens.org_clinical.TCGA-B0-4814.xml	e1423768370c2aa819d2e39b26d6016f	30055	Data Release 46.0 - August 10, 2026
clinical	54eb0f71-b014-4151-b693-10e0e47c0777	nationwidechildrens.org_clinical.TCGA-B0-5081.xml	7e90c6b2241a94410ee79153f7385e41	35039	Data Release 46.0 - August 10, 2026
clinical	46dd3338-a626-4d0c-8c79-0a0b22843316	nationwidechildrens.org_clinical.TCGA-BP-4959.xml	a4a7e77296bde3da1018387d9dcae7ed	29870	Data Release 46.0 - August 10, 2026
clinical	579d5ab8-1e96-4aa1-8751-4e8061bc67a7	nationwidechildrens.org_clinical.TCGA-B0-4811.xml	6d34b314332efd784b0f72c116bb2122	30184	Data Release 46.0 - August 10, 2026
clinical	f85d7077-2496-4c21-a728-d0d6f4744f00	nationwidechildrens.org_clinical.TCGA-A3-3320.xml	5626769bc5c723424fe7a5f3ab89a1b6	29620	Data Release 46.0 - August 10, 2026
clinical	48d4d4c0-791a-4131-8751-a8ad3898cdbe	nationwidechildrens.org_clinical.TCGA-B0-5700.xml	9d3e2f46f0ecbd935081e1b260c75793	37618	Data Release 46.0 - August 10, 2026
clinical	44183635-d4b3-46f8-8744-663ac081c809	nationwidechildrens.org_clinical.TCGA-A3-A6NL.xml	f5abd94da1b242b0966c2f6d3eecfb35	31139	Data Release 46.0 - August 10, 2026
clinical	3b642733-3698-4b41-9284-83596ca0ca34	nationwidechildrens.org_clinical.TCGA-CJ-4875.xml	1a0b8a7ef217bc8a238c374f79c0d673	49034	Data Release 46.0 - August 10, 2026
clinical	ab0cedb6-f1a2-489c-8881-39486129d6fb	nationwidechildrens.org_clinical.TCGA-B0-5107.xml	7ff8e79c2000b413681bc04322bb3bcd	45949	Data Release 46.0 - August 10, 2026
clinical	302dbfde-70c3-4779-bd43-b7f25f296645	nationwidechildrens.org_clinical.TCGA-CZ-5464.xml	2772029f8047b67dbf1ba9aec753f18f	56987	Data Release 46.0 - August 10, 2026
clinical	317fddc8-5d6c-4236-ad9d-0043a1eb5956	nationwidechildrens.org_clinical.TCGA-CZ-5468.xml	d4df53065d7c21c61ff2bc12a45dbb1b	30106	Data Release 46.0 - August 10, 2026
clinical	e035f4f8-6385-4f7f-ab18-d81dae309902	nationwidechildrens.org_clinical.TCGA-BP-4345.xml	bf95cec71d34b4786ca9ae86e8b7e8be	29924	Data Release 46.0 - August 10, 2026
clinical	74f5ec8d-e814-4dd3-a03b-a0d2253016bd	nationwidechildrens.org_clinical.TCGA-CJ-4634.xml	d160d2e84eac4bbfcad7b30f5beaa3a7	44370	Data Release 46.0 - August 10, 2026
clinical	cb2b411c-6651-4a19-80df-d497d558c73e	nationwidechildrens.org_clinical.TCGA-A3-3317.xml	8d7fcca89329d88fd82cf649f5e42069	49329	Data Release 46.0 - August 10, 2026
clinical	4911c1d9-ef8d-4ef7-b078-9436c67c9f6a	nationwidechildrens.org_clinical.TCGA-BP-5177.xml	659508b0d8a9002c6b161a37fca5088c	29877	Data Release 46.0 - August 10, 2026
clinical	b83aeb44-ad37-474f-88bf-a3d7a0edc452	nationwidechildrens.org_clinical.TCGA-BP-5176.xml	152e11995b672045a24f183306b7e7fd	29813	Data Release 46.0 - August 10, 2026
clinical	2b498a19-c2f8-4967-82dc-8fa2e8ecb36b	nationwidechildrens.org_clinical.TCGA-B0-4713.xml	ed342733449b421ccee7536343da5c69	30165	Data Release 46.0 - August 10, 2026
clinical	b80cc2b9-b74c-4286-bbfd-a9f42f57b500	nationwidechildrens.org_clinical.TCGA-B0-4849.xml	3c25321502cf4ca1d5839208c807c61f	30155	Data Release 46.0 - August 10, 2026
clinical	e7e2de17-8ec0-42e3-aca2-8279793c4fd0	nationwidechildrens.org_clinical.TCGA-AK-3428.xml	8e4478f0dfd8fc1ad70013249bf26ee2	37653	Data Release 46.0 - August 10, 2026
clinical	7fbdde59-49ac-4b74-a7d7-9885e1186c45	nationwidechildrens.org_clinical.TCGA-BP-5198.xml	0413f74192f7ace9fb76317d01ad28d8	29939	Data Release 46.0 - August 10, 2026
clinical	44324ff7-d814-436d-96af-322dda9e0f3f	nationwidechildrens.org_clinical.TCGA-BP-4789.xml	03047f650d969e4d3fb561d783d1f03d	29989	Data Release 46.0 - August 10, 2026
clinical	06e2d8cc-c287-4c1a-9ba3-71e5c7b5b58e	nationwidechildrens.org_clinical.TCGA-B8-5159.xml	76b2a7049d613feb22fab8f2c38ea5df	44958	Data Release 46.0 - August 10, 2026
clinical	743a7a48-3dd0-4156-be02-beb787b1df5f	nationwidechildrens.org_clinical.TCGA-B0-4834.xml	0c2bb1e5e4e9308d33e790c12eec30b8	29981	Data Release 46.0 - August 10, 2026
clinical	d7858c5a-7e64-4683-8fc1-b9b297229e3e	nationwidechildrens.org_clinical.TCGA-BP-4798.xml	35f2cb77bada0d28e0dcadaab5511677	29980	Data Release 46.0 - August 10, 2026
