gene_id	gene_name	module	kME
ENSG00000269352.1	PTOV1-AS2	black	0.850063725252893
ENSG00000267523.1	AC008735.2	black	0.823990830480446
ENSG00000225855.7	RUSC1-AS1	black	0.804243761698381
ENSG00000263272.1	AC004148.1	black	0.794611913911959
ENSG00000267244.5	AC012615.6	black	0.774247053446149
ENSG00000271032.1	AC020907.4	black	0.770013429840544
ENSG00000224660.2	SH3BP5-AS1	black	0.768136913506286
ENSG00000257270.1	AL928654.2	black	0.767871706071994
ENSG00000280927.1	CTBP1-AS	black	0.759586776716397
ENSG00000272849.1	AC084018.1	black	0.753601867179705
ENSG00000225032.5	AL162586.1	black	0.753412337407372
ENSG00000240731.1	AL139287.1	black	0.75098178955674
ENSG00000273137.1	AL022328.2	black	0.740068033099132
ENSG00000270060.1	AC090589.3	black	0.739254845660996
ENSG00000286018.1	AF129075.3	black	0.729974405345274
ENSG00000223374.1	AC005104.1	black	0.729661073253717
ENSG00000275888.1	AC132872.3	black	0.725426617255471
ENSG00000263345.1	AC006435.2	black	0.720971507662916
ENSG00000224975.1	INE1	black	0.715518419079637
ENSG00000235016.1	SEMA3F-AS1	black	0.71168164536386
ENSG00000272669.1	AL021707.6	black	0.710826268052158
ENSG00000285728.2	AC098484.4	black	0.707917279820195
ENSG00000236017.8	ASMTL-AS1	black	0.706296021025829
ENSG00000228302.2	AL512770.1	black	0.705862462664721
ENSG00000232931.6	LINC00342	black	0.699005810244045
ENSG00000245849.8	RAD51-AS1	black	0.69640575345269
ENSG00000283103.3	AC010642.2	black	0.695353863909886
ENSG00000260751.2	AC008870.2	black	0.686888408395353
ENSG00000272720.1	AL022322.1	black	0.685581064590314
ENSG00000257621.8	PSMA3-AS1	black	0.684754452736675
ENSG00000272153.1	AL365330.1	black	0.684072107560464
ENSG00000254461.1	AP001107.4	black	0.680164151781511
ENSG00000259972.3	AC009120.2	black	0.674562425678263
ENSG00000260793.2	AC003102.1	black	0.673148917330073
ENSG00000266236.1	NARF-IT1	black	0.666990993732834
ENSG00000286808.1	AC092338.3	black	0.66683530025631
ENSG00000273188.1	AL022328.3	black	0.664782923078009
ENSG00000258559.2	AC005519.1	black	0.663956206695041
ENSG00000236871.7	LINC00106	black	0.660587058898286
ENSG00000196696.13	PDXDC2P-NPIPB14P	black	0.660186282325009
ENSG00000264290.1	AC104564.3	black	0.659152148143055
ENSG00000237883.2	DGUOK-AS1	black	0.657241233591205
ENSG00000268218.1	AC137932.3	black	0.656860057827417
ENSG00000269439.6	AC010618.3	black	0.655485144030734
ENSG00000230590.11	FTX	black	0.649941321368159
ENSG00000236200.6	KDM4A-AS1	black	0.648564173713695
ENSG00000269929.3	MIRLET7A1HG	black	0.64823088929032
ENSG00000268030.1	AC005253.1	black	0.644858120883848
ENSG00000228242.6	XPC-AS1	black	0.63953707377354
ENSG00000276488.1	AC008735.4	black	0.63891630731163
ENSG00000255031.5	AP002807.1	black	0.636687664626492
ENSG00000235245.1	AL360181.2	black	0.636038328713942
ENSG00000261490.1	AC005674.1	black	0.633856981958531
ENSG00000258424.1	AL512791.1	black	0.63065498378717
ENSG00000262877.5	AC110285.2	black	0.630020607258527
ENSG00000271895.2	AL109811.2	black	0.626869222417651
ENSG00000260565.7	ERVK13-1	black	0.626453177141142
ENSG00000235351.1	AC114730.3	black	0.625296014197659
ENSG00000267096.1	AC008735.1	black	0.623885936455061
ENSG00000275582.1	AL031670.1	black	0.619163414305625
ENSG00000230565.1	ZNF32-AS2	black	0.616351996501906
ENSG00000268947.1	AC002128.1	black	0.616160535148572
ENSG00000206573.9	THUMPD3-AS1	black	0.616085602186699
ENSG00000267169.2	AC022098.1	black	0.61554153811217
ENSG00000258515.1	AL355075.2	black	0.614272100703534
ENSG00000254676.1	AP000873.4	black	0.613396561554613
ENSG00000259891.1	AC107375.1	black	0.613238303031531
ENSG00000250397.2	AP006623.1	black	0.612922543250929
ENSG00000262370.6	AC108134.3	black	0.609922885738787
ENSG00000237015.1	AL031186.1	black	0.609759058361702
ENSG00000266896.1	AL354892.3	black	0.607825435365172
ENSG00000182873.5	PRKCZ-AS1	black	0.604300891046467
ENSG00000228526.7	MIR34AHG	black	0.602824134471998
ENSG00000245532.9	NEAT1	black	0.601881072492497
ENSG00000228315.12	GUSBP11	black	0.599433174935727
ENSG00000264112.1	AC015813.1	black	0.597812598882737
ENSG00000260773.1	AC055855.1	black	0.595215881718746
ENSG00000267571.1	AC104532.2	black	0.593068399524339
ENSG00000231731.7	AC010976.1	black	0.5890487101902
ENSG00000267344.1	AC003070.1	black	0.587334378291251
ENSG00000278112.1	AC145423.2	black	0.586507566295454
ENSG00000260051.1	AL031600.1	black	0.584053064048578
ENSG00000229152.2	ANKRD10-IT1	black	0.583970013293773
ENSG00000229431.1	MED8-AS1	black	0.583418632623265
ENSG00000257509.1	AC073487.1	black	0.583188277474023
ENSG00000261373.1	VPS9D1-AS1	black	0.581222339425933
ENSG00000286067.1	AC004263.2	black	0.581017449146513
ENSG00000272836.1	AL022328.1	black	0.57882627099368
ENSG00000267834.1	AL592211.1	black	0.578139813448015
ENSG00000288033.1	AC137894.4	black	0.575658681919033
ENSG00000264577.1	AC010761.1	black	0.575114883954072
ENSG00000265791.1	AC127024.4	black	0.574515990348103
ENSG00000227782.2	AC002553.1	black	0.57409106727971
ENSG00000203588.3	IGBP1-AS1	black	0.572744263079279
ENSG00000225313.5	AL513327.1	black	0.571068855161792
ENSG00000259515.1	AL117209.1	black	0.571014018930649
ENSG00000286223.1	AC064836.3	black	0.570954940364621
ENSG00000265511.1	AC020558.2	black	0.570461458357857
ENSG00000272871.1	AL159169.2	black	0.568826624613027
ENSG00000244945.1	RUFY1-AS1	black	0.565937850225066
ENSG00000269680.1	AC008760.1	black	0.563543548568435
ENSG00000233429.9	HOTAIRM1	black	0.562513195057535
ENSG00000249592.6	AC139887.2	black	0.562425944759962
ENSG00000237938.5	AL450998.2	black	0.562233464619277
ENSG00000226648.2	PLCG1-AS1	black	0.561960531780655
ENSG00000230149.2	AL021707.3	black	0.559142407267666
ENSG00000237781.3	ADAMTSL4-AS2	black	0.55792553179659
ENSG00000273096.1	AL021707.8	black	0.556253910924366
ENSG00000234912.12	SNHG20	black	0.552829203710487
ENSG00000259081.1	AF111169.3	black	0.552800784742867
ENSG00000259321.1	AL136295.2	black	0.550807806896939
ENSG00000251562.8	MALAT1	black	0.546988264005249
ENSG00000274403.1	AC090510.2	black	0.544782381599156
ENSG00000268970.1	AC022150.2	black	0.543265336243268
ENSG00000253200.1	AC037459.2	black	0.543153566069336
ENSG00000226029.1	LINC01772	black	0.542589632610779
ENSG00000271533.1	Z83843.1	black	0.538852077997587
ENSG00000233885.7	YEATS2-AS1	black	0.53510962679158
ENSG00000276166.1	AC092118.2	black	0.531383802177182
ENSG00000233250.1	AC233728.1	black	0.52889505724647
ENSG00000274105.1	AC084824.3	black	0.527391143351823
ENSG00000227741.1	AL121987.2	black	0.525432669330663
ENSG00000261351.2	AC116913.1	black	0.522331824234593
ENSG00000276570.1	AC010327.6	black	0.519848392630127
ENSG00000255176.1	AP000941.1	black	0.519146169698634
ENSG00000269191.1	AC005387.2	black	0.516547049998035
ENSG00000270083.1	AL021878.4	black	0.516120465700081
ENSG00000229780.1	UBE2Q1-AS1	black	0.51478838911582
ENSG00000235313.1	HM13-IT1	black	0.512585246208361
ENSG00000231628.1	AL133406.2	black	0.509014976428814
ENSG00000254419.1	AL139349.1	black	0.502779395309956
ENSG00000269148.1	AC092301.1	black	0.499313021984815
ENSG00000270760.1	AD001527.1	black	0.497651255019889
ENSG00000272588.1	AC139887.4	black	0.49281074810027
ENSG00000272834.1	AL022238.2	black	0.492422315139455
ENSG00000223749.11	MIR503HG	black	0.492402706637598
ENSG00000269688.1	AC008982.2	black	0.488673195512516
ENSG00000272141.1	AL390719.2	black	0.488194707414796
ENSG00000280758.1	AL356481.3	black	0.486771504618355
ENSG00000263321.1	AC024361.3	black	0.485461232086645
ENSG00000237940.3	LINC01238	black	0.484459338040793
ENSG00000285725.1	AC004967.2	black	0.479680138756101
ENSG00000273076.1	AL021707.7	black	0.479213267351977
ENSG00000225177.6	AL590617.2	black	0.477656056809899
ENSG00000273568.1	AC131009.3	black	0.475501399413917
ENSG00000242798.1	AC073842.2	black	0.475495364244067
ENSG00000231607.12	DLEU2	black	0.475437734921404
ENSG00000233799.1	AC139887.1	black	0.47070556480071
ENSG00000260306.1	AC092375.2	black	0.470295111168936
ENSG00000259659.1	AC009996.1	black	0.466333695831587
ENSG00000258646.1	AL049780.1	black	0.465217273516526
ENSG00000269925.1	Z98884.2	black	0.464388142776268
ENSG00000266651.1	AC093484.4	black	0.463172298697003
ENSG00000286360.1	AC107081.3	black	0.460809406659727
ENSG00000276691.1	AC004466.3	black	0.460765971294878
ENSG00000225578.1	NCBP2-AS1	black	0.448241276733313
ENSG00000286681.1	AF235103.3	black	0.443539348457018
ENSG00000231125.2	AF129075.1	black	0.440179169806751
ENSG00000273055.1	AC005046.1	black	0.439894444703506
ENSG00000254964.1	AP001458.1	black	0.433350799849433
ENSG00000203392.3	AC105020.1	black	0.427664873807308
ENSG00000267519.6	AC020916.1	black	0.422531634660265
ENSG00000279342.2	AP000866.6	black	0.419245199659168
ENSG00000254165.1	AC090739.1	black	0.415983837262566
ENSG00000224195.1	AC022400.1	black	0.392470488697998
ENSG00000268366.1	AC010271.1	black	0.388951612041745
ENSG00000276248.1	AL442125.1	black	0.386262237489177
ENSG00000250116.2	RHOQ-AS1	black	0.358319070927837
ENSG00000271366.1	AC002128.2	black	0.357073927296725
ENSG00000186594.14	MIR22HG	black	0.355561823085303
ENSG00000286964.1	AL136169.1	black	0.345752281789443
ENSG00000254577.1	AC087276.1	black	0.339645522570425
ENSG00000287837.1	AL590064.1	black	0.338295241513471
ENSG00000259884.1	NR4A1AS	black	0.319895999332696
ENSG00000260473.2	AC068987.2	black	0.315990310817618
ENSG00000223960.7	CHROMR	black	0.315967701983131
ENSG00000262147.1	AC124283.2	black	0.297884788145125
ENSG00000234478.1	ACBD3-AS1	black	0.296070946274272
ENSG00000269652.1	AC011510.1	black	0.287774082009739
ENSG00000255746.1	AC007406.2	blue	0.817494658514584
ENSG00000178803.12	ADORA2A-AS1	blue	0.796352181820189
ENSG00000241158.7	ADAMTS9-AS1	blue	0.759569788519571
ENSG00000227258.6	SMIM2-AS1	blue	0.737866656102454
ENSG00000241388.5	HNF1A-AS1	blue	0.736489388562595
ENSG00000246223.9	LINC01550	blue	0.733611626175601
ENSG00000225457.1	AC073346.1	blue	0.733324042782064
ENSG00000213373.7	LINC00671	blue	0.730629869404907
ENSG00000273265.1	CNNM3-DT	blue	0.729547070973253
ENSG00000286024.1	AC026803.3	blue	0.727170660074378
ENSG00000259347.7	AC087482.1	blue	0.723919692246903
ENSG00000261170.2	AC009053.3	blue	0.7207748996762
ENSG00000235947.1	EGOT	blue	0.719734344053329
ENSG00000230945.1	LINC01507	blue	0.719392681284085
ENSG00000225329.3	LHFPL3-AS2	blue	0.709556382386245
ENSG00000287090.1	AC116345.4	blue	0.709452194304235
ENSG00000269486.2	ERVK9-11	blue	0.708586688875524
ENSG00000259359.2	AC012409.1	blue	0.707711679176749
ENSG00000180769.10	WDFY3-AS2	blue	0.694699632590749
ENSG00000235142.10	LINC02532	blue	0.687112380189919
ENSG00000251448.2	AC063919.1	blue	0.683971650427312
ENSG00000183784.7	DOCK8-AS1	blue	0.68298335295445
ENSG00000225431.1	LINC01671	blue	0.682527053786316
ENSG00000251637.6	LINC02754	blue	0.681608894516592
ENSG00000249776.5	AC124854.1	blue	0.678699228618769
ENSG00000232079.7	LINC01697	blue	0.678666757082519
ENSG00000229380.1	PRKAR1B-AS2	blue	0.678208672139493
ENSG00000269043.2	AC008554.1	blue	0.67544818234892
ENSG00000267892.1	AC022144.1	blue	0.669972768490543
ENSG00000251169.2	LINC01843	blue	0.662493012106372
ENSG00000238102.2	AL080248.1	blue	0.655148001679857
ENSG00000229847.9	EMX2OS	blue	0.654016674151416
ENSG00000247228.3	AC009060.1	blue	0.648553559313668
ENSG00000224568.2	LINC01886	blue	0.648436946751988
ENSG00000235139.2	AC003984.1	blue	0.647083759964188
ENSG00000264575.1	LINC00526	blue	0.646391534295968
ENSG00000261978.1	AC116025.1	blue	0.644749071661091
ENSG00000280366.1	AL161782.1	blue	0.644693121033966
ENSG00000257989.1	AC078864.1	blue	0.640699307752512
ENSG00000260418.1	AL023284.4	blue	0.640695376453547
ENSG00000255774.2	LINC02747	blue	0.640116215071803
ENSG00000284377.1	AL589669.1	blue	0.630156681226895
ENSG00000175773.13	ZBTB44-DT	blue	0.623250982508781
ENSG00000267480.1	AP001542.3	blue	0.623124323330525
ENSG00000231107.2	LINC01508	blue	0.621888185777128
ENSG00000248319.2	LINC02275	blue	0.62150597484092
ENSG00000226200.7	SGMS1-AS1	blue	0.617650766279197
ENSG00000275234.1	AC010503.4	blue	0.614424172495391
ENSG00000274501.1	AL121845.4	blue	0.611783478541698
ENSG00000251599.1	AC116345.3	blue	0.608097352985537
ENSG00000272510.1	AL121992.3	blue	0.606726159539754
ENSG00000234091.1	AL157392.2	blue	0.605328370132129
ENSG00000286724.1	AL732509.1	blue	0.604983500147422
ENSG00000205885.7	C1RL-AS1	blue	0.601426092418231
ENSG00000226733.4	AL138826.1	blue	0.600202008372016
ENSG00000245281.8	AC124242.1	blue	0.598990203128396
ENSG00000262294.1	AC129507.2	blue	0.597468074322469
ENSG00000224616.3	RTCA-AS1	blue	0.595001205774617
ENSG00000258808.1	LINC02310	blue	0.5910028731259
ENSG00000262769.1	AC025627.1	blue	0.59004807892761
ENSG00000228923.1	AP000355.1	blue	0.58974464437326
ENSG00000233639.7	PANTR1	blue	0.58952188697835
ENSG00000272505.1	AC104964.3	blue	0.589383268308166
ENSG00000251359.4	WWC2-AS2	blue	0.588284585340929
ENSG00000286785.1	LINC01622	blue	0.58791720949798
ENSG00000277559.1	AC018553.1	blue	0.587177411226224
ENSG00000286324.1	AL033381.3	blue	0.586943634019363
ENSG00000243694.3	LINC02027	blue	0.585412260165981
ENSG00000285933.1	AP003498.2	blue	0.584900953260522
ENSG00000260541.1	AL031722.1	blue	0.584334961899511
ENSG00000275025.1	AC002401.3	blue	0.584214281863862
ENSG00000231789.2	PIK3CD-AS2	blue	0.583578121364029
ENSG00000203645.2	LINC00501	blue	0.583035796231606
ENSG00000225376.6	TMEM246-AS1	blue	0.582670010923548
ENSG00000286747.1	AL627095.2	blue	0.582019852322017
ENSG00000232624.8	LINC01517	blue	0.581238797108642
ENSG00000270937.1	AL033381.2	blue	0.579263318140857
ENSG00000233006.8	MIR3936HG	blue	0.576224262833697
ENSG00000275672.1	AC025580.3	blue	0.575561158103634
ENSG00000226337.3	TMEM252-DT	blue	0.575253438353197
ENSG00000197585.10	AC068051.1	blue	0.572572286753931
ENSG00000250885.1	LINC02061	blue	0.571785730154129
ENSG00000232893.1	IQCA1-AS1	blue	0.565761559968378
ENSG00000234396.3	AL590822.1	blue	0.564713676920047
ENSG00000225953.3	SATB2-AS1	blue	0.562451064925826
ENSG00000223923.2	TNS1-AS1	blue	0.561292638192383
ENSG00000257261.6	AC008014.1	blue	0.560062717042842
ENSG00000286388.1	AC026748.7	blue	0.557798149346087
ENSG00000224093.5	BCAR3-AS1	blue	0.556935015166408
ENSG00000230731.3	AL589745.1	blue	0.55601098358283
ENSG00000262995.1	AC137056.1	blue	0.554456954559634
ENSG00000286830.1	AC105052.5	blue	0.551272187624148
ENSG00000259146.4	AC005476.2	blue	0.550938016281615
ENSG00000265408.1	AC009084.1	blue	0.547692719674852
ENSG00000229782.1	AC118754.1	blue	0.543315985525043
ENSG00000257702.3	LBX2-AS1	blue	0.542638405263621
ENSG00000255435.7	AP001267.3	blue	0.541972567583153
ENSG00000245750.10	DRAIC	blue	0.538355911904889
ENSG00000227502.3	MROCKI	blue	0.53808481469782
ENSG00000180525.13	PRR26	blue	0.535460020677844
ENSG00000225342.2	LRRK2-DT	blue	0.53477098022393
ENSG00000277159.1	AL139384.2	blue	0.533625828554152
ENSG00000228689.8	AL355997.1	blue	0.533195851649507
ENSG00000231210.3	COMETT	blue	0.531254606906234
ENSG00000285984.1	AC009301.1	blue	0.525156132812797
ENSG00000246022.3	ALDH1L1-AS2	blue	0.525080808786348
ENSG00000228888.1	LINC01428	blue	0.52370765585166
ENSG00000260167.1	AC093249.2	blue	0.523344786628396
ENSG00000176912.5	TYMSOS	blue	0.522989978401235
ENSG00000250934.2	AC016924.1	blue	0.521646337176265
ENSG00000260173.1	AC020779.2	blue	0.518512044571453
ENSG00000279949.1	AC022784.6	blue	0.517212359708943
ENSG00000256008.3	AC125616.1	blue	0.516603120696867
ENSG00000288398.1	AL109627.1	blue	0.515343581443853
ENSG00000250282.1	AC002401.2	blue	0.51482007040998
ENSG00000179818.14	PCBP1-AS1	blue	0.514672706618418
ENSG00000272784.1	AC019193.2	blue	0.513923628641609
ENSG00000232485.3	RPL37A-DT	blue	0.513667221691271
ENSG00000246523.8	FZD4-DT	blue	0.509766266498537
ENSG00000260196.1	AC124798.1	blue	0.508423366481663
ENSG00000261390.6	MAFTRR	blue	0.503979988821353
ENSG00000234690.7	EPCAM-DT	blue	0.502431776135028
ENSG00000204876.4	AC021218.1	blue	0.502429144307566
ENSG00000272733.1	AP000345.2	blue	0.502090605344754
ENSG00000225361.4	PPP1R26-AS1	blue	0.501092540217423
ENSG00000287236.1	Z73420.1	blue	0.499361271109861
ENSG00000260201.2	AC141273.1	blue	0.497801585371091
ENSG00000275963.1	AC008115.4	blue	0.497143252460754
ENSG00000232271.1	AL096799.1	blue	0.495885633416119
ENSG00000228262.10	LINC01320	blue	0.494455575057293
ENSG00000261729.2	AL133383.1	blue	0.493857490228578
ENSG00000283689.1	AC018553.2	blue	0.493474125851176
ENSG00000273032.3	DGCR5	blue	0.493429600093951
ENSG00000272555.1	AC009974.1	blue	0.493267523549467
ENSG00000287342.1	AC188616.1	blue	0.491774107111689
ENSG00000230393.1	AC092667.1	blue	0.491118873243626
ENSG00000274723.1	AC079906.1	blue	0.490950408287973
ENSG00000233005.2	AC018742.1	blue	0.48907196568219
ENSG00000269985.1	AL021328.1	blue	0.487614636784568
ENSG00000236472.1	AC002401.1	blue	0.487368853517251
ENSG00000249378.6	LINC01060	blue	0.48449955087669
ENSG00000285730.1	Z94721.3	blue	0.483104706498518
ENSG00000227543.5	SPAG5-AS1	blue	0.483103974048384
ENSG00000285669.1	AC026979.4	blue	0.482524003711437
ENSG00000286733.1	LINC02348	blue	0.481875207416031
ENSG00000259444.1	AL161669.1	blue	0.480569912882065
ENSG00000214145.7	LINC00887	blue	0.480196170892634
ENSG00000229457.1	LINC01789	blue	0.477751992170098
ENSG00000272979.1	AC093388.1	blue	0.474632622666487
ENSG00000227630.4	LINC01132	blue	0.472673178472922
ENSG00000237836.6	PHKA2-AS1	blue	0.471907727969359
ENSG00000248925.1	AC021087.1	blue	0.47168190760342
ENSG00000273180.1	AC019193.3	blue	0.471555747347939
ENSG00000248008.3	NRAV	blue	0.470093789305304
ENSG00000225378.1	AC015977.1	blue	0.466159597067887
ENSG00000227598.1	Z94721.1	blue	0.460872723601343
ENSG00000260025.1	CRIM1-DT	blue	0.459962343858885
ENSG00000228944.1	AC004485.1	blue	0.459161791355054
ENSG00000270084.2	GAS5-AS1	blue	0.457951359315982
ENSG00000226780.1	AC244035.1	blue	0.453500020021251
ENSG00000249249.2	AC010226.1	blue	0.453259001563813
ENSG00000260963.2	AC026462.3	blue	0.452667981052414
ENSG00000214999.3	AC129492.1	blue	0.450737131565624
ENSG00000236914.4	LINC01852	blue	0.450714097659107
ENSG00000223462.2	AL353801.1	blue	0.450620502967463
ENSG00000231890.8	DARS-AS1	blue	0.449654890458323
ENSG00000260941.1	LINC00622	blue	0.449426287952569
ENSG00000258586.1	LINC02274	blue	0.447929693957296
ENSG00000249201.2	CTD-3080P12.3	blue	0.444840847582773
ENSG00000271109.2	AC008555.4	blue	0.443706346466566
ENSG00000228150.1	AL357140.2	blue	0.442492126025647
ENSG00000223914.4	LINC02471	blue	0.440994980001776
ENSG00000288573.1	AL357079.3	blue	0.44027197524342
ENSG00000270996.1	AC005034.4	blue	0.439711296748243
ENSG00000272568.6	AC005162.2	blue	0.439498906578917
ENSG00000270540.1	AC093915.1	blue	0.436628148664956
ENSG00000271715.1	AC012640.3	blue	0.435988882670065
ENSG00000273133.1	AC116651.1	blue	0.435532048319334
ENSG00000266955.1	AP001269.1	blue	0.433743408682288
ENSG00000287691.1	AL031602.2	blue	0.433074311728133
ENSG00000270820.6	AC016727.1	blue	0.432215182053614
ENSG00000213994.3	AL157395.1	blue	0.430809618321605
ENSG00000263753.8	LINC00667	blue	0.430205172305789
ENSG00000272375.1	AC026979.3	blue	0.427392564779695
ENSG00000250159.7	AC106791.1	blue	0.427383580460754
ENSG00000285872.1	AC007240.3	blue	0.427241008951893
ENSG00000288670.1	AL592295.6	blue	0.426797331093203
ENSG00000270959.1	LPP-AS2	blue	0.425711532064229
ENSG00000249984.1	AC026780.2	blue	0.424515290040553
ENSG00000232153.3	AC012593.2	blue	0.422005208030707
ENSG00000249631.6	AC005699.1	blue	0.418668135472638
ENSG00000247317.3	LY6E-DT	blue	0.417285125881101
ENSG00000272369.1	AC008035.1	blue	0.41538096208272
ENSG00000226699.1	AL360181.1	blue	0.413376598243292
ENSG00000260457.2	AC027458.1	blue	0.407676817179464
ENSG00000283991.1	AC017000.1	blue	0.405180373466208
ENSG00000268061.5	NAPA-AS1	blue	0.403939244727244
ENSG00000257642.1	KCCAT198	blue	0.403481961563881
ENSG00000266973.1	AC092296.1	blue	0.40268585033317
ENSG00000234506.5	LINC01506	blue	0.401612109896625
ENSG00000255120.5	OVOL1-AS1	blue	0.400248651351726
ENSG00000253641.6	LINCR-0001	blue	0.399617266739873
ENSG00000248211.1	TRPC7-AS1	blue	0.396576518559839
ENSG00000249743.6	AC116345.1	blue	0.395013592785371
ENSG00000251076.1	AC104126.1	blue	0.393060878876819
ENSG00000253428.1	LINC01942	blue	0.392970179009137
ENSG00000256802.2	AC022613.1	blue	0.389184397334554
ENSG00000255660.1	RERG-AS1	blue	0.385732106135926
ENSG00000253616.5	AC107959.3	blue	0.384690967188818
ENSG00000271980.1	AC012640.4	blue	0.382786346419075
ENSG00000259579.1	AC087762.1	blue	0.381337222009162
ENSG00000250303.4	LINC02762	blue	0.379918433124643
ENSG00000233643.2	LINC02625	blue	0.374351695061922
ENSG00000263680.2	AC007639.1	blue	0.371787811070586
ENSG00000226330.1	AL606489.1	blue	0.371578732196177
ENSG00000267363.1	AC092296.4	blue	0.371159912646581
ENSG00000254362.1	AC011726.2	blue	0.369561111012041
ENSG00000231013.2	SCTR-AS1	blue	0.366144449682895
ENSG00000229051.2	LINC01788	blue	0.36452900935035
ENSG00000286585.1	AC104472.4	blue	0.362099943560043
ENSG00000234899.11	SOX9-AS1	blue	0.362040494851427
ENSG00000255750.6	AC022509.1	blue	0.3616026129466
ENSG00000281491.1	DNAJB5-DT	blue	0.361350506105262
ENSG00000212978.6	AC016747.1	blue	0.360237045687679
ENSG00000223387.6	LINC02068	blue	0.359780965074268
ENSG00000240137.6	ERICH6-AS1	blue	0.359482213612699
ENSG00000256234.1	AC022509.2	blue	0.355596606528008
ENSG00000228192.8	AL512353.1	blue	0.354164045728539
ENSG00000254695.2	AC087379.2	blue	0.353802093570333
ENSG00000237126.8	AC073254.1	blue	0.352550758505823
ENSG00000257845.1	LINC02294	blue	0.350871666824065
ENSG00000237742.7	AL365259.1	blue	0.348490477370048
ENSG00000249252.5	C1QTNF7-AS1	blue	0.345114547438117
ENSG00000234155.1	LINC02535	blue	0.344583953890705
ENSG00000228271.2	LINC02048	blue	0.341418219683006
ENSG00000228421.2	AC005013.1	blue	0.3337472941121
ENSG00000265490.1	AP001178.2	blue	0.329638578797214
ENSG00000278840.1	AC009878.1	blue	0.329523594571199
ENSG00000248242.1	AC004053.1	blue	0.329001627997065
ENSG00000231948.2	HS1BP3-IT1	blue	0.321083861144785
ENSG00000251533.2	LINC00605	blue	0.320378505458107
ENSG00000203434.2	AL353740.1	blue	0.317268547965514
ENSG00000224116.7	INHBA-AS1	blue	0.31528681822034
ENSG00000282164.3	PEG13	blue	0.311051014469213
ENSG00000253930.1	TNFRSF10A-AS1	blue	0.30984003447657
ENSG00000233654.2	AC108047.1	blue	0.303330431094084
ENSG00000232442.1	MHENCR	brown	0.823540893308733
ENSG00000273619.1	AL121832.2	brown	0.812123055228953
ENSG00000239569.3	KMT2E-AS1	brown	0.811706422596707
ENSG00000231663.1	COA6-AS1	brown	0.768047270867368
ENSG00000286408.1	AC113410.4	brown	0.762149045408908
ENSG00000285693.1	AP002381.2	brown	0.757919749248792
ENSG00000261840.3	AC093249.6	brown	0.749470466248994
ENSG00000270006.2	AC010531.6	brown	0.73694265859903
ENSG00000253716.6	MINCR	brown	0.736175271546165
ENSG00000286532.1	PARTICL	brown	0.725600184491099
ENSG00000255224.1	AC109322.1	brown	0.722345765868065
ENSG00000272853.1	AC069544.1	brown	0.721458825563777
ENSG00000277969.1	AC006449.6	brown	0.720445414716039
ENSG00000232645.5	LINC01431	brown	0.720336084175999
ENSG00000260924.2	LINC01311	brown	0.718508322879416
ENSG00000260018.1	AC040169.1	brown	0.714009503486859
ENSG00000270673.1	YTHDF3-AS1	brown	0.710874328738172
ENSG00000287710.1	AC067852.5	brown	0.704982107583211
ENSG00000235706.8	DICER1-AS1	brown	0.703349388027322
ENSG00000260083.2	MIR762HG	brown	0.702833035417847
ENSG00000287817.1	AL096701.4	brown	0.696944570517522
ENSG00000278743.1	AC087239.1	brown	0.696070862512899
ENSG00000227540.1	DNAJC9-AS1	brown	0.690665565507443
ENSG00000237436.1	CAMTA1-DT	brown	0.686562667781993
ENSG00000275494.1	AC133552.5	brown	0.682474274637092
ENSG00000266962.2	AC067852.2	brown	0.679520769376437
ENSG00000260625.3	AC026471.2	brown	0.675379394424765
ENSG00000263011.1	AC108134.4	brown	0.671327795450941
ENSG00000256092.2	SBNO1-AS1	brown	0.66851867470526
ENSG00000222020.3	HDAC4-AS1	brown	0.668435919832398
ENSG00000271855.1	AC073195.1	brown	0.665714824739586
ENSG00000272791.1	AC073389.3	brown	0.663430860637527
ENSG00000277383.1	AC010331.1	brown	0.66234856941111
ENSG00000287825.1	AL035587.2	brown	0.66194683142626
ENSG00000272677.1	AC124016.1	brown	0.660463943574846
ENSG00000255198.4	SNHG9	brown	0.660236242647195
ENSG00000286835.1	AL133477.1	brown	0.659402879436625
ENSG00000255135.4	AP002360.1	brown	0.658353383912065
ENSG00000270419.1	CAHM	brown	0.656164149857909
ENSG00000274104.1	AC020910.5	brown	0.655269480244806
ENSG00000272525.1	AC099522.2	brown	0.653196428391062
ENSG00000261526.2	AC012615.1	brown	0.653045086612391
ENSG00000272172.1	AC138696.2	brown	0.64653876561619
ENSG00000269246.1	AC011445.1	brown	0.644724424329985
ENSG00000255568.3	BRWD1-AS2	brown	0.635139919089675
ENSG00000269293.3	ZSCAN16-AS1	brown	0.634032604657544
ENSG00000203993.6	ARRDC1-AS1	brown	0.631273588402097
ENSG00000260708.1	AL118516.1	brown	0.631271346176845
ENSG00000270175.1	AC023509.3	brown	0.626448516678238
ENSG00000260260.1	SNHG19	brown	0.625557932181432
ENSG00000237310.2	GS1-124K5.4	brown	0.624839993862783
ENSG00000285533.2	RELA-DT	brown	0.621584579292476
ENSG00000272829.1	AC002470.1	brown	0.621386922919685
ENSG00000232412.1	AL121601.1	brown	0.61933975935858
ENSG00000274213.1	AC015912.3	brown	0.618805643594198
ENSG00000256073.3	URB1-AS1	brown	0.617536747103367
ENSG00000224418.1	STK24-AS1	brown	0.615501239527126
ENSG00000255284.2	AP006621.3	brown	0.60901607339736
ENSG00000246089.3	AC016065.1	brown	0.60860145348946
ENSG00000269961.1	AC010359.2	brown	0.604367701649018
ENSG00000273026.1	AL358472.3	brown	0.600189390682922
ENSG00000272288.6	AL451165.2	brown	0.598143484190888
ENSG00000273253.2	AL022328.4	brown	0.594647698352475
ENSG00000228201.1	AL022341.1	brown	0.593425931555479
ENSG00000272716.1	AL121658.1	brown	0.590250393358559
ENSG00000266402.3	SNHG25	brown	0.588859772177249
ENSG00000273391.1	AC083880.1	brown	0.58423121892064
ENSG00000228288.7	PCAT6	brown	0.580408978332563
ENSG00000247092.7	SNHG10	brown	0.580131122310019
ENSG00000267395.5	DM1-AS	brown	0.575687061517681
ENSG00000268751.1	SCGB1B2P	brown	0.573793032147879
ENSG00000260236.1	AC099778.1	brown	0.572768136756032
ENSG00000260563.3	AC132872.1	brown	0.570640006861076
ENSG00000226386.1	PARD3-AS1	brown	0.569764524901455
ENSG00000278071.1	AL161669.3	brown	0.560797079907608
ENSG00000227946.1	AC007383.1	brown	0.55660654678317
ENSG00000266473.1	AC007448.4	brown	0.55543948306558
ENSG00000260136.6	AC008915.2	brown	0.553565919278097
ENSG00000257698.2	GIHCG	brown	0.551100260579543
ENSG00000236617.2	AC127070.1	brown	0.550088731522552
ENSG00000197180.2	CH17-340M24.3	brown	0.547740802793005
ENSG00000277459.1	AP001527.2	brown	0.547320482727775
ENSG00000272092.1	AC087623.2	brown	0.546003877993628
ENSG00000224992.2	AL445645.1	brown	0.545381953855868
ENSG00000235919.4	ASH1L-AS1	brown	0.542027570657372
ENSG00000276900.1	AC023157.2	brown	0.538704084135307
ENSG00000276698.1	AL136295.6	brown	0.536421088862874
ENSG00000269386.5	RAB11B-AS1	brown	0.533592455418478
ENSG00000226944.1	RNF207-AS1	brown	0.532363712371786
ENSG00000273139.1	AC007663.3	brown	0.532057739579141
ENSG00000222043.2	AC079305.1	brown	0.530177922009347
ENSG00000273473.1	BX649601.1	brown	0.528572002779254
ENSG00000286874.1	AC072054.1	brown	0.527820973175919
ENSG00000224870.7	MRPL20-AS1	brown	0.524952992117243
ENSG00000269609.6	RPARP-AS1	brown	0.524844825464625
ENSG00000287356.1	AL590822.3	brown	0.524004467104728
ENSG00000277235.1	AL035420.3	brown	0.519589792534959
ENSG00000255517.6	AP002748.4	brown	0.516099821275614
ENSG00000286158.1	AL034548.2	brown	0.513034863554107
ENSG00000234779.1	BNC2-AS1	brown	0.512656494766956
ENSG00000234608.8	MAPKAPK5-AS1	brown	0.506674196068925
ENSG00000272654.1	AL358472.2	brown	0.504425763072079
ENSG00000249637.2	AC008438.1	brown	0.500950996331547
ENSG00000272927.1	AC107464.2	brown	0.498692561373097
ENSG00000224046.2	AC005076.1	brown	0.496231862237941
ENSG00000285230.2	RALY-AS1	brown	0.494496517271265
ENSG00000240005.6	STIM2-AS1	brown	0.493061691448398
ENSG00000241990.5	PRR34-AS1	brown	0.492225432991299
ENSG00000177337.8	DLGAP1-AS1	brown	0.488896525706933
ENSG00000275557.1	AC242842.1	brown	0.477292339208542
ENSG00000272086.1	AC025181.2	brown	0.475667797613396
ENSG00000278546.1	AC003101.2	brown	0.473929450766891
ENSG00000273080.1	AC009309.1	brown	0.473550938601442
ENSG00000278238.1	AL359513.1	brown	0.471783883999979
ENSG00000273821.1	AL096828.3	brown	0.470362406197749
ENSG00000271833.1	AL445222.1	brown	0.4678176061176
ENSG00000186056.10	MATN1-AS1	brown	0.466767166684404
ENSG00000233937.7	CTC-338M12.4	brown	0.465403829680922
ENSG00000287574.1	AC004938.2	brown	0.464656705633278
ENSG00000267288.2	AC138150.2	brown	0.461417919854058
ENSG00000233223.3	AC016876.1	brown	0.459850293224414
ENSG00000257135.7	ODC1-DT	brown	0.455024238850637
ENSG00000260193.1	LINC02846	brown	0.450380587988501
ENSG00000267213.4	AC007773.1	brown	0.448711050862275
ENSG00000258099.1	ATXN2-AS	brown	0.447138354131284
ENSG00000260259.1	LINC02166	brown	0.440100437788109
ENSG00000267493.4	CIRBP-AS1	brown	0.435288122584135
ENSG00000277662.1	AL354696.1	brown	0.429664468582105
ENSG00000272186.1	AP003392.5	brown	0.428944054666886
ENSG00000269038.1	AP001462.1	brown	0.428842817149537
ENSG00000231908.1	IDH1-AS1	brown	0.424360156769283
ENSG00000265666.1	RARA-AS1	brown	0.420971419403844
ENSG00000288586.1	AL357874.3	brown	0.420831749911806
ENSG00000260095.1	AC106820.3	brown	0.416304272076245
ENSG00000226853.3	AC010894.1	brown	0.416060641820857
ENSG00000227527.2	AC096540.1	brown	0.416011573551248
ENSG00000280195.1	AC245140.2	brown	0.414025815177083
ENSG00000205559.5	CHKB-DT	brown	0.413772244616253
ENSG00000229539.1	PANK2-AS1	brown	0.413530799998407
ENSG00000234546.4	LNCTAM34A	brown	0.413505996915184
ENSG00000287978.1	AC245407.2	brown	0.410536438438428
ENSG00000246174.9	KCTD21-AS1	brown	0.408650959389391
ENSG00000260063.1	AL512408.1	brown	0.406607690537325
ENSG00000251259.1	AC004069.1	brown	0.406097380852689
ENSG00000267174.5	AC011472.2	brown	0.400437802645569
ENSG00000271752.1	AC112187.3	brown	0.398768863142355
ENSG00000229728.1	AL136531.1	brown	0.398058727366232
ENSG00000236154.1	AL450311.1	brown	0.396976211216358
ENSG00000205913.7	SRRM2-AS1	brown	0.395823380406322
ENSG00000245910.8	SNHG6	brown	0.391728593680901
ENSG00000232533.1	AC093673.1	brown	0.38940085052569
ENSG00000260352.1	AC092287.1	brown	0.388329822115049
ENSG00000256628.3	ZBTB11-AS1	brown	0.387086939669929
ENSG00000239911.2	PRKAG2-AS1	brown	0.383813618924543
ENSG00000278356.1	AC005911.1	brown	0.383175468204943
ENSG00000285884.1	AL022345.4	brown	0.382978005091014
ENSG00000265688.2	MAFG-DT	brown	0.382780349177467
ENSG00000153363.13	LINC00467	brown	0.382041938314579
ENSG00000234949.2	AC104667.2	brown	0.382014932051041
ENSG00000226950.8	DANCR	brown	0.380459249017357
ENSG00000274605.2	PCCA-DT	brown	0.377741842904147
ENSG00000248049.7	UBA6-AS1	brown	0.376830134222953
ENSG00000267254.7	ZNF790-AS1	brown	0.376557386534269
ENSG00000272068.1	AL365181.2	brown	0.371577584136793
ENSG00000254812.1	AC067930.2	brown	0.370999056344001
ENSG00000267317.2	AC027307.2	brown	0.370022979647888
ENSG00000260011.2	AC132938.1	brown	0.364149652266763
ENSG00000231742.6	LINC01273	brown	0.363926508020241
ENSG00000267939.1	AC008946.1	brown	0.36328248848414
ENSG00000232065.1	LINC01063	brown	0.362662859633669
ENSG00000230289.1	AL358781.2	brown	0.360274412390772
ENSG00000228812.7	LAMA5-AS1	brown	0.358719805268054
ENSG00000234215.3	CT66	brown	0.357938407117583
ENSG00000230641.1	USP12-AS2	brown	0.354927395469852
ENSG00000263033.2	AC007220.1	brown	0.352681400856164
ENSG00000257660.5	ADCY6-DT	brown	0.35265010575518
ENSG00000227848.1	SUCLA2-AS1	brown	0.350939319317844
ENSG00000238287.1	AL603839.3	brown	0.349425988814333
ENSG00000229388.1	LINC01715	brown	0.349164874203603
ENSG00000235529.1	AGAP1-IT1	brown	0.348514893197731
ENSG00000287222.1	AC234917.3	brown	0.346931739154447
ENSG00000229743.4	LINC01159	brown	0.346866681909482
ENSG00000272667.1	AC012306.2	brown	0.346458664472761
ENSG00000182165.18	TP53TG1	brown	0.345696731764429
ENSG00000241313.3	WWTR1-AS1	brown	0.341526400898809
ENSG00000258101.2	AC010173.1	brown	0.340855822545062
ENSG00000238142.2	BX284668.5	brown	0.33926017371765
ENSG00000224020.1	MIR181A2HG	brown	0.338682118667031
ENSG00000261889.1	AC108134.2	brown	0.337497525996368
ENSG00000225913.2	AL138767.3	brown	0.337428745097606
ENSG00000237424.1	FOXD2-AS1	brown	0.332775166431631
ENSG00000272768.1	AC004854.2	brown	0.330802779925795
ENSG00000276406.1	AC015726.2	brown	0.329811637260181
ENSG00000287287.1	AL133476.1	brown	0.329327381692567
ENSG00000255717.7	SNHG1	brown	0.326462639381853
ENSG00000261441.1	AC124068.2	brown	0.32513720265273
ENSG00000272764.1	AL596094.1	brown	0.322614632093604
ENSG00000273160.1	AL359962.2	brown	0.32233343895381
ENSG00000267787.7	AC027097.2	brown	0.320943268235127
ENSG00000273314.1	AC005229.4	brown	0.316943659499888
ENSG00000260630.7	SNAI3-AS1	brown	0.316247943526556
ENSG00000236924.1	AL162411.1	brown	0.316181891722818
ENSG00000243389.1	AC012442.2	brown	0.315791448691393
ENSG00000247516.8	MIR4458HG	brown	0.314095009454726
ENSG00000203497.2	PDCD4-AS1	brown	0.311679862917665
ENSG00000273403.1	AC107294.3	brown	0.310538033986201
ENSG00000257595.3	LINC02356	brown	0.309473605974437
ENSG00000273416.1	AL732292.2	brown	0.307819256981228
ENSG00000182648.13	LINC01006	brown	0.298094982477392
ENSG00000205106.4	LINC02716	brown	0.298055044198988
ENSG00000265458.2	AC132938.3	brown	0.295958011107328
ENSG00000225518.3	LINC01703	brown	0.29451972832798
ENSG00000253764.3	AC019257.1	brown	0.292967343789551
ENSG00000236305.1	SLC12A9-AS1	brown	0.292006830063325
ENSG00000259775.1	AL138976.2	brown	0.291434594660503
ENSG00000232907.8	DLGAP4-AS1	brown	0.27550370174763
ENSG00000275630.1	AC004816.2	brown	0.27254701759182
ENSG00000270457.1	AC093424.1	brown	0.270253035039849
ENSG00000272156.1	AC008280.2	brown	0.266327288663113
ENSG00000247735.2	AC120114.1	cyan	0.760530810481707
ENSG00000267767.3	LINC01801	cyan	0.725625724850398
ENSG00000249348.1	UGDH-AS1	cyan	0.708849347209803
ENSG00000225975.7	LINC01534	cyan	0.702490459344966
ENSG00000227214.2	HCG15	cyan	0.700613829698724
ENSG00000228878.8	SEPTIN7-DT	cyan	0.69509222572694
ENSG00000258744.2	AL132800.1	cyan	0.669272553110165
ENSG00000225791.7	TRAM2-AS1	cyan	0.653448210237107
ENSG00000251611.1	FAM160A1-DT	cyan	0.65130333938728
ENSG00000261754.2	AC008555.1	cyan	0.64872890192469
ENSG00000244349.1	AL662791.1	cyan	0.618639535269564
ENSG00000228801.6	AC064807.1	cyan	0.60671180145993
ENSG00000286427.1	AC009486.2	cyan	0.593881306699616
ENSG00000255121.2	CENATAC-DT	cyan	0.590851981271632
ENSG00000259768.6	AC004943.2	cyan	0.580909099049883
ENSG00000234390.4	USP27X-AS1	cyan	0.580686090107482
ENSG00000231170.7	AC002451.1	cyan	0.574051170437441
ENSG00000250326.2	AC104596.1	cyan	0.563799775311575
ENSG00000226756.1	AC007365.1	cyan	0.553903982820109
ENSG00000251602.7	AL928654.1	cyan	0.550477106586496
ENSG00000287672.1	AC003086.1	cyan	0.547425942629717
ENSG00000249574.1	AC226118.1	cyan	0.545497568496288
ENSG00000165511.6	ZNF22-AS1	cyan	0.541205942620172
ENSG00000235781.1	LINC02569	cyan	0.540681105303493
ENSG00000270265.1	AC104819.3	cyan	0.536094046623618
ENSG00000260588.1	AC027702.1	cyan	0.532498099664565
ENSG00000231652.2	AL590428.1	cyan	0.531848965895523
ENSG00000266767.1	AP000897.2	cyan	0.526976001872734
ENSG00000225039.1	LINC01058	cyan	0.526648126158319
ENSG00000254837.2	AP001372.2	cyan	0.525067679239818
ENSG00000278390.5	AL354696.2	cyan	0.520730268793379
ENSG00000196810.5	CTBP1-DT	cyan	0.515188594199534
ENSG00000258824.2	AL122035.1	cyan	0.5113232025582
ENSG00000258701.1	LINC00638	cyan	0.509805696301049
ENSG00000287146.1	AC000085.1	cyan	0.495037427659306
ENSG00000271147.8	ARMCX5-GPRASP2	cyan	0.489856647783819
ENSG00000236204.6	LINC01376	cyan	0.482740853100411
ENSG00000254670.1	RASSF10-DT	cyan	0.479323338912945
ENSG00000228223.3	HCG11	cyan	0.469675484864239
ENSG00000287401.1	AC034139.1	cyan	0.464509472653269
ENSG00000255495.1	AC145124.1	cyan	0.455725252349584
ENSG00000257052.1	AP003721.4	cyan	0.454625838624683
ENSG00000270876.1	ZNF30-AS1	cyan	0.450358191316976
ENSG00000255471.1	AP001528.1	cyan	0.446138562148228
ENSG00000228065.11	LINC01515	cyan	0.441785182685263
ENSG00000253893.2	FAM85B	cyan	0.411257810790419
ENSG00000259363.6	AC090825.1	cyan	0.394922958539655
ENSG00000248079.3	DPH6-DT	cyan	0.393664806931324
ENSG00000261064.1	LINC02256	cyan	0.384889115727949
ENSG00000256894.1	AC022509.3	cyan	0.379908532329069
ENSG00000258082.1	AL391832.3	cyan	0.369954233694138
ENSG00000229308.1	AC010737.1	cyan	0.338227075247489
ENSG00000245522.2	LINC02709	cyan	0.336990686736165
ENSG00000257283.1	AC012464.1	cyan	0.299727420663523
ENSG00000260853.2	AC109460.2	green	0.822128971061327
ENSG00000281183.1	NPTN-IT1	green	0.786556477695957
ENSG00000285979.1	AC009090.6	green	0.7863790801611
ENSG00000287878.1	AC022382.2	green	0.7721147380196
ENSG00000279833.1	AL031846.2	green	0.759475152750442
ENSG00000258682.1	AL132989.1	green	0.753697381286542
ENSG00000270871.1	AC015849.3	green	0.7356631045946
ENSG00000254428.1	AP003392.1	green	0.732129474000482
ENSG00000246451.2	AL049840.2	green	0.728601214222799
ENSG00000197815.4	AC122129.1	green	0.718332759820244
ENSG00000239665.8	AL157392.3	green	0.715277519014586
ENSG00000256973.1	AC053513.2	green	0.711043713776446
ENSG00000232545.1	AC253536.3	green	0.682676229166659
ENSG00000251414.1	AC138956.2	green	0.680393836352925
ENSG00000276523.1	AC025287.3	green	0.673796323194432
ENSG00000267632.1	AC067852.3	green	0.661229722122483
ENSG00000260618.1	AC025917.1	green	0.658674610108247
ENSG00000260597.1	AC012531.1	green	0.6567782740389
ENSG00000218510.8	LINC00339	green	0.656589646280574
ENSG00000242588.6	AC108010.1	green	0.651037136187687
ENSG00000215424.10	MCM3AP-AS1	green	0.645422655811833
ENSG00000260425.1	AL031709.1	green	0.643716464896489
ENSG00000259116.2	AL049869.2	green	0.638652134115781
ENSG00000260884.1	AC009120.3	green	0.626442795364653
ENSG00000286555.1	AP003065.1	green	0.623889405876746
ENSG00000227155.7	AL161725.1	green	0.615922187073555
ENSG00000238018.2	AC093110.1	green	0.615880505402598
ENSG00000254694.1	AP001893.1	green	0.615524872899037
ENSG00000288065.1	AC007881.4	green	0.613050758717212
ENSG00000273151.1	AC073957.3	green	0.612440675269307
ENSG00000247903.1	AC024896.1	green	0.612382967966366
ENSG00000270184.1	AC018695.4	green	0.607157581793715
ENSG00000277687.1	AL139407.1	green	0.60674928778802
ENSG00000286990.1	AC016026.2	green	0.602793349765517
ENSG00000276071.1	AC074138.1	green	0.601368591073584
ENSG00000238197.6	PAXBP1-AS1	green	0.598545432570091
ENSG00000270157.1	AC004918.3	green	0.596550104360614
ENSG00000259668.6	AC066613.1	green	0.591871212041084
ENSG00000276603.1	AL109614.1	green	0.587295126612183
ENSG00000273521.1	AL162274.1	green	0.585470247916421
ENSG00000265205.1	AC010761.3	green	0.581544108639485
ENSG00000260367.2	AC109460.1	green	0.581065221859048
ENSG00000236337.1	FMR1-IT1	green	0.580165358292129
ENSG00000272316.1	AL021368.2	green	0.574422924468809
ENSG00000236772.1	AL034550.1	green	0.571870947076339
ENSG00000239653.1	PSMD6-AS2	green	0.569755293284181
ENSG00000272140.2	AC022400.4	green	0.564015915659079
ENSG00000286337.1	AC025370.2	green	0.5630286974136
ENSG00000268670.1	AC016586.1	green	0.561058923706427
ENSG00000227392.2	HPN-AS1	green	0.55478547269386
ENSG00000262766.1	AC135050.5	green	0.551459515369354
ENSG00000246859.3	STARD4-AS1	green	0.549844382382079
ENSG00000267560.1	AC027514.2	green	0.544672103837449
ENSG00000267682.1	AC016590.2	green	0.544648572017111
ENSG00000258926.2	AL355916.2	green	0.543997150908076
ENSG00000268520.1	AC008750.4	green	0.541370132517655
ENSG00000287608.1	AC022137.3	green	0.541044262804925
ENSG00000230551.4	AC021078.1	green	0.538281445315275
ENSG00000286974.1	AL662884.5	green	0.536905617929959
ENSG00000234630.1	AC245060.2	green	0.53135262051201
ENSG00000261270.1	AC012181.2	green	0.530247612307193
ENSG00000264769.1	AC145207.8	green	0.529888099845308
ENSG00000244701.1	AC004918.1	green	0.529378305916171
ENSG00000240373.1	SEC62-AS1	green	0.529176900238917
ENSG00000281195.1	AC007878.1	green	0.528763022027442
ENSG00000229127.2	KANSL1L-AS1	green	0.524950972220844
ENSG00000268743.1	AC008737.1	green	0.524606810829847
ENSG00000203709.12	MIR29B2CHG	green	0.52326178491103
ENSG00000273302.1	AC016747.3	green	0.522993070818762
ENSG00000230912.1	AL021707.4	green	0.522581728059426
ENSG00000262678.1	AC004771.4	green	0.520621817132927
ENSG00000245711.2	NADK2-AS1	green	0.518315817202421
ENSG00000272072.1	AC004492.1	green	0.515672629079522
ENSG00000273599.1	AL731571.1	green	0.5127118327853
ENSG00000228606.3	AL139011.1	green	0.512674532548201
ENSG00000286207.1	AC012443.2	green	0.511610013972844
ENSG00000205041.1	AC118344.1	green	0.510267397581121
ENSG00000266708.1	AP001793.1	green	0.507419524435993
ENSG00000259767.1	AC022558.1	green	0.505559079473294
ENSG00000270165.1	AC010530.1	green	0.501945535162837
ENSG00000250909.1	AC138956.1	green	0.501534433491408
ENSG00000273343.1	AC007663.4	green	0.500544562969254
ENSG00000224505.2	AC138150.1	green	0.499161353668981
ENSG00000270108.1	AL049840.6	green	0.498100363990389
ENSG00000263847.1	AP005899.1	green	0.497696998650027
ENSG00000264520.1	AC005154.4	green	0.496310600518839
ENSG00000254433.1	AP001001.1	green	0.495878328272999
ENSG00000228107.1	AP000692.1	green	0.492383865641946
ENSG00000253476.1	AC091185.1	green	0.48957427035978
ENSG00000233110.1	AC093797.1	green	0.488089723532162
ENSG00000278831.1	AL513190.1	green	0.487490949710549
ENSG00000264304.1	AC024267.3	green	0.487376025989753
ENSG00000275560.1	AC008115.3	green	0.487088623068063
ENSG00000258441.1	LINC00641	green	0.486724620473344
ENSG00000270110.2	AL353593.2	green	0.48632790533392
ENSG00000228852.6	AC092802.2	green	0.48609655582944
ENSG00000248445.5	SEMA6A-AS1	green	0.486007561278359
ENSG00000235910.2	APOA1-AS	green	0.4856536429456
ENSG00000273891.1	AL731566.2	green	0.482088117237899
ENSG00000264937.1	AC100830.2	green	0.481100279708737
ENSG00000260279.4	AC137932.1	green	0.481044040296321
ENSG00000287735.1	AL355075.6	green	0.478745296533631
ENSG00000229325.1	ACAP2-IT1	green	0.478572907984675
ENSG00000229487.1	ALG13-AS1	green	0.477199171364127
ENSG00000272054.1	AC007390.1	green	0.474776706859315
ENSG00000242553.1	AP001432.1	green	0.472481653403006
ENSG00000224468.3	LAMC1-AS1	green	0.471350910612015
ENSG00000261207.1	AL031717.1	green	0.470950516334317
ENSG00000268564.1	AC003956.1	green	0.470221773525266
ENSG00000235298.1	AL354733.3	green	0.465150952021241
ENSG00000268575.1	AL031282.2	green	0.462929717448703
ENSG00000236711.2	SMAD9-IT1	green	0.462779810194372
ENSG00000239552.2	HOXB-AS2	green	0.46214448099993
ENSG00000262663.1	AC087222.1	green	0.459972845054738
ENSG00000272037.1	AP002907.1	green	0.4498398008346
ENSG00000286242.1	AC018797.3	green	0.44698662689293
ENSG00000286244.1	AC073046.3	green	0.446176188592922
ENSG00000273295.1	AP000350.6	green	0.446131635013369
ENSG00000244879.8	GABPB1-AS1	green	0.44554964900519
ENSG00000228137.1	AP001469.2	green	0.445300703985203
ENSG00000198711.5	SSBP3-AS1	green	0.444422807221629
ENSG00000259820.1	AC083843.2	green	0.44292317899784
ENSG00000243055.1	GK-AS1	green	0.442725665953044
ENSG00000261669.1	AC008731.1	green	0.440427933152673
ENSG00000237200.1	ZBTB40-IT1	green	0.43455885284695
ENSG00000243243.5	AC073130.2	green	0.433984812849902
ENSG00000234134.1	AL158835.2	green	0.433670950847966
ENSG00000258904.1	AL157871.5	green	0.431958848663814
ENSG00000266993.3	AL050343.2	green	0.431227753608134
ENSG00000240591.2	AL096701.3	green	0.427451848477447
ENSG00000269910.1	AL049840.3	green	0.42574559120596
ENSG00000269940.1	AL049840.4	green	0.425515385194248
ENSG00000286786.1	AC116158.3	green	0.424008060533192
ENSG00000270115.1	AL513327.2	green	0.420926757374324
ENSG00000276916.1	AL442125.2	green	0.420681820013707
ENSG00000260608.1	AC024270.3	green	0.417066982512645
ENSG00000255421.1	AP002340.1	green	0.416302649584054
ENSG00000262227.1	AC004771.2	green	0.415657277460386
ENSG00000233613.5	DCUN1D2-AS	green	0.415416981279289
ENSG00000232860.8	SMG7-AS1	green	0.41462528248639
ENSG00000221819.6	GAS8-AS1	green	0.412875478599595
ENSG00000243107.1	AC000120.1	green	0.412541597125027
ENSG00000250990.1	AC098851.1	green	0.411860404352905
ENSG00000244161.1	FLNB-AS1	green	0.41052014999048
ENSG00000228352.2	AL354989.1	green	0.407775903050412
ENSG00000287895.1	AL136379.1	green	0.403831664625167
ENSG00000272574.1	AL596325.2	green	0.402792096775539
ENSG00000274124.1	AC074029.3	green	0.402713152276093
ENSG00000254554.1	AC080023.1	green	0.401881870120983
ENSG00000265413.1	AP001094.2	green	0.401391139203603
ENSG00000227726.1	AP001271.1	green	0.399957098999407
ENSG00000259212.1	AC103739.1	green	0.398870268297819
ENSG00000261114.1	AC012181.1	green	0.397398129689794
ENSG00000263307.1	AC007216.4	green	0.396616141844601
ENSG00000287299.1	AC012459.1	green	0.393429424089583
ENSG00000254064.1	AC105206.2	green	0.386210549147792
ENSG00000271973.1	AC141002.1	green	0.38534778772586
ENSG00000263466.1	AC006441.1	green	0.382048650209804
ENSG00000287892.1	AC090907.3	green	0.380249023679347
ENSG00000254317.1	AC022973.5	green	0.379404911554319
ENSG00000261366.1	MANEA-DT	green	0.376149180836905
ENSG00000256299.1	AC073912.2	green	0.375540729324625
ENSG00000273243.1	Z82243.1	green	0.374387360305074
ENSG00000235908.1	RHOA-IT1	green	0.370204121382455
ENSG00000249216.1	AC105389.2	green	0.36937751954199
ENSG00000269901.1	AC010531.5	green	0.36846290847226
ENSG00000230258.6	AC005208.1	green	0.365747848877998
ENSG00000255893.1	AP000786.1	green	0.361053738881682
ENSG00000278467.1	AC138393.3	green	0.360189087754911
ENSG00000253187.2	HOXA10-AS	green	0.359140446524033
ENSG00000226312.7	CFLAR-AS1	green	0.35814242589183
ENSG00000197670.6	AL157838.1	green	0.357024959653633
ENSG00000232043.1	AL133230.1	green	0.356095712077224
ENSG00000262777.1	AC032044.1	green	0.35534027866019
ENSG00000255334.1	AP000907.2	green	0.352166176352336
ENSG00000228554.1	AC004837.2	green	0.350829599175403
ENSG00000274422.1	AC245060.5	green	0.34855498439311
ENSG00000265487.1	AP001021.2	green	0.346859727943818
ENSG00000261916.1	AC027796.1	green	0.344986198056578
ENSG00000268499.1	AC011479.2	green	0.34462789854168
ENSG00000282977.1	PCBP2-OT1	green	0.34446522121593
ENSG00000256650.1	RERG-IT1	green	0.333856520700754
ENSG00000263982.1	AC009716.1	green	0.332640730314692
ENSG00000237892.1	KLF7-IT1	green	0.3295077028702
ENSG00000241886.1	AC112496.1	green	0.324648595100061
ENSG00000250906.1	AC131953.1	green	0.30485215794669
ENSG00000251179.1	TMEM92-AS1	greenyellow	0.798181407225319
ENSG00000287335.1	AL139351.3	greenyellow	0.71243609563917
ENSG00000233818.1	AP000695.2	greenyellow	0.667526186467116
ENSG00000281332.1	LINC00997	greenyellow	0.664095104613419
ENSG00000234380.2	LINC01426	greenyellow	0.64309901630842
ENSG00000287125.1	AC018695.9	greenyellow	0.63466463332539
ENSG00000275393.1	AC018695.6	greenyellow	0.634143875773723
ENSG00000256546.2	AC156455.1	greenyellow	0.621035213619857
ENSG00000274849.1	AC023043.4	greenyellow	0.612862968228131
ENSG00000265096.2	C1QTNF1-AS1	greenyellow	0.611615619573423
ENSG00000228742.11	LINC02577	greenyellow	0.605957499866124
ENSG00000224596.8	ZMIZ1-AS1	greenyellow	0.604317819052675
ENSG00000286085.1	AL109653.3	greenyellow	0.589693291297998
ENSG00000273445.1	AC133644.1	greenyellow	0.588427771780586
ENSG00000281162.2	LINC01127	greenyellow	0.586920097742746
ENSG00000235688.2	SNTG2-AS1	greenyellow	0.579587488699487
ENSG00000266970.1	AC061992.2	greenyellow	0.575477784009739
ENSG00000234362.6	LINC01914	greenyellow	0.568902471505654
ENSG00000248323.7	LUCAT1	greenyellow	0.565318377421873
ENSG00000261051.1	AC107021.2	greenyellow	0.564106174268727
ENSG00000236591.1	UST-AS2	greenyellow	0.563910422996655
ENSG00000261305.2	AC005586.1	greenyellow	0.561971771978858
ENSG00000272763.1	AC103702.2	greenyellow	0.561174118479993
ENSG00000287712.1	AC005865.2	greenyellow	0.556179644434013
ENSG00000284430.1	AC020912.1	greenyellow	0.554502367056327
ENSG00000251144.1	AC113346.1	greenyellow	0.55282003130453
ENSG00000251365.4	LINC02236	greenyellow	0.551071842251013
ENSG00000233532.6	LINC00460	greenyellow	0.549145899714314
ENSG00000286714.1	AC093001.2	greenyellow	0.544526373817049
ENSG00000230479.1	AP000695.1	greenyellow	0.543643480897996
ENSG00000285618.1	AC074132.1	greenyellow	0.539841990939095
ENSG00000276923.1	AL139351.1	greenyellow	0.538739140591676
ENSG00000225111.1	AC083900.1	greenyellow	0.537349734698167
ENSG00000240032.1	LNCSRLR	greenyellow	0.529538914573753
ENSG00000233203.6	DHCR24-DT	greenyellow	0.525962802976596
ENSG00000271778.1	AC080013.2	greenyellow	0.524710264207471
ENSG00000273014.1	AC018645.3	greenyellow	0.5227206562993
ENSG00000256006.1	AC084117.1	greenyellow	0.521745491894372
ENSG00000286162.2	AL162253.2	greenyellow	0.521291542223896
ENSG00000270001.1	AL121894.2	greenyellow	0.51612657980958
ENSG00000253666.2	AP000424.1	greenyellow	0.515022596334436
ENSG00000206195.11	DUXAP8	greenyellow	0.509154409400008
ENSG00000246100.4	LINC00900	greenyellow	0.508854422204262
ENSG00000260877.2	AP005233.2	greenyellow	0.506668047145783
ENSG00000242207.1	HOXB-AS4	greenyellow	0.503655638972879
ENSG00000267737.1	AC087645.2	greenyellow	0.503513351602533
ENSG00000237352.4	LINC01358	greenyellow	0.501036855663755
ENSG00000251409.1	AC008592.3	greenyellow	0.500560376143793
ENSG00000251432.7	LINC02615	greenyellow	0.499146296831452
ENSG00000273179.1	AC092535.5	greenyellow	0.49892808285348
ENSG00000227053.1	MUC12-AS1	greenyellow	0.496378052203458
ENSG00000260552.1	AC023043.1	greenyellow	0.494662429901084
ENSG00000284719.1	AL033527.3	greenyellow	0.494557485267596
ENSG00000255100.1	AP003119.2	greenyellow	0.489602699926807
ENSG00000232807.2	AL137186.2	greenyellow	0.486313332461719
ENSG00000271857.1	AL096865.1	greenyellow	0.484066628405683
ENSG00000249746.1	AC099509.1	greenyellow	0.482534561745073
ENSG00000270607.1	AC009549.1	greenyellow	0.482323019233145
ENSG00000286546.1	AL079338.1	greenyellow	0.481697075164783
ENSG00000263293.2	THCAT158	greenyellow	0.47598264299703
ENSG00000236882.8	LINC01554	greenyellow	0.475428822255845
ENSG00000248362.1	AC011352.1	greenyellow	0.471356897902872
ENSG00000234405.2	Z69733.1	greenyellow	0.470278032386566
ENSG00000270210.1	AC104695.2	greenyellow	0.468450368407056
ENSG00000180861.9	LINC01559	greenyellow	0.468438066688191
ENSG00000222041.11	CYTOR	greenyellow	0.467222813915866
ENSG00000277010.1	AC120498.10	greenyellow	0.462466764566303
ENSG00000251320.1	AC011352.3	greenyellow	0.459909502471761
ENSG00000267461.1	AC079210.1	greenyellow	0.459095115540668
ENSG00000278095.1	AC022509.4	greenyellow	0.456593682642383
ENSG00000232093.1	DCST1-AS1	greenyellow	0.452931712107294
ENSG00000255992.1	AC131009.1	greenyellow	0.451161484744712
ENSG00000248749.1	AC104063.1	greenyellow	0.451078821545462
ENSG00000177335.11	C8orf31	greenyellow	0.447189466150329
ENSG00000254364.1	AP000424.2	greenyellow	0.440995491316321
ENSG00000236682.2	MAP3K2-DT	greenyellow	0.439799176545095
ENSG00000261578.1	AP003119.3	greenyellow	0.439351202261535
ENSG00000286403.1	AC010378.1	greenyellow	0.437486769292485
ENSG00000272157.1	AC107373.2	greenyellow	0.437408416260535
ENSG00000225764.2	P3H2-AS1	greenyellow	0.435137150608404
ENSG00000275457.1	AL117332.1	greenyellow	0.434813645162136
ENSG00000232453.7	LINC02777	greenyellow	0.434152534788302
ENSG00000258512.1	LINC00239	greenyellow	0.43059445717511
ENSG00000284652.1	BX323043.1	greenyellow	0.429039857830259
ENSG00000277144.1	AC092757.3	greenyellow	0.428626460744515
ENSG00000270953.1	AC007938.3	greenyellow	0.426578420207546
ENSG00000259732.1	AC092757.2	greenyellow	0.418159602906517
ENSG00000237476.1	LINC01637	greenyellow	0.413933226612503
ENSG00000287151.1	C2orf27A	greenyellow	0.413094583052065
ENSG00000284948.1	AC107959.4	greenyellow	0.410559773072429
ENSG00000229654.1	LINC02526	greenyellow	0.40804969238505
ENSG00000231426.7	FILNC1	greenyellow	0.406092416818899
ENSG00000234147.1	AL035446.1	greenyellow	0.403280336931309
ENSG00000254340.2	AC022784.5	greenyellow	0.402447727825554
ENSG00000248884.1	AC010280.2	greenyellow	0.400067506415163
ENSG00000236453.5	AC003092.1	greenyellow	0.39927686506115
ENSG00000235215.2	AL592431.1	greenyellow	0.394573114630784
ENSG00000258793.1	AL355102.4	greenyellow	0.3907609684648
ENSG00000262454.4	MIR193BHG	greenyellow	0.387904224575719
ENSG00000273812.3	BX640514.2	greenyellow	0.369442321226855
ENSG00000224536.2	AC096677.1	greenyellow	0.369249779431269
ENSG00000276851.1	AC002401.4	greenyellow	0.368161808649453
ENSG00000284693.1	LINC02606	greenyellow	0.359882257341222
ENSG00000243415.2	AC107021.1	greenyellow	0.358624305552033
ENSG00000171889.5	MIR31HG	greenyellow	0.345707945193475
ENSG00000263280.2	AC003965.1	greenyellow	0.343567257723806
ENSG00000267296.2	CEBPA-DT	greenyellow	0.333823333309669
ENSG00000244649.5	LINC02086	greenyellow	0.330846175886117
ENSG00000232956.9	SNHG15	grey	0.616321559142135
ENSG00000233593.10	LINC02609	grey	0.607683502229758
ENSG00000232527.8	LINC02802	grey	0.584536443635891
ENSG00000253395.1	AP003469.2	grey	0.563175855905544
ENSG00000177410.13	ZFAS1	grey	0.532755085130967
ENSG00000272551.1	AC017048.3	grey	0.5278941666169
ENSG00000237181.1	PRKAR1B-AS1	grey	0.516440684532294
ENSG00000272027.2	AC073218.1	grey	0.494633706953399
ENSG00000276115.1	AC026356.2	grey	0.492055043478338
ENSG00000250519.7	AP002784.1	grey	0.483582663317745
ENSG00000272379.1	AL008729.2	grey	0.478962767776735
ENSG00000237595.5	LINC01275	grey	0.475771936290846
ENSG00000262691.1	AC040160.1	grey	0.472105975915207
ENSG00000255847.5	AP003717.1	grey	0.470363752542002
ENSG00000255737.2	AGAP2-AS1	grey	0.47017034570284
ENSG00000272711.1	AC019069.1	grey	0.468733310190786
ENSG00000255462.1	AC104031.1	grey	0.467168022920624
ENSG00000224843.8	LINC00240	grey	0.463425440817298
ENSG00000275040.1	AC009159.1	grey	0.458826750655074
ENSG00000230432.1	AC114803.1	grey	0.456731461807963
ENSG00000229953.1	AL590666.2	grey	0.455993990883217
ENSG00000232788.1	ITGA6-AS1	grey	0.455537117399932
ENSG00000237927.1	AL078604.2	grey	0.454804743040214
ENSG00000257718.1	CPNE8-AS1	grey	0.454500187954235
ENSG00000220161.4	LINC02076	grey	0.443501960677212
ENSG00000273257.1	AC069200.1	grey	0.441573708077099
ENSG00000272405.1	AL365181.3	grey	0.441386954201686
ENSG00000233521.7	LINC01638	grey	0.439999677454985
ENSG00000226644.5	AL121899.1	grey	0.432144005730842
ENSG00000228649.9	SNHG26	grey	0.431966812814964
ENSG00000237061.1	AC100823.1	grey	0.424286033911923
ENSG00000244675.2	AC108676.1	grey	0.423860367338871
ENSG00000285877.1	AC007448.5	grey	0.4164735310279
ENSG00000253210.2	AC040970.1	grey	0.416241784895054
ENSG00000257526.2	AC107032.2	grey	0.41550399227939
ENSG00000285972.1	CERNA2	grey	0.414832717563881
ENSG00000257815.7	PRANCR	grey	0.413957869319227
ENSG00000274695.1	AC108704.1	grey	0.413196951262723
ENSG00000232140.2	AC073257.1	grey	0.412251697224071
ENSG00000286177.1	AC011462.5	grey	0.407790017345931
ENSG00000274265.5	AC245297.3	grey	0.400692161270895
ENSG00000238117.1	AP000844.2	grey	0.39635297630017
ENSG00000233058.2	LINC00884	grey	0.394685547469612
ENSG00000262198.1	AL157931.1	grey	0.388492193356568
ENSG00000229334.1	AC046143.1	grey	0.384806799075832
ENSG00000261298.1	AC122134.1	grey	0.382113423676998
ENSG00000204362.6	LINC02783	grey	0.381549022608246
ENSG00000251301.7	LINC02384	grey	0.380324141750576
ENSG00000276649.1	AL117335.1	grey	0.379326649558073
ENSG00000270504.1	AL391422.4	grey	0.375788986379176
ENSG00000249740.3	OSMR-AS1	grey	0.375101291365782
ENSG00000163364.10	LINC01116	grey	0.373644338245859
ENSG00000251003.9	ZFPM2-AS1	grey	0.373414843653451
ENSG00000260920.2	AL031985.3	grey	0.357374279223252
ENSG00000231106.2	LINC01436	grey	0.355495587342188
ENSG00000243574.2	AC006148.2	grey	0.35404312820473
ENSG00000269970.1	AL162424.1	grey	0.352026429426796
ENSG00000285373.2	LINC02478	grey	0.351491821072955
ENSG00000277382.1	AC005837.4	grey	0.350309111768524
ENSG00000225285.1	LINC01770	grey	0.350139226323325
ENSG00000237523.2	LINC00857	grey	0.350029000843378
ENSG00000227533.6	SLC2A1-AS1	grey	0.349010412831288
ENSG00000226445.2	BX322234.1	grey	0.347877703657687
ENSG00000287670.1	AC108479.1	grey	0.344979369458023
ENSG00000223485.4	LINC01615	grey	0.344649940662109
ENSG00000255874.2	PRECSIT	grey	0.344528383743272
ENSG00000235978.6	AC018816.1	grey	0.343410423230732
ENSG00000236039.3	AC019117.1	grey	0.342905291203393
ENSG00000268812.3	AC004264.1	grey	0.342800220439065
ENSG00000261292.2	AC110491.1	grey	0.33637873965486
ENSG00000265962.1	GACAT2	grey	0.336321491034885
ENSG00000271320.1	AC091488.1	grey	0.335801442170943
ENSG00000282793.1	AC090164.4	grey	0.332436169773961
ENSG00000233901.6	LINC01503	grey	0.331902661813302
ENSG00000233258.1	AL390786.1	grey	0.329892189148844
ENSG00000232721.2	AC239800.2	grey	0.32899502871143
ENSG00000273186.1	AL359091.4	grey	0.328934686698992
ENSG00000231672.8	DIRC3	grey	0.328784055515359
ENSG00000275367.1	AC092111.1	grey	0.328738830894628
ENSG00000274964.1	AC026356.1	grey	0.328377364377894
ENSG00000274312.1	AC015722.2	grey	0.326758116683135
ENSG00000225826.2	LINC00626	grey	0.322451066392321
ENSG00000249526.1	AC008667.1	grey	0.322182129798381
ENSG00000272872.1	AP000525.1	grey	0.321650260408255
ENSG00000262185.3	LINC02861	grey	0.318807199674107
ENSG00000272043.1	AC016405.2	grey	0.31799793039238
ENSG00000276188.1	AC069234.4	grey	0.317726136183114
ENSG00000254300.1	LINC01111	grey	0.315258564339172
ENSG00000228620.1	Z97056.1	grey	0.314867579466079
ENSG00000275191.1	AC007497.1	grey	0.314577687882722
ENSG00000254389.3	RHPN1-AS1	grey	0.314262819842168
ENSG00000267751.5	AC009005.1	grey	0.313828318171223
ENSG00000236996.1	MLIP-IT1	grey	0.312333629947852
ENSG00000260088.1	DDX59-AS1	grey	0.312058752856027
ENSG00000259583.3	AC015712.2	grey	0.311994366763999
ENSG00000253978.2	CTB-178M22.2	grey	0.311293038081125
ENSG00000271270.7	TMCC1-AS1	grey	0.310775728655178
ENSG00000286833.1	AC097532.3	grey	0.308114746111296
ENSG00000260604.2	AL590004.3	grey	0.307781299962503
ENSG00000247134.7	AC090204.1	grey	0.305289118754354
ENSG00000225792.2	AC004540.2	grey	0.304393976031744
ENSG00000287407.1	AL596442.3	grey	0.303557971264391
ENSG00000233912.1	AC026202.2	grey	0.302238092973867
ENSG00000261039.3	LINC02544	grey	0.301699127820226
ENSG00000236318.2	AC019117.2	grey	0.30051366547328
ENSG00000236173.1	AL049612.1	grey	0.300028516502433
ENSG00000272342.1	AC116609.3	grey	0.298092083156711
ENSG00000287498.1	AC007749.2	grey	0.297384780017787
ENSG00000271825.1	AC019080.3	grey	0.297006859811874
ENSG00000280241.4	AC079298.3	grey	0.296669236332646
ENSG00000234695.1	TFPI2-DT	grey	0.295217970686738
ENSG00000274976.1	AC087588.1	grey	0.292572530055735
ENSG00000214870.9	AC004540.1	grey	0.291507382884305
ENSG00000242522.1	KLHL6-AS1	grey	0.291075311072561
ENSG00000230082.1	PRRT3-AS1	grey	0.29106956092415
ENSG00000288003.1	AC079768.4	grey	0.289382441919087
ENSG00000287733.1	AC083862.2	grey	0.289146037352708
ENSG00000250486.5	FAM218A	grey	0.289076425469221
ENSG00000272732.1	AC004982.1	grey	0.288696243955391
ENSG00000224817.2	AC010789.1	grey	0.288681646246414
ENSG00000272848.2	AL135910.1	grey	0.286486073404043
ENSG00000272163.1	AF106564.1	grey	0.28434559771903
ENSG00000234741.8	GAS5	grey	0.283739070200492
ENSG00000259631.1	AC104316.2	grey	0.283073907205228
ENSG00000283959.1	AP002851.1	grey	0.281545279360224
ENSG00000233081.1	AL353764.1	grey	0.279536562437506
ENSG00000230838.1	LINC01614	grey	0.277384469070478
ENSG00000235531.11	MSC-AS1	grey	0.277155173161296
ENSG00000237903.1	AC004000.1	grey	0.276357442607892
ENSG00000272800.3	AC021851.1	grey	0.276006659432179
ENSG00000256609.1	AC084880.3	grey	0.274369213600365
ENSG00000259182.5	AC019254.1	grey	0.274151179370498
ENSG00000269967.1	AL136115.2	grey	0.273334822340922
ENSG00000272894.5	AC004982.2	grey	0.273119445734932
ENSG00000272913.1	AC009237.14	grey	0.272465106159545
ENSG00000271868.1	AC114810.1	grey	0.271921039477146
ENSG00000237429.1	BX293535.1	grey	0.271335700183248
ENSG00000254631.5	AP001372.1	grey	0.270657861083786
ENSG00000287346.1	AL132712.2	grey	0.269503547937347
ENSG00000225978.3	HAR1A	grey	0.268093676539977
ENSG00000273174.1	AC108673.2	grey	0.267816621303117
ENSG00000253574.5	AC021744.1	grey	0.26700674837715
ENSG00000273428.3	AC004832.6	grey	0.265657767563344
ENSG00000273073.1	AC073869.1	grey	0.263465032906062
ENSG00000284747.1	AL034417.4	grey	0.26315621229094
ENSG00000267013.6	LINC01929	grey	0.262931387700919
ENSG00000238246.1	AC069549.1	grey	0.261342457151017
ENSG00000258086.1	AC079313.1	grey	0.260434325133617
ENSG00000286638.1	AC123595.2	grey	0.259590202022253
ENSG00000251257.2	AC010457.1	grey	0.259295320854858
ENSG00000285155.1	AC092153.1	grey	0.257908194829045
ENSG00000286144.1	Z97056.2	grey	0.25594428624773
ENSG00000260197.1	AC010889.1	grey	0.255193771270024
ENSG00000236861.6	BET1-AS1	grey	0.252587352310389
ENSG00000227060.7	LINC00629	grey	0.25109795788888
ENSG00000225762.1	LINC01389	grey	0.248879503478643
ENSG00000256124.6	LINC01152	grey	0.248438673248505
ENSG00000268746.1	AC010519.1	grey	0.247447215062679
ENSG00000272970.3	AC107294.2	grey	0.246334842412116
ENSG00000256742.1	KDM2B-DT	grey	0.244918606392002
ENSG00000262619.2	LINC00621	grey	0.24466458780451
ENSG00000276334.1	AL133243.2	grey	0.244186553677937
ENSG00000226578.1	AL132657.1	grey	0.243226854766888
ENSG00000235078.1	AC231981.1	grey	0.24242510543868
ENSG00000272264.1	AC009686.2	grey	0.242127311835251
ENSG00000254854.1	AP003390.1	grey	0.241656205489986
ENSG00000271992.1	AL354872.1	grey	0.241007988828533
ENSG00000285867.1	BX470102.2	grey	0.240945236751988
ENSG00000227188.1	MGAT3-AS1	grey	0.240458022452157
ENSG00000246640.1	PICART1	grey	0.239823783547868
ENSG00000227591.5	HSD11B1-AS1	grey	0.239263638910904
ENSG00000266976.3	AC079466.1	grey	0.238955652228049
ENSG00000273350.1	AC004832.5	grey	0.238085733909233
ENSG00000236064.2	AL109946.1	grey	0.237300126286205
ENSG00000221949.6	LINC01465	grey	0.235905435823627
ENSG00000227076.1	AL158166.1	grey	0.235566576305964
ENSG00000277987.2	LINC02351	grey	0.233127879144981
ENSG00000278847.1	AC006157.1	grey	0.232956379887719
ENSG00000286009.2	AC244213.1	grey	0.232193270107092
ENSG00000226711.7	FAM66C	grey	0.231718189814348
ENSG00000244128.7	LINC01322	grey	0.230072576272379
ENSG00000277342.1	AC048344.4	grey	0.229406514505916
ENSG00000258498.8	DIO3OS	grey	0.228825996583246
ENSG00000187185.4	AC092118.1	grey	0.228415416413802
ENSG00000288009.1	AL353135.2	grey	0.22779268638669
ENSG00000272537.1	AC005014.3	grey	0.227433782685084
ENSG00000286535.1	AC139019.1	grey	0.227155299795637
ENSG00000238266.2	LINC00707	grey	0.226812818530747
ENSG00000270640.1	AC104695.3	grey	0.226703947715212
ENSG00000253852.1	AC011383.1	grey	0.22609681887441
ENSG00000204709.4	LINC01556	grey	0.226027970018177
ENSG00000228630.5	HOTAIR	grey	0.223888260023542
ENSG00000273824.1	AC008033.3	grey	0.223705997008797
ENSG00000287829.1	AC002542.6	grey	0.223528909237444
ENSG00000248949.1	AC122719.1	grey	0.222855701379767
ENSG00000260231.2	KDM7A-DT	grey	0.222801097050583
ENSG00000236953.1	ZDHHC20-IT1	grey	0.22229750814478
ENSG00000223831.1	AC005006.1	grey	0.221416264695795
ENSG00000266835.6	GAPLINC	grey	0.221297048238018
ENSG00000238273.3	AC108058.1	grey	0.221042126500663
ENSG00000241324.1	AC004930.1	grey	0.220384710093488
ENSG00000226465.3	AL390198.1	grey	0.219643446965244
ENSG00000261600.1	AC233266.2	grey	0.219528505796862
ENSG00000231535.7	LINC00278	grey	0.219180443788148
ENSG00000226193.1	AL049548.1	grey	0.219011243776046
ENSG00000265907.2	AP000919.1	grey	0.218937975605085
ENSG00000257497.2	AC121761.1	grey	0.217646281323017
ENSG00000224138.1	AC000123.1	grey	0.21450005499442
ENSG00000223751.1	AC116609.1	grey	0.214268945109877
ENSG00000272689.1	AC004832.4	grey	0.213483238566826
ENSG00000286984.1	AC090578.3	grey	0.213127336871151
ENSG00000277423.1	AC069234.5	grey	0.210678283793251
ENSG00000273338.1	AC103591.3	grey	0.206085640017213
ENSG00000267366.1	AP005131.2	grey	0.205789935709596
ENSG00000249396.2	LINC02212	grey	0.20540708465026
ENSG00000261801.6	LOXL1-AS1	grey	0.204265581685367
ENSG00000274565.1	AC080038.1	grey	0.202686324897444
ENSG00000271862.1	AC104118.1	grey	0.202350719331136
ENSG00000286804.1	AC025871.3	grey	0.202186145567865
ENSG00000257252.6	AC124947.1	grey	0.202079740796473
ENSG00000285770.1	AC018653.4	grey	0.200397598514159
ENSG00000272108.1	AC244517.1	grey	0.199973759532026
ENSG00000273557.1	AC008781.2	grey	0.19989115174913
ENSG00000177822.8	TENM3-AS1	grey	0.199784450529752
ENSG00000230020.1	NHS-AS1	grey	0.198709703238718
ENSG00000197182.14	MIRLET7BHG	grey	0.198566068186876
ENSG00000278266.1	AC079949.2	grey	0.198563018512508
ENSG00000215244.3	LINC02649	grey	0.197133139986897
ENSG00000224985.1	AL590714.1	grey	0.197067316888172
ENSG00000273261.1	AC092953.2	grey	0.19553693753059
ENSG00000270972.1	AC136475.9	grey	0.19497500703435
ENSG00000248576.1	AC023794.1	grey	0.194806004552853
ENSG00000225940.7	C5orf67	grey	0.194275647966961
ENSG00000229291.1	LINC02768	grey	0.194045600418106
ENSG00000274297.1	AC009269.5	grey	0.194035141540447
ENSG00000286657.1	AC008453.2	grey	0.193509428714838
ENSG00000229852.4	AC019205.1	grey	0.192857084738721
ENSG00000258777.1	HIF1A-AS1	grey	0.192121021050815
ENSG00000271156.1	AC090578.2	grey	0.191452268591778
ENSG00000273305.1	AC009237.15	grey	0.191250542465212
ENSG00000278727.1	AC000403.1	grey	0.191049227780053
ENSG00000248932.6	AC046134.2	grey	0.189540001984807
ENSG00000240006.1	LINC02004	grey	0.188722461191742
ENSG00000249753.2	AC084357.2	grey	0.187560242370829
ENSG00000277496.1	AL357033.4	grey	0.186877063320544
ENSG00000287560.1	AL731533.3	grey	0.186228324038829
ENSG00000254343.2	AC091563.1	grey	0.185393508184848
ENSG00000242147.3	LASTR	grey	0.182426714040054
ENSG00000257894.2	AC027288.3	grey	0.182341612102693
ENSG00000254416.6	LINC02732	grey	0.18146501934915
ENSG00000253669.4	GASAL1	grey	0.18123331618734
ENSG00000224057.1	EGFR-AS1	grey	0.181007208864782
ENSG00000224490.5	TTC21B-AS1	grey	0.180725317152496
ENSG00000286216.1	AC104335.1	grey	0.180493243680565
ENSG00000286050.1	AC012078.2	grey	0.180414437818388
ENSG00000238184.1	CD81-AS1	grey	0.180385542323045
ENSG00000272950.1	AC093799.1	grey	0.179658534981005
ENSG00000224945.1	AL353150.1	grey	0.179626131398085
ENSG00000250320.6	EDIL3-DT	grey	0.179415642987467
ENSG00000261068.2	AL512274.1	grey	0.179375726380788
ENSG00000277595.1	AC007546.1	grey	0.179313088470979
ENSG00000274128.1	AC027807.2	grey	0.178693925608491
ENSG00000250999.2	AC136604.2	grey	0.177723952725708
ENSG00000255968.1	AC024145.1	grey	0.177434518553465
ENSG00000242048.3	AC093583.1	grey	0.176463776311837
ENSG00000273367.1	AL355472.3	grey	0.175467868253179
ENSG00000272330.1	AC002044.1	grey	0.175130772434507
ENSG00000232386.9	AC015712.1	grey	0.174761619858375
ENSG00000223784.2	LINP1	grey	0.174642366406036
ENSG00000230185.5	C9orf147	grey	0.173907718955761
ENSG00000271119.1	AC026412.3	grey	0.172777660664155
ENSG00000256325.1	AC025423.1	grey	0.172414730989204
ENSG00000277214.1	AC009159.2	grey	0.171378328841173
ENSG00000233070.1	ZFY-AS1	grey	0.170672487416374
ENSG00000230438.7	SERPINB9P1	grey	0.170286813968165
ENSG00000215014.5	AL645728.1	grey	0.169570969364544
ENSG00000238279.1	BX470102.1	grey	0.169414297644277
ENSG00000237943.7	PRKCQ-AS1	grey	0.169210639702212
ENSG00000274902.1	AC004241.2	grey	0.166828751727567
ENSG00000231892.1	AC073316.2	grey	0.165531731584498
ENSG00000203875.13	SNHG5	grey	0.164372166126387
ENSG00000276984.1	AL023881.1	grey	0.164361730218932
ENSG00000235736.1	AL031275.1	grey	0.163296004251703
ENSG00000272459.1	AC139795.3	grey	0.162043812767713
ENSG00000272824.1	AC245100.6	grey	0.161970222941475
ENSG00000287271.1	AC011455.8	grey	0.161302150646728
ENSG00000286505.1	AC087468.2	grey	0.160794857729558
ENSG00000261659.2	Z92544.1	grey	0.160031116878823
ENSG00000269952.1	AL117336.1	grey	0.158776430962647
ENSG00000256897.1	AC018410.1	grey	0.158662786825415
ENSG00000263301.1	AC113189.3	grey	0.156701269637308
ENSG00000261159.1	AC112484.3	grey	0.156694963542769
ENSG00000235997.3	LINC01936	grey	0.156500404445406
ENSG00000286318.1	AC096576.7	grey	0.156356161153951
ENSG00000287925.1	AL353576.1	grey	0.155789817864914
ENSG00000272941.1	AC083862.1	grey	0.154274550052103
ENSG00000270030.1	AC136475.7	grey	0.153506816852804
ENSG00000283907.1	AD000090.1	grey	0.153462312900163
ENSG00000228775.8	WEE2-AS1	grey	0.153100972706322
ENSG00000261049.2	AC007347.1	grey	0.152675318843611
ENSG00000261168.1	AL592424.1	grey	0.152601228850434
ENSG00000245904.4	AC025164.1	grey	0.152013636713969
ENSG00000224745.1	AC063965.2	grey	0.150344220128383
ENSG00000240859.3	AC093627.4	grey	0.150204161876705
ENSG00000250602.6	AC093535.1	grey	0.149797227238392
ENSG00000275765.5	AC091982.3	grey	0.149354587065254
ENSG00000233214.1	AC002511.2	grey	0.148765305293568
ENSG00000273325.1	AL008723.2	grey	0.148537028492583
ENSG00000255248.9	MIR100HG	grey	0.148447039097587
ENSG00000286334.1	AL161430.1	grey	0.148376302539563
ENSG00000247081.8	BAALC-AS1	grey	0.146968837480277
ENSG00000228643.1	AC079779.2	grey	0.146586051839613
ENSG00000277829.1	AL031651.2	grey	0.146340732664892
ENSG00000272468.1	AL021807.1	grey	0.146137862004002
ENSG00000163597.15	SNHG16	grey	0.145794348152624
ENSG00000258474.1	LINC02313	grey	0.14424019136759
ENSG00000285554.1	AC242988.2	grey	0.143275097766574
ENSG00000272137.1	AL451064.1	grey	0.141686503419601
ENSG00000260774.1	AC021087.3	grey	0.140534913794585
ENSG00000228705.2	LINC00659	grey	0.139799603536139
ENSG00000260944.1	FOXC2-AS1	grey	0.139497795132297
ENSG00000235434.1	AL391883.1	grey	0.139304866443673
ENSG00000278472.1	AC009268.2	grey	0.1390590529002
ENSG00000204677.13	FAM153CP	grey	0.138695711708877
ENSG00000272609.1	AC016252.1	grey	0.138374109508221
ENSG00000236098.1	AC097059.1	grey	0.138241805703061
ENSG00000231233.1	CFAP58-DT	grey	0.138057238517989
ENSG00000286331.1	AC011388.1	grey	0.137505463641205
ENSG00000255026.1	AC136475.3	grey	0.137408333044847
ENSG00000283317.1	AL831711.1	grey	0.137037750881104
ENSG00000277851.2	LINC02391	grey	0.13702178434423
ENSG00000287804.1	Z98745.2	grey	0.135928608859653
ENSG00000230091.6	TMEM254-AS1	grey	0.135647975581205
ENSG00000267079.1	AP001269.2	grey	0.135019571216581
ENSG00000261161.1	AC009154.1	grey	0.132636273540887
ENSG00000248787.2	AC092903.2	grey	0.132366319901951
ENSG00000272226.1	AL136985.2	grey	0.131774692206443
ENSG00000234084.1	AL049552.1	grey	0.131233983005658
ENSG00000235427.1	AC006159.1	grey	0.130683621239723
ENSG00000260891.1	AC020978.3	grey	0.130671524794522
ENSG00000278740.1	AC005332.7	grey	0.130144157768067
ENSG00000225028.1	AC096541.1	grey	0.129979414951182
ENSG00000272123.1	AC008966.2	grey	0.129903232087618
ENSG00000278493.1	AC039056.2	grey	0.127836549803037
ENSG00000255449.1	AP002812.5	grey	0.127341417589329
ENSG00000204904.7	LINC01545	grey	0.126916714649606
ENSG00000234601.1	CHRM3-AS1	grey	0.125149010240794
ENSG00000214401.4	KANSL1-AS1	grey	0.124926229318997
ENSG00000269980.1	AC068768.1	grey	0.124874996806491
ENSG00000258738.1	AL121603.2	grey	0.124420560802423
ENSG00000236095.1	AL807757.2	grey	0.124089207510257
ENSG00000269365.2	AC120349.1	grey	0.123963241824437
ENSG00000259771.1	AC092756.1	grey	0.123876444460482
ENSG00000246695.8	RASSF8-AS1	grey	0.122417327141528
ENSG00000226453.2	LINC02542	grey	0.12156416780904
ENSG00000253696.2	KBTBD11-OT1	grey	0.121322269812039
ENSG00000239467.6	AC007405.3	grey	0.12123496488033
ENSG00000260704.1	LINC00543	grey	0.1210246230365
ENSG00000287126.1	AC108488.3	grey	0.120878269145926
ENSG00000263531.1	AC130324.1	grey	0.120594720997588
ENSG00000259065.2	AC005520.2	grey	0.117642014249881
ENSG00000167920.10	TMEM99	grey	0.117417279754122
ENSG00000237760.1	AC023669.2	grey	0.116864836855207
ENSG00000286201.1	AC011751.1	grey	0.116859807350757
ENSG00000256969.2	AC084375.1	grey	0.116410782000943
ENSG00000261829.1	AC009407.1	grey	0.116324626486629
ENSG00000273368.1	AC006566.1	grey	0.113874171913122
ENSG00000285756.2	BX890604.1	grey	0.113251203401546
ENSG00000261512.2	AC092368.3	grey	0.112605106845198
ENSG00000286553.1	AL357075.2	grey	0.111676116364028
ENSG00000230732.4	AC016949.1	grey	0.111322414964288
ENSG00000266036.1	AC016888.1	grey	0.110574965690037
ENSG00000276107.1	AC037198.1	grey	0.11056199542399
ENSG00000237877.7	LINC01473	grey	0.109880471992369
ENSG00000262298.1	AC004584.1	grey	0.109458138386248
ENSG00000229459.1	AC023669.1	grey	0.109447549909653
ENSG00000231979.1	AL356361.2	grey	0.109358063157884
ENSG00000268516.2	AC020915.2	grey	0.108746497504005
ENSG00000272744.1	AC107214.2	grey	0.107981018011571
ENSG00000249007.1	AL691482.3	grey	0.106859430396169
ENSG00000230002.3	ALMS1-IT1	grey	0.106376582587215
ENSG00000259353.1	AC090515.4	grey	0.106281133439945
ENSG00000182257.8	PRR34	grey	0.105356955723595
ENSG00000279375.1	AC244517.7	grey	0.105048155865593
ENSG00000245105.4	A2M-AS1	grey	0.104689734782097
ENSG00000236753.7	MKLN1-AS	grey	0.104242398243895
ENSG00000248773.1	AC108727.1	grey	0.102427857265744
ENSG00000228527.1	AC016396.1	grey	0.101871664712885
ENSG00000248476.1	BACH1-IT1	grey	0.101450331274822
ENSG00000230658.2	KLHL7-DT	grey	0.100646148521712
ENSG00000233559.2	LINC00513	grey	0.100565019142132
ENSG00000260366.1	AC026803.1	grey	0.099438197259368
ENSG00000244468.1	AC093001.1	grey	0.0992070508937758
ENSG00000272275.1	AC092687.3	grey	0.0973599880812607
ENSG00000117242.7	PINK1-AS	grey	0.0970348215057367
ENSG00000272825.1	AL844908.1	grey	0.096720802005287
ENSG00000269873.1	AC245884.10	grey	0.0962854904294828
ENSG00000234584.1	AC019186.1	grey	0.0958365235568129
ENSG00000232470.1	AL136368.1	grey	0.0956844617633385
ENSG00000231721.7	LINC-PINT	grey	0.0956441320224739
ENSG00000257443.1	AC068305.2	grey	0.0945524756012356
ENSG00000271554.1	AL138787.2	grey	0.0933529867274779
ENSG00000276952.1	AL121772.3	grey	0.0931439802233271
ENSG00000255443.1	CD44-AS1	grey	0.0929667482098584
ENSG00000272604.1	AC073073.2	grey	0.0929561090774735
ENSG00000204528.3	PSORS1C3	grey	0.0927018831416371
ENSG00000285918.1	AC092376.3	grey	0.0916421207992345
ENSG00000274383.1	AC103691.1	grey	0.0914669635223394
ENSG00000255571.9	MIR9-3HG	grey	0.0900905588785849
ENSG00000267474.1	AC008569.2	grey	0.0900059762269155
ENSG00000231024.1	AC092431.1	grey	0.0895417910051022
ENSG00000230290.1	ARMC2-AS1	grey	0.0884981460758668
ENSG00000224738.1	AC099850.1	grey	0.0881854099741637
ENSG00000273245.1	AC092653.1	grey	0.0878133171723471
ENSG00000246308.2	AC116535.1	grey	0.0877682180083966
ENSG00000249602.1	AL589765.4	grey	0.0862892082227257
ENSG00000232680.2	AC002511.1	grey	0.0860301377135897
ENSG00000236833.1	AC024560.1	grey	0.0852658022663643
ENSG00000203644.3	AC083799.1	grey	0.0839310961685853
ENSG00000269976.1	AC012065.2	grey	0.0835462296627767
ENSG00000235092.6	ID2-AS1	grey	0.0828385237615592
ENSG00000247157.7	LINC01252	grey	0.0820725229837035
ENSG00000247679.3	AC139795.2	grey	0.0807707460781024
ENSG00000228043.5	AC114763.1	grey	0.080109502774735
ENSG00000261172.1	AC133919.2	grey	0.0798768925665599
ENSG00000223442.1	TH2LCRR	grey	0.0779326558136569
ENSG00000258897.1	EGLN3-AS1	grey	0.0774036534537083
ENSG00000255366.1	AC120036.4	grey	0.0769665697151871
ENSG00000268756.1	AC104534.1	grey	0.0767684600501986
ENSG00000272347.1	AC116351.2	grey	0.0766070984917043
ENSG00000276517.1	AL133243.3	grey	0.0756983893673286
ENSG00000267265.5	AC011476.3	grey	0.0746167321351712
ENSG00000224032.7	EPB41L4A-AS1	grey	0.0735825576292362
ENSG00000254337.2	AC083967.1	grey	0.0732341779148621
ENSG00000177738.4	AC025171.1	grey	0.0722366636629786
ENSG00000234177.5	LINC01114	grey	0.0722241345731299
ENSG00000250378.4	AC114296.1	grey	0.0719692629861027
ENSG00000258913.2	LINC02691	grey	0.0716345304095282
ENSG00000272567.1	AC109347.2	grey	0.0712842978826349
ENSG00000197813.6	AC011450.1	grey	0.0709807694985817
ENSG00000181798.3	LINC00471	grey	0.0707476295021556
ENSG00000285018.1	AC245140.3	grey	0.070493337664989
ENSG00000258551.6	CRAT37	grey	0.0702255989559481
ENSG00000274943.1	AC079684.1	grey	0.069724264300422
ENSG00000261560.1	AC007216.3	grey	0.0687417399745323
ENSG00000233393.1	AP000688.2	grey	0.0668171048364122
ENSG00000269397.1	AC011503.2	grey	0.0657327553492109
ENSG00000267696.6	ERVK-28	grey	0.0645023840782835
ENSG00000237512.6	UNC5B-AS1	grey	0.0636009185263789
ENSG00000287099.1	AL121750.1	grey	0.0635926058436898
ENSG00000254847.1	AC009806.1	grey	0.0635355224769276
ENSG00000267852.1	AC119396.2	grey	0.0634842848407414
ENSG00000259711.1	AC106738.1	grey	0.0630403773054869
ENSG00000231563.2	AL139288.1	grey	0.0624900279924802
ENSG00000287252.1	AL009179.1	grey	0.0620463976026761
ENSG00000232411.1	AC009495.2	grey	0.0615919129712043
ENSG00000263370.1	AC104564.1	grey	0.0608042857670823
ENSG00000204758.8	AC008429.1	grey	0.0604723256167795
ENSG00000231609.7	AC007098.1	grey	0.0603457734684447
ENSG00000272279.1	AL512329.2	grey	0.0600669583321567
ENSG00000250790.4	AC127070.2	grey	0.0599306263672598
ENSG00000224063.6	AC007319.1	grey	0.059783895217467
ENSG00000261189.1	AL031058.1	grey	0.0595970109385074
ENSG00000225521.1	SNED1-AS1	grey	0.0595657675644918
ENSG00000269971.1	AL020997.2	grey	0.0595448832976446
ENSG00000230424.1	EMC1-AS1	grey	0.0591721836719529
ENSG00000261141.1	AC092718.5	grey	0.0587046864221277
ENSG00000227070.1	EPS15-AS1	grey	0.0586601324285438
ENSG00000281383.1	FP671120.7	grey	0.0585409814007179
ENSG00000274528.1	AC090970.2	grey	0.0581398552375073
ENSG00000239335.4	LLPH-DT	grey	0.0579144876665168
ENSG00000205611.5	LINC01597	grey	0.0572374948467077
ENSG00000275202.1	AL161421.1	grey	0.0571382254179838
ENSG00000272070.1	AC005618.1	grey	0.0570832590680452
ENSG00000215068.8	AC025171.2	grey	0.0565151753248827
ENSG00000272841.1	MAP3K4-AS1	grey	0.0557815732413265
ENSG00000286451.1	AL499602.1	grey	0.0556575135482058
ENSG00000259994.1	AL353796.1	grey	0.0552766326590458
ENSG00000230234.1	AL162582.1	grey	0.0550311898151036
ENSG00000225434.3	LINC01504	grey	0.0550234106062703
ENSG00000228686.2	AL590723.1	grey	0.0548245531889314
ENSG00000234076.1	TPRG1-AS1	grey	0.0546861992553495
ENSG00000256084.1	AC092112.1	grey	0.0546175763586773
ENSG00000241764.4	AC002467.1	grey	0.053992462941512
ENSG00000253921.1	AC091982.1	grey	0.0526974937717735
ENSG00000260711.2	AL121839.2	grey	0.0526881170229363
ENSG00000267530.3	LINC01836	grey	0.0523211411084638
ENSG00000234636.2	MED14OS	grey	0.0513122563536918
ENSG00000273066.5	AL355987.4	grey	0.0501700614828812
ENSG00000281333.2	AC024941.2	grey	0.0496089786655877
ENSG00000276170.4	AC244153.1	grey	0.0491568133683319
ENSG00000273687.1	AC004223.4	grey	0.0487710972308773
ENSG00000266969.1	AP002449.1	grey	0.0487260608590021
ENSG00000270061.1	AC068790.5	grey	0.0485804290142531
ENSG00000250132.6	AC004803.1	grey	0.0483529958054399
ENSG00000269656.1	NOP53-AS1	grey	0.0480187454145155
ENSG00000286619.1	AC119673.2	grey	0.0470943675229628
ENSG00000249049.1	AC074124.1	grey	0.0458935241156979
ENSG00000234494.7	SP2-AS1	grey	0.0452404943325402
ENSG00000260420.3	LINC02182	grey	0.0451515962457143
ENSG00000272788.1	AP000864.1	grey	0.0450055024070295
ENSG00000273107.1	AL512598.1	grey	0.0442908542373295
ENSG00000283554.1	LINC02341	grey	0.0433785736042581
ENSG00000254099.1	AC005740.3	grey	0.0431095805509676
ENSG00000285863.1	AC009554.2	grey	0.0428751390359012
ENSG00000251023.1	AC114980.1	grey	0.0426117453516891
ENSG00000276934.1	AC009704.2	grey	0.0425586472306023
ENSG00000270460.1	AC106900.1	grey	0.041591186211183
ENSG00000224417.2	AL606970.1	grey	0.0415363532202101
ENSG00000244586.1	WNT5A-AS1	grey	0.0399585623566482
ENSG00000248965.1	AC011389.1	grey	0.0396568961746725
ENSG00000228701.2	TNKS2-AS1	grey	0.0393912763917485
ENSG00000228950.1	AC023137.1	grey	0.0388147046015366
ENSG00000227959.1	AL451042.2	grey	0.0382271950877348
ENSG00000255062.1	AP001318.2	grey	0.036036424089033
ENSG00000254246.1	AC011377.1	grey	0.0353274790106166
ENSG00000229337.2	AC079305.2	grey	0.0352708859918679
ENSG00000276742.1	AL731566.3	grey	0.0351253703414207
ENSG00000228139.1	LINC01402	grey	0.0344568335038439
ENSG00000276174.1	AC087683.2	grey	0.0340187321940212
ENSG00000183250.12	LINC01547	grey	0.0339495747134904
ENSG00000243836.5	WDR86-AS1	grey	0.033718710199822
ENSG00000263731.1	AC145207.5	grey	0.0330564871779083
ENSG00000250986.1	LINC02600	grey	0.0329062988344546
ENSG00000225218.1	AP001628.1	grey	0.0326911006222495
ENSG00000223571.6	DHRSX-IT1	grey	0.032309211543282
ENSG00000250091.3	DNAH10OS	grey	0.0322119589194176
ENSG00000236153.1	AC104076.1	grey	0.0321936542928677
ENSG00000281831.1	HCP5B	grey	0.0321745838062675
ENSG00000272911.1	AC005696.3	grey	0.0314276428203735
ENSG00000283360.1	AL592295.3	grey	0.0313375083313651
ENSG00000251151.2	HOXC-AS3	grey	0.0302521477476348
ENSG00000260086.3	AC007611.1	grey	0.0300520932982076
ENSG00000277566.1	AC089999.2	grey	0.0290049732784334
ENSG00000256576.2	LINC02361	grey	0.0277379279785265
ENSG00000240211.1	PPP1R35-AS1	grey	0.0273374441909713
ENSG00000285668.1	AC126544.2	grey	0.0262148512229872
ENSG00000287692.1	AC053545.1	grey	0.0259820859253245
ENSG00000225778.5	PROSER2-AS1	grey	0.0254736576843029
ENSG00000235609.7	AF127577.4	grey	0.0250223929908446
ENSG00000259590.1	LINC02244	grey	0.0234922495746483
ENSG00000182057.5	OGFRP1	grey	0.0234593909123547
ENSG00000215808.4	LINC01139	grey	0.0231881784724848
ENSG00000232969.1	AP001062.2	grey	0.0226261372589245
ENSG00000270988.1	AC019257.2	grey	0.0222689394302347
ENSG00000260633.1	AC010207.1	grey	0.0222154624654111
ENSG00000232415.1	ELN-AS1	grey	0.0220440431981413
ENSG00000272977.1	AL008721.2	grey	0.0210936097202681
ENSG00000269836.1	AC020913.3	grey	0.0192860377235175
ENSG00000276564.1	AC130650.2	grey	0.0190303257558753
ENSG00000205181.7	LINC00654	grey	0.0185903278616737
ENSG00000266258.1	LINC01909	grey	0.018367570134295
ENSG00000263843.1	AC022211.2	grey	0.0183289892237669
ENSG00000273893.1	AL133520.1	grey	0.0182762046037764
ENSG00000269893.8	SNHG8	grey	0.017939178889612
ENSG00000259760.1	AC015660.2	grey	0.0179165342950301
ENSG00000226383.7	LINC01876	grey	0.0178951907736679
ENSG00000278709.2	NKILA	grey	0.0165939324644236
ENSG00000271334.6	LINC02104	grey	0.016537857217488
ENSG00000228013.1	IL6R-AS1	grey	0.0161636148820248
ENSG00000248663.6	LINC00992	grey	0.0161448551966151
ENSG00000256312.1	AC138466.1	grey	0.014322229133154
ENSG00000224152.1	AC009506.1	grey	0.0140443918033039
ENSG00000251330.3	AC114939.1	grey	0.0130473946974932
ENSG00000261783.1	AC009054.2	grey	0.0129770243696613
ENSG00000271717.1	AC022146.2	grey	0.0124080581359475
ENSG00000281849.3	AL732314.10	grey	0.0116415553922751
ENSG00000260954.1	AL133297.1	grey	0.0115717863497466
ENSG00000251381.8	LINC00958	grey	0.0112955677089079
ENSG00000276292.1	AC131159.1	grey	0.0108639196219266
ENSG00000254560.6	BBOX1-AS1	grey	0.010269479194593
ENSG00000254109.6	RBPMS-AS1	grey	0.0102013271256796
ENSG00000254615.3	AC027031.2	grey	0.00999614185915678
ENSG00000257337.7	AC068888.1	grey	0.00912414903466577
ENSG00000273196.1	AC062037.2	grey	0.00868716627935337
ENSG00000271133.5	AC004130.2	grey	0.00857253273129403
ENSG00000271815.1	AC008897.3	grey	0.00764564047652668
ENSG00000247121.7	AC009126.1	grey	0.00740820909076733
ENSG00000175061.18	SNHG29	grey	0.00620622439626425
ENSG00000260855.1	AL591848.3	grey	0.00619990093763104
ENSG00000250659.2	AP001363.1	grey	0.00612891839971097
ENSG00000285331.2	AC090517.5	grey	0.00550791277028881
ENSG00000274315.1	AC009318.3	grey	0.00520535436673871
ENSG00000236358.1	AL355472.2	grey	0.00500562590696271
ENSG00000177640.16	CASC2	grey	0.00480833337560384
ENSG00000287811.1	AL391840.3	grey	0.00425661495057338
ENSG00000223356.1	AL590666.1	grey	0.00383982788358582
ENSG00000248559.1	AC109454.2	grey	0.00351645731178083
ENSG00000223946.1	AL513008.1	grey	0.00315918726027262
ENSG00000275426.1	AC253576.2	grey	0.00209232016225835
ENSG00000228323.2	MYADM-AS1	grey	0.00100013043351427
ENSG00000253878.5	AC087752.3	grey	0.000708219615450764
ENSG00000284726.1	AL109936.9	grey	-0.000150974490943479
ENSG00000271743.1	AF287957.1	grey	-0.000393672385697536
ENSG00000268119.6	AC010615.2	grey	-0.00145046300984884
ENSG00000229832.1	AL360091.1	grey	-0.00162623774841436
ENSG00000272910.1	AC090425.3	grey	-0.00179871356971094
ENSG00000223985.2	LINC01874	grey	-0.00326928253323202
ENSG00000269560.1	AC010422.4	grey	-0.00399478498343092
ENSG00000275178.1	AC018529.1	grey	-0.00498006884794597
ENSG00000257740.1	AC073896.3	grey	-0.00607706186973816
ENSG00000235782.1	AL031429.1	grey	-0.00975192563173377
ENSG00000177788.6	AL162595.1	grey	-0.0106194114396299
ENSG00000245146.7	MALINC1	grey	-0.0109685695290385
ENSG00000250742.4	LINC02381	grey	-0.0125116691537597
ENSG00000286443.1	AC091178.2	grey	-0.012942650273384
ENSG00000261824.7	LINC00662	grey	-0.0131415782204972
ENSG00000272885.1	AC092574.1	grey	-0.0132758923244506
ENSG00000267040.6	AC027097.1	grey	-0.0134895499968808
ENSG00000283175.1	AC007920.2	grey	-0.0137161183389335
ENSG00000224739.2	AC016735.1	grey	-0.0147755735803788
ENSG00000272168.8	CASC15	grey	-0.0147802175177393
ENSG00000274251.1	AP003419.2	grey	-0.0161182555474457
ENSG00000259345.7	AC013652.1	grey	-0.0161877162146762
ENSG00000270000.1	AC005479.2	grey	-0.0162125074665725
ENSG00000234840.2	LINC01239	grey	-0.0162279149257441
ENSG00000238198.2	LRIG2-DT	grey	-0.0162673922909913
ENSG00000286431.1	BX842570.1	grey	-0.016356989083697
ENSG00000255045.1	AP000866.5	grey	-0.0164793245697279
ENSG00000242086.8	MUC20-OT1	grey	-0.0166119252232483
ENSG00000272335.1	AC093297.2	grey	-0.0179415277131591
ENSG00000244198.7	ARHGEF35-AS1	grey	-0.0181769389064296
ENSG00000286923.1	AC004522.5	grey	-0.0185037975243219
ENSG00000260281.6	ITFG1-AS1	grey	-0.01869041939489
ENSG00000225706.2	PTPRD-AS1	grey	-0.0192132038177846
ENSG00000228886.1	AL138963.1	grey	-0.0194298488481636
ENSG00000254207.1	AC100797.1	grey	-0.0216206806701189
ENSG00000226334.1	AL359182.1	grey	-0.0218268067798323
ENSG00000274918.1	AC116447.1	grey	-0.0221370796349139
ENSG00000280374.1	AC019080.5	grey	-0.0224483882859064
ENSG00000278075.1	AC114341.1	grey	-0.0226634143226395
ENSG00000185168.5	LINC00482	grey	-0.0226871120532158
ENSG00000259712.1	AC023906.5	grey	-0.0229655340775145
ENSG00000272255.1	AC113361.1	grey	-0.0232069199518672
ENSG00000265010.1	AC087301.1	grey	-0.0232571581798504
ENSG00000249453.1	AC092834.1	grey	-0.0240323494107063
ENSG00000280620.1	SCAANT1	grey	-0.0248891723617931
ENSG00000236088.10	COX10-AS1	grey	-0.0249638220791184
ENSG00000272622.2	AC010735.2	grey	-0.025306828735094
ENSG00000270031.1	AL020997.3	grey	-0.0276692412999286
ENSG00000267394.1	AC004596.1	grey	-0.0277374933860015
ENSG00000226012.1	AP001434.1	grey	-0.0278401309411405
ENSG00000265943.1	AC090912.1	grey	-0.0297732380760578
ENSG00000288526.1	AL157834.4	grey	-0.0317009965566693
ENSG00000275854.1	AC084824.4	grey	-0.0318620491403685
ENSG00000245025.3	AC107959.1	grey	-0.0323271795939849
ENSG00000225265.2	TAF1A-AS1	grey	-0.0323858626050207
ENSG00000228216.1	AL355607.1	grey	-0.0325271497581046
ENSG00000260578.1	AC110597.1	grey	-0.0330059309804297
ENSG00000204620.3	AC115618.1	grey	-0.0335191066243438
ENSG00000234160.1	AL513165.1	grey	-0.0336114317230358
ENSG00000244124.1	ATP1B3-AS1	grey	-0.0347172251497257
ENSG00000270659.1	AC079610.1	grey	-0.0348126680051966
ENSG00000256452.1	AP003170.3	grey	-0.0348474447374041
ENSG00000235621.9	LINC00494	grey	-0.0350493697049076
ENSG00000245060.8	LINC00847	grey	-0.0352352786490519
ENSG00000287855.1	AL023882.1	grey	-0.0353491541297186
ENSG00000175772.11	LINC01106	grey	-0.0357306864340942
ENSG00000278765.1	AC004477.2	grey	-0.0363544558275469
ENSG00000227200.1	AL162724.1	grey	-0.0363585473051295
ENSG00000263727.1	AP001178.1	grey	-0.0366599762561845
ENSG00000269102.1	AC010320.3	grey	-0.0368551260763208
ENSG00000287406.1	AC098656.1	grey	-0.0369574297622855
ENSG00000272995.1	AC097505.1	grey	-0.0384640649063254
ENSG00000276317.1	AL357033.3	grey	-0.0387861002167395
ENSG00000260487.1	AC116348.1	grey	-0.0392105341005317
ENSG00000254604.1	AP002336.2	grey	-0.0392378843645536
ENSG00000224621.1	AL451042.1	grey	-0.0406919027571225
ENSG00000260671.2	AC010536.2	grey	-0.0411486270949766
ENSG00000259426.6	AC027237.3	grey	-0.0416500433529491
ENSG00000287261.1	AL139243.1	grey	-0.0430480533738627
ENSG00000253671.3	AC027117.1	grey	-0.0431224321755788
ENSG00000266680.1	AL135905.1	grey	-0.0433270814811966
ENSG00000236434.2	AL162430.2	grey	-0.0433764590679092
ENSG00000267282.1	AC011481.2	grey	-0.0440359187814636
ENSG00000267249.1	AP005482.2	grey	-0.044635668619272
ENSG00000276863.1	AC124319.2	grey	-0.0449417811550054
ENSG00000203362.2	POLH-AS1	grey	-0.0453039418308948
ENSG00000250882.1	AC010261.1	grey	-0.0455921698142333
ENSG00000255310.2	AF131215.5	grey	-0.0458652329120377
ENSG00000281207.1	SLFNL1-AS1	grey	-0.0462618785142288
ENSG00000278601.1	AL158163.2	grey	-0.0466472475765225
ENSG00000232677.9	LINC00665	grey	-0.0469878614442839
ENSG00000235899.2	LINC01564	grey	-0.0475290287629414
ENSG00000245937.8	LINC01184	grey	-0.0476822442028545
ENSG00000231073.1	AL590133.1	grey	-0.0487650635966731
ENSG00000226824.7	AC006001.2	grey	-0.049342939238319
ENSG00000229557.1	LINC00379	grey	-0.0493927729178227
ENSG00000203711.14	C6orf99	grey	-0.0507193439914875
ENSG00000254911.3	SCARNA9	grey	-0.0507408587186412
ENSG00000266983.1	AC011444.1	grey	-0.0512364582185634
ENSG00000228506.2	AL513550.1	grey	-0.0514286015424092
ENSG00000270130.1	AC068790.7	grey	-0.0519744845464049
ENSG00000286401.1	AC069547.2	grey	-0.0528582623691542
ENSG00000260101.1	AC008074.2	grey	-0.0531952157853822
ENSG00000281501.1	SEPSECS-AS1	grey	-0.0535949533056609
ENSG00000189223.15	PAX8-AS1	grey	-0.0544554240263147
ENSG00000244479.7	OR2A1-AS1	grey	-0.0547333759168908
ENSG00000233785.1	AC131011.1	grey	-0.0557078356710737
ENSG00000280303.2	ERICD	grey	-0.0562238008144946
ENSG00000287168.1	AL512625.3	grey	-0.0587377386030375
ENSG00000241684.6	ADAMTS9-AS2	grey	-0.0591791704511716
ENSG00000255670.1	AC007619.1	grey	-0.0601518557724365
ENSG00000273680.1	AC009318.2	grey	-0.0604436779421635
ENSG00000276573.1	AL442067.1	grey	-0.0608187184568826
ENSG00000204792.2	LINC01291	grey	-0.0609578284179061
ENSG00000204625.10	HCG9	grey	-0.0610259897735658
ENSG00000228763.1	LIMS1-AS1	grey	-0.0612387891949462
ENSG00000204387.14	SNHG32	grey	-0.0618016024993066
ENSG00000213742.7	ZNF337-AS1	grey	-0.0619395341440019
ENSG00000273454.1	AC112503.2	grey	-0.062162516413814
ENSG00000286912.1	AC006008.1	grey	-0.062865064248886
ENSG00000225140.1	AL358216.1	grey	-0.0641296900246207
ENSG00000198468.9	FLVCR1-DT	grey	-0.0643789908265159
ENSG00000270720.1	AC104785.1	grey	-0.0649297230343874
ENSG00000257829.1	AC121757.1	grey	-0.0650011976071587
ENSG00000261592.1	AC010531.3	grey	-0.0651295637695714
ENSG00000247934.4	AC022364.1	grey	-0.0657186932667536
ENSG00000271751.1	AP003392.4	grey	-0.0665191562195541
ENSG00000225234.1	TRAPPC12-AS1	grey	-0.0671024319674409
ENSG00000247498.10	GPRC5D-AS1	grey	-0.0672150554369729
ENSG00000225439.3	BOLA3-AS1	grey	-0.0675590435020052
ENSG00000249572.1	AC034231.1	grey	-0.0675927588180437
ENSG00000259424.1	IRAIN	grey	-0.0682528961119583
ENSG00000260536.1	AL035071.2	grey	-0.0688863784713922
ENSG00000260265.1	LINC02562	grey	-0.0692865869041113
ENSG00000227121.2	LINC02672	grey	-0.0697051221610002
ENSG00000227161.1	AC092755.1	grey	-0.0697503571751605
ENSG00000248774.1	AC097534.1	grey	-0.0716640344750745
ENSG00000234807.7	LINC01135	grey	-0.071695805522074
ENSG00000250413.1	SLC2A9-AS1	grey	-0.0722373365682252
ENSG00000228251.1	AC012442.1	grey	-0.0725266600081517
ENSG00000260182.1	AC120498.2	grey	-0.0725943275015058
ENSG00000270462.1	AC005034.2	grey	-0.0727534235264905
ENSG00000259005.1	AC005479.1	grey	-0.0738935243892233
ENSG00000251292.1	ERVH-1	grey	-0.0744674928740338
ENSG00000231521.1	AL162385.2	grey	-0.0759101819527829
ENSG00000272858.1	Z93930.3	grey	-0.076001486148063
ENSG00000275894.1	AL021578.1	grey	-0.0764832271590351
ENSG00000276931.1	AC009041.3	grey	-0.0767674255035294
ENSG00000277310.1	AC090246.1	grey	-0.077482780509234
ENSG00000249849.1	AC138819.1	grey	-0.0790453449267653
ENSG00000251141.6	MRPS30-DT	grey	-0.0796943408339323
ENSG00000259959.1	AC107068.1	grey	-0.0804532638768561
ENSG00000260403.1	AC120498.3	grey	-0.080901737980877
ENSG00000273033.2	LINC02035	grey	-0.0810712472139374
ENSG00000249673.7	NOP14-AS1	grey	-0.081544470898627
ENSG00000285813.1	AP000813.1	grey	-0.0817353409846621
ENSG00000223764.2	LINC02593	grey	-0.0827076697807929
ENSG00000272158.1	AL139022.2	grey	-0.08351500150733
ENSG00000270095.1	AC068790.6	grey	-0.0846264755378446
ENSG00000268081.1	AC123912.1	grey	-0.0864467589877946
ENSG00000218537.1	MIF-AS1	grey	-0.0865265400151402
ENSG00000260464.1	AL049796.1	grey	-0.087180338909299
ENSG00000269997.1	AC068790.3	grey	-0.0872694720665985
ENSG00000269994.3	AL513318.1	grey	-0.0883852362199654
ENSG00000261332.1	AC116348.2	grey	-0.0892818703103363
ENSG00000258634.3	AL160006.1	grey	-0.0902223626313357
ENSG00000225365.1	AC078942.1	grey	-0.0910243731910384
ENSG00000277806.1	AC006213.4	grey	-0.0921886328539923
ENSG00000278344.1	AC063943.1	grey	-0.0926325062731646
ENSG00000271199.1	AL353804.2	grey	-0.0933418120954584
ENSG00000253404.1	AC034243.1	grey	-0.093553628115166
ENSG00000285103.2	AL451123.1	grey	-0.0938753118577388
ENSG00000261216.1	AC007216.2	grey	-0.0950062527245367
ENSG00000260042.1	AC025810.1	grey	-0.0972301425676031
ENSG00000242375.1	AL590705.3	grey	-0.0996408298208558
ENSG00000234459.1	AC002064.2	grey	-0.100128859198658
ENSG00000273113.1	AC133528.1	grey	-0.100343920354415
ENSG00000287985.1	AC073270.2	grey	-0.10046822984551
ENSG00000212719.13	LINC02693	grey	-0.101396566690179
ENSG00000270048.1	AC068790.4	grey	-0.101481321139777
ENSG00000266850.1	AC090912.2	grey	-0.102604996963865
ENSG00000274765.1	AC018926.1	grey	-0.104119432026522
ENSG00000242516.2	LINC00960	grey	-0.106837006213676
ENSG00000236266.1	Z98884.1	grey	-0.10698990517025
ENSG00000269235.2	ZNF350-AS1	grey	-0.108077106333689
ENSG00000237281.1	CATIP-AS2	grey	-0.109298201954454
ENSG00000274031.1	AC092140.2	grey	-0.109559431511421
ENSG00000276449.1	AC004076.2	grey	-0.110052596666614
ENSG00000259456.4	ADNP-AS1	grey	-0.111363694593415
ENSG00000228952.1	LINC02041	grey	-0.112395819312567
ENSG00000258658.1	AL139021.2	grey	-0.112529257443114
ENSG00000284669.1	AC092053.3	grey	-0.112836113081004
ENSG00000255021.1	AC093496.1	grey	-0.112837646196069
ENSG00000224239.1	AC090044.1	grey	-0.113110944185951
ENSG00000269019.2	HOMER3-AS1	grey	-0.113719372959816
ENSG00000259209.3	AC004943.1	grey	-0.115040416924153
ENSG00000267575.7	AC006504.5	grey	-0.115565625518593
ENSG00000258623.1	AL121820.1	grey	-0.115605959414148
ENSG00000259642.2	ST20-AS1	grey	-0.115619427129392
ENSG00000259244.1	AC048382.2	grey	-0.11611936616468
ENSG00000232803.1	SLCO4A1-AS1	grey	-0.116211237391041
ENSG00000288559.1	AC016394.2	grey	-0.117182861396334
ENSG00000223768.2	LINC00205	grey	-0.117479200847381
ENSG00000268204.1	AC008763.1	grey	-0.117844271645028
ENSG00000275764.1	AC092747.4	grey	-0.120245457190896
ENSG00000224424.8	PRKAR2A-AS1	grey	-0.120299937388649
ENSG00000213963.6	AC019080.1	grey	-0.120448510863256
ENSG00000251139.2	AC084871.1	grey	-0.120464616802243
ENSG00000260455.2	NBAT1	grey	-0.120678797775703
ENSG00000263393.1	AC011825.2	grey	-0.120927839694112
ENSG00000254731.1	AP003059.1	grey	-0.121308337996213
ENSG00000261488.1	TBILA	grey	-0.12337098600303
ENSG00000225613.2	LINCMD1	grey	-0.123753655847034
ENSG00000260948.1	AL390195.2	grey	-0.123999953903969
ENSG00000272370.1	AC092354.2	grey	-0.124375892999697
ENSG00000225484.7	NUTM2B-AS1	grey	-0.126427711573724
ENSG00000282221.1	AC119427.1	grey	-0.126433818260761
ENSG00000275710.1	AC007485.1	grey	-0.12673601669401
ENSG00000262445.3	AC099684.2	grey	-0.127081269510558
ENSG00000266538.1	AC005838.2	grey	-0.128115379332274
ENSG00000231868.1	AL031848.1	grey	-0.128128115576308
ENSG00000258450.1	AL139099.2	grey	-0.128263289710002
ENSG00000274001.1	AL512506.1	grey	-0.129946678126054
ENSG00000267475.1	AC008736.1	grey	-0.131197013380574
ENSG00000261799.1	AC007406.4	grey	-0.131803299589639
ENSG00000223482.8	NUTM2A-AS1	grey	-0.133842515886723
ENSG00000286753.1	AC091978.1	grey	-0.13395818819219
ENSG00000260932.1	AC009119.2	grey	-0.134650235178807
ENSG00000228436.3	AL139260.1	grey	-0.135625217083159
ENSG00000263105.1	AC009171.2	grey	-0.136102033080133
ENSG00000247796.3	AC008966.1	grey	-0.136392619040257
ENSG00000260488.1	AC007216.1	grey	-0.13679781271823
ENSG00000246560.2	UBE2D3-AS1	grey	-0.137941855319092
ENSG00000250893.1	AC098869.2	grey	-0.139550138814442
ENSG00000184441.4	AP001062.1	grey	-0.139666120068485
ENSG00000260037.5	AC104938.1	grey	-0.139829805736421
ENSG00000273493.1	AC098479.1	grey	-0.14037816650058
ENSG00000260273.1	AL359711.2	grey	-0.14051785245099
ENSG00000273311.1	DGCR11	grey	-0.140989677279302
ENSG00000270362.1	HMGN3-AS1	grey	-0.143207809871727
ENSG00000251666.1	ZNF346-IT1	grey	-0.144147397517265
ENSG00000231312.7	MAP4K3-DT	grey	-0.144235347549845
ENSG00000272631.1	AC067750.1	grey	-0.145081899076992
ENSG00000231530.1	AL157932.1	grey	-0.145106047292109
ENSG00000263050.1	AC090617.5	grey	-0.145863839176609
ENSG00000229155.1	LINC02038	grey	-0.146120957708445
ENSG00000250073.3	AP000866.2	grey	-0.146532650491646
ENSG00000225527.1	AL450384.1	grey	-0.146907933648461
ENSG00000235151.1	AC131097.3	grey	-0.147243577776091
ENSG00000227017.1	AC007036.1	grey	-0.147813532340788
ENSG00000271828.1	AC008937.3	grey	-0.15048202607192
ENSG00000231221.1	LINC01593	grey	-0.151739968121145
ENSG00000251615.3	AC104825.1	grey	-0.152387407181779
ENSG00000273369.1	AC096586.2	grey	-0.152394148978465
ENSG00000260022.1	AL031716.1	grey	-0.152567619245589
ENSG00000259104.2	PTCSC3	grey	-0.152702694904467
ENSG00000248890.2	HHIP-AS1	grey	-0.153477844189999
ENSG00000272142.4	LYRM4-AS1	grey	-0.154115023788116
ENSG00000269843.1	AC008537.2	grey	-0.155340281471536
ENSG00000257241.1	AC078922.1	grey	-0.1570135242849
ENSG00000278492.1	AC006213.5	grey	-0.157856574381627
ENSG00000263916.1	AC100778.2	grey	-0.158079878739999
ENSG00000238186.1	AL603839.2	grey	-0.159172337700307
ENSG00000261238.1	AC009166.1	grey	-0.159512051368021
ENSG00000254966.1	AC103974.1	grey	-0.161918820093569
ENSG00000266957.1	AC012254.1	grey	-0.161930330681501
ENSG00000259910.1	AC120498.1	grey	-0.162328284102543
ENSG00000236308.1	AL138921.2	grey	-0.162852863653111
ENSG00000272861.1	AC012360.2	grey	-0.165215180268658
ENSG00000254860.6	TMEM9B-AS1	grey	-0.165439610576491
ENSG00000175147.13	TMEM51-AS1	grey	-0.167111129332701
ENSG00000230487.8	PSMG3-AS1	grey	-0.168931690003447
ENSG00000268049.1	AC012313.2	grey	-0.169409145393506
ENSG00000259575.1	AC012404.2	grey	-0.169928295998879
ENSG00000203865.11	ATP1A1-AS1	grey	-0.170281122996339
ENSG00000255650.6	FAM222A-AS1	grey	-0.170642347947764
ENSG00000232104.3	RFX3-AS1	grey	-0.170937765506665
ENSG00000260583.1	AP000223.1	grey	-0.1710178032673
ENSG00000287580.1	AC073349.4	grey	-0.172423724561908
ENSG00000272518.1	AC036214.2	grey	-0.172626609634532
ENSG00000259138.1	AL049780.2	grey	-0.173293215766866
ENSG00000276855.1	AC015922.3	grey	-0.176095766402322
ENSG00000240449.1	REPIN1-AS1	grey	-0.176877410252243
ENSG00000225328.2	LINC01594	grey	-0.177000673330976
ENSG00000269951.1	AC090181.2	grey	-0.177589226763887
ENSG00000256577.2	SLC6A12-AS1	grey	-0.179342176747752
ENSG00000228395.2	AL356481.1	grey	-0.179690905542617
ENSG00000234614.1	C2CD4D-AS1	grey	-0.180908028227539
ENSG00000273004.1	AL078644.1	grey	-0.182240385898532
ENSG00000277170.1	AC012676.3	grey	-0.182346554753837
ENSG00000272842.1	AL391834.1	grey	-0.183743565050212
ENSG00000272360.1	AC116036.2	grey	-0.185276215949183
ENSG00000235663.1	SAPCD1-AS1	grey	-0.185730335603117
ENSG00000269938.1	AC068790.2	grey	-0.188020370136164
ENSG00000276663.1	AC009090.3	grey	-0.188087179859268
ENSG00000267251.2	AC139100.1	grey	-0.188522365920118
ENSG00000204860.5	FAM201A	grey	-0.189726170662581
ENSG00000254473.1	AL354920.1	grey	-0.190238175225443
ENSG00000262061.6	AC129507.1	grey	-0.190387233132608
ENSG00000257285.6	AL132780.1	grey	-0.192088268254356
ENSG00000259342.1	AC025580.1	grey	-0.193389679290766
ENSG00000261671.1	AL158211.1	grey	-0.19539424363592
ENSG00000246731.3	MGC16275	grey	-0.196696093292834
ENSG00000224914.4	LINC00863	grey	-0.198992309244666
ENSG00000255671.1	AC007406.1	grey	-0.203769560768596
ENSG00000266521.1	AC021549.1	grey	-0.20378098930733
ENSG00000231993.1	EP300-AS1	grey	-0.205423281349611
ENSG00000259088.1	AL137779.2	grey	-0.205840217512402
ENSG00000227359.1	AC017074.1	grey	-0.207569985759108
ENSG00000271916.1	AC012467.1	grey	-0.210554266149657
ENSG00000266783.1	AP005136.3	grey	-0.210991732622799
ENSG00000236842.1	AC010997.2	grey	-0.211267105668324
ENSG00000235159.1	AL121672.2	grey	-0.211670260076713
ENSG00000278396.1	AL122023.1	grey	-0.21252541938538
ENSG00000267270.6	PARD6G-AS1	grey	-0.213203178797522
ENSG00000263235.1	AC006111.2	grey	-0.213722826396307
ENSG00000267219.1	AC010504.1	grey	-0.214749219944357
ENSG00000265542.5	AC015845.2	grey	-0.22418489340971
ENSG00000267683.1	AC008991.1	grey	-0.225382218141872
ENSG00000231806.3	PCAT7	grey	-0.226655419820019
ENSG00000225298.5	LINC00113	grey	-0.230102375857566
ENSG00000284928.1	AL445205.1	grey	-0.231940584766854
ENSG00000232310.8	AL078590.2	grey	-0.233772796946906
ENSG00000276853.1	AC026124.2	grey	-0.23510657816857
ENSG00000261423.1	TMEM202-AS1	grey	-0.235675974233875
ENSG00000268047.1	AC018766.1	grey	-0.237211065768451
ENSG00000253307.1	AC011676.1	grey	-0.237393768742832
ENSG00000286449.1	AC016590.4	grey	-0.238520077175283
ENSG00000237899.1	AL031289.1	grey	-0.240200019553127
ENSG00000272447.1	AL135925.1	grey	-0.240230137921235
ENSG00000226291.1	AC091729.2	grey	-0.240805955401936
ENSG00000221817.10	PPP3CB-AS1	grey	-0.246601566636187
ENSG00000276412.2	AL591926.2	grey	-0.258731274178302
ENSG00000229807.12	XIST	grey	-0.261677192807091
ENSG00000287232.1	AC079848.2	grey	-0.26207525298444
ENSG00000227403.2	LINC01806	grey	-0.268014918917587
ENSG00000230555.2	AL450326.1	grey	-0.268338985187499
ENSG00000243081.2	AC092894.1	grey	-0.269639209766652
ENSG00000272079.2	AC004233.2	grey	-0.271046010180312
ENSG00000267729.1	AC010761.6	grey	-0.274610725441769
ENSG00000249304.1	AC104779.1	grey	-0.275041516320879
ENSG00000243701.7	DUBR	grey	-0.275756794311784
ENSG00000233509.2	ZNF197-AS1	grey	-0.275925054515824
ENSG00000271851.1	AC087501.4	grey	-0.278601888583495
ENSG00000255692.1	AC002563.1	grey	-0.279133226126783
ENSG00000267106.8	ZNF561-AS1	grey	-0.279273881301322
ENSG00000228906.1	AL353804.1	grey	-0.279670932165774
ENSG00000237529.2	AL137847.2	grey	-0.282838614909271
ENSG00000259863.1	SH3RF3-AS1	grey	-0.285535060249325
ENSG00000234286.1	AC006026.3	grey	-0.28818836609883
ENSG00000271787.1	AC104794.5	grey	-0.289074990341527
ENSG00000231074.9	HCG18	grey	-0.289172970473192
ENSG00000269696.2	AC005498.3	grey	-0.2893908303353
ENSG00000235437.8	LINC01278	grey	-0.292879649616451
ENSG00000250903.9	GMDS-DT	grey	-0.29495069638735
ENSG00000170161.7	AL512625.1	grey	-0.296865973578666
ENSG00000271976.1	AC012467.2	grey	-0.2981053906811
ENSG00000213888.3	LINC01521	grey	-0.307613019208367
ENSG00000259291.2	ZNF710-AS1	grey	-0.316555282888878
ENSG00000285696.1	AP002433.2	grey	-0.316974328924391
ENSG00000254231.3	AC103760.1	grey	-0.3242675078886
ENSG00000261105.6	LMO7-AS1	grey	-0.330074577196131
ENSG00000271843.1	AC012557.1	grey	-0.337803015249302
ENSG00000269887.1	AL391001.1	grey	-0.339940611881711
ENSG00000272632.1	AC097504.2	grey	-0.345686013481322
ENSG00000253653.1	AC009185.1	grey	-0.355335809247587
ENSG00000238164.6	TNFRSF14-AS1	grey	-0.361319674118789
ENSG00000234456.8	MAGI2-AS3	grey	-0.367956503347483
ENSG00000166770.11	ZNF667-AS1	grey	-0.384475322765133
ENSG00000228544.1	CCDC183-AS1	grey	-0.389255530948715
ENSG00000249695.6	AC026369.1	grey	-0.392166054552508
ENSG00000248866.1	USP46-DT	grey	-0.408205237703258
ENSG00000268362.6	AC092279.1	grey	-0.442107500710083
ENSG00000267454.6	ZNF582-AS1	grey	-0.443454469949094
ENSG00000233456.1	LINC01077	lightcyan	0.767706211153225
ENSG00000233610.1	LINC00462	lightcyan	0.756888229061913
ENSG00000253888.2	AC090150.1	lightcyan	0.742201901236702
ENSG00000243144.7	AC079760.2	lightcyan	0.717018435871997
ENSG00000261175.6	LINC02188	lightcyan	0.685520671742842
ENSG00000284914.1	AL121935.2	lightcyan	0.661741675067231
ENSG00000259370.2	AC103740.1	lightcyan	0.638202013966551
ENSG00000273102.1	AP000569.1	lightcyan	0.621943628522646
ENSG00000224897.8	POT1-AS1	lightcyan	0.617635288019987
ENSG00000248373.6	AC096577.1	lightcyan	0.616095668199835
ENSG00000227634.3	LINC01714	lightcyan	0.614106279521176
ENSG00000253844.1	AC064807.2	lightcyan	0.612887342725751
ENSG00000275173.1	AC243571.1	lightcyan	0.612656836648947
ENSG00000233834.6	AC005083.1	lightcyan	0.603662219810506
ENSG00000225790.2	AC007953.1	lightcyan	0.60340978531604
ENSG00000214293.9	APTR	lightcyan	0.602938726384271
ENSG00000288018.1	AP003120.1	lightcyan	0.592876395861952
ENSG00000237949.2	LINC00844	lightcyan	0.579821529742658
ENSG00000235450.1	AC079760.1	lightcyan	0.577463454270704
ENSG00000287683.1	AL591519.1	lightcyan	0.567531362318846
ENSG00000229628.1	AC073115.1	lightcyan	0.562382419592493
ENSG00000255146.1	AP004247.2	lightcyan	0.548009987571827
ENSG00000237471.2	AC073115.2	lightcyan	0.535072257447436
ENSG00000229424.1	AC007349.1	lightcyan	0.534057321504205
ENSG00000232451.2	AC018467.1	lightcyan	0.530236030005283
ENSG00000231574.6	LINC02015	lightcyan	0.526665863456205
ENSG00000286805.1	AL138716.1	lightcyan	0.52622753491363
ENSG00000082929.8	LINC01587	lightcyan	0.513926056021729
ENSG00000234452.5	SLC16A12-AS1	lightcyan	0.507614981037552
ENSG00000287649.1	AC093418.1	lightcyan	0.500860193741107
ENSG00000234184.6	LINC01781	lightcyan	0.497740732377647
ENSG00000229255.1	AC138089.1	lightcyan	0.468741539549687
ENSG00000260850.2	AC007344.1	lightcyan	0.468306348970657
ENSG00000185904.12	LINC00839	lightcyan	0.467226008027755
ENSG00000260943.1	LINC02555	lightcyan	0.463802482415557
ENSG00000288085.1	AL356094.2	lightcyan	0.457179527152736
ENSG00000248161.5	AC098487.1	lightcyan	0.451632860567478
ENSG00000236751.2	LINC01186	lightcyan	0.449538284580466
ENSG00000272024.1	AC064807.4	lightcyan	0.448778112448885
ENSG00000226674.11	TEX41	lightcyan	0.443482472063704
ENSG00000243295.2	AC126121.3	lightcyan	0.41690133099846
ENSG00000236740.6	AL033384.1	lightcyan	0.406155119811022
ENSG00000253636.1	AC022893.1	lightcyan	0.394390070796809
ENSG00000284418.2	AL391117.1	lightcyan	0.36258256395082
ENSG00000254528.7	AP000757.1	magenta	0.852754398064892
ENSG00000224281.5	SLC25A5-AS1	magenta	0.783231663427137
ENSG00000235280.2	MCF2L-AS1	magenta	0.764074550591225
ENSG00000188185.13	LINC00265	magenta	0.755712415267801
ENSG00000204934.10	ATP6V0E2-AS1	magenta	0.751365591795034
ENSG00000274173.1	AL035661.1	magenta	0.747485879280685
ENSG00000233850.1	AC103563.7	magenta	0.740824115706066
ENSG00000261399.1	AL031710.1	magenta	0.737796761023858
ENSG00000260710.1	AC120498.4	magenta	0.725682150068453
ENSG00000233101.10	HOXB-AS3	magenta	0.714970701552228
ENSG00000267014.6	LINC01532	magenta	0.709174990531727
ENSG00000232352.1	SEMA3B-AS1	magenta	0.707137243601528
ENSG00000287627.1	AL359704.2	magenta	0.704501818950764
ENSG00000287906.1	AC127526.5	magenta	0.688654981641475
ENSG00000236540.7	AC006547.1	magenta	0.688210998704692
ENSG00000259153.2	AC004816.1	magenta	0.677093556690809
ENSG00000257696.1	AC010203.2	magenta	0.673785641230541
ENSG00000258949.1	AL049870.3	magenta	0.672822254509749
ENSG00000245975.2	AC090515.2	magenta	0.670497541724242
ENSG00000286212.2	AC097654.1	magenta	0.668135175949669
ENSG00000230454.1	U73166.1	magenta	0.667450082565756
ENSG00000258056.2	AC009779.2	magenta	0.666895863779583
ENSG00000287766.1	AC006130.3	magenta	0.659786993891425
ENSG00000259953.2	AL138756.1	magenta	0.650369014700645
ENSG00000259673.6	IQCH-AS1	magenta	0.647799436347935
ENSG00000226496.3	LINC00323	magenta	0.64715394456945
ENSG00000287104.1	AC097382.3	magenta	0.644384567268162
ENSG00000234771.3	SLC25A25-AS1	magenta	0.638931098198504
ENSG00000266903.2	AC243964.3	magenta	0.635209976572485
ENSG00000277232.2	GTSE1-DT	magenta	0.630126270452063
ENSG00000270194.1	AC097359.2	magenta	0.629125805017471
ENSG00000277534.1	AC007996.1	magenta	0.626399502973445
ENSG00000272695.2	GAS6-DT	magenta	0.620564597832351
ENSG00000262097.2	LINC02185	magenta	0.617792704204152
ENSG00000272502.1	AC104958.2	magenta	0.61187004456112
ENSG00000245857.3	GS1-24F4.2	magenta	0.611178724746457
ENSG00000237149.5	ZNF503-AS2	magenta	0.606853838268849
ENSG00000206567.10	AC022007.1	magenta	0.603003564435287
ENSG00000231249.1	ITPR1-DT	magenta	0.597783728461421
ENSG00000232098.3	AC012313.1	magenta	0.592734851988403
ENSG00000245552.7	AP000787.1	magenta	0.588195955607564
ENSG00000236901.6	MIR600HG	magenta	0.586457358027902
ENSG00000273472.1	AC096733.2	magenta	0.585726990414166
ENSG00000234694.1	AL139289.1	magenta	0.585549733607967
ENSG00000227218.7	AL157935.1	magenta	0.583168341135939
ENSG00000272692.2	AC010997.4	magenta	0.579919033982376
ENSG00000272986.1	AC009570.1	magenta	0.578162307311058
ENSG00000261888.1	AC144831.1	magenta	0.574674567043663
ENSG00000259876.1	AC010333.1	magenta	0.574615495493797
ENSG00000271643.2	AC112220.2	magenta	0.563632934193324
ENSG00000260807.7	CEROX1	magenta	0.560358030555527
ENSG00000273117.1	AC144652.1	magenta	0.557115107769357
ENSG00000270069.1	MIR222HG	magenta	0.555002445724834
ENSG00000261211.1	AL031123.2	magenta	0.554406473886369
ENSG00000235823.3	OLMALINC	magenta	0.549137312045525
ENSG00000259969.1	AL049838.1	magenta	0.538513081518791
ENSG00000248254.1	AC107398.2	magenta	0.535925105244305
ENSG00000241316.8	SUCLG2-AS1	magenta	0.532592126246165
ENSG00000239377.1	ZNF775-AS1	magenta	0.528733449482607
ENSG00000255545.8	B3GAT1-DT	magenta	0.525931229794358
ENSG00000241269.1	AC093620.1	magenta	0.524614826889253
ENSG00000269906.1	AL606834.1	magenta	0.524008885136718
ENSG00000277283.1	AC004812.2	magenta	0.517038737279735
ENSG00000261173.1	AC018845.3	magenta	0.515566566723719
ENSG00000226328.7	NUP50-DT	magenta	0.515008891514505
ENSG00000226816.3	AC005082.1	magenta	0.508835927353801
ENSG00000273084.1	AC092171.5	magenta	0.508824214297471
ENSG00000240710.1	AL512306.3	magenta	0.508430885097439
ENSG00000227719.1	AC006042.1	magenta	0.504159329803077
ENSG00000268364.2	SMC5-AS1	magenta	0.503901701429309
ENSG00000261455.1	LINC01003	magenta	0.497705428477345
ENSG00000255139.2	AP000442.1	magenta	0.49194382664335
ENSG00000234684.7	SDCBP2-AS1	magenta	0.49056615282786
ENSG00000271966.1	AC021321.1	magenta	0.489591605693951
ENSG00000255362.1	LINC02761	magenta	0.487803236893046
ENSG00000256751.6	PLBD1-AS1	magenta	0.485058134597785
ENSG00000235052.1	AL021154.1	magenta	0.484626351229057
ENSG00000214184.3	GCC2-AS1	magenta	0.481300458516884
ENSG00000274818.1	AC004825.2	magenta	0.480168167463523
ENSG00000266916.7	ZNF793-AS1	magenta	0.478758226954383
ENSG00000271849.1	MAN2A1-DT	magenta	0.478624200190145
ENSG00000228839.5	PIK3IP1-DT	magenta	0.475023149131233
ENSG00000267277.1	AC024575.1	magenta	0.472971443282635
ENSG00000277999.1	AC009093.6	magenta	0.471049274827301
ENSG00000276390.1	AC004241.3	magenta	0.468638471084172
ENSG00000274370.1	AC130371.2	magenta	0.4671851706956
ENSG00000265778.3	AC018413.1	magenta	0.458047658225992
ENSG00000259826.1	AC072061.1	magenta	0.45781305896816
ENSG00000287620.1	AC092053.4	magenta	0.456960838936617
ENSG00000280832.1	GSEC	magenta	0.456251681308786
ENSG00000223685.6	LINC00571	magenta	0.455358398548963
ENSG00000204588.5	LINC01123	magenta	0.454649153187968
ENSG00000254844.4	AP000757.2	magenta	0.45435359135498
ENSG00000277938.1	AL035252.3	magenta	0.453404116629822
ENSG00000253549.6	CA3-AS1	magenta	0.453157045915218
ENSG00000261188.1	Z95115.1	magenta	0.450992436957999
ENSG00000204685.7	STARD7-AS1	magenta	0.449238219514919
ENSG00000177406.5	NINJ2-AS1	magenta	0.449111771854241
ENSG00000267309.1	AC092295.2	magenta	0.448826081191083
ENSG00000278869.1	BX539320.1	magenta	0.448594008345189
ENSG00000234432.4	AC092171.3	magenta	0.447575474128328
ENSG00000248727.6	LINC01948	magenta	0.447545441606504
ENSG00000262410.1	AC024361.1	magenta	0.443340194753731
ENSG00000263327.6	TAPT1-AS1	magenta	0.438549871171729
ENSG00000228889.7	UBAC2-AS1	magenta	0.437656878453726
ENSG00000275601.1	AC011330.2	magenta	0.429999050131863
ENSG00000286707.1	AC010896.1	magenta	0.427346446975884
ENSG00000273270.1	AC090114.2	magenta	0.41566460940874
ENSG00000272933.1	AL391121.1	magenta	0.410788083922238
ENSG00000270482.1	AC026367.1	magenta	0.402034109178737
ENSG00000277879.1	AL391988.1	magenta	0.398550321644366
ENSG00000255468.7	AP001107.9	magenta	0.391594870263839
ENSG00000288075.1	AC108519.1	magenta	0.389672392690211
ENSG00000273077.1	AC110609.1	magenta	0.38635615588674
ENSG00000268858.2	AL118506.1	magenta	0.384562892591725
ENSG00000268573.1	AC011815.1	magenta	0.384230852785837
ENSG00000261777.6	AC012184.3	magenta	0.381440262130581
ENSG00000261183.5	SPINT1-AS1	magenta	0.378753910968687
ENSG00000146521.10	LINC01558	magenta	0.3437015422524
ENSG00000273284.1	AP001033.2	magenta	0.341972408028673
ENSG00000215246.5	AC116351.1	magenta	0.335280951133445
ENSG00000229368.1	AC090587.1	magenta	0.320265939186578
ENSG00000259366.1	AC108449.2	midnightblue	0.795265475033268
ENSG00000267904.1	AC024075.1	midnightblue	0.783257103784078
ENSG00000262879.6	AC005670.3	midnightblue	0.73204402114577
ENSG00000239407.5	Z68871.1	midnightblue	0.719213262350212
ENSG00000268087.1	AC008764.2	midnightblue	0.706132594647602
ENSG00000247556.6	OIP5-AS1	midnightblue	0.698708721699243
ENSG00000253854.1	AC010834.3	midnightblue	0.684393602492972
ENSG00000269427.1	AC024075.3	midnightblue	0.661301479127865
ENSG00000214106.9	PAXIP1-AS2	midnightblue	0.661261842365134
ENSG00000256139.2	AC007637.1	midnightblue	0.660984082185474
ENSG00000261101.2	AC234775.2	midnightblue	0.659769071218639
ENSG00000250015.1	AC018752.1	midnightblue	0.658513683157975
ENSG00000267274.1	AC008770.3	midnightblue	0.652779873822178
ENSG00000260032.2	NORAD	midnightblue	0.612995976093986
ENSG00000232160.7	RAP2C-AS1	midnightblue	0.612845572168727
ENSG00000267565.1	AC011477.2	midnightblue	0.612036754836275
ENSG00000230084.6	AC006059.1	midnightblue	0.586683984796119
ENSG00000224078.15	SNHG14	midnightblue	0.56900895158556
ENSG00000267481.1	AC011477.1	midnightblue	0.566167458159629
ENSG00000260917.1	AL158212.3	midnightblue	0.563239884400802
ENSG00000268912.1	AC012313.5	midnightblue	0.562000102703696
ENSG00000236869.1	ZKSCAN7-AS1	midnightblue	0.559102380118831
ENSG00000253106.1	AC090198.1	midnightblue	0.545848417277781
ENSG00000233330.1	AL078581.2	midnightblue	0.544375926669942
ENSG00000225733.6	FGD5-AS1	midnightblue	0.509888424434334
ENSG00000269825.1	AC022150.4	midnightblue	0.504574913910832
ENSG00000226851.1	AC004112.1	midnightblue	0.503762370279258
ENSG00000265519.1	AC015922.2	midnightblue	0.498255167354883
ENSG00000267152.1	AC093227.1	midnightblue	0.494231021202086
ENSG00000229931.1	ATXN1-AS1	midnightblue	0.493888111827443
ENSG00000245112.2	SMARCA5-AS1	midnightblue	0.488729759201143
ENSG00000231365.6	WARS2-AS1	midnightblue	0.468764559368466
ENSG00000256944.1	AP003721.3	midnightblue	0.458101858929932
ENSG00000235652.9	FBXO30-DT	midnightblue	0.449854562548293
ENSG00000245571.7	FAM111A-DT	midnightblue	0.448966355649938
ENSG00000272918.1	AC005070.3	midnightblue	0.441666529212522
ENSG00000271452.1	AC005034.5	midnightblue	0.436859006171391
ENSG00000224043.8	CCNT2-AS1	midnightblue	0.427349637393503
ENSG00000269982.1	AC018809.2	midnightblue	0.420742491030288
ENSG00000227354.7	RBM26-AS1	midnightblue	0.419398058916327
ENSG00000286904.1	AC093675.1	midnightblue	0.414509177880213
ENSG00000286811.1	AL353138.1	midnightblue	0.413491149035465
ENSG00000287678.1	AL031778.1	midnightblue	0.409342961768201
ENSG00000247240.8	UBL7-AS1	midnightblue	0.395190455999543
ENSG00000235499.1	AC073046.1	midnightblue	0.387292499893987
ENSG00000260804.3	LINC01963	midnightblue	0.372059090353859
ENSG00000229692.3	SOS1-IT1	midnightblue	0.367199845803256
ENSG00000261167.1	AC107027.3	midnightblue	0.363963900282179
ENSG00000285676.1	AL158212.5	midnightblue	0.359249340191519
ENSG00000286760.1	AL022069.3	midnightblue	0.357238543833574
ENSG00000255320.1	AP000759.1	midnightblue	0.347016610594721
ENSG00000261534.1	AL596244.1	midnightblue	0.332335947562935
ENSG00000240571.1	AC087071.2	midnightblue	0.327877531769683
ENSG00000281912.1	LINC01144	pink	0.840876087214333
ENSG00000273702.1	AC091271.1	pink	0.811789108980527
ENSG00000267100.1	ILF3-DT	pink	0.783755198693678
ENSG00000255153.1	TOLLIP-AS1	pink	0.778728447622168
ENSG00000270761.1	AL355353.1	pink	0.770865862743826
ENSG00000259877.2	AC009113.1	pink	0.768162662775252
ENSG00000271737.1	AC008608.2	pink	0.756088044530748
ENSG00000179743.4	FLJ37453	pink	0.74021393470007
ENSG00000268996.3	MAN1B1-DT	pink	0.732057968121432
ENSG00000276728.1	AC142472.1	pink	0.731828179019865
ENSG00000231770.6	TMEM44-AS1	pink	0.710548740877105
ENSG00000273456.1	AC064836.2	pink	0.710309459692067
ENSG00000221953.5	C1orf229	pink	0.708000543558907
ENSG00000259943.1	AL050341.2	pink	0.705118792034645
ENSG00000272143.1	FGF14-AS2	pink	0.699557532013417
ENSG00000266947.1	AC022916.1	pink	0.698618259111112
ENSG00000272523.1	LINC01023	pink	0.695862370213475
ENSG00000271869.1	AC026979.2	pink	0.693794391736834
ENSG00000236859.7	NIFK-AS1	pink	0.68942713680326
ENSG00000272501.1	AL662844.4	pink	0.683449077472981
ENSG00000275479.1	AC087741.2	pink	0.680825635941359
ENSG00000267321.3	SNHG30	pink	0.678884813600755
ENSG00000276791.1	AC092117.1	pink	0.67033320703978
ENSG00000278376.1	AP004609.3	pink	0.66442626805059
ENSG00000272106.1	AL691432.2	pink	0.661446388202525
ENSG00000271780.1	AL118558.3	pink	0.659736132143891
ENSG00000221883.4	ARIH2OS	pink	0.655727461896313
ENSG00000274929.1	AL157813.1	pink	0.654245517396626
ENSG00000283078.1	AL137077.2	pink	0.651774117145573
ENSG00000278058.1	AC009159.3	pink	0.64668358591816
ENSG00000276846.1	AC016590.3	pink	0.6466696941208
ENSG00000185837.3	HDHD5-AS1	pink	0.644089996024645
ENSG00000254910.1	AC136475.2	pink	0.634595573367736
ENSG00000224165.6	DNAJC27-AS1	pink	0.634380966209984
ENSG00000273344.1	PAXIP1-AS1	pink	0.63064430428191
ENSG00000235204.1	AL162724.2	pink	0.627739695253635
ENSG00000262558.1	AC129507.3	pink	0.62660998765108
ENSG00000273145.1	BX537318.1	pink	0.620282065369235
ENSG00000260805.2	AC092803.1	pink	0.618594938331083
ENSG00000273249.1	BX649632.1	pink	0.613706354176428
ENSG00000271646.1	IRF2-DT	pink	0.612698653188304
ENSG00000257058.1	AP001363.2	pink	0.612470784243877
ENSG00000231920.1	NEBL-AS1	pink	0.610726102891965
ENSG00000268584.1	AC073389.1	pink	0.607680612444611
ENSG00000270964.1	AC016355.1	pink	0.60667519421652
ENSG00000272444.1	AL118558.4	pink	0.603296980132566
ENSG00000250451.5	HOXC-AS1	pink	0.603211247712492
ENSG00000230513.2	THAP7-AS1	pink	0.602391245839781
ENSG00000272663.1	AC093635.1	pink	0.600432446118768
ENSG00000263004.2	AC007114.1	pink	0.600184154210264
ENSG00000228084.1	AC118553.1	pink	0.598248637430347
ENSG00000268006.1	PTOV1-AS1	pink	0.597644872918888
ENSG00000272572.1	AL138762.1	pink	0.597212398824319
ENSG00000273061.1	CDC37L1-DT	pink	0.595560756811731
ENSG00000275964.1	AL355001.2	pink	0.595379114262093
ENSG00000237036.5	ZEB1-AS1	pink	0.594524718603441
ENSG00000244968.7	LIFR-AS1	pink	0.593200585997953
ENSG00000262089.1	AC040977.1	pink	0.592027318579602
ENSG00000251661.3	AC136475.1	pink	0.591385395486662
ENSG00000246067.8	RAB30-DT	pink	0.587108367259563
ENSG00000272449.2	AL139246.5	pink	0.586505222519022
ENSG00000275454.1	AC105020.6	pink	0.585962867937502
ENSG00000247095.3	MIR210HG	pink	0.579241549935631
ENSG00000206344.7	HCG27	pink	0.577373235049572
ENSG00000274220.1	AC009163.7	pink	0.576965909522678
ENSG00000255337.1	AP001830.1	pink	0.57478255246634
ENSG00000227199.1	ST7-AS1	pink	0.571501986143126
ENSG00000261485.1	PAN3-AS1	pink	0.570605354699491
ENSG00000224805.2	LINC00853	pink	0.569971638029352
ENSG00000254531.1	FLJ20021	pink	0.568801884650688
ENSG00000221990.4	EXOC3-AS1	pink	0.567655638782184
ENSG00000272277.1	AL031963.3	pink	0.56710125418877
ENSG00000286873.1	AC012306.3	pink	0.566934928735567
ENSG00000243926.2	TIPARP-AS1	pink	0.56187986860237
ENSG00000272432.1	AL031432.3	pink	0.560756945694685
ENSG00000260992.1	DOCK9-DT	pink	0.555469091429804
ENSG00000229891.2	LINC01315	pink	0.553137048744141
ENSG00000260233.3	ZNRD2-AS1	pink	0.548494479354015
ENSG00000273958.1	AC009560.1	pink	0.54314883351283
ENSG00000278970.2	HEIH	pink	0.539794290879692
ENSG00000267980.1	AC007292.1	pink	0.533553914185405
ENSG00000223797.6	ENTPD3-AS1	pink	0.532707503177535
ENSG00000235560.4	AC002310.1	pink	0.532354428734553
ENSG00000244041.7	LINC01011	pink	0.531402088409067
ENSG00000269054.2	AC012313.6	pink	0.529379123221891
ENSG00000261431.1	AL023803.1	pink	0.527307593327644
ENSG00000272902.2	TBC1D8-AS1	pink	0.524417538346754
ENSG00000267898.1	AC026803.2	pink	0.523783903667528
ENSG00000275055.1	AC011468.5	pink	0.519255368434753
ENSG00000277142.1	LINC00235	pink	0.518405066865077
ENSG00000242474.3	AC093627.5	pink	0.516110614853524
ENSG00000287966.1	AL590062.1	pink	0.512049237661694
ENSG00000231327.1	LINC01816	pink	0.511395408965551
ENSG00000249846.7	LINC02021	pink	0.510978054386158
ENSG00000203706.8	SERTAD4-AS1	pink	0.507190950396458
ENSG00000269176.2	AP001160.3	pink	0.506233309569005
ENSG00000231711.2	LINC00899	pink	0.504905175428438
ENSG00000250220.1	AC053527.2	pink	0.502457892278119
ENSG00000259802.1	AC012640.2	pink	0.502334808682866
ENSG00000227908.3	FLJ31104	pink	0.501501979169166
ENSG00000223891.6	OSER1-DT	pink	0.501423699863965
ENSG00000285410.1	GABPB1-IT1	pink	0.50038519627068
ENSG00000248275.2	TRIM52-AS1	pink	0.500107998004465
ENSG00000245317.2	AC008393.1	pink	0.499351113012866
ENSG00000287686.1	AC062029.1	pink	0.497688668050151
ENSG00000277369.1	AC010654.1	pink	0.497478350971155
ENSG00000270179.1	AP002840.2	pink	0.496629006082015
ENSG00000205791.3	LOH12CR2	pink	0.496081763797321
ENSG00000227256.1	MIS18A-AS1	pink	0.495302168650129
ENSG00000228115.1	AL161725.2	pink	0.494246090915173
ENSG00000273007.2	AC021205.3	pink	0.491702667322752
ENSG00000250786.2	SNHG18	pink	0.490252679677942
ENSG00000260274.1	AC068338.2	pink	0.490185171672367
ENSG00000262686.1	GLIS2-AS1	pink	0.489524040803863
ENSG00000234028.3	EIF2AK3-DT	pink	0.487382896647543
ENSG00000273973.1	AC025162.2	pink	0.48651932641517
ENSG00000250616.2	AC012645.1	pink	0.485259116712509
ENSG00000278611.2	ZNF426-DT	pink	0.484956475780409
ENSG00000272696.1	AL359091.3	pink	0.484617727954392
ENSG00000272931.1	AC099568.2	pink	0.482906928023498
ENSG00000287115.1	AC009951.6	pink	0.482312275711841
ENSG00000264107.1	AC138207.2	pink	0.480407611370616
ENSG00000229896.2	AL157373.2	pink	0.478534410920112
ENSG00000188825.14	LINC00910	pink	0.477066206419587
ENSG00000260219.2	CD2BP2-DT	pink	0.476847059962692
ENSG00000236618.2	PITPNA-AS1	pink	0.476031145170099
ENSG00000257038.1	AP002761.3	pink	0.47492940140722
ENSG00000250133.2	HOXC-AS2	pink	0.473477663362722
ENSG00000277491.1	AC087392.5	pink	0.473177771449607
ENSG00000272221.1	AL645933.2	pink	0.473098629783423
ENSG00000273796.1	BX322562.1	pink	0.469605551588685
ENSG00000275645.1	AC068338.3	pink	0.467147862890695
ENSG00000274667.1	AC090517.2	pink	0.466258815545342
ENSG00000274922.1	AL139384.1	pink	0.463721774200633
ENSG00000286369.1	AP002813.1	pink	0.462751961850974
ENSG00000232640.1	AL354892.2	pink	0.462721610932451
ENSG00000226471.6	Z93930.2	pink	0.462307772948862
ENSG00000288093.1	AL592295.5	pink	0.459895571060318
ENSG00000262155.2	LINC02175	pink	0.457879296548073
ENSG00000250222.2	AC008443.4	pink	0.455918567721007
ENSG00000253982.2	AC100810.1	pink	0.455441756410553
ENSG00000236810.6	ELOA-AS1	pink	0.453845242999446
ENSG00000272473.1	AC006273.1	pink	0.451358298650676
ENSG00000231050.1	AL109917.1	pink	0.448353401219175
ENSG00000234171.3	RNASEH1-AS1	pink	0.448214722028088
ENSG00000264920.2	AC018521.5	pink	0.447720005045799
ENSG00000276075.1	AC027682.6	pink	0.442638668221354
ENSG00000273783.1	AL136040.1	pink	0.440160395044285
ENSG00000273382.1	AL356488.3	pink	0.439821500513209
ENSG00000226137.5	BAIAP2-DT	pink	0.439191696516428
ENSG00000247572.8	CKMT2-AS1	pink	0.433640820737106
ENSG00000265008.1	AC011825.4	pink	0.430678229209608
ENSG00000261707.1	AC092134.1	pink	0.429216463625076
ENSG00000272323.1	AC026801.2	pink	0.42751812586575
ENSG00000267390.1	AC036176.1	pink	0.425091714263181
ENSG00000273258.1	AC016737.2	pink	0.417540282567203
ENSG00000273329.1	AC078846.1	pink	0.417525829496263
ENSG00000260267.1	AC026471.1	pink	0.409728176442815
ENSG00000272721.5	AC131235.2	pink	0.402000536898336
ENSG00000247271.7	ZBED5-AS1	pink	0.40151365904742
ENSG00000254675.1	AP003032.1	pink	0.400385697310931
ENSG00000267226.2	AC104971.1	pink	0.399794058520714
ENSG00000233621.2	LINC01137	pink	0.399497670383131
ENSG00000270021.1	AC026691.1	pink	0.398109778926711
ENSG00000254682.1	AP002387.1	pink	0.392202748789493
ENSG00000223461.1	AC004471.1	pink	0.386829614430535
ENSG00000272402.1	AL031775.2	pink	0.385996405362062
ENSG00000260000.2	AL133338.1	pink	0.385052315959452
ENSG00000275263.1	AC135048.3	pink	0.379947491947849
ENSG00000287024.1	AL022162.1	pink	0.379874756086669
ENSG00000278017.1	AC064801.1	pink	0.367157846592002
ENSG00000251867.4	AC009812.1	pink	0.347181992531574
ENSG00000270177.1	AC104109.2	pink	0.322395680575748
ENSG00000288095.1	AC005618.4	pink	0.314566216775413
ENSG00000273437.1	AC108673.3	purple	0.788369490294813
ENSG00000273271.1	AP000254.2	purple	0.786151755457748
ENSG00000273156.2	AC124016.2	purple	0.771572318205418
ENSG00000260257.2	AL035071.1	purple	0.737287301956824
ENSG00000272338.2	AC067838.1	purple	0.726732920370242
ENSG00000276136.1	AC016957.2	purple	0.720898484037968
ENSG00000271971.1	AC120053.1	purple	0.718743111020713
ENSG00000269973.1	AC010969.2	purple	0.708627355336975
ENSG00000270091.1	AC015726.1	purple	0.70313960874442
ENSG00000275409.1	AC026367.2	purple	0.696775982450253
ENSG00000272010.1	AC100814.1	purple	0.69010800514446
ENSG00000273483.1	AL354760.1	purple	0.681853247512089
ENSG00000260296.1	AC095057.3	purple	0.679777734146892
ENSG00000274561.1	AC005332.3	purple	0.679752322233416
ENSG00000271420.1	AL109936.2	purple	0.675807665841509
ENSG00000272576.1	AC027271.1	purple	0.675194087316304
ENSG00000272420.1	AL513477.2	purple	0.67494787376366
ENSG00000285632.1	AC084024.4	purple	0.660307219772857
ENSG00000272990.1	AC084036.1	purple	0.660053802672664
ENSG00000269892.1	AC125494.2	purple	0.657464125007578
ENSG00000275580.1	AC022306.2	purple	0.657220983658929
ENSG00000273183.1	AC093726.2	purple	0.656761615170138
ENSG00000276593.1	AC022306.3	purple	0.653044871821872
ENSG00000242861.1	AL591895.1	purple	0.647918723652804
ENSG00000272345.1	AL031775.1	purple	0.643969036735957
ENSG00000259250.1	AC018904.1	purple	0.619621046937708
ENSG00000269044.2	AC024075.2	purple	0.616687023573139
ENSG00000271967.1	AL583856.2	purple	0.611556654657284
ENSG00000259865.1	AL390728.6	purple	0.60982963962485
ENSG00000276529.1	AP001505.1	purple	0.609357313371065
ENSG00000272040.1	AC010245.2	purple	0.604060569676569
ENSG00000268205.1	AC005261.1	purple	0.600235271102083
ENSG00000272368.2	AC074032.1	purple	0.598859323337707
ENSG00000273017.1	AP000240.1	purple	0.597051515795202
ENSG00000276030.1	AC073534.2	purple	0.594372898640742
ENSG00000275632.1	AL035461.2	purple	0.594370316955065
ENSG00000272509.1	AC087752.4	purple	0.594267109140424
ENSG00000273474.1	AL157392.4	purple	0.592873033904145
ENSG00000273058.2	AL359921.2	purple	0.59270188119731
ENSG00000271882.1	AP001330.4	purple	0.591434971293373
ENSG00000260647.1	AC127537.1	purple	0.591146882238607
ENSG00000276261.1	AC009509.4	purple	0.590350917960574
ENSG00000272888.7	CHASERR	purple	0.589932606143799
ENSG00000272361.2	AC005014.2	purple	0.589395651906857
ENSG00000272660.1	AC090425.2	purple	0.587178368531736
ENSG00000230896.1	AL604028.1	purple	0.585574748866532
ENSG00000275759.1	AC026367.3	purple	0.584713117941164
ENSG00000277692.1	AL121583.1	purple	0.579122968876409
ENSG00000273176.1	AL008635.1	purple	0.575798401716229
ENSG00000276007.1	AC079414.3	purple	0.575485119855888
ENSG00000277245.1	AC084782.3	purple	0.571096140173408
ENSG00000273375.1	AC055764.2	purple	0.565589844823143
ENSG00000261087.1	ZNNT1	purple	0.55718083974756
ENSG00000278107.1	AC027575.2	purple	0.556060656711325
ENSG00000269947.1	AC135178.6	purple	0.555258765912129
ENSG00000244733.5	AL132656.2	purple	0.554600757210675
ENSG00000272269.1	AL138724.1	purple	0.552104315767594
ENSG00000272864.1	AC135803.1	purple	0.547437476390418
ENSG00000280798.1	LINC00294	purple	0.54740788582585
ENSG00000278133.1	AC135050.6	purple	0.54185727166567
ENSG00000272343.1	AC107952.2	purple	0.541009336109713
ENSG00000267547.1	AC060766.4	purple	0.537052026686669
ENSG00000276814.1	AC004801.6	purple	0.536181575256457
ENSG00000272356.1	AL080317.2	purple	0.535124969600002
ENSG00000269949.1	AC069307.1	purple	0.533675510725077
ENSG00000267049.1	AC002398.1	purple	0.533633833933569
ENSG00000278703.1	AC100847.1	purple	0.530561550029976
ENSG00000272750.1	AL592148.3	purple	0.529360413997525
ENSG00000229122.1	AGBL5-IT1	purple	0.527808242786615
ENSG00000260160.1	AC011468.1	purple	0.525598631166898
ENSG00000275769.1	AC068792.1	purple	0.524226611220535
ENSG00000278153.1	AL121782.1	purple	0.522811049703638
ENSG00000271789.1	AL080317.1	purple	0.521239637914164
ENSG00000254635.6	WAC-AS1	purple	0.520832711227613
ENSG00000260317.1	AC009812.4	purple	0.52036818621372
ENSG00000278035.1	AL121895.2	purple	0.519497228447305
ENSG00000273487.1	AC104836.1	purple	0.513754047988067
ENSG00000272656.1	AC024933.1	purple	0.504727606548241
ENSG00000261061.1	AC092718.4	purple	0.504635593646207
ENSG00000272646.1	AC079766.1	purple	0.497098320651443
ENSG00000267655.1	AC125437.1	purple	0.494158208630289
ENSG00000261542.1	AC011978.2	purple	0.493949287906625
ENSG00000272650.1	AC110792.3	purple	0.492221054063725
ENSG00000197568.14	HHLA3	purple	0.492214317125342
ENSG00000279623.1	AL359697.1	purple	0.48963203612094
ENSG00000260331.1	AC079148.1	purple	0.487736886104512
ENSG00000272707.1	AC046143.2	purple	0.484575144363098
ENSG00000231177.4	LINC00852	purple	0.483711324043232
ENSG00000278627.1	AC005962.1	purple	0.480770022776647
ENSG00000261204.1	AC004449.1	purple	0.479462566535742
ENSG00000280206.1	AC026401.3	purple	0.478790781226146
ENSG00000265478.2	AC107982.3	purple	0.477116189169702
ENSG00000273027.1	AL844908.2	purple	0.475934575891421
ENSG00000273464.1	AP000238.1	purple	0.473961754333473
ENSG00000272148.1	AC013403.2	purple	0.471370484800417
ENSG00000273264.1	AL360219.1	purple	0.471248573084466
ENSG00000272354.1	AC092354.1	purple	0.466474901022088
ENSG00000277873.1	AC131159.2	purple	0.46195892818286
ENSG00000284642.1	AL139424.2	purple	0.460577999902708
ENSG00000260118.1	AL157700.1	purple	0.457448651462397
ENSG00000274987.1	AC092794.1	purple	0.456326866384263
ENSG00000273226.1	AL391834.2	purple	0.450568644044075
ENSG00000272777.1	AC019131.2	purple	0.449007804710132
ENSG00000260871.1	AC093510.2	purple	0.443866865924119
ENSG00000278389.1	AC099518.6	purple	0.405209023532951
ENSG00000278730.1	AC005332.6	purple	0.402063118067705
ENSG00000271367.1	AL034374.1	purple	0.401290902483901
ENSG00000276842.1	AC023510.2	purple	0.394808521605042
ENSG00000285928.1	AC103591.4	purple	0.361273275686275
ENSG00000288066.1	AC097448.1	purple	0.343821307843893
ENSG00000263586.1	HID1-AS1	red	0.831356203426815
ENSG00000245812.3	LINC02202	red	0.822276991916985
ENSG00000267107.8	PCAT19	red	0.821023874011599
ENSG00000260996.1	BX255925.1	red	0.816170907829878
ENSG00000250334.6	LINC00989	red	0.776543882151971
ENSG00000233542.2	AL391845.2	red	0.773277613495107
ENSG00000237371.1	AL355803.1	red	0.767520200552149
ENSG00000228401.5	AL590226.1	red	0.765459337147384
ENSG00000262115.1	AC027601.2	red	0.742402730929207
ENSG00000236304.1	AP001189.1	red	0.730349920806417
ENSG00000285736.1	AC131025.3	red	0.728227724441816
ENSG00000248441.7	LINC01197	red	0.727161635030025
ENSG00000288162.1	AL596442.4	red	0.722601671830394
ENSG00000258819.2	LINC02289	red	0.713869750420725
ENSG00000267466.1	AC021683.1	red	0.706014485870704
ENSG00000271871.1	AC005740.4	red	0.701133136535019
ENSG00000172965.17	MIR4435-2HG	red	0.691432118300285
ENSG00000272416.1	AC025175.1	red	0.690283788511254
ENSG00000254810.1	AP001189.3	red	0.689627105409044
ENSG00000258943.1	AL049871.1	red	0.689369711507737
ENSG00000227467.3	LINC01537	red	0.688958126492399
ENSG00000225938.1	AL109741.1	red	0.684653141919043
ENSG00000287382.1	AC110611.2	red	0.681563613099204
ENSG00000249669.10	CARMN	red	0.680676393783456
ENSG00000272077.1	AC124045.1	red	0.680212066768621
ENSG00000273100.1	AL596442.2	red	0.676962462929696
ENSG00000286320.1	AC108053.1	red	0.676036575897846
ENSG00000267551.3	AC005264.1	red	0.674381179146746
ENSG00000267280.5	TBX2-AS1	red	0.667763911021767
ENSG00000248636.7	AC002070.1	red	0.664732238741119
ENSG00000261468.1	AC096921.2	red	0.663981437095229
ENSG00000256694.1	AC026369.2	red	0.663956257918989
ENSG00000287369.1	AC111197.1	red	0.660347195035138
ENSG00000272293.1	AC083964.1	red	0.659791424415305
ENSG00000253177.2	AC104211.1	red	0.658480545864926
ENSG00000227947.2	LINC01738	red	0.657145949374332
ENSG00000230630.5	DNM3OS	red	0.655724356619554
ENSG00000237187.9	NR2F1-AS1	red	0.653665950098507
ENSG00000287814.1	AC011407.1	red	0.653639997046532
ENSG00000261253.2	AC137932.2	red	0.644864470562348
ENSG00000286508.1	AC000050.2	red	0.643119767759838
ENSG00000225007.1	AC000067.1	red	0.642607625531162
ENSG00000237248.5	LINC00987	red	0.641772178422332
ENSG00000227542.1	AC092614.1	red	0.640539460356095
ENSG00000254654.2	LINC02685	red	0.639783043292693
ENSG00000232814.2	COL4A2-AS1	red	0.639315512995987
ENSG00000247287.3	AL359220.1	red	0.638950712306604
ENSG00000261655.1	AC100803.3	red	0.638479531223892
ENSG00000286036.1	AC017099.2	red	0.633145904081516
ENSG00000288547.3	C3orf36	red	0.633046812986857
ENSG00000277013.1	AC008556.1	red	0.631187430154924
ENSG00000256540.1	AC007406.3	red	0.626643492184994
ENSG00000285906.2	AC083855.2	red	0.625124658092383
ENSG00000259072.2	AL355835.1	red	0.62481207819381
ENSG00000267082.1	AC011472.1	red	0.623582875964571
ENSG00000269958.1	AL049840.5	red	0.619839898661686
ENSG00000272783.1	AC147067.2	red	0.615781909682232
ENSG00000244300.3	GATA2-AS1	red	0.610260926575814
ENSG00000272789.1	AC010976.2	red	0.605289403722011
ENSG00000204682.8	MIR1915HG	red	0.604047798393591
ENSG00000270412.1	AL136084.2	red	0.599782329629414
ENSG00000251399.1	AC092542.1	red	0.598851005255764
ENSG00000224687.2	RASAL2-AS1	red	0.594617604987218
ENSG00000232287.2	SLC6A1-AS1	red	0.593642595855553
ENSG00000260912.1	AL158206.1	red	0.592232319629991
ENSG00000278925.1	AC005753.1	red	0.588515087423267
ENSG00000255434.1	AP001922.6	red	0.588072119563367
ENSG00000287986.1	AL135841.1	red	0.586210662995029
ENSG00000228718.2	LINC02521	red	0.585868241407975
ENSG00000274021.1	AC024909.1	red	0.58465929974761
ENSG00000259124.1	AC008050.1	red	0.583474287719105
ENSG00000197291.9	RAMP2-AS1	red	0.58277891148524
ENSG00000274204.1	AL138689.1	red	0.574516442694113
ENSG00000260679.1	AP007216.2	red	0.574067085052728
ENSG00000286393.1	Z97192.4	red	0.573621523922316
ENSG00000271938.1	AC103724.4	red	0.565782411763083
ENSG00000271009.3	AC116667.1	red	0.564404737086912
ENSG00000287527.1	AC005753.3	red	0.563732524080021
ENSG00000244953.1	AC087521.1	red	0.561714499709536
ENSG00000233251.8	AC007743.1	red	0.559522160596144
ENSG00000255191.1	AP003555.2	red	0.552694468251468
ENSG00000228794.10	LINC01128	red	0.550824071702627
ENSG00000254703.2	SENCR	red	0.547197751271755
ENSG00000255389.1	Z97989.1	red	0.544779452638315
ENSG00000258569.1	AC007376.2	red	0.541402802199454
ENSG00000267131.1	AC005746.2	red	0.539870950263022
ENSG00000206417.8	H1-10-AS1	red	0.532046956857346
ENSG00000187013.4	LINC02875	red	0.526615255066605
ENSG00000277351.1	AC013553.3	red	0.525357363208215
ENSG00000261117.1	AC009486.1	red	0.524857457751963
ENSG00000270059.1	AC121493.1	red	0.523195821936493
ENSG00000253618.1	GRPEL2-AS1	red	0.519332835458767
ENSG00000273650.1	AC100793.4	red	0.514324997761831
ENSG00000267505.1	AC005180.2	red	0.512281904946853
ENSG00000267365.1	KCNJ2-AS1	red	0.51121053515471
ENSG00000205837.7	LINC00487	red	0.509001654006758
ENSG00000271614.1	ATP2B1-AS1	red	0.5070432485205
ENSG00000258168.6	AC025569.1	red	0.504894688249734
ENSG00000273123.1	AC020634.2	red	0.504113882832385
ENSG00000271590.1	AC108463.3	red	0.503692494802254
ENSG00000233321.2	LINC02669	red	0.497722798790423
ENSG00000259883.2	EHD4-AS1	red	0.496277152122894
ENSG00000277763.1	AL138995.1	red	0.495728986737617
ENSG00000267583.5	AC007998.3	red	0.494836128809966
ENSG00000260400.1	AL513534.2	red	0.493959694871399
ENSG00000272729.1	AC009336.1	red	0.49392578284987
ENSG00000271959.1	AC100803.4	red	0.49247660465705
ENSG00000229619.4	MBNL1-AS1	red	0.492219307554145
ENSG00000259523.1	AC022613.2	red	0.488120579789114
ENSG00000269350.1	AC010463.2	red	0.48504922389343
ENSG00000248927.1	AC114284.1	red	0.484692086453611
ENSG00000237234.7	Z99289.1	red	0.484032394903466
ENSG00000237989.1	LINC01679	red	0.483504828331853
ENSG00000251034.2	AC087854.1	red	0.482722560888118
ENSG00000237614.3	AC073257.2	red	0.47954604991407
ENSG00000231889.7	TRAF3IP2-AS1	red	0.479268880422876
ENSG00000286599.1	AC110611.1	red	0.478740131993053
ENSG00000188511.12	C22orf34	red	0.477657961656879
ENSG00000261572.1	AC097639.1	red	0.477001722690992
ENSG00000229407.5	AL359853.1	red	0.474928949151854
ENSG00000271040.1	AL390955.2	red	0.474514912177695
ENSG00000226051.8	ZNF503-AS1	red	0.474400515033423
ENSG00000225905.1	AL391244.1	red	0.473237392728151
ENSG00000233117.4	LINC00702	red	0.472679292943493
ENSG00000255775.1	AC005845.1	red	0.470348355664741
ENSG00000224965.1	LINC02586	red	0.467471881504572
ENSG00000224848.2	AL589843.1	red	0.460968143066431
ENSG00000275532.1	AC006449.2	red	0.459022587508652
ENSG00000237073.1	AL162727.2	red	0.458142023879007
ENSG00000267405.1	AC005180.1	red	0.457980495695797
ENSG00000249685.1	AC079921.2	red	0.457735591512027
ENSG00000254605.1	AP003555.1	red	0.45492232249852
ENSG00000277782.1	AC068870.2	red	0.454255171962162
ENSG00000254533.1	AF186192.1	red	0.447855126316612
ENSG00000287575.1	AL390755.3	red	0.446698331681632
ENSG00000226363.3	HAGLROS	red	0.446084445499947
ENSG00000275155.1	AC027348.1	red	0.439196732012634
ENSG00000225383.8	SFTA1P	red	0.435529007698835
ENSG00000267279.2	AC090409.1	red	0.43473747297326
ENSG00000272854.1	AC004839.2	red	0.432054109566487
ENSG00000255326.1	AP001922.5	red	0.428102183248444
ENSG00000283383.1	AC108477.1	red	0.426492504380586
ENSG00000267658.1	AC099811.3	red	0.424950539352981
ENSG00000254035.1	AC104117.3	red	0.422967165102179
ENSG00000230499.1	AC108463.2	red	0.418488716674319
ENSG00000246985.8	SOCS2-AS1	red	0.41057282957632
ENSG00000246898.1	LINC00920	red	0.408428491728098
ENSG00000272491.1	AL109659.2	red	0.40605843510882
ENSG00000286373.1	AC022387.2	red	0.405404905974731
ENSG00000277954.1	AC092376.2	red	0.405134454216597
ENSG00000225903.1	AL035404.2	red	0.404239332511404
ENSG00000259134.7	LINC00924	red	0.402190409900388
ENSG00000268583.2	AC011466.1	red	0.402145354789312
ENSG00000278607.1	AC015819.2	red	0.398697299795266
ENSG00000225205.5	AC078883.1	red	0.395684814668751
ENSG00000270547.6	LINC01235	red	0.395388378407909
ENSG00000259676.1	AC103982.1	red	0.394988397404995
ENSG00000250899.3	AC125807.2	red	0.394524261480034
ENSG00000214548.18	MEG3	red	0.393939270218997
ENSG00000253837.1	AC090197.1	red	0.391424070495865
ENSG00000253829.1	AC067817.2	red	0.390640383815415
ENSG00000236501.6	AC074286.1	red	0.389741190151588
ENSG00000266601.1	AC018521.6	red	0.388972905043503
ENSG00000250410.1	AC112722.1	red	0.38133694126157
ENSG00000254510.2	AP001107.5	red	0.379892458196594
ENSG00000272823.1	AL445423.1	red	0.378933795216843
ENSG00000228261.1	ITPRIP-AS1	red	0.375758859193791
ENSG00000241679.2	AC018450.1	red	0.367742106440397
ENSG00000267414.1	SETBP1-DT	red	0.366720069660322
ENSG00000261737.1	CLCA4-AS1	red	0.363039311129406
ENSG00000270681.1	AC095055.1	red	0.358525969975949
ENSG00000213600.3	U73169.1	red	0.35640363668721
ENSG00000237807.4	AC022034.1	red	0.353009369074312
ENSG00000238078.1	LINC01352	red	0.351296728464331
ENSG00000224189.8	HAGLR	red	0.34897421279955
ENSG00000261616.1	AC036108.3	red	0.346869768706081
ENSG00000180139.11	ACTA2-AS1	red	0.346107089622958
ENSG00000253123.4	AC091182.1	red	0.340765590029856
ENSG00000203325.3	AL445248.1	red	0.337579935628597
ENSG00000237380.7	HOXD-AS2	red	0.335424772057625
ENSG00000271874.1	AC025754.2	red	0.331957156134917
ENSG00000130600.19	H19	red	0.330122174385211
ENSG00000268798.1	AC027307.3	red	0.324240497797378
ENSG00000248429.5	FAM198B-AS1	red	0.307498761021781
ENSG00000248458.2	AL139147.1	red	0.305584499906826
ENSG00000241985.1	WWTR1-IT1	red	0.303187947079136
ENSG00000273771.1	AC024337.2	salmon	0.790302838474784
ENSG00000277135.1	AC012409.3	salmon	0.749404645395976
ENSG00000258667.2	HIF1A-AS3	salmon	0.730540324155136
ENSG00000247809.9	NR2F2-AS1	salmon	0.709237175972182
ENSG00000226891.9	LINC01359	salmon	0.703495831950877
ENSG00000226355.2	AL353803.1	salmon	0.689124442797325
ENSG00000257556.2	LINC02298	salmon	0.679400589226115
ENSG00000235954.7	TTC28-AS1	salmon	0.670349232797176
ENSG00000258457.5	AL132780.2	salmon	0.667917323885695
ENSG00000196668.4	LINC00173	salmon	0.651063023274405
ENSG00000273001.1	AL731533.2	salmon	0.637601734413412
ENSG00000231160.10	KLF3-AS1	salmon	0.630650467775843
ENSG00000269707.2	AC018730.1	salmon	0.627725746909409
ENSG00000254855.1	AP001107.8	salmon	0.627249865566249
ENSG00000287900.1	AC061961.1	salmon	0.623204449802764
ENSG00000287562.1	AL109615.4	salmon	0.617683172616825
ENSG00000259275.4	AC087477.2	salmon	0.608503933260753
ENSG00000275549.1	STPG3-AS1	salmon	0.606069968417201
ENSG00000235772.1	AP001625.2	salmon	0.605019471230612
ENSG00000226833.6	AC092164.1	salmon	0.604467252131444
ENSG00000283031.2	AC009242.1	salmon	0.596101261196596
ENSG00000231154.1	MORF4L2-AS1	salmon	0.596067871893223
ENSG00000170919.16	TPT1-AS1	salmon	0.580815042683727
ENSG00000229901.1	FOXO6-AS1	salmon	0.576334559940242
ENSG00000272506.1	AL357078.2	salmon	0.573808838235878
ENSG00000231881.2	AL109615.2	salmon	0.571771119588599
ENSG00000198221.10	AFDN-DT	salmon	0.57106400482944
ENSG00000205959.4	AC105345.1	salmon	0.564263118661618
ENSG00000235023.1	AP001626.1	salmon	0.559806110013303
ENSG00000281538.1	AC254562.3	salmon	0.556416002330825
ENSG00000272870.3	SAP30-DT	salmon	0.546714488745134
ENSG00000233016.7	SNHG7	salmon	0.545301241871495
ENSG00000233754.2	AP001628.2	salmon	0.534818924586606
ENSG00000246877.1	DNM1P35	salmon	0.534720381875995
ENSG00000287617.1	AC092902.6	salmon	0.53369721291339
ENSG00000239300.6	AC080162.1	salmon	0.533257017438738
ENSG00000283051.1	LINC01668	salmon	0.527923756919931
ENSG00000181577.16	C6orf223	salmon	0.524967641181544
ENSG00000285184.3	AC244033.2	salmon	0.524013425557099
ENSG00000237609.1	AF064858.2	salmon	0.519768758791777
ENSG00000223855.2	HRAT92	salmon	0.509212162176888
ENSG00000273729.1	AC007686.3	salmon	0.508674984308214
ENSG00000235888.3	AF064858.1	salmon	0.504388124179419
ENSG00000273733.1	AC011472.4	salmon	0.502926392120912
ENSG00000258748.1	AL359399.1	salmon	0.502348593537575
ENSG00000283141.1	LINC02666	salmon	0.50227620881854
ENSG00000251532.1	AC091849.2	salmon	0.500675013864722
ENSG00000225138.8	SLC9A3-AS1	salmon	0.499195177532709
ENSG00000228037.1	AL139246.3	salmon	0.499017825606022
ENSG00000231768.2	LINC01354	salmon	0.489380194760734
ENSG00000272691.1	AC092807.2	salmon	0.489184356791465
ENSG00000272512.1	AL645608.7	salmon	0.486960977211958
ENSG00000275322.1	AC103746.1	salmon	0.483158235843347
ENSG00000237686.7	AL109615.3	salmon	0.481964271580586
ENSG00000179082.3	C9orf106	salmon	0.474726952504814
ENSG00000259430.2	CERS3-AS1	salmon	0.472042224886333
ENSG00000277449.1	CEBPB-AS1	salmon	0.468415250436857
ENSG00000224969.1	AL645608.1	salmon	0.460241375800783
ENSG00000258768.2	AL356019.2	salmon	0.459954200532904
ENSG00000272088.1	AL512413.1	salmon	0.448066695283421
ENSG00000224577.3	LINC01117	salmon	0.443545384008
ENSG00000229167.2	AC114488.1	salmon	0.443119612131133
ENSG00000237399.7	PITRM1-AS1	salmon	0.418971633875434
ENSG00000259763.2	LINC02157	salmon	0.415698573803628
ENSG00000268615.1	AL353803.5	salmon	0.41294794959017
ENSG00000274373.1	AC148476.1	salmon	0.409679372003722
ENSG00000278146.1	AC012409.4	salmon	0.406587424029534
ENSG00000259376.1	AC090907.1	salmon	0.398988381447341
ENSG00000286511.1	Z95118.2	salmon	0.384802882600097
ENSG00000237410.1	NRXN2-AS1	salmon	0.344737138088813
ENSG00000235269.2	LINC02331	salmon	0.299512234454826
ENSG00000225174.2	OSTM1-AS1	salmon	0.293137141135243
ENSG00000260572.1	AC069224.1	tan	0.744852241198243
ENSG00000261634.4	AC026992.2	tan	0.741352260148558
ENSG00000196167.10	COLCA1	tan	0.723238944115852
ENSG00000272462.3	U91328.1	tan	0.711523312739283
ENSG00000247400.4	DNAJC3-DT	tan	0.710770302995411
ENSG00000179523.5	EIF3J-DT	tan	0.710321656769889
ENSG00000273015.2	AC008124.1	tan	0.683472669323525
ENSG00000248668.3	OXCT1-AS1	tan	0.674775852410321
ENSG00000273355.1	AP000894.4	tan	0.667031113464553
ENSG00000259504.2	AC026992.1	tan	0.663143955202482
ENSG00000272686.1	WASL-DT	tan	0.662233525254032
ENSG00000245573.9	BDNF-AS	tan	0.651416783370032
ENSG00000278385.1	AC121338.2	tan	0.650723746355859
ENSG00000287769.1	AL353748.3	tan	0.64916345130285
ENSG00000258789.1	AL162171.1	tan	0.647897453499538
ENSG00000266904.6	LINC00663	tan	0.647763274391045
ENSG00000250012.2	AC079848.1	tan	0.643971169469167
ENSG00000268471.6	MIR4453HG	tan	0.635967924320161
ENSG00000248092.8	NNT-AS1	tan	0.628579905401484
ENSG00000281649.2	EBLN3P	tan	0.61635661557202
ENSG00000262050.1	AC005696.1	tan	0.615230491528175
ENSG00000245556.3	SCAMP1-AS1	tan	0.614803155326509
ENSG00000258708.1	SLC25A21-AS1	tan	0.613160806666232
ENSG00000260329.1	AC007541.1	tan	0.607940517700574
ENSG00000246273.8	SBF2-AS1	tan	0.606338580294454
ENSG00000261094.2	AC007066.2	tan	0.601415483838569
ENSG00000278600.1	AC015871.3	tan	0.599083524812113
ENSG00000286705.1	AC079140.6	tan	0.597742177697093
ENSG00000258857.1	AL359397.1	tan	0.591512321866198
ENSG00000264247.2	LINC00909	tan	0.59140657037027
ENSG00000248508.8	SRP14-AS1	tan	0.591082381025475
ENSG00000245498.7	AP000866.1	tan	0.590732938369749
ENSG00000257557.2	PPP1R12A-AS1	tan	0.579607943196987
ENSG00000254614.2	AP003068.2	tan	0.579286358281181
ENSG00000273247.5	AC097376.3	tan	0.578973589947264
ENSG00000284428.1	AC092329.4	tan	0.576399514466899
ENSG00000274828.1	AC068473.5	tan	0.575079410375444
ENSG00000260285.1	AL133367.1	tan	0.574240130308565
ENSG00000231856.2	AL162377.1	tan	0.570746738351114
ENSG00000229589.1	ACVR2B-AS1	tan	0.568011029413243
ENSG00000233237.8	LINC00472	tan	0.564519321760445
ENSG00000196741.5	LINC01560	tan	0.562872939880617
ENSG00000278126.1	AC139768.1	tan	0.561203287736587
ENSG00000236333.4	TRHDE-AS1	tan	0.557926883755419
ENSG00000248027.1	ARHGAP42-AS1	tan	0.557509446998016
ENSG00000235314.1	LINC00957	tan	0.549747520281511
ENSG00000288046.1	AL031123.5	tan	0.543943232712783
ENSG00000260526.1	AC109347.1	tan	0.54231941987664
ENSG00000225377.6	NRSN2-AS1	tan	0.54158160295895
ENSG00000253738.2	OTUD6B-AS1	tan	0.538736517657581
ENSG00000225945.1	AL121574.1	tan	0.535963699291985
ENSG00000241155.1	ARHGAP31-AS1	tan	0.525180779676062
ENSG00000186615.11	KTN1-AS1	tan	0.522672672981471
ENSG00000272341.1	AL137003.1	tan	0.521848746275038
ENSG00000240875.6	LINC00886	tan	0.521169683324905
ENSG00000215256.4	DHRS4-AS1	tan	0.516581025473998
ENSG00000273901.1	AC012313.9	tan	0.515510192797398
ENSG00000258655.2	ARHGAP5-AS1	tan	0.507904022646687
ENSG00000285967.1	NIPBL-DT	tan	0.50284976209733
ENSG00000232284.7	GNG12-AS1	tan	0.493667205060399
ENSG00000287750.1	AL353572.4	tan	0.492007969449259
ENSG00000230074.3	AL162231.2	tan	0.491098359702311
ENSG00000247828.8	TMEM161B-AS1	tan	0.487254390008766
ENSG00000176593.8	AC008969.1	tan	0.477963947337422
ENSG00000271122.1	AC018647.2	tan	0.476654747024674
ENSG00000204054.14	LINC00963	tan	0.473899026318011
ENSG00000259687.2	LINC01220	tan	0.455534514196915
ENSG00000268555.2	AC123912.4	tan	0.45404147745068
ENSG00000272482.1	AC254633.1	tan	0.451976576323801
ENSG00000269921.1	AC068620.1	tan	0.450221218938232
ENSG00000251364.7	AC107884.1	tan	0.448658178958877
ENSG00000278921.2	EPB41L4A-DT	tan	0.442577754630764
ENSG00000259215.1	AC027237.2	tan	0.433398977230398
ENSG00000259495.3	AC016705.2	tan	0.430215208433023
ENSG00000237037.9	NDUFA6-DT	tan	0.427087106200193
ENSG00000175611.12	LINC00476	tan	0.426874358259411
ENSG00000240996.1	AL157400.4	tan	0.424292624423405
ENSG00000272129.1	AL359715.3	tan	0.418970403741621
ENSG00000272758.6	AC083798.2	tan	0.41652624519434
ENSG00000254477.2	AP000640.1	tan	0.414783120695634
ENSG00000282840.1	AC004554.1	tan	0.413100342822821
ENSG00000269933.1	AL031429.2	tan	0.409264974113836
ENSG00000261098.1	AP000766.1	tan	0.406561899119139
ENSG00000235501.6	AC105942.1	tan	0.405784354346845
ENSG00000230844.3	ZNF674-AS1	tan	0.394067079428032
ENSG00000263400.8	TMEM220-AS1	tan	0.393208075272444
ENSG00000284968.1	AC093827.4	tan	0.392982293920796
ENSG00000238058.2	AL355574.1	tan	0.36352509858038
ENSG00000249898.8	MCPH1-AS1	tan	0.359972348017703
ENSG00000259319.1	AF111167.2	tan	0.357829880566503
ENSG00000187621.15	TCL6	tan	0.357589713630556
ENSG00000258920.1	FOXN3-AS1	tan	0.352434864801455
ENSG00000259985.1	AC017100.1	tan	0.334647062668399
ENSG00000274925.1	ZKSCAN2-DT	turquoise	0.866104469349156
ENSG00000272953.1	AC092171.4	turquoise	0.793345868688729
ENSG00000279529.1	AC008764.8	turquoise	0.793306387928783
ENSG00000273148.1	LINC00653	turquoise	0.780486520941398
ENSG00000274460.1	AC092119.2	turquoise	0.778300638035782
ENSG00000212694.8	LINC01089	turquoise	0.769459864431363
ENSG00000238260.1	AL513320.1	turquoise	0.766245868896162
ENSG00000283341.2	AC068205.2	turquoise	0.761262536706643
ENSG00000227896.2	AL731569.1	turquoise	0.758774654323219
ENSG00000228393.4	LINC01004	turquoise	0.756258811508152
ENSG00000275180.1	AC048341.2	turquoise	0.751416299879936
ENSG00000270012.1	AC232271.1	turquoise	0.749877546094564
ENSG00000288596.2	C8orf44	turquoise	0.747598895175215
ENSG00000267114.1	AC011481.1	turquoise	0.741392597941915
ENSG00000286977.1	Z83745.1	turquoise	0.741212998607044
ENSG00000273723.1	SUGT1-DT	turquoise	0.739546973160374
ENSG00000277744.1	AC011462.4	turquoise	0.738973556325046
ENSG00000245149.4	RNF139-AS1	turquoise	0.735249325640687
ENSG00000267838.2	AC245884.8	turquoise	0.733185272191078
ENSG00000271918.1	AC034236.2	turquoise	0.732682162020627
ENSG00000273759.1	AL117379.1	turquoise	0.732201203633421
ENSG00000273373.1	AL355488.1	turquoise	0.725221509432957
ENSG00000270195.2	AC016773.1	turquoise	0.72460068615092
ENSG00000269399.2	AC008764.6	turquoise	0.724002878993557
ENSG00000262580.5	AC087741.1	turquoise	0.718960338891611
ENSG00000247373.3	TMED2-DT	turquoise	0.718492670029266
ENSG00000272455.1	MRPL20-DT	turquoise	0.717812816778508
ENSG00000277218.1	AL139123.1	turquoise	0.71284960310791
ENSG00000260942.1	CAPN10-DT	turquoise	0.712551202874388
ENSG00000268403.2	AC132192.2	turquoise	0.711669978628603
ENSG00000179406.8	LINC00174	turquoise	0.711120420534676
ENSG00000273576.1	AC009283.1	turquoise	0.709872406112656
ENSG00000257303.2	AC073896.2	turquoise	0.709461717165705
ENSG00000261136.1	AC023908.3	turquoise	0.707478051574338
ENSG00000273008.1	AC010864.1	turquoise	0.704945016984271
ENSG00000236144.8	TMEM147-AS1	turquoise	0.704433397256558
ENSG00000261879.7	AC087500.1	turquoise	0.701947530590996
ENSG00000263072.8	ZNF213-AS1	turquoise	0.700324590199392
ENSG00000261326.4	LINC01355	turquoise	0.700080596005668
ENSG00000273002.1	AL355388.1	turquoise	0.69908562324833
ENSG00000272374.1	Z97832.2	turquoise	0.695538786878876
ENSG00000271259.1	AC010201.1	turquoise	0.694726987041209
ENSG00000263412.1	NFE2L1-DT	turquoise	0.690685968401641
ENSG00000262692.1	AC116914.2	turquoise	0.690633426735815
ENSG00000226696.6	LENG8-AS1	turquoise	0.690509132303244
ENSG00000265678.1	AC129510.1	turquoise	0.68786885430207
ENSG00000257543.1	AC063948.1	turquoise	0.686991712155266
ENSG00000270557.1	AC013731.1	turquoise	0.685999401021315
ENSG00000233230.1	AC079807.1	turquoise	0.684406173704875
ENSG00000273142.1	LINC02604	turquoise	0.684303605723719
ENSG00000227388.3	AL133410.1	turquoise	0.683005327137866
ENSG00000260911.2	AC135050.3	turquoise	0.68298697005121
ENSG00000267940.1	AC022762.2	turquoise	0.679846957479954
ENSG00000257596.1	SCAT2	turquoise	0.677896017046485
ENSG00000271151.1	AC016737.1	turquoise	0.676990644030379
ENSG00000248367.1	AC008610.1	turquoise	0.675977407356641
ENSG00000267342.1	AC087289.2	turquoise	0.675808805869583
ENSG00000271993.1	AC126118.1	turquoise	0.670979484006568
ENSG00000231064.7	THBS3-AS1	turquoise	0.670527710267727
ENSG00000275484.1	AP003419.3	turquoise	0.670095601392861
ENSG00000271576.1	AL359504.1	turquoise	0.667719268788577
ENSG00000238045.9	AC009133.1	turquoise	0.667571177592547
ENSG00000241769.7	LINC00893	turquoise	0.667067192387518
ENSG00000277511.1	AC116407.2	turquoise	0.666535763745482
ENSG00000260778.5	AC009065.4	turquoise	0.664111558098619
ENSG00000273424.1	AL008582.1	turquoise	0.662017887009976
ENSG00000223745.8	CCDC18-AS1	turquoise	0.661290709739525
ENSG00000277767.1	AL442128.2	turquoise	0.65884096766932
ENSG00000234936.1	AC010883.1	turquoise	0.658515239905359
ENSG00000272205.1	AL451050.2	turquoise	0.658337137327817
ENSG00000225880.5	LINC00115	turquoise	0.656239920298674
ENSG00000261187.1	AC079322.1	turquoise	0.655326370739091
ENSG00000249087.7	ZNF436-AS1	turquoise	0.654465512392565
ENSG00000242622.2	AC092910.3	turquoise	0.654227529594036
ENSG00000235703.6	LINC00894	turquoise	0.65374328086493
ENSG00000234072.1	AC074117.1	turquoise	0.652075944587037
ENSG00000276957.1	AL158063.1	turquoise	0.651523824337311
ENSG00000268189.2	AC005785.1	turquoise	0.650467609924897
ENSG00000240291.1	AL450384.2	turquoise	0.649345687431447
ENSG00000244151.1	AC010973.2	turquoise	0.648871493000988
ENSG00000285796.1	AL162458.1	turquoise	0.645980378080569
ENSG00000270147.1	AC068620.2	turquoise	0.644234137400742
ENSG00000284602.1	AL031432.4	turquoise	0.642375584292417
ENSG00000237886.1	NALT1	turquoise	0.641079683883693
ENSG00000196295.12	GARS1-DT	turquoise	0.635154159097246
ENSG00000272807.1	AC007038.1	turquoise	0.635086107206166
ENSG00000271327.1	AC010201.2	turquoise	0.633840285644219
ENSG00000267871.6	ZNF460-AS1	turquoise	0.63365235274742
ENSG00000274341.1	AC005899.6	turquoise	0.633020088962369
ENSG00000276148.1	AC084824.5	turquoise	0.631199080385827
ENSG00000277715.1	AC079174.2	turquoise	0.630095249373078
ENSG00000230415.1	LINC01786	turquoise	0.629404436824492
ENSG00000271200.1	AC099791.2	turquoise	0.62761511632384
ENSG00000262903.1	AC027796.4	turquoise	0.627485505971947
ENSG00000271870.1	AC024060.2	turquoise	0.62356967821544
ENSG00000237950.3	AL357079.1	turquoise	0.623174365416859
ENSG00000218018.3	RBM38-AS1	turquoise	0.622022043034293
ENSG00000174365.20	SNHG11	turquoise	0.620793802975135
ENSG00000254815.6	LMNTD2-AS1	turquoise	0.61442625137301
ENSG00000269161.1	AC010618.2	turquoise	0.61397601216599
ENSG00000267002.4	AC060780.1	turquoise	0.611642949774469
ENSG00000215769.8	ARHGAP27P1-BPTFP1-KPNA2P3	turquoise	0.607416945825923
ENSG00000269894.1	AC018809.1	turquoise	0.603337943773469
ENSG00000277978.1	AC010542.5	turquoise	0.603124930007925
ENSG00000272994.1	AC012360.3	turquoise	0.602788958819734
ENSG00000278784.1	AL136295.7	turquoise	0.601531589069252
ENSG00000215067.10	ALOX12-AS1	turquoise	0.599555078705878
ENSG00000215039.7	CD27-AS1	turquoise	0.597571421483715
ENSG00000226332.2	AL354836.1	turquoise	0.597002623748702
ENSG00000255503.1	AP001767.2	turquoise	0.595873361706177
ENSG00000266490.1	AC127024.5	turquoise	0.592954087957498
ENSG00000276445.1	AC005393.1	turquoise	0.592821881603484
ENSG00000275807.1	AC145285.6	turquoise	0.592549375544374
ENSG00000277007.1	AC096642.1	turquoise	0.592507955161548
ENSG00000244055.2	AC007566.1	turquoise	0.592351745961463
ENSG00000273449.1	AC093788.1	turquoise	0.591345585726211
ENSG00000278668.1	AC005899.7	turquoise	0.589791577928631
ENSG00000267080.6	ASB16-AS1	turquoise	0.58920010081345
ENSG00000228109.1	MELTF-AS1	turquoise	0.589017503257581
ENSG00000269867.1	AC010326.3	turquoise	0.587988430378419
ENSG00000263990.1	AC004253.1	turquoise	0.587251947252492
ENSG00000272810.1	U91328.3	turquoise	0.587011886061281
ENSG00000271788.1	AC008875.1	turquoise	0.586157314401482
ENSG00000270049.3	AC009061.2	turquoise	0.581623772828107
ENSG00000255142.1	AP006621.2	turquoise	0.579583348141251
ENSG00000255237.1	AC138230.1	turquoise	0.578394718867309
ENSG00000230148.8	HOXB-AS1	turquoise	0.577919004842785
ENSG00000271427.1	AL358072.1	turquoise	0.577671429390475
ENSG00000255306.1	AC004923.4	turquoise	0.570944379938283
ENSG00000261118.1	AC092123.1	turquoise	0.569861656051828
ENSG00000226245.1	ZNF32-AS1	turquoise	0.56957407918097
ENSG00000273363.1	AL353801.3	turquoise	0.566415784861443
ENSG00000275485.1	AL512652.1	turquoise	0.561227556777381
ENSG00000274427.1	AC145423.1	turquoise	0.560673878242392
ENSG00000272145.1	NFYC-AS1	turquoise	0.558367786096766
ENSG00000282951.1	AC008537.4	turquoise	0.556406623782572
ENSG00000268938.2	AC005387.1	turquoise	0.556145736584963
ENSG00000274515.1	AC105020.5	turquoise	0.555527397760897
ENSG00000266053.2	NDUFV2-AS1	turquoise	0.555173826959318
ENSG00000261971.8	MMP25-AS1	turquoise	0.554986082941351
ENSG00000277476.1	AC005332.5	turquoise	0.553194782670713
ENSG00000272734.1	ADIRF-AS1	turquoise	0.552374419678646
ENSG00000267108.1	AP001029.1	turquoise	0.55055080275028
ENSG00000214783.9	POLR2J4	turquoise	0.550283424096553
ENSG00000272954.1	AP000553.2	turquoise	0.549260559266665
ENSG00000257354.2	AC048341.1	turquoise	0.548166925274153
ENSG00000261474.1	AC026471.4	turquoise	0.546642259311772
ENSG00000242125.3	SNHG3	turquoise	0.54457955419858
ENSG00000243368.2	MCCC1-AS1	turquoise	0.543924179944401
ENSG00000275703.1	U47924.3	turquoise	0.542958861550835
ENSG00000248489.2	LINC02062	turquoise	0.542916064554132
ENSG00000267858.6	MZF1-AS1	turquoise	0.542179288791401
ENSG00000262001.1	DLGAP1-AS2	turquoise	0.541710479145024
ENSG00000277020.4	AL590096.1	turquoise	0.541288772423179
ENSG00000246982.7	Z84485.1	turquoise	0.54113894985168
ENSG00000271659.1	AL161729.4	turquoise	0.539810937302499
ENSG00000275936.1	AC004263.1	turquoise	0.537540062500304
ENSG00000259448.3	LINC02352	turquoise	0.536320933659711
ENSG00000260276.2	AC022167.2	turquoise	0.53617375770812
ENSG00000270605.1	AL353622.1	turquoise	0.535414365200514
ENSG00000272144.1	AC025171.4	turquoise	0.535270722298927
ENSG00000261324.2	AC010168.2	turquoise	0.535159700712048
ENSG00000274191.1	AC026333.4	turquoise	0.534065123661498
ENSG00000233527.9	ZNF529-AS1	turquoise	0.532831469921143
ENSG00000271631.1	AL139041.1	turquoise	0.531319437273831
ENSG00000231346.5	LINC01160	turquoise	0.531031460727432
ENSG00000181097.5	LINC02878	turquoise	0.529743187873354
ENSG00000281026.1	N4BP2L2-IT2	turquoise	0.529187709693907
ENSG00000270933.1	AC010719.1	turquoise	0.528684027477584
ENSG00000232611.1	AL683813.1	turquoise	0.528190215365126
ENSG00000274020.4	LINC01138	turquoise	0.528036205390259
ENSG00000275476.1	AC009318.4	turquoise	0.527453966865839
ENSG00000286584.2	AC023494.1	turquoise	0.52682049973707
ENSG00000272217.1	AL645940.1	turquoise	0.524023055771089
ENSG00000276718.1	AC005840.4	turquoise	0.522386548347985
ENSG00000255966.1	AC006064.3	turquoise	0.522223329730682
ENSG00000261220.2	AC103706.1	turquoise	0.520690007504122
ENSG00000288538.1	AP002985.1	turquoise	0.520263978677518
ENSG00000286699.1	AC084198.2	turquoise	0.51749577071886
ENSG00000260646.1	AL031705.1	turquoise	0.517268728705968
ENSG00000245970.2	AP003352.1	turquoise	0.516939894159384
ENSG00000268836.1	Z69706.1	turquoise	0.514268770481564
ENSG00000272787.1	AC253536.6	turquoise	0.513750128918496
ENSG00000281404.2	LINC01176	turquoise	0.513524690389155
ENSG00000229591.1	AC006017.1	turquoise	0.513138496740742
ENSG00000224934.5	AL391684.1	turquoise	0.512220746670849
ENSG00000247950.7	SEC24B-AS1	turquoise	0.509165217924052
ENSG00000232874.1	AC080129.2	turquoise	0.507687309130833
ENSG00000270055.1	AC127502.2	turquoise	0.50716382354034
ENSG00000237133.1	RASGRP3-AS1	turquoise	0.506891248484069
ENSG00000268945.1	AC010422.2	turquoise	0.506103795885888
ENSG00000226352.2	PSPC1-AS2	turquoise	0.504919946687828
ENSG00000273240.1	AC013468.1	turquoise	0.504585983250352
ENSG00000244952.2	AC123768.1	turquoise	0.504290614548459
ENSG00000198496.12	NBR2	turquoise	0.504185032805312
ENSG00000278000.1	AC139100.2	turquoise	0.502267018105014
ENSG00000275734.2	AC010538.1	turquoise	0.501023700489015
ENSG00000233547.1	AL158212.2	turquoise	0.500616397698
ENSG00000263164.1	AC087500.2	turquoise	0.5002473122192
ENSG00000272223.1	AL136304.1	turquoise	0.499001086476865
ENSG00000269481.1	AC010319.4	turquoise	0.498980234191877
ENSG00000260593.1	AC009097.2	turquoise	0.498903761819643
ENSG00000272630.1	AL731563.3	turquoise	0.498330512236422
ENSG00000272100.1	AL513218.1	turquoise	0.498004748663829
ENSG00000260179.1	AL162741.1	turquoise	0.496757173941353
ENSG00000275371.1	AC012645.4	turquoise	0.496748410114189
ENSG00000267543.1	AC015802.3	turquoise	0.496538190494036
ENSG00000273402.1	AC004908.3	turquoise	0.495214277792551
ENSG00000269915.1	AP006621.4	turquoise	0.494724029226829
ENSG00000261663.1	AC009065.8	turquoise	0.49313017095728
ENSG00000253317.1	AC078906.1	turquoise	0.491476018102442
ENSG00000255182.2	AC084125.2	turquoise	0.491023137418446
ENSG00000277831.1	AL138960.1	turquoise	0.489707643879607
ENSG00000272128.1	AP006545.2	turquoise	0.489188771081374
ENSG00000234678.2	ELF3-AS1	turquoise	0.488683598202783
ENSG00000203684.5	IBA57-DT	turquoise	0.488376615293987
ENSG00000256967.1	AC018653.3	turquoise	0.487735381414213
ENSG00000258365.1	AC073655.2	turquoise	0.487650846933794
ENSG00000273448.1	AC006480.2	turquoise	0.487210868846445
ENSG00000276571.1	AC002550.2	turquoise	0.486537014525019
ENSG00000287262.1	AC021148.2	turquoise	0.486308961461322
ENSG00000287625.1	AC022210.1	turquoise	0.485567472820436
ENSG00000272905.1	AC018648.1	turquoise	0.484865486599282
ENSG00000253552.8	HOXA-AS2	turquoise	0.482360469698328
ENSG00000237753.2	AC079922.2	turquoise	0.48106424448635
ENSG00000288612.1	AL133351.4	turquoise	0.48061028839861
ENSG00000276250.1	AC127024.6	turquoise	0.480086780170481
ENSG00000250988.7	SNHG21	turquoise	0.479838653835431
ENSG00000224376.1	AC017104.1	turquoise	0.477407324766486
ENSG00000234705.2	HMGA1P4	turquoise	0.477387815057825
ENSG00000287077.1	AL157893.2	turquoise	0.476972642587626
ENSG00000286909.1	AC024560.4	turquoise	0.476934836199215
ENSG00000273765.1	AC024257.4	turquoise	0.475460871543397
ENSG00000162913.10	OBSCN-AS1	turquoise	0.473926035954013
ENSG00000243230.1	AC011005.4	turquoise	0.468685030428048
ENSG00000251417.2	AC145285.2	turquoise	0.467748359418743
ENSG00000260361.1	AC106028.3	turquoise	0.467663470839459
ENSG00000272240.1	AC004908.1	turquoise	0.467017732132191
ENSG00000287808.1	AL355999.1	turquoise	0.466940357187636
ENSG00000274294.1	AC015660.3	turquoise	0.466792038473166
ENSG00000287074.1	AC137561.1	turquoise	0.464309314564965
ENSG00000268707.1	AL158151.4	turquoise	0.460452256433863
ENSG00000285667.1	AC012291.3	turquoise	0.46039360266871
ENSG00000255857.6	PXN-AS1	turquoise	0.460063299104486
ENSG00000229873.1	OGFR-AS1	turquoise	0.45962644522151
ENSG00000232912.6	RERE-AS1	turquoise	0.459512267212437
ENSG00000269463.1	AP001160.4	turquoise	0.456964061921673
ENSG00000258944.1	AC004846.2	turquoise	0.456953974055545
ENSG00000197989.14	SNHG12	turquoise	0.456885190056208
ENSG00000276968.1	AL158196.1	turquoise	0.456642329152234
ENSG00000238039.1	AC244197.2	turquoise	0.455395297558161
ENSG00000273216.1	AC002059.1	turquoise	0.454350988270692
ENSG00000279278.1	AC245060.6	turquoise	0.45421377730248
ENSG00000226179.6	LINC00685	turquoise	0.453742434989663
ENSG00000271553.1	AC018638.7	turquoise	0.453669477962754
ENSG00000256433.3	AC005840.2	turquoise	0.452249669840547
ENSG00000248019.3	FAM13A-AS1	turquoise	0.451650891854814
ENSG00000259887.1	FIGNL2-DT	turquoise	0.451503109088592
ENSG00000270035.1	AL359881.2	turquoise	0.44910221621046
ENSG00000240219.1	AL512306.2	turquoise	0.448422353881486
ENSG00000265100.1	AC005332.1	turquoise	0.448144592099364
ENSG00000287315.1	AL670729.3	turquoise	0.445645705217516
ENSG00000267278.6	MAP3K14-AS1	turquoise	0.442833439143798
ENSG00000271335.6	AL117336.2	turquoise	0.442831198471494
ENSG00000273987.1	AC121761.2	turquoise	0.442161155538933
ENSG00000253559.1	OSGEPL1-AS1	turquoise	0.441863665216888
ENSG00000276505.1	AP000892.3	turquoise	0.441394087009844
ENSG00000247137.9	AP000873.2	turquoise	0.43891570749367
ENSG00000261131.1	AC012186.2	turquoise	0.438780896652243
ENSG00000259792.1	AC104758.1	turquoise	0.438341801795287
ENSG00000277299.1	AC084876.1	turquoise	0.436114906738441
ENSG00000228444.2	AL137244.1	turquoise	0.435557352715923
ENSG00000204584.1	AC027801.1	turquoise	0.434152494556927
ENSG00000270589.1	AL158163.1	turquoise	0.434008831620013
ENSG00000215022.7	AL008729.1	turquoise	0.431242022575889
ENSG00000269978.1	AL359881.1	turquoise	0.430647006123175
ENSG00000287737.1	AC132872.5	turquoise	0.429892983412406
ENSG00000272417.1	AC034229.4	turquoise	0.42986323201407
ENSG00000271734.1	Z98200.1	turquoise	0.42749159732927
ENSG00000272541.1	AL021368.3	turquoise	0.4272655098425
ENSG00000273356.1	LINC02019	turquoise	0.426228385579507
ENSG00000272170.1	AL355385.1	turquoise	0.424384738020906
ENSG00000241288.8	LINC02614	turquoise	0.422808752855131
ENSG00000281005.1	LINC00921	turquoise	0.421497298720302
ENSG00000275413.1	AC002553.2	turquoise	0.421333382316494
ENSG00000262468.6	LINC01569	turquoise	0.421283789517051
ENSG00000219665.8	ZNF433-AS1	turquoise	0.420662107388026
ENSG00000262979.1	AC124319.1	turquoise	0.419836283633748
ENSG00000273218.1	AC005776.2	turquoise	0.418615289681814
ENSG00000286407.1	AC004863.1	turquoise	0.418265985110952
ENSG00000257176.3	AC009318.1	turquoise	0.416908760437701
ENSG00000271228.1	AL121655.1	turquoise	0.416635655036752
ENSG00000261766.1	AC133550.3	turquoise	0.416524042939852
ENSG00000272945.1	AL356299.2	turquoise	0.412825063900653
ENSG00000283667.1	AC009802.1	turquoise	0.412419611570058
ENSG00000262482.1	AC004034.1	turquoise	0.411683541609395
ENSG00000272599.2	AC016394.1	turquoise	0.41160395853163
ENSG00000284738.1	AL358472.5	turquoise	0.411417685605453
ENSG00000212743.2	LINC02656	turquoise	0.410529750119612
ENSG00000274737.1	AC004466.2	turquoise	0.409536120783389
ENSG00000277959.1	AL162274.2	turquoise	0.408193501657324
ENSG00000286507.1	AC004947.3	turquoise	0.408144984997493
ENSG00000272812.1	AC004908.2	turquoise	0.40783984697845
ENSG00000271398.1	AL353622.2	turquoise	0.406864760053501
ENSG00000277050.1	AL122125.1	turquoise	0.406444381988356
ENSG00000196204.12	RNF216P1	turquoise	0.406394148567536
ENSG00000269834.6	ZNF528-AS1	turquoise	0.405146150265008
ENSG00000272668.2	AL590560.3	turquoise	0.404436674181887
ENSG00000282386.1	AL358472.4	turquoise	0.403555432783675
ENSG00000287868.1	AL355377.4	turquoise	0.403266478868073
ENSG00000278768.2	BACE1-AS	turquoise	0.40197926549649
ENSG00000229043.3	ZFAND2A-DT	turquoise	0.401867626309306
ENSG00000250081.1	AC025176.1	turquoise	0.400990961382625
ENSG00000257167.2	TMPO-AS1	turquoise	0.400354955508574
ENSG00000251136.9	AF117829.1	turquoise	0.400295133161538
ENSG00000277728.1	AC097641.2	turquoise	0.400066379450463
ENSG00000260077.1	AC104794.3	turquoise	0.400017810019496
ENSG00000243155.1	AL162431.1	turquoise	0.399866707537981
ENSG00000267707.2	AC015961.2	turquoise	0.398100423420279
ENSG00000271265.1	AL355297.2	turquoise	0.395388042703123
ENSG00000258199.1	AC073896.4	turquoise	0.394657258341468
ENSG00000274653.1	AC106782.5	turquoise	0.394023568361111
ENSG00000260252.1	AC009087.1	turquoise	0.393842279405419
ENSG00000253320.7	MAILR	turquoise	0.393140397046243
ENSG00000287129.1	AC097500.1	turquoise	0.392862734448811
ENSG00000270344.3	POC1B-AS1	turquoise	0.39274108699007
ENSG00000267769.1	AC011498.6	turquoise	0.392148585524175
ENSG00000271344.1	AC018638.6	turquoise	0.391466931953601
ENSG00000272084.1	AL137127.1	turquoise	0.389961542158445
ENSG00000273747.1	AC022558.3	turquoise	0.38993786659026
ENSG00000270127.2	AC027020.2	turquoise	0.389408604945264
ENSG00000226862.1	AC104463.2	turquoise	0.388735578502393
ENSG00000275343.1	AC010999.1	turquoise	0.388541695565342
ENSG00000281398.4	SNHG4	turquoise	0.387611117072353
ENSG00000236255.2	AC009404.1	turquoise	0.387320793665568
ENSG00000278816.1	AL121890.5	turquoise	0.387030712808333
ENSG00000271555.1	AC113139.1	turquoise	0.38544009928211
ENSG00000216895.9	AC009403.1	turquoise	0.384854618647947
ENSG00000278733.1	AC022079.2	turquoise	0.381298418625876
ENSG00000259840.1	Z97653.1	turquoise	0.380963481599304
ENSG00000225075.1	AL603832.1	turquoise	0.380877088710566
ENSG00000286366.1	AC005052.2	turquoise	0.380020657637437
ENSG00000225891.2	DHDDS-AS1	turquoise	0.379872518830812
ENSG00000283075.1	AL157931.2	turquoise	0.379592645332099
ENSG00000226419.8	SLC16A1-AS1	turquoise	0.377926219770763
ENSG00000237101.1	AC092809.4	turquoise	0.37763636099278
ENSG00000229124.7	VIM-AS1	turquoise	0.375052307669703
ENSG00000271889.1	AC016747.2	turquoise	0.373424118781033
ENSG00000225889.9	AC012368.1	turquoise	0.373080433464204
ENSG00000248936.1	AC027607.1	turquoise	0.372996641199378
ENSG00000272236.1	AL645939.4	turquoise	0.372496282116541
ENSG00000284707.2	AC079781.5	turquoise	0.372368208207416
ENSG00000234327.8	ZNF232-AS1	turquoise	0.371465963390362
ENSG00000174171.6	AC020659.1	turquoise	0.371247064528506
ENSG00000267986.1	AC130469.1	turquoise	0.370983171723803
ENSG00000251022.6	THAP9-AS1	turquoise	0.370759347082344
ENSG00000273972.1	AC068722.2	turquoise	0.369764245109446
ENSG00000233695.2	GAS6-AS1	turquoise	0.368719218315651
ENSG00000268201.1	AC020915.1	turquoise	0.367569975323065
ENSG00000261744.1	AC116552.1	turquoise	0.366291047593098
ENSG00000259933.6	AC009065.2	turquoise	0.365662273233284
ENSG00000239415.1	AP001469.3	turquoise	0.365501091588044
ENSG00000203739.4	PRDX6-AS1	turquoise	0.361592198338593
ENSG00000279873.2	LINC01126	turquoise	0.361336596131139
ENSG00000257681.1	AC025265.1	turquoise	0.361294266556261
ENSG00000224251.6	AL391427.1	turquoise	0.360301103833967
ENSG00000273230.1	AC102953.2	turquoise	0.359206279138069
ENSG00000267197.1	AC011461.1	turquoise	0.358363451122773
ENSG00000196756.13	SNHG17	turquoise	0.356892031204315
ENSG00000274354.1	AC105105.3	turquoise	0.355700968002688
ENSG00000263069.6	RNF213-AS1	turquoise	0.353066586431247
ENSG00000260038.1	AC009090.1	turquoise	0.352496644630427
ENSG00000248240.1	AC114956.1	turquoise	0.351856814256688
ENSG00000249859.12	PVT1	turquoise	0.351504175542538
ENSG00000269903.1	AC025165.4	turquoise	0.351485376943641
ENSG00000215481.9	BCRP3	turquoise	0.351476498331582
ENSG00000233184.7	AC093157.1	turquoise	0.350747850251701
ENSG00000286315.1	AC087175.1	turquoise	0.348745285077126
ENSG00000261123.1	AC009065.5	turquoise	0.348689422377245
ENSG00000267117.1	AC010525.1	turquoise	0.348396361849134
ENSG00000267048.1	AC092143.3	turquoise	0.347742526690222
ENSG00000263220.1	AC015727.1	turquoise	0.347459884471845
ENSG00000257222.1	AC079907.1	turquoise	0.347242268119986
ENSG00000287778.1	AC006230.1	turquoise	0.346768425384382
ENSG00000271781.1	AC026740.1	turquoise	0.346457745616636
ENSG00000231305.4	AC112484.1	turquoise	0.345124384568795
ENSG00000278383.1	AL031673.1	turquoise	0.343146876690269
ENSG00000260852.1	FBXL19-AS1	turquoise	0.341862651377903
ENSG00000286948.1	AP000867.5	turquoise	0.341806818334963
ENSG00000230537.2	AL158071.2	turquoise	0.341582618335984
ENSG00000272183.1	AC005041.3	turquoise	0.341266359644618
ENSG00000270039.1	AC025165.5	turquoise	0.341211387012156
ENSG00000273308.1	AC024560.3	turquoise	0.337857205917309
ENSG00000235381.1	AL596202.1	turquoise	0.337651228115073
ENSG00000272161.1	AL589739.1	turquoise	0.329444172671154
ENSG00000275910.1	AC138932.4	turquoise	0.329325351467193
ENSG00000272465.1	AL031768.1	turquoise	0.329291825613232
ENSG00000269392.1	AC008655.2	turquoise	0.328309269825445
ENSG00000228274.4	AL021707.2	turquoise	0.327579414070035
ENSG00000231851.6	MRPS9-AS1	turquoise	0.323831940292441
ENSG00000269646.1	AC010487.1	turquoise	0.323604358472761
ENSG00000227355.3	AL359644.1	turquoise	0.319362679095793
ENSG00000246334.2	PRR7-AS1	turquoise	0.318294384888677
ENSG00000260368.1	AC027373.1	turquoise	0.317256830668404
ENSG00000234869.1	AL021392.1	turquoise	0.315802978916867
ENSG00000273306.1	AC018690.1	turquoise	0.314790384094354
ENSG00000263823.1	AC009831.1	turquoise	0.314701560667808
ENSG00000250764.1	AC025178.1	turquoise	0.314050290991553
ENSG00000232600.3	TONSL-AS1	turquoise	0.313216906681388
ENSG00000260060.1	AC009088.1	turquoise	0.312873058926687
ENSG00000286588.1	AC104841.1	turquoise	0.312170464153176
ENSG00000226310.1	AL022157.1	turquoise	0.311938065355361
ENSG00000225506.2	CYP4A22-AS1	turquoise	0.311349502890297
ENSG00000225335.3	AC016027.1	turquoise	0.310587601646532
ENSG00000228350.1	LINC02585	turquoise	0.309621063048513
ENSG00000269815.1	AC010463.3	turquoise	0.309570789118909
ENSG00000260635.1	AC092338.1	turquoise	0.309361410844415
ENSG00000236849.6	LINC01474	turquoise	0.309270724624789
ENSG00000272384.1	AC016405.3	turquoise	0.309269404264595
ENSG00000260796.1	AC145285.3	turquoise	0.308939310915806
ENSG00000267612.1	AC008759.2	turquoise	0.308684227604916
ENSG00000258302.2	AC025034.1	turquoise	0.307504041110621
ENSG00000265800.1	AC022211.3	turquoise	0.307233509288732
ENSG00000236423.6	LINC01134	turquoise	0.307002315998803
ENSG00000245694.10	CRNDE	turquoise	0.306181858341209
ENSG00000272382.1	AC025171.5	turquoise	0.305757090048431
ENSG00000233590.1	LINC02640	turquoise	0.305506564342627
ENSG00000215241.4	LINC02449	turquoise	0.304473246693248
ENSG00000269918.1	AF131215.6	turquoise	0.303540633315024
ENSG00000267257.1	AC105105.1	turquoise	0.303052286183405
ENSG00000281468.1	AC006504.7	turquoise	0.302778744399361
ENSG00000286782.1	AL355377.3	turquoise	0.301263989293787
ENSG00000273012.1	AL353600.1	turquoise	0.300072577607742
ENSG00000253167.1	WASHC5-AS1	turquoise	0.299856269162832
ENSG00000236514.1	AL135791.1	turquoise	0.299677070142637
ENSG00000248256.1	OCIAD1-AS1	turquoise	0.298945456618445
ENSG00000277548.1	AC018926.3	turquoise	0.298132587584509
ENSG00000271218.1	AL033384.2	turquoise	0.29211030008722
ENSG00000247774.7	PCED1B-AS1	yellow	0.925700935265221
ENSG00000268027.5	AC243960.1	yellow	0.889965749028648
ENSG00000281103.2	TRG-AS1	yellow	0.88986654730048
ENSG00000238121.6	LINC00426	yellow	0.877689995610095
ENSG00000228427.3	AL590764.1	yellow	0.865748177146049
ENSG00000266088.6	AC004585.1	yellow	0.857563097805514
ENSG00000267074.1	AC015911.3	yellow	0.838850392932824
ENSG00000272282.1	LINC02084	yellow	0.836978424255933
ENSG00000239636.1	TFAP2E-AS1	yellow	0.825222343091559
ENSG00000265148.6	TSPOAP1-AS1	yellow	0.808005938552985
ENSG00000245164.8	LINC00861	yellow	0.801780970484383
ENSG00000267121.6	AC008105.3	yellow	0.768978973751875
ENSG00000258875.6	AL135818.1	yellow	0.768114376358933
ENSG00000227039.6	ITGB2-AS1	yellow	0.750925298282086
ENSG00000234883.6	MIR155HG	yellow	0.747440622752329
ENSG00000236935.1	AP003774.2	yellow	0.743905708056841
ENSG00000288600.1	AL354833.2	yellow	0.742343466139333
ENSG00000223511.7	AL683807.1	yellow	0.728802204596807
ENSG00000256262.1	USP30-AS1	yellow	0.7230652428479
ENSG00000253988.1	AC079015.1	yellow	0.720322814799373
ENSG00000226004.1	LINC02528	yellow	0.716875095897092
ENSG00000255197.6	AC090559.1	yellow	0.713430198537038
ENSG00000224429.8	LINC00539	yellow	0.710818711424078
ENSG00000273341.2	AC004921.1	yellow	0.709101801447649
ENSG00000269220.1	LINC00528	yellow	0.704301478417048
ENSG00000258181.1	AC008083.3	yellow	0.698516061273814
ENSG00000235831.7	BHLHE40-AS1	yellow	0.694949036668602
ENSG00000180539.8	C9orf139	yellow	0.694529040940418
ENSG00000286646.1	AL121933.2	yellow	0.692804358140151
ENSG00000240143.1	AL023653.1	yellow	0.689608144990838
ENSG00000272839.1	AC011899.2	yellow	0.681380349181938
ENSG00000265743.1	AC138207.5	yellow	0.68068191674541
ENSG00000259834.1	AL365361.1	yellow	0.67852463423477
ENSG00000246526.2	LINC02481	yellow	0.675537829818411
ENSG00000272908.1	AC006033.2	yellow	0.670737373891716
ENSG00000265975.1	AC002091.1	yellow	0.670301946438525
ENSG00000260997.1	AC004847.1	yellow	0.669974419954916
ENSG00000235586.1	AC011247.1	yellow	0.667899078634476
ENSG00000285165.1	AC124014.1	yellow	0.667655817975689
ENSG00000233038.6	PTPRN2-AS1	yellow	0.660182669828297
ENSG00000273855.1	AC020658.5	yellow	0.657052216855519
ENSG00000197536.11	IRF1-AS1	yellow	0.653334986153302
ENSG00000233093.6	LINC00892	yellow	0.650590314598384
ENSG00000248996.1	AC145098.1	yellow	0.64730667983803
ENSG00000287839.1	AL353807.5	yellow	0.644713970224991
ENSG00000265206.5	AC004687.1	yellow	0.643910131690999
ENSG00000264707.1	L3MBTL4-AS1	yellow	0.639400406276597
ENSG00000235576.1	LINC01871	yellow	0.635972606689614
ENSG00000204261.9	PSMB8-AS1	yellow	0.634373668386567
ENSG00000255760.2	LINC02422	yellow	0.631616940408063
ENSG00000273669.1	AC015819.1	yellow	0.629134685289407
ENSG00000270164.1	LINC01480	yellow	0.621787967581957
ENSG00000288156.1	AC104530.1	yellow	0.620234056161776
ENSG00000245954.8	LINC02273	yellow	0.617219384525902
ENSG00000249502.3	AC006160.1	yellow	0.614555786958314
ENSG00000226791.7	LINC02611	yellow	0.607100645344497
ENSG00000234290.2	AC116366.1	yellow	0.606710716201519
ENSG00000229671.3	LINC01150	yellow	0.606213274401366
ENSG00000181908.5	LINC02724	yellow	0.603544624150607
ENSG00000280721.1	LINC01943	yellow	0.602349694063772
ENSG00000231113.2	AL035587.1	yellow	0.60045103817278
ENSG00000256039.2	LINC02446	yellow	0.595730703939256
ENSG00000237797.1	MACORIS	yellow	0.595362203147043
ENSG00000259436.1	AC010247.2	yellow	0.591851275901968
ENSG00000167912.6	AC090152.1	yellow	0.589398363701729
ENSG00000223552.1	CCR5AS	yellow	0.588627009335972
ENSG00000267364.2	AC022706.1	yellow	0.586060725596075
ENSG00000256948.1	AC026369.3	yellow	0.584732689368999
ENSG00000187951.11	AC091057.1	yellow	0.582195459485206
ENSG00000272529.1	AC090948.3	yellow	0.57731509852472
ENSG00000280734.3	LINC01232	yellow	0.576104514558132
ENSG00000266389.1	AC002091.2	yellow	0.574648303086413
ENSG00000231621.1	ANKRD44-AS1	yellow	0.573510001323293
ENSG00000287263.1	AC008875.3	yellow	0.567870359758713
ENSG00000239213.6	NCK1-DT	yellow	0.565679155475517
ENSG00000231964.1	AL731567.1	yellow	0.564139981374015
ENSG00000241657.1	TRBV11-2	yellow	0.562799460582074
ENSG00000224666.3	ETV7-AS1	yellow	0.561886486699139
ENSG00000260135.7	MMP2-AS1	yellow	0.561528367741544
ENSG00000224137.1	LINC01857	yellow	0.557414533405341
ENSG00000225783.8	MIAT	yellow	0.556840732465358
ENSG00000273837.1	AC018755.4	yellow	0.55339317743545
ENSG00000272583.1	AL592494.2	yellow	0.552795964425705
ENSG00000255422.3	AP002954.1	yellow	0.547146558900689
ENSG00000248693.1	LINC02100	yellow	0.546700161799675
ENSG00000227495.1	KIF1C-AS1	yellow	0.543121800408507
ENSG00000258733.6	LINC02328	yellow	0.542341394512766
ENSG00000270426.1	AC099343.2	yellow	0.542295271915641
ENSG00000268316.1	AC006272.1	yellow	0.537380227259702
ENSG00000258521.1	AL157871.2	yellow	0.532339855774988
ENSG00000274767.1	AC243829.1	yellow	0.530731965684654
ENSG00000223799.1	IL10RB-DT	yellow	0.528012395994982
ENSG00000206337.12	HCP5	yellow	0.525723132521747
ENSG00000258810.1	AL133371.2	yellow	0.522578462982831
ENSG00000286656.1	AC008875.2	yellow	0.520855169535744
ENSG00000178977.3	LINC00324	yellow	0.520070410761913
ENSG00000223534.1	HLA-DQB1-AS1	yellow	0.518574550235435
ENSG00000251442.6	LINC01094	yellow	0.518019058021385
ENSG00000264456.1	AC138207.4	yellow	0.516281322940934
ENSG00000237976.1	RFX5-AS1	yellow	0.516002931755959
ENSG00000285744.1	AC083837.1	yellow	0.514386838278223
ENSG00000274508.1	AC007336.2	yellow	0.512929300124681
ENSG00000224307.2	AL161785.1	yellow	0.510921892239943
ENSG00000226067.7	LINC00623	yellow	0.508646572250857
ENSG00000260145.1	AC023825.2	yellow	0.507072040482096
ENSG00000256128.6	LINC00944	yellow	0.50639240871136
ENSG00000237499.7	WAKMAR2	yellow	0.504710295628086
ENSG00000238113.7	LINC01410	yellow	0.500442140439023
ENSG00000250155.2	AC008957.1	yellow	0.495105007778048
ENSG00000272081.1	AC008972.2	yellow	0.492855751424924
ENSG00000225756.1	DBH-AS1	yellow	0.488722311423831
ENSG00000271964.1	AC090948.1	yellow	0.482888798634624
ENSG00000286194.1	AC138207.9	yellow	0.482461715784557
ENSG00000236481.1	LINC02195	yellow	0.481875407091937
ENSG00000272498.1	AC090948.2	yellow	0.474592612813915
ENSG00000242258.1	LINC00996	yellow	0.474367739078669
ENSG00000253522.6	MIR3142HG	yellow	0.472981688279633
ENSG00000268001.1	CARD8-AS1	yellow	0.472566825107476
ENSG00000287543.1	AC013486.1	yellow	0.470711373818769
ENSG00000257242.8	LINC01619	yellow	0.470257195373455
ENSG00000261596.2	AC005632.3	yellow	0.469701901476179
ENSG00000257027.1	AC010186.3	yellow	0.468458832198904
ENSG00000259772.6	AC012236.1	yellow	0.467203977239448
ENSG00000277229.1	AC084781.1	yellow	0.462699680873032
ENSG00000285761.1	AL645939.5	yellow	0.462682381864717
ENSG00000231680.1	LINC02723	yellow	0.460907039526671
ENSG00000272666.1	KLHDC7B-DT	yellow	0.459604763725288
ENSG00000284882.1	AL359762.1	yellow	0.457762454229779
ENSG00000230747.1	AC021188.1	yellow	0.457400755339972
ENSG00000244459.2	AC147067.1	yellow	0.454257584490958
ENSG00000230107.1	AL022316.1	yellow	0.452345474885846
ENSG00000274536.7	MIR223HG	yellow	0.449271666970115
ENSG00000176659.9	C20orf197	yellow	0.446863622804225
ENSG00000282851.2	BISPR	yellow	0.446138876969932
ENSG00000286940.1	MICB-DT	yellow	0.440317345192369
ENSG00000276533.1	AC018926.2	yellow	0.438457532809517
ENSG00000286292.1	AC099343.3	yellow	0.436712891532514
ENSG00000270133.1	AC025766.1	yellow	0.43290013818138
ENSG00000247982.6	LINC00926	yellow	0.429611296469031
ENSG00000270062.1	AL606834.2	yellow	0.428845506385383
ENSG00000262823.1	AC127521.1	yellow	0.426807298655169
ENSG00000255186.1	AC087277.2	yellow	0.425545505781018
ENSG00000225331.1	LINC01678	yellow	0.422978124866543
ENSG00000272463.1	AL357054.4	yellow	0.418112606033868
ENSG00000287255.1	AC007877.1	yellow	0.414152996708178
ENSG00000272914.1	AL359532.1	yellow	0.413701687291389
ENSG00000273447.1	AC004067.1	yellow	0.413624609365026
ENSG00000256448.5	AP000763.3	yellow	0.41175273759069
ENSG00000287091.1	AC009961.3	yellow	0.40936990430075
ENSG00000256633.1	PDE2A-AS2	yellow	0.408875032518929
ENSG00000273486.1	AC096992.2	yellow	0.406945715503871
ENSG00000236559.1	BCL2L1-AS1	yellow	0.404221079531836
ENSG00000286276.1	AL390066.2	yellow	0.40287850017995
ENSG00000214922.9	HLA-F-AS1	yellow	0.401744868903709
ENSG00000269053.1	AC010319.3	yellow	0.400138705430121
ENSG00000253838.1	AC007991.2	yellow	0.396427998533087
ENSG00000228058.2	LINC01736	yellow	0.394533745229563
ENSG00000277587.1	AC008759.3	yellow	0.393837199263197
ENSG00000269919.1	AL022067.1	yellow	0.389841057197802
ENSG00000245667.2	AC006064.1	yellow	0.384985507012386
ENSG00000254287.1	AC007991.4	yellow	0.38444846932908
ENSG00000244625.7	MIATNB	yellow	0.38004905051971
ENSG00000246582.3	AC100861.1	yellow	0.37946373930731
ENSG00000267731.1	AC005332.2	yellow	0.377676975240206
ENSG00000271936.1	AC012073.1	yellow	0.372277255333232
ENSG00000271797.1	AC008494.3	yellow	0.371452282645581
ENSG00000283696.1	AL592295.4	yellow	0.369707045591249
ENSG00000223478.1	AL441992.1	yellow	0.368858856552818
ENSG00000232628.6	AC092809.2	yellow	0.368137270603418
ENSG00000225643.1	AL606491.1	yellow	0.364890924975615
ENSG00000271926.1	AC008972.1	yellow	0.362865192612058
ENSG00000228857.2	AC104653.1	yellow	0.36186196527229
ENSG00000268355.1	AC243960.3	yellow	0.356466560520335
ENSG00000233806.7	LINC01237	yellow	0.356359855822251
ENSG00000278231.1	AL133342.1	yellow	0.355973467118226
ENSG00000224950.2	AL390066.1	yellow	0.351548735241088
ENSG00000261338.2	AC021016.1	yellow	0.349771323361581
ENSG00000236120.7	AC110995.1	yellow	0.345078525705647
ENSG00000204971.3	AP000812.1	yellow	0.340729749475735
ENSG00000224397.7	PELATON	yellow	0.339798849868297
ENSG00000267745.1	AC060766.7	yellow	0.33637917507412
ENSG00000276980.1	AC008760.2	yellow	0.333182187535976
ENSG00000237945.7	LINC00649	yellow	0.325539350292225
ENSG00000224649.1	AF124730.1	yellow	0.321603733696931
ENSG00000288610.1	AL161669.4	yellow	0.31481837366333
ENSG00000248734.2	AC008906.1	yellow	0.310483164838935
ENSG00000268601.1	AC115522.1	yellow	0.309326223146996
ENSG00000235795.1	AC093157.2	yellow	0.308974154534354
ENSG00000264278.1	ZNF236-DT	yellow	0.308535154535845
ENSG00000136315.4	AL355922.1	yellow	0.308434610486919
ENSG00000267711.1	AC060766.6	yellow	0.306404299983022
ENSG00000250948.1	AC091180.4	yellow	0.304491777385659
