module	gene_id	gene_name	loading	gene_center	gene_scale
lnc_MEblack	ENSG00000269352.1	PTOV1-AS2	0.108837	1.14621	0.372379
lnc_MEblack	ENSG00000267523.1	AC008735.2	0.105499	1.6148	0.498312
lnc_MEblack	ENSG00000225855.7	RUSC1-AS1	0.10297	0.910282	0.285424
lnc_MEblack	ENSG00000263272.1	AC004148.1	0.101737	1.16236	0.349232
lnc_MEblack	ENSG00000267244.5	AC012615.6	0.0991296	0.693154	0.241434
lnc_MEblack	ENSG00000271032.1	AC020907.4	0.0985876	0.911172	0.369405
lnc_MEblack	ENSG00000224660.2	SH3BP5-AS1	0.0983473	0.973329	0.324184
lnc_MEblack	ENSG00000257270.1	AL928654.2	0.0983134	1.44415	0.476418
lnc_MEblack	ENSG00000280927.1	CTBP1-AS	0.0972526	0.444734	0.176104
lnc_MEblack	ENSG00000272849.1	AC084018.1	0.0964864	1.68207	0.552628
lnc_MEblack	ENSG00000225032.5	AL162586.1	0.0964621	0.909063	0.340012
lnc_MEblack	ENSG00000240731.1	AL139287.1	0.0961509	2.40565	0.546619
lnc_MEblack	ENSG00000273137.1	AL022328.2	0.0947536	0.996708	0.395107
lnc_MEblack	ENSG00000270060.1	AC090589.3	0.0946494	0.975219	0.279217
lnc_MEblack	ENSG00000286018.1	AF129075.3	0.0934612	0.870978	0.260676
lnc_MEblack	ENSG00000223374.1	AC005104.1	0.0934211	1.03077	0.342895
lnc_MEblack	ENSG00000275888.1	AC132872.3	0.092879	1.2733	0.47413
lnc_MEblack	ENSG00000263345.1	AC006435.2	0.0923086	0.771757	0.316196
lnc_MEblack	ENSG00000224975.1	INE1	0.0916104	1.21017	0.339279
lnc_MEblack	ENSG00000235016.1	SEMA3F-AS1	0.0911192	0.372368	0.154547
lnc_MEblack	ENSG00000272669.1	AL021707.6	0.0910096	1.30438	0.45423
lnc_MEblack	ENSG00000285728.2	AC098484.4	0.0906372	0.400258	0.148408
lnc_MEblack	ENSG00000236017.8	ASMTL-AS1	0.0904296	1.31517	0.604527
lnc_MEblack	ENSG00000228302.2	AL512770.1	0.0903741	0.387276	0.145608
lnc_MEblack	ENSG00000232931.6	LINC00342	0.0894962	1.38063	0.363658
lnc_MEblack	ENSG00000245849.8	RAD51-AS1	0.0891633	1.67973	0.420182
lnc_MEblack	ENSG00000283103.3	AC010642.2	0.0890286	0.408869	0.126951
lnc_MEblack	ENSG00000260751.2	AC008870.2	0.0879448	0.61635	0.224873
lnc_MEblack	ENSG00000272720.1	AL022322.1	0.0877774	1.05456	0.422792
lnc_MEblack	ENSG00000257621.8	PSMA3-AS1	0.0876716	2.30861	0.380429
lnc_MEblack	ENSG00000272153.1	AL365330.1	0.0875842	0.886109	0.311657
lnc_MEblack	ENSG00000254461.1	AP001107.4	0.0870839	0.653667	0.305133
lnc_MEblack	ENSG00000259972.3	AC009120.2	0.0863666	1.08349	0.321246
lnc_MEblack	ENSG00000260793.2	AC003102.1	0.0861857	0.797265	0.315619
lnc_MEblack	ENSG00000266236.1	NARF-IT1	0.0853972	0.460319	0.204634
lnc_MEblack	ENSG00000286808.1	AC092338.3	0.0853773	0.493939	0.17217
lnc_MEblack	ENSG00000273188.1	AL022328.3	0.0851145	0.773847	0.26925
lnc_MEblack	ENSG00000258559.2	AC005519.1	0.0850087	0.559136	0.235087
lnc_MEblack	ENSG00000236871.7	LINC00106	0.0845773	1.50933	0.64457
lnc_MEblack	ENSG00000196696.13	PDXDC2P-NPIPB14P	0.084526	0.33058	0.151074
lnc_MEblack	ENSG00000264290.1	AC104564.3	0.0843936	0.741952	0.321559
lnc_MEblack	ENSG00000237883.2	DGUOK-AS1	0.084149	0.521979	0.187059
lnc_MEblack	ENSG00000268218.1	AC137932.3	0.0841001	0.376955	0.148755
lnc_MEblack	ENSG00000269439.6	AC010618.3	0.0839241	0.4928	0.149686
lnc_MEblack	ENSG00000230590.11	FTX	0.0832143	0.749161	0.194349
lnc_MEblack	ENSG00000236200.6	KDM4A-AS1	0.083038	0.314786	0.116666
lnc_MEblack	ENSG00000269929.3	MIRLET7A1HG	0.0829953	0.662548	0.301305
lnc_MEblack	ENSG00000268030.1	AC005253.1	0.0825635	0.396648	0.164316
lnc_MEblack	ENSG00000228242.6	XPC-AS1	0.0818822	0.396836	0.125411
lnc_MEblack	ENSG00000276488.1	AC008735.4	0.0818027	0.609825	0.222199
lnc_MEblack	ENSG00000255031.5	AP002807.1	0.0815174	0.606519	0.319887
lnc_MEblack	ENSG00000235245.1	AL360181.2	0.0814343	1.48421	0.478088
lnc_MEblack	ENSG00000261490.1	AC005674.1	0.081155	0.720503	0.336641
lnc_MEblack	ENSG00000258424.1	AL512791.1	0.080745	1.36447	0.479571
lnc_MEblack	ENSG00000262877.5	AC110285.2	0.0806638	1.16985	0.627291
lnc_MEblack	ENSG00000271895.2	AL109811.2	0.0802603	0.73957	0.287091
lnc_MEblack	ENSG00000260565.7	ERVK13-1	0.080207	0.831192	0.244966
lnc_MEblack	ENSG00000235351.1	AC114730.3	0.0800589	0.383317	0.213158
lnc_MEblack	ENSG00000267096.1	AC008735.1	0.0798784	0.408412	0.208826
lnc_MEblack	ENSG00000275582.1	AL031670.1	0.0792737	0.703412	0.25774
lnc_MEblack	ENSG00000230565.1	ZNF32-AS2	0.0789138	0.70728	0.238375
lnc_MEblack	ENSG00000268947.1	AC002128.1	0.0788892	0.632052	0.262058
lnc_MEblack	ENSG00000206573.9	THUMPD3-AS1	0.0788796	0.949804	0.237799
lnc_MEblack	ENSG00000267169.2	AC022098.1	0.07881	0.582792	0.200216
lnc_MEblack	ENSG00000258515.1	AL355075.2	0.0786475	0.642132	0.293471
lnc_MEblack	ENSG00000254676.1	AP000873.4	0.0785354	0.412338	0.179644
lnc_MEblack	ENSG00000259891.1	AC107375.1	0.0785151	1.19115	0.331623
lnc_MEblack	ENSG00000250397.2	AP006623.1	0.0784747	0.804667	0.338701
lnc_MEblack	ENSG00000262370.6	AC108134.3	0.0780906	0.872773	0.370929
lnc_MEblack	ENSG00000237015.1	AL031186.1	0.0780696	0.626626	0.305241
lnc_MEblack	ENSG00000266896.1	AL354892.3	0.0778221	0.41394	0.151321
lnc_MEblack	ENSG00000182873.5	PRKCZ-AS1	0.0773708	0.831618	0.289816
lnc_MEblack	ENSG00000228526.7	MIR34AHG	0.0771817	0.980945	0.363205
lnc_MEblack	ENSG00000245532.9	NEAT1	0.077061	4.10116	0.851187
lnc_MEblack	ENSG00000228315.12	GUSBP11	0.0767476	0.567884	0.243189
lnc_MEblack	ENSG00000264112.1	AC015813.1	0.0765401	1.18655	0.407765
lnc_MEblack	ENSG00000260773.1	AC055855.1	0.0762076	0.538786	0.217098
lnc_MEblack	ENSG00000267571.1	AC104532.2	0.0759327	0.90398	0.309792
lnc_MEblack	ENSG00000231731.7	AC010976.1	0.075418	0.265122	0.0873437
lnc_MEblack	ENSG00000267344.1	AC003070.1	0.0751985	0.572582	0.281469
lnc_MEblack	ENSG00000278112.1	AC145423.2	0.0750927	0.695845	0.288444
lnc_MEblack	ENSG00000260051.1	AL031600.1	0.0747784	0.728578	0.380754
lnc_MEblack	ENSG00000229152.2	ANKRD10-IT1	0.0747678	2.82003	0.483118
lnc_MEblack	ENSG00000229431.1	MED8-AS1	0.0746972	0.485522	0.226844
lnc_MEblack	ENSG00000257509.1	AC073487.1	0.0746677	0.575598	0.233683
lnc_MEblack	ENSG00000261373.1	VPS9D1-AS1	0.074416	0.55622	0.324877
lnc_MEblack	ENSG00000286067.1	AC004263.2	0.0743897	1.2818	0.451678
lnc_MEblack	ENSG00000272836.1	AL022328.1	0.0741092	1.0987	0.38843
lnc_MEblack	ENSG00000267834.1	AL592211.1	0.0740213	0.269583	0.177412
lnc_MEblack	ENSG00000288033.1	AC137894.4	0.0737036	0.275053	0.156056
lnc_MEblack	ENSG00000264577.1	AC010761.1	0.073634	0.656157	0.298459
lnc_MEblack	ENSG00000265791.1	AC127024.4	0.0735573	0.843526	0.299304
lnc_MEblack	ENSG00000227782.2	AC002553.1	0.0735029	1.01135	0.288163
lnc_MEblack	ENSG00000203588.3	IGBP1-AS1	0.0733305	0.422938	0.196474
lnc_MEblack	ENSG00000225313.5	AL513327.1	0.073116	0.775714	0.273915
lnc_MEblack	ENSG00000259515.1	AL117209.1	0.073109	0.419549	0.22554
lnc_MEblack	ENSG00000286223.1	AC064836.3	0.0731014	0.670172	0.294921
lnc_MEblack	ENSG00000265511.1	AC020558.2	0.0730382	0.598902	0.302661
lnc_MEblack	ENSG00000272871.1	AL159169.2	0.0728289	0.449962	0.221717
lnc_MEblack	ENSG00000244945.1	RUFY1-AS1	0.0724591	0.37141	0.159942
lnc_MEblack	ENSG00000269680.1	AC008760.1	0.0721525	0.797445	0.298912
lnc_MEblack	ENSG00000233429.9	HOTAIRM1	0.0720206	0.856661	0.429044
lnc_MEblack	ENSG00000249592.6	AC139887.2	0.0720094	0.723395	0.186568
lnc_MEblack	ENSG00000237938.5	AL450998.2	0.0719848	0.326898	0.130547
lnc_MEblack	ENSG00000226648.2	PLCG1-AS1	0.0719498	0.25828	0.0969159
lnc_MEblack	ENSG00000230149.2	AL021707.3	0.071589	0.316881	0.1764
lnc_MEblack	ENSG00000237781.3	ADAMTSL4-AS2	0.0714332	0.569637	0.343849
lnc_MEblack	ENSG00000273096.1	AL021707.8	0.0712192	1.12673	0.434684
lnc_MEblack	ENSG00000234912.12	SNHG20	0.0707807	1.09637	0.280763
lnc_MEblack	ENSG00000259081.1	AF111169.3	0.0707771	0.489874	0.250195
lnc_MEblack	ENSG00000259321.1	AL136295.2	0.0705219	0.381379	0.197364
lnc_MEblack	ENSG00000251562.8	MALAT1	0.0700329	5.00226	0.741608
lnc_MEblack	ENSG00000274403.1	AC090510.2	0.0697504	0.469151	0.195382
lnc_MEblack	ENSG00000268970.1	AC022150.2	0.0695562	1.55669	0.341754
lnc_MEblack	ENSG00000253200.1	AC037459.2	0.0695419	0.316162	0.131333
lnc_MEblack	ENSG00000226029.1	LINC01772	0.0694697	0.531088	0.156761
lnc_MEblack	ENSG00000271533.1	Z83843.1	0.0689912	1.08121	0.294466
lnc_MEblack	ENSG00000233885.7	YEATS2-AS1	0.068512	0.319877	0.136273
lnc_MEblack	ENSG00000276166.1	AC092118.2	0.068035	0.28229	0.185283
lnc_MEblack	ENSG00000233250.1	AC233728.1	0.0677163	0.539309	0.283464
lnc_MEblack	ENSG00000274105.1	AC084824.3	0.0675238	0.564546	0.194497
lnc_MEblack	ENSG00000227741.1	AL121987.2	0.067273	0.278536	0.142775
lnc_MEblack	ENSG00000261351.2	AC116913.1	0.066876	0.723124	0.165041
lnc_MEblack	ENSG00000276570.1	AC010327.6	0.0665581	0.491108	0.157901
lnc_MEblack	ENSG00000255176.1	AP000941.1	0.0664681	0.425679	0.229087
lnc_MEblack	ENSG00000269191.1	AC005387.2	0.0661354	0.519559	0.214263
lnc_MEblack	ENSG00000270083.1	AL021878.4	0.0660808	0.76864	0.30792
lnc_MEblack	ENSG00000229780.1	UBE2Q1-AS1	0.0659102	0.4233	0.203584
lnc_MEblack	ENSG00000235313.1	HM13-IT1	0.0656281	0.945402	0.323083
lnc_MEblack	ENSG00000231628.1	AL133406.2	0.065171	0.361876	0.164779
lnc_MEblack	ENSG00000254419.1	AL139349.1	0.0643726	1.10655	0.587356
lnc_MEblack	ENSG00000269148.1	AC092301.1	0.0639288	0.267876	0.121014
lnc_MEblack	ENSG00000270760.1	AD001527.1	0.0637161	0.494136	0.271447
lnc_MEblack	ENSG00000272588.1	AC139887.4	0.0630963	0.522475	0.227046
lnc_MEblack	ENSG00000272834.1	AL022238.2	0.0630466	0.417345	0.239608
lnc_MEblack	ENSG00000223749.11	MIR503HG	0.0630441	1.3043	0.692636
lnc_MEblack	ENSG00000269688.1	AC008982.2	0.0625666	0.597689	0.355022
lnc_MEblack	ENSG00000272141.1	AL390719.2	0.0625053	0.703245	0.572269
lnc_MEblack	ENSG00000280758.1	AL356481.3	0.0623231	0.297874	0.167913
lnc_MEblack	ENSG00000263321.1	AC024361.3	0.0621553	0.233263	0.165182
lnc_MEblack	ENSG00000237940.3	LINC01238	0.0620271	0.332631	0.206267
lnc_MEblack	ENSG00000285725.1	AC004967.2	0.0614152	0.329088	0.145588
lnc_MEblack	ENSG00000273076.1	AL021707.7	0.0613554	0.53109	0.232521
lnc_MEblack	ENSG00000225177.6	AL590617.2	0.061156	0.721041	0.316024
lnc_MEblack	ENSG00000273568.1	AC131009.3	0.0608801	1.06433	0.38157
lnc_MEblack	ENSG00000242798.1	AC073842.2	0.0608794	0.499271	0.22268
lnc_MEblack	ENSG00000231607.12	DLEU2	0.060872	0.40851	0.107874
lnc_MEblack	ENSG00000233799.1	AC139887.1	0.0602661	0.628555	0.274397
lnc_MEblack	ENSG00000260306.1	AC092375.2	0.0602136	0.329184	0.210313
lnc_MEblack	ENSG00000259659.1	AC009996.1	0.0597064	0.344372	0.152724
lnc_MEblack	ENSG00000258646.1	AL049780.1	0.0595634	0.505416	0.278663
lnc_MEblack	ENSG00000269925.1	Z98884.2	0.0594573	1.09401	0.297971
lnc_MEblack	ENSG00000266651.1	AC093484.4	0.0593016	0.54482	0.30006
lnc_MEblack	ENSG00000286360.1	AC107081.3	0.0589991	0.314143	0.140906
lnc_MEblack	ENSG00000276691.1	AC004466.3	0.0589935	0.33412	0.242196
lnc_MEblack	ENSG00000225578.1	NCBP2-AS1	0.0573899	0.273004	0.166211
lnc_MEblack	ENSG00000286681.1	AF235103.3	0.0567879	0.321975	0.129089
lnc_MEblack	ENSG00000231125.2	AF129075.1	0.0563577	0.590394	0.196046
lnc_MEblack	ENSG00000273055.1	AC005046.1	0.0563213	0.77002	0.42304
lnc_MEblack	ENSG00000254964.1	AP001458.1	0.0554835	0.383748	0.324101
lnc_MEblack	ENSG00000203392.3	AC105020.1	0.0547555	1.00777	0.502786
lnc_MEblack	ENSG00000267519.6	AC020916.1	0.0540982	1.16704	0.671967
lnc_MEblack	ENSG00000279342.2	AP000866.6	0.0536775	0.376183	0.14038
lnc_MEblack	ENSG00000254165.1	AC090739.1	0.0532599	0.472109	0.19058
lnc_MEblack	ENSG00000224195.1	AC022400.1	0.0502494	0.423798	0.186607
lnc_MEblack	ENSG00000268366.1	AC010271.1	0.0497989	0.263864	0.203124
lnc_MEblack	ENSG00000276248.1	AL442125.1	0.0494545	0.282305	0.128909
lnc_MEblack	ENSG00000250116.2	RHOQ-AS1	0.0458769	0.31227	0.163762
lnc_MEblack	ENSG00000271366.1	AC002128.2	0.0457175	0.303448	0.187409
lnc_MEblack	ENSG00000186594.14	MIR22HG	0.0455239	2.77091	0.69485
lnc_MEblack	ENSG00000286964.1	AL136169.1	0.0442679	0.904616	0.337177
lnc_MEblack	ENSG00000254577.1	AC087276.1	0.043486	0.675907	0.315717
lnc_MEblack	ENSG00000287837.1	AL590064.1	0.0433132	1.2307	0.545293
lnc_MEblack	ENSG00000259884.1	NR4A1AS	0.0409574	0.736595	0.656882
lnc_MEblack	ENSG00000260473.2	AC068987.2	0.0404574	0.250532	0.141144
lnc_MEblack	ENSG00000223960.7	CHROMR	0.0404545	0.864422	0.256106
lnc_MEblack	ENSG00000262147.1	AC124283.2	0.0381393	0.409842	0.252573
lnc_MEblack	ENSG00000234478.1	ACBD3-AS1	0.037907	0.325489	0.183215
lnc_MEblack	ENSG00000269652.1	AC011510.1	0.0368447	0.407603	0.319651
lnc_MEblue	ENSG00000255746.1	AC007406.2	0.0991241	2.8397	1.20076
lnc_MEblue	ENSG00000178803.12	ADORA2A-AS1	0.0965605	1.51894	0.688257
lnc_MEblue	ENSG00000241158.7	ADAMTS9-AS1	0.0921005	3.36655	1.27925
lnc_MEblue	ENSG00000227258.6	SMIM2-AS1	0.0894689	2.04352	0.939306
lnc_MEblue	ENSG00000241388.5	HNF1A-AS1	0.0893019	1.72453	0.665023
lnc_MEblue	ENSG00000246223.9	LINC01550	0.088953	0.98919	0.404468
lnc_MEblue	ENSG00000225457.1	AC073346.1	0.0889181	1.20089	0.853928
lnc_MEblue	ENSG00000213373.7	LINC00671	0.0885915	2.34489	1.67664
lnc_MEblue	ENSG00000273265.1	CNNM3-DT	0.0884602	1.5927	0.604368
lnc_MEblue	ENSG00000286024.1	AC026803.3	0.088172	1.76091	0.856441
lnc_MEblue	ENSG00000259347.7	AC087482.1	0.0877778	2.28983	0.925397
lnc_MEblue	ENSG00000261170.2	AC009053.3	0.0873965	1.72142	0.748297
lnc_MEblue	ENSG00000235947.1	EGOT	0.0872703	2.32638	0.911473
lnc_MEblue	ENSG00000230945.1	LINC01507	0.0872289	1.83091	0.765644
lnc_MEblue	ENSG00000225329.3	LHFPL3-AS2	0.0860362	1.79062	1.07813
lnc_MEblue	ENSG00000287090.1	AC116345.4	0.0860236	1.32164	0.795371
lnc_MEblue	ENSG00000269486.2	ERVK9-11	0.0859186	1.54249	0.670791
lnc_MEblue	ENSG00000259359.2	AC012409.1	0.0858125	1.04859	0.491206
lnc_MEblue	ENSG00000180769.10	WDFY3-AS2	0.0842348	1.35296	0.462864
lnc_MEblue	ENSG00000235142.10	LINC02532	0.0833148	3.45646	0.890947
lnc_MEblue	ENSG00000251448.2	AC063919.1	0.082934	0.449438	0.352969
lnc_MEblue	ENSG00000183784.7	DOCK8-AS1	0.0828141	1.77783	0.884139
lnc_MEblue	ENSG00000225431.1	LINC01671	0.0827588	3.91424	1.07404
lnc_MEblue	ENSG00000251637.6	LINC02754	0.0826475	0.751282	0.609787
lnc_MEblue	ENSG00000249776.5	AC124854.1	0.0822947	2.23494	1.32535
lnc_MEblue	ENSG00000232079.7	LINC01697	0.0822907	1.89526	0.728365
lnc_MEblue	ENSG00000229380.1	PRKAR1B-AS2	0.0822352	3.14042	1.39908
lnc_MEblue	ENSG00000269043.2	AC008554.1	0.0819005	0.763628	0.392724
lnc_MEblue	ENSG00000267892.1	AC022144.1	0.0812366	2.23338	0.777055
lnc_MEblue	ENSG00000251169.2	LINC01843	0.0803296	1.84262	0.792232
lnc_MEblue	ENSG00000238102.2	AL080248.1	0.079439	0.796841	0.638383
lnc_MEblue	ENSG00000229847.9	EMX2OS	0.0793018	3.07875	1.01382
lnc_MEblue	ENSG00000247228.3	AC009060.1	0.0786394	0.972968	0.604748
lnc_MEblue	ENSG00000224568.2	LINC01886	0.0786253	0.931103	0.671617
lnc_MEblue	ENSG00000235139.2	AC003984.1	0.0784612	0.985372	0.71848
lnc_MEblue	ENSG00000264575.1	LINC00526	0.0783773	1.46496	0.441725
lnc_MEblue	ENSG00000261978.1	AC116025.1	0.0781781	0.419876	0.370481
lnc_MEblue	ENSG00000280366.1	AL161782.1	0.0781713	0.542919	0.356797
lnc_MEblue	ENSG00000257989.1	AC078864.1	0.0776871	2.88555	1.07866
lnc_MEblue	ENSG00000260418.1	AL023284.4	0.0776866	2.56531	1.06386
lnc_MEblue	ENSG00000255774.2	LINC02747	0.0776164	2.65153	1.6658
lnc_MEblue	ENSG00000284377.1	AL589669.1	0.0764087	2.99836	1.18817
lnc_MEblue	ENSG00000175773.13	ZBTB44-DT	0.0755714	0.455489	0.221353
lnc_MEblue	ENSG00000267480.1	AP001542.3	0.075556	2.87505	0.804491
lnc_MEblue	ENSG00000231107.2	LINC01508	0.0754061	1.80325	0.847608
lnc_MEblue	ENSG00000248319.2	LINC02275	0.0753598	0.718166	0.43113
lnc_MEblue	ENSG00000226200.7	SGMS1-AS1	0.0748923	0.706564	0.184217
lnc_MEblue	ENSG00000275234.1	AC010503.4	0.0745011	4.42314	0.853513
lnc_MEblue	ENSG00000274501.1	AL121845.4	0.0741809	1.01753	0.607051
lnc_MEblue	ENSG00000251599.1	AC116345.3	0.073734	1.33781	1.11993
lnc_MEblue	ENSG00000272510.1	AL121992.3	0.0735677	0.416947	0.353231
lnc_MEblue	ENSG00000234091.1	AL157392.2	0.0733982	0.45107	0.322644
lnc_MEblue	ENSG00000286724.1	AL732509.1	0.0733564	0.66475	0.185905
lnc_MEblue	ENSG00000205885.7	C1RL-AS1	0.072925	1.74524	0.523713
lnc_MEblue	ENSG00000226733.4	AL138826.1	0.0727766	1.07829	1.1667
lnc_MEblue	ENSG00000245281.8	AC124242.1	0.0726297	0.340505	0.151075
lnc_MEblue	ENSG00000262294.1	AC129507.2	0.0724451	1.45112	0.603917
lnc_MEblue	ENSG00000224616.3	RTCA-AS1	0.072146	0.524973	0.188854
lnc_MEblue	ENSG00000258808.1	LINC02310	0.0716612	0.317589	0.298286
lnc_MEblue	ENSG00000262769.1	AC025627.1	0.0715454	0.893321	0.605131
lnc_MEblue	ENSG00000228923.1	AP000355.1	0.0715086	1.16402	0.646709
lnc_MEblue	ENSG00000233639.7	PANTR1	0.0714816	1.9207	0.614717
lnc_MEblue	ENSG00000272505.1	AC104964.3	0.0714648	0.749347	0.421301
lnc_MEblue	ENSG00000251359.4	WWC2-AS2	0.0713316	1.08829	0.427592
lnc_MEblue	ENSG00000286785.1	LINC01622	0.071287	1.33014	0.987803
lnc_MEblue	ENSG00000277559.1	AC018553.1	0.0711973	2.18589	0.761963
lnc_MEblue	ENSG00000286324.1	AL033381.3	0.071169	0.402512	0.331582
lnc_MEblue	ENSG00000243694.3	LINC02027	0.0709833	0.641717	0.475939
lnc_MEblue	ENSG00000285933.1	AP003498.2	0.0709213	2.12525	1.34053
lnc_MEblue	ENSG00000260541.1	AL031722.1	0.0708527	1.07482	0.533691
lnc_MEblue	ENSG00000275025.1	AC002401.3	0.070838	1.26611	0.608653
lnc_MEblue	ENSG00000231789.2	PIK3CD-AS2	0.0707609	1.81034	0.677546
lnc_MEblue	ENSG00000203645.2	LINC00501	0.0706952	0.66785	0.426266
lnc_MEblue	ENSG00000225376.6	TMEM246-AS1	0.0706508	0.646305	0.676066
lnc_MEblue	ENSG00000286747.1	AL627095.2	0.070572	0.721283	0.344679
lnc_MEblue	ENSG00000232624.8	LINC01517	0.0704773	0.263956	0.26528
lnc_MEblue	ENSG00000270937.1	AL033381.2	0.0702377	1.16972	0.958201
lnc_MEblue	ENSG00000233006.8	MIR3936HG	0.0698692	1.86829	0.471477
lnc_MEblue	ENSG00000275672.1	AC025580.3	0.0697888	0.43877	0.296658
lnc_MEblue	ENSG00000226337.3	TMEM252-DT	0.0697515	0.766852	0.566789
lnc_MEblue	ENSG00000197585.10	AC068051.1	0.0694264	0.428891	0.344016
lnc_MEblue	ENSG00000250885.1	LINC02061	0.069331	0.581408	0.706977
lnc_MEblue	ENSG00000232893.1	IQCA1-AS1	0.0686006	0.392966	0.307217
lnc_MEblue	ENSG00000234396.3	AL590822.1	0.0684735	0.595257	0.527566
lnc_MEblue	ENSG00000225953.3	SATB2-AS1	0.0681992	0.686961	0.368154
lnc_MEblue	ENSG00000223923.2	TNS1-AS1	0.0680587	0.859981	0.476439
lnc_MEblue	ENSG00000257261.6	AC008014.1	0.0679096	0.703428	0.222343
lnc_MEblue	ENSG00000286388.1	AC026748.7	0.067635	1.81677	0.459498
lnc_MEblue	ENSG00000224093.5	BCAR3-AS1	0.0675303	1.2673	0.611424
lnc_MEblue	ENSG00000230731.3	AL589745.1	0.0674183	0.681613	0.465167
lnc_MEblue	ENSG00000262995.1	AC137056.1	0.0672299	1.15514	0.766131
lnc_MEblue	ENSG00000286830.1	AC105052.5	0.0668437	0.664637	0.420218
lnc_MEblue	ENSG00000259146.4	AC005476.2	0.0668032	1.03045	0.441408
lnc_MEblue	ENSG00000265408.1	AC009084.1	0.0664097	1.00172	0.707681
lnc_MEblue	ENSG00000229782.1	AC118754.1	0.065879	0.804487	0.378825
lnc_MEblue	ENSG00000257702.3	LBX2-AS1	0.0657968	2.9672	0.668376
lnc_MEblue	ENSG00000255435.7	AP001267.3	0.0657161	0.313713	0.158358
lnc_MEblue	ENSG00000245750.10	DRAIC	0.0652776	0.386127	0.322288
lnc_MEblue	ENSG00000227502.3	MROCKI	0.0652447	1.566	0.608979
lnc_MEblue	ENSG00000180525.13	PRR26	0.0649264	1.08634	0.502567
lnc_MEblue	ENSG00000225342.2	LRRK2-DT	0.0648429	2.18577	0.854735
lnc_MEblue	ENSG00000277159.1	AL139384.2	0.064704	0.450326	0.267044
lnc_MEblue	ENSG00000228689.8	AL355997.1	0.0646519	0.235419	0.171409
lnc_MEblue	ENSG00000231210.3	COMETT	0.0644165	0.717306	0.610357
lnc_MEblue	ENSG00000285984.1	AC009301.1	0.063677	0.968681	0.526691
lnc_MEblue	ENSG00000246022.3	ALDH1L1-AS2	0.0636679	0.669131	0.522039
lnc_MEblue	ENSG00000228888.1	LINC01428	0.0635014	1.6561	0.838433
lnc_MEblue	ENSG00000260167.1	AC093249.2	0.0634574	0.461647	0.298294
lnc_MEblue	ENSG00000176912.5	TYMSOS	0.0634144	0.530976	0.316544
lnc_MEblue	ENSG00000250934.2	AC016924.1	0.0632515	0.345166	0.259077
lnc_MEblue	ENSG00000260173.1	AC020779.2	0.0628714	0.380066	0.263584
lnc_MEblue	ENSG00000279949.1	AC022784.6	0.0627138	0.65646	0.383702
lnc_MEblue	ENSG00000256008.3	AC125616.1	0.06264	0.406114	0.404561
lnc_MEblue	ENSG00000288398.1	AL109627.1	0.0624872	1.90792	0.417694
lnc_MEblue	ENSG00000250282.1	AC002401.2	0.0624238	0.882322	0.501353
lnc_MEblue	ENSG00000179818.14	PCBP1-AS1	0.0624059	0.945394	0.236367
lnc_MEblue	ENSG00000272784.1	AC019193.2	0.0623151	0.944778	0.483448
lnc_MEblue	ENSG00000232485.3	RPL37A-DT	0.062284	0.515721	0.210888
lnc_MEblue	ENSG00000246523.8	FZD4-DT	0.061811	0.713245	0.303917
lnc_MEblue	ENSG00000260196.1	AC124798.1	0.0616481	1.68022	0.697717
lnc_MEblue	ENSG00000261390.6	MAFTRR	0.0611094	0.326419	0.205115
lnc_MEblue	ENSG00000234690.7	EPCAM-DT	0.0609216	0.75575	0.369196
lnc_MEblue	ENSG00000204876.4	AC021218.1	0.0609213	1.62035	1.03319
lnc_MEblue	ENSG00000272733.1	AP000345.2	0.0608803	0.621262	0.472059
lnc_MEblue	ENSG00000225361.4	PPP1R26-AS1	0.0607592	0.908691	0.408304
lnc_MEblue	ENSG00000287236.1	Z73420.1	0.0605493	0.480396	0.351033
lnc_MEblue	ENSG00000260201.2	AC141273.1	0.0603602	0.693676	0.58312
lnc_MEblue	ENSG00000275963.1	AC008115.4	0.0602804	0.824279	0.308617
lnc_MEblue	ENSG00000232271.1	AL096799.1	0.0601279	1.97381	0.993467
lnc_MEblue	ENSG00000228262.10	LINC01320	0.0599545	3.78635	1.02595
lnc_MEblue	ENSG00000261729.2	AL133383.1	0.059882	0.306985	0.228104
lnc_MEblue	ENSG00000283689.1	AC018553.2	0.0598355	0.945621	0.437153
lnc_MEblue	ENSG00000273032.3	DGCR5	0.0598301	2.0933	0.761419
lnc_MEblue	ENSG00000272555.1	AC009974.1	0.0598104	0.587402	0.384376
lnc_MEblue	ENSG00000287342.1	AC188616.1	0.0596293	0.465087	0.29172
lnc_MEblue	ENSG00000230393.1	AC092667.1	0.0595499	0.251562	0.209864
lnc_MEblue	ENSG00000274723.1	AC079906.1	0.0595295	0.342281	0.240634
lnc_MEblue	ENSG00000233005.2	AC018742.1	0.0593017	0.968514	1.01303
lnc_MEblue	ENSG00000269985.1	AL021328.1	0.059125	1.60142	0.807272
lnc_MEblue	ENSG00000236472.1	AC002401.1	0.0590952	0.303887	0.361032
lnc_MEblue	ENSG00000249378.6	LINC01060	0.0587473	0.462022	0.442836
lnc_MEblue	ENSG00000285730.1	Z94721.3	0.0585782	0.449162	0.277238
lnc_MEblue	ENSG00000227543.5	SPAG5-AS1	0.0585781	0.370197	0.339161
lnc_MEblue	ENSG00000285669.1	AC026979.4	0.0585077	0.46534	0.16733
lnc_MEblue	ENSG00000286733.1	LINC02348	0.0584291	2.38753	1.10334
lnc_MEblue	ENSG00000259444.1	AL161669.1	0.0582708	0.916147	0.580761
lnc_MEblue	ENSG00000214145.7	LINC00887	0.0582255	2.69995	1.02536
lnc_MEblue	ENSG00000229457.1	LINC01789	0.0579291	1.30999	1.09987
lnc_MEblue	ENSG00000272979.1	AC093388.1	0.0575509	1.31396	0.449931
lnc_MEblue	ENSG00000227630.4	LINC01132	0.0573133	0.431006	0.273854
lnc_MEblue	ENSG00000237836.6	PHKA2-AS1	0.0572205	0.640001	0.301039
lnc_MEblue	ENSG00000248925.1	AC021087.1	0.0571931	0.514169	0.319643
lnc_MEblue	ENSG00000273180.1	AC019193.3	0.0571778	0.312042	0.240142
lnc_MEblue	ENSG00000248008.3	NRAV	0.0570005	2.47857	0.405025
lnc_MEblue	ENSG00000225378.1	AC015977.1	0.0565235	0.693476	0.628225
lnc_MEblue	ENSG00000227598.1	Z94721.1	0.0558824	0.798094	0.400855
lnc_MEblue	ENSG00000260025.1	CRIM1-DT	0.0557721	3.18846	0.730135
lnc_MEblue	ENSG00000228944.1	AC004485.1	0.055675	0.533304	0.576252
lnc_MEblue	ENSG00000270084.2	GAS5-AS1	0.0555282	1.44046	0.286588
lnc_MEblue	ENSG00000226780.1	AC244035.1	0.0549885	0.64663	0.461079
lnc_MEblue	ENSG00000249249.2	AC010226.1	0.0549593	0.621856	0.22162
lnc_MEblue	ENSG00000260963.2	AC026462.3	0.0548876	0.24684	0.249928
lnc_MEblue	ENSG00000214999.3	AC129492.1	0.0546535	0.332297	0.244135
lnc_MEblue	ENSG00000236914.4	LINC01852	0.0546507	0.753402	0.246559
lnc_MEblue	ENSG00000223462.2	AL353801.1	0.0546393	0.88292	0.643162
lnc_MEblue	ENSG00000231890.8	DARS-AS1	0.0545222	0.876881	0.360409
lnc_MEblue	ENSG00000260941.1	LINC00622	0.0544945	1.03725	0.445779
lnc_MEblue	ENSG00000258586.1	LINC02274	0.0543131	3.39067	1.3898
lnc_MEblue	ENSG00000249201.2	CTD-3080P12.3	0.0539385	0.26908	0.349973
lnc_MEblue	ENSG00000271109.2	AC008555.4	0.053801	0.985067	0.446692
lnc_MEblue	ENSG00000228150.1	AL357140.2	0.0536537	0.650209	0.278815
lnc_MEblue	ENSG00000223914.4	LINC02471	0.0534722	0.853604	0.733243
lnc_MEblue	ENSG00000288573.1	AL357079.3	0.0533845	1.28841	0.47996
lnc_MEblue	ENSG00000270996.1	AC005034.4	0.0533165	0.284503	0.191617
lnc_MEblue	ENSG00000272568.6	AC005162.2	0.0532908	0.440842	0.303769
lnc_MEblue	ENSG00000270540.1	AC093915.1	0.0529427	0.411614	0.362145
lnc_MEblue	ENSG00000271715.1	AC012640.3	0.0528652	0.651294	0.459421
lnc_MEblue	ENSG00000273133.1	AC116651.1	0.0528098	0.697451	0.324882
lnc_MEblue	ENSG00000266955.1	AP001269.1	0.0525929	0.217514	0.168087
lnc_MEblue	ENSG00000287691.1	AL031602.2	0.0525118	0.686927	0.263932
lnc_MEblue	ENSG00000270820.6	AC016727.1	0.0524076	0.85301	0.237459
lnc_MEblue	ENSG00000213994.3	AL157395.1	0.0522372	0.643772	0.363093
lnc_MEblue	ENSG00000263753.8	LINC00667	0.0521639	2.03118	0.345497
lnc_MEblue	ENSG00000272375.1	AC026979.3	0.0518229	0.707164	0.270051
lnc_MEblue	ENSG00000250159.7	AC106791.1	0.0518218	0.362074	0.215775
lnc_MEblue	ENSG00000285872.1	AC007240.3	0.0518045	0.413341	0.221422
lnc_MEblue	ENSG00000288670.1	AL592295.6	0.0517507	2.53973	0.437233
lnc_MEblue	ENSG00000270959.1	LPP-AS2	0.051619	1.14361	0.29802
lnc_MEblue	ENSG00000249984.1	AC026780.2	0.051474	0.342733	0.417831
lnc_MEblue	ENSG00000232153.3	AC012593.2	0.0511696	1.94128	0.70156
lnc_MEblue	ENSG00000249631.6	AC005699.1	0.050765	0.2987	0.259792
lnc_MEblue	ENSG00000247317.3	LY6E-DT	0.0505973	0.858163	0.625157
lnc_MEblue	ENSG00000272369.1	AC008035.1	0.0503664	0.785179	0.311032
lnc_MEblue	ENSG00000226699.1	AL360181.1	0.0501234	0.566687	0.439607
lnc_MEblue	ENSG00000260457.2	AC027458.1	0.0494323	0.950128	0.902437
lnc_MEblue	ENSG00000283991.1	AC017000.1	0.0491296	0.597024	0.559962
lnc_MEblue	ENSG00000268061.5	NAPA-AS1	0.0489791	0.693283	0.245149
lnc_MEblue	ENSG00000257642.1	KCCAT198	0.0489236	1.59325	0.851295
lnc_MEblue	ENSG00000266973.1	AC092296.1	0.0488271	0.247501	0.208349
lnc_MEblue	ENSG00000234506.5	LINC01506	0.0486969	0.947434	0.46958
lnc_MEblue	ENSG00000255120.5	OVOL1-AS1	0.0485316	1.09337	0.801215
lnc_MEblue	ENSG00000253641.6	LINCR-0001	0.048455	0.274824	0.182926
lnc_MEblue	ENSG00000248211.1	TRPC7-AS1	0.0480863	0.50091	0.486429
lnc_MEblue	ENSG00000249743.6	AC116345.1	0.0478968	0.754556	0.765428
lnc_MEblue	ENSG00000251076.1	AC104126.1	0.04766	1.90411	1.4814
lnc_MEblue	ENSG00000253428.1	LINC01942	0.047649	0.55312	0.442352
lnc_MEblue	ENSG00000256802.2	AC022613.1	0.04719	1.68771	0.713579
lnc_MEblue	ENSG00000255660.1	RERG-AS1	0.0467714	0.647002	0.575057
lnc_MEblue	ENSG00000253616.5	AC107959.3	0.0466451	0.919578	0.56948
lnc_MEblue	ENSG00000271980.1	AC012640.4	0.0464142	0.343714	0.292156
lnc_MEblue	ENSG00000259579.1	AC087762.1	0.0462385	0.297575	0.310862
lnc_MEblue	ENSG00000250303.4	LINC02762	0.0460665	1.51316	0.643516
lnc_MEblue	ENSG00000233643.2	LINC02625	0.0453915	0.318083	0.350559
lnc_MEblue	ENSG00000263680.2	AC007639.1	0.0450806	0.430187	0.454436
lnc_MEblue	ENSG00000226330.1	AL606489.1	0.0450552	1.07717	0.468839
lnc_MEblue	ENSG00000267363.1	AC092296.4	0.0450045	0.303478	0.28974
lnc_MEblue	ENSG00000254362.1	AC011726.2	0.0448106	0.31678	0.225422
lnc_MEblue	ENSG00000231013.2	SCTR-AS1	0.0443963	1.90834	1.13414
lnc_MEblue	ENSG00000229051.2	LINC01788	0.0442004	0.384516	0.535982
lnc_MEblue	ENSG00000286585.1	AC104472.4	0.0439059	0.43924	0.24025
lnc_MEblue	ENSG00000234899.11	SOX9-AS1	0.0438987	0.296684	0.181316
lnc_MEblue	ENSG00000255750.6	AC022509.1	0.0438456	1.35264	0.891039
lnc_MEblue	ENSG00000281491.1	DNAJB5-DT	0.043815	0.313533	0.273903
lnc_MEblue	ENSG00000212978.6	AC016747.1	0.04368	2.47914	0.441499
lnc_MEblue	ENSG00000223387.6	LINC02068	0.0436247	0.269969	0.223796
lnc_MEblue	ENSG00000240137.6	ERICH6-AS1	0.0435885	0.378225	0.133912
lnc_MEblue	ENSG00000256234.1	AC022509.2	0.0431173	2.16503	1.26493
lnc_MEblue	ENSG00000228192.8	AL512353.1	0.0429436	0.52379	0.201468
lnc_MEblue	ENSG00000254695.2	AC087379.2	0.0428998	0.599054	0.909667
lnc_MEblue	ENSG00000237126.8	AC073254.1	0.042748	0.462665	0.176813
lnc_MEblue	ENSG00000257845.1	LINC02294	0.0425444	0.860061	0.995808
lnc_MEblue	ENSG00000237742.7	AL365259.1	0.0422557	0.282318	0.255499
lnc_MEblue	ENSG00000249252.5	C1QTNF7-AS1	0.0418464	0.439266	0.260494
lnc_MEblue	ENSG00000234155.1	LINC02535	0.041782	0.817949	0.737572
lnc_MEblue	ENSG00000228271.2	LINC02048	0.0413982	0.918265	0.480227
lnc_MEblue	ENSG00000228421.2	AC005013.1	0.040468	0.250216	0.193142
lnc_MEblue	ENSG00000265490.1	AP001178.2	0.0399698	0.34303	0.26101
lnc_MEblue	ENSG00000278840.1	AC009878.1	0.0399559	0.446839	0.398154
lnc_MEblue	ENSG00000248242.1	AC004053.1	0.0398926	0.242438	0.256216
lnc_MEblue	ENSG00000231948.2	HS1BP3-IT1	0.0389326	0.947762	0.649897
lnc_MEblue	ENSG00000251533.2	LINC00605	0.038847	0.59627	0.538133
lnc_MEblue	ENSG00000203434.2	AL353740.1	0.0384699	0.203455	0.277762
lnc_MEblue	ENSG00000224116.7	INHBA-AS1	0.0382296	0.268386	0.352095
lnc_MEblue	ENSG00000282164.3	PEG13	0.037716	1.32269	0.93958
lnc_MEblue	ENSG00000253930.1	TNFRSF10A-AS1	0.0375692	1.30148	0.440925
lnc_MEblue	ENSG00000233654.2	AC108047.1	0.0367799	0.593737	0.239402
lnc_MEbrown	ENSG00000232442.1	MHENCR	0.10802	2.31998	0.553173
lnc_MEbrown	ENSG00000273619.1	AL121832.2	0.106522	1.10834	0.438658
lnc_MEbrown	ENSG00000239569.3	KMT2E-AS1	0.106467	2.48694	0.624975
lnc_MEbrown	ENSG00000231663.1	COA6-AS1	0.100741	1.3941	0.483894
lnc_MEbrown	ENSG00000286408.1	AC113410.4	0.0999671	0.769669	0.335262
lnc_MEbrown	ENSG00000285693.1	AP002381.2	0.0994124	0.705509	0.245976
lnc_MEbrown	ENSG00000261840.3	AC093249.6	0.0983041	0.409785	0.195338
lnc_MEbrown	ENSG00000270006.2	AC010531.6	0.0966609	0.537775	0.335414
lnc_MEbrown	ENSG00000253716.6	MINCR	0.0965603	1.12382	0.42943
lnc_MEbrown	ENSG00000286532.1	PARTICL	0.0951732	1.46213	0.344084
lnc_MEbrown	ENSG00000255224.1	AC109322.1	0.0947463	0.504834	0.234254
lnc_MEbrown	ENSG00000272853.1	AC069544.1	0.09463	0.721584	0.297568
lnc_MEbrown	ENSG00000277969.1	AC006449.6	0.0944971	0.920902	0.262003
lnc_MEbrown	ENSG00000232645.5	LINC01431	0.0944827	0.430244	0.256361
lnc_MEbrown	ENSG00000260924.2	LINC01311	0.094243	0.515246	0.243156
lnc_MEbrown	ENSG00000260018.1	AC040169.1	0.0936529	0.979519	0.443695
lnc_MEbrown	ENSG00000270673.1	YTHDF3-AS1	0.0932417	0.779331	0.331523
lnc_MEbrown	ENSG00000287710.1	AC067852.5	0.0924688	0.772618	0.323378
lnc_MEbrown	ENSG00000235706.8	DICER1-AS1	0.0922547	0.806977	0.278338
lnc_MEbrown	ENSG00000260083.2	MIR762HG	0.0921869	0.510756	0.151339
lnc_MEbrown	ENSG00000287817.1	AL096701.4	0.0914146	0.649089	0.267804
lnc_MEbrown	ENSG00000278743.1	AC087239.1	0.0913	0.441736	0.297838
lnc_MEbrown	ENSG00000227540.1	DNAJC9-AS1	0.090591	0.681077	0.262279
lnc_MEbrown	ENSG00000237436.1	CAMTA1-DT	0.0900528	0.41293	0.24051
lnc_MEbrown	ENSG00000275494.1	AC133552.5	0.0895166	1.3722	0.520009
lnc_MEbrown	ENSG00000266962.2	AC067852.2	0.0891292	0.721379	0.225403
lnc_MEbrown	ENSG00000260625.3	AC026471.2	0.088586	0.339665	0.180653
lnc_MEbrown	ENSG00000263011.1	AC108134.4	0.0880546	0.661069	0.332043
lnc_MEbrown	ENSG00000256092.2	SBNO1-AS1	0.0876861	0.423515	0.249987
lnc_MEbrown	ENSG00000222020.3	HDAC4-AS1	0.0876753	0.692405	0.369321
lnc_MEbrown	ENSG00000271855.1	AC073195.1	0.0873183	0.2589	0.160092
lnc_MEbrown	ENSG00000272791.1	AC073389.3	0.0870188	0.516855	0.249974
lnc_MEbrown	ENSG00000277383.1	AC010331.1	0.0868768	0.244167	0.196518
lnc_MEbrown	ENSG00000287825.1	AL035587.2	0.0868241	0.885194	0.302708
lnc_MEbrown	ENSG00000272677.1	AC124016.1	0.0866296	0.314146	0.183805
lnc_MEbrown	ENSG00000255198.4	SNHG9	0.0865997	1.8267	0.715254
lnc_MEbrown	ENSG00000286835.1	AL133477.1	0.0864904	0.533471	0.266396
lnc_MEbrown	ENSG00000255135.4	AP002360.1	0.0863528	1.89112	0.482303
lnc_MEbrown	ENSG00000270419.1	CAHM	0.0860656	0.611594	0.273724
lnc_MEbrown	ENSG00000274104.1	AC020910.5	0.0859483	1.34416	0.405647
lnc_MEbrown	ENSG00000272525.1	AC099522.2	0.0856764	0.6653	0.289391
lnc_MEbrown	ENSG00000261526.2	AC012615.1	0.0856565	0.504778	0.195375
lnc_MEbrown	ENSG00000272172.1	AC138696.2	0.0848031	1.1844	0.539473
lnc_MEbrown	ENSG00000269246.1	AC011445.1	0.0845651	0.843871	0.488267
lnc_MEbrown	ENSG00000255568.3	BRWD1-AS2	0.083308	0.394818	0.198507
lnc_MEbrown	ENSG00000269293.3	ZSCAN16-AS1	0.0831628	1.09299	0.285895
lnc_MEbrown	ENSG00000203993.6	ARRDC1-AS1	0.0828009	1.65591	0.389393
lnc_MEbrown	ENSG00000260708.1	AL118516.1	0.0828006	2.12123	0.63772
lnc_MEbrown	ENSG00000270175.1	AC023509.3	0.082168	0.958047	0.341119
lnc_MEbrown	ENSG00000260260.1	SNHG19	0.0820512	3.91634	0.860851
lnc_MEbrown	ENSG00000237310.2	GS1-124K5.4	0.081957	1.05335	0.39285
lnc_MEbrown	ENSG00000285533.2	RELA-DT	0.08153	0.489301	0.164641
lnc_MEbrown	ENSG00000272829.1	AC002470.1	0.0815041	0.640784	0.327695
lnc_MEbrown	ENSG00000232412.1	AL121601.1	0.0812356	0.379674	0.275483
lnc_MEbrown	ENSG00000274213.1	AC015912.3	0.0811655	0.552128	0.409421
lnc_MEbrown	ENSG00000256073.3	URB1-AS1	0.0809991	2.23713	0.473698
lnc_MEbrown	ENSG00000224418.1	STK24-AS1	0.0807321	0.278286	0.154872
lnc_MEbrown	ENSG00000255284.2	AP006621.3	0.0798815	1.62257	0.44571
lnc_MEbrown	ENSG00000246089.3	AC016065.1	0.0798271	0.838718	0.255163
lnc_MEbrown	ENSG00000269961.1	AC010359.2	0.0792718	0.57846	0.26567
lnc_MEbrown	ENSG00000273026.1	AL358472.3	0.0787237	0.995688	0.338387
lnc_MEbrown	ENSG00000272288.6	AL451165.2	0.0784554	1.37269	0.338875
lnc_MEbrown	ENSG00000273253.2	AL022328.4	0.0779968	0.562777	0.258481
lnc_MEbrown	ENSG00000228201.1	AL022341.1	0.0778366	0.514648	0.302644
lnc_MEbrown	ENSG00000272716.1	AL121658.1	0.0774201	0.262707	0.145288
lnc_MEbrown	ENSG00000266402.3	SNHG25	0.0772377	0.815327	0.527763
lnc_MEbrown	ENSG00000273391.1	AC083880.1	0.0766306	0.463218	0.270784
lnc_MEbrown	ENSG00000228288.7	PCAT6	0.0761292	1.62334	0.685949
lnc_MEbrown	ENSG00000247092.7	SNHG10	0.0760928	0.473681	0.189866
lnc_MEbrown	ENSG00000267395.5	DM1-AS	0.0755099	0.665285	0.271625
lnc_MEbrown	ENSG00000268751.1	SCGB1B2P	0.0752614	0.941799	0.426125
lnc_MEbrown	ENSG00000260236.1	AC099778.1	0.075127	0.493637	0.194325
lnc_MEbrown	ENSG00000260563.3	AC132872.1	0.0748479	1.95684	0.486473
lnc_MEbrown	ENSG00000226386.1	PARD3-AS1	0.074733	0.980786	0.524649
lnc_MEbrown	ENSG00000278071.1	AL161669.3	0.0735568	1.34961	0.65089
lnc_MEbrown	ENSG00000227946.1	AC007383.1	0.0730072	1.27615	0.349481
lnc_MEbrown	ENSG00000266473.1	AC007448.4	0.0728541	0.324525	0.210651
lnc_MEbrown	ENSG00000260136.6	AC008915.2	0.0726084	0.718281	0.269405
lnc_MEbrown	ENSG00000257698.2	GIHCG	0.0722849	1.34527	0.362067
lnc_MEbrown	ENSG00000236617.2	AC127070.1	0.0721523	0.271618	0.188598
lnc_MEbrown	ENSG00000197180.2	CH17-340M24.3	0.0718443	2.70572	0.451268
lnc_MEbrown	ENSG00000277459.1	AP001527.2	0.0717892	0.292778	0.2045
lnc_MEbrown	ENSG00000272092.1	AC087623.2	0.0716165	0.341953	0.157172
lnc_MEbrown	ENSG00000224992.2	AL445645.1	0.0715349	0.354578	0.218927
lnc_MEbrown	ENSG00000235919.4	ASH1L-AS1	0.0710949	0.951144	0.300068
lnc_MEbrown	ENSG00000276900.1	AC023157.2	0.070659	1.16708	0.294521
lnc_MEbrown	ENSG00000276698.1	AL136295.6	0.0703596	1.08262	0.330483
lnc_MEbrown	ENSG00000269386.5	RAB11B-AS1	0.0699885	1.17066	0.313341
lnc_MEbrown	ENSG00000226944.1	RNF207-AS1	0.0698274	0.579026	0.408391
lnc_MEbrown	ENSG00000273139.1	AC007663.3	0.0697872	0.327977	0.197885
lnc_MEbrown	ENSG00000222043.2	AC079305.1	0.0695407	0.352475	0.205782
lnc_MEbrown	ENSG00000273473.1	BX649601.1	0.06933	0.360481	0.22246
lnc_MEbrown	ENSG00000286874.1	AC072054.1	0.0692315	0.254882	0.192329
lnc_MEbrown	ENSG00000224870.7	MRPL20-AS1	0.0688553	2.45395	0.371637
lnc_MEbrown	ENSG00000269609.6	RPARP-AS1	0.0688412	1.24841	0.314719
lnc_MEbrown	ENSG00000287356.1	AL590822.3	0.0687309	0.463463	0.249122
lnc_MEbrown	ENSG00000277235.1	AL035420.3	0.0681519	0.303656	0.240277
lnc_MEbrown	ENSG00000255517.6	AP002748.4	0.0676941	0.466855	0.160716
lnc_MEbrown	ENSG00000286158.1	AL034548.2	0.0672921	1.55295	0.462388
lnc_MEbrown	ENSG00000234779.1	BNC2-AS1	0.0672425	1.43763	0.781985
lnc_MEbrown	ENSG00000234608.8	MAPKAPK5-AS1	0.0664578	2.2957	0.29925
lnc_MEbrown	ENSG00000272654.1	AL358472.2	0.0661629	0.58572	0.197621
lnc_MEbrown	ENSG00000249637.2	AC008438.1	0.0657071	0.577032	0.219043
lnc_MEbrown	ENSG00000272927.1	AC107464.2	0.0654109	1.10309	0.60452
lnc_MEbrown	ENSG00000224046.2	AC005076.1	0.0650881	0.649694	0.259845
lnc_MEbrown	ENSG00000285230.2	RALY-AS1	0.0648605	0.416341	0.13162
lnc_MEbrown	ENSG00000240005.6	STIM2-AS1	0.0646723	0.319172	0.222571
lnc_MEbrown	ENSG00000241990.5	PRR34-AS1	0.0645626	1.18003	0.440336
lnc_MEbrown	ENSG00000177337.8	DLGAP1-AS1	0.064126	2.00331	0.454806
lnc_MEbrown	ENSG00000275557.1	AC242842.1	0.0626039	1.13387	0.568142
lnc_MEbrown	ENSG00000272086.1	AC025181.2	0.0623909	1.73824	0.425717
lnc_MEbrown	ENSG00000278546.1	AC003101.2	0.0621629	0.270661	0.214929
lnc_MEbrown	ENSG00000273080.1	AC009309.1	0.0621132	0.949951	0.347748
lnc_MEbrown	ENSG00000278238.1	AL359513.1	0.0618814	0.593857	0.32181
lnc_MEbrown	ENSG00000273821.1	AL096828.3	0.061695	0.385393	0.257423
lnc_MEbrown	ENSG00000271833.1	AL445222.1	0.0613612	0.723635	0.291829
lnc_MEbrown	ENSG00000186056.10	MATN1-AS1	0.0612234	0.46114	0.196701
lnc_MEbrown	ENSG00000233937.7	CTC-338M12.4	0.0610446	0.399009	0.159109
lnc_MEbrown	ENSG00000287574.1	AC004938.2	0.0609466	0.503556	0.228153
lnc_MEbrown	ENSG00000267288.2	AC138150.2	0.0605218	0.347351	0.205656
lnc_MEbrown	ENSG00000233223.3	AC016876.1	0.0603162	1.85861	0.617134
lnc_MEbrown	ENSG00000257135.7	ODC1-DT	0.0596832	0.549082	0.189282
lnc_MEbrown	ENSG00000260193.1	LINC02846	0.0590741	0.358034	0.220889
lnc_MEbrown	ENSG00000267213.4	AC007773.1	0.0588551	0.353768	0.234006
lnc_MEbrown	ENSG00000258099.1	ATXN2-AS	0.0586488	0.372471	0.2119
lnc_MEbrown	ENSG00000260259.1	LINC02166	0.0577257	1.22698	0.561677
lnc_MEbrown	ENSG00000267493.4	CIRBP-AS1	0.0570945	0.695324	0.256159
lnc_MEbrown	ENSG00000277662.1	AL354696.1	0.0563568	0.666075	0.263826
lnc_MEbrown	ENSG00000272186.1	AP003392.5	0.0562624	0.487979	0.235034
lnc_MEbrown	ENSG00000269038.1	AP001462.1	0.0562491	0.69057	0.248496
lnc_MEbrown	ENSG00000231908.1	IDH1-AS1	0.0556611	0.478158	0.250297
lnc_MEbrown	ENSG00000265666.1	RARA-AS1	0.0552166	0.917527	0.296715
lnc_MEbrown	ENSG00000288586.1	AL357874.3	0.0551983	0.362634	0.131456
lnc_MEbrown	ENSG00000260095.1	AC106820.3	0.0546045	0.596593	0.354554
lnc_MEbrown	ENSG00000226853.3	AC010894.1	0.0545725	0.995545	0.360528
lnc_MEbrown	ENSG00000227527.2	AC096540.1	0.0545661	0.57865	0.267953
lnc_MEbrown	ENSG00000280195.1	AC245140.2	0.0543056	0.534794	0.226141
lnc_MEbrown	ENSG00000205559.5	CHKB-DT	0.0542723	0.487245	0.194872
lnc_MEbrown	ENSG00000229539.1	PANK2-AS1	0.0542407	0.923415	0.359823
lnc_MEbrown	ENSG00000234546.4	LNCTAM34A	0.0542374	0.756786	0.296844
lnc_MEbrown	ENSG00000287978.1	AC245407.2	0.0538479	1.18693	0.487461
lnc_MEbrown	ENSG00000246174.9	KCTD21-AS1	0.0536006	0.301558	0.140335
lnc_MEbrown	ENSG00000260063.1	AL512408.1	0.0533326	0.338972	0.138702
lnc_MEbrown	ENSG00000251259.1	AC004069.1	0.0532657	0.729911	0.351317
lnc_MEbrown	ENSG00000267174.5	AC011472.2	0.0525233	0.404422	0.269545
lnc_MEbrown	ENSG00000271752.1	AC112187.3	0.0523044	0.248299	0.18438
lnc_MEbrown	ENSG00000229728.1	AL136531.1	0.0522113	0.718404	0.28301
lnc_MEbrown	ENSG00000236154.1	AL450311.1	0.0520693	0.504584	0.49474
lnc_MEbrown	ENSG00000205913.7	SRRM2-AS1	0.0519181	0.256902	0.136292
lnc_MEbrown	ENSG00000245910.8	SNHG6	0.051381	4.58119	0.571489
lnc_MEbrown	ENSG00000232533.1	AC093673.1	0.0510757	3.47562	0.586481
lnc_MEbrown	ENSG00000260352.1	AC092287.1	0.0509352	0.753623	0.375913
lnc_MEbrown	ENSG00000256628.3	ZBTB11-AS1	0.0507722	1.01787	0.266181
lnc_MEbrown	ENSG00000239911.2	PRKAG2-AS1	0.0503428	1.92878	0.58633
lnc_MEbrown	ENSG00000278356.1	AC005911.1	0.0502591	0.530326	0.247995
lnc_MEbrown	ENSG00000285884.1	AL022345.4	0.0502332	0.356544	0.190469
lnc_MEbrown	ENSG00000265688.2	MAFG-DT	0.0502073	0.867286	0.43567
lnc_MEbrown	ENSG00000153363.13	LINC00467	0.0501104	1.02772	0.268352
lnc_MEbrown	ENSG00000234949.2	AC104667.2	0.0501069	0.415277	0.337698
lnc_MEbrown	ENSG00000226950.8	DANCR	0.0499029	0.938885	0.332505
lnc_MEbrown	ENSG00000274605.2	PCCA-DT	0.0495464	1.02193	0.360612
lnc_MEbrown	ENSG00000248049.7	UBA6-AS1	0.0494268	0.837557	0.184379
lnc_MEbrown	ENSG00000267254.7	ZNF790-AS1	0.0493911	0.456098	0.190097
lnc_MEbrown	ENSG00000272068.1	AL365181.2	0.0487379	0.90699	0.592115
lnc_MEbrown	ENSG00000254812.1	AC067930.2	0.048662	0.215241	0.159744
lnc_MEbrown	ENSG00000267317.2	AC027307.2	0.048534	2.35488	0.407537
lnc_MEbrown	ENSG00000260011.2	AC132938.1	0.0477636	0.330196	0.260446
lnc_MEbrown	ENSG00000231742.6	LINC01273	0.0477343	0.530543	0.256721
lnc_MEbrown	ENSG00000267939.1	AC008946.1	0.0476499	0.801411	0.337137
lnc_MEbrown	ENSG00000232065.1	LINC01063	0.0475686	0.293513	0.202471
lnc_MEbrown	ENSG00000230289.1	AL358781.2	0.0472553	0.268529	0.194743
lnc_MEbrown	ENSG00000228812.7	LAMA5-AS1	0.0470514	0.493323	0.376722
lnc_MEbrown	ENSG00000234215.3	CT66	0.0469489	0.239822	0.201458
lnc_MEbrown	ENSG00000230641.1	USP12-AS2	0.046554	0.30132	0.267701
lnc_MEbrown	ENSG00000263033.2	AC007220.1	0.0462594	0.346002	0.226808
lnc_MEbrown	ENSG00000257660.5	ADCY6-DT	0.0462553	0.368861	0.304937
lnc_MEbrown	ENSG00000227848.1	SUCLA2-AS1	0.0460309	0.361345	0.193755
lnc_MEbrown	ENSG00000238287.1	AL603839.3	0.0458324	0.785258	0.318629
lnc_MEbrown	ENSG00000229388.1	LINC01715	0.0457981	0.353523	0.147851
lnc_MEbrown	ENSG00000235529.1	AGAP1-IT1	0.0457129	0.449252	0.30927
lnc_MEbrown	ENSG00000287222.1	AC234917.3	0.0455052	0.78924	0.268418
lnc_MEbrown	ENSG00000229743.4	LINC01159	0.0454967	0.785998	0.458158
lnc_MEbrown	ENSG00000272667.1	AC012306.2	0.0454432	1.39472	0.347676
lnc_MEbrown	ENSG00000182165.18	TP53TG1	0.0453432	0.906931	0.252346
lnc_MEbrown	ENSG00000241313.3	WWTR1-AS1	0.0447962	0.386819	0.217077
lnc_MEbrown	ENSG00000258101.2	AC010173.1	0.0447083	0.451954	0.19169
lnc_MEbrown	ENSG00000238142.2	BX284668.5	0.044499	0.453885	0.238713
lnc_MEbrown	ENSG00000224020.1	MIR181A2HG	0.0444232	0.497345	0.26034
lnc_MEbrown	ENSG00000261889.1	AC108134.2	0.0442678	0.682749	0.298571
lnc_MEbrown	ENSG00000225913.2	AL138767.3	0.0442588	0.30408	0.251279
lnc_MEbrown	ENSG00000237424.1	FOXD2-AS1	0.0436484	1.30832	0.424123
lnc_MEbrown	ENSG00000272768.1	AC004854.2	0.0433897	0.800048	0.344494
lnc_MEbrown	ENSG00000276406.1	AC015726.2	0.0432597	0.266543	0.266246
lnc_MEbrown	ENSG00000287287.1	AL133476.1	0.0431962	0.342454	0.242023
lnc_MEbrown	ENSG00000255717.7	SNHG1	0.0428204	2.88573	0.627147
lnc_MEbrown	ENSG00000261441.1	AC124068.2	0.0426466	0.367119	0.207383
lnc_MEbrown	ENSG00000272764.1	AL596094.1	0.0423157	0.423117	0.229856
lnc_MEbrown	ENSG00000273160.1	AL359962.2	0.0422788	0.604119	0.359372
lnc_MEbrown	ENSG00000267787.7	AC027097.2	0.0420965	0.506455	0.137148
lnc_MEbrown	ENSG00000273314.1	AC005229.4	0.0415718	0.887128	0.225632
lnc_MEbrown	ENSG00000260630.7	SNAI3-AS1	0.0414806	0.536017	0.135181
lnc_MEbrown	ENSG00000236924.1	AL162411.1	0.0414719	0.335482	0.280367
lnc_MEbrown	ENSG00000243389.1	AC012442.2	0.0414207	0.455305	0.203741
lnc_MEbrown	ENSG00000247516.8	MIR4458HG	0.0411982	0.986622	0.441547
lnc_MEbrown	ENSG00000203497.2	PDCD4-AS1	0.0408814	1.93364	0.473725
lnc_MEbrown	ENSG00000273403.1	AC107294.3	0.0407317	0.369686	0.255837
lnc_MEbrown	ENSG00000257595.3	LINC02356	0.040592	0.250169	0.181694
lnc_MEbrown	ENSG00000273416.1	AL732292.2	0.040375	0.343438	0.213029
lnc_MEbrown	ENSG00000182648.13	LINC01006	0.0390996	0.767664	0.260708
lnc_MEbrown	ENSG00000205106.4	LINC02716	0.0390943	0.616778	0.343814
lnc_MEbrown	ENSG00000265458.2	AC132938.3	0.0388193	0.892382	0.291509
lnc_MEbrown	ENSG00000225518.3	LINC01703	0.0386306	0.366028	0.21949
lnc_MEbrown	ENSG00000253764.3	AC019257.1	0.038427	0.943319	0.555385
lnc_MEbrown	ENSG00000236305.1	SLC12A9-AS1	0.038301	0.736488	0.411516
lnc_MEbrown	ENSG00000259775.1	AL138976.2	0.038226	0.947559	0.357507
lnc_MEbrown	ENSG00000232907.8	DLGAP4-AS1	0.0361364	0.353567	0.138258
lnc_MEbrown	ENSG00000275630.1	AC004816.2	0.0357486	0.468066	0.364488
lnc_MEbrown	ENSG00000270457.1	AC093424.1	0.0354477	0.341299	0.28709
lnc_MEbrown	ENSG00000272156.1	AC008280.2	0.0349328	0.912216	0.279593
lnc_MEcyan	ENSG00000247735.2	AC120114.1	0.191775	0.708793	0.3349
lnc_MEcyan	ENSG00000267767.3	LINC01801	0.182973	0.54094	0.386187
lnc_MEcyan	ENSG00000249348.1	UGDH-AS1	0.178743	0.791181	0.228317
lnc_MEcyan	ENSG00000225975.7	LINC01534	0.177139	0.715408	0.256221
lnc_MEcyan	ENSG00000227214.2	HCG15	0.176666	0.638306	0.340283
lnc_MEcyan	ENSG00000228878.8	SEPTIN7-DT	0.175274	0.631678	0.234996
lnc_MEcyan	ENSG00000258744.2	AL132800.1	0.168763	0.92984	0.325471
lnc_MEcyan	ENSG00000225791.7	TRAM2-AS1	0.164773	1.23522	0.26944
lnc_MEcyan	ENSG00000251611.1	FAM160A1-DT	0.164232	0.634886	0.326496
lnc_MEcyan	ENSG00000261754.2	AC008555.1	0.163583	0.903945	0.520798
lnc_MEcyan	ENSG00000244349.1	AL662791.1	0.155996	0.761628	0.396989
lnc_MEcyan	ENSG00000228801.6	AC064807.1	0.152988	1.33576	0.337579
lnc_MEcyan	ENSG00000286427.1	AC009486.2	0.149753	0.474657	0.27211
lnc_MEcyan	ENSG00000255121.2	CENATAC-DT	0.148989	0.876531	0.282868
lnc_MEcyan	ENSG00000259768.6	AC004943.2	0.146482	0.754723	0.210472
lnc_MEcyan	ENSG00000234390.4	USP27X-AS1	0.146425	1.04524	0.286794
lnc_MEcyan	ENSG00000231170.7	AC002451.1	0.144752	0.312365	0.159068
lnc_MEcyan	ENSG00000250326.2	AC104596.1	0.142167	0.442723	0.193357
lnc_MEcyan	ENSG00000226756.1	AC007365.1	0.139672	0.473558	0.247236
lnc_MEcyan	ENSG00000251602.7	AL928654.1	0.138808	0.883195	0.324943
lnc_MEcyan	ENSG00000287672.1	AC003086.1	0.138039	0.438871	0.293845
lnc_MEcyan	ENSG00000249574.1	AC226118.1	0.137552	0.553851	0.317038
lnc_MEcyan	ENSG00000165511.6	ZNF22-AS1	0.13647	1.57756	0.367351
lnc_MEcyan	ENSG00000235781.1	LINC02569	0.136338	0.290726	0.165271
lnc_MEcyan	ENSG00000270265.1	AC104819.3	0.135181	0.344164	0.224313
lnc_MEcyan	ENSG00000260588.1	AC027702.1	0.134274	0.925626	0.401587
lnc_MEcyan	ENSG00000231652.2	AL590428.1	0.134111	0.425089	0.253135
lnc_MEcyan	ENSG00000266767.1	AP000897.2	0.132882	0.470744	0.415275
lnc_MEcyan	ENSG00000225039.1	LINC01058	0.132799	0.460079	0.265267
lnc_MEcyan	ENSG00000254837.2	AP001372.2	0.132401	1.99373	0.34296
lnc_MEcyan	ENSG00000278390.5	AL354696.2	0.131307	0.288504	0.118557
lnc_MEcyan	ENSG00000196810.5	CTBP1-DT	0.12991	1.8295	0.247218
lnc_MEcyan	ENSG00000258824.2	AL122035.1	0.128935	0.768831	0.281462
lnc_MEcyan	ENSG00000258701.1	LINC00638	0.128552	0.624785	0.284921
lnc_MEcyan	ENSG00000287146.1	AC000085.1	0.124828	0.451839	0.323173
lnc_MEcyan	ENSG00000271147.8	ARMCX5-GPRASP2	0.123522	0.763915	0.180271
lnc_MEcyan	ENSG00000236204.6	LINC01376	0.121728	0.404641	0.143479
lnc_MEcyan	ENSG00000254670.1	RASSF10-DT	0.120866	0.450576	0.406135
lnc_MEcyan	ENSG00000228223.3	HCG11	0.118433	2.02319	0.677889
lnc_MEcyan	ENSG00000287401.1	AC034139.1	0.11713	0.341721	0.170438
lnc_MEcyan	ENSG00000255495.1	AC145124.1	0.114915	0.523612	0.324912
lnc_MEcyan	ENSG00000257052.1	AP003721.4	0.114638	0.451364	0.204055
lnc_MEcyan	ENSG00000270876.1	ZNF30-AS1	0.113562	0.278722	0.208709
lnc_MEcyan	ENSG00000255471.1	AP001528.1	0.112498	1.98233	0.602515
lnc_MEcyan	ENSG00000228065.11	LINC01515	0.1114	0.433991	0.195399
lnc_MEcyan	ENSG00000253893.2	FAM85B	0.103702	0.264799	0.224206
lnc_MEcyan	ENSG00000259363.6	AC090825.1	0.0995835	0.471296	0.21746
lnc_MEcyan	ENSG00000248079.3	DPH6-DT	0.0992662	0.407545	0.256106
lnc_MEcyan	ENSG00000261064.1	LINC02256	0.0970533	0.5372	0.212626
lnc_MEcyan	ENSG00000256894.1	AC022509.3	0.0957974	1.46939	0.545075
lnc_MEcyan	ENSG00000258082.1	AL391832.3	0.0932874	0.302323	0.173017
lnc_MEcyan	ENSG00000229308.1	AC010737.1	0.0852871	0.859791	0.8448
lnc_MEcyan	ENSG00000245522.2	LINC02709	0.0849753	0.553539	0.362087
lnc_MEcyan	ENSG00000257283.1	AC012464.1	0.075579	0.346314	0.190706
lnc_MEgreen	ENSG00000260853.2	AC109460.2	0.117913	0.643303	0.22021
lnc_MEgreen	ENSG00000281183.1	NPTN-IT1	0.112811	0.576812	0.245728
lnc_MEgreen	ENSG00000285979.1	AC009090.6	0.112785	0.473879	0.167697
lnc_MEgreen	ENSG00000287878.1	AC022382.2	0.110739	0.308504	0.140895
lnc_MEgreen	ENSG00000279833.1	AL031846.2	0.108927	0.600115	0.243726
lnc_MEgreen	ENSG00000258682.1	AL132989.1	0.108098	1.37728	0.387556
lnc_MEgreen	ENSG00000270871.1	AC015849.3	0.105511	1.25754	0.372155
lnc_MEgreen	ENSG00000254428.1	AP003392.1	0.105005	1.25017	0.407635
lnc_MEgreen	ENSG00000246451.2	AL049840.2	0.104499	1.28007	0.391283
lnc_MEgreen	ENSG00000197815.4	AC122129.1	0.103026	0.490484	0.211217
lnc_MEgreen	ENSG00000239665.8	AL157392.3	0.102588	0.740206	0.178155
lnc_MEgreen	ENSG00000256973.1	AC053513.2	0.10198	0.616401	0.254645
lnc_MEgreen	ENSG00000232545.1	AC253536.3	0.0979119	0.730071	0.374048
lnc_MEgreen	ENSG00000251414.1	AC138956.2	0.0975845	1.24074	0.437291
lnc_MEgreen	ENSG00000276523.1	AC025287.3	0.0966383	0.637159	0.244563
lnc_MEgreen	ENSG00000267632.1	AC067852.3	0.0948359	0.551994	0.249831
lnc_MEgreen	ENSG00000260618.1	AC025917.1	0.0944695	0.509221	0.224021
lnc_MEgreen	ENSG00000260597.1	AC012531.1	0.0941975	0.504504	0.250937
lnc_MEgreen	ENSG00000218510.8	LINC00339	0.0941704	0.346376	0.153453
lnc_MEgreen	ENSG00000242588.6	AC108010.1	0.0933741	0.859355	0.301371
lnc_MEgreen	ENSG00000215424.10	MCM3AP-AS1	0.0925688	0.359161	0.105139
lnc_MEgreen	ENSG00000260425.1	AL031709.1	0.0923241	0.558865	0.255778
lnc_MEgreen	ENSG00000259116.2	AL049869.2	0.0915978	0.32269	0.161623
lnc_MEgreen	ENSG00000260884.1	AC009120.3	0.0898467	1.09318	0.375592
lnc_MEgreen	ENSG00000286555.1	AP003065.1	0.0894804	1.13877	0.46261
lnc_MEgreen	ENSG00000227155.7	AL161725.1	0.0883378	0.343188	0.148688
lnc_MEgreen	ENSG00000238018.2	AC093110.1	0.0883318	0.929547	0.323725
lnc_MEgreen	ENSG00000254694.1	AP001893.1	0.0882808	0.414259	0.218828
lnc_MEgreen	ENSG00000288065.1	AC007881.4	0.0879259	0.583247	0.269753
lnc_MEgreen	ENSG00000273151.1	AC073957.3	0.0878384	0.707554	0.315794
lnc_MEgreen	ENSG00000247903.1	AC024896.1	0.0878301	0.794507	0.371469
lnc_MEgreen	ENSG00000270184.1	AC018695.4	0.0870807	0.472202	0.215929
lnc_MEgreen	ENSG00000277687.1	AL139407.1	0.0870221	0.485738	0.206468
lnc_MEgreen	ENSG00000286990.1	AC016026.2	0.0864548	0.558552	0.278062
lnc_MEgreen	ENSG00000276071.1	AC074138.1	0.0862504	0.314522	0.139794
lnc_MEgreen	ENSG00000238197.6	PAXBP1-AS1	0.0858455	0.4421	0.1176
lnc_MEgreen	ENSG00000270157.1	AC004918.3	0.0855593	1.61036	0.427384
lnc_MEgreen	ENSG00000259668.6	AC066613.1	0.0848883	0.315308	0.123595
lnc_MEgreen	ENSG00000276603.1	AL109614.1	0.084232	0.501832	0.275038
lnc_MEgreen	ENSG00000273521.1	AL162274.1	0.0839702	0.469422	0.268607
lnc_MEgreen	ENSG00000265205.1	AC010761.3	0.0834071	0.53365	0.269191
lnc_MEgreen	ENSG00000260367.2	AC109460.1	0.0833384	0.327016	0.169055
lnc_MEgreen	ENSG00000236337.1	FMR1-IT1	0.0832094	0.733309	0.285069
lnc_MEgreen	ENSG00000272316.1	AL021368.2	0.0823858	0.396053	0.143515
lnc_MEgreen	ENSG00000236772.1	AL034550.1	0.0820198	0.378851	0.195017
lnc_MEgreen	ENSG00000239653.1	PSMD6-AS2	0.0817163	0.32123	0.13492
lnc_MEgreen	ENSG00000272140.2	AC022400.4	0.0808932	0.506831	0.173797
lnc_MEgreen	ENSG00000286337.1	AC025370.2	0.0807516	0.513718	0.28808
lnc_MEgreen	ENSG00000268670.1	AC016586.1	0.0804691	0.338527	0.178223
lnc_MEgreen	ENSG00000227392.2	HPN-AS1	0.0795693	0.565865	0.311339
lnc_MEgreen	ENSG00000262766.1	AC135050.5	0.0790923	1.12582	0.393394
lnc_MEgreen	ENSG00000246859.3	STARD4-AS1	0.0788606	0.92295	0.341825
lnc_MEgreen	ENSG00000267560.1	AC027514.2	0.0781188	0.327448	0.172271
lnc_MEgreen	ENSG00000267682.1	AC016590.2	0.0781154	0.442476	0.232025
lnc_MEgreen	ENSG00000258926.2	AL355916.2	0.078022	0.253953	0.147564
lnc_MEgreen	ENSG00000268520.1	AC008750.4	0.0776452	0.319939	0.172193
lnc_MEgreen	ENSG00000287608.1	AC022137.3	0.0775985	0.273893	0.130156
lnc_MEgreen	ENSG00000230551.4	AC021078.1	0.0772022	1.3551	0.312251
lnc_MEgreen	ENSG00000286974.1	AL662884.5	0.0770049	0.292294	0.149632
lnc_MEgreen	ENSG00000234630.1	AC245060.2	0.0762085	0.577417	0.292102
lnc_MEgreen	ENSG00000261270.1	AC012181.2	0.07605	0.880321	0.383625
lnc_MEgreen	ENSG00000264769.1	AC145207.8	0.0759984	0.231815	0.153295
lnc_MEgreen	ENSG00000244701.1	AC004918.1	0.0759253	0.670576	0.265846
lnc_MEgreen	ENSG00000240373.1	SEC62-AS1	0.0758964	0.32653	0.184415
lnc_MEgreen	ENSG00000281195.1	AC007878.1	0.0758371	0.396851	0.206505
lnc_MEgreen	ENSG00000229127.2	KANSL1L-AS1	0.0752903	0.549983	0.168547
lnc_MEgreen	ENSG00000268743.1	AC008737.1	0.075241	0.48791	0.274919
lnc_MEgreen	ENSG00000203709.12	MIR29B2CHG	0.0750481	0.48491	0.26965
lnc_MEgreen	ENSG00000273302.1	AC016747.3	0.0750095	0.387768	0.155181
lnc_MEgreen	ENSG00000230912.1	AL021707.4	0.0749505	0.412398	0.200979
lnc_MEgreen	ENSG00000262678.1	AC004771.4	0.0746694	0.319162	0.162545
lnc_MEgreen	ENSG00000245711.2	NADK2-AS1	0.0743387	0.45861	0.2238
lnc_MEgreen	ENSG00000272072.1	AC004492.1	0.0739596	0.846366	0.27012
lnc_MEgreen	ENSG00000273599.1	AL731571.1	0.073535	0.619624	0.243874
lnc_MEgreen	ENSG00000228606.3	AL139011.1	0.0735296	0.26559	0.109505
lnc_MEgreen	ENSG00000286207.1	AC012443.2	0.0733769	0.321872	0.144381
lnc_MEgreen	ENSG00000205041.1	AC118344.1	0.0731844	0.339074	0.174539
lnc_MEgreen	ENSG00000266708.1	AP001793.1	0.0727759	0.245654	0.126498
lnc_MEgreen	ENSG00000259767.1	AC022558.1	0.0725091	0.376266	0.189455
lnc_MEgreen	ENSG00000270165.1	AC010530.1	0.0719908	0.308294	0.143042
lnc_MEgreen	ENSG00000250909.1	AC138956.1	0.0719319	0.62866	0.296621
lnc_MEgreen	ENSG00000273343.1	AC007663.4	0.0717899	0.510665	0.192231
lnc_MEgreen	ENSG00000224505.2	AC138150.1	0.0715915	0.279408	0.177345
lnc_MEgreen	ENSG00000270108.1	AL049840.6	0.0714393	0.705396	0.2624
lnc_MEgreen	ENSG00000263847.1	AP005899.1	0.0713815	0.741966	0.291044
lnc_MEgreen	ENSG00000264520.1	AC005154.4	0.0711826	0.428565	0.214447
lnc_MEgreen	ENSG00000254433.1	AP001001.1	0.0711206	0.307184	0.133921
lnc_MEgreen	ENSG00000228107.1	AP000692.1	0.0706194	0.573177	0.232002
lnc_MEgreen	ENSG00000253476.1	AC091185.1	0.0702165	0.805987	0.298232
lnc_MEgreen	ENSG00000233110.1	AC093797.1	0.0700036	0.453966	0.224631
lnc_MEgreen	ENSG00000278831.1	AL513190.1	0.0699177	0.277946	0.152141
lnc_MEgreen	ENSG00000264304.1	AC024267.3	0.0699012	0.414599	0.188661
lnc_MEgreen	ENSG00000275560.1	AC008115.3	0.06986	1.01209	0.355797
lnc_MEgreen	ENSG00000258441.1	LINC00641	0.0698078	1.43963	0.414166
lnc_MEgreen	ENSG00000270110.2	AL353593.2	0.0697509	0.410005	0.236123
lnc_MEgreen	ENSG00000228852.6	AC092802.2	0.0697177	0.302711	0.119705
lnc_MEgreen	ENSG00000248445.5	SEMA6A-AS1	0.0697049	0.644227	0.29403
lnc_MEgreen	ENSG00000235910.2	APOA1-AS	0.0696542	0.273771	0.126459
lnc_MEgreen	ENSG00000273891.1	AL731566.2	0.0691428	0.305168	0.120187
lnc_MEgreen	ENSG00000264937.1	AC100830.2	0.0690011	0.813659	0.348335
lnc_MEgreen	ENSG00000260279.4	AC137932.1	0.068993	0.749599	0.285568
lnc_MEgreen	ENSG00000287735.1	AL355075.6	0.0686634	0.340662	0.184589
lnc_MEgreen	ENSG00000229325.1	ACAP2-IT1	0.0686386	0.414731	0.191242
lnc_MEgreen	ENSG00000229487.1	ALG13-AS1	0.0684416	0.868038	0.346983
lnc_MEgreen	ENSG00000272054.1	AC007390.1	0.0680942	0.346097	0.0984913
lnc_MEgreen	ENSG00000242553.1	AP001432.1	0.067765	0.445525	0.203063
lnc_MEgreen	ENSG00000224468.3	LAMC1-AS1	0.0676028	0.616771	0.279511
lnc_MEgreen	ENSG00000261207.1	AL031717.1	0.0675454	0.573889	0.258289
lnc_MEgreen	ENSG00000268564.1	AC003956.1	0.0674409	0.335655	0.230597
lnc_MEgreen	ENSG00000235298.1	AL354733.3	0.0667136	0.389273	0.195587
lnc_MEgreen	ENSG00000268575.1	AL031282.2	0.066395	0.25317	0.0976829
lnc_MEgreen	ENSG00000236711.2	SMAD9-IT1	0.0663735	0.453938	0.297819
lnc_MEgreen	ENSG00000239552.2	HOXB-AS2	0.0662824	0.451079	0.290119
lnc_MEgreen	ENSG00000262663.1	AC087222.1	0.0659709	0.618204	0.335983
lnc_MEgreen	ENSG00000272037.1	AP002907.1	0.0645176	0.471315	0.20703
lnc_MEgreen	ENSG00000286242.1	AC018797.3	0.0641084	0.416483	0.190714
lnc_MEgreen	ENSG00000286244.1	AC073046.3	0.0639922	0.419546	0.183781
lnc_MEgreen	ENSG00000273295.1	AP000350.6	0.0639858	0.247806	0.191593
lnc_MEgreen	ENSG00000244879.8	GABPB1-AS1	0.0639023	0.920355	0.363605
lnc_MEgreen	ENSG00000228137.1	AP001469.2	0.0638666	0.356832	0.190797
lnc_MEgreen	ENSG00000198711.5	SSBP3-AS1	0.0637407	0.312229	0.139078
lnc_MEgreen	ENSG00000259820.1	AC083843.2	0.0635256	1.02592	0.438061
lnc_MEgreen	ENSG00000243055.1	GK-AS1	0.0634973	0.611517	0.335098
lnc_MEgreen	ENSG00000261669.1	AC008731.1	0.0631677	0.39958	0.191515
lnc_MEgreen	ENSG00000237200.1	ZBTB40-IT1	0.062326	0.407398	0.225119
lnc_MEgreen	ENSG00000243243.5	AC073130.2	0.0622436	0.265439	0.145407
lnc_MEgreen	ENSG00000234134.1	AL158835.2	0.0621986	0.456641	0.252563
lnc_MEgreen	ENSG00000258904.1	AL157871.5	0.0619531	0.358103	0.173525
lnc_MEgreen	ENSG00000266993.3	AL050343.2	0.0618482	0.300294	0.106808
lnc_MEgreen	ENSG00000240591.2	AL096701.3	0.0613067	0.240342	0.0859256
lnc_MEgreen	ENSG00000269910.1	AL049840.3	0.0610619	0.355038	0.176712
lnc_MEgreen	ENSG00000269940.1	AL049840.4	0.0610289	0.588419	0.233769
lnc_MEgreen	ENSG00000286786.1	AC116158.3	0.0608127	0.24766	0.130111
lnc_MEgreen	ENSG00000270115.1	AL513327.2	0.0603708	0.244655	0.139856
lnc_MEgreen	ENSG00000276916.1	AL442125.2	0.0603357	0.342534	0.189766
lnc_MEgreen	ENSG00000260608.1	AC024270.3	0.0598172	0.340716	0.212172
lnc_MEgreen	ENSG00000255421.1	AP002340.1	0.0597076	0.285178	0.196673
lnc_MEgreen	ENSG00000262227.1	AC004771.2	0.059615	0.549931	0.249113
lnc_MEgreen	ENSG00000233613.5	DCUN1D2-AS	0.0595806	0.30969	0.171989
lnc_MEgreen	ENSG00000232860.8	SMG7-AS1	0.059467	0.296334	0.140022
lnc_MEgreen	ENSG00000221819.6	GAS8-AS1	0.0592161	0.318023	0.174627
lnc_MEgreen	ENSG00000243107.1	AC000120.1	0.0591682	0.27999	0.105013
lnc_MEgreen	ENSG00000250990.1	AC098851.1	0.0590705	0.517656	0.269641
lnc_MEgreen	ENSG00000244161.1	FLNB-AS1	0.0588783	0.353153	0.23478
lnc_MEgreen	ENSG00000228352.2	AL354989.1	0.0584847	0.246296	0.123045
lnc_MEgreen	ENSG00000287895.1	AL136379.1	0.057919	0.235057	0.157907
lnc_MEgreen	ENSG00000272574.1	AL596325.2	0.0577699	0.709527	0.38249
lnc_MEgreen	ENSG00000274124.1	AC074029.3	0.0577586	0.374015	0.201925
lnc_MEgreen	ENSG00000254554.1	AC080023.1	0.0576393	0.576092	0.289495
lnc_MEgreen	ENSG00000265413.1	AP001094.2	0.0575689	0.662193	0.287463
lnc_MEgreen	ENSG00000227726.1	AP001271.1	0.0573633	0.535182	0.364218
lnc_MEgreen	ENSG00000259212.1	AC103739.1	0.0572074	0.260317	0.156417
lnc_MEgreen	ENSG00000261114.1	AC012181.1	0.0569963	0.640859	0.305745
lnc_MEgreen	ENSG00000263307.1	AC007216.4	0.0568841	0.438859	0.15986
lnc_MEgreen	ENSG00000287299.1	AC012459.1	0.056427	0.37603	0.175148
lnc_MEgreen	ENSG00000254064.1	AC105206.2	0.0553917	0.801324	0.292544
lnc_MEgreen	ENSG00000271973.1	AC141002.1	0.055268	0.539575	0.272025
lnc_MEgreen	ENSG00000263466.1	AC006441.1	0.0547948	0.23567	0.148683
lnc_MEgreen	ENSG00000287892.1	AC090907.3	0.0545367	0.242251	0.169257
lnc_MEgreen	ENSG00000254317.1	AC022973.5	0.0544156	0.2913	0.164191
lnc_MEgreen	ENSG00000261366.1	MANEA-DT	0.0539487	0.392848	0.171991
lnc_MEgreen	ENSG00000256299.1	AC073912.2	0.0538614	0.237198	0.220089
lnc_MEgreen	ENSG00000273243.1	Z82243.1	0.053696	0.344287	0.218271
lnc_MEgreen	ENSG00000235908.1	RHOA-IT1	0.053096	0.418042	0.192367
lnc_MEgreen	ENSG00000249216.1	AC105389.2	0.0529774	0.229472	0.171834
lnc_MEgreen	ENSG00000269901.1	AC010531.5	0.0528463	0.259585	0.185989
lnc_MEgreen	ENSG00000230258.6	AC005208.1	0.0524569	0.728667	0.439146
lnc_MEgreen	ENSG00000255893.1	AP000786.1	0.0517836	0.39014	0.28459
lnc_MEgreen	ENSG00000278467.1	AC138393.3	0.0516596	0.380629	0.197111
lnc_MEgreen	ENSG00000253187.2	HOXA10-AS	0.0515092	0.367375	0.259224
lnc_MEgreen	ENSG00000226312.7	CFLAR-AS1	0.0513661	0.395108	0.181256
lnc_MEgreen	ENSG00000197670.6	AL157838.1	0.0512058	0.531554	0.236074
lnc_MEgreen	ENSG00000232043.1	AL133230.1	0.0510725	0.298842	0.198867
lnc_MEgreen	ENSG00000262777.1	AC032044.1	0.0509642	0.260135	0.139181
lnc_MEgreen	ENSG00000255334.1	AP000907.2	0.0505089	0.422058	0.280555
lnc_MEgreen	ENSG00000228554.1	AC004837.2	0.0503172	0.284166	0.176288
lnc_MEgreen	ENSG00000274422.1	AC245060.5	0.049991	0.528081	0.233137
lnc_MEgreen	ENSG00000265487.1	AP001021.2	0.0497479	0.292477	0.22171
lnc_MEgreen	ENSG00000261916.1	AC027796.1	0.0494791	0.229442	0.158393
lnc_MEgreen	ENSG00000268499.1	AC011479.2	0.0494278	0.306287	0.187754
lnc_MEgreen	ENSG00000282977.1	PCBP2-OT1	0.0494044	0.251872	0.167326
lnc_MEgreen	ENSG00000256650.1	RERG-IT1	0.0478829	0.896552	0.590749
lnc_MEgreen	ENSG00000263982.1	AC009716.1	0.0477085	0.248228	0.163215
lnc_MEgreen	ENSG00000237892.1	KLF7-IT1	0.0472592	0.376325	0.223587
lnc_MEgreen	ENSG00000241886.1	AC112496.1	0.0465623	0.552028	0.311372
lnc_MEgreen	ENSG00000250906.1	AC131953.1	0.043723	0.237495	0.170118
lnc_MEgreenyellow	ENSG00000251179.1	TMEM92-AS1	0.153467	0.468299	0.47012
lnc_MEgreenyellow	ENSG00000287335.1	AL139351.3	0.136981	0.511452	0.517518
lnc_MEgreenyellow	ENSG00000233818.1	AP000695.2	0.128346	0.817126	0.523729
lnc_MEgreenyellow	ENSG00000281332.1	LINC00997	0.127686	1.40581	0.404211
lnc_MEgreenyellow	ENSG00000234380.2	LINC01426	0.123649	1.58423	1.07163
lnc_MEgreenyellow	ENSG00000287125.1	AC018695.9	0.122027	0.289515	0.322505
lnc_MEgreenyellow	ENSG00000275393.1	AC018695.6	0.121927	0.509462	0.569195
lnc_MEgreenyellow	ENSG00000256546.2	AC156455.1	0.119407	1.35899	0.7288
lnc_MEgreenyellow	ENSG00000274849.1	AC023043.4	0.117836	0.588498	0.515785
lnc_MEgreenyellow	ENSG00000265096.2	C1QTNF1-AS1	0.117596	0.302811	0.357408
lnc_MEgreenyellow	ENSG00000228742.11	LINC02577	0.116508	0.354469	0.68074
lnc_MEgreenyellow	ENSG00000224596.8	ZMIZ1-AS1	0.116193	0.289983	0.267099
lnc_MEgreenyellow	ENSG00000286085.1	AL109653.3	0.113381	0.656301	0.912979
lnc_MEgreenyellow	ENSG00000273445.1	AC133644.1	0.113137	0.933053	0.91676
lnc_MEgreenyellow	ENSG00000281162.2	LINC01127	0.112848	1.39457	1.52845
lnc_MEgreenyellow	ENSG00000235688.2	SNTG2-AS1	0.111438	0.558606	1.00115
lnc_MEgreenyellow	ENSG00000266970.1	AC061992.2	0.110648	0.491671	0.365711
lnc_MEgreenyellow	ENSG00000234362.6	LINC01914	0.109383	0.29208	0.461174
lnc_MEgreenyellow	ENSG00000248323.7	LUCAT1	0.108694	0.700132	0.683977
lnc_MEgreenyellow	ENSG00000261051.1	AC107021.2	0.108461	1.59583	0.711001
lnc_MEgreenyellow	ENSG00000236591.1	UST-AS2	0.108424	0.392193	0.499199
lnc_MEgreenyellow	ENSG00000261305.2	AC005586.1	0.108051	0.536514	0.506153
lnc_MEgreenyellow	ENSG00000272763.1	AC103702.2	0.107897	1.06163	1.06185
lnc_MEgreenyellow	ENSG00000287712.1	AC005865.2	0.106937	0.30599	0.281083
lnc_MEgreenyellow	ENSG00000284430.1	AC020912.1	0.106615	0.239527	0.272048
lnc_MEgreenyellow	ENSG00000251144.1	AC113346.1	0.106291	0.284085	0.597476
lnc_MEgreenyellow	ENSG00000251365.4	LINC02236	0.105955	0.322498	0.240252
lnc_MEgreenyellow	ENSG00000233532.6	LINC00460	0.105585	0.256079	0.49204
lnc_MEgreenyellow	ENSG00000286714.1	AC093001.2	0.104697	0.902606	0.83222
lnc_MEgreenyellow	ENSG00000230479.1	AP000695.1	0.104527	1.21029	0.691765
lnc_MEgreenyellow	ENSG00000285618.1	AC074132.1	0.103796	0.247489	0.361405
lnc_MEgreenyellow	ENSG00000276923.1	AL139351.1	0.103584	0.593	0.586128
lnc_MEgreenyellow	ENSG00000225111.1	AC083900.1	0.103317	0.320999	0.41773
lnc_MEgreenyellow	ENSG00000240032.1	LNCSRLR	0.101815	1.09281	0.65866
lnc_MEgreenyellow	ENSG00000233203.6	DHCR24-DT	0.101127	0.245624	0.203289
lnc_MEgreenyellow	ENSG00000271778.1	AC080013.2	0.100886	0.307397	0.271187
lnc_MEgreenyellow	ENSG00000273014.1	AC018645.3	0.100504	2.31379	0.464126
lnc_MEgreenyellow	ENSG00000256006.1	AC084117.1	0.100316	1.33936	0.615744
lnc_MEgreenyellow	ENSG00000286162.2	AL162253.2	0.100229	1.07888	0.707174
lnc_MEgreenyellow	ENSG00000270001.1	AL121894.2	0.0992361	0.624629	0.345532
lnc_MEgreenyellow	ENSG00000253666.2	AP000424.1	0.0990238	0.252694	0.358387
lnc_MEgreenyellow	ENSG00000206195.11	DUXAP8	0.0978955	0.300257	0.269451
lnc_MEgreenyellow	ENSG00000246100.4	LINC00900	0.0978379	0.263664	0.201616
lnc_MEgreenyellow	ENSG00000260877.2	AP005233.2	0.0974175	1.351	1.32885
lnc_MEgreenyellow	ENSG00000242207.1	HOXB-AS4	0.0968383	0.508503	0.657299
lnc_MEgreenyellow	ENSG00000267737.1	AC087645.2	0.0968109	0.428697	0.265945
lnc_MEgreenyellow	ENSG00000237352.4	LINC01358	0.0963348	0.635099	0.547945
lnc_MEgreenyellow	ENSG00000251409.1	AC008592.3	0.0962432	0.346455	0.367528
lnc_MEgreenyellow	ENSG00000251432.7	LINC02615	0.0959713	0.915195	0.42731
lnc_MEgreenyellow	ENSG00000273179.1	AC092535.5	0.0959293	1.98558	1.1028
lnc_MEgreenyellow	ENSG00000227053.1	MUC12-AS1	0.095439	0.412893	0.3957
lnc_MEgreenyellow	ENSG00000260552.1	AC023043.1	0.0951092	0.450132	0.364927
lnc_MEgreenyellow	ENSG00000284719.1	AL033527.3	0.095089	0.528269	0.425399
lnc_MEgreenyellow	ENSG00000255100.1	AP003119.2	0.0941363	0.496826	0.442998
lnc_MEgreenyellow	ENSG00000232807.2	AL137186.2	0.0935039	0.650055	0.298539
lnc_MEgreenyellow	ENSG00000271857.1	AL096865.1	0.0930719	0.418881	0.310909
lnc_MEgreenyellow	ENSG00000249746.1	AC099509.1	0.0927773	0.475809	0.474924
lnc_MEgreenyellow	ENSG00000270607.1	AC009549.1	0.0927366	1.09658	0.606666
lnc_MEgreenyellow	ENSG00000286546.1	AL079338.1	0.0926163	0.613939	1.28951
lnc_MEgreenyellow	ENSG00000263293.2	THCAT158	0.0915176	1.05101	0.571462
lnc_MEgreenyellow	ENSG00000236882.8	LINC01554	0.0914111	0.990138	1.39987
lnc_MEgreenyellow	ENSG00000248362.1	AC011352.1	0.0906282	1.01594	1.08256
lnc_MEgreenyellow	ENSG00000234405.2	Z69733.1	0.0904207	0.323079	0.21724
lnc_MEgreenyellow	ENSG00000270210.1	AC104695.2	0.0900693	1.20814	0.585383
lnc_MEgreenyellow	ENSG00000180861.9	LINC01559	0.090067	0.87607	1.24245
lnc_MEgreenyellow	ENSG00000222041.11	CYTOR	0.0898333	0.738588	0.317156
lnc_MEgreenyellow	ENSG00000277010.1	AC120498.10	0.0889189	0.436454	0.550008
lnc_MEgreenyellow	ENSG00000251320.1	AC011352.3	0.0884272	1.4819	1.39341
lnc_MEgreenyellow	ENSG00000267461.1	AC079210.1	0.0882706	0.270563	0.30683
lnc_MEgreenyellow	ENSG00000278095.1	AC022509.4	0.0877896	0.291396	0.282921
lnc_MEgreenyellow	ENSG00000232093.1	DCST1-AS1	0.0870856	0.481182	0.281887
lnc_MEgreenyellow	ENSG00000255992.1	AC131009.1	0.0867452	0.570512	0.347292
lnc_MEgreenyellow	ENSG00000248749.1	AC104063.1	0.0867293	0.230165	0.322767
lnc_MEgreenyellow	ENSG00000177335.11	C8orf31	0.0859815	0.396663	0.408976
lnc_MEgreenyellow	ENSG00000254364.1	AP000424.2	0.0847906	0.348983	0.448655
lnc_MEgreenyellow	ENSG00000236682.2	MAP3K2-DT	0.0845605	0.860641	0.418305
lnc_MEgreenyellow	ENSG00000261578.1	AP003119.3	0.0844744	0.513693	0.596002
lnc_MEgreenyellow	ENSG00000286403.1	AC010378.1	0.0841159	0.711474	1.22582
lnc_MEgreenyellow	ENSG00000272157.1	AC107373.2	0.0841009	1.13304	1.09317
lnc_MEgreenyellow	ENSG00000225764.2	P3H2-AS1	0.0836642	1.18881	0.730635
lnc_MEgreenyellow	ENSG00000275457.1	AL117332.1	0.083602	0.541674	0.230989
lnc_MEgreenyellow	ENSG00000232453.7	LINC02777	0.0834749	0.952364	0.538531
lnc_MEgreenyellow	ENSG00000258512.1	LINC00239	0.0827908	0.594193	0.40279
lnc_MEgreenyellow	ENSG00000284652.1	BX323043.1	0.0824918	0.981019	1.05058
lnc_MEgreenyellow	ENSG00000277144.1	AC092757.3	0.0824124	0.404146	0.293412
lnc_MEgreenyellow	ENSG00000270953.1	AC007938.3	0.0820186	0.3134	0.193683
lnc_MEgreenyellow	ENSG00000259732.1	AC092757.2	0.0803999	0.481027	0.297617
lnc_MEgreenyellow	ENSG00000237476.1	LINC01637	0.0795873	1.05948	0.452954
lnc_MEgreenyellow	ENSG00000287151.1	C2orf27A	0.079426	0.592557	0.310523
lnc_MEgreenyellow	ENSG00000284948.1	AC107959.4	0.0789387	0.458024	0.437886
lnc_MEgreenyellow	ENSG00000229654.1	LINC02526	0.078456	0.830833	0.673464
lnc_MEgreenyellow	ENSG00000231426.7	FILNC1	0.0780797	0.53643	0.844275
lnc_MEgreenyellow	ENSG00000234147.1	AL035446.1	0.077539	0.42557	0.434496
lnc_MEgreenyellow	ENSG00000254340.2	AC022784.5	0.077379	0.352099	0.375071
lnc_MEgreenyellow	ENSG00000248884.1	AC010280.2	0.0769213	0.458928	0.310436
lnc_MEgreenyellow	ENSG00000236453.5	AC003092.1	0.0767693	0.416824	0.816396
lnc_MEgreenyellow	ENSG00000235215.2	AL592431.1	0.0758649	0.326691	0.353822
lnc_MEgreenyellow	ENSG00000258793.1	AL355102.4	0.0751319	0.291958	0.458995
lnc_MEgreenyellow	ENSG00000262454.4	MIR193BHG	0.0745827	0.426424	0.345492
lnc_MEgreenyellow	ENSG00000273812.3	BX640514.2	0.071033	0.649961	0.381808
lnc_MEgreenyellow	ENSG00000224536.2	AC096677.1	0.070996	0.713719	0.371092
lnc_MEgreenyellow	ENSG00000276851.1	AC002401.4	0.0707868	0.607852	0.662991
lnc_MEgreenyellow	ENSG00000284693.1	LINC02606	0.0691949	1.30841	0.86511
lnc_MEgreenyellow	ENSG00000243415.2	AC107021.1	0.068953	0.959206	0.606102
lnc_MEgreenyellow	ENSG00000171889.5	MIR31HG	0.0664696	0.249339	0.391167
lnc_MEgreenyellow	ENSG00000263280.2	AC003965.1	0.066058	0.27342	0.245242
lnc_MEgreenyellow	ENSG00000267296.2	CEBPA-DT	0.0641845	0.468699	0.30822
lnc_MEgreenyellow	ENSG00000244649.5	LINC02086	0.0636121	0.751986	0.715839
lnc_MElightcyan	ENSG00000233456.1	LINC01077	0.206593	2.19488	1.46615
lnc_MElightcyan	ENSG00000233610.1	LINC00462	0.203681	3.30772	1.66768
lnc_MElightcyan	ENSG00000253888.2	AC090150.1	0.199729	1.76124	1.10441
lnc_MElightcyan	ENSG00000243144.7	AC079760.2	0.192952	1.73512	0.935639
lnc_MElightcyan	ENSG00000261175.6	LINC02188	0.184476	1.84045	0.715119
lnc_MElightcyan	ENSG00000284914.1	AL121935.2	0.178077	0.405109	0.336877
lnc_MElightcyan	ENSG00000259370.2	AC103740.1	0.171742	0.541476	0.332596
lnc_MElightcyan	ENSG00000273102.1	AP000569.1	0.167367	0.818694	0.657543
lnc_MElightcyan	ENSG00000224897.8	POT1-AS1	0.166208	2.2846	0.965568
lnc_MElightcyan	ENSG00000248373.6	AC096577.1	0.165794	0.813525	0.783489
lnc_MElightcyan	ENSG00000227634.3	LINC01714	0.165258	0.608557	0.443016
lnc_MElightcyan	ENSG00000253844.1	AC064807.2	0.16493	1.09761	0.739785
lnc_MElightcyan	ENSG00000275173.1	AC243571.1	0.164868	0.98642	0.606246
lnc_MElightcyan	ENSG00000233834.6	AC005083.1	0.162448	3.04847	0.959114
lnc_MElightcyan	ENSG00000225790.2	AC007953.1	0.16238	0.595353	0.548289
lnc_MElightcyan	ENSG00000214293.9	APTR	0.162253	1.77589	0.457864
lnc_MElightcyan	ENSG00000288018.1	AP003120.1	0.159545	0.915541	0.429579
lnc_MElightcyan	ENSG00000237949.2	LINC00844	0.156032	0.248777	0.287432
lnc_MElightcyan	ENSG00000235450.1	AC079760.1	0.155398	0.409185	0.349038
lnc_MElightcyan	ENSG00000287683.1	AL591519.1	0.152725	0.514696	0.389306
lnc_MElightcyan	ENSG00000229628.1	AC073115.1	0.151339	1.04166	0.963836
lnc_MElightcyan	ENSG00000255146.1	AP004247.2	0.147471	0.268538	0.242543
lnc_MElightcyan	ENSG00000237471.2	AC073115.2	0.14399	0.744278	0.755128
lnc_MElightcyan	ENSG00000229424.1	AC007349.1	0.143717	0.510082	0.478857
lnc_MElightcyan	ENSG00000232451.2	AC018467.1	0.142688	0.601264	0.702111
lnc_MElightcyan	ENSG00000231574.6	LINC02015	0.141728	1.32464	0.911357
lnc_MElightcyan	ENSG00000286805.1	AL138716.1	0.14161	1.01708	0.581531
lnc_MElightcyan	ENSG00000082929.8	LINC01587	0.138299	1.44729	0.91858
lnc_MElightcyan	ENSG00000234452.5	SLC16A12-AS1	0.136601	0.251123	0.231163
lnc_MElightcyan	ENSG00000287649.1	AC093418.1	0.134783	1.33746	1.16007
lnc_MElightcyan	ENSG00000234184.6	LINC01781	0.133944	1.3884	0.891424
lnc_MElightcyan	ENSG00000229255.1	AC138089.1	0.12614	0.542586	0.641495
lnc_MElightcyan	ENSG00000260850.2	AC007344.1	0.126023	0.353858	0.400486
lnc_MElightcyan	ENSG00000185904.12	LINC00839	0.125732	1.78087	0.663733
lnc_MElightcyan	ENSG00000260943.1	LINC02555	0.124811	0.415205	0.394125
lnc_MElightcyan	ENSG00000288085.1	AL356094.2	0.123029	0.329049	0.241505
lnc_MElightcyan	ENSG00000248161.5	AC098487.1	0.121536	0.763907	0.327952
lnc_MElightcyan	ENSG00000236751.2	LINC01186	0.120972	0.416998	0.240601
lnc_MElightcyan	ENSG00000272024.1	AC064807.4	0.120768	0.789409	0.35368
lnc_MElightcyan	ENSG00000226674.11	TEX41	0.119343	0.499782	0.43801
lnc_MElightcyan	ENSG00000243295.2	AC126121.3	0.11219	0.251801	0.314041
lnc_MElightcyan	ENSG00000236740.6	AL033384.1	0.109298	0.645879	0.719337
lnc_MElightcyan	ENSG00000253636.1	AC022893.1	0.106132	0.72224	0.375185
lnc_MElightcyan	ENSG00000284418.2	AL391117.1	0.0975723	0.265842	0.301714
lnc_MEmagenta	ENSG00000254528.7	AP000757.1	0.139342	0.558553	0.575049
lnc_MEmagenta	ENSG00000224281.5	SLC25A5-AS1	0.127982	0.473119	0.214441
lnc_MEmagenta	ENSG00000235280.2	MCF2L-AS1	0.124851	0.348516	0.434589
lnc_MEmagenta	ENSG00000188185.13	LINC00265	0.123485	0.570661	0.319488
lnc_MEmagenta	ENSG00000204934.10	ATP6V0E2-AS1	0.122775	0.4777	0.364235
lnc_MEmagenta	ENSG00000274173.1	AL035661.1	0.122141	0.462019	1.03997
lnc_MEmagenta	ENSG00000233850.1	AC103563.7	0.121052	0.460795	0.562811
lnc_MEmagenta	ENSG00000261399.1	AL031710.1	0.120558	0.710122	0.837119
lnc_MEmagenta	ENSG00000260710.1	AC120498.4	0.118578	0.282959	0.592567
lnc_MEmagenta	ENSG00000233101.10	HOXB-AS3	0.116828	0.593795	0.538301
lnc_MEmagenta	ENSG00000267014.6	LINC01532	0.115881	0.363653	0.46284
lnc_MEmagenta	ENSG00000232352.1	SEMA3B-AS1	0.115548	0.557797	0.596992
lnc_MEmagenta	ENSG00000287627.1	AL359704.2	0.115117	0.7597	1.23597
lnc_MEmagenta	ENSG00000287906.1	AC127526.5	0.112528	0.338121	0.53987
lnc_MEmagenta	ENSG00000236540.7	AC006547.1	0.112455	0.490994	0.245502
lnc_MEmagenta	ENSG00000259153.2	AC004816.1	0.110639	0.281637	0.292708
lnc_MEmagenta	ENSG00000257696.1	AC010203.2	0.110098	0.482377	0.343997
lnc_MEmagenta	ENSG00000258949.1	AL049870.3	0.109941	0.402715	0.388598
lnc_MEmagenta	ENSG00000245975.2	AC090515.2	0.109561	0.483568	0.289117
lnc_MEmagenta	ENSG00000286212.2	AC097654.1	0.109175	0.339184	0.591332
lnc_MEmagenta	ENSG00000230454.1	U73166.1	0.109063	0.23175	0.159522
lnc_MEmagenta	ENSG00000258056.2	AC009779.2	0.108972	2.43609	0.467827
lnc_MEmagenta	ENSG00000287766.1	AC006130.3	0.107811	0.347727	0.193671
lnc_MEmagenta	ENSG00000259953.2	AL138756.1	0.106272	0.981548	0.408691
lnc_MEmagenta	ENSG00000259673.6	IQCH-AS1	0.105852	0.560431	0.20898
lnc_MEmagenta	ENSG00000226496.3	LINC00323	0.105746	0.282431	0.457664
lnc_MEmagenta	ENSG00000287104.1	AC097382.3	0.105294	1.43303	0.486132
lnc_MEmagenta	ENSG00000234771.3	SLC25A25-AS1	0.104403	1.01684	0.413927
lnc_MEmagenta	ENSG00000266903.2	AC243964.3	0.103795	0.460673	0.33767
lnc_MEmagenta	ENSG00000277232.2	GTSE1-DT	0.102964	0.355609	0.172212
lnc_MEmagenta	ENSG00000270194.1	AC097359.2	0.1028	0.882107	0.390206
lnc_MEmagenta	ENSG00000277534.1	AC007996.1	0.102355	0.814598	0.382724
lnc_MEmagenta	ENSG00000272695.2	GAS6-DT	0.101402	0.752376	0.506877
lnc_MEmagenta	ENSG00000262097.2	LINC02185	0.100949	0.313411	0.294702
lnc_MEmagenta	ENSG00000272502.1	AC104958.2	0.0999809	0.3965	0.347951
lnc_MEmagenta	ENSG00000245857.3	GS1-24F4.2	0.0998679	0.511006	0.507767
lnc_MEmagenta	ENSG00000237149.5	ZNF503-AS2	0.0991612	0.822051	0.353913
lnc_MEmagenta	ENSG00000206567.10	AC022007.1	0.0985321	0.371258	0.191944
lnc_MEmagenta	ENSG00000231249.1	ITPR1-DT	0.0976791	0.471512	0.31563
lnc_MEmagenta	ENSG00000232098.3	AC012313.1	0.0968541	1.33861	0.332703
lnc_MEmagenta	ENSG00000245552.7	AP000787.1	0.0961125	0.306404	0.124603
lnc_MEmagenta	ENSG00000236901.6	MIR600HG	0.0958284	0.634773	0.308896
lnc_MEmagenta	ENSG00000273472.1	AC096733.2	0.095709	0.640854	0.294441
lnc_MEmagenta	ENSG00000234694.1	AL139289.1	0.0956801	0.471318	0.284381
lnc_MEmagenta	ENSG00000227218.7	AL157935.1	0.0952909	0.326565	0.494007
lnc_MEmagenta	ENSG00000272692.2	AC010997.4	0.09476	0.328386	0.208696
lnc_MEmagenta	ENSG00000272986.1	AC009570.1	0.0944729	0.271922	0.227254
lnc_MEmagenta	ENSG00000261888.1	AC144831.1	0.093903	0.525007	0.4481
lnc_MEmagenta	ENSG00000259876.1	AC010333.1	0.0938934	0.266842	0.275656
lnc_MEmagenta	ENSG00000271643.2	AC112220.2	0.0920988	0.902649	0.300369
lnc_MEmagenta	ENSG00000260807.7	CEROX1	0.0915637	0.435915	0.552962
lnc_MEmagenta	ENSG00000273117.1	AC144652.1	0.0910338	0.470222	0.299969
lnc_MEmagenta	ENSG00000270069.1	MIR222HG	0.0906886	0.595217	0.550188
lnc_MEmagenta	ENSG00000261211.1	AL031123.2	0.0905912	0.271949	0.195238
lnc_MEmagenta	ENSG00000235823.3	OLMALINC	0.0897302	0.657355	0.257334
lnc_MEmagenta	ENSG00000259969.1	AL049838.1	0.0879942	0.756765	0.545045
lnc_MEmagenta	ENSG00000248254.1	AC107398.2	0.0875713	0.271026	0.178567
lnc_MEmagenta	ENSG00000241316.8	SUCLG2-AS1	0.0870267	0.371815	0.217555
lnc_MEmagenta	ENSG00000239377.1	ZNF775-AS1	0.0863962	0.219005	0.1794
lnc_MEmagenta	ENSG00000255545.8	B3GAT1-DT	0.0859383	0.490504	0.654068
lnc_MEmagenta	ENSG00000241269.1	AC093620.1	0.0857232	0.24593	0.169724
lnc_MEmagenta	ENSG00000269906.1	AL606834.1	0.0856242	1.03306	0.386527
lnc_MEmagenta	ENSG00000277283.1	AC004812.2	0.0844852	1.11534	0.269259
lnc_MEmagenta	ENSG00000261173.1	AC018845.3	0.0842447	0.305668	0.171436
lnc_MEmagenta	ENSG00000226328.7	NUP50-DT	0.0841535	1.09355	0.342522
lnc_MEmagenta	ENSG00000226816.3	AC005082.1	0.0831449	0.486354	0.670564
lnc_MEmagenta	ENSG00000273084.1	AC092171.5	0.0831429	0.886611	0.386872
lnc_MEmagenta	ENSG00000240710.1	AL512306.3	0.0830787	0.231744	0.201598
lnc_MEmagenta	ENSG00000227719.1	AC006042.1	0.0823807	0.886367	0.444819
lnc_MEmagenta	ENSG00000268364.2	SMC5-AS1	0.0823386	0.342104	0.147581
lnc_MEmagenta	ENSG00000261455.1	LINC01003	0.0813261	1.52115	0.395888
lnc_MEmagenta	ENSG00000255139.2	AP000442.1	0.0803847	0.39846	0.129439
lnc_MEmagenta	ENSG00000234684.7	SDCBP2-AS1	0.0801595	0.481987	0.152015
lnc_MEmagenta	ENSG00000271966.1	AC021321.1	0.0800003	0.343555	0.164471
lnc_MEmagenta	ENSG00000255362.1	LINC02761	0.0797081	0.272094	0.357939
lnc_MEmagenta	ENSG00000256751.6	PLBD1-AS1	0.0792595	0.760876	0.357952
lnc_MEmagenta	ENSG00000235052.1	AL021154.1	0.079189	0.464443	0.31725
lnc_MEmagenta	ENSG00000214184.3	GCC2-AS1	0.0786455	0.376369	0.200768
lnc_MEmagenta	ENSG00000274818.1	AC004825.2	0.0784605	0.61322	0.299369
lnc_MEmagenta	ENSG00000266916.7	ZNF793-AS1	0.0782301	0.584062	0.27686
lnc_MEmagenta	ENSG00000271849.1	MAN2A1-DT	0.0782082	0.495857	0.29834
lnc_MEmagenta	ENSG00000228839.5	PIK3IP1-DT	0.0776198	0.451071	0.247113
lnc_MEmagenta	ENSG00000267277.1	AC024575.1	0.0772845	0.35066	0.163419
lnc_MEmagenta	ENSG00000277999.1	AC009093.6	0.0769704	0.271875	0.249393
lnc_MEmagenta	ENSG00000276390.1	AC004241.3	0.0765765	0.314918	0.177053
lnc_MEmagenta	ENSG00000274370.1	AC130371.2	0.076339	0.65218	0.50613
lnc_MEmagenta	ENSG00000265778.3	AC018413.1	0.074846	0.399023	0.168272
lnc_MEmagenta	ENSG00000259826.1	AC072061.1	0.0748076	0.55368	0.178693
lnc_MEmagenta	ENSG00000287620.1	AC092053.4	0.0746684	0.295972	0.165851
lnc_MEmagenta	ENSG00000280832.1	GSEC	0.0745525	0.559513	0.279879
lnc_MEmagenta	ENSG00000223685.6	LINC00571	0.0744065	0.516913	0.277864
lnc_MEmagenta	ENSG00000204588.5	LINC01123	0.0742906	0.314378	0.200696
lnc_MEmagenta	ENSG00000254844.4	AP000757.2	0.0742423	0.860895	0.56948
lnc_MEmagenta	ENSG00000277938.1	AL035252.3	0.0740872	0.346163	0.168168
lnc_MEmagenta	ENSG00000253549.6	CA3-AS1	0.0740468	0.9207	0.407105
lnc_MEmagenta	ENSG00000261188.1	Z95115.1	0.0736931	1.22751	0.381726
lnc_MEmagenta	ENSG00000204685.7	STARD7-AS1	0.0734065	0.940467	0.178854
lnc_MEmagenta	ENSG00000177406.5	NINJ2-AS1	0.0733858	1.67096	0.393921
lnc_MEmagenta	ENSG00000267309.1	AC092295.2	0.0733391	0.680607	0.227779
lnc_MEmagenta	ENSG00000278869.1	BX539320.1	0.0733012	0.690103	0.418509
lnc_MEmagenta	ENSG00000234432.4	AC092171.3	0.0731348	0.670943	0.335107
lnc_MEmagenta	ENSG00000248727.6	LINC01948	0.0731299	0.584329	0.32303
lnc_MEmagenta	ENSG00000262410.1	AC024361.1	0.0724427	0.624257	0.34245
lnc_MEmagenta	ENSG00000263327.6	TAPT1-AS1	0.07166	0.661196	0.217677
lnc_MEmagenta	ENSG00000228889.7	UBAC2-AS1	0.0715141	0.336841	0.149919
lnc_MEmagenta	ENSG00000275601.1	AC011330.2	0.0702628	0.326114	0.175758
lnc_MEmagenta	ENSG00000286707.1	AC010896.1	0.0698293	0.326107	0.196579
lnc_MEmagenta	ENSG00000273270.1	AC090114.2	0.0679205	0.972788	0.284001
lnc_MEmagenta	ENSG00000272933.1	AL391121.1	0.0671236	1.23011	0.448484
lnc_MEmagenta	ENSG00000270482.1	AC026367.1	0.0656932	0.465501	0.269003
lnc_MEmagenta	ENSG00000277879.1	AL391988.1	0.065124	0.866045	0.291147
lnc_MEmagenta	ENSG00000255468.7	AP001107.9	0.0639874	0.481311	0.196046
lnc_MEmagenta	ENSG00000288075.1	AC108519.1	0.0636733	0.319534	0.248091
lnc_MEmagenta	ENSG00000273077.1	AC110609.1	0.0631314	0.229754	0.199238
lnc_MEmagenta	ENSG00000268858.2	AL118506.1	0.0628384	1.75144	0.336716
lnc_MEmagenta	ENSG00000268573.1	AC011815.1	0.0627841	0.437931	0.164854
lnc_MEmagenta	ENSG00000261777.6	AC012184.3	0.0623281	0.361094	0.153664
lnc_MEmagenta	ENSG00000261183.5	SPINT1-AS1	0.0618892	1.55405	0.613564
lnc_MEmagenta	ENSG00000146521.10	LINC01558	0.0561616	0.337709	0.423417
lnc_MEmagenta	ENSG00000273284.1	AP001033.2	0.055879	0.695136	0.284697
lnc_MEmagenta	ENSG00000215246.5	AC116351.1	0.0547856	1.05817	0.827631
lnc_MEmagenta	ENSG00000229368.1	AC090587.1	0.0523321	0.297883	0.167751
lnc_MEmidnightblue	ENSG00000259366.1	AC108449.2	0.203106	1.86028	0.570978
lnc_MEmidnightblue	ENSG00000267904.1	AC024075.1	0.200039	1.55338	0.490137
lnc_MEmidnightblue	ENSG00000262879.6	AC005670.3	0.18696	1.03822	0.288303
lnc_MEmidnightblue	ENSG00000239407.5	Z68871.1	0.183683	0.63563	0.260784
lnc_MEmidnightblue	ENSG00000268087.1	AC008764.2	0.180342	1.97631	0.484472
lnc_MEmidnightblue	ENSG00000247556.6	OIP5-AS1	0.178446	3.49021	0.371715
lnc_MEmidnightblue	ENSG00000253854.1	AC010834.3	0.17479	1.10076	0.296358
lnc_MEmidnightblue	ENSG00000269427.1	AC024075.3	0.168893	1.29006	0.388171
lnc_MEmidnightblue	ENSG00000214106.9	PAXIP1-AS2	0.168883	1.34104	0.30315
lnc_MEmidnightblue	ENSG00000256139.2	AC007637.1	0.168812	0.96044	0.428904
lnc_MEmidnightblue	ENSG00000261101.2	AC234775.2	0.168501	0.794366	0.309988
lnc_MEmidnightblue	ENSG00000250015.1	AC018752.1	0.168181	1.15643	0.481487
lnc_MEmidnightblue	ENSG00000267274.1	AC008770.3	0.166716	0.758129	0.271251
lnc_MEmidnightblue	ENSG00000260032.2	NORAD	0.156556	6.12639	0.390288
lnc_MEmidnightblue	ENSG00000232160.7	RAP2C-AS1	0.156517	0.427976	0.131655
lnc_MEmidnightblue	ENSG00000267565.1	AC011477.2	0.156311	1.84119	0.433059
lnc_MEmidnightblue	ENSG00000230084.6	AC006059.1	0.149836	0.364563	0.193673
lnc_MEmidnightblue	ENSG00000224078.15	SNHG14	0.145322	0.660565	0.21158
lnc_MEmidnightblue	ENSG00000267481.1	AC011477.1	0.144596	1.52597	0.284769
lnc_MEmidnightblue	ENSG00000260917.1	AL158212.3	0.143848	1.02026	0.367777
lnc_MEmidnightblue	ENSG00000268912.1	AC012313.5	0.143532	0.737639	0.312744
lnc_MEmidnightblue	ENSG00000236869.1	ZKSCAN7-AS1	0.142792	0.374873	0.199894
lnc_MEmidnightblue	ENSG00000253106.1	AC090198.1	0.139407	1.31133	0.277236
lnc_MEmidnightblue	ENSG00000233330.1	AL078581.2	0.139031	1.14116	0.347467
lnc_MEmidnightblue	ENSG00000225733.6	FGD5-AS1	0.130223	4.42286	0.406983
lnc_MEmidnightblue	ENSG00000269825.1	AC022150.4	0.128866	0.869176	0.287569
lnc_MEmidnightblue	ENSG00000226851.1	AC004112.1	0.128658	0.474587	0.247172
lnc_MEmidnightblue	ENSG00000265519.1	AC015922.2	0.127252	2.76945	0.701497
lnc_MEmidnightblue	ENSG00000267152.1	AC093227.1	0.126224	0.385921	0.140699
lnc_MEmidnightblue	ENSG00000229931.1	ATXN1-AS1	0.126136	1.16066	0.422178
lnc_MEmidnightblue	ENSG00000245112.2	SMARCA5-AS1	0.124819	0.39376	0.198395
lnc_MEmidnightblue	ENSG00000231365.6	WARS2-AS1	0.11972	0.822917	0.187471
lnc_MEmidnightblue	ENSG00000256944.1	AP003721.3	0.116997	0.783401	0.275108
lnc_MEmidnightblue	ENSG00000235652.9	FBXO30-DT	0.11489	0.584087	0.177457
lnc_MEmidnightblue	ENSG00000245571.7	FAM111A-DT	0.114663	1.52214	0.276006
lnc_MEmidnightblue	ENSG00000272918.1	AC005070.3	0.112799	0.329233	0.105216
lnc_MEmidnightblue	ENSG00000271452.1	AC005034.5	0.111571	0.807255	0.268018
lnc_MEmidnightblue	ENSG00000224043.8	CCNT2-AS1	0.109143	0.517572	0.170682
lnc_MEmidnightblue	ENSG00000269982.1	AC018809.2	0.107455	0.725288	0.174791
lnc_MEmidnightblue	ENSG00000227354.7	RBM26-AS1	0.107112	0.566584	0.220034
lnc_MEmidnightblue	ENSG00000286904.1	AC093675.1	0.105863	1.43133	0.456276
lnc_MEmidnightblue	ENSG00000286811.1	AL353138.1	0.105603	0.553171	0.426224
lnc_MEmidnightblue	ENSG00000287678.1	AL031778.1	0.104544	0.516352	0.239754
lnc_MEmidnightblue	ENSG00000247240.8	UBL7-AS1	0.100929	0.546981	0.114094
lnc_MEmidnightblue	ENSG00000235499.1	AC073046.1	0.0989123	0.855496	0.35237
lnc_MEmidnightblue	ENSG00000260804.3	LINC01963	0.0950218	2.09972	0.472864
lnc_MEmidnightblue	ENSG00000229692.3	SOS1-IT1	0.0937808	1.08925	0.265688
lnc_MEmidnightblue	ENSG00000261167.1	AC107027.3	0.0929543	0.937458	0.253324
lnc_MEmidnightblue	ENSG00000285676.1	AL158212.5	0.0917503	0.332051	0.164321
lnc_MEmidnightblue	ENSG00000286760.1	AL022069.3	0.0912367	0.475863	0.228967
lnc_MEmidnightblue	ENSG00000255320.1	AP000759.1	0.0886261	2.15321	0.392409
lnc_MEmidnightblue	ENSG00000261534.1	AL596244.1	0.0848767	0.945531	0.272418
lnc_MEmidnightblue	ENSG00000240571.1	AC087071.2	0.0837381	0.282631	0.161107
lnc_MEpink	ENSG00000281912.1	LINC01144	0.115289	0.825566	0.31761
lnc_MEpink	ENSG00000273702.1	AC091271.1	0.111301	1.1992	0.386355
lnc_MEpink	ENSG00000267100.1	ILF3-DT	0.107457	3.54526	0.597523
lnc_MEpink	ENSG00000255153.1	TOLLIP-AS1	0.106768	1.01386	0.382124
lnc_MEpink	ENSG00000270761.1	AL355353.1	0.10569	1.59777	0.608636
lnc_MEpink	ENSG00000259877.2	AC009113.1	0.105319	1.50157	0.384935
lnc_MEpink	ENSG00000271737.1	AC008608.2	0.103664	1.92681	0.622632
lnc_MEpink	ENSG00000179743.4	FLJ37453	0.101487	1.28982	0.345333
lnc_MEpink	ENSG00000268996.3	MAN1B1-DT	0.100369	1.38518	0.460658
lnc_MEpink	ENSG00000276728.1	AC142472.1	0.100338	0.775464	0.261302
lnc_MEpink	ENSG00000231770.6	TMEM44-AS1	0.0974201	1.98516	0.453743
lnc_MEpink	ENSG00000273456.1	AC064836.2	0.0973873	1.25158	0.363112
lnc_MEpink	ENSG00000221953.5	C1orf229	0.0970708	0.394464	0.179092
lnc_MEpink	ENSG00000259943.1	AL050341.2	0.0966757	2.04871	0.392642
lnc_MEpink	ENSG00000272143.1	FGF14-AS2	0.0959132	1.86423	0.610343
lnc_MEpink	ENSG00000266947.1	AC022916.1	0.0957844	0.750412	0.244059
lnc_MEpink	ENSG00000272523.1	LINC01023	0.0954065	2.12364	0.577049
lnc_MEpink	ENSG00000271869.1	AC026979.2	0.095123	1.50454	0.625558
lnc_MEpink	ENSG00000236859.7	NIFK-AS1	0.0945242	1.12735	0.224222
lnc_MEpink	ENSG00000272501.1	AL662844.4	0.0937046	1.22702	0.433639
lnc_MEpink	ENSG00000275479.1	AC087741.2	0.0933449	1.60821	0.658546
lnc_MEpink	ENSG00000267321.3	SNHG30	0.0930788	2.05177	0.386385
lnc_MEpink	ENSG00000276791.1	AC092117.1	0.0919064	0.485695	0.309076
lnc_MEpink	ENSG00000278376.1	AP004609.3	0.0910965	1.09605	0.42787
lnc_MEpink	ENSG00000272106.1	AL691432.2	0.0906879	1.9074	0.409626
lnc_MEpink	ENSG00000271780.1	AL118558.3	0.0904534	1.46976	0.513835
lnc_MEpink	ENSG00000221883.4	ARIH2OS	0.0899038	0.957414	0.309597
lnc_MEpink	ENSG00000274929.1	AL157813.1	0.0897007	0.399763	0.232206
lnc_MEpink	ENSG00000283078.1	AL137077.2	0.0893618	0.59988	0.254578
lnc_MEpink	ENSG00000278058.1	AC009159.3	0.0886639	2.08872	0.708899
lnc_MEpink	ENSG00000276846.1	AC016590.3	0.088662	1.16836	0.479794
lnc_MEpink	ENSG00000185837.3	HDHD5-AS1	0.0883083	0.351802	0.20444
lnc_MEpink	ENSG00000254910.1	AC136475.2	0.0870065	1.9925	0.605806
lnc_MEpink	ENSG00000224165.6	DNAJC27-AS1	0.0869771	0.369035	0.157615
lnc_MEpink	ENSG00000273344.1	PAXIP1-AS1	0.0864648	2.28785	0.46481
lnc_MEpink	ENSG00000235204.1	AL162724.2	0.0860666	1.35378	0.595307
lnc_MEpink	ENSG00000262558.1	AC129507.3	0.0859117	0.937543	0.412211
lnc_MEpink	ENSG00000273145.1	BX537318.1	0.0850441	1.60355	0.424078
lnc_MEpink	ENSG00000260805.2	AC092803.1	0.0848128	0.808767	0.285318
lnc_MEpink	ENSG00000273249.1	BX649632.1	0.0841425	0.266004	0.182914
lnc_MEpink	ENSG00000271646.1	IRF2-DT	0.0840043	1.21983	0.284278
lnc_MEpink	ENSG00000257058.1	AP001363.2	0.0839731	0.605493	0.375148
lnc_MEpink	ENSG00000231920.1	NEBL-AS1	0.0837339	0.622231	0.399276
lnc_MEpink	ENSG00000268584.1	AC073389.1	0.0833163	0.585513	0.230013
lnc_MEpink	ENSG00000270964.1	AC016355.1	0.0831785	0.657622	0.26481
lnc_MEpink	ENSG00000272444.1	AL118558.4	0.0827153	0.678492	0.365439
lnc_MEpink	ENSG00000250451.5	HOXC-AS1	0.0827036	1.50552	0.628987
lnc_MEpink	ENSG00000230513.2	THAP7-AS1	0.0825911	0.549547	0.23757
lnc_MEpink	ENSG00000272663.1	AC093635.1	0.0823226	0.490744	0.278311
lnc_MEpink	ENSG00000263004.2	AC007114.1	0.0822885	1.20416	0.404612
lnc_MEpink	ENSG00000228084.1	AC118553.1	0.0820232	0.368711	0.180153
lnc_MEpink	ENSG00000268006.1	PTOV1-AS1	0.0819404	0.319075	0.121418
lnc_MEpink	ENSG00000272572.1	AL138762.1	0.0818811	0.377176	0.162757
lnc_MEpink	ENSG00000273061.1	CDC37L1-DT	0.0816546	0.942689	0.340929
lnc_MEpink	ENSG00000275964.1	AL355001.2	0.0816297	1.61123	0.411222
lnc_MEpink	ENSG00000237036.5	ZEB1-AS1	0.0815126	1.47263	0.331544
lnc_MEpink	ENSG00000244968.7	LIFR-AS1	0.0813311	0.494054	0.243218
lnc_MEpink	ENSG00000262089.1	AC040977.1	0.0811702	3.14129	0.614684
lnc_MEpink	ENSG00000251661.3	AC136475.1	0.0810822	0.740329	0.367266
lnc_MEpink	ENSG00000246067.8	RAB30-DT	0.0804958	0.968918	0.249386
lnc_MEpink	ENSG00000272449.2	AL139246.5	0.0804131	1.0727	0.455298
lnc_MEpink	ENSG00000275454.1	AC105020.6	0.0803387	0.432648	0.155286
lnc_MEpink	ENSG00000247095.3	MIR210HG	0.0794172	3.42795	0.862098
lnc_MEpink	ENSG00000206344.7	HCG27	0.079161	1.06136	0.460937
lnc_MEpink	ENSG00000274220.1	AC009163.7	0.0791052	0.625227	0.242534
lnc_MEpink	ENSG00000255337.1	AP001830.1	0.0788058	1.41895	0.488087
lnc_MEpink	ENSG00000227199.1	ST7-AS1	0.0783561	0.406649	0.184219
lnc_MEpink	ENSG00000261485.1	PAN3-AS1	0.0782331	0.920697	0.290789
lnc_MEpink	ENSG00000224805.2	LINC00853	0.0781462	1.49113	0.599752
lnc_MEpink	ENSG00000254531.1	FLJ20021	0.0779859	2.47418	0.504946
lnc_MEpink	ENSG00000221990.4	EXOC3-AS1	0.0778287	2.01355	0.623588
lnc_MEpink	ENSG00000272277.1	AL031963.3	0.0777527	0.330282	0.205933
lnc_MEpink	ENSG00000286873.1	AC012306.3	0.0777299	1.07441	0.299176
lnc_MEpink	ENSG00000243926.2	TIPARP-AS1	0.0770368	1.06346	0.425998
lnc_MEpink	ENSG00000272432.1	AL031432.3	0.0768829	0.392978	0.201571
lnc_MEpink	ENSG00000260992.1	DOCK9-DT	0.0761579	1.08002	0.378414
lnc_MEpink	ENSG00000229891.2	LINC01315	0.0758381	1.60344	0.762081
lnc_MEpink	ENSG00000260233.3	ZNRD2-AS1	0.0752016	0.800455	0.224618
lnc_MEpink	ENSG00000273958.1	AC009560.1	0.0744687	0.483293	0.288678
lnc_MEpink	ENSG00000278970.2	HEIH	0.0740088	2.18716	0.400914
lnc_MEpink	ENSG00000267980.1	AC007292.1	0.0731532	0.595778	0.289588
lnc_MEpink	ENSG00000223797.6	ENTPD3-AS1	0.0730371	0.576313	0.191708
lnc_MEpink	ENSG00000235560.4	AC002310.1	0.0729887	0.600221	0.193221
lnc_MEpink	ENSG00000244041.7	LINC01011	0.0728581	1.09096	0.350077
lnc_MEpink	ENSG00000269054.2	AC012313.6	0.0725808	0.503237	0.204484
lnc_MEpink	ENSG00000261431.1	AL023803.1	0.0722968	0.389051	0.307252
lnc_MEpink	ENSG00000272902.2	TBC1D8-AS1	0.0719005	0.58632	0.197847
lnc_MEpink	ENSG00000267898.1	AC026803.2	0.0718136	0.611274	0.250991
lnc_MEpink	ENSG00000275055.1	AC011468.5	0.0711928	0.449238	0.207112
lnc_MEpink	ENSG00000277142.1	LINC00235	0.0710762	0.691863	0.311721
lnc_MEpink	ENSG00000242474.3	AC093627.5	0.0707616	1.06912	0.300861
lnc_MEpink	ENSG00000287966.1	AL590062.1	0.0702048	0.60082	0.259035
lnc_MEpink	ENSG00000231327.1	LINC01816	0.0701151	1.00137	0.511181
lnc_MEpink	ENSG00000249846.7	LINC02021	0.0700579	0.350362	0.19276
lnc_MEpink	ENSG00000203706.8	SERTAD4-AS1	0.0695387	1.98678	0.685973
lnc_MEpink	ENSG00000269176.2	AP001160.3	0.0694074	0.454466	0.198062
lnc_MEpink	ENSG00000231711.2	LINC00899	0.0692253	0.806414	0.390839
lnc_MEpink	ENSG00000250220.1	AC053527.2	0.0688897	0.558413	0.215938
lnc_MEpink	ENSG00000259802.1	AC012640.2	0.0688729	1.08429	0.362058
lnc_MEpink	ENSG00000227908.3	FLJ31104	0.0687587	0.315233	0.158794
lnc_MEpink	ENSG00000223891.6	OSER1-DT	0.0687479	1.27715	0.307256
lnc_MEpink	ENSG00000285410.1	GABPB1-IT1	0.0686056	1.70908	0.298372
lnc_MEpink	ENSG00000248275.2	TRIM52-AS1	0.0685676	2.60256	0.492157
lnc_MEpink	ENSG00000245317.2	AC008393.1	0.0684638	0.88372	0.306344
lnc_MEpink	ENSG00000287686.1	AC062029.1	0.0682358	0.639887	0.262163
lnc_MEpink	ENSG00000277369.1	AC010654.1	0.068207	0.635168	0.243883
lnc_MEpink	ENSG00000270179.1	AP002840.2	0.0680906	1.37984	0.410327
lnc_MEpink	ENSG00000205791.3	LOH12CR2	0.0680155	0.872289	0.255576
lnc_MEpink	ENSG00000227256.1	MIS18A-AS1	0.0679086	0.316581	0.154175
lnc_MEpink	ENSG00000228115.1	AL161725.2	0.0677639	0.4417	0.281408
lnc_MEpink	ENSG00000273007.2	AC021205.3	0.0674151	0.373623	0.173836
lnc_MEpink	ENSG00000250786.2	SNHG18	0.0672163	3.11792	0.686385
lnc_MEpink	ENSG00000260274.1	AC068338.2	0.0672071	0.680711	0.223811
lnc_MEpink	ENSG00000262686.1	GLIS2-AS1	0.0671164	1.18492	0.595433
lnc_MEpink	ENSG00000234028.3	EIF2AK3-DT	0.0668229	0.698844	0.206687
lnc_MEpink	ENSG00000273973.1	AC025162.2	0.0667045	0.248967	0.151016
lnc_MEpink	ENSG00000250616.2	AC012645.1	0.0665317	0.500475	0.219601
lnc_MEpink	ENSG00000278611.2	ZNF426-DT	0.0664902	0.760444	0.399134
lnc_MEpink	ENSG00000272696.1	AL359091.3	0.0664437	0.730463	0.280162
lnc_MEpink	ENSG00000272931.1	AC099568.2	0.0662092	0.637947	0.329685
lnc_MEpink	ENSG00000287115.1	AC009951.6	0.0661277	0.922793	0.402777
lnc_MEpink	ENSG00000264107.1	AC138207.2	0.0658665	1.23581	0.44101
lnc_MEpink	ENSG00000229896.2	AL157373.2	0.0656097	0.560871	0.414359
lnc_MEpink	ENSG00000188825.14	LINC00910	0.0654084	0.432797	0.14311
lnc_MEpink	ENSG00000260219.2	CD2BP2-DT	0.0653783	2.16664	0.527318
lnc_MEpink	ENSG00000236618.2	PITPNA-AS1	0.0652665	0.472886	0.24196
lnc_MEpink	ENSG00000257038.1	AP002761.3	0.0651154	0.706246	0.293149
lnc_MEpink	ENSG00000250133.2	HOXC-AS2	0.0649164	0.894305	0.351994
lnc_MEpink	ENSG00000277491.1	AC087392.5	0.0648753	0.352168	0.193578
lnc_MEpink	ENSG00000272221.1	AL645933.2	0.0648644	1.8624	0.697217
lnc_MEpink	ENSG00000273796.1	BX322562.1	0.0643855	2.46257	0.688082
lnc_MEpink	ENSG00000275645.1	AC068338.3	0.0640485	0.289667	0.201354
lnc_MEpink	ENSG00000274667.1	AC090517.2	0.0639266	0.685326	0.257145
lnc_MEpink	ENSG00000274922.1	AL139384.1	0.0635788	0.825068	0.286334
lnc_MEpink	ENSG00000286369.1	AP002813.1	0.0634458	0.411495	0.200887
lnc_MEpink	ENSG00000232640.1	AL354892.2	0.0634417	1.552	0.459195
lnc_MEpink	ENSG00000226471.6	Z93930.2	0.0633849	0.877689	0.26347
lnc_MEpink	ENSG00000288093.1	AL592295.5	0.0630542	0.357417	0.140933
lnc_MEpink	ENSG00000262155.2	LINC02175	0.0627778	0.455127	0.181209
lnc_MEpink	ENSG00000250222.2	AC008443.4	0.0625089	0.367247	0.208413
lnc_MEpink	ENSG00000253982.2	AC100810.1	0.0624436	3.13874	0.543808
lnc_MEpink	ENSG00000236810.6	ELOA-AS1	0.0622247	0.320262	0.103428
lnc_MEpink	ENSG00000272473.1	AC006273.1	0.0618837	0.570794	0.39105
lnc_MEpink	ENSG00000231050.1	AL109917.1	0.0614717	0.369616	0.235196
lnc_MEpink	ENSG00000234171.3	RNASEH1-AS1	0.0614527	1.06605	0.278584
lnc_MEpink	ENSG00000264920.2	AC018521.5	0.0613849	0.633955	0.240153
lnc_MEpink	ENSG00000276075.1	AC027682.6	0.0606882	1.04973	0.507975
lnc_MEpink	ENSG00000273783.1	AL136040.1	0.0603484	0.42561	0.16834
lnc_MEpink	ENSG00000273382.1	AL356488.3	0.0603019	0.755025	0.2876
lnc_MEpink	ENSG00000226137.5	BAIAP2-DT	0.0602156	3.17112	0.436176
lnc_MEpink	ENSG00000247572.8	CKMT2-AS1	0.0594545	0.78853	0.215718
lnc_MEpink	ENSG00000265008.1	AC011825.4	0.0590483	0.294238	0.181713
lnc_MEpink	ENSG00000261707.1	AC092134.1	0.0588479	0.283101	0.17491
lnc_MEpink	ENSG00000272323.1	AC026801.2	0.0586151	1.48704	0.44443
lnc_MEpink	ENSG00000267390.1	AC036176.1	0.0582824	1.50377	0.417351
lnc_MEpink	ENSG00000273258.1	AC016737.2	0.0572471	0.352809	0.247285
lnc_MEpink	ENSG00000273329.1	AC078846.1	0.0572451	0.569347	0.180433
lnc_MEpink	ENSG00000260267.1	AC026471.1	0.056176	1.28885	0.266849
lnc_MEpink	ENSG00000272721.5	AC131235.2	0.0551165	0.467635	0.237379
lnc_MEpink	ENSG00000247271.7	ZBED5-AS1	0.0550497	1.64255	0.312956
lnc_MEpink	ENSG00000254675.1	AP003032.1	0.0548951	0.233336	0.234786
lnc_MEpink	ENSG00000267226.2	AC104971.1	0.054814	0.374951	0.203324
lnc_MEpink	ENSG00000233621.2	LINC01137	0.0547733	1.65494	0.389964
lnc_MEpink	ENSG00000270021.1	AC026691.1	0.054583	0.349081	0.163047
lnc_MEpink	ENSG00000254682.1	AP002387.1	0.0537731	1.96392	0.639909
lnc_MEpink	ENSG00000223461.1	AC004471.1	0.0530365	0.292949	0.196242
lnc_MEpink	ENSG00000272402.1	AL031775.2	0.0529222	1.15298	0.324294
lnc_MEpink	ENSG00000260000.2	AL133338.1	0.0527928	0.93158	0.299929
lnc_MEpink	ENSG00000275263.1	AC135048.3	0.0520929	0.553597	0.2941
lnc_MEpink	ENSG00000287024.1	AL022162.1	0.0520829	2.08377	0.571866
lnc_MEpink	ENSG00000278017.1	AC064801.1	0.0503394	0.307109	0.188528
lnc_MEpink	ENSG00000251867.4	AC009812.1	0.0476006	0.810486	0.267941
lnc_MEpink	ENSG00000270177.1	AC104109.2	0.0442022	0.614195	0.224323
lnc_MEpink	ENSG00000288095.1	AC005618.4	0.0431288	0.368967	0.223993
lnc_MEpurple	ENSG00000273437.1	AC108673.3	0.13176	1.57153	0.568938
lnc_MEpurple	ENSG00000273271.1	AP000254.2	0.13139	1.88521	0.414115
lnc_MEpurple	ENSG00000273156.2	AC124016.2	0.128953	0.794078	0.371627
lnc_MEpurple	ENSG00000260257.2	AL035071.1	0.123223	2.03876	0.569399
lnc_MEpurple	ENSG00000272338.2	AC067838.1	0.121459	1.20128	0.406288
lnc_MEpurple	ENSG00000276136.1	AC016957.2	0.120484	0.870654	0.312895
lnc_MEpurple	ENSG00000271971.1	AC120053.1	0.120124	1.90575	0.400512
lnc_MEpurple	ENSG00000269973.1	AC010969.2	0.118433	1.3771	0.341373
lnc_MEpurple	ENSG00000270091.1	AC015726.1	0.117516	1.6256	0.434942
lnc_MEpurple	ENSG00000275409.1	AC026367.2	0.116452	0.748507	0.370373
lnc_MEpurple	ENSG00000272010.1	AC100814.1	0.115338	1.28835	0.531044
lnc_MEpurple	ENSG00000273483.1	AL354760.1	0.113958	0.42712	0.241491
lnc_MEpurple	ENSG00000260296.1	AC095057.3	0.113611	0.672819	0.277387
lnc_MEpurple	ENSG00000274561.1	AC005332.3	0.113607	2.72117	0.379439
lnc_MEpurple	ENSG00000271420.1	AL109936.2	0.112948	1.34033	0.558807
lnc_MEpurple	ENSG00000272576.1	AC027271.1	0.112845	0.442933	0.251471
lnc_MEpurple	ENSG00000272420.1	AL513477.2	0.112804	0.783996	0.362561
lnc_MEpurple	ENSG00000285632.1	AC084024.4	0.110357	0.605688	0.284073
lnc_MEpurple	ENSG00000272990.1	AC084036.1	0.110315	1.48666	0.608215
lnc_MEpurple	ENSG00000269892.1	AC125494.2	0.109882	1.06668	0.388948
lnc_MEpurple	ENSG00000275580.1	AC022306.2	0.109841	1.63367	0.459133
lnc_MEpurple	ENSG00000273183.1	AC093726.2	0.109765	1.20325	0.364
lnc_MEpurple	ENSG00000276593.1	AC022306.3	0.109143	0.58605	0.31123
lnc_MEpurple	ENSG00000242861.1	AL591895.1	0.108287	3.98532	0.687645
lnc_MEpurple	ENSG00000272345.1	AL031775.1	0.107627	0.947174	0.272723
lnc_MEpurple	ENSG00000259250.1	AC018904.1	0.103557	2.16871	0.50995
lnc_MEpurple	ENSG00000269044.2	AC024075.2	0.103067	2.20406	0.440639
lnc_MEpurple	ENSG00000271967.1	AL583856.2	0.10221	0.617899	0.275172
lnc_MEpurple	ENSG00000259865.1	AL390728.6	0.101921	2.6084	0.579909
lnc_MEpurple	ENSG00000276529.1	AP001505.1	0.101842	1.96998	0.608871
lnc_MEpurple	ENSG00000272040.1	AC010245.2	0.100957	0.917105	0.253404
lnc_MEpurple	ENSG00000268205.1	AC005261.1	0.100317	2.80981	0.415203
lnc_MEpurple	ENSG00000272368.2	AC074032.1	0.100087	0.838851	0.293193
lnc_MEpurple	ENSG00000273017.1	AP000240.1	0.0997853	0.813386	0.414609
lnc_MEpurple	ENSG00000276030.1	AC073534.2	0.0993376	0.338755	0.21947
lnc_MEpurple	ENSG00000275632.1	AL035461.2	0.0993372	0.465015	0.259325
lnc_MEpurple	ENSG00000272509.1	AC087752.4	0.09932	0.505726	0.232065
lnc_MEpurple	ENSG00000273474.1	AL157392.4	0.099087	0.52702	0.260486
lnc_MEpurple	ENSG00000273058.2	AL359921.2	0.0990584	1.40568	0.435154
lnc_MEpurple	ENSG00000271882.1	AP001330.4	0.0988466	1.43983	0.442692
lnc_MEpurple	ENSG00000260647.1	AC127537.1	0.0987985	0.510052	0.235093
lnc_MEpurple	ENSG00000276261.1	AC009509.4	0.0986654	1.1549	0.49076
lnc_MEpurple	ENSG00000272888.7	CHASERR	0.0985955	2.42341	0.353246
lnc_MEpurple	ENSG00000272361.2	AC005014.2	0.0985058	0.457744	0.277644
lnc_MEpurple	ENSG00000272660.1	AC090425.2	0.0981352	1.04653	0.430715
lnc_MEpurple	ENSG00000230896.1	AL604028.1	0.0978672	1.93022	0.368549
lnc_MEpurple	ENSG00000275759.1	AC026367.3	0.0977232	1.01403	0.408357
lnc_MEpurple	ENSG00000277692.1	AL121583.1	0.0967889	0.405288	0.218171
lnc_MEpurple	ENSG00000273176.1	AL008635.1	0.0962333	0.366223	0.229241
lnc_MEpurple	ENSG00000276007.1	AC079414.3	0.0961809	0.98195	0.309086
lnc_MEpurple	ENSG00000277245.1	AC084782.3	0.0954474	0.63984	0.366112
lnc_MEpurple	ENSG00000273375.1	AC055764.2	0.0945271	0.254264	0.160439
lnc_MEpurple	ENSG00000261087.1	ZNNT1	0.0931217	1.609	0.46073
lnc_MEpurple	ENSG00000278107.1	AC027575.2	0.0929345	0.908854	0.32246
lnc_MEpurple	ENSG00000269947.1	AC135178.6	0.0928005	0.736649	0.289917
lnc_MEpurple	ENSG00000244733.5	AL132656.2	0.0926905	0.426668	0.188151
lnc_MEpurple	ENSG00000272269.1	AL138724.1	0.0922733	0.619131	0.269923
lnc_MEpurple	ENSG00000272864.1	AC135803.1	0.0914933	1.71951	0.747477
lnc_MEpurple	ENSG00000280798.1	LINC00294	0.0914884	2.64755	0.455601
lnc_MEpurple	ENSG00000278133.1	AC135050.6	0.0905607	3.88123	0.494562
lnc_MEpurple	ENSG00000272343.1	AC107952.2	0.090419	0.938252	0.395294
lnc_MEpurple	ENSG00000267547.1	AC060766.4	0.0897576	1.74044	0.517517
lnc_MEpurple	ENSG00000276814.1	AC004801.6	0.0896121	0.51683	0.174553
lnc_MEpurple	ENSG00000272356.1	AL080317.2	0.0894355	0.550878	0.27467
lnc_MEpurple	ENSG00000269949.1	AC069307.1	0.0891933	0.570242	0.281691
lnc_MEpurple	ENSG00000267049.1	AC002398.1	0.0891863	0.480045	0.250367
lnc_MEpurple	ENSG00000278703.1	AC100847.1	0.0886728	0.738032	0.350245
lnc_MEpurple	ENSG00000272750.1	AL592148.3	0.0884721	0.679662	0.222609
lnc_MEpurple	ENSG00000229122.1	AGBL5-IT1	0.0882127	0.919213	0.353224
lnc_MEpurple	ENSG00000260160.1	AC011468.1	0.0878434	1.27831	0.346981
lnc_MEpurple	ENSG00000275769.1	AC068792.1	0.0876141	0.615359	0.283899
lnc_MEpurple	ENSG00000278153.1	AL121782.1	0.0873775	0.303814	0.231804
lnc_MEpurple	ENSG00000271789.1	AL080317.1	0.0871149	0.546795	0.34457
lnc_MEpurple	ENSG00000254635.6	WAC-AS1	0.0870469	3.14712	0.395283
lnc_MEpurple	ENSG00000260317.1	AC009812.4	0.0869692	1.02338	0.369045
lnc_MEpurple	ENSG00000278035.1	AL121895.2	0.0868237	0.813861	0.407937
lnc_MEpurple	ENSG00000273487.1	AC104836.1	0.0858638	0.324967	0.183889
lnc_MEpurple	ENSG00000272656.1	AC024933.1	0.0843552	0.493694	0.250614
lnc_MEpurple	ENSG00000261061.1	AC092718.4	0.0843398	2.04923	0.601204
lnc_MEpurple	ENSG00000272646.1	AC079766.1	0.0830801	0.316231	0.184596
lnc_MEpurple	ENSG00000267655.1	AC125437.1	0.0825887	0.80596	0.303948
lnc_MEpurple	ENSG00000261542.1	AC011978.2	0.0825538	0.481072	0.174883
lnc_MEpurple	ENSG00000272650.1	AC110792.3	0.082265	0.720406	0.287829
lnc_MEpurple	ENSG00000197568.14	HHLA3	0.0822639	2.61101	0.505993
lnc_MEpurple	ENSG00000279623.1	AL359697.1	0.0818323	0.380063	0.256373
lnc_MEpurple	ENSG00000260331.1	AC079148.1	0.0815155	0.562372	0.234018
lnc_MEpurple	ENSG00000272707.1	AC046143.2	0.0809871	0.845797	0.407456
lnc_MEpurple	ENSG00000231177.4	LINC00852	0.0808428	0.62111	0.213243
lnc_MEpurple	ENSG00000278627.1	AC005962.1	0.0803512	0.356493	0.188012
lnc_MEpurple	ENSG00000261204.1	AC004449.1	0.0801327	0.280797	0.201614
lnc_MEpurple	ENSG00000280206.1	AC026401.3	0.0800204	2.14451	0.506136
lnc_MEpurple	ENSG00000265478.2	AC107982.3	0.0797405	0.507694	0.206059
lnc_MEpurple	ENSG00000273027.1	AL844908.2	0.079543	0.519092	0.307393
lnc_MEpurple	ENSG00000273464.1	AP000238.1	0.0792133	0.371299	0.238153
lnc_MEpurple	ENSG00000272148.1	AC013403.2	0.0787802	0.680079	0.225328
lnc_MEpurple	ENSG00000273264.1	AL360219.1	0.0787599	1.19998	0.57645
lnc_MEpurple	ENSG00000272354.1	AC092354.1	0.077962	0.350915	0.202547
lnc_MEpurple	ENSG00000277873.1	AC131159.2	0.0772073	0.303837	0.161297
lnc_MEpurple	ENSG00000284642.1	AL139424.2	0.0769765	0.533315	0.22504
lnc_MEpurple	ENSG00000260118.1	AL157700.1	0.0764535	0.404642	0.188613
lnc_MEpurple	ENSG00000274987.1	AC092794.1	0.076266	0.736126	0.26622
lnc_MEpurple	ENSG00000273226.1	AL391834.2	0.0753036	1.48657	0.346936
lnc_MEpurple	ENSG00000272777.1	AC019131.2	0.0750427	1.26408	0.338479
lnc_MEpurple	ENSG00000260871.1	AC093510.2	0.0741835	0.448201	0.21783
lnc_MEpurple	ENSG00000278389.1	AC099518.6	0.0677227	0.474878	0.264743
lnc_MEpurple	ENSG00000278730.1	AC005332.6	0.0671969	3.20487	0.274458
lnc_MEpurple	ENSG00000271367.1	AL034374.1	0.0670678	0.558746	0.342443
lnc_MEpurple	ENSG00000276842.1	AC023510.2	0.0659844	0.751975	0.332702
lnc_MEpurple	ENSG00000285928.1	AC103591.4	0.0603797	1.08823	0.342202
lnc_MEpurple	ENSG00000288066.1	AC097448.1	0.0574629	2.97188	0.354486
lnc_MEred	ENSG00000263586.1	HID1-AS1	0.111405	0.674571	0.412415
lnc_MEred	ENSG00000245812.3	LINC02202	0.110188	0.521605	0.257858
lnc_MEred	ENSG00000267107.8	PCAT19	0.110021	1.14339	0.41821
lnc_MEred	ENSG00000260996.1	BX255925.1	0.10937	0.741458	0.40433
lnc_MEred	ENSG00000250334.6	LINC00989	0.10406	0.485834	0.279353
lnc_MEred	ENSG00000233542.2	AL391845.2	0.103622	0.629357	0.374014
lnc_MEred	ENSG00000237371.1	AL355803.1	0.102851	1.69148	0.691867
lnc_MEred	ENSG00000228401.5	AL590226.1	0.102575	0.498202	0.288316
lnc_MEred	ENSG00000262115.1	AC027601.2	0.099485	0.539454	0.330497
lnc_MEred	ENSG00000236304.1	AP001189.1	0.0978699	1.18985	0.55463
lnc_MEred	ENSG00000285736.1	AC131025.3	0.0975855	0.442162	0.27467
lnc_MEred	ENSG00000248441.7	LINC01197	0.0974426	0.37782	0.214438
lnc_MEred	ENSG00000288162.1	AL596442.4	0.0968316	0.711457	0.430716
lnc_MEred	ENSG00000258819.2	LINC02289	0.0956615	0.64719	0.328577
lnc_MEred	ENSG00000267466.1	AC021683.1	0.0946088	0.474167	0.371229
lnc_MEred	ENSG00000271871.1	AC005740.4	0.0939547	0.625773	0.254402
lnc_MEred	ENSG00000172965.17	MIR4435-2HG	0.0926547	0.90755	0.293444
lnc_MEred	ENSG00000272416.1	AC025175.1	0.0925008	1.14768	0.478667
lnc_MEred	ENSG00000254810.1	AP001189.3	0.0924128	2.16951	0.7591
lnc_MEred	ENSG00000258943.1	AL049871.1	0.0923783	0.311453	0.208009
lnc_MEred	ENSG00000227467.3	LINC01537	0.0923232	0.496601	0.333767
lnc_MEred	ENSG00000225938.1	AL109741.1	0.0917463	1.56946	0.63041
lnc_MEred	ENSG00000287382.1	AC110611.2	0.0913323	0.953021	0.394042
lnc_MEred	ENSG00000249669.10	CARMN	0.0912134	0.794256	0.433896
lnc_MEred	ENSG00000272077.1	AC124045.1	0.0911512	0.704978	0.240515
lnc_MEred	ENSG00000273100.1	AL596442.2	0.0907157	0.867378	0.56239
lnc_MEred	ENSG00000286320.1	AC108053.1	0.0905917	0.409589	0.263649
lnc_MEred	ENSG00000267551.3	AC005264.1	0.0903698	0.265282	0.175687
lnc_MEred	ENSG00000267280.5	TBX2-AS1	0.0894831	1.46357	0.589207
lnc_MEred	ENSG00000248636.7	AC002070.1	0.0890768	1.2891	0.483759
lnc_MEred	ENSG00000261468.1	AC096921.2	0.0889762	1.06769	0.386052
lnc_MEred	ENSG00000256694.1	AC026369.2	0.0889728	1.86603	0.777268
lnc_MEred	ENSG00000287369.1	AC111197.1	0.0884892	0.51232	0.298968
lnc_MEred	ENSG00000272293.1	AC083964.1	0.0884147	1.34467	0.501266
lnc_MEred	ENSG00000253177.2	AC104211.1	0.0882391	1.09701	0.751611
lnc_MEred	ENSG00000227947.2	LINC01738	0.0880602	1.15857	0.724932
lnc_MEred	ENSG00000230630.5	DNM3OS	0.0878697	0.667389	0.380338
lnc_MEred	ENSG00000237187.9	NR2F1-AS1	0.0875939	0.366311	0.220451
lnc_MEred	ENSG00000287814.1	AC011407.1	0.0875904	0.465703	0.274715
lnc_MEred	ENSG00000261253.2	AC137932.2	0.0864145	0.421015	0.234357
lnc_MEred	ENSG00000286508.1	AC000050.2	0.0861807	0.878968	0.582313
lnc_MEred	ENSG00000225007.1	AC000067.1	0.086112	0.542749	0.393189
lnc_MEred	ENSG00000237248.5	LINC00987	0.0860001	0.67732	0.284732
lnc_MEred	ENSG00000227542.1	AC092614.1	0.0858349	0.486109	0.226644
lnc_MEred	ENSG00000254654.2	LINC02685	0.0857335	0.346956	0.360932
lnc_MEred	ENSG00000232814.2	COL4A2-AS1	0.0856709	0.57082	0.313187
lnc_MEred	ENSG00000247287.3	AL359220.1	0.085622	0.378966	0.182441
lnc_MEred	ENSG00000261655.1	AC100803.3	0.0855589	1.11101	0.650272
lnc_MEred	ENSG00000286036.1	AC017099.2	0.0848441	0.460844	0.289572
lnc_MEred	ENSG00000288547.3	C3orf36	0.0848308	1.38377	0.726528
lnc_MEred	ENSG00000277013.1	AC008556.1	0.0845817	0.702598	0.334809
lnc_MEred	ENSG00000256540.1	AC007406.3	0.0839728	1.99765	0.791878
lnc_MEred	ENSG00000285906.2	AC083855.2	0.0837692	2.51312	0.599717
lnc_MEred	ENSG00000259072.2	AL355835.1	0.0837274	0.280293	0.180256
lnc_MEred	ENSG00000267082.1	AC011472.1	0.0835626	1.43861	0.46292
lnc_MEred	ENSG00000269958.1	AL049840.5	0.0830611	2.87416	0.500526
lnc_MEred	ENSG00000272783.1	AC147067.2	0.0825173	0.990627	0.726392
lnc_MEred	ENSG00000244300.3	GATA2-AS1	0.0817774	1.07439	0.474116
lnc_MEred	ENSG00000272789.1	AC010976.2	0.0811112	0.876372	0.56338
lnc_MEred	ENSG00000204682.8	MIR1915HG	0.0809449	1.18229	0.543795
lnc_MEred	ENSG00000270412.1	AL136084.2	0.0803733	0.267578	0.241877
lnc_MEred	ENSG00000251399.1	AC092542.1	0.0802485	0.353364	0.270229
lnc_MEred	ENSG00000224687.2	RASAL2-AS1	0.0796812	0.468221	0.169475
lnc_MEred	ENSG00000232287.2	SLC6A1-AS1	0.0795505	0.379302	0.291736
lnc_MEred	ENSG00000260912.1	AL158206.1	0.0793615	2.24777	0.512996
lnc_MEred	ENSG00000278925.1	AC005753.1	0.0788634	0.301674	0.216176
lnc_MEred	ENSG00000255434.1	AP001922.6	0.0788041	0.768233	0.281156
lnc_MEred	ENSG00000287986.1	AL135841.1	0.0785546	0.500248	0.291064
lnc_MEred	ENSG00000228718.2	LINC02521	0.0785087	0.322717	0.186079
lnc_MEred	ENSG00000274021.1	AC024909.1	0.0783467	0.320639	0.155847
lnc_MEred	ENSG00000259124.1	AC008050.1	0.0781879	0.341829	0.291685
lnc_MEred	ENSG00000197291.9	RAMP2-AS1	0.0780947	0.44724	0.261804
lnc_MEred	ENSG00000274204.1	AL138689.1	0.0769875	0.346162	0.273087
lnc_MEred	ENSG00000260679.1	AP007216.2	0.0769273	0.463168	0.366577
lnc_MEred	ENSG00000286393.1	Z97192.4	0.0768676	0.381568	0.22975
lnc_MEred	ENSG00000271938.1	AC103724.4	0.0758171	0.314232	0.231063
lnc_MEred	ENSG00000271009.3	AC116667.1	0.0756325	0.780543	0.278287
lnc_MEred	ENSG00000287527.1	AC005753.3	0.0755425	0.251395	0.175884
lnc_MEred	ENSG00000244953.1	AC087521.1	0.075272	0.386616	0.351612
lnc_MEred	ENSG00000233251.8	AC007743.1	0.0749782	0.823483	0.425868
lnc_MEred	ENSG00000255191.1	AP003555.2	0.0740633	0.278693	0.21993
lnc_MEred	ENSG00000228794.10	LINC01128	0.0738127	0.85797	0.203121
lnc_MEred	ENSG00000254703.2	SENCR	0.0733267	0.906262	0.356186
lnc_MEred	ENSG00000255389.1	Z97989.1	0.0730027	0.815165	0.33317
lnc_MEred	ENSG00000258569.1	AC007376.2	0.0725502	0.307045	0.192983
lnc_MEred	ENSG00000267131.1	AC005746.2	0.0723449	0.411388	0.261424
lnc_MEred	ENSG00000206417.8	H1-10-AS1	0.0712965	0.483871	0.239979
lnc_MEred	ENSG00000187013.4	LINC02875	0.0705686	0.583173	0.282738
lnc_MEred	ENSG00000277351.1	AC013553.3	0.0704	0.495405	0.316119
lnc_MEred	ENSG00000261117.1	AC009486.1	0.070333	0.293453	0.205111
lnc_MEred	ENSG00000270059.1	AC121493.1	0.0701104	0.480774	0.300669
lnc_MEred	ENSG00000253618.1	GRPEL2-AS1	0.0695927	0.272333	0.220758
lnc_MEred	ENSG00000273650.1	AC100793.4	0.0689216	0.445015	0.320242
lnc_MEred	ENSG00000267505.1	AC005180.2	0.0686479	0.555074	0.422021
lnc_MEred	ENSG00000267365.1	KCNJ2-AS1	0.0685043	0.66004	0.306079
lnc_MEred	ENSG00000205837.7	LINC00487	0.0682083	0.232641	0.163919
lnc_MEred	ENSG00000271614.1	ATP2B1-AS1	0.0679459	0.537044	0.206359
lnc_MEred	ENSG00000258168.6	AC025569.1	0.0676579	0.259203	0.168272
lnc_MEred	ENSG00000273123.1	AC020634.2	0.0675533	0.302124	0.183772
lnc_MEred	ENSG00000271590.1	AC108463.3	0.0674968	0.452548	0.258041
lnc_MEred	ENSG00000233321.2	LINC02669	0.0666969	0.325913	0.242204
lnc_MEred	ENSG00000259883.2	EHD4-AS1	0.0665032	0.272131	0.158374
lnc_MEred	ENSG00000277763.1	AL138995.1	0.0664297	0.314924	0.165739
lnc_MEred	ENSG00000267583.5	AC007998.3	0.0663101	0.752599	0.619695
lnc_MEred	ENSG00000260400.1	AL513534.2	0.0661926	0.656919	0.326436
lnc_MEred	ENSG00000272729.1	AC009336.1	0.0661881	0.257105	0.17115
lnc_MEred	ENSG00000271959.1	AC100803.4	0.0659939	0.328672	0.291484
lnc_MEred	ENSG00000229619.4	MBNL1-AS1	0.0659594	0.602573	0.291485
lnc_MEred	ENSG00000259523.1	AC022613.2	0.0654101	0.514941	0.175511
lnc_MEred	ENSG00000269350.1	AC010463.2	0.0649986	0.367304	0.259098
lnc_MEred	ENSG00000248927.1	AC114284.1	0.0649507	0.298667	0.19437
lnc_MEred	ENSG00000237234.7	Z99289.1	0.0648623	0.277391	0.195458
lnc_MEred	ENSG00000237989.1	LINC01679	0.0647916	0.82787	0.547149
lnc_MEred	ENSG00000251034.2	AC087854.1	0.0646868	0.351409	0.12107
lnc_MEred	ENSG00000237614.3	AC073257.2	0.0642611	0.763761	0.438377
lnc_MEred	ENSG00000231889.7	TRAF3IP2-AS1	0.064224	0.758657	0.194092
lnc_MEred	ENSG00000286599.1	AC110611.1	0.0641531	0.541431	0.161641
lnc_MEred	ENSG00000188511.12	C22orf34	0.0640081	0.647044	0.350905
lnc_MEred	ENSG00000261572.1	AC097639.1	0.0639202	0.577878	0.307855
lnc_MEred	ENSG00000229407.5	AL359853.1	0.0636424	0.401206	0.318761
lnc_MEred	ENSG00000271040.1	AL390955.2	0.0635869	0.574394	0.224434
lnc_MEred	ENSG00000226051.8	ZNF503-AS1	0.0635716	0.500088	0.249198
lnc_MEred	ENSG00000225905.1	AL391244.1	0.0634157	0.268411	0.231144
lnc_MEred	ENSG00000233117.4	LINC00702	0.0633409	0.278499	0.221297
lnc_MEred	ENSG00000255775.1	AC005845.1	0.0630286	0.292723	0.170536
lnc_MEred	ENSG00000224965.1	LINC02586	0.0626431	0.466334	0.336219
lnc_MEred	ENSG00000224848.2	AL589843.1	0.0617716	0.324401	0.200175
lnc_MEred	ENSG00000275532.1	AC006449.2	0.0615109	0.829821	0.320942
lnc_MEred	ENSG00000237073.1	AL162727.2	0.0613929	0.38719	0.199071
lnc_MEred	ENSG00000267405.1	AC005180.1	0.0613713	0.41412	0.365426
lnc_MEred	ENSG00000249685.1	AC079921.2	0.0613384	0.729044	0.302456
lnc_MEred	ENSG00000254605.1	AP003555.1	0.0609614	0.427056	0.297119
lnc_MEred	ENSG00000277782.1	AC068870.2	0.060872	2.51254	0.540648
lnc_MEred	ENSG00000254533.1	AF186192.1	0.0600144	0.582216	0.436571
lnc_MEred	ENSG00000287575.1	AL390755.3	0.0598594	0.242108	0.156065
lnc_MEred	ENSG00000226363.3	HAGLROS	0.0597771	1.05543	0.540032
lnc_MEred	ENSG00000275155.1	AC027348.1	0.0588541	0.231068	0.190852
lnc_MEred	ENSG00000225383.8	SFTA1P	0.0583627	0.513334	0.4076
lnc_MEred	ENSG00000267279.2	AC090409.1	0.0582566	0.765196	0.403428
lnc_MEred	ENSG00000272854.1	AC004839.2	0.057897	0.383728	0.180802
lnc_MEred	ENSG00000255326.1	AP001922.5	0.0573674	0.701324	0.268918
lnc_MEred	ENSG00000283383.1	AC108477.1	0.0571517	0.31329	0.236282
lnc_MEred	ENSG00000267658.1	AC099811.3	0.0569451	0.317291	0.18983
lnc_MEred	ENSG00000254035.1	AC104117.3	0.0566793	0.434497	0.236413
lnc_MEred	ENSG00000230499.1	AC108463.2	0.0560792	0.833783	0.415697
lnc_MEred	ENSG00000246985.8	SOCS2-AS1	0.0550184	0.483539	0.296058
lnc_MEred	ENSG00000246898.1	LINC00920	0.0547311	0.578039	0.235693
lnc_MEred	ENSG00000272491.1	AL109659.2	0.0544135	0.271645	0.150949
lnc_MEred	ENSG00000286373.1	AC022387.2	0.0543259	0.271866	0.152254
lnc_MEred	ENSG00000277954.1	AC092376.2	0.0542897	0.558612	0.320171
lnc_MEred	ENSG00000225903.1	AL035404.2	0.0541697	0.258635	0.292769
lnc_MEred	ENSG00000259134.7	LINC00924	0.0538952	1.15787	0.725573
lnc_MEred	ENSG00000268583.2	AC011466.1	0.0538891	0.273942	0.116003
lnc_MEred	ENSG00000278607.1	AC015819.2	0.0534271	0.500444	0.420477
lnc_MEred	ENSG00000225205.5	AC078883.1	0.0530234	1.10188	0.2777
lnc_MEred	ENSG00000270547.6	LINC01235	0.0529837	1.75922	1.16081
lnc_MEred	ENSG00000259676.1	AC103982.1	0.0529301	0.318878	0.280181
lnc_MEred	ENSG00000250899.3	AC125807.2	0.0528679	1.22547	0.436464
lnc_MEred	ENSG00000214548.18	MEG3	0.0527895	0.352219	0.315097
lnc_MEred	ENSG00000253837.1	AC090197.1	0.0524524	0.46644	0.211375
lnc_MEred	ENSG00000253829.1	AC067817.2	0.0523474	0.672792	0.40751
lnc_MEred	ENSG00000236501.6	AC074286.1	0.0522269	0.401988	0.247586
lnc_MEred	ENSG00000266601.1	AC018521.6	0.052124	0.908254	0.314703
lnc_MEred	ENSG00000250410.1	AC112722.1	0.0511007	0.327998	0.185088
lnc_MEred	ENSG00000254510.2	AP001107.5	0.0509071	0.335127	0.318303
lnc_MEred	ENSG00000272823.1	AL445423.1	0.0507787	0.474936	0.324384
lnc_MEred	ENSG00000228261.1	ITPRIP-AS1	0.0503532	0.239068	0.187616
lnc_MEred	ENSG00000241679.2	AC018450.1	0.0492789	0.38215	0.25943
lnc_MEred	ENSG00000267414.1	SETBP1-DT	0.049142	1.03056	0.318039
lnc_MEred	ENSG00000261737.1	CLCA4-AS1	0.0486487	0.733099	0.198447
lnc_MEred	ENSG00000270681.1	AC095055.1	0.0480439	0.737596	0.294085
lnc_MEred	ENSG00000213600.3	U73169.1	0.0477595	0.291073	0.183467
lnc_MEred	ENSG00000237807.4	AC022034.1	0.0473047	0.522472	0.347761
lnc_MEred	ENSG00000238078.1	LINC01352	0.0470752	0.494247	0.296761
lnc_MEred	ENSG00000224189.8	HAGLR	0.046764	1.99137	0.875616
lnc_MEred	ENSG00000261616.1	AC036108.3	0.046482	0.314481	0.120222
lnc_MEred	ENSG00000180139.11	ACTA2-AS1	0.0463798	0.574348	0.437023
lnc_MEred	ENSG00000253123.4	AC091182.1	0.045664	0.27814	0.242418
lnc_MEred	ENSG00000203325.3	AL445248.1	0.0452371	0.245431	0.125726
lnc_MEred	ENSG00000237380.7	HOXD-AS2	0.0449483	0.976267	0.419187
lnc_MEred	ENSG00000271874.1	AC025754.2	0.0444836	0.446946	0.241747
lnc_MEred	ENSG00000130600.19	H19	0.0442377	2.75789	1.7124
lnc_MEred	ENSG00000268798.1	AC027307.3	0.0434495	0.358646	0.163416
lnc_MEred	ENSG00000248429.5	FAM198B-AS1	0.0412061	0.273835	0.203359
lnc_MEred	ENSG00000248458.2	AL139147.1	0.0409496	0.337274	0.302443
lnc_MEred	ENSG00000241985.1	WWTR1-IT1	0.0406284	0.268132	0.179038
lnc_MEsalmon	ENSG00000273771.1	AC024337.2	0.170268	0.885883	0.465677
lnc_MEsalmon	ENSG00000277135.1	AC012409.3	0.161457	0.915271	0.419628
lnc_MEsalmon	ENSG00000258667.2	HIF1A-AS3	0.157392	2.76087	1.05773
lnc_MEsalmon	ENSG00000247809.9	NR2F2-AS1	0.152803	0.719106	0.212463
lnc_MEsalmon	ENSG00000226891.9	LINC01359	0.151566	0.257215	0.130369
lnc_MEsalmon	ENSG00000226355.2	AL353803.1	0.148469	0.700915	0.673123
lnc_MEsalmon	ENSG00000257556.2	LINC02298	0.146374	0.509834	0.24323
lnc_MEsalmon	ENSG00000235954.7	TTC28-AS1	0.144424	1.00672	0.215204
lnc_MEsalmon	ENSG00000258457.5	AL132780.2	0.1439	0.717389	0.319366
lnc_MEsalmon	ENSG00000196668.4	LINC00173	0.140269	1.21071	0.638654
lnc_MEsalmon	ENSG00000273001.1	AL731533.2	0.137369	2.35089	0.706246
lnc_MEsalmon	ENSG00000231160.10	KLF3-AS1	0.135871	0.700568	0.299439
lnc_MEsalmon	ENSG00000269707.2	AC018730.1	0.135241	0.471711	0.279933
lnc_MEsalmon	ENSG00000254855.1	AP001107.8	0.135139	0.327765	0.279041
lnc_MEsalmon	ENSG00000287900.1	AC061961.1	0.134267	0.453839	0.323927
lnc_MEsalmon	ENSG00000287562.1	AL109615.4	0.133078	0.898661	0.529801
lnc_MEsalmon	ENSG00000259275.4	AC087477.2	0.1311	0.514821	0.244972
lnc_MEsalmon	ENSG00000275549.1	STPG3-AS1	0.130576	0.460306	0.434988
lnc_MEsalmon	ENSG00000235772.1	AP001625.2	0.130349	0.893963	0.443854
lnc_MEsalmon	ENSG00000226833.6	AC092164.1	0.13023	0.358213	0.174362
lnc_MEsalmon	ENSG00000283031.2	AC009242.1	0.128428	0.396416	0.375407
lnc_MEsalmon	ENSG00000231154.1	MORF4L2-AS1	0.128421	0.312491	0.153563
lnc_MEsalmon	ENSG00000170919.16	TPT1-AS1	0.125135	0.856408	0.210479
lnc_MEsalmon	ENSG00000229901.1	FOXO6-AS1	0.124169	0.355867	0.306514
lnc_MEsalmon	ENSG00000272506.1	AL357078.2	0.123625	0.233651	0.142562
lnc_MEsalmon	ENSG00000231881.2	AL109615.2	0.123186	1.24717	0.894845
lnc_MEsalmon	ENSG00000198221.10	AFDN-DT	0.123034	0.473277	0.281057
lnc_MEsalmon	ENSG00000205959.4	AC105345.1	0.121568	0.252886	0.144089
lnc_MEsalmon	ENSG00000235023.1	AP001626.1	0.120608	0.394787	0.324491
lnc_MEsalmon	ENSG00000281538.1	AC254562.3	0.119878	0.564063	0.278517
lnc_MEsalmon	ENSG00000272870.3	SAP30-DT	0.117788	1.04164	0.368497
lnc_MEsalmon	ENSG00000233016.7	SNHG7	0.117483	2.46704	0.695533
lnc_MEsalmon	ENSG00000233754.2	AP001628.2	0.115225	0.259531	0.35168
lnc_MEsalmon	ENSG00000246877.1	DNM1P35	0.115204	0.269113	0.149308
lnc_MEsalmon	ENSG00000287617.1	AC092902.6	0.114983	0.54928	0.294601
lnc_MEsalmon	ENSG00000239300.6	AC080162.1	0.114888	0.523961	0.197702
lnc_MEsalmon	ENSG00000283051.1	LINC01668	0.113739	0.492564	0.405033
lnc_MEsalmon	ENSG00000181577.16	C6orf223	0.113102	3.0707	1.27804
lnc_MEsalmon	ENSG00000285184.3	AC244033.2	0.112897	0.482922	0.189972
lnc_MEsalmon	ENSG00000237609.1	AF064858.2	0.111982	1.45551	1.3569
lnc_MEsalmon	ENSG00000223855.2	HRAT92	0.109708	0.546725	0.39287
lnc_MEsalmon	ENSG00000273729.1	AC007686.3	0.109592	0.504596	0.213423
lnc_MEsalmon	ENSG00000235888.3	AF064858.1	0.108669	0.857521	0.787572
lnc_MEsalmon	ENSG00000273733.1	AC011472.4	0.108354	0.818725	0.327896
lnc_MEsalmon	ENSG00000258748.1	AL359399.1	0.108229	0.437912	0.431061
lnc_MEsalmon	ENSG00000283141.1	LINC02666	0.108214	0.274331	0.174429
lnc_MEsalmon	ENSG00000251532.1	AC091849.2	0.107869	0.622188	0.439434
lnc_MEsalmon	ENSG00000225138.8	SLC9A3-AS1	0.10755	2.65544	1.31446
lnc_MEsalmon	ENSG00000228037.1	AL139246.3	0.107512	0.678514	0.389476
lnc_MEsalmon	ENSG00000231768.2	LINC01354	0.105435	0.309925	0.384855
lnc_MEsalmon	ENSG00000272691.1	AC092807.2	0.105393	0.521303	0.323906
lnc_MEsalmon	ENSG00000272512.1	AL645608.7	0.104914	1.29271	0.723176
lnc_MEsalmon	ENSG00000275322.1	AC103746.1	0.104095	0.607828	0.249021
lnc_MEsalmon	ENSG00000237686.7	AL109615.3	0.103837	1.98262	0.703221
lnc_MEsalmon	ENSG00000179082.3	C9orf106	0.102278	0.258827	0.190523
lnc_MEsalmon	ENSG00000259430.2	CERS3-AS1	0.1017	0.341924	0.254568
lnc_MEsalmon	ENSG00000277449.1	CEBPB-AS1	0.100918	0.821916	0.28038
lnc_MEsalmon	ENSG00000224969.1	AL645608.1	0.0991574	0.275709	0.203684
lnc_MEsalmon	ENSG00000258768.2	AL356019.2	0.0990955	0.452613	0.177277
lnc_MEsalmon	ENSG00000272088.1	AL512413.1	0.0965344	0.523079	0.397571
lnc_MEsalmon	ENSG00000224577.3	LINC01117	0.0955603	1.353	0.591271
lnc_MEsalmon	ENSG00000229167.2	AC114488.1	0.0954686	0.479442	0.248556
lnc_MEsalmon	ENSG00000237399.7	PITRM1-AS1	0.090266	0.301317	0.133522
lnc_MEsalmon	ENSG00000259763.2	LINC02157	0.0895608	0.31232	0.167732
lnc_MEsalmon	ENSG00000268615.1	AL353803.5	0.0889682	0.489483	0.350993
lnc_MEsalmon	ENSG00000274373.1	AC148476.1	0.088264	1.06784	0.966502
lnc_MEsalmon	ENSG00000278146.1	AC012409.4	0.0875978	0.339672	0.227749
lnc_MEsalmon	ENSG00000259376.1	AC090907.1	0.0859606	0.541728	0.334563
lnc_MEsalmon	ENSG00000286511.1	Z95118.2	0.0829044	0.361276	0.204491
lnc_MEsalmon	ENSG00000237410.1	NRXN2-AS1	0.0742724	0.257362	0.221384
lnc_MEsalmon	ENSG00000235269.2	LINC02331	0.0645289	0.475533	0.60837
lnc_MEsalmon	ENSG00000225174.2	OSTM1-AS1	0.0631554	1.15361	1.07372
lnc_MEtan	ENSG00000260572.1	AC069224.1	0.14141	0.685484	0.328521
lnc_MEtan	ENSG00000261634.4	AC026992.2	0.140746	0.578195	0.349434
lnc_MEtan	ENSG00000196167.10	COLCA1	0.137307	0.69143	0.523401
lnc_MEtan	ENSG00000272462.3	U91328.1	0.135083	1.1182	0.378911
lnc_MEtan	ENSG00000247400.4	DNAJC3-DT	0.13494	1.07911	0.350021
lnc_MEtan	ENSG00000179523.5	EIF3J-DT	0.134855	2.06478	0.374515
lnc_MEtan	ENSG00000273015.2	AC008124.1	0.129757	1.44588	0.286313
lnc_MEtan	ENSG00000248668.3	OXCT1-AS1	0.128106	0.401314	0.310771
lnc_MEtan	ENSG00000273355.1	AP000894.4	0.126636	1.02055	0.449474
lnc_MEtan	ENSG00000259504.2	AC026992.1	0.125898	0.477839	0.322789
lnc_MEtan	ENSG00000272686.1	WASL-DT	0.125725	1.97184	0.420467
lnc_MEtan	ENSG00000245573.9	BDNF-AS	0.123671	0.303613	0.0956415
lnc_MEtan	ENSG00000278385.1	AC121338.2	0.12354	0.901894	0.378985
lnc_MEtan	ENSG00000287769.1	AL353748.3	0.123244	0.785616	0.268332
lnc_MEtan	ENSG00000258789.1	AL162171.1	0.123003	0.778393	0.37838
lnc_MEtan	ENSG00000266904.6	LINC00663	0.122978	0.519483	0.167945
lnc_MEtan	ENSG00000250012.2	AC079848.1	0.122258	0.738043	0.340435
lnc_MEtan	ENSG00000268471.6	MIR4453HG	0.120738	1.05944	0.260981
lnc_MEtan	ENSG00000248092.8	NNT-AS1	0.119336	1.88217	0.448884
lnc_MEtan	ENSG00000281649.2	EBLN3P	0.117015	3.00309	0.437625
lnc_MEtan	ENSG00000262050.1	AC005696.1	0.116801	0.900113	0.404737
lnc_MEtan	ENSG00000245556.3	SCAMP1-AS1	0.11672	1.4101	0.363181
lnc_MEtan	ENSG00000258708.1	SLC25A21-AS1	0.116409	0.962529	0.481105
lnc_MEtan	ENSG00000260329.1	AC007541.1	0.115417	1.43164	0.435875
lnc_MEtan	ENSG00000246273.8	SBF2-AS1	0.115113	1.19015	0.385503
lnc_MEtan	ENSG00000261094.2	AC007066.2	0.114179	0.691384	0.21268
lnc_MEtan	ENSG00000278600.1	AC015871.3	0.113736	1.53425	0.425307
lnc_MEtan	ENSG00000286705.1	AC079140.6	0.113481	0.643052	0.329593
lnc_MEtan	ENSG00000258857.1	AL359397.1	0.112299	0.327119	0.240414
lnc_MEtan	ENSG00000264247.2	LINC00909	0.112279	1.57493	0.320336
lnc_MEtan	ENSG00000248508.8	SRP14-AS1	0.112217	0.960277	0.320656
lnc_MEtan	ENSG00000245498.7	AP000866.1	0.112151	0.455353	0.178787
lnc_MEtan	ENSG00000257557.2	PPP1R12A-AS1	0.110039	0.474147	0.194695
lnc_MEtan	ENSG00000254614.2	AP003068.2	0.109978	1.00744	0.440507
lnc_MEtan	ENSG00000273247.5	AC097376.3	0.109918	0.663554	0.160071
lnc_MEtan	ENSG00000284428.1	AC092329.4	0.109429	0.363238	0.12937
lnc_MEtan	ENSG00000274828.1	AC068473.5	0.109179	1.55689	0.458768
lnc_MEtan	ENSG00000260285.1	AL133367.1	0.109019	0.703945	0.306313
lnc_MEtan	ENSG00000231856.2	AL162377.1	0.108356	0.638454	0.238018
lnc_MEtan	ENSG00000229589.1	ACVR2B-AS1	0.107837	0.864141	0.362986
lnc_MEtan	ENSG00000233237.8	LINC00472	0.107174	1.09816	0.396757
lnc_MEtan	ENSG00000196741.5	LINC01560	0.106861	1.75353	0.33825
lnc_MEtan	ENSG00000278126.1	AC139768.1	0.106544	1.53477	0.350309
lnc_MEtan	ENSG00000236333.4	TRHDE-AS1	0.105922	0.64152	0.430424
lnc_MEtan	ENSG00000248027.1	ARHGAP42-AS1	0.105843	0.255738	0.175872
lnc_MEtan	ENSG00000235314.1	LINC00957	0.10437	1.35098	0.467737
lnc_MEtan	ENSG00000288046.1	AL031123.5	0.103268	0.4959	0.511904
lnc_MEtan	ENSG00000260526.1	AC109347.1	0.102959	0.640524	0.234214
lnc_MEtan	ENSG00000225377.6	NRSN2-AS1	0.102819	1.08108	0.287735
lnc_MEtan	ENSG00000253738.2	OTUD6B-AS1	0.102279	1.9343	0.3591
lnc_MEtan	ENSG00000225945.1	AL121574.1	0.101753	0.24855	0.162849
lnc_MEtan	ENSG00000241155.1	ARHGAP31-AS1	0.0997056	0.750727	0.297695
lnc_MEtan	ENSG00000186615.11	KTN1-AS1	0.0992294	0.294087	0.134467
lnc_MEtan	ENSG00000272341.1	AL137003.1	0.099073	1.37291	0.414878
lnc_MEtan	ENSG00000240875.6	LINC00886	0.0989441	0.981499	0.442318
lnc_MEtan	ENSG00000215256.4	DHRS4-AS1	0.0980729	1.91601	0.432359
lnc_MEtan	ENSG00000273901.1	AC012313.9	0.0978696	0.31216	0.187785
lnc_MEtan	ENSG00000258655.2	ARHGAP5-AS1	0.0964256	1.01056	0.337125
lnc_MEtan	ENSG00000285967.1	NIPBL-DT	0.095466	1.49985	0.353146
lnc_MEtan	ENSG00000232284.7	GNG12-AS1	0.0937227	0.430849	0.159826
lnc_MEtan	ENSG00000287750.1	AL353572.4	0.0934077	0.981122	0.4886
lnc_MEtan	ENSG00000230074.3	AL162231.2	0.093235	1.58339	0.494068
lnc_MEtan	ENSG00000247828.8	TMEM161B-AS1	0.0925052	0.557852	0.196046
lnc_MEtan	ENSG00000176593.8	AC008969.1	0.0907414	0.742786	0.25517
lnc_MEtan	ENSG00000271122.1	AC018647.2	0.0904929	1.75079	0.306284
lnc_MEtan	ENSG00000204054.14	LINC00963	0.0899697	2.11952	0.502011
lnc_MEtan	ENSG00000259687.2	LINC01220	0.0864832	0.401364	0.216215
lnc_MEtan	ENSG00000268555.2	AC123912.4	0.0861998	1.03181	0.792031
lnc_MEtan	ENSG00000272482.1	AC254633.1	0.0858077	1.72432	0.673787
lnc_MEtan	ENSG00000269921.1	AC068620.1	0.0854745	0.455659	0.198303
lnc_MEtan	ENSG00000251364.7	AC107884.1	0.0851777	0.431392	0.173986
lnc_MEtan	ENSG00000278921.2	EPB41L4A-DT	0.0840234	1.77747	0.467928
lnc_MEtan	ENSG00000259215.1	AC027237.2	0.0822808	0.362105	0.190799
lnc_MEtan	ENSG00000259495.3	AC016705.2	0.0816763	0.985295	0.656936
lnc_MEtan	ENSG00000237037.9	NDUFA6-DT	0.0810825	0.441969	0.12428
lnc_MEtan	ENSG00000175611.12	LINC00476	0.0810421	0.60994	0.197273
lnc_MEtan	ENSG00000240996.1	AL157400.4	0.0805519	0.334878	0.195776
lnc_MEtan	ENSG00000272129.1	AL359715.3	0.0795415	0.587809	0.249865
lnc_MEtan	ENSG00000272758.6	AC083798.2	0.0790775	0.585113	0.204651
lnc_MEtan	ENSG00000254477.2	AP000640.1	0.0787466	0.395413	0.242252
lnc_MEtan	ENSG00000282840.1	AC004554.1	0.0784271	0.572512	0.2595
lnc_MEtan	ENSG00000269933.1	AL031429.2	0.0776989	1.19549	1.0109
lnc_MEtan	ENSG00000261098.1	AP000766.1	0.0771858	0.938655	0.238358
lnc_MEtan	ENSG00000235501.6	AC105942.1	0.0770382	2.54424	0.592321
lnc_MEtan	ENSG00000230844.3	ZNF674-AS1	0.0748136	1.15184	0.305279
lnc_MEtan	ENSG00000263400.8	TMEM220-AS1	0.0746505	0.350627	0.160721
lnc_MEtan	ENSG00000284968.1	AC093827.4	0.0746077	1.22189	0.301222
lnc_MEtan	ENSG00000238058.2	AL355574.1	0.0690152	0.943854	0.288517
lnc_MEtan	ENSG00000249898.8	MCPH1-AS1	0.0683407	0.291233	0.121432
lnc_MEtan	ENSG00000259319.1	AF111167.2	0.067934	0.518462	0.261078
lnc_MEtan	ENSG00000187621.15	TCL6	0.0678884	0.214816	0.328189
lnc_MEtan	ENSG00000258920.1	FOXN3-AS1	0.0669098	1.74858	0.607969
lnc_MEtan	ENSG00000259985.1	AC017100.1	0.0635327	0.562865	0.369606
lnc_MEturquoise	ENSG00000274925.1	ZKSCAN2-DT	0.0803147	0.784346	0.2892
lnc_MEturquoise	ENSG00000272953.1	AC092171.4	0.0735677	0.545244	0.356541
lnc_MEturquoise	ENSG00000279529.1	AC008764.8	0.0735641	0.50542	0.213994
lnc_MEturquoise	ENSG00000273148.1	LINC00653	0.0723753	0.790234	0.350643
lnc_MEturquoise	ENSG00000274460.1	AC092119.2	0.0721726	0.631591	0.334812
lnc_MEturquoise	ENSG00000212694.8	LINC01089	0.0713528	1.32583	0.440219
lnc_MEturquoise	ENSG00000238260.1	AL513320.1	0.0710547	0.813985	0.464
lnc_MEturquoise	ENSG00000283341.2	AC068205.2	0.0705926	0.436247	0.185273
lnc_MEturquoise	ENSG00000227896.2	AL731569.1	0.0703619	0.408986	0.191294
lnc_MEturquoise	ENSG00000228393.4	LINC01004	0.0701286	1.20268	0.431734
lnc_MEturquoise	ENSG00000275180.1	AC048341.2	0.0696796	1.48041	0.569993
lnc_MEturquoise	ENSG00000270012.1	AC232271.1	0.0695369	0.842513	0.27241
lnc_MEturquoise	ENSG00000288596.2	C8orf44	0.0693256	1.09028	0.276486
lnc_MEturquoise	ENSG00000267114.1	AC011481.1	0.0687501	0.684488	0.33389
lnc_MEturquoise	ENSG00000286977.1	Z83745.1	0.0687334	0.756911	0.294063
lnc_MEturquoise	ENSG00000273723.1	SUGT1-DT	0.0685789	0.662332	0.337354
lnc_MEturquoise	ENSG00000277744.1	AC011462.4	0.0685257	1.19563	0.438162
lnc_MEturquoise	ENSG00000245149.4	RNF139-AS1	0.0681804	0.307991	0.132958
lnc_MEturquoise	ENSG00000267838.2	AC245884.8	0.067989	0.989255	0.407643
lnc_MEturquoise	ENSG00000271918.1	AC034236.2	0.0679423	0.956079	0.347784
lnc_MEturquoise	ENSG00000273759.1	AL117379.1	0.0678977	0.928606	0.360805
lnc_MEturquoise	ENSG00000273373.1	AL355488.1	0.0672505	1.29737	0.371614
lnc_MEturquoise	ENSG00000270195.2	AC016773.1	0.0671929	0.256244	0.176404
lnc_MEturquoise	ENSG00000269399.2	AC008764.6	0.0671375	0.502794	0.229693
lnc_MEturquoise	ENSG00000262580.5	AC087741.1	0.0666699	0.640344	0.303416
lnc_MEturquoise	ENSG00000247373.3	TMED2-DT	0.0666265	0.420224	0.16445
lnc_MEturquoise	ENSG00000272455.1	MRPL20-DT	0.0665635	1.01093	0.329587
lnc_MEturquoise	ENSG00000277218.1	AL139123.1	0.0661032	0.390677	0.23306
lnc_MEturquoise	ENSG00000260942.1	CAPN10-DT	0.0660756	0.568203	0.25517
lnc_MEturquoise	ENSG00000268403.2	AC132192.2	0.0659939	0.563987	0.290207
lnc_MEturquoise	ENSG00000179406.8	LINC00174	0.0659429	0.952819	0.270408
lnc_MEturquoise	ENSG00000273576.1	AC009283.1	0.0658272	2.05625	0.496342
lnc_MEturquoise	ENSG00000257303.2	AC073896.2	0.0657891	0.250582	0.0905315
lnc_MEturquoise	ENSG00000261136.1	AC023908.3	0.0656051	0.272141	0.1528
lnc_MEturquoise	ENSG00000273008.1	AC010864.1	0.0653702	0.348312	0.175748
lnc_MEturquoise	ENSG00000236144.8	TMEM147-AS1	0.0653228	0.70594	0.2658
lnc_MEturquoise	ENSG00000261879.7	AC087500.1	0.0650923	0.500896	0.174421
lnc_MEturquoise	ENSG00000263072.8	ZNF213-AS1	0.0649418	0.740412	0.186022
lnc_MEturquoise	ENSG00000261326.4	LINC01355	0.0649192	0.887501	0.307707
lnc_MEturquoise	ENSG00000273002.1	AL355388.1	0.0648269	0.357225	0.243381
lnc_MEturquoise	ENSG00000272374.1	Z97832.2	0.064498	0.427008	0.157189
lnc_MEturquoise	ENSG00000271259.1	AC010201.1	0.0644227	0.650016	0.334767
lnc_MEturquoise	ENSG00000263412.1	NFE2L1-DT	0.064048	0.27638	0.157143
lnc_MEturquoise	ENSG00000262692.1	AC116914.2	0.0640431	1.05879	0.414327
lnc_MEturquoise	ENSG00000226696.6	LENG8-AS1	0.0640316	1.73366	0.412823
lnc_MEturquoise	ENSG00000265678.1	AC129510.1	0.0637868	0.561922	0.263935
lnc_MEturquoise	ENSG00000257543.1	AC063948.1	0.0637054	0.774611	0.34018
lnc_MEturquoise	ENSG00000270557.1	AC013731.1	0.0636134	0.298881	0.18515
lnc_MEturquoise	ENSG00000233230.1	AC079807.1	0.0634657	0.64069	0.215742
lnc_MEturquoise	ENSG00000273142.1	LINC02604	0.0634561	1.67067	0.509555
lnc_MEturquoise	ENSG00000227388.3	AL133410.1	0.0633358	0.3405	0.153973
lnc_MEturquoise	ENSG00000260911.2	AC135050.3	0.063334	1.0986	0.461486
lnc_MEturquoise	ENSG00000267940.1	AC022762.2	0.0630429	0.587858	0.268904
lnc_MEturquoise	ENSG00000257596.1	SCAT2	0.062862	0.540577	0.313046
lnc_MEturquoise	ENSG00000271151.1	AC016737.1	0.062778	0.388304	0.202638
lnc_MEturquoise	ENSG00000248367.1	AC008610.1	0.062684	1.26426	0.522524
lnc_MEturquoise	ENSG00000267342.1	AC087289.2	0.0626684	0.258311	0.124641
lnc_MEturquoise	ENSG00000271993.1	AC126118.1	0.0622206	0.370068	0.215315
lnc_MEturquoise	ENSG00000231064.7	THBS3-AS1	0.0621787	0.382989	0.175285
lnc_MEturquoise	ENSG00000275484.1	AP003419.3	0.0621386	0.543852	0.294837
lnc_MEturquoise	ENSG00000271576.1	AL359504.1	0.0619183	0.605435	0.305116
lnc_MEturquoise	ENSG00000238045.9	AC009133.1	0.0619045	0.748188	0.319916
lnc_MEturquoise	ENSG00000241769.7	LINC00893	0.0618578	0.314328	0.172196
lnc_MEturquoise	ENSG00000277511.1	AC116407.2	0.0618085	0.799051	0.360141
lnc_MEturquoise	ENSG00000260778.5	AC009065.4	0.0615837	0.48761	0.222932
lnc_MEturquoise	ENSG00000273424.1	AL008582.1	0.0613896	0.559172	0.295269
lnc_MEturquoise	ENSG00000223745.8	CCDC18-AS1	0.0613221	1.38919	0.365739
lnc_MEturquoise	ENSG00000277767.1	AL442128.2	0.061095	0.267122	0.145823
lnc_MEturquoise	ENSG00000234936.1	AC010883.1	0.0610648	0.906725	0.383224
lnc_MEturquoise	ENSG00000272205.1	AL451050.2	0.0610482	0.291894	0.187331
lnc_MEturquoise	ENSG00000225880.5	LINC00115	0.0608538	0.553971	0.243429
lnc_MEturquoise	ENSG00000261187.1	AC079322.1	0.0607691	0.430962	0.179123
lnc_MEturquoise	ENSG00000249087.7	ZNF436-AS1	0.0606892	0.785924	0.334375
lnc_MEturquoise	ENSG00000242622.2	AC092910.3	0.0606672	0.526674	0.197189
lnc_MEturquoise	ENSG00000235703.6	LINC00894	0.0606223	0.434555	0.213691
lnc_MEturquoise	ENSG00000234072.1	AC074117.1	0.0604676	0.988071	0.231792
lnc_MEturquoise	ENSG00000276957.1	AL158063.1	0.0604164	0.35764	0.25442
lnc_MEturquoise	ENSG00000268189.2	AC005785.1	0.0603185	0.373152	0.188122
lnc_MEturquoise	ENSG00000240291.1	AL450384.2	0.0602145	0.733892	0.295486
lnc_MEturquoise	ENSG00000244151.1	AC010973.2	0.0601705	0.296175	0.182304
lnc_MEturquoise	ENSG00000285796.1	AL162458.1	0.0599024	0.542713	0.242828
lnc_MEturquoise	ENSG00000270147.1	AC068620.2	0.0597405	0.307696	0.176574
lnc_MEturquoise	ENSG00000284602.1	AL031432.4	0.0595681	0.41978	0.210662
lnc_MEturquoise	ENSG00000237886.1	NALT1	0.0594479	0.580036	0.388711
lnc_MEturquoise	ENSG00000196295.12	GARS1-DT	0.0588985	0.848403	0.228973
lnc_MEturquoise	ENSG00000272807.1	AC007038.1	0.0588922	0.865652	0.268953
lnc_MEturquoise	ENSG00000271327.1	AC010201.2	0.0587766	0.88353	0.361211
lnc_MEturquoise	ENSG00000267871.6	ZNF460-AS1	0.0587592	0.500616	0.184435
lnc_MEturquoise	ENSG00000274341.1	AC005899.6	0.0587006	0.946907	0.390148
lnc_MEturquoise	ENSG00000276148.1	AC084824.5	0.0585317	1.2102	0.372034
lnc_MEturquoise	ENSG00000277715.1	AC079174.2	0.0584293	0.39531	0.204881
lnc_MEturquoise	ENSG00000230415.1	LINC01786	0.0583653	0.883978	0.390465
lnc_MEturquoise	ENSG00000271200.1	AC099791.2	0.0581994	0.249802	0.214157
lnc_MEturquoise	ENSG00000262903.1	AC027796.4	0.0581873	0.823937	0.395049
lnc_MEturquoise	ENSG00000271870.1	AC024060.2	0.0578242	1.63653	0.415134
lnc_MEturquoise	ENSG00000237950.3	AL357079.1	0.0577876	0.826168	0.324533
lnc_MEturquoise	ENSG00000218018.3	RBM38-AS1	0.0576807	0.348622	0.125595
lnc_MEturquoise	ENSG00000174365.20	SNHG11	0.0575668	1.38179	0.30462
lnc_MEturquoise	ENSG00000254815.6	LMNTD2-AS1	0.0569763	0.735995	0.459857
lnc_MEturquoise	ENSG00000269161.1	AC010618.2	0.0569346	0.423003	0.215599
lnc_MEturquoise	ENSG00000267002.4	AC060780.1	0.0567182	1.23932	0.286815
lnc_MEturquoise	ENSG00000215769.8	ARHGAP27P1-BPTFP1-KPNA2P3	0.0563264	0.290403	0.152153
lnc_MEturquoise	ENSG00000269894.1	AC018809.1	0.0559481	0.346362	0.196774
lnc_MEturquoise	ENSG00000277978.1	AC010542.5	0.0559284	0.970479	0.345414
lnc_MEturquoise	ENSG00000272994.1	AC012360.3	0.0558972	0.710768	0.220816
lnc_MEturquoise	ENSG00000278784.1	AL136295.7	0.0557806	1.66144	0.346098
lnc_MEturquoise	ENSG00000215067.10	ALOX12-AS1	0.0555973	0.595264	0.151892
lnc_MEturquoise	ENSG00000215039.7	CD27-AS1	0.0554134	2.47167	0.403676
lnc_MEturquoise	ENSG00000226332.2	AL354836.1	0.0553606	1.85334	0.61511
lnc_MEturquoise	ENSG00000255503.1	AP001767.2	0.0552559	0.591012	0.319473
lnc_MEturquoise	ENSG00000266490.1	AC127024.5	0.0549852	0.572315	0.228198
lnc_MEturquoise	ENSG00000276445.1	AC005393.1	0.054973	0.480316	0.248779
lnc_MEturquoise	ENSG00000275807.1	AC145285.6	0.0549477	0.336721	0.159084
lnc_MEturquoise	ENSG00000277007.1	AC096642.1	0.0549438	0.329626	0.15026
lnc_MEturquoise	ENSG00000244055.2	AC007566.1	0.0549294	0.776097	0.275268
lnc_MEturquoise	ENSG00000273449.1	AC093788.1	0.0548361	0.547569	0.245522
lnc_MEturquoise	ENSG00000278668.1	AC005899.7	0.0546919	0.380102	0.20484
lnc_MEturquoise	ENSG00000267080.6	ASB16-AS1	0.0546371	1.26794	0.274616
lnc_MEturquoise	ENSG00000228109.1	MELTF-AS1	0.0546202	0.763219	0.433034
lnc_MEturquoise	ENSG00000269867.1	AC010326.3	0.0545247	1.86093	0.385155
lnc_MEturquoise	ENSG00000263990.1	AC004253.1	0.0544564	0.758969	0.294619
lnc_MEturquoise	ENSG00000272810.1	U91328.3	0.0544342	0.463229	0.290332
lnc_MEturquoise	ENSG00000271788.1	AC008875.1	0.0543549	0.340353	0.218786
lnc_MEturquoise	ENSG00000270049.3	AC009061.2	0.0539345	0.575961	0.171651
lnc_MEturquoise	ENSG00000255142.1	AP006621.2	0.0537453	1.23747	0.50504
lnc_MEturquoise	ENSG00000255237.1	AC138230.1	0.0536351	0.475771	0.224921
lnc_MEturquoise	ENSG00000230148.8	HOXB-AS1	0.053591	1.03777	0.41394
lnc_MEturquoise	ENSG00000271427.1	AL358072.1	0.053568	0.271917	0.168563
lnc_MEturquoise	ENSG00000255306.1	AC004923.4	0.0529442	0.607887	0.249593
lnc_MEturquoise	ENSG00000261118.1	AC092123.1	0.0528438	0.488958	0.206517
lnc_MEturquoise	ENSG00000226245.1	ZNF32-AS1	0.0528172	0.558082	0.247109
lnc_MEturquoise	ENSG00000273363.1	AL353801.3	0.0525243	0.360467	0.260611
lnc_MEturquoise	ENSG00000275485.1	AL512652.1	0.0520432	0.291231	0.175774
lnc_MEturquoise	ENSG00000274427.1	AC145423.1	0.0519918	0.727959	0.421528
lnc_MEturquoise	ENSG00000272145.1	NFYC-AS1	0.051778	0.715225	0.257606
lnc_MEturquoise	ENSG00000282951.1	AC008537.4	0.0515961	0.292743	0.155883
lnc_MEturquoise	ENSG00000268938.2	AC005387.1	0.0515719	0.482684	0.260567
lnc_MEturquoise	ENSG00000274515.1	AC105020.5	0.0515146	0.884335	0.366154
lnc_MEturquoise	ENSG00000266053.2	NDUFV2-AS1	0.0514818	0.885388	0.209631
lnc_MEturquoise	ENSG00000261971.8	MMP25-AS1	0.0514644	1.09483	0.342631
lnc_MEturquoise	ENSG00000277476.1	AC005332.5	0.0512983	1.07119	0.298996
lnc_MEturquoise	ENSG00000272734.1	ADIRF-AS1	0.0512222	0.956013	0.423118
lnc_MEturquoise	ENSG00000267108.1	AP001029.1	0.0510531	0.507435	0.365051
lnc_MEturquoise	ENSG00000214783.9	POLR2J4	0.0510283	0.367754	0.168489
lnc_MEturquoise	ENSG00000272954.1	AP000553.2	0.0509335	0.270452	0.253486
lnc_MEturquoise	ENSG00000257354.2	AC048341.1	0.0508321	0.658525	0.257585
lnc_MEturquoise	ENSG00000261474.1	AC026471.4	0.0506907	2.08244	0.43849
lnc_MEturquoise	ENSG00000242125.3	SNHG3	0.0504994	1.51267	0.51133
lnc_MEturquoise	ENSG00000243368.2	MCCC1-AS1	0.0504386	0.50589	0.228813
lnc_MEturquoise	ENSG00000275703.1	U47924.3	0.0503491	0.462619	0.300709
lnc_MEturquoise	ENSG00000248489.2	LINC02062	0.0503451	0.374703	0.153843
lnc_MEturquoise	ENSG00000267858.6	MZF1-AS1	0.0502768	0.50305	0.155778
lnc_MEturquoise	ENSG00000262001.1	DLGAP1-AS2	0.0502333	0.671413	0.323712
lnc_MEturquoise	ENSG00000277020.4	AL590096.1	0.0501942	0.398248	0.240336
lnc_MEturquoise	ENSG00000246982.7	Z84485.1	0.0501803	0.45243	0.236542
lnc_MEturquoise	ENSG00000271659.1	AL161729.4	0.0500572	0.360215	0.23518
lnc_MEturquoise	ENSG00000275936.1	AC004263.1	0.0498466	0.278799	0.187732
lnc_MEturquoise	ENSG00000259448.3	LINC02352	0.0497336	0.294272	0.16053
lnc_MEturquoise	ENSG00000260276.2	AC022167.2	0.0497199	0.4906	0.152513
lnc_MEturquoise	ENSG00000270605.1	AL353622.1	0.0496495	1.0462	0.528486
lnc_MEturquoise	ENSG00000272144.1	AC025171.4	0.0496362	0.83534	0.406584
lnc_MEturquoise	ENSG00000261324.2	AC010168.2	0.0496259	0.819353	0.29051
lnc_MEturquoise	ENSG00000274191.1	AC026333.4	0.0495244	0.302114	0.20873
lnc_MEturquoise	ENSG00000233527.9	ZNF529-AS1	0.04941	0.905175	0.197801
lnc_MEturquoise	ENSG00000271631.1	AL139041.1	0.0492698	0.240788	0.153601
lnc_MEturquoise	ENSG00000231346.5	LINC01160	0.0492431	0.283718	0.150233
lnc_MEturquoise	ENSG00000181097.5	LINC02878	0.0491236	0.278267	0.140358
lnc_MEturquoise	ENSG00000281026.1	N4BP2L2-IT2	0.0490721	0.663839	0.19848
lnc_MEturquoise	ENSG00000270933.1	AC010719.1	0.0490254	0.597415	0.422404
lnc_MEturquoise	ENSG00000232611.1	AL683813.1	0.0489796	0.540598	0.173029
lnc_MEturquoise	ENSG00000274020.4	LINC01138	0.0489653	0.648287	0.27563
lnc_MEturquoise	ENSG00000275476.1	AC009318.4	0.0489113	0.383165	0.288159
lnc_MEturquoise	ENSG00000286584.2	AC023494.1	0.0488526	0.863316	0.266191
lnc_MEturquoise	ENSG00000272217.1	AL645940.1	0.0485932	0.361556	0.228254
lnc_MEturquoise	ENSG00000276718.1	AC005840.4	0.0484414	1.056	0.394013
lnc_MEturquoise	ENSG00000255966.1	AC006064.3	0.0484263	0.989238	0.419732
lnc_MEturquoise	ENSG00000261220.2	AC103706.1	0.0482841	0.726469	0.359728
lnc_MEturquoise	ENSG00000288538.1	AP002985.1	0.0482446	0.368249	0.186106
lnc_MEturquoise	ENSG00000286699.1	AC084198.2	0.0479879	0.96552	0.289257
lnc_MEturquoise	ENSG00000260646.1	AL031705.1	0.0479668	0.263187	0.148518
lnc_MEturquoise	ENSG00000245970.2	AP003352.1	0.0479363	0.467878	0.195251
lnc_MEturquoise	ENSG00000268836.1	Z69706.1	0.0476886	0.856827	0.385909
lnc_MEturquoise	ENSG00000272787.1	AC253536.6	0.0476406	0.731765	0.333518
lnc_MEturquoise	ENSG00000281404.2	LINC01176	0.0476196	0.595937	0.236027
lnc_MEturquoise	ENSG00000229591.1	AC006017.1	0.0475838	0.473106	0.301128
lnc_MEturquoise	ENSG00000224934.5	AL391684.1	0.0474987	0.456563	0.205027
lnc_MEturquoise	ENSG00000247950.7	SEC24B-AS1	0.0472154	0.31737	0.101188
lnc_MEturquoise	ENSG00000232874.1	AC080129.2	0.0470783	0.214548	0.179172
lnc_MEturquoise	ENSG00000270055.1	AC127502.2	0.0470298	1.54269	0.470331
lnc_MEturquoise	ENSG00000237133.1	RASGRP3-AS1	0.0470045	0.469888	0.263647
lnc_MEturquoise	ENSG00000268945.1	AC010422.2	0.0469315	0.290727	0.179625
lnc_MEturquoise	ENSG00000226352.2	PSPC1-AS2	0.0468217	0.715478	0.269271
lnc_MEturquoise	ENSG00000273240.1	AC013468.1	0.0467908	0.304907	0.161218
lnc_MEturquoise	ENSG00000244952.2	AC123768.1	0.0467634	0.267286	0.145169
lnc_MEturquoise	ENSG00000198496.12	NBR2	0.0467536	1.63988	0.400482
lnc_MEturquoise	ENSG00000278000.1	AC139100.2	0.0465757	0.837797	0.400921
lnc_MEturquoise	ENSG00000275734.2	AC010538.1	0.0464604	0.512418	0.196918
lnc_MEturquoise	ENSG00000233547.1	AL158212.2	0.0464226	0.308355	0.231101
lnc_MEturquoise	ENSG00000263164.1	AC087500.2	0.0463884	0.720076	0.31045
lnc_MEturquoise	ENSG00000272223.1	AL136304.1	0.0462729	0.561733	0.263408
lnc_MEturquoise	ENSG00000269481.1	AC010319.4	0.0462709	0.299859	0.144505
lnc_MEturquoise	ENSG00000260593.1	AC009097.2	0.0462638	0.297237	0.312302
lnc_MEturquoise	ENSG00000272630.1	AL731563.3	0.0462107	0.376199	0.128529
lnc_MEturquoise	ENSG00000272100.1	AL513218.1	0.0461805	0.333889	0.213275
lnc_MEturquoise	ENSG00000260179.1	AL162741.1	0.0460648	0.256997	0.185753
lnc_MEturquoise	ENSG00000275371.1	AC012645.4	0.046064	0.226724	0.139518
lnc_MEturquoise	ENSG00000267543.1	AC015802.3	0.0460445	0.52709	0.258875
lnc_MEturquoise	ENSG00000273402.1	AC004908.3	0.0459217	0.67637	0.368822
lnc_MEturquoise	ENSG00000269915.1	AP006621.4	0.0458762	0.520159	0.358317
lnc_MEturquoise	ENSG00000261663.1	AC009065.8	0.0457284	1.13425	0.412842
lnc_MEturquoise	ENSG00000253317.1	AC078906.1	0.0455751	0.365469	0.255194
lnc_MEturquoise	ENSG00000255182.2	AC084125.2	0.0455331	0.345309	0.221928
lnc_MEturquoise	ENSG00000277831.1	AL138960.1	0.0454111	0.29614	0.288109
lnc_MEturquoise	ENSG00000272128.1	AP006545.2	0.045363	0.229185	0.185611
lnc_MEturquoise	ENSG00000234678.2	ELF3-AS1	0.0453161	0.42397	0.159524
lnc_MEturquoise	ENSG00000203684.5	IBA57-DT	0.0452876	0.384093	0.220427
lnc_MEturquoise	ENSG00000256967.1	AC018653.3	0.0452282	1.29875	0.418251
lnc_MEturquoise	ENSG00000258365.1	AC073655.2	0.0452203	0.406823	0.185859
lnc_MEturquoise	ENSG00000273448.1	AC006480.2	0.0451795	0.583788	0.25705
lnc_MEturquoise	ENSG00000276571.1	AC002550.2	0.0451171	0.871608	0.261714
lnc_MEturquoise	ENSG00000287262.1	AC021148.2	0.0450959	0.452428	0.151962
lnc_MEturquoise	ENSG00000287625.1	AC022210.1	0.0450271	0.474604	0.223383
lnc_MEturquoise	ENSG00000272905.1	AC018648.1	0.0449621	0.278675	0.191276
lnc_MEturquoise	ENSG00000253552.8	HOXA-AS2	0.0447298	1.22135	0.390983
lnc_MEturquoise	ENSG00000237753.2	AC079922.2	0.0446096	0.478738	0.197759
lnc_MEturquoise	ENSG00000288612.1	AL133351.4	0.0445675	1.0675	0.525377
lnc_MEturquoise	ENSG00000276250.1	AC127024.6	0.0445189	0.240072	0.164078
lnc_MEturquoise	ENSG00000250988.7	SNHG21	0.0444959	0.329953	0.154019
lnc_MEturquoise	ENSG00000224376.1	AC017104.1	0.0442704	0.706338	0.294678
lnc_MEturquoise	ENSG00000234705.2	HMGA1P4	0.0442686	0.661076	0.345928
lnc_MEturquoise	ENSG00000287077.1	AL157893.2	0.0442301	0.519812	0.194691
lnc_MEturquoise	ENSG00000286909.1	AC024560.4	0.0442266	0.381248	0.201226
lnc_MEturquoise	ENSG00000273765.1	AC024257.4	0.04409	0.232672	0.148678
lnc_MEturquoise	ENSG00000162913.10	OBSCN-AS1	0.0439476	0.282122	0.155748
lnc_MEturquoise	ENSG00000243230.1	AC011005.4	0.0434616	0.48007	0.318333
lnc_MEturquoise	ENSG00000251417.2	AC145285.2	0.0433748	0.463026	0.17643
lnc_MEturquoise	ENSG00000260361.1	AC106028.3	0.0433669	0.313857	0.155972
lnc_MEturquoise	ENSG00000272240.1	AC004908.1	0.043307	1.05366	0.427143
lnc_MEturquoise	ENSG00000287808.1	AL355999.1	0.0432998	0.512765	0.240306
lnc_MEturquoise	ENSG00000274294.1	AC015660.3	0.0432861	0.316913	0.256607
lnc_MEturquoise	ENSG00000287074.1	AC137561.1	0.0430559	0.499079	0.213828
lnc_MEturquoise	ENSG00000268707.1	AL158151.4	0.0426982	0.332794	0.289416
lnc_MEturquoise	ENSG00000285667.1	AC012291.3	0.0426927	0.34434	0.206319
lnc_MEturquoise	ENSG00000255857.6	PXN-AS1	0.0426621	0.433825	0.12474
lnc_MEturquoise	ENSG00000229873.1	OGFR-AS1	0.0426216	0.385236	0.198507
lnc_MEturquoise	ENSG00000232912.6	RERE-AS1	0.042611	0.309798	0.157009
lnc_MEturquoise	ENSG00000269463.1	AP001160.4	0.0423747	0.492887	0.271966
lnc_MEturquoise	ENSG00000258944.1	AC004846.2	0.0423738	0.267805	0.176855
lnc_MEturquoise	ENSG00000197989.14	SNHG12	0.0423674	1.82342	0.718897
lnc_MEturquoise	ENSG00000276968.1	AL158196.1	0.0423449	0.279641	0.182865
lnc_MEturquoise	ENSG00000238039.1	AC244197.2	0.0422293	0.304802	0.292723
lnc_MEturquoise	ENSG00000273216.1	AC002059.1	0.0421324	0.529878	0.3018
lnc_MEturquoise	ENSG00000279278.1	AC245060.6	0.0421197	0.249815	0.10889
lnc_MEturquoise	ENSG00000226179.6	LINC00685	0.042076	1.06532	0.501424
lnc_MEturquoise	ENSG00000271553.1	AC018638.7	0.0420692	0.687014	0.31738
lnc_MEturquoise	ENSG00000256433.3	AC005840.2	0.0419376	0.761835	0.352103
lnc_MEturquoise	ENSG00000248019.3	FAM13A-AS1	0.041882	0.666967	0.225608
lnc_MEturquoise	ENSG00000259887.1	FIGNL2-DT	0.0418683	0.893341	0.403519
lnc_MEturquoise	ENSG00000270035.1	AL359881.2	0.0416457	0.30796	0.29313
lnc_MEturquoise	ENSG00000240219.1	AL512306.2	0.0415826	0.371165	0.22156
lnc_MEturquoise	ENSG00000265100.1	AC005332.1	0.0415569	0.336323	0.171151
lnc_MEturquoise	ENSG00000287315.1	AL670729.3	0.0413252	0.958353	0.553587
lnc_MEturquoise	ENSG00000267278.6	MAP3K14-AS1	0.0410644	0.593666	0.200489
lnc_MEturquoise	ENSG00000271335.6	AL117336.2	0.0410642	1.24686	0.428235
lnc_MEturquoise	ENSG00000273987.1	AC121761.2	0.041002	0.657978	0.292656
lnc_MEturquoise	ENSG00000253559.1	OSGEPL1-AS1	0.0409744	0.329529	0.133401
lnc_MEturquoise	ENSG00000276505.1	AP000892.3	0.0409309	0.324399	0.204817
lnc_MEturquoise	ENSG00000247137.9	AP000873.2	0.0407011	0.610965	0.199682
lnc_MEturquoise	ENSG00000261131.1	AC012186.2	0.0406886	0.465079	0.223116
lnc_MEturquoise	ENSG00000259792.1	AC104758.1	0.0406479	0.374886	0.24483
lnc_MEturquoise	ENSG00000277299.1	AC084876.1	0.0404414	0.299744	0.207074
lnc_MEturquoise	ENSG00000228444.2	AL137244.1	0.0403897	0.263943	0.168849
lnc_MEturquoise	ENSG00000204584.1	AC027801.1	0.0402594	0.393351	0.175001
lnc_MEturquoise	ENSG00000270589.1	AL158163.1	0.0402461	0.404083	0.146741
lnc_MEturquoise	ENSG00000215022.7	AL008729.1	0.0399895	0.382603	0.169045
lnc_MEturquoise	ENSG00000269978.1	AL359881.1	0.0399343	0.698298	0.529114
lnc_MEturquoise	ENSG00000287737.1	AC132872.5	0.0398644	0.322781	0.186822
lnc_MEturquoise	ENSG00000272417.1	AC034229.4	0.0398616	0.269045	0.195204
lnc_MEturquoise	ENSG00000271734.1	Z98200.1	0.0396417	0.25535	0.180735
lnc_MEturquoise	ENSG00000272541.1	AL021368.3	0.0396207	0.244132	0.235273
lnc_MEturquoise	ENSG00000273356.1	LINC02019	0.0395246	0.423378	0.177448
lnc_MEturquoise	ENSG00000272170.1	AL355385.1	0.0393536	0.228561	0.169524
lnc_MEturquoise	ENSG00000241288.8	LINC02614	0.0392075	0.353408	0.153844
lnc_MEturquoise	ENSG00000281005.1	LINC00921	0.0390859	0.775879	0.23455
lnc_MEturquoise	ENSG00000275413.1	AC002553.2	0.0390707	0.879342	0.308018
lnc_MEturquoise	ENSG00000262468.6	LINC01569	0.0390661	1.11009	0.393556
lnc_MEturquoise	ENSG00000219665.8	ZNF433-AS1	0.0390084	0.279929	0.0952045
lnc_MEturquoise	ENSG00000262979.1	AC124319.1	0.0389318	0.410751	0.281672
lnc_MEturquoise	ENSG00000273218.1	AC005776.2	0.0388186	0.352122	0.170392
lnc_MEturquoise	ENSG00000286407.1	AC004863.1	0.0387862	1.10625	0.580974
lnc_MEturquoise	ENSG00000257176.3	AC009318.1	0.0386604	0.296096	0.153444
lnc_MEturquoise	ENSG00000271228.1	AL121655.1	0.038635	0.556231	0.236846
lnc_MEturquoise	ENSG00000261766.1	AC133550.3	0.0386247	0.401813	0.198572
lnc_MEturquoise	ENSG00000272945.1	AL356299.2	0.0382817	0.301824	0.168142
lnc_MEturquoise	ENSG00000283667.1	AC009802.1	0.0382441	0.313017	0.18195
lnc_MEturquoise	ENSG00000262482.1	AC004034.1	0.0381758	0.298778	0.169038
lnc_MEturquoise	ENSG00000272599.2	AC016394.1	0.0381684	0.317038	0.15744
lnc_MEturquoise	ENSG00000284738.1	AL358472.5	0.0381512	0.337846	0.177289
lnc_MEturquoise	ENSG00000212743.2	LINC02656	0.0380688	0.542844	0.271625
lnc_MEturquoise	ENSG00000274737.1	AC004466.2	0.0379767	0.282293	0.183613
lnc_MEturquoise	ENSG00000277959.1	AL162274.2	0.0378522	1.28262	0.370027
lnc_MEturquoise	ENSG00000286507.1	AC004947.3	0.0378477	0.55872	0.314088
lnc_MEturquoise	ENSG00000272812.1	AC004908.2	0.0378194	0.914924	0.30559
lnc_MEturquoise	ENSG00000271398.1	AL353622.2	0.037729	0.228108	0.204822
lnc_MEturquoise	ENSG00000277050.1	AL122125.1	0.03769	0.423904	0.279925
lnc_MEturquoise	ENSG00000196204.12	RNF216P1	0.0376853	1.08496	0.224826
lnc_MEturquoise	ENSG00000269834.6	ZNF528-AS1	0.0375696	1.10042	0.317996
lnc_MEturquoise	ENSG00000272668.2	AL590560.3	0.0375038	0.747072	0.427088
lnc_MEturquoise	ENSG00000282386.1	AL358472.4	0.0374221	0.918796	0.26478
lnc_MEturquoise	ENSG00000287868.1	AL355377.4	0.0373953	0.386313	0.171734
lnc_MEturquoise	ENSG00000278768.2	BACE1-AS	0.0372759	0.997935	0.19749
lnc_MEturquoise	ENSG00000229043.3	ZFAND2A-DT	0.0372656	1.1908	0.36327
lnc_MEturquoise	ENSG00000250081.1	AC025176.1	0.0371843	0.216496	0.21595
lnc_MEturquoise	ENSG00000257167.2	TMPO-AS1	0.0371253	0.61449	0.216911
lnc_MEturquoise	ENSG00000251136.9	AF117829.1	0.0371198	0.723158	0.298626
lnc_MEturquoise	ENSG00000277728.1	AC097641.2	0.0370985	0.312437	0.158185
lnc_MEturquoise	ENSG00000260077.1	AC104794.3	0.037094	2.29316	0.408302
lnc_MEturquoise	ENSG00000243155.1	AL162431.1	0.03708	0.344963	0.151704
lnc_MEturquoise	ENSG00000267707.2	AC015961.2	0.0369162	0.311245	0.191007
lnc_MEturquoise	ENSG00000271265.1	AL355297.2	0.0366647	0.315049	0.180737
lnc_MEturquoise	ENSG00000258199.1	AC073896.4	0.036597	0.24654	0.173514
lnc_MEturquoise	ENSG00000274653.1	AC106782.5	0.0365382	0.473539	0.192161
lnc_MEturquoise	ENSG00000260252.1	AC009087.1	0.0365214	0.262539	0.163331
lnc_MEturquoise	ENSG00000253320.7	MAILR	0.0364563	0.557131	0.181798
lnc_MEturquoise	ENSG00000287129.1	AC097500.1	0.0364305	0.29485	0.159708
lnc_MEturquoise	ENSG00000270344.3	POC1B-AS1	0.0364193	0.349724	0.0952464
lnc_MEturquoise	ENSG00000267769.1	AC011498.6	0.0363643	0.57881	0.296261
lnc_MEturquoise	ENSG00000271344.1	AC018638.6	0.0363011	0.32962	0.233858
lnc_MEturquoise	ENSG00000272084.1	AL137127.1	0.0361615	0.375678	0.23465
lnc_MEturquoise	ENSG00000273747.1	AC022558.3	0.0361593	0.320236	0.141181
lnc_MEturquoise	ENSG00000270127.2	AC027020.2	0.0361102	0.784343	0.453962
lnc_MEturquoise	ENSG00000226862.1	AC104463.2	0.0360478	0.454548	0.269162
lnc_MEturquoise	ENSG00000275343.1	AC010999.1	0.0360299	0.297746	0.175567
lnc_MEturquoise	ENSG00000281398.4	SNHG4	0.0359436	0.594578	0.307823
lnc_MEturquoise	ENSG00000236255.2	AC009404.1	0.0359166	0.617781	0.306046
lnc_MEturquoise	ENSG00000278816.1	AL121890.5	0.0358897	0.272071	0.194027
lnc_MEturquoise	ENSG00000271555.1	AC113139.1	0.0357422	0.382412	0.295303
lnc_MEturquoise	ENSG00000216895.9	AC009403.1	0.0356879	1.08188	0.338608
lnc_MEturquoise	ENSG00000278733.1	AC022079.2	0.0353582	0.681875	0.302949
lnc_MEturquoise	ENSG00000259840.1	Z97653.1	0.0353271	0.330528	0.231038
lnc_MEturquoise	ENSG00000225075.1	AL603832.1	0.0353191	0.418501	0.249987
lnc_MEturquoise	ENSG00000286366.1	AC005052.2	0.0352397	0.290929	0.115419
lnc_MEturquoise	ENSG00000225891.2	DHDDS-AS1	0.035226	0.286737	0.116137
lnc_MEturquoise	ENSG00000283075.1	AL157931.2	0.0352	0.488965	0.39572
lnc_MEturquoise	ENSG00000226419.8	SLC16A1-AS1	0.0350455	0.526266	0.189586
lnc_MEturquoise	ENSG00000237101.1	AC092809.4	0.0350186	0.247824	0.160189
lnc_MEturquoise	ENSG00000229124.7	VIM-AS1	0.034779	1.22157	0.332541
lnc_MEturquoise	ENSG00000271889.1	AC016747.2	0.034628	0.286651	0.166955
lnc_MEturquoise	ENSG00000225889.9	AC012368.1	0.0345961	0.610481	0.32131
lnc_MEturquoise	ENSG00000248936.1	AC027607.1	0.0345883	0.488466	0.200315
lnc_MEturquoise	ENSG00000272236.1	AL645939.4	0.0345419	0.475626	0.39861
lnc_MEturquoise	ENSG00000284707.2	AC079781.5	0.0345301	0.262406	0.110458
lnc_MEturquoise	ENSG00000234327.8	ZNF232-AS1	0.0344464	0.353384	0.215707
lnc_MEturquoise	ENSG00000174171.6	AC020659.1	0.0344261	0.331501	0.352703
lnc_MEturquoise	ENSG00000267986.1	AC130469.1	0.0344016	0.504548	0.344125
lnc_MEturquoise	ENSG00000251022.6	THAP9-AS1	0.0343809	2.72246	0.504971
lnc_MEturquoise	ENSG00000273972.1	AC068722.2	0.0342886	0.323394	0.245992
lnc_MEturquoise	ENSG00000233695.2	GAS6-AS1	0.0341917	1.2895	0.635644
lnc_MEturquoise	ENSG00000268201.1	AC020915.1	0.0340851	0.816111	0.306432
lnc_MEturquoise	ENSG00000261744.1	AC116552.1	0.0339665	0.340512	0.247384
lnc_MEturquoise	ENSG00000259933.6	AC009065.2	0.0339082	0.335555	0.198446
lnc_MEturquoise	ENSG00000239415.1	AP001469.3	0.0338933	0.351444	0.171369
lnc_MEturquoise	ENSG00000203739.4	PRDX6-AS1	0.0335308	0.480188	0.127642
lnc_MEturquoise	ENSG00000279873.2	LINC01126	0.0335071	0.556124	0.292826
lnc_MEturquoise	ENSG00000257681.1	AC025265.1	0.0335032	0.661063	0.456417
lnc_MEturquoise	ENSG00000224251.6	AL391427.1	0.0334111	0.383601	0.378049
lnc_MEturquoise	ENSG00000273230.1	AC102953.2	0.0333095	0.716897	0.297859
lnc_MEturquoise	ENSG00000267197.1	AC011461.1	0.0332314	0.312146	0.209979
lnc_MEturquoise	ENSG00000196756.13	SNHG17	0.0330949	1.17094	0.34719
lnc_MEturquoise	ENSG00000274354.1	AC105105.3	0.0329845	0.314728	0.268149
lnc_MEturquoise	ENSG00000263069.6	RNF213-AS1	0.0327402	0.806136	0.277931
lnc_MEturquoise	ENSG00000260038.1	AC009090.1	0.0326874	0.712006	0.299046
lnc_MEturquoise	ENSG00000248240.1	AC114956.1	0.032628	0.237811	0.183555
lnc_MEturquoise	ENSG00000249859.12	PVT1	0.0325953	0.75616	0.27734
lnc_MEturquoise	ENSG00000269903.1	AC025165.4	0.0325936	0.517222	0.248512
lnc_MEturquoise	ENSG00000215481.9	BCRP3	0.0325928	0.371358	0.27246
lnc_MEturquoise	ENSG00000233184.7	AC093157.1	0.0325252	0.490265	0.153131
lnc_MEturquoise	ENSG00000286315.1	AC087175.1	0.0323395	0.370657	0.21302
lnc_MEturquoise	ENSG00000261123.1	AC009065.5	0.0323343	0.387187	0.266939
lnc_MEturquoise	ENSG00000267117.1	AC010525.1	0.0323071	0.231337	0.155025
lnc_MEturquoise	ENSG00000267048.1	AC092143.3	0.0322465	0.393282	0.229966
lnc_MEturquoise	ENSG00000263220.1	AC015727.1	0.0322203	0.406009	0.219014
lnc_MEturquoise	ENSG00000257222.1	AC079907.1	0.0322001	0.403169	0.202407
lnc_MEturquoise	ENSG00000287778.1	AC006230.1	0.0321562	0.320114	0.179937
lnc_MEturquoise	ENSG00000271781.1	AC026740.1	0.0321274	0.570685	0.317157
lnc_MEturquoise	ENSG00000231305.4	AC112484.1	0.0320037	0.338367	0.193198
lnc_MEturquoise	ENSG00000278383.1	AL031673.1	0.0318203	1.00604	0.368138
lnc_MEturquoise	ENSG00000260852.1	FBXL19-AS1	0.0317013	0.682369	0.310468
lnc_MEturquoise	ENSG00000286948.1	AP000867.5	0.0316961	0.300165	0.233095
lnc_MEturquoise	ENSG00000230537.2	AL158071.2	0.0316753	0.436953	0.274984
lnc_MEturquoise	ENSG00000272183.1	AC005041.3	0.031646	0.648322	0.237126
lnc_MEturquoise	ENSG00000270039.1	AC025165.5	0.0316409	1.13012	0.285933
lnc_MEturquoise	ENSG00000273308.1	AC024560.3	0.0313298	0.50368	0.267394
lnc_MEturquoise	ENSG00000235381.1	AL596202.1	0.0313107	0.357633	0.129601
lnc_MEturquoise	ENSG00000272161.1	AL589739.1	0.0305497	0.255553	0.203863
lnc_MEturquoise	ENSG00000275910.1	AC138932.4	0.0305387	0.413249	0.194759
lnc_MEturquoise	ENSG00000272465.1	AL031768.1	0.0305356	0.302041	0.160069
lnc_MEturquoise	ENSG00000269392.1	AC008655.2	0.0304444	0.345381	0.239394
lnc_MEturquoise	ENSG00000228274.4	AL021707.2	0.0303768	0.321747	0.120484
lnc_MEturquoise	ENSG00000231851.6	MRPS9-AS1	0.0300293	0.269409	0.116876
lnc_MEturquoise	ENSG00000269646.1	AC010487.1	0.0300081	0.644556	0.500479
lnc_MEturquoise	ENSG00000227355.3	AL359644.1	0.0296148	0.298103	0.155272
lnc_MEturquoise	ENSG00000246334.2	PRR7-AS1	0.0295157	0.375725	0.245494
lnc_MEturquoise	ENSG00000260368.1	AC027373.1	0.0294195	0.241259	0.152935
lnc_MEturquoise	ENSG00000234869.1	AL021392.1	0.0292847	0.504932	0.283676
lnc_MEturquoise	ENSG00000273306.1	AC018690.1	0.0291908	0.843484	0.233716
lnc_MEturquoise	ENSG00000263823.1	AC009831.1	0.0291826	0.322416	0.147582
lnc_MEturquoise	ENSG00000250764.1	AC025178.1	0.0291222	0.376177	0.169532
lnc_MEturquoise	ENSG00000232600.3	TONSL-AS1	0.0290449	0.260814	0.190738
lnc_MEturquoise	ENSG00000260060.1	AC009088.1	0.029013	0.245819	0.187039
lnc_MEturquoise	ENSG00000286588.1	AC104841.1	0.0289479	0.578167	0.309598
lnc_MEturquoise	ENSG00000226310.1	AL022157.1	0.0289263	0.393005	0.162024
lnc_MEturquoise	ENSG00000225506.2	CYP4A22-AS1	0.0288717	0.369498	0.260866
lnc_MEturquoise	ENSG00000225335.3	AC016027.1	0.0288011	0.400445	0.218756
lnc_MEturquoise	ENSG00000228350.1	LINC02585	0.0287115	0.641917	0.344346
lnc_MEturquoise	ENSG00000269815.1	AC010463.3	0.0287068	0.35614	0.192915
lnc_MEturquoise	ENSG00000260635.1	AC092338.1	0.0286874	0.383797	0.197062
lnc_MEturquoise	ENSG00000236849.6	LINC01474	0.028679	0.335047	0.242644
lnc_MEturquoise	ENSG00000272384.1	AC016405.3	0.0286789	1.12702	0.74742
lnc_MEturquoise	ENSG00000260796.1	AC145285.3	0.0286482	0.260751	0.148543
lnc_MEturquoise	ENSG00000267612.1	AC008759.2	0.0286246	0.276153	0.18891
lnc_MEturquoise	ENSG00000258302.2	AC025034.1	0.0285152	0.368846	0.170041
lnc_MEturquoise	ENSG00000265800.1	AC022211.3	0.0284901	0.408829	0.243264
lnc_MEturquoise	ENSG00000236423.6	LINC01134	0.0284686	0.275669	0.20497
lnc_MEturquoise	ENSG00000245694.10	CRNDE	0.0283925	1.31133	0.543836
lnc_MEturquoise	ENSG00000272382.1	AC025171.5	0.0283532	0.499914	0.253262
lnc_MEturquoise	ENSG00000233590.1	LINC02640	0.0283299	0.613029	0.475909
lnc_MEturquoise	ENSG00000215241.4	LINC02449	0.0282341	0.295517	0.169377
lnc_MEturquoise	ENSG00000269918.1	AF131215.6	0.0281476	0.84874	0.462716
lnc_MEturquoise	ENSG00000267257.1	AC105105.1	0.0281023	0.245443	0.170588
lnc_MEturquoise	ENSG00000281468.1	AC006504.7	0.028077	1.14665	0.395753
lnc_MEturquoise	ENSG00000286782.1	AL355377.3	0.0279365	0.271643	0.145089
lnc_MEturquoise	ENSG00000273012.1	AL353600.1	0.027826	0.239322	0.220197
lnc_MEturquoise	ENSG00000253167.1	WASHC5-AS1	0.027806	0.252893	0.135536
lnc_MEturquoise	ENSG00000236514.1	AL135791.1	0.0277893	0.473212	0.216917
lnc_MEturquoise	ENSG00000248256.1	OCIAD1-AS1	0.0277215	0.822198	0.322604
lnc_MEturquoise	ENSG00000277548.1	AC018926.3	0.0276461	0.707298	0.276133
lnc_MEturquoise	ENSG00000271218.1	AL033384.2	0.0270877	0.421909	0.246956
lnc_MEyellow	ENSG00000247774.7	PCED1B-AS1	0.120669	1.47358	0.602228
lnc_MEyellow	ENSG00000268027.5	AC243960.1	0.116011	0.812719	0.431441
lnc_MEyellow	ENSG00000281103.2	TRG-AS1	0.115998	0.517189	0.285694
lnc_MEyellow	ENSG00000238121.6	LINC00426	0.114411	0.397107	0.302873
lnc_MEyellow	ENSG00000228427.3	AL590764.1	0.112854	0.660865	0.35238
lnc_MEyellow	ENSG00000266088.6	AC004585.1	0.111787	0.732271	0.546912
lnc_MEyellow	ENSG00000267074.1	AC015911.3	0.109348	0.745379	0.437344
lnc_MEyellow	ENSG00000272282.1	LINC02084	0.109104	0.759118	0.527593
lnc_MEyellow	ENSG00000239636.1	TFAP2E-AS1	0.107571	0.448884	0.249595
lnc_MEyellow	ENSG00000265148.6	TSPOAP1-AS1	0.105327	0.395667	0.214145
lnc_MEyellow	ENSG00000245164.8	LINC00861	0.104515	0.508428	0.299718
lnc_MEyellow	ENSG00000267121.6	AC008105.3	0.10024	0.667536	0.40092
lnc_MEyellow	ENSG00000258875.6	AL135818.1	0.100127	0.37106	0.235408
lnc_MEyellow	ENSG00000227039.6	ITGB2-AS1	0.0978862	1.13081	0.614193
lnc_MEyellow	ENSG00000234883.6	MIR155HG	0.097432	1.44558	0.791311
lnc_MEyellow	ENSG00000236935.1	AP003774.2	0.0969712	0.349583	0.264178
lnc_MEyellow	ENSG00000288600.1	AL354833.2	0.0967676	0.249931	0.235013
lnc_MEyellow	ENSG00000223511.7	AL683807.1	0.0950024	0.463071	0.358055
lnc_MEyellow	ENSG00000256262.1	USP30-AS1	0.0942546	0.563942	0.402047
lnc_MEyellow	ENSG00000253988.1	AC079015.1	0.0938971	0.710401	0.433365
lnc_MEyellow	ENSG00000226004.1	LINC02528	0.0934477	0.314535	0.394781
lnc_MEyellow	ENSG00000255197.6	AC090559.1	0.0929986	1.9704	0.552341
lnc_MEyellow	ENSG00000224429.8	LINC00539	0.0926582	0.410269	0.154136
lnc_MEyellow	ENSG00000273341.2	AC004921.1	0.0924344	0.744557	0.361803
lnc_MEyellow	ENSG00000269220.1	LINC00528	0.0918086	0.466536	0.222609
lnc_MEyellow	ENSG00000258181.1	AC008083.3	0.0910545	0.393368	0.26475
lnc_MEyellow	ENSG00000235831.7	BHLHE40-AS1	0.0905895	0.579039	0.340905
lnc_MEyellow	ENSG00000180539.8	C9orf139	0.0905348	0.250355	0.150001
lnc_MEyellow	ENSG00000286646.1	AL121933.2	0.0903099	1.08517	0.521239
lnc_MEyellow	ENSG00000240143.1	AL023653.1	0.0898933	0.548112	0.287992
lnc_MEyellow	ENSG00000272839.1	AC011899.2	0.0888208	0.392963	0.273934
lnc_MEyellow	ENSG00000265743.1	AC138207.5	0.0887297	2.46966	0.594587
lnc_MEyellow	ENSG00000259834.1	AL365361.1	0.0884485	0.94208	0.498256
lnc_MEyellow	ENSG00000246526.2	LINC02481	0.0880592	0.362681	0.182727
lnc_MEyellow	ENSG00000272908.1	AC006033.2	0.0874334	0.622218	0.308229
lnc_MEyellow	ENSG00000265975.1	AC002091.1	0.0873767	0.83977	0.39234
lnc_MEyellow	ENSG00000260997.1	AC004847.1	0.087334	0.832978	0.541464
lnc_MEyellow	ENSG00000235586.1	AC011247.1	0.0870634	0.353031	0.35153
lnc_MEyellow	ENSG00000285165.1	AC124014.1	0.0870317	0.315785	0.26238
lnc_MEyellow	ENSG00000233038.6	PTPRN2-AS1	0.0860576	0.509069	0.333817
lnc_MEyellow	ENSG00000273855.1	AC020658.5	0.0856495	0.480692	0.322333
lnc_MEyellow	ENSG00000197536.11	IRF1-AS1	0.0851649	0.878431	0.262588
lnc_MEyellow	ENSG00000233093.6	LINC00892	0.0848072	0.319331	0.219111
lnc_MEyellow	ENSG00000248996.1	AC145098.1	0.0843791	0.952542	0.42944
lnc_MEyellow	ENSG00000287839.1	AL353807.5	0.0840412	1.13143	0.667672
lnc_MEyellow	ENSG00000265206.5	AC004687.1	0.0839364	0.76902	0.516736
lnc_MEyellow	ENSG00000264707.1	L3MBTL4-AS1	0.0833485	0.467875	0.243449
lnc_MEyellow	ENSG00000235576.1	LINC01871	0.0829017	1.62886	0.71189
lnc_MEyellow	ENSG00000204261.9	PSMB8-AS1	0.0826933	2.24914	0.479027
lnc_MEyellow	ENSG00000255760.2	LINC02422	0.0823339	0.328049	0.171518
lnc_MEyellow	ENSG00000273669.1	AC015819.1	0.0820103	0.802784	0.344559
lnc_MEyellow	ENSG00000270164.1	LINC01480	0.0810527	0.661017	0.430112
lnc_MEyellow	ENSG00000288156.1	AC104530.1	0.0808501	0.771659	0.410133
lnc_MEyellow	ENSG00000245954.8	LINC02273	0.0804571	0.31825	0.268666
lnc_MEyellow	ENSG00000249502.3	AC006160.1	0.0801099	0.34467	0.17844
lnc_MEyellow	ENSG00000226791.7	LINC02611	0.0791381	0.442458	0.259993
lnc_MEyellow	ENSG00000234290.2	AC116366.1	0.0790873	0.792345	0.286639
lnc_MEyellow	ENSG00000229671.3	LINC01150	0.0790224	0.579371	0.305852
lnc_MEyellow	ENSG00000181908.5	LINC02724	0.0786746	0.332203	0.190275
lnc_MEyellow	ENSG00000280721.1	LINC01943	0.0785188	0.716606	0.43037
lnc_MEyellow	ENSG00000231113.2	AL035587.1	0.0782713	1.01621	0.280409
lnc_MEyellow	ENSG00000256039.2	LINC02446	0.077656	0.460515	0.469362
lnc_MEyellow	ENSG00000237797.1	MACORIS	0.0776079	0.919455	0.397148
lnc_MEyellow	ENSG00000259436.1	AC010247.2	0.0771503	0.303641	0.233236
lnc_MEyellow	ENSG00000167912.6	AC090152.1	0.0768305	0.324117	0.2564
lnc_MEyellow	ENSG00000223552.1	CCR5AS	0.07673	1.02115	0.518612
lnc_MEyellow	ENSG00000267364.2	AC022706.1	0.0763955	0.601532	0.284713
lnc_MEyellow	ENSG00000256948.1	AC026369.3	0.0762223	0.448365	0.411818
lnc_MEyellow	ENSG00000187951.11	AC091057.1	0.0758916	0.385472	0.18017
lnc_MEyellow	ENSG00000272529.1	AC090948.3	0.0752554	0.573273	0.282808
lnc_MEyellow	ENSG00000280734.3	LINC01232	0.0750976	0.44966	0.240109
lnc_MEyellow	ENSG00000266389.1	AC002091.2	0.0749078	0.740272	0.398572
lnc_MEyellow	ENSG00000231621.1	ANKRD44-AS1	0.0747594	0.279917	0.275361
lnc_MEyellow	ENSG00000287263.1	AC008875.3	0.0740243	1.62215	0.509259
lnc_MEyellow	ENSG00000239213.6	NCK1-DT	0.0737386	0.570443	0.142594
lnc_MEyellow	ENSG00000231964.1	AL731567.1	0.073538	0.739969	0.488532
lnc_MEyellow	ENSG00000241657.1	TRBV11-2	0.0733633	0.708728	0.645438
lnc_MEyellow	ENSG00000224666.3	ETV7-AS1	0.0732442	0.356601	0.249564
lnc_MEyellow	ENSG00000260135.7	MMP2-AS1	0.0731976	0.497612	0.496228
lnc_MEyellow	ENSG00000224137.1	LINC01857	0.0726613	0.960793	0.703406
lnc_MEyellow	ENSG00000225783.8	MIAT	0.0725865	0.435914	0.464611
lnc_MEyellow	ENSG00000273837.1	AC018755.4	0.0721371	1.16157	0.592016
lnc_MEyellow	ENSG00000272583.1	AL592494.2	0.0720593	0.288451	0.268904
lnc_MEyellow	ENSG00000255422.3	AP002954.1	0.0713228	0.582181	0.454387
lnc_MEyellow	ENSG00000248693.1	LINC02100	0.0712646	0.723911	0.618613
lnc_MEyellow	ENSG00000227495.1	KIF1C-AS1	0.0707982	0.451489	0.22569
lnc_MEyellow	ENSG00000258733.6	LINC02328	0.0706965	0.260409	0.157862
lnc_MEyellow	ENSG00000270426.1	AC099343.2	0.0706905	0.392991	0.264914
lnc_MEyellow	ENSG00000268316.1	AC006272.1	0.0700498	0.281889	0.190624
lnc_MEyellow	ENSG00000258521.1	AL157871.2	0.0693927	0.500061	0.316163
lnc_MEyellow	ENSG00000274767.1	AC243829.1	0.0691831	0.284985	0.371339
lnc_MEyellow	ENSG00000223799.1	IL10RB-DT	0.0688286	0.611653	0.217732
lnc_MEyellow	ENSG00000206337.12	HCP5	0.0685302	3.05951	0.613901
lnc_MEyellow	ENSG00000258810.1	AL133371.2	0.0681203	1.38926	0.601066
lnc_MEyellow	ENSG00000286656.1	AC008875.2	0.0678956	0.490391	0.233605
lnc_MEyellow	ENSG00000178977.3	LINC00324	0.0677933	1.55898	0.360653
lnc_MEyellow	ENSG00000223534.1	HLA-DQB1-AS1	0.0675984	1.6126	0.760701
lnc_MEyellow	ENSG00000251442.6	LINC01094	0.0675259	1.12723	0.476054
lnc_MEyellow	ENSG00000264456.1	AC138207.4	0.0672994	1.19299	0.320775
lnc_MEyellow	ENSG00000237976.1	RFX5-AS1	0.0672631	0.440391	0.243452
lnc_MEyellow	ENSG00000285744.1	AC083837.1	0.0670525	1.15571	0.42897
lnc_MEyellow	ENSG00000274508.1	AC007336.2	0.0668625	0.240374	0.283229
lnc_MEyellow	ENSG00000224307.2	AL161785.1	0.0666008	0.93071	0.367107
lnc_MEyellow	ENSG00000226067.7	LINC00623	0.0663042	1.17282	0.41264
lnc_MEyellow	ENSG00000260145.1	AC023825.2	0.066099	0.245188	0.187234
lnc_MEyellow	ENSG00000256128.6	LINC00944	0.0660104	0.244059	0.183039
lnc_MEyellow	ENSG00000237499.7	WAKMAR2	0.0657911	0.698991	0.241243
lnc_MEyellow	ENSG00000238113.7	LINC01410	0.0652347	0.316556	0.179586
lnc_MEyellow	ENSG00000250155.2	AC008957.1	0.064539	0.254372	0.219326
lnc_MEyellow	ENSG00000272081.1	AC008972.2	0.0642458	1.18953	0.348592
lnc_MEyellow	ENSG00000225756.1	DBH-AS1	0.063707	0.94504	0.52355
lnc_MEyellow	ENSG00000271964.1	AC090948.1	0.0629466	0.610816	0.246886
lnc_MEyellow	ENSG00000286194.1	AC138207.9	0.0628909	0.937105	0.322873
lnc_MEyellow	ENSG00000236481.1	LINC02195	0.0628145	0.323598	0.364322
lnc_MEyellow	ENSG00000272498.1	AC090948.2	0.0618651	0.533677	0.24295
lnc_MEyellow	ENSG00000242258.1	LINC00996	0.0618358	0.282003	0.208547
lnc_MEyellow	ENSG00000253522.6	MIR3142HG	0.0616551	0.541198	0.371851
lnc_MEyellow	ENSG00000268001.1	CARD8-AS1	0.0616011	1.82311	0.400244
lnc_MEyellow	ENSG00000287543.1	AC013486.1	0.0613592	0.421084	0.178123
lnc_MEyellow	ENSG00000257242.8	LINC01619	0.0613	0.31194	0.236968
lnc_MEyellow	ENSG00000261596.2	AC005632.3	0.0612276	0.814942	0.28296
lnc_MEyellow	ENSG00000257027.1	AC010186.3	0.0610656	1.15658	0.297482
lnc_MEyellow	ENSG00000259772.6	AC012236.1	0.060902	0.360994	0.421533
lnc_MEyellow	ENSG00000277229.1	AC084781.1	0.0603148	0.261374	0.242369
lnc_MEyellow	ENSG00000285761.1	AL645939.5	0.0603126	0.44894	0.219471
lnc_MEyellow	ENSG00000231680.1	LINC02723	0.0600812	0.275297	0.19803
lnc_MEyellow	ENSG00000272666.1	KLHDC7B-DT	0.0599114	0.286162	0.257006
lnc_MEyellow	ENSG00000284882.1	AL359762.1	0.0596712	0.48192	0.214389
lnc_MEyellow	ENSG00000230747.1	AC021188.1	0.0596241	0.258597	0.160121
lnc_MEyellow	ENSG00000244459.2	AC147067.1	0.0592144	1.08739	0.436191
lnc_MEyellow	ENSG00000230107.1	AL022316.1	0.0589651	0.6083	0.328706
lnc_MEyellow	ENSG00000274536.7	MIR223HG	0.0585644	0.446411	0.283309
lnc_MEyellow	ENSG00000176659.9	C20orf197	0.0582505	0.270648	0.15811
lnc_MEyellow	ENSG00000282851.2	BISPR	0.0581561	1.53661	0.445741
lnc_MEyellow	ENSG00000286940.1	MICB-DT	0.0573972	0.908316	0.479557
lnc_MEyellow	ENSG00000276533.1	AC018926.2	0.0571548	0.472912	0.32372
lnc_MEyellow	ENSG00000286292.1	AC099343.3	0.0569273	0.245189	0.145274
lnc_MEyellow	ENSG00000270133.1	AC025766.1	0.0564303	0.562395	0.300503
lnc_MEyellow	ENSG00000247982.6	LINC00926	0.0560016	0.599407	0.287628
lnc_MEyellow	ENSG00000270062.1	AL606834.2	0.0559018	0.987926	0.33565
lnc_MEyellow	ENSG00000262823.1	AC127521.1	0.0556361	0.578112	0.261216
lnc_MEyellow	ENSG00000255186.1	AC087277.2	0.0554716	0.199888	0.239872
lnc_MEyellow	ENSG00000225331.1	LINC01678	0.055137	0.275024	0.212978
lnc_MEyellow	ENSG00000272463.1	AL357054.4	0.0545027	0.525594	0.252871
lnc_MEyellow	ENSG00000287255.1	AC007877.1	0.0539866	0.927675	0.413982
lnc_MEyellow	ENSG00000272914.1	AL359532.1	0.0539277	0.332966	0.114623
lnc_MEyellow	ENSG00000273447.1	AC004067.1	0.0539177	0.637364	0.329585
lnc_MEyellow	ENSG00000256448.5	AP000763.3	0.0536737	0.235919	0.168052
lnc_MEyellow	ENSG00000287091.1	AC009961.3	0.0533631	0.685894	0.27215
lnc_MEyellow	ENSG00000256633.1	PDE2A-AS2	0.0532986	0.279511	0.188269
lnc_MEyellow	ENSG00000273486.1	AC096992.2	0.0530471	1.08214	0.280116
lnc_MEyellow	ENSG00000236559.1	BCL2L1-AS1	0.0526919	0.286505	0.180424
lnc_MEyellow	ENSG00000286276.1	AL390066.2	0.0525169	0.228306	0.138126
lnc_MEyellow	ENSG00000214922.9	HLA-F-AS1	0.0523691	0.652262	0.202507
lnc_MEyellow	ENSG00000269053.1	AC010319.3	0.0521597	0.439836	0.215813
lnc_MEyellow	ENSG00000253838.1	AC007991.2	0.051676	0.822644	0.643852
lnc_MEyellow	ENSG00000228058.2	LINC01736	0.0514291	0.282837	0.302203
lnc_MEyellow	ENSG00000277587.1	AC008759.3	0.0513383	0.746944	0.53628
lnc_MEyellow	ENSG00000269919.1	AL022067.1	0.0508174	0.298808	0.22553
lnc_MEyellow	ENSG00000245667.2	AC006064.1	0.0501845	0.264162	0.166609
lnc_MEyellow	ENSG00000254287.1	AC007991.4	0.0501145	0.270908	0.298679
lnc_MEyellow	ENSG00000244625.7	MIATNB	0.049541	0.453355	0.128087
lnc_MEyellow	ENSG00000246582.3	AC100861.1	0.0494647	0.40989	0.204668
lnc_MEyellow	ENSG00000267731.1	AC005332.2	0.0492318	0.251666	0.117925
lnc_MEyellow	ENSG00000271936.1	AC012073.1	0.0485279	0.46305	0.185344
lnc_MEyellow	ENSG00000271797.1	AC008494.3	0.0484204	0.30973	0.127843
lnc_MEyellow	ENSG00000283696.1	AL592295.4	0.0481929	0.753987	0.253652
lnc_MEyellow	ENSG00000223478.1	AL441992.1	0.0480823	1.78674	0.411912
lnc_MEyellow	ENSG00000232628.6	AC092809.2	0.0479882	0.29311	0.206755
lnc_MEyellow	ENSG00000225643.1	AL606491.1	0.0475651	0.352964	0.182517
lnc_MEyellow	ENSG00000271926.1	AC008972.1	0.047301	0.568606	0.199031
lnc_MEyellow	ENSG00000228857.2	AC104653.1	0.0471702	0.338069	0.219772
lnc_MEyellow	ENSG00000268355.1	AC243960.3	0.0464669	0.301509	0.209804
lnc_MEyellow	ENSG00000233806.7	LINC01237	0.046453	0.247477	0.147525
lnc_MEyellow	ENSG00000278231.1	AL133342.1	0.0464026	0.564927	0.262314
lnc_MEyellow	ENSG00000224950.2	AL390066.1	0.0458258	0.534708	0.227845
lnc_MEyellow	ENSG00000261338.2	AC021016.1	0.0455942	1.08021	0.261615
lnc_MEyellow	ENSG00000236120.7	AC110995.1	0.0449824	0.757319	0.400479
lnc_MEyellow	ENSG00000204971.3	AP000812.1	0.0444155	0.343814	0.239104
lnc_MEyellow	ENSG00000224397.7	PELATON	0.0442942	0.619758	0.419554
lnc_MEyellow	ENSG00000267745.1	AC060766.7	0.0438484	0.776657	0.270398
lnc_MEyellow	ENSG00000276980.1	AC008760.2	0.0434317	2.10453	1.34807
lnc_MEyellow	ENSG00000237945.7	LINC00649	0.0424354	0.479698	0.359815
lnc_MEyellow	ENSG00000224649.1	AF124730.1	0.0419224	0.309185	0.30144
lnc_MEyellow	ENSG00000288610.1	AL161669.4	0.0410379	0.240458	0.212261
lnc_MEyellow	ENSG00000248734.2	AC008906.1	0.0404728	0.884004	0.335725
lnc_MEyellow	ENSG00000268601.1	AC115522.1	0.040322	0.378547	0.226919
lnc_MEyellow	ENSG00000235795.1	AC093157.2	0.0402761	0.272969	0.124815
lnc_MEyellow	ENSG00000264278.1	ZNF236-DT	0.0402188	0.905616	0.254042
lnc_MEyellow	ENSG00000136315.4	AL355922.1	0.0402057	0.240456	0.241522
lnc_MEyellow	ENSG00000267711.1	AC060766.6	0.0399411	0.578188	0.30904
lnc_MEyellow	ENSG00000250948.1	AC091180.4	0.0396918	0.229222	0.181804
mRNA_MEblack	ENSG00000119681.12	LTBP2	0.0759294	2.86949	1.12129
mRNA_MEblack	ENSG00000133816.17	MICAL2	0.0759113	1.68007	0.640793
mRNA_MEblack	ENSG00000137809.17	ITGA11	0.0752897	1.39096	0.799052
mRNA_MEblack	ENSG00000138080.14	EMILIN1	0.0752075	3.04097	1.12886
mRNA_MEblack	ENSG00000168542.16	COL3A1	0.0747857	6.28135	1.3449
mRNA_MEblack	ENSG00000164692.18	COL1A2	0.0747107	5.85432	1.32224
mRNA_MEblack	ENSG00000187955.12	COL14A1	0.0744088	2.4497	1.12336
mRNA_MEblack	ENSG00000149591.17	TAGLN	0.0740497	4.63485	1.14492
mRNA_MEblack	ENSG00000162458.13	FBLIM1	0.0733772	3.5262	0.918445
mRNA_MEblack	ENSG00000174348.14	PODN	0.0730733	1.48938	1.0664
mRNA_MEblack	ENSG00000130635.16	COL5A1	0.0730434	3.13117	1.21476
mRNA_MEblack	ENSG00000091986.16	CCDC80	0.0726024	2.20504	1.1922
mRNA_MEblack	ENSG00000188783.6	PRELP	0.0725919	2.589	1.40003
mRNA_MEblack	ENSG00000106819.13	ASPN	0.0725429	2.44816	1.09186
mRNA_MEblack	ENSG00000129116.19	PALLD	0.072388	3.42411	0.838167
mRNA_MEblack	ENSG00000137573.14	SULF1	0.0718481	3.56956	1.06706
mRNA_MEblack	ENSG00000129009.13	ISLR	0.0716767	2.54389	1.50322
mRNA_MEblack	ENSG00000122641.11	INHBA	0.0716282	1.81875	0.923016
mRNA_MEblack	ENSG00000078098.14	FAP	0.0716057	0.798357	0.569151
mRNA_MEblack	ENSG00000119699.8	TGFB3	0.0713666	2.2694	0.652588
mRNA_MEblack	ENSG00000166147.14	FBN1	0.0712597	2.75962	0.817536
mRNA_MEblack	ENSG00000120820.12	GLT8D2	0.0710758	1.22436	0.5719
mRNA_MEblack	ENSG00000169604.20	ANTXR1	0.0709701	3.71167	0.879227
mRNA_MEblack	ENSG00000111799.21	COL12A1	0.0703134	2.72874	0.926271
mRNA_MEblack	ENSG00000108821.14	COL1A1	0.0701529	6.00433	1.62769
mRNA_MEblack	ENSG00000174099.12	MSRB3	0.0701508	2.76458	0.716867
mRNA_MEblack	ENSG00000167460.17	TPM4	0.0701057	4.73455	0.707402
mRNA_MEblack	ENSG00000165617.15	DACT1	0.0698011	1.36135	0.70119
mRNA_MEblack	ENSG00000183160.9	TMEM119	0.0697889	2.07561	1.09964
mRNA_MEblack	ENSG00000172403.11	SYNPO2	0.0690417	2.11901	0.930385
mRNA_MEblack	ENSG00000159176.14	CSRP1	0.0688604	4.2632	0.628808
mRNA_MEblack	ENSG00000099998.18	GGT5	0.068627	2.8312	0.934054
mRNA_MEblack	ENSG00000197380.11	DACT3	0.0684764	1.36366	0.627825
mRNA_MEblack	ENSG00000163431.13	LMOD1	0.0684098	2.59504	0.996955
mRNA_MEblack	ENSG00000089472.16	HEPH	0.0683384	2.09733	0.679395
mRNA_MEblack	ENSG00000112562.19	SMOC2	0.0683034	2.91713	1.30227
mRNA_MEblack	ENSG00000084636.18	COL16A1	0.0681817	1.38793	0.8234
mRNA_MEblack	ENSG00000162614.19	NEXN	0.0678062	1.71096	0.745505
mRNA_MEblack	ENSG00000139329.5	LUM	0.0677608	3.71732	2.01068
mRNA_MEblack	ENSG00000151468.11	CCDC3	0.0677076	2.80807	1.01063
mRNA_MEblack	ENSG00000165124.18	SVEP1	0.0674825	0.954454	0.646488
mRNA_MEblack	ENSG00000121297.8	TSHZ3	0.0674266	1.09339	0.404778
mRNA_MEblack	ENSG00000124212.6	PTGIS	0.0673965	1.70263	1.14945
mRNA_MEblack	ENSG00000198542.14	ITGBL1	0.0673192	0.805793	0.677563
mRNA_MEblack	ENSG00000164694.17	FNDC1	0.0672797	1.05701	0.848475
mRNA_MEblack	ENSG00000107796.13	ACTA2	0.0672529	5.90235	1.08113
mRNA_MEblack	ENSG00000163359.16	COL6A3	0.0671314	3.10803	1.21406
mRNA_MEblack	ENSG00000134853.12	PDGFRA	0.0670564	0.876919	0.832841
mRNA_MEblack	ENSG00000143515.19	ATP8B2	0.0669512	2.43569	0.579326
mRNA_MEblack	ENSG00000111341.10	MGP	0.0666718	5.95548	1.13142
mRNA_MEblack	ENSG00000172572.7	PDE3A	0.0666507	1.83467	0.646143
mRNA_MEblack	ENSG00000072952.19	IRAG1	0.0665989	2.67318	0.751108
mRNA_MEblack	ENSG00000049540.18	ELN	0.0665824	2.64628	1.18625
mRNA_MEblack	ENSG00000184347.15	SLIT3	0.0664373	2.94937	0.92637
mRNA_MEblack	ENSG00000198467.16	TPM2	0.0663722	5.20223	0.983811
mRNA_MEblack	ENSG00000035862.12	TIMP2	0.066145	5.28062	0.713805
mRNA_MEblack	ENSG00000049323.16	LTBP1	0.0661352	3.17129	1.01194
mRNA_MEblack	ENSG00000011465.18	DCN	0.0658644	2.01957	1.50697
mRNA_MEblack	ENSG00000186340.16	THBS2	0.0655607	2.62839	1.43794
mRNA_MEblack	ENSG00000101955.15	SRPX	0.0652955	1.73589	0.833602
mRNA_MEblack	ENSG00000004776.13	HSPB6	0.0652595	1.05145	0.867126
mRNA_MEblack	ENSG00000071967.12	CYBRD1	0.0652334	3.96226	0.847929
mRNA_MEblack	ENSG00000116132.12	PRRX1	0.0651672	1.25327	0.786019
mRNA_MEblack	ENSG00000152402.11	GUCY1A2	0.0651317	1.46354	0.594554
mRNA_MEblack	ENSG00000204262.14	COL5A2	0.0651005	3.84428	0.990213
mRNA_MEblack	ENSG00000019549.13	SNAI2	0.0650864	2.13963	0.743197
mRNA_MEblack	ENSG00000130176.8	CNN1	0.0650451	3.07586	1.26805
mRNA_MEblack	ENSG00000131471.7	AOC3	0.064992	3.3536	0.983136
mRNA_MEblack	ENSG00000035403.18	VCL	0.0649512	4.07878	0.577687
mRNA_MEblack	ENSG00000087245.13	MMP2	0.0647822	3.85195	1.09481
mRNA_MEblack	ENSG00000162745.10	OLFML2B	0.064673	4.20314	0.996571
mRNA_MEblack	ENSG00000240771.8	ARHGEF25	0.0642342	0.810777	0.36831
mRNA_MEblack	ENSG00000117152.14	RGS4	0.0642317	1.12295	0.707039
mRNA_MEblack	ENSG00000138735.16	PDE5A	0.0640586	2.06417	0.624111
mRNA_MEblack	ENSG00000166482.12	MFAP4	0.0639355	3.26253	1.7478
mRNA_MEblack	ENSG00000167641.11	PPP1R14A	0.0637814	2.62669	0.962888
mRNA_MEblack	ENSG00000163531.15	NFASC	0.0636813	1.41462	0.662777
mRNA_MEblack	ENSG00000106333.13	PCOLCE	0.0636792	2.94708	0.8866
mRNA_MEblack	ENSG00000145936.9	KCNMB1	0.0629891	1.34088	0.56234
mRNA_MEblack	ENSG00000142173.16	COL6A2	0.062961	6.28552	0.989465
mRNA_MEblack	ENSG00000103489.12	XYLT1	0.062826	1.01476	0.398356
mRNA_MEblack	ENSG00000149557.14	FEZ1	0.0627251	1.06204	0.365202
mRNA_MEblack	ENSG00000198108.4	CHSY3	0.0627036	1.25252	0.493882
mRNA_MEblack	ENSG00000185052.12	SLC24A3	0.0624536	0.834725	0.683703
mRNA_MEblack	ENSG00000133392.18	MYH11	0.0623992	3.26523	1.24864
mRNA_MEblack	ENSG00000180447.7	GAS1	0.0623119	1.00984	0.55274
mRNA_MEblack	ENSG00000183853.18	KIRREL1	0.0622962	3.76943	0.730742
mRNA_MEblack	ENSG00000090006.18	LTBP4	0.0622783	2.80992	0.974393
mRNA_MEblack	ENSG00000183496.6	MEX3B	0.0622295	0.785359	0.375952
mRNA_MEblack	ENSG00000162733.19	DDR2	0.0621997	2.02174	0.728569
mRNA_MEblack	ENSG00000008256.16	CYTH3	0.0621576	2.85039	0.475459
mRNA_MEblack	ENSG00000135074.16	ADAM19	0.0621514	1.70301	0.635624
mRNA_MEblack	ENSG00000133110.15	POSTN	0.0621458	3.98676	1.42027
mRNA_MEblack	ENSG00000196923.14	PDLIM7	0.0618097	3.35025	0.68948
mRNA_MEblack	ENSG00000185532.20	PRKG1	0.0617129	1.26282	0.52783
mRNA_MEblack	ENSG00000165424.7	ZCCHC24	0.061379	2.35489	0.566362
mRNA_MEblack	ENSG00000178033.6	CALHM5	0.0608226	1.16374	0.437307
mRNA_MEblack	ENSG00000007933.13	FMO3	0.0608073	2.172	1.06073
mRNA_MEblack	ENSG00000118523.6	CCN2	0.0604368	6.03603	1.1964
mRNA_MEblack	ENSG00000050165.18	DKK3	0.0603135	2.98753	0.853468
mRNA_MEblack	ENSG00000101335.10	MYL9	0.0601931	6.45825	0.830864
mRNA_MEblack	ENSG00000078269.15	SYNJ2	0.0600434	1.37172	0.414092
mRNA_MEblack	ENSG00000166963.13	MAP1A	0.0600296	1.45265	0.533737
mRNA_MEblack	ENSG00000106034.18	CPED1	0.0600295	1.74084	0.631221
mRNA_MEblack	ENSG00000087116.16	ADAMTS2	0.0597992	2.10756	0.792422
mRNA_MEblack	ENSG00000131711.15	MAP1B	0.0597931	3.1231	0.794802
mRNA_MEblack	ENSG00000135842.17	NIBAN1	0.0594835	2.9524	0.647925
mRNA_MEblack	ENSG00000183682.8	BMP8A	0.0593476	1.06884	0.562581
mRNA_MEblack	ENSG00000107957.16	SH3PXD2A	0.0593201	2.81674	0.571598
mRNA_MEblack	ENSG00000151388.11	ADAMTS12	0.0592052	0.807775	0.544362
mRNA_MEblack	ENSG00000112936.19	C7	0.0591495	2.86657	1.86194
mRNA_MEblack	ENSG00000142156.15	COL6A1	0.0591484	5.70501	0.810671
mRNA_MEblack	ENSG00000122591.12	FAM126A	0.0591433	1.17495	0.356956
mRNA_MEblack	ENSG00000077157.22	PPP1R12B	0.0590907	2.05396	0.665319
mRNA_MEblack	ENSG00000119280.17	C1orf198	0.0590792	3.46162	0.568224
mRNA_MEblack	ENSG00000077942.19	FBLN1	0.0590771	2.18604	1.03294
mRNA_MEblack	ENSG00000150594.7	ADRA2A	0.0590229	0.932381	0.752415
mRNA_MEblack	ENSG00000198523.6	PLN	0.0589744	3.26929	1.11366
mRNA_MEblack	ENSG00000112210.12	RAB23	0.0588998	1.34996	0.448431
mRNA_MEblack	ENSG00000166503.9	HDGFL3	0.0588116	1.43067	0.431966
mRNA_MEblack	ENSG00000104415.14	CCN4	0.0587902	1.88264	0.775318
mRNA_MEblack	ENSG00000079931.15	MOXD1	0.0587728	1.46737	1.10207
mRNA_MEblack	ENSG00000115414.21	FN1	0.0586359	6.43955	1.15014
mRNA_MEblack	ENSG00000244486.9	SCARF2	0.0584913	1.57016	0.616668
mRNA_MEblack	ENSG00000072110.15	ACTN1	0.0584779	4.24063	0.618554
mRNA_MEblack	ENSG00000197702.14	PARVA	0.0583916	3.49948	0.339081
mRNA_MEblack	ENSG00000168477.19	TNXB	0.0583149	0.931249	0.578692
mRNA_MEblack	ENSG00000041982.16	TNC	0.0582785	3.49778	1.24278
mRNA_MEblack	ENSG00000168461.13	RAB31	0.0581727	4.1392	0.596001
mRNA_MEblack	ENSG00000171476.22	HOPX	0.0580353	1.21254	0.470308
mRNA_MEblack	ENSG00000143369.15	ECM1	0.057869	2.94969	0.879232
mRNA_MEblack	ENSG00000196569.13	LAMA2	0.0576192	0.708403	0.574922
mRNA_MEblack	ENSG00000140092.14	FBLN5	0.0573919	3.33427	1.24443
mRNA_MEblack	ENSG00000081923.15	ATP8B1	0.0573296	2.07551	0.59637
mRNA_MEblack	ENSG00000114853.14	ZBTB47	0.0572269	1.89672	0.527515
mRNA_MEblack	ENSG00000176658.17	MYO1D	0.0571619	3.53782	0.614611
mRNA_MEblack	ENSG00000129038.16	LOXL1	0.0571535	1.8295	0.897752
mRNA_MEblack	ENSG00000196924.19	FLNA	0.0569112	6.57585	0.650795
mRNA_MEblack	ENSG00000088320.4	REM1	0.0568514	1.10984	0.579386
mRNA_MEblack	ENSG00000130508.11	PXDN	0.0568227	3.65277	0.831306
mRNA_MEblack	ENSG00000183779.7	ZNF703	0.0567997	2.0758	0.680049
mRNA_MEblack	ENSG00000011028.14	MRC2	0.056583	2.98794	0.842844
mRNA_MEblack	ENSG00000163520.14	FBLN2	0.0564759	3.15909	1.0623
mRNA_MEblack	ENSG00000115380.20	EFEMP1	0.0564081	4.29912	1.56139
mRNA_MEblack	ENSG00000177096.9	PHETA2	0.0562701	2.16613	0.54619
mRNA_MEblack	ENSG00000106624.11	AEBP1	0.0562046	5.98449	1.47404
mRNA_MEblack	ENSG00000173641.18	HSPB7	0.0560243	0.901138	0.840526
mRNA_MEblack	ENSG00000133424.22	LARGE1	0.055923	0.983792	0.304474
mRNA_MEblack	ENSG00000134369.15	NAV1	0.0558984	1.52491	0.521005
mRNA_MEblack	ENSG00000141448.11	GATA6	0.0558162	0.967135	0.524746
mRNA_MEblack	ENSG00000157613.11	CREB3L1	0.0558024	1.15728	0.941753
mRNA_MEblack	ENSG00000122786.20	CALD1	0.0557561	5.86438	0.572924
mRNA_MEblack	ENSG00000100345.22	MYH9	0.0557384	7.25342	0.487257
mRNA_MEblack	ENSG00000103175.11	WFDC1	0.0554133	0.901602	0.56506
mRNA_MEblack	ENSG00000102024.18	PLS3	0.0553743	5.15948	0.633057
mRNA_MEblack	ENSG00000065308.5	TRAM2	0.0553247	2.81388	0.620097
mRNA_MEblack	ENSG00000071282.12	LMCD1	0.0552858	2.10544	0.513965
mRNA_MEblack	ENSG00000147257.15	GPC3	0.0550851	1.4476	0.902414
mRNA_MEblack	ENSG00000091436.17	MAP3K20	0.0549781	2.39813	0.514838
mRNA_MEblack	ENSG00000164949.8	GEM	0.0546714	3.88765	0.964986
mRNA_MEblack	ENSG00000148848.14	ADAM12	0.0546123	1.07804	0.899173
mRNA_MEblack	ENSG00000088882.8	CPXM1	0.0545892	1.38447	1.0993
mRNA_MEblack	ENSG00000113657.13	DPYSL3	0.0543653	3.51575	1.04173
mRNA_MEblack	ENSG00000134198.10	TSPAN2	0.0542907	1.76394	0.777859
mRNA_MEblack	ENSG00000154553.16	PDLIM3	0.0542261	1.65352	0.715375
mRNA_MEblack	ENSG00000197859.11	ADAMTSL2	0.0541887	2.15673	0.832374
mRNA_MEblack	ENSG00000106823.12	ECM2	0.0541616	2.51095	0.745198
mRNA_MEblack	ENSG00000154188.10	ANGPT1	0.0541342	1.49704	0.642983
mRNA_MEblack	ENSG00000183801.8	OLFML1	0.0541136	2.33255	0.759028
mRNA_MEblack	ENSG00000099953.10	MMP11	0.0539282	2.50092	0.722427
mRNA_MEblack	ENSG00000106809.11	OGN	0.0538806	0.720473	0.91045
mRNA_MEblack	ENSG00000100626.17	GALNT16	0.0537198	0.789802	0.520794
mRNA_MEblack	ENSG00000140937.14	CDH11	0.0535208	2.21757	0.721053
mRNA_MEblack	ENSG00000110811.20	P3H3	0.0533925	1.58173	0.892179
mRNA_MEblack	ENSG00000175084.12	DES	0.0533802	1.49478	1.5723
mRNA_MEblack	ENSG00000109452.12	INPP4B	0.0532695	1.83529	0.629874
mRNA_MEblack	ENSG00000167157.11	PRRX2	0.0532193	0.871547	0.642592
mRNA_MEblack	ENSG00000169116.11	PARM1	0.0530302	3.81789	0.886465
mRNA_MEblack	ENSG00000137077.8	CCL21	0.0529195	2.09627	2.00256
mRNA_MEblack	ENSG00000137033.11	IL33	0.0528371	2.50556	0.875285
mRNA_MEblack	ENSG00000102802.10	MEDAG	0.0527916	2.16711	0.908643
mRNA_MEblack	ENSG00000136999.5	CCN3	0.052591	3.06582	1.04794
mRNA_MEblack	ENSG00000115594.12	IL1R1	0.0524688	3.48793	0.65316
mRNA_MEblack	ENSG00000196616.14	ADH1B	0.0523696	1.00304	0.999708
mRNA_MEblack	ENSG00000103855.18	CD276	0.0523624	3.91582	0.449667
mRNA_MEblack	ENSG00000196352.16	CD55	0.0522751	2.7288	0.605432
mRNA_MEblack	ENSG00000067840.12	PDZD4	0.0521458	0.892876	0.489377
mRNA_MEblack	ENSG00000170004.17	CHD3	0.0520116	3.35008	0.624428
mRNA_MEblack	ENSG00000133026.13	MYH10	0.0518785	3.1371	0.843474
mRNA_MEblack	ENSG00000159251.8	ACTC1	0.0517862	0.917188	0.914165
mRNA_MEblack	ENSG00000139211.7	AMIGO2	0.051753	2.00211	0.648612
mRNA_MEblack	ENSG00000122176.12	FMOD	0.0517378	3.01827	1.42516
mRNA_MEblack	ENSG00000065534.19	MYLK	0.0517165	3.38044	0.671575
mRNA_MEblack	ENSG00000185551.15	NR2F2	0.0516966	4.48887	0.532634
mRNA_MEblack	ENSG00000249992.2	TMEM158	0.0515565	0.771472	0.590174
mRNA_MEblack	ENSG00000117525.14	F3	0.0513162	1.61288	1.15053
mRNA_MEblack	ENSG00000143333.7	RGS16	0.0512694	2.64224	0.842233
mRNA_MEblack	ENSG00000115252.18	PDE1A	0.0511738	1.7976	0.895151
mRNA_MEblack	ENSG00000116584.20	ARHGEF2	0.0510705	3.22752	0.429309
mRNA_MEblack	ENSG00000179954.16	SSC5D	0.0510441	1.48272	0.870363
mRNA_MEblack	ENSG00000241644.2	INMT	0.05094	2.2069	0.942969
mRNA_MEblack	ENSG00000153179.13	RASSF3	0.0509207	3.34518	0.428523
mRNA_MEblack	ENSG00000168386.18	FILIP1L	0.0506683	3.50567	0.958779
mRNA_MEblack	ENSG00000236609.4	ZNF853	0.0505436	1.25512	0.610772
mRNA_MEblack	ENSG00000166444.19	DENND2B	0.0505348	1.54461	0.435497
mRNA_MEblack	ENSG00000114115.10	RBP1	0.0503043	1.78605	0.642706
mRNA_MEblack	ENSG00000000971.16	CFH	0.0502953	3.19644	1.18865
mRNA_MEblack	ENSG00000146535.14	GNA12	0.0502127	3.56315	0.367956
mRNA_MEblack	ENSG00000155760.2	FZD7	0.0501745	2.15353	0.654722
mRNA_MEblack	ENSG00000149257.16	SERPINH1	0.0501676	5.29295	0.616328
mRNA_MEblack	ENSG00000102265.12	TIMP1	0.0501604	7.99001	0.904728
mRNA_MEblack	ENSG00000183087.15	GAS6	0.0501487	3.9646	0.732594
mRNA_MEblack	ENSG00000108823.16	SGCA	0.0500687	1.05345	0.592223
mRNA_MEblack	ENSG00000113758.13	DBN1	0.0497132	3.52808	0.679912
mRNA_MEblack	ENSG00000182197.12	EXT1	0.0495612	2.79915	0.37007
mRNA_MEblack	ENSG00000166813.16	KIF7	0.0495334	0.838813	0.368872
mRNA_MEblack	ENSG00000123342.16	MMP19	0.0492382	1.42666	0.818416
mRNA_MEblack	ENSG00000186479.5	RGS7BP	0.0491766	0.925122	0.583794
mRNA_MEblack	ENSG00000144810.16	COL8A1	0.0491622	3.52351	1.00156
mRNA_MEblack	ENSG00000171617.14	ENC1	0.0491128	2.41419	0.576632
mRNA_MEblack	ENSG00000145147.20	SLIT2	0.0490917	0.929406	0.692318
mRNA_MEblack	ENSG00000163017.14	ACTG2	0.0490333	2.7228	1.21407
mRNA_MEblack	ENSG00000105664.11	COMP	0.0490151	0.891844	1.09721
mRNA_MEblack	ENSG00000177791.12	MYOZ1	0.0487653	0.987006	0.527314
mRNA_MEblack	ENSG00000128487.17	SPECC1	0.0486233	1.14608	0.354019
mRNA_MEblack	ENSG00000267534.4	S1PR2	0.048237	1.38001	0.458669
mRNA_MEblack	ENSG00000158246.8	TENT5B	0.0482337	0.838046	0.630701
mRNA_MEblack	ENSG00000072071.16	ADGRL1	0.0481966	1.57205	0.534177
mRNA_MEblack	ENSG00000173918.15	C1QTNF1	0.0480485	3.57541	1.03312
mRNA_MEblack	ENSG00000115457.10	IGFBP2	0.0476885	2.36	1.16115
mRNA_MEblack	ENSG00000182118.8	FAM89A	0.0476642	1.83094	0.510345
mRNA_MEblack	ENSG00000182107.7	TMEM30B	0.0475768	0.945298	0.769954
mRNA_MEblack	ENSG00000186318.16	BACE1	0.0475097	2.04452	0.302889
mRNA_MEblack	ENSG00000112773.16	TENT5A	0.0474938	2.62565	0.525798
mRNA_MEblack	ENSG00000108797.12	CNTNAP1	0.0474729	1.48486	0.529526
mRNA_MEblack	ENSG00000092969.12	TGFB2	0.047309	1.14495	0.547363
mRNA_MEblack	ENSG00000227051.7	C14orf132	0.047169	1.02909	0.796539
mRNA_MEblack	ENSG00000064666.15	CNN2	0.0471445	4.09431	0.659509
mRNA_MEblack	ENSG00000007866.22	TEAD3	0.0470408	2.82115	0.450049
mRNA_MEblack	ENSG00000174175.17	SELP	0.0469642	1.97083	0.798091
mRNA_MEblack	ENSG00000178726.7	THBD	0.0469307	3.61054	0.765717
mRNA_MEblack	ENSG00000153823.19	PID1	0.0466634	1.2298	0.56741
mRNA_MEblack	ENSG00000155254.13	MARVELD1	0.0465095	3.78728	0.647901
mRNA_MEblack	ENSG00000154380.17	ENAH	0.0462499	2.29346	0.49171
mRNA_MEblack	ENSG00000172724.12	CCL19	0.0461986	1.8031	1.65217
mRNA_MEblack	ENSG00000159216.19	RUNX1	0.046017	2.30121	0.737825
mRNA_MEblack	ENSG00000102302.8	FGD1	0.0458131	0.857298	0.393753
mRNA_MEblack	ENSG00000286190.2	AC055839.2	0.0456396	1.27413	0.506381
mRNA_MEblack	ENSG00000166780.11	BMERB1	0.0456371	2.13151	0.522649
mRNA_MEblack	ENSG00000104936.19	DMPK	0.045622	1.86964	0.46883
mRNA_MEblack	ENSG00000182916.8	TCEAL7	0.0453415	1.45295	0.762146
mRNA_MEblack	ENSG00000082014.17	SMARCD3	0.0448501	1.67813	0.553187
mRNA_MEblack	ENSG00000112655.16	PTK7	0.0447631	2.16837	0.654666
mRNA_MEblack	ENSG00000145423.5	SFRP2	0.044759	3.04143	2.21427
mRNA_MEblack	ENSG00000130164.14	LDLR	0.0446157	1.45444	0.712944
mRNA_MEblack	ENSG00000117594.10	HSD11B1	0.0444349	1.00139	0.870775
mRNA_MEblack	ENSG00000121964.14	GTDC1	0.0444336	1.4003	0.243941
mRNA_MEblack	ENSG00000101825.8	MXRA5	0.0441974	2.29317	1.04977
mRNA_MEblack	ENSG00000270885.2	RASL10B	0.044015	0.9277	0.554733
mRNA_MEblack	ENSG00000113578.18	FGF1	0.0439886	1.15166	0.717809
mRNA_MEblack	ENSG00000180340.7	FZD2	0.0439551	1.041	0.557651
mRNA_MEblack	ENSG00000143013.13	LMO4	0.0438776	2.67635	0.487491
mRNA_MEblack	ENSG00000143387.14	CTSK	0.0437558	1.68601	0.962655
mRNA_MEblack	ENSG00000119147.10	ECRG4	0.0437478	1.43607	1.00644
mRNA_MEblack	ENSG00000103647.13	CORO2B	0.0434391	1.01816	0.697294
mRNA_MEblack	ENSG00000013016.16	EHD3	0.0434157	2.98999	0.63507
mRNA_MEblack	ENSG00000006740.17	ARHGAP44	0.0433819	1.0089	0.524927
mRNA_MEblack	ENSG00000060982.15	BCAT1	0.0433762	1.51077	0.641502
mRNA_MEblack	ENSG00000156804.7	FBXO32	0.043158	2.16511	0.652629
mRNA_MEblack	ENSG00000134243.12	SORT1	0.0429158	3.69199	0.657012
mRNA_MEblack	ENSG00000143869.7	GDF7	0.0428863	0.773549	0.481122
mRNA_MEblack	ENSG00000146250.7	PRSS35	0.0427481	0.802922	0.61001
mRNA_MEblack	ENSG00000170891.11	CYTL1	0.0427292	1.37333	0.767113
mRNA_MEblack	ENSG00000134013.16	LOXL2	0.0426744	4.038	1.04659
mRNA_MEblack	ENSG00000109610.6	SOD3	0.0425088	4.09147	0.86388
mRNA_MEblack	ENSG00000169857.9	AVEN	0.0424787	1.68585	0.313318
mRNA_MEblack	ENSG00000164128.7	NPY1R	0.0424727	2.71332	0.944358
mRNA_MEblack	ENSG00000198947.16	DMD	0.0423823	1.25855	0.475749
mRNA_MEblack	ENSG00000157766.19	ACAN	0.0420698	2.13621	1.05993
mRNA_MEblack	ENSG00000159164.10	SV2A	0.0419479	1.06189	0.46648
mRNA_MEblack	ENSG00000132329.11	RAMP1	0.0416946	1.46492	1.1825
mRNA_MEblack	ENSG00000138061.12	CYP1B1	0.0414319	2.68994	1.2345
mRNA_MEblack	ENSG00000142686.8	C1orf216	0.0411359	2.63295	0.35249
mRNA_MEblack	ENSG00000104332.12	SFRP1	0.0408761	1.14117	1.0892
mRNA_MEblack	ENSG00000163430.12	FSTL1	0.0405916	5.77925	0.880297
mRNA_MEblack	ENSG00000038427.16	VCAN	0.0405013	4.06481	1.34041
mRNA_MEblack	ENSG00000106080.11	FKBP14	0.0404819	1.83959	0.387001
mRNA_MEblack	ENSG00000130037.5	KCNA5	0.0404069	0.916054	0.587439
mRNA_MEblack	ENSG00000154511.12	DIPK1A	0.0402471	2.00138	0.473423
mRNA_MEblack	ENSG00000140931.20	CMTM3	0.0401408	3.95705	0.644957
mRNA_MEblack	ENSG00000186310.10	NAP1L3	0.0401279	0.946395	0.539466
mRNA_MEblack	ENSG00000106483.12	SFRP4	0.0401067	1.95066	0.955
mRNA_MEblack	ENSG00000134802.18	SLC43A3	0.0398249	2.39225	0.597568
mRNA_MEblack	ENSG00000189058.9	APOD	0.0397173	1.91565	1.08672
mRNA_MEblack	ENSG00000134138.20	MEIS2	0.0396938	1.41711	0.51516
mRNA_MEblack	ENSG00000121898.13	CPXM2	0.0395808	2.78919	1.22505
mRNA_MEblack	ENSG00000134363.12	FST	0.0394268	0.7172	0.761689
mRNA_MEblack	ENSG00000183578.8	TNFAIP8L3	0.0391305	0.965625	0.6917
mRNA_MEblack	ENSG00000164932.13	CTHRC1	0.0385128	3.299	1.39875
mRNA_MEblack	ENSG00000117385.16	P3H1	0.0384879	2.86103	0.427259
mRNA_MEblack	ENSG00000132386.11	SERPINF1	0.0381229	3.72712	1.23085
mRNA_MEblack	ENSG00000175220.12	ARHGAP1	0.0380648	4.90357	0.453656
mRNA_MEblack	ENSG00000122861.16	PLAU	0.0380096	3.38088	0.92486
mRNA_MEblack	ENSG00000128591.16	FLNC	0.0374609	1.22387	1.05063
mRNA_MEblack	ENSG00000133466.14	C1QTNF6	0.037217	1.93547	0.551327
mRNA_MEblack	ENSG00000007908.16	SELE	0.0371095	0.909886	0.674909
mRNA_MEblack	ENSG00000156265.16	MAP3K7CL	0.0367916	2.90475	0.932372
mRNA_MEblack	ENSG00000196507.11	TCEAL3	0.0367445	3.08404	0.561763
mRNA_MEblack	ENSG00000168487.20	BMP1	0.0366927	3.17222	0.629371
mRNA_MEblack	ENSG00000106484.16	MEST	0.0366422	1.58815	0.931276
mRNA_MEblack	ENSG00000213088.12	ACKR1	0.0366375	3.02374	1.10129
mRNA_MEblack	ENSG00000132561.14	MATN2	0.036614	2.77563	0.831105
mRNA_MEblack	ENSG00000188042.8	ARL4C	0.0364349	4.28962	1.08778
mRNA_MEblack	ENSG00000167123.19	CERCAM	0.0359105	3.03641	0.80868
mRNA_MEblack	ENSG00000149577.16	SIDT2	0.0353578	2.94458	0.303754
mRNA_MEblack	ENSG00000171951.5	SCG2	0.0353318	1.40594	1.164
mRNA_MEblack	ENSG00000100985.7	MMP9	0.0351318	2.28026	1.51178
mRNA_MEblack	ENSG00000102359.8	SRPX2	0.035083	0.860845	0.816428
mRNA_MEblack	ENSG00000136842.14	TMOD1	0.0350208	1.07755	0.5087
mRNA_MEblack	ENSG00000177675.9	CD163L1	0.0348815	1.07949	0.672313
mRNA_MEblack	ENSG00000125868.16	DSTN	0.0345254	6.56194	0.420367
mRNA_MEblack	ENSG00000106366.9	SERPINE1	0.0334025	6.03234	1.62415
mRNA_MEblack	ENSG00000090539.15	CHRD	0.0320364	1.56028	0.657996
mRNA_MEblue	ENSG00000157554.19	ERG	0.0478408	2.80967	0.742108
mRNA_MEblue	ENSG00000120318.16	ARAP3	0.047312	2.9796	0.710704
mRNA_MEblue	ENSG00000113555.6	PCDH12	0.0472027	3.65954	0.897361
mRNA_MEblue	ENSG00000066056.14	TIE1	0.0469311	3.6481	0.851509
mRNA_MEblue	ENSG00000198844.12	ARHGEF15	0.0468716	3.02491	0.819621
mRNA_MEblue	ENSG00000187800.13	PEAR1	0.0468223	2.68851	0.754935
mRNA_MEblue	ENSG00000147113.17	DIPK2B	0.0467386	3.43916	0.875853
mRNA_MEblue	ENSG00000154133.15	ROBO4	0.0466545	3.59546	0.880564
mRNA_MEblue	ENSG00000037280.16	FLT4	0.046614	3.31876	0.84905
mRNA_MEblue	ENSG00000196628.20	TCF4	0.0465551	2.4002	0.683142
mRNA_MEblue	ENSG00000179776.19	CDH5	0.0465502	4.76416	0.917328
mRNA_MEblue	ENSG00000120279.6	MYCT1	0.0465405	3.3894	0.870756
mRNA_MEblue	ENSG00000176435.7	CLEC14A	0.0464441	5.25271	1.03635
mRNA_MEblue	ENSG00000104967.8	NOVA2	0.046332	1.51105	0.547599
mRNA_MEblue	ENSG00000105538.10	RASIP1	0.0463285	3.05739	0.797295
mRNA_MEblue	ENSG00000174059.17	CD34	0.0461319	4.71904	0.923697
mRNA_MEblue	ENSG00000173269.14	MMRN2	0.0460718	4.54799	0.908528
mRNA_MEblue	ENSG00000161940.11	BCL6B	0.0460117	3.55903	0.913149
mRNA_MEblue	ENSG00000149564.12	ESAM	0.045961	5.50933	0.910233
mRNA_MEblue	ENSG00000126785.13	RHOJ	0.0457358	3.0555	0.762356
mRNA_MEblue	ENSG00000095370.20	SH2D3C	0.0456207	3.50593	0.741309
mRNA_MEblue	ENSG00000074660.16	SCARF1	0.0456188	2.95492	0.664676
mRNA_MEblue	ENSG00000204301.6	NOTCH4	0.0456124	3.61645	0.882641
mRNA_MEblue	ENSG00000169744.13	LDB2	0.0454779	3.72025	0.899723
mRNA_MEblue	ENSG00000131634.14	TMEM204	0.0454717	5.05798	0.994128
mRNA_MEblue	ENSG00000179855.9	GIPC3	0.0454629	2.46616	0.719183
mRNA_MEblue	ENSG00000139567.13	ACVRL1	0.0454337	3.99933	0.732233
mRNA_MEblue	ENSG00000166265.13	CYYR1	0.0453023	4.10394	0.897335
mRNA_MEblue	ENSG00000130158.14	DOCK6	0.0451694	3.07223	0.586959
mRNA_MEblue	ENSG00000100311.17	PDGFB	0.0447141	4.12699	0.713843
mRNA_MEblue	ENSG00000148516.22	ZEB1	0.0447003	2.96344	0.609759
mRNA_MEblue	ENSG00000106991.14	ENG	0.0446509	6.49345	0.817165
mRNA_MEblue	ENSG00000170989.10	S1PR1	0.0446023	4.20053	0.945096
mRNA_MEblue	ENSG00000164736.6	SOX17	0.0445398	1.96949	0.693469
mRNA_MEblue	ENSG00000164086.10	DUSP7	0.044458	2.60784	0.53017
mRNA_MEblue	ENSG00000129467.14	ADCY4	0.0444307	1.88416	0.638978
mRNA_MEblue	ENSG00000101331.17	CCM2L	0.0443433	1.89493	0.632739
mRNA_MEblue	ENSG00000125266.8	EFNB2	0.044253	3.34936	0.810635
mRNA_MEblue	ENSG00000116016.14	EPAS1	0.0442131	6.79251	0.913497
mRNA_MEblue	ENSG00000187068.3	C3orf70	0.0441924	1.43061	0.521456
mRNA_MEblue	ENSG00000198873.12	GRK5	0.0441556	2.39099	0.547311
mRNA_MEblue	ENSG00000010810.17	FYN	0.0441491	3.45349	0.60858
mRNA_MEblue	ENSG00000148180.21	GSN	0.0440968	5.76678	0.757778
mRNA_MEblue	ENSG00000132622.11	HSPA12B	0.0440914	2.52561	0.746739
mRNA_MEblue	ENSG00000174749.6	FAM241A	0.0440815	1.89381	0.576985
mRNA_MEblue	ENSG00000136114.17	THSD1	0.0439981	1.68012	0.615459
mRNA_MEblue	ENSG00000130307.12	USHBP1	0.0439339	1.41415	0.561919
mRNA_MEblue	ENSG00000111145.8	ELK3	0.0439026	4.19865	0.671387
mRNA_MEblue	ENSG00000166086.13	JAM3	0.043834	2.36834	0.699818
mRNA_MEblue	ENSG00000119865.9	CNRIP1	0.0437549	2.46277	0.606255
mRNA_MEblue	ENSG00000175274.19	TP53I11	0.0437088	4.20243	0.791514
mRNA_MEblue	ENSG00000186642.16	PDE2A	0.0436618	2.41139	0.869359
mRNA_MEblue	ENSG00000130300.9	PLVAP	0.0435911	8.27204	1.1354
mRNA_MEblue	ENSG00000081189.16	MEF2C	0.0435501	3.06411	0.652484
mRNA_MEblue	ENSG00000183963.19	SMTN	0.0435328	3.00692	0.671317
mRNA_MEblue	ENSG00000069122.19	ADGRF5	0.0435017	4.89487	0.935267
mRNA_MEblue	ENSG00000162618.15	ADGRL4	0.0434741	4.14649	0.92011
mRNA_MEblue	ENSG00000169291.10	SHE	0.0434685	1.79421	0.58479
mRNA_MEblue	ENSG00000162944.11	RFTN2	0.0433992	1.17671	0.45823
mRNA_MEblue	ENSG00000171115.4	GIMAP8	0.0433417	3.8067	0.802487
mRNA_MEblue	ENSG00000154783.12	FGD5	0.0432264	3.19857	0.818244
mRNA_MEblue	ENSG00000162804.14	SNED1	0.0432142	1.27395	0.447232
mRNA_MEblue	ENSG00000173546.7	CSPG4	0.0431274	4.09228	0.982643
mRNA_MEblue	ENSG00000006638.13	TBXA2R	0.0431272	2.09025	0.653867
mRNA_MEblue	ENSG00000129657.16	SEC14L1	0.0431044	4.3148	0.586374
mRNA_MEblue	ENSG00000110237.5	ARHGEF17	0.0430753	4.0591	0.587942
mRNA_MEblue	ENSG00000143603.19	KCNN3	0.0430712	1.74687	0.694264
mRNA_MEblue	ENSG00000132688.11	NES	0.0430255	4.34712	0.876448
mRNA_MEblue	ENSG00000185585.20	OLFML2A	0.0430196	4.48588	1.05992
mRNA_MEblue	ENSG00000164330.17	EBF1	0.0430068	2.4284	0.717368
mRNA_MEblue	ENSG00000108622.11	ICAM2	0.0429434	2.19769	0.561443
mRNA_MEblue	ENSG00000179044.16	EXOC3L1	0.0428519	2.70207	0.685739
mRNA_MEblue	ENSG00000166398.14	GARRE1	0.0428263	3.0518	0.461179
mRNA_MEblue	ENSG00000125810.10	CD93	0.042775	5.3472	0.937031
mRNA_MEblue	ENSG00000131477.11	RAMP2	0.0427348	5.20242	0.945335
mRNA_MEblue	ENSG00000163788.14	SNRK	0.0425804	3.58837	0.598231
mRNA_MEblue	ENSG00000177464.5	GPR4	0.042563	4.15436	0.909268
mRNA_MEblue	ENSG00000130584.12	ZBTB46	0.0425168	1.5337	0.442995
mRNA_MEblue	ENSG00000261371.6	PECAM1	0.0425139	6.4237	0.877918
mRNA_MEblue	ENSG00000150048.10	CLEC1A	0.0424952	1.98395	0.632251
mRNA_MEblue	ENSG00000128917.8	DLL4	0.0424321	4.26226	1.01429
mRNA_MEblue	ENSG00000020181.18	ADGRA2	0.0424285	3.26109	0.840414
mRNA_MEblue	ENSG00000120156.22	TEK	0.0423943	3.05663	0.91907
mRNA_MEblue	ENSG00000164056.11	SPRY1	0.0423902	4.86658	0.964615
mRNA_MEblue	ENSG00000157510.14	AFAP1L1	0.0423293	3.03069	0.695181
mRNA_MEblue	ENSG00000187678.10	SPRY4	0.042329	4.31058	0.805568
mRNA_MEblue	ENSG00000103966.11	EHD4	0.0423164	3.47967	0.524658
mRNA_MEblue	ENSG00000114654.7	EFCC1	0.0423035	1.08037	0.5167
mRNA_MEblue	ENSG00000118407.15	FILIP1	0.0423034	1.09697	0.47643
mRNA_MEblue	ENSG00000175899.15	A2M	0.0422681	7.81299	0.798334
mRNA_MEblue	ENSG00000154721.15	JAM2	0.0422577	2.04521	0.727084
mRNA_MEblue	ENSG00000136237.19	RAPGEF5	0.0421863	3.05898	0.723268
mRNA_MEblue	ENSG00000134954.14	ETS1	0.0421218	5.45702	0.751257
mRNA_MEblue	ENSG00000187513.9	GJA4	0.0421106	5.08458	1.04669
mRNA_MEblue	ENSG00000162367.11	TAL1	0.0420928	1.3951	0.60963
mRNA_MEblue	ENSG00000071242.12	RPS6KA2	0.0420689	3.25304	0.714455
mRNA_MEblue	ENSG00000182963.11	GJC1	0.0420599	2.43577	0.759729
mRNA_MEblue	ENSG00000004399.13	PLXND1	0.0420593	4.85397	0.69487
mRNA_MEblue	ENSG00000100034.14	PPM1F	0.0420581	2.96853	0.50979
mRNA_MEblue	ENSG00000152284.5	TCF7L1	0.0420542	2.4065	0.607739
mRNA_MEblue	ENSG00000128052.10	KDR	0.0420359	5.13782	1.14888
mRNA_MEblue	ENSG00000127329.16	PTPRB	0.0420311	3.08673	0.933898
mRNA_MEblue	ENSG00000106070.20	GRB10	0.0419577	4.25003	0.715847
mRNA_MEblue	ENSG00000128567.17	PODXL	0.0419301	5.41752	0.964734
mRNA_MEblue	ENSG00000164741.15	DLC1	0.0419277	2.80372	0.675768
mRNA_MEblue	ENSG00000076706.17	MCAM	0.0419227	5.91521	0.851072
mRNA_MEblue	ENSG00000088387.19	DOCK9	0.0418991	2.85643	0.710371
mRNA_MEblue	ENSG00000101384.12	JAG1	0.0418959	4.68444	0.667655
mRNA_MEblue	ENSG00000102935.12	ZNF423	0.0416752	0.935272	0.402082
mRNA_MEblue	ENSG00000142798.20	HSPG2	0.0416463	4.76694	1.05202
mRNA_MEblue	ENSG00000099260.11	PALMD	0.0415755	2.1754	0.664667
mRNA_MEblue	ENSG00000169129.15	AFAP1L2	0.0415404	2.47906	0.637989
mRNA_MEblue	ENSG00000151702.17	FLI1	0.0415122	2.82274	0.558912
mRNA_MEblue	ENSG00000197245.6	FAM110D	0.0415077	1.61334	0.667398
mRNA_MEblue	ENSG00000143772.9	ITPKB	0.0414728	3.04741	0.591274
mRNA_MEblue	ENSG00000064989.13	CALCRL	0.0414462	4.04423	0.939202
mRNA_MEblue	ENSG00000164867.11	NOS3	0.0414121	2.16903	0.641866
mRNA_MEblue	ENSG00000183688.4	RFLNB	0.0413634	3.92797	0.896504
mRNA_MEblue	ENSG00000147119.4	CHST7	0.0413559	1.92263	0.54951
mRNA_MEblue	ENSG00000140848.17	CPNE2	0.0412596	3.09451	0.500892
mRNA_MEblue	ENSG00000213949.10	ITGA1	0.0412143	3.83672	0.686214
mRNA_MEblue	ENSG00000120278.16	PLEKHG1	0.0410957	2.2222	0.58911
mRNA_MEblue	ENSG00000143248.13	RGS5	0.0410741	8.12083	1.39514
mRNA_MEblue	ENSG00000283632.4	EXOC3L2	0.041052	4.0947	0.999576
mRNA_MEblue	ENSG00000134531.10	EMP1	0.0410316	4.12347	0.953227
mRNA_MEblue	ENSG00000166341.8	DCHS1	0.0409969	2.30409	0.709668
mRNA_MEblue	ENSG00000184916.9	JAG2	0.0409644	3.02342	0.735629
mRNA_MEblue	ENSG00000185291.12	IL3RA	0.0409452	3.80779	0.716788
mRNA_MEblue	ENSG00000180304.14	OAZ2	0.0409216	4.30778	0.39686
mRNA_MEblue	ENSG00000113721.14	PDGFRB	0.040919	5.1377	0.979139
mRNA_MEblue	ENSG00000074181.9	NOTCH3	0.0407579	5.08103	0.999926
mRNA_MEblue	ENSG00000198369.10	SPRED2	0.0407379	3.3632	0.48455
mRNA_MEblue	ENSG00000184497.13	TMEM255B	0.0406193	1.86589	0.59619
mRNA_MEblue	ENSG00000134817.11	APLNR	0.040615	4.07522	1.18407
mRNA_MEblue	ENSG00000164683.18	HEY1	0.0405998	2.20311	0.680331
mRNA_MEblue	ENSG00000183722.9	LHFPL6	0.0405403	4.28978	0.886257
mRNA_MEblue	ENSG00000144642.22	RBMS3	0.0405166	1.37988	0.433344
mRNA_MEblue	ENSG00000144668.12	ITGA9	0.0404658	2.17011	0.688711
mRNA_MEblue	ENSG00000140945.17	CDH13	0.0403515	2.33093	0.818036
mRNA_MEblue	ENSG00000187730.9	GABRD	0.0403486	1.90196	0.785199
mRNA_MEblue	ENSG00000183615.6	FAM167B	0.0403393	4.61419	0.891526
mRNA_MEblue	ENSG00000011523.14	CEP68	0.0403108	2.46532	0.456307
mRNA_MEblue	ENSG00000135363.12	LMO2	0.0402591	3.84437	0.696314
mRNA_MEblue	ENSG00000164125.16	GASK1B	0.0402223	3.53169	0.881792
mRNA_MEblue	ENSG00000182162.11	P2RY8	0.0402217	2.98729	0.800856
mRNA_MEblue	ENSG00000148400.12	NOTCH1	0.0402193	3.16565	0.605602
mRNA_MEblue	ENSG00000133030.22	MPRIP	0.0402134	3.45332	0.479773
mRNA_MEblue	ENSG00000102760.13	RGCC	0.0402028	6.26918	1.03686
mRNA_MEblue	ENSG00000152689.18	RASGRP3	0.0401761	2.44497	0.494637
mRNA_MEblue	ENSG00000165757.9	JCAD	0.0401676	3.49742	0.824162
mRNA_MEblue	ENSG00000163873.10	GRIK3	0.0401622	1.80212	0.892543
mRNA_MEblue	ENSG00000118946.12	PCDH17	0.0401221	2.6827	0.832041
mRNA_MEblue	ENSG00000111077.18	TNS2	0.0401014	4.47842	0.61098
mRNA_MEblue	ENSG00000116991.11	SIPA1L2	0.0400986	2.86361	0.576557
mRNA_MEblue	ENSG00000110799.14	VWF	0.0400825	6.56934	1.16959
mRNA_MEblue	ENSG00000091428.18	RAPGEF4	0.0400538	2.09834	0.696039
mRNA_MEblue	ENSG00000151617.17	EDNRA	0.0400497	3.14789	0.856179
mRNA_MEblue	ENSG00000154016.14	GRAP	0.0399627	0.853816	0.341577
mRNA_MEblue	ENSG00000001617.12	SEMA3F	0.0399621	4.61015	0.736371
mRNA_MEblue	ENSG00000152661.9	GJA1	0.0399016	5.56317	1.00381
mRNA_MEblue	ENSG00000138411.13	HECW2	0.0398902	1.54665	0.638881
mRNA_MEblue	ENSG00000184113.9	CLDN5	0.0398664	3.00524	0.986482
mRNA_MEblue	ENSG00000179348.12	GATA2	0.0397851	1.86772	0.661485
mRNA_MEblue	ENSG00000076356.7	PLXNA2	0.039767	2.61464	0.609731
mRNA_MEblue	ENSG00000116604.18	MEF2D	0.0397382	4.05308	0.419227
mRNA_MEblue	ENSG00000171105.14	INSR	0.0397357	5.14489	0.764841
mRNA_MEblue	ENSG00000185614.7	INKA1	0.0397234	2.47734	0.732267
mRNA_MEblue	ENSG00000122679.8	RAMP3	0.039714	5.4975	1.10792
mRNA_MEblue	ENSG00000133056.13	PIK3C2B	0.0396869	2.38031	0.513595
mRNA_MEblue	ENSG00000171056.8	SOX7	0.0396577	1.79341	0.718095
mRNA_MEblue	ENSG00000184005.11	ST6GALNAC3	0.0396569	1.3459	0.548085
mRNA_MEblue	ENSG00000136160.17	EDNRB	0.0396561	4.76471	1.20412
mRNA_MEblue	ENSG00000152583.12	SPARCL1	0.0396429	7.00913	1.14734
mRNA_MEblue	ENSG00000122707.12	RECK	0.0396256	2.11618	0.418936
mRNA_MEblue	ENSG00000117461.15	PIK3R3	0.0395246	3.33638	0.731299
mRNA_MEblue	ENSG00000073910.22	FRY	0.0395055	1.68307	0.521176
mRNA_MEblue	ENSG00000171408.14	PDE7B	0.0394824	1.66309	0.557583
mRNA_MEblue	ENSG00000179403.12	VWA1	0.0394188	5.03861	0.841016
mRNA_MEblue	ENSG00000275832.5	ARHGAP23	0.0394074	2.47927	0.610954
mRNA_MEblue	ENSG00000068001.14	HYAL2	0.0393907	4.24439	0.688823
mRNA_MEblue	ENSG00000068383.19	INPP5A	0.0393724	2.83596	0.456109
mRNA_MEblue	ENSG00000128872.10	TMOD2	0.0393528	1.9109	0.576958
mRNA_MEblue	ENSG00000161791.14	FMNL3	0.0393511	2.91202	0.524671
mRNA_MEblue	ENSG00000102755.12	FLT1	0.0393466	5.31038	1.06365
mRNA_MEblue	ENSG00000061337.15	LZTS1	0.0393398	3.11046	0.833073
mRNA_MEblue	ENSG00000113140.11	SPARC	0.0393288	9.07598	0.745196
mRNA_MEblue	ENSG00000131620.17	ANO1	0.039289	2.98625	0.871354
mRNA_MEblue	ENSG00000158352.16	SHROOM4	0.0392411	2.40881	0.576295
mRNA_MEblue	ENSG00000130528.12	HRC	0.03922	1.98624	0.755811
mRNA_MEblue	ENSG00000065054.14	SLC9A3R2	0.0392173	4.89676	0.93779
mRNA_MEblue	ENSG00000204291.11	COL15A1	0.0391912	4.24788	1.10112
mRNA_MEblue	ENSG00000103710.11	RASL12	0.0391829	2.92989	0.780096
mRNA_MEblue	ENSG00000129244.9	ATP1B2	0.0391512	2.57608	0.904973
mRNA_MEblue	ENSG00000187498.16	COL4A1	0.0391481	6.46072	0.928132
mRNA_MEblue	ENSG00000174951.11	FUT1	0.0391193	1.18417	0.486505
mRNA_MEblue	ENSG00000115183.15	TANC1	0.0390997	2.18035	0.416943
mRNA_MEblue	ENSG00000148841.17	ITPRIP	0.0390889	3.63059	0.712757
mRNA_MEblue	ENSG00000185305.11	ARL15	0.0390605	3.75342	0.654846
mRNA_MEblue	ENSG00000137507.11	LRRC32	0.0390534	4.99798	0.813875
mRNA_MEblue	ENSG00000185112.6	FAM43A	0.039053	2.97997	0.834249
mRNA_MEblue	ENSG00000145990.11	GFOD1	0.038907	1.44419	0.56346
mRNA_MEblue	ENSG00000121068.14	TBX2	0.0388681	3.39597	0.831598
mRNA_MEblue	ENSG00000178878.13	APOLD1	0.0388443	4.88088	1.28553
mRNA_MEblue	ENSG00000161544.10	CYGB	0.0387913	3.66111	0.886822
mRNA_MEblue	ENSG00000100234.12	TIMP3	0.0387565	7.26838	1.07625
mRNA_MEblue	ENSG00000188070.9	C11orf95	0.0387315	2.56071	0.497293
mRNA_MEblue	ENSG00000196782.12	MAML3	0.0387142	1.8285	0.437627
mRNA_MEblue	ENSG00000249751.4	ECSCR	0.0387001	1.85849	0.649855
mRNA_MEblue	ENSG00000171488.15	LRRC8C	0.038647	2.06588	0.512963
mRNA_MEblue	ENSG00000167680.17	SEMA6B	0.0386465	3.04039	0.779385
mRNA_MEblue	ENSG00000235750.10	KIAA0040	0.0386347	3.75989	0.521284
mRNA_MEblue	ENSG00000127946.17	HIP1	0.0385583	3.49024	0.495367
mRNA_MEblue	ENSG00000168758.11	SEMA4C	0.0385488	3.18222	0.506716
mRNA_MEblue	ENSG00000185361.9	TNFAIP8L1	0.0384647	2.62158	0.551285
mRNA_MEblue	ENSG00000251322.9	SHANK3	0.0384625	3.38201	0.730491
mRNA_MEblue	ENSG00000183807.8	FAM162B	0.0384511	1.58694	0.695811
mRNA_MEblue	ENSG00000170962.13	PDGFD	0.0384355	4.39788	1.03301
mRNA_MEblue	ENSG00000167874.7	TMEM88	0.0384235	3.87355	1.0325
mRNA_MEblue	ENSG00000164035.10	EMCN	0.0384003	3.67664	1.12689
mRNA_MEblue	ENSG00000128606.13	LRRC17	0.0383766	1.8529	0.698707
mRNA_MEblue	ENSG00000163513.19	TGFBR2	0.0383656	5.36192	0.760743
mRNA_MEblue	ENSG00000224982.4	TMEM233	0.0383239	1.77805	0.650307
mRNA_MEblue	ENSG00000183580.10	FBXL7	0.0383107	2.37996	0.592184
mRNA_MEblue	ENSG00000203883.7	SOX18	0.0382821	3.64437	1.03893
mRNA_MEblue	ENSG00000177303.10	CASKIN2	0.038253	3.43713	0.61197
mRNA_MEblue	ENSG00000147883.12	CDKN2B	0.0381814	2.10781	0.576155
mRNA_MEblue	ENSG00000136378.15	ADAMTS7	0.0381767	1.48153	0.536993
mRNA_MEblue	ENSG00000213203.3	GIMAP1	0.0380666	2.17307	0.566678
mRNA_MEblue	ENSG00000136940.14	PDCL	0.0380639	3.10956	0.408436
mRNA_MEblue	ENSG00000128641.19	MYO1B	0.0380545	3.8112	0.677781
mRNA_MEblue	ENSG00000107731.12	UNC5B	0.0380246	4.11102	0.828331
mRNA_MEblue	ENSG00000198435.4	NRARP	0.0380104	3.08809	0.890369
mRNA_MEblue	ENSG00000189129.14	PLAC9	0.0379515	3.07591	0.974888
mRNA_MEblue	ENSG00000101605.13	MYOM1	0.0379342	0.930776	0.419507
mRNA_MEblue	ENSG00000072163.20	LIMS2	0.0378441	2.56819	0.684809
mRNA_MEblue	ENSG00000265107.3	GJA5	0.0378123	2.89122	1.02523
mRNA_MEblue	ENSG00000186994.11	KANK3	0.0377971	2.09666	0.725365
mRNA_MEblue	ENSG00000053702.15	NRIP2	0.0377796	3.4202	0.840868
mRNA_MEblue	ENSG00000067113.17	PLPP1	0.0377759	5.89391	0.92051
mRNA_MEblue	ENSG00000198668.13	CALM1	0.0377737	5.71657	0.452391
mRNA_MEblue	ENSG00000178175.12	ZNF366	0.0377609	1.22791	0.561068
mRNA_MEblue	ENSG00000133561.15	GIMAP6	0.0377564	4.2542	0.78665
mRNA_MEblue	ENSG00000205978.6	NYNRIN	0.0377387	2.06823	0.675301
mRNA_MEblue	ENSG00000127533.4	F2RL3	0.0377184	3.06022	1.24259
mRNA_MEblue	ENSG00000153933.10	DGKE	0.037681	0.989388	0.347502
mRNA_MEblue	ENSG00000066427.24	ATXN3	0.0376226	1.61266	0.288333
mRNA_MEblue	ENSG00000027075.15	PRKCH	0.0376089	2.5882	0.585421
mRNA_MEblue	ENSG00000111252.11	SH2B3	0.0375875	4.01673	0.589057
mRNA_MEblue	ENSG00000031081.11	ARHGAP31	0.0375218	3.04185	0.533395
mRNA_MEblue	ENSG00000108219.15	TSPAN14	0.0375015	3.37052	0.381539
mRNA_MEblue	ENSG00000141098.13	GFOD2	0.0374769	2.2892	0.313277
mRNA_MEblue	ENSG00000134871.19	COL4A2	0.0374387	5.86699	0.808072
mRNA_MEblue	ENSG00000166073.11	GPR176	0.0373947	2.92946	0.678956
mRNA_MEblue	ENSG00000167173.19	C15orf39	0.037347	3.10999	0.504786
mRNA_MEblue	ENSG00000163909.8	HEYL	0.0373461	4.35274	1.01586
mRNA_MEblue	ENSG00000221818.9	EBF2	0.0373024	1.45139	0.648912
mRNA_MEblue	ENSG00000129353.15	SLC44A2	0.0372876	5.479	0.58241
mRNA_MEblue	ENSG00000213160.10	KLHL23	0.0372557	2.11426	0.56959
mRNA_MEblue	ENSG00000099250.18	NRP1	0.037251	5.27031	0.624216
mRNA_MEblue	ENSG00000224383.8	PRR29	0.037218	0.901253	0.36011
mRNA_MEblue	ENSG00000151067.22	CACNA1C	0.0372099	0.955795	0.423851
mRNA_MEblue	ENSG00000132640.15	BTBD3	0.0371714	3.33837	0.590814
mRNA_MEblue	ENSG00000137831.15	UACA	0.0371679	3.89468	0.581367
mRNA_MEblue	ENSG00000196376.11	SLC35F1	0.0371634	0.828112	0.419315
mRNA_MEblue	ENSG00000179144.5	GIMAP7	0.0371586	5.00741	0.846822
mRNA_MEblue	ENSG00000133687.16	TMTC1	0.0371438	2.35994	0.686268
mRNA_MEblue	ENSG00000116962.15	NID1	0.0371163	5.36898	0.782224
mRNA_MEblue	ENSG00000160447.7	PKN3	0.0371022	2.37034	0.503896
mRNA_MEblue	ENSG00000104368.19	PLAT	0.0370404	2.79979	0.770054
mRNA_MEblue	ENSG00000163697.17	APBB2	0.0370071	2.80692	0.517588
mRNA_MEblue	ENSG00000157933.10	SKI	0.0369864	4.16263	0.481061
mRNA_MEblue	ENSG00000163171.8	CDC42EP3	0.0369748	2.21849	0.544377
mRNA_MEblue	ENSG00000138172.11	CALHM2	0.03692	2.85821	0.593558
mRNA_MEblue	ENSG00000154864.13	PIEZO2	0.0369027	1.5594	0.637995
mRNA_MEblue	ENSG00000140682.19	TGFB1I1	0.0368434	2.84463	0.732743
mRNA_MEblue	ENSG00000186377.8	CYP4X1	0.0368351	1.56958	0.560915
mRNA_MEblue	ENSG00000159713.11	TPPP3	0.0368286	3.82211	0.969003
mRNA_MEblue	ENSG00000182492.16	BGN	0.0367516	8.49255	1.16643
mRNA_MEblue	ENSG00000140545.15	MFGE8	0.036668	4.01405	0.779697
mRNA_MEblue	ENSG00000131386.19	GALNT15	0.0366596	2.40752	1.06362
mRNA_MEblue	ENSG00000181773.7	GPR3	0.0366415	1.34627	0.596462
mRNA_MEblue	ENSG00000011454.18	RABGAP1	0.0366383	3.17896	0.389514
mRNA_MEblue	ENSG00000139318.8	DUSP6	0.0366291	4.60396	0.721315
mRNA_MEblue	ENSG00000161835.11	TAMALIN	0.0366183	3.02307	0.70522
mRNA_MEblue	ENSG00000135414.10	GDF11	0.036587	1.44997	0.391182
mRNA_MEblue	ENSG00000112214.10	FHL5	0.0365752	2.79162	0.98422
mRNA_MEblue	ENSG00000108001.15	EBF3	0.0365538	0.802572	0.527813
mRNA_MEblue	ENSG00000213853.10	EMP2	0.0365316	2.60023	0.601984
mRNA_MEblue	ENSG00000126391.14	FRMD8	0.0365223	3.77248	0.446663
mRNA_MEblue	ENSG00000177469.13	CAVIN1	0.0364844	6.9172	0.632833
mRNA_MEblue	ENSG00000111261.14	MANSC1	0.0364824	2.34933	0.551936
mRNA_MEblue	ENSG00000071575.11	TRIB2	0.0364659	4.40844	0.822949
mRNA_MEblue	ENSG00000173706.14	HEG1	0.0364519	3.97828	0.727846
mRNA_MEblue	ENSG00000135636.14	DYSF	0.0364377	4.28559	0.709528
mRNA_MEblue	ENSG00000197724.11	PHF2	0.0364195	3.272	0.37036
mRNA_MEblue	ENSG00000197256.11	KANK2	0.0363977	4.4482	0.59698
mRNA_MEblue	ENSG00000255690.3	TRIL	0.036384	2.2426	0.669448
mRNA_MEblue	ENSG00000136802.12	LRRC8A	0.0363572	4.25271	0.499775
mRNA_MEblue	ENSG00000114353.17	GNAI2	0.0363323	5.6824	0.415677
mRNA_MEblue	ENSG00000124772.12	CPNE5	0.0363317	1.41804	0.66264
mRNA_MEblue	ENSG00000140044.13	JDP2	0.0363238	2.22027	0.528987
mRNA_MEblue	ENSG00000133121.21	STARD13	0.0363112	2.62767	0.463844
mRNA_MEblue	ENSG00000126217.21	MCF2L	0.0363077	2.05179	0.585039
mRNA_MEblue	ENSG00000151276.23	MAGI1	0.036293	2.04599	0.629203
mRNA_MEblue	ENSG00000204131.9	NHSL2	0.0362891	1.13328	0.451047
mRNA_MEblue	ENSG00000181104.7	F2R	0.0362854	4.93159	0.903365
mRNA_MEblue	ENSG00000157654.19	PALM2AKAP2	0.0362761	3.57361	0.571548
mRNA_MEblue	ENSG00000129538.14	RNASE1	0.036271	7.09436	0.875876
mRNA_MEblue	ENSG00000197381.16	ADARB1	0.0361887	2.22656	0.535148
mRNA_MEblue	ENSG00000156049.7	GNA14	0.0361765	1.89182	0.584266
mRNA_MEblue	ENSG00000143842.15	SOX13	0.0361707	2.93354	0.605145
mRNA_MEblue	ENSG00000087303.18	NID2	0.0361461	2.68364	0.842417
mRNA_MEblue	ENSG00000172037.14	LAMB2	0.0361027	5.89371	0.595612
mRNA_MEblue	ENSG00000065717.15	TLE2	0.0360907	2.20625	0.683736
mRNA_MEblue	ENSG00000104067.17	TJP1	0.0360409	3.43414	0.444212
mRNA_MEblue	ENSG00000271601.4	LIX1L	0.0360332	3.7088	0.375815
mRNA_MEblue	ENSG00000144724.20	PTPRG	0.0360295	2.98949	0.616918
mRNA_MEblue	ENSG00000007944.15	MYLIP	0.0359575	4.19139	0.561626
mRNA_MEblue	ENSG00000121577.14	POPDC2	0.0359488	2.12988	0.643654
mRNA_MEblue	ENSG00000137726.17	FXYD6	0.0359419	1.75196	0.613924
mRNA_MEblue	ENSG00000277494.2	GPIHBP1	0.0359368	2.34755	1.04232
mRNA_MEblue	ENSG00000156298.13	TSPAN7	0.0359334	3.33697	0.989741
mRNA_MEblue	ENSG00000109689.18	STIM2	0.0359082	2.29808	0.356272
mRNA_MEblue	ENSG00000073712.15	FERMT2	0.0359042	3.23331	0.535869
mRNA_MEblue	ENSG00000172889.16	EGFL7	0.0359009	4.62717	0.938889
mRNA_MEblue	ENSG00000117318.9	ID3	0.0358784	6.05329	0.855636
mRNA_MEblue	ENSG00000150977.10	RILPL2	0.0358772	2.90336	0.386732
mRNA_MEblue	ENSG00000196411.10	EPHB4	0.0358436	3.33204	0.702213
mRNA_MEblue	ENSG00000175130.7	MARCKSL1	0.0358295	5.63953	0.774497
mRNA_MEblue	ENSG00000131097.7	HIGD1B	0.0358007	2.28723	0.895612
mRNA_MEblue	ENSG00000169282.18	KCNAB1	0.0357989	1.58456	0.645557
mRNA_MEblue	ENSG00000187866.10	FAM122A	0.0356988	2.71708	0.403359
mRNA_MEblue	ENSG00000198719.9	DLL1	0.0356914	2.43105	0.819652
mRNA_MEblue	ENSG00000135723.14	FHOD1	0.0356847	2.95641	0.458784
mRNA_MEblue	ENSG00000154146.13	NRGN	0.0356794	3.09825	0.829519
mRNA_MEblue	ENSG00000135547.9	HEY2	0.0355921	2.54222	0.778792
mRNA_MEblue	ENSG00000124019.10	FAM124B	0.0355657	0.873113	0.530092
mRNA_MEblue	ENSG00000109079.10	TNFAIP1	0.0354896	4.49389	0.403743
mRNA_MEblue	ENSG00000174640.15	SLCO2A1	0.0354505	4.74192	1.18423
mRNA_MEblue	ENSG00000108387.15	SEPTIN4	0.0353939	2.03525	0.631115
mRNA_MEblue	ENSG00000077092.19	RARB	0.0353451	2.48655	0.647954
mRNA_MEblue	ENSG00000137672.13	TRPC6	0.0352659	1.27726	0.558059
mRNA_MEblue	ENSG00000066629.18	EML1	0.0352208	2.34236	0.456206
mRNA_MEblue	ENSG00000167861.16	HID1	0.0351879	1.75723	0.576954
mRNA_MEblue	ENSG00000154096.14	THY1	0.0351857	4.61348	0.925429
mRNA_MEblue	ENSG00000152049.6	KCNE4	0.035156	3.25408	0.885415
mRNA_MEblue	ENSG00000068831.19	RASGRP2	0.0350834	1.53412	0.488204
mRNA_MEblue	ENSG00000100968.14	NFATC4	0.0349288	1.77379	0.62799
mRNA_MEblue	ENSG00000169398.19	PTK2	0.0349139	3.44793	0.332298
mRNA_MEblue	ENSG00000131055.5	COX4I2	0.0348786	3.87127	1.23394
mRNA_MEblue	ENSG00000147408.14	CSGALNACT1	0.0348454	2.30754	0.694368
mRNA_MEblue	ENSG00000146122.17	DAAM2	0.0348448	1.87424	0.651636
mRNA_MEblue	ENSG00000105137.13	SYDE1	0.0347108	3.62671	0.467046
mRNA_MEblue	ENSG00000149090.12	PAMR1	0.0346739	2.30871	0.746978
mRNA_MEblue	ENSG00000079150.18	FKBP7	0.0346467	2.33996	0.483947
mRNA_MEblue	ENSG00000153885.14	KCTD15	0.0345629	2.55301	0.619253
mRNA_MEblue	ENSG00000163815.6	CLEC3B	0.0345498	3.68761	1.22125
mRNA_MEblue	ENSG00000085276.19	MECOM	0.0345434	2.14144	0.728297
mRNA_MEblue	ENSG00000150687.12	PRSS23	0.0345405	4.46033	0.781416
mRNA_MEblue	ENSG00000182809.11	CRIP2	0.0345251	5.38705	0.764161
mRNA_MEblue	ENSG00000010319.7	SEMA3G	0.034513	2.52602	1.04893
mRNA_MEblue	ENSG00000118777.12	ABCG2	0.0344499	2.06956	0.872847
mRNA_MEblue	ENSG00000138185.20	ENTPD1	0.0343923	2.46534	0.433807
mRNA_MEblue	ENSG00000204381.12	LAYN	0.034376	2.6686	0.712852
mRNA_MEblue	ENSG00000153162.9	BMP6	0.0343497	1.75852	0.705453
mRNA_MEblue	ENSG00000140750.17	ARHGAP17	0.0342112	2.9342	0.298469
mRNA_MEblue	ENSG00000186827.11	TNFRSF4	0.0340993	2.56054	0.840875
mRNA_MEblue	ENSG00000120833.14	SOCS2	0.0340924	1.9881	0.66724
mRNA_MEblue	ENSG00000106852.15	LHX6	0.0340876	1.07606	0.521419
mRNA_MEblue	ENSG00000144857.14	BOC	0.0340451	1.4287	0.491971
mRNA_MEblue	ENSG00000108840.15	HDAC5	0.0340432	3.34057	0.40275
mRNA_MEblue	ENSG00000214357.9	NEURL1B	0.0340149	3.22809	0.763673
mRNA_MEblue	ENSG00000088808.18	PPP1R13B	0.0339897	2.04989	0.467284
mRNA_MEblue	ENSG00000165810.17	BTNL9	0.0339797	3.26521	1.17217
mRNA_MEblue	ENSG00000180739.14	S1PR5	0.0339366	1.33434	0.572691
mRNA_MEblue	ENSG00000162444.12	RBP7	0.0339169	4.82444	1.25051
mRNA_MEblue	ENSG00000069431.11	ABCC9	0.033907	1.80797	0.63846
mRNA_MEblue	ENSG00000117298.16	ECE1	0.0338798	4.83246	0.644862
mRNA_MEblue	ENSG00000196872.12	CRACDL	0.033829	1.96861	0.665293
mRNA_MEblue	ENSG00000213694.6	S1PR3	0.0337678	2.35163	0.802223
mRNA_MEblue	ENSG00000174807.4	CD248	0.033762	4.72348	0.993986
mRNA_MEblue	ENSG00000175538.11	KCNE3	0.0337609	4.05276	0.854162
mRNA_MEblue	ENSG00000076067.13	RBMS2	0.0337452	3.53847	0.447552
mRNA_MEblue	ENSG00000197183.14	NOL4L	0.0337406	2.31334	0.399425
mRNA_MEblue	ENSG00000057657.17	PRDM1	0.0336196	2.72874	0.643642
mRNA_MEblue	ENSG00000135424.18	ITGA7	0.0335911	3.10085	0.696819
mRNA_MEblue	ENSG00000189184.12	PCDH18	0.0335675	1.53147	0.67128
mRNA_MEblue	ENSG00000064300.9	NGFR	0.0335383	2.83898	1.09025
mRNA_MEblue	ENSG00000136158.12	SPRY2	0.033343	3.32854	0.668681
mRNA_MEblue	ENSG00000071246.11	VASH1	0.0333398	2.6428	0.670964
mRNA_MEblue	ENSG00000131370.16	SH3BP5	0.033265	1.84939	0.573097
mRNA_MEblue	ENSG00000177374.13	HIC1	0.0332009	1.33898	0.513238
mRNA_MEblue	ENSG00000115902.11	SLC1A4	0.0331354	2.7234	0.477249
mRNA_MEblue	ENSG00000102606.18	ARHGEF7	0.0331027	3.15886	0.35341
mRNA_MEblue	ENSG00000105483.18	CARD8	0.0330831	2.17883	0.346914
mRNA_MEblue	ENSG00000150457.9	LATS2	0.033082	3.31728	0.442123
mRNA_MEblue	ENSG00000057704.13	TMCC3	0.033038	3.15188	0.711608
mRNA_MEblue	ENSG00000121361.5	KCNJ8	0.0329716	3.13946	0.820895
mRNA_MEblue	ENSG00000235387.5	SPAAR	0.0329204	1.75453	0.625329
mRNA_MEblue	ENSG00000124749.17	COL21A1	0.0328998	1.45688	0.829461
mRNA_MEblue	ENSG00000154217.15	PITPNC1	0.0328924	2.98003	0.576078
mRNA_MEblue	ENSG00000198792.13	TMEM184B	0.0328596	3.85422	0.382686
mRNA_MEblue	ENSG00000070759.17	TESK2	0.0328383	1.01655	0.272297
mRNA_MEblue	ENSG00000111348.9	ARHGDIB	0.0327919	7.06356	0.604956
mRNA_MEblue	ENSG00000169860.7	P2RY1	0.0327705	1.78711	0.591959
mRNA_MEblue	ENSG00000274286.2	ADRA2B	0.0327676	1.41599	0.690477
mRNA_MEblue	ENSG00000177098.9	SCN4B	0.0327388	2.74336	1.00013
mRNA_MEblue	ENSG00000147027.4	TMEM47	0.0327299	4.56021	0.806811
mRNA_MEblue	ENSG00000197928.10	ZNF677	0.032569	0.82412	0.339089
mRNA_MEblue	ENSG00000172819.17	RARG	0.0325639	2.58545	0.510076
mRNA_MEblue	ENSG00000133574.10	GIMAP4	0.0325617	5.41045	0.708786
mRNA_MEblue	ENSG00000159433.12	STARD9	0.0325221	1.02324	0.327177
mRNA_MEblue	ENSG00000044524.11	EPHA3	0.0325113	1.82618	0.75902
mRNA_MEblue	ENSG00000101445.10	PPP1R16B	0.0324968	2.54897	0.800266
mRNA_MEblue	ENSG00000116478.12	HDAC1	0.0324291	4.64556	0.362401
mRNA_MEblue	ENSG00000168497.5	CAVIN2	0.0323764	4.53257	1.12473
mRNA_MEblue	ENSG00000160094.15	ZNF362	0.0323579	3.64797	0.419063
mRNA_MEblue	ENSG00000143341.12	HMCN1	0.0323212	1.49636	0.60005
mRNA_MEblue	ENSG00000143147.14	GPR161	0.032302	1.03124	0.405496
mRNA_MEblue	ENSG00000162734.13	PEA15	0.0322823	6.65995	0.425788
mRNA_MEblue	ENSG00000156453.14	PCDH1	0.0322721	3.28536	0.708753
mRNA_MEblue	ENSG00000169783.13	LINGO1	0.0322569	2.13309	0.768621
mRNA_MEblue	ENSG00000161381.14	PLXDC1	0.0322138	2.41396	0.759527
mRNA_MEblue	ENSG00000150636.17	CCDC102B	0.0322123	1.73608	0.559436
mRNA_MEblue	ENSG00000130052.13	STARD8	0.0321758	3.18485	0.62336
mRNA_MEblue	ENSG00000135218.19	CD36	0.0321151	3.65497	1.21605
mRNA_MEblue	ENSG00000163453.11	IGFBP7	0.0320999	8.68117	0.675926
mRNA_MEblue	ENSG00000186564.6	FOXD2	0.0320814	1.05645	0.404907
mRNA_MEblue	ENSG00000112769.20	LAMA4	0.0320724	3.89652	0.818902
mRNA_MEblue	ENSG00000149573.9	MPZL2	0.0320239	4.06788	0.702348
mRNA_MEblue	ENSG00000142748.13	FCN3	0.0319119	3.37972	1.16015
mRNA_MEblue	ENSG00000138835.22	RGS3	0.0319101	2.46799	0.472151
mRNA_MEblue	ENSG00000090924.15	PLEKHG2	0.0318866	2.82947	0.564099
mRNA_MEblue	ENSG00000108947.5	EFNB3	0.0318099	0.80194	0.524645
mRNA_MEblue	ENSG00000165795.23	NDRG2	0.0316834	3.61137	0.72584
mRNA_MEblue	ENSG00000119138.4	KLF9	0.0316786	4.8013	0.802587
mRNA_MEblue	ENSG00000134259.5	NGF	0.0316752	2.77262	0.974501
mRNA_MEblue	ENSG00000143127.13	ITGA10	0.0316608	0.933863	0.51221
mRNA_MEblue	ENSG00000144711.16	IQSEC1	0.0316576	3.11305	0.438912
mRNA_MEblue	ENSG00000138031.14	ADCY3	0.0316149	2.51965	0.549228
mRNA_MEblue	ENSG00000080573.7	COL5A3	0.0315904	2.64783	0.835921
mRNA_MEblue	ENSG00000198093.11	ZNF649	0.0315846	1.38376	0.414574
mRNA_MEblue	ENSG00000165801.10	ARHGEF40	0.0315505	2.90325	0.468357
mRNA_MEblue	ENSG00000144843.11	ADPRH	0.0315494	2.70693	0.369364
mRNA_MEblue	ENSG00000152804.11	HHEX	0.0315101	2.2314	0.554706
mRNA_MEblue	ENSG00000128652.11	HOXD3	0.0315006	1.40778	0.49967
mRNA_MEblue	ENSG00000079337.16	RAPGEF3	0.0314921	1.5064	0.550965
mRNA_MEblue	ENSG00000160013.9	PTGIR	0.0314698	1.51723	0.606032
mRNA_MEblue	ENSG00000068976.14	PYGM	0.0313965	1.05054	0.494845
mRNA_MEblue	ENSG00000135111.16	TBX3	0.0313921	1.32287	0.612096
mRNA_MEblue	ENSG00000249242.8	TMEM150C	0.031387	3.40116	0.849961
mRNA_MEblue	ENSG00000145283.8	SLC10A6	0.0313725	0.833371	0.484052
mRNA_MEblue	ENSG00000180785.10	OR51E1	0.0312993	1.70294	0.714594
mRNA_MEblue	ENSG00000088832.18	FKBP1A	0.0312887	5.27111	0.369529
mRNA_MEblue	ENSG00000053918.18	KCNQ1	0.0312835	2.27448	0.571458
mRNA_MEblue	ENSG00000171943.12	SRGAP2C	0.03128	1.00475	0.259939
mRNA_MEblue	ENSG00000142733.17	MAP3K6	0.0312743	3.04606	0.543398
mRNA_MEblue	ENSG00000066735.14	KIF26A	0.0312122	1.45003	0.793023
mRNA_MEblue	ENSG00000127528.6	KLF2	0.0311868	3.70212	0.953797
mRNA_MEblue	ENSG00000153250.20	RBMS1	0.0310654	3.02282	0.369724
mRNA_MEblue	ENSG00000164283.13	ESM1	0.0310564	6.40091	1.21091
mRNA_MEblue	ENSG00000074657.14	ZNF532	0.0310374	2.83849	0.51104
mRNA_MEblue	ENSG00000182511.12	FES	0.0309884	2.60349	0.498725
mRNA_MEblue	ENSG00000077943.8	ITGA8	0.0309403	2.47079	0.837803
mRNA_MEblue	ENSG00000120616.16	EPC1	0.0308401	1.88174	0.243951
mRNA_MEblue	ENSG00000155849.15	ELMO1	0.0306459	2.5301	0.532287
mRNA_MEblue	ENSG00000119862.13	LGALSL	0.0306347	3.1795	0.549728
mRNA_MEblue	ENSG00000121210.16	TMEM131L	0.0306152	2.11456	0.382517
mRNA_MEblue	ENSG00000149499.12	EML3	0.0305962	3.40525	0.384396
mRNA_MEblue	ENSG00000175879.9	HOXD8	0.0305913	3.15355	0.650248
mRNA_MEblue	ENSG00000160145.15	KALRN	0.0305862	1.16828	0.401202
mRNA_MEblue	ENSG00000169855.20	ROBO1	0.0305828	1.79288	0.628532
mRNA_MEblue	ENSG00000149150.9	SLC43A1	0.0305622	1.37886	0.420044
mRNA_MEblue	ENSG00000213626.13	LBH	0.0305486	5.05784	0.657495
mRNA_MEblue	ENSG00000107281.10	NPDC1	0.0305424	3.70524	0.732404
mRNA_MEblue	ENSG00000237441.10	RGL2	0.0305001	3.83679	0.410203
mRNA_MEblue	ENSG00000008083.14	JARID2	0.0304386	2.17315	0.320984
mRNA_MEblue	ENSG00000111961.18	SASH1	0.030405	3.15419	0.554615
mRNA_MEblue	ENSG00000123360.12	PDE1B	0.0304038	1.64646	0.52759
mRNA_MEblue	ENSG00000124225.16	PMEPA1	0.0304033	4.52863	0.919894
mRNA_MEblue	ENSG00000174004.6	NRROS	0.0303903	2.2104	0.5134
mRNA_MEblue	ENSG00000154736.6	ADAMTS5	0.0303889	2.27587	0.724634
mRNA_MEblue	ENSG00000266074.10	BAHCC1	0.0303657	1.52695	0.408602
mRNA_MEblue	ENSG00000091592.16	NLRP1	0.0303468	1.70278	0.455168
mRNA_MEblue	ENSG00000106100.11	NOD1	0.0303228	1.54912	0.318082
mRNA_MEblue	ENSG00000113319.13	RASGRF2	0.0302988	1.66478	0.627389
mRNA_MEblue	ENSG00000070614.15	NDST1	0.0302807	4.17752	0.566775
mRNA_MEblue	ENSG00000108175.17	ZMIZ1	0.0302604	3.82115	0.423029
mRNA_MEblue	ENSG00000061273.18	HDAC7	0.0302595	3.3655	0.428491
mRNA_MEblue	ENSG00000171596.7	NMUR1	0.030211	1.15066	0.492313
mRNA_MEblue	ENSG00000163072.16	NOSTRIN	0.0301564	3.10145	0.672961
mRNA_MEblue	ENSG00000144229.12	THSD7B	0.0301427	0.685964	0.467244
mRNA_MEblue	ENSG00000111404.7	RERGL	0.0301149	1.331	0.90438
mRNA_MEblue	ENSG00000167617.3	CDC42EP5	0.0300498	2.6836	0.725137
mRNA_MEblue	ENSG00000204590.12	GNL1	0.0299885	3.1785	0.347569
mRNA_MEblue	ENSG00000144891.18	AGTR1	0.0299608	1.95446	1.21778
mRNA_MEblue	ENSG00000188321.13	ZNF559	0.029936	1.46506	0.326582
mRNA_MEblue	ENSG00000105880.7	DLX5	0.029931	1.2815	0.630004
mRNA_MEblue	ENSG00000134748.13	PRPF38A	0.0299283	3.19807	0.351576
mRNA_MEblue	ENSG00000007314.12	SCN4A	0.0299192	0.848735	0.618669
mRNA_MEblue	ENSG00000168067.12	MAP4K2	0.0298933	1.75659	0.325095
mRNA_MEblue	ENSG00000047648.23	ARHGAP6	0.0298292	1.6435	0.424647
mRNA_MEblue	ENSG00000127954.13	STEAP4	0.0298054	1.97737	0.953812
mRNA_MEblue	ENSG00000163132.8	MSX1	0.0297966	1.61242	0.540785
mRNA_MEblue	ENSG00000069702.11	TGFBR3	0.0297848	2.61791	0.584798
mRNA_MEblue	ENSG00000074219.14	TEAD2	0.0297695	2.6614	0.587519
mRNA_MEblue	ENSG00000114698.15	PLSCR4	0.0297652	3.40635	0.680102
mRNA_MEblue	ENSG00000163083.6	INHBB	0.0297441	4.38155	1.19786
mRNA_MEblue	ENSG00000105287.13	PRKD2	0.029734	3.72185	0.364676
mRNA_MEblue	ENSG00000162407.9	PLPP3	0.0296916	5.44384	0.766768
mRNA_MEblue	ENSG00000184838.15	PRR16	0.0296787	1.30411	0.545363
mRNA_MEblue	ENSG00000143995.20	MEIS1	0.0296495	1.21738	0.351657
mRNA_MEblue	ENSG00000176438.12	SYNE3	0.0296063	0.797311	0.370138
mRNA_MEblue	ENSG00000078687.17	TNRC6C	0.0296025	1.42793	0.291685
mRNA_MEblue	ENSG00000158473.8	CD1D	0.0295714	1.69906	0.45795
mRNA_MEblue	ENSG00000176692.8	FOXC2	0.0295597	2.17256	0.900487
mRNA_MEblue	ENSG00000167193.8	CRK	0.0294947	4.66589	0.350095
mRNA_MEblue	ENSG00000154330.13	PGM5	0.0294811	1.79501	0.661119
mRNA_MEblue	ENSG00000179909.15	ZNF154	0.0294679	1.16963	0.432856
mRNA_MEblue	ENSG00000129422.14	MTUS1	0.0294552	2.5659	0.621881
mRNA_MEblue	ENSG00000168675.19	LDLRAD4	0.0294139	1.21987	0.407693
mRNA_MEblue	ENSG00000172236.18	TPSAB1	0.0294057	2.31594	0.925798
mRNA_MEblue	ENSG00000116396.15	KCNC4	0.0293708	0.892364	0.336104
mRNA_MEblue	ENSG00000124216.4	SNAI1	0.0293575	2.52926	0.961085
mRNA_MEblue	ENSG00000068137.15	PLEKHH3	0.0292887	2.61642	0.490449
mRNA_MEblue	ENSG00000101665.9	SMAD7	0.0292829	3.46205	0.590311
mRNA_MEblue	ENSG00000112559.15	MDFI	0.0292754	1.09926	0.594245
mRNA_MEblue	ENSG00000116833.14	NR5A2	0.0292718	1.13328	0.439837
mRNA_MEblue	ENSG00000187479.8	C11orf96	0.029205	3.71596	1.11647
mRNA_MEblue	ENSG00000118729.12	CASQ2	0.0291937	1.72314	0.909446
mRNA_MEblue	ENSG00000204882.4	GPR20	0.0291835	0.745199	0.493395
mRNA_MEblue	ENSG00000168309.18	FAM107A	0.0291566	2.68696	0.879322
mRNA_MEblue	ENSG00000127955.17	GNAI1	0.0291242	1.53079	0.405813
mRNA_MEblue	ENSG00000079435.10	LIPE	0.0290721	1.00138	0.446228
mRNA_MEblue	ENSG00000120910.15	PPP3CC	0.0290698	2.89772	0.33182
mRNA_MEblue	ENSG00000197852.12	INKA2	0.0290622	1.55945	0.441738
mRNA_MEblue	ENSG00000091879.14	ANGPT2	0.0290528	4.05096	1.05185
mRNA_MEblue	ENSG00000163687.14	DNASE1L3	0.0290502	1.55594	0.868711
mRNA_MEblue	ENSG00000153714.6	LURAP1L	0.029043	2.74795	0.733178
mRNA_MEblue	ENSG00000071054.16	MAP4K4	0.029027	3.86092	0.46329
mRNA_MEblue	ENSG00000165632.8	TAF3	0.0289754	2.15747	0.268158
mRNA_MEblue	ENSG00000103241.7	FOXF1	0.028963	1.65208	0.670318
mRNA_MEblue	ENSG00000177432.8	NAP1L5	0.0289437	2.25288	0.485896
mRNA_MEblue	ENSG00000107719.9	PALD1	0.0289418	3.15506	0.630382
mRNA_MEblue	ENSG00000156313.15	RPGR	0.0289274	1.03402	0.273789
mRNA_MEblue	ENSG00000157557.13	ETS2	0.0289246	5.17798	0.668913
mRNA_MEblue	ENSG00000168772.11	CXXC4	0.0289133	0.781609	0.423109
mRNA_MEblue	ENSG00000169908.12	TM4SF1	0.0289032	5.34242	0.816259
mRNA_MEblue	ENSG00000121417.14	ZNF211	0.0288725	1.89559	0.375674
mRNA_MEblue	ENSG00000175745.14	NR2F1	0.0288168	2.82924	1.09455
mRNA_MEblue	ENSG00000148484.18	RSU1	0.0288043	4.70147	0.366404
mRNA_MEblue	ENSG00000196867.8	ZFP28	0.028787	0.825541	0.340707
mRNA_MEblue	ENSG00000165633.13	VSTM4	0.028729	2.46741	0.641035
mRNA_MEblue	ENSG00000158122.12	PRXL2C	0.0287052	3.11195	0.400237
mRNA_MEblue	ENSG00000179772.8	FOXS1	0.0286859	2.52606	0.962583
mRNA_MEblue	ENSG00000150630.4	VEGFC	0.0286628	2.76517	0.744578
mRNA_MEblue	ENSG00000171680.23	PLEKHG5	0.0286579	1.78482	0.460832
mRNA_MEblue	ENSG00000235098.8	ANKRD65	0.0286119	1.02707	0.533698
mRNA_MEblue	ENSG00000130755.13	GMFG	0.0285977	4.75491	0.605374
mRNA_MEblue	ENSG00000161055.4	SCGB3A1	0.0285768	0.835211	0.568708
mRNA_MEblue	ENSG00000165028.12	NIPSNAP3B	0.0285499	0.83562	0.273525
mRNA_MEblue	ENSG00000161638.11	ITGA5	0.0284942	4.82227	0.806771
mRNA_MEblue	ENSG00000254535.4	PABPC4L	0.0284786	1.53203	0.600469
mRNA_MEblue	ENSG00000116525.14	TRIM62	0.0284547	1.48585	0.261237
mRNA_MEblue	ENSG00000100191.6	SLC5A4	0.0283287	0.856967	0.45159
mRNA_MEblue	ENSG00000049130.16	KITLG	0.0283281	2.65938	0.826744
mRNA_MEblue	ENSG00000162873.15	KLHDC8A	0.0282984	0.811849	0.587186
mRNA_MEblue	ENSG00000115896.16	PLCL1	0.0282306	1.66491	0.645326
mRNA_MEblue	ENSG00000197619.14	ZNF615	0.0282032	1.97932	0.461537
mRNA_MEblue	ENSG00000175264.8	CHST1	0.0281695	1.64015	0.963537
mRNA_MEblue	ENSG00000162426.16	SLC45A1	0.0281564	1.35278	0.482849
mRNA_MEblue	ENSG00000127920.6	GNG11	0.0281375	5.32694	0.746096
mRNA_MEblue	ENSG00000185909.15	KLHDC8B	0.0281292	3.63451	0.448882
mRNA_MEblue	ENSG00000184489.12	PTP4A3	0.0281051	4.35756	0.769911
mRNA_MEblue	ENSG00000102882.12	MAPK3	0.0281	4.7124	0.335137
mRNA_MEblue	ENSG00000118263.15	KLF7	0.0280498	2.91674	0.544819
mRNA_MEblue	ENSG00000137834.15	SMAD6	0.0280384	1.43537	0.455444
mRNA_MEblue	ENSG00000259330.3	INAFM2	0.0279916	3.20621	0.501136
mRNA_MEblue	ENSG00000171444.18	MCC	0.0279814	1.88081	0.56714
mRNA_MEblue	ENSG00000075618.18	FSCN1	0.0278973	4.69403	0.805237
mRNA_MEblue	ENSG00000137441.8	FGFBP2	0.0277932	1.43195	0.703902
mRNA_MEblue	ENSG00000198835.4	GJC2	0.0277867	1.27527	0.693799
mRNA_MEblue	ENSG00000184481.17	FOXO4	0.0277765	2.76007	0.389509
mRNA_MEblue	ENSG00000050555.19	LAMC3	0.0277732	1.73684	1.01622
mRNA_MEblue	ENSG00000184785.6	SMIM10	0.0277327	3.33456	0.630712
mRNA_MEblue	ENSG00000188517.16	COL25A1	0.0277173	0.80498	0.611078
mRNA_MEblue	ENSG00000271447.6	MMP28	0.0277045	1.25998	0.652431
mRNA_MEblue	ENSG00000163751.4	CPA3	0.0276801	2.6366	1.04491
mRNA_MEblue	ENSG00000228672.4	PROB1	0.0276725	1.02937	0.317315
mRNA_MEblue	ENSG00000147421.18	HMBOX1	0.0276456	1.93922	0.346036
mRNA_MEblue	ENSG00000168060.16	NAALADL1	0.0275517	0.93194	0.363858
mRNA_MEblue	ENSG00000196517.13	SLC6A9	0.0275404	1.23726	0.469472
mRNA_MEblue	ENSG00000196378.13	ZNF34	0.0275135	1.74696	0.28923
mRNA_MEblue	ENSG00000132535.21	DLG4	0.0274402	1.17287	0.329849
mRNA_MEblue	ENSG00000176463.14	SLCO3A1	0.0274177	2.35134	0.385475
mRNA_MEblue	ENSG00000102010.15	BMX	0.0274162	0.990366	0.495104
mRNA_MEblue	ENSG00000139880.19	CDH24	0.0274102	1.67246	0.447881
mRNA_MEblue	ENSG00000124067.17	SLC12A4	0.0273589	3.63968	0.355049
mRNA_MEblue	ENSG00000158859.10	ADAMTS4	0.0273223	3.00917	1.0777
mRNA_MEblue	ENSG00000137266.15	SLC22A23	0.0272774	1.44605	0.444478
mRNA_MEblue	ENSG00000112715.25	VEGFA	0.027258	6.67702	1.00763
mRNA_MEblue	ENSG00000204428.12	LY6G5C	0.0272194	0.874553	0.242253
mRNA_MEblue	ENSG00000183386.10	FHL3	0.0271538	3.33338	0.663982
mRNA_MEblue	ENSG00000007312.13	CD79B	0.0271469	1.36349	0.540391
mRNA_MEblue	ENSG00000130147.16	SH3BP4	0.0271223	3.48392	0.622721
mRNA_MEblue	ENSG00000174944.9	P2RY14	0.0271036	1.49417	0.652941
mRNA_MEblue	ENSG00000123700.5	KCNJ2	0.0270963	2.15662	0.806673
mRNA_MEblue	ENSG00000077044.11	DGKD	0.0270907	2.64223	0.533752
mRNA_MEblue	ENSG00000175445.17	LPL	0.0270859	2.975	0.967094
mRNA_MEblue	ENSG00000106351.13	AGFG2	0.0270803	2.42456	0.463994
mRNA_MEblue	ENSG00000175048.17	ZDHHC14	0.02706	1.23039	0.363781
mRNA_MEblue	ENSG00000121406.9	ZNF549	0.0270467	0.878837	0.316471
mRNA_MEblue	ENSG00000185340.15	GAS2L1	0.0270322	2.91726	0.437542
mRNA_MEblue	ENSG00000128709.13	HOXD9	0.0269718	3.72713	0.84911
mRNA_MEblue	ENSG00000236104.3	ZBTB22	0.0269689	3.41684	0.383658
mRNA_MEblue	ENSG00000119669.5	IRF2BPL	0.0269547	3.11645	0.498855
mRNA_MEblue	ENSG00000272636.4	DOC2B	0.0269393	1.58472	0.628432
mRNA_MEblue	ENSG00000081913.14	PHLPP1	0.0269375	1.34931	0.351801
mRNA_MEblue	ENSG00000012232.9	EXTL3	0.0269129	2.31032	0.369708
mRNA_MEblue	ENSG00000151692.15	RNF144A	0.026912	2.05778	0.583479
mRNA_MEblue	ENSG00000147378.11	FATE1	0.0268926	1.46454	0.682445
mRNA_MEblue	ENSG00000078018.20	MAP2	0.0267884	1.83333	0.676512
mRNA_MEblue	ENSG00000110328.6	GALNT18	0.0267748	3.96013	0.617685
mRNA_MEblue	ENSG00000204950.4	LRRC10B	0.0267497	1.31245	0.65431
mRNA_MEblue	ENSG00000197321.15	SVIL	0.0267463	2.7004	0.531563
mRNA_MEblue	ENSG00000118292.9	C1orf54	0.0267326	3.49878	0.585436
mRNA_MEblue	ENSG00000157617.17	C2CD2	0.0267215	2.60037	0.34353
mRNA_MEblue	ENSG00000134030.14	CTIF	0.0267035	2.4277	0.37109
mRNA_MEblue	ENSG00000113532.13	ST8SIA4	0.0266616	3.03373	0.874181
mRNA_MEblue	ENSG00000118473.22	SGIP1	0.0266208	0.907226	0.559388
mRNA_MEblue	ENSG00000176907.5	TCIM	0.0266092	4.35386	1.13303
mRNA_MEblue	ENSG00000140577.16	CRTC3	0.0265681	2.80589	0.306483
mRNA_MEblue	ENSG00000178184.16	PARD6G	0.0265193	2.02412	0.509499
mRNA_MEblue	ENSG00000165716.11	DIPK1B	0.0265112	1.18181	0.509772
mRNA_MEblue	ENSG00000186111.10	PIP5K1C	0.0265057	3.35409	0.367614
mRNA_MEblue	ENSG00000136848.17	DAB2IP	0.026492	3.78021	0.529604
mRNA_MEblue	ENSG00000128283.7	CDC42EP1	0.0264789	4.76936	0.584227
mRNA_MEblue	ENSG00000106537.8	TSPAN13	0.0264568	3.73595	0.898706
mRNA_MEblue	ENSG00000189403.15	HMGB1	0.0264196	4.71287	0.286076
mRNA_MEblue	ENSG00000148737.17	TCF7L2	0.0263896	2.51208	0.329915
mRNA_MEblue	ENSG00000197253.13	TPSB2	0.0263859	2.40754	1.07313
mRNA_MEblue	ENSG00000174804.4	FZD4	0.0263494	4.62305	0.715701
mRNA_MEblue	ENSG00000170293.9	CMTM8	0.0263325	2.30441	0.49971
mRNA_MEblue	ENSG00000007171.18	NOS2	0.0263248	0.951	0.620928
mRNA_MEblue	ENSG00000143878.10	RHOB	0.0263183	8.27456	1.0182
mRNA_MEblue	ENSG00000148541.13	FAM13C	0.0262997	0.869323	0.370373
mRNA_MEblue	ENSG00000169418.10	NPR1	0.0262663	3.58252	0.849474
mRNA_MEblue	ENSG00000277258.5	PCGF2	0.0262623	2.72509	0.476424
mRNA_MEblue	ENSG00000164970.15	FAM219A	0.0262482	3.49084	0.372787
mRNA_MEblue	ENSG00000167332.9	OR51E2	0.0262172	1.01629	0.615511
mRNA_MEblue	ENSG00000160961.12	ZNF333	0.0261447	1.09946	0.203787
mRNA_MEblue	ENSG00000158887.19	MPZ	0.0261437	1.09698	0.339104
mRNA_MEblue	ENSG00000169239.13	CA5B	0.0261066	1.10315	0.243582
mRNA_MEblue	ENSG00000182871.16	COL18A1	0.0260925	5.31441	0.677767
mRNA_MEblue	ENSG00000111859.17	NEDD9	0.0260724	3.79454	0.869139
mRNA_MEblue	ENSG00000105472.13	CLEC11A	0.0260202	2.80158	0.800213
mRNA_MEblue	ENSG00000136630.13	HLX	0.0259719	1.38605	0.609607
mRNA_MEblue	ENSG00000087237.12	CETP	0.0259317	2.06029	0.657521
mRNA_MEblue	ENSG00000101608.13	MYL12A	0.0258616	5.77586	0.359284
mRNA_MEblue	ENSG00000276644.5	DACH1	0.0258614	1.09654	0.623754
mRNA_MEblue	ENSG00000141469.18	SLC14A1	0.0258584	1.10029	0.709556
mRNA_MEblue	ENSG00000159167.12	STC1	0.0258528	5.4747	1.11142
mRNA_MEblue	ENSG00000147202.18	DIAPH2	0.0258515	2.54377	0.463144
mRNA_MEblue	ENSG00000024422.12	EHD2	0.0258243	6.5078	0.797197
mRNA_MEblue	ENSG00000061918.14	GUCY1B1	0.0258198	4.29632	0.538081
mRNA_MEblue	ENSG00000170836.12	PPM1D	0.0258103	2.67926	0.393848
mRNA_MEblue	ENSG00000078401.7	EDN1	0.0257916	4.8076	1.26537
mRNA_MEblue	ENSG00000136811.16	ODF2	0.0257904	2.60337	0.291423
mRNA_MEblue	ENSG00000162998.5	FRZB	0.0256228	4.96104	1.51175
mRNA_MEblue	ENSG00000170214.5	ADRA1B	0.0256077	2.25507	0.697318
mRNA_MEblue	ENSG00000136859.10	ANGPTL2	0.025607	4.62918	0.957427
mRNA_MEblue	ENSG00000158828.8	PINK1	0.0255757	2.70853	0.464076
mRNA_MEblue	ENSG00000144476.6	ACKR3	0.0255336	5.37348	0.99975
mRNA_MEblue	ENSG00000105339.11	DENND3	0.0254954	2.27344	0.403294
mRNA_MEblue	ENSG00000135916.16	ITM2C	0.0254876	5.64812	0.799246
mRNA_MEblue	ENSG00000124181.14	PLCG1	0.0254159	3.31717	0.383441
mRNA_MEblue	ENSG00000187244.12	BCAM	0.0253733	5.45171	0.767212
mRNA_MEblue	ENSG00000136866.14	ZFP37	0.025329	0.840527	0.310636
mRNA_MEblue	ENSG00000188785.12	ZNF548	0.0253267	1.8364	0.258524
mRNA_MEblue	ENSG00000156466.10	GDF6	0.0252926	2.11683	1.13857
mRNA_MEblue	ENSG00000100060.18	MFNG	0.0252558	3.2426	0.538644
mRNA_MEblue	ENSG00000161551.14	ZNF577	0.0252377	1.0685	0.452186
mRNA_MEblue	ENSG00000168785.8	TSPAN5	0.0251804	1.56126	0.618945
mRNA_MEblue	ENSG00000117519.16	CNN3	0.025173	6.74477	0.47434
mRNA_MEblue	ENSG00000159640.17	ACE	0.0251694	2.36501	0.742888
mRNA_MEblue	ENSG00000091972.18	CD200	0.0250932	3.89655	0.758479
mRNA_MEblue	ENSG00000081818.4	PCDHB4	0.0250562	1.55567	0.725141
mRNA_MEblue	ENSG00000142556.19	ZNF614	0.0250393	1.848	0.525497
mRNA_MEblue	ENSG00000173926.6	MARCHF3	0.0250209	0.921048	0.339509
mRNA_MEblue	ENSG00000147862.17	NFIB	0.0249617	3.58228	0.470009
mRNA_MEblue	ENSG00000078596.11	ITM2A	0.0249404	3.97415	1.00117
mRNA_MEblue	ENSG00000158555.15	GDPD5	0.0248418	1.19316	0.395006
mRNA_MEblue	ENSG00000125898.13	FAM110A	0.0248319	2.45052	0.434425
mRNA_MEblue	ENSG00000272602.6	ZNF595	0.0247661	1.63543	0.276905
mRNA_MEblue	ENSG00000125753.14	VASP	0.0247405	4.82432	0.411109
mRNA_MEblue	ENSG00000038295.8	TLL1	0.0247339	1.59498	0.736136
mRNA_MEblue	ENSG00000162783.11	IER5	0.0247073	2.95789	0.453714
mRNA_MEblue	ENSG00000152454.4	ZNF256	0.0246837	1.68161	0.358647
mRNA_MEblue	ENSG00000166033.13	HTRA1	0.0246793	6.8391	0.765295
mRNA_MEblue	ENSG00000179981.11	TSHZ1	0.0246784	2.88649	0.548738
mRNA_MEblue	ENSG00000103196.12	CRISPLD2	0.0246338	3.0045	0.944597
mRNA_MEblue	ENSG00000131196.18	NFATC1	0.0246223	1.75762	0.421046
mRNA_MEblue	ENSG00000083814.13	ZNF671	0.0246219	2.08392	0.540356
mRNA_MEblue	ENSG00000225968.7	ELFN1	0.0246164	1.39689	0.586767
mRNA_MEblue	ENSG00000173801.17	JUP	0.024554	5.50695	0.624033
mRNA_MEblue	ENSG00000183049.13	CAMK1D	0.0245454	2.18962	0.470442
mRNA_MEblue	ENSG00000144619.15	CNTN4	0.0245239	0.893275	0.457501
mRNA_MEblue	ENSG00000164465.19	DCBLD1	0.0244724	1.47209	0.322611
mRNA_MEblue	ENSG00000115468.12	EFHD1	0.0244339	3.94542	0.910076
mRNA_MEblue	ENSG00000171864.5	PRND	0.0244335	0.962757	1.00341
mRNA_MEblue	ENSG00000176533.13	GNG7	0.0244105	1.97119	0.561228
mRNA_MEblue	ENSG00000157150.5	TIMP4	0.0244093	1.3751	0.721127
mRNA_MEblue	ENSG00000181982.19	CCDC149	0.0244046	1.59518	0.264421
mRNA_MEblue	ENSG00000142279.13	WTIP	0.0243982	0.898073	0.388105
mRNA_MEblue	ENSG00000196557.13	CACNA1H	0.0243782	2.04361	0.7734
mRNA_MEblue	ENSG00000135045.7	C9orf40	0.0243777	1.46539	0.318068
mRNA_MEblue	ENSG00000172348.15	RCAN2	0.0243403	4.31286	1.12202
mRNA_MEblue	ENSG00000157350.13	ST3GAL2	0.0243264	2.42865	0.295775
mRNA_MEblue	ENSG00000100302.7	RASD2	0.0243042	2.3321	0.79906
mRNA_MEblue	ENSG00000162430.17	SELENON	0.0242645	4.23564	0.421357
mRNA_MEblue	ENSG00000166148.4	AVPR1A	0.0242637	1.45495	0.91696
mRNA_MEblue	ENSG00000120896.13	SORBS3	0.0242151	4.25964	0.563869
mRNA_MEblue	ENSG00000088256.9	GNA11	0.0242033	3.24209	0.377859
mRNA_MEblue	ENSG00000019102.12	VSIG2	0.0241584	1.15536	0.755609
mRNA_MEblue	ENSG00000145632.15	PLK2	0.0241494	4.66982	0.775371
mRNA_MEblue	ENSG00000170144.21	HNRNPA3	0.0241322	5.05451	0.311214
mRNA_MEblue	ENSG00000099622.14	CIRBP	0.0241317	5.5428	0.565384
mRNA_MEblue	ENSG00000137871.20	ZNF280D	0.0241131	1.43368	0.23639
mRNA_MEblue	ENSG00000184584.13	STING1	0.0240995	4.01967	0.637302
mRNA_MEblue	ENSG00000086205.18	FOLH1	0.0240888	2.65496	0.900277
mRNA_MEblue	ENSG00000109089.7	CDR2L	0.024074	2.65974	0.589617
mRNA_MEblue	ENSG00000124191.18	TOX2	0.0240384	1.97658	0.671547
mRNA_MEblue	ENSG00000160111.14	CPAMD8	0.0240337	0.808468	0.46288
mRNA_MEblue	ENSG00000266028.7	SRGAP2	0.0240099	2.06843	0.299424
mRNA_MEblue	ENSG00000164684.13	ZNF704	0.0239777	2.44542	0.649469
mRNA_MEblue	ENSG00000136960.13	ENPP2	0.0239751	5.58396	1.47542
mRNA_MEblue	ENSG00000165512.5	ZNF22	0.0239553	3.79021	0.38845
mRNA_MEblue	ENSG00000170390.16	DCLK2	0.0239442	1.88391	0.496119
mRNA_MEblue	ENSG00000154856.13	APCDD1	0.0239282	1.90633	0.701307
mRNA_MEblue	ENSG00000099282.10	TSPAN15	0.0239179	3.82866	0.674608
mRNA_MEblue	ENSG00000168268.11	NT5DC2	0.0239137	2.60307	0.599721
mRNA_MEblue	ENSG00000133874.2	RNF122	0.0239098	3.01045	0.53942
mRNA_MEblue	ENSG00000130479.11	MAP1S	0.0239057	2.84426	0.378256
mRNA_MEblue	ENSG00000170949.17	ZNF160	0.0239056	2.68739	0.364005
mRNA_MEblue	ENSG00000112902.12	SEMA5A	0.0238906	2.52443	0.609353
mRNA_MEblue	ENSG00000167191.12	GPRC5B	0.0238461	3.26417	0.692823
mRNA_MEblue	ENSG00000138668.19	HNRNPD	0.0237826	4.75291	0.330705
mRNA_MEblue	ENSG00000125968.9	ID1	0.0237358	4.86753	1.08052
mRNA_MEblue	ENSG00000130402.13	ACTN4	0.0237309	6.5306	0.385616
mRNA_MEblue	ENSG00000003400.15	CASP10	0.0236839	2.41632	0.379885
mRNA_MEblue	ENSG00000142192.21	APP	0.0236458	7.97008	0.446948
mRNA_MEblue	ENSG00000179431.7	FJX1	0.0236052	2.87143	0.625935
mRNA_MEblue	ENSG00000133800.9	LYVE1	0.023592	2.59237	0.840365
mRNA_MEblue	ENSG00000019144.19	PHLDB1	0.0235791	2.30768	0.388018
mRNA_MEblue	ENSG00000072201.14	LNX1	0.0235778	1.5468	0.55338
mRNA_MEblue	ENSG00000115687.14	PASK	0.0235487	1.02056	0.306492
mRNA_MEblue	ENSG00000101695.9	RNF125	0.0234766	1.48885	0.416501
mRNA_MEblue	ENSG00000021762.20	OSBPL5	0.0234455	2.28922	0.43569
mRNA_MEblue	ENSG00000198453.13	ZNF568	0.0234441	0.991544	0.272928
mRNA_MEblue	ENSG00000099889.14	ARVCF	0.0234103	2.00147	0.547546
mRNA_MEblue	ENSG00000129355.7	CDKN2D	0.0234019	2.40516	0.381141
mRNA_MEblue	ENSG00000166997.8	CNPY4	0.023399	2.87525	0.404724
mRNA_MEblue	ENSG00000117569.19	PTBP2	0.0233875	1.3166	0.262149
mRNA_MEblue	ENSG00000196724.13	ZNF418	0.0233762	0.897757	0.380877
mRNA_MEblue	ENSG00000079257.8	LXN	0.0233573	4.18087	0.466367
mRNA_MEblue	ENSG00000142552.8	RCN3	0.023309	3.68686	0.795561
mRNA_MEblue	ENSG00000175602.4	CCDC85B	0.0232655	4.18826	0.925664
mRNA_MEblue	ENSG00000142910.16	TINAGL1	0.0232248	4.74259	0.678192
mRNA_MEblue	ENSG00000080822.17	CLDND1	0.023179	3.59119	0.404771
mRNA_MEblue	ENSG00000124615.20	MOCS1	0.0231391	3.08144	0.703602
mRNA_MEblue	ENSG00000064995.18	TAF11	0.0231205	3.6106	0.311349
mRNA_MEblue	ENSG00000243244.7	STON1	0.0231144	1.87135	0.560573
mRNA_MEblue	ENSG00000203485.14	INF2	0.0231126	3.68118	0.611829
mRNA_MEblue	ENSG00000108551.5	RASD1	0.0231081	3.92825	1.28495
mRNA_MEblue	ENSG00000092964.18	DPYSL2	0.0230959	4.99678	0.498778
mRNA_MEblue	ENSG00000182253.15	SYNM	0.0230948	2.62552	0.517489
mRNA_MEblue	ENSG00000131788.16	PIAS3	0.0230576	2.68049	0.333089
mRNA_MEblue	ENSG00000157216.15	SSBP3	0.0230469	3.6424	0.432835
mRNA_MEblue	ENSG00000196781.16	TLE1	0.0230305	2.89691	0.52301
mRNA_MEblue	ENSG00000131409.13	LRRC4B	0.0230136	0.946373	0.458776
mRNA_MEblue	ENSG00000169507.9	SLC38A11	0.0229578	1.004	0.538554
mRNA_MEblue	ENSG00000124570.21	SERPINB6	0.0229291	3.80648	0.29189
mRNA_MEblue	ENSG00000148120.17	AOPEP	0.0228673	2.09419	0.429393
mRNA_MEblue	ENSG00000160180.15	TFF3	0.0228585	1.67376	0.983304
mRNA_MEblue	ENSG00000163053.11	SLC16A14	0.0228403	1.24996	0.409476
mRNA_MEblue	ENSG00000198795.11	ZNF521	0.0228389	1.75721	0.734286
mRNA_MEblue	ENSG00000168661.15	ZNF30	0.0228016	1.11233	0.265324
mRNA_MEblue	ENSG00000178585.15	CTNNBIP1	0.0227557	2.41996	0.30264
mRNA_MEblue	ENSG00000176531.10	PHLDB3	0.0227352	1.79265	0.41807
mRNA_MEblue	ENSG00000128656.15	CHN1	0.0227185	1.00776	0.373916
mRNA_MEblue	ENSG00000022567.10	SLC45A4	0.0227131	2.40574	0.56217
mRNA_MEblue	ENSG00000116251.11	RPL22	0.0227095	4.88735	0.450438
mRNA_MEblue	ENSG00000185885.16	IFITM1	0.0226927	5.56385	0.869368
mRNA_MEblue	ENSG00000100154.14	TTC28	0.0226728	2.6831	0.441648
mRNA_MEblue	ENSG00000121775.18	TMEM39B	0.0226488	2.58813	0.32452
mRNA_MEblue	ENSG00000147100.11	SLC16A2	0.0226157	2.81305	0.680844
mRNA_MEblue	ENSG00000158195.11	WASF2	0.0226056	5.27469	0.472122
mRNA_MEblue	ENSG00000151778.11	SERP2	0.0225956	1.60975	0.452333
mRNA_MEblue	ENSG00000178988.11	MRFAP1L1	0.0225868	4.94959	0.294395
mRNA_MEblue	ENSG00000163762.7	TM4SF18	0.0225819	4.49302	0.852796
mRNA_MEblue	ENSG00000198576.4	ARC	0.0225637	0.825921	0.566986
mRNA_MEblue	ENSG00000167100.15	SAMD14	0.0225596	1.06576	0.383792
mRNA_MEblue	ENSG00000176641.11	RNF152	0.0225352	3.01531	0.849036
mRNA_MEblue	ENSG00000125378.16	BMP4	0.0225192	2.12489	0.953094
mRNA_MEblue	ENSG00000136854.24	STXBP1	0.0224378	2.56272	0.806804
mRNA_MEblue	ENSG00000132376.20	INPP5K	0.022414	3.46654	0.302886
mRNA_MEblue	ENSG00000181444.13	ZNF467	0.0224132	2.32593	0.569345
mRNA_MEblue	ENSG00000125089.17	SH3TC1	0.0223638	2.77123	0.484204
mRNA_MEblue	ENSG00000154122.14	ANKH	0.0223149	2.6557	0.44189
mRNA_MEblue	ENSG00000180616.9	SSTR2	0.0222891	1.37812	0.621103
mRNA_MEblue	ENSG00000146966.13	DENND2A	0.0222384	2.09659	0.733898
mRNA_MEblue	ENSG00000071051.14	NCK2	0.0222313	4.5086	0.473695
mRNA_MEblue	ENSG00000148175.13	STOM	0.0222202	7.18069	0.414086
mRNA_MEblue	ENSG00000129757.14	CDKN1C	0.0221553	3.19903	0.896898
mRNA_MEblue	ENSG00000100906.11	NFKBIA	0.0221122	6.23139	0.625039
mRNA_MEblue	ENSG00000073417.15	PDE8A	0.0220838	3.13029	0.363778
mRNA_MEblue	ENSG00000169093.16	ASMTL	0.022042	3.06843	0.409128
mRNA_MEblue	ENSG00000142961.15	MOB3C	0.0220249	2.48816	0.298053
mRNA_MEblue	ENSG00000168874.13	ATOH8	0.0220187	1.51402	0.855578
mRNA_MEblue	ENSG00000196440.11	ARMCX4	0.0219458	1.00919	0.259049
mRNA_MEblue	ENSG00000181826.10	RELL1	0.0219445	3.31556	0.416336
mRNA_MEblue	ENSG00000120458.13	MSANTD2	0.0219397	1.93228	0.31864
mRNA_MEblue	ENSG00000109220.11	CHIC2	0.0219325	3.46832	0.342766
mRNA_MEblue	ENSG00000164176.13	EDIL3	0.0219251	4.17007	1.20081
mRNA_MEblue	ENSG00000171388.12	APLN	0.0218652	4.92604	1.01384
mRNA_MEblue	ENSG00000170653.19	ATF7	0.0218279	2.7016	0.262909
mRNA_MEblue	ENSG00000124535.16	WRNIP1	0.0217895	3.64729	0.335171
mRNA_MEblue	ENSG00000177733.7	HNRNPA0	0.0217846	4.16491	0.307876
mRNA_MEblue	ENSG00000167434.10	CA4	0.0217667	1.7832	1.2815
mRNA_MEblue	ENSG00000088826.18	SMOX	0.0217505	2.96952	0.646257
mRNA_MEblue	ENSG00000143479.17	DYRK3	0.0217299	1.75868	0.395099
mRNA_MEblue	ENSG00000128710.6	HOXD10	0.0217028	2.20818	0.893931
mRNA_MEblue	ENSG00000145911.6	N4BP3	0.0216919	1.24231	0.615001
mRNA_MEblue	ENSG00000176678.6	FOXL1	0.0216821	0.987585	0.483436
mRNA_MEblue	ENSG00000177599.13	ZNF491	0.021671	0.853049	0.286956
mRNA_MEblue	ENSG00000169635.10	HIC2	0.0216621	1.05612	0.261304
mRNA_MEblue	ENSG00000105419.18	MEIS3	0.0216577	1.2234	0.518042
mRNA_MEblue	ENSG00000149823.9	VPS51	0.0216525	3.854	0.44226
mRNA_MEblue	ENSG00000136830.12	NIBAN2	0.0216486	5.3712	0.508265
mRNA_MEblue	ENSG00000126705.15	AHDC1	0.0216223	2.61692	0.426518
mRNA_MEblue	ENSG00000105136.21	ZNF419	0.0215156	1.00471	0.225722
mRNA_MEblue	ENSG00000163536.13	SERPINI1	0.0214917	3.6381	0.835912
mRNA_MEblue	ENSG00000128594.8	LRRC4	0.0214841	0.956514	0.483354
mRNA_MEblue	ENSG00000185220.12	PGBD2	0.0214246	1.5421	0.278555
mRNA_MEblue	ENSG00000008118.10	CAMK1G	0.0213902	0.926336	0.582908
mRNA_MEblue	ENSG00000143537.14	ADAM15	0.0213113	3.81856	0.445883
mRNA_MEblue	ENSG00000170323.9	FABP4	0.0212264	2.19921	1.69742
mRNA_MEblue	ENSG00000003147.19	ICA1	0.0212262	1.66241	0.47006
mRNA_MEblue	ENSG00000196263.8	ZNF471	0.0212144	1.09014	0.640203
mRNA_MEblue	ENSG00000087274.17	ADD1	0.021201	4.57658	0.278604
mRNA_MEblue	ENSG00000182621.18	PLCB1	0.0211158	2.12853	0.616025
mRNA_MEblue	ENSG00000110108.10	TMEM109	0.0211067	6.21642	0.334509
mRNA_MEblue	ENSG00000018625.15	ATP1A2	0.0210923	1.01815	0.677103
mRNA_MEblue	ENSG00000176293.20	ZNF135	0.0210858	1.02218	0.386337
mRNA_MEblue	ENSG00000185386.15	MAPK11	0.0210817	2.86689	0.570051
mRNA_MEblue	ENSG00000168917.9	SLC35G2	0.0210813	1.87487	0.511237
mRNA_MEblue	ENSG00000079308.19	TNS1	0.021075	5.80045	0.693424
mRNA_MEblue	ENSG00000142319.18	SLC6A3	0.0210715	4.49269	2.05611
mRNA_MEblue	ENSG00000197461.13	PDGFA	0.0210559	3.79166	0.601734
mRNA_MEblue	ENSG00000070718.12	AP3M2	0.0210475	2.42551	0.32998
mRNA_MEblue	ENSG00000105227.16	PRX	0.0210413	1.26746	0.411405
mRNA_MEblue	ENSG00000111913.20	RIPOR2	0.0210324	1.61682	0.535659
mRNA_MEblue	ENSG00000071205.12	ARHGAP10	0.0209429	1.66354	0.326156
mRNA_MEblue	ENSG00000168404.13	MLKL	0.0208908	2.50258	0.447221
mRNA_MEblue	ENSG00000107742.13	SPOCK2	0.0207844	4.38185	0.764283
mRNA_MEblue	ENSG00000234284.7	ZNF879	0.0207641	1.06498	0.299643
mRNA_MEblue	ENSG00000162981.14	LRATD1	0.0207378	1.94368	0.620096
mRNA_MEblue	ENSG00000176387.7	HSD11B2	0.0206846	3.67159	1.28568
mRNA_MEblue	ENSG00000164284.15	GRPEL2	0.0206652	2.84871	0.368388
mRNA_MEblue	ENSG00000154556.18	SORBS2	0.0206631	2.62576	0.641272
mRNA_MEblue	ENSG00000170899.11	GSTA4	0.0206457	3.58232	0.507621
mRNA_MEblue	ENSG00000184515.11	BEX5	0.0205811	2.61577	1.04562
mRNA_MEblue	ENSG00000221988.13	PPT2	0.0205655	2.31048	0.369803
mRNA_MEblue	ENSG00000158164.7	TMSB15A	0.0205606	1.05404	0.876881
mRNA_MEblue	ENSG00000143554.14	SLC27A3	0.0205497	2.96867	0.540417
mRNA_MEblue	ENSG00000184986.11	TMEM121	0.0204975	0.89513	0.448485
mRNA_MEblue	ENSG00000256683.7	ZNF350	0.0204535	1.93398	0.445736
mRNA_MEblue	ENSG00000106992.19	AK1	0.0203707	1.0241	0.353931
mRNA_MEblue	ENSG00000122378.14	PRXL2A	0.0203521	4.42679	0.531738
mRNA_MEblue	ENSG00000204634.13	TBC1D8	0.0203478	2.83756	0.468137
mRNA_MEblue	ENSG00000123933.17	MXD4	0.0203101	4.14154	0.462236
mRNA_MEblue	ENSG00000119630.14	PGF	0.0203031	4.12329	1.60781
mRNA_MEblue	ENSG00000138722.10	MMRN1	0.0202791	1.7483	1.10001
mRNA_MEblue	ENSG00000176956.13	LY6H	0.0202416	0.852765	0.835075
mRNA_MEblue	ENSG00000099864.18	PALM	0.0202276	2.50171	0.66794
mRNA_MEblue	ENSG00000128245.15	YWHAH	0.0201995	6.42087	0.373345
mRNA_MEblue	ENSG00000153574.9	RPIA	0.0201952	3.27158	0.292077
mRNA_MEblue	ENSG00000196588.20	MRTFA	0.0201563	2.99233	0.403504
mRNA_MEblue	ENSG00000166831.9	RBPMS2	0.0201174	2.76531	0.756201
mRNA_MEblue	ENSG00000100106.22	TRIOBP	0.0200922	3.32623	0.363562
mRNA_MEblue	ENSG00000169184.6	MN1	0.0200887	1.18676	0.63412
mRNA_MEblue	ENSG00000185085.2	INTS5	0.0200848	3.19834	0.226415
mRNA_MEblue	ENSG00000186205.13	MTARC1	0.020051	1.01719	0.382771
mRNA_MEblue	ENSG00000150045.12	KLRF1	0.0200265	1.11028	0.478726
mRNA_MEblue	ENSG00000185201.16	IFITM2	0.0199861	6.56177	0.73181
mRNA_MEblue	ENSG00000102804.15	TSC22D1	0.0199605	5.60233	0.589801
mRNA_MEblue	ENSG00000008311.15	AASS	0.019959	1.96218	0.485605
mRNA_MEblue	ENSG00000121413.13	ZSCAN18	0.0199541	1.98436	0.478053
mRNA_MEblue	ENSG00000141556.21	TBCD	0.0199376	2.54045	0.294309
mRNA_MEblue	ENSG00000077238.14	IL4R	0.0199218	3.89895	0.454907
mRNA_MEblue	ENSG00000147121.16	KRBOX4	0.0199056	2.17149	0.262362
mRNA_MEblue	ENSG00000118971.9	CCND2	0.0198584	3.20485	0.708224
mRNA_MEblue	ENSG00000106123.12	EPHB6	0.0198095	1.8736	0.511641
mRNA_MEblue	ENSG00000175040.6	CHST2	0.0197776	2.97659	0.74103
mRNA_MEblue	ENSG00000198829.6	SUCNR1	0.0197243	1.95967	1.0247
mRNA_MEblue	ENSG00000204178.11	MACO1	0.0196627	3.52352	0.284672
mRNA_MEblue	ENSG00000102316.17	MAGED2	0.0196087	6.3844	0.357524
mRNA_MEblue	ENSG00000122644.13	ARL4A	0.0195983	2.61177	0.544612
mRNA_MEblue	ENSG00000179241.13	LDLRAD3	0.0195883	2.56368	0.480507
mRNA_MEblue	ENSG00000111328.7	CDK2AP1	0.0195323	4.06404	0.383225
mRNA_MEblue	ENSG00000170166.6	HOXD4	0.0195301	2.38638	0.762363
mRNA_MEblue	ENSG00000183186.8	C2CD4C	0.0195238	0.764542	0.47161
mRNA_MEblue	ENSG00000213923.13	CSNK1E	0.0194491	3.25284	0.445743
mRNA_MEblue	ENSG00000184887.13	BTBD6	0.0194471	4.16898	0.442236
mRNA_MEblue	ENSG00000168264.10	IRF2BP2	0.0194284	5.08522	0.392271
mRNA_MEblue	ENSG00000100422.14	CERK	0.0193342	3.69338	0.5556
mRNA_MEblue	ENSG00000132326.12	PER2	0.0193205	2.91454	0.593166
mRNA_MEblue	ENSG00000183715.13	OPCML	0.019299	0.83122	0.919256
mRNA_MEblue	ENSG00000074527.13	NTN4	0.0192937	4.57596	1.05161
mRNA_MEblue	ENSG00000154678.18	PDE1C	0.0192884	0.829387	0.484825
mRNA_MEblue	ENSG00000161281.11	COX7A1	0.0192661	4.54202	1.07047
mRNA_MEblue	ENSG00000172201.12	ID4	0.0192162	3.67282	1.02532
mRNA_MEblue	ENSG00000196843.17	ARID5A	0.0191966	3.35934	0.620906
mRNA_MEblue	ENSG00000275342.5	PRAG1	0.0191751	2.35772	0.462443
mRNA_MEblue	ENSG00000120913.23	PDLIM2	0.0191018	1.32253	0.35459
mRNA_MEblue	ENSG00000132613.15	MTSS2	0.0190732	1.45138	0.414715
mRNA_MEblue	ENSG00000173482.17	PTPRM	0.0190479	4.3571	0.629963
mRNA_MEblue	ENSG00000002586.20	CD99	0.0190338	5.23868	0.537379
mRNA_MEblue	ENSG00000102996.5	MMP15	0.0190124	3.20781	0.652849
mRNA_MEblue	ENSG00000105974.13	CAV1	0.0189446	6.0429	0.892843
mRNA_MEblue	ENSG00000109944.11	JHY	0.0188728	1.01079	0.367465
mRNA_MEblue	ENSG00000158560.14	DYNC1I1	0.0187679	1.0007	0.429545
mRNA_MEblue	ENSG00000117245.13	KIF17	0.018695	0.931768	0.305752
mRNA_MEblue	ENSG00000146109.5	ABT1	0.01869	3.31084	0.290248
mRNA_MEblue	ENSG00000263465.4	SRSF8	0.0186641	4.11418	0.32806
mRNA_MEblue	ENSG00000082781.12	ITGB5	0.0186291	4.79561	0.474145
mRNA_MEblue	ENSG00000164197.12	RNF180	0.0185764	1.8036	0.754805
mRNA_MEblue	ENSG00000170954.11	ZNF415	0.0185647	1.53755	0.520454
mRNA_MEblue	ENSG00000198853.12	RUSC2	0.0185383	3.5677	0.492454
mRNA_MEblue	ENSG00000100842.13	EFS	0.0185241	1.22039	0.73132
mRNA_MEblue	ENSG00000158321.18	AUTS2	0.0184691	1.73147	0.567608
mRNA_MEblue	ENSG00000165507.9	DEPP1	0.0184429	6.88103	0.930246
mRNA_MEblue	ENSG00000129946.10	SHC2	0.0184428	2.61137	0.76674
mRNA_MEblue	ENSG00000186998.16	EMID1	0.0184426	1.48084	0.490607
mRNA_MEblue	ENSG00000185010.15	F8	0.0184115	2.9684	0.984026
mRNA_MEblue	ENSG00000171291.8	ZNF439	0.0184064	1.2055	0.333531
mRNA_MEblue	ENSG00000129521.15	EGLN3	0.0183472	6.18892	1.0485
mRNA_MEblue	ENSG00000187514.17	PTMA	0.018267	7.44158	0.417933
mRNA_MEblue	ENSG00000219438.9	TAFA5	0.0181925	1.3136	0.75804
mRNA_MEblue	ENSG00000085063.17	CD59	0.0181807	5.49546	0.404614
mRNA_MEblue	ENSG00000105655.19	ISYNA1	0.0181468	3.95488	0.688384
mRNA_MEblue	ENSG00000054803.4	CBLN4	0.0181108	1.10393	0.872954
mRNA_MEblue	ENSG00000122547.11	EEPD1	0.0180955	1.80433	0.411513
mRNA_MEblue	ENSG00000087903.13	RFX2	0.0180904	1.36774	0.486607
mRNA_MEblue	ENSG00000186897.5	C1QL4	0.0180708	1.60731	1.43502
mRNA_MEblue	ENSG00000135678.12	CPM	0.018046	3.39188	0.822638
mRNA_MEblue	ENSG00000147485.13	PXDNL	0.017985	0.891168	0.665401
mRNA_MEblue	ENSG00000143434.16	SEMA6C	0.0179842	1.86772	0.511981
mRNA_MEblue	ENSG00000170801.10	HTRA3	0.0179433	1.80035	0.811341
mRNA_MEblue	ENSG00000134070.5	IRAK2	0.017925	2.03827	0.475362
mRNA_MEblue	ENSG00000113739.10	STC2	0.0177712	4.43247	1.01178
mRNA_MEblue	ENSG00000157514.16	TSC22D3	0.0177395	6.03373	1.03459
mRNA_MEblue	ENSG00000198680.4	TUSC1	0.0177061	3.76562	0.560261
mRNA_MEblue	ENSG00000115523.17	GNLY	0.0176288	2.20646	0.829586
mRNA_MEblue	ENSG00000105643.10	ARRDC2	0.0175351	4.20086	0.697854
mRNA_MEblue	ENSG00000156218.13	ADAMTSL3	0.0175219	1.91574	0.837392
mRNA_MEblue	ENSG00000046889.19	PREX2	0.0175122	2.30017	1.00494
mRNA_MEblue	ENSG00000186350.12	RXRA	0.0174472	3.16213	0.475947
mRNA_MEblue	ENSG00000078804.13	TP53INP2	0.0174353	4.77895	0.491554
mRNA_MEblue	ENSG00000159733.14	ZFYVE28	0.0174175	1.41816	0.347806
mRNA_MEblue	ENSG00000185100.11	ADSS1	0.0174082	3.49747	1.32677
mRNA_MEblue	ENSG00000133401.16	PDZD2	0.0173588	2.10741	0.858831
mRNA_MEblue	ENSG00000197879.17	MYO1C	0.0172318	5.37818	0.344308
mRNA_MEblue	ENSG00000144063.4	MALL	0.0171981	1.43699	0.671692
mRNA_MEblue	ENSG00000110092.4	CCND1	0.0171254	7.01419	0.960712
mRNA_MEblue	ENSG00000103335.22	PIEZO1	0.0171158	3.45753	0.495178
mRNA_MEblue	ENSG00000109906.14	ZBTB16	0.0170676	2.23607	1.106
mRNA_MEblue	ENSG00000142089.16	IFITM3	0.016989	8.81342	0.571911
mRNA_MEblue	ENSG00000134986.14	NREP	0.0169815	0.842602	0.270502
mRNA_MEblue	ENSG00000110400.11	NECTIN1	0.0169768	1.86233	0.454761
mRNA_MEblue	ENSG00000168994.14	PXDC1	0.0168775	4.93277	0.516524
mRNA_MEblue	ENSG00000149115.14	TNKS1BP1	0.016716	4.33076	0.452504
mRNA_MEblue	ENSG00000105520.10	PLPPR2	0.0166681	3.09049	0.489499
mRNA_MEblue	ENSG00000197043.14	ANXA6	0.0164809	5.30886	0.543755
mRNA_MEblue	ENSG00000116285.13	ERRFI1	0.0163708	5.51189	1.24469
mRNA_MEblue	ENSG00000047579.20	DTNBP1	0.0162945	3.1792	0.351775
mRNA_MEblue	ENSG00000250510.8	GPR162	0.0162674	0.990106	0.397582
mRNA_MEblue	ENSG00000176014.13	TUBB6	0.0162339	4.17198	0.569708
mRNA_MEblue	ENSG00000166974.13	MAPRE2	0.0160819	4.41957	0.554257
mRNA_MEblue	ENSG00000120324.9	PCDHB10	0.0160575	1.58052	0.527123
mRNA_MEblue	ENSG00000134569.10	LRP4	0.0158064	1.39625	0.550979
mRNA_MEblue	ENSG00000109472.14	CPE	0.0157414	6.04305	1.26092
mRNA_MEblue	ENSG00000105329.11	TGFB1	0.0152039	5.43069	0.66454
mRNA_MEblue	ENSG00000197977.4	ELOVL2	0.0146247	1.0344	0.696995
mRNA_MEbrown	ENSG00000105669.14	COPE	0.0463457	4.49003	0.444749
mRNA_MEbrown	ENSG00000133265.11	HSPBP1	0.0453633	3.93226	0.42274
mRNA_MEbrown	ENSG00000179271.3	GADD45GIP1	0.0452608	4.64915	0.532307
mRNA_MEbrown	ENSG00000103363.15	ELOB	0.0448967	6.54972	0.531578
mRNA_MEbrown	ENSG00000175756.13	AURKAIP1	0.0443929	5.0585	0.501889
mRNA_MEbrown	ENSG00000204237.5	OXLD1	0.0443737	3.2122	0.49074
mRNA_MEbrown	ENSG00000099795.7	NDUFB7	0.0441693	6.87663	0.524708
mRNA_MEbrown	ENSG00000125995.16	ROMO1	0.0439159	5.59575	0.618339
mRNA_MEbrown	ENSG00000095906.17	NUBP2	0.043901	3.13588	0.402147
mRNA_MEbrown	ENSG00000105393.16	BABAM1	0.0436913	2.83814	0.353278
mRNA_MEbrown	ENSG00000077463.15	SIRT6	0.0436905	2.77917	0.358086
mRNA_MEbrown	ENSG00000126768.12	TIMM17B	0.0435826	3.37888	0.404452
mRNA_MEbrown	ENSG00000125901.6	MRPS26	0.0432585	5.00592	0.503628
mRNA_MEbrown	ENSG00000262814.8	MRPL12	0.0431522	2.0668	0.666961
mRNA_MEbrown	ENSG00000086504.17	MRPL28	0.0431006	4.21421	0.416672
mRNA_MEbrown	ENSG00000104979.9	C19orf53	0.0428753	5.82576	0.471272
mRNA_MEbrown	ENSG00000228300.14	FAM174C	0.042818	3.80199	0.551959
mRNA_MEbrown	ENSG00000140264.21	SERF2	0.0427872	4.1636	0.5274
mRNA_MEbrown	ENSG00000130332.15	LSM7	0.0427653	3.74632	0.449089
mRNA_MEbrown	ENSG00000179085.8	DPM3	0.0426913	4.48875	0.63029
mRNA_MEbrown	ENSG00000130724.9	CHMP2A	0.0426786	5.97496	0.394977
mRNA_MEbrown	ENSG00000123154.12	WDR83	0.0424566	1.11971	0.307123
mRNA_MEbrown	ENSG00000162910.19	MRPL55	0.0424182	4.01438	0.516765
mRNA_MEbrown	ENSG00000170906.16	NDUFA3	0.0423711	3.97716	0.542326
mRNA_MEbrown	ENSG00000141552.18	ANAPC11	0.0423636	3.36356	0.394456
mRNA_MEbrown	ENSG00000074071.15	MRPS34	0.0423228	5.32024	0.455192
mRNA_MEbrown	ENSG00000140990.15	NDUFB10	0.0423122	6.22148	0.432682
mRNA_MEbrown	ENSG00000174276.7	ZNHIT2	0.0423031	2.37737	0.493509
mRNA_MEbrown	ENSG00000002330.14	BAD	0.0422867	2.77075	0.479153
mRNA_MEbrown	ENSG00000174917.9	MICOS13	0.0421609	4.97969	0.477262
mRNA_MEbrown	ENSG00000140365.16	COMMD4	0.042114	2.81388	0.344163
mRNA_MEbrown	ENSG00000176101.12	SSNA1	0.0419576	4.94553	0.49141
mRNA_MEbrown	ENSG00000160813.7	PPP1R35	0.0419532	2.29112	0.518715
mRNA_MEbrown	ENSG00000183011.13	NAA38	0.0419214	3.92695	0.476726
mRNA_MEbrown	ENSG00000126254.12	RBM42	0.0417758	4.7152	0.397673
mRNA_MEbrown	ENSG00000161179.14	YDJC	0.0416838	3.42473	0.572197
mRNA_MEbrown	ENSG00000103024.7	NME3	0.0414949	4.67214	0.620663
mRNA_MEbrown	ENSG00000105258.9	POLR2I	0.041485	1.92648	0.523551
mRNA_MEbrown	ENSG00000121680.16	PEX16	0.0414842	3.05387	0.318176
mRNA_MEbrown	ENSG00000204220.12	PFDN6	0.0414294	3.27256	0.47884
mRNA_MEbrown	ENSG00000110717.13	NDUFS8	0.0414083	3.57372	0.544781
mRNA_MEbrown	ENSG00000174744.14	BRMS1	0.0413887	3.95807	0.308733
mRNA_MEbrown	ENSG00000125458.7	NT5C	0.0413883	3.31096	0.470542
mRNA_MEbrown	ENSG00000183207.14	RUVBL2	0.0413842	4.43978	0.35308
mRNA_MEbrown	ENSG00000099624.8	ATP5F1D	0.0412487	4.88255	0.606432
mRNA_MEbrown	ENSG00000099804.9	CDC34	0.0412132	4.35584	0.380119
mRNA_MEbrown	ENSG00000099949.21	LZTR1	0.0411917	1.65001	0.354016
mRNA_MEbrown	ENSG00000007080.11	CCDC124	0.0409502	4.85797	0.455779
mRNA_MEbrown	ENSG00000005075.15	POLR2J	0.0408988	4.37054	0.51221
mRNA_MEbrown	ENSG00000102030.16	NAA10	0.0408479	1.9691	0.431092
mRNA_MEbrown	ENSG00000105701.16	FKBP8	0.0408466	6.53843	0.412879
mRNA_MEbrown	ENSG00000171222.10	SCAND1	0.0408385	4.25111	0.64111
mRNA_MEbrown	ENSG00000149743.14	TRPT1	0.0407481	3.47171	0.38676
mRNA_MEbrown	ENSG00000116586.12	LAMTOR2	0.0406793	4.67847	0.471361
mRNA_MEbrown	ENSG00000103245.14	CIAO3	0.0406494	1.88252	0.325733
mRNA_MEbrown	ENSG00000130165.10	ELOF1	0.0404984	3.37326	0.3355
mRNA_MEbrown	ENSG00000125970.12	RALY	0.0404914	4.20072	0.295047
mRNA_MEbrown	ENSG00000167985.7	SDHAF2	0.0404439	2.3395	0.377996
mRNA_MEbrown	ENSG00000167543.16	TP53I13	0.0404297	3.21593	0.455959
mRNA_MEbrown	ENSG00000168701.19	TMEM208	0.0403774	4.44052	0.457864
mRNA_MEbrown	ENSG00000198931.11	APRT	0.040363	5.4352	0.473119
mRNA_MEbrown	ENSG00000174775.17	HRAS	0.040351	4.00474	0.458471
mRNA_MEbrown	ENSG00000167770.11	OTUB1	0.0403131	3.7336	0.269154
mRNA_MEbrown	ENSG00000169733.12	RFNG	0.0402852	3.29174	0.403768
mRNA_MEbrown	ENSG00000277791.5	PSMB3	0.0402742	6.01221	0.440287
mRNA_MEbrown	ENSG00000105618.14	PRPF31	0.0402655	3.73859	0.349907
mRNA_MEbrown	ENSG00000149932.17	TMEM219	0.0402204	5.65146	0.376208
mRNA_MEbrown	ENSG00000148362.11	PAXX	0.0401664	3.69946	0.555691
mRNA_MEbrown	ENSG00000064961.19	HMG20B	0.0401616	3.9128	0.331276
mRNA_MEbrown	ENSG00000160948.14	VPS28	0.0400939	4.8778	0.41233
mRNA_MEbrown	ENSG00000099800.8	TIMM13	0.0400831	4.49295	0.424614
mRNA_MEbrown	ENSG00000172663.9	TMEM134	0.0400245	2.62896	0.372695
mRNA_MEbrown	ENSG00000175701.10	MTLN	0.0398575	2.67094	0.549296
mRNA_MEbrown	ENSG00000125971.17	DYNLRB1	0.0398256	2.17004	0.565801
mRNA_MEbrown	ENSG00000142507.10	PSMB6	0.0398196	5.74023	0.356319
mRNA_MEbrown	ENSG00000141741.12	MIEN1	0.0398092	3.54091	0.512578
mRNA_MEbrown	ENSG00000177700.6	POLR2L	0.0397826	5.56875	0.533628
mRNA_MEbrown	ENSG00000071859.15	FAM50A	0.0396541	4.71905	0.450437
mRNA_MEbrown	ENSG00000175550.8	DRAP1	0.0396479	5.04407	0.456931
mRNA_MEbrown	ENSG00000161677.12	JOSD2	0.0396395	3.66482	0.52512
mRNA_MEbrown	ENSG00000135441.7	BLOC1S1	0.0396304	2.02921	0.555734
mRNA_MEbrown	ENSG00000156873.16	PHKG2	0.0395315	1.86857	0.351464
mRNA_MEbrown	ENSG00000103254.10	ANTKMT	0.0395173	2.14848	0.604798
mRNA_MEbrown	ENSG00000182154.8	MRPL41	0.0395163	5.13645	0.712981
mRNA_MEbrown	ENSG00000205155.8	PSENEN	0.0394901	3.10584	0.648965
mRNA_MEbrown	ENSG00000100142.16	POLR2F	0.0394763	2.31153	0.297393
mRNA_MEbrown	ENSG00000126267.11	COX6B1	0.0394634	6.5682	0.441847
mRNA_MEbrown	ENSG00000007376.8	RPUSD1	0.0394632	2.83005	0.37151
mRNA_MEbrown	ENSG00000173113.7	TRMT112	0.0393638	6.53838	0.399002
mRNA_MEbrown	ENSG00000179526.17	SHARPIN	0.0393139	4.37283	0.439791
mRNA_MEbrown	ENSG00000127554.13	GFER	0.0392455	1.71207	0.349087
mRNA_MEbrown	ENSG00000178057.15	NDUFAF3	0.0392381	4.39944	0.467697
mRNA_MEbrown	ENSG00000105404.11	RABAC1	0.0392237	2.24534	0.497773
mRNA_MEbrown	ENSG00000198258.11	UBL5	0.0392212	5.41634	0.418902
mRNA_MEbrown	ENSG00000169718.18	DUS1L	0.0392193	3.3782	0.410515
mRNA_MEbrown	ENSG00000126432.14	PRDX5	0.0392158	7.77679	0.444801
mRNA_MEbrown	ENSG00000178896.9	EXOSC4	0.0391808	2.8689	0.446532
mRNA_MEbrown	ENSG00000087191.13	PSMC5	0.0391549	4.41677	0.35077
mRNA_MEbrown	ENSG00000106400.12	ZNHIT1	0.0391021	3.94258	0.469635
mRNA_MEbrown	ENSG00000169727.12	GPS1	0.0390677	3.74575	0.297583
mRNA_MEbrown	ENSG00000168096.15	ANKS3	0.03902	1.9985	0.42314
mRNA_MEbrown	ENSG00000172590.18	MRPL52	0.0390018	3.21474	0.395833
mRNA_MEbrown	ENSG00000145494.12	NDUFS6	0.038785	5.41303	0.501077
mRNA_MEbrown	ENSG00000166595.12	CIAO2B	0.0387118	5.9076	0.433068
mRNA_MEbrown	ENSG00000175193.14	PARL	0.0387081	2.05664	0.457324
mRNA_MEbrown	ENSG00000184436.12	THAP7	0.0387066	3.11321	0.373067
mRNA_MEbrown	ENSG00000172586.8	CHCHD1	0.0386795	3.83942	0.394354
mRNA_MEbrown	ENSG00000169696.16	ASPSCR1	0.0386518	1.40487	0.300848
mRNA_MEbrown	ENSG00000130313.7	PGLS	0.038554	4.09924	0.435584
mRNA_MEbrown	ENSG00000099899.15	TRMT2A	0.0385407	2.92505	0.395619
mRNA_MEbrown	ENSG00000142409.6	ZNF787	0.0385135	2.81291	0.383922
mRNA_MEbrown	ENSG00000170043.12	TRAPPC1	0.038497	5.44328	0.442616
mRNA_MEbrown	ENSG00000168569.8	TMEM223	0.0384927	2.98687	0.369359
mRNA_MEbrown	ENSG00000100124.15	ANKRD54	0.0384373	2.5512	0.31735
mRNA_MEbrown	ENSG00000170619.10	COMMD5	0.0384043	3.08243	0.347134
mRNA_MEbrown	ENSG00000175416.16	CLTB	0.0383975	4.81714	0.437605
mRNA_MEbrown	ENSG00000171443.7	ZNF524	0.0383913	3.2626	0.456021
mRNA_MEbrown	ENSG00000175334.8	BANF1	0.0383695	5.58158	0.436192
mRNA_MEbrown	ENSG00000170473.17	PYM1	0.0383425	3.4046	0.321299
mRNA_MEbrown	ENSG00000100387.9	RBX1	0.0383259	4.08338	0.392051
mRNA_MEbrown	ENSG00000174886.14	NDUFA11	0.0383158	1.20668	0.385011
mRNA_MEbrown	ENSG00000122386.11	ZNF205	0.0383014	2.60878	0.498349
mRNA_MEbrown	ENSG00000105379.10	ETFB	0.0382786	2.02153	0.44923
mRNA_MEbrown	ENSG00000107223.13	EDF1	0.0381795	7.36332	0.536245
mRNA_MEbrown	ENSG00000125611.15	CHCHD5	0.0381465	2.20942	0.366566
mRNA_MEbrown	ENSG00000241468.8	ATP5MF	0.0381347	3.47695	0.55258
mRNA_MEbrown	ENSG00000159079.19	CFAP298	0.0381323	1.08397	0.268994
mRNA_MEbrown	ENSG00000077312.9	SNRPA	0.0381069	4.02443	0.401463
mRNA_MEbrown	ENSG00000204673.11	AKT1S1	0.0380755	3.34747	0.340991
mRNA_MEbrown	ENSG00000159377.11	PSMB4	0.0380681	6.45241	0.34211
mRNA_MEbrown	ENSG00000007541.17	PIGQ	0.0380583	2.65309	0.457129
mRNA_MEbrown	ENSG00000224877.4	NDUFAF8	0.0380466	3.42739	0.517178
mRNA_MEbrown	ENSG00000131495.9	NDUFA2	0.0379702	4.34501	0.540826
mRNA_MEbrown	ENSG00000108826.16	MRPL27	0.037921	3.77517	0.382971
mRNA_MEbrown	ENSG00000152082.15	MZT2B	0.0378908	3.75436	0.632012
mRNA_MEbrown	ENSG00000130725.8	UBE2M	0.037889	5.07455	0.296081
mRNA_MEbrown	ENSG00000104969.11	SGTA	0.037871	3.44624	0.302742
mRNA_MEbrown	ENSG00000006015.18	REX1BD	0.0378652	2.63828	0.529876
mRNA_MEbrown	ENSG00000173465.8	ZNRD2	0.0378452	3.18128	0.351122
mRNA_MEbrown	ENSG00000104973.19	MED25	0.0378439	2.5495	0.365701
mRNA_MEbrown	ENSG00000143256.5	PFDN2	0.0378134	5.4367	0.519229
mRNA_MEbrown	ENSG00000100211.10	CBY1	0.0377922	3.02517	0.386778
mRNA_MEbrown	ENSG00000105254.12	TBCB	0.0377519	4.03307	0.372542
mRNA_MEbrown	ENSG00000039650.12	PNKP	0.037735	2.72959	0.359096
mRNA_MEbrown	ENSG00000168061.17	SAC3D1	0.0377245	1.88599	0.412688
mRNA_MEbrown	ENSG00000104825.17	NFKBIB	0.0377238	3.2953	0.420935
mRNA_MEbrown	ENSG00000132507.18	EIF5A	0.0376679	6.12208	0.468554
mRNA_MEbrown	ENSG00000188186.10	LAMTOR4	0.037656	4.96319	0.403856
mRNA_MEbrown	ENSG00000128185.10	DGCR6L	0.0376022	4.97872	0.420823
mRNA_MEbrown	ENSG00000125877.13	ITPA	0.0376014	4.30127	0.365103
mRNA_MEbrown	ENSG00000090581.10	GNPTG	0.0375422	4.34196	0.36308
mRNA_MEbrown	ENSG00000076944.16	STXBP2	0.03752	2.68548	0.434824
mRNA_MEbrown	ENSG00000204922.5	UQCC3	0.0375096	1.63838	0.307828
mRNA_MEbrown	ENSG00000005206.17	SPPL2B	0.0374722	2.76222	0.463735
mRNA_MEbrown	ENSG00000149541.10	B3GAT3	0.0374407	4.03199	0.434654
mRNA_MEbrown	ENSG00000159199.14	ATP5MC1	0.03743	4.19139	0.544004
mRNA_MEbrown	ENSG00000182325.11	FBXL6	0.0373757	1.76282	0.442193
mRNA_MEbrown	ENSG00000111775.3	COX6A1	0.0373293	4.38632	0.546305
mRNA_MEbrown	ENSG00000160972.9	PPP1R16A	0.0373189	2.72571	0.608905
mRNA_MEbrown	ENSG00000130520.11	LSM4	0.0373115	4.21973	0.443047
mRNA_MEbrown	ENSG00000104915.15	STX10	0.037303	4.22734	0.352106
mRNA_MEbrown	ENSG00000167272.11	POP5	0.0372914	3.01372	0.44
mRNA_MEbrown	ENSG00000159210.10	SNF8	0.0372868	2.79999	0.26644
mRNA_MEbrown	ENSG00000105671.12	DDX49	0.0372776	3.85292	0.358553
mRNA_MEbrown	ENSG00000147123.11	NDUFB11	0.0372526	6.07856	0.367248
mRNA_MEbrown	ENSG00000169683.8	LRRC45	0.0372027	2.39246	0.405003
mRNA_MEbrown	ENSG00000125835.19	SNRPB	0.0371862	5.59405	0.42144
mRNA_MEbrown	ENSG00000172922.11	RNASEH2C	0.0371858	2.72595	0.400629
mRNA_MEbrown	ENSG00000105197.11	TIMM50	0.0371632	2.95944	0.274923
mRNA_MEbrown	ENSG00000149923.14	PPP4C	0.0371434	4.82001	0.36573
mRNA_MEbrown	ENSG00000125520.14	SLC2A4RG	0.037134	4.8087	0.607327
mRNA_MEbrown	ENSG00000131652.14	THOC6	0.0371164	3.73618	0.451216
mRNA_MEbrown	ENSG00000167799.10	NUDT8	0.0370443	2.36108	0.590925
mRNA_MEbrown	ENSG00000126934.14	MAP2K2	0.0370273	4.14497	0.313386
mRNA_MEbrown	ENSG00000124074.12	ENKD1	0.0370267	3.2055	0.555271
mRNA_MEbrown	ENSG00000172336.5	POP7	0.0369796	4.53198	0.39976
mRNA_MEbrown	ENSG00000162585.17	FAAP20	0.0369526	1.97685	0.362165
mRNA_MEbrown	ENSG00000102103.17	PQBP1	0.036928	4.05701	0.391186
mRNA_MEbrown	ENSG00000064490.14	RFXANK	0.0369181	3.72259	0.329125
mRNA_MEbrown	ENSG00000175826.12	CTDNEP1	0.036849	4.11669	0.33154
mRNA_MEbrown	ENSG00000172428.11	COPS9	0.0368422	3.57857	0.435867
mRNA_MEbrown	ENSG00000229809.8	ZNF688	0.0368289	2.66619	0.426179
mRNA_MEbrown	ENSG00000185608.8	MRPL40	0.0368132	4.42427	0.439487
mRNA_MEbrown	ENSG00000174177.13	CTU2	0.0368047	1.83405	0.287259
mRNA_MEbrown	ENSG00000131408.15	NR1H2	0.0368024	4.2643	0.310747
mRNA_MEbrown	ENSG00000111642.16	CHD4	0.0368009	1.60056	0.359733
mRNA_MEbrown	ENSG00000248487.9	ABHD14A	0.036751	1.45277	0.401045
mRNA_MEbrown	ENSG00000143793.13	C1orf35	0.0367401	2.00405	0.337827
mRNA_MEbrown	ENSG00000167685.15	ZNF444	0.036723	2.09752	0.3179
mRNA_MEbrown	ENSG00000123144.11	TRIR	0.036699	6.14031	0.410919
mRNA_MEbrown	ENSG00000105723.13	GSK3A	0.0366966	2.85998	0.291908
mRNA_MEbrown	ENSG00000126247.11	CAPNS1	0.0366925	6.92403	0.325804
mRNA_MEbrown	ENSG00000184076.13	UQCR10	0.0366842	4.35852	0.483426
mRNA_MEbrown	ENSG00000173141.5	MRPL57	0.0366675	4.3123	0.404113
mRNA_MEbrown	ENSG00000089693.11	MLF2	0.0366575	5.68173	0.348354
mRNA_MEbrown	ENSG00000139343.10	SNRPF	0.0366343	3.25829	0.407763
mRNA_MEbrown	ENSG00000270170.2	NCBP2AS2	0.0366117	3.72908	0.435594
mRNA_MEbrown	ENSG00000070423.18	RNF126	0.0366002	3.17146	0.402024
mRNA_MEbrown	ENSG00000160113.5	NR2F6	0.0365998	3.40817	0.515505
mRNA_MEbrown	ENSG00000130706.13	ADRM1	0.0365946	4.00079	0.381798
mRNA_MEbrown	ENSG00000106211.10	HSPB1	0.0365937	8.09317	0.782409
mRNA_MEbrown	ENSG00000115286.20	NDUFS7	0.0365676	0.910964	0.236621
mRNA_MEbrown	ENSG00000162076.13	FLYWCH2	0.0365522	3.62755	0.401013
mRNA_MEbrown	ENSG00000125356.7	NDUFA1	0.0364866	7.7074	0.470957
mRNA_MEbrown	ENSG00000071889.17	FAM3A	0.0364605	3.33345	0.375483
mRNA_MEbrown	ENSG00000071655.18	MBD3	0.0364511	2.539	0.360452
mRNA_MEbrown	ENSG00000142546.14	NOSIP	0.0364326	3.23445	0.337182
mRNA_MEbrown	ENSG00000127540.12	UQCR11	0.0364276	3.03675	0.391949
mRNA_MEbrown	ENSG00000161981.11	SNRNP25	0.0363657	3.38883	0.39818
mRNA_MEbrown	ENSG00000114956.20	DGUOK	0.0363211	3.96459	0.336441
mRNA_MEbrown	ENSG00000104524.14	PYCR3	0.0363015	2.09084	0.490099
mRNA_MEbrown	ENSG00000160446.19	ZDHHC12	0.0362859	3.28776	0.484395
mRNA_MEbrown	ENSG00000123159.16	GIPC1	0.0362174	3.75299	0.428096
mRNA_MEbrown	ENSG00000128309.16	MPST	0.036214	2.98802	0.53659
mRNA_MEbrown	ENSG00000126456.16	IRF3	0.0362128	3.61043	0.395862
mRNA_MEbrown	ENSG00000040487.13	SLC66A1	0.0361971	2.65387	0.405579
mRNA_MEbrown	ENSG00000072506.13	HSD17B10	0.0361924	5.51569	0.392372
mRNA_MEbrown	ENSG00000110011.13	DNAJC4	0.036188	3.53787	0.39419
mRNA_MEbrown	ENSG00000198546.15	ZNF511	0.0361743	1.85781	0.38757
mRNA_MEbrown	ENSG00000164897.14	TMUB1	0.0361593	4.00687	0.505156
mRNA_MEbrown	ENSG00000183751.15	TBL3	0.0361327	2.78597	0.301533
mRNA_MEbrown	ENSG00000107872.13	FBXL15	0.0361232	2.39771	0.463279
mRNA_MEbrown	ENSG00000175938.7	ORAI3	0.0361083	3.1759	0.596752
mRNA_MEbrown	ENSG00000187051.9	RPS19BP1	0.0361044	4.08022	0.46199
mRNA_MEbrown	ENSG00000136908.18	DPM2	0.0360505	4.02506	0.414241
mRNA_MEbrown	ENSG00000125652.8	ALKBH7	0.0360502	4.86925	0.536307
mRNA_MEbrown	ENSG00000235173.7	HGH1	0.0360468	3.06547	0.45128
mRNA_MEbrown	ENSG00000205544.4	TMEM256	0.0360212	3.2171	0.593411
mRNA_MEbrown	ENSG00000133250.14	ZNF414	0.036013	1.9668	0.373269
mRNA_MEbrown	ENSG00000131143.10	COX4I1	0.0360111	5.84979	0.469552
mRNA_MEbrown	ENSG00000164896.20	FASTK	0.0360043	3.98688	0.479546
mRNA_MEbrown	ENSG00000179632.10	MAF1	0.0359377	5.47427	0.356707
mRNA_MEbrown	ENSG00000167468.18	GPX4	0.0358591	6.9717	0.601003
mRNA_MEbrown	ENSG00000131165.16	CHMP1A	0.0358366	3.97265	0.301557
mRNA_MEbrown	ENSG00000186395.8	KRT10	0.035816	2.94822	0.52419
mRNA_MEbrown	ENSG00000172725.14	CORO1B	0.0357959	4.04644	0.32588
mRNA_MEbrown	ENSG00000130204.13	TOMM40	0.0357904	3.6852	0.392715
mRNA_MEbrown	ENSG00000143314.12	MRPL24	0.0357556	5.09419	0.43378
mRNA_MEbrown	ENSG00000100300.18	TSPO	0.0357492	5.57964	0.580215
mRNA_MEbrown	ENSG00000176340.4	COX8A	0.035698	6.3359	0.536636
mRNA_MEbrown	ENSG00000143811.19	PYCR2	0.0356878	3.19728	0.374853
mRNA_MEbrown	ENSG00000116898.12	MRPS15	0.0356728	4.137	0.428091
mRNA_MEbrown	ENSG00000137288.10	UQCC2	0.0356422	2.02993	0.438436
mRNA_MEbrown	ENSG00000122390.19	NAA60	0.0356275	3.23056	0.352145
mRNA_MEbrown	ENSG00000196998.19	WDR45	0.0355838	2.55277	0.362912
mRNA_MEbrown	ENSG00000067836.13	ROGDI	0.0355674	1.73324	0.514735
mRNA_MEbrown	ENSG00000147155.11	EBP	0.0355477	2.83336	0.482282
mRNA_MEbrown	ENSG00000169972.12	PUSL1	0.0355409	1.33214	0.396436
mRNA_MEbrown	ENSG00000198816.7	ZNF358	0.0354788	4.12183	0.613772
mRNA_MEbrown	ENSG00000105677.12	TMEM147	0.0354659	4.62491	0.375582
mRNA_MEbrown	ENSG00000116691.11	MIIP	0.0354563	2.39639	0.417415
mRNA_MEbrown	ENSG00000284976.1	BX255925.3	0.0354515	2.35924	0.458221
mRNA_MEbrown	ENSG00000143543.15	JTB	0.035433	2.43478	0.494872
mRNA_MEbrown	ENSG00000130731.16	METTL26	0.0354328	5.23858	0.675086
mRNA_MEbrown	ENSG00000165644.11	COMTD1	0.0354302	2.44829	0.58824
mRNA_MEbrown	ENSG00000105518.14	TMEM205	0.0354096	4.23186	0.494057
mRNA_MEbrown	ENSG00000065268.11	WDR18	0.0353591	3.83516	0.44521
mRNA_MEbrown	ENSG00000213465.8	ARL2	0.0353247	3.61103	0.498118
mRNA_MEbrown	ENSG00000167674.15	HDGFL2	0.0353215	3.51404	0.372159
mRNA_MEbrown	ENSG00000141349.8	G6PC3	0.0353164	3.88088	0.42125
mRNA_MEbrown	ENSG00000165916.8	PSMC3	0.0353087	5.58105	0.293797
mRNA_MEbrown	ENSG00000169020.10	ATP5ME	0.0352656	3.24122	0.629945
mRNA_MEbrown	ENSG00000185298.13	CCDC137	0.0351808	3.06785	0.376989
mRNA_MEbrown	ENSG00000184967.7	NOC4L	0.0351662	3.08086	0.348329
mRNA_MEbrown	ENSG00000149016.16	TUT1	0.0351283	2.09083	0.353927
mRNA_MEbrown	ENSG00000176182.6	MYPOP	0.0351093	2.03158	0.341385
mRNA_MEbrown	ENSG00000134825.16	TMEM258	0.0351015	3.56377	0.398592
mRNA_MEbrown	ENSG00000135940.7	COX5B	0.0350814	6.35688	0.551482
mRNA_MEbrown	ENSG00000129932.10	DOHH	0.0350236	2.74641	0.432714
mRNA_MEbrown	ENSG00000116288.13	PARK7	0.0349905	6.07338	0.340735
mRNA_MEbrown	ENSG00000173928.4	SWSAP1	0.0349674	1.34983	0.301358
mRNA_MEbrown	ENSG00000239672.8	NME1	0.0349657	1.89936	0.530136
mRNA_MEbrown	ENSG00000104823.9	ECH1	0.0349624	5.95466	0.671027
mRNA_MEbrown	ENSG00000167969.13	ECI1	0.0349612	4.29587	0.592187
mRNA_MEbrown	ENSG00000160783.19	PMF1	0.0349141	2.85206	0.412449
mRNA_MEbrown	ENSG00000131116.12	ZNF428	0.0348851	2.75425	0.547859
mRNA_MEbrown	ENSG00000100075.10	SLC25A1	0.034833	5.76164	0.561988
mRNA_MEbrown	ENSG00000123136.15	DDX39A	0.0348205	3.67463	0.431965
mRNA_MEbrown	ENSG00000214026.11	MRPL23	0.0347971	3.46981	0.50835
mRNA_MEbrown	ENSG00000063245.15	EPN1	0.0347518	3.25042	0.370625
mRNA_MEbrown	ENSG00000127922.9	SEM1	0.0347509	2.71443	0.424937
mRNA_MEbrown	ENSG00000100151.16	PICK1	0.0347044	2.60819	0.346172
mRNA_MEbrown	ENSG00000174851.16	YIF1A	0.034704	4.33399	0.411971
mRNA_MEbrown	ENSG00000148291.10	SURF2	0.0346854	3.34228	0.504799
mRNA_MEbrown	ENSG00000149600.12	COMMD7	0.0346824	4.37593	0.425185
mRNA_MEbrown	ENSG00000168653.11	NDUFS5	0.034656	7.67342	0.531103
mRNA_MEbrown	ENSG00000178307.10	TMEM11	0.0346189	3.42342	0.306994
mRNA_MEbrown	ENSG00000224051.7	CPTP	0.0346078	3.62732	0.482001
mRNA_MEbrown	ENSG00000171159.5	C9orf16	0.034603	3.5879	0.619211
mRNA_MEbrown	ENSG00000173264.15	GPR137	0.0345905	3.14241	0.39796
mRNA_MEbrown	ENSG00000185803.12	SLC52A2	0.0345677	2.91162	0.484
mRNA_MEbrown	ENSG00000067829.19	IDH3G	0.0344559	4.34537	0.323536
mRNA_MEbrown	ENSG00000128626.12	MRPS12	0.0344524	3.79239	0.474953
mRNA_MEbrown	ENSG00000119650.13	IFT43	0.0344359	2.58576	0.338753
mRNA_MEbrown	ENSG00000153406.14	NMRAL1	0.0343014	3.52174	0.44055
mRNA_MEbrown	ENSG00000007520.4	TSR3	0.0342829	4.6887	0.368994
mRNA_MEbrown	ENSG00000103145.11	HCFC1R1	0.034279	6.2262	0.725912
mRNA_MEbrown	ENSG00000173171.14	MTX1	0.0342383	2.59004	0.310023
mRNA_MEbrown	ENSG00000132612.16	VPS4A	0.0342332	3.44577	0.335793
mRNA_MEbrown	ENSG00000099849.15	RASSF7	0.0341922	4.04557	0.67803
mRNA_MEbrown	ENSG00000099821.14	POLRMT	0.0341889	3.18303	0.340197
mRNA_MEbrown	ENSG00000115307.17	AUP1	0.0341713	5.52079	0.359275
mRNA_MEbrown	ENSG00000013306.16	SLC25A39	0.034168	4.89576	0.428698
mRNA_MEbrown	ENSG00000183048.12	SLC25A10	0.0341625	1.47485	0.613348
mRNA_MEbrown	ENSG00000167397.15	VKORC1	0.0341374	3.13443	0.701968
mRNA_MEbrown	ENSG00000123415.15	SMUG1	0.0341297	2.39823	0.306694
mRNA_MEbrown	ENSG00000102898.12	NUTF2	0.0341011	4.45442	0.423039
mRNA_MEbrown	ENSG00000205138.4	SDHAF1	0.0340677	3.30476	0.398163
mRNA_MEbrown	ENSG00000218891.5	ZNF579	0.0340382	2.08594	0.470844
mRNA_MEbrown	ENSG00000169689.15	CENPX	0.0340166	3.75608	0.435121
mRNA_MEbrown	ENSG00000213015.9	ZNF580	0.0340113	3.01228	0.438581
mRNA_MEbrown	ENSG00000166136.16	NDUFB8	0.0340085	1.53817	0.40342
mRNA_MEbrown	ENSG00000213523.10	SRA1	0.0340082	3.45486	0.447585
mRNA_MEbrown	ENSG00000130311.11	DDA1	0.0339969	2.99513	0.328346
mRNA_MEbrown	ENSG00000100056.12	ESS2	0.0339901	2.1552	0.268138
mRNA_MEbrown	ENSG00000124172.10	ATP5F1E	0.0339222	4.93455	0.432231
mRNA_MEbrown	ENSG00000126005.17	MMP24OS	0.033904	3.28277	0.489967
mRNA_MEbrown	ENSG00000125656.11	CLPP	0.0338743	3.79389	0.319019
mRNA_MEbrown	ENSG00000187147.18	RNF220	0.0338265	2.27492	0.252117
mRNA_MEbrown	ENSG00000125534.10	PPDPF	0.033795	7.43942	0.712401
mRNA_MEbrown	ENSG00000099330.9	OCEL1	0.0337775	3.67793	0.496966
mRNA_MEbrown	ENSG00000159692.16	CTBP1	0.0337653	3.32477	0.283649
mRNA_MEbrown	ENSG00000105676.14	ARMC6	0.03374	2.80917	0.293636
mRNA_MEbrown	ENSG00000147684.10	NDUFB9	0.0337182	2.38205	0.411177
mRNA_MEbrown	ENSG00000134590.14	RTL8C	0.0336912	6.24954	0.440319
mRNA_MEbrown	ENSG00000128228.5	SDF2L1	0.0336878	3.93862	0.647186
mRNA_MEbrown	ENSG00000172366.20	MCRIP2	0.0336836	2.92435	0.654409
mRNA_MEbrown	ENSG00000167862.10	MRPL58	0.0336699	4.09269	0.368906
mRNA_MEbrown	ENSG00000104872.11	PIH1D1	0.033616	3.96368	0.295116
mRNA_MEbrown	ENSG00000104522.16	GFUS	0.0335782	3.49329	0.463747
mRNA_MEbrown	ENSG00000242372.9	EIF6	0.0335403	5.10245	0.355725
mRNA_MEbrown	ENSG00000138495.7	COX17	0.0335301	3.70894	0.506292
mRNA_MEbrown	ENSG00000172270.21	BSG	0.0334617	7.59542	0.538715
mRNA_MEbrown	ENSG00000163156.12	SCNM1	0.0334342	3.02413	0.354797
mRNA_MEbrown	ENSG00000161920.11	MED11	0.0334145	3.08027	0.377559
mRNA_MEbrown	ENSG00000132024.17	CC2D1A	0.0334132	2.94116	0.330839
mRNA_MEbrown	ENSG00000177192.14	PUS1	0.0334087	1.89095	0.374059
mRNA_MEbrown	ENSG00000173457.11	PPP1R14B	0.0333601	4.65509	0.570163
mRNA_MEbrown	ENSG00000100294.13	MCAT	0.0333589	3.01822	0.348947
mRNA_MEbrown	ENSG00000104980.8	TIMM44	0.0333528	2.96599	0.337218
mRNA_MEbrown	ENSG00000142327.13	RNPEPL1	0.0333456	3.83426	0.465401
mRNA_MEbrown	ENSG00000185504.17	FAAP100	0.0333438	3.07505	0.362318
mRNA_MEbrown	ENSG00000115541.11	HSPE1	0.0333425	3.19304	0.678427
mRNA_MEbrown	ENSG00000203950.6	RTL8A	0.0333356	5.32473	0.471119
mRNA_MEbrown	ENSG00000099797.15	TECR	0.0333145	3.91067	0.434324
mRNA_MEbrown	ENSG00000013275.8	PSMC4	0.0333021	4.87379	0.313952
mRNA_MEbrown	ENSG00000261236.8	BOP1	0.0332929	3.13749	0.435403
mRNA_MEbrown	ENSG00000125122.15	LRRC29	0.0332894	1.69681	0.385628
mRNA_MEbrown	ENSG00000103502.14	CDIPT	0.03325	5.1768	0.35953
mRNA_MEbrown	ENSG00000159214.13	CCDC24	0.0332495	1.70426	0.510512
mRNA_MEbrown	ENSG00000129235.11	TXNDC17	0.0332369	3.14573	0.470801
mRNA_MEbrown	ENSG00000130770.18	ATP5IF1	0.0332266	5.30534	0.587292
mRNA_MEbrown	ENSG00000164081.13	TEX264	0.0332169	3.38412	0.363567
mRNA_MEbrown	ENSG00000167797.8	CDK2AP2	0.0331984	5.41045	0.706977
mRNA_MEbrown	ENSG00000105248.16	YJU2	0.0331955	3.66158	0.428544
mRNA_MEbrown	ENSG00000099385.12	BCL7C	0.0331936	2.51717	0.337729
mRNA_MEbrown	ENSG00000105185.12	PDCD5	0.0331662	4.43395	0.428436
mRNA_MEbrown	ENSG00000054148.18	PHPT1	0.0331538	5.43196	0.55277
mRNA_MEbrown	ENSG00000102309.15	PIN4	0.0331066	2.30322	0.347704
mRNA_MEbrown	ENSG00000157778.9	PSMG3	0.0331041	3.49516	0.479444
mRNA_MEbrown	ENSG00000204435.15	CSNK2B	0.0330843	2.06159	0.44581
mRNA_MEbrown	ENSG00000177548.13	RABEP2	0.0330797	2.54689	0.425301
mRNA_MEbrown	ENSG00000168894.10	RNF181	0.0330726	5.90652	0.454257
mRNA_MEbrown	ENSG00000108518.8	PFN1	0.0330632	7.69413	0.466023
mRNA_MEbrown	ENSG00000186577.14	SMIM29	0.0330573	3.19787	0.479101
mRNA_MEbrown	ENSG00000109736.15	MFSD10	0.0330381	4.48253	0.532286
mRNA_MEbrown	ENSG00000131462.8	TUBG1	0.0330079	3.31711	0.442197
mRNA_MEbrown	ENSG00000167863.12	ATP5PD	0.0329699	4.72307	0.397872
mRNA_MEbrown	ENSG00000042753.12	AP2S1	0.0329279	5.21598	0.38036
mRNA_MEbrown	ENSG00000090273.14	NUDC	0.0329166	5.08635	0.379433
mRNA_MEbrown	ENSG00000101246.20	ARFRP1	0.0328925	2.74834	0.325759
mRNA_MEbrown	ENSG00000160799.11	CCDC12	0.0328846	2.45082	0.432315
mRNA_MEbrown	ENSG00000184209.15	SNRNP35	0.0328307	2.45023	0.344613
mRNA_MEbrown	ENSG00000246705.4	H2AJ	0.0327742	3.8691	0.547213
mRNA_MEbrown	ENSG00000004059.11	ARF5	0.0327634	5.36483	0.350158
mRNA_MEbrown	ENSG00000106803.10	SEC61B	0.0327562	5.6948	0.411605
mRNA_MEbrown	ENSG00000167700.9	MFSD3	0.0327249	2.54124	0.612756
mRNA_MEbrown	ENSG00000150779.12	TIMM8B	0.0327053	4.65177	0.427642
mRNA_MEbrown	ENSG00000065057.9	NTHL1	0.0326963	2.18538	0.428272
mRNA_MEbrown	ENSG00000136718.10	IMP4	0.0326843	4.0341	0.28169
mRNA_MEbrown	ENSG00000055950.16	MRPL43	0.0326779	3.71878	0.36011
mRNA_MEbrown	ENSG00000181817.6	LSM10	0.03266	3.62277	0.395374
mRNA_MEbrown	ENSG00000130813.18	SHFL	0.0326548	2.3709	0.398288
mRNA_MEbrown	ENSG00000112667.13	DNPH1	0.0326419	5.09507	0.710894
mRNA_MEbrown	ENSG00000105705.16	SUGP1	0.0326392	2.69373	0.271315
mRNA_MEbrown	ENSG00000177697.19	CD151	0.0326381	6.40314	0.494334
mRNA_MEbrown	ENSG00000228474.6	OST4	0.0326364	6.65327	0.411107
mRNA_MEbrown	ENSG00000158042.9	MRPL17	0.032596	4.49068	0.386265
mRNA_MEbrown	ENSG00000179943.8	FIZ1	0.0325943	1.82372	0.267857
mRNA_MEbrown	ENSG00000160087.21	UBE2J2	0.032524	3.20298	0.338511
mRNA_MEbrown	ENSG00000168393.13	DTYMK	0.0325067	3.02576	0.418983
mRNA_MEbrown	ENSG00000221821.4	C6orf226	0.0324579	2.54231	0.548329
mRNA_MEbrown	ENSG00000090238.12	YPEL3	0.0324447	4.17179	0.58942
mRNA_MEbrown	ENSG00000188486.3	H2AX	0.0324133	3.48911	0.590141
mRNA_MEbrown	ENSG00000068120.15	COASY	0.0323871	4.07179	0.340018
mRNA_MEbrown	ENSG00000159884.12	CCDC107	0.0323153	1.48237	0.456996
mRNA_MEbrown	ENSG00000104129.10	DNAJC17	0.0323128	1.57129	0.257957
mRNA_MEbrown	ENSG00000176973.8	FAM89B	0.032298	1.54116	0.464323
mRNA_MEbrown	ENSG00000148450.13	MSRB2	0.0322872	4.20999	0.406057
mRNA_MEbrown	ENSG00000051523.11	CYBA	0.0322809	5.34537	0.668318
mRNA_MEbrown	ENSG00000138629.16	UBL7	0.0322791	4.29644	0.273498
mRNA_MEbrown	ENSG00000171861.11	MRM3	0.032266	2.72976	0.323257
mRNA_MEbrown	ENSG00000104897.10	SF3A2	0.0322497	4.16352	0.508926
mRNA_MEbrown	ENSG00000262246.6	CORO7	0.0322386	1.08952	0.311718
mRNA_MEbrown	ENSG00000177989.13	ODF3B	0.0322366	3.50203	0.719164
mRNA_MEbrown	ENSG00000126088.14	UROD	0.032185	4.43386	0.345534
mRNA_MEbrown	ENSG00000152475.7	ZNF837	0.0321699	1.01159	0.322224
mRNA_MEbrown	ENSG00000180992.7	MRPL14	0.0321698	4.90844	0.451712
mRNA_MEbrown	ENSG00000167113.11	COQ4	0.0321683	3.46504	0.410025
mRNA_MEbrown	ENSG00000198937.9	CCDC167	0.0321584	3.91398	0.508043
mRNA_MEbrown	ENSG00000181038.14	METTL23	0.0321519	2.832	0.305142
mRNA_MEbrown	ENSG00000172009.15	THOP1	0.0321402	2.11308	0.291689
mRNA_MEbrown	ENSG00000127580.17	WDR24	0.0321	2.10573	0.324151
mRNA_MEbrown	ENSG00000128524.5	ATP6V1F	0.0320962	6.39277	0.551938
mRNA_MEbrown	ENSG00000100258.18	LMF2	0.032095	5.06995	0.414054
mRNA_MEbrown	ENSG00000180822.12	PSMG4	0.0320842	1.08207	0.226539
mRNA_MEbrown	ENSG00000099817.12	POLR2E	0.0320577	4.90998	0.384123
mRNA_MEbrown	ENSG00000116649.10	SRM	0.0320504	4.45539	0.527658
mRNA_MEbrown	ENSG00000240682.10	ISY1	0.0320397	2.03924	0.324
mRNA_MEbrown	ENSG00000174165.8	ZDHHC24	0.0320389	2.44663	0.283386
mRNA_MEbrown	ENSG00000212123.4	PRR22	0.0320253	0.972931	0.403029
mRNA_MEbrown	ENSG00000169738.8	DCXR	0.0320006	3.75545	0.635787
mRNA_MEbrown	ENSG00000262919.8	CCNQ	0.0319922	3.09603	0.370698
mRNA_MEbrown	ENSG00000143368.10	SF3B4	0.0319836	5.17169	0.374132
mRNA_MEbrown	ENSG00000139180.11	NDUFA9	0.0319809	1.07433	0.278586
mRNA_MEbrown	ENSG00000156858.12	PRR14	0.0319615	3.41998	0.355604
mRNA_MEbrown	ENSG00000183617.5	MRPL54	0.0319496	5.01341	0.455276
mRNA_MEbrown	ENSG00000177674.16	AGTRAP	0.0319462	4.42098	0.457392
mRNA_MEbrown	ENSG00000163870.16	TPRA1	0.0319273	2.64779	0.338123
mRNA_MEbrown	ENSG00000100360.15	IFT27	0.0318588	1.37919	0.265918
mRNA_MEbrown	ENSG00000165233.18	CARD19	0.03185	2.79795	0.389109
mRNA_MEbrown	ENSG00000177556.12	ATOX1	0.0318417	3.45335	0.512529
mRNA_MEbrown	ENSG00000183978.8	COA3	0.0318053	5.0983	0.487737
mRNA_MEbrown	ENSG00000182173.13	TSEN54	0.0317686	2.783	0.32635
mRNA_MEbrown	ENSG00000146066.3	HIGD2A	0.0317666	5.90422	0.538769
mRNA_MEbrown	ENSG00000115204.15	MPV17	0.0317373	3.6275	0.341353
mRNA_MEbrown	ENSG00000103496.15	STX4	0.0317324	4.0373	0.373052
mRNA_MEbrown	ENSG00000185236.12	RAB11B	0.0317054	5.25701	0.39264
mRNA_MEbrown	ENSG00000014164.7	ZC3H3	0.0316999	2.94414	0.416295
mRNA_MEbrown	ENSG00000105698.16	USF2	0.0316739	4.54596	0.329599
mRNA_MEbrown	ENSG00000196544.8	BORCS6	0.0316593	2.16512	0.341422
mRNA_MEbrown	ENSG00000104518.11	GSDMD	0.0316483	4.15361	0.503539
mRNA_MEbrown	ENSG00000135617.4	PRADC1	0.0316383	3.30727	0.485224
mRNA_MEbrown	ENSG00000167930.17	FAM234A	0.031616	4.16158	0.390826
mRNA_MEbrown	ENSG00000109065.12	NAT9	0.0315856	2.68641	0.347342
mRNA_MEbrown	ENSG00000158106.14	RHPN1	0.0315579	2.17196	0.654403
mRNA_MEbrown	ENSG00000105619.13	TFPT	0.031556	2.90113	0.390477
mRNA_MEbrown	ENSG00000162385.11	MAGOH	0.0315533	4.05631	0.354992
mRNA_MEbrown	ENSG00000134248.14	LAMTOR5	0.0315457	4.76455	0.473545
mRNA_MEbrown	ENSG00000105552.15	BCAT2	0.0315303	3.04751	0.39424
mRNA_MEbrown	ENSG00000104976.12	SNAPC2	0.0315301	2.90019	0.358315
mRNA_MEbrown	ENSG00000213619.11	NDUFS3	0.0315078	3.80698	0.308411
mRNA_MEbrown	ENSG00000143977.14	SNRPG	0.0314935	4.10188	0.393632
mRNA_MEbrown	ENSG00000211450.10	SELENOH	0.0314916	1.79345	0.337912
mRNA_MEbrown	ENSG00000213339.9	QTRT1	0.0314901	3.64218	0.522344
mRNA_MEbrown	ENSG00000093010.15	COMT	0.0314857	3.50224	0.375963
mRNA_MEbrown	ENSG00000197982.14	C1orf122	0.0314838	3.10819	0.494444
mRNA_MEbrown	ENSG00000225663.8	MCRIP1	0.0314531	3.8263	0.487774
mRNA_MEbrown	ENSG00000100138.15	SNU13	0.0314516	5.06808	0.270398
mRNA_MEbrown	ENSG00000053501.13	USE1	0.0314403	3.57547	0.423034
mRNA_MEbrown	ENSG00000164405.11	UQCRQ	0.0314326	4.79554	0.623164
mRNA_MEbrown	ENSG00000011132.12	APBA3	0.0314201	2.0081	0.286568
mRNA_MEbrown	ENSG00000107140.16	TESK1	0.0314143	3.67252	0.380447
mRNA_MEbrown	ENSG00000163481.8	RNF25	0.0314105	3.49795	0.33277
mRNA_MEbrown	ENSG00000181924.7	COA4	0.0314024	4.55595	0.334095
mRNA_MEbrown	ENSG00000205593.12	DENND6B	0.0313956	1.8472	0.446616
mRNA_MEbrown	ENSG00000242612.7	DECR2	0.0313887	3.22285	0.712044
mRNA_MEbrown	ENSG00000167733.14	HSD11B1L	0.0313807	1.30512	0.392263
mRNA_MEbrown	ENSG00000072958.9	AP1M1	0.0313576	2.68919	0.289115
mRNA_MEbrown	ENSG00000060491.16	OGFR	0.0313518	3.7791	0.417408
mRNA_MEbrown	ENSG00000165724.6	ZMYND19	0.0313471	2.30227	0.362756
mRNA_MEbrown	ENSG00000134809.9	TIMM10	0.0313344	4.85922	0.388889
mRNA_MEbrown	ENSG00000175279.22	CENPS	0.0312897	0.908779	0.333817
mRNA_MEbrown	ENSG00000133243.10	BTBD2	0.0312761	3.97792	0.414071
mRNA_MEbrown	ENSG00000064545.15	TMEM161A	0.031269	3.30896	0.366761
mRNA_MEbrown	ENSG00000130312.7	MRPL34	0.0312643	4.41279	0.46912
mRNA_MEbrown	ENSG00000164919.11	COX6C	0.0312486	4.42498	0.539303
mRNA_MEbrown	ENSG00000158552.13	ZFAND2B	0.0312475	3.45483	0.457638
mRNA_MEbrown	ENSG00000144485.11	HES6	0.0312322	1.07755	0.427587
mRNA_MEbrown	ENSG00000175634.15	RPS6KB2	0.031204	2.31088	0.280615
mRNA_MEbrown	ENSG00000143774.17	GUK1	0.031203	5.47588	0.447132
mRNA_MEbrown	ENSG00000125912.11	NCLN	0.0312018	4.07751	0.346579
mRNA_MEbrown	ENSG00000117691.10	NENF	0.0311994	5.61648	0.493494
mRNA_MEbrown	ENSG00000241837.7	ATP5PO	0.0311678	3.21105	0.459194
mRNA_MEbrown	ENSG00000182544.9	MFSD5	0.0311637	3.80453	0.335513
mRNA_MEbrown	ENSG00000130511.16	SSBP4	0.0311437	3.51632	0.462184
mRNA_MEbrown	ENSG00000100263.14	RHBDD3	0.0311391	2.3881	0.427076
mRNA_MEbrown	ENSG00000178449.9	COX14	0.0310872	4.48561	0.458211
mRNA_MEbrown	ENSG00000148444.16	COMMD3	0.0310821	1.92748	0.331187
mRNA_MEbrown	ENSG00000172500.13	FIBP	0.0310763	4.19655	0.297624
mRNA_MEbrown	ENSG00000197785.14	ATAD3A	0.0310732	2.3026	0.442562
mRNA_MEbrown	ENSG00000178096.9	BOLA1	0.0310692	3.21619	0.429146
mRNA_MEbrown	ENSG00000172531.16	PPP1CA	0.031051	4.95002	0.288928
mRNA_MEbrown	ENSG00000183401.12	CCDC159	0.0310466	2.26325	0.343813
mRNA_MEbrown	ENSG00000165915.14	SLC39A13	0.0310454	3.88912	0.405511
mRNA_MEbrown	ENSG00000129559.13	NEDD8	0.0310215	2.61437	0.379548
mRNA_MEbrown	ENSG00000169189.17	NSMCE1	0.0309719	4.04665	0.343111
mRNA_MEbrown	ENSG00000126461.15	SCAF1	0.0309589	3.97425	0.378603
mRNA_MEbrown	ENSG00000173915.16	ATP5MD	0.0309216	5.68621	0.4498
mRNA_MEbrown	ENSG00000007255.10	TRAPPC6A	0.0309089	4.34506	0.480608
mRNA_MEbrown	ENSG00000135404.12	CD63	0.030907	8.39177	0.370238
mRNA_MEbrown	ENSG00000129968.17	ABHD17A	0.0308375	2.80141	0.371471
mRNA_MEbrown	ENSG00000080189.15	SLC35C2	0.0308084	2.99983	0.308902
mRNA_MEbrown	ENSG00000182484.15	WASH6P	0.0308026	1.21334	0.324461
mRNA_MEbrown	ENSG00000119705.10	SLIRP	0.0307996	3.18387	0.416823
mRNA_MEbrown	ENSG00000126062.4	TMEM115	0.0307879	4.07184	0.33999
mRNA_MEbrown	ENSG00000108479.12	GALK1	0.0307687	3.27477	0.575511
mRNA_MEbrown	ENSG00000184281.15	TSSC4	0.0307593	3.3532	0.421413
mRNA_MEbrown	ENSG00000119559.17	C19orf25	0.030736	2.64377	0.359332
mRNA_MEbrown	ENSG00000127445.14	PIN1	0.0307324	3.17421	0.321808
mRNA_MEbrown	ENSG00000160688.19	FLAD1	0.0307156	2.84074	0.333014
mRNA_MEbrown	ENSG00000198858.10	R3HDM4	0.0306665	4.10902	0.416229
mRNA_MEbrown	ENSG00000183648.11	NDUFB1	0.0306624	3.9902	0.465352
mRNA_MEbrown	ENSG00000171960.12	PPIH	0.0306486	1.66007	0.262499
mRNA_MEbrown	ENSG00000170955.10	CAVIN3	0.0306412	3.14768	0.812852
mRNA_MEbrown	ENSG00000041988.15	THAP3	0.0305767	2.0941	0.344803
mRNA_MEbrown	ENSG00000146540.15	C7orf50	0.0305569	3.73655	0.44663
mRNA_MEbrown	ENSG00000159069.14	FBXW5	0.03052	5.05624	0.425481
mRNA_MEbrown	ENSG00000100908.14	EMC9	0.0305049	2.61841	0.474775
mRNA_MEbrown	ENSG00000257704.4	INAFM1	0.0304908	3.40753	0.641477
mRNA_MEbrown	ENSG00000103202.13	NME4	0.030478	4.44623	0.640717
mRNA_MEbrown	ENSG00000109390.13	NDUFC1	0.0304583	4.57533	0.514361
mRNA_MEbrown	ENSG00000167515.10	TRAPPC2L	0.0304524	3.58302	0.401729
mRNA_MEbrown	ENSG00000118162.14	KPTN	0.0304516	1.31298	0.300385
mRNA_MEbrown	ENSG00000102796.11	DHRS12	0.0304384	1.57495	0.376028
mRNA_MEbrown	ENSG00000160570.14	DEDD2	0.0304372	3.51079	0.312731
mRNA_MEbrown	ENSG00000105204.14	DYRK1B	0.0304371	3.29385	0.399936
mRNA_MEbrown	ENSG00000247596.10	TWF2	0.0304113	2.66905	0.388432
mRNA_MEbrown	ENSG00000141295.14	SCRN2	0.0303567	3.76023	0.602828
mRNA_MEbrown	ENSG00000174915.12	PTDSS2	0.0303547	2.74186	0.333281
mRNA_MEbrown	ENSG00000063854.13	HAGH	0.0303354	3.1209	0.474242
mRNA_MEbrown	ENSG00000008324.12	SS18L2	0.0303256	1.86634	0.285408
mRNA_MEbrown	ENSG00000161277.11	THAP8	0.0303127	2.26387	0.386729
mRNA_MEbrown	ENSG00000171311.13	EXOSC1	0.0303023	2.41931	0.28792
mRNA_MEbrown	ENSG00000162881.6	OXER1	0.0303016	2.14322	0.605086
mRNA_MEbrown	ENSG00000114779.19	ABHD14B	0.0302962	4.51649	0.406332
mRNA_MEbrown	ENSG00000266472.6	MRPS21	0.0302906	5.04776	0.465767
mRNA_MEbrown	ENSG00000119421.7	NDUFA8	0.0302792	5.72715	0.424309
mRNA_MEbrown	ENSG00000167645.17	YIF1B	0.0302776	2.41111	0.334267
mRNA_MEbrown	ENSG00000166166.13	TRMT61A	0.0302739	2.54689	0.417578
mRNA_MEbrown	ENSG00000104883.8	PEX11G	0.0302498	1.98449	0.486249
mRNA_MEbrown	ENSG00000142655.13	PEX14	0.0301948	3.00355	0.33732
mRNA_MEbrown	ENSG00000254901.8	BORCS8	0.0301932	1.45658	0.232611
mRNA_MEbrown	ENSG00000106009.16	BRAT1	0.0301624	3.04236	0.351721
mRNA_MEbrown	ENSG00000141873.11	SLC39A3	0.0301481	1.46385	0.346019
mRNA_MEbrown	ENSG00000143303.12	RRNAD1	0.0301451	3.06228	0.29675
mRNA_MEbrown	ENSG00000184924.5	PTRHD1	0.0301383	2.13352	0.368652
mRNA_MEbrown	ENSG00000103227.19	LMF1	0.0301315	1.67577	0.334125
mRNA_MEbrown	ENSG00000189171.14	S100A13	0.030128	2.86692	0.567115
mRNA_MEbrown	ENSG00000130748.7	TMEM160	0.0301196	2.67061	0.685795
mRNA_MEbrown	ENSG00000144591.19	GMPPA	0.0300959	3.16592	0.401475
mRNA_MEbrown	ENSG00000173511.10	VEGFB	0.0300646	6.10751	0.456967
mRNA_MEbrown	ENSG00000105568.18	PPP2R1A	0.0300484	5.27853	0.25262
mRNA_MEbrown	ENSG00000168884.15	TNIP2	0.0300109	3.75358	0.392411
mRNA_MEbrown	ENSG00000162961.14	DPY30	0.0299658	3.76123	0.329076
mRNA_MEbrown	ENSG00000129084.18	PSMA1	0.029956	2.18726	0.36769
mRNA_MEbrown	ENSG00000127191.18	TRAF2	0.0299556	2.79373	0.432183
mRNA_MEbrown	ENSG00000214160.10	ALG3	0.0299267	3.28573	0.500255
mRNA_MEbrown	ENSG00000153443.13	UBALD1	0.0298807	2.50347	0.483097
mRNA_MEbrown	ENSG00000168273.8	SMIM4	0.0298466	1.65957	0.372668
mRNA_MEbrown	ENSG00000148334.16	PTGES2	0.0298377	2.66342	0.414529
mRNA_MEbrown	ENSG00000092841.19	MYL6	0.0298234	6.65016	0.377309
mRNA_MEbrown	ENSG00000181404.17	WASHC1	0.0298148	1.64942	0.438767
mRNA_MEbrown	ENSG00000065518.8	NDUFB4	0.0298017	5.63748	0.485394
mRNA_MEbrown	ENSG00000152464.15	RPP38	0.0297771	1.92225	0.274472
mRNA_MEbrown	ENSG00000141858.12	SAMD1	0.0297555	3.56119	0.466648
mRNA_MEbrown	ENSG00000215845.11	TSTD1	0.0297549	3.85449	0.586967
mRNA_MEbrown	ENSG00000187778.14	MCRS1	0.0297523	3.9065	0.296658
mRNA_MEbrown	ENSG00000177542.11	SLC25A22	0.0297484	2.11177	0.440484
mRNA_MEbrown	ENSG00000241553.12	ARPC4	0.0297469	4.45427	0.330013
mRNA_MEbrown	ENSG00000185825.17	BCAP31	0.0297398	6.28629	0.325703
mRNA_MEbrown	ENSG00000180879.14	SSR4	0.0297338	4.90659	0.47854
mRNA_MEbrown	ENSG00000155366.17	RHOC	0.0297269	5.15839	0.426702
mRNA_MEbrown	ENSG00000176393.11	RNPEP	0.0297185	4.15767	0.308302
mRNA_MEbrown	ENSG00000172757.13	CFL1	0.0296716	6.13488	0.358435
mRNA_MEbrown	ENSG00000126458.4	RRAS	0.0296534	5.78806	0.595356
mRNA_MEbrown	ENSG00000170515.14	PA2G4	0.029653	4.46926	0.317666
mRNA_MEbrown	ENSG00000182117.6	NOP10	0.0296346	6.59595	0.345931
mRNA_MEbrown	ENSG00000135587.9	SMPD2	0.0296291	2.5168	0.410164
mRNA_MEbrown	ENSG00000114388.14	NPRL2	0.0295892	2.46916	0.315657
mRNA_MEbrown	ENSG00000149761.9	NUDT22	0.029562	2.41063	0.363794
mRNA_MEbrown	ENSG00000261221.4	ZNF865	0.0295597	2.57846	0.415158
mRNA_MEbrown	ENSG00000166794.5	PPIB	0.0295534	5.99954	0.392056
mRNA_MEbrown	ENSG00000254858.10	MPV17L2	0.0295517	2.23107	0.412552
mRNA_MEbrown	ENSG00000184207.9	PGP	0.0295234	1.9005	0.398737
mRNA_MEbrown	ENSG00000163794.6	UCN	0.0295176	1.07159	0.453543
mRNA_MEbrown	ENSG00000101460.13	MAP1LC3A	0.0295092	3.77449	0.583029
mRNA_MEbrown	ENSG00000107816.17	LZTS2	0.0294755	3.38792	0.403268
mRNA_MEbrown	ENSG00000140691.18	ARMC5	0.0294672	1.78743	0.326527
mRNA_MEbrown	ENSG00000163882.9	POLR2H	0.0294644	3.89665	0.408301
mRNA_MEbrown	ENSG00000100084.14	HIRA	0.0294174	1.65875	0.295317
mRNA_MEbrown	ENSG00000119333.11	DYNC2I2	0.0294139	4.61378	0.549282
mRNA_MEbrown	ENSG00000079462.8	PAFAH1B3	0.0294112	2.75078	0.564805
mRNA_MEbrown	ENSG00000100319.13	ZMAT5	0.0294073	1.96564	0.273873
mRNA_MEbrown	ENSG00000063241.8	ISOC2	0.0293869	4.19556	0.64478
mRNA_MEbrown	ENSG00000112514.18	CUTA	0.029379	5.74452	0.391864
mRNA_MEbrown	ENSG00000104964.15	TLE5	0.0293683	5.11012	0.370523
mRNA_MEbrown	ENSG00000173272.16	MZT2A	0.0293305	3.34582	0.680877
mRNA_MEbrown	ENSG00000130669.17	PAK4	0.0293206	3.03679	0.359233
mRNA_MEbrown	ENSG00000175573.7	C11orf68	0.0293088	4.59895	0.323826
mRNA_MEbrown	ENSG00000103415.12	HMOX2	0.0292766	3.95363	0.328611
mRNA_MEbrown	ENSG00000171953.16	ATPAF2	0.0292714	1.62871	0.242408
mRNA_MEbrown	ENSG00000124562.10	SNRPC	0.029268	5.24687	0.316509
mRNA_MEbrown	ENSG00000184752.13	NDUFA12	0.0292571	4.63217	0.339823
mRNA_MEbrown	ENSG00000130590.14	SAMD10	0.0292174	2.08116	0.472022
mRNA_MEbrown	ENSG00000148655.15	LRMDA	0.0292044	1.65313	0.316032
mRNA_MEbrown	ENSG00000204356.14	NELFE	0.0291095	4.76896	0.356865
mRNA_MEbrown	ENSG00000168090.10	COPS6	0.029085	5.20504	0.327397
mRNA_MEbrown	ENSG00000139546.11	TARBP2	0.0290761	2.36485	0.415863
mRNA_MEbrown	ENSG00000184163.3	C1QTNF12	0.0290739	1.15911	0.604626
mRNA_MEbrown	ENSG00000167508.12	MVD	0.0290709	2.46294	0.349048
mRNA_MEbrown	ENSG00000225973.4	PIGBOS1	0.0290638	2.66481	0.30138
mRNA_MEbrown	ENSG00000130305.17	NSUN5	0.02906	2.53247	0.381638
mRNA_MEbrown	ENSG00000163191.6	S100A11	0.0290344	8.66584	0.75697
mRNA_MEbrown	ENSG00000120725.13	SIL1	0.0289919	3.77693	0.468492
mRNA_MEbrown	ENSG00000132591.12	ERAL1	0.0289857	4.22547	0.285742
mRNA_MEbrown	ENSG00000129255.16	MPDU1	0.0289751	4.28366	0.366147
mRNA_MEbrown	ENSG00000173581.8	CCDC106	0.0289719	3.21192	0.551591
mRNA_MEbrown	ENSG00000101363.12	MANBAL	0.0289698	4.69158	0.290334
mRNA_MEbrown	ENSG00000175467.15	SART1	0.0289679	3.74814	0.363918
mRNA_MEbrown	ENSG00000162755.14	KLHDC9	0.0289559	1.99259	0.570346
mRNA_MEbrown	ENSG00000074582.15	BCS1L	0.0289472	2.90869	0.335214
mRNA_MEbrown	ENSG00000167523.14	SPATA33	0.0289465	1.2631	0.270365
mRNA_MEbrown	ENSG00000123810.9	B9D2	0.0289242	2.91606	0.436002
mRNA_MEbrown	ENSG00000197345.13	MRPL21	0.0289241	3.47739	0.335967
mRNA_MEbrown	ENSG00000125821.13	DTD1	0.0289215	1.90149	0.338247
mRNA_MEbrown	ENSG00000141562.18	NARF	0.0289175	2.68009	0.291788
mRNA_MEbrown	ENSG00000186501.14	TMEM222	0.028901	3.55231	0.363917
mRNA_MEbrown	ENSG00000205643.11	CDPF1	0.0288933	2.81323	0.350326
mRNA_MEbrown	ENSG00000214063.11	TSPAN4	0.0288846	4.21339	0.477553
mRNA_MEbrown	ENSG00000105364.14	MRPL4	0.0288609	2.4593	0.288666
mRNA_MEbrown	ENSG00000159352.16	PSMD4	0.0288571	5.2361	0.310534
mRNA_MEbrown	ENSG00000027847.14	B4GALT7	0.0288551	3.03329	0.464746
mRNA_MEbrown	ENSG00000185122.11	HSF1	0.0288354	3.75999	0.351265
mRNA_MEbrown	ENSG00000214309.5	MBLAC1	0.0288286	1.11696	0.364935
mRNA_MEbrown	ENSG00000241685.10	ARPC1A	0.0288257	3.47116	0.458449
mRNA_MEbrown	ENSG00000167671.12	UBXN6	0.0288211	5.0472	0.370938
mRNA_MEbrown	ENSG00000185000.12	DGAT1	0.0287895	2.94952	0.350411
mRNA_MEbrown	ENSG00000169228.14	RAB24	0.0287893	1.59917	0.474117
mRNA_MEbrown	ENSG00000141854.9	MISP3	0.0287878	1.70565	0.644519
mRNA_MEbrown	ENSG00000166289.6	PLEKHF1	0.0287672	2.0084	0.552598
mRNA_MEbrown	ENSG00000125449.7	ARMC7	0.0287648	2.797	0.360615
mRNA_MEbrown	ENSG00000185627.18	PSMD13	0.0287514	4.57761	0.25835
mRNA_MEbrown	ENSG00000104731.14	KLHDC4	0.0287409	1.91768	0.289433
mRNA_MEbrown	ENSG00000147813.16	NAPRT	0.0286658	2.92494	0.625097
mRNA_MEbrown	ENSG00000167965.18	MLST8	0.0286535	3.28655	0.364309
mRNA_MEbrown	ENSG00000184897.6	H1-10	0.0286488	4.47102	0.676241
mRNA_MEbrown	ENSG00000155287.11	SLC25A28	0.0286447	4.34255	0.399652
mRNA_MEbrown	ENSG00000162191.14	UBXN1	0.0286198	5.1706	0.358352
mRNA_MEbrown	ENSG00000099904.16	ZDHHC8	0.0286187	3.00446	0.443415
mRNA_MEbrown	ENSG00000115289.14	PCGF1	0.0286116	3.34965	0.342233
mRNA_MEbrown	ENSG00000170892.12	TSEN34	0.0286013	3.7294	0.314908
mRNA_MEbrown	ENSG00000126457.22	PRMT1	0.0285915	4.25071	0.297474
mRNA_MEbrown	ENSG00000099999.15	RNF215	0.0285749	1.58806	0.284219
mRNA_MEbrown	ENSG00000111639.8	MRPL51	0.0285332	5.69263	0.319985
mRNA_MEbrown	ENSG00000105700.11	KXD1	0.0284653	3.10451	0.264299
mRNA_MEbrown	ENSG00000186654.21	PRR5	0.0284535	1.41944	0.406413
mRNA_MEbrown	ENSG00000101945.17	SUV39H1	0.0284418	1.76285	0.300213
mRNA_MEbrown	ENSG00000073050.12	XRCC1	0.0284415	3.48244	0.327081
mRNA_MEbrown	ENSG00000128311.14	TST	0.0284386	4.14912	0.851754
mRNA_MEbrown	ENSG00000143761.16	ARF1	0.0284347	7.22839	0.279245
mRNA_MEbrown	ENSG00000104946.13	TBC1D17	0.0283672	3.48807	0.356564
mRNA_MEbrown	ENSG00000104886.12	PLEKHJ1	0.0283583	2.89306	0.422755
mRNA_MEbrown	ENSG00000137312.15	FLOT1	0.0283579	6.18347	0.347629
mRNA_MEbrown	ENSG00000114125.14	RNF7	0.0283063	4.09588	0.348757
mRNA_MEbrown	ENSG00000105327.18	BBC3	0.0282746	2.10517	0.493918
mRNA_MEbrown	ENSG00000169976.7	SF3B5	0.0282723	6.32982	0.379283
mRNA_MEbrown	ENSG00000141759.15	TXNL4A	0.0282609	3.08105	0.328759
mRNA_MEbrown	ENSG00000104983.8	CCDC61	0.0282489	2.11046	0.29643
mRNA_MEbrown	ENSG00000136271.10	DDX56	0.0282477	4.22382	0.301896
mRNA_MEbrown	ENSG00000142544.7	CTU1	0.0282458	1.13508	0.350224
mRNA_MEbrown	ENSG00000149179.14	C11orf49	0.028241	2.52399	0.35427
mRNA_MEbrown	ENSG00000156411.10	ATP5MPL	0.0282294	3.58402	0.403606
mRNA_MEbrown	ENSG00000142168.15	SOD1	0.028229	6.64451	0.402868
mRNA_MEbrown	ENSG00000114395.11	CYB561D2	0.0282159	2.51204	0.364443
mRNA_MEbrown	ENSG00000124733.5	MEA1	0.0281465	3.92972	0.325536
mRNA_MEbrown	ENSG00000156990.14	RPUSD3	0.0281462	1.91629	0.26964
mRNA_MEbrown	ENSG00000175213.3	ZNF408	0.0281235	2.34196	0.283827
mRNA_MEbrown	ENSG00000215440.12	NPEPL1	0.0281115	1.1993	0.524919
mRNA_MEbrown	ENSG00000103269.14	RHBDL1	0.0281064	1.29848	0.723512
mRNA_MEbrown	ENSG00000204564.12	C6orf136	0.0281043	2.643	0.4215
mRNA_MEbrown	ENSG00000170430.10	MGMT	0.0281028	2.48265	0.428694
mRNA_MEbrown	ENSG00000141971.13	MVB12A	0.02809	3.63002	0.43328
mRNA_MEbrown	ENSG00000185813.11	PCYT2	0.02807	2.13742	0.548384
mRNA_MEbrown	ENSG00000243449.6	C4orf48	0.0280691	1.39182	0.722505
mRNA_MEbrown	ENSG00000176261.15	ZBTB8OS	0.0280612	2.46915	0.287267
mRNA_MEbrown	ENSG00000163382.12	NAXE	0.0280368	5.01589	0.41606
mRNA_MEbrown	ENSG00000090266.13	NDUFB2	0.0280306	3.37739	0.476257
mRNA_MEbrown	ENSG00000088356.6	PDRG1	0.0280234	3.16281	0.337679
mRNA_MEbrown	ENSG00000160055.20	TMEM234	0.0280229	1.81524	0.346478
mRNA_MEbrown	ENSG00000107874.11	CUEDC2	0.0280158	5.324	0.366733
mRNA_MEbrown	ENSG00000117308.15	GALE	0.0279987	3.55337	0.599893
mRNA_MEbrown	ENSG00000171421.13	MRPL36	0.0279565	3.58575	0.406137
mRNA_MEbrown	ENSG00000048162.21	NOP16	0.0279531	2.45487	0.438419
mRNA_MEbrown	ENSG00000196510.12	ANAPC7	0.0279349	2.69808	0.27289
mRNA_MEbrown	ENSG00000149357.10	LAMTOR1	0.0279226	5.12365	0.301814
mRNA_MEbrown	ENSG00000104805.16	NUCB1	0.0279094	6.71017	0.322289
mRNA_MEbrown	ENSG00000105325.15	FZR1	0.0278743	3.00188	0.280537
mRNA_MEbrown	ENSG00000256053.9	COA8	0.027871	1.90481	0.35156
mRNA_MEbrown	ENSG00000141577.14	CEP131	0.0278648	1.99107	0.375225
mRNA_MEbrown	ENSG00000213563.7	C8orf82	0.027859	2.98489	0.483785
mRNA_MEbrown	ENSG00000161618.10	ALDH16A1	0.0278525	2.45296	0.398811
mRNA_MEbrown	ENSG00000104904.12	OAZ1	0.0278521	6.23174	0.380305
mRNA_MEbrown	ENSG00000141570.11	CBX8	0.0278375	1.3113	0.326278
mRNA_MEbrown	ENSG00000011009.11	LYPLA2	0.0278296	4.78536	0.358708
mRNA_MEbrown	ENSG00000113068.10	PFDN1	0.0277718	4.93432	0.342151
mRNA_MEbrown	ENSG00000169957.10	ZNF768	0.0277388	4.51089	0.443981
mRNA_MEbrown	ENSG00000170291.15	ELP5	0.0277337	3.59026	0.291958
mRNA_MEbrown	ENSG00000196642.19	RABL6	0.0277151	2.90112	0.402952
mRNA_MEbrown	ENSG00000116863.11	ADPRS	0.0277073	4.96154	0.450004
mRNA_MEbrown	ENSG00000131188.12	PRR7	0.0276894	1.34551	0.617698
mRNA_MEbrown	ENSG00000257727.6	CNPY2	0.0276763	0.9136	0.244597
mRNA_MEbrown	ENSG00000121900.19	TMEM54	0.0276122	4.08899	0.795839
mRNA_MEbrown	ENSG00000110628.16	SLC22A18	0.0275737	3.21863	0.727269
mRNA_MEbrown	ENSG00000132394.11	EEFSEC	0.0275711	3.4931	0.392787
mRNA_MEbrown	ENSG00000104863.12	LIN7B	0.0275282	1.09887	0.359645
mRNA_MEbrown	ENSG00000141456.16	PELP1	0.0275126	3.2985	0.345672
mRNA_MEbrown	ENSG00000071462.12	BUD23	0.0274929	3.09699	0.330467
mRNA_MEbrown	ENSG00000185043.12	CIB1	0.0274908	6.02277	0.547553
mRNA_MEbrown	ENSG00000169692.13	AGPAT2	0.0274774	4.66022	0.583595
mRNA_MEbrown	ENSG00000135924.16	DNAJB2	0.0274682	4.16028	0.405931
mRNA_MEbrown	ENSG00000142444.7	TIMM29	0.0274674	2.77673	0.259418
mRNA_MEbrown	ENSG00000205352.11	PRR13	0.0274157	4.571	0.531899
mRNA_MEbrown	ENSG00000115211.16	EIF2B4	0.0273776	2.60756	0.25892
mRNA_MEbrown	ENSG00000103174.13	NAGPA	0.0273717	2.03512	0.312377
mRNA_MEbrown	ENSG00000132481.7	TRIM47	0.0273673	3.63828	0.581612
mRNA_MEbrown	ENSG00000198736.12	MSRB1	0.0273071	4.79764	0.797428
mRNA_MEbrown	ENSG00000169660.17	HEXD	0.0272959	2.48639	0.387955
mRNA_MEbrown	ENSG00000244187.8	TMEM141	0.0272633	3.77086	0.652884
mRNA_MEbrown	ENSG00000136463.8	TACO1	0.0272479	3.38286	0.413949
mRNA_MEbrown	ENSG00000178685.14	PARP10	0.027234	4.1078	0.530389
mRNA_MEbrown	ENSG00000175854.14	SWI5	0.0272276	2.75218	0.346489
mRNA_MEbrown	ENSG00000256537.5	SMIM10L1	0.0271963	2.54639	0.27797
mRNA_MEbrown	ENSG00000171453.20	POLR1C	0.0271812	1.92611	0.307197
mRNA_MEbrown	ENSG00000178741.12	COX5A	0.0271794	5.56606	0.471323
mRNA_MEbrown	ENSG00000119574.13	ZBTB45	0.0271557	2.37065	0.29681
mRNA_MEbrown	ENSG00000131174.7	COX7B	0.027115	4.90581	0.496038
mRNA_MEbrown	ENSG00000130921.8	C12orf65	0.027111	2.01178	0.258178
mRNA_MEbrown	ENSG00000120509.11	PDZD11	0.0271041	4.77633	0.323211
mRNA_MEbrown	ENSG00000143420.19	ENSA	0.0271004	4.9718	0.254567
mRNA_MEbrown	ENSG00000204839.9	MROH6	0.02709	1.12844	0.390946
mRNA_MEbrown	ENSG00000176125.7	UFSP1	0.0270895	0.981138	0.375315
mRNA_MEbrown	ENSG00000136810.13	TXN	0.0270889	6.85983	0.646388
mRNA_MEbrown	ENSG00000161671.17	EMC10	0.0270876	3.3942	0.393958
mRNA_MEbrown	ENSG00000168275.16	COA6	0.0270775	2.66454	0.410401
mRNA_MEbrown	ENSG00000109016.17	DHRS7B	0.0270613	2.6495	0.357401
mRNA_MEbrown	ENSG00000127220.6	ABHD8	0.0270315	2.31945	0.41815
mRNA_MEbrown	ENSG00000171853.16	TRAPPC12	0.0270225	2.54286	0.277317
mRNA_MEbrown	ENSG00000136877.15	FPGS	0.0270117	3.34086	0.314575
mRNA_MEbrown	ENSG00000242485.6	MRPL20	0.0270005	4.11544	0.335752
mRNA_MEbrown	ENSG00000141985.9	SH3GL1	0.0269518	4.54289	0.444658
mRNA_MEbrown	ENSG00000125841.13	NRSN2	0.0269472	4.24739	0.392589
mRNA_MEbrown	ENSG00000176476.9	SGF29	0.0269073	2.80309	0.41286
mRNA_MEbrown	ENSG00000160606.11	TLCD1	0.0268991	1.52143	0.678044
mRNA_MEbrown	ENSG00000131669.10	NINJ1	0.0268967	5.09805	0.467801
mRNA_MEbrown	ENSG00000150316.12	CWC15	0.0268837	4.47874	0.321883
mRNA_MEbrown	ENSG00000111716.14	LDHB	0.0268345	2.27418	0.601879
mRNA_MEbrown	ENSG00000115685.15	PPP1R7	0.02677	4.16699	0.310744
mRNA_MEbrown	ENSG00000066379.15	POLR1H	0.0267658	1.76684	0.31705
mRNA_MEbrown	ENSG00000102977.17	ACD	0.0267513	2.8313	0.341034
mRNA_MEbrown	ENSG00000120306.11	CYSTM1	0.0267299	5.86575	0.596952
mRNA_MEbrown	ENSG00000160256.13	FAM207A	0.0267248	3.07161	0.468127
mRNA_MEbrown	ENSG00000101940.18	WDR13	0.0267199	4.26964	0.488223
mRNA_MEbrown	ENSG00000177666.17	PNPLA2	0.0266996	4.11744	0.444319
mRNA_MEbrown	ENSG00000166823.5	MESP1	0.0266594	0.859875	0.400856
mRNA_MEbrown	ENSG00000185262.9	UBALD2	0.0266376	4.04379	0.472485
mRNA_MEbrown	ENSG00000173818.17	ENDOV	0.0266347	1.85506	0.304775
mRNA_MEbrown	ENSG00000091640.8	SPAG7	0.0266315	4.24739	0.349269
mRNA_MEbrown	ENSG00000178952.11	TUFM	0.0265721	6.13016	0.348957
mRNA_MEbrown	ENSG00000033050.9	ABCF2	0.0265714	1.94529	0.318594
mRNA_MEbrown	ENSG00000105519.18	CAPS	0.0265518	1.31364	0.591175
mRNA_MEbrown	ENSG00000197417.9	SHPK	0.0265056	1.0849	0.273909
mRNA_MEbrown	ENSG00000111671.10	SPSB2	0.026502	2.18684	0.527703
mRNA_MEbrown	ENSG00000148834.13	GSTO1	0.0264754	6.00587	0.491416
mRNA_MEbrown	ENSG00000166902.5	MRPL16	0.026432	4.12263	0.333309
mRNA_MEbrown	ENSG00000133027.18	PEMT	0.0264309	2.40936	0.542155
mRNA_MEbrown	ENSG00000119242.9	CCDC92	0.0264133	3.04015	0.330583
mRNA_MEbrown	ENSG00000173992.9	CCS	0.0264024	4.17072	0.501638
mRNA_MEbrown	ENSG00000235169.11	SMIM1	0.0263928	1.78398	0.600929
mRNA_MEbrown	ENSG00000102871.16	TRADD	0.026388	4.37472	0.475174
mRNA_MEbrown	ENSG00000179950.14	PUF60	0.0263789	4.24899	0.309042
mRNA_MEbrown	ENSG00000100348.10	TXN2	0.0263524	5.62984	0.309352
mRNA_MEbrown	ENSG00000161036.13	LRWD1	0.0263383	1.84487	0.302806
mRNA_MEbrown	ENSG00000130244.12	FAM98C	0.026336	2.20917	0.336964
mRNA_MEbrown	ENSG00000011478.13	QPCTL	0.0263265	2.38456	0.455615
mRNA_MEbrown	ENSG00000160214.13	RRP1	0.0263262	2.82041	0.336304
mRNA_MEbrown	ENSG00000184983.11	NDUFA6	0.026291	5.33914	0.405357
mRNA_MEbrown	ENSG00000138085.17	ATRAID	0.0262839	5.71649	0.343006
mRNA_MEbrown	ENSG00000161980.6	POLR3K	0.0262746	2.54144	0.338393
mRNA_MEbrown	ENSG00000139579.13	NABP2	0.0262459	4.11974	0.38977
mRNA_MEbrown	ENSG00000008517.18	IL32	0.0262449	6.26104	0.889218
mRNA_MEbrown	ENSG00000085644.14	ZNF213	0.0262355	1.90842	0.292696
mRNA_MEbrown	ENSG00000173327.8	MAP3K11	0.026207	3.52932	0.367113
mRNA_MEbrown	ENSG00000140319.11	SRP14	0.0261748	6.72246	0.294252
mRNA_MEbrown	ENSG00000112695.11	COX7A2	0.0261634	5.17611	0.40265
mRNA_MEbrown	ENSG00000186222.5	BLOC1S4	0.0261387	3.21952	0.293897
mRNA_MEbrown	ENSG00000284753.2	EEF1AKMT4	0.0261275	1.37478	0.534693
mRNA_MEbrown	ENSG00000051128.19	HOMER3	0.0261214	2.3033	0.466999
mRNA_MEbrown	ENSG00000126749.16	EMG1	0.0261132	2.47342	0.300705
mRNA_MEbrown	ENSG00000105401.9	CDC37	0.0261132	5.63716	0.349558
mRNA_MEbrown	ENSG00000176046.9	NUPR1	0.0260965	1.55932	0.614591
mRNA_MEbrown	ENSG00000178026.13	LRRC75B	0.0260802	3.55631	0.775291
mRNA_MEbrown	ENSG00000176978.14	DPP7	0.0260527	5.65327	0.606747
mRNA_MEbrown	ENSG00000136522.14	MRPL47	0.026038	4.23265	0.387541
mRNA_MEbrown	ENSG00000185187.13	SIGIRR	0.0260167	3.0351	0.576485
mRNA_MEbrown	ENSG00000114383.10	TUSC2	0.0260096	3.25277	0.332112
mRNA_MEbrown	ENSG00000168101.14	NUDT16L1	0.0259963	3.73367	0.437284
mRNA_MEbrown	ENSG00000108639.8	SYNGR2	0.0259948	5.41685	0.476914
mRNA_MEbrown	ENSG00000196262.15	PPIA	0.0259811	5.60529	0.322748
mRNA_MEbrown	ENSG00000187624.9	C17orf97	0.0259303	1.43443	0.504396
mRNA_MEbrown	ENSG00000158716.9	DUSP23	0.0258928	5.98012	0.772704
mRNA_MEbrown	ENSG00000147955.17	SIGMAR1	0.0258901	4.31242	0.332369
mRNA_MEbrown	ENSG00000104880.18	ARHGEF18	0.0258804	2.31383	0.26697
mRNA_MEbrown	ENSG00000130175.10	PRKCSH	0.02587	6.05944	0.371739
mRNA_MEbrown	ENSG00000172992.12	DCAKD	0.0257915	3.58817	0.340474
mRNA_MEbrown	ENSG00000102119.11	EMD	0.0257899	4.90239	0.364716
mRNA_MEbrown	ENSG00000112110.10	MRPL18	0.0257681	4.87097	0.375825
mRNA_MEbrown	ENSG00000106028.11	SSBP1	0.0257648	3.68439	0.331516
mRNA_MEbrown	ENSG00000256269.10	HMBS	0.0257466	1.93059	0.433024
mRNA_MEbrown	ENSG00000275074.2	NUDT18	0.0257293	2.80226	0.525249
mRNA_MEbrown	ENSG00000099377.14	HSD3B7	0.0257164	4.52778	0.929236
mRNA_MEbrown	ENSG00000111229.16	ARPC3	0.0256883	5.5479	0.388361
mRNA_MEbrown	ENSG00000149483.12	TMEM138	0.0256476	2.11079	0.334036
mRNA_MEbrown	ENSG00000174529.7	TMEM81	0.0256397	1.54841	0.326192
mRNA_MEbrown	ENSG00000163170.12	BOLA3	0.0256224	1.36037	0.338375
mRNA_MEbrown	ENSG00000185049.16	NELFA	0.0256177	2.63639	0.333022
mRNA_MEbrown	ENSG00000118046.16	STK11	0.0256174	2.71412	0.286733
mRNA_MEbrown	ENSG00000233276.7	GPX1	0.0256156	7.47966	0.584924
mRNA_MEbrown	ENSG00000138621.12	PPCDC	0.0256107	1.91939	0.295437
mRNA_MEbrown	ENSG00000082515.18	MRPL22	0.0256096	2.62346	0.372701
mRNA_MEbrown	ENSG00000076924.12	XAB2	0.0255751	3.74486	0.346668
mRNA_MEbrown	ENSG00000107902.14	LHPP	0.0255644	2.40505	0.517678
mRNA_MEbrown	ENSG00000197858.11	GPAA1	0.0255409	4.95768	0.442073
mRNA_MEbrown	ENSG00000196976.7	LAGE3	0.025491	3.19841	0.509758
mRNA_MEbrown	ENSG00000160993.4	ALKBH4	0.0254851	2.60238	0.29886
mRNA_MEbrown	ENSG00000101473.17	ACOT8	0.0254782	1.98616	0.26462
mRNA_MEbrown	ENSG00000173156.7	RHOD	0.0254712	3.11157	0.625695
mRNA_MEbrown	ENSG00000115257.15	PCSK4	0.0254654	1.04644	0.403001
mRNA_MEbrown	ENSG00000213722.10	DDAH2	0.0254409	4.65339	0.529235
mRNA_MEbrown	ENSG00000161914.10	ZNF653	0.0254121	1.51413	0.304807
mRNA_MEbrown	ENSG00000232112.3	TMA7	0.0254018	2.41969	0.432843
mRNA_MEbrown	ENSG00000114767.7	RRP9	0.0253999	2.97499	0.369267
mRNA_MEbrown	ENSG00000118640.11	VAMP8	0.0253976	7.02861	0.546378
mRNA_MEbrown	ENSG00000176946.12	THAP4	0.0253935	4.2911	0.369742
mRNA_MEbrown	ENSG00000101421.4	CHMP4B	0.0253934	6.48701	0.298136
mRNA_MEbrown	ENSG00000103148.17	NPRL3	0.0253879	3.15535	0.343316
mRNA_MEbrown	ENSG00000198324.13	PHETA1	0.0253521	2.44722	0.439071
mRNA_MEbrown	ENSG00000178860.8	MSC	0.0253354	3.69452	1.06741
mRNA_MEbrown	ENSG00000106330.12	MOSPD3	0.0253236	3.53085	0.426086
mRNA_MEbrown	ENSG00000164885.13	CDK5	0.025311	2.95637	0.41901
mRNA_MEbrown	ENSG00000133315.12	MACROD1	0.0253092	2.79352	0.668578
mRNA_MEbrown	ENSG00000177030.17	DEAF1	0.0252638	3.49838	0.38779
mRNA_MEbrown	ENSG00000107404.20	DVL1	0.025235	3.69577	0.478221
mRNA_MEbrown	ENSG00000159335.18	PTMS	0.0252346	7.42162	0.560376
mRNA_MEbrown	ENSG00000174021.11	GNG5	0.0252245	1.84527	0.451154
mRNA_MEbrown	ENSG00000171703.17	TCEA2	0.0252217	3.0016	0.485723
mRNA_MEbrown	ENSG00000162517.13	PEF1	0.0252192	4.94199	0.270234
mRNA_MEbrown	ENSG00000177830.18	CHID1	0.0252071	3.96515	0.307236
mRNA_MEbrown	ENSG00000183828.15	NUDT14	0.0251558	3.49929	0.597689
mRNA_MEbrown	ENSG00000188643.11	S100A16	0.0251361	6.00915	0.5112
mRNA_MEbrown	ENSG00000154723.12	ATP5PF	0.025093	4.56681	0.417709
mRNA_MEbrown	ENSG00000184990.13	SIVA1	0.0250907	3.2231	0.519024
mRNA_MEbrown	ENSG00000004142.12	POLDIP2	0.0250576	5.50058	0.345662
mRNA_MEbrown	ENSG00000123353.10	ORMDL2	0.0250478	2.22913	0.322405
mRNA_MEbrown	ENSG00000103152.12	MPG	0.0250045	3.38642	0.407421
mRNA_MEbrown	ENSG00000175221.15	MED16	0.0249876	3.76605	0.339154
mRNA_MEbrown	ENSG00000089248.7	ERP29	0.0249588	5.39414	0.347957
mRNA_MEbrown	ENSG00000233493.4	TMEM238	0.0249467	1.31422	0.587063
mRNA_MEbrown	ENSG00000008382.16	MPND	0.0249406	2.74537	0.391926
mRNA_MEbrown	ENSG00000037897.17	METTL1	0.0248998	3.03806	0.451807
mRNA_MEbrown	ENSG00000103260.9	METRN	0.0248591	2.37342	0.729033
mRNA_MEbrown	ENSG00000265354.4	TIMM23	0.0248445	5.03635	0.376235
mRNA_MEbrown	ENSG00000116685.16	KIAA2013	0.0248372	4.50346	0.329066
mRNA_MEbrown	ENSG00000185507.21	IRF7	0.0248184	3.44952	0.750368
mRNA_MEbrown	ENSG00000176022.7	B3GALT6	0.0248067	3.10694	0.379307
mRNA_MEbrown	ENSG00000182208.14	MOB2	0.0247872	2.83634	0.328198
mRNA_MEbrown	ENSG00000243056.2	EIF4EBP3	0.0247824	1.25742	0.422196
mRNA_MEbrown	ENSG00000099341.11	PSMD8	0.024745	5.43186	0.259495
mRNA_MEbrown	ENSG00000119632.4	IFI27L2	0.0247384	4.04521	0.632253
mRNA_MEbrown	ENSG00000184232.9	OAF	0.0247275	4.91148	0.565402
mRNA_MEbrown	ENSG00000090372.15	STRN4	0.0246748	3.39377	0.301504
mRNA_MEbrown	ENSG00000127838.14	PNKD	0.0246689	3.62338	0.504527
mRNA_MEbrown	ENSG00000081870.12	HSPB11	0.0246632	2.66364	0.318664
mRNA_MEbrown	ENSG00000160213.9	CSTB	0.0246612	5.12956	0.578564
mRNA_MEbrown	ENSG00000178028.14	DMAP1	0.0246309	2.93822	0.328069
mRNA_MEbrown	ENSG00000141378.15	PTRH2	0.0246185	2.07949	0.296748
mRNA_MEbrown	ENSG00000103043.15	VAC14	0.0245634	2.68648	0.329705
mRNA_MEbrown	ENSG00000105229.7	PIAS4	0.024543	2.70986	0.257237
mRNA_MEbrown	ENSG00000187840.5	EIF4EBP1	0.0245287	5.46045	0.834804
mRNA_MEbrown	ENSG00000005486.17	RHBDD2	0.0245201	5.06134	0.468516
mRNA_MEbrown	ENSG00000143294.15	PRCC	0.0245055	3.74683	0.313662
mRNA_MEbrown	ENSG00000160124.9	CCDC58	0.0244892	3.20705	0.47462
mRNA_MEbrown	ENSG00000184840.12	TMED9	0.024486	5.98303	0.424185
mRNA_MEbrown	ENSG00000167657.14	DAPK3	0.0244638	3.63916	0.398699
mRNA_MEbrown	ENSG00000006327.14	TNFRSF12A	0.0244401	5.41195	1.04331
mRNA_MEbrown	ENSG00000128739.23	SNRPN	0.0244321	0.977049	0.270687
mRNA_MEbrown	ENSG00000143545.10	RAB13	0.0244129	2.91936	0.493506
mRNA_MEbrown	ENSG00000198841.4	KTI12	0.0244106	1.42769	0.249503
mRNA_MEbrown	ENSG00000185651.15	UBE2L3	0.0244043	4.54824	0.258786
mRNA_MEbrown	ENSG00000132600.17	PRMT7	0.0243959	1.97905	0.241988
mRNA_MEbrown	ENSG00000134153.10	EMC7	0.024393	5.57464	0.28281
mRNA_MEbrown	ENSG00000197448.14	GSTK1	0.024388	5.51735	0.458607
mRNA_MEbrown	ENSG00000204272.13	NBDY	0.0243778	3.74305	0.291474
mRNA_MEbrown	ENSG00000261652.3	C15orf65	0.0242801	1.47102	0.420272
mRNA_MEbrown	ENSG00000116096.6	SPR	0.0242346	4.98982	0.591907
mRNA_MEbrown	ENSG00000110074.11	FOXRED1	0.0242062	2.20854	0.33904
mRNA_MEbrown	ENSG00000162384.14	CZIB	0.0241603	3.37375	0.298006
mRNA_MEbrown	ENSG00000179091.5	CYC1	0.0241464	5.79404	0.507199
mRNA_MEbrown	ENSG00000113811.11	SELENOK	0.0241418	4.1352	0.398888
mRNA_MEbrown	ENSG00000158792.16	SPATA2L	0.0241386	2.63157	0.540723
mRNA_MEbrown	ENSG00000101220.18	C20orf27	0.0241344	3.97303	0.392769
mRNA_MEbrown	ENSG00000166619.15	BLCAP	0.0241118	3.21123	0.335513
mRNA_MEbrown	ENSG00000188690.15	UROS	0.0239859	2.23241	0.368047
mRNA_MEbrown	ENSG00000105699.16	LSR	0.0238659	4.48577	0.537401
mRNA_MEbrown	ENSG00000059122.17	FLYWCH1	0.0237772	2.63678	0.341366
mRNA_MEbrown	ENSG00000240849.11	PEDS1	0.0237719	2.123	0.423664
mRNA_MEbrown	ENSG00000072849.11	DERL2	0.0237057	3.07113	0.277477
mRNA_MEbrown	ENSG00000032389.13	EIPR1	0.0236749	2.32896	0.333857
mRNA_MEbrown	ENSG00000122490.19	SLC66A2	0.0236424	3.3544	0.420915
mRNA_MEbrown	ENSG00000170604.5	IRF2BP1	0.0236247	3.37124	0.422287
mRNA_MEbrown	ENSG00000277203.1	F8A1	0.0236244	2.48879	0.634821
mRNA_MEbrown	ENSG00000257365.8	FNTB	0.0236164	1.60058	0.272055
mRNA_MEbrown	ENSG00000167705.12	RILP	0.0234869	2.79195	0.469813
mRNA_MEbrown	ENSG00000243477.6	NAA80	0.0234151	1.84708	0.349366
mRNA_MEbrown	ENSG00000169241.19	SLC50A1	0.0233892	3.91531	0.421095
mRNA_MEbrown	ENSG00000154582.17	ELOC	0.0233479	3.10959	0.300813
mRNA_MEbrown	ENSG00000117410.14	ATP6V0B	0.023295	4.81379	0.414947
mRNA_MEbrown	ENSG00000170684.9	ZNF296	0.023269	0.901378	0.393077
mRNA_MEbrown	ENSG00000243279.4	PRAF2	0.0232437	1.98058	0.542753
mRNA_MEbrown	ENSG00000146425.11	DYNLT1	0.0232311	4.64941	0.444205
mRNA_MEbrown	ENSG00000076984.18	MAP2K7	0.0231875	2.99094	0.279533
mRNA_MEbrown	ENSG00000239697.11	TNFSF12	0.0231682	4.26218	0.546488
mRNA_MEbrown	ENSG00000182872.16	RBM10	0.0231397	4.08487	0.268401
mRNA_MEbrown	ENSG00000214530.9	STARD10	0.0231047	3.20745	0.537681
mRNA_MEbrown	ENSG00000167775.11	CD320	0.023068	3.98683	0.472516
mRNA_MEbrown	ENSG00000129158.11	SERGEF	0.0229649	2.54514	0.354502
mRNA_MEbrown	ENSG00000205078.6	SYCE1L	0.0229387	1.25043	0.708916
mRNA_MEbrown	ENSG00000110442.12	COMMD9	0.0229215	2.97079	0.239467
mRNA_MEbrown	ENSG00000204498.11	NFKBIL1	0.022886	3.47008	0.425156
mRNA_MEbrown	ENSG00000172301.11	COPRS	0.0228547	4.42367	0.385403
mRNA_MEbrown	ENSG00000159228.13	CBR1	0.0227286	4.45311	0.542748
mRNA_MEbrown	ENSG00000073578.17	SDHA	0.0226935	1.29032	0.430435
mRNA_MEbrown	ENSG00000169223.15	LMAN2	0.0226668	6.76423	0.422737
mRNA_MEbrown	ENSG00000088986.11	DYNLL1	0.0226644	5.72523	0.332721
mRNA_MEbrown	ENSG00000103121.9	CMC2	0.0226463	0.872197	0.23408
mRNA_MEbrown	ENSG00000179862.7	CITED4	0.0226367	3.8678	0.858961
mRNA_MEbrown	ENSG00000197150.13	ABCB8	0.0225146	1.96088	0.390603
mRNA_MEbrown	ENSG00000006712.15	PAF1	0.0224691	4.67033	0.289959
mRNA_MEbrown	ENSG00000212864.3	RNF208	0.0224335	2.54129	0.736683
mRNA_MEbrown	ENSG00000125817.8	CENPB	0.0223743	5.15075	0.314922
mRNA_MEbrown	ENSG00000149929.16	HIRIP3	0.0223607	3.03742	0.408033
mRNA_MEbrown	ENSG00000250479.9	CHCHD10	0.0223057	5.13863	0.890278
mRNA_MEbrown	ENSG00000041357.16	PSMA4	0.0222413	3.76813	0.295798
mRNA_MEbrown	ENSG00000127184.13	COX7C	0.0221909	6.99819	0.476432
mRNA_MEbrown	ENSG00000214253.9	FIS1	0.0221894	5.59657	0.379339
mRNA_MEbrown	ENSG00000169230.10	PRELID1	0.0221678	4.0016	0.569436
mRNA_MEbrown	ENSG00000101464.11	PIGU	0.0221636	3.28338	0.312581
mRNA_MEbrown	ENSG00000125459.17	MSTO1	0.0221152	1.54615	0.292455
mRNA_MEbrown	ENSG00000122034.17	GTF3A	0.0221061	5.02252	0.441655
mRNA_MEbrown	ENSG00000213614.10	HEXA	0.0219801	1.76381	0.267974
mRNA_MEbrown	ENSG00000175581.14	MRPL48	0.0219209	2.60081	0.282596
mRNA_MEbrown	ENSG00000150787.8	PTS	0.0218282	2.48642	0.335722
mRNA_MEbrown	ENSG00000197483.10	ZNF628	0.0217183	1.76964	0.400114
mRNA_MEbrown	ENSG00000105443.15	CYTH2	0.0216432	2.94463	0.317868
mRNA_MEbrown	ENSG00000113734.18	BNIP1	0.0216252	2.24385	0.328376
mRNA_MEbrown	ENSG00000186132.15	C2orf76	0.0215509	2.30093	0.301085
mRNA_MEbrown	ENSG00000135736.6	CCDC102A	0.0215305	2.53769	0.427916
mRNA_MEbrown	ENSG00000010256.11	UQCRC1	0.0215258	5.22389	0.421395
mRNA_MEbrown	ENSG00000179922.6	ZNF784	0.0214254	2.2289	0.375783
mRNA_MEbrown	ENSG00000179886.6	TIGD5	0.0213524	1.66794	0.340785
mRNA_MEbrown	ENSG00000006625.18	GGCT	0.0210459	2.57435	0.381328
mRNA_MEbrown	ENSG00000188483.8	IER5L	0.0209949	2.24879	0.671975
mRNA_MEbrown	ENSG00000114023.15	FAM162A	0.0209741	4.40288	0.609705
mRNA_MEbrown	ENSG00000188290.11	HES4	0.0208435	3.11255	0.894338
mRNA_MEbrown	ENSG00000025770.19	NCAPH2	0.0208305	3.41164	0.361242
mRNA_MEbrown	ENSG00000126903.16	SLC10A3	0.0207622	4.0794	0.365001
mRNA_MEbrown	ENSG00000105617.4	LENG1	0.0203247	2.85625	0.421415
mRNA_MEbrown	ENSG00000156467.10	UQCRB	0.0202034	3.70483	0.372249
mRNA_MEbrown	ENSG00000123143.13	PKN1	0.0201412	5.34935	0.386417
mRNA_MEbrown	ENSG00000168734.14	PKIG	0.0199894	4.85461	0.392409
mRNA_MEbrown	ENSG00000105732.13	ZNF574	0.0197785	2.29489	0.27657
mRNA_MEbrown	ENSG00000145912.9	NHP2	0.0189189	4.12254	0.417294
mRNA_MEbrown	ENSG00000184831.14	APOO	0.0186228	2.35227	0.425793
mRNA_MEbrown	ENSG00000125651.14	GTF2F1	0.0179805	5.17854	0.301332
mRNA_MEbrown	ENSG00000090776.6	EFNB1	0.017748	4.32696	0.471472
mRNA_MEbrown	ENSG00000204227.5	RING1	0.0176732	4.6494	0.408794
mRNA_MEbrown	ENSG00000128274.17	A4GALT	0.0168272	4.32319	0.570256
mRNA_MEbrown	ENSG00000241852.10	C8orf58	0.0151861	2.13875	0.429545
mRNA_MEgreen	ENSG00000166840.13	GLYATL1	0.0559313	3.2427	1.30525
mRNA_MEgreen	ENSG00000174827.14	PDZK1	0.0552682	5.16292	1.18518
mRNA_MEgreen	ENSG00000132437.18	DDC	0.0551267	3.80011	1.56953
mRNA_MEgreen	ENSG00000167315.18	ACAA2	0.0545686	5.23585	0.840978
mRNA_MEgreen	ENSG00000182919.15	C11orf54	0.0545213	3.93502	0.85819
mRNA_MEgreen	ENSG00000010932.17	FMO1	0.0542896	3.79444	1.38823
mRNA_MEgreen	ENSG00000116771.6	AGMAT	0.054022	3.30999	1.2694
mRNA_MEgreen	ENSG00000113790.11	EHHADH	0.0540212	4.60844	0.986402
mRNA_MEgreen	ENSG00000113492.14	AGXT2	0.0538275	3.54692	1.41917
mRNA_MEgreen	ENSG00000142494.13	SLC47A1	0.0537148	4.83184	1.55433
mRNA_MEgreen	ENSG00000171365.17	CLCN5	0.0536289	2.8974	0.85957
mRNA_MEgreen	ENSG00000144035.4	NAT8	0.0536269	5.97384	1.9932
mRNA_MEgreen	ENSG00000129151.9	BBOX1	0.0532584	5.52392	1.69962
mRNA_MEgreen	ENSG00000168065.16	SLC22A11	0.053239	3.60369	1.5372
mRNA_MEgreen	ENSG00000156413.14	FUT6	0.0531557	2.15719	1.12982
mRNA_MEgreen	ENSG00000081479.15	LRP2	0.053083	4.62021	1.535
mRNA_MEgreen	ENSG00000137960.6	GIPC2	0.0530311	3.47935	1.06368
mRNA_MEgreen	ENSG00000165475.15	CRYL1	0.0529733	5.01388	0.732258
mRNA_MEgreen	ENSG00000140284.11	SLC27A2	0.0527559	3.51837	1.41851
mRNA_MEgreen	ENSG00000149124.11	GLYAT	0.0526236	4.06191	1.36661
mRNA_MEgreen	ENSG00000147003.7	CLTRN	0.0525361	4.93575	1.64615
mRNA_MEgreen	ENSG00000116882.15	HAO2	0.0524801	2.97421	1.65397
mRNA_MEgreen	ENSG00000153086.14	ACMSD	0.052455	3.92036	1.15879
mRNA_MEgreen	ENSG00000135100.18	HNF1A	0.0522511	1.99311	0.720762
mRNA_MEgreen	ENSG00000154025.16	SLC5A10	0.0522495	2.40514	1.24193
mRNA_MEgreen	ENSG00000100253.13	MIOX	0.0521478	4.58309	1.97314
mRNA_MEgreen	ENSG00000021488.13	SLC7A9	0.0520027	2.59017	1.06149
mRNA_MEgreen	ENSG00000175311.7	ANKS4B	0.0514069	2.089	0.951834
mRNA_MEgreen	ENSG00000176974.20	SHMT1	0.0511126	4.27086	0.71559
mRNA_MEgreen	ENSG00000005882.12	PDK2	0.0509965	3.22423	0.542588
mRNA_MEgreen	ENSG00000066813.14	ACSM2B	0.0509535	3.87259	1.54017
mRNA_MEgreen	ENSG00000183747.12	ACSM2A	0.0508435	4.02301	1.488
mRNA_MEgreen	ENSG00000198130.16	HIBCH	0.0506683	2.6127	0.573775
mRNA_MEgreen	ENSG00000115361.8	ACADL	0.0506683	3.07986	1.04485
mRNA_MEgreen	ENSG00000165449.11	SLC16A9	0.0505114	3.78618	1.53306
mRNA_MEgreen	ENSG00000180185.11	FAHD1	0.0502481	4.57486	0.639773
mRNA_MEgreen	ENSG00000152782.16	PANK1	0.0501803	1.77344	0.754825
mRNA_MEgreen	ENSG00000144407.9	PTH2R	0.0501193	2.57508	0.848885
mRNA_MEgreen	ENSG00000143627.19	PKLR	0.0499361	2.35753	1.34216
mRNA_MEgreen	ENSG00000165443.12	PHYHIPL	0.0499151	2.27389	1.1175
mRNA_MEgreen	ENSG00000100079.7	LGALS2	0.0499093	5.56959	1.4017
mRNA_MEgreen	ENSG00000171766.17	GATM	0.0496732	4.89309	1.17359
mRNA_MEgreen	ENSG00000137274.13	BPHL	0.0495986	1.82541	0.480644
mRNA_MEgreen	ENSG00000157184.7	CPT2	0.0493995	1.34019	0.381391
mRNA_MEgreen	ENSG00000138030.13	KHK	0.0491695	4.5846	1.2785
mRNA_MEgreen	ENSG00000169562.13	GJB1	0.0491646	2.04807	0.855592
mRNA_MEgreen	ENSG00000141401.12	IMPA2	0.0491542	5.29372	0.905504
mRNA_MEgreen	ENSG00000157111.13	TMEM171	0.0491153	3.07807	1.21016
mRNA_MEgreen	ENSG00000175806.15	MSRA	0.0490962	3.11103	0.786243
mRNA_MEgreen	ENSG00000010379.16	SLC6A13	0.0490203	4.81638	1.67056
mRNA_MEgreen	ENSG00000075239.14	ACAT1	0.0490146	4.01922	0.826295
mRNA_MEgreen	ENSG00000124568.12	SLC17A1	0.0489812	3.57333	1.49551
mRNA_MEgreen	ENSG00000132541.11	RIDA	0.0489482	5.44482	0.908964
mRNA_MEgreen	ENSG00000163686.15	ABHD6	0.0488902	3.24651	0.695443
mRNA_MEgreen	ENSG00000075234.17	TTC38	0.0488488	4.36876	0.63043
mRNA_MEgreen	ENSG00000137251.16	TINAG	0.0487001	3.55135	1.42016
mRNA_MEgreen	ENSG00000204444.11	APOM	0.0486802	4.00895	1.45238
mRNA_MEgreen	ENSG00000130234.12	ACE2	0.0486576	1.59262	1.00075
mRNA_MEgreen	ENSG00000107611.16	CUBN	0.0484565	4.58004	1.53699
mRNA_MEgreen	ENSG00000108381.11	ASPA	0.0484166	3.32109	0.974487
mRNA_MEgreen	ENSG00000153904.21	DDAH1	0.0483632	5.09711	0.757056
mRNA_MEgreen	ENSG00000204613.11	TRIM10	0.0483121	1.17576	0.599408
mRNA_MEgreen	ENSG00000188176.12	SMTNL2	0.0483034	2.77567	1.068
mRNA_MEgreen	ENSG00000164325.8	TMEM174	0.0482484	2.36764	1.79197
mRNA_MEgreen	ENSG00000006611.17	USH1C	0.04823	4.89838	1.04536
mRNA_MEgreen	ENSG00000253313.6	C1orf210	0.0482212	2.57331	1.22894
mRNA_MEgreen	ENSG00000137171.15	KLC4	0.0479991	3.04286	0.469343
mRNA_MEgreen	ENSG00000120915.14	EPHX2	0.0479419	3.91056	0.895396
mRNA_MEgreen	ENSG00000106688.12	SLC1A1	0.0478919	4.05291	0.883094
mRNA_MEgreen	ENSG00000124839.13	RAB17	0.0478794	3.54167	0.825475
mRNA_MEgreen	ENSG00000132837.15	DMGDH	0.047813	3.87379	0.93356
mRNA_MEgreen	ENSG00000187048.13	CYP4A11	0.0476115	2.99874	2.19474
mRNA_MEgreen	ENSG00000089220.5	PEBP1	0.0475771	8.373	0.595798
mRNA_MEgreen	ENSG00000181513.15	ACBD4	0.0474163	3.15353	0.600974
mRNA_MEgreen	ENSG00000186051.7	TAL2	0.0474042	1.59782	0.850083
mRNA_MEgreen	ENSG00000164237.9	CMBL	0.0473668	5.50025	1.00002
mRNA_MEgreen	ENSG00000078902.16	TOLLIP	0.0472464	4.02235	0.408988
mRNA_MEgreen	ENSG00000083067.23	TRPM3	0.0469672	0.89658	0.588975
mRNA_MEgreen	ENSG00000162482.5	AKR7A3	0.04683	3.41627	1.29459
mRNA_MEgreen	ENSG00000112499.13	SLC22A2	0.0468178	4.67588	1.66885
mRNA_MEgreen	ENSG00000108187.16	PBLD	0.0466751	3.95448	1.00436
mRNA_MEgreen	ENSG00000165140.11	FBP1	0.046514	3.37419	1.13711
mRNA_MEgreen	ENSG00000166126.11	AMN	0.046468	3.42507	1.30465
mRNA_MEgreen	ENSG00000148584.15	A1CF	0.0464434	2.03122	1.03597
mRNA_MEgreen	ENSG00000145476.16	CYP4V2	0.0464219	3.02191	0.612037
mRNA_MEgreen	ENSG00000124564.17	SLC17A3	0.0464219	5.11417	2.1196
mRNA_MEgreen	ENSG00000134463.15	ECHDC3	0.0463911	4.29999	0.879871
mRNA_MEgreen	ENSG00000156222.12	SLC28A1	0.046351	5.30759	1.1353
mRNA_MEgreen	ENSG00000117791.16	MTARC2	0.0462584	4.17315	0.647423
mRNA_MEgreen	ENSG00000135525.18	MAP7	0.0462135	3.24927	1.03427
mRNA_MEgreen	ENSG00000072210.19	ALDH3A2	0.0462017	3.43314	0.75945
mRNA_MEgreen	ENSG00000139540.12	SLC39A5	0.0461976	3.76638	1.50427
mRNA_MEgreen	ENSG00000128165.9	ADM2	0.0461746	3.17599	0.90733
mRNA_MEgreen	ENSG00000171503.12	ETFDH	0.046158	3.08397	0.51126
mRNA_MEgreen	ENSG00000137106.18	GRHPR	0.0461493	3.8072	0.506134
mRNA_MEgreen	ENSG00000117480.16	FAAH	0.0461357	3.50279	0.784508
mRNA_MEgreen	ENSG00000168679.18	SLC16A4	0.0460226	5.04989	0.780732
mRNA_MEgreen	ENSG00000139344.8	AMDHD1	0.0459914	1.4134	0.71768
mRNA_MEgreen	ENSG00000127328.22	RAB3IP	0.0459619	2.47123	0.780584
mRNA_MEgreen	ENSG00000176894.10	PXMP2	0.045877	1.10767	0.448191
mRNA_MEgreen	ENSG00000134873.10	CLDN10	0.0458498	2.93273	0.897564
mRNA_MEgreen	ENSG00000173930.9	SLCO4C1	0.0458486	4.20057	1.16931
mRNA_MEgreen	ENSG00000198049.7	AVPR1B	0.0457222	1.49762	0.875468
mRNA_MEgreen	ENSG00000121671.12	CRY2	0.045715	3.78408	0.636134
mRNA_MEgreen	ENSG00000148942.15	SLC5A12	0.045689	3.0275	1.82638
mRNA_MEgreen	ENSG00000141441.16	GAREM1	0.0456802	2.83137	0.80141
mRNA_MEgreen	ENSG00000186212.4	SOWAHB	0.0456188	1.87773	0.751193
mRNA_MEgreen	ENSG00000107745.19	MICU1	0.0454561	4.46407	0.437108
mRNA_MEgreen	ENSG00000100024.15	UPB1	0.0454415	2.33353	0.98905
mRNA_MEgreen	ENSG00000095209.12	TMEM38B	0.0451965	3.39434	0.895461
mRNA_MEgreen	ENSG00000171914.16	TLN2	0.0451291	2.5354	0.629365
mRNA_MEgreen	ENSG00000197901.12	SLC22A6	0.0451252	2.36699	2.04837
mRNA_MEgreen	ENSG00000148057.16	IDNK	0.0450533	2.37709	0.58626
mRNA_MEgreen	ENSG00000116791.14	CRYZ	0.0449813	5.59525	0.735868
mRNA_MEgreen	ENSG00000137700.18	SLC37A4	0.0449755	4.50704	0.655067
mRNA_MEgreen	ENSG00000081800.9	SLC13A1	0.0449305	2.2522	1.67158
mRNA_MEgreen	ENSG00000181192.12	DHTKD1	0.0448912	3.60759	0.727908
mRNA_MEgreen	ENSG00000137364.5	TPMT	0.0448865	4.40887	0.563447
mRNA_MEgreen	ENSG00000184434.8	LRRC19	0.0448678	2.04771	1.17471
mRNA_MEgreen	ENSG00000153071.15	DAB2	0.0448634	5.86858	0.676815
mRNA_MEgreen	ENSG00000130545.16	CRB3	0.0448207	3.64361	0.701999
mRNA_MEgreen	ENSG00000100417.12	PMM1	0.0447903	3.14864	0.580682
mRNA_MEgreen	ENSG00000181035.14	SLC25A42	0.0447677	3.16301	0.716408
mRNA_MEgreen	ENSG00000113389.16	NPR3	0.04474	4.06985	1.59691
mRNA_MEgreen	ENSG00000103316.12	CRYM	0.0446927	2.15163	0.937691
mRNA_MEgreen	ENSG00000133313.15	CNDP2	0.0446523	6.44386	0.701147
mRNA_MEgreen	ENSG00000115649.16	CNPPD1	0.0445637	5.66969	0.553846
mRNA_MEgreen	ENSG00000176399.4	DMRTA1	0.0445384	1.38695	0.570589
mRNA_MEgreen	ENSG00000197891.12	SLC22A12	0.044465	2.70359	2.0356
mRNA_MEgreen	ENSG00000184117.12	NIPSNAP1	0.0444558	4.7201	0.627982
mRNA_MEgreen	ENSG00000145217.14	SLC26A1	0.0444357	1.53057	0.564621
mRNA_MEgreen	ENSG00000053371.12	AKR7A2	0.0444298	5.14742	0.670266
mRNA_MEgreen	ENSG00000117054.14	ACADM	0.0443525	4.04066	0.717577
mRNA_MEgreen	ENSG00000105707.14	HPN	0.0443274	5.41999	0.885509
mRNA_MEgreen	ENSG00000143158.11	MPC2	0.0441872	5.0629	0.618369
mRNA_MEgreen	ENSG00000156345.18	CDK20	0.0441208	1.92339	0.429499
mRNA_MEgreen	ENSG00000084754.12	HADHA	0.0441006	6.26328	0.386793
mRNA_MEgreen	ENSG00000119844.15	AFTPH	0.0440341	3.93815	0.474643
mRNA_MEgreen	ENSG00000132849.21	PATJ	0.0440067	3.07833	0.623718
mRNA_MEgreen	ENSG00000174885.13	NLRP6	0.043955	1.32696	0.771909
mRNA_MEgreen	ENSG00000166900.17	STX3	0.0439205	3.43185	0.547674
mRNA_MEgreen	ENSG00000100170.10	SLC5A1	0.0438969	2.6928	1.82844
mRNA_MEgreen	ENSG00000184988.8	TMEM106A	0.0437214	2.77419	0.545674
mRNA_MEgreen	ENSG00000119471.15	HSDL2	0.0436896	4.67493	0.611437
mRNA_MEgreen	ENSG00000116138.13	DNAJC16	0.0435991	2.37164	0.360332
mRNA_MEgreen	ENSG00000095321.17	CRAT	0.0434111	4.24944	0.51125
mRNA_MEgreen	ENSG00000105053.11	VRK3	0.0433722	2.38829	0.298837
mRNA_MEgreen	ENSG00000115425.14	PECR	0.0433392	3.42029	0.678852
mRNA_MEgreen	ENSG00000158169.13	FANCC	0.0433123	1.4911	0.459199
mRNA_MEgreen	ENSG00000162817.7	C1orf115	0.0433079	4.52373	0.719411
mRNA_MEgreen	ENSG00000130517.14	PGPEP1	0.0431835	3.6894	0.542375
mRNA_MEgreen	ENSG00000140374.16	ETFA	0.0431318	4.08004	0.447451
mRNA_MEgreen	ENSG00000196372.13	ASB13	0.0430454	4.62226	0.645429
mRNA_MEgreen	ENSG00000118960.13	HS1BP3	0.043041	2.72904	0.458639
mRNA_MEgreen	ENSG00000170088.14	TMEM192	0.0430033	2.41694	0.422704
mRNA_MEgreen	ENSG00000162460.7	TMEM82	0.0429864	1.60389	1.21264
mRNA_MEgreen	ENSG00000065361.16	ERBB3	0.0429656	4.51083	0.991474
mRNA_MEgreen	ENSG00000204308.8	RNF5	0.0428682	6.27107	0.534793
mRNA_MEgreen	ENSG00000162869.16	PPP1R21	0.0427945	3.42294	0.400862
mRNA_MEgreen	ENSG00000188906.16	LRRK2	0.0427781	3.62745	0.866364
mRNA_MEgreen	ENSG00000033627.17	ATP6V0A1	0.0427779	3.38706	0.43848
mRNA_MEgreen	ENSG00000121691.7	CAT	0.0427269	5.48204	0.617949
mRNA_MEgreen	ENSG00000166689.16	PLEKHA7	0.0426854	2.36332	0.594856
mRNA_MEgreen	ENSG00000128298.17	BAIAP2L2	0.042637	3.45197	1.1066
mRNA_MEgreen	ENSG00000132744.8	ACY3	0.0425548	4.5182	1.14692
mRNA_MEgreen	ENSG00000162882.15	HAAO	0.0425297	4.09067	0.72735
mRNA_MEgreen	ENSG00000118564.15	FBXL5	0.0425245	6.00717	0.599426
mRNA_MEgreen	ENSG00000162365.12	CYP4A22	0.0424504	1.18551	1.25001
mRNA_MEgreen	ENSG00000187097.13	ENTPD5	0.0424107	2.60391	0.829526
mRNA_MEgreen	ENSG00000142661.19	MYOM3	0.0423248	2.47511	0.901645
mRNA_MEgreen	ENSG00000163069.13	SGCB	0.0422956	5.15989	0.559805
mRNA_MEgreen	ENSG00000100412.17	ACO2	0.0422843	3.64298	0.594569
mRNA_MEgreen	ENSG00000143622.11	RIT1	0.0421744	4.42935	0.570771
mRNA_MEgreen	ENSG00000109618.12	SEPSECS	0.0421286	2.56864	0.451479
mRNA_MEgreen	ENSG00000213901.11	SLC23A3	0.0421106	1.8441	1.30243
mRNA_MEgreen	ENSG00000105926.16	MPP6	0.0420419	1.90873	0.680939
mRNA_MEgreen	ENSG00000186868.16	MAPT	0.0420318	2.50061	1.09714
mRNA_MEgreen	ENSG00000064115.11	TM7SF3	0.0419724	4.69867	0.658606
mRNA_MEgreen	ENSG00000256870.3	SLC5A8	0.0418129	2.62682	1.75599
mRNA_MEgreen	ENSG00000152953.13	STK32B	0.0417979	3.01766	0.840703
mRNA_MEgreen	ENSG00000204610.13	TRIM15	0.0417978	2.35117	0.974201
mRNA_MEgreen	ENSG00000164904.18	ALDH7A1	0.0417768	2.69231	0.408629
mRNA_MEgreen	ENSG00000091262.16	ABCC6	0.0417491	2.513	0.941189
mRNA_MEgreen	ENSG00000150893.11	FREM2	0.0417404	1.2605	0.698068
mRNA_MEgreen	ENSG00000132570.15	PCBD2	0.0417372	1.93609	0.353702
mRNA_MEgreen	ENSG00000171227.7	TMEM37	0.0417049	6.23999	0.892288
mRNA_MEgreen	ENSG00000144908.14	ALDH1L1	0.0416886	2.49774	1.18714
mRNA_MEgreen	ENSG00000144214.10	LYG1	0.0416752	3.77155	1.36389
mRNA_MEgreen	ENSG00000138029.14	HADHB	0.0416652	5.51175	0.441665
mRNA_MEgreen	ENSG00000106772.18	PRUNE2	0.0416321	3.80937	0.983087
mRNA_MEgreen	ENSG00000016391.11	CHDH	0.041614	2.79334	0.818559
mRNA_MEgreen	ENSG00000157551.19	KCNJ15	0.0415699	3.51321	1.28796
mRNA_MEgreen	ENSG00000185432.12	METTL7A	0.0415657	5.44346	0.743823
mRNA_MEgreen	ENSG00000120162.10	MOB3B	0.0415189	2.79963	0.64565
mRNA_MEgreen	ENSG00000125255.7	SLC10A2	0.041377	2.15019	1.48148
mRNA_MEgreen	ENSG00000132199.20	ENOSF1	0.0413571	2.67462	0.567347
mRNA_MEgreen	ENSG00000167701.14	GPT	0.0413396	2.19582	1.05764
mRNA_MEgreen	ENSG00000151150.22	ANK3	0.0412975	1.67445	0.735811
mRNA_MEgreen	ENSG00000197208.6	SLC22A4	0.0412663	2.29373	0.769568
mRNA_MEgreen	ENSG00000048471.14	SNX29	0.0412422	3.23396	0.603667
mRNA_MEgreen	ENSG00000176422.14	SPRYD4	0.0411815	1.45909	0.274657
mRNA_MEgreen	ENSG00000145022.4	TCTA	0.0411549	4.4092	0.476934
mRNA_MEgreen	ENSG00000250799.11	PRODH2	0.0411365	2.73845	1.2481
mRNA_MEgreen	ENSG00000111199.12	TRPV4	0.0411085	3.07426	0.981105
mRNA_MEgreen	ENSG00000101856.10	PGRMC1	0.0410756	7.18547	0.59274
mRNA_MEgreen	ENSG00000090565.17	RAB11FIP3	0.0410741	4.50696	0.583321
mRNA_MEgreen	ENSG00000164039.15	BDH2	0.0410547	3.35889	0.570355
mRNA_MEgreen	ENSG00000042445.14	RETSAT	0.0410433	4.55573	0.476188
mRNA_MEgreen	ENSG00000120756.13	PLS1	0.0409517	2.71353	0.849948
mRNA_MEgreen	ENSG00000172955.17	ADH6	0.0409232	1.17736	0.791449
mRNA_MEgreen	ENSG00000095932.7	SMIM24	0.0409171	5.60424	1.57631
mRNA_MEgreen	ENSG00000152779.14	SLC16A12	0.0408969	3.79283	1.62308
mRNA_MEgreen	ENSG00000163071.11	SPATA18	0.0408795	3.37409	0.812122
mRNA_MEgreen	ENSG00000163581.14	SLC2A2	0.0408663	2.9601	1.40982
mRNA_MEgreen	ENSG00000135220.11	UGT2A3	0.0408419	5.13096	1.5537
mRNA_MEgreen	ENSG00000107537.14	PHYH	0.040821	3.98043	0.625266
mRNA_MEgreen	ENSG00000197006.14	METTL9	0.0407912	4.76974	0.504145
mRNA_MEgreen	ENSG00000187736.13	NHEJ1	0.0407789	1.02782	0.391059
mRNA_MEgreen	ENSG00000112304.11	ACOT13	0.0407782	2.62491	0.36021
mRNA_MEgreen	ENSG00000156709.15	AIFM1	0.0407117	2.83731	0.674119
mRNA_MEgreen	ENSG00000165023.7	DIRAS2	0.0407017	2.79595	1.0088
mRNA_MEgreen	ENSG00000165269.13	AQP7	0.0406934	1.4028	0.789187
mRNA_MEgreen	ENSG00000102543.14	CDADC1	0.0406894	2.0708	0.366662
mRNA_MEgreen	ENSG00000183549.10	ACSM5	0.0406592	3.16529	0.943407
mRNA_MEgreen	ENSG00000180745.5	CLRN3	0.0406534	4.98497	1.31708
mRNA_MEgreen	ENSG00000179023.8	KLHDC7A	0.0406445	3.23731	0.927729
mRNA_MEgreen	ENSG00000145692.15	BHMT	0.040551	5.53533	1.41052
mRNA_MEgreen	ENSG00000145247.12	OCIAD2	0.0405147	5.5477	0.666689
mRNA_MEgreen	ENSG00000166347.19	CYB5A	0.0404979	5.10064	0.815794
mRNA_MEgreen	ENSG00000144445.17	KANSL1L	0.040467	2.58478	0.481208
mRNA_MEgreen	ENSG00000119431.9	HDHD3	0.0404585	3.64993	0.622581
mRNA_MEgreen	ENSG00000205744.10	DENND1C	0.0404277	3.43161	0.621403
mRNA_MEgreen	ENSG00000164466.13	SFXN1	0.0404198	3.52991	0.435358
mRNA_MEgreen	ENSG00000119042.17	SATB2	0.0403976	1.45253	0.514294
mRNA_MEgreen	ENSG00000147647.13	DPYS	0.0403855	3.68499	1.21429
mRNA_MEgreen	ENSG00000178401.16	DNAJC22	0.0403822	3.50607	0.697078
mRNA_MEgreen	ENSG00000120053.12	GOT1	0.0403711	5.18447	0.753612
mRNA_MEgreen	ENSG00000198721.13	ECI2	0.0403701	3.02149	0.434115
mRNA_MEgreen	ENSG00000117528.14	ABCD3	0.0403291	3.30664	0.47632
mRNA_MEgreen	ENSG00000093217.11	XYLB	0.0403214	1.20647	0.448761
mRNA_MEgreen	ENSG00000124374.9	PAIP2B	0.0402915	1.71178	0.795225
mRNA_MEgreen	ENSG00000109062.12	SLC9A3R1	0.0402661	6.32617	0.698086
mRNA_MEgreen	ENSG00000069020.18	MAST4	0.0402316	2.52014	0.530627
mRNA_MEgreen	ENSG00000159423.17	ALDH4A1	0.0402201	4.28325	1.19842
mRNA_MEgreen	ENSG00000142082.15	SIRT3	0.0402153	2.75285	0.30908
mRNA_MEgreen	ENSG00000122971.9	ACADS	0.0401995	4.44662	0.593825
mRNA_MEgreen	ENSG00000163251.4	FZD5	0.0400769	2.62806	0.687014
mRNA_MEgreen	ENSG00000172831.14	CES2	0.040076	4.98254	0.795649
mRNA_MEgreen	ENSG00000185339.9	TCN2	0.0400708	6.071	0.883663
mRNA_MEgreen	ENSG00000174327.7	SLC16A13	0.0400692	2.5426	0.779782
mRNA_MEgreen	ENSG00000138079.14	SLC3A1	0.0399938	0.871443	0.401434
mRNA_MEgreen	ENSG00000117305.15	HMGCL	0.0399685	3.54649	0.441971
mRNA_MEgreen	ENSG00000105967.16	TFEC	0.0399677	2.63459	0.853761
mRNA_MEgreen	ENSG00000113924.12	HGD	0.0399118	4.37159	0.937272
mRNA_MEgreen	ENSG00000177465.4	ACOT4	0.0399036	2.17706	0.796739
mRNA_MEgreen	ENSG00000204568.12	MRPS18B	0.0398166	5.44911	0.421375
mRNA_MEgreen	ENSG00000162461.8	SLC25A34	0.0397148	1.3378	0.674517
mRNA_MEgreen	ENSG00000178078.12	STAP2	0.0396696	3.94505	0.697224
mRNA_MEgreen	ENSG00000136770.11	DNAJC1	0.0396447	4.49115	0.527697
mRNA_MEgreen	ENSG00000198814.13	GK	0.0396057	1.97162	0.650601
mRNA_MEgreen	ENSG00000100889.12	PCK2	0.0395648	3.50997	0.661501
mRNA_MEgreen	ENSG00000130045.16	NXNL2	0.0395579	1.80637	0.700201
mRNA_MEgreen	ENSG00000069535.14	MAOB	0.0394927	6.31423	0.815027
mRNA_MEgreen	ENSG00000139194.8	RBP5	0.0394571	5.94497	1.19574
mRNA_MEgreen	ENSG00000106565.18	TMEM176B	0.0394558	8.11096	0.730971
mRNA_MEgreen	ENSG00000171234.14	UGT2B7	0.0394538	6.41626	1.15452
mRNA_MEgreen	ENSG00000151726.15	ACSL1	0.0392619	5.23108	0.876918
mRNA_MEgreen	ENSG00000132840.10	BHMT2	0.0392547	5.95648	0.946175
mRNA_MEgreen	ENSG00000125246.15	CLYBL	0.0391706	1.49976	0.40771
mRNA_MEgreen	ENSG00000162104.10	ADCY9	0.0391519	2.75763	0.475571
mRNA_MEgreen	ENSG00000183044.12	ABAT	0.0391371	1.62291	0.715664
mRNA_MEgreen	ENSG00000128928.10	IVD	0.0391184	3.76411	0.448681
mRNA_MEgreen	ENSG00000143149.12	ALDH9A1	0.0390726	4.97583	0.486065
mRNA_MEgreen	ENSG00000131482.10	G6PC	0.0389708	1.08214	1.16428
mRNA_MEgreen	ENSG00000127831.11	VIL1	0.0389614	1.72432	1.26792
mRNA_MEgreen	ENSG00000076826.10	CAMSAP3	0.0389046	2.19291	0.603311
mRNA_MEgreen	ENSG00000106078.19	COBL	0.0388761	1.37307	0.570995
mRNA_MEgreen	ENSG00000110076.19	NRXN2	0.038836	1.93979	0.895215
mRNA_MEgreen	ENSG00000139835.14	GRTP1	0.0388175	1.76832	0.585572
mRNA_MEgreen	ENSG00000080371.6	RAB21	0.0387967	3.12945	0.323235
mRNA_MEgreen	ENSG00000116171.19	SCP2	0.038764	4.36955	0.34929
mRNA_MEgreen	ENSG00000103449.12	SALL1	0.0387607	3.7319	0.726025
mRNA_MEgreen	ENSG00000006210.7	CX3CL1	0.0387606	5.35006	0.739473
mRNA_MEgreen	ENSG00000133116.8	KL	0.0387304	3.92806	1.13119
mRNA_MEgreen	ENSG00000186951.16	PPARA	0.0387033	2.36576	0.453935
mRNA_MEgreen	ENSG00000160785.13	SLC25A44	0.0386693	2.98754	0.470278
mRNA_MEgreen	ENSG00000178234.13	GALNT11	0.0386688	3.8862	0.729727
mRNA_MEgreen	ENSG00000170743.17	SYT9	0.038666	1.31144	0.898929
mRNA_MEgreen	ENSG00000080493.18	SLC4A4	0.0386656	4.21735	0.933835
mRNA_MEgreen	ENSG00000099834.19	CDHR5	0.0386643	5.08007	1.62139
mRNA_MEgreen	ENSG00000117448.14	AKR1A1	0.0386611	5.61701	0.534483
mRNA_MEgreen	ENSG00000172367.16	PDZD3	0.0386468	1.40176	0.676335
mRNA_MEgreen	ENSG00000141127.15	PRPSAP2	0.0386394	2.738	0.364165
mRNA_MEgreen	ENSG00000100557.10	CCDC198	0.0386198	4.22164	0.801733
mRNA_MEgreen	ENSG00000105135.16	ILVBL	0.0385831	3.97008	0.412744
mRNA_MEgreen	ENSG00000109794.13	FAM149A	0.0385217	3.44783	0.602297
mRNA_MEgreen	ENSG00000126602.11	TRAP1	0.0385134	3.51977	0.478873
mRNA_MEgreen	ENSG00000032742.18	IFT88	0.0384856	2.38392	0.403537
mRNA_MEgreen	ENSG00000170927.15	PKHD1	0.0384821	2.06713	0.931915
mRNA_MEgreen	ENSG00000160695.15	VPS11	0.0384353	3.98962	0.287372
mRNA_MEgreen	ENSG00000143891.17	GALM	0.0384182	4.36442	0.54432
mRNA_MEgreen	ENSG00000127884.5	ECHS1	0.038417	6.86013	0.499893
mRNA_MEgreen	ENSG00000161533.12	ACOX1	0.0384076	3.22363	0.366693
mRNA_MEgreen	ENSG00000143850.16	PLEKHA6	0.0384003	2.77723	0.635722
mRNA_MEgreen	ENSG00000134508.12	CABLES1	0.0383926	2.56753	0.627265
mRNA_MEgreen	ENSG00000138942.16	RNF185	0.0383858	3.92236	0.356325
mRNA_MEgreen	ENSG00000178826.11	TMEM139	0.0382543	2.28312	0.76251
mRNA_MEgreen	ENSG00000197375.13	SLC22A5	0.038235	3.12481	0.733934
mRNA_MEgreen	ENSG00000178802.18	MPI	0.0382193	3.37556	0.442364
mRNA_MEgreen	ENSG00000204219.11	TCEA3	0.0381913	5.2394	0.711083
mRNA_MEgreen	ENSG00000147872.10	PLIN2	0.038143	7.41158	1.24442
mRNA_MEgreen	ENSG00000135638.14	EMX1	0.0380664	1.5007	0.609907
mRNA_MEgreen	ENSG00000124253.11	PCK1	0.0380629	3.24241	1.94623
mRNA_MEgreen	ENSG00000135127.11	BICDL1	0.0379942	2.77758	1.03007
mRNA_MEgreen	ENSG00000174502.19	SLC26A9	0.0379909	1.11728	0.968026
mRNA_MEgreen	ENSG00000162174.12	ASRGL1	0.037951	2.26417	0.898983
mRNA_MEgreen	ENSG00000167925.16	GHDC	0.0379484	4.43187	0.458933
mRNA_MEgreen	ENSG00000114455.13	HHLA2	0.0379441	3.87845	1.54629
mRNA_MEgreen	ENSG00000105784.15	RUNDC3B	0.0379088	0.992779	0.512506
mRNA_MEgreen	ENSG00000171119.2	NRTN	0.0379035	1.56624	0.710443
mRNA_MEgreen	ENSG00000117118.10	SDHB	0.0378744	4.93023	0.35198
mRNA_MEgreen	ENSG00000143344.16	RGL1	0.0378414	4.27709	0.575962
mRNA_MEgreen	ENSG00000163694.15	RBM47	0.0377799	3.91341	0.530994
mRNA_MEgreen	ENSG00000168763.16	CNNM3	0.037772	3.24699	0.387535
mRNA_MEgreen	ENSG00000146416.19	AIG1	0.0377112	3.71693	0.550239
mRNA_MEgreen	ENSG00000160808.11	MYL3	0.0376725	1.38605	0.905714
mRNA_MEgreen	ENSG00000151552.12	QDPR	0.0376688	3.98161	0.560329
mRNA_MEgreen	ENSG00000009950.16	MLXIPL	0.0376476	2.46571	1.09086
mRNA_MEgreen	ENSG00000179178.11	TMEM125	0.0376313	2.34587	1.01966
mRNA_MEgreen	ENSG00000117280.13	RAB29	0.0376281	3.68531	0.672786
mRNA_MEgreen	ENSG00000163521.16	GLB1L	0.0375597	3.96617	0.798516
mRNA_MEgreen	ENSG00000158109.15	TPRG1L	0.0375567	5.08559	0.408142
mRNA_MEgreen	ENSG00000166821.9	PEX11A	0.0375356	2.73766	0.519184
mRNA_MEgreen	ENSG00000164181.14	ELOVL7	0.0374993	3.88152	0.930992
mRNA_MEgreen	ENSG00000121310.17	ECHDC2	0.0374146	3.0274	0.52562
mRNA_MEgreen	ENSG00000205436.7	EXOC3L4	0.0373883	2.19914	0.739426
mRNA_MEgreen	ENSG00000198919.13	DZIP3	0.0373373	2.70295	0.607166
mRNA_MEgreen	ENSG00000236383.8	CCDC200	0.0373181	1.07899	0.408891
mRNA_MEgreen	ENSG00000175575.13	PAAF1	0.0373063	2.3361	0.311373
mRNA_MEgreen	ENSG00000114520.11	SNX4	0.0372731	4.17285	0.44414
mRNA_MEgreen	ENSG00000102978.13	POLR2C	0.0372219	4.62949	0.354281
mRNA_MEgreen	ENSG00000130988.13	RGN	0.0371926	2.55587	0.782494
mRNA_MEgreen	ENSG00000135929.9	CYP27A1	0.0371867	4.65716	0.888962
mRNA_MEgreen	ENSG00000133460.19	SLC2A11	0.0371354	1.37547	0.376049
mRNA_MEgreen	ENSG00000006757.12	PNPLA4	0.0371274	2.96938	0.503369
mRNA_MEgreen	ENSG00000143365.19	RORC	0.0370794	3.30451	0.76854
mRNA_MEgreen	ENSG00000240583.13	AQP1	0.0370675	7.1776	1.42918
mRNA_MEgreen	ENSG00000138792.10	ENPEP	0.0370068	5.64474	0.999553
mRNA_MEgreen	ENSG00000167112.10	TRUB2	0.0369905	2.62383	0.361695
mRNA_MEgreen	ENSG00000066827.16	ZFAT	0.0369503	1.68565	0.501921
mRNA_MEgreen	ENSG00000165152.9	PGAP4	0.036901	2.57909	0.822068
mRNA_MEgreen	ENSG00000179918.19	SEPHS2	0.0368116	5.74365	0.656533
mRNA_MEgreen	ENSG00000140839.11	CLEC18B	0.0367924	2.80836	1.29727
mRNA_MEgreen	ENSG00000165376.11	CLDN2	0.0367889	5.81597	1.72447
mRNA_MEgreen	ENSG00000162366.8	PDZK1IP1	0.0367463	7.85146	1.11364
mRNA_MEgreen	ENSG00000167588.13	GPD1	0.0367215	3.3452	1.51418
mRNA_MEgreen	ENSG00000079689.14	SCGN	0.0366848	3.61856	2.13374
mRNA_MEgreen	ENSG00000203727.4	SAMD5	0.036658	1.72551	0.617161
mRNA_MEgreen	ENSG00000160216.21	AGPAT3	0.0366348	3.70329	0.520936
mRNA_MEgreen	ENSG00000111725.11	PRKAB1	0.0365961	3.84712	0.581217
mRNA_MEgreen	ENSG00000174332.5	GLIS1	0.0365717	2.32316	0.783359
mRNA_MEgreen	ENSG00000100347.15	SAMM50	0.036495	3.05642	0.287518
mRNA_MEgreen	ENSG00000112294.14	ALDH5A1	0.0364927	2.40877	0.596784
mRNA_MEgreen	ENSG00000175600.16	SUGCT	0.0364805	2.19713	0.824245
mRNA_MEgreen	ENSG00000125734.15	GPR108	0.0364729	4.82015	0.333657
mRNA_MEgreen	ENSG00000169220.18	RGS14	0.0364667	3.66968	0.72255
mRNA_MEgreen	ENSG00000169435.14	RASSF6	0.0364619	2.99913	0.784595
mRNA_MEgreen	ENSG00000134056.12	MRPS36	0.0364493	4.06362	0.448856
mRNA_MEgreen	ENSG00000123178.15	SPRYD7	0.036404	2.79838	0.339465
mRNA_MEgreen	ENSG00000142484.7	TM4SF5	0.0363961	3.14012	1.43805
mRNA_MEgreen	ENSG00000113504.21	SLC12A7	0.0363882	5.17008	0.65664
mRNA_MEgreen	ENSG00000169504.15	CLIC4	0.0363052	7.03046	0.631613
mRNA_MEgreen	ENSG00000124299.15	PEPD	0.036256	4.47268	0.643154
mRNA_MEgreen	ENSG00000167699.13	GLOD4	0.0362142	3.66868	0.336702
mRNA_MEgreen	ENSG00000002933.9	TMEM176A	0.036155	7.23417	0.859393
mRNA_MEgreen	ENSG00000114993.17	RTKN	0.0361483	3.86645	0.515817
mRNA_MEgreen	ENSG00000134909.18	ARHGAP32	0.0361323	2.10383	0.430358
mRNA_MEgreen	ENSG00000059691.12	GATB	0.0360547	1.72279	0.296344
mRNA_MEgreen	ENSG00000187783.12	TMEM72	0.0359899	2.51443	1.37106
mRNA_MEgreen	ENSG00000164484.12	TMEM200A	0.0359889	3.21014	0.754005
mRNA_MEgreen	ENSG00000257335.8	MGAM	0.0359165	2.43629	1.35241
mRNA_MEgreen	ENSG00000062096.15	ARSF	0.0358382	1.06131	0.9638
mRNA_MEgreen	ENSG00000106049.9	HIBADH	0.0358184	5.41508	0.578222
mRNA_MEgreen	ENSG00000122966.17	CIT	0.0357907	1.81701	0.880085
mRNA_MEgreen	ENSG00000118307.20	CFAP94	0.0357791	1.10992	0.39457
mRNA_MEgreen	ENSG00000197555.9	SIPA1L1	0.0357691	2.54711	0.462523
mRNA_MEgreen	ENSG00000198478.8	SH3BGRL2	0.0357553	3.17598	0.631519
mRNA_MEgreen	ENSG00000269190.6	FBXO17	0.0356851	4.39718	0.623998
mRNA_MEgreen	ENSG00000014914.21	MTMR11	0.0356803	3.74505	0.693637
mRNA_MEgreen	ENSG00000145824.13	CXCL14	0.0356716	7.52454	1.51845
mRNA_MEgreen	ENSG00000121653.11	MAPK8IP1	0.035664	2.12032	0.664077
mRNA_MEgreen	ENSG00000271824.2	SMIM32	0.0356639	2.0978	1.51276
mRNA_MEgreen	ENSG00000111181.12	SLC6A12	0.0356192	3.21471	1.04921
mRNA_MEgreen	ENSG00000110871.15	COQ5	0.0355233	3.91103	0.348707
mRNA_MEgreen	ENSG00000145354.12	CISD2	0.0354979	2.77271	0.424905
mRNA_MEgreen	ENSG00000081307.14	UBA5	0.0354927	3.53056	0.556012
mRNA_MEgreen	ENSG00000174358.16	SLC6A19	0.0354658	2.05056	2.02191
mRNA_MEgreen	ENSG00000144567.11	RETREG2	0.0354454	5.11555	0.386564
mRNA_MEgreen	ENSG00000048342.17	CC2D2A	0.035419	1.74548	0.402613
mRNA_MEgreen	ENSG00000111275.13	ALDH2	0.0353864	3.97326	0.635975
mRNA_MEgreen	ENSG00000136156.15	ITM2B	0.0353732	7.25106	0.520096
mRNA_MEgreen	ENSG00000146072.6	TNFRSF21	0.0353315	4.98898	0.979768
mRNA_MEgreen	ENSG00000188706.13	ZDHHC9	0.0353039	4.2912	0.489436
mRNA_MEgreen	ENSG00000072657.9	TRHDE	0.035278	1.28301	0.731392
mRNA_MEgreen	ENSG00000133872.14	SARAF	0.0352269	7.311	0.525667
mRNA_MEgreen	ENSG00000141076.18	UTP4	0.0351864	3.58359	0.444352
mRNA_MEgreen	ENSG00000109919.10	MTCH2	0.0351483	4.89661	0.40293
mRNA_MEgreen	ENSG00000112874.10	NUDT12	0.0351442	2.89306	0.641193
mRNA_MEgreen	ENSG00000101076.17	HNF4A	0.035119	3.28969	1.20428
mRNA_MEgreen	ENSG00000183018.9	SPNS2	0.0351167	4.1269	0.777343
mRNA_MEgreen	ENSG00000108924.14	HLF	0.0351087	2.40916	0.824288
mRNA_MEgreen	ENSG00000072422.17	RHOBTB1	0.0350893	4.12733	0.746382
mRNA_MEgreen	ENSG00000103274.11	NUBP1	0.0350887	2.72494	0.300436
mRNA_MEgreen	ENSG00000060971.19	ACAA1	0.0350381	2.72935	0.392605
mRNA_MEgreen	ENSG00000178537.10	SLC25A20	0.0350147	3.43945	0.404872
mRNA_MEgreen	ENSG00000157240.4	FZD1	0.035003	4.62547	0.700509
mRNA_MEgreen	ENSG00000072778.20	ACADVL	0.0349865	6.48842	0.529992
mRNA_MEgreen	ENSG00000162341.18	TPCN2	0.0349368	1.72843	0.406414
mRNA_MEgreen	ENSG00000014919.13	COX15	0.0348391	3.19917	0.333693
mRNA_MEgreen	ENSG00000082146.13	STRADB	0.0347963	3.43481	0.593682
mRNA_MEgreen	ENSG00000143630.10	HCN3	0.0347742	1.28846	0.42543
mRNA_MEgreen	ENSG00000150773.11	PIH1D2	0.0347732	1.07034	0.303788
mRNA_MEgreen	ENSG00000113749.7	HRH2	0.0347714	3.28426	1.31993
mRNA_MEgreen	ENSG00000176890.16	TYMS	0.0347697	2.06739	0.475361
mRNA_MEgreen	ENSG00000162415.7	ZSWIM5	0.0347298	1.86917	0.668401
mRNA_MEgreen	ENSG00000066855.16	MTFR1	0.0347154	3.02011	0.522834
mRNA_MEgreen	ENSG00000076351.13	SLC46A1	0.0346768	1.2153	0.336855
mRNA_MEgreen	ENSG00000241119.2	UGT1A9	0.0346722	3.53077	1.78534
mRNA_MEgreen	ENSG00000134240.12	HMGCS2	0.0346629	2.5886	2.03517
mRNA_MEgreen	ENSG00000157335.21	CLEC18C	0.0346596	1.3796	1.06085
mRNA_MEgreen	ENSG00000049656.14	CLPTM1L	0.0346516	4.95586	0.529773
mRNA_MEgreen	ENSG00000116885.18	OSCP1	0.0346279	2.32708	0.39505
mRNA_MEgreen	ENSG00000149476.16	TKFC	0.0346124	2.55841	0.389471
mRNA_MEgreen	ENSG00000151729.11	SLC25A4	0.034588	3.58499	0.552371
mRNA_MEgreen	ENSG00000144283.22	PKP4	0.034576	3.92795	0.54065
mRNA_MEgreen	ENSG00000174292.12	TNK1	0.0345332	2.01893	0.412668
mRNA_MEgreen	ENSG00000141013.17	GAS8	0.0345088	2.08186	0.364612
mRNA_MEgreen	ENSG00000092421.17	SEMA6A	0.0344972	3.40335	0.781358
mRNA_MEgreen	ENSG00000136883.14	KIF12	0.0344894	4.64717	0.930709
mRNA_MEgreen	ENSG00000134716.11	CYP2J2	0.0344718	5.02156	1.84275
mRNA_MEgreen	ENSG00000196141.14	SPATS2L	0.0344638	3.73701	0.532008
mRNA_MEgreen	ENSG00000143845.15	ETNK2	0.0344384	2.08771	0.832649
mRNA_MEgreen	ENSG00000205795.4	CYS1	0.0344229	4.62723	1.31152
mRNA_MEgreen	ENSG00000123992.20	DNPEP	0.0343886	3.88995	0.320847
mRNA_MEgreen	ENSG00000163624.6	CDS1	0.0343866	2.52796	0.694243
mRNA_MEgreen	ENSG00000166589.13	CDH16	0.0343718	5.71256	1.10483
mRNA_MEgreen	ENSG00000204438.11	GPANK1	0.0343105	3.2164	0.390005
mRNA_MEgreen	ENSG00000196549.12	MME	0.03431	3.38832	1.16778
mRNA_MEgreen	ENSG00000027001.10	MIPEP	0.0343038	2.95516	0.458975
mRNA_MEgreen	ENSG00000136872.20	ALDOB	0.034286	3.15776	2.2952
mRNA_MEgreen	ENSG00000157873.17	TNFRSF14	0.034277	4.36251	0.663615
mRNA_MEgreen	ENSG00000204815.10	TTC25	0.0341386	1.55117	0.439703
mRNA_MEgreen	ENSG00000169083.18	AR	0.0341273	2.19692	0.705929
mRNA_MEgreen	ENSG00000137824.16	RMDN3	0.0341186	3.38668	0.283126
mRNA_MEgreen	ENSG00000169372.13	CRADD	0.0340929	2.20725	0.432361
mRNA_MEgreen	ENSG00000164342.13	TLR3	0.0340841	3.98223	0.761466
mRNA_MEgreen	ENSG00000104660.19	LEPROTL1	0.0340334	4.49308	0.528995
mRNA_MEgreen	ENSG00000164850.15	GPER1	0.0340206	3.24658	1.01019
mRNA_MEgreen	ENSG00000132361.18	CLUH	0.0340032	3.99599	0.54097
mRNA_MEgreen	ENSG00000130762.15	ARHGEF16	0.033993	2.91169	0.936313
mRNA_MEgreen	ENSG00000128536.16	CDHR3	0.0339579	1.01961	0.339542
mRNA_MEgreen	ENSG00000204228.4	HSD17B8	0.0339486	4.00793	0.625354
mRNA_MEgreen	ENSG00000170099.6	SERPINA6	0.0339372	2.96379	1.56
mRNA_MEgreen	ENSG00000123240.17	OPTN	0.0339235	5.15148	0.35786
mRNA_MEgreen	ENSG00000176371.14	ZSCAN2	0.033907	1.19126	0.27751
mRNA_MEgreen	ENSG00000185745.10	IFIT1	0.0338979	3.7933	0.68511
mRNA_MEgreen	ENSG00000182327.8	GLTPD2	0.0338705	1.6328	0.840983
mRNA_MEgreen	ENSG00000112796.10	ENPP5	0.033869	2.7336	0.835456
mRNA_MEgreen	ENSG00000132464.13	ENAM	0.0338162	0.956891	0.691034
mRNA_MEgreen	ENSG00000179071.5	CCDC89	0.033792	1.34292	0.434874
mRNA_MEgreen	ENSG00000124935.4	SCGB1D2	0.0337749	1.48302	1.08004
mRNA_MEgreen	ENSG00000145901.16	TNIP1	0.033771	6.2946	0.519001
mRNA_MEgreen	ENSG00000170370.12	EMX2	0.0337246	3.75533	1.10216
mRNA_MEgreen	ENSG00000165905.18	LARGE2	0.0336617	1.79796	0.962254
mRNA_MEgreen	ENSG00000172594.13	SMPDL3A	0.0336381	5.42789	0.852644
mRNA_MEgreen	ENSG00000064393.16	HIPK2	0.0336265	4.838	0.746675
mRNA_MEgreen	ENSG00000074964.17	ARHGEF10L	0.0336022	3.17137	0.523007
mRNA_MEgreen	ENSG00000106025.9	TSPAN12	0.0336003	5.62519	0.895595
mRNA_MEgreen	ENSG00000128973.13	CLN6	0.0335959	2.11006	0.33825
mRNA_MEgreen	ENSG00000118514.14	ALDH8A1	0.0335354	3.34215	1.65172
mRNA_MEgreen	ENSG00000121236.21	TRIM6	0.0334805	1.90531	0.548396
mRNA_MEgreen	ENSG00000143036.17	SLC44A3	0.0334663	3.86521	0.757695
mRNA_MEgreen	ENSG00000180818.5	HOXC10	0.0334232	4.1458	0.770075
mRNA_MEgreen	ENSG00000138036.18	DYNC2LI1	0.0334182	2.95217	0.473131
mRNA_MEgreen	ENSG00000117266.16	CDK18	0.0332511	5.56296	0.857052
mRNA_MEgreen	ENSG00000180573.9	H2AC6	0.0331959	4.87216	0.894292
mRNA_MEgreen	ENSG00000140497.16	SCAMP2	0.0331421	4.78267	0.314976
mRNA_MEgreen	ENSG00000092820.18	EZR	0.0331086	7.61257	0.677603
mRNA_MEgreen	ENSG00000130005.13	GAMT	0.0330912	4.43175	0.983992
mRNA_MEgreen	ENSG00000166816.15	LDHD	0.033076	2.21515	1.00059
mRNA_MEgreen	ENSG00000137731.14	FXYD2	0.0330534	2.19619	0.677968
mRNA_MEgreen	ENSG00000119125.17	GDA	0.0330107	2.46304	1.33921
mRNA_MEgreen	ENSG00000157322.17	CLEC18A	0.0330004	1.46018	0.985356
mRNA_MEgreen	ENSG00000187546.14	AGMO	0.0329983	1.95783	0.921192
mRNA_MEgreen	ENSG00000243955.6	GSTA1	0.0329819	6.62462	2.05622
mRNA_MEgreen	ENSG00000128242.13	GAL3ST1	0.0329425	5.48572	1.21286
mRNA_MEgreen	ENSG00000177459.11	ERICH5	0.0329393	2.49077	1.11792
mRNA_MEgreen	ENSG00000169994.18	MYO7B	0.0328859	1.5282	0.850878
mRNA_MEgreen	ENSG00000096092.6	TMEM14A	0.0328105	4.78869	0.473409
mRNA_MEgreen	ENSG00000011638.11	TMEM159	0.0326448	4.46377	0.613685
mRNA_MEgreen	ENSG00000110887.8	DAO	0.0326251	0.967308	0.900083
mRNA_MEgreen	ENSG00000157326.19	DHRS4	0.0326144	2.48616	0.543416
mRNA_MEgreen	ENSG00000135631.17	RAB11FIP5	0.0326067	4.07866	0.500101
mRNA_MEgreen	ENSG00000146039.11	SLC17A4	0.0326031	3.05834	1.54771
mRNA_MEgreen	ENSG00000137720.8	C11orf1	0.0325995	2.95191	0.509659
mRNA_MEgreen	ENSG00000165092.13	ALDH1A1	0.0325856	7.33272	1.00797
mRNA_MEgreen	ENSG00000162599.17	NFIA	0.0325768	1.39656	0.306905
mRNA_MEgreen	ENSG00000130958.13	SLC35D2	0.0325587	1.36371	0.281089
mRNA_MEgreen	ENSG00000073803.14	MAP3K13	0.0325555	2.29332	0.33365
mRNA_MEgreen	ENSG00000172456.18	FGGY	0.0325432	1.60945	0.503091
mRNA_MEgreen	ENSG00000171962.18	DRC3	0.0325307	1.30714	0.369489
mRNA_MEgreen	ENSG00000106853.20	PTGR1	0.0325144	4.30606	0.734502
mRNA_MEgreen	ENSG00000266714.9	MYO15B	0.0324902	3.40419	0.738247
mRNA_MEgreen	ENSG00000167363.14	FN3K	0.0324507	3.27177	0.769748
mRNA_MEgreen	ENSG00000179542.16	SLITRK4	0.0324446	1.80434	0.806217
mRNA_MEgreen	ENSG00000056736.10	IL17RB	0.0324445	2.9896	1.24997
mRNA_MEgreen	ENSG00000035115.22	SH3YL1	0.0324382	2.7157	0.656151
mRNA_MEgreen	ENSG00000160282.14	FTCD	0.0323879	2.29131	1.66744
mRNA_MEgreen	ENSG00000160801.14	PTH1R	0.0322807	2.74952	1.1865
mRNA_MEgreen	ENSG00000149927.18	DOC2A	0.0322705	2.05454	0.980932
mRNA_MEgreen	ENSG00000186867.11	QRFPR	0.0322672	2.54772	1.03182
mRNA_MEgreen	ENSG00000198914.5	POU3F3	0.032267	4.84854	0.65747
mRNA_MEgreen	ENSG00000054179.12	ENTPD2	0.0322628	2.43158	0.929937
mRNA_MEgreen	ENSG00000004866.22	ST7	0.0322083	2.52613	0.420028
mRNA_MEgreen	ENSG00000176171.11	BNIP3	0.0321944	5.58703	0.758961
mRNA_MEgreen	ENSG00000114378.17	HYAL1	0.0321735	3.57774	0.682455
mRNA_MEgreen	ENSG00000125170.11	DOK4	0.0321593	4.26129	0.461318
mRNA_MEgreen	ENSG00000157570.12	TSPAN18	0.0321178	4.34162	0.806709
mRNA_MEgreen	ENSG00000173436.15	MICOS10	0.0320581	1.46735	0.324606
mRNA_MEgreen	ENSG00000140832.10	MARVELD3	0.0320418	0.987743	0.556235
mRNA_MEgreen	ENSG00000155906.19	RMND1	0.0319969	2.97583	0.574196
mRNA_MEgreen	ENSG00000123610.5	TNFAIP6	0.0319432	4.56144	1.59733
mRNA_MEgreen	ENSG00000087076.9	HSD17B14	0.031904	5.00098	0.943663
mRNA_MEgreen	ENSG00000104808.8	DHDH	0.0318776	1.95914	1.26238
mRNA_MEgreen	ENSG00000121690.11	DEPDC7	0.0318601	1.96739	0.694921
mRNA_MEgreen	ENSG00000104537.17	ANXA13	0.0318565	2.31333	1.34528
mRNA_MEgreen	ENSG00000154153.13	RETREG1	0.0318038	4.48766	0.979021
mRNA_MEgreen	ENSG00000181754.7	AMIGO1	0.0317161	2.6949	0.83264
mRNA_MEgreen	ENSG00000121769.8	FABP3	0.0316449	5.18153	1.29603
mRNA_MEgreen	ENSG00000141736.14	ERBB2	0.0316198	3.6463	0.653669
mRNA_MEgreen	ENSG00000157315.5	TMED6	0.031565	1.1141	0.776146
mRNA_MEgreen	ENSG00000187017.17	ESPN	0.031537	1.53549	0.825332
mRNA_MEgreen	ENSG00000095539.15	SEMA4G	0.031516	1.94815	0.624225
mRNA_MEgreen	ENSG00000108828.16	VAT1	0.0314857	6.65994	0.447686
mRNA_MEgreen	ENSG00000153822.14	KCNJ16	0.0314737	4.79138	0.834326
mRNA_MEgreen	ENSG00000170439.7	METTL7B	0.0314529	4.85953	0.976383
mRNA_MEgreen	ENSG00000156398.13	SFXN2	0.0313993	1.44094	0.487532
mRNA_MEgreen	ENSG00000036672.16	USP2	0.0313909	2.33227	1.12963
mRNA_MEgreen	ENSG00000183077.15	AFMID	0.0313894	3.10098	0.510883
mRNA_MEgreen	ENSG00000145916.19	RMND5B	0.0313892	2.64548	0.294764
mRNA_MEgreen	ENSG00000160862.13	AZGP1	0.031382	3.03593	1.55311
mRNA_MEgreen	ENSG00000163884.4	KLF15	0.031349	2.43275	1.12704
mRNA_MEgreen	ENSG00000164749.13	HNF4G	0.031268	2.35893	1.02102
mRNA_MEgreen	ENSG00000153391.16	INO80C	0.031208	2.1667	0.566743
mRNA_MEgreen	ENSG00000139354.11	GAS2L3	0.0312021	2.71308	0.820942
mRNA_MEgreen	ENSG00000165171.11	METTL27	0.031095	2.6249	0.948701
mRNA_MEgreen	ENSG00000138867.17	GUCD1	0.0310686	5.2178	0.410267
mRNA_MEgreen	ENSG00000214941.8	ZSWIM7	0.0310449	3.00382	0.384393
mRNA_MEgreen	ENSG00000169760.17	NLGN1	0.0310094	2.10201	0.687699
mRNA_MEgreen	ENSG00000144827.9	ABHD10	0.0309403	3.91706	0.507604
mRNA_MEgreen	ENSG00000166275.16	BORCS7	0.0309095	3.59835	0.505587
mRNA_MEgreen	ENSG00000162551.14	ALPL	0.0308839	4.42831	1.62143
mRNA_MEgreen	ENSG00000167524.16	RSKR	0.0308836	0.802131	0.482467
mRNA_MEgreen	ENSG00000068078.20	FGFR3	0.0308821	2.79568	0.860027
mRNA_MEgreen	ENSG00000147592.9	LACTB2	0.030803	3.52274	0.762966
mRNA_MEgreen	ENSG00000180425.11	C11orf71	0.030746	2.2858	0.43798
mRNA_MEgreen	ENSG00000145088.9	EAF2	0.0306862	1.74168	0.615615
mRNA_MEgreen	ENSG00000066185.13	ZMYND12	0.0306807	1.37525	0.544171
mRNA_MEgreen	ENSG00000104671.8	DCTN6	0.0306486	3.56031	0.453041
mRNA_MEgreen	ENSG00000146859.6	TMEM140	0.030636	5.44924	0.540262
mRNA_MEgreen	ENSG00000125648.15	SLC25A23	0.0306083	4.51141	0.558909
mRNA_MEgreen	ENSG00000187134.14	AKR1C1	0.0305697	1.85078	0.960011
mRNA_MEgreen	ENSG00000178105.11	DDX10	0.0305621	2.00802	0.35241
mRNA_MEgreen	ENSG00000112337.10	SLC17A2	0.0305417	1.2433	0.900754
mRNA_MEgreen	ENSG00000235961.6	PNMA6A	0.0304913	2.45999	0.943779
mRNA_MEgreen	ENSG00000164406.8	LEAP2	0.030461	1.48722	0.880372
mRNA_MEgreen	ENSG00000196975.16	ANXA4	0.0304456	6.11834	0.689133
mRNA_MEgreen	ENSG00000109667.12	SLC2A9	0.0304268	2.33143	0.797327
mRNA_MEgreen	ENSG00000006555.11	TTC22	0.0304181	1.94219	0.636039
mRNA_MEgreen	ENSG00000157870.17	PRXL2B	0.0304139	3.46079	0.496565
mRNA_MEgreen	ENSG00000196139.14	AKR1C3	0.0304127	4.96053	0.784842
mRNA_MEgreen	ENSG00000114737.16	CISH	0.0303904	2.93834	0.84853
mRNA_MEgreen	ENSG00000127585.12	FBXL16	0.0303835	3.49194	1.21028
mRNA_MEgreen	ENSG00000204653.10	ASPDH	0.0303529	1.27475	0.888541
mRNA_MEgreen	ENSG00000176595.4	KBTBD11	0.0303406	3.99352	0.789532
mRNA_MEgreen	ENSG00000166825.15	ANPEP	0.030335	6.21549	1.26138
mRNA_MEgreen	ENSG00000173175.15	ADCY5	0.0303209	3.03145	0.952195
mRNA_MEgreen	ENSG00000171451.14	DSEL	0.0303176	1.38755	0.710494
mRNA_MEgreen	ENSG00000164363.10	SLC6A18	0.0302347	1.47719	1.65411
mRNA_MEgreen	ENSG00000153993.13	SEMA3D	0.0301877	0.846226	0.833892
mRNA_MEgreen	ENSG00000113273.17	ARSB	0.0301696	3.0211	0.570678
mRNA_MEgreen	ENSG00000113645.15	WWC1	0.030149	3.59853	0.714603
mRNA_MEgreen	ENSG00000060566.14	CREB3L3	0.0301267	2.57952	1.45441
mRNA_MEgreen	ENSG00000176209.12	SMIM19	0.0301056	2.75702	0.409531
mRNA_MEgreen	ENSG00000094631.21	HDAC6	0.0300756	3.27419	0.439326
mRNA_MEgreen	ENSG00000151287.17	TEX30	0.030069	2.05725	0.495364
mRNA_MEgreen	ENSG00000154274.15	C4orf19	0.0300644	1.72846	0.624082
mRNA_MEgreen	ENSG00000164251.5	F2RL1	0.0299669	4.06743	0.942131
mRNA_MEgreen	ENSG00000116459.11	ATP5PB	0.0299505	5.38431	0.365803
mRNA_MEgreen	ENSG00000118094.12	TREH	0.029943	0.798003	0.752626
mRNA_MEgreen	ENSG00000180767.10	CHST13	0.0299311	2.56977	0.990557
mRNA_MEgreen	ENSG00000158856.18	DMTN	0.02991	4.2346	0.657292
mRNA_MEgreen	ENSG00000079385.23	CEACAM1	0.0298835	2.11644	0.743226
mRNA_MEgreen	ENSG00000162989.5	KCNJ3	0.0298656	2.51535	1.08195
mRNA_MEgreen	ENSG00000170469.11	SPATA24	0.0298326	1.9694	0.491191
mRNA_MEgreen	ENSG00000244067.3	GSTA2	0.0297982	5.3998	2.16179
mRNA_MEgreen	ENSG00000165802.23	NSMF	0.0297971	3.63564	0.726142
mRNA_MEgreen	ENSG00000125848.10	FLRT3	0.0297886	2.49294	1.29928
mRNA_MEgreen	ENSG00000158089.15	GALNT14	0.0296554	5.7462	0.756718
mRNA_MEgreen	ENSG00000211445.12	GPX3	0.0296369	9.24969	1.19582
mRNA_MEgreen	ENSG00000127837.10	AAMP	0.029586	5.22045	0.336414
mRNA_MEgreen	ENSG00000197415.12	VEPH1	0.0295242	2.05258	0.72091
mRNA_MEgreen	ENSG00000256162.2	SMLR1	0.0295138	0.926096	0.677806
mRNA_MEgreen	ENSG00000241935.9	HOGA1	0.0294742	2.22681	0.978105
mRNA_MEgreen	ENSG00000162897.16	FCAMR	0.0294638	1.6152	1.21482
mRNA_MEgreen	ENSG00000240694.9	PNMA2	0.0294557	3.68885	0.952749
mRNA_MEgreen	ENSG00000074276.10	CDHR2	0.0293957	1.99602	1.39816
mRNA_MEgreen	ENSG00000103150.7	MLYCD	0.0293786	1.79914	0.530267
mRNA_MEgreen	ENSG00000205683.11	DPF3	0.0293373	1.00204	0.629814
mRNA_MEgreen	ENSG00000162433.15	AK4	0.0292517	4.74513	0.67456
mRNA_MEgreen	ENSG00000100033.16	PRODH	0.0292237	1.59405	0.922545
mRNA_MEgreen	ENSG00000075891.22	PAX2	0.0292147	3.4432	0.884202
mRNA_MEgreen	ENSG00000164976.9	MYORG	0.029207	1.9793	0.522507
mRNA_MEgreen	ENSG00000149527.18	PLCH2	0.029154	0.95057	0.728123
mRNA_MEgreen	ENSG00000044446.12	PHKA2	0.0289489	3.60803	0.639665
mRNA_MEgreen	ENSG00000107201.10	DDX58	0.0289248	3.40704	0.49588
mRNA_MEgreen	ENSG00000213066.13	CEP43	0.0289229	1.31011	0.452499
mRNA_MEgreen	ENSG00000162496.9	DHRS3	0.0288148	5.33816	0.577357
mRNA_MEgreen	ENSG00000152137.8	HSPB8	0.0287811	6.07327	0.774303
mRNA_MEgreen	ENSG00000147573.17	TRIM55	0.028691	2.88578	0.977016
mRNA_MEgreen	ENSG00000104205.16	SGK3	0.0286424	1.51689	0.276385
mRNA_MEgreen	ENSG00000204767.4	INSYN2B	0.0285513	1.05795	0.780688
mRNA_MEgreen	ENSG00000119723.17	COQ6	0.0285321	0.955838	0.233521
mRNA_MEgreen	ENSG00000009694.13	TENM1	0.0284585	1.47779	0.58816
mRNA_MEgreen	ENSG00000187630.17	DHRS4L2	0.0283811	2.70206	0.57695
mRNA_MEgreen	ENSG00000164344.16	KLKB1	0.0283252	1.25438	0.714315
mRNA_MEgreen	ENSG00000214491.8	SEC14L6	0.0283252	3.82069	0.823068
mRNA_MEgreen	ENSG00000198796.7	ALPK2	0.0283219	3.08141	0.874608
mRNA_MEgreen	ENSG00000085563.15	ABCB1	0.0283165	2.62112	1.07685
mRNA_MEgreen	ENSG00000187867.10	PALM3	0.0282497	2.03317	0.937745
mRNA_MEgreen	ENSG00000108370.17	RGS9	0.0282264	1.17225	0.653138
mRNA_MEgreen	ENSG00000153721.19	CNKSR3	0.0281331	1.58293	0.405975
mRNA_MEgreen	ENSG00000241635.8	UGT1A1	0.0279881	1.11576	0.651347
mRNA_MEgreen	ENSG00000159208.16	CIART	0.0278962	2.1508	0.667202
mRNA_MEgreen	ENSG00000076258.10	FMO4	0.0278472	2.60118	0.569449
mRNA_MEgreen	ENSG00000154269.15	ENPP3	0.0277202	5.97021	1.47301
mRNA_MEgreen	ENSG00000066248.15	NGEF	0.0276478	1.63819	0.847238
mRNA_MEgreen	ENSG00000105499.14	PLA2G4C	0.0275356	1.99337	0.536372
mRNA_MEgreen	ENSG00000023697.13	DERA	0.0275231	4.61333	0.596371
mRNA_MEgreen	ENSG00000138028.16	CGREF1	0.0275095	2.72624	0.976163
mRNA_MEgreen	ENSG00000076382.17	SPAG5	0.0274227	1.80357	0.801188
mRNA_MEgreen	ENSG00000171759.10	PAH	0.0272351	1.34515	1.48209
mRNA_MEgreen	ENSG00000173599.15	PC	0.0271982	2.19082	0.781123
mRNA_MEgreen	ENSG00000148803.12	FUOM	0.0269539	3.29608	0.922274
mRNA_MEgreen	ENSG00000135437.10	RDH5	0.0268883	1.10125	0.455051
mRNA_MEgreen	ENSG00000198075.10	SULT1C4	0.0268093	3.88427	1.51765
mRNA_MEgreen	ENSG00000133328.4	PLAAT2	0.0267907	1.09905	0.674352
mRNA_MEgreen	ENSG00000120645.12	IQSEC3	0.0260113	1.11666	1.04347
mRNA_MEgreen	ENSG00000157399.16	ARSL	0.0259496	4.6294	1.13299
mRNA_MEgreen	ENSG00000173210.20	ABLIM3	0.0258086	4.0582	0.90222
mRNA_MEgreen	ENSG00000184661.14	CDCA2	0.0257834	2.6846	0.930375
mRNA_MEgreen	ENSG00000135744.8	AGT	0.0255214	5.25067	1.30047
mRNA_MEgreen	ENSG00000138308.6	PLA2G12B	0.0251673	1.85666	1.26079
mRNA_MEgreen	ENSG00000182156.10	ENPP7	0.025044	0.840014	0.89894
mRNA_MEgreen	ENSG00000146955.11	RAB19	0.02412	1.39512	0.643945
mRNA_MEgreen	ENSG00000023839.12	ABCC2	0.0240417	2.36741	1.01458
mRNA_MEgreen	ENSG00000138315.13	OIT3	0.0236804	1.25111	0.754527
mRNA_MEgreen	ENSG00000172765.17	TMCC1	0.0228359	3.80449	0.587745
mRNA_MEgreen	ENSG00000117834.13	SLC5A9	0.0208875	2.23828	0.902984
mRNA_MEgreen	ENSG00000008394.13	MGST1	0.020391	4.24944	1.00234
mRNA_MEgreenyellow	ENSG00000077097.15	TOP2B	0.105688	3.98043	0.424495
mRNA_MEgreenyellow	ENSG00000170248.15	PDCD6IP	0.101671	3.79367	0.324137
mRNA_MEgreenyellow	ENSG00000145041.15	DCAF1	0.101348	2.3501	0.337178
mRNA_MEgreenyellow	ENSG00000177479.20	ARIH2	0.099403	2.45702	0.320238
mRNA_MEgreenyellow	ENSG00000163939.18	PBRM1	0.0993064	2.18543	0.424412
mRNA_MEgreenyellow	ENSG00000163527.10	STT3B	0.0980262	4.59162	0.426863
mRNA_MEgreenyellow	ENSG00000153560.12	UBP1	0.0979943	2.45007	0.346697
mRNA_MEgreenyellow	ENSG00000211456.13	SACM1L	0.0967342	2.73261	0.375414
mRNA_MEgreenyellow	ENSG00000163539.17	CLASP2	0.0965382	1.89117	0.338043
mRNA_MEgreenyellow	ENSG00000163681.16	SLMAP	0.0959985	1.8778	0.345726
mRNA_MEgreenyellow	ENSG00000093183.14	SEC22C	0.0952852	2.42631	0.283678
mRNA_MEgreenyellow	ENSG00000177463.15	NR2C2	0.0949564	1.97995	0.347392
mRNA_MEgreenyellow	ENSG00000163820.15	FYCO1	0.0944355	2.66441	0.441584
mRNA_MEgreenyellow	ENSG00000132155.13	RAF1	0.0933889	2.34627	0.378204
mRNA_MEgreenyellow	ENSG00000144566.11	RAB5A	0.0930707	3.59581	0.304213
mRNA_MEgreenyellow	ENSG00000131375.10	CAPN7	0.0927254	2.41336	0.315487
mRNA_MEgreenyellow	ENSG00000114904.13	NEK4	0.0927169	1.58003	0.316737
mRNA_MEgreenyellow	ENSG00000181555.21	SETD2	0.0926453	2.66249	0.37111
mRNA_MEgreenyellow	ENSG00000129493.15	HEATR5A	0.0926428	1.20367	0.261435
mRNA_MEgreenyellow	ENSG00000185219.17	ZNF445	0.0925661	1.14648	0.232749
mRNA_MEgreenyellow	ENSG00000186448.15	ZNF197	0.0924681	1.52586	0.249624
mRNA_MEgreenyellow	ENSG00000131374.14	TBC1D5	0.0921774	2.78895	0.350888
mRNA_MEgreenyellow	ENSG00000198218.11	QRICH1	0.0919347	3.37535	0.284027
mRNA_MEgreenyellow	ENSG00000134108.14	ARL8B	0.0910513	4.40042	0.345602
mRNA_MEgreenyellow	ENSG00000168297.16	PXK	0.0908781	1.89918	0.496877
mRNA_MEgreenyellow	ENSG00000164080.13	RAD54L2	0.0907058	1.52648	0.282224
mRNA_MEgreenyellow	ENSG00000170471.15	RALGAPB	0.0906032	2.76967	0.303381
mRNA_MEgreenyellow	ENSG00000153046.18	CDYL	0.090314	2.28688	0.323309
mRNA_MEgreenyellow	ENSG00000173473.11	SMARCC1	0.0902305	3.32903	0.379611
mRNA_MEgreenyellow	ENSG00000114742.14	WDR48	0.0902107	2.57483	0.33053
mRNA_MEgreenyellow	ENSG00000172113.9	NME6	0.0900507	1.55283	0.239227
mRNA_MEgreenyellow	ENSG00000164091.12	WDR82	0.0898763	4.2513	0.33629
mRNA_MEgreenyellow	ENSG00000163946.13	TASOR	0.0898292	2.9145	0.320861
mRNA_MEgreenyellow	ENSG00000163812.15	ZDHHC3	0.0896462	2.23557	0.412882
mRNA_MEgreenyellow	ENSG00000152642.11	GPD1L	0.0896437	2.58262	0.614586
mRNA_MEgreenyellow	ENSG00000131381.12	RBSN	0.0892798	2.06355	0.314163
mRNA_MEgreenyellow	ENSG00000182606.17	TRAK1	0.0889348	2.69907	0.388352
mRNA_MEgreenyellow	ENSG00000114302.16	PRKAR2A	0.0881042	2.98618	0.386749
mRNA_MEgreenyellow	ENSG00000144560.15	VGLL4	0.0879302	2.52637	0.454686
mRNA_MEgreenyellow	ENSG00000010017.13	RANBP9	0.0878367	3.09461	0.331042
mRNA_MEgreenyellow	ENSG00000123104.12	ITPR2	0.0868641	2.01577	0.579492
mRNA_MEgreenyellow	ENSG00000114648.12	KLHL18	0.0865807	1.58618	0.271817
mRNA_MEgreenyellow	ENSG00000165934.13	CPSF2	0.0861713	2.00327	0.319942
mRNA_MEgreenyellow	ENSG00000040933.16	INPP4A	0.0856012	1.7063	0.303341
mRNA_MEgreenyellow	ENSG00000163807.6	KIAA1143	0.0846508	2.58398	0.345155
mRNA_MEgreenyellow	ENSG00000144674.16	GOLGA4	0.0842632	2.81646	0.44847
mRNA_MEgreenyellow	ENSG00000106868.17	SUSD1	0.0841793	2.09428	0.596488
mRNA_MEgreenyellow	ENSG00000113812.14	ACTR8	0.0841673	2.48223	0.353755
mRNA_MEgreenyellow	ENSG00000174840.9	PDE12	0.0841556	1.88164	0.339354
mRNA_MEgreenyellow	ENSG00000118496.5	FBXO30	0.0840747	1.60558	0.341744
mRNA_MEgreenyellow	ENSG00000065882.16	TBC1D1	0.0839516	3.65088	0.451256
mRNA_MEgreenyellow	ENSG00000182568.17	SATB1	0.0837122	1.47842	0.44612
mRNA_MEgreenyellow	ENSG00000072756.17	TRNT1	0.0834062	1.46819	0.26531
mRNA_MEgreenyellow	ENSG00000109436.8	TBC1D9	0.0833779	3.14201	0.544725
mRNA_MEgreenyellow	ENSG00000164068.16	RNF123	0.0831492	1.8632	0.306967
mRNA_MEgreenyellow	ENSG00000183354.12	KIAA2026	0.0830629	2.23114	0.354572
mRNA_MEgreenyellow	ENSG00000148429.14	USP6NL	0.0823484	1.30787	0.219334
mRNA_MEgreenyellow	ENSG00000119682.17	AREL1	0.0823467	2.39081	0.348271
mRNA_MEgreenyellow	ENSG00000163947.12	ARHGEF3	0.0821658	2.65782	0.474401
mRNA_MEgreenyellow	ENSG00000197302.10	ZNF720	0.0821535	1.18394	0.204297
mRNA_MEgreenyellow	ENSG00000206560.11	ANKRD28	0.0820356	1.94299	0.391444
mRNA_MEgreenyellow	ENSG00000114745.13	GORASP1	0.0819669	2.68114	0.285374
mRNA_MEgreenyellow	ENSG00000272886.6	DCP1A	0.0812539	2.49075	0.32642
mRNA_MEgreenyellow	ENSG00000172046.19	USP19	0.0810206	3.22683	0.323322
mRNA_MEgreenyellow	ENSG00000099219.14	ERMP1	0.0808239	3.0125	0.54862
mRNA_MEgreenyellow	ENSG00000067560.13	RHOA	0.0802195	6.4816	0.34905
mRNA_MEgreenyellow	ENSG00000082701.17	GSK3B	0.0798244	2.11562	0.297771
mRNA_MEgreenyellow	ENSG00000152409.9	JMY	0.0798192	1.58577	0.457323
mRNA_MEgreenyellow	ENSG00000154813.10	DPH3	0.0788643	2.5954	0.343446
mRNA_MEgreenyellow	ENSG00000114316.13	USP4	0.0783431	3.06794	0.280875
mRNA_MEgreenyellow	ENSG00000165675.16	ENOX2	0.0781701	1.86747	0.312041
mRNA_MEgreenyellow	ENSG00000134324.12	LPIN1	0.077839	1.453	0.368199
mRNA_MEgreenyellow	ENSG00000164951.16	PDP1	0.0775644	2.52544	0.478847
mRNA_MEgreenyellow	ENSG00000170142.12	UBE2E1	0.0774009	2.42676	0.404129
mRNA_MEgreenyellow	ENSG00000173542.9	MOB1B	0.0770205	2.51241	0.526747
mRNA_MEgreenyellow	ENSG00000176095.12	IP6K1	0.0765415	3.45898	0.30808
mRNA_MEgreenyellow	ENSG00000166913.13	YWHAB	0.0752047	5.348	0.280291
mRNA_MEgreenyellow	ENSG00000124641.16	MED20	0.0752032	2.35865	0.288405
mRNA_MEgreenyellow	ENSG00000144597.14	EAF1	0.0751583	2.26672	0.288315
mRNA_MEgreenyellow	ENSG00000144744.17	UBA3	0.0749887	3.02104	0.328243
mRNA_MEgreenyellow	ENSG00000163605.15	PPP4R2	0.0749538	3.06368	0.35518
mRNA_MEgreenyellow	ENSG00000163635.20	ATXN7	0.074942	1.60606	0.268227
mRNA_MEgreenyellow	ENSG00000170854.18	RIOX2	0.0748879	1.18533	0.354949
mRNA_MEgreenyellow	ENSG00000134077.16	THUMPD3	0.0747958	2.27045	0.29576
mRNA_MEgreenyellow	ENSG00000169981.11	ZNF35	0.0747444	1.56586	0.292032
mRNA_MEgreenyellow	ENSG00000259956.2	RBM15B	0.0746915	2.95247	0.308913
mRNA_MEgreenyellow	ENSG00000157036.13	EXOG	0.0746187	1.1304	0.22792
mRNA_MEgreenyellow	ENSG00000197535.15	MYO5A	0.0744791	2.16599	0.45359
mRNA_MEgreenyellow	ENSG00000091317.8	CMTM6	0.0743638	4.23463	0.397953
mRNA_MEgreenyellow	ENSG00000114784.4	EIF1B	0.0743086	4.10921	0.445261
mRNA_MEgreenyellow	ENSG00000116117.18	PARD3B	0.0740347	1.47363	0.374782
mRNA_MEgreenyellow	ENSG00000213096.11	ZNF254	0.0735855	1.4604	0.292071
mRNA_MEgreenyellow	ENSG00000150593.18	PDCD4	0.0735594	3.88598	0.409286
mRNA_MEgreenyellow	ENSG00000170364.12	SETMAR	0.0735479	1.62101	0.390147
mRNA_MEgreenyellow	ENSG00000081026.19	MAGI3	0.0735116	1.18114	0.454782
mRNA_MEgreenyellow	ENSG00000005108.16	THSD7A	0.0733888	1.59898	0.632291
mRNA_MEgreenyellow	ENSG00000151914.20	DST	0.073295	1.91796	0.479395
mRNA_MEgreenyellow	ENSG00000122042.10	UBL3	0.0732503	4.01259	0.571148
mRNA_MEgreenyellow	ENSG00000146757.14	ZNF92	0.0729238	1.6576	0.370891
mRNA_MEgreenyellow	ENSG00000114030.13	KPNA1	0.0726713	2.35233	0.274735
mRNA_MEgreenyellow	ENSG00000197943.10	PLCG2	0.0723029	1.93307	0.575403
mRNA_MEgreenyellow	ENSG00000196705.8	ZNF431	0.0720019	0.979494	0.256161
mRNA_MEgreenyellow	ENSG00000107864.15	CPEB3	0.0719478	1.15176	0.310876
mRNA_MEgreenyellow	ENSG00000152061.23	RABGAP1L	0.0719158	1.64535	0.315574
mRNA_MEgreenyellow	ENSG00000011198.10	ABHD5	0.0715964	1.66327	0.284811
mRNA_MEgreenyellow	ENSG00000139173.10	TMEM117	0.0714412	1.09036	0.370949
mRNA_MEgreenyellow	ENSG00000140367.12	UBE2Q2	0.0707967	3.69831	0.442595
mRNA_MEgreenyellow	ENSG00000174738.13	NR1D2	0.0707358	2.84831	0.658933
mRNA_MEgreenyellow	ENSG00000100644.17	HIF1A	0.0706918	4.85132	0.63903
mRNA_MEgreenyellow	ENSG00000172667.11	ZMAT3	0.0706382	2.56577	0.526167
mRNA_MEgreenyellow	ENSG00000116711.10	PLA2G4A	0.0705029	1.45073	0.582125
mRNA_MEgreenyellow	ENSG00000109466.14	KLHL2	0.0704848	2.46527	0.404527
mRNA_MEgreenyellow	ENSG00000187555.16	USP7	0.0703196	3.68879	0.260505
mRNA_MEgreenyellow	ENSG00000163257.11	DCAF16	0.0701275	2.75267	0.375216
mRNA_MEgreenyellow	ENSG00000144677.15	CTDSPL	0.0700422	3.42344	0.520812
mRNA_MEgreenyellow	ENSG00000130818.12	ZNF426	0.0698892	1.67755	0.441938
mRNA_MEgreenyellow	ENSG00000068366.20	ACSL4	0.0695659	3.71254	0.487557
mRNA_MEgreenyellow	ENSG00000106829.20	TLE4	0.0695249	1.2773	0.335479
mRNA_MEgreenyellow	ENSG00000188559.15	RALGAPA2	0.0690812	2.28543	0.525594
mRNA_MEgreenyellow	ENSG00000083720.13	OXCT1	0.069003	2.79068	0.887692
mRNA_MEgreenyellow	ENSG00000145555.15	MYO10	0.0687727	2.2556	0.573217
mRNA_MEgreenyellow	ENSG00000023330.15	ALAS1	0.0685395	3.79642	0.401855
mRNA_MEgreenyellow	ENSG00000168291.13	PDHB	0.0684959	2.96227	0.334316
mRNA_MEgreenyellow	ENSG00000174405.14	LIG4	0.068341	1.98896	0.339379
mRNA_MEgreenyellow	ENSG00000178567.8	EPM2AIP1	0.0682902	2.44804	0.337259
mRNA_MEgreenyellow	ENSG00000172888.12	ZNF621	0.0680959	1.90067	0.313062
mRNA_MEgreenyellow	ENSG00000144736.14	SHQ1	0.0680355	1.77832	0.29524
mRNA_MEgreenyellow	ENSG00000013503.10	POLR3B	0.0679321	1.48916	0.302969
mRNA_MEgreenyellow	ENSG00000101367.9	MAPRE1	0.0677295	5.58946	0.313805
mRNA_MEgreenyellow	ENSG00000173402.12	DAG1	0.0675688	3.98507	0.39704
mRNA_MEgreenyellow	ENSG00000197892.13	KIF13B	0.067459	2.34693	0.534804
mRNA_MEgreenyellow	ENSG00000132153.15	DHX30	0.0674209	3.01892	0.278784
mRNA_MEgreenyellow	ENSG00000119927.14	GPAM	0.0670799	1.16246	0.283291
mRNA_MEgreenyellow	ENSG00000196814.15	MVB12B	0.066454	1.52134	0.347242
mRNA_MEgreenyellow	ENSG00000152556.17	PFKM	0.0656312	3.23114	0.557476
mRNA_MEgreenyellow	ENSG00000100744.15	GSKIP	0.0654731	2.28814	0.382915
mRNA_MEgreenyellow	ENSG00000178252.18	WDR6	0.064849	4.02788	0.491925
mRNA_MEgreenyellow	ENSG00000146409.12	SLC18B1	0.064684	2.82173	0.522423
mRNA_MEgreenyellow	ENSG00000184602.6	SNN	0.0644276	3.53033	0.407352
mRNA_MEgreenyellow	ENSG00000163930.10	BAP1	0.0643603	3.79	0.333894
mRNA_MEgreenyellow	ENSG00000118596.12	SLC16A7	0.0642411	1.0508	0.659452
mRNA_MEgreenyellow	ENSG00000104219.13	ZDHHC2	0.0640898	2.44567	0.772183
mRNA_MEgreenyellow	ENSG00000133985.3	TTC9	0.064076	1.26017	0.541787
mRNA_MEgreenyellow	ENSG00000065457.10	ADAT1	0.0639115	2.34881	0.367021
mRNA_MEgreenyellow	ENSG00000147650.11	LRP12	0.0638965	1.35407	0.338402
mRNA_MEgreenyellow	ENSG00000136193.17	SCRN1	0.063591	3.58852	0.91008
mRNA_MEgreenyellow	ENSG00000150995.20	ITPR1	0.0634428	1.55026	0.494188
mRNA_MEgreenyellow	ENSG00000047849.21	MAP4	0.0631323	4.36406	0.312799
mRNA_MEgreenyellow	ENSG00000102547.19	CAB39L	0.0617822	1.92199	0.47247
mRNA_MEgreenyellow	ENSG00000132964.12	CDK8	0.0617524	2.04711	0.309289
mRNA_MEgreenyellow	ENSG00000065154.12	OAT	0.0614689	3.91432	0.516601
mRNA_MEgreenyellow	ENSG00000157404.16	KIT	0.0612387	1.78453	0.871242
mRNA_MEgreenyellow	ENSG00000162909.18	CAPN2	0.0604387	4.81379	0.387899
mRNA_MEgreenyellow	ENSG00000137872.17	SEMA6D	0.0602762	1.04957	0.583737
mRNA_MEgreenyellow	ENSG00000147324.11	MFHAS1	0.0602751	2.29352	0.560199
mRNA_MEgreenyellow	ENSG00000063587.15	ZNF275	0.0593141	2.14624	0.356485
mRNA_MEgreenyellow	ENSG00000158201.10	ABHD3	0.0589825	1.80017	0.417079
mRNA_MEgreenyellow	ENSG00000198346.11	ZNF813	0.058861	0.832645	0.315517
mRNA_MEgreenyellow	ENSG00000185515.15	BRCC3	0.0583918	2.39903	0.403859
mRNA_MEgreenyellow	ENSG00000144791.10	LIMD1	0.0581171	1.34174	0.23251
mRNA_MEgreenyellow	ENSG00000065923.10	SLC9A7	0.0570745	1.67166	0.425271
mRNA_MEgreenyellow	ENSG00000139055.7	ERP27	0.0554506	1.30604	0.862977
mRNA_MEgreenyellow	ENSG00000062598.18	ELMO2	0.0548227	2.67179	0.30212
mRNA_MEgreenyellow	ENSG00000115977.20	AAK1	0.0533567	1.66028	0.331969
mRNA_MEmagenta	ENSG00000140153.18	WDR20	0.0869355	1.87035	0.306457
mRNA_MEmagenta	ENSG00000081177.18	EXD2	0.0866492	2.5222	0.37019
mRNA_MEmagenta	ENSG00000100614.18	PPM1A	0.0863365	2.84857	0.411403
mRNA_MEmagenta	ENSG00000092203.15	TOX4	0.0848594	3.34696	0.396103
mRNA_MEmagenta	ENSG00000131966.14	ACTR10	0.084472	3.72812	0.4103
mRNA_MEmagenta	ENSG00000126814.7	TRMT5	0.0843574	1.94027	0.33425
mRNA_MEmagenta	ENSG00000198718.13	TOGARAM1	0.0841002	1.6315	0.338311
mRNA_MEmagenta	ENSG00000139977.14	NAA30	0.0840131	2.19787	0.383986
mRNA_MEmagenta	ENSG00000029364.12	SLC39A9	0.0837528	3.82428	0.396998
mRNA_MEmagenta	ENSG00000100722.20	ZC3H14	0.0837196	1.46012	0.262474
mRNA_MEmagenta	ENSG00000100485.12	SOS2	0.0832599	3.09849	0.445191
mRNA_MEmagenta	ENSG00000151748.15	SAV1	0.0826474	2.58972	0.443937
mRNA_MEmagenta	ENSG00000100815.12	TRIP11	0.0821377	2.3751	0.42243
mRNA_MEmagenta	ENSG00000100916.14	BRMS1L	0.0815513	1.65426	0.367875
mRNA_MEmagenta	ENSG00000089902.10	RCOR1	0.0809859	2.70955	0.375582
mRNA_MEmagenta	ENSG00000092201.10	SUPT16H	0.0802044	3.8479	0.364648
mRNA_MEmagenta	ENSG00000151413.17	NUBPL	0.0799077	1.40727	0.293635
mRNA_MEmagenta	ENSG00000198894.8	CIPC	0.0795963	2.11701	0.468487
mRNA_MEmagenta	ENSG00000080815.19	PSEN1	0.079506	3.13658	0.31286
mRNA_MEmagenta	ENSG00000134001.15	EIF2S1	0.0790966	3.64798	0.391623
mRNA_MEmagenta	ENSG00000119638.14	NEK9	0.0787507	2.85734	0.314451
mRNA_MEmagenta	ENSG00000178974.10	FBXO34	0.0787394	2.93892	0.441796
mRNA_MEmagenta	ENSG00000100731.16	PCNX1	0.0787246	2.23772	0.41596
mRNA_MEmagenta	ENSG00000213463.5	SYNJ2BP	0.0786887	2.8624	0.440274
mRNA_MEmagenta	ENSG00000078304.19	PPP2R5C	0.0785477	2.83781	0.315201
mRNA_MEmagenta	ENSG00000100601.10	ALKBH1	0.0785195	2.28139	0.326976
mRNA_MEmagenta	ENSG00000119689.15	DLST	0.078369	4.63745	0.425865
mRNA_MEmagenta	ENSG00000070269.14	TMEM260	0.0781585	1.53679	0.264305
mRNA_MEmagenta	ENSG00000182400.15	TRAPPC6B	0.0780901	0.977066	0.284743
mRNA_MEmagenta	ENSG00000092140.16	G2E3	0.078035	1.31738	0.291796
mRNA_MEmagenta	ENSG00000100568.11	VTI1B	0.0777555	3.0936	0.378263
mRNA_MEmagenta	ENSG00000100796.17	PPP4R3A	0.0777101	3.59966	0.333512
mRNA_MEmagenta	ENSG00000174373.16	RALGAPA1	0.0774291	1.30933	0.339695
mRNA_MEmagenta	ENSG00000066739.12	ATG2B	0.0774071	2.05239	0.357036
mRNA_MEmagenta	ENSG00000119596.18	YLPM1	0.0773586	2.43109	0.406801
mRNA_MEmagenta	ENSG00000100603.14	SNW1	0.0772465	4.22486	0.296832
mRNA_MEmagenta	ENSG00000126777.18	KTN1	0.0772381	3.39755	0.458024
mRNA_MEmagenta	ENSG00000133961.20	NUMB	0.0772291	3.51426	0.41521
mRNA_MEmagenta	ENSG00000100462.16	PRMT5	0.0771848	2.6404	0.49678
mRNA_MEmagenta	ENSG00000090060.18	PAPOLA	0.0771763	3.65196	0.316649
mRNA_MEmagenta	ENSG00000154001.14	PPP2R5E	0.0771217	2.52679	0.318945
mRNA_MEmagenta	ENSG00000072415.10	MPP5	0.0767992	1.82468	0.392261
mRNA_MEmagenta	ENSG00000032219.19	ARID4A	0.076669	2.3853	0.40954
mRNA_MEmagenta	ENSG00000129473.11	BCL2L2	0.0765751	3.36398	0.522039
mRNA_MEmagenta	ENSG00000100580.8	TMED8	0.0763957	2.89615	0.497111
mRNA_MEmagenta	ENSG00000196943.14	NOP9	0.0763511	2.10413	0.376981
mRNA_MEmagenta	ENSG00000050130.18	JKAMP	0.0763414	3.35021	0.374657
mRNA_MEmagenta	ENSG00000012963.15	UBR7	0.0761751	3.88992	0.365546
mRNA_MEmagenta	ENSG00000012983.11	MAP4K5	0.0760503	2.56695	0.359005
mRNA_MEmagenta	ENSG00000119616.11	FCF1	0.0760361	3.02127	0.336476
mRNA_MEmagenta	ENSG00000126775.9	ATG14	0.0759346	2.65411	0.375346
mRNA_MEmagenta	ENSG00000020426.11	MNAT1	0.0759186	1.64655	0.293001
mRNA_MEmagenta	ENSG00000198752.11	CDC42BPB	0.0758275	3.80829	0.569065
mRNA_MEmagenta	ENSG00000151445.16	VIPAS39	0.0757193	2.95599	0.313244
mRNA_MEmagenta	ENSG00000100938.18	GMPR2	0.0756793	4.4014	0.420923
mRNA_MEmagenta	ENSG00000100528.12	CNIH1	0.0755866	4.00889	0.478777
mRNA_MEmagenta	ENSG00000100461.18	RBM23	0.0753421	2.44689	0.280619
mRNA_MEmagenta	ENSG00000136319.12	TTC5	0.0753321	1.46836	0.289256
mRNA_MEmagenta	ENSG00000168175.15	MAPK1IP1L	0.0753026	3.93738	0.383535
mRNA_MEmagenta	ENSG00000087301.9	TXNDC16	0.07523	2.1443	0.532669
mRNA_MEmagenta	ENSG00000166170.10	BAG5	0.0752024	3.43819	0.419023
mRNA_MEmagenta	ENSG00000100564.9	PIGH	0.0751103	2.45301	0.446391
mRNA_MEmagenta	ENSG00000100519.12	PSMC6	0.0747148	3.00546	0.32333
mRNA_MEmagenta	ENSG00000087299.12	L2HGDH	0.0747142	1.44117	0.516127
mRNA_MEmagenta	ENSG00000100532.12	CGRRF1	0.0746715	1.85834	0.37372
mRNA_MEmagenta	ENSG00000092148.13	HECTD1	0.0745147	3.35836	0.455409
mRNA_MEmagenta	ENSG00000165525.18	NEMF	0.0744149	1.73882	0.320452
mRNA_MEmagenta	ENSG00000100883.13	SRP54	0.0743321	2.79767	0.368065
mRNA_MEmagenta	ENSG00000070367.16	EXOC5	0.074291	2.57133	0.411095
mRNA_MEmagenta	ENSG00000205659.11	LIN52	0.074268	1.83696	0.315545
mRNA_MEmagenta	ENSG00000100664.11	EIF5	0.0739027	4.26719	0.454681
mRNA_MEmagenta	ENSG00000184304.16	PRKD1	0.0737082	2.31217	0.54659
mRNA_MEmagenta	ENSG00000092330.18	TINF2	0.0733063	4.23725	0.364024
mRNA_MEmagenta	ENSG00000133997.12	MED6	0.073257	1.98465	0.294065
mRNA_MEmagenta	ENSG00000126773.13	PCNX4	0.0730414	1.86343	0.346199
mRNA_MEmagenta	ENSG00000100478.15	AP4S1	0.0729299	1.07267	0.288679
mRNA_MEmagenta	ENSG00000165506.15	DNAAF2	0.0724011	2.04048	0.33367
mRNA_MEmagenta	ENSG00000165861.14	ZFYVE1	0.0721149	2.80559	0.364804
mRNA_MEmagenta	ENSG00000011114.15	BTBD7	0.0721025	2.49964	0.397713
mRNA_MEmagenta	ENSG00000119685.20	TTLL5	0.0718717	1.36937	0.233442
mRNA_MEmagenta	ENSG00000100764.14	PSMC1	0.0715804	1.71682	0.302917
mRNA_MEmagenta	ENSG00000139990.18	DCAF5	0.0715178	3.25233	0.317899
mRNA_MEmagenta	ENSG00000139921.13	TMX1	0.0714173	3.88365	0.46705
mRNA_MEmagenta	ENSG00000070778.13	PTPN21	0.0713218	1.79133	0.396583
mRNA_MEmagenta	ENSG00000259431.6	THTPA	0.071307	1.44241	0.367418
mRNA_MEmagenta	ENSG00000215271.9	HOMEZ	0.0711972	1.92573	0.372314
mRNA_MEmagenta	ENSG00000196792.12	STRN3	0.0711327	2.85727	0.364981
mRNA_MEmagenta	ENSG00000100897.18	DCAF11	0.0711054	3.29163	0.336538
mRNA_MEmagenta	ENSG00000171723.16	GPHN	0.0710997	1.97528	0.619225
mRNA_MEmagenta	ENSG00000197045.13	GMFB	0.0707589	3.0145	0.468637
mRNA_MEmagenta	ENSG00000100441.10	KHNYN	0.0707231	2.71541	0.417327
mRNA_MEmagenta	ENSG00000129460.16	NGDN	0.0704258	2.54327	0.362298
mRNA_MEmagenta	ENSG00000100697.15	DICER1	0.0702578	2.53399	0.403242
mRNA_MEmagenta	ENSG00000165943.5	MOAP1	0.0701294	4.42009	0.551209
mRNA_MEmagenta	ENSG00000022976.15	ZNF839	0.0698433	1.00165	0.243305
mRNA_MEmagenta	ENSG00000176903.5	PNMA1	0.0691981	4.38032	0.473624
mRNA_MEmagenta	ENSG00000151320.11	AKAP6	0.0691243	0.789945	0.324974
mRNA_MEmagenta	ENSG00000197776.8	KLHDC1	0.0691209	1.23044	0.332918
mRNA_MEmagenta	ENSG00000165516.11	KLHDC2	0.0689833	2.9175	0.492378
mRNA_MEmagenta	ENSG00000165898.14	ISCA2	0.0686571	2.43171	0.375288
mRNA_MEmagenta	ENSG00000180008.9	SOCS4	0.0685255	2.13827	0.391564
mRNA_MEmagenta	ENSG00000125375.16	DMAC2L	0.0685153	2.11336	0.384498
mRNA_MEmagenta	ENSG00000054983.17	GALC	0.0684848	3.24022	0.542161
mRNA_MEmagenta	ENSG00000183576.13	SETD3	0.068301	4.46645	0.499767
mRNA_MEmagenta	ENSG00000100592.16	DAAM1	0.0682407	1.37027	0.366321
mRNA_MEmagenta	ENSG00000196663.16	TECPR2	0.0681792	2.03552	0.323022
mRNA_MEmagenta	ENSG00000119684.16	MLH3	0.0679731	2.07398	0.359183
mRNA_MEmagenta	ENSG00000165410.15	CFL2	0.067851	3.29686	0.534269
mRNA_MEmagenta	ENSG00000053770.12	AP5M1	0.0677868	1.96747	0.343555
mRNA_MEmagenta	ENSG00000165533.19	TTC8	0.0676758	1.57533	0.277995
mRNA_MEmagenta	ENSG00000119661.15	DNAL1	0.0673858	1.80033	0.284415
mRNA_MEmagenta	ENSG00000140006.11	WDR89	0.0669748	2.05617	0.304106
mRNA_MEmagenta	ENSG00000119711.13	ALDH6A1	0.0668818	2.97502	0.874945
mRNA_MEmagenta	ENSG00000126804.13	ZBTB1	0.0668296	2.86755	0.347704
mRNA_MEmagenta	ENSG00000062370.17	ZNF112	0.0667708	1.14857	0.284696
mRNA_MEmagenta	ENSG00000089737.17	DDX24	0.0666244	4.08679	0.385366
mRNA_MEmagenta	ENSG00000100711.14	ZFYVE21	0.0664703	1.80903	0.330499
mRNA_MEmagenta	ENSG00000089916.18	GPATCH2L	0.0663299	1.44309	0.281374
mRNA_MEmagenta	ENSG00000156050.10	FAM161B	0.0662094	1.34129	0.322095
mRNA_MEmagenta	ENSG00000013523.11	ANGEL1	0.0661308	2.14222	0.331955
mRNA_MEmagenta	ENSG00000100814.18	CCNB1IP1	0.0659705	3.49118	0.624807
mRNA_MEmagenta	ENSG00000258289.8	CHURC1	0.0658095	3.2187	0.51994
mRNA_MEmagenta	ENSG00000100811.14	YY1	0.0657715	3.87954	0.239549
mRNA_MEmagenta	ENSG00000100522.10	GNPNAT1	0.065619	1.74485	0.428014
mRNA_MEmagenta	ENSG00000165914.15	TTC7B	0.065512	1.26235	0.31599
mRNA_MEmagenta	ENSG00000053254.16	FOXN3	0.0651571	2.85911	0.535208
mRNA_MEmagenta	ENSG00000129518.9	EAPP	0.0647771	4.20372	0.392346
mRNA_MEmagenta	ENSG00000170348.9	TMED10	0.0647518	5.97235	0.43774
mRNA_MEmagenta	ENSG00000092208.17	GEMIN2	0.0642489	1.48575	0.282964
mRNA_MEmagenta	ENSG00000100596.7	SPTLC2	0.0638935	3.62529	0.43286
mRNA_MEmagenta	ENSG00000042317.17	SPATA7	0.0638845	1.51679	0.32069
mRNA_MEmagenta	ENSG00000165959.12	CLMN	0.0638777	2.12007	0.618714
mRNA_MEmagenta	ENSG00000100442.11	FKBP3	0.0637025	3.453	0.368734
mRNA_MEmagenta	ENSG00000100554.12	ATP6V1D	0.0634735	3.94265	0.455438
mRNA_MEmagenta	ENSG00000066455.13	GOLGA5	0.0633413	4.20026	0.4124
mRNA_MEmagenta	ENSG00000105708.9	ZNF14	0.0630843	2.10231	0.373207
mRNA_MEmagenta	ENSG00000150527.17	MIA2	0.0629307	3.11094	0.522343
mRNA_MEmagenta	ENSG00000142208.17	AKT1	0.0627798	3.06941	0.355244
mRNA_MEmagenta	ENSG00000182512.5	GLRX5	0.0624562	3.61961	0.393261
mRNA_MEmagenta	ENSG00000205476.9	CCDC85C	0.0620954	0.890381	0.293037
mRNA_MEmagenta	ENSG00000075413.19	MARK3	0.0612191	1.80338	0.242178
mRNA_MEmagenta	ENSG00000092036.18	HAUS4	0.0610003	2.30758	0.418938
mRNA_MEmagenta	ENSG00000151332.19	MBIP	0.0609086	2.34932	0.477143
mRNA_MEmagenta	ENSG00000100490.9	CDKL1	0.06058	1.53923	0.472762
mRNA_MEmagenta	ENSG00000111912.20	NCOA7	0.0605355	3.27793	0.707252
mRNA_MEmagenta	ENSG00000165355.7	FBXO33	0.060372	2.17744	0.376638
mRNA_MEmagenta	ENSG00000151623.15	NR3C2	0.0602898	1.63513	0.633358
mRNA_MEmagenta	ENSG00000100823.12	APEX1	0.059909	6.01163	0.453415
mRNA_MEmagenta	ENSG00000156030.13	MIDEAS	0.0598118	2.61602	0.398948
mRNA_MEmagenta	ENSG00000111752.11	PHC1	0.0596639	1.76392	0.368952
mRNA_MEmagenta	ENSG00000102038.16	SMARCA1	0.0584987	3.67509	0.526308
mRNA_MEmagenta	ENSG00000162437.14	RAVER2	0.0584562	2.46423	0.505788
mRNA_MEmagenta	ENSG00000129484.14	PARP2	0.0582361	2.0789	0.331306
mRNA_MEmagenta	ENSG00000100575.14	TIMM9	0.0579101	3.64125	0.455707
mRNA_MEmagenta	ENSG00000100714.17	MTHFD1	0.0575967	2.62277	0.411847
mRNA_MEmagenta	ENSG00000247746.4	USP51	0.0573227	1.5633	0.421855
mRNA_MEmagenta	ENSG00000092020.10	PPP2R3C	0.0570513	1.95273	0.300587
mRNA_MEmagenta	ENSG00000131115.16	ZNF227	0.0569344	1.48011	0.244128
mRNA_MEmagenta	ENSG00000042088.14	TDP1	0.0569219	1.75487	0.269626
mRNA_MEmagenta	ENSG00000165819.12	METTL3	0.0568292	2.25508	0.340801
mRNA_MEmagenta	ENSG00000126822.17	PLEKHG3	0.0566478	2.13447	0.497457
mRNA_MEmagenta	ENSG00000116729.14	WLS	0.056613	3.87134	0.810208
mRNA_MEmagenta	ENSG00000165527.7	ARF6	0.0564658	4.9666	0.411024
mRNA_MEmagenta	ENSG00000179476.8	C14orf28	0.0564604	1.17219	0.254421
mRNA_MEmagenta	ENSG00000119673.14	ACOT2	0.0559352	2.83692	0.561251
mRNA_MEmagenta	ENSG00000100650.16	SRSF5	0.0556098	4.98447	0.480138
mRNA_MEmagenta	ENSG00000072042.13	RDH11	0.0555461	3.78878	0.525065
mRNA_MEmagenta	ENSG00000020577.14	SAMD4A	0.0554043	1.87888	0.401363
mRNA_MEmagenta	ENSG00000165821.12	SALL2	0.0553657	1.65504	0.60243
mRNA_MEmagenta	ENSG00000197647.11	ZNF433	0.0551569	1.25918	0.428497
mRNA_MEmagenta	ENSG00000100941.9	PNN	0.0549386	4.12402	0.42511
mRNA_MEmagenta	ENSG00000132670.20	PTPRA	0.0547269	4.49254	0.258579
mRNA_MEmagenta	ENSG00000101290.14	CDS2	0.054593	3.40942	0.389234
mRNA_MEmagenta	ENSG00000165782.11	PIP4P1	0.0545478	2.87431	0.338749
mRNA_MEmagenta	ENSG00000119688.21	ABCD4	0.0541511	2.73484	0.369008
mRNA_MEmagenta	ENSG00000158813.18	EDA	0.0540715	0.828377	0.385337
mRNA_MEmagenta	ENSG00000129472.15	RAB2B	0.0539966	2.95787	0.353194
mRNA_MEmagenta	ENSG00000100647.8	SUSD6	0.0539058	4.50014	0.389786
mRNA_MEmagenta	ENSG00000100749.8	VRK1	0.0537773	1.86593	0.28184
mRNA_MEmagenta	ENSG00000080824.19	HSP90AA1	0.0536531	6.78105	0.474106
mRNA_MEmagenta	ENSG00000139946.10	PELI2	0.0535606	1.62785	0.481961
mRNA_MEmagenta	ENSG00000100612.14	DHRS7	0.0533424	4.15776	0.504412
mRNA_MEmagenta	ENSG00000235194.9	PPP1R3E	0.0533176	1.74026	0.488209
mRNA_MEmagenta	ENSG00000089775.12	ZBTB25	0.0531381	1.32461	0.237774
mRNA_MEmagenta	ENSG00000179364.14	PACS2	0.0530235	2.69038	0.362893
mRNA_MEmagenta	ENSG00000129474.16	AJUBA	0.0529538	3.19614	0.645084
mRNA_MEmagenta	ENSG00000255112.3	CHMP1B	0.0528893	4.27672	0.391914
mRNA_MEmagenta	ENSG00000198805.12	PNP	0.0526023	3.4107	0.518304
mRNA_MEmagenta	ENSG00000054690.14	PLEKHH1	0.0514826	1.22856	0.471357
mRNA_MEmagenta	ENSG00000119599.17	DCAF4	0.0514064	1.58106	0.291666
mRNA_MEmagenta	ENSG00000164828.18	SUN1	0.0511616	3.56366	0.360117
mRNA_MEmagenta	ENSG00000170873.19	MTSS1	0.0510582	2.65119	0.535943
mRNA_MEmagenta	ENSG00000151327.13	FAM177A1	0.0509538	2.77717	0.335403
mRNA_MEmagenta	ENSG00000137936.18	BCAR3	0.0507791	1.96913	0.421301
mRNA_MEmagenta	ENSG00000179627.10	ZBTB42	0.0507782	2.45596	0.657998
mRNA_MEmagenta	ENSG00000087302.9	RTRAF	0.0507413	3.39328	0.307007
mRNA_MEmagenta	ENSG00000100865.15	CINP	0.0506838	2.41815	0.28723
mRNA_MEmagenta	ENSG00000151090.20	THRB	0.0506116	1.05239	0.454471
mRNA_MEmagenta	ENSG00000143067.5	ZNF697	0.050274	1.97269	0.514703
mRNA_MEmagenta	ENSG00000242265.6	PEG10	0.050257	2.63746	1.16472
mRNA_MEmagenta	ENSG00000155463.14	OXA1L	0.0501406	4.8648	0.348561
mRNA_MEmagenta	ENSG00000170270.5	GON7	0.0500114	3.22141	0.38644
mRNA_MEmagenta	ENSG00000197016.12	ZNF470	0.0499807	1.03802	0.439935
mRNA_MEmagenta	ENSG00000092199.18	HNRNPC	0.0498204	5.60701	0.286912
mRNA_MEmagenta	ENSG00000165792.18	METTL17	0.0494412	2.43998	0.382814
mRNA_MEmagenta	ENSG00000119707.14	RBM25	0.0492669	2.95989	0.360153
mRNA_MEmagenta	ENSG00000139908.15	TSSK4	0.0491625	0.859375	0.28656
mRNA_MEmagenta	ENSG00000179933.6	C14orf119	0.0487545	3.62849	0.328677
mRNA_MEmagenta	ENSG00000120942.14	UBIAD1	0.0486268	2.41551	0.250016
mRNA_MEmagenta	ENSG00000129562.11	DAD1	0.048512	7.07672	0.361732
mRNA_MEmagenta	ENSG00000009830.12	POMT2	0.0484897	1.7137	0.298817
mRNA_MEmagenta	ENSG00000107242.20	PIP5K1B	0.0483477	0.857613	0.502373
mRNA_MEmagenta	ENSG00000133943.21	DGLUCY	0.0477616	3.10285	0.395266
mRNA_MEmagenta	ENSG00000166206.15	GABRB3	0.0475529	1.00641	0.757035
mRNA_MEmagenta	ENSG00000140057.9	AK7	0.0475494	0.905291	0.3976
mRNA_MEmagenta	ENSG00000133935.7	ERG28	0.0473173	3.71225	0.42196
mRNA_MEmagenta	ENSG00000198513.13	ATL1	0.0470786	0.964359	0.337324
mRNA_MEmagenta	ENSG00000083750.13	RRAGB	0.0467525	2.63417	0.334146
mRNA_MEmagenta	ENSG00000153485.6	TMEM251	0.0461896	2.04964	0.372327
mRNA_MEmagenta	ENSG00000119636.16	BBOF1	0.0461352	1.20162	0.251527
mRNA_MEmagenta	ENSG00000139874.6	SSTR1	0.0456801	1.0206	0.672825
mRNA_MEmagenta	ENSG00000197324.9	LRP10	0.0455442	4.7289	0.380974
mRNA_MEmagenta	ENSG00000165389.7	SPTSSA	0.0455154	3.69355	0.441969
mRNA_MEmagenta	ENSG00000023608.5	SNAPC1	0.0438528	2.16119	0.425807
mRNA_MEmagenta	ENSG00000143797.12	MBOAT2	0.0428896	1.62177	0.519295
mRNA_MEmagenta	ENSG00000100804.19	PSMB5	0.0412998	5.65016	0.362189
mRNA_MEmagenta	ENSG00000184227.8	ACOT1	0.0411209	1.65372	0.689324
mRNA_MEpink	ENSG00000171634.18	BPTF	0.0815643	2.51824	0.394355
mRNA_MEpink	ENSG00000100393.14	EP300	0.0788602	3.41622	0.369781
mRNA_MEpink	ENSG00000183530.14	PRR14L	0.0784649	2.18171	0.30624
mRNA_MEpink	ENSG00000116539.14	ASH1L	0.0783562	2.75802	0.427357
mRNA_MEpink	ENSG00000186566.13	GPATCH8	0.0781809	2.77322	0.297509
mRNA_MEpink	ENSG00000086758.16	HUWE1	0.076902	3.98127	0.398794
mRNA_MEpink	ENSG00000070366.14	SMG6	0.0768444	1.76712	0.372832
mRNA_MEpink	ENSG00000130723.21	PRRC2B	0.0765865	3.63896	0.529894
mRNA_MEpink	ENSG00000125686.12	MED1	0.0762885	2.60584	0.371942
mRNA_MEpink	ENSG00000160294.11	MCM3AP	0.07617	2.48958	0.439629
mRNA_MEpink	ENSG00000118058.23	KMT2A	0.0756086	1.87938	0.305877
mRNA_MEpink	ENSG00000180357.9	ZNF609	0.0753592	2.28466	0.314273
mRNA_MEpink	ENSG00000074755.15	ZZEF1	0.0748796	2.29796	0.321504
mRNA_MEpink	ENSG00000055609.19	KMT2C	0.0748401	2.35178	0.362467
mRNA_MEpink	ENSG00000038219.13	BOD1L1	0.0745061	2.27441	0.370463
mRNA_MEpink	ENSG00000138688.15	KIAA1109	0.0744081	2.37567	0.457335
mRNA_MEpink	ENSG00000103657.14	HERC1	0.0739092	2.35663	0.452865
mRNA_MEpink	ENSG00000128908.17	INO80	0.0738812	2.70897	0.295942
mRNA_MEpink	ENSG00000100888.15	CHD8	0.0738205	2.07439	0.304455
mRNA_MEpink	ENSG00000005810.18	MYCBP2	0.0737862	2.15331	0.434969
mRNA_MEpink	ENSG00000147133.16	TAF1	0.0737688	2.26779	0.334389
mRNA_MEpink	ENSG00000127603.30	MACF1	0.0735796	2.86774	0.481303
mRNA_MEpink	ENSG00000104517.13	UBR5	0.0735447	2.60353	0.399894
mRNA_MEpink	ENSG00000047410.14	TPR	0.0734867	3.36653	0.394334
mRNA_MEpink	ENSG00000197102.12	DYNC1H1	0.0734278	3.09208	0.397266
mRNA_MEpink	ENSG00000123200.17	ZC3H13	0.0728971	3.01551	0.356558
mRNA_MEpink	ENSG00000005339.15	CREBBP	0.0727768	3.03406	0.31559
mRNA_MEpink	ENSG00000174231.17	PRPF8	0.0726134	4.8292	0.364796
mRNA_MEpink	ENSG00000132466.19	ANKRD17	0.0723684	3.24628	0.377202
mRNA_MEpink	ENSG00000083168.11	KAT6A	0.0720064	1.90388	0.332943
mRNA_MEpink	ENSG00000117713.20	ARID1A	0.0719974	2.70504	0.33748
mRNA_MEpink	ENSG00000167548.16	KMT2D	0.0719874	2.46927	0.389301
mRNA_MEpink	ENSG00000145016.16	RUBCN	0.0717556	1.05217	0.260237
mRNA_MEpink	ENSG00000159140.21	SON	0.0715847	4.23352	0.353281
mRNA_MEpink	ENSG00000169375.16	SIN3A	0.0713989	2.68816	0.272113
mRNA_MEpink	ENSG00000128731.18	HERC2	0.0713788	2.03327	0.322377
mRNA_MEpink	ENSG00000107581.13	EIF3A	0.0712732	4.84877	0.481904
mRNA_MEpink	ENSG00000196535.17	MYO18A	0.0708812	2.33283	0.404187
mRNA_MEpink	ENSG00000128881.17	TTBK2	0.0708173	1.19989	0.230156
mRNA_MEpink	ENSG00000198265.12	HELZ	0.0708037	2.32106	0.292343
mRNA_MEpink	ENSG00000164190.19	NIPBL	0.070235	2.75949	0.331551
mRNA_MEpink	ENSG00000188786.10	MTF1	0.0702335	1.91577	0.334627
mRNA_MEpink	ENSG00000076108.12	BAZ2A	0.070144	3.72408	0.381658
mRNA_MEpink	ENSG00000156650.14	KAT6B	0.0700506	1.11245	0.232595
mRNA_MEpink	ENSG00000173064.13	HECTD4	0.0700263	1.80901	0.304051
mRNA_MEpink	ENSG00000082805.20	ERC1	0.0698437	2.62708	0.363341
mRNA_MEpink	ENSG00000184677.18	ZBTB40	0.0696677	2.2892	0.332053
mRNA_MEpink	ENSG00000165671.21	NSD1	0.0696176	2.73511	0.341467
mRNA_MEpink	ENSG00000170325.15	PRDM10	0.0695402	1.34827	0.198836
mRNA_MEpink	ENSG00000241973.11	PI4KA	0.0695232	2.85443	0.367133
mRNA_MEpink	ENSG00000163960.12	UBXN7	0.0693727	2.38786	0.366477
mRNA_MEpink	ENSG00000112159.12	MDN1	0.0692983	1.74395	0.357979
mRNA_MEpink	ENSG00000067369.14	TP53BP1	0.0692688	2.00058	0.362033
mRNA_MEpink	ENSG00000144028.15	SNRNP200	0.0690437	4.64048	0.359981
mRNA_MEpink	ENSG00000054118.15	THRAP3	0.0689335	4.90655	0.28031
mRNA_MEpink	ENSG00000174197.16	MGA	0.0689084	1.70167	0.315341
mRNA_MEpink	ENSG00000124177.15	CHD6	0.068644	2.33222	0.335487
mRNA_MEpink	ENSG00000166716.10	ZNF592	0.0686018	3.01866	0.295653
mRNA_MEpink	ENSG00000160218.13	TRAPPC10	0.0685396	1.53811	0.32288
mRNA_MEpink	ENSG00000134452.20	FBH1	0.0682189	3.11176	0.292143
mRNA_MEpink	ENSG00000198793.13	MTOR	0.0681421	2.36109	0.297425
mRNA_MEpink	ENSG00000162402.14	USP24	0.0678412	2.89358	0.338089
mRNA_MEpink	ENSG00000173575.22	CHD2	0.0677078	2.69395	0.305401
mRNA_MEpink	ENSG00000049618.24	ARID1B	0.0676437	1.33773	0.232203
mRNA_MEpink	ENSG00000183495.14	EP400	0.0675818	1.93838	0.268601
mRNA_MEpink	ENSG00000100207.20	TCF20	0.0675063	2.76929	0.355387
mRNA_MEpink	ENSG00000100354.21	TNRC6B	0.0671112	1.67206	0.257937
mRNA_MEpink	ENSG00000197386.12	HTT	0.0670594	2.37709	0.325098
mRNA_MEpink	ENSG00000204843.12	DCTN1	0.0668684	3.7036	0.400462
mRNA_MEpink	ENSG00000196367.14	TRRAP	0.0668381	2.30197	0.347565
mRNA_MEpink	ENSG00000130856.17	ZNF236	0.066608	1.1725	0.212698
mRNA_MEpink	ENSG00000224470.8	ATXN1L	0.0665238	3.23369	0.400032
mRNA_MEpink	ENSG00000109111.15	SUPT6H	0.0664684	3.87046	0.278928
mRNA_MEpink	ENSG00000005483.21	KMT2E	0.0664382	3.45668	0.332636
mRNA_MEpink	ENSG00000215421.9	ZNF407	0.0664113	1.162	0.274457
mRNA_MEpink	ENSG00000118900.15	UBN1	0.0661523	2.82434	0.294088
mRNA_MEpink	ENSG00000134744.14	TUT4	0.0658458	1.70853	0.302317
mRNA_MEpink	ENSG00000157106.17	SMG1	0.0658148	2.26429	0.383924
mRNA_MEpink	ENSG00000275066.5	SYNRG	0.0657537	2.42248	0.328332
mRNA_MEpink	ENSG00000137337.15	MDC1	0.0655866	2.32429	0.331025
mRNA_MEpink	ENSG00000065526.12	SPEN	0.065532	2.84684	0.431839
mRNA_MEpink	ENSG00000140265.12	ZSCAN29	0.0655139	2.03504	0.258268
mRNA_MEpink	ENSG00000072121.17	ZFYVE26	0.0651728	1.83902	0.319689
mRNA_MEpink	ENSG00000048707.15	VPS13D	0.064807	2.05183	0.424085
mRNA_MEpink	ENSG00000198231.13	DDX42	0.0646279	3.94604	0.300961
mRNA_MEpink	ENSG00000172534.14	HCFC1	0.0645869	3.16663	0.348987
mRNA_MEpink	ENSG00000067596.12	DHX8	0.064573	2.43103	0.252865
mRNA_MEpink	ENSG00000116580.18	GON4L	0.064488	2.18764	0.297253
mRNA_MEpink	ENSG00000176542.10	USF3	0.0644678	1.56768	0.327338
mRNA_MEpink	ENSG00000151461.20	UPF2	0.0642141	2.85025	0.362157
mRNA_MEpink	ENSG00000136485.15	DCAF7	0.0641156	4.34345	0.357303
mRNA_MEpink	ENSG00000171467.16	ZNF318	0.0640489	2.1621	0.300467
mRNA_MEpink	ENSG00000140829.12	DHX38	0.0640243	3.43547	0.331016
mRNA_MEpink	ENSG00000139613.12	SMARCC2	0.0638462	3.49536	0.33751
mRNA_MEpink	ENSG00000054523.18	KIF1B	0.063818	2.43279	0.364191
mRNA_MEpink	ENSG00000184634.16	MED12	0.0635388	3.11578	0.310363
mRNA_MEpink	ENSG00000152223.15	EPG5	0.0632558	1.98143	0.368214
mRNA_MEpink	ENSG00000088854.12	C20orf194	0.063205	2.56904	0.386653
mRNA_MEpink	ENSG00000160584.16	SIK3	0.0630573	2.35523	0.299439
mRNA_MEpink	ENSG00000149503.13	INCENP	0.0630079	1.9522	0.352501
mRNA_MEpink	ENSG00000116731.22	PRDM2	0.0629787	2.07644	0.313972
mRNA_MEpink	ENSG00000165494.11	PCF11	0.0628473	2.5615	0.366375
mRNA_MEpink	ENSG00000009954.11	BAZ1B	0.0627695	4.024	0.360687
mRNA_MEpink	ENSG00000123066.9	MED13L	0.0626863	2.23069	0.443048
mRNA_MEpink	ENSG00000143379.12	SETDB1	0.062316	2.38341	0.298404
mRNA_MEpink	ENSG00000225830.15	ERCC6	0.0622374	0.99472	0.205728
mRNA_MEpink	ENSG00000169057.24	MECP2	0.0620639	2.38906	0.290461
mRNA_MEpink	ENSG00000136504.13	KAT7	0.0620453	2.4165	0.268517
mRNA_MEpink	ENSG00000102974.16	CTCF	0.0620231	2.88928	0.242258
mRNA_MEpink	ENSG00000110514.19	MADD	0.0620098	2.96683	0.250117
mRNA_MEpink	ENSG00000143093.15	STRIP1	0.0618867	2.10196	0.252215
mRNA_MEpink	ENSG00000125676.20	THOC2	0.0617351	2.57491	0.250972
mRNA_MEpink	ENSG00000089154.11	GCN1	0.0616713	3.58622	0.355646
mRNA_MEpink	ENSG00000115306.16	SPTBN1	0.0615535	5.10026	0.587496
mRNA_MEpink	ENSG00000060237.18	WNK1	0.0614974	3.43393	0.433535
mRNA_MEpink	ENSG00000124422.12	USP22	0.0614206	4.41408	0.503864
mRNA_MEpink	ENSG00000130939.20	UBE4B	0.0614102	2.73162	0.37427
mRNA_MEpink	ENSG00000126216.15	TUBGCP3	0.0613601	2.25026	0.266771
mRNA_MEpink	ENSG00000183337.17	BCOR	0.0612863	2.32709	0.410509
mRNA_MEpink	ENSG00000196313.11	POM121	0.0612362	2.24293	0.420165
mRNA_MEpink	ENSG00000197081.16	IGF2R	0.0612012	3.48643	0.480931
mRNA_MEpink	ENSG00000107263.18	RAPGEF1	0.0610625	4.46071	0.43521
mRNA_MEpink	ENSG00000150455.13	TIRAP	0.0609207	1.23285	0.230646
mRNA_MEpink	ENSG00000168014.17	C2CD3	0.0608227	1.5706	0.219884
mRNA_MEpink	ENSG00000141027.21	NCOR1	0.0607899	3.20983	0.369697
mRNA_MEpink	ENSG00000167257.11	RNF214	0.0606805	2.13249	0.27991
mRNA_MEpink	ENSG00000107863.18	ARHGAP21	0.0606655	2.71761	0.347245
mRNA_MEpink	ENSG00000099995.19	SF3A1	0.0606115	4.42318	0.352946
mRNA_MEpink	ENSG00000106261.17	ZKSCAN1	0.0605513	3.22548	0.373284
mRNA_MEpink	ENSG00000126746.17	ZNF384	0.0605087	2.59069	0.364371
mRNA_MEpink	ENSG00000160007.19	ARHGAP35	0.0604702	3.50751	0.433043
mRNA_MEpink	ENSG00000137802.14	MAPKBP1	0.0604058	1.47126	0.238331
mRNA_MEpink	ENSG00000136715.19	SAP130	0.0603944	2.9384	0.257355
mRNA_MEpink	ENSG00000084112.15	SSH1	0.0603592	2.39104	0.322956
mRNA_MEpink	ENSG00000074621.14	SLC24A1	0.0602526	1.42366	0.314746
mRNA_MEpink	ENSG00000170322.14	NFRKB	0.0601725	2.57945	0.284688
mRNA_MEpink	ENSG00000172943.20	PHF8	0.0601244	2.29954	0.260697
mRNA_MEpink	ENSG00000038358.15	EDC4	0.0597154	2.65835	0.312996
mRNA_MEpink	ENSG00000169925.17	BRD3	0.0596181	2.18183	0.349463
mRNA_MEpink	ENSG00000167182.15	SP2	0.059407	3.0738	0.35799
mRNA_MEpink	ENSG00000148606.13	POLR3A	0.0593525	1.98317	0.238241
mRNA_MEpink	ENSG00000125633.11	CCDC93	0.0593193	2.5227	0.330911
mRNA_MEpink	ENSG00000140548.10	ZNF710	0.0590961	2.24767	0.409301
mRNA_MEpink	ENSG00000168137.18	SETD5	0.0589657	2.74546	0.325361
mRNA_MEpink	ENSG00000151503.13	NCAPD3	0.0589462	1.28596	0.251617
mRNA_MEpink	ENSG00000185278.15	ZBTB37	0.0589451	1.04311	0.233962
mRNA_MEpink	ENSG00000137776.17	SLTM	0.0589078	3.40057	0.294716
mRNA_MEpink	ENSG00000134698.11	AGO4	0.0588224	2.16222	0.318311
mRNA_MEpink	ENSG00000147548.17	NSD3	0.0587109	2.33126	0.2947
mRNA_MEpink	ENSG00000161021.13	MAML1	0.0585723	3.19095	0.282827
mRNA_MEpink	ENSG00000148843.15	PDCD11	0.0585355	2.70278	0.297161
mRNA_MEpink	ENSG00000130119.17	GNL3L	0.0585085	1.94273	0.283407
mRNA_MEpink	ENSG00000100147.14	CCDC134	0.0584266	1.44351	0.339941
mRNA_MEpink	ENSG00000196199.14	MPHOSPH8	0.0584059	3.73531	0.358211
mRNA_MEpink	ENSG00000198646.14	NCOA6	0.0582851	2.5818	0.275494
mRNA_MEpink	ENSG00000197077.13	KIAA1671	0.0581918	2.94696	0.425438
mRNA_MEpink	ENSG00000054654.19	SYNE2	0.0581056	2.80361	0.5272
mRNA_MEpink	ENSG00000137076.21	TLN1	0.0580193	5.85867	0.395499
mRNA_MEpink	ENSG00000072501.19	SMC1A	0.0575064	3.26476	0.388611
mRNA_MEpink	ENSG00000181222.19	POLR2A	0.057404	4.85134	0.412649
mRNA_MEpink	ENSG00000141503.17	MINK1	0.0573778	3.60345	0.396034
mRNA_MEpink	ENSG00000120071.15	KANSL1	0.0569516	1.78357	0.206109
mRNA_MEpink	ENSG00000101191.17	DIDO1	0.0567951	2.84368	0.244332
mRNA_MEpink	ENSG00000174282.12	ZBTB4	0.0567808	4.45785	0.372371
mRNA_MEpink	ENSG00000054965.11	FAM168A	0.0566039	3.54286	0.319645
mRNA_MEpink	ENSG00000243156.9	MICAL3	0.0565871	1.71939	0.441619
mRNA_MEpink	ENSG00000263002.8	ZNF234	0.0565745	1.46964	0.27612
mRNA_MEpink	ENSG00000087269.16	NOP14	0.0565534	2.73	0.321918
mRNA_MEpink	ENSG00000197694.18	SPTAN1	0.056532	4.2482	0.421653
mRNA_MEpink	ENSG00000160299.17	PCNT	0.0560694	1.75683	0.266958
mRNA_MEpink	ENSG00000274211.6	SOCS7	0.0560471	1.98844	0.454445
mRNA_MEpink	ENSG00000157657.14	ZNF618	0.0560309	2.31211	0.413607
mRNA_MEpink	ENSG00000103549.22	RNF40	0.0558871	3.47526	0.37659
mRNA_MEpink	ENSG00000219481.10	NBPF1	0.0558772	1.11886	0.31351
mRNA_MEpink	ENSG00000092847.13	AGO1	0.0558519	2.34161	0.283543
mRNA_MEpink	ENSG00000171456.20	ASXL1	0.0557258	2.88194	0.278313
mRNA_MEpink	ENSG00000184675.11	AMER1	0.0555529	0.984545	0.247553
mRNA_MEpink	ENSG00000107862.6	GBF1	0.0554875	2.27359	0.245161
mRNA_MEpink	ENSG00000005100.13	DHX33	0.0554439	2.28724	0.253372
mRNA_MEpink	ENSG00000033327.13	GAB2	0.0553669	2.77113	0.46512
mRNA_MEpink	ENSG00000095564.14	BTAF1	0.0552644	2.76545	0.400213
mRNA_MEpink	ENSG00000171823.7	FBXL14	0.0552495	2.53251	0.340981
mRNA_MEpink	ENSG00000165733.8	BMS1	0.0552286	2.81245	0.253493
mRNA_MEpink	ENSG00000112659.14	CUL9	0.0551698	1.76293	0.269472
mRNA_MEpink	ENSG00000197312.12	DDI2	0.055071	2.14138	0.287295
mRNA_MEpink	ENSG00000157741.15	UBN2	0.055028	1.59775	0.252982
mRNA_MEpink	ENSG00000075407.18	ZNF37A	0.0549724	1.66665	0.296912
mRNA_MEpink	ENSG00000171475.14	WIPF2	0.0549557	3.49655	0.283128
mRNA_MEpink	ENSG00000106346.11	USP42	0.0546783	1.73394	0.273866
mRNA_MEpink	ENSG00000143614.10	GATAD2B	0.0545666	2.43318	0.278288
mRNA_MEpink	ENSG00000100403.12	ZC3H7B	0.054543	3.77629	0.418924
mRNA_MEpink	ENSG00000100426.7	ZBED4	0.0545007	1.99598	0.290892
mRNA_MEpink	ENSG00000075151.21	EIF4G3	0.0544358	3.1438	0.324235
mRNA_MEpink	ENSG00000074054.20	CLASP1	0.0544315	3.17229	0.281174
mRNA_MEpink	ENSG00000163374.19	YY1AP1	0.054373	2.90784	0.291914
mRNA_MEpink	ENSG00000090686.16	USP48	0.0541364	2.76791	0.276049
mRNA_MEpink	ENSG00000186001.14	LRCH3	0.054055	1.85014	0.225363
mRNA_MEpink	ENSG00000120685.20	PROSER1	0.0539265	2.41535	0.287928
mRNA_MEpink	ENSG00000149639.15	SOGA1	0.0538272	2.43658	0.367741
mRNA_MEpink	ENSG00000175215.11	CTDSP2	0.0537763	5.50637	0.404825
mRNA_MEpink	ENSG00000173120.15	KDM2A	0.0537578	3.60852	0.259899
mRNA_MEpink	ENSG00000047056.16	WDR37	0.0536713	2.38105	0.310564
mRNA_MEpink	ENSG00000065970.9	FOXJ2	0.0536267	2.87008	0.296778
mRNA_MEpink	ENSG00000198911.12	SREBF2	0.0535842	3.62175	0.399168
mRNA_MEpink	ENSG00000149187.18	CELF1	0.0535553	3.53192	0.228251
mRNA_MEpink	ENSG00000105497.8	ZNF175	0.0532618	1.50705	0.269794
mRNA_MEpink	ENSG00000174233.11	ADCY6	0.0532117	2.7187	0.432199
mRNA_MEpink	ENSG00000167395.10	ZNF646	0.053092	2.13459	0.28454
mRNA_MEpink	ENSG00000186174.12	BCL9L	0.0525948	2.56696	0.478588
mRNA_MEpink	ENSG00000187605.15	TET3	0.0525871	1.64604	0.276722
mRNA_MEpink	ENSG00000142207.7	URB1	0.0524942	1.80503	0.342744
mRNA_MEpink	ENSG00000116698.21	SMG7	0.0524137	3.80495	0.285362
mRNA_MEpink	ENSG00000198799.12	LRIG2	0.0523331	1.49076	0.234523
mRNA_MEpink	ENSG00000126070.20	AGO3	0.0521444	1.13135	0.197563
mRNA_MEpink	ENSG00000113360.16	DROSHA	0.0521129	2.87164	0.300913
mRNA_MEpink	ENSG00000169871.13	TRIM56	0.0520012	3.541	0.398604
mRNA_MEpink	ENSG00000148396.18	SEC16A	0.0519586	3.52757	0.319491
mRNA_MEpink	ENSG00000197037.11	ZSCAN25	0.0518524	1.91758	0.244081
mRNA_MEpink	ENSG00000109685.19	NSD2	0.0516306	1.72419	0.263927
mRNA_MEpink	ENSG00000108349.17	CASC3	0.051595	4.01507	0.292222
mRNA_MEpink	ENSG00000129566.13	TEP1	0.0515332	2.05478	0.355442
mRNA_MEpink	ENSG00000198198.17	SZT2	0.0514834	1.37615	0.243477
mRNA_MEpink	ENSG00000183826.18	BTBD9	0.0513433	1.82383	0.299669
mRNA_MEpink	ENSG00000124942.14	AHNAK	0.0512293	6.18318	0.651688
mRNA_MEpink	ENSG00000108306.13	FBXL20	0.0511477	1.85	0.229239
mRNA_MEpink	ENSG00000171316.12	CHD7	0.0510874	1.12649	0.277487
mRNA_MEpink	ENSG00000124782.20	RREB1	0.051016	2.15791	0.260304
mRNA_MEpink	ENSG00000156983.16	BRPF1	0.0509309	2.05933	0.279583
mRNA_MEpink	ENSG00000186230.7	ZNF749	0.0505076	0.925401	0.238741
mRNA_MEpink	ENSG00000116128.11	BCL9	0.050506	2.06614	0.353646
mRNA_MEpink	ENSG00000151148.14	UBE3B	0.0504061	2.65141	0.249095
mRNA_MEpink	ENSG00000196547.15	MAN2A2	0.0503882	2.6551	0.347349
mRNA_MEpink	ENSG00000127804.13	METTL16	0.0503601	2.37462	0.31106
mRNA_MEpink	ENSG00000158161.16	EYA3	0.0503465	2.55803	0.390315
mRNA_MEpink	ENSG00000117523.16	PRRC2C	0.0501436	3.78473	0.411468
mRNA_MEpink	ENSG00000108557.19	RAI1	0.0500959	2.23474	0.393052
mRNA_MEpink	ENSG00000068654.16	POLR1A	0.0500944	2.07563	0.305377
mRNA_MEpink	ENSG00000264522.6	OTUD7B	0.0498304	1.97696	0.296222
mRNA_MEpink	ENSG00000007923.16	DNAJC11	0.0496751	2.82157	0.38854
mRNA_MEpink	ENSG00000179409.11	GEMIN4	0.0495086	2.24329	0.290363
mRNA_MEpink	ENSG00000253352.10	TUG1	0.049495	3.60536	0.299182
mRNA_MEpink	ENSG00000038382.20	TRIO	0.049224	2.59149	0.419828
mRNA_MEpink	ENSG00000152767.17	FARP1	0.0489238	2.23375	0.465261
mRNA_MEpink	ENSG00000162714.12	ZNF496	0.0488902	2.39158	0.29551
mRNA_MEpink	ENSG00000125386.16	FAM193A	0.0485324	2.5682	0.261562
mRNA_MEpink	ENSG00000100425.18	BRD1	0.0484384	2.72921	0.305869
mRNA_MEpink	ENSG00000141664.10	ZCCHC2	0.0478045	1.89266	0.328488
mRNA_MEpink	ENSG00000181873.13	IBA57	0.0474427	1.25009	0.305371
mRNA_MEpink	ENSG00000163125.15	RPRD2	0.0472166	3.33593	0.366564
mRNA_MEpink	ENSG00000075292.19	ZNF638	0.0471952	3.22465	0.279371
mRNA_MEpink	ENSG00000186635.14	ARAP1	0.0470191	3.42213	0.392749
mRNA_MEpink	ENSG00000151612.18	ZNF827	0.0468622	1.33204	0.224149
mRNA_MEpink	ENSG00000143190.23	POU2F1	0.0466743	1.67015	0.229061
mRNA_MEpink	ENSG00000089057.15	SLC23A2	0.0462148	3.04951	0.426619
mRNA_MEpink	ENSG00000137497.18	NUMA1	0.0461547	3.73244	0.36052
mRNA_MEpink	ENSG00000095319.14	NUP188	0.0458334	2.74174	0.291421
mRNA_MEpink	ENSG00000172661.19	WASHC2C	0.045828	2.94525	0.327413
mRNA_MEpink	ENSG00000170734.12	POLH	0.0456605	2.42406	0.39286
mRNA_MEpink	ENSG00000099783.12	HNRNPM	0.045609	4.76199	0.308948
mRNA_MEpink	ENSG00000114739.14	ACVR2B	0.0454926	0.976381	0.291866
mRNA_MEpink	ENSG00000116688.18	MFN2	0.0454862	3.55927	0.32578
mRNA_MEpink	ENSG00000124496.12	TRERF1	0.0453218	1.45244	0.343927
mRNA_MEpink	ENSG00000074356.17	NCBP3	0.0453095	2.23066	0.287612
mRNA_MEpink	ENSG00000198742.10	SMURF1	0.0450074	2.82647	0.325724
mRNA_MEpink	ENSG00000065802.12	ASB1	0.0446307	2.06982	0.395151
mRNA_MEpink	ENSG00000146909.8	NOM1	0.0444912	1.80766	0.284887
mRNA_MEpink	ENSG00000019485.13	PRDM11	0.0434493	1.00336	0.257586
mRNA_MEpink	ENSG00000103404.14	USP31	0.0418342	1.36039	0.277651
mRNA_MEpink	ENSG00000130544.12	ZNF557	0.0412857	1.32302	0.260502
mRNA_MEpink	ENSG00000100226.16	GTPBP1	0.039426	2.93922	0.283815
mRNA_MEpurple	ENSG00000146670.10	CDCA5	0.0956262	1.17862	0.485279
mRNA_MEpurple	ENSG00000089685.15	BIRC5	0.0951694	1.45645	0.659707
mRNA_MEpurple	ENSG00000134690.11	CDCA8	0.0950196	1.40926	0.536935
mRNA_MEpurple	ENSG00000138180.16	CEP55	0.0950079	1.29891	0.611463
mRNA_MEpurple	ENSG00000171848.16	RRM2	0.0944659	1.25618	0.60423
mRNA_MEpurple	ENSG00000088325.16	TPX2	0.0943484	2.16337	0.753753
mRNA_MEpurple	ENSG00000075218.19	GTSE1	0.0943297	0.86276	0.431017
mRNA_MEpurple	ENSG00000157456.8	CCNB2	0.0942259	1.40417	0.545166
mRNA_MEpurple	ENSG00000166851.15	PLK1	0.0935198	0.904754	0.491803
mRNA_MEpurple	ENSG00000123485.12	HJURP	0.0931426	0.903749	0.520548
mRNA_MEpurple	ENSG00000090889.12	KIF4A	0.0929669	1.03893	0.460349
mRNA_MEpurple	ENSG00000117399.14	CDC20	0.0926215	1.7983	0.740419
mRNA_MEpurple	ENSG00000111206.13	FOXM1	0.092587	1.34734	0.591536
mRNA_MEpurple	ENSG00000101057.16	MYBL2	0.0925244	1.54324	0.828968
mRNA_MEpurple	ENSG00000178999.13	AURKB	0.092232	1.1298	0.596266
mRNA_MEpurple	ENSG00000165304.8	MELK	0.0915842	1.09003	0.490116
mRNA_MEpurple	ENSG00000142945.13	KIF2C	0.0915802	1.10561	0.501562
mRNA_MEpurple	ENSG00000175063.17	UBE2C	0.0914996	2.25237	0.976703
mRNA_MEpurple	ENSG00000072571.20	HMMR	0.0907593	0.871851	0.477745
mRNA_MEpurple	ENSG00000117724.13	CENPF	0.0901787	1.05093	0.522812
mRNA_MEpurple	ENSG00000169679.15	BUB1	0.0900757	0.913782	0.503717
mRNA_MEpurple	ENSG00000170312.16	CDK1	0.0900502	1.63069	0.548538
mRNA_MEpurple	ENSG00000131747.15	TOP2A	0.0895968	2.06379	0.740101
mRNA_MEpurple	ENSG00000087586.18	AURKA	0.0894187	1.53891	0.526224
mRNA_MEpurple	ENSG00000237649.8	KIFC1	0.0893994	1.4907	0.533076
mRNA_MEpurple	ENSG00000112984.12	KIF20A	0.0889869	1.39978	0.685903
mRNA_MEpurple	ENSG00000276043.5	UHRF1	0.0884369	0.917751	0.433211
mRNA_MEpurple	ENSG00000145386.11	CCNA2	0.0879145	1.51128	0.537155
mRNA_MEpurple	ENSG00000164087.8	POC1A	0.0879052	1.04942	0.32458
mRNA_MEpurple	ENSG00000138160.7	KIF11	0.0878988	1.37506	0.468164
mRNA_MEpurple	ENSG00000165480.16	SKA3	0.0877888	0.818621	0.374314
mRNA_MEpurple	ENSG00000093009.11	CDC45	0.0876365	0.878328	0.403917
mRNA_MEpurple	ENSG00000126787.13	DLGAP5	0.0875264	0.884084	0.460902
mRNA_MEpurple	ENSG00000077152.11	UBE2T	0.0872147	1.52351	0.491423
mRNA_MEpurple	ENSG00000011426.11	ANLN	0.0871211	1.38491	0.700821
mRNA_MEpurple	ENSG00000113368.12	LMNB1	0.0870959	2.48976	0.583607
mRNA_MEpurple	ENSG00000164611.13	PTTG1	0.0868911	2.04884	0.732796
mRNA_MEpurple	ENSG00000134057.15	CCNB1	0.0866215	2.45685	0.640028
mRNA_MEpurple	ENSG00000148773.14	MKI67	0.0865718	1.38273	0.63312
mRNA_MEpurple	ENSG00000183856.11	IQGAP3	0.0857765	1.18616	0.569051
mRNA_MEpurple	ENSG00000198826.11	ARHGAP11A	0.0852887	0.858059	0.333011
mRNA_MEpurple	ENSG00000111247.15	RAD51AP1	0.0842345	1.26207	0.415738
mRNA_MEpurple	ENSG00000161888.11	SPC24	0.0832094	1.14281	0.510019
mRNA_MEpurple	ENSG00000144354.14	CDCA7	0.0817586	0.939982	0.562637
mRNA_MEpurple	ENSG00000105011.9	ASF1B	0.0815375	2.12283	0.643274
mRNA_MEpurple	ENSG00000100162.15	CENPM	0.0810105	1.3409	0.519202
mRNA_MEpurple	ENSG00000100526.20	CDKN3	0.0808565	1.18245	0.479661
mRNA_MEpurple	ENSG00000013810.20	TACC3	0.0804783	1.70356	0.468768
mRNA_MEpurple	ENSG00000156802.13	ATAD2	0.0802261	1.54399	0.426972
mRNA_MEpurple	ENSG00000168078.10	PBK	0.0801514	1.09414	0.523851
mRNA_MEpurple	ENSG00000094804.12	CDC6	0.07999	0.965419	0.412158
mRNA_MEpurple	ENSG00000164109.14	MAD2L1	0.0797409	1.18756	0.402705
mRNA_MEpurple	ENSG00000101003.10	GINS1	0.0796317	1.20558	0.377311
mRNA_MEpurple	ENSG00000080986.13	NDC80	0.07963	1.16274	0.412082
mRNA_MEpurple	ENSG00000111602.12	TIMELESS	0.0793661	2.06076	0.375697
mRNA_MEpurple	ENSG00000203760.9	CENPW	0.0788762	1.74099	0.518612
mRNA_MEpurple	ENSG00000161800.13	RACGAP1	0.0780999	2.19623	0.481291
mRNA_MEpurple	ENSG00000010292.13	NCAPD2	0.0779058	3.06323	0.39772
mRNA_MEpurple	ENSG00000068489.13	PRR11	0.0774555	1.06618	0.482711
mRNA_MEpurple	ENSG00000071539.14	TRIP13	0.0770964	1.35405	0.499729
mRNA_MEpurple	ENSG00000106462.11	EZH2	0.0767149	1.48057	0.385661
mRNA_MEpurple	ENSG00000182481.10	KPNA2	0.0764748	2.44845	0.498222
mRNA_MEpurple	ENSG00000140525.19	FANCI	0.0761957	0.994792	0.309756
mRNA_MEpurple	ENSG00000114346.14	ECT2	0.0754507	1.84752	0.549238
mRNA_MEpurple	ENSG00000153044.10	CENPH	0.0754192	1.61402	0.400598
mRNA_MEpurple	ENSG00000076003.5	MCM6	0.0747487	3.10308	0.416345
mRNA_MEpurple	ENSG00000143476.18	DTL	0.0745599	1.18931	0.466297
mRNA_MEpurple	ENSG00000131944.10	FAAP24	0.0741453	1.00507	0.346061
mRNA_MEpurple	ENSG00000167900.12	TK1	0.0735602	3.50738	0.842124
mRNA_MEpurple	ENSG00000104738.18	MCM4	0.0734508	2.41829	0.500119
mRNA_MEpurple	ENSG00000122952.17	ZWINT	0.0731785	2.49771	0.519007
mRNA_MEpurple	ENSG00000167513.9	CDT1	0.0723648	1.58376	0.593643
mRNA_MEpurple	ENSG00000108106.14	UBE2S	0.0718352	1.72475	0.492472
mRNA_MEpurple	ENSG00000106683.15	LIMK1	0.071664	2.57102	0.618673
mRNA_MEpurple	ENSG00000006634.8	DBF4	0.0710512	1.15775	0.316112
mRNA_MEpurple	ENSG00000159259.8	CHAF1B	0.0708895	0.87255	0.356331
mRNA_MEpurple	ENSG00000189159.16	JPT1	0.0699094	3.60202	0.613489
mRNA_MEpurple	ENSG00000123975.5	CKS2	0.069814	3.86519	0.748395
mRNA_MEpurple	ENSG00000101412.13	E2F1	0.0695862	1.73354	0.524687
mRNA_MEpurple	ENSG00000171792.11	RHNO1	0.0690791	3.22113	0.395914
mRNA_MEpurple	ENSG00000160949.17	TONSL	0.0688322	0.973186	0.339409
mRNA_MEpurple	ENSG00000179750.16	APOBEC3B	0.0687552	0.882809	0.429502
mRNA_MEpurple	ENSG00000162073.14	PAQR4	0.0678696	1.07418	0.452871
mRNA_MEpurple	ENSG00000136026.14	CKAP4	0.0677612	4.46676	0.573466
mRNA_MEpurple	ENSG00000184445.12	KNTC1	0.0668268	1.32854	0.342005
mRNA_MEpurple	ENSG00000075643.6	MOCOS	0.0666333	0.930203	0.840647
mRNA_MEpurple	ENSG00000149554.13	CHEK1	0.0659688	1.36353	0.426153
mRNA_MEpurple	ENSG00000149679.11	CABLES2	0.0656065	1.43357	0.297348
mRNA_MEpurple	ENSG00000131153.9	GINS2	0.0652129	1.50273	0.502272
mRNA_MEpurple	ENSG00000166451.13	CENPN	0.0649436	0.937462	0.320534
mRNA_MEpurple	ENSG00000149636.16	DSN1	0.0649151	2.63887	0.312866
mRNA_MEpurple	ENSG00000130309.11	COLGALT1	0.0647539	4.9499	0.475686
mRNA_MEpurple	ENSG00000160957.14	RECQL4	0.064561	1.04177	0.386147
mRNA_MEpurple	ENSG00000112029.10	FBXO5	0.0645605	1.0933	0.284985
mRNA_MEpurple	ENSG00000126453.9	BCL2L12	0.064209	1.8404	0.386384
mRNA_MEpurple	ENSG00000163918.11	RFC4	0.0640729	2.19404	0.37811
mRNA_MEpurple	ENSG00000151725.12	CENPU	0.0638838	1.49414	0.475987
mRNA_MEpurple	ENSG00000106268.15	NUDT1	0.0634705	2.41315	0.45016
mRNA_MEpurple	ENSG00000169180.12	XPO6	0.0629638	3.56236	0.325391
mRNA_MEpurple	ENSG00000180198.16	RCC1	0.0627277	2.83745	0.539766
mRNA_MEpurple	ENSG00000175643.10	RMI2	0.0626484	1.25656	0.464079
mRNA_MEpurple	ENSG00000132646.11	PCNA	0.062439	5.33049	0.392347
mRNA_MEpurple	ENSG00000183010.17	PYCR1	0.0624188	1.39674	0.819934
mRNA_MEpurple	ENSG00000100196.11	KDELR3	0.0622841	3.25737	1.01913
mRNA_MEpurple	ENSG00000135476.12	ESPL1	0.0621903	0.838583	0.379274
mRNA_MEpurple	ENSG00000128944.13	KNSTRN	0.0620213	1.58777	0.308824
mRNA_MEpurple	ENSG00000146918.20	NCAPG2	0.0618825	1.60989	0.410414
mRNA_MEpurple	ENSG00000169258.7	GPRIN1	0.0617117	1.12659	0.510347
mRNA_MEpurple	ENSG00000104312.8	RIPK2	0.0616202	2.91243	0.505632
mRNA_MEpurple	ENSG00000130475.14	FCHO1	0.0616016	1.02109	0.565967
mRNA_MEpurple	ENSG00000134285.11	FKBP11	0.0613215	2.1718	0.627179
mRNA_MEpurple	ENSG00000155660.11	PDIA4	0.0608373	6.04859	0.608384
mRNA_MEpurple	ENSG00000106348.18	IMPDH1	0.0608193	3.0936	0.565742
mRNA_MEpurple	ENSG00000183765.23	CHEK2	0.0606928	1.3104	0.363597
mRNA_MEpurple	ENSG00000101224.17	CDC25B	0.0605657	3.3979	0.649807
mRNA_MEpurple	ENSG00000105245.9	NUMBL	0.0604197	1.56503	0.522757
mRNA_MEpurple	ENSG00000159147.18	DONSON	0.060399	1.66962	0.348735
mRNA_MEpurple	ENSG00000134222.16	PSRC1	0.0601926	1.21121	0.347285
mRNA_MEpurple	ENSG00000105355.9	PLIN3	0.0601518	4.07085	0.580636
mRNA_MEpurple	ENSG00000141682.12	PMAIP1	0.0600133	1.20473	0.624797
mRNA_MEpurple	ENSG00000097046.13	CDC7	0.0598128	1.26864	0.383322
mRNA_MEpurple	ENSG00000107833.10	NPM3	0.0596342	3.14268	0.549582
mRNA_MEpurple	ENSG00000139131.13	YARS2	0.0592359	2.59943	0.295063
mRNA_MEpurple	ENSG00000073111.14	MCM2	0.0590915	1.7367	0.535368
mRNA_MEpurple	ENSG00000131459.13	GFPT2	0.0587745	1.46998	1.12243
mRNA_MEpurple	ENSG00000176619.13	LMNB2	0.0585885	2.953	0.397326
mRNA_MEpurple	ENSG00000131653.13	TRAF7	0.0585755	3.5819	0.419733
mRNA_MEpurple	ENSG00000137309.20	HMGA1	0.0584972	3.41088	0.834059
mRNA_MEpurple	ENSG00000101457.13	DNTTIP1	0.05845	3.8082	0.493932
mRNA_MEpurple	ENSG00000123416.15	TUBA1B	0.0582752	4.62539	0.563329
mRNA_MEpurple	ENSG00000080819.9	CPOX	0.0582291	2.43629	0.437036
mRNA_MEpurple	ENSG00000100379.17	KCTD17	0.0581998	2.35139	0.582538
mRNA_MEpurple	ENSG00000197965.12	MPZL1	0.0580286	4.31939	0.502379
mRNA_MEpurple	ENSG00000168496.4	FEN1	0.0578887	2.9649	0.381927
mRNA_MEpurple	ENSG00000143641.10	GALNT2	0.0577702	3.39671	0.704546
mRNA_MEpurple	ENSG00000062822.15	POLD1	0.0576187	1.86621	0.32344
mRNA_MEpurple	ENSG00000115107.20	STEAP3	0.0575559	2.66989	1.37154
mRNA_MEpurple	ENSG00000125826.21	RBCK1	0.0575026	4.64453	0.599508
mRNA_MEpurple	ENSG00000177084.18	POLE	0.0573476	1.31116	0.262945
mRNA_MEpurple	ENSG00000123374.11	CDK2	0.0572107	2.45407	0.318712
mRNA_MEpurple	ENSG00000167670.16	CHAF1A	0.0569992	1.76452	0.332258
mRNA_MEpurple	ENSG00000113810.16	SMC4	0.0563198	1.90546	0.421246
mRNA_MEpurple	ENSG00000125871.14	MGME1	0.056261	3.34595	0.308052
mRNA_MEpurple	ENSG00000189057.11	FAM111B	0.0561045	1.08928	0.426533
mRNA_MEpurple	ENSG00000089053.13	ANAPC5	0.0560508	3.27723	0.274312
mRNA_MEpurple	ENSG00000136982.6	DSCC1	0.056032	1.15948	0.305808
mRNA_MEpurple	ENSG00000084774.14	CAD	0.0559902	2.47623	0.386187
mRNA_MEpurple	ENSG00000101447.15	FAM83D	0.0559461	1.50895	0.555323
mRNA_MEpurple	ENSG00000105928.16	GSDME	0.0559455	1.92961	0.596022
mRNA_MEpurple	ENSG00000136108.15	CKAP2	0.0556263	2.37355	0.475635
mRNA_MEpurple	ENSG00000137825.11	ITPKA	0.0555858	0.799068	0.873473
mRNA_MEpurple	ENSG00000133195.11	SLC39A11	0.0555604	2.51522	0.46813
mRNA_MEpurple	ENSG00000124102.5	PI3	0.055434	0.943618	1.3329
mRNA_MEpurple	ENSG00000152253.9	SPC25	0.0553652	1.10287	0.448471
mRNA_MEpurple	ENSG00000088298.13	EDEM2	0.0552636	4.62874	0.387017
mRNA_MEpurple	ENSG00000106105.15	GARS1	0.05518	2.49353	0.423889
mRNA_MEpurple	ENSG00000125454.12	SLC25A19	0.0551253	1.37958	0.283531
mRNA_MEpurple	ENSG00000099901.17	RANBP1	0.0550714	3.17181	0.290013
mRNA_MEpurple	ENSG00000163584.18	RPL22L1	0.0549062	3.35556	0.693078
mRNA_MEpurple	ENSG00000160211.19	G6PD	0.0548972	3.3642	0.476675
mRNA_MEpurple	ENSG00000132341.12	RAN	0.0548664	5.27361	0.380697
mRNA_MEpurple	ENSG00000106636.9	YKT6	0.0547325	3.51211	0.384974
mRNA_MEpurple	ENSG00000126067.12	PSMB2	0.0547232	4.30962	0.281753
mRNA_MEpurple	ENSG00000059573.9	ALDH18A1	0.0546663	4.5928	0.44815
mRNA_MEpurple	ENSG00000185697.16	MYBL1	0.0546657	1.01936	0.481837
mRNA_MEpurple	ENSG00000169188.5	APEX2	0.0545947	3.21694	0.277276
mRNA_MEpurple	ENSG00000111445.14	RFC5	0.0545392	2.29741	0.31296
mRNA_MEpurple	ENSG00000196247.11	ZNF107	0.0544246	1.20362	0.323521
mRNA_MEpurple	ENSG00000117632.23	STMN1	0.054149	3.30314	0.494346
mRNA_MEpurple	ENSG00000178295.15	GEN1	0.0540973	0.920658	0.251936
mRNA_MEpurple	ENSG00000182718.18	ANXA2	0.0538278	5.43275	0.58412
mRNA_MEpurple	ENSG00000221955.11	SLC12A8	0.0535489	1.04324	0.80559
mRNA_MEpurple	ENSG00000040275.17	SPDL1	0.053423	1.5929	0.315828
mRNA_MEpurple	ENSG00000140694.17	PARN	0.0531441	2.6695	0.277003
mRNA_MEpurple	ENSG00000167553.16	TUBA1C	0.0529658	3.57793	0.624671
mRNA_MEpurple	ENSG00000185686.18	PRAME	0.0527578	1.54308	1.43623
mRNA_MEpurple	ENSG00000135069.14	PSAT1	0.0527163	2.20096	1.45077
mRNA_MEpurple	ENSG00000179222.18	MAGED1	0.0526081	4.4552	0.489858
mRNA_MEpurple	ENSG00000174564.13	IL20RB	0.0524667	1.9235	1.87918
mRNA_MEpurple	ENSG00000068796.19	KIF2A	0.0522995	1.92534	0.630396
mRNA_MEpurple	ENSG00000100979.15	PLTP	0.0522375	4.78799	1.42212
mRNA_MEpurple	ENSG00000065911.13	MTHFD2	0.0522281	1.49436	0.52003
mRNA_MEpurple	ENSG00000064547.14	LPAR2	0.0521926	2.17492	0.57375
mRNA_MEpurple	ENSG00000110492.15	MDK	0.0521046	3.95865	1.42884
mRNA_MEpurple	ENSG00000114554.11	PLXNA1	0.0519374	2.61957	0.543072
mRNA_MEpurple	ENSG00000092470.12	WDR76	0.0518728	1.39735	0.324377
mRNA_MEpurple	ENSG00000108679.13	LGALS3BP	0.0517512	7.15433	0.814402
mRNA_MEpurple	ENSG00000163931.16	TKT	0.0517282	3.81468	0.482764
mRNA_MEpurple	ENSG00000015475.19	BID	0.0516139	2.81353	0.360929
mRNA_MEpurple	ENSG00000164032.12	H2AZ1	0.0514698	4.98743	0.373815
mRNA_MEpurple	ENSG00000134684.11	YARS1	0.0512122	2.93026	0.314737
mRNA_MEpurple	ENSG00000161692.18	DBF4B	0.0510658	0.818489	0.215817
mRNA_MEpurple	ENSG00000167977.9	KCTD5	0.0508243	3.02645	0.275286
mRNA_MEpurple	ENSG00000196230.13	TUBB	0.050695	7.00682	0.397578
mRNA_MEpurple	ENSG00000182378.14	PLCXD1	0.0503188	1.35998	0.484012
mRNA_MEpurple	ENSG00000017483.15	SLC38A5	0.0502011	1.22484	1.30681
mRNA_MEpurple	ENSG00000101194.18	SLC17A9	0.0501484	1.31377	0.794088
mRNA_MEpurple	ENSG00000070756.17	PABPC1	0.0501029	6.30335	0.429147
mRNA_MEpurple	ENSG00000136240.10	KDELR2	0.0496285	5.94287	0.352859
mRNA_MEpurple	ENSG00000090621.15	PABPC4	0.0493891	3.53535	0.377066
mRNA_MEpurple	ENSG00000115241.11	PPM1G	0.0493099	4.67042	0.26419
mRNA_MEpurple	ENSG00000122565.19	CBX3	0.0491951	4.9136	0.321916
mRNA_MEpurple	ENSG00000213190.4	MLLT11	0.0489216	1.07462	0.611857
mRNA_MEpurple	ENSG00000100297.16	MCM5	0.0487205	3.05964	0.397412
mRNA_MEpurple	ENSG00000104626.15	ERI1	0.0485254	1.61063	0.32006
mRNA_MEpurple	ENSG00000166130.15	IKBIP	0.0480034	3.86435	0.486305
mRNA_MEpurple	ENSG00000137310.12	TCF19	0.0469245	3.04307	0.813601
mRNA_MEpurple	ENSG00000120647.10	CCDC77	0.0461675	1.4885	0.242383
mRNA_MEpurple	ENSG00000138346.15	DNA2	0.0460612	0.821315	0.314389
mRNA_MEpurple	ENSG00000101255.11	TRIB3	0.0456064	3.95754	1.20616
mRNA_MEpurple	ENSG00000170779.11	CDCA4	0.045365	1.74139	0.342865
mRNA_MEpurple	ENSG00000079616.13	KIF22	0.0452265	2.30596	0.317685
mRNA_MEpurple	ENSG00000005189.20	REXO5	0.0443311	0.912574	0.261716
mRNA_MEpurple	ENSG00000213186.8	TRIM59	0.044318	0.869676	0.264612
mRNA_MEpurple	ENSG00000179218.14	CALR	0.0437413	8.31956	0.424496
mRNA_MEpurple	ENSG00000155465.20	SLC7A7	0.0424105	3.61603	1.15975
mRNA_MEred	ENSG00000104859.15	CLASRP	0.0658416	2.7181	0.448732
mRNA_MEred	ENSG00000167302.11	TEPSIN	0.0641672	1.15658	0.291741
mRNA_MEred	ENSG00000104852.15	SNRNP70	0.0639626	4.80328	0.494779
mRNA_MEred	ENSG00000103168.17	TAF1C	0.063622	2.80687	0.416585
mRNA_MEred	ENSG00000102901.13	CENPT	0.0635928	2.21267	0.397652
mRNA_MEred	ENSG00000095059.16	DHPS	0.0620132	0.852125	0.327725
mRNA_MEred	ENSG00000128159.12	TUBGCP6	0.0619324	2.86219	0.432416
mRNA_MEred	ENSG00000167615.17	LENG8	0.0614761	4.27788	0.627028
mRNA_MEred	ENSG00000087087.20	SRRT	0.061293	4.12244	0.328189
mRNA_MEred	ENSG00000221978.12	CCNL2	0.061174	3.61636	0.650639
mRNA_MEred	ENSG00000187961.14	KLHL17	0.0606751	1.41025	0.402897
mRNA_MEred	ENSG00000146067.16	FAM193B	0.0605637	3.01992	0.56708
mRNA_MEred	ENSG00000104957.14	CCDC130	0.060561	3.00903	0.383106
mRNA_MEred	ENSG00000099326.9	MZF1	0.0605126	1.80454	0.413799
mRNA_MEred	ENSG00000176444.19	CLK2	0.0603711	3.48141	0.430302
mRNA_MEred	ENSG00000108773.11	KAT2A	0.0597848	3.45377	0.538681
mRNA_MEred	ENSG00000168010.11	ATG16L2	0.05972	1.97039	0.488512
mRNA_MEred	ENSG00000158805.12	ZNF276	0.0597075	1.3993	0.305648
mRNA_MEred	ENSG00000104960.15	PTOV1	0.0596304	2.35858	0.340567
mRNA_MEred	ENSG00000108465.15	CDK5RAP3	0.0595941	0.866052	0.32963
mRNA_MEred	ENSG00000007392.17	LUC7L	0.0594662	2.56991	0.456003
mRNA_MEred	ENSG00000176155.19	CCDC57	0.0594332	1.45363	0.355228
mRNA_MEred	ENSG00000167967.16	E4F1	0.059373	2.11454	0.326261
mRNA_MEred	ENSG00000011243.18	AKAP8L	0.059193	2.52081	0.322556
mRNA_MEred	ENSG00000198026.8	ZNF335	0.0589248	2.07838	0.30854
mRNA_MEred	ENSG00000146830.11	GIGYF1	0.0586839	3.37717	0.448716
mRNA_MEred	ENSG00000204305.14	AGER	0.0586732	1.88997	0.522952
mRNA_MEred	ENSG00000198089.16	SFI1	0.0586712	1.40314	0.276882
mRNA_MEred	ENSG00000160072.20	ATAD3B	0.0584969	1.2083	0.38134
mRNA_MEred	ENSG00000177595.18	PIDD1	0.0584352	1.69014	0.415704
mRNA_MEred	ENSG00000104907.12	TRMT1	0.0581306	3.28976	0.377149
mRNA_MEred	ENSG00000140983.14	RHOT2	0.0579773	3.72433	0.416953
mRNA_MEred	ENSG00000134815.19	DHX34	0.0578441	2.14214	0.335731
mRNA_MEred	ENSG00000148384.14	INPP5E	0.0574026	1.77842	0.330758
mRNA_MEred	ENSG00000171163.16	ZNF692	0.0573121	2.50291	0.55386
mRNA_MEred	ENSG00000213983.12	AP1G2	0.0572543	1.7755	0.421037
mRNA_MEred	ENSG00000061936.10	SFSWAP	0.0572016	2.41926	0.311012
mRNA_MEred	ENSG00000100726.15	TELO2	0.057188	2.97121	0.374432
mRNA_MEred	ENSG00000197976.12	AKAP17A	0.0571067	3.41935	0.484313
mRNA_MEred	ENSG00000172613.8	RAD9A	0.0570562	1.97272	0.367503
mRNA_MEred	ENSG00000167280.17	ENGASE	0.0562801	2.15613	0.437165
mRNA_MEred	ENSG00000133247.14	KMT5C	0.056226	1.2827	0.350791
mRNA_MEred	ENSG00000186166.9	CENATAC	0.0561968	1.90861	0.421767
mRNA_MEred	ENSG00000076928.18	ARHGEF1	0.0559357	3.54094	0.442007
mRNA_MEred	ENSG00000182685.7	BRICD5	0.0559346	0.709567	0.316936
mRNA_MEred	ENSG00000132017.10	DCAF15	0.0558439	3.06146	0.346617
mRNA_MEred	ENSG00000100083.19	GGA1	0.055823	2.7188	0.282088
mRNA_MEred	ENSG00000148399.13	DPH7	0.0558082	1.86094	0.328595
mRNA_MEred	ENSG00000079313.15	REXO1	0.055745	2.48023	0.346327
mRNA_MEred	ENSG00000142330.20	CAPN10	0.0556734	1.56874	0.326561
mRNA_MEred	ENSG00000213398.8	LCAT	0.0556377	2.3017	0.541553
mRNA_MEred	ENSG00000139631.19	CSAD	0.0555553	2.05043	0.498656
mRNA_MEred	ENSG00000187531.14	SIRT7	0.0555243	1.88851	0.311552
mRNA_MEred	ENSG00000184381.20	PLA2G6	0.0555192	1.365	0.448149
mRNA_MEred	ENSG00000143258.16	USP21	0.0554642	2.77676	0.305974
mRNA_MEred	ENSG00000105397.14	TYK2	0.0553522	3.77015	0.299939
mRNA_MEred	ENSG00000128563.13	PRKRIP1	0.0552935	3.11945	0.36392
mRNA_MEred	ENSG00000073169.14	SELENOO	0.0552508	3.0869	0.430588
mRNA_MEred	ENSG00000165684.4	SNAPC4	0.0551544	1.89479	0.330661
mRNA_MEred	ENSG00000010295.20	IFFO1	0.0551538	2.62222	0.428168
mRNA_MEred	ENSG00000004534.15	RBM6	0.05514	3.02407	0.452115
mRNA_MEred	ENSG00000163795.14	ZNF513	0.0549914	2.69449	0.405148
mRNA_MEred	ENSG00000167702.13	KIFC2	0.0549729	1.59915	0.491033
mRNA_MEred	ENSG00000138834.14	MAPK8IP3	0.0549555	2.78719	0.623856
mRNA_MEred	ENSG00000004777.18	ARHGAP33	0.0549555	1.52202	0.481923
mRNA_MEred	ENSG00000173137.12	ADCK5	0.0547958	1.65394	0.377822
mRNA_MEred	ENSG00000162231.14	NXF1	0.0547482	3.55807	0.409221
mRNA_MEred	ENSG00000272333.7	KMT2B	0.0547407	2.47016	0.337277
mRNA_MEred	ENSG00000071894.17	CPSF1	0.0547293	3.42192	0.417837
mRNA_MEred	ENSG00000197912.16	SPG7	0.0545793	1.9236	0.252716
mRNA_MEred	ENSG00000214021.16	TTLL3	0.0544883	1.10203	0.360866
mRNA_MEred	ENSG00000075826.17	SEC31B	0.0544753	0.931382	0.351143
mRNA_MEred	ENSG00000131591.18	C1orf159	0.054463	1.16929	0.300973
mRNA_MEred	ENSG00000198837.10	DENND4B	0.0541572	2.87548	0.339337
mRNA_MEred	ENSG00000162572.21	SCNN1D	0.0540104	0.971456	0.433954
mRNA_MEred	ENSG00000100836.10	PABPN1	0.0539901	1.64145	0.472623
mRNA_MEred	ENSG00000179335.18	CLK3	0.0539143	1.83476	0.238587
mRNA_MEred	ENSG00000158863.22	FAM160B2	0.0538104	2.57355	0.375291
mRNA_MEred	ENSG00000117616.18	RSRP1	0.0537387	2.70899	0.580382
mRNA_MEred	ENSG00000108848.16	LUC7L3	0.0537332	3.69478	0.417294
mRNA_MEred	ENSG00000161265.15	U2AF1L4	0.0536586	0.767646	0.238272
mRNA_MEred	ENSG00000140400.17	MAN2C1	0.0535971	2.82708	0.418462
mRNA_MEred	ENSG00000125503.13	PPP1R12C	0.0534993	3.33828	0.374712
mRNA_MEred	ENSG00000102125.16	TAZ	0.0533995	2.33039	0.356336
mRNA_MEred	ENSG00000174943.11	KCTD13	0.0533807	1.83072	0.302392
mRNA_MEred	ENSG00000239779.7	WBP1	0.0533292	1.60358	0.41049
mRNA_MEred	ENSG00000178188.14	SH2B1	0.053257	2.98902	0.406924
mRNA_MEred	ENSG00000088038.19	CNOT3	0.0532524	2.62461	0.261982
mRNA_MEred	ENSG00000130299.17	GTPBP3	0.0531828	2.07076	0.305503
mRNA_MEred	ENSG00000149716.13	LTO1	0.0531653	1.33618	0.242198
mRNA_MEred	ENSG00000182944.18	EWSR1	0.0530759	4.18234	0.281322
mRNA_MEred	ENSG00000181135.16	ZNF707	0.053075	1.14228	0.218373
mRNA_MEred	ENSG00000172932.16	ANKRD13D	0.0530317	2.2322	0.412827
mRNA_MEred	ENSG00000129347.21	KRI1	0.0530314	2.9088	0.310413
mRNA_MEred	ENSG00000058453.17	CROCC	0.0528358	1.66474	0.401676
mRNA_MEred	ENSG00000161996.19	WDR90	0.0527819	1.87423	0.404736
mRNA_MEred	ENSG00000168395.16	ING5	0.0527325	1.71231	0.309132
mRNA_MEred	ENSG00000196689.12	TRPV1	0.0527101	1.10454	0.325299
mRNA_MEred	ENSG00000114841.17	DNAH1	0.0526327	1.0316	0.292255
mRNA_MEred	ENSG00000182087.14	TMEM259	0.0525471	4.46143	0.383513
mRNA_MEred	ENSG00000198563.14	DDX39B	0.0524746	3.14372	0.564915
mRNA_MEred	ENSG00000197530.12	MIB2	0.0523707	2.15569	0.413113
mRNA_MEred	ENSG00000130758.8	MAP3K10	0.0523656	1.8107	0.338768
mRNA_MEred	ENSG00000105298.14	CACTIN	0.0522447	1.65499	0.250325
mRNA_MEred	ENSG00000137221.14	TJAP1	0.0522102	2.5149	0.301793
mRNA_MEred	ENSG00000127586.17	CHTF18	0.0521473	1.1829	0.389987
mRNA_MEred	ENSG00000109920.13	FNBP4	0.0520521	2.98651	0.380314
mRNA_MEred	ENSG00000197774.13	EME2	0.052052	1.19571	0.444489
mRNA_MEred	ENSG00000100416.15	TRMU	0.0519804	1.76861	0.306246
mRNA_MEred	ENSG00000219200.12	RNASEK	0.0517442	0.827771	0.274007
mRNA_MEred	ENSG00000137218.10	FRS3	0.0517133	1.52583	0.334803
mRNA_MEred	ENSG00000172732.12	MUS81	0.0516351	2.59471	0.292478
mRNA_MEred	ENSG00000185522.9	LMNTD2	0.0516256	1.47236	0.537552
mRNA_MEred	ENSG00000156860.16	FBRS	0.0514558	3.72737	0.325221
mRNA_MEred	ENSG00000162148.11	PPP1R32	0.051379	0.854289	0.282363
mRNA_MEred	ENSG00000116809.12	ZBTB17	0.0512704	2.65607	0.329392
mRNA_MEred	ENSG00000187609.16	EXD3	0.0511688	1.41101	0.378739
mRNA_MEred	ENSG00000177051.6	FBXO46	0.051139	2.29893	0.323079
mRNA_MEred	ENSG00000127511.10	SIN3B	0.0510601	2.92323	0.337049
mRNA_MEred	ENSG00000187954.13	CYHR1	0.0510321	2.0264	0.307667
mRNA_MEred	ENSG00000071626.17	DAZAP1	0.0510247	3.22667	0.235311
mRNA_MEred	ENSG00000100445.17	SDR39U1	0.0510063	0.981594	0.323298
mRNA_MEred	ENSG00000146826.17	MAP11	0.0509679	1.8962	0.389328
mRNA_MEred	ENSG00000139636.15	LMBR1L	0.0509088	2.68513	0.376292
mRNA_MEred	ENSG00000099381.18	SETD1A	0.0508905	2.82749	0.309011
mRNA_MEred	ENSG00000068400.13	GRIPAP1	0.0506668	3.1094	0.298229
mRNA_MEred	ENSG00000113108.19	APBB3	0.0506364	2.41559	0.468444
mRNA_MEred	ENSG00000168397.17	ATG4B	0.0504668	2.94471	0.321707
mRNA_MEred	ENSG00000163463.13	KRTCAP2	0.0504532	0.724755	0.257667
mRNA_MEred	ENSG00000108469.15	RECQL5	0.050413	2.06505	0.296421
mRNA_MEred	ENSG00000213928.9	IRF9	0.0503965	0.950327	0.342243
mRNA_MEred	ENSG00000127054.21	INTS11	0.0502838	3.25211	0.333675
mRNA_MEred	ENSG00000101104.13	PABPC1L	0.0502726	2.03587	0.684134
mRNA_MEred	ENSG00000073605.18	GSDMB	0.0501855	1.09726	0.399015
mRNA_MEred	ENSG00000242802.9	AP5Z1	0.0501614	2.30482	0.334357
mRNA_MEred	ENSG00000204859.13	ZBTB48	0.0501171	2.46753	0.339772
mRNA_MEred	ENSG00000127415.13	IDUA	0.0501009	2.01035	0.495186
mRNA_MEred	ENSG00000248333.9	CDK11B	0.0500488	2.93943	0.327877
mRNA_MEred	ENSG00000225828.1	FAM229A	0.0500186	0.740279	0.315455
mRNA_MEred	ENSG00000131584.19	ACAP3	0.0499925	2.0766	0.41827
mRNA_MEred	ENSG00000196700.9	ZNF512B	0.0499528	2.64765	0.364813
mRNA_MEred	ENSG00000197114.12	ZGPAT	0.0498968	1.17726	0.293601
mRNA_MEred	ENSG00000132680.11	KHDC4	0.0498115	2.88685	0.47122
mRNA_MEred	ENSG00000063169.11	BICRA	0.0497603	1.38303	0.272175
mRNA_MEred	ENSG00000126215.14	XRCC3	0.0495742	0.938389	0.265129
mRNA_MEred	ENSG00000198276.16	UCKL1	0.0495264	3.21953	0.353577
mRNA_MEred	ENSG00000006025.12	OSBPL7	0.0493038	1.53172	0.365231
mRNA_MEred	ENSG00000158286.13	RNF207	0.0492274	1.35435	0.470067
mRNA_MEred	ENSG00000160741.17	CRTC2	0.0492238	3.85203	0.302581
mRNA_MEred	ENSG00000100813.14	ACIN1	0.0491556	3.83943	0.368635
mRNA_MEred	ENSG00000185359.14	HGS	0.0491535	2.68035	0.295378
mRNA_MEred	ENSG00000250067.12	YJEFN3	0.0490225	0.840342	0.370446
mRNA_MEred	ENSG00000160633.13	SAFB	0.0489972	3.6684	0.313645
mRNA_MEred	ENSG00000215788.11	TNFRSF25	0.0489684	1.50523	0.503712
mRNA_MEred	ENSG00000169592.15	INO80E	0.0489047	3.07603	0.383837
mRNA_MEred	ENSG00000137817.17	PARP6	0.0488651	2.69188	0.369952
mRNA_MEred	ENSG00000133612.19	AGAP3	0.0487517	2.50201	0.330377
mRNA_MEred	ENSG00000089280.19	FUS	0.0486947	5.14839	0.402004
mRNA_MEred	ENSG00000148343.18	MIGA2	0.0484935	1.7625	0.344348
mRNA_MEred	ENSG00000132478.10	UNK	0.0484857	2.61457	0.285005
mRNA_MEred	ENSG00000116213.16	WRAP73	0.0484533	1.57663	0.226778
mRNA_MEred	ENSG00000176248.9	ANAPC2	0.0483988	3.04142	0.375815
mRNA_MEred	ENSG00000217930.8	PAM16	0.0483961	1.15283	0.279994
mRNA_MEred	ENSG00000003756.17	RBM5	0.048313	2.39999	0.344439
mRNA_MEred	ENSG00000182310.15	SPACA6	0.0483022	1.03696	0.373118
mRNA_MEred	ENSG00000197070.14	ARRDC1	0.0482426	2.53016	0.465358
mRNA_MEred	ENSG00000124574.15	ABCC10	0.0482289	1.59669	0.291823
mRNA_MEred	ENSG00000204348.10	DXO	0.0481534	2.46318	0.417559
mRNA_MEred	ENSG00000137343.18	ATAT1	0.0481353	1.6519	0.320325
mRNA_MEred	ENSG00000161904.12	LEMD2	0.0480316	3.05075	0.302571
mRNA_MEred	ENSG00000141258.13	SGSM2	0.0480177	2.23763	0.411902
mRNA_MEred	ENSG00000140326.13	CDAN1	0.0480005	1.5759	0.231286
mRNA_MEred	ENSG00000063244.13	U2AF2	0.0479562	4.85668	0.268236
mRNA_MEred	ENSG00000075399.14	VPS9D1	0.0479128	2.38476	0.421608
mRNA_MEred	ENSG00000130254.12	SAFB2	0.0478185	3.62838	0.383475
mRNA_MEred	ENSG00000197363.9	ZNF517	0.0476922	1.58285	0.300242
mRNA_MEred	ENSG00000215041.10	NEURL4	0.0476546	1.80733	0.319751
mRNA_MEred	ENSG00000132424.16	PNISR	0.0476283	3.02444	0.420377
mRNA_MEred	ENSG00000256525.8	POLG2	0.0474739	1.74778	0.32719
mRNA_MEred	ENSG00000134884.15	ARGLU1	0.0474301	3.78489	0.540303
mRNA_MEred	ENSG00000105726.17	ATP13A1	0.0474105	3.15156	0.334915
mRNA_MEred	ENSG00000117360.13	PRPF3	0.0474068	3.06929	0.403579
mRNA_MEred	ENSG00000148341.18	SH3GLB2	0.0472862	2.9749	0.383996
mRNA_MEred	ENSG00000110171.20	TRIM3	0.0472032	1.61154	0.248019
mRNA_MEred	ENSG00000160271.16	RALGDS	0.0471734	1.05894	0.332182
mRNA_MEred	ENSG00000185163.10	DDX51	0.0471218	2.32837	0.327519
mRNA_MEred	ENSG00000094914.14	AAAS	0.0471115	3.17503	0.282034
mRNA_MEred	ENSG00000133895.17	MEN1	0.0470923	2.99766	0.263125
mRNA_MEred	ENSG00000167962.14	ZNF598	0.0469858	2.29632	0.333767
mRNA_MEred	ENSG00000114857.18	NKTR	0.0469565	2.0351	0.344064
mRNA_MEred	ENSG00000232593.7	KANTR	0.0469376	1.01739	0.286437
mRNA_MEred	ENSG00000180900.20	SCRIB	0.0468978	2.91626	0.442485
mRNA_MEred	ENSG00000160679.13	CHTOP	0.0467823	3.47082	0.275392
mRNA_MEred	ENSG00000131051.24	RBM39	0.0467761	4.04159	0.322405
mRNA_MEred	ENSG00000170638.10	TRABD	0.0467144	3.09874	0.460379
mRNA_MEred	ENSG00000167393.18	PPP2R3B	0.0466055	0.957534	0.25741
mRNA_MEred	ENSG00000125755.19	SYMPK	0.0465173	3.10013	0.271129
mRNA_MEred	ENSG00000215252.11	GOLGA8B	0.0465155	1.53136	0.63858
mRNA_MEred	ENSG00000196123.13	KIAA0895L	0.0464836	2.58495	0.570377
mRNA_MEred	ENSG00000181045.15	SLC26A11	0.046366	2.33204	0.352386
mRNA_MEred	ENSG00000101199.13	ARFGAP1	0.0463646	3.47105	0.414875
mRNA_MEred	ENSG00000160318.6	CLDND2	0.0463519	0.760379	0.347795
mRNA_MEred	ENSG00000137070.18	IL11RA	0.0463503	1.30268	0.351042
mRNA_MEred	ENSG00000110274.16	CEP164	0.0462847	1.54664	0.223609
mRNA_MEred	ENSG00000122566.22	HNRNPA2B1	0.0462834	5.42263	0.303344
mRNA_MEred	ENSG00000099917.17	MED15	0.0462771	3.36505	0.331173
mRNA_MEred	ENSG00000064607.17	SUGP2	0.0462114	3.14364	0.355727
mRNA_MEred	ENSG00000154222.15	CC2D1B	0.0461109	2.61315	0.28056
mRNA_MEred	ENSG00000128191.16	DGCR8	0.0461104	2.10012	0.237369
mRNA_MEred	ENSG00000184465.16	WDR27	0.0460749	0.830938	0.253045
mRNA_MEred	ENSG00000182979.18	MTA1	0.0459659	2.34644	0.412332
mRNA_MEred	ENSG00000188566.14	NDOR1	0.0459474	1.93867	0.36795
mRNA_MEred	ENSG00000214655.11	ZSWIM8	0.0458909	2.87695	0.334003
mRNA_MEred	ENSG00000249115.9	HAUS5	0.0458377	2.01068	0.296433
mRNA_MEred	ENSG00000149782.13	PLCB3	0.0457385	2.81476	0.342907
mRNA_MEred	ENSG00000150401.15	DCUN1D2	0.0457362	1.6188	0.25908
mRNA_MEred	ENSG00000007545.16	CRAMP1	0.0456157	1.3284	0.251964
mRNA_MEred	ENSG00000205903.7	ZNF316	0.045522	2.53693	0.36547
mRNA_MEred	ENSG00000213347.10	MXD3	0.0455185	0.883805	0.374124
mRNA_MEred	ENSG00000147437.10	GNRH1	0.0454962	1.06593	0.377708
mRNA_MEred	ENSG00000165458.14	INPPL1	0.0454552	4.19443	0.293432
mRNA_MEred	ENSG00000109046.15	WSB1	0.045446	3.947	0.561054
mRNA_MEred	ENSG00000158062.20	UBXN11	0.0452271	2.93306	0.564485
mRNA_MEred	ENSG00000250571.7	GLI4	0.0451841	1.56673	0.454899
mRNA_MEred	ENSG00000246922.9	UBAP1L	0.0451639	0.740916	0.249018
mRNA_MEred	ENSG00000132635.17	PCED1A	0.0451264	4.33868	0.445258
mRNA_MEred	ENSG00000167595.15	PROSER3	0.0450211	1.2721	0.236293
mRNA_MEred	ENSG00000170037.14	CNTROB	0.0449697	2.76216	0.323712
mRNA_MEred	ENSG00000115459.18	ELMOD3	0.0449271	1.70698	0.237338
mRNA_MEred	ENSG00000159314.11	ARHGAP27	0.0448827	2.35557	0.342147
mRNA_MEred	ENSG00000240038.6	AMY2B	0.0448499	1.04232	0.435539
mRNA_MEred	ENSG00000197283.17	SYNGAP1	0.0447978	1.54231	0.331954
mRNA_MEred	ENSG00000133275.16	CSNK1G2	0.0447664	3.91137	0.324286
mRNA_MEred	ENSG00000103326.12	CAPN15	0.0447366	2.77973	0.456683
mRNA_MEred	ENSG00000132740.10	IGHMBP2	0.0447192	1.41808	0.228882
mRNA_MEred	ENSG00000087157.19	PGS1	0.0447139	2.59068	0.301417
mRNA_MEred	ENSG00000131748.16	STARD3	0.0446239	3.1645	0.246161
mRNA_MEred	ENSG00000198556.14	ZNF789	0.0446037	1.07962	0.228859
mRNA_MEred	ENSG00000099364.18	FBXL19	0.0445543	2.10742	0.354387
mRNA_MEred	ENSG00000143224.18	PPOX	0.0445362	2.17256	0.344687
mRNA_MEred	ENSG00000122515.15	ZMIZ2	0.0445143	4.08438	0.479485
mRNA_MEred	ENSG00000164877.19	MICALL2	0.0443152	1.98536	0.545559
mRNA_MEred	ENSG00000108474.17	PIGL	0.0443055	1.1962	0.249826
mRNA_MEred	ENSG00000154832.15	CXXC1	0.044273	3.60061	0.468805
mRNA_MEred	ENSG00000127452.9	FBXL12	0.0442367	2.78954	0.279444
mRNA_MEred	ENSG00000258890.7	CEP95	0.044227	2.1965	0.356999
mRNA_MEred	ENSG00000132793.12	LPIN3	0.0441396	3.12148	0.588388
mRNA_MEred	ENSG00000177943.14	MAMDC4	0.0441229	1.76184	0.576485
mRNA_MEred	ENSG00000101181.17	MTG2	0.0440754	2.43969	0.310299
mRNA_MEred	ENSG00000180902.18	D2HGDH	0.0440203	2.50084	0.550693
mRNA_MEred	ENSG00000103126.15	AXIN1	0.043971	2.42308	0.329123
mRNA_MEred	ENSG00000125450.11	NUP85	0.0439686	2.70302	0.2918
mRNA_MEred	ENSG00000145214.14	DGKQ	0.0438564	2.06613	0.365078
mRNA_MEred	ENSG00000175455.16	CCDC14	0.0438556	1.99151	0.381228
mRNA_MEred	ENSG00000100239.16	PPP6R2	0.0438493	3.52954	0.302851
mRNA_MEred	ENSG00000125351.12	UPF3B	0.0437295	2.18725	0.331012
mRNA_MEred	ENSG00000179832.17	MROH1	0.0436913	1.84248	0.344744
mRNA_MEred	ENSG00000160781.17	PAQR6	0.0436595	1.11822	0.527441
mRNA_MEred	ENSG00000135164.19	DMTF1	0.0435573	2.61653	0.356002
mRNA_MEred	ENSG00000186567.13	CEACAM19	0.043557	0.873409	0.375559
mRNA_MEred	ENSG00000109118.14	PHF12	0.0435214	2.19892	0.248643
mRNA_MEred	ENSG00000204351.12	SKIV2L	0.0434128	3.29322	0.317353
mRNA_MEred	ENSG00000204681.11	GABBR1	0.0432815	1.6647	0.549716
mRNA_MEred	ENSG00000071564.17	TCF3	0.0432725	3.04261	0.372118
mRNA_MEred	ENSG00000182774.13	RPS17	0.0432688	0.77486	0.27254
mRNA_MEred	ENSG00000176454.14	LPCAT4	0.0432625	2.36348	0.343872
mRNA_MEred	ENSG00000126214.21	KLC1	0.0430378	0.86874	0.2393
mRNA_MEred	ENSG00000136878.14	USP20	0.0430064	2.59449	0.317128
mRNA_MEred	ENSG00000105771.14	SMG9	0.0430051	1.95646	0.335193
mRNA_MEred	ENSG00000185246.18	PRPF39	0.0429868	2.40268	0.340708
mRNA_MEred	ENSG00000115275.14	MOGS	0.0429606	4.20322	0.308058
mRNA_MEred	ENSG00000068028.17	RASSF1	0.042915	2.90419	0.372944
mRNA_MEred	ENSG00000144504.15	ANKMY1	0.0429019	1.02825	0.191481
mRNA_MEred	ENSG00000132780.17	NASP	0.0428759	3.29453	0.366318
mRNA_MEred	ENSG00000161547.17	SRSF2	0.0428278	4.733	0.379217
mRNA_MEred	ENSG00000197162.10	ZNF785	0.0427437	1.49958	0.285276
mRNA_MEred	ENSG00000070047.13	PHRF1	0.0426813	3.3466	0.339516
mRNA_MEred	ENSG00000141994.16	DUS3L	0.0426486	2.43473	0.323494
mRNA_MEred	ENSG00000178950.17	GAK	0.0426332	2.63508	0.298013
mRNA_MEred	ENSG00000144524.18	COPS7B	0.0426211	2.3832	0.288404
mRNA_MEred	ENSG00000140398.14	NEIL1	0.0425841	1.19836	0.488448
mRNA_MEred	ENSG00000198169.9	ZNF251	0.0425755	2.1145	0.297819
mRNA_MEred	ENSG00000104885.18	DOT1L	0.0424741	1.49105	0.333899
mRNA_MEred	ENSG00000149930.18	TAOK2	0.0424489	3.50031	0.344326
mRNA_MEred	ENSG00000005379.17	TSPOAP1	0.042433	1.30787	0.455631
mRNA_MEred	ENSG00000232434.2	AJM1	0.0424244	1.37933	0.429455
mRNA_MEred	ENSG00000127419.17	TMEM175	0.0424159	2.63049	0.363651
mRNA_MEred	ENSG00000163516.14	ANKZF1	0.0422954	3.06491	0.49795
mRNA_MEred	ENSG00000187266.14	EPOR	0.0422453	2.36959	0.492682
mRNA_MEred	ENSG00000198625.13	MDM4	0.0422398	2.20238	0.367402
mRNA_MEred	ENSG00000125846.15	ZNF133	0.0422012	1.82816	0.27666
mRNA_MEred	ENSG00000185619.18	PCGF3	0.0420159	2.55063	0.319955
mRNA_MEred	ENSG00000155363.18	MOV10	0.0420112	3.17039	0.381439
mRNA_MEred	ENSG00000116754.13	SRSF11	0.0419559	3.91909	0.363205
mRNA_MEred	ENSG00000139675.12	HNRNPA1L2	0.0417631	1.91669	0.334694
mRNA_MEred	ENSG00000103197.18	TSC2	0.0416803	2.3446	0.259617
mRNA_MEred	ENSG00000077150.20	NFKB2	0.041594	4.1464	0.580491
mRNA_MEred	ENSG00000051009.11	FAM160A2	0.0415265	3.33177	0.339711
mRNA_MEred	ENSG00000184786.6	TCTE3	0.041509	0.790935	0.255895
mRNA_MEred	ENSG00000105321.14	CCDC9	0.0414764	2.96812	0.370566
mRNA_MEred	ENSG00000064932.16	SBNO2	0.041446	3.51023	0.477559
mRNA_MEred	ENSG00000065029.15	ZNF76	0.0414391	2.56845	0.329031
mRNA_MEred	ENSG00000079134.12	THOC1	0.041399	1.76321	0.271485
mRNA_MEred	ENSG00000074855.11	ANO8	0.0413086	1.733	0.386325
mRNA_MEred	ENSG00000148356.14	LRSAM1	0.0411781	1.92365	0.28287
mRNA_MEred	ENSG00000144134.18	RABL2A	0.0411288	1.31023	0.252464
mRNA_MEred	ENSG00000162650.16	ATXN7L2	0.0411071	1.06807	0.348245
mRNA_MEred	ENSG00000169062.15	UPF3A	0.041038	2.48251	0.317031
mRNA_MEred	ENSG00000198393.8	ZNF26	0.0409975	0.836197	0.180824
mRNA_MEred	ENSG00000088448.14	ANKRD10	0.0409805	4.21618	0.401151
mRNA_MEred	ENSG00000139625.13	MAP3K12	0.0409419	1.66161	0.364436
mRNA_MEred	ENSG00000013441.16	CLK1	0.0409279	4.17191	0.595448
mRNA_MEred	ENSG00000185917.14	SETD4	0.0409277	1.64016	0.256741
mRNA_MEred	ENSG00000100918.13	REC8	0.040924	1.45674	0.543971
mRNA_MEred	ENSG00000113971.20	NPHP3	0.0408583	0.938655	0.247546
mRNA_MEred	ENSG00000059145.19	UNKL	0.0407661	1.17895	0.27376
mRNA_MEred	ENSG00000147789.15	ZNF7	0.0407427	1.34266	0.202387
mRNA_MEred	ENSG00000143624.14	INTS3	0.040526	3.48017	0.371374
mRNA_MEred	ENSG00000122678.17	POLM	0.0405178	2.64023	0.388539
mRNA_MEred	ENSG00000169231.13	THBS3	0.0404923	2.26567	0.479777
mRNA_MEred	ENSG00000205937.12	RNPS1	0.0404885	3.57937	0.269633
mRNA_MEred	ENSG00000115282.21	TTC31	0.0403969	2.89176	0.279713
mRNA_MEred	ENSG00000116001.17	TIA1	0.040385	3.29648	0.412744
mRNA_MEred	ENSG00000241878.11	PISD	0.0403397	2.97664	0.361076
mRNA_MEred	ENSG00000166987.15	MBD6	0.0403198	3.15777	0.401966
mRNA_MEred	ENSG00000163482.12	STK36	0.0402605	2.64528	0.417693
mRNA_MEred	ENSG00000110455.14	ACCS	0.0402284	2.13161	0.470437
mRNA_MEred	ENSG00000095066.12	HOOK2	0.0401369	2.38045	0.429274
mRNA_MEred	ENSG00000103199.14	ZNF500	0.0399691	1.54826	0.227861
mRNA_MEred	ENSG00000111676.15	ATN1	0.0399211	5.24079	0.393412
mRNA_MEred	ENSG00000174996.12	KLC2	0.0399044	2.2186	0.336686
mRNA_MEred	ENSG00000132382.15	MYBBP1A	0.0399022	2.94902	0.366283
mRNA_MEred	ENSG00000130702.15	LAMA5	0.0399004	4.08708	0.646266
mRNA_MEred	ENSG00000205250.9	E2F4	0.039891	3.98943	0.296733
mRNA_MEred	ENSG00000169598.17	DFFB	0.0398212	1.16038	0.230881
mRNA_MEred	ENSG00000011451.21	WIZ	0.0398159	2.64635	0.282109
mRNA_MEred	ENSG00000135637.14	CCDC142	0.0397601	1.4037	0.273224
mRNA_MEred	ENSG00000163728.11	TTC14	0.0397385	1.89089	0.355598
mRNA_MEred	ENSG00000168612.4	ZSWIM1	0.0396439	2.41215	0.345141
mRNA_MEred	ENSG00000188315.8	C3orf62	0.0394578	1.11823	0.246537
mRNA_MEred	ENSG00000113649.11	TCERG1	0.0393974	2.62983	0.307333
mRNA_MEred	ENSG00000225697.13	SLC26A6	0.0393519	1.16982	0.40312
mRNA_MEred	ENSG00000177042.14	TMEM80	0.0392858	2.38367	0.406032
mRNA_MEred	ENSG00000124222.22	STX16	0.0392398	3.8274	0.39112
mRNA_MEred	ENSG00000213366.13	GSTM2	0.0392209	1.00788	0.34259
mRNA_MEred	ENSG00000132716.19	DCAF8	0.0392171	2.87197	0.31593
mRNA_MEred	ENSG00000172432.19	GTPBP2	0.0391999	3.43218	0.370329
mRNA_MEred	ENSG00000146063.20	TRIM41	0.0390227	1.90211	0.298407
mRNA_MEred	ENSG00000172890.13	NADSYN1	0.0390158	2.3771	0.317427
mRNA_MEred	ENSG00000276234.5	TADA2A	0.0390035	1.70876	0.273842
mRNA_MEred	ENSG00000160404.18	TOR2A	0.0389599	1.81516	0.307393
mRNA_MEred	ENSG00000100241.21	SBF1	0.0389122	3.38505	0.423213
mRNA_MEred	ENSG00000110888.17	CAPRIN2	0.0388912	1.68126	0.288448
mRNA_MEred	ENSG00000092094.11	OSGEP	0.0388701	2.54096	0.327918
mRNA_MEred	ENSG00000241058.4	NSUN6	0.0388367	1.79506	0.266515
mRNA_MEred	ENSG00000167371.21	PRRT2	0.0388197	0.857526	0.329026
mRNA_MEred	ENSG00000162227.8	TAF6L	0.038782	1.69146	0.270363
mRNA_MEred	ENSG00000002016.18	RAD52	0.0387732	1.71177	0.296608
mRNA_MEred	ENSG00000197119.13	SLC25A29	0.038714	1.73523	0.527479
mRNA_MEred	ENSG00000130653.16	PNPLA7	0.0386821	1.32713	0.518076
mRNA_MEred	ENSG00000070444.15	MNT	0.0386547	1.74597	0.265766
mRNA_MEred	ENSG00000267680.5	ZNF224	0.0385955	1.40188	0.248309
mRNA_MEred	ENSG00000046651.15	OFD1	0.0384774	3.05617	0.365667
mRNA_MEred	ENSG00000239306.5	RBM14	0.0384496	2.8328	0.241606
mRNA_MEred	ENSG00000136699.19	SMPD4	0.0384344	2.96721	0.262094
mRNA_MEred	ENSG00000106479.11	ZNF862	0.0384149	1.64248	0.30358
mRNA_MEred	ENSG00000167766.18	ZNF83	0.0383936	3.31748	0.486463
mRNA_MEred	ENSG00000213676.13	ATF6B	0.0383254	4.43273	0.30115
mRNA_MEred	ENSG00000106404.14	CLDN15	0.0382446	2.16278	0.475792
mRNA_MEred	ENSG00000141551.14	CSNK1D	0.0381775	3.45237	0.340709
mRNA_MEred	ENSG00000146963.18	LUC7L2	0.0381728	2.48885	0.270382
mRNA_MEred	ENSG00000196739.15	COL27A1	0.0381134	2.63368	0.635462
mRNA_MEred	ENSG00000185730.8	ZNF696	0.0381114	1.37238	0.239322
mRNA_MEred	ENSG00000161647.19	MPP3	0.038082	0.780234	0.315966
mRNA_MEred	ENSG00000103091.15	WDR59	0.0380428	2.34457	0.286256
mRNA_MEred	ENSG00000100023.19	PPIL2	0.0379093	2.68641	0.280509
mRNA_MEred	ENSG00000244165.2	P2RY11	0.0378966	1.01899	0.301581
mRNA_MEred	ENSG00000100068.13	LRP5L	0.0377966	0.931565	0.345485
mRNA_MEred	ENSG00000065665.21	SEC61A2	0.0377347	1.2474	0.252401
mRNA_MEred	ENSG00000160602.14	NEK8	0.0377159	1.24575	0.298873
mRNA_MEred	ENSG00000169045.17	HNRNPH1	0.0377151	4.88924	0.386272
mRNA_MEred	ENSG00000161202.20	DVL3	0.0375896	3.87467	0.346378
mRNA_MEred	ENSG00000158941.16	CCAR2	0.0375041	3.26062	0.308594
mRNA_MEred	ENSG00000149657.20	LSM14B	0.0374957	3.68843	0.264684
mRNA_MEred	ENSG00000080823.23	MOK	0.037421	0.994895	0.269485
mRNA_MEred	ENSG00000213903.9	LTB4R	0.0373979	1.87862	0.49619
mRNA_MEred	ENSG00000142102.16	PGGHG	0.0373637	3.80123	1.12506
mRNA_MEred	ENSG00000196235.14	SUPT5H	0.037356	4.19778	0.270188
mRNA_MEred	ENSG00000270647.6	TAF15	0.0373523	4.34052	0.41569
mRNA_MEred	ENSG00000132323.9	ILKAP	0.0373272	2.33801	0.294362
mRNA_MEred	ENSG00000142751.15	GPN2	0.0373204	2.53343	0.275375
mRNA_MEred	ENSG00000129219.14	PLD2	0.0372537	2.99095	0.333156
mRNA_MEred	ENSG00000167566.17	NCKAP5L	0.0371852	2.09068	0.374721
mRNA_MEred	ENSG00000134453.16	RBM17	0.0371696	3.44632	0.252781
mRNA_MEred	ENSG00000166432.15	ZMAT1	0.0371159	2.16685	0.488879
mRNA_MEred	ENSG00000168488.18	ATXN2L	0.037106	4.0067	0.354093
mRNA_MEred	ENSG00000169249.13	ZRSR2	0.0371009	2.98559	0.394046
mRNA_MEred	ENSG00000185453.13	ZSWIM9	0.0370958	1.97461	0.425312
mRNA_MEred	ENSG00000122481.17	RWDD3	0.0370883	0.929808	0.21241
mRNA_MEred	ENSG00000166484.20	MAPK7	0.037047	2.42342	0.335172
mRNA_MEred	ENSG00000213139.8	CRYGS	0.0370395	1.12575	0.477381
mRNA_MEred	ENSG00000108262.16	GIT1	0.0369968	3.94736	0.339494
mRNA_MEred	ENSG00000102886.15	GDPD3	0.0369928	1.24485	0.530265
mRNA_MEred	ENSG00000158545.16	ZC3H18	0.0369775	2.52651	0.263878
mRNA_MEred	ENSG00000240230.6	COX19	0.0369632	1.51906	0.289128
mRNA_MEred	ENSG00000185215.11	TNFAIP2	0.0369562	4.2734	0.690979
mRNA_MEred	ENSG00000085733.16	CTTN	0.0369077	4.8884	0.326015
mRNA_MEred	ENSG00000163617.11	CCDC191	0.0368635	1.51839	0.361141
mRNA_MEred	ENSG00000105556.11	MIER2	0.0368187	1.54793	0.263553
mRNA_MEred	ENSG00000197124.12	ZNF682	0.0367332	0.857409	0.230102
mRNA_MEred	ENSG00000205517.13	RGL3	0.0367255	2.52041	0.674196
mRNA_MEred	ENSG00000158163.15	DZIP1L	0.0367193	1.48552	0.366432
mRNA_MEred	ENSG00000039523.20	RIPOR1	0.0366835	3.70415	0.372525
mRNA_MEred	ENSG00000144026.12	ZNF514	0.0366545	1.60143	0.298688
mRNA_MEred	ENSG00000204172.12	AGAP9	0.0366328	1.24481	0.471598
mRNA_MEred	ENSG00000188026.13	RILPL1	0.0366301	1.27275	0.276196
mRNA_MEred	ENSG00000037757.14	MRI1	0.0365549	2.19266	0.42947
mRNA_MEred	ENSG00000170260.9	ZNF212	0.036534	2.40594	0.263574
mRNA_MEred	ENSG00000173933.21	RBM4	0.0363884	1.44174	0.214675
mRNA_MEred	ENSG00000178093.14	TSSK6	0.0363736	0.862579	0.349418
mRNA_MEred	ENSG00000185189.18	NRBP2	0.0363712	3.00613	0.673196
mRNA_MEred	ENSG00000204366.4	ZBTB12	0.0363299	1.33632	0.350411
mRNA_MEred	ENSG00000177169.10	ULK1	0.0361772	3.20102	0.514002
mRNA_MEred	ENSG00000204946.10	ZNF783	0.0361644	1.47285	0.382804
mRNA_MEred	ENSG00000105127.9	AKAP8	0.0361025	3.62831	0.367047
mRNA_MEred	ENSG00000079974.18	RABL2B	0.0361006	1.93637	0.270036
mRNA_MEred	ENSG00000068745.15	IP6K2	0.0360769	3.16454	0.343918
mRNA_MEred	ENSG00000186866.17	POFUT2	0.0360458	2.60184	0.33527
mRNA_MEred	ENSG00000175931.13	UBE2O	0.0360119	2.56517	0.287345
mRNA_MEred	ENSG00000111364.16	DDX55	0.0359915	1.9579	0.263959
mRNA_MEred	ENSG00000204514.10	ZNF814	0.0359838	0.92789	0.237279
mRNA_MEred	ENSG00000163945.19	UVSSA	0.0358705	1.44418	0.301765
mRNA_MEred	ENSG00000067365.15	METTL22	0.0357929	1.25151	0.215651
mRNA_MEred	ENSG00000161010.15	MRNIP	0.0356237	1.81065	0.384545
mRNA_MEred	ENSG00000187650.4	VMAC	0.0355314	1.36247	0.262194
mRNA_MEred	ENSG00000165359.16	INTS6L	0.0354683	1.50205	0.325569
mRNA_MEred	ENSG00000116560.11	SFPQ	0.0352387	4.91436	0.333261
mRNA_MEred	ENSG00000119760.16	SUPT7L	0.0351378	3.26849	0.227496
mRNA_MEred	ENSG00000113119.13	TMCO6	0.0351308	2.06246	0.33052
mRNA_MEred	ENSG00000130382.9	MLLT1	0.0350774	3.65265	0.323184
mRNA_MEred	ENSG00000163348.4	PYGO2	0.0350575	3.64062	0.286068
mRNA_MEred	ENSG00000114735.10	HEMK1	0.0350269	0.998865	0.22098
mRNA_MEred	ENSG00000135407.10	AVIL	0.0350195	0.782966	0.225709
mRNA_MEred	ENSG00000164548.11	TRA2A	0.0347846	4.13349	0.316224
mRNA_MEred	ENSG00000124193.16	SRSF6	0.0345338	4.46559	0.39118
mRNA_MEred	ENSG00000142303.14	ADAMTS10	0.0345043	1.95682	0.70169
mRNA_MEred	ENSG00000122965.11	RBM19	0.0343964	2.57639	0.26425
mRNA_MEred	ENSG00000095397.16	WHRN	0.0343477	1.54287	0.498744
mRNA_MEred	ENSG00000146083.12	RNF44	0.0343214	3.80862	0.378061
mRNA_MEred	ENSG00000141867.18	BRD4	0.034211	2.93202	0.308515
mRNA_MEred	ENSG00000116786.13	PLEKHM2	0.034184	4.2223	0.294932
mRNA_MEred	ENSG00000170265.12	ZNF282	0.0341483	3.19299	0.289266
mRNA_MEred	ENSG00000105717.14	PBX4	0.0341444	0.972932	0.439509
mRNA_MEred	ENSG00000102878.17	HSF4	0.034108	3.9877	1.07562
mRNA_MEred	ENSG00000125746.18	EML2	0.033783	2.13304	0.344364
mRNA_MEred	ENSG00000179912.20	R3HDM2	0.0337234	2.77198	0.257812
mRNA_MEred	ENSG00000090316.16	MAEA	0.0337127	2.81904	0.329551
mRNA_MEred	ENSG00000189007.16	ADAT2	0.0336985	0.790167	0.216949
mRNA_MEred	ENSG00000149634.4	SPATA25	0.0335734	1.09046	0.424119
mRNA_MEred	ENSG00000160226.16	CFAP410	0.0334001	1.00555	0.276835
mRNA_MEred	ENSG00000103037.12	SETD6	0.0329456	1.32883	0.229698
mRNA_MEred	ENSG00000182472.9	CAPN12	0.0329238	2.07091	0.708853
mRNA_MEred	ENSG00000127616.19	SMARCA4	0.0326889	2.89935	0.30442
mRNA_MEred	ENSG00000167491.17	GATAD2A	0.0324503	3.52606	0.272371
mRNA_MEred	ENSG00000160959.8	LRRC14	0.0323848	1.99244	0.261314
mRNA_MEred	ENSG00000181085.15	MAPK15	0.0323165	1.87843	0.87091
mRNA_MEred	ENSG00000147799.11	ARHGAP39	0.0315284	0.96649	0.314563
mRNA_MEred	ENSG00000088247.17	KHSRP	0.031396	4.90499	0.26881
mRNA_MEred	ENSG00000171045.16	TSNARE1	0.0312109	2.35407	0.455832
mRNA_MEred	ENSG00000222009.8	BTBD19	0.0308857	2.12394	0.536442
mRNA_MEred	ENSG00000175265.17	GOLGA8A	0.0308475	1.7917	0.913998
mRNA_MEred	ENSG00000118369.13	USP35	0.0297254	1.24267	0.275813
mRNA_MEred	ENSG00000181638.20	ZFP41	0.0268758	1.12037	0.27596
mRNA_MEsalmon	ENSG00000144655.15	CSRNP1	0.163587	4.09697	0.899963
mRNA_MEsalmon	ENSG00000197019.5	SERTAD1	0.159665	3.60067	0.811763
mRNA_MEsalmon	ENSG00000125740.14	FOSB	0.158428	3.66916	2.03346
mRNA_MEsalmon	ENSG00000162772.17	ATF3	0.15755	3.8291	1.34658
mRNA_MEsalmon	ENSG00000167470.12	MIDN	0.151412	4.7481	0.626663
mRNA_MEsalmon	ENSG00000185022.12	MAFF	0.151233	2.58693	0.82177
mRNA_MEsalmon	ENSG00000173846.13	PLK3	0.149335	2.51476	0.603149
mRNA_MEsalmon	ENSG00000171223.6	JUNB	0.14807	6.41909	1.04326
mRNA_MEsalmon	ENSG00000123358.20	NR4A1	0.148054	3.7424	1.47478
mRNA_MEsalmon	ENSG00000142871.18	CCN1	0.146931	5.99377	1.20132
mRNA_MEsalmon	ENSG00000138166.6	DUSP5	0.14336	3.50772	0.895295
mRNA_MEsalmon	ENSG00000179388.9	EGR3	0.14309	1.50775	0.997836
mRNA_MEsalmon	ENSG00000128016.7	ZFP36	0.14279	7.35289	1.0797
mRNA_MEsalmon	ENSG00000087074.8	PPP1R15A	0.141972	5.06533	0.729872
mRNA_MEsalmon	ENSG00000179820.16	MYADM	0.141795	4.9126	0.830907
mRNA_MEsalmon	ENSG00000153234.15	NR4A2	0.141613	2.27005	1.04066
mRNA_MEsalmon	ENSG00000167565.13	SERTAD3	0.14086	3.77004	0.547254
mRNA_MEsalmon	ENSG00000119508.18	NR4A3	0.139851	1.70116	1.00948
mRNA_MEsalmon	ENSG00000112658.8	SRF	0.138914	3.91815	0.566998
mRNA_MEsalmon	ENSG00000132510.10	KDM6B	0.137349	3.25158	0.578176
mRNA_MEsalmon	ENSG00000160888.7	IER2	0.135138	4.13977	0.936826
mRNA_MEsalmon	ENSG00000143384.14	MCL1	0.134528	6.17931	0.555852
mRNA_MEsalmon	ENSG00000113070.8	HBEGF	0.132668	3.07008	0.767396
mRNA_MEsalmon	ENSG00000120738.8	EGR1	0.130686	6.54597	1.60549
mRNA_MEsalmon	ENSG00000155090.15	KLF10	0.130615	5.14905	0.839206
mRNA_MEsalmon	ENSG00000163874.11	ZC3H12A	0.129086	2.02793	0.70507
mRNA_MEsalmon	ENSG00000175592.9	FOSL1	0.126738	1.91623	1.03037
mRNA_MEsalmon	ENSG00000134107.5	BHLHE40	0.126179	6.41301	0.765886
mRNA_MEsalmon	ENSG00000166579.16	NDEL1	0.125625	2.55941	0.31873
mRNA_MEsalmon	ENSG00000142627.13	EPHA2	0.123849	3.99132	0.777
mRNA_MEsalmon	ENSG00000170345.10	FOS	0.123423	6.41269	1.55474
mRNA_MEsalmon	ENSG00000160789.22	LMNA	0.122051	5.32757	0.608188
mRNA_MEsalmon	ENSG00000136826.15	KLF4	0.121792	3.20465	0.870122
mRNA_MEsalmon	ENSG00000173276.14	ZBTB21	0.121728	2.05461	0.489483
mRNA_MEsalmon	ENSG00000184557.4	SOCS3	0.119175	5.27296	1.21997
mRNA_MEsalmon	ENSG00000167604.15	NFKBID	0.118543	1.72121	0.667008
mRNA_MEsalmon	ENSG00000130522.6	JUND	0.118455	5.98167	0.767672
mRNA_MEsalmon	ENSG00000275993.3	SIK1B	0.11815	1.51135	0.76574
mRNA_MEsalmon	ENSG00000158615.9	PPP1R15B	0.117079	4.22945	0.58924
mRNA_MEsalmon	ENSG00000137331.12	IER3	0.116132	3.90611	1.14598
mRNA_MEsalmon	ENSG00000196428.12	TSC22D2	0.11541	2.10327	0.387501
mRNA_MEsalmon	ENSG00000114315.4	HES1	0.114241	4.68187	0.897079
mRNA_MEsalmon	ENSG00000175505.11	CLCF1	0.112959	2.90837	0.822078
mRNA_MEsalmon	ENSG00000154734.16	ADAMTS1	0.112835	4.40267	0.837356
mRNA_MEsalmon	ENSG00000034152.19	MAP2K3	0.110052	4.04355	0.535653
mRNA_MEsalmon	ENSG00000140406.4	TLNRD1	0.109886	2.80198	0.454404
mRNA_MEsalmon	ENSG00000139289.13	PHLDA1	0.109226	4.0117	0.874667
mRNA_MEsalmon	ENSG00000105722.10	ERF	0.10884	4.16165	0.510265
mRNA_MEsalmon	ENSG00000166483.11	WEE1	0.108512	2.02876	0.64194
mRNA_MEsalmon	ENSG00000100221.10	JOSD1	0.107927	4.15069	0.363355
mRNA_MEsalmon	ENSG00000124762.14	CDKN1A	0.107711	6.12034	0.739368
mRNA_MEsalmon	ENSG00000198517.10	MAFK	0.106086	3.15973	0.538615
mRNA_MEsalmon	ENSG00000122877.16	EGR2	0.106062	2.02017	1.04
mRNA_MEsalmon	ENSG00000184545.11	DUSP8	0.105552	1.44755	0.614452
mRNA_MEsalmon	ENSG00000067082.15	KLF6	0.10468	6.09737	0.831122
mRNA_MEsalmon	ENSG00000179094.16	PER1	0.103863	4.28795	0.858415
mRNA_MEsalmon	ENSG00000163660.12	CCNL1	0.103614	3.10368	0.512494
mRNA_MEsalmon	ENSG00000177606.8	JUN	0.103605	6.56994	0.830836
mRNA_MEsalmon	ENSG00000129911.9	KLF16	0.0997296	2.5771	0.539249
mRNA_MEsalmon	ENSG00000153487.13	ING1	0.0964	1.95484	0.280746
mRNA_MEsalmon	ENSG00000120129.6	DUSP1	0.0945612	8.81365	1.02277
mRNA_MEsalmon	ENSG00000095794.19	CREM	0.0894843	2.71212	0.466054
mRNA_MEsalmon	ENSG00000108700.5	CCL8	0.0775531	1.87515	0.951833
mRNA_MEtan	ENSG00000142534.7	RPS11	0.107333	9.63268	0.432634
mRNA_MEtan	ENSG00000071082.11	RPL31	0.105459	6.95686	0.462998
mRNA_MEtan	ENSG00000105640.13	RPL18A	0.105246	6.31632	0.539504
mRNA_MEtan	ENSG00000149273.15	RPS3	0.104954	7.26907	0.455695
mRNA_MEtan	ENSG00000142541.18	RPL13A	0.104433	8.52668	0.415828
mRNA_MEtan	ENSG00000063177.13	RPL18	0.103714	7.29564	0.528894
mRNA_MEtan	ENSG00000130255.13	RPL36	0.103245	7.23583	0.556634
mRNA_MEtan	ENSG00000172809.13	RPL38	0.103089	6.38026	0.463189
mRNA_MEtan	ENSG00000108298.12	RPL19	0.101744	8.16238	0.403238
mRNA_MEtan	ENSG00000125691.14	RPL23	0.101417	6.80931	0.417479
mRNA_MEtan	ENSG00000142937.12	RPS8	0.101211	8.35344	0.530326
mRNA_MEtan	ENSG00000231500.7	RPS18	0.100817	9.39471	0.529318
mRNA_MEtan	ENSG00000110700.7	RPS13	0.100179	7.39857	0.415276
mRNA_MEtan	ENSG00000171858.18	RPS21	0.0999271	8.05793	0.552368
mRNA_MEtan	ENSG00000131469.15	RPL27	0.0995701	7.7978	0.414897
mRNA_MEtan	ENSG00000166441.13	RPL27A	0.0994752	6.57465	0.460132
mRNA_MEtan	ENSG00000170889.14	RPS9	0.0989422	7.24942	0.45753
mRNA_MEtan	ENSG00000083845.9	RPS5	0.0982644	7.15955	0.531026
mRNA_MEtan	ENSG00000147403.18	RPL10	0.0974062	7.93272	0.521296
mRNA_MEtan	ENSG00000171863.15	RPS7	0.097245	6.40189	0.490102
mRNA_MEtan	ENSG00000167526.14	RPL13	0.0969802	7.95693	0.575944
mRNA_MEtan	ENSG00000197756.10	RPL37A	0.0967648	6.66709	0.49215
mRNA_MEtan	ENSG00000118181.11	RPS25	0.0966506	8.38271	0.455777
mRNA_MEtan	ENSG00000164587.13	RPS14	0.0963651	7.33216	0.548215
mRNA_MEtan	ENSG00000122406.14	RPL5	0.096173	7.91687	0.45102
mRNA_MEtan	ENSG00000144713.13	RPL32	0.0954259	7.09406	0.464564
mRNA_MEtan	ENSG00000142676.14	RPL11	0.0953566	8.05931	0.448875
mRNA_MEtan	ENSG00000221983.8	UBA52	0.0952965	6.51909	0.326253
mRNA_MEtan	ENSG00000100316.16	RPL3	0.0950069	8.90658	0.410759
mRNA_MEtan	ENSG00000182899.17	RPL35A	0.0943477	7.17941	0.495907
mRNA_MEtan	ENSG00000161016.18	RPL8	0.0938698	9.17431	0.509991
mRNA_MEtan	ENSG00000134419.15	RPS15A	0.0938013	3.43532	0.480977
mRNA_MEtan	ENSG00000145592.14	RPL37	0.0937595	6.26061	0.530713
mRNA_MEtan	ENSG00000138326.21	RPS24	0.0937265	6.73865	0.452678
mRNA_MEtan	ENSG00000174444.15	RPL4	0.0937203	7.8392	0.366302
mRNA_MEtan	ENSG00000197958.13	RPL12	0.0936042	7.84799	0.490915
mRNA_MEtan	ENSG00000196531.14	NACA	0.0934752	5.33764	0.373406
mRNA_MEtan	ENSG00000162244.12	RPL29	0.093276	7.47098	0.498083
mRNA_MEtan	ENSG00000137154.13	RPS6	0.0931374	9.16015	0.488168
mRNA_MEtan	ENSG00000109475.16	RPL34	0.0930752	7.07678	0.466434
mRNA_MEtan	ENSG00000105202.9	FBL	0.0927445	5.67677	0.442591
mRNA_MEtan	ENSG00000105193.9	RPS16	0.092651	7.75986	0.56243
mRNA_MEtan	ENSG00000177954.14	RPS27	0.0924905	9.10987	0.525548
mRNA_MEtan	ENSG00000136942.15	RPL35	0.0917484	7.75153	0.550276
mRNA_MEtan	ENSG00000148303.17	RPL7A	0.091707	8.78533	0.449549
mRNA_MEtan	ENSG00000198918.8	RPL39	0.091662	5.5145	0.563586
mRNA_MEtan	ENSG00000143947.14	RPS27A	0.0914547	7.27864	0.433184
mRNA_MEtan	ENSG00000105372.8	RPS19	0.0911033	7.67843	0.551565
mRNA_MEtan	ENSG00000177600.9	RPLP2	0.0908806	8.3435	0.495697
mRNA_MEtan	ENSG00000198755.11	RPL10A	0.0906651	8.39334	0.48162
mRNA_MEtan	ENSG00000089009.15	RPL6	0.0898717	7.12171	0.411206
mRNA_MEtan	ENSG00000171425.10	ZNF581	0.089295	3.74343	0.509063
mRNA_MEtan	ENSG00000114391.13	RPL24	0.0890347	7.56881	0.569171
mRNA_MEtan	ENSG00000163682.17	RPL9	0.0884989	6.67651	0.521672
mRNA_MEtan	ENSG00000188846.14	RPL14	0.0884828	5.46369	0.440538
mRNA_MEtan	ENSG00000140988.16	RPS2	0.0883396	8.27611	0.553061
mRNA_MEtan	ENSG00000115268.10	RPS15	0.0879215	6.90914	0.532378
mRNA_MEtan	ENSG00000149806.11	FAU	0.0878644	7.15415	0.515698
mRNA_MEtan	ENSG00000204628.12	RACK1	0.0871332	8.18863	0.514352
mRNA_MEtan	ENSG00000105373.19	NOP53	0.0861461	6.03196	0.540187
mRNA_MEtan	ENSG00000156482.11	RPL30	0.085925	5.65698	0.469555
mRNA_MEtan	ENSG00000133112.17	TPT1	0.0856245	8.12341	0.481174
mRNA_MEtan	ENSG00000175390.15	EIF3F	0.084878	3.4304	0.279683
mRNA_MEtan	ENSG00000233927.5	RPS28	0.0847617	6.7176	0.554939
mRNA_MEtan	ENSG00000089157.16	RPLP0	0.0842037	8.36696	0.541724
mRNA_MEtan	ENSG00000125743.10	SNRPD2	0.0840712	6.02695	0.403939
mRNA_MEtan	ENSG00000198242.14	RPL23A	0.0837267	6.01526	0.477891
mRNA_MEtan	ENSG00000008988.11	RPS20	0.0833153	6.87365	0.525478
mRNA_MEtan	ENSG00000188243.13	COMMD6	0.0822147	4.41985	0.359476
mRNA_MEtan	ENSG00000163479.14	SSR2	0.0820378	4.83397	0.406526
mRNA_MEtan	ENSG00000229117.9	RPL41	0.0812159	7.65903	0.539814
mRNA_MEtan	ENSG00000147604.14	RPL7	0.0811882	7.64396	0.48199
mRNA_MEtan	ENSG00000114942.14	EEF1B2	0.0807894	7.23761	0.481687
mRNA_MEtan	ENSG00000145741.16	BTF3	0.0798245	6.12628	0.397825
mRNA_MEtan	ENSG00000213741.11	RPS29	0.0795141	4.2999	0.498011
mRNA_MEtan	ENSG00000135390.21	ATP5MC2	0.0792332	6.17964	0.407167
mRNA_MEtan	ENSG00000215021.10	PHB2	0.0791237	5.48855	0.366475
mRNA_MEtan	ENSG00000108107.15	RPL28	0.0791091	6.35325	0.52272
mRNA_MEtan	ENSG00000145425.10	RPS3A	0.0787661	6.68067	0.526963
mRNA_MEtan	ENSG00000089289.16	IGBP1	0.0783374	5.464	0.477506
mRNA_MEtan	ENSG00000198034.11	RPS4X	0.0775253	8.57805	0.491556
mRNA_MEtan	ENSG00000077348.9	EXOSC5	0.0769945	4.02425	0.524164
mRNA_MEtan	ENSG00000174748.22	RPL15	0.0767023	6.36612	0.394426
mRNA_MEtan	ENSG00000196683.11	TOMM7	0.0763719	6.42775	0.457327
mRNA_MEtan	ENSG00000168028.14	RPSA	0.0757177	6.40615	0.501375
mRNA_MEtan	ENSG00000100209.11	HSCB	0.0756477	2.92565	0.37908
mRNA_MEtan	ENSG00000111678.11	C12orf57	0.0754659	3.37481	0.566285
mRNA_MEtan	ENSG00000123179.14	EBPL	0.0754353	3.71927	0.452214
mRNA_MEtan	ENSG00000133773.12	CCDC59	0.0751118	2.85341	0.337157
mRNA_MEtan	ENSG00000137818.12	RPLP1	0.0748773	8.14015	0.517549
mRNA_MEtan	ENSG00000137876.11	RSL24D1	0.0742028	4.00785	0.473426
mRNA_MEtan	ENSG00000174547.13	MRPL11	0.0737724	3.82009	0.337997
mRNA_MEtan	ENSG00000112306.8	RPS12	0.0732191	9.6097	0.526263
mRNA_MEtan	ENSG00000161970.15	RPL26	0.0728707	3.63121	0.572007
mRNA_MEtan	ENSG00000126756.12	UXT	0.0722849	4.71361	0.395479
mRNA_MEtan	ENSG00000100353.18	EIF3D	0.0719949	5.76916	0.303346
mRNA_MEtan	ENSG00000151353.15	TMEM18	0.0718082	2.29436	0.315447
mRNA_MEtan	ENSG00000204392.11	LSM2	0.0713519	4.58959	0.358813
mRNA_MEtan	ENSG00000130811.12	EIF3G	0.0712358	4.82005	0.293507
mRNA_MEtan	ENSG00000110711.10	AIP	0.0710603	5.32211	0.409733
mRNA_MEtan	ENSG00000189046.11	ALKBH2	0.0708763	2.68528	0.47908
mRNA_MEtan	ENSG00000122026.10	RPL21	0.0703499	6.58429	0.516528
mRNA_MEtan	ENSG00000104408.11	EIF3E	0.070145	3.12799	0.403095
mRNA_MEtan	ENSG00000171490.13	RSL1D1	0.0699594	4.91656	0.40394
mRNA_MEtan	ENSG00000197111.16	PCBP2	0.0697515	4.57093	0.343668
mRNA_MEtan	ENSG00000147677.11	EIF3H	0.069746	5.0134	0.356427
mRNA_MEtan	ENSG00000135486.19	HNRNPA1	0.0691226	6.40477	0.356826
mRNA_MEtan	ENSG00000137054.16	POLR1E	0.0688293	3.28802	0.474588
mRNA_MEtan	ENSG00000012061.16	ERCC1	0.068802	3.17244	0.269523
mRNA_MEtan	ENSG00000084623.12	EIF3I	0.0686162	4.20799	0.30344
mRNA_MEtan	ENSG00000186184.19	POLR1D	0.0686052	3.12748	0.314979
mRNA_MEtan	ENSG00000181163.14	NPM1	0.0685476	6.32369	0.569791
mRNA_MEtan	ENSG00000178982.10	EIF3K	0.0681731	5.7873	0.32725
mRNA_MEtan	ENSG00000141428.17	C18orf21	0.0680538	2.85156	0.337618
mRNA_MEtan	ENSG00000178035.13	IMPDH2	0.0679381	4.11948	0.417424
mRNA_MEtan	ENSG00000113272.14	THG1L	0.0676629	2.91177	0.456455
mRNA_MEtan	ENSG00000073536.18	NLE1	0.0669533	2.19597	0.359876
mRNA_MEtan	ENSG00000165502.7	RPL36AL	0.0664493	7.74786	0.529892
mRNA_MEtan	ENSG00000143486.16	EIF2D	0.0664098	3.20507	0.276952
mRNA_MEtan	ENSG00000184162.15	NR2C2AP	0.0656476	2.79322	0.355074
mRNA_MEtan	ENSG00000188612.12	SUMO2	0.0656205	5.13374	0.281059
mRNA_MEtan	ENSG00000185721.13	DRG1	0.0653008	4.63396	0.314447
mRNA_MEtan	ENSG00000173812.11	EIF1	0.0648871	7.5504	0.380555
mRNA_MEtan	ENSG00000232388.5	SMIM26	0.0642515	3.42887	0.458988
mRNA_MEtan	ENSG00000115128.7	SF3B6	0.0638772	5.4523	0.304346
mRNA_MEtan	ENSG00000026025.16	VIM	0.0638541	8.41394	0.660593
mRNA_MEtan	ENSG00000125870.11	SNRPB2	0.0634583	4.34139	0.273463
mRNA_MEtan	ENSG00000164346.10	NSA2	0.063216	4.52061	0.512227
mRNA_MEtan	ENSG00000166012.17	TAF1D	0.0631393	2.85188	0.490795
mRNA_MEtan	ENSG00000104529.17	EEF1D	0.0626205	2.87862	0.364106
mRNA_MEtan	ENSG00000182004.13	SNRPE	0.0623872	4.21358	0.381187
mRNA_MEtan	ENSG00000049541.11	RFC2	0.0622872	3.83081	0.354847
mRNA_MEtan	ENSG00000135624.16	CCT7	0.0621592	5.81407	0.255405
mRNA_MEtan	ENSG00000169100.14	SLC25A6	0.0604955	8.54851	0.53294
mRNA_MEtan	ENSG00000133398.4	MED10	0.0602539	3.90663	0.379386
mRNA_MEtan	ENSG00000186468.13	RPS23	0.059868	5.24819	0.495915
mRNA_MEtan	ENSG00000117614.10	SYF2	0.0594783	4.1045	0.34713
mRNA_MEtan	ENSG00000060138.13	YBX3	0.0591426	5.17064	0.558915
mRNA_MEtan	ENSG00000034510.6	TMSB10	0.0589353	11.3311	0.646058
mRNA_MEtan	ENSG00000101132.10	PFDN4	0.0582934	3.24114	0.3711
mRNA_MEtan	ENSG00000214274.10	ANG	0.0581653	3.01916	0.757188
mRNA_MEtan	ENSG00000130726.12	TRIM28	0.0581635	5.41166	0.294678
mRNA_MEtan	ENSG00000214113.11	LYRM4	0.0576982	2.5173	0.309345
mRNA_MEtan	ENSG00000090447.12	TFAP4	0.0573495	1.16159	0.310045
mRNA_MEtan	ENSG00000115350.12	POLE4	0.0568907	3.56124	0.407636
mRNA_MEtan	ENSG00000125352.6	RNF113A	0.0568797	3.64592	0.29783
mRNA_MEtan	ENSG00000134597.16	RBMX2	0.0546198	2.95154	0.333732
mRNA_MEtan	ENSG00000125991.20	ERGIC3	0.0541314	5.10606	0.299403
mRNA_MEtan	ENSG00000184428.13	TOP1MT	0.0540095	2.19522	0.4252
mRNA_MEtan	ENSG00000142046.15	TMEM91	0.0530348	3.29052	1.01634
mRNA_MEtan	ENSG00000169242.12	EFNA1	0.0470507	5.85087	0.769483
mRNA_MEtan	ENSG00000147687.19	TATDN1	0.0466786	1.958	0.328751
mRNA_MEturquoise	ENSG00000159459.12	UBR1	0.0306016	2.26263	0.361008
mRNA_MEturquoise	ENSG00000136381.13	IREB2	0.0303338	2.78382	0.416664
mRNA_MEturquoise	ENSG00000144228.9	SPOPL	0.030085	2.64072	0.40783
mRNA_MEturquoise	ENSG00000186660.15	ZFP91	0.0297141	3.79568	0.364858
mRNA_MEturquoise	ENSG00000078747.16	ITCH	0.0296365	2.84799	0.330575
mRNA_MEturquoise	ENSG00000188419.14	CHM	0.0295037	2.25913	0.414814
mRNA_MEturquoise	ENSG00000136758.19	YME1L1	0.0293587	4.4045	0.347098
mRNA_MEturquoise	ENSG00000047315.17	POLR2B	0.0292888	3.69534	0.382302
mRNA_MEturquoise	ENSG00000023516.9	AKAP11	0.0292813	3.0866	0.455705
mRNA_MEturquoise	ENSG00000115808.12	STRN	0.0292374	1.97003	0.297792
mRNA_MEturquoise	ENSG00000116747.13	RO60	0.0292303	2.42909	0.435285
mRNA_MEturquoise	ENSG00000056097.16	ZFR	0.0292273	4.05637	0.318167
mRNA_MEturquoise	ENSG00000108510.10	MED13	0.0292015	2.84619	0.384843
mRNA_MEturquoise	ENSG00000115816.15	CEBPZ	0.0291503	3.27836	0.562901
mRNA_MEturquoise	ENSG00000149308.17	NPAT	0.0291237	1.94334	0.351734
mRNA_MEturquoise	ENSG00000114331.15	ACAP2	0.0290613	2.59814	0.389531
mRNA_MEturquoise	ENSG00000114062.22	UBE3A	0.0290441	2.33197	0.278958
mRNA_MEturquoise	ENSG00000069248.12	NUP133	0.0290006	3.04904	0.357561
mRNA_MEturquoise	ENSG00000166266.14	CUL5	0.0289643	2.78137	0.392641
mRNA_MEturquoise	ENSG00000138592.14	USP8	0.028914	1.6473	0.28416
mRNA_MEturquoise	ENSG00000179119.15	SPTY2D1	0.0289002	2.72765	0.383902
mRNA_MEturquoise	ENSG00000011405.13	PIK3C2A	0.0288947	3.36474	0.46546
mRNA_MEturquoise	ENSG00000137145.20	DENND4C	0.0288344	2.93722	0.516394
mRNA_MEturquoise	ENSG00000105856.14	HBP1	0.0288079	3.18039	0.522772
mRNA_MEturquoise	ENSG00000107854.6	TNKS2	0.0287622	3.62657	0.404597
mRNA_MEturquoise	ENSG00000039319.17	ZFYVE16	0.0285803	1.8105	0.396793
mRNA_MEturquoise	ENSG00000103479.16	RBL2	0.0285739	3.48083	0.474618
mRNA_MEturquoise	ENSG00000157450.16	RNF111	0.0285531	2.62416	0.329581
mRNA_MEturquoise	ENSG00000168438.15	CDC40	0.0285234	2.29699	0.404507
mRNA_MEturquoise	ENSG00000167447.12	SMG8	0.0285159	2.47796	0.434199
mRNA_MEturquoise	ENSG00000178691.11	SUZ12	0.0285034	2.75447	0.342438
mRNA_MEturquoise	ENSG00000151116.17	UEVLD	0.0285012	2.51858	0.320618
mRNA_MEturquoise	ENSG00000198146.4	ZNF770	0.028472	2.74482	0.650874
mRNA_MEturquoise	ENSG00000110344.10	UBE4A	0.0284653	2.81637	0.529408
mRNA_MEturquoise	ENSG00000163104.18	SMARCAD1	0.0284331	2.847	0.338522
mRNA_MEturquoise	ENSG00000166181.13	API5	0.0284098	4.11692	0.29429
mRNA_MEturquoise	ENSG00000168538.16	TRAPPC11	0.0283913	2.95471	0.340098
mRNA_MEturquoise	ENSG00000091039.17	OSBPL8	0.0283911	3.41782	0.485953
mRNA_MEturquoise	ENSG00000111530.13	CAND1	0.0283424	3.27772	0.375251
mRNA_MEturquoise	ENSG00000119541.10	VPS4B	0.0283364	3.86104	0.400808
mRNA_MEturquoise	ENSG00000138768.15	USO1	0.0283226	4.72311	0.462382
mRNA_MEturquoise	ENSG00000198862.14	LTN1	0.0283094	2.34635	0.388131
mRNA_MEturquoise	ENSG00000139218.18	SCAF11	0.0282494	3.36807	0.369635
mRNA_MEturquoise	ENSG00000132953.16	XPO4	0.0282407	1.97924	0.342373
mRNA_MEturquoise	ENSG00000115145.10	STAM2	0.028235	2.88907	0.33348
mRNA_MEturquoise	ENSG00000118260.15	CREB1	0.0281564	2.44002	0.336505
mRNA_MEturquoise	ENSG00000062650.19	WAPL	0.0281344	3.36882	0.353023
mRNA_MEturquoise	ENSG00000140382.15	HMG20A	0.028122	2.33696	0.354524
mRNA_MEturquoise	ENSG00000137710.17	RDX	0.0281055	4.01789	0.5136
mRNA_MEturquoise	ENSG00000118873.16	RAB3GAP2	0.0280753	2.64402	0.341269
mRNA_MEturquoise	ENSG00000167005.14	NUDT21	0.0280555	3.9181	0.432074
mRNA_MEturquoise	ENSG00000122008.15	POLK	0.0280454	2.03242	0.370033
mRNA_MEturquoise	ENSG00000086827.9	ZW10	0.0280414	2.69796	0.308825
mRNA_MEturquoise	ENSG00000138081.21	FBXO11	0.0280283	2.06884	0.369976
mRNA_MEturquoise	ENSG00000154945.7	ANKRD40	0.0280248	3.47054	0.412011
mRNA_MEturquoise	ENSG00000135829.17	DHX9	0.0279928	4.75705	0.334945
mRNA_MEturquoise	ENSG00000085433.16	WDR47	0.0279868	2.5186	0.338636
mRNA_MEturquoise	ENSG00000100852.13	ARHGAP5	0.0279749	2.17311	0.620364
mRNA_MEturquoise	ENSG00000120137.7	PANK3	0.02796	2.8201	0.411429
mRNA_MEturquoise	ENSG00000171100.15	MTM1	0.0279357	2.53084	0.426823
mRNA_MEturquoise	ENSG00000121879.6	PIK3CA	0.0278434	1.55166	0.34047
mRNA_MEturquoise	ENSG00000164031.17	DNAJB14	0.0278344	2.30101	0.346852
mRNA_MEturquoise	ENSG00000153339.15	TRAPPC8	0.0278082	2.55934	0.377875
mRNA_MEturquoise	ENSG00000169018.6	FEM1B	0.0277815	3.45849	0.360409
mRNA_MEturquoise	ENSG00000021776.11	AQR	0.0277703	2.36463	0.280161
mRNA_MEturquoise	ENSG00000157500.12	APPL1	0.027757	2.89454	0.416526
mRNA_MEturquoise	ENSG00000133704.10	IPO8	0.0277477	3.47845	0.323713
mRNA_MEturquoise	ENSG00000033800.14	PIAS1	0.0277174	2.22489	0.312723
mRNA_MEturquoise	ENSG00000048649.13	RSF1	0.0277034	2.22162	0.303637
mRNA_MEturquoise	ENSG00000125107.18	CNOT1	0.0276889	3.6647	0.627487
mRNA_MEturquoise	ENSG00000115365.12	LANCL1	0.0276835	4.00594	0.476162
mRNA_MEturquoise	ENSG00000198961.10	PJA2	0.0276221	5.35531	0.510349
mRNA_MEturquoise	ENSG00000166233.15	ARIH1	0.0276153	2.01996	0.24843
mRNA_MEturquoise	ENSG00000162607.13	USP1	0.0276132	3.33174	0.43324
mRNA_MEturquoise	ENSG00000124789.12	NUP153	0.0275996	3.36645	0.407194
mRNA_MEturquoise	ENSG00000128585.18	MKLN1	0.0275863	2.23707	0.411734
mRNA_MEturquoise	ENSG00000058063.16	ATP11B	0.0275489	2.92376	0.425447
mRNA_MEturquoise	ENSG00000110321.19	EIF4G2	0.027532	6.48882	0.34528
mRNA_MEturquoise	ENSG00000115464.15	USP34	0.0275229	2.1541	0.482004
mRNA_MEturquoise	ENSG00000085491.17	SLC25A24	0.0275041	2.87464	0.504383
mRNA_MEturquoise	ENSG00000186130.5	ZBTB6	0.0274835	1.99499	0.393719
mRNA_MEturquoise	ENSG00000084093.19	REST	0.0274829	2.49328	0.34908
mRNA_MEturquoise	ENSG00000134371.14	CDC73	0.0274366	2.66962	0.360146
mRNA_MEturquoise	ENSG00000037749.12	MFAP3	0.0274307	2.24126	0.539934
mRNA_MEturquoise	ENSG00000007168.14	PAFAH1B1	0.0274156	3.38872	0.313239
mRNA_MEturquoise	ENSG00000065613.15	SLK	0.0274145	3.6846	0.464123
mRNA_MEturquoise	ENSG00000101974.14	ATP11C	0.0274049	2.6443	0.444451
mRNA_MEturquoise	ENSG00000137814.12	HAUS2	0.0273891	2.24323	0.3066
mRNA_MEturquoise	ENSG00000153147.6	SMARCA5	0.0273661	3.68981	0.328096
mRNA_MEturquoise	ENSG00000135720.13	DYNC1LI2	0.0273578	3.60622	0.4764
mRNA_MEturquoise	ENSG00000138802.11	SEC24B	0.0273118	3.56733	0.370309
mRNA_MEturquoise	ENSG00000085224.23	ATRX	0.0273093	2.25049	0.343186
mRNA_MEturquoise	ENSG00000019995.6	ZRANB1	0.0273068	1.64526	0.358498
mRNA_MEturquoise	ENSG00000071189.21	SNX13	0.0272917	2.15022	0.382622
mRNA_MEturquoise	ENSG00000132356.11	PRKAA1	0.0272759	3.94064	0.393727
mRNA_MEturquoise	ENSG00000107669.18	ATE1	0.0272689	3.01095	0.407159
mRNA_MEturquoise	ENSG00000108506.13	INTS2	0.0272559	1.62943	0.286789
mRNA_MEturquoise	ENSG00000177485.7	ZBTB33	0.0272475	2.65053	0.385277
mRNA_MEturquoise	ENSG00000101972.19	STAG2	0.0272447	3.93561	0.463789
mRNA_MEturquoise	ENSG00000088205.13	DDX18	0.0272396	3.55801	0.357543
mRNA_MEturquoise	ENSG00000115020.17	PIKFYVE	0.0272347	2.30183	0.365587
mRNA_MEturquoise	ENSG00000056586.16	RC3H2	0.0272164	2.54349	0.426398
mRNA_MEturquoise	ENSG00000039123.16	MTREX	0.0271802	3.41652	0.412372
mRNA_MEturquoise	ENSG00000162378.13	ZYG11B	0.0271761	2.90435	0.399472
mRNA_MEturquoise	ENSG00000198162.12	MAN1A2	0.0271714	2.95461	0.417913
mRNA_MEturquoise	ENSG00000164168.8	TMEM184C	0.0271711	3.15901	0.390088
mRNA_MEturquoise	ENSG00000118217.6	ATF6	0.0271631	3.40002	0.370294
mRNA_MEturquoise	ENSG00000110315.7	RNF141	0.0271596	2.85031	0.388889
mRNA_MEturquoise	ENSG00000030066.13	NUP160	0.0271401	3.00022	0.396437
mRNA_MEturquoise	ENSG00000144357.18	UBR3	0.0271332	2.69877	0.374979
mRNA_MEturquoise	ENSG00000036257.13	CUL3	0.0271329	2.40617	0.368973
mRNA_MEturquoise	ENSG00000083312.17	TNPO1	0.0271121	3.3493	0.410042
mRNA_MEturquoise	ENSG00000135913.11	USP37	0.0271106	1.05431	0.380697
mRNA_MEturquoise	ENSG00000138593.9	SECISBP2L	0.0271092	3.43847	0.422254
mRNA_MEturquoise	ENSG00000118007.13	STAG1	0.0271054	2.47569	0.485111
mRNA_MEturquoise	ENSG00000143970.17	ASXL2	0.0271011	2.39752	0.423217
mRNA_MEturquoise	ENSG00000152683.14	SLC30A6	0.0270774	2.93439	0.368794
mRNA_MEturquoise	ENSG00000124795.17	DEK	0.0270702	3.86484	0.423496
mRNA_MEturquoise	ENSG00000139350.12	NEDD1	0.0270693	2.59588	0.340033
mRNA_MEturquoise	ENSG00000244462.8	RBM12	0.0270573	3.35687	0.337255
mRNA_MEturquoise	ENSG00000129315.11	CCNT1	0.0270553	2.81122	0.348652
mRNA_MEturquoise	ENSG00000135387.21	CAPRIN1	0.0270436	4.6451	0.360695
mRNA_MEturquoise	ENSG00000154059.11	IMPACT	0.0270395	3.16904	0.363726
mRNA_MEturquoise	ENSG00000172466.16	ZNF24	0.0270285	3.54771	0.405802
mRNA_MEturquoise	ENSG00000266412.5	NCOA4	0.0270177	6.12682	0.529858
mRNA_MEturquoise	ENSG00000166439.6	RNF169	0.0270094	1.69813	0.425744
mRNA_MEturquoise	ENSG00000113658.18	SMAD5	0.0269834	3.23925	0.376978
mRNA_MEturquoise	ENSG00000196504.19	PRPF40A	0.0269625	3.30111	0.331203
mRNA_MEturquoise	ENSG00000133812.16	SBF2	0.0269602	1.86201	0.384207
mRNA_MEturquoise	ENSG00000111727.12	HCFC2	0.0269525	2.15595	0.342133
mRNA_MEturquoise	ENSG00000143751.10	SDE2	0.0269466	3.10434	0.446048
mRNA_MEturquoise	ENSG00000177200.17	CHD9	0.0269395	2.4622	0.388649
mRNA_MEturquoise	ENSG00000104164.12	BLOC1S6	0.0269389	3.51003	0.374784
mRNA_MEturquoise	ENSG00000060749.16	QSER1	0.0269386	2.27899	0.383977
mRNA_MEturquoise	ENSG00000109606.13	DHX15	0.026914	3.75648	0.341533
mRNA_MEturquoise	ENSG00000102531.16	FNDC3A	0.0268958	3.76334	0.466867
mRNA_MEturquoise	ENSG00000128915.12	ICE2	0.0268951	1.79187	0.273194
mRNA_MEturquoise	ENSG00000101752.12	MIB1	0.0268941	2.54922	0.470141
mRNA_MEturquoise	ENSG00000074603.19	DPP8	0.0268809	2.57059	0.299512
mRNA_MEturquoise	ENSG00000076321.11	KLHL20	0.0268728	2.70417	0.351477
mRNA_MEturquoise	ENSG00000110422.12	HIPK3	0.0268548	4.19139	0.423349
mRNA_MEturquoise	ENSG00000137770.14	CTDSPL2	0.0268516	2.45109	0.297362
mRNA_MEturquoise	ENSG00000143337.19	TOR1AIP1	0.0268465	4.35799	0.37975
mRNA_MEturquoise	ENSG00000072803.17	FBXW11	0.0268456	3.71355	0.417447
mRNA_MEturquoise	ENSG00000129003.19	VPS13C	0.0268421	2.48014	0.414227
mRNA_MEturquoise	ENSG00000015171.20	ZMYND11	0.026822	4.14278	0.393886
mRNA_MEturquoise	ENSG00000205339.10	IPO7	0.0268142	4.53682	0.479776
mRNA_MEturquoise	ENSG00000139505.11	MTMR6	0.02681	3.27619	0.421098
mRNA_MEturquoise	ENSG00000124459.12	ZNF45	0.0268057	2.1038	0.352385
mRNA_MEturquoise	ENSG00000198399.15	ITSN2	0.0267856	2.70394	0.327052
mRNA_MEturquoise	ENSG00000160551.12	TAOK1	0.0267825	2.66109	0.362252
mRNA_MEturquoise	ENSG00000165240.20	ATP7A	0.0267604	1.76193	0.370697
mRNA_MEturquoise	ENSG00000108064.11	TFAM	0.0267435	3.00009	0.355093
mRNA_MEturquoise	ENSG00000136451.9	VEZF1	0.0267395	3.93312	0.417254
mRNA_MEturquoise	ENSG00000181315.11	ZNF322	0.0267349	1.14069	0.288407
mRNA_MEturquoise	ENSG00000166326.7	TRIM44	0.0267107	3.49762	0.365248
mRNA_MEturquoise	ENSG00000136536.15	MARCHF7	0.0266966	3.64532	0.35694
mRNA_MEturquoise	ENSG00000123444.14	KBTBD4	0.0266827	1.43181	0.278359
mRNA_MEturquoise	ENSG00000055917.16	PUM2	0.026681	4.33324	0.287204
mRNA_MEturquoise	ENSG00000083520.15	DIS3	0.0266729	2.40877	0.294105
mRNA_MEturquoise	ENSG00000004700.16	RECQL	0.0266475	2.92031	0.543003
mRNA_MEturquoise	ENSG00000172845.17	SP3	0.0266177	2.74137	0.321143
mRNA_MEturquoise	ENSG00000115159.16	GPD2	0.026597	2.68108	0.398353
mRNA_MEturquoise	ENSG00000159256.13	MORC3	0.0265923	2.76439	0.330219
mRNA_MEturquoise	ENSG00000134313.16	KIDINS220	0.0265835	2.9347	0.386818
mRNA_MEturquoise	ENSG00000198730.9	CTR9	0.0265332	3.40532	0.334671
mRNA_MEturquoise	ENSG00000104133.15	SPG11	0.0265176	2.88117	0.417309
mRNA_MEturquoise	ENSG00000072364.13	AFF4	0.0265046	3.94541	0.493315
mRNA_MEturquoise	ENSG00000065243.20	PKN2	0.0265032	3.26672	0.337945
mRNA_MEturquoise	ENSG00000125484.12	GTF3C4	0.0264968	2.27053	0.366942
mRNA_MEturquoise	ENSG00000153827.14	TRIP12	0.0264902	3.95652	0.398907
mRNA_MEturquoise	ENSG00000029363.17	BCLAF1	0.0264869	3.54951	0.3052
mRNA_MEturquoise	ENSG00000080345.18	RIF1	0.0264315	2.23268	0.36041
mRNA_MEturquoise	ENSG00000263001.7	GTF2I	0.0264141	1.61935	0.405797
mRNA_MEturquoise	ENSG00000164323.14	CFAP97	0.0263973	3.24596	0.411824
mRNA_MEturquoise	ENSG00000131263.13	RLIM	0.0263969	2.78157	0.314671
mRNA_MEturquoise	ENSG00000122482.21	ZNF644	0.0263618	2.57886	0.330059
mRNA_MEturquoise	ENSG00000164306.11	PRIMPOL	0.0263557	1.78333	0.316361
mRNA_MEturquoise	ENSG00000196712.18	NF1	0.026334	2.16252	0.32884
mRNA_MEturquoise	ENSG00000188647.13	PTAR1	0.0263211	2.72755	0.495745
mRNA_MEturquoise	ENSG00000176994.11	SMCR8	0.026308	2.67463	0.489109
mRNA_MEturquoise	ENSG00000213341.11	CHUK	0.0263052	2.25289	0.33866
mRNA_MEturquoise	ENSG00000067900.8	ROCK1	0.0262952	2.90481	0.431758
mRNA_MEturquoise	ENSG00000164151.12	ICE1	0.026285	2.61812	0.381285
mRNA_MEturquoise	ENSG00000150768.16	DLAT	0.0262701	3.22544	0.498111
mRNA_MEturquoise	ENSG00000165660.8	ABRAXAS2	0.0262309	3.11111	0.315747
mRNA_MEturquoise	ENSG00000150712.11	MTMR12	0.0262159	3.49247	0.443016
mRNA_MEturquoise	ENSG00000135999.12	EPC2	0.0262072	2.71522	0.337047
mRNA_MEturquoise	ENSG00000115904.14	SOS1	0.0261922	3.06349	0.338083
mRNA_MEturquoise	ENSG00000198964.14	SGMS1	0.0261794	2.77068	0.371008
mRNA_MEturquoise	ENSG00000029725.17	RABEP1	0.02617	2.67071	0.36987
mRNA_MEturquoise	ENSG00000138757.15	G3BP2	0.0261482	3.44892	0.417235
mRNA_MEturquoise	ENSG00000254004.7	ZNF260	0.0261429	2.42131	0.300547
mRNA_MEturquoise	ENSG00000174780.17	SRP72	0.0261209	4.11953	0.354056
mRNA_MEturquoise	ENSG00000065183.16	WDR3	0.0261106	1.99451	0.32229
mRNA_MEturquoise	ENSG00000123268.9	ATF1	0.026078	3.05874	0.383808
mRNA_MEturquoise	ENSG00000137601.17	NEK1	0.0260602	1.74326	0.311191
mRNA_MEturquoise	ENSG00000143952.20	VPS54	0.0260591	3.12895	0.311196
mRNA_MEturquoise	ENSG00000134982.17	APC	0.0260446	2.17165	0.38372
mRNA_MEturquoise	ENSG00000145715.15	RASA1	0.0260377	2.98034	0.441178
mRNA_MEturquoise	ENSG00000138663.9	COPS4	0.0260001	3.42665	0.388903
mRNA_MEturquoise	ENSG00000135932.11	CAB39	0.0259838	4.13757	0.381543
mRNA_MEturquoise	ENSG00000115760.14	BIRC6	0.0259652	2.66394	0.397856
mRNA_MEturquoise	ENSG00000135837.16	CEP350	0.0259587	2.27212	0.38236
mRNA_MEturquoise	ENSG00000112739.17	PRPF4B	0.0259528	3.17064	0.323389
mRNA_MEturquoise	ENSG00000125304.10	TM9SF2	0.0259486	5.28279	0.402588
mRNA_MEturquoise	ENSG00000062725.10	APPBP2	0.0259457	2.63362	0.347364
mRNA_MEturquoise	ENSG00000165813.20	CCDC186	0.0259315	1.96728	0.371344
mRNA_MEturquoise	ENSG00000151304.6	SRFBP1	0.0259188	2.32432	0.383013
mRNA_MEturquoise	ENSG00000172469.16	MANEA	0.0259142	2.96931	0.570414
mRNA_MEturquoise	ENSG00000198677.12	TTC37	0.0259105	3.44623	0.412597
mRNA_MEturquoise	ENSG00000100129.18	EIF3L	0.0259037	4.87952	0.662883
mRNA_MEturquoise	ENSG00000177888.8	ZBTB41	0.025898	2.22538	0.41491
mRNA_MEturquoise	ENSG00000196914.9	ARHGEF12	0.0258545	3.83173	0.432994
mRNA_MEturquoise	ENSG00000141367.12	CLTC	0.0258436	5.19872	0.383592
mRNA_MEturquoise	ENSG00000180530.11	NRIP1	0.0258403	2.95918	0.564909
mRNA_MEturquoise	ENSG00000005700.15	IBTK	0.0258361	3.1699	0.392279
mRNA_MEturquoise	ENSG00000170185.10	USP38	0.0258322	2.54588	0.379288
mRNA_MEturquoise	ENSG00000112640.16	PPP2R5D	0.0258305	2.81715	0.392326
mRNA_MEturquoise	ENSG00000182831.12	C16orf72	0.0258215	2.26957	0.297169
mRNA_MEturquoise	ENSG00000122958.15	VPS26A	0.025821	3.73132	0.346315
mRNA_MEturquoise	ENSG00000138780.15	GSTCD	0.0258113	1.3701	0.330402
mRNA_MEturquoise	ENSG00000134852.15	CLOCK	0.0258014	2.25646	0.344326
mRNA_MEturquoise	ENSG00000182150.18	ERCC6L2	0.0257984	1.21137	0.25747
mRNA_MEturquoise	ENSG00000009307.16	CSDE1	0.0257905	6.60883	0.391066
mRNA_MEturquoise	ENSG00000136824.19	SMC2	0.0257895	2.19385	0.395395
mRNA_MEturquoise	ENSG00000141425.18	RPRD1A	0.0257875	2.83618	0.355084
mRNA_MEturquoise	ENSG00000165417.12	GTF2A1	0.0257814	3.04056	0.388661
mRNA_MEturquoise	ENSG00000179454.14	KLHL28	0.0257697	1.57942	0.322555
mRNA_MEturquoise	ENSG00000133103.17	COG6	0.0257662	2.23233	0.342908
mRNA_MEturquoise	ENSG00000169446.5	MMGT1	0.0257637	3.64756	0.497721
mRNA_MEturquoise	ENSG00000139133.7	ALG10	0.0257528	0.841217	0.232097
mRNA_MEturquoise	ENSG00000145388.15	METTL14	0.0257486	2.24135	0.302598
mRNA_MEturquoise	ENSG00000081386.12	ZNF510	0.0257468	1.70903	0.340691
mRNA_MEturquoise	ENSG00000137760.15	ALKBH8	0.0256995	1.6759	0.26339
mRNA_MEturquoise	ENSG00000177683.14	THAP5	0.0256843	2.78066	0.394778
mRNA_MEturquoise	ENSG00000111880.16	RNGTT	0.0256837	2.20005	0.34489
mRNA_MEturquoise	ENSG00000151718.16	WWC2	0.0256714	2.65814	0.500519
mRNA_MEturquoise	ENSG00000124198.9	ARFGEF2	0.0256603	3.11435	0.446291
mRNA_MEturquoise	ENSG00000111897.7	SERINC1	0.0256588	6.80287	0.555201
mRNA_MEturquoise	ENSG00000083642.19	PDS5B	0.0256452	1.98063	0.326762
mRNA_MEturquoise	ENSG00000117335.20	CD46	0.0256342	4.99569	0.429755
mRNA_MEturquoise	ENSG00000103540.16	CCP110	0.025628	1.60245	0.291093
mRNA_MEturquoise	ENSG00000068305.17	MEF2A	0.0256133	3.87427	0.456903
mRNA_MEturquoise	ENSG00000153201.16	RANBP2	0.0256076	3.17268	0.42741
mRNA_MEturquoise	ENSG00000176986.16	SEC24C	0.0255997	3.20569	0.483481
mRNA_MEturquoise	ENSG00000107560.12	RAB11FIP2	0.0255938	2.46556	0.424954
mRNA_MEturquoise	ENSG00000095787.23	WAC	0.0255724	3.78904	0.32973
mRNA_MEturquoise	ENSG00000091157.14	WDR7	0.0255715	1.94819	0.311826
mRNA_MEturquoise	ENSG00000081019.13	RSBN1	0.0255485	2.50976	0.357095
mRNA_MEturquoise	ENSG00000120690.16	ELF1	0.0255465	4.10839	0.439322
mRNA_MEturquoise	ENSG00000112282.18	MED23	0.025539	2.53245	0.366993
mRNA_MEturquoise	ENSG00000163848.20	ZNF148	0.0255289	2.85792	0.397788
mRNA_MEturquoise	ENSG00000096717.12	SIRT1	0.0255204	3.01523	0.410524
mRNA_MEturquoise	ENSG00000061676.15	NCKAP1	0.0255109	3.30883	0.376467
mRNA_MEturquoise	ENSG00000106771.13	TMEM245	0.0255103	3.72253	0.560206
mRNA_MEturquoise	ENSG00000088930.8	XRN2	0.0254959	4.68731	0.40695
mRNA_MEturquoise	ENSG00000108946.15	PRKAR1A	0.0254948	5.39281	0.396846
mRNA_MEturquoise	ENSG00000164187.7	LMBRD2	0.0254881	2.34961	0.483559
mRNA_MEturquoise	ENSG00000176018.13	LYSMD3	0.0254778	3.2204	0.479396
mRNA_MEturquoise	ENSG00000111647.13	UHRF1BP1L	0.0254754	2.47001	0.417977
mRNA_MEturquoise	ENSG00000185722.18	ANKFY1	0.0254731	2.29364	0.381819
mRNA_MEturquoise	ENSG00000154727.11	GABPA	0.0254661	2.89356	0.383198
mRNA_MEturquoise	ENSG00000157426.14	AASDH	0.025461	1.75878	0.291769
mRNA_MEturquoise	ENSG00000138095.19	LRPPRC	0.0254544	4.06904	0.509564
mRNA_MEturquoise	ENSG00000180628.15	PCGF5	0.0254396	3.64051	0.435621
mRNA_MEturquoise	ENSG00000004897.12	CDC27	0.0254342	3.34606	0.318434
mRNA_MEturquoise	ENSG00000108055.10	SMC3	0.0254226	3.48803	0.375046
mRNA_MEturquoise	ENSG00000113712.19	CSNK1A1	0.02542	3.2951	0.477807
mRNA_MEturquoise	ENSG00000120008.16	WDR11	0.0254198	2.79051	0.361648
mRNA_MEturquoise	ENSG00000138434.17	ITPRID2	0.0254055	3.72022	0.474295
mRNA_MEturquoise	ENSG00000120063.10	GNA13	0.0253932	4.275	0.439704
mRNA_MEturquoise	ENSG00000170759.11	KIF5B	0.0253913	4.67204	0.374479
mRNA_MEturquoise	ENSG00000107290.14	SETX	0.0253863	3.19758	0.419849
mRNA_MEturquoise	ENSG00000155313.15	USP25	0.025377	2.81086	0.32859
mRNA_MEturquoise	ENSG00000131023.13	LATS1	0.0253494	2.48567	0.346325
mRNA_MEturquoise	ENSG00000112078.14	KCTD20	0.0253481	4.00227	0.385644
mRNA_MEturquoise	ENSG00000166225.9	FRS2	0.0253427	2.3947	0.319909
mRNA_MEturquoise	ENSG00000152332.16	UHMK1	0.0252741	3.94772	0.444833
mRNA_MEturquoise	ENSG00000157077.15	ZFYVE9	0.0252723	2.19616	0.41428
mRNA_MEturquoise	ENSG00000165219.22	GAPVD1	0.0252639	2.27857	0.28759
mRNA_MEturquoise	ENSG00000111911.7	HINT3	0.0252577	3.44516	0.448372
mRNA_MEturquoise	ENSG00000112234.9	FBXL4	0.0252514	2.37047	0.403687
mRNA_MEturquoise	ENSG00000106692.15	FKTN	0.0252453	1.2422	0.267918
mRNA_MEturquoise	ENSG00000073614.13	KDM5A	0.0252415	2.63514	0.378481
mRNA_MEturquoise	ENSG00000164597.15	COG5	0.0252301	2.35043	0.367358
mRNA_MEturquoise	ENSG00000204116.11	CHIC1	0.0252226	2.13878	0.362341
mRNA_MEturquoise	ENSG00000156671.15	SAMD8	0.0252098	2.5495	0.320758
mRNA_MEturquoise	ENSG00000140386.13	SCAPER	0.0252059	1.41907	0.351588
mRNA_MEturquoise	ENSG00000174106.3	LEMD3	0.0252044	2.88191	0.324215
mRNA_MEturquoise	ENSG00000136874.11	STX17	0.0251974	2.42549	0.324781
mRNA_MEturquoise	ENSG00000213799.13	ZNF845	0.0251957	1.38104	0.268696
mRNA_MEturquoise	ENSG00000101654.18	RNMT	0.0251863	2.89684	0.391016
mRNA_MEturquoise	ENSG00000085719.13	CPNE3	0.0251259	4.3146	0.442398
mRNA_MEturquoise	ENSG00000105983.22	LMBR1	0.0251079	2.38769	0.37732
mRNA_MEturquoise	ENSG00000165288.11	BRWD3	0.0251066	1.47133	0.311477
mRNA_MEturquoise	ENSG00000145734.19	BDP1	0.0251045	2.12581	0.388981
mRNA_MEturquoise	ENSG00000101343.15	CRNKL1	0.0251007	3.09854	0.295279
mRNA_MEturquoise	ENSG00000169299.14	PGM2	0.0250997	3.15546	0.443923
mRNA_MEturquoise	ENSG00000135018.14	UBQLN1	0.0250928	4.12301	0.355953
mRNA_MEturquoise	ENSG00000169967.16	MAP3K2	0.0250891	2.97444	0.316834
mRNA_MEturquoise	ENSG00000155561.15	NUP205	0.0250856	2.93991	0.382292
mRNA_MEturquoise	ENSG00000153107.13	ANAPC1	0.0250706	1.2024	0.268464
mRNA_MEturquoise	ENSG00000024048.11	UBR2	0.0250669	3.06735	0.335964
mRNA_MEturquoise	ENSG00000088179.9	PTPN4	0.0250319	1.47905	0.305513
mRNA_MEturquoise	ENSG00000157107.14	FCHO2	0.0250317	3.7261	0.473667
mRNA_MEturquoise	ENSG00000204130.14	RUFY2	0.0250312	1.70752	0.275122
mRNA_MEturquoise	ENSG00000167258.15	CDK12	0.0250207	2.42428	0.324022
mRNA_MEturquoise	ENSG00000118454.13	ANKRD13C	0.0250196	2.44248	0.276101
mRNA_MEturquoise	ENSG00000121749.15	TBC1D15	0.0249674	3.08465	0.354747
mRNA_MEturquoise	ENSG00000065150.21	IPO5	0.0249635	4.04897	0.458199
mRNA_MEturquoise	ENSG00000112531.17	QKI	0.0249608	3.33808	0.418395
mRNA_MEturquoise	ENSG00000120868.14	APAF1	0.0249561	1.86988	0.372649
mRNA_MEturquoise	ENSG00000188554.15	NBR1	0.0249517	4.6842	0.385994
mRNA_MEturquoise	ENSG00000111615.14	KRR1	0.0249407	1.90694	0.24436
mRNA_MEturquoise	ENSG00000064726.10	BTBD1	0.0249269	3.90522	0.381173
mRNA_MEturquoise	ENSG00000151414.15	NEK7	0.0249183	3.88825	0.462309
mRNA_MEturquoise	ENSG00000145332.14	KLHL8	0.0249129	2.1625	0.316879
mRNA_MEturquoise	ENSG00000155008.14	APOOL	0.0249107	2.33483	0.467631
mRNA_MEturquoise	ENSG00000156256.15	USP16	0.024908	2.99742	0.30204
mRNA_MEturquoise	ENSG00000127870.17	RNF6	0.0248952	3.22382	0.338892
mRNA_MEturquoise	ENSG00000172059.11	KLF11	0.0248942	3.42103	0.501245
mRNA_MEturquoise	ENSG00000197771.13	MCMBP	0.0248933	3.54307	0.327559
mRNA_MEturquoise	ENSG00000182827.9	ACBD3	0.024885	3.94559	0.415323
mRNA_MEturquoise	ENSG00000175595.15	ERCC4	0.0248689	1.18032	0.250269
mRNA_MEturquoise	ENSG00000128989.11	ARPP19	0.0248627	4.81925	0.323877
mRNA_MEturquoise	ENSG00000172292.15	CERS6	0.0248589	1.94306	0.570056
mRNA_MEturquoise	ENSG00000137075.18	RNF38	0.0248557	3.3552	0.439468
mRNA_MEturquoise	ENSG00000198205.6	ZXDA	0.0248539	1.53716	0.356449
mRNA_MEturquoise	ENSG00000173145.11	NOC3L	0.0248494	2.49867	0.359221
mRNA_MEturquoise	ENSG00000177613.9	CSTF2T	0.0248458	3.42363	0.311824
mRNA_MEturquoise	ENSG00000101596.16	SMCHD1	0.0248454	2.27388	0.387449
mRNA_MEturquoise	ENSG00000118482.12	PHF3	0.0248444	2.50902	0.38316
mRNA_MEturquoise	ENSG00000036549.13	ZZZ3	0.0248391	2.44102	0.309602
mRNA_MEturquoise	ENSG00000140575.13	IQGAP1	0.0248384	4.77738	0.41396
mRNA_MEturquoise	ENSG00000163512.14	AZI2	0.0248254	1.41364	0.272864
mRNA_MEturquoise	ENSG00000107651.13	SEC23IP	0.0248209	2.83845	0.305741
mRNA_MEturquoise	ENSG00000135968.21	GCC2	0.0248206	2.42533	0.415529
mRNA_MEturquoise	ENSG00000144426.18	NBEAL1	0.0248195	1.04504	0.395787
mRNA_MEturquoise	ENSG00000186522.15	SEPTIN10	0.0248169	4.23867	0.515281
mRNA_MEturquoise	ENSG00000171103.11	TRMT61B	0.0247883	2.3089	0.385314
mRNA_MEturquoise	ENSG00000145833.16	DDX46	0.024787	2.85297	0.328845
mRNA_MEturquoise	ENSG00000138138.13	ATAD1	0.0247691	3.45782	0.362329
mRNA_MEturquoise	ENSG00000198081.11	ZBTB14	0.024754	2.20791	0.307125
mRNA_MEturquoise	ENSG00000119396.11	RAB14	0.0247514	4.83443	0.384897
mRNA_MEturquoise	ENSG00000109790.16	KLHL5	0.0247504	2.98708	0.47495
mRNA_MEturquoise	ENSG00000185009.13	AP3M1	0.0247387	3.14628	0.306192
mRNA_MEturquoise	ENSG00000145868.17	FBXO38	0.0247303	2.64241	0.298915
mRNA_MEturquoise	ENSG00000174953.14	DHX36	0.0247269	2.45057	0.292426
mRNA_MEturquoise	ENSG00000162521.19	RBBP4	0.0246853	3.43904	0.369971
mRNA_MEturquoise	ENSG00000135040.16	NAA35	0.024682	2.00279	0.320101
mRNA_MEturquoise	ENSG00000008869.12	HEATR5B	0.0246795	2.68939	0.364204
mRNA_MEturquoise	ENSG00000163349.22	HIPK1	0.0246774	3.39909	0.388433
mRNA_MEturquoise	ENSG00000077147.16	TM9SF3	0.024671	4.90493	0.318058
mRNA_MEturquoise	ENSG00000119314.16	PTBP3	0.0246694	3.76394	0.429522
mRNA_MEturquoise	ENSG00000170677.6	SOCS6	0.024662	2.70691	0.410397
mRNA_MEturquoise	ENSG00000169118.18	CSNK1G1	0.0246584	1.85568	0.273117
mRNA_MEturquoise	ENSG00000135776.5	ABCB10	0.0246535	2.72065	0.405703
mRNA_MEturquoise	ENSG00000153989.8	NUS1	0.0246421	3.15435	0.365107
mRNA_MEturquoise	ENSG00000136051.15	WASHC4	0.0246375	3.57755	0.39816
mRNA_MEturquoise	ENSG00000126581.13	BECN1	0.0246347	2.7608	0.347221
mRNA_MEturquoise	ENSG00000174010.9	KLHL15	0.0246234	1.58222	0.341511
mRNA_MEturquoise	ENSG00000144224.17	UBXN4	0.0246215	5.01541	0.321843
mRNA_MEturquoise	ENSG00000096401.8	CDC5L	0.0246183	3.20161	0.362078
mRNA_MEturquoise	ENSG00000145414.9	NAF1	0.024618	1.65881	0.280656
mRNA_MEturquoise	ENSG00000006715.16	VPS41	0.0245976	3.32256	0.403719
mRNA_MEturquoise	ENSG00000136925.15	TSTD2	0.024579	1.34236	0.336082
mRNA_MEturquoise	ENSG00000103994.18	ZNF106	0.0245721	2.88752	0.562569
mRNA_MEturquoise	ENSG00000147124.12	ZNF41	0.0245552	1.98881	0.291528
mRNA_MEturquoise	ENSG00000109171.15	SLAIN2	0.0245433	3.35806	0.312443
mRNA_MEturquoise	ENSG00000130150.12	MOSPD2	0.0245306	2.18964	0.340454
mRNA_MEturquoise	ENSG00000166478.10	ZNF143	0.0245149	2.31434	0.283908
mRNA_MEturquoise	ENSG00000077254.14	USP33	0.0245136	3.43619	0.308816
mRNA_MEturquoise	ENSG00000138767.13	CNOT6L	0.0245093	3.05947	0.442856
mRNA_MEturquoise	ENSG00000171988.19	JMJD1C	0.0244989	3.00204	0.420662
mRNA_MEturquoise	ENSG00000108588.14	CCDC47	0.0244923	4.67981	0.376877
mRNA_MEturquoise	ENSG00000198642.7	KLHL9	0.0244912	3.45156	0.450195
mRNA_MEturquoise	ENSG00000085832.17	EPS15	0.0244889	3.65175	0.296153
mRNA_MEturquoise	ENSG00000132388.12	UBE2G1	0.0244789	3.26972	0.335929
mRNA_MEturquoise	ENSG00000213281.5	NRAS	0.0244707	4.4276	0.442549
mRNA_MEturquoise	ENSG00000090054.15	SPTLC1	0.0244606	3.64043	0.35501
mRNA_MEturquoise	ENSG00000140157.15	NIPA2	0.0244568	2.54858	0.423838
mRNA_MEturquoise	ENSG00000108061.12	SHOC2	0.0244095	3.85091	0.309202
mRNA_MEturquoise	ENSG00000165732.13	DDX21	0.0244082	4.10307	0.54741
mRNA_MEturquoise	ENSG00000129480.13	DTD2	0.0243982	0.802249	0.267147
mRNA_MEturquoise	ENSG00000197860.10	SGTB	0.0243925	1.75813	0.349183
mRNA_MEturquoise	ENSG00000198087.7	CD2AP	0.0243915	3.78806	0.473097
mRNA_MEturquoise	ENSG00000162980.17	ARL5A	0.0243907	2.80441	0.390008
mRNA_MEturquoise	ENSG00000127980.16	PEX1	0.0243894	1.79768	0.367278
mRNA_MEturquoise	ENSG00000138750.15	NUP54	0.0243863	3.06883	0.318834
mRNA_MEturquoise	ENSG00000121892.15	PDS5A	0.0243855	3.40167	0.305328
mRNA_MEturquoise	ENSG00000017797.13	RALBP1	0.0243687	3.32936	0.382491
mRNA_MEturquoise	ENSG00000071794.16	HLTF	0.0243608	1.96724	0.532146
mRNA_MEturquoise	ENSG00000157764.14	BRAF	0.0243605	1.43507	0.252843
mRNA_MEturquoise	ENSG00000152443.13	ZNF776	0.0243572	2.16114	0.333831
mRNA_MEturquoise	ENSG00000105879.12	CBLL1	0.0243391	2.75223	0.351343
mRNA_MEturquoise	ENSG00000135392.18	DNAJC14	0.0243276	2.11413	0.399721
mRNA_MEturquoise	ENSG00000204217.15	BMPR2	0.0243256	3.71549	0.486377
mRNA_MEturquoise	ENSG00000136937.13	NCBP1	0.0243175	2.76003	0.323152
mRNA_MEturquoise	ENSG00000131725.14	WDR44	0.0243166	2.45283	0.353925
mRNA_MEturquoise	ENSG00000105176.18	URI1	0.0243161	3.65417	0.284647
mRNA_MEturquoise	ENSG00000086200.17	IPO11	0.0243105	2.39764	0.422683
mRNA_MEturquoise	ENSG00000115825.11	PRKD3	0.0243063	2.5114	0.451991
mRNA_MEturquoise	ENSG00000078142.13	PIK3C3	0.0242981	2.04579	0.313412
mRNA_MEturquoise	ENSG00000133114.18	GPALPP1	0.0242838	1.60473	0.252996
mRNA_MEturquoise	ENSG00000164631.19	ZNF12	0.0242764	3.11385	0.349183
mRNA_MEturquoise	ENSG00000084676.15	NCOA1	0.0242662	3.19831	0.364536
mRNA_MEturquoise	ENSG00000066933.16	MYO9A	0.0242656	2.35704	0.522967
mRNA_MEturquoise	ENSG00000113569.16	NUP155	0.0242505	2.24312	0.328969
mRNA_MEturquoise	ENSG00000168813.17	ZNF507	0.0242404	1.74776	0.270539
mRNA_MEturquoise	ENSG00000167635.12	ZNF146	0.0242366	4.10067	0.363095
mRNA_MEturquoise	ENSG00000165322.18	ARHGAP12	0.0242285	2.98571	0.335637
mRNA_MEturquoise	ENSG00000188636.4	RTL6	0.0242261	3.24979	0.493114
mRNA_MEturquoise	ENSG00000155827.12	RNF20	0.0241998	3.66148	0.404341
mRNA_MEturquoise	ENSG00000205269.6	TMEM170B	0.0241955	1.39573	0.336611
mRNA_MEturquoise	ENSG00000009335.18	UBE3C	0.024191	3.30082	0.372427
mRNA_MEturquoise	ENSG00000198589.14	LRBA	0.0241764	2.57658	0.458442
mRNA_MEturquoise	ENSG00000180398.13	MCFD2	0.0241753	5.01442	0.471046
mRNA_MEturquoise	ENSG00000143756.12	FBXO28	0.0241672	3.31903	0.383089
mRNA_MEturquoise	ENSG00000111142.14	METAP2	0.0241666	4.08999	0.338774
mRNA_MEturquoise	ENSG00000116062.17	MSH6	0.0241656	2.33466	0.337344
mRNA_MEturquoise	ENSG00000028116.18	VRK2	0.024158	2.0406	0.374437
mRNA_MEturquoise	ENSG00000145246.14	ATP10D	0.0241557	2.64938	0.473372
mRNA_MEturquoise	ENSG00000003056.8	M6PR	0.0241499	4.46095	0.552776
mRNA_MEturquoise	ENSG00000114166.8	KAT2B	0.0241491	3.01697	0.401545
mRNA_MEturquoise	ENSG00000058804.12	NDC1	0.024147	2.46004	0.347622
mRNA_MEturquoise	ENSG00000185129.8	PURA	0.0241434	2.74212	0.445878
mRNA_MEturquoise	ENSG00000105866.15	SP4	0.0241264	1.56233	0.393396
mRNA_MEturquoise	ENSG00000152219.5	ARL14EP	0.0241262	2.55694	0.291292
mRNA_MEturquoise	ENSG00000110696.10	C11orf58	0.0241211	3.96908	0.302029
mRNA_MEturquoise	ENSG00000078674.18	PCM1	0.0241095	3.27127	0.421885
mRNA_MEturquoise	ENSG00000159658.14	EFCAB14	0.0241053	3.61024	0.345925
mRNA_MEturquoise	ENSG00000067704.10	IARS2	0.0240987	4.86076	0.421502
mRNA_MEturquoise	ENSG00000136100.14	VPS36	0.0240975	3.14299	0.330536
mRNA_MEturquoise	ENSG00000035928.16	RFC1	0.0240966	3.33864	0.389348
mRNA_MEturquoise	ENSG00000134255.14	CEPT1	0.0240858	2.07051	0.352546
mRNA_MEturquoise	ENSG00000108587.16	GOSR1	0.0240811	2.86306	0.254913
mRNA_MEturquoise	ENSG00000107771.17	CCSER2	0.0240807	2.96065	0.327761
mRNA_MEturquoise	ENSG00000135241.17	PNPLA8	0.0240771	2.9802	0.397157
mRNA_MEturquoise	ENSG00000186063.13	AIDA	0.0240734	3.13173	0.422212
mRNA_MEturquoise	ENSG00000119402.17	FBXW2	0.0240727	2.81244	0.320506
mRNA_MEturquoise	ENSG00000156531.17	PHF6	0.0240709	2.0526	0.313823
mRNA_MEturquoise	ENSG00000112339.15	HBS1L	0.0240647	2.12804	0.312976
mRNA_MEturquoise	ENSG00000117758.14	STX12	0.024058	4.3908	0.357989
mRNA_MEturquoise	ENSG00000111269.3	CREBL2	0.0240532	5.11119	0.420442
mRNA_MEturquoise	ENSG00000166783.22	MARF1	0.0240531	3.35626	0.367667
mRNA_MEturquoise	ENSG00000095002.15	MSH2	0.0240498	1.52045	0.257345
mRNA_MEturquoise	ENSG00000163743.13	RCHY1	0.0240486	2.28929	0.38547
mRNA_MEturquoise	ENSG00000111358.14	GTF2H3	0.0240409	2.66404	0.326915
mRNA_MEturquoise	ENSG00000095139.14	ARCN1	0.024037	5.52204	0.305009
mRNA_MEturquoise	ENSG00000213079.10	SCAF8	0.0240358	2.91689	0.33227
mRNA_MEturquoise	ENSG00000171469.11	ZNF561	0.0240357	2.68776	0.360001
mRNA_MEturquoise	ENSG00000159082.18	SYNJ1	0.0240217	1.93575	0.31544
mRNA_MEturquoise	ENSG00000102572.15	STK24	0.024005	2.52645	0.381472
mRNA_MEturquoise	ENSG00000198887.9	SMC5	0.0239883	2.55324	0.375749
mRNA_MEturquoise	ENSG00000125944.21	HNRNPR	0.02396	3.69259	0.309393
mRNA_MEturquoise	ENSG00000164961.16	WASHC5	0.0239441	3.47354	0.406957
mRNA_MEturquoise	ENSG00000101544.9	ADNP2	0.0239385	2.58762	0.38629
mRNA_MEturquoise	ENSG00000163312.11	HELQ	0.0239299	2.22471	0.297513
mRNA_MEturquoise	ENSG00000102908.22	NFAT5	0.0239274	2.11322	0.47339
mRNA_MEturquoise	ENSG00000066422.5	ZBTB11	0.023913	2.2163	0.313934
mRNA_MEturquoise	ENSG00000108599.15	AKAP10	0.0239118	3.03098	0.298467
mRNA_MEturquoise	ENSG00000079482.13	OPHN1	0.0238951	1.03766	0.299938
mRNA_MEturquoise	ENSG00000115561.16	CHMP3	0.0238927	3.5005	0.33022
mRNA_MEturquoise	ENSG00000113595.15	TRIM23	0.0238917	2.51979	0.427306
mRNA_MEturquoise	ENSG00000168944.17	CEP120	0.0238879	1.93031	0.355562
mRNA_MEturquoise	ENSG00000164144.16	ARFIP1	0.0238831	3.32536	0.296656
mRNA_MEturquoise	ENSG00000116903.7	EXOC8	0.0238781	2.3665	0.368343
mRNA_MEturquoise	ENSG00000095574.12	IKZF5	0.023869	2.5205	0.367116
mRNA_MEturquoise	ENSG00000126858.18	RHOT1	0.0238688	2.82753	0.290348
mRNA_MEturquoise	ENSG00000185728.17	YTHDF3	0.0238645	3.93013	0.394569
mRNA_MEturquoise	ENSG00000198315.11	ZKSCAN8	0.0238588	2.67999	0.352012
mRNA_MEturquoise	ENSG00000014123.10	UFL1	0.0238416	3.74457	0.425714
mRNA_MEturquoise	ENSG00000156162.16	DPY19L4	0.023837	2.45189	0.415218
mRNA_MEturquoise	ENSG00000148153.14	INIP	0.0238227	2.83398	0.324679
mRNA_MEturquoise	ENSG00000141219.15	C17orf80	0.0238217	2.38434	0.292099
mRNA_MEturquoise	ENSG00000117597.18	UTP25	0.0238213	1.99752	0.333095
mRNA_MEturquoise	ENSG00000144036.16	EXOC6B	0.0238176	2.12565	0.308773
mRNA_MEturquoise	ENSG00000124151.19	NCOA3	0.0238061	2.98775	0.455959
mRNA_MEturquoise	ENSG00000071537.14	SEL1L	0.0237975	4.1617	0.498826
mRNA_MEturquoise	ENSG00000101868.13	POLA1	0.0237975	1.08984	0.215268
mRNA_MEturquoise	ENSG00000152291.14	TGOLN2	0.0237935	6.08817	0.445626
mRNA_MEturquoise	ENSG00000129083.13	COPB1	0.0237852	4.81588	0.329868
mRNA_MEturquoise	ENSG00000005812.11	FBXL3	0.0237789	3.18834	0.440743
mRNA_MEturquoise	ENSG00000141447.18	OSBPL1A	0.0237719	3.25964	0.586887
mRNA_MEturquoise	ENSG00000170903.11	MSANTD4	0.0237656	2.22069	0.357093
mRNA_MEturquoise	ENSG00000115839.18	RAB3GAP1	0.0237653	3.66655	0.27416
mRNA_MEturquoise	ENSG00000128923.11	MINDY2	0.0237637	2.62127	0.457019
mRNA_MEturquoise	ENSG00000129534.14	MIS18BP1	0.0237593	1.82814	0.408943
mRNA_MEturquoise	ENSG00000064313.12	TAF2	0.0237421	2.49168	0.345189
mRNA_MEturquoise	ENSG00000139687.16	RB1	0.0237411	4.11524	0.419765
mRNA_MEturquoise	ENSG00000113838.13	TBCCD1	0.0237271	2.08922	0.314026
mRNA_MEturquoise	ENSG00000137177.20	KIF13A	0.02372	2.51815	0.39366
mRNA_MEturquoise	ENSG00000008282.9	SYPL1	0.0237148	5.79177	0.457448
mRNA_MEturquoise	ENSG00000137040.10	RANBP6	0.0237046	2.78959	0.393721
mRNA_MEturquoise	ENSG00000170802.16	FOXN2	0.023697	2.58045	0.446391
mRNA_MEturquoise	ENSG00000198898.14	CAPZA2	0.0236945	4.38456	0.440145
mRNA_MEturquoise	ENSG00000113638.14	TTC33	0.0236926	1.96514	0.336237
mRNA_MEturquoise	ENSG00000004766.17	VPS50	0.0236921	1.83166	0.303906
mRNA_MEturquoise	ENSG00000164347.18	GFM2	0.0236583	2.63769	0.49289
mRNA_MEturquoise	ENSG00000112851.15	ERBIN	0.0236568	3.58829	0.353204
mRNA_MEturquoise	ENSG00000066654.14	THUMPD1	0.0236339	3.44939	0.307292
mRNA_MEturquoise	ENSG00000076685.19	NT5C2	0.0236271	1.60672	0.348831
mRNA_MEturquoise	ENSG00000071073.13	MGAT4A	0.0236258	3.31847	0.505678
mRNA_MEturquoise	ENSG00000110367.13	DDX6	0.0236195	3.91086	0.321465
mRNA_MEturquoise	ENSG00000009413.16	REV3L	0.0236191	1.66639	0.370367
mRNA_MEturquoise	ENSG00000077380.16	DYNC1I2	0.0236076	4.13553	0.299738
mRNA_MEturquoise	ENSG00000129515.20	SNX6	0.0235975	4.08724	0.486544
mRNA_MEturquoise	ENSG00000112972.15	HMGCS1	0.0235888	2.49012	0.447079
mRNA_MEturquoise	ENSG00000127995.17	CASD1	0.0235745	2.91558	0.351277
mRNA_MEturquoise	ENSG00000121486.12	TRMT1L	0.0235702	3.05293	0.396687
mRNA_MEturquoise	ENSG00000198538.11	ZNF28	0.0235628	2.02802	0.366082
mRNA_MEturquoise	ENSG00000170242.19	USP47	0.0235566	2.15396	0.354316
mRNA_MEturquoise	ENSG00000162852.14	CNST	0.023547	2.67837	0.373043
mRNA_MEturquoise	ENSG00000107036.12	RIC1	0.0235429	2.21189	0.33979
mRNA_MEturquoise	ENSG00000112624.12	BICRAL	0.023529	2.53782	0.41155
mRNA_MEturquoise	ENSG00000124333.16	VAMP7	0.0235277	4.24808	0.332975
mRNA_MEturquoise	ENSG00000099246.17	RAB18	0.0235208	3.90366	0.324055
mRNA_MEturquoise	ENSG00000187079.20	TEAD1	0.0235115	3.35752	0.408026
mRNA_MEturquoise	ENSG00000075089.9	ACTR6	0.0235104	2.74504	0.309338
mRNA_MEturquoise	ENSG00000152133.16	GPATCH11	0.0235087	2.2179	0.299894
mRNA_MEturquoise	ENSG00000115966.17	ATF2	0.0235079	3.61817	0.301942
mRNA_MEturquoise	ENSG00000204406.14	MBD5	0.0235039	1.06605	0.196294
mRNA_MEturquoise	ENSG00000038210.14	PI4K2B	0.0234948	2.76165	0.36307
mRNA_MEturquoise	ENSG00000127914.18	AKAP9	0.0234922	2.26202	0.463456
mRNA_MEturquoise	ENSG00000275052.5	PPP4R3B	0.0234901	4.05562	0.372133
mRNA_MEturquoise	ENSG00000181704.12	YIPF6	0.0234818	3.27721	0.290994
mRNA_MEturquoise	ENSG00000109189.13	USP46	0.0234682	1.45613	0.298487
mRNA_MEturquoise	ENSG00000109787.13	KLF3	0.0234618	3.359	0.378957
mRNA_MEturquoise	ENSG00000198824.7	CHAMP1	0.0234601	2.22737	0.35276
mRNA_MEturquoise	ENSG00000014824.14	SLC30A9	0.0234595	3.61615	0.469554
mRNA_MEturquoise	ENSG00000116668.13	SWT1	0.0234564	1.83793	0.367732
mRNA_MEturquoise	ENSG00000119446.14	RBM18	0.0234384	2.83394	0.334928
mRNA_MEturquoise	ENSG00000136754.18	ABI1	0.0234363	3.99199	0.311075
mRNA_MEturquoise	ENSG00000119285.11	HEATR1	0.0234351	2.24117	0.402615
mRNA_MEturquoise	ENSG00000147533.17	GOLGA7	0.02343	2.58571	0.468264
mRNA_MEturquoise	ENSG00000102893.16	PHKB	0.0234294	2.99837	0.329994
mRNA_MEturquoise	ENSG00000119041.11	GTF3C3	0.0234264	2.37141	0.297136
mRNA_MEturquoise	ENSG00000076053.12	RBM7	0.0234141	2.03085	0.34908
mRNA_MEturquoise	ENSG00000135049.16	AGTPBP1	0.0234024	2.31045	0.385758
mRNA_MEturquoise	ENSG00000173889.16	PHC3	0.0233849	2.44641	0.330132
mRNA_MEturquoise	ENSG00000106780.9	MEGF9	0.023377	2.89243	0.540348
mRNA_MEturquoise	ENSG00000153561.13	RMND5A	0.0233678	3.51889	0.429213
mRNA_MEturquoise	ENSG00000105887.11	MTPN	0.0233634	5.7535	0.446527
mRNA_MEturquoise	ENSG00000001561.7	ENPP4	0.0233527	3.33372	0.600805
mRNA_MEturquoise	ENSG00000180228.14	PRKRA	0.0233515	1.52432	0.242792
mRNA_MEturquoise	ENSG00000125630.16	POLR1B	0.0233497	2.21333	0.319404
mRNA_MEturquoise	ENSG00000196455.8	PIK3R4	0.0233429	2.91649	0.348507
mRNA_MEturquoise	ENSG00000198836.11	OPA1	0.0233358	3.05449	0.353556
mRNA_MEturquoise	ENSG00000197782.14	ZNF780A	0.0233322	1.36715	0.300689
mRNA_MEturquoise	ENSG00000197323.12	TRIM33	0.0233269	2.57216	0.290834
mRNA_MEturquoise	ENSG00000101557.15	USP14	0.0233254	3.45226	0.315171
mRNA_MEturquoise	ENSG00000154767.15	XPC	0.0233202	2.60589	0.475522
mRNA_MEturquoise	ENSG00000198455.4	ZXDB	0.0233045	1.88386	0.304661
mRNA_MEturquoise	ENSG00000138686.10	BBS7	0.023297	2.09281	0.337173
mRNA_MEturquoise	ENSG00000071243.16	ING3	0.0232799	2.20287	0.395899
mRNA_MEturquoise	ENSG00000143889.16	HNRNPLL	0.0232598	2.60793	0.344993
mRNA_MEturquoise	ENSG00000167325.15	RRM1	0.0232593	3.4704	0.401576
mRNA_MEturquoise	ENSG00000139842.15	CUL4A	0.0232589	3.43581	0.297109
mRNA_MEturquoise	ENSG00000067064.11	IDI1	0.023254	2.87588	0.394323
mRNA_MEturquoise	ENSG00000273749.5	CYFIP1	0.0232428	3.97931	0.355959
mRNA_MEturquoise	ENSG00000171262.11	FAM98B	0.0232425	2.62117	0.259653
mRNA_MEturquoise	ENSG00000135945.10	REV1	0.0232346	2.21949	0.313791
mRNA_MEturquoise	ENSG00000116406.19	EDEM3	0.0232286	2.96402	0.383192
mRNA_MEturquoise	ENSG00000075303.13	SLC25A40	0.0232256	2.39858	0.417684
mRNA_MEturquoise	ENSG00000198876.13	DCAF12	0.0231925	3.61273	0.322458
mRNA_MEturquoise	ENSG00000139697.14	SBNO1	0.0231902	2.58624	0.32056
mRNA_MEturquoise	ENSG00000139826.6	ABHD13	0.0231811	2.28316	0.32026
mRNA_MEturquoise	ENSG00000141627.14	DYM	0.023181	2.33684	0.30639
mRNA_MEturquoise	ENSG00000066084.13	DIP2B	0.023175	2.66443	0.369202
mRNA_MEturquoise	ENSG00000112249.14	ASCC3	0.0231733	2.28004	0.399901
mRNA_MEturquoise	ENSG00000110713.17	NUP98	0.0231679	3.38308	0.320032
mRNA_MEturquoise	ENSG00000139517.9	LNX2	0.023154	2.51929	0.455394
mRNA_MEturquoise	ENSG00000145725.20	PPIP5K2	0.0231504	2.08741	0.35393
mRNA_MEturquoise	ENSG00000107643.16	MAPK8	0.0231495	2.09562	0.293435
mRNA_MEturquoise	ENSG00000165832.6	TRUB1	0.0231469	2.92773	0.462527
mRNA_MEturquoise	ENSG00000163322.14	ABRAXAS1	0.0231466	1.18546	0.411348
mRNA_MEturquoise	ENSG00000133703.13	KRAS	0.0231463	2.84836	0.330641
mRNA_MEturquoise	ENSG00000179295.18	PTPN11	0.023137	4.23347	0.40692
mRNA_MEturquoise	ENSG00000112305.15	SMAP1	0.0231315	1.34999	0.295968
mRNA_MEturquoise	ENSG00000023287.13	RB1CC1	0.0231237	3.13503	0.347724
mRNA_MEturquoise	ENSG00000104154.7	SLC30A4	0.023123	1.49228	0.263985
mRNA_MEturquoise	ENSG00000148481.14	MINDY3	0.0231206	2.78831	0.328255
mRNA_MEturquoise	ENSG00000177189.14	RPS6KA3	0.0231168	3.22036	0.429714
mRNA_MEturquoise	ENSG00000158290.18	CUL4B	0.0231134	3.71816	0.389148
mRNA_MEturquoise	ENSG00000055332.18	EIF2AK2	0.0231114	2.91448	0.344439
mRNA_MEturquoise	ENSG00000149311.19	ATM	0.0231075	2.22545	0.379359
mRNA_MEturquoise	ENSG00000124486.13	USP9X	0.0230973	3.70523	0.424955
mRNA_MEturquoise	ENSG00000137628.17	DDX60	0.0230971	3.00375	0.562586
mRNA_MEturquoise	ENSG00000113161.16	HMGCR	0.0230886	2.55695	0.396322
mRNA_MEturquoise	ENSG00000168288.13	MMADHC	0.0230841	5.07685	0.384593
mRNA_MEturquoise	ENSG00000117505.13	DR1	0.0230772	2.80504	0.295015
mRNA_MEturquoise	ENSG00000136628.18	EPRS1	0.0230735	4.67676	0.439424
mRNA_MEturquoise	ENSG00000080561.14	MID2	0.0230519	1.98541	0.373947
mRNA_MEturquoise	ENSG00000075539.15	FRYL	0.023043	2.38595	0.359731
mRNA_MEturquoise	ENSG00000152484.14	USP12	0.0230417	3.50802	0.38513
mRNA_MEturquoise	ENSG00000138758.12	SEPTIN11	0.0230283	4.22684	0.406214
mRNA_MEturquoise	ENSG00000139323.14	POC1B	0.0230268	1.76344	0.297272
mRNA_MEturquoise	ENSG00000163625.16	WDFY3	0.0230141	2.87668	0.444977
mRNA_MEturquoise	ENSG00000165476.14	REEP3	0.023014	3.6892	0.430373
mRNA_MEturquoise	ENSG00000118412.13	CASP8AP2	0.0230101	1.50702	0.285193
mRNA_MEturquoise	ENSG00000196646.12	ZNF136	0.0230055	1.74213	0.262612
mRNA_MEturquoise	ENSG00000155304.6	HSPA13	0.0229921	3.86614	0.517022
mRNA_MEturquoise	ENSG00000175104.15	TRAF6	0.0229706	2.20033	0.294198
mRNA_MEturquoise	ENSG00000112697.17	TMEM30A	0.0229702	5.42358	0.440968
mRNA_MEturquoise	ENSG00000055208.19	TAB2	0.0229688	3.78593	0.44709
mRNA_MEturquoise	ENSG00000147679.12	UTP23	0.0229685	2.0671	0.289162
mRNA_MEturquoise	ENSG00000005175.10	RPAP3	0.0229669	2.29779	0.25735
mRNA_MEturquoise	ENSG00000183475.13	ASB7	0.0229644	2.26238	0.24824
mRNA_MEturquoise	ENSG00000151779.13	NBAS	0.0229602	2.96457	0.362977
mRNA_MEturquoise	ENSG00000166454.10	ATMIN	0.0229491	3.59938	0.296651
mRNA_MEturquoise	ENSG00000120733.14	KDM3B	0.0229484	3.94038	0.378527
mRNA_MEturquoise	ENSG00000112144.16	CILK1	0.0229429	2.41427	0.355927
mRNA_MEturquoise	ENSG00000068784.13	SRBD1	0.0229375	2.3429	0.307047
mRNA_MEturquoise	ENSG00000020922.13	MRE11	0.0229253	2.0795	0.254313
mRNA_MEturquoise	ENSG00000146802.13	TMEM168	0.0229237	2.40148	0.306979
mRNA_MEturquoise	ENSG00000196110.8	ZNF699	0.0229112	1.09908	0.296824
mRNA_MEturquoise	ENSG00000142875.19	PRKACB	0.0229094	3.34472	0.478701
mRNA_MEturquoise	ENSG00000112062.11	MAPK14	0.0228871	3.39811	0.343654
mRNA_MEturquoise	ENSG00000113163.18	CERT1	0.0228606	2.4784	0.370867
mRNA_MEturquoise	ENSG00000169519.21	METTL15	0.0228583	1.57656	0.224078
mRNA_MEturquoise	ENSG00000177076.6	ACER2	0.0228507	1.52727	0.528351
mRNA_MEturquoise	ENSG00000250722.6	SELENOP	0.0228439	3.81004	0.830028
mRNA_MEturquoise	ENSG00000197563.11	PIGN	0.0228408	1.20569	0.24413
mRNA_MEturquoise	ENSG00000101126.18	ADNP	0.0228321	3.8009	0.257428
mRNA_MEturquoise	ENSG00000172007.7	RAB33B	0.0228295	2.23288	0.360958
mRNA_MEturquoise	ENSG00000125249.7	RAP2A	0.0228235	3.73502	0.474936
mRNA_MEturquoise	ENSG00000213516.10	RBMXL1	0.0228228	2.17924	0.335288
mRNA_MEturquoise	ENSG00000120519.15	SLC10A7	0.0228214	1.3766	0.222954
mRNA_MEturquoise	ENSG00000131931.8	THAP1	0.0228118	2.1894	0.300544
mRNA_MEturquoise	ENSG00000136143.16	SUCLA2	0.0228057	2.53284	0.433839
mRNA_MEturquoise	ENSG00000114439.19	BBX	0.0228048	2.88543	0.445303
mRNA_MEturquoise	ENSG00000072736.19	NFATC3	0.0228006	1.85941	0.378758
mRNA_MEturquoise	ENSG00000146676.10	PURB	0.0227738	3.35784	0.388426
mRNA_MEturquoise	ENSG00000110066.15	KMT5B	0.0227718	2.84609	0.269067
mRNA_MEturquoise	ENSG00000158636.16	EMSY	0.0227679	1.48789	0.231492
mRNA_MEturquoise	ENSG00000101574.15	METTL4	0.0227596	1.61391	0.301015
mRNA_MEturquoise	ENSG00000151694.14	ADAM17	0.0227571	1.90032	0.311437
mRNA_MEturquoise	ENSG00000048405.10	ZNF800	0.0227553	2.47458	0.318975
mRNA_MEturquoise	ENSG00000108021.20	TASOR2	0.0227483	2.52593	0.359039
mRNA_MEturquoise	ENSG00000171466.10	ZNF562	0.022742	1.43777	0.280739
mRNA_MEturquoise	ENSG00000138760.10	SCARB2	0.0227399	4.14823	0.335647
mRNA_MEturquoise	ENSG00000157538.14	VPS26C	0.0227377	3.08537	0.376286
mRNA_MEturquoise	ENSG00000189079.17	ARID2	0.0227343	2.09667	0.284783
mRNA_MEturquoise	ENSG00000168036.18	CTNNB1	0.022731	4.89081	0.514272
mRNA_MEturquoise	ENSG00000168564.6	CDKN2AIP	0.0227219	2.79434	0.338296
mRNA_MEturquoise	ENSG00000135250.17	SRPK2	0.0227199	2.5773	0.34856
mRNA_MEturquoise	ENSG00000175087.10	PDIK1L	0.0227189	1.79341	0.307363
mRNA_MEturquoise	ENSG00000048028.11	USP28	0.0227113	2.24629	0.307706
mRNA_MEturquoise	ENSG00000164164.17	OTUD4	0.0227015	2.85566	0.33482
mRNA_MEturquoise	ENSG00000112893.9	MAN2A1	0.0226981	3.05197	0.514081
mRNA_MEturquoise	ENSG00000107625.13	DDX50	0.0226965	4.08198	0.366778
mRNA_MEturquoise	ENSG00000180488.15	MIGA1	0.0226875	2.53482	0.417661
mRNA_MEturquoise	ENSG00000138071.14	ACTR2	0.0226806	6.0401	0.42283
mRNA_MEturquoise	ENSG00000138078.16	PREPL	0.0226799	3.42783	0.406954
mRNA_MEturquoise	ENSG00000198060.10	MARCHF5	0.0226759	3.11212	0.321918
mRNA_MEturquoise	ENSG00000105849.6	POLR1F	0.0226739	2.76482	0.352623
mRNA_MEturquoise	ENSG00000172869.14	DMXL1	0.0226666	2.65559	0.478535
mRNA_MEturquoise	ENSG00000137845.15	ADAM10	0.0226663	3.5745	0.375687
mRNA_MEturquoise	ENSG00000137992.14	DBT	0.0226528	1.91207	0.334623
mRNA_MEturquoise	ENSG00000017260.20	ATP2C1	0.0226422	3.85594	0.405057
mRNA_MEturquoise	ENSG00000175105.8	ZNF654	0.0226418	2.05828	0.405985
mRNA_MEturquoise	ENSG00000170832.13	USP32	0.0226397	2.62032	0.310289
mRNA_MEturquoise	ENSG00000118816.11	CCNI	0.0226377	6.80494	0.530062
mRNA_MEturquoise	ENSG00000165650.12	PDZD8	0.0226371	2.72748	0.510313
mRNA_MEturquoise	ENSG00000196233.14	LCOR	0.0226355	1.15935	0.213598
mRNA_MEturquoise	ENSG00000008294.21	SPAG9	0.0226313	3.8182	0.489194
mRNA_MEturquoise	ENSG00000146085.8	MMUT	0.0226209	3.74195	0.549361
mRNA_MEturquoise	ENSG00000185127.6	C6orf120	0.02261	3.30283	0.475376
mRNA_MEturquoise	ENSG00000141646.14	SMAD4	0.0226045	2.67832	0.334492
mRNA_MEturquoise	ENSG00000114127.11	XRN1	0.022604	2.41621	0.386973
mRNA_MEturquoise	ENSG00000168116.14	KIAA1586	0.0225994	1.81863	0.314626
mRNA_MEturquoise	ENSG00000185716.12	MOSMO	0.0225958	1.82355	0.285072
mRNA_MEturquoise	ENSG00000102580.15	DNAJC3	0.0225859	4.60219	0.414862
mRNA_MEturquoise	ENSG00000164163.11	ABCE1	0.0225749	3.13792	0.328047
mRNA_MEturquoise	ENSG00000110768.12	GTF2H1	0.0225723	2.68738	0.301844
mRNA_MEturquoise	ENSG00000100281.14	HMGXB4	0.0225688	2.21384	0.280047
mRNA_MEturquoise	ENSG00000129636.13	ITFG1	0.0225603	3.34874	0.40911
mRNA_MEturquoise	ENSG00000156136.10	DCK	0.0225599	2.99105	0.454108
mRNA_MEturquoise	ENSG00000197841.15	ZNF181	0.0225578	1.61061	0.291181
mRNA_MEturquoise	ENSG00000196865.4	NHLRC2	0.0225569	2.26223	0.267484
mRNA_MEturquoise	ENSG00000164169.13	PRMT9	0.0225566	1.93074	0.298828
mRNA_MEturquoise	ENSG00000164944.12	VIRMA	0.022551	2.80167	0.322724
mRNA_MEturquoise	ENSG00000197601.13	FAR1	0.022549	2.90735	0.324863
mRNA_MEturquoise	ENSG00000122068.13	FYTTD1	0.0225483	3.36909	0.359503
mRNA_MEturquoise	ENSG00000166946.14	CCNDBP1	0.0225381	3.3062	0.359102
mRNA_MEturquoise	ENSG00000180182.11	MED14	0.0225376	2.85836	0.346735
mRNA_MEturquoise	ENSG00000117036.12	ETV3	0.0225169	2.46936	0.378191
mRNA_MEturquoise	ENSG00000119906.13	SLF2	0.0225044	2.40114	0.329236
mRNA_MEturquoise	ENSG00000133104.14	SPART	0.022496	4.05832	0.455663
mRNA_MEturquoise	ENSG00000055147.19	FAM114A2	0.0224951	2.54892	0.292104
mRNA_MEturquoise	ENSG00000137414.6	FAM8A1	0.0224923	3.84878	0.376684
mRNA_MEturquoise	ENSG00000109971.14	HSPA8	0.022491	7.32008	0.63365
mRNA_MEturquoise	ENSG00000102401.20	ARMCX3	0.0224872	4.15606	0.380111
mRNA_MEturquoise	ENSG00000138286.15	FAM149B1	0.0224841	2.01925	0.285541
mRNA_MEturquoise	ENSG00000057608.17	GDI2	0.0224803	6.13844	0.39398
mRNA_MEturquoise	ENSG00000197579.8	TOPORS	0.0224717	2.80973	0.365914
mRNA_MEturquoise	ENSG00000117222.14	RBBP5	0.0224612	2.90167	0.304397
mRNA_MEturquoise	ENSG00000115137.12	DNAJC27	0.0224571	1.44121	0.280688
mRNA_MEturquoise	ENSG00000134278.15	SPIRE1	0.0224557	3.11112	0.669931
mRNA_MEturquoise	ENSG00000162688.17	AGL	0.0224531	2.40598	0.437941
mRNA_MEturquoise	ENSG00000025800.14	KPNA6	0.0224402	3.40462	0.308417
mRNA_MEturquoise	ENSG00000198551.10	ZNF627	0.0224388	2.53464	0.39016
mRNA_MEturquoise	ENSG00000110330.8	BIRC2	0.0224236	4.04223	0.395542
mRNA_MEturquoise	ENSG00000132549.18	VPS13B	0.0224226	1.91721	0.415754
mRNA_MEturquoise	ENSG00000085382.12	HACE1	0.02242	1.33182	0.288983
mRNA_MEturquoise	ENSG00000138698.15	RAP1GDS1	0.0224084	2.86459	0.295858
mRNA_MEturquoise	ENSG00000127081.14	ZNF484	0.0223923	1.20341	0.266547
mRNA_MEturquoise	ENSG00000138459.9	SLC35A5	0.0223913	3.25734	0.400385
mRNA_MEturquoise	ENSG00000178385.15	PLEKHM3	0.0223906	1.50862	0.329514
mRNA_MEturquoise	ENSG00000066777.9	ARFGEF1	0.0223753	2.7796	0.398599
mRNA_MEturquoise	ENSG00000132405.19	TBC1D14	0.0223665	2.33686	0.675149
mRNA_MEturquoise	ENSG00000138386.17	NAB1	0.0223656	3.49342	0.415767
mRNA_MEturquoise	ENSG00000109775.11	UFSP2	0.0223609	3.50362	0.472543
mRNA_MEturquoise	ENSG00000196678.14	ERI2	0.0223459	1.28289	0.281171
mRNA_MEturquoise	ENSG00000118922.17	KLF12	0.0223354	2.11777	0.413963
mRNA_MEturquoise	ENSG00000165156.15	ZHX1	0.0223313	2.7552	0.430185
mRNA_MEturquoise	ENSG00000134444.15	RELCH	0.0223297	1.9948	0.281963
mRNA_MEturquoise	ENSG00000070018.9	LRP6	0.0223219	2.42732	0.501587
mRNA_MEturquoise	ENSG00000170448.12	NFXL1	0.0223187	1.52846	0.307912
mRNA_MEturquoise	ENSG00000253729.8	PRKDC	0.0222891	3.00488	0.48864
mRNA_MEturquoise	ENSG00000165392.11	WRN	0.0222872	1.32844	0.28631
mRNA_MEturquoise	ENSG00000163811.12	WDR43	0.0222867	3.38963	0.391659
mRNA_MEturquoise	ENSG00000134318.14	ROCK2	0.0222839	3.00565	0.390144
mRNA_MEturquoise	ENSG00000147316.13	MCPH1	0.022283	1.47132	0.240043
mRNA_MEturquoise	ENSG00000140396.13	NCOA2	0.022276	2.79743	0.432054
mRNA_MEturquoise	ENSG00000143815.15	LBR	0.0222751	3.41366	0.410704
mRNA_MEturquoise	ENSG00000179941.9	BBS10	0.0222737	2.86087	0.37571
mRNA_MEturquoise	ENSG00000062194.16	GPBP1	0.0222729	4.11045	0.299611
mRNA_MEturquoise	ENSG00000070061.16	ELP1	0.0222718	1.47049	0.257965
mRNA_MEturquoise	ENSG00000103047.8	TANGO6	0.0222685	1.84757	0.304893
mRNA_MEturquoise	ENSG00000149289.11	ZC3H12C	0.0222657	1.65567	0.390612
mRNA_MEturquoise	ENSG00000078140.14	UBE2K	0.0222616	3.97268	0.284052
mRNA_MEturquoise	ENSG00000175395.16	ZNF25	0.0222593	2.69735	0.4032
mRNA_MEturquoise	ENSG00000188994.13	ZNF292	0.0222551	2.38837	0.420962
mRNA_MEturquoise	ENSG00000257093.7	DENND11	0.022255	3.72445	0.714132
mRNA_MEturquoise	ENSG00000164327.13	RICTOR	0.0222509	2.0592	0.329163
mRNA_MEturquoise	ENSG00000088812.18	ATRN	0.0222488	3.35122	0.42421
mRNA_MEturquoise	ENSG00000135297.16	MTO1	0.0222481	1.48296	0.233575
mRNA_MEturquoise	ENSG00000108395.14	TRIM37	0.0222469	2.22949	0.334958
mRNA_MEturquoise	ENSG00000011566.15	MAP4K3	0.0222442	2.68915	0.335482
mRNA_MEturquoise	ENSG00000012174.12	MBTPS2	0.0222433	2.23029	0.404914
mRNA_MEturquoise	ENSG00000151422.13	FER	0.0222363	1.55899	0.333329
mRNA_MEturquoise	ENSG00000106460.19	TMEM106B	0.0222352	2.9686	0.491545
mRNA_MEturquoise	ENSG00000151893.15	CACUL1	0.0222297	2.28491	0.283286
mRNA_MEturquoise	ENSG00000181191.12	PJA1	0.0222226	3.12792	0.420334
mRNA_MEturquoise	ENSG00000205302.7	SNX2	0.022209	3.64196	0.406339
mRNA_MEturquoise	ENSG00000175548.9	ALG10B	0.0222059	1.28225	0.267305
mRNA_MEturquoise	ENSG00000078403.17	MLLT10	0.0221972	2.11761	0.308659
mRNA_MEturquoise	ENSG00000115421.13	PAPOLG	0.0221939	1.71533	0.25691
mRNA_MEturquoise	ENSG00000131269.19	ABCB7	0.0221923	2.66375	0.347811
mRNA_MEturquoise	ENSG00000052723.12	SIKE1	0.0221907	2.73703	0.275788
mRNA_MEturquoise	ENSG00000116005.12	PCYOX1	0.0221836	4.92885	0.489273
mRNA_MEturquoise	ENSG00000227345.8	PARG	0.0221706	2.13503	0.323773
mRNA_MEturquoise	ENSG00000155729.13	KCTD18	0.0221658	2.3377	0.322118
mRNA_MEturquoise	ENSG00000134987.11	WDR36	0.0221634	2.65047	0.34709
mRNA_MEturquoise	ENSG00000187240.16	DYNC2H1	0.0221624	1.56021	0.413787
mRNA_MEturquoise	ENSG00000164024.12	METAP1	0.02215	3.51496	0.323435
mRNA_MEturquoise	ENSG00000154822.18	PLCL2	0.0221496	2.25676	0.529369
mRNA_MEturquoise	ENSG00000166037.11	CEP57	0.0221452	2.32829	0.329284
mRNA_MEturquoise	ENSG00000166411.14	IDH3A	0.0221436	1.745	0.43266
mRNA_MEturquoise	ENSG00000128513.16	POT1	0.0221359	2.17842	0.382828
mRNA_MEturquoise	ENSG00000135775.14	COG2	0.0221299	1.55007	0.314614
mRNA_MEturquoise	ENSG00000165097.16	KDM1B	0.0221286	2.44217	0.461536
mRNA_MEturquoise	ENSG00000134644.16	PUM1	0.0221232	4.05487	0.283757
mRNA_MEturquoise	ENSG00000203326.12	ZNF525	0.0221182	1.22475	0.325577
mRNA_MEturquoise	ENSG00000178996.14	SNX18	0.0221141	2.8038	0.459019
mRNA_MEturquoise	ENSG00000183808.11	RBM12B	0.0221099	1.56114	0.251968
mRNA_MEturquoise	ENSG00000073921.18	PICALM	0.0221078	5.63416	0.313941
mRNA_MEturquoise	ENSG00000141446.11	ESCO1	0.0221065	2.21074	0.312471
mRNA_MEturquoise	ENSG00000021574.13	SPAST	0.0220987	1.66876	0.269513
mRNA_MEturquoise	ENSG00000054267.22	ARID4B	0.0220933	2.40549	0.3106
mRNA_MEturquoise	ENSG00000180917.18	CMTR2	0.0220879	2.19378	0.359327
mRNA_MEturquoise	ENSG00000151233.11	GXYLT1	0.0220792	2.52031	0.352209
mRNA_MEturquoise	ENSG00000155096.14	AZIN1	0.0220765	4.22394	0.402776
mRNA_MEturquoise	ENSG00000176105.14	YES1	0.0220735	3.78385	0.464359
mRNA_MEturquoise	ENSG00000115993.13	TRAK2	0.0220607	3.40999	0.408954
mRNA_MEturquoise	ENSG00000136144.12	RCBTB1	0.0220599	3.02503	0.463939
mRNA_MEturquoise	ENSG00000120800.5	UTP20	0.0220544	2.05537	0.348423
mRNA_MEturquoise	ENSG00000066557.6	LRRC40	0.0220537	3.10728	0.432608
mRNA_MEturquoise	ENSG00000145817.17	YIPF5	0.0220504	4.31861	0.454182
mRNA_MEturquoise	ENSG00000134265.13	NAPG	0.0220496	2.66162	0.314066
mRNA_MEturquoise	ENSG00000164329.13	TENT2	0.0220472	3.38803	0.348555
mRNA_MEturquoise	ENSG00000152242.11	C18orf25	0.0220348	2.18469	0.284477
mRNA_MEturquoise	ENSG00000109332.20	UBE2D3	0.0220342	4.86944	0.308893
mRNA_MEturquoise	ENSG00000130935.10	NOL11	0.0220329	3.26598	0.297525
mRNA_MEturquoise	ENSG00000118200.14	CAMSAP2	0.0220307	3.15596	0.398022
mRNA_MEturquoise	ENSG00000133789.15	SWAP70	0.0220251	3.87009	0.55055
mRNA_MEturquoise	ENSG00000215717.7	TMEM167B	0.022023	4.06253	0.312647
mRNA_MEturquoise	ENSG00000166855.9	CLPX	0.0220207	3.07434	0.302792
mRNA_MEturquoise	ENSG00000109458.8	GAB1	0.022015	2.15015	0.398795
mRNA_MEturquoise	ENSG00000140598.15	EFL1	0.0220124	2.65104	0.320588
mRNA_MEturquoise	ENSG00000134758.14	RNF138	0.02201	2.62908	0.379435
mRNA_MEturquoise	ENSG00000197056.11	ZMYM1	0.0220063	1.54439	0.260956
mRNA_MEturquoise	ENSG00000115827.14	DCAF17	0.022005	1.67025	0.265774
mRNA_MEturquoise	ENSG00000105968.19	H2AZ2	0.022003	4.66858	0.314675
mRNA_MEturquoise	ENSG00000197050.11	ZNF420	0.0220008	1.57594	0.301749
mRNA_MEturquoise	ENSG00000114744.9	COMMD2	0.0219943	3.12642	0.360835
mRNA_MEturquoise	ENSG00000114796.16	KLHL24	0.0219905	3.28148	0.414922
mRNA_MEturquoise	ENSG00000198382.9	UVRAG	0.0219818	2.46293	0.29071
mRNA_MEturquoise	ENSG00000164244.21	PRRC1	0.0219671	3.42471	0.330066
mRNA_MEturquoise	ENSG00000122741.16	DCAF10	0.0219669	2.53664	0.313202
mRNA_MEturquoise	ENSG00000111266.9	DUSP16	0.0219595	2.91725	0.391597
mRNA_MEturquoise	ENSG00000069329.18	VPS35	0.0219578	4.01661	0.349929
mRNA_MEturquoise	ENSG00000136152.15	COG3	0.0219508	2.58417	0.308465
mRNA_MEturquoise	ENSG00000174485.16	DENND4A	0.0219487	2.26721	0.361859
mRNA_MEturquoise	ENSG00000182952.5	HMGN4	0.0219447	5.36066	0.370091
mRNA_MEturquoise	ENSG00000161048.11	NAPEPLD	0.021933	2.2056	0.429498
mRNA_MEturquoise	ENSG00000011260.14	UTP18	0.021921	3.48249	0.365003
mRNA_MEturquoise	ENSG00000119318.13	RAD23B	0.0219181	4.93146	0.319402
mRNA_MEturquoise	ENSG00000146281.6	PM20D2	0.0219162	2.69737	0.536419
mRNA_MEturquoise	ENSG00000009844.16	VTA1	0.0219037	2.66425	0.328272
mRNA_MEturquoise	ENSG00000111605.18	CPSF6	0.0218967	3.09813	0.229503
mRNA_MEturquoise	ENSG00000156017.13	CARNMT1	0.0218842	2.45472	0.331091
mRNA_MEturquoise	ENSG00000136738.15	STAM	0.0218809	2.7894	0.299878
mRNA_MEturquoise	ENSG00000164209.17	SLC25A46	0.021879	3.11946	0.389885
mRNA_MEturquoise	ENSG00000178229.8	ZNF543	0.0218686	1.36726	0.287751
mRNA_MEturquoise	ENSG00000145391.13	SETD7	0.0218604	3.1143	0.472354
mRNA_MEturquoise	ENSG00000121274.14	TENT4B	0.0218598	1.8537	0.304574
mRNA_MEturquoise	ENSG00000184517.12	ZFP1	0.021845	2.1542	0.332747
mRNA_MEturquoise	ENSG00000164463.12	CREBRF	0.021843	2.59505	0.388737
mRNA_MEturquoise	ENSG00000143437.21	ARNT	0.0218418	3.51319	0.292126
mRNA_MEturquoise	ENSG00000211460.12	TSN	0.0218357	4.24608	0.305664
mRNA_MEturquoise	ENSG00000169251.13	NMD3	0.0218222	3.82375	0.448839
mRNA_MEturquoise	ENSG00000168769.14	TET2	0.021819	1.5501	0.28414
mRNA_MEturquoise	ENSG00000083097.14	DOP1A	0.0218081	1.69362	0.329648
mRNA_MEturquoise	ENSG00000196305.18	IARS1	0.0218078	3.83227	0.439281
mRNA_MEturquoise	ENSG00000092439.16	TRPM7	0.0218008	2.22855	0.44747
mRNA_MEturquoise	ENSG00000142892.15	PIGK	0.0217984	3.23749	0.358227
mRNA_MEturquoise	ENSG00000123091.5	RNF11	0.0217946	5.30276	0.404743
mRNA_MEturquoise	ENSG00000168566.13	SNRNP48	0.0217853	1.93569	0.340582
mRNA_MEturquoise	ENSG00000132669.13	RIN2	0.0217787	3.5534	0.43
mRNA_MEturquoise	ENSG00000197429.11	IPP	0.0217775	2.12493	0.370258
mRNA_MEturquoise	ENSG00000188295.15	ZNF669	0.0217771	1.36098	0.337448
mRNA_MEturquoise	ENSG00000167528.13	ZNF641	0.0217699	2.14517	0.299211
mRNA_MEturquoise	ENSG00000198160.15	MIER1	0.0217679	2.86849	0.338745
mRNA_MEturquoise	ENSG00000061987.16	MON2	0.0217587	2.24662	0.295006
mRNA_MEturquoise	ENSG00000118620.13	ZNF430	0.0217466	1.1606	0.247043
mRNA_MEturquoise	ENSG00000153936.17	HS2ST1	0.0217454	3.0687	0.365488
mRNA_MEturquoise	ENSG00000102753.10	KPNA3	0.0217338	3.4191	0.372743
mRNA_MEturquoise	ENSG00000164073.11	MFSD8	0.021733	1.77164	0.312853
mRNA_MEturquoise	ENSG00000164576.12	SAP30L	0.0217293	3.25364	0.397235
mRNA_MEturquoise	ENSG00000204120.16	GIGYF2	0.0217283	2.64181	0.344957
mRNA_MEturquoise	ENSG00000155545.20	MIER3	0.0217185	2.46236	0.378878
mRNA_MEturquoise	ENSG00000063046.18	EIF4B	0.0217158	6.28053	0.560116
mRNA_MEturquoise	ENSG00000084733.11	RAB10	0.0217128	5.48894	0.316377
mRNA_MEturquoise	ENSG00000175895.4	PLEKHF2	0.0217046	3.2915	0.465737
mRNA_MEturquoise	ENSG00000217128.12	FNIP1	0.0216936	2.69171	0.389687
mRNA_MEturquoise	ENSG00000110395.7	CBL	0.0216903	2.44023	0.376173
mRNA_MEturquoise	ENSG00000171055.15	FEZ2	0.0216877	2.70231	0.331535
mRNA_MEturquoise	ENSG00000125703.15	ATG4C	0.0216813	2.60433	0.332726
mRNA_MEturquoise	ENSG00000168385.18	SEPTIN2	0.0216796	5.74388	0.332536
mRNA_MEturquoise	ENSG00000107164.16	FUBP3	0.0216682	3.2215	0.302245
mRNA_MEturquoise	ENSG00000198663.17	C6orf89	0.0216634	4.22477	0.31237
mRNA_MEturquoise	ENSG00000185658.14	BRWD1	0.0216627	1.95568	0.261131
mRNA_MEturquoise	ENSG00000166046.11	TCP11L2	0.0216575	1.37467	0.354166
mRNA_MEturquoise	ENSG00000018510.17	AGPS	0.0216517	3.34214	0.446276
mRNA_MEturquoise	ENSG00000164180.14	TMEM161B	0.0216327	1.49609	0.330575
mRNA_MEturquoise	ENSG00000170385.10	SLC30A1	0.021626	3.69765	0.531665
mRNA_MEturquoise	ENSG00000072134.15	EPN2	0.0216139	1.5298	0.350574
mRNA_MEturquoise	ENSG00000162613.17	FUBP1	0.0216134	3.71308	0.31214
mRNA_MEturquoise	ENSG00000003393.15	ALS2	0.0216072	2.00963	0.292545
mRNA_MEturquoise	ENSG00000138660.12	AP1AR	0.0215978	2.52574	0.406345
mRNA_MEturquoise	ENSG00000138614.15	INTS14	0.0215973	3.36439	0.251389
mRNA_MEturquoise	ENSG00000102158.20	MAGT1	0.0215941	4.6531	0.408981
mRNA_MEturquoise	ENSG00000156958.15	GALK2	0.0215908	1.85691	0.361894
mRNA_MEturquoise	ENSG00000140526.18	ABHD2	0.0215868	3.57816	0.640618
mRNA_MEturquoise	ENSG00000130962.18	PRRG1	0.02158	1.93475	0.382
mRNA_MEturquoise	ENSG00000205765.9	C5orf51	0.0215786	3.01306	0.290408
mRNA_MEturquoise	ENSG00000141198.16	TOM1L1	0.0215699	2.60593	0.541619
mRNA_MEturquoise	ENSG00000111231.9	GPN3	0.0215663	3.10604	0.335956
mRNA_MEturquoise	ENSG00000150093.20	ITGB1	0.0215566	4.97815	0.617305
mRNA_MEturquoise	ENSG00000082516.9	GEMIN5	0.021537	2.83643	0.363394
mRNA_MEturquoise	ENSG00000144306.15	SCRN3	0.0215329	2.49244	0.357318
mRNA_MEturquoise	ENSG00000058272.19	PPP1R12A	0.0215266	2.73839	0.327199
mRNA_MEturquoise	ENSG00000135597.19	REPS1	0.0215083	1.88827	0.279466
mRNA_MEturquoise	ENSG00000256771.4	ZNF253	0.0214985	1.96047	0.361513
mRNA_MEturquoise	ENSG00000106723.17	SPIN1	0.0214928	4.724	0.385184
mRNA_MEturquoise	ENSG00000152944.9	MED21	0.0214834	3.00732	0.370908
mRNA_MEturquoise	ENSG00000113456.19	RAD1	0.0214606	2.06689	0.246318
mRNA_MEturquoise	ENSG00000165119.21	HNRNPK	0.0214597	6.63465	0.234968
mRNA_MEturquoise	ENSG00000123983.14	ACSL3	0.0214541	3.1062	0.409499
mRNA_MEturquoise	ENSG00000166004.15	CEP295	0.02145	0.900096	0.27797
mRNA_MEturquoise	ENSG00000122550.18	KLHL7	0.0214488	2.35545	0.356545
mRNA_MEturquoise	ENSG00000175893.12	ZDHHC21	0.0214277	1.75562	0.318909
mRNA_MEturquoise	ENSG00000133393.13	CEP20	0.0214025	4.20858	0.399433
mRNA_MEturquoise	ENSG00000116199.12	FAM20B	0.0214018	3.3997	0.313342
mRNA_MEturquoise	ENSG00000182504.11	CEP97	0.0213993	1.21877	0.234473
mRNA_MEturquoise	ENSG00000078177.14	N4BP2	0.0213924	1.1756	0.299889
mRNA_MEturquoise	ENSG00000107362.14	ABHD17B	0.0213746	2.66094	0.424646
mRNA_MEturquoise	ENSG00000179562.3	GCC1	0.0213645	2.65377	0.367468
mRNA_MEturquoise	ENSG00000197603.15	CPLANE1	0.0213622	1.15924	0.280696
mRNA_MEturquoise	ENSG00000107897.20	ACBD5	0.0213561	2.48641	0.384022
mRNA_MEturquoise	ENSG00000101966.13	XIAP	0.0213539	3.11084	0.293938
mRNA_MEturquoise	ENSG00000175073.8	VCPIP1	0.0213478	2.31161	0.297117
mRNA_MEturquoise	ENSG00000133059.17	DSTYK	0.0213384	2.33551	0.347378
mRNA_MEturquoise	ENSG00000100028.12	SNRPD3	0.0213335	3.35484	0.443963
mRNA_MEturquoise	ENSG00000162434.13	JAK1	0.0213303	4.65368	0.398419
mRNA_MEturquoise	ENSG00000170456.16	DENND5B	0.02133	1.84498	0.405255
mRNA_MEturquoise	ENSG00000166068.13	SPRED1	0.0213174	3.45859	0.476203
mRNA_MEturquoise	ENSG00000079387.14	SENP1	0.0213158	2.03997	0.254586
mRNA_MEturquoise	ENSG00000254685.6	FPGT	0.0213148	2.40189	0.357774
mRNA_MEturquoise	ENSG00000082898.18	XPO1	0.0213095	2.60289	0.282369
mRNA_MEturquoise	ENSG00000165997.5	ARL5B	0.0213054	2.45933	0.448418
mRNA_MEturquoise	ENSG00000118246.14	FASTKD2	0.0213047	2.44089	0.32894
mRNA_MEturquoise	ENSG00000117620.15	SLC35A3	0.021303	1.47013	0.262468
mRNA_MEturquoise	ENSG00000085365.18	SCAMP1	0.0213028	3.62777	0.468317
mRNA_MEturquoise	ENSG00000136813.14	ECPAS	0.0212879	3.84815	0.348241
mRNA_MEturquoise	ENSG00000177034.17	MTX3	0.0212877	2.07021	0.361654
mRNA_MEturquoise	ENSG00000141385.10	AFG3L2	0.0212838	3.25657	0.569558
mRNA_MEturquoise	ENSG00000132842.14	AP3B1	0.0212702	3.73367	0.342253
mRNA_MEturquoise	ENSG00000189362.12	NEMP2	0.0212645	1.3991	0.254646
mRNA_MEturquoise	ENSG00000100030.15	MAPK1	0.0212622	5.2796	0.440972
mRNA_MEturquoise	ENSG00000164754.15	RAD21	0.021254	4.45888	0.33872
mRNA_MEturquoise	ENSG00000172380.6	GNG12	0.0212531	5.21612	0.477374
mRNA_MEturquoise	ENSG00000155100.11	OTUD6B	0.0212452	1.74012	0.307853
mRNA_MEturquoise	ENSG00000159592.11	GPBP1L1	0.021244	3.93618	0.277536
mRNA_MEturquoise	ENSG00000108443.14	RPS6KB1	0.0212396	2.41703	0.223204
mRNA_MEturquoise	ENSG00000117151.13	CTBS	0.0212269	1.05818	0.246151
mRNA_MEturquoise	ENSG00000176714.10	CCDC121	0.0212249	1.37516	0.336735
mRNA_MEturquoise	ENSG00000047621.12	C12orf4	0.0212229	2.32719	0.307402
mRNA_MEturquoise	ENSG00000116127.19	ALMS1	0.0212172	1.53027	0.308141
mRNA_MEturquoise	ENSG00000152382.6	TADA1	0.0212117	2.45136	0.341592
mRNA_MEturquoise	ENSG00000153208.17	MERTK	0.0211976	2.68289	0.595837
mRNA_MEturquoise	ENSG00000131845.15	ZNF304	0.0211961	2.12715	0.395947
mRNA_MEturquoise	ENSG00000150776.18	NKAPD1	0.0211925	3.0468	0.314559
mRNA_MEturquoise	ENSG00000104643.10	MTMR9	0.0211922	1.63851	0.306095
mRNA_MEturquoise	ENSG00000134900.12	TPP2	0.0211915	2.80239	0.28851
mRNA_MEturquoise	ENSG00000155959.12	VBP1	0.0211911	4.27486	0.346152
mRNA_MEturquoise	ENSG00000074695.6	LMAN1	0.0211802	5.47635	0.506104
mRNA_MEturquoise	ENSG00000162623.16	TYW3	0.0211778	2.58638	0.347202
mRNA_MEturquoise	ENSG00000102763.18	VWA8	0.0211651	2.22478	0.426712
mRNA_MEturquoise	ENSG00000159921.19	GNE	0.0211554	3.19708	0.485441
mRNA_MEturquoise	ENSG00000082996.20	RNF13	0.0211496	4.6201	0.418157
mRNA_MEturquoise	ENSG00000116918.15	TSNAX	0.0211446	2.57019	0.333192
mRNA_MEturquoise	ENSG00000135249.8	RINT1	0.0211414	2.41491	0.383554
mRNA_MEturquoise	ENSG00000092531.10	SNAP23	0.0211407	1.61647	0.262416
mRNA_MEturquoise	ENSG00000101413.12	RPRD1B	0.0211295	2.92556	0.299177
mRNA_MEturquoise	ENSG00000166128.13	RAB8B	0.0211289	3.53291	0.44765
mRNA_MEturquoise	ENSG00000135316.19	SYNCRIP	0.0211157	3.78338	0.312634
mRNA_MEturquoise	ENSG00000196323.14	ZBTB44	0.0211105	3.17612	0.422306
mRNA_MEturquoise	ENSG00000171566.12	PLRG1	0.0211099	3.38308	0.260845
mRNA_MEturquoise	ENSG00000142166.13	IFNAR1	0.0210962	4.26763	0.35082
mRNA_MEturquoise	ENSG00000006459.11	KDM7A	0.0210707	2.14375	0.403233
mRNA_MEturquoise	ENSG00000163428.4	LRRC58	0.0210663	3.16363	0.407234
mRNA_MEturquoise	ENSG00000070214.16	SLC44A1	0.0210645	3.04598	0.440297
mRNA_MEturquoise	ENSG00000138018.18	SELENOI	0.0210633	2.40518	0.411495
mRNA_MEturquoise	ENSG00000067533.6	RRP15	0.0210619	1.85112	0.302316
mRNA_MEturquoise	ENSG00000176853.16	FAM91A1	0.0210594	3.42432	0.398722
mRNA_MEturquoise	ENSG00000166747.13	AP1G1	0.0210585	3.62437	0.336738
mRNA_MEturquoise	ENSG00000115484.15	CCT4	0.0210573	5.21582	0.447796
mRNA_MEturquoise	ENSG00000172728.16	FUT10	0.0210511	1.14386	0.289447
mRNA_MEturquoise	ENSG00000106299.8	WASL	0.0210476	4.58167	0.401653
mRNA_MEturquoise	ENSG00000171109.19	MFN1	0.0210365	2.76911	0.351869
mRNA_MEturquoise	ENSG00000172239.14	PAIP1	0.0210345	3.96074	0.344524
mRNA_MEturquoise	ENSG00000102781.14	KATNAL1	0.0210337	2.18673	0.331858
mRNA_MEturquoise	ENSG00000189180.16	ZNF33A	0.0210336	2.98921	0.365862
mRNA_MEturquoise	ENSG00000128708.13	HAT1	0.0210155	2.6445	0.288007
mRNA_MEturquoise	ENSG00000035687.10	ADSS2	0.0210109	3.40864	0.395106
mRNA_MEturquoise	ENSG00000067248.10	DHX29	0.0210084	3.10074	0.354923
mRNA_MEturquoise	ENSG00000010165.20	EEF1AKNMT	0.0210013	3.10364	0.342874
mRNA_MEturquoise	ENSG00000140259.7	MFAP1	0.0209955	4.08111	0.317995
mRNA_MEturquoise	ENSG00000114978.18	MOB1A	0.0209912	4.66839	0.333873
mRNA_MEturquoise	ENSG00000185973.12	TMLHE	0.0209867	1.77148	0.292454
mRNA_MEturquoise	ENSG00000112685.14	EXOC2	0.0209861	2.97666	0.314164
mRNA_MEturquoise	ENSG00000115524.17	SF3B1	0.0209816	4.88889	0.315831
mRNA_MEturquoise	ENSG00000110048.12	OSBP	0.0209801	4.27749	0.340795
mRNA_MEturquoise	ENSG00000121350.16	PYROXD1	0.0209754	1.77739	0.321061
mRNA_MEturquoise	ENSG00000164171.11	ITGA2	0.0209691	2.72274	0.673401
mRNA_MEturquoise	ENSG00000110429.14	FBXO3	0.0209672	2.56263	0.344063
mRNA_MEturquoise	ENSG00000203880.12	PCMTD2	0.0209631	3.79636	0.421934
mRNA_MEturquoise	ENSG00000135341.18	MAP3K7	0.020962	2.74791	0.288996
mRNA_MEturquoise	ENSG00000065060.17	UHRF1BP1	0.0209589	1.8552	0.403188
mRNA_MEturquoise	ENSG00000147050.16	KDM6A	0.0209581	1.14713	0.301638
mRNA_MEturquoise	ENSG00000138190.17	EXOC6	0.0209556	1.93037	0.372227
mRNA_MEturquoise	ENSG00000135974.10	C2orf49	0.0209525	2.32022	0.292941
mRNA_MEturquoise	ENSG00000085449.15	WDFY1	0.020952	3.48202	0.336366
mRNA_MEturquoise	ENSG00000128829.12	EIF2AK4	0.0209473	2.62958	0.314088
mRNA_MEturquoise	ENSG00000031003.10	FAM13B	0.0209418	2.55622	0.394363
mRNA_MEturquoise	ENSG00000108854.16	SMURF2	0.0209367	2.53381	0.331399
mRNA_MEturquoise	ENSG00000133119.13	RFC3	0.0209295	1.92625	0.325152
mRNA_MEturquoise	ENSG00000091409.15	ITGA6	0.0209264	4.91432	0.734294
mRNA_MEturquoise	ENSG00000174796.12	THAP6	0.0209246	1.70525	0.254206
mRNA_MEturquoise	ENSG00000142864.15	SERBP1	0.0209227	4.99204	0.322649
mRNA_MEturquoise	ENSG00000158301.18	GPRASP2	0.0209193	2.36696	0.562935
mRNA_MEturquoise	ENSG00000186260.17	MRTFB	0.0209153	2.06517	0.35932
mRNA_MEturquoise	ENSG00000108256.9	NUFIP2	0.0209072	3.41635	0.358563
mRNA_MEturquoise	ENSG00000138449.11	SLC40A1	0.0209071	5.57645	0.86306
mRNA_MEturquoise	ENSG00000145740.19	SLC30A5	0.020906	3.0986	0.351743
mRNA_MEturquoise	ENSG00000138443.17	ABI2	0.0209054	1.90668	0.288331
mRNA_MEturquoise	ENSG00000147649.10	MTDH	0.0209037	4.37223	0.415098
mRNA_MEturquoise	ENSG00000011258.16	MBTD1	0.0208974	2.09243	0.331699
mRNA_MEturquoise	ENSG00000215301.11	DDX3X	0.0208966	4.45163	0.460172
mRNA_MEturquoise	ENSG00000145495.16	MARCHF6	0.0208841	4.26747	0.411415
mRNA_MEturquoise	ENSG00000086712.13	TXLNG	0.0208804	2.56027	0.405123
mRNA_MEturquoise	ENSG00000181852.18	RNF41	0.0208786	3.14079	0.277894
mRNA_MEturquoise	ENSG00000111224.14	PARP11	0.0208766	1.59372	0.252795
mRNA_MEturquoise	ENSG00000198301.12	SDAD1	0.0208766	3.51743	0.280803
mRNA_MEturquoise	ENSG00000198700.10	IPO9	0.0208702	2.95736	0.263001
mRNA_MEturquoise	ENSG00000205213.14	LGR4	0.0208656	3.81438	0.672711
mRNA_MEturquoise	ENSG00000198056.15	PRIM1	0.0208635	1.04802	0.278964
mRNA_MEturquoise	ENSG00000183309.12	ZNF623	0.0208572	2.31883	0.311494
mRNA_MEturquoise	ENSG00000148925.11	BTBD10	0.0208482	3.10164	0.291607
mRNA_MEturquoise	ENSG00000143079.15	CTTNBP2NL	0.0208432	3.09223	0.387448
mRNA_MEturquoise	ENSG00000189241.8	TSPYL1	0.0208396	3.69485	0.532348
mRNA_MEturquoise	ENSG00000167232.14	ZNF91	0.0208368	1.53162	0.282663
mRNA_MEturquoise	ENSG00000140299.13	BNIP2	0.0208325	3.24418	0.358958
mRNA_MEturquoise	ENSG00000090989.18	EXOC1	0.0208204	2.84769	0.255081
mRNA_MEturquoise	ENSG00000152942.19	RAD17	0.0208198	3.10136	0.342827
mRNA_MEturquoise	ENSG00000131791.8	PRKAB2	0.020806	2.47127	0.461798
mRNA_MEturquoise	ENSG00000082213.18	C5orf22	0.0207996	2.6014	0.309956
mRNA_MEturquoise	ENSG00000118579.13	MED28	0.0207936	2.48039	0.258129
mRNA_MEturquoise	ENSG00000171928.14	TVP23B	0.0207912	2.19778	0.299255
mRNA_MEturquoise	ENSG00000241399.7	CD302	0.0207904	1.10866	0.446931
mRNA_MEturquoise	ENSG00000139496.16	NUP58	0.0207865	2.76104	0.402584
mRNA_MEturquoise	ENSG00000166167.18	BTRC	0.020784	2.27201	0.28258
mRNA_MEturquoise	ENSG00000112701.18	SENP6	0.0207782	2.87511	0.328816
mRNA_MEturquoise	ENSG00000144747.17	TMF1	0.0207772	2.50662	0.340748
mRNA_MEturquoise	ENSG00000146463.12	ZMYM4	0.0207734	3.10649	0.319757
mRNA_MEturquoise	ENSG00000136643.12	RPS6KC1	0.0207627	2.15748	0.276581
mRNA_MEturquoise	ENSG00000103342.13	GSPT1	0.0207441	3.85643	0.353597
mRNA_MEturquoise	ENSG00000125827.9	TMX4	0.0207438	4.21873	0.502554
mRNA_MEturquoise	ENSG00000215114.10	UBXN2B	0.0207353	3.17722	0.471294
mRNA_MEturquoise	ENSG00000132383.12	RPA1	0.0207344	4.03015	0.307965
mRNA_MEturquoise	ENSG00000128059.8	PPAT	0.0207327	1.77284	0.342276
mRNA_MEturquoise	ENSG00000057663.16	ATG5	0.0207294	2.60013	0.31011
mRNA_MEturquoise	ENSG00000169813.16	HNRNPF	0.0207236	5.75657	0.324368
mRNA_MEturquoise	ENSG00000065135.12	GNAI3	0.0207224	3.52485	0.331493
mRNA_MEturquoise	ENSG00000005436.14	GCFC2	0.020722	2.14992	0.286037
mRNA_MEturquoise	ENSG00000106524.9	ANKMY2	0.0207182	3.27985	0.458475
mRNA_MEturquoise	ENSG00000124788.19	ATXN1	0.020711	1.97676	0.324272
mRNA_MEturquoise	ENSG00000067208.14	EVI5	0.0207099	1.71005	0.317925
mRNA_MEturquoise	ENSG00000164134.13	NAA15	0.0207043	2.44308	0.329896
mRNA_MEturquoise	ENSG00000181904.9	C5orf24	0.020702	4.02809	0.422925
mRNA_MEturquoise	ENSG00000115364.14	MRPL19	0.0207012	2.35656	0.287907
mRNA_MEturquoise	ENSG00000102218.6	RP2	0.0207008	3.24886	0.381088
mRNA_MEturquoise	ENSG00000147526.20	TACC1	0.0206939	3.9075	0.66605
mRNA_MEturquoise	ENSG00000112584.14	FAM120B	0.0206744	2.92778	0.331111
mRNA_MEturquoise	ENSG00000197713.15	RPE	0.020674	3.31416	0.349604
mRNA_MEturquoise	ENSG00000104343.21	UBE2W	0.0206618	2.3	0.298651
mRNA_MEturquoise	ENSG00000162409.11	PRKAA2	0.0206531	2.90011	0.627871
mRNA_MEturquoise	ENSG00000158711.14	ELK4	0.0206369	2.80435	0.329604
mRNA_MEturquoise	ENSG00000198482.14	ZNF808	0.0206298	1.35168	0.240551
mRNA_MEturquoise	ENSG00000185477.5	GPRIN3	0.0206243	2.20944	0.566159
mRNA_MEturquoise	ENSG00000145241.11	CENPC	0.0206222	1.75182	0.297917
mRNA_MEturquoise	ENSG00000138380.18	CARF	0.0206188	1.0308	0.21547
mRNA_MEturquoise	ENSG00000074696.13	HACD3	0.0206163	3.56297	0.507033
mRNA_MEturquoise	ENSG00000138594.14	TMOD3	0.0206107	3.08412	0.309463
mRNA_MEturquoise	ENSG00000176055.10	MBLAC2	0.0206099	1.49737	0.349068
mRNA_MEturquoise	ENSG00000164219.10	PGGT1B	0.0206096	2.06854	0.264405
mRNA_MEturquoise	ENSG00000213390.11	ARHGAP19	0.0206058	1.57838	0.280095
mRNA_MEturquoise	ENSG00000169641.13	LUZP1	0.020601	2.7874	0.421509
mRNA_MEturquoise	ENSG00000117153.16	KLHL12	0.0205936	3.79591	0.345497
mRNA_MEturquoise	ENSG00000116266.11	STXBP3	0.0205852	3.30829	0.285015
mRNA_MEturquoise	ENSG00000146587.18	RBAK	0.0205826	2.10484	0.327184
mRNA_MEturquoise	ENSG00000178761.15	FAM219B	0.0205769	1.94819	0.372796
mRNA_MEturquoise	ENSG00000116922.14	C1orf109	0.0205761	2.02709	0.28935
mRNA_MEturquoise	ENSG00000079246.16	XRCC5	0.0205734	5.66003	0.323017
mRNA_MEturquoise	ENSG00000204519.11	ZNF551	0.0205626	1.24656	0.329473
mRNA_MEturquoise	ENSG00000119787.14	ATL2	0.0205571	3.20129	0.355202
mRNA_MEturquoise	ENSG00000100503.26	NIN	0.0205508	2.31828	0.42907
mRNA_MEturquoise	ENSG00000162819.12	BROX	0.0205457	3.7192	0.343861
mRNA_MEturquoise	ENSG00000080503.24	SMARCA2	0.0205393	2.83308	0.40861
mRNA_MEturquoise	ENSG00000116750.14	UCHL5	0.0205033	2.50024	0.296256
mRNA_MEturquoise	ENSG00000028528.15	SNX1	0.0204931	3.77292	0.241483
mRNA_MEturquoise	ENSG00000117000.9	RLF	0.0204895	2.75605	0.417119
mRNA_MEturquoise	ENSG00000145349.17	CAMK2D	0.0204848	3.00844	0.419518
mRNA_MEturquoise	ENSG00000109680.11	TBC1D19	0.0204803	1.95162	0.363912
mRNA_MEturquoise	ENSG00000123124.14	WWP1	0.0204725	3.61866	0.479407
mRNA_MEturquoise	ENSG00000137942.17	FNBP1L	0.020468	4.13742	0.489856
mRNA_MEturquoise	ENSG00000116641.18	DOCK7	0.020468	1.35972	0.30432
mRNA_MEturquoise	ENSG00000189308.11	LIN54	0.0204668	1.91581	0.315396
mRNA_MEturquoise	ENSG00000080200.10	CRYBG3	0.0204642	1.17417	0.470042
mRNA_MEturquoise	ENSG00000005889.16	ZFX	0.0204593	2.31173	0.373521
mRNA_MEturquoise	ENSG00000102221.14	JADE3	0.0204525	1.99662	0.362027
mRNA_MEturquoise	ENSG00000180776.16	ZDHHC20	0.0204508	3.40056	0.43952
mRNA_MEturquoise	ENSG00000113282.14	CLINT1	0.0204497	4.24965	0.427329
mRNA_MEturquoise	ENSG00000146376.11	ARHGAP18	0.0204418	3.94849	0.588955
mRNA_MEturquoise	ENSG00000151292.17	CSNK1G3	0.0204392	2.93192	0.335569
mRNA_MEturquoise	ENSG00000198586.14	TLK1	0.0204305	2.72925	0.306018
mRNA_MEturquoise	ENSG00000139793.18	MBNL2	0.0204114	4.59107	0.458607
mRNA_MEturquoise	ENSG00000171448.9	ZBTB26	0.0204065	1.75235	0.329931
mRNA_MEturquoise	ENSG00000255529.9	POLR2M	0.020406	2.47398	0.342241
mRNA_MEturquoise	ENSG00000136111.14	TBC1D4	0.0204057	2.8314	0.554628
mRNA_MEturquoise	ENSG00000131558.15	EXOC4	0.0204051	3.31079	0.342295
mRNA_MEturquoise	ENSG00000111877.17	MCM9	0.0203953	1.12314	0.226201
mRNA_MEturquoise	ENSG00000164118.13	CEP44	0.0203927	1.5733	0.243975
mRNA_MEturquoise	ENSG00000187231.14	SESTD1	0.0203801	2.30833	0.462547
mRNA_MEturquoise	ENSG00000069667.16	RORA	0.0203762	2.0588	0.43291
mRNA_MEturquoise	ENSG00000175582.20	RAB6A	0.0203736	4.99749	0.262903
mRNA_MEturquoise	ENSG00000085788.14	DDHD2	0.0203702	2.59828	0.411424
mRNA_MEturquoise	ENSG00000128512.23	DOCK4	0.0203632	2.33484	0.478927
mRNA_MEturquoise	ENSG00000109756.9	RAPGEF2	0.0203623	2.85042	0.501922
mRNA_MEturquoise	ENSG00000134352.20	IL6ST	0.0203535	5.16544	0.476535
mRNA_MEturquoise	ENSG00000178966.17	RMI1	0.0203522	1.9206	0.352839
mRNA_MEturquoise	ENSG00000094880.11	CDC23	0.0203458	3.2336	0.337374
mRNA_MEturquoise	ENSG00000196116.8	TDRD7	0.0203382	2.85055	0.368959
mRNA_MEturquoise	ENSG00000155508.14	CNOT8	0.020337	4.1063	0.334796
mRNA_MEturquoise	ENSG00000047346.12	FAM214A	0.0203321	2.17249	0.332907
mRNA_MEturquoise	ENSG00000096063.16	SRPK1	0.0203318	1.74349	0.322554
mRNA_MEturquoise	ENSG00000160710.17	ADAR	0.0203317	5.07413	0.342031
mRNA_MEturquoise	ENSG00000025796.14	SEC63	0.0203305	3.60083	0.331403
mRNA_MEturquoise	ENSG00000109320.13	NFKB1	0.0203303	3.63178	0.392651
mRNA_MEturquoise	ENSG00000182473.22	EXOC7	0.0203237	3.14238	0.30403
mRNA_MEturquoise	ENSG00000181827.15	RFX7	0.0203229	1.71993	0.297265
mRNA_MEturquoise	ENSG00000152102.18	FAM168B	0.0203182	4.64276	0.397624
mRNA_MEturquoise	ENSG00000197024.9	ZNF398	0.020314	1.89183	0.266619
mRNA_MEturquoise	ENSG00000143870.13	PDIA6	0.0203098	5.29921	0.622792
mRNA_MEturquoise	ENSG00000198690.10	FAN1	0.020304	1.28001	0.27546
mRNA_MEturquoise	ENSG00000134250.20	NOTCH2	0.0203031	3.04145	0.519964
mRNA_MEturquoise	ENSG00000180370.10	PAK2	0.0203028	4.4302	0.328814
mRNA_MEturquoise	ENSG00000152404.15	CWF19L2	0.0203008	2.64294	0.380508
mRNA_MEturquoise	ENSG00000135828.11	RNASEL	0.0202977	2.1658	0.304217
mRNA_MEturquoise	ENSG00000152818.18	UTRN	0.0202959	3.66063	0.606286
mRNA_MEturquoise	ENSG00000188021.9	UBQLN2	0.020293	3.87982	0.307408
mRNA_MEturquoise	ENSG00000166025.18	AMOTL1	0.0202911	2.85728	0.557038
mRNA_MEturquoise	ENSG00000198791.12	CNOT7	0.0202877	3.19114	0.370032
mRNA_MEturquoise	ENSG00000149084.13	HSD17B12	0.020286	2.39592	0.415478
mRNA_MEturquoise	ENSG00000118197.14	DDX59	0.0202788	2.48945	0.318464
mRNA_MEturquoise	ENSG00000145390.11	USP53	0.0202749	1.85575	0.436316
mRNA_MEturquoise	ENSG00000171150.9	SOCS5	0.0202682	2.4906	0.390776
mRNA_MEturquoise	ENSG00000157625.15	TAB3	0.020265	1.89945	0.319355
mRNA_MEturquoise	ENSG00000148700.15	ADD3	0.0202637	4.43771	0.508411
mRNA_MEturquoise	ENSG00000188177.14	ZC3H6	0.0202578	1.37815	0.275337
mRNA_MEturquoise	ENSG00000081014.11	AP4E1	0.020255	1.59828	0.277908
mRNA_MEturquoise	ENSG00000135966.13	TGFBRAP1	0.0202542	2.96501	0.303775
mRNA_MEturquoise	ENSG00000105186.16	ANKRD27	0.020249	2.38839	0.25974
mRNA_MEturquoise	ENSG00000088451.11	TGDS	0.0202445	2.57759	0.349902
mRNA_MEturquoise	ENSG00000158691.14	ZSCAN12	0.0202427	1.29925	0.322786
mRNA_MEturquoise	ENSG00000010404.18	IDS	0.0202377	0.981521	0.313838
mRNA_MEturquoise	ENSG00000107185.10	RGP1	0.0202341	2.54112	0.418858
mRNA_MEturquoise	ENSG00000138448.12	ITGAV	0.0202329	5.23051	0.621849
mRNA_MEturquoise	ENSG00000104231.11	ZFAND1	0.0202081	3.12724	0.475334
mRNA_MEturquoise	ENSG00000100335.15	MIEF1	0.0202062	3.08541	0.332625
mRNA_MEturquoise	ENSG00000155111.15	CDK19	0.020202	2.99372	0.538364
mRNA_MEturquoise	ENSG00000120802.14	TMPO	0.0201981	3.19187	0.366816
mRNA_MEturquoise	ENSG00000113300.13	CNOT6	0.0201976	2.93662	0.292328
mRNA_MEturquoise	ENSG00000186908.14	ZDHHC17	0.0201919	2.50487	0.282893
mRNA_MEturquoise	ENSG00000143498.18	TAF1A	0.0201864	0.990798	0.246142
mRNA_MEturquoise	ENSG00000174891.13	RSRC1	0.0201836	2.13335	0.332628
mRNA_MEturquoise	ENSG00000188931.4	CFAP126	0.0201824	3.49594	0.656243
mRNA_MEturquoise	ENSG00000174032.17	SLC25A30	0.0201786	2.90299	0.588027
mRNA_MEturquoise	ENSG00000219545.11	UMAD1	0.0201744	2.64138	0.426222
mRNA_MEturquoise	ENSG00000089048.14	ESF1	0.0201716	2.72263	0.336328
mRNA_MEturquoise	ENSG00000178074.6	C2orf69	0.0201716	2.2523	0.371502
mRNA_MEturquoise	ENSG00000108733.11	PEX12	0.0201661	2.27248	0.327575
mRNA_MEturquoise	ENSG00000152749.8	GPR180	0.0201591	1.71037	0.307912
mRNA_MEturquoise	ENSG00000148943.12	LIN7C	0.0201547	3.19315	0.348739
mRNA_MEturquoise	ENSG00000122557.11	HERPUD2	0.0201389	3.66961	0.29358
mRNA_MEturquoise	ENSG00000163818.17	LZTFL1	0.0201376	2.08699	0.34103
mRNA_MEturquoise	ENSG00000196177.13	ACADSB	0.0201351	3.06375	0.65255
mRNA_MEturquoise	ENSG00000103978.16	TMEM87A	0.0201262	3.5468	0.320588
mRNA_MEturquoise	ENSG00000101745.17	ANKRD12	0.0201256	2.3506	0.376986
mRNA_MEturquoise	ENSG00000120784.16	ZFP30	0.0201163	1.21136	0.278637
mRNA_MEturquoise	ENSG00000119414.12	PPP6C	0.0201087	4.19538	0.339646
mRNA_MEturquoise	ENSG00000113851.14	CRBN	0.0201055	2.22215	0.323347
mRNA_MEturquoise	ENSG00000025293.17	PHF20	0.0200939	2.7028	0.291233
mRNA_MEturquoise	ENSG00000115750.17	TAF1B	0.0200881	2.28375	0.380036
mRNA_MEturquoise	ENSG00000115947.14	ORC4	0.0200874	2.32478	0.360419
mRNA_MEturquoise	ENSG00000107566.14	ERLIN1	0.0200837	3.91834	0.347741
mRNA_MEturquoise	ENSG00000117500.13	TMED5	0.0200827	3.8039	0.53814
mRNA_MEturquoise	ENSG00000130559.19	CAMSAP1	0.02007	2.42924	0.347348
mRNA_MEturquoise	ENSG00000163904.13	SENP2	0.0200592	2.58074	0.299664
mRNA_MEturquoise	ENSG00000147475.17	ERLIN2	0.0200426	3.54344	0.475599
mRNA_MEturquoise	ENSG00000107758.16	PPP3CB	0.0200425	3.2987	0.330993
mRNA_MEturquoise	ENSG00000137693.14	YAP1	0.0200423	4.01954	0.369815
mRNA_MEturquoise	ENSG00000085511.20	MAP3K4	0.0200364	2.19119	0.318857
mRNA_MEturquoise	ENSG00000135655.16	USP15	0.0200351	1.69975	0.212388
mRNA_MEturquoise	ENSG00000169410.10	PTPN9	0.0200347	2.98745	0.308528
mRNA_MEturquoise	ENSG00000164070.12	HSPA4L	0.0200322	2.07759	0.534602
mRNA_MEturquoise	ENSG00000065559.15	MAP2K4	0.0200236	2.90089	0.297812
mRNA_MEturquoise	ENSG00000134308.14	YWHAQ	0.0200185	6.44777	0.376753
mRNA_MEturquoise	ENSG00000138398.17	PPIG	0.020014	2.80847	0.278825
mRNA_MEturquoise	ENSG00000163320.12	CGGBP1	0.0200117	3.86441	0.383845
mRNA_MEturquoise	ENSG00000140943.17	MBTPS1	0.0200097	3.88507	0.278353
mRNA_MEturquoise	ENSG00000182141.10	ZNF708	0.0200055	1.40106	0.27165
mRNA_MEturquoise	ENSG00000108559.12	NUP88	0.0199999	2.3989	0.269722
mRNA_MEturquoise	ENSG00000184203.8	PPP1R2	0.0199987	3.47809	0.316476
mRNA_MEturquoise	ENSG00000038274.17	MAT2B	0.0199962	4.59933	0.439012
mRNA_MEturquoise	ENSG00000185787.15	MORF4L1	0.0199946	5.1121	0.32145
mRNA_MEturquoise	ENSG00000129595.14	EPB41L4A	0.0199943	1.89879	0.461102
mRNA_MEturquoise	ENSG00000162627.17	SNX7	0.0199917	4.23243	0.528692
mRNA_MEturquoise	ENSG00000138604.10	GLCE	0.0199916	2.68837	0.478042
mRNA_MEturquoise	ENSG00000132436.11	FIGNL1	0.0199902	1.56435	0.30129
mRNA_MEturquoise	ENSG00000173726.11	TOMM20	0.0199857	6.45683	0.520123
mRNA_MEturquoise	ENSG00000069869.16	NEDD4	0.0199788	2.33741	0.484703
mRNA_MEturquoise	ENSG00000168216.13	LMBRD1	0.0199644	3.4309	0.471138
mRNA_MEturquoise	ENSG00000115084.15	SLC35F5	0.019964	3.51539	0.409146
mRNA_MEturquoise	ENSG00000139154.16	AEBP2	0.0199553	2.78767	0.275084
mRNA_MEturquoise	ENSG00000100320.23	RBFOX2	0.0199515	3.41579	0.39602
mRNA_MEturquoise	ENSG00000075568.17	TMEM131	0.0199459	2.76793	0.299991
mRNA_MEturquoise	ENSG00000132824.14	SERINC3	0.0199231	5.50543	0.34039
mRNA_MEturquoise	ENSG00000109445.11	ZNF330	0.0199088	3.60327	0.358313
mRNA_MEturquoise	ENSG00000122507.21	BBS9	0.0199055	1.68176	0.264743
mRNA_MEturquoise	ENSG00000186687.16	LYRM7	0.0199042	2.48358	0.401835
mRNA_MEturquoise	ENSG00000084090.13	STARD7	0.0199018	5.06913	0.335704
mRNA_MEturquoise	ENSG00000152127.9	MGAT5	0.0199004	3.32025	0.488593
mRNA_MEturquoise	ENSG00000010270.14	STARD3NL	0.0198989	3.81348	0.426438
mRNA_MEturquoise	ENSG00000006125.18	AP2B1	0.019893	5.14136	0.327603
mRNA_MEturquoise	ENSG00000151693.11	ASAP2	0.0198921	2.16278	0.583651
mRNA_MEturquoise	ENSG00000131013.4	PPIL4	0.0198915	3.30422	0.36794
mRNA_MEturquoise	ENSG00000031691.7	CENPQ	0.0198908	1.83896	0.345799
mRNA_MEturquoise	ENSG00000124767.7	GLO1	0.0198898	5.41399	0.40643
mRNA_MEturquoise	ENSG00000172795.17	DCP2	0.019886	2.26337	0.334105
mRNA_MEturquoise	ENSG00000143324.14	XPR1	0.0198859	3.17153	0.403505
mRNA_MEturquoise	ENSG00000166822.13	TMEM170A	0.0198852	2.60059	0.308765
mRNA_MEturquoise	ENSG00000152894.15	PTPRK	0.0198764	3.6503	0.531404
mRNA_MEturquoise	ENSG00000126261.13	UBA2	0.0198739	4.457	0.352624
mRNA_MEturquoise	ENSG00000153207.16	AHCTF1	0.0198629	2.56231	0.317715
mRNA_MEturquoise	ENSG00000086065.14	CHMP5	0.0198616	5.12677	0.445112
mRNA_MEturquoise	ENSG00000144362.12	PHOSPHO2	0.0198616	1.12789	0.357723
mRNA_MEturquoise	ENSG00000141034.10	GID4	0.0198607	2.18255	0.288717
mRNA_MEturquoise	ENSG00000049245.13	VAMP3	0.0198603	5.60812	0.334993
mRNA_MEturquoise	ENSG00000081377.17	CDC14B	0.0198569	2.02534	0.453018
mRNA_MEturquoise	ENSG00000167986.14	DDB1	0.0198561	4.27802	0.283017
mRNA_MEturquoise	ENSG00000113328.19	CCNG1	0.0198557	5.92457	0.726753
mRNA_MEturquoise	ENSG00000111731.12	C2CD5	0.0198533	2.96152	0.312575
mRNA_MEturquoise	ENSG00000149313.11	AASDHPPT	0.019841	3.04687	0.34477
mRNA_MEturquoise	ENSG00000150403.18	TMCO3	0.0198406	2.7652	0.466252
mRNA_MEturquoise	ENSG00000119912.18	IDE	0.0198374	1.73136	0.285851
mRNA_MEturquoise	ENSG00000196715.7	VKORC1L1	0.0198299	3.05965	0.410497
mRNA_MEturquoise	ENSG00000174839.13	DENND6A	0.019827	2.68249	0.327695
mRNA_MEturquoise	ENSG00000047932.14	GOPC	0.0198235	3.10202	0.314811
mRNA_MEturquoise	ENSG00000044459.15	CNTLN	0.0198146	1.24286	0.286228
mRNA_MEturquoise	ENSG00000198252.12	STYX	0.0198143	2.50512	0.330227
mRNA_MEturquoise	ENSG00000177150.13	FAM210A	0.0198069	2.71936	0.42121
mRNA_MEturquoise	ENSG00000118965.16	WDR35	0.0198005	2.3873	0.4055
mRNA_MEturquoise	ENSG00000206527.10	HACD2	0.0197992	3.38636	0.453
mRNA_MEturquoise	ENSG00000162601.11	MYSM1	0.0197832	1.76425	0.301364
mRNA_MEturquoise	ENSG00000122545.20	SEPTIN7	0.0197752	3.62329	0.33422
mRNA_MEturquoise	ENSG00000112419.14	PHACTR2	0.0197746	2.30509	0.510677
mRNA_MEturquoise	ENSG00000214367.9	HAUS3	0.0197743	1.10447	0.181384
mRNA_MEturquoise	ENSG00000115091.12	ACTR3	0.0197664	4.26445	0.33248
mRNA_MEturquoise	ENSG00000080802.19	CNOT4	0.0197658	2.43082	0.247107
mRNA_MEturquoise	ENSG00000165406.16	MARCHF8	0.0197547	3.12248	0.363252
mRNA_MEturquoise	ENSG00000101639.18	CEP192	0.0197532	1.63968	0.362281
mRNA_MEturquoise	ENSG00000137574.11	TGS1	0.0197423	2.43353	0.305375
mRNA_MEturquoise	ENSG00000164023.14	SGMS2	0.0197372	2.71744	0.55844
mRNA_MEturquoise	ENSG00000150760.13	DOCK1	0.0197359	3.47194	0.398385
mRNA_MEturquoise	ENSG00000121774.18	KHDRBS1	0.0197159	5.62517	0.303933
mRNA_MEturquoise	ENSG00000197121.15	PGAP1	0.0197086	1.23805	0.381204
mRNA_MEturquoise	ENSG00000114209.15	PDCD10	0.0197072	3.16723	0.375219
mRNA_MEturquoise	ENSG00000080839.12	RBL1	0.0196981	1.4551	0.287359
mRNA_MEturquoise	ENSG00000168300.14	PCMTD1	0.0196893	3.53216	0.354645
mRNA_MEturquoise	ENSG00000166860.3	ZBTB39	0.0196852	1.26134	0.271678
mRNA_MEturquoise	ENSG00000213762.12	ZNF134	0.0196782	2.31238	0.409791
mRNA_MEturquoise	ENSG00000197223.12	C1D	0.0196735	2.41547	0.367964
mRNA_MEturquoise	ENSG00000196950.14	SLC39A10	0.0196685	2.80408	0.414655
mRNA_MEturquoise	ENSG00000066926.12	FECH	0.0196596	2.21654	0.386271
mRNA_MEturquoise	ENSG00000081665.14	ZNF506	0.0196519	1.69045	0.21137
mRNA_MEturquoise	ENSG00000148358.20	GPR107	0.0196457	3.87841	0.376187
mRNA_MEturquoise	ENSG00000089177.19	KIF16B	0.0196454	2.23676	0.384416
mRNA_MEturquoise	ENSG00000117475.14	BLZF1	0.0196351	3.08958	0.371322
mRNA_MEturquoise	ENSG00000136868.11	SLC31A1	0.0196342	3.17444	0.496837
mRNA_MEturquoise	ENSG00000130227.17	XPO7	0.019633	3.59488	0.334892
mRNA_MEturquoise	ENSG00000165895.19	ARHGAP42	0.0196215	3.03896	0.582874
mRNA_MEturquoise	ENSG00000169193.12	CCDC126	0.0196178	1.64233	0.35036
mRNA_MEturquoise	ENSG00000172262.11	ZNF131	0.0196169	1.99893	0.258297
mRNA_MEturquoise	ENSG00000126016.16	AMOT	0.0196125	2.68493	0.634414
mRNA_MEturquoise	ENSG00000138814.17	PPP3CA	0.0196061	3.25523	0.388698
mRNA_MEturquoise	ENSG00000163444.12	TMEM183A	0.0196061	2.98233	0.311353
mRNA_MEturquoise	ENSG00000005020.13	SKAP2	0.0196043	4.24186	0.556845
mRNA_MEturquoise	ENSG00000172939.9	OXSR1	0.0195983	3.35941	0.296369
mRNA_MEturquoise	ENSG00000105778.19	AVL9	0.0195854	2.04028	0.357598
mRNA_MEturquoise	ENSG00000124783.14	SSR1	0.0195756	3.97623	0.309156
mRNA_MEturquoise	ENSG00000154447.15	SH3RF1	0.019575	2.82378	0.406753
mRNA_MEturquoise	ENSG00000121989.15	ACVR2A	0.0195731	1.68736	0.3174
mRNA_MEturquoise	ENSG00000137513.10	NARS2	0.0195723	2.39147	0.359382
mRNA_MEturquoise	ENSG00000164975.15	SNAPC3	0.0195711	2.69072	0.357368
mRNA_MEturquoise	ENSG00000136869.16	TLR4	0.0195687	2.19914	0.536335
mRNA_MEturquoise	ENSG00000051825.15	MPHOSPH9	0.0195503	1.33666	0.34526
mRNA_MEturquoise	ENSG00000101811.14	CSTF2	0.0195485	2.45571	0.252134
mRNA_MEturquoise	ENSG00000130024.15	PHF10	0.0195401	3.49303	0.378872
mRNA_MEturquoise	ENSG00000108406.10	DHX40	0.0195301	3.81228	0.355275
mRNA_MEturquoise	ENSG00000133706.19	LARS1	0.0195272	2.86982	0.337867
mRNA_MEturquoise	ENSG00000113597.18	TRAPPC13	0.0195267	1.97634	0.332014
mRNA_MEturquoise	ENSG00000136205.17	TNS3	0.0195259	4.67826	0.452993
mRNA_MEturquoise	ENSG00000145723.17	GIN1	0.0195207	1.4947	0.291118
mRNA_MEturquoise	ENSG00000164494.12	PDSS2	0.0195107	2.78177	0.394485
mRNA_MEturquoise	ENSG00000159579.14	RSPRY1	0.0194854	3.12382	0.276277
mRNA_MEturquoise	ENSG00000136169.16	SETDB2	0.0194837	1.86903	0.351484
mRNA_MEturquoise	ENSG00000112996.11	MRPS30	0.0194657	2.7702	0.350523
mRNA_MEturquoise	ENSG00000120451.11	SNX19	0.0194556	2.46381	0.342363
mRNA_MEturquoise	ENSG00000112365.5	ZBTB24	0.0194551	1.71246	0.28895
mRNA_MEturquoise	ENSG00000117020.18	AKT3	0.0194523	2.74808	0.599608
mRNA_MEturquoise	ENSG00000118762.8	PKD2	0.019437	4.4882	0.455438
mRNA_MEturquoise	ENSG00000119953.14	SMNDC1	0.0194324	2.74	0.277336
mRNA_MEturquoise	ENSG00000106682.15	EIF4H	0.0194236	5.52781	0.330802
mRNA_MEturquoise	ENSG00000081803.16	CADPS2	0.0194168	2.74215	0.481035
mRNA_MEturquoise	ENSG00000120333.4	MRPS14	0.0194101	3.31594	0.282688
mRNA_MEturquoise	ENSG00000170340.11	B3GNT2	0.0194072	4.27613	0.429117
mRNA_MEturquoise	ENSG00000097033.14	SH3GLB1	0.0193705	4.5725	0.334863
mRNA_MEturquoise	ENSG00000119509.13	INVS	0.019367	1.8659	0.307827
mRNA_MEturquoise	ENSG00000151092.18	NGLY1	0.0193648	1.87414	0.264829
mRNA_MEturquoise	ENSG00000036054.13	TBC1D23	0.0193611	3.02128	0.361386
mRNA_MEturquoise	ENSG00000187189.11	TSPYL4	0.0193568	3.14522	0.493921
mRNA_MEturquoise	ENSG00000146858.8	ZC3HAV1L	0.0193555	2.4392	0.57607
mRNA_MEturquoise	ENSG00000170871.12	KIAA0232	0.0193507	3.10092	0.450425
mRNA_MEturquoise	ENSG00000136044.12	APPL2	0.0193476	3.29903	0.42204
mRNA_MEturquoise	ENSG00000008086.13	CDKL5	0.019343	1.43002	0.391274
mRNA_MEturquoise	ENSG00000162923.17	WDR26	0.0193396	3.55289	0.288761
mRNA_MEturquoise	ENSG00000198420.10	TCAF1	0.0193392	2.18936	0.361227
mRNA_MEturquoise	ENSG00000168615.13	ADAM9	0.0193354	3.48436	0.630722
mRNA_MEturquoise	ENSG00000181894.15	ZNF329	0.0193342	2.04285	0.418062
mRNA_MEturquoise	ENSG00000065548.18	ZC3H15	0.019333	4.31453	0.349479
mRNA_MEturquoise	ENSG00000097096.9	SYDE2	0.0193298	0.84852	0.343285
mRNA_MEturquoise	ENSG00000135766.9	EGLN1	0.0193268	1.43808	0.449647
mRNA_MEturquoise	ENSG00000144233.10	AMMECR1L	0.0193262	3.0245	0.271994
mRNA_MEturquoise	ENSG00000164117.14	FBXO8	0.0193196	3.55284	0.329432
mRNA_MEturquoise	ENSG00000096070.19	BRPF3	0.0193178	3.16383	0.417626
mRNA_MEturquoise	ENSG00000179104.9	TMTC2	0.019315	2.28798	0.515866
mRNA_MEturquoise	ENSG00000151229.13	SLC2A13	0.0193141	1.95012	0.521673
mRNA_MEturquoise	ENSG00000184014.8	DENND5A	0.0193086	3.85426	0.337021
mRNA_MEturquoise	ENSG00000068912.14	ERLEC1	0.019308	4.86839	0.348023
mRNA_MEturquoise	ENSG00000081154.12	PCNP	0.0193026	5.5194	0.447185
mRNA_MEturquoise	ENSG00000087053.20	MTMR2	0.0193003	2.45216	0.317642
mRNA_MEturquoise	ENSG00000089123.16	TASP1	0.0192995	2.0345	0.322476
mRNA_MEturquoise	ENSG00000112237.13	CCNC	0.0192981	2.84153	0.4084
mRNA_MEturquoise	ENSG00000198924.8	DCLRE1A	0.0192943	2.06544	0.31044
mRNA_MEturquoise	ENSG00000164603.12	BMT2	0.0192937	2.27781	0.316139
mRNA_MEturquoise	ENSG00000163399.16	ATP1A1	0.0192901	4.57379	0.748074
mRNA_MEturquoise	ENSG00000173960.14	UBXN2A	0.0192879	1.83867	0.256222
mRNA_MEturquoise	ENSG00000145907.16	G3BP1	0.0192878	3.30735	0.326835
mRNA_MEturquoise	ENSG00000164300.17	SERINC5	0.0192821	2.19925	0.497108
mRNA_MEturquoise	ENSG00000159873.10	CCDC117	0.019281	2.98988	0.332539
mRNA_MEturquoise	ENSG00000197779.15	ZNF81	0.0192777	1.05829	0.241701
mRNA_MEturquoise	ENSG00000203668.3	CHML	0.0192748	2.17209	0.508624
mRNA_MEturquoise	ENSG00000080298.15	RFX3	0.0192605	1.19542	0.288688
mRNA_MEturquoise	ENSG00000197343.11	ZNF655	0.0192594	2.99852	0.36164
mRNA_MEturquoise	ENSG00000162604.12	TM2D1	0.0192573	2.59134	0.332282
mRNA_MEturquoise	ENSG00000171862.11	PTEN	0.0192552	3.59586	0.41
mRNA_MEturquoise	ENSG00000165118.15	C9orf64	0.0192549	3.41386	0.462411
mRNA_MEturquoise	ENSG00000079819.19	EPB41L2	0.0192533	3.25357	0.521624
mRNA_MEturquoise	ENSG00000095015.6	MAP3K1	0.0192453	2.83519	0.489509
mRNA_MEturquoise	ENSG00000163249.13	CCNYL1	0.0192404	2.54883	0.411663
mRNA_MEturquoise	ENSG00000156735.11	BAG4	0.0192397	2.51085	0.339101
mRNA_MEturquoise	ENSG00000196850.6	PPTC7	0.0192395	3.27817	0.529459
mRNA_MEturquoise	ENSG00000197937.13	ZNF347	0.0192372	1.28938	0.318185
mRNA_MEturquoise	ENSG00000139146.14	SINHCAF	0.0192322	2.85284	0.529616
mRNA_MEturquoise	ENSG00000146243.14	IRAK1BP1	0.0192062	0.925237	0.251387
mRNA_MEturquoise	ENSG00000120438.12	TCP1	0.0192061	4.77896	0.420848
mRNA_MEturquoise	ENSG00000170852.11	KBTBD2	0.0191793	3.74146	0.363122
mRNA_MEturquoise	ENSG00000151553.15	FAM160B1	0.0191734	2.88914	0.352684
mRNA_MEturquoise	ENSG00000111790.14	FGFR1OP2	0.0191593	3.06732	0.284287
mRNA_MEturquoise	ENSG00000079335.20	CDC14A	0.0191532	1.27205	0.313024
mRNA_MEturquoise	ENSG00000204604.12	ZNF468	0.0191501	2.21643	0.395744
mRNA_MEturquoise	ENSG00000162695.12	SLC30A7	0.0191499	2.874	0.341924
mRNA_MEturquoise	ENSG00000168118.12	RAB4A	0.0191429	3.68642	0.351927
mRNA_MEturquoise	ENSG00000179021.10	C3orf38	0.0191357	2.57147	0.364378
mRNA_MEturquoise	ENSG00000166479.10	TMX3	0.0191286	3.28629	0.347206
mRNA_MEturquoise	ENSG00000168724.17	DNAJC21	0.0191277	2.6085	0.276887
mRNA_MEturquoise	ENSG00000079785.16	DDX1	0.0191242	3.56164	0.266461
mRNA_MEturquoise	ENSG00000162694.14	EXTL2	0.0191209	2.34437	0.383167
mRNA_MEturquoise	ENSG00000180257.14	ZNF816	0.0191131	1.79437	0.392925
mRNA_MEturquoise	ENSG00000117139.18	KDM5B	0.0191085	1.78261	0.285587
mRNA_MEturquoise	ENSG00000087502.18	ERGIC2	0.0191085	2.8675	0.319849
mRNA_MEturquoise	ENSG00000157212.19	PAXIP1	0.0191083	1.1849	0.246188
mRNA_MEturquoise	ENSG00000116752.6	BCAS2	0.0191072	4.56548	0.342177
mRNA_MEturquoise	ENSG00000106086.20	PLEKHA8	0.0191067	1.24083	0.245737
mRNA_MEturquoise	ENSG00000115271.11	GCA	0.0191019	2.44867	0.325546
mRNA_MEturquoise	ENSG00000166197.17	NOLC1	0.0191017	4.23093	0.367975
mRNA_MEturquoise	ENSG00000086189.10	DIMT1	0.0190989	1.21892	0.251852
mRNA_MEturquoise	ENSG00000166200.15	COPS2	0.0190912	3.72253	0.381234
mRNA_MEturquoise	ENSG00000100380.14	ST13	0.0190854	6.54175	0.438783
mRNA_MEturquoise	ENSG00000145703.16	IQGAP2	0.0190814	2.72509	0.67681
mRNA_MEturquoise	ENSG00000160752.15	FDPS	0.0190804	3.04588	0.344981
mRNA_MEturquoise	ENSG00000138246.17	DNAJC13	0.0190695	3.10502	0.4218
mRNA_MEturquoise	ENSG00000204920.11	ZNF155	0.019061	0.836199	0.243684
mRNA_MEturquoise	ENSG00000123094.15	RASSF8	0.0190562	2.28048	0.460864
mRNA_MEturquoise	ENSG00000005893.16	LAMP2	0.0190552	5.07364	0.457053
mRNA_MEturquoise	ENSG00000117593.12	DARS2	0.0190507	2.07202	0.37904
mRNA_MEturquoise	ENSG00000001084.13	GCLC	0.0190395	2.25587	0.430865
mRNA_MEturquoise	ENSG00000119965.13	C10orf88	0.0190319	1.98484	0.238318
mRNA_MEturquoise	ENSG00000119401.11	TRIM32	0.0190312	2.49353	0.378058
mRNA_MEturquoise	ENSG00000188917.15	TRMT2B	0.0190158	2.55625	0.348726
mRNA_MEturquoise	ENSG00000137642.13	SORL1	0.019013	3.00012	0.797651
mRNA_MEturquoise	ENSG00000138468.16	SENP7	0.0190071	2.26477	0.370002
mRNA_MEturquoise	ENSG00000151491.14	EPS8	0.0190038	4.25943	0.534845
mRNA_MEturquoise	ENSG00000164985.15	PSIP1	0.0189996	3.45326	0.398438
mRNA_MEturquoise	ENSG00000204611.7	ZNF616	0.0189929	1.81367	0.310671
mRNA_MEturquoise	ENSG00000046604.13	DSG2	0.0189923	4.4041	0.830853
mRNA_MEturquoise	ENSG00000174606.14	ANGEL2	0.0189911	2.41346	0.260145
mRNA_MEturquoise	ENSG00000145348.17	TBCK	0.0189802	1.90802	0.281444
mRNA_MEturquoise	ENSG00000100934.15	SEC23A	0.0189774	3.23093	0.491331
mRNA_MEturquoise	ENSG00000147274.14	RBMX	0.0189696	4.97332	0.35391
mRNA_MEturquoise	ENSG00000145743.17	FBXL17	0.0189695	2.53691	0.429217
mRNA_MEturquoise	ENSG00000156508.19	EEF1A1	0.0189692	9.35908	0.574674
mRNA_MEturquoise	ENSG00000137478.15	FCHSD2	0.0189639	3.28388	0.350277
mRNA_MEturquoise	ENSG00000122512.16	PMS2	0.0189607	1.90552	0.379558
mRNA_MEturquoise	ENSG00000163629.13	PTPN13	0.0189605	2.43858	0.563147
mRNA_MEturquoise	ENSG00000198925.12	ATG9A	0.0189597	2.58062	0.417356
mRNA_MEturquoise	ENSG00000116191.17	RALGPS2	0.0189543	1.58736	0.413541
mRNA_MEturquoise	ENSG00000196911.11	KPNA5	0.0189524	1.14202	0.288247
mRNA_MEturquoise	ENSG00000198954.9	KIFBP	0.0189485	2.42072	0.297283
mRNA_MEturquoise	ENSG00000006576.16	PHTF2	0.0189446	1.98038	0.32689
mRNA_MEturquoise	ENSG00000132825.7	PPP1R3D	0.018943	1.89068	0.267791
mRNA_MEturquoise	ENSG00000169826.8	CSGALNACT2	0.0189407	3.28911	0.429374
mRNA_MEturquoise	ENSG00000172915.18	NBEA	0.0189393	1.45613	0.507563
mRNA_MEturquoise	ENSG00000152518.8	ZFP36L2	0.0189328	4.5504	0.640301
mRNA_MEturquoise	ENSG00000101888.12	NXT2	0.0189213	2.48289	0.382155
mRNA_MEturquoise	ENSG00000136891.14	TEX10	0.0189136	2.16903	0.26474
mRNA_MEturquoise	ENSG00000048392.12	RRM2B	0.0189065	3.9342	0.526384
mRNA_MEturquoise	ENSG00000135090.14	TAOK3	0.0189054	2.60621	0.351576
mRNA_MEturquoise	ENSG00000010072.16	SPRTN	0.0189051	1.37982	0.225553
mRNA_MEturquoise	ENSG00000121481.11	RNF2	0.018905	2.92068	0.360342
mRNA_MEturquoise	ENSG00000179195.16	ZNF664	0.018899	4.33836	0.393359
mRNA_MEturquoise	ENSG00000104442.10	ARMC1	0.018889	3.49098	0.325034
mRNA_MEturquoise	ENSG00000109381.20	ELF2	0.0188875	2.35552	0.264444
mRNA_MEturquoise	ENSG00000148730.7	EIF4EBP2	0.0188857	5.19068	0.483081
mRNA_MEturquoise	ENSG00000172123.13	SLFN12	0.01888	1.8502	0.430873
mRNA_MEturquoise	ENSG00000075391.17	RASAL2	0.018877	2.04801	0.426969
mRNA_MEturquoise	ENSG00000113391.19	FAM172A	0.0188667	3.02064	0.502701
mRNA_MEturquoise	ENSG00000166575.17	TMEM135	0.018866	2.50156	0.442348
mRNA_MEturquoise	ENSG00000186017.14	ZNF566	0.0188656	1.30458	0.244779
mRNA_MEturquoise	ENSG00000127314.18	RAP1B	0.0188628	2.20277	0.297343
mRNA_MEturquoise	ENSG00000147224.13	PRPS1	0.0188619	3.74178	0.32462
mRNA_MEturquoise	ENSG00000205189.12	ZBTB10	0.0188583	2.41946	0.465372
mRNA_MEturquoise	ENSG00000250312.8	ZNF718	0.0188575	1.23641	0.296043
mRNA_MEturquoise	ENSG00000151690.15	MFSD6	0.0188538	2.90271	0.498583
mRNA_MEturquoise	ENSG00000143776.18	CDC42BPA	0.0188482	2.94537	0.484388
mRNA_MEturquoise	ENSG00000111707.12	SUDS3	0.0188446	3.18837	0.265765
mRNA_MEturquoise	ENSG00000069275.13	NUCKS1	0.0188404	5.74622	0.346438
mRNA_MEturquoise	ENSG00000083817.9	ZNF416	0.018839	1.63337	0.320299
mRNA_MEturquoise	ENSG00000114098.18	ARMC8	0.0188383	2.27394	0.26117
mRNA_MEturquoise	ENSG00000155016.18	CYP2U1	0.0188367	1.85233	0.40668
mRNA_MEturquoise	ENSG00000110435.12	PDHX	0.0188349	2.93787	0.30967
mRNA_MEturquoise	ENSG00000060688.13	SNRNP40	0.0188256	2.82877	0.30358
mRNA_MEturquoise	ENSG00000198825.15	INPP5F	0.0188197	2.03367	0.349612
mRNA_MEturquoise	ENSG00000189091.13	SF3B3	0.0188144	3.75655	0.317219
mRNA_MEturquoise	ENSG00000117906.14	RCN2	0.0188093	2.39755	0.370785
mRNA_MEturquoise	ENSG00000115267.8	IFIH1	0.018808	3.07453	0.477516
mRNA_MEturquoise	ENSG00000163281.12	GNPDA2	0.0188077	1.89754	0.293419
mRNA_MEturquoise	ENSG00000117174.11	ZNHIT6	0.0188069	2.14419	0.253709
mRNA_MEturquoise	ENSG00000184384.14	MAML2	0.0188054	3.29771	0.525391
mRNA_MEturquoise	ENSG00000166938.13	DIS3L	0.0188035	2.82932	0.325752
mRNA_MEturquoise	ENSG00000166881.10	NEMP1	0.018803	2.41832	0.393847
mRNA_MEturquoise	ENSG00000125257.16	ABCC4	0.0188019	3.07921	0.766498
mRNA_MEturquoise	ENSG00000064703.12	DDX20	0.0187983	2.06836	0.252763
mRNA_MEturquoise	ENSG00000155858.6	LSM11	0.0187846	1.32208	0.26666
mRNA_MEturquoise	ENSG00000104131.13	EIF3J	0.0187794	4.18749	0.30065
mRNA_MEturquoise	ENSG00000179152.20	TCAIM	0.018777	2.03709	0.298003
mRNA_MEturquoise	ENSG00000132912.13	DCTN4	0.018777	3.97127	0.350346
mRNA_MEturquoise	ENSG00000164902.14	PHAX	0.0187709	3.62279	0.334445
mRNA_MEturquoise	ENSG00000176624.12	MEX3C	0.0187686	2.39913	0.337496
mRNA_MEturquoise	ENSG00000000457.14	SCYL3	0.0187652	1.38255	0.215626
mRNA_MEturquoise	ENSG00000164609.10	SLU7	0.0187603	3.80957	0.353255
mRNA_MEturquoise	ENSG00000146433.9	TMEM181	0.0187596	3.13782	0.387294
mRNA_MEturquoise	ENSG00000085415.16	SEH1L	0.0187523	2.09803	0.321532
mRNA_MEturquoise	ENSG00000127337.7	YEATS4	0.018752	2.83153	0.40673
mRNA_MEturquoise	ENSG00000006607.14	FARP2	0.0187433	1.4449	0.297623
mRNA_MEturquoise	ENSG00000174799.11	CEP135	0.0187408	1.18484	0.215733
mRNA_MEturquoise	ENSG00000187742.15	SECISBP2	0.0187382	2.53021	0.381842
mRNA_MEturquoise	ENSG00000083937.10	CHMP2B	0.018738	2.49386	0.377927
mRNA_MEturquoise	ENSG00000129317.15	PUS7L	0.0187186	1.43629	0.278355
mRNA_MEturquoise	ENSG00000113615.13	SEC24A	0.0187167	2.95919	0.506871
mRNA_MEturquoise	ENSG00000196437.12	ZNF569	0.0187161	1.33019	0.314346
mRNA_MEturquoise	ENSG00000138182.15	KIF20B	0.0187148	1.2544	0.329619
mRNA_MEturquoise	ENSG00000168795.5	ZBTB5	0.0187025	2.456	0.372363
mRNA_MEturquoise	ENSG00000146476.11	ARMT1	0.0186973	3.71666	0.521768
mRNA_MEturquoise	ENSG00000142065.14	ZFP14	0.0186855	1.43932	0.254919
mRNA_MEturquoise	ENSG00000099810.21	MTAP	0.0186837	1.54599	0.246523
mRNA_MEturquoise	ENSG00000182890.5	GLUD2	0.0186815	1.49329	0.40018
mRNA_MEturquoise	ENSG00000102910.14	LONP2	0.0186761	3.31158	0.30795
mRNA_MEturquoise	ENSG00000129691.16	ASH2L	0.0186752	3.21656	0.336064
mRNA_MEturquoise	ENSG00000174579.4	MSL2	0.0186605	2.95519	0.320769
mRNA_MEturquoise	ENSG00000117533.15	VAMP4	0.0186563	2.5459	0.320141
mRNA_MEturquoise	ENSG00000124406.16	ATP8A1	0.018656	1.84195	0.61888
mRNA_MEturquoise	ENSG00000122692.9	SMU1	0.0186488	3.40887	0.310167
mRNA_MEturquoise	ENSG00000168246.6	UBTD2	0.0186398	3.52037	0.332368
mRNA_MEturquoise	ENSG00000113318.11	MSH3	0.0186389	2.44821	0.394823
mRNA_MEturquoise	ENSG00000120992.18	LYPLA1	0.018626	3.63223	0.500711
mRNA_MEturquoise	ENSG00000141424.13	SLC39A6	0.0186224	4.4453	0.575103
mRNA_MEturquoise	ENSG00000182287.15	AP1S2	0.0186189	2.90261	0.476341
mRNA_MEturquoise	ENSG00000177125.5	ZBTB34	0.0186177	1.70549	0.273886
mRNA_MEturquoise	ENSG00000162636.16	FAM102B	0.0186173	1.81898	0.400627
mRNA_MEturquoise	ENSG00000083896.13	YTHDC1	0.0186146	3.75437	0.311788
mRNA_MEturquoise	ENSG00000127993.16	RBM48	0.0186143	1.64826	0.240148
mRNA_MEturquoise	ENSG00000149218.5	ENDOD1	0.0186112	4.39295	0.554014
mRNA_MEturquoise	ENSG00000103160.12	HSDL1	0.0186089	2.64981	0.308941
mRNA_MEturquoise	ENSG00000168092.14	PAFAH1B2	0.0185912	4.01055	0.286513
mRNA_MEturquoise	ENSG00000135870.12	RC3H1	0.0185874	2.1259	0.298774
mRNA_MEturquoise	ENSG00000109572.14	CLCN3	0.0185864	3.92257	0.46505
mRNA_MEturquoise	ENSG00000170776.22	AKAP13	0.0185756	2.96865	0.453233
mRNA_MEturquoise	ENSG00000116678.20	LEPR	0.0185748	1.66135	0.526192
mRNA_MEturquoise	ENSG00000113966.10	ARL6	0.0185742	1.97892	0.396272
mRNA_MEturquoise	ENSG00000083093.10	PALB2	0.018572	1.74537	0.263381
mRNA_MEturquoise	ENSG00000107077.19	KDM4C	0.0185692	2.06144	0.284102
mRNA_MEturquoise	ENSG00000157869.16	RAB28	0.0185641	2.87314	0.298578
mRNA_MEturquoise	ENSG00000137492.8	THAP12	0.0185617	2.37849	0.310578
mRNA_MEturquoise	ENSG00000085760.15	MTIF2	0.018556	3.57751	0.339726
mRNA_MEturquoise	ENSG00000059758.8	CDK17	0.0185529	2.97421	0.401107
mRNA_MEturquoise	ENSG00000140992.19	PDPK1	0.0185483	2.08459	0.304782
mRNA_MEturquoise	ENSG00000115504.15	EHBP1	0.018548	2.90036	0.53508
mRNA_MEturquoise	ENSG00000173905.9	GOLIM4	0.0185343	4.50019	0.436904
mRNA_MEturquoise	ENSG00000143157.12	POGK	0.0185286	3.16077	0.34199
mRNA_MEturquoise	ENSG00000082269.17	FAM135A	0.0185219	1.67603	0.466518
mRNA_MEturquoise	ENSG00000135457.10	TFCP2	0.0185202	3.38389	0.242795
mRNA_MEturquoise	ENSG00000168906.13	MAT2A	0.0185045	5.27503	0.555008
mRNA_MEturquoise	ENSG00000128000.17	ZNF780B	0.0185002	1.25278	0.285484
mRNA_MEturquoise	ENSG00000188529.15	SRSF10	0.0184944	2.86264	0.241046
mRNA_MEturquoise	ENSG00000108424.11	KPNB1	0.0184895	4.25358	0.299878
mRNA_MEturquoise	ENSG00000104093.14	DMXL2	0.0184787	1.62024	0.395467
mRNA_MEturquoise	ENSG00000138381.10	ASNSD1	0.0184736	2.77642	0.313653
mRNA_MEturquoise	ENSG00000165806.21	CASP7	0.0184716	3.38858	0.374636
mRNA_MEturquoise	ENSG00000123552.18	USP45	0.0184643	1.28429	0.273412
mRNA_MEturquoise	ENSG00000093000.19	NUP50	0.0184597	2.90981	0.287954
mRNA_MEturquoise	ENSG00000163026.12	WDCP	0.0184562	1.87788	0.241526
mRNA_MEturquoise	ENSG00000145365.11	TIFA	0.0184475	2.03584	0.393931
mRNA_MEturquoise	ENSG00000173218.15	VANGL1	0.0184448	2.3631	0.383046
mRNA_MEturquoise	ENSG00000172493.22	AFF1	0.0184388	4.29072	0.496444
mRNA_MEturquoise	ENSG00000064651.14	SLC12A2	0.0184386	2.03545	0.583349
mRNA_MEturquoise	ENSG00000018610.15	CXorf56	0.0184361	3.11125	0.317252
mRNA_MEturquoise	ENSG00000223501.9	VPS52	0.0184275	3.10372	0.319196
mRNA_MEturquoise	ENSG00000105819.14	PMPCB	0.0184256	3.54561	0.367149
mRNA_MEturquoise	ENSG00000197372.10	ZNF675	0.0184249	0.958782	0.214951
mRNA_MEturquoise	ENSG00000145431.11	PDGFC	0.0184164	2.99776	0.611761
mRNA_MEturquoise	ENSG00000121644.19	DESI2	0.0184163	3.30911	0.32139
mRNA_MEturquoise	ENSG00000153187.20	HNRNPU	0.0184087	4.28503	0.248265
mRNA_MEturquoise	ENSG00000152558.15	TMEM123	0.0184065	6.24435	0.525657
mRNA_MEturquoise	ENSG00000111785.21	RIC8B	0.0183972	1.94222	0.241092
mRNA_MEturquoise	ENSG00000132950.19	ZMYM5	0.0183955	2.19098	0.274571
mRNA_MEturquoise	ENSG00000164010.15	ERMAP	0.0183933	1.73784	0.33819
mRNA_MEturquoise	ENSG00000154114.12	TBCEL	0.0183824	1.90317	0.275914
mRNA_MEturquoise	ENSG00000133028.12	SCO1	0.018358	1.90991	0.305023
mRNA_MEturquoise	ENSG00000120686.12	UFM1	0.0183562	4.54223	0.337464
mRNA_MEturquoise	ENSG00000167721.11	TSR1	0.0183405	3.12184	0.359038
mRNA_MEturquoise	ENSG00000115109.14	EPB41L5	0.0183397	2.02683	0.514388
mRNA_MEturquoise	ENSG00000155744.9	FAM126B	0.0183306	1.59928	0.300617
mRNA_MEturquoise	ENSG00000101166.16	PRELID3B	0.0183264	4.30759	0.415572
mRNA_MEturquoise	ENSG00000121579.13	NAA50	0.018312	3.84752	0.436162
mRNA_MEturquoise	ENSG00000196591.12	HDAC2	0.0182952	2.43321	0.317101
mRNA_MEturquoise	ENSG00000135535.17	CD164	0.0182935	5.75091	0.409785
mRNA_MEturquoise	ENSG00000167384.10	ZNF180	0.0182902	1.48186	0.264989
mRNA_MEturquoise	ENSG00000113407.14	TARS1	0.0182813	4.18062	0.364821
mRNA_MEturquoise	ENSG00000108239.9	TBC1D12	0.0182779	1.8737	0.331343
mRNA_MEturquoise	ENSG00000171827.11	ZNF570	0.0182777	1.35609	0.304058
mRNA_MEturquoise	ENSG00000120705.13	ETF1	0.0182617	4.75018	0.44552
mRNA_MEturquoise	ENSG00000196159.14	FAT4	0.0182432	1.46479	0.504358
mRNA_MEturquoise	ENSG00000198380.13	GFPT1	0.0182405	3.59267	0.424725
mRNA_MEturquoise	ENSG00000198833.7	UBE2J1	0.0182354	4.63184	0.439021
mRNA_MEturquoise	ENSG00000109929.10	SC5D	0.018235	2.24206	0.463712
mRNA_MEturquoise	ENSG00000023228.14	NDUFS1	0.0182339	3.18493	0.489179
mRNA_MEturquoise	ENSG00000163961.4	RNF168	0.0182333	2.07199	0.300353
mRNA_MEturquoise	ENSG00000116574.6	RHOU	0.0182329	3.35017	0.621248
mRNA_MEturquoise	ENSG00000147419.19	CCDC25	0.0182297	3.19679	0.386591
mRNA_MEturquoise	ENSG00000104375.17	STK3	0.0182288	1.5121	0.24276
mRNA_MEturquoise	ENSG00000091527.16	CDV3	0.0182231	4.99055	0.447193
mRNA_MEturquoise	ENSG00000278311.5	GGNBP2	0.0182163	3.04811	0.239911
mRNA_MEturquoise	ENSG00000144840.10	RABL3	0.0182108	2.45133	0.350561
mRNA_MEturquoise	ENSG00000134109.11	EDEM1	0.0182093	3.42439	0.415991
mRNA_MEturquoise	ENSG00000034693.15	PEX3	0.0182077	2.50953	0.432801
mRNA_MEturquoise	ENSG00000163558.13	PRKCI	0.0182063	2.87614	0.420357
mRNA_MEturquoise	ENSG00000172409.6	CLP1	0.0182052	2.53733	0.281939
mRNA_MEturquoise	ENSG00000136021.19	SCYL2	0.0182013	2.78589	0.400515
mRNA_MEturquoise	ENSG00000113594.10	LIFR	0.0181988	3.04407	0.830635
mRNA_MEturquoise	ENSG00000113384.14	GOLPH3	0.0181879	5.29301	0.310168
mRNA_MEturquoise	ENSG00000103035.11	PSMD7	0.0181853	3.02771	0.358716
mRNA_MEturquoise	ENSG00000162441.12	LZIC	0.018169	3.04485	0.308482
mRNA_MEturquoise	ENSG00000131626.19	PPFIA1	0.0181504	2.3285	0.228888
mRNA_MEturquoise	ENSG00000177119.16	ANO6	0.0181504	4.79976	0.503397
mRNA_MEturquoise	ENSG00000256043.4	CTSO	0.0181372	5.1908	0.501765
mRNA_MEturquoise	ENSG00000133739.16	LRRCC1	0.0181367	1.80602	0.390887
mRNA_MEturquoise	ENSG00000177853.14	ZNF518A	0.0181299	1.88829	0.297496
mRNA_MEturquoise	ENSG00000136141.15	LRCH1	0.0181283	2.74799	0.39404
mRNA_MEturquoise	ENSG00000173451.7	THAP2	0.0181273	1.27515	0.271146
mRNA_MEturquoise	ENSG00000004864.14	SLC25A13	0.0181246	3.58115	0.44837
mRNA_MEturquoise	ENSG00000083223.18	TUT7	0.0181241	2.45606	0.35338
mRNA_MEturquoise	ENSG00000148158.17	SNX30	0.0181206	2.49439	0.564318
mRNA_MEturquoise	ENSG00000110851.12	PRDM4	0.0181201	3.26161	0.321997
mRNA_MEturquoise	ENSG00000186272.13	ZNF17	0.0181174	1.23708	0.215707
mRNA_MEturquoise	ENSG00000147164.12	SNX12	0.018115	4.5517	0.282852
mRNA_MEturquoise	ENSG00000112146.17	FBXO9	0.0181094	2.66812	0.347523
mRNA_MEturquoise	ENSG00000134709.12	HOOK1	0.0181024	3.45572	0.720248
mRNA_MEturquoise	ENSG00000089818.18	NECAP1	0.0181002	2.28986	0.254313
mRNA_MEturquoise	ENSG00000117868.17	ESYT2	0.0180636	4.8745	0.431458
mRNA_MEturquoise	ENSG00000173744.18	AGFG1	0.0180629	3.21421	0.387513
mRNA_MEturquoise	ENSG00000083099.11	LYRM2	0.0180623	2.16066	0.301325
mRNA_MEturquoise	ENSG00000251369.9	ZNF550	0.0180549	1.42442	0.337051
mRNA_MEturquoise	ENSG00000137764.20	MAP2K5	0.0180516	2.23468	0.28383
mRNA_MEturquoise	ENSG00000001629.10	ANKIB1	0.0180493	3.64283	0.534124
mRNA_MEturquoise	ENSG00000129292.21	PHF20L1	0.0180462	1.38572	0.214886
mRNA_MEturquoise	ENSG00000115355.17	CCDC88A	0.0180458	1.22883	0.275805
mRNA_MEturquoise	ENSG00000173757.10	STAT5B	0.0180443	4.22186	0.322019
mRNA_MEturquoise	ENSG00000124207.17	CSE1L	0.0180413	4.40955	0.30065
mRNA_MEturquoise	ENSG00000180957.18	PITPNB	0.0180372	3.70098	0.304941
mRNA_MEturquoise	ENSG00000111670.16	GNPTAB	0.0180371	3.02734	0.370038
mRNA_MEturquoise	ENSG00000146247.14	PHIP	0.0180363	2.37471	0.363707
mRNA_MEturquoise	ENSG00000221914.11	PPP2R2A	0.0180334	2.74397	0.320329
mRNA_MEturquoise	ENSG00000115540.15	MOB4	0.0180308	2.62824	0.338797
mRNA_MEturquoise	ENSG00000139163.16	ETNK1	0.0180218	2.50562	0.374838
mRNA_MEturquoise	ENSG00000173273.16	TNKS	0.0180216	2.27263	0.353758
mRNA_MEturquoise	ENSG00000187325.5	TAF9B	0.0180145	3.90904	0.377605
mRNA_MEturquoise	ENSG00000164074.15	ABHD18	0.01801	1.54697	0.257342
mRNA_MEturquoise	ENSG00000166734.20	GOLM2	0.0180091	4.34331	0.384432
mRNA_MEturquoise	ENSG00000086619.14	ERO1B	0.0180072	2.56387	0.432205
mRNA_MEturquoise	ENSG00000168172.9	HOOK3	0.0179887	2.29968	0.329839
mRNA_MEturquoise	ENSG00000165209.19	STRBP	0.0179525	1.57974	0.353821
mRNA_MEturquoise	ENSG00000152465.18	NMT2	0.0179418	2.34075	0.403713
mRNA_MEturquoise	ENSG00000152778.9	IFIT5	0.0179404	3.45736	0.40445
mRNA_MEturquoise	ENSG00000119778.15	ATAD2B	0.0179386	1.2049	0.222435
mRNA_MEturquoise	ENSG00000154642.11	C21orf91	0.0179308	1.882	0.382959
mRNA_MEturquoise	ENSG00000141384.13	TAF4B	0.0179122	1.49813	0.377932
mRNA_MEturquoise	ENSG00000117114.20	ADGRL2	0.0179067	2.56642	0.503595
mRNA_MEturquoise	ENSG00000138439.12	FAM117B	0.0179057	2.07906	0.382939
mRNA_MEturquoise	ENSG00000147140.17	NONO	0.0179041	4.78571	0.322692
mRNA_MEturquoise	ENSG00000146833.16	TRIM4	0.0179006	3.47632	0.471652
mRNA_MEturquoise	ENSG00000165487.14	MICU2	0.0178948	3.66068	0.398933
mRNA_MEturquoise	ENSG00000163029.16	SMC6	0.0178893	2.04576	0.292043
mRNA_MEturquoise	ENSG00000164142.16	FAM160A1	0.0178848	1.20243	0.423027
mRNA_MEturquoise	ENSG00000028203.18	VEZT	0.0178844	3.03731	0.322675
mRNA_MEturquoise	ENSG00000150764.14	DIXDC1	0.0178798	3.01834	0.599484
mRNA_MEturquoise	ENSG00000119820.11	YIPF4	0.0178797	2.61018	0.247891
mRNA_MEturquoise	ENSG00000136045.12	PWP1	0.0178733	4.43954	0.270519
mRNA_MEturquoise	ENSG00000138613.14	APH1B	0.0178691	2.39712	0.40246
mRNA_MEturquoise	ENSG00000164332.8	UBLCP1	0.0178625	3.57155	0.332189
mRNA_MEturquoise	ENSG00000166847.10	DCTN5	0.0178544	2.77627	0.263828
mRNA_MEturquoise	ENSG00000153130.17	SCOC	0.017852	3.30785	0.413501
mRNA_MEturquoise	ENSG00000132122.12	SPATA6	0.0178518	1.95779	0.379013
mRNA_MEturquoise	ENSG00000173041.12	ZNF680	0.0178491	1.52429	0.340999
mRNA_MEturquoise	ENSG00000084092.7	NOA1	0.0178491	3.39141	0.348611
mRNA_MEturquoise	ENSG00000040341.18	STAU2	0.0178455	2.36543	0.307647
mRNA_MEturquoise	ENSG00000224531.6	SMIM13	0.0178438	2.03003	0.302125
mRNA_MEturquoise	ENSG00000102699.6	PARP4	0.0178419	4.21184	0.467104
mRNA_MEturquoise	ENSG00000010818.10	HIVEP2	0.0178366	2.55485	0.409211
mRNA_MEturquoise	ENSG00000102081.15	FMR1	0.0178309	2.97514	0.316447
mRNA_MEturquoise	ENSG00000182670.13	TTC3	0.0178308	3.49054	0.393776
mRNA_MEturquoise	ENSG00000187735.14	TCEA1	0.0178268	3.93955	0.408633
mRNA_MEturquoise	ENSG00000189195.15	BTBD8	0.0178181	1.02063	0.294552
mRNA_MEturquoise	ENSG00000122218.16	COPA	0.017818	5.19318	0.304955
mRNA_MEturquoise	ENSG00000121741.16	ZMYM2	0.0178146	2.55575	0.29482
mRNA_MEturquoise	ENSG00000196418.12	ZNF124	0.0178097	1.0876	0.337447
mRNA_MEturquoise	ENSG00000189266.13	PNRC2	0.0178067	4.71155	0.351715
mRNA_MEturquoise	ENSG00000168283.14	BMI1	0.0177995	3.29135	0.409378
mRNA_MEturquoise	ENSG00000135801.10	TAF5L	0.0177989	2.18961	0.261782
mRNA_MEturquoise	ENSG00000127483.19	HP1BP3	0.0177986	4.15299	0.297088
mRNA_MEturquoise	ENSG00000070831.17	CDC42	0.0177971	3.96682	0.296299
mRNA_MEturquoise	ENSG00000099942.13	CRKL	0.0177965	4.20427	0.273184
mRNA_MEturquoise	ENSG00000112992.18	NNT	0.0177939	2.94938	0.661734
mRNA_MEturquoise	ENSG00000127022.15	CANX	0.0177919	7.51443	0.527093
mRNA_MEturquoise	ENSG00000169926.11	KLF13	0.0177775	3.78962	0.555403
mRNA_MEturquoise	ENSG00000111276.11	CDKN1B	0.0177767	4.8854	0.46372
mRNA_MEturquoise	ENSG00000140199.13	SLC12A6	0.0177762	2.14228	0.46638
mRNA_MEturquoise	ENSG00000130396.20	AFDN	0.0177754	3.22199	0.514291
mRNA_MEturquoise	ENSG00000188811.14	NHLRC3	0.017772	2.88699	0.365319
mRNA_MEturquoise	ENSG00000131127.14	ZNF141	0.0177714	1.24237	0.239555
mRNA_MEturquoise	ENSG00000205060.11	SLC35B4	0.0177703	2.72995	0.404828
mRNA_MEturquoise	ENSG00000187257.16	RSBN1L	0.0177612	2.50394	0.295921
mRNA_MEturquoise	ENSG00000051382.9	PIK3CB	0.0177549	3.31602	0.475852
mRNA_MEturquoise	ENSG00000123505.19	AMD1	0.0177493	3.70793	0.688722
mRNA_MEturquoise	ENSG00000018699.13	TTC27	0.0177485	2.87031	0.296159
mRNA_MEturquoise	ENSG00000196387.9	ZNF140	0.0177361	1.8296	0.266632
mRNA_MEturquoise	ENSG00000164211.13	STARD4	0.0177312	2.21415	0.453872
mRNA_MEturquoise	ENSG00000196214.11	ZNF766	0.0177293	1.86937	0.254491
mRNA_MEturquoise	ENSG00000253719.4	ATXN7L3B	0.0177169	4.06365	0.334446
mRNA_MEturquoise	ENSG00000135338.14	LCA5	0.0177102	1.60285	0.440457
mRNA_MEturquoise	ENSG00000102189.17	EEA1	0.0177066	2.37445	0.406175
mRNA_MEturquoise	ENSG00000138600.10	SPPL2A	0.0177052	3.28842	0.33421
mRNA_MEturquoise	ENSG00000171865.10	RNASEH1	0.0176987	2.28451	0.258608
mRNA_MEturquoise	ENSG00000093144.19	ECHDC1	0.0176983	3.24083	0.378482
mRNA_MEturquoise	ENSG00000139726.11	DENR	0.0176969	4.15095	0.290836
mRNA_MEturquoise	ENSG00000150938.10	CRIM1	0.0176904	5.54248	0.688961
mRNA_MEturquoise	ENSG00000120709.11	FAM53C	0.0176872	2.5363	0.364074
mRNA_MEturquoise	ENSG00000145996.11	CDKAL1	0.0176844	2.40561	0.274026
mRNA_MEturquoise	ENSG00000113580.15	NR3C1	0.017684	4.12724	0.523408
mRNA_MEturquoise	ENSG00000054282.16	SDCCAG8	0.0176822	2.37815	0.285307
mRNA_MEturquoise	ENSG00000143742.14	SRP9	0.017675	5.7064	0.383511
mRNA_MEturquoise	ENSG00000181915.5	ADO	0.0176723	2.9461	0.272525
mRNA_MEturquoise	ENSG00000257103.8	LSM14A	0.0176594	5.06872	0.272739
mRNA_MEturquoise	ENSG00000163602.11	RYBP	0.0176573	2.96196	0.363453
mRNA_MEturquoise	ENSG00000156675.16	RAB11FIP1	0.0176376	1.92619	0.702648
mRNA_MEturquoise	ENSG00000127947.16	PTPN12	0.0176297	4.45595	0.403696
mRNA_MEturquoise	ENSG00000180773.15	SLC36A4	0.0176277	1.4787	0.305923
mRNA_MEturquoise	ENSG00000111300.10	NAA25	0.017627	1.84561	0.291291
mRNA_MEturquoise	ENSG00000165434.8	PGM2L1	0.0176245	2.00687	0.536692
mRNA_MEturquoise	ENSG00000170017.12	ALCAM	0.0176238	3.19509	0.616315
mRNA_MEturquoise	ENSG00000102780.17	DGKH	0.0176213	1.5707	0.381572
mRNA_MEturquoise	ENSG00000197044.11	ZNF441	0.017614	1.68894	0.372649
mRNA_MEturquoise	ENSG00000163510.14	CWC22	0.017614	3.29613	0.343333
mRNA_MEturquoise	ENSG00000132463.14	GRSF1	0.0176138	3.64669	0.334596
mRNA_MEturquoise	ENSG00000140262.18	TCF12	0.0176106	3.31126	0.4355
mRNA_MEturquoise	ENSG00000083123.15	BCKDHB	0.0176041	2.3001	0.484576
mRNA_MEturquoise	ENSG00000163291.14	PAQR3	0.0175939	0.957798	0.256343
mRNA_MEturquoise	ENSG00000104221.13	BRF2	0.0175889	1.5913	0.347736
mRNA_MEturquoise	ENSG00000133111.4	RFXAP	0.0175858	1.60283	0.287213
mRNA_MEturquoise	ENSG00000184743.13	ATL3	0.0175854	4.15691	0.377196
mRNA_MEturquoise	ENSG00000159131.17	GART	0.0175759	2.74911	0.330112
mRNA_MEturquoise	ENSG00000104320.14	NBN	0.0175758	3.9062	0.507326
mRNA_MEturquoise	ENSG00000157224.16	CLDN12	0.0175742	2.86239	0.44962
mRNA_MEturquoise	ENSG00000137055.15	PLAA	0.0175723	2.92434	0.293747
mRNA_MEturquoise	ENSG00000180884.10	ZNF792	0.0175704	1.40007	0.359015
mRNA_MEturquoise	ENSG00000151458.12	ANKRD50	0.0175544	2.32836	0.513311
mRNA_MEturquoise	ENSG00000240184.7	PCDHGC3	0.0175517	2.67838	0.586571
mRNA_MEturquoise	ENSG00000136436.15	CALCOCO2	0.0175492	4.21565	0.308692
mRNA_MEturquoise	ENSG00000101310.17	SEC23B	0.0175489	4.32377	0.551735
mRNA_MEturquoise	ENSG00000116044.16	NFE2L2	0.017548	4.64457	0.386365
mRNA_MEturquoise	ENSG00000164830.18	OXR1	0.0175478	3.08037	0.546481
mRNA_MEturquoise	ENSG00000167333.13	TRIM68	0.0175383	2.06709	0.269904
mRNA_MEturquoise	ENSG00000196151.11	WDSUB1	0.0175248	3.07736	0.480071
mRNA_MEturquoise	ENSG00000122126.17	OCRL	0.0175247	2.94156	0.333211
mRNA_MEturquoise	ENSG00000163412.13	EIF4E3	0.0175231	2.20505	0.402231
mRNA_MEturquoise	ENSG00000174206.13	C12orf66	0.0175225	1.50915	0.244654
mRNA_MEturquoise	ENSG00000141429.13	GALNT1	0.0175167	4.02934	0.443456
mRNA_MEturquoise	ENSG00000136450.13	SRSF1	0.0174999	3.15162	0.275916
mRNA_MEturquoise	ENSG00000100225.18	FBXO7	0.0174997	3.95206	0.302272
mRNA_MEturquoise	ENSG00000155189.12	AGPAT5	0.017494	3.33942	0.524542
mRNA_MEturquoise	ENSG00000104427.12	ZC2HC1A	0.017492	1.96541	0.408693
mRNA_MEturquoise	ENSG00000185414.20	MRPL30	0.0174869	2.93954	0.286074
mRNA_MEturquoise	ENSG00000120696.9	KBTBD7	0.017479	1.8564	0.387741
mRNA_MEturquoise	ENSG00000143514.17	TP53BP2	0.0174636	2.8995	0.364901
mRNA_MEturquoise	ENSG00000197128.12	ZNF772	0.0174618	1.17231	0.419002
mRNA_MEturquoise	ENSG00000116473.14	RAP1A	0.017453	4.07694	0.334967
mRNA_MEturquoise	ENSG00000143418.20	CERS2	0.017449	4.97151	0.599678
mRNA_MEturquoise	ENSG00000119537.18	KDSR	0.0174461	3.6088	0.397484
mRNA_MEturquoise	ENSG00000139324.12	TMTC3	0.01743	3.00487	0.395352
mRNA_MEturquoise	ENSG00000186767.7	SPIN4	0.0174273	1.30636	0.33617
mRNA_MEturquoise	ENSG00000260314.3	MRC1	0.0174268	2.36005	0.955275
mRNA_MEturquoise	ENSG00000155850.8	SLC26A2	0.0174255	2.16971	0.422933
mRNA_MEturquoise	ENSG00000095951.17	HIVEP1	0.0174146	1.73879	0.385476
mRNA_MEturquoise	ENSG00000077232.18	DNAJC10	0.0174033	2.63125	0.336852
mRNA_MEturquoise	ENSG00000138376.11	BARD1	0.0174007	0.884591	0.244145
mRNA_MEturquoise	ENSG00000174013.8	FBXO45	0.0173892	1.79298	0.285583
mRNA_MEturquoise	ENSG00000127720.8	METTL25	0.0173854	1.3573	0.282729
mRNA_MEturquoise	ENSG00000099204.20	ABLIM1	0.0173841	4.08383	0.502044
mRNA_MEturquoise	ENSG00000107779.14	BMPR1A	0.0173779	1.92956	0.288995
mRNA_MEturquoise	ENSG00000172671.20	ZFAND4	0.0173632	1.06334	0.215385
mRNA_MEturquoise	ENSG00000170264.13	FAM161A	0.0173544	1.16378	0.33877
mRNA_MEturquoise	ENSG00000134970.14	TMED7	0.0173493	5.17509	0.479659
mRNA_MEturquoise	ENSG00000137713.16	PPP2R1B	0.0173448	2.6619	0.370381
mRNA_MEturquoise	ENSG00000050405.13	LIMA1	0.0173444	4.10812	0.488468
mRNA_MEturquoise	ENSG00000134759.14	ELP2	0.01734	3.10307	0.355961
mRNA_MEturquoise	ENSG00000184939.16	ZFP90	0.0173394	2.57978	0.308067
mRNA_MEturquoise	ENSG00000138821.13	SLC39A8	0.0173315	2.97594	0.66765
mRNA_MEturquoise	ENSG00000161813.22	LARP4	0.0173298	2.79834	0.415015
mRNA_MEturquoise	ENSG00000184898.7	RBM43	0.0173151	2.7729	0.509061
mRNA_MEturquoise	ENSG00000198909.8	MAP3K3	0.0173039	3.11042	0.361137
mRNA_MEturquoise	ENSG00000107890.17	ANKRD26	0.0173012	0.869595	0.188531
mRNA_MEturquoise	ENSG00000143971.9	ETAA1	0.0172997	1.8681	0.259116
mRNA_MEturquoise	ENSG00000149792.9	MRPL49	0.0172985	4.31013	0.406355
mRNA_MEturquoise	ENSG00000175970.11	UNC119B	0.0172827	3.66531	0.610193
mRNA_MEturquoise	ENSG00000137962.13	ARHGAP29	0.0172673	3.28575	0.547466
mRNA_MEturquoise	ENSG00000167981.7	ZNF597	0.0172594	1.12639	0.239608
mRNA_MEturquoise	ENSG00000120925.16	RNF170	0.0172532	2.59815	0.39879
mRNA_MEturquoise	ENSG00000143457.11	GOLPH3L	0.0172528	3.89692	0.375905
mRNA_MEturquoise	ENSG00000177917.11	ARL6IP6	0.0172496	2.35842	0.426462
mRNA_MEturquoise	ENSG00000186298.12	PPP1CC	0.017248	4.42914	0.323709
mRNA_MEturquoise	ENSG00000188211.9	NCR3LG1	0.0172428	1.30478	0.648608
mRNA_MEturquoise	ENSG00000086102.19	NFX1	0.0172307	3.11997	0.346348
mRNA_MEturquoise	ENSG00000043143.20	JADE2	0.0172225	3.18759	0.420577
mRNA_MEturquoise	ENSG00000116514.17	RNF19B	0.0172212	4.01076	0.542845
mRNA_MEturquoise	ENSG00000130741.11	EIF2S3	0.0172136	5.88802	0.4099
mRNA_MEturquoise	ENSG00000196586.16	MYO6	0.0172118	3.36654	0.517998
mRNA_MEturquoise	ENSG00000144468.17	RHBDD1	0.0172087	2.69033	0.315172
mRNA_MEturquoise	ENSG00000110841.14	PPFIBP1	0.0171956	3.77071	0.594381
mRNA_MEturquoise	ENSG00000107938.18	EDRF1	0.0171938	1.16279	0.235118
mRNA_MEturquoise	ENSG00000163781.14	TOPBP1	0.0171929	2.3824	0.337616
mRNA_MEturquoise	ENSG00000196670.14	ZFP62	0.0171925	2.77962	0.353315
mRNA_MEturquoise	ENSG00000163755.9	HPS3	0.0171744	3.02579	0.58279
mRNA_MEturquoise	ENSG00000197442.10	MAP3K5	0.0171669	2.99728	0.443778
mRNA_MEturquoise	ENSG00000101558.14	VAPA	0.0171662	3.58801	0.297966
mRNA_MEturquoise	ENSG00000173852.15	DPY19L1	0.017166	2.97579	0.424728
mRNA_MEturquoise	ENSG00000178904.19	DPY19L3	0.0171635	1.85506	0.271927
mRNA_MEturquoise	ENSG00000144118.14	RALB	0.0171584	5.47753	0.389445
mRNA_MEturquoise	ENSG00000101350.8	KIF3B	0.0171574	4.34126	0.42523
mRNA_MEturquoise	ENSG00000089682.16	RBM41	0.0171563	1.55194	0.258419
mRNA_MEturquoise	ENSG00000050748.18	MAPK9	0.017146	2.87904	0.302565
mRNA_MEturquoise	ENSG00000084463.8	WBP11	0.0171449	4.10771	0.291242
mRNA_MEturquoise	ENSG00000114933.16	INO80D	0.0171273	1.63547	0.212411
mRNA_MEturquoise	ENSG00000168610.16	STAT3	0.0171222	4.57322	0.320199
mRNA_MEturquoise	ENSG00000143924.19	EML4	0.0171088	3.66008	0.392134
mRNA_MEturquoise	ENSG00000164983.7	TMEM65	0.0170996	2.25042	0.333547
mRNA_MEturquoise	ENSG00000198839.10	ZNF277	0.0170948	2.68452	0.434406
mRNA_MEturquoise	ENSG00000011295.16	TTC19	0.0170769	3.17006	0.329648
mRNA_MEturquoise	ENSG00000133641.18	C12orf29	0.0170685	1.80517	0.28998
mRNA_MEturquoise	ENSG00000136247.15	ZDHHC4	0.0170554	3.20996	0.394087
mRNA_MEturquoise	ENSG00000108100.18	CCNY	0.0170506	4.27774	0.370013
mRNA_MEturquoise	ENSG00000151135.10	TMEM263	0.0170408	4.0548	0.428505
mRNA_MEturquoise	ENSG00000066027.12	PPP2R5A	0.0170269	4.00735	0.37966
mRNA_MEturquoise	ENSG00000163877.11	SNIP1	0.0170227	2.10014	0.260154
mRNA_MEturquoise	ENSG00000148634.16	HERC4	0.017002	1.7284	0.225416
mRNA_MEturquoise	ENSG00000171649.12	ZIK1	0.0170015	1.05189	0.412165
mRNA_MEturquoise	ENSG00000197971.16	MBP	0.0169986	2.02675	0.496586
mRNA_MEturquoise	ENSG00000205730.6	ITPRIPL2	0.0169914	2.65057	0.594309
mRNA_MEturquoise	ENSG00000156642.17	NPTN	0.0169733	5.03331	0.351546
mRNA_MEturquoise	ENSG00000175198.17	PCCA	0.0169612	2.55783	0.613159
mRNA_MEturquoise	ENSG00000107186.17	MPDZ	0.0169585	2.13549	0.509569
mRNA_MEturquoise	ENSG00000132286.12	TIMM10B	0.0169561	3.30659	0.338911
mRNA_MEturquoise	ENSG00000120265.18	PCMT1	0.01695	3.90213	0.333921
mRNA_MEturquoise	ENSG00000096654.15	ZNF184	0.0169487	2.08397	0.391819
mRNA_MEturquoise	ENSG00000169499.15	PLEKHA2	0.0169475	4.15693	0.546358
mRNA_MEturquoise	ENSG00000064933.18	PMS1	0.0169419	1.7692	0.26977
mRNA_MEturquoise	ENSG00000164751.15	PEX2	0.0169379	3.13088	0.349496
mRNA_MEturquoise	ENSG00000186432.10	KPNA4	0.0169192	2.84555	0.291872
mRNA_MEturquoise	ENSG00000100109.17	TFIP11	0.0169162	2.59043	0.327456
mRNA_MEturquoise	ENSG00000132294.15	EFR3A	0.0169151	4.06948	0.381666
mRNA_MEturquoise	ENSG00000162735.19	PEX19	0.0169119	3.81377	0.333146
mRNA_MEturquoise	ENSG00000162616.9	DNAJB4	0.0169085	3.52741	0.487243
mRNA_MEturquoise	ENSG00000091140.14	DLD	0.016908	4.1739	0.49569
mRNA_MEturquoise	ENSG00000138231.13	DBR1	0.0169074	2.65734	0.29089
mRNA_MEturquoise	ENSG00000166912.17	MTMR10	0.0168936	2.81293	0.359873
mRNA_MEturquoise	ENSG00000196419.13	XRCC6	0.0168896	6.2698	0.262164
mRNA_MEturquoise	ENSG00000158528.12	PPP1R9A	0.0168874	1.44764	0.486541
mRNA_MEturquoise	ENSG00000147854.17	UHRF2	0.0168817	2.06844	0.342868
mRNA_MEturquoise	ENSG00000155975.10	VPS37A	0.0168768	2.70017	0.366983
mRNA_MEturquoise	ENSG00000122882.11	ECD	0.0168726	3.254	0.268349
mRNA_MEturquoise	ENSG00000152492.15	CCDC50	0.0168724	4.07919	0.407673
mRNA_MEturquoise	ENSG00000141279.17	NPEPPS	0.0168552	2.86161	0.333223
mRNA_MEturquoise	ENSG00000122299.12	ZC3H7A	0.0168491	3.28916	0.337787
mRNA_MEturquoise	ENSG00000153015.16	CWC27	0.0168415	2.74878	0.287102
mRNA_MEturquoise	ENSG00000144895.12	EIF2A	0.0168364	4.39945	0.430438
mRNA_MEturquoise	ENSG00000109686.19	SH3D19	0.0168345	3.0694	0.446527
mRNA_MEturquoise	ENSG00000083844.10	ZNF264	0.0168244	2.03394	0.261947
mRNA_MEturquoise	ENSG00000165678.21	GHITM	0.0168193	6.31839	0.431767
mRNA_MEturquoise	ENSG00000166260.13	COX11	0.0168128	2.92264	0.326498
mRNA_MEturquoise	ENSG00000156931.16	VPS8	0.0168069	2.19189	0.253913
mRNA_MEturquoise	ENSG00000173198.6	CYSLTR1	0.0168066	1.04775	0.388456
mRNA_MEturquoise	ENSG00000255302.5	EID1	0.0167946	6.78119	0.392934
mRNA_MEturquoise	ENSG00000163935.14	SFMBT1	0.0167915	1.59813	0.373506
mRNA_MEturquoise	ENSG00000137502.10	RAB30	0.0167789	1.23932	0.307667
mRNA_MEturquoise	ENSG00000119899.13	SLC17A5	0.0167754	3.82371	0.534691
mRNA_MEturquoise	ENSG00000163785.13	RYK	0.0167724	2.80382	0.318396
mRNA_MEturquoise	ENSG00000180938.6	ZNF572	0.016764	0.84663	0.283245
mRNA_MEturquoise	ENSG00000138303.18	ASCC1	0.0167487	2.66891	0.302754
mRNA_MEturquoise	ENSG00000169255.15	B3GALNT1	0.0167473	2.42705	0.57502
mRNA_MEturquoise	ENSG00000118518.16	RNF146	0.0167473	3.53266	0.358352
mRNA_MEturquoise	ENSG00000112308.13	C6orf62	0.0167418	5.91512	0.316988
mRNA_MEturquoise	ENSG00000146223.16	RPL7L1	0.0167407	3.63713	0.350048
mRNA_MEturquoise	ENSG00000054392.13	HHAT	0.0167335	1.58143	0.439432
mRNA_MEturquoise	ENSG00000213047.13	DENND1B	0.0167324	1.20282	0.371238
mRNA_MEturquoise	ENSG00000116106.12	EPHA4	0.0167318	1.82993	0.688666
mRNA_MEturquoise	ENSG00000165195.16	PIGA	0.0167248	1.74094	0.305408
mRNA_MEturquoise	ENSG00000198874.13	TYW1	0.0167238	2.62339	0.307767
mRNA_MEturquoise	ENSG00000204084.13	INPP5B	0.0166992	1.61588	0.289784
mRNA_MEturquoise	ENSG00000152217.20	SETBP1	0.0166963	1.68663	0.431361
mRNA_MEturquoise	ENSG00000177932.7	ZNF354C	0.0166933	1.03357	0.457229
mRNA_MEturquoise	ENSG00000104756.16	KCTD9	0.016691	3.50076	0.459603
mRNA_MEturquoise	ENSG00000165282.14	PIGO	0.0166805	2.74963	0.383185
mRNA_MEturquoise	ENSG00000111412.6	SPRING1	0.0166756	3.05528	0.613239
mRNA_MEturquoise	ENSG00000142188.17	TMEM50B	0.0166724	3.38945	0.370737
mRNA_MEturquoise	ENSG00000164291.17	ARSK	0.0166703	2.01057	0.406349
mRNA_MEturquoise	ENSG00000172977.13	KAT5	0.0166696	2.09377	0.306359
mRNA_MEturquoise	ENSG00000101782.15	RIOK3	0.016665	4.37212	0.422029
mRNA_MEturquoise	ENSG00000103194.16	USP10	0.016665	4.00918	0.281208
mRNA_MEturquoise	ENSG00000069345.12	DNAJA2	0.016644	4.25123	0.288796
mRNA_MEturquoise	ENSG00000168411.14	RFWD3	0.0166388	2.38289	0.296505
mRNA_MEturquoise	ENSG00000084073.10	ZMPSTE24	0.0166332	4.3741	0.38329
mRNA_MEturquoise	ENSG00000197329.12	PELI1	0.0166221	3.64916	0.445111
mRNA_MEturquoise	ENSG00000089050.16	RBBP9	0.0166217	3.70215	0.438336
mRNA_MEturquoise	ENSG00000172159.16	FRMD3	0.0166207	3.00355	0.851974
mRNA_MEturquoise	ENSG00000204899.6	MZT1	0.0166144	3.2738	0.447642
mRNA_MEturquoise	ENSG00000152620.13	NADK2	0.0166129	2.83755	0.374662
mRNA_MEturquoise	ENSG00000094975.14	SUCO	0.0166042	2.6187	0.426038
mRNA_MEturquoise	ENSG00000174243.10	DDX23	0.0166005	4.33128	0.272867
mRNA_MEturquoise	ENSG00000119335.17	SET	0.016596	5.89195	0.357774
mRNA_MEturquoise	ENSG00000185875.13	THNSL1	0.0165927	2.28383	0.419104
mRNA_MEturquoise	ENSG00000163214.21	DHX57	0.0165881	2.08703	0.263591
mRNA_MEturquoise	ENSG00000144320.14	LNPK	0.0165781	2.89191	0.4459
mRNA_MEturquoise	ENSG00000151576.10	QTRT2	0.016569	1.80833	0.264494
mRNA_MEturquoise	ENSG00000067334.14	DNTTIP2	0.0165515	3.08556	0.267865
mRNA_MEturquoise	ENSG00000173480.11	ZNF417	0.01655	1.34836	0.25755
mRNA_MEturquoise	ENSG00000152455.16	SUV39H2	0.0165499	1.29347	0.235675
mRNA_MEturquoise	ENSG00000116984.14	MTR	0.0165461	3.17046	0.373677
mRNA_MEturquoise	ENSG00000113742.14	CPEB4	0.016544	3.07851	0.614048
mRNA_MEturquoise	ENSG00000053328.8	METTL24	0.0165436	1.08825	0.550397
mRNA_MEturquoise	ENSG00000153922.11	CHD1	0.01654	2.55851	0.390121
mRNA_MEturquoise	ENSG00000153317.15	ASAP1	0.0165335	3.24452	0.479244
mRNA_MEturquoise	ENSG00000124201.15	ZNFX1	0.0165225	3.54853	0.374069
mRNA_MEturquoise	ENSG00000237440.9	ZNF737	0.016521	1.55756	0.364084
mRNA_MEturquoise	ENSG00000143702.16	CEP170	0.0165123	1.87751	0.358564
mRNA_MEturquoise	ENSG00000213639.10	PPP1CB	0.0165098	5.43759	0.342841
mRNA_MEturquoise	ENSG00000166024.14	R3HCC1L	0.0165033	2.39766	0.346239
mRNA_MEturquoise	ENSG00000156273.16	BACH1	0.0164927	3.17963	0.498869
mRNA_MEturquoise	ENSG00000185164.14	NOMO2	0.0164865	1.45527	0.440281
mRNA_MEturquoise	ENSG00000047188.16	YTHDC2	0.0164834	2.43606	0.341637
mRNA_MEturquoise	ENSG00000170881.5	RNF139	0.016481	3.7447	0.314834
mRNA_MEturquoise	ENSG00000111816.8	FRK	0.0164803	1.87631	0.502928
mRNA_MEturquoise	ENSG00000164116.17	GUCY1A1	0.0164664	3.47824	0.640238
mRNA_MEturquoise	ENSG00000104689.10	TNFRSF10A	0.0164516	2.31563	0.512306
mRNA_MEturquoise	ENSG00000167202.11	TBC1D2B	0.0164461	2.91831	0.458464
mRNA_MEturquoise	ENSG00000132718.9	SYT11	0.0164458	3.07642	0.63596
mRNA_MEturquoise	ENSG00000198522.14	GPN1	0.0164357	3.23221	0.293678
mRNA_MEturquoise	ENSG00000178425.14	NT5DC1	0.0164346	2.6767	0.396708
mRNA_MEturquoise	ENSG00000175216.15	CKAP5	0.0164338	3.19804	0.328176
mRNA_MEturquoise	ENSG00000077458.13	FAM76B	0.0164072	1.8585	0.281024
mRNA_MEturquoise	ENSG00000180787.6	ZFP3	0.0164061	1.78954	0.34196
mRNA_MEturquoise	ENSG00000186376.15	ZNF75D	0.0164049	2.00744	0.291708
mRNA_MEturquoise	ENSG00000183283.16	DAZAP2	0.0164026	5.96934	0.305152
mRNA_MEturquoise	ENSG00000129028.9	THAP10	0.0163974	1.46221	0.27498
mRNA_MEturquoise	ENSG00000135317.13	SNX14	0.0163896	2.96176	0.320763
mRNA_MEturquoise	ENSG00000113441.16	LNPEP	0.0163859	3.03417	0.45967
mRNA_MEturquoise	ENSG00000143156.14	NME7	0.0163845	1.7314	0.334866
mRNA_MEturquoise	ENSG00000172171.11	TEFM	0.01638	1.45665	0.231351
mRNA_MEturquoise	ENSG00000143164.15	DCAF6	0.0163771	3.68807	0.358402
mRNA_MEturquoise	ENSG00000166845.15	C18orf54	0.0163742	1.04639	0.309896
mRNA_MEturquoise	ENSG00000184083.12	FAM120C	0.0163669	1.40932	0.242842
mRNA_MEturquoise	ENSG00000023909.10	GCLM	0.0163619	2.82785	0.509475
mRNA_MEturquoise	ENSG00000079691.18	CARMIL1	0.0163474	2.11124	0.39574
mRNA_MEturquoise	ENSG00000125482.13	TTF1	0.0163467	2.41197	0.312191
mRNA_MEturquoise	ENSG00000013375.16	PGM3	0.0163424	2.47497	0.336122
mRNA_MEturquoise	ENSG00000181472.5	ZBTB2	0.0163415	2.77123	0.335477
mRNA_MEturquoise	ENSG00000110958.16	PTGES3	0.016339	6.21422	0.364014
mRNA_MEturquoise	ENSG00000075711.21	DLG1	0.0163389	2.30864	0.343146
mRNA_MEturquoise	ENSG00000182158.15	CREB3L2	0.016338	4.0355	0.406894
mRNA_MEturquoise	ENSG00000140740.11	UQCRC2	0.0163347	5.29104	0.470915
mRNA_MEturquoise	ENSG00000079950.14	STX7	0.0163232	2.92962	0.392644
mRNA_MEturquoise	ENSG00000152104.12	PTPN14	0.0163205	2.47869	0.506015
mRNA_MEturquoise	ENSG00000136243.17	NUP42	0.0163194	1.70356	0.290585
mRNA_MEturquoise	ENSG00000162377.6	COA7	0.0163057	2.27282	0.366724
mRNA_MEturquoise	ENSG00000133131.15	MORC4	0.0162988	2.21764	0.415187
mRNA_MEturquoise	ENSG00000150347.16	ARID5B	0.0162902	3.66118	0.628191
mRNA_MEturquoise	ENSG00000142794.19	NBPF3	0.0162848	1.00911	0.38118
mRNA_MEturquoise	ENSG00000180011.7	ZADH2	0.0162811	2.48203	0.383219
mRNA_MEturquoise	ENSG00000165572.8	KBTBD6	0.0162798	1.97595	0.355519
mRNA_MEturquoise	ENSG00000122779.18	TRIM24	0.0162765	2.02388	0.299696
mRNA_MEturquoise	ENSG00000162851.8	TFB2M	0.0162754	2.99758	0.414391
mRNA_MEturquoise	ENSG00000064042.18	LIMCH1	0.0162753	3.10749	0.606776
mRNA_MEturquoise	ENSG00000083290.20	ULK2	0.0162738	1.96648	0.317194
mRNA_MEturquoise	ENSG00000135299.17	ANKRD6	0.0162699	1.52477	0.350111
mRNA_MEturquoise	ENSG00000112130.17	RNF8	0.0162607	1.70292	0.237681
mRNA_MEturquoise	ENSG00000149100.13	EIF3M	0.0162417	3.77546	0.334633
mRNA_MEturquoise	ENSG00000052795.13	FNIP2	0.0162407	3.0294	0.608554
mRNA_MEturquoise	ENSG00000162368.13	CMPK1	0.0162384	5.23545	0.366035
mRNA_MEturquoise	ENSG00000131437.16	KIF3A	0.0162338	1.97413	0.336501
mRNA_MEturquoise	ENSG00000101843.19	PSMD10	0.0162246	4.21076	0.295527
mRNA_MEturquoise	ENSG00000265808.4	SEC22B	0.0162216	2.77959	0.27758
mRNA_MEturquoise	ENSG00000082153.18	BZW1	0.0162082	3.52841	0.362156
mRNA_MEturquoise	ENSG00000173674.11	EIF1AX	0.0162056	4.13877	0.437567
mRNA_MEturquoise	ENSG00000176148.16	TCP11L1	0.0162041	2.1334	0.39696
mRNA_MEturquoise	ENSG00000161542.17	PRPSAP1	0.0161926	2.38049	0.271477
mRNA_MEturquoise	ENSG00000092978.11	GPATCH2	0.0161908	1.50042	0.234536
mRNA_MEturquoise	ENSG00000185920.16	PTCH1	0.0161721	0.934049	0.311021
mRNA_MEturquoise	ENSG00000178397.13	FAM220A	0.0161497	2.9769	0.333425
mRNA_MEturquoise	ENSG00000166750.10	SLFN5	0.0161487	3.01271	0.547538
mRNA_MEturquoise	ENSG00000069943.10	PIGB	0.0161341	1.8116	0.299978
mRNA_MEturquoise	ENSG00000130338.13	TULP4	0.0161325	1.77846	0.307428
mRNA_MEturquoise	ENSG00000177311.11	ZBTB38	0.0161271	3.29022	0.516927
mRNA_MEturquoise	ENSG00000157540.22	DYRK1A	0.016121	1.92162	0.234933
mRNA_MEturquoise	ENSG00000085274.16	MYNN	0.0160964	2.08523	0.313021
mRNA_MEturquoise	ENSG00000126945.9	HNRNPH2	0.0160899	5.18888	0.310226
mRNA_MEturquoise	ENSG00000006451.8	RALA	0.0160717	4.0167	0.384802
mRNA_MEturquoise	ENSG00000101193.8	GID8	0.0160644	3.98899	0.280345
mRNA_MEturquoise	ENSG00000123636.18	BAZ2B	0.0160452	1.3464	0.334592
mRNA_MEturquoise	ENSG00000136518.17	ACTL6A	0.0160374	2.98956	0.317433
mRNA_MEturquoise	ENSG00000023734.11	STRAP	0.0159945	5.47871	0.38035
mRNA_MEturquoise	ENSG00000123684.13	LPGAT1	0.0159773	3.57895	0.435096
mRNA_MEturquoise	ENSG00000130348.11	QRSL1	0.0159691	2.19886	0.338089
mRNA_MEturquoise	ENSG00000113593.12	PPWD1	0.0159653	2.93251	0.342366
mRNA_MEturquoise	ENSG00000185238.13	PRMT3	0.015959	1.69061	0.309602
mRNA_MEturquoise	ENSG00000129128.13	SPCS3	0.0159539	4.51031	0.390851
mRNA_MEturquoise	ENSG00000178202.13	POGLUT3	0.0159509	4.22251	0.511954
mRNA_MEturquoise	ENSG00000124164.16	VAPB	0.0159471	3.09313	0.326311
mRNA_MEturquoise	ENSG00000137200.13	CMTR1	0.0159469	3.5093	0.261648
mRNA_MEturquoise	ENSG00000138442.10	WDR12	0.0159395	1.93003	0.317069
mRNA_MEturquoise	ENSG00000257218.6	GATC	0.0159316	2.37384	0.278551
mRNA_MEturquoise	ENSG00000115170.15	ACVR1	0.0159184	3.46878	0.346078
mRNA_MEturquoise	ENSG00000174574.16	AKIRIN1	0.0159113	4.04279	0.512597
mRNA_MEturquoise	ENSG00000154305.18	MIA3	0.0159068	2.97955	0.286029
mRNA_MEturquoise	ENSG00000118507.17	AKAP7	0.0159015	1.86204	0.374155
mRNA_MEturquoise	ENSG00000166263.13	STXBP4	0.0158956	1.10722	0.231733
mRNA_MEturquoise	ENSG00000136875.13	PRPF4	0.0158929	3.19022	0.357387
mRNA_MEturquoise	ENSG00000043093.15	DCUN1D1	0.015888	2.25598	0.319526
mRNA_MEturquoise	ENSG00000156052.11	GNAQ	0.0158861	4.19902	0.361495
mRNA_MEturquoise	ENSG00000155097.12	ATP6V1C1	0.0158666	4.08483	0.442699
mRNA_MEturquoise	ENSG00000172071.14	EIF2AK3	0.0158506	2.40112	0.384406
mRNA_MEturquoise	ENSG00000169756.16	LIMS1	0.0158398	3.62596	0.471409
mRNA_MEturquoise	ENSG00000147853.17	AK3	0.0158284	3.98004	0.454809
mRNA_MEturquoise	ENSG00000067141.17	NEO1	0.0158265	3.68216	0.501871
mRNA_MEturquoise	ENSG00000168807.16	SNTB2	0.0158243	2.40602	0.333331
mRNA_MEturquoise	ENSG00000140836.17	ZFHX3	0.0158172	1.55242	0.353303
mRNA_MEturquoise	ENSG00000144366.16	GULP1	0.0158135	1.25455	0.629351
mRNA_MEturquoise	ENSG00000127334.11	DYRK2	0.0157997	2.49374	0.360902
mRNA_MEturquoise	ENSG00000198464.14	ZNF480	0.0157993	2.30012	0.298864
mRNA_MEturquoise	ENSG00000172340.15	SUCLG2	0.0157923	4.45301	0.47809
mRNA_MEturquoise	ENSG00000128791.12	TWSG1	0.0157882	3.73834	0.552294
mRNA_MEturquoise	ENSG00000148225.16	WDR31	0.0157774	1.31645	0.43667
mRNA_MEturquoise	ENSG00000284024.4	AC069544.2	0.0157717	2.20912	0.290081
mRNA_MEturquoise	ENSG00000130363.12	RSPH3	0.0157695	2.40667	0.398103
mRNA_MEturquoise	ENSG00000075651.16	PLD1	0.0157656	2.06134	0.432673
mRNA_MEturquoise	ENSG00000151806.14	GUF1	0.0157641	2.67538	0.355724
mRNA_MEturquoise	ENSG00000048991.16	R3HDM1	0.0157562	2.1001	0.260429
mRNA_MEturquoise	ENSG00000183431.12	SF3A3	0.0157558	4.31609	0.24587
mRNA_MEturquoise	ENSG00000001167.14	NFYA	0.015753	2.94284	0.325944
mRNA_MEturquoise	ENSG00000020256.20	ZFP64	0.0157505	1.76493	0.244593
mRNA_MEturquoise	ENSG00000128590.5	DNAJB9	0.0157477	5.28723	0.695539
mRNA_MEturquoise	ENSG00000137509.11	PRCP	0.0157459	3.81916	0.440093
mRNA_MEturquoise	ENSG00000169554.22	ZEB2	0.0157393	2.39839	0.406684
mRNA_MEturquoise	ENSG00000198408.14	OGA	0.0157262	4.88516	0.380322
mRNA_MEturquoise	ENSG00000171155.8	C1GALT1C1	0.0157168	3.91703	0.298432
mRNA_MEturquoise	ENSG00000211455.8	STK38L	0.015716	2.60981	0.489463
mRNA_MEturquoise	ENSG00000143155.13	TIPRL	0.0157089	3.82245	0.2987
mRNA_MEturquoise	ENSG00000196937.11	FAM3C	0.0157017	3.51304	0.434684
mRNA_MEturquoise	ENSG00000170145.5	SIK2	0.0156967	3.33914	0.448098
mRNA_MEturquoise	ENSG00000102471.14	NDFIP2	0.0156961	3.9367	0.509507
mRNA_MEturquoise	ENSG00000165185.15	KIAA1958	0.0156929	1.58611	0.39534
mRNA_MEturquoise	ENSG00000133302.13	SLF1	0.0156915	1.25802	0.294264
mRNA_MEturquoise	ENSG00000143748.18	NVL	0.0156907	2.07868	0.304729
mRNA_MEturquoise	ENSG00000247626.5	MARS2	0.0156893	1.79684	0.428783
mRNA_MEturquoise	ENSG00000164941.14	INTS8	0.0156881	2.07736	0.271194
mRNA_MEturquoise	ENSG00000135336.15	ORC3	0.0156805	3.05693	0.378979
mRNA_MEturquoise	ENSG00000111144.10	LTA4H	0.0156774	4.01551	0.375042
mRNA_MEturquoise	ENSG00000165526.9	RPUSD4	0.01567	2.75652	0.335989
mRNA_MEturquoise	ENSG00000197863.9	ZNF790	0.0156694	1.42056	0.291124
mRNA_MEturquoise	ENSG00000075945.13	KIFAP3	0.0156683	3.45819	0.368801
mRNA_MEturquoise	ENSG00000164252.13	AGGF1	0.0156617	2.19701	0.223199
mRNA_MEturquoise	ENSG00000118961.15	LDAH	0.0156551	2.40604	0.333884
mRNA_MEturquoise	ENSG00000169570.10	DTWD2	0.0156302	1.85552	0.379407
mRNA_MEturquoise	ENSG00000125812.16	GZF1	0.0156251	2.12662	0.279019
mRNA_MEturquoise	ENSG00000185963.14	BICD2	0.0156149	3.0869	0.279845
mRNA_MEturquoise	ENSG00000188171.16	ZNF626	0.0156103	1.3018	0.283336
mRNA_MEturquoise	ENSG00000197147.15	LRRC8B	0.0156061	1.31748	0.328039
mRNA_MEturquoise	ENSG00000064763.11	FAR2	0.0156054	1.72472	0.446161
mRNA_MEturquoise	ENSG00000170191.5	NANP	0.0156046	1.56705	0.264474
mRNA_MEturquoise	ENSG00000188352.12	FOCAD	0.0156043	2.06366	0.470538
mRNA_MEturquoise	ENSG00000112406.5	HECA	0.0156022	2.97234	0.414165
mRNA_MEturquoise	ENSG00000198900.6	TOP1	0.0155954	4.55917	0.356854
mRNA_MEturquoise	ENSG00000171681.12	ATF7IP	0.0155945	3.19653	0.321819
mRNA_MEturquoise	ENSG00000132305.21	IMMT	0.0155943	4.66808	0.336145
mRNA_MEturquoise	ENSG00000138035.15	PNPT1	0.0155796	2.45912	0.298976
mRNA_MEturquoise	ENSG00000165338.17	HECTD2	0.0155521	1.28851	0.266757
mRNA_MEturquoise	ENSG00000118689.15	FOXO3	0.0155439	3.56426	0.507343
mRNA_MEturquoise	ENSG00000102144.15	PGK1	0.0155435	7.52791	0.629771
mRNA_MEturquoise	ENSG00000058729.11	RIOK2	0.015522	2.38295	0.296802
mRNA_MEturquoise	ENSG00000095261.14	PSMD5	0.0155156	3.11432	0.384808
mRNA_MEturquoise	ENSG00000186141.9	POLR3C	0.0155107	3.05323	0.278442
mRNA_MEturquoise	ENSG00000138764.15	CCNG2	0.0155	3.67313	0.53259
mRNA_MEturquoise	ENSG00000131018.24	SYNE1	0.0154932	1.9382	0.454803
mRNA_MEturquoise	ENSG00000086666.19	ZFAND6	0.0154916	3.63023	0.35941
mRNA_MEturquoise	ENSG00000162702.8	ZNF281	0.0154788	2.55149	0.467647
mRNA_MEturquoise	ENSG00000121864.10	ZNF639	0.0154764	2.37632	0.287269
mRNA_MEturquoise	ENSG00000063601.17	MTMR1	0.0154529	2.53283	0.296587
mRNA_MEturquoise	ENSG00000154845.16	PPP4R1	0.01545	3.18874	0.332083
mRNA_MEturquoise	ENSG00000187626.9	ZKSCAN4	0.0154444	1.27713	0.277902
mRNA_MEturquoise	ENSG00000136560.14	TANK	0.0154258	3.05518	0.303993
mRNA_MEturquoise	ENSG00000186480.13	INSIG1	0.0154194	3.23108	0.467146
mRNA_MEturquoise	ENSG00000265972.6	TXNIP	0.0154104	8.17685	0.604462
mRNA_MEturquoise	ENSG00000115548.17	KDM3A	0.0154016	2.94622	0.367324
mRNA_MEturquoise	ENSG00000120159.13	CAAP1	0.0153922	2.86717	0.37284
mRNA_MEturquoise	ENSG00000052841.15	TTC17	0.0153909	3.06881	0.23645
mRNA_MEturquoise	ENSG00000213020.10	ZNF611	0.0153793	2.21671	0.508771
mRNA_MEturquoise	ENSG00000143401.15	ANP32E	0.0153718	4.41818	0.395439
mRNA_MEturquoise	ENSG00000135677.11	GNS	0.0153702	5.92013	0.517756
mRNA_MEturquoise	ENSG00000138801.9	PAPSS1	0.0153694	3.93536	0.371285
mRNA_MEturquoise	ENSG00000179387.10	ELMOD2	0.0153659	2.7958	0.334048
mRNA_MEturquoise	ENSG00000180694.14	TMEM64	0.0153617	3.17911	0.552875
mRNA_MEturquoise	ENSG00000087338.5	GMCL1	0.0153493	3.20727	0.465788
mRNA_MEturquoise	ENSG00000234545.8	FAM133B	0.0153477	1.43776	0.211139
mRNA_MEturquoise	ENSG00000165105.10	RASEF	0.0153464	2.09772	0.630048
mRNA_MEturquoise	ENSG00000171867.17	PRNP	0.0153291	5.37508	0.483386
mRNA_MEturquoise	ENSG00000116874.12	WARS2	0.0153283	2.66519	0.392016
mRNA_MEturquoise	ENSG00000147065.17	MSN	0.0153276	7.1644	0.350075
mRNA_MEturquoise	ENSG00000168806.8	LCMT2	0.0153266	1.54288	0.303125
mRNA_MEturquoise	ENSG00000025156.13	HSF2	0.0153152	2.21676	0.318488
mRNA_MEturquoise	ENSG00000120029.13	ARMH3	0.0152945	3.09993	0.250308
mRNA_MEturquoise	ENSG00000133731.10	IMPA1	0.0152918	2.71992	0.337191
mRNA_MEturquoise	ENSG00000119392.15	GLE1	0.0152874	3.4109	0.351343
mRNA_MEturquoise	ENSG00000119977.21	TCTN3	0.0152868	4.56622	0.32447
mRNA_MEturquoise	ENSG00000089597.18	GANAB	0.0152793	6.62401	0.300445
mRNA_MEturquoise	ENSG00000182903.16	ZNF721	0.0152779	1.91564	0.254523
mRNA_MEturquoise	ENSG00000165169.11	DYNLT3	0.0152775	3.78378	0.411664
mRNA_MEturquoise	ENSG00000163655.16	GMPS	0.0152751	2.76062	0.323224
mRNA_MEturquoise	ENSG00000139436.21	GIT2	0.0152714	1.93429	0.460702
mRNA_MEturquoise	ENSG00000186231.17	KLHL32	0.015262	0.943906	0.43349
mRNA_MEturquoise	ENSG00000148143.13	ZNF462	0.0152597	1.97354	0.403957
mRNA_MEturquoise	ENSG00000120727.13	PAIP2	0.0152589	4.04316	0.348463
mRNA_MEturquoise	ENSG00000096384.20	HSP90AB1	0.0152554	8.44816	0.448134
mRNA_MEturquoise	ENSG00000086061.16	DNAJA1	0.0152552	5.86698	0.432317
mRNA_MEturquoise	ENSG00000166526.18	ZNF3	0.0152503	2.6729	0.255176
mRNA_MEturquoise	ENSG00000018408.15	WWTR1	0.0152121	4.93264	0.548019
mRNA_MEturquoise	ENSG00000182957.16	SPATA13	0.0151957	2.56463	0.400772
mRNA_MEturquoise	ENSG00000136932.14	TRMO	0.015195	1.90605	0.304347
mRNA_MEturquoise	ENSG00000108984.15	MAP2K6	0.0151861	0.878054	0.318678
mRNA_MEturquoise	ENSG00000162775.16	RBM15	0.0151844	1.83541	0.261377
mRNA_MEturquoise	ENSG00000106052.13	TAX1BP1	0.0151841	4.02858	0.354892
mRNA_MEturquoise	ENSG00000007202.15	KIAA0100	0.0151823	3.73356	0.456943
mRNA_MEturquoise	ENSG00000158079.16	PTPDC1	0.0151766	1.32923	0.252781
mRNA_MEturquoise	ENSG00000139641.13	ESYT1	0.01517	5.00381	0.376652
mRNA_MEturquoise	ENSG00000115762.16	PLEKHB2	0.0151671	4.69089	0.542876
mRNA_MEturquoise	ENSG00000157045.9	NTAN1	0.0151657	2.74756	0.294338
mRNA_MEturquoise	ENSG00000126821.8	SGPP1	0.0151594	3.36415	0.552791
mRNA_MEturquoise	ENSG00000124214.20	STAU1	0.0151323	5.31527	0.281764
mRNA_MEturquoise	ENSG00000070961.16	ATP2B1	0.0151323	2.51849	0.458382
mRNA_MEturquoise	ENSG00000189298.14	ZKSCAN3	0.015125	1.27225	0.275885
mRNA_MEturquoise	ENSG00000078369.18	GNB1	0.0151148	6.12256	0.290534
mRNA_MEturquoise	ENSG00000172175.15	MALT1	0.0151119	2.72466	0.422785
mRNA_MEturquoise	ENSG00000163297.17	ANTXR2	0.0151107	2.74627	0.450519
mRNA_MEturquoise	ENSG00000140632.17	GLYR1	0.01511	4.34177	0.319672
mRNA_MEturquoise	ENSG00000163607.17	GTPBP8	0.0151079	1.57909	0.286552
mRNA_MEturquoise	ENSG00000124786.12	SLC35B3	0.0151074	2.88575	0.304259
mRNA_MEturquoise	ENSG00000175556.17	LONRF3	0.0151042	1.03755	0.450325
mRNA_MEturquoise	ENSG00000111860.14	CEP85L	0.0151027	1.06717	0.270666
mRNA_MEturquoise	ENSG00000109762.16	SNX25	0.015096	2.30717	0.387315
mRNA_MEturquoise	ENSG00000162976.13	SLC66A3	0.0150814	4.11084	0.384718
mRNA_MEturquoise	ENSG00000077514.9	POLD3	0.0150747	2.27117	0.268191
mRNA_MEturquoise	ENSG00000152520.14	PAN3	0.0150701	3.01307	0.316847
mRNA_MEturquoise	ENSG00000137842.7	TMEM62	0.0150655	2.04737	0.295574
mRNA_MEturquoise	ENSG00000109323.11	MANBA	0.0150558	2.47637	0.352284
mRNA_MEturquoise	ENSG00000048828.17	FAM120A	0.0150501	4.76625	0.375231
mRNA_MEturquoise	ENSG00000102595.20	UGGT2	0.0150477	1.97201	0.297217
mRNA_MEturquoise	ENSG00000172840.7	PDP2	0.0150356	1.251	0.322217
mRNA_MEturquoise	ENSG00000137486.17	ARRB1	0.0150338	2.08723	0.445736
mRNA_MEturquoise	ENSG00000177981.11	ASB8	0.0150275	3.45977	0.260799
mRNA_MEturquoise	ENSG00000146282.18	RARS2	0.015024	3.67285	0.360586
mRNA_MEturquoise	ENSG00000148229.13	POLE3	0.015014	4.34736	0.33645
mRNA_MEturquoise	ENSG00000130779.21	CLIP1	0.0150098	2.40305	0.378381
mRNA_MEturquoise	ENSG00000166226.13	CCT2	0.0150097	4.82979	0.326104
mRNA_MEturquoise	ENSG00000198890.9	PRMT6	0.0149951	2.19001	0.378233
mRNA_MEturquoise	ENSG00000075420.13	FNDC3B	0.0149939	3.79248	0.450969
mRNA_MEturquoise	ENSG00000122085.17	MTERF4	0.0149902	1.77695	0.2661
mRNA_MEturquoise	ENSG00000133606.11	MKRN1	0.0149829	4.30675	0.283293
mRNA_MEturquoise	ENSG00000116212.15	LRRC42	0.0149824	3.48966	0.381448
mRNA_MEturquoise	ENSG00000108861.9	DUSP3	0.0149824	4.95268	0.401186
mRNA_MEturquoise	ENSG00000124217.5	MOCS3	0.0149525	1.63819	0.234196
mRNA_MEturquoise	ENSG00000011007.12	ELOA	0.0149471	3.09791	0.272328
mRNA_MEturquoise	ENSG00000099968.18	BCL2L13	0.0149438	3.57366	0.343158
mRNA_MEturquoise	ENSG00000150627.16	WDR17	0.0149374	0.824136	0.421703
mRNA_MEturquoise	ENSG00000144369.13	FAM171B	0.0149314	1.34241	0.501934
mRNA_MEturquoise	ENSG00000164715.6	LMTK2	0.0149053	2.85259	0.437029
mRNA_MEturquoise	ENSG00000172817.4	CYP7B1	0.0149023	2.68603	0.622827
mRNA_MEturquoise	ENSG00000166415.15	WDR72	0.0149	2.6259	1.0843
mRNA_MEturquoise	ENSG00000170464.10	DNAJC18	0.0148887	1.86682	0.392372
mRNA_MEturquoise	ENSG00000175054.16	ATR	0.0148861	0.970524	0.234662
mRNA_MEturquoise	ENSG00000198168.9	SVIP	0.0148821	2.62657	0.419247
mRNA_MEturquoise	ENSG00000141380.14	SS18	0.0148815	3.76384	0.291439
mRNA_MEturquoise	ENSG00000153975.10	ZUP1	0.0148812	1.87378	0.261456
mRNA_MEturquoise	ENSG00000136936.11	XPA	0.0148778	2.90659	0.341677
mRNA_MEturquoise	ENSG00000197020.11	ZNF100	0.0148676	1.24791	0.277885
mRNA_MEturquoise	ENSG00000143319.17	ISG20L2	0.0148538	2.97923	0.285595
mRNA_MEturquoise	ENSG00000140718.21	FTO	0.0148472	2.76867	0.431168
mRNA_MEturquoise	ENSG00000114573.10	ATP6V1A	0.014844	4.65761	0.626914
mRNA_MEturquoise	ENSG00000150907.10	FOXO1	0.0148387	2.44357	0.461666
mRNA_MEturquoise	ENSG00000124275.15	MTRR	0.0148384	3.33346	0.463284
mRNA_MEturquoise	ENSG00000164066.13	INTU	0.014826	1.09295	0.277985
mRNA_MEturquoise	ENSG00000180626.10	ZNF594	0.014824	1.22784	0.289132
mRNA_MEturquoise	ENSG00000131849.12	ZNF132	0.0148197	1.25081	0.394636
mRNA_MEturquoise	ENSG00000175764.14	TTLL11	0.0148168	1.03701	0.216608
mRNA_MEturquoise	ENSG00000162946.23	DISC1	0.0148118	1.03412	0.280257
mRNA_MEturquoise	ENSG00000164506.14	STXBP5	0.0147944	1.29733	0.300861
mRNA_MEturquoise	ENSG00000185483.12	ROR1	0.0147936	1.17333	0.418232
mRNA_MEturquoise	ENSG00000153214.11	TMEM87B	0.0147898	2.85079	0.396409
mRNA_MEturquoise	ENSG00000170417.16	TMEM182	0.0147894	0.984435	0.305726
mRNA_MEturquoise	ENSG00000151239.14	TWF1	0.0147889	3.91312	0.461289
mRNA_MEturquoise	ENSG00000139132.14	FGD4	0.014777	2.37384	0.477911
mRNA_MEturquoise	ENSG00000182220.15	ATP6AP2	0.0147711	4.36004	0.383762
mRNA_MEturquoise	ENSG00000058091.17	CDK14	0.0147659	2.99689	0.578821
mRNA_MEturquoise	ENSG00000185418.16	TARS3	0.0147473	2.53057	0.425909
mRNA_MEturquoise	ENSG00000110013.13	SIAE	0.0147458	3.25321	0.515996
mRNA_MEturquoise	ENSG00000168710.18	AHCYL1	0.0147379	5.16121	0.327342
mRNA_MEturquoise	ENSG00000147905.18	ZCCHC7	0.0147294	2.58003	0.331908
mRNA_MEturquoise	ENSG00000131473.17	ACLY	0.0147292	6.3107	0.594862
mRNA_MEturquoise	ENSG00000135953.11	MFSD9	0.0147207	1.98029	0.312162
mRNA_MEturquoise	ENSG00000196526.10	AFAP1	0.0147196	0.981443	0.332323
mRNA_MEturquoise	ENSG00000175155.11	YPEL2	0.0147186	3.12519	0.423883
mRNA_MEturquoise	ENSG00000197557.7	TTC30A	0.0147171	2.16922	0.430425
mRNA_MEturquoise	ENSG00000198363.18	ASPH	0.0147088	3.33972	0.57895
mRNA_MEturquoise	ENSG00000135763.10	URB2	0.0146953	1.40804	0.386997
mRNA_MEturquoise	ENSG00000127463.15	EMC1	0.0146874	3.19225	0.329557
mRNA_MEturquoise	ENSG00000185630.19	PBX1	0.0146843	1.75102	0.680058
mRNA_MEturquoise	ENSG00000234444.10	ZNF736	0.0146761	1.42335	0.323526
mRNA_MEturquoise	ENSG00000242498.8	ARPIN	0.0146552	2.58709	0.348902
mRNA_MEturquoise	ENSG00000109133.13	TMEM33	0.0146545	3.02416	0.365195
mRNA_MEturquoise	ENSG00000100523.16	DDHD1	0.0146543	1.03429	0.205986
mRNA_MEturquoise	ENSG00000135108.15	FBXO21	0.0146516	3.48596	0.549321
mRNA_MEturquoise	ENSG00000148498.16	PARD3	0.0146478	3.53789	0.464979
mRNA_MEturquoise	ENSG00000174437.17	ATP2A2	0.0146421	4.43154	0.372108
mRNA_MEturquoise	ENSG00000174695.10	TMEM167A	0.0146394	4.49567	0.389877
mRNA_MEturquoise	ENSG00000133065.11	SLC41A1	0.0146363	3.39845	0.475388
mRNA_MEturquoise	ENSG00000166446.15	CDYL2	0.0146143	2.05635	0.597643
mRNA_MEturquoise	ENSG00000185104.20	FAF1	0.0146137	2.94312	0.257591
mRNA_MEturquoise	ENSG00000173456.5	RNF26	0.0146042	3.4707	0.344504
mRNA_MEturquoise	ENSG00000125124.13	BBS2	0.0145976	2.68758	0.320761
mRNA_MEturquoise	ENSG00000156853.13	ZNF689	0.0145826	1.97122	0.239823
mRNA_MEturquoise	ENSG00000142867.14	BCL10	0.0145715	2.66358	0.354253
mRNA_MEturquoise	ENSG00000179833.4	SERTAD2	0.0145686	3.49632	0.409867
mRNA_MEturquoise	ENSG00000183098.11	GPC6	0.0145647	3.19765	0.920184
mRNA_MEturquoise	ENSG00000241258.7	CRCP	0.0145599	3.39983	0.292174
mRNA_MEturquoise	ENSG00000101577.10	LPIN2	0.0145558	3.37001	0.437229
mRNA_MEturquoise	ENSG00000182134.16	TDRKH	0.0145434	1.18583	0.31893
mRNA_MEturquoise	ENSG00000198176.13	TFDP1	0.0145232	3.904	0.387481
mRNA_MEturquoise	ENSG00000148835.11	TAF5	0.0145215	1.26167	0.238722
mRNA_MEturquoise	ENSG00000135862.6	LAMC1	0.0145178	5.42104	0.563713
mRNA_MEturquoise	ENSG00000116977.19	LGALS8	0.0144991	2.87695	0.298229
mRNA_MEturquoise	ENSG00000196152.10	ZNF79	0.0144508	1.75174	0.306005
mRNA_MEturquoise	ENSG00000172954.14	LCLAT1	0.0144487	1.83406	0.311861
mRNA_MEturquoise	ENSG00000155621.15	C9orf85	0.0144316	1.37155	0.244122
mRNA_MEturquoise	ENSG00000132256.19	TRIM5	0.0144228	2.66983	0.306652
mRNA_MEturquoise	ENSG00000131080.15	EDA2R	0.0144108	2.64352	0.560776
mRNA_MEturquoise	ENSG00000139926.16	FRMD6	0.0144055	1.62393	0.47416
mRNA_MEturquoise	ENSG00000197296.6	FITM2	0.0143951	2.62366	0.522248
mRNA_MEturquoise	ENSG00000088756.13	ARHGAP28	0.0143946	1.1674	0.452539
mRNA_MEturquoise	ENSG00000145012.13	LPP	0.0143934	3.09472	0.41635
mRNA_MEturquoise	ENSG00000153113.24	CAST	0.0143865	4.13897	0.378129
mRNA_MEturquoise	ENSG00000133138.20	TBC1D8B	0.014386	1.87386	0.523085
mRNA_MEturquoise	ENSG00000166348.18	USP54	0.0143781	1.31916	0.31497
mRNA_MEturquoise	ENSG00000152684.11	PELO	0.0143706	3.50177	0.320949
mRNA_MEturquoise	ENSG00000164823.11	OSGIN2	0.0143503	3.13284	0.528677
mRNA_MEturquoise	ENSG00000152256.14	PDK1	0.0143332	2.54044	0.534945
mRNA_MEturquoise	ENSG00000119801.13	YPEL5	0.0143285	5.06418	0.302511
mRNA_MEturquoise	ENSG00000197969.14	VPS13A	0.0143014	2.18828	0.46469
mRNA_MEturquoise	ENSG00000134755.17	DSC2	0.0142959	1.92528	0.624442
mRNA_MEturquoise	ENSG00000113194.13	FAF2	0.0142931	4.03179	0.311865
mRNA_MEturquoise	ENSG00000137996.13	RTCA	0.014293	3.64158	0.289647
mRNA_MEturquoise	ENSG00000164338.10	UTP15	0.0142929	1.62605	0.271715
mRNA_MEturquoise	ENSG00000196597.13	ZNF782	0.0142715	1.00133	0.21595
mRNA_MEturquoise	ENSG00000198040.11	ZNF84	0.0142642	2.35316	0.309525
mRNA_MEturquoise	ENSG00000008277.14	ADAM22	0.0142515	1.39683	0.54747
mRNA_MEturquoise	ENSG00000173517.10	PEAK1	0.0142509	2.10131	0.523751
mRNA_MEturquoise	ENSG00000178163.8	ZNF518B	0.0142487	1.19734	0.388489
mRNA_MEturquoise	ENSG00000148110.16	MFSD14B	0.0142335	3.84413	0.315403
mRNA_MEturquoise	ENSG00000133835.17	HSD17B4	0.0142262	3.5883	0.398565
mRNA_MEturquoise	ENSG00000106392.11	C1GALT1	0.0142219	2.74844	0.411957
mRNA_MEturquoise	ENSG00000101935.10	AMMECR1	0.0142174	1.66328	0.270662
mRNA_MEturquoise	ENSG00000105810.10	CDK6	0.014216	2.29856	0.624887
mRNA_MEturquoise	ENSG00000091127.14	PUS7	0.0141884	2.3074	0.433468
mRNA_MEturquoise	ENSG00000155755.19	TMEM237	0.0141534	1.62176	0.306221
mRNA_MEturquoise	ENSG00000085721.13	RRN3	0.0141437	3.67259	0.344326
mRNA_MEturquoise	ENSG00000116830.12	TTF2	0.0141395	1.19929	0.260847
mRNA_MEturquoise	ENSG00000163110.15	PDLIM5	0.0141285	3.9447	0.424039
mRNA_MEturquoise	ENSG00000106799.13	TGFBR1	0.0141045	3.87553	0.476644
mRNA_MEturquoise	ENSG00000157800.18	SLC37A3	0.0141029	2.32923	0.400177
mRNA_MEturquoise	ENSG00000094916.16	CBX5	0.0140719	3.51571	0.402359
mRNA_MEturquoise	ENSG00000064102.15	INTS13	0.0140615	3.39359	0.334886
mRNA_MEturquoise	ENSG00000198945.8	L3MBTL3	0.0140533	1.54722	0.325431
mRNA_MEturquoise	ENSG00000138119.17	MYOF	0.0140382	4.74256	0.594366
mRNA_MEturquoise	ENSG00000148339.12	SLC25A25	0.0140271	1.94628	0.564008
mRNA_MEturquoise	ENSG00000164654.16	MIOS	0.0140126	2.60058	0.443726
mRNA_MEturquoise	ENSG00000147874.11	HAUS6	0.0140083	1.81157	0.351339
mRNA_MEturquoise	ENSG00000162419.13	GMEB1	0.0139835	1.73027	0.251586
mRNA_MEturquoise	ENSG00000005469.12	CROT	0.0139811	2.16066	0.375457
mRNA_MEturquoise	ENSG00000136897.8	MRPL50	0.0139789	3.11065	0.445132
mRNA_MEturquoise	ENSG00000126953.8	TIMM8A	0.0139729	1.47796	0.254047
mRNA_MEturquoise	ENSG00000147044.22	CASK	0.0139699	1.69898	0.322397
mRNA_MEturquoise	ENSG00000170113.16	NIPA1	0.0139641	2.31163	0.396133
mRNA_MEturquoise	ENSG00000166889.14	PATL1	0.01396	3.80426	0.357688
mRNA_MEturquoise	ENSG00000130695.16	CEP85	0.0139235	1.36603	0.335692
mRNA_MEturquoise	ENSG00000008405.12	CRY1	0.0139104	2.43031	0.465827
mRNA_MEturquoise	ENSG00000136731.13	UGGT1	0.0138985	3.13149	0.378619
mRNA_MEturquoise	ENSG00000115486.12	GGCX	0.0138973	2.92588	0.339549
mRNA_MEturquoise	ENSG00000101928.13	MOSPD1	0.0138842	2.49166	0.357549
mRNA_MEturquoise	ENSG00000069956.12	MAPK6	0.0138833	2.95409	0.404751
mRNA_MEturquoise	ENSG00000179889.19	PDXDC1	0.0138711	3.79468	0.349071
mRNA_MEturquoise	ENSG00000159267.15	HLCS	0.0138684	1.81141	0.329556
mRNA_MEturquoise	ENSG00000123213.23	NLN	0.0138495	1.87817	0.448321
mRNA_MEturquoise	ENSG00000006831.10	ADIPOR2	0.0138413	3.99834	0.308348
mRNA_MEturquoise	ENSG00000064419.13	TNPO3	0.013838	3.79716	0.335275
mRNA_MEturquoise	ENSG00000113643.9	RARS1	0.0138089	4.38309	0.400354
mRNA_MEturquoise	ENSG00000151835.16	SACS	0.0138032	1.49189	0.376573
mRNA_MEturquoise	ENSG00000144815.16	NXPE3	0.013793	1.47429	0.349802
mRNA_MEturquoise	ENSG00000184575.12	XPOT	0.0137689	3.54513	0.47391
mRNA_MEturquoise	ENSG00000086598.11	TMED2	0.0137644	6.04798	0.407575
mRNA_MEturquoise	ENSG00000204186.10	ZDBF2	0.0137258	0.877902	0.419235
mRNA_MEturquoise	ENSG00000145819.18	ARHGAP26	0.0137124	2.18465	0.450193
mRNA_MEturquoise	ENSG00000111846.19	GCNT2	0.0137068	1.91604	0.442913
mRNA_MEturquoise	ENSG00000055211.14	GINM1	0.0136964	4.86294	0.418987
mRNA_MEturquoise	ENSG00000146648.19	EGFR	0.0136856	4.71597	0.822115
mRNA_MEturquoise	ENSG00000111875.8	ASF1A	0.0136764	2.68319	0.364282
mRNA_MEturquoise	ENSG00000003096.14	KLHL13	0.0136546	1.33822	0.536384
mRNA_MEturquoise	ENSG00000136816.16	TOR1B	0.0136481	3.50277	0.279807
mRNA_MEturquoise	ENSG00000171940.13	ZNF217	0.0136439	3.38574	0.368101
mRNA_MEturquoise	ENSG00000047230.15	CTPS2	0.0136356	2.26943	0.303899
mRNA_MEturquoise	ENSG00000102241.12	HTATSF1	0.013615	4.55123	0.326649
mRNA_MEturquoise	ENSG00000039560.14	RAI14	0.0136095	3.48621	0.446476
mRNA_MEturquoise	ENSG00000134294.14	SLC38A2	0.0135982	5.03442	0.482088
mRNA_MEturquoise	ENSG00000169032.10	MAP2K1	0.0135971	4.23361	0.306707
mRNA_MEturquoise	ENSG00000139116.19	KIF21A	0.0135932	2.39407	0.641626
mRNA_MEturquoise	ENSG00000108582.12	CPD	0.0135931	3.58267	0.607304
mRNA_MEturquoise	ENSG00000064309.14	CDON	0.0135912	1.56532	0.714827
mRNA_MEturquoise	ENSG00000164124.11	TMEM144	0.0135792	1.45095	0.398092
mRNA_MEturquoise	ENSG00000101346.14	POFUT1	0.0135789	3.80733	0.358895
mRNA_MEturquoise	ENSG00000113048.17	MRPS27	0.0135659	3.57864	0.370494
mRNA_MEturquoise	ENSG00000180611.7	MB21D2	0.0135588	2.37047	0.563228
mRNA_MEturquoise	ENSG00000074590.13	NUAK1	0.0135544	2.37423	0.603575
mRNA_MEturquoise	ENSG00000087448.11	KLHL42	0.0135458	2.15473	0.336479
mRNA_MEturquoise	ENSG00000116679.16	IVNS1ABP	0.0135412	5.8746	0.695326
mRNA_MEturquoise	ENSG00000214960.11	CRPPA	0.0135402	0.872921	0.322096
mRNA_MEturquoise	ENSG00000163683.12	SMIM14	0.0135322	3.7488	0.405364
mRNA_MEturquoise	ENSG00000185591.10	SP1	0.0135203	4.40059	0.329342
mRNA_MEturquoise	ENSG00000160208.13	RRP1B	0.013472	2.75012	0.298843
mRNA_MEturquoise	ENSG00000009780.16	FAM76A	0.0134594	2.1914	0.327298
mRNA_MEturquoise	ENSG00000205133.12	TRIQK	0.0134402	3.03584	0.431967
mRNA_MEturquoise	ENSG00000101493.11	ZNF516	0.0134307	1.81442	0.412296
mRNA_MEturquoise	ENSG00000154240.17	CEP112	0.0134221	1.50309	0.292884
mRNA_MEturquoise	ENSG00000165244.7	ZNF367	0.0134105	1.5061	0.455138
mRNA_MEturquoise	ENSG00000176597.12	B3GNT5	0.0134077	1.64571	0.515223
mRNA_MEturquoise	ENSG00000103353.16	UBFD1	0.0133981	3.13666	0.337864
mRNA_MEturquoise	ENSG00000130340.16	SNX9	0.0133967	4.19718	0.364114
mRNA_MEturquoise	ENSG00000125149.12	C16orf70	0.0133944	2.175	0.250111
mRNA_MEturquoise	ENSG00000058668.15	ATP2B4	0.013389	4.38909	0.469902
mRNA_MEturquoise	ENSG00000169139.12	UBE2V2	0.013353	2.91447	0.304476
mRNA_MEturquoise	ENSG00000081087.15	OSTM1	0.0133499	3.49704	0.45045
mRNA_MEturquoise	ENSG00000173681.16	BCLAF3	0.0133406	1.63113	0.25005
mRNA_MEturquoise	ENSG00000170234.13	PWWP2A	0.0133162	2.52801	0.357803
mRNA_MEturquoise	ENSG00000248905.10	FMN1	0.0132976	0.917418	0.501148
mRNA_MEturquoise	ENSG00000162139.10	NEU3	0.013291	1.5585	0.319955
mRNA_MEturquoise	ENSG00000067992.16	PDK3	0.0132807	2.62769	0.434913
mRNA_MEturquoise	ENSG00000186625.14	KATNA1	0.0132735	2.77638	0.306449
mRNA_MEturquoise	ENSG00000197872.11	CYRIA	0.0132494	2.22387	0.538427
mRNA_MEturquoise	ENSG00000067167.8	TRAM1	0.0132483	6.3723	0.511376
mRNA_MEturquoise	ENSG00000178700.9	DHFR2	0.013238	1.92835	0.35206
mRNA_MEturquoise	ENSG00000136783.10	NIPSNAP3A	0.0132351	3.35165	0.43639
mRNA_MEturquoise	ENSG00000150753.12	CCT5	0.0132349	4.29816	0.390511
mRNA_MEturquoise	ENSG00000112763.17	BTN2A1	0.0132298	3.61058	0.381038
mRNA_MEturquoise	ENSG00000070159.14	PTPN3	0.0132221	2.53783	0.642398
mRNA_MEturquoise	ENSG00000072274.13	TFRC	0.0132193	3.4	0.78016
mRNA_MEturquoise	ENSG00000073969.18	NSF	0.0132186	3.10187	0.323624
mRNA_MEturquoise	ENSG00000164649.20	CDCA7L	0.0131662	2.37437	0.764463
mRNA_MEturquoise	ENSG00000136870.10	ZNF189	0.013149	3.94879	0.847891
mRNA_MEturquoise	ENSG00000169379.16	ARL13B	0.0131439	2.15947	0.333421
mRNA_MEturquoise	ENSG00000113448.19	PDE4D	0.0131368	2.07365	0.442787
mRNA_MEturquoise	ENSG00000110906.13	KCTD10	0.0131253	3.53122	0.330222
mRNA_MEturquoise	ENSG00000137073.23	UBAP2	0.0130563	2.05932	0.296793
mRNA_MEturquoise	ENSG00000173275.13	ZNF449	0.0130234	1.48216	0.252823
mRNA_MEturquoise	ENSG00000187098.17	MITF	0.0130178	2.93323	0.530813
mRNA_MEturquoise	ENSG00000153094.24	BCL2L11	0.0130145	2.54274	0.423172
mRNA_MEturquoise	ENSG00000106993.12	CDC37L1	0.0130044	2.49499	0.401384
mRNA_MEturquoise	ENSG00000155962.13	CLIC2	0.0129796	3.03965	0.573924
mRNA_MEturquoise	ENSG00000180801.14	ARSJ	0.0129291	2.15693	0.53579
mRNA_MEturquoise	ENSG00000198722.14	UNC13B	0.0128894	2.19874	0.501091
mRNA_MEturquoise	ENSG00000174238.15	PITPNA	0.0128812	4.4744	0.288531
mRNA_MEturquoise	ENSG00000154310.17	TNIK	0.0128137	1.83115	0.498879
mRNA_MEturquoise	ENSG00000243335.10	KCTD7	0.0128103	1.87928	0.312159
mRNA_MEturquoise	ENSG00000145860.12	RNF145	0.0127725	4.74947	0.456949
mRNA_MEturquoise	ENSG00000090376.11	IRAK3	0.0127669	1.40064	0.46765
mRNA_MEturquoise	ENSG00000166377.20	ATP9B	0.0127531	1.59545	0.271756
mRNA_MEturquoise	ENSG00000184178.16	SCFD2	0.0127055	2.74824	0.274154
mRNA_MEturquoise	ENSG00000138674.17	SEC31A	0.0127029	4.87175	0.279265
mRNA_MEturquoise	ENSG00000087111.21	PIGS	0.0126295	3.75992	0.42037
mRNA_MEturquoise	ENSG00000136603.14	SKIL	0.0125392	3.28219	0.516261
mRNA_MEturquoise	ENSG00000178694.10	NSUN3	0.0125189	1.42264	0.218209
mRNA_MEturquoise	ENSG00000132357.14	CARD6	0.0125067	2.1479	0.506911
mRNA_MEturquoise	ENSG00000028839.10	TBPL1	0.0125026	1.42924	0.270099
mRNA_MEturquoise	ENSG00000120253.14	NUP43	0.0125009	3.00965	0.290629
mRNA_MEturquoise	ENSG00000183723.13	CMTM4	0.0124919	2.80433	0.720547
mRNA_MEturquoise	ENSG00000110218.9	PANX1	0.0124908	3.04241	0.487449
mRNA_MEturquoise	ENSG00000111885.7	MAN1A1	0.012472	4.24515	0.677824
mRNA_MEturquoise	ENSG00000168214.20	RBPJ	0.0124611	3.65711	0.305591
mRNA_MEturquoise	ENSG00000164253.14	WDR41	0.0124505	2.78932	0.331881
mRNA_MEturquoise	ENSG00000137959.16	IFI44L	0.0124443	2.504	0.810022
mRNA_MEturquoise	ENSG00000135070.15	ISCA1	0.0124005	3.95782	0.386927
mRNA_MEturquoise	ENSG00000123908.12	AGO2	0.0123559	2.00574	0.395462
mRNA_MEturquoise	ENSG00000186469.8	GNG2	0.0123554	2.34028	0.52288
mRNA_MEturquoise	ENSG00000101407.13	TTI1	0.0122918	3.0334	0.274031
mRNA_MEturquoise	ENSG00000137801.11	THBS1	0.0122664	5.56625	0.868031
mRNA_MEturquoise	ENSG00000278540.5	ACACA	0.0122315	1.78491	0.385283
mRNA_MEturquoise	ENSG00000145675.15	PIK3R1	0.0122144	3.42432	0.604624
mRNA_MEturquoise	ENSG00000112592.14	TBP	0.0122096	2.70291	0.27788
mRNA_MEturquoise	ENSG00000146842.17	TMEM209	0.0121963	2.51453	0.371342
mRNA_MEturquoise	ENSG00000130449.6	ZSWIM6	0.012147	2.39459	0.376446
mRNA_MEturquoise	ENSG00000149428.19	HYOU1	0.0121429	4.10185	0.556587
mRNA_MEturquoise	ENSG00000084444.14	FAM234B	0.0120367	1.87792	0.497894
mRNA_MEturquoise	ENSG00000112357.14	PEX7	0.0119697	1.81475	0.371678
mRNA_MEturquoise	ENSG00000133657.16	ATP13A3	0.0119536	3.94771	0.585452
mRNA_MEturquoise	ENSG00000137393.10	RNF144B	0.0119079	3.60918	0.621173
mRNA_MEturquoise	ENSG00000173692.14	PSMD1	0.0118958	2.60543	0.262239
mRNA_MEturquoise	ENSG00000165006.14	UBAP1	0.0118442	4.53062	0.34183
mRNA_MEturquoise	ENSG00000132334.17	PTPRE	0.011827	2.28968	0.391497
mRNA_MEturquoise	ENSG00000198000.12	NOL8	0.0117767	2.25499	0.271662
mRNA_MEturquoise	ENSG00000115677.17	HDLBP	0.0117647	5.27803	0.378011
mRNA_MEturquoise	ENSG00000040199.18	PHLPP2	0.0116647	1.09511	0.305762
mRNA_MEturquoise	ENSG00000128607.14	KLHDC10	0.0116332	4.15051	0.444843
mRNA_MEturquoise	ENSG00000136935.14	GOLGA1	0.0116205	2.46975	0.275875
mRNA_MEturquoise	ENSG00000173598.14	NUDT4	0.0115328	2.32234	0.481726
mRNA_MEturquoise	ENSG00000119523.10	ALG2	0.0115239	3.90152	0.448238
mRNA_MEturquoise	ENSG00000111371.16	SLC38A1	0.0115032	4.91842	0.658574
mRNA_MEturquoise	ENSG00000163378.14	EOGT	0.0114357	2.56686	0.470862
mRNA_MEturquoise	ENSG00000155158.20	TTC39B	0.0113817	1.7198	0.481377
mRNA_MEturquoise	ENSG00000198774.5	RASSF9	0.0113013	0.84725	0.50819
mRNA_MEturquoise	ENSG00000119487.17	MAPKAP1	0.011221	3.07818	0.300397
mRNA_MEturquoise	ENSG00000125772.14	GPCPD1	0.011209	2.76271	0.314409
mRNA_MEturquoise	ENSG00000101265.16	RASSF2	0.0111018	3.38592	0.758291
mRNA_MEturquoise	ENSG00000119326.15	CTNNAL1	0.0110712	2.99143	0.588974
mRNA_MEturquoise	ENSG00000148297.16	MED22	0.0110468	2.36475	0.356232
mRNA_MEturquoise	ENSG00000174989.13	FBXW8	0.0110356	2.06225	0.316012
mRNA_MEturquoise	ENSG00000083857.14	FAT1	0.0109888	4.2851	0.61589
mRNA_MEturquoise	ENSG00000166704.11	ZNF606	0.0109554	1.34977	0.245752
mRNA_MEturquoise	ENSG00000175471.19	MCTP1	0.0108923	1.06337	0.410773
mRNA_MEturquoise	ENSG00000125485.17	DDX31	0.0108754	1.82131	0.316328
mRNA_MEturquoise	ENSG00000143322.21	ABL2	0.0108451	2.11311	0.442713
mRNA_MEturquoise	ENSG00000171817.17	ZNF540	0.0108075	0.812721	0.286668
mRNA_MEturquoise	ENSG00000135541.21	AHI1	0.0106809	1.36615	0.270146
mRNA_MEturquoise	ENSG00000112335.15	SNX3	0.0106752	6.71853	0.398797
mRNA_MEturquoise	ENSG00000058056.9	USP13	0.0106082	1.65128	0.402765
mRNA_MEturquoise	ENSG00000130713.16	EXOSC2	0.0105766	2.64614	0.323646
mRNA_MEturquoise	ENSG00000169155.10	ZBTB43	0.0105455	1.71184	0.294276
mRNA_MEturquoise	ENSG00000184588.18	PDE4B	0.010479	1.98616	0.605282
mRNA_MEturquoise	ENSG00000164402.14	SEPTIN8	0.0103364	3.75683	0.356446
mRNA_MEturquoise	ENSG00000112039.5	FANCE	0.0103249	1.19161	0.343089
mRNA_MEturquoise	ENSG00000151474.23	FRMD4A	0.0100841	1.65116	0.3942
mRNA_MEturquoise	ENSG00000135315.12	CEP162	0.0100298	1.56687	0.298828
mRNA_MEturquoise	ENSG00000114423.23	CBLB	0.0100255	2.05523	0.339285
mRNA_MEturquoise	ENSG00000146373.16	RNF217	0.00999675	1.53371	0.304447
mRNA_MEturquoise	ENSG00000136827.12	TOR1A	0.00990333	3.4514	0.276914
mRNA_MEturquoise	ENSG00000170365.10	SMAD1	0.00979276	2.06715	0.440895
mRNA_MEturquoise	ENSG00000165699.15	TSC1	0.00976098	1.89592	0.35517
mRNA_MEturquoise	ENSG00000141540.11	TTYH2	0.00965284	1.51154	0.528814
mRNA_MEturquoise	ENSG00000131873.7	CHSY1	0.00938186	3.96089	0.592617
mRNA_MEturquoise	ENSG00000112290.13	WASF1	0.00933124	2.65801	0.429298
mRNA_MEturquoise	ENSG00000109670.16	FBXW7	0.00919554	1.51108	0.245644
mRNA_MEturquoise	ENSG00000125430.9	HS3ST3B1	0.00906124	0.82449	0.336768
mRNA_MEturquoise	ENSG00000176386.9	CDC26	0.00874444	2.71082	0.346069
mRNA_MEturquoise	ENSG00000167110.18	GOLGA2	0.00853234	3.63965	0.352512
mRNA_MEturquoise	ENSG00000146278.11	PNRC1	0.0080323	5.89101	0.514277
mRNA_MEturquoise	ENSG00000107341.5	UBE2R2	0.0072189	4.39449	0.264991
mRNA_MEturquoise	ENSG00000215712.11	TMEM242	0.00638321	2.2858	0.303312
mRNA_MEturquoise	ENSG00000126883.17	NUP214	0.00631133	2.71248	0.261118
mRNA_MEturquoise	ENSG00000059769.20	DNAJC25	0.00629816	2.3524	0.329485
mRNA_MEturquoise	ENSG00000111832.13	RWDD1	0.0055479	3.06848	0.306182
mRNA_MEyellow	ENSG00000141968.8	VAV1	0.0482339	2.12461	0.67384
mRNA_MEyellow	ENSG00000122122.10	SASH3	0.0478814	3.11561	0.811744
mRNA_MEyellow	ENSG00000167208.15	SNX20	0.0476298	1.44476	0.641435
mRNA_MEyellow	ENSG00000110324.11	IL10RA	0.0473274	2.86733	0.813414
mRNA_MEyellow	ENSG00000149781.13	FERMT3	0.0472092	3.39384	0.722421
mRNA_MEyellow	ENSG00000123338.13	NCKAP1L	0.0471235	2.5126	0.782326
mRNA_MEyellow	ENSG00000186517.14	ARHGAP30	0.0470274	3.05984	0.763972
mRNA_MEyellow	ENSG00000185811.19	IKZF1	0.0469956	1.72765	0.627946
mRNA_MEyellow	ENSG00000143119.14	CD53	0.0469646	4.9264	0.830466
mRNA_MEyellow	ENSG00000096996.16	IL12RB1	0.0467636	1.39042	0.592993
mRNA_MEyellow	ENSG00000136167.15	LCP1	0.0464961	4.8255	0.909147
mRNA_MEyellow	ENSG00000082074.19	FYB1	0.0464439	2.5973	0.86544
mRNA_MEyellow	ENSG00000134242.16	PTPN22	0.0461456	1.10866	0.512821
mRNA_MEyellow	ENSG00000138964.17	PARVG	0.045898	1.58926	0.544362
mRNA_MEyellow	ENSG00000134516.18	DOCK2	0.0457748	1.89845	0.718249
mRNA_MEyellow	ENSG00000185862.7	EVI2B	0.0457341	3.45574	0.805161
mRNA_MEyellow	ENSG00000110031.13	LPXN	0.0457069	3.41866	0.584531
mRNA_MEyellow	ENSG00000140030.6	GPR65	0.0456123	1.47424	0.566847
mRNA_MEyellow	ENSG00000043462.13	LCP2	0.0455407	3.00574	0.63816
mRNA_MEyellow	ENSG00000142347.19	MYO1F	0.0455338	2.44627	0.639668
mRNA_MEyellow	ENSG00000162511.8	LAPTM5	0.0454204	5.6566	0.868539
mRNA_MEyellow	ENSG00000110934.13	BIN2	0.045366	2.40338	0.638749
mRNA_MEyellow	ENSG00000110876.10	SELPLG	0.045358	3.61924	0.698178
mRNA_MEyellow	ENSG00000009790.15	TRAF3IP3	0.0453462	1.05584	0.505312
mRNA_MEyellow	ENSG00000015285.11	WAS	0.0453408	3.10553	0.753368
mRNA_MEyellow	ENSG00000168421.13	RHOH	0.045277	1.03313	0.530105
mRNA_MEyellow	ENSG00000079263.19	SP140	0.0451832	0.841574	0.515409
mRNA_MEyellow	ENSG00000081237.20	PTPRC	0.0451665	3.24263	0.911261
mRNA_MEyellow	ENSG00000010610.10	CD4	0.0451436	4.52565	0.76965
mRNA_MEyellow	ENSG00000023892.11	DEF6	0.0451207	2.64392	0.711799
mRNA_MEyellow	ENSG00000160791.13	CCR5	0.0450875	2.52788	1.00287
mRNA_MEyellow	ENSG00000123329.20	ARHGAP9	0.0450478	1.72966	0.631998
mRNA_MEyellow	ENSG00000026751.17	SLAMF7	0.0449746	2.17552	1.02831
mRNA_MEyellow	ENSG00000100055.21	CYTH4	0.0449471	2.40015	0.65383
mRNA_MEyellow	ENSG00000005844.19	ITGAL	0.0449152	2.25595	0.75765
mRNA_MEyellow	ENSG00000154451.14	GBP5	0.0448913	1.99336	1.07846
mRNA_MEyellow	ENSG00000010671.16	BTK	0.0448273	1.78326	0.590589
mRNA_MEyellow	ENSG00000167613.16	LAIR1	0.0448212	2.63684	0.751955
mRNA_MEyellow	ENSG00000204472.13	AIF1	0.0447793	4.91603	0.807342
mRNA_MEyellow	ENSG00000143851.15	PTPN7	0.0447385	1.58374	0.738663
mRNA_MEyellow	ENSG00000104814.13	MAP4K1	0.0447362	1.50693	0.634775
mRNA_MEyellow	ENSG00000101347.10	SAMHD1	0.0446108	3.51844	0.650795
mRNA_MEyellow	ENSG00000173369.17	C1QB	0.0445909	7.29821	1.12358
mRNA_MEyellow	ENSG00000104894.12	CD37	0.0445432	2.83568	0.707811
mRNA_MEyellow	ENSG00000089639.11	GMIP	0.0444769	2.72697	0.567417
mRNA_MEyellow	ENSG00000126882.13	FAM78A	0.0444455	2.0013	0.542099
mRNA_MEyellow	ENSG00000161929.15	SCIMP	0.0443694	1.26352	0.545689
mRNA_MEyellow	ENSG00000114013.16	CD86	0.0443465	2.5731	0.763528
mRNA_MEyellow	ENSG00000160255.18	ITGB2	0.0443323	4.5241	0.831112
mRNA_MEyellow	ENSG00000180353.11	HCLS1	0.0443266	4.11995	0.653493
mRNA_MEyellow	ENSG00000115956.10	PLEK	0.0442284	3.54637	0.943438
mRNA_MEyellow	ENSG00000158869.11	FCER1G	0.0441811	5.59741	0.88144
mRNA_MEyellow	ENSG00000170571.12	EMB	0.0441688	2.41161	0.709416
mRNA_MEyellow	ENSG00000167895.15	TMC8	0.0441066	2.12037	0.686842
mRNA_MEyellow	ENSG00000173372.17	C1QA	0.0440901	7.36815	1.03562
mRNA_MEyellow	ENSG00000102524.11	TNFSF13B	0.0440266	2.507	0.879952
mRNA_MEyellow	ENSG00000102879.16	CORO1A	0.0440203	3.71017	0.858774
mRNA_MEyellow	ENSG00000153283.13	CD96	0.043994	1.60997	0.705702
mRNA_MEyellow	ENSG00000159189.12	C1QC	0.0439207	7.19727	1.07993
mRNA_MEyellow	ENSG00000172349.17	IL16	0.0438249	1.51409	0.495232
mRNA_MEyellow	ENSG00000266094.8	RASSF5	0.043804	2.44233	0.657005
mRNA_MEyellow	ENSG00000117091.10	CD48	0.0437762	1.88813	0.675684
mRNA_MEyellow	ENSG00000162739.14	SLAMF6	0.0437694	2.04522	0.869532
mRNA_MEyellow	ENSG00000101336.17	HCK	0.0437566	3.18209	0.736933
mRNA_MEyellow	ENSG00000105383.15	CD33	0.0437388	1.07328	0.427143
mRNA_MEyellow	ENSG00000182866.17	LCK	0.0436763	2.40709	0.851979
mRNA_MEyellow	ENSG00000136250.12	AOAH	0.0436413	2.82295	0.823051
mRNA_MEyellow	ENSG00000184922.14	FMNL1	0.0434228	2.27326	0.599232
mRNA_MEyellow	ENSG00000078589.13	P2RY10	0.0434202	1.30026	0.726766
mRNA_MEyellow	ENSG00000137841.12	PLCB2	0.0433736	2.11179	0.638791
mRNA_MEyellow	ENSG00000163131.11	CTSS	0.0433438	5.25709	0.94201
mRNA_MEyellow	ENSG00000128340.15	RAC2	0.0432816	4.02973	0.908913
mRNA_MEyellow	ENSG00000186818.12	LILRB4	0.0432577	2.16077	0.853516
mRNA_MEyellow	ENSG00000158714.11	SLAMF8	0.0432547	1.26969	0.728818
mRNA_MEyellow	ENSG00000242574.9	HLA-DMB	0.0432019	3.77509	0.790296
mRNA_MEyellow	ENSG00000150337.13	FCGR1A	0.0431317	1.67265	0.751755
mRNA_MEyellow	ENSG00000271605.6	MILR1	0.0431245	1.91398	0.624207
mRNA_MEyellow	ENSG00000137101.13	CD72	0.0430806	1.67902	0.761739
mRNA_MEyellow	ENSG00000110077.14	MS4A6A	0.0430704	3.84887	0.873878
mRNA_MEyellow	ENSG00000160185.15	UBASH3A	0.0430526	0.857461	0.527335
mRNA_MEyellow	ENSG00000066336.12	SPI1	0.0430494	4.0586	0.800727
mRNA_MEyellow	ENSG00000140368.13	PSTPIP1	0.0430212	1.38374	0.633709
mRNA_MEyellow	ENSG00000147443.13	DOK2	0.0430055	2.59707	0.683395
mRNA_MEyellow	ENSG00000147138.3	GPR174	0.0429984	0.961624	0.632264
mRNA_MEyellow	ENSG00000160654.11	CD3G	0.0429441	1.48878	0.768232
mRNA_MEyellow	ENSG00000152213.4	ARL11	0.0429226	0.944276	0.358257
mRNA_MEyellow	ENSG00000156127.8	BATF	0.0428825	2.09844	0.877913
mRNA_MEyellow	ENSG00000203747.12	FCGR3A	0.0428354	5.58274	1.09232
mRNA_MEyellow	ENSG00000113263.13	ITK	0.0428117	1.05424	0.533525
mRNA_MEyellow	ENSG00000161405.17	IKZF3	0.0427918	1.40193	0.757052
mRNA_MEyellow	ENSG00000116824.5	CD2	0.0427884	3.70346	1.12543
mRNA_MEyellow	ENSG00000013725.14	CD6	0.0427863	1.51088	0.6189
mRNA_MEyellow	ENSG00000101082.14	SLA2	0.0427671	1.52432	0.712931
mRNA_MEyellow	ENSG00000172215.6	CXCR6	0.0427635	1.4766	0.725262
mRNA_MEyellow	ENSG00000213654.10	GPSM3	0.0427611	4.28215	0.647116
mRNA_MEyellow	ENSG00000110446.11	SLC15A3	0.0427491	2.91258	0.637369
mRNA_MEyellow	ENSG00000185905.4	C16orf54	0.0427431	1.54204	0.63652
mRNA_MEyellow	ENSG00000142185.16	TRPM2	0.0426358	1.63446	0.620054
mRNA_MEyellow	ENSG00000105851.11	PIK3CG	0.0426109	1.70319	0.552924
mRNA_MEyellow	ENSG00000004468.13	CD38	0.0426038	1.08722	0.711373
mRNA_MEyellow	ENSG00000086730.17	LAT2	0.0423898	2.2601	0.597255
mRNA_MEyellow	ENSG00000127084.19	FGD3	0.0423848	1.60805	0.539766
mRNA_MEyellow	ENSG00000142512.15	SIGLEC10	0.0423796	2.03891	0.746271
mRNA_MEyellow	ENSG00000181847.12	TIGIT	0.0423776	1.02753	0.682775
mRNA_MEyellow	ENSG00000164691.18	TAGAP	0.0423596	1.70053	0.601849
mRNA_MEyellow	ENSG00000146192.15	FGD2	0.0423194	1.31077	0.528349
mRNA_MEyellow	ENSG00000131042.15	LILRB2	0.0423117	2.31467	0.643001
mRNA_MEyellow	ENSG00000174130.12	TLR6	0.0422822	0.781073	0.383729
mRNA_MEyellow	ENSG00000109943.9	CRTAM	0.0422778	1.01609	0.659601
mRNA_MEyellow	ENSG00000163519.14	TRAT1	0.0422381	1.01283	0.627983
mRNA_MEyellow	ENSG00000104972.15	LILRB1	0.0422169	2.05782	0.591503
mRNA_MEyellow	ENSG00000183918.17	SH2D1A	0.0421941	1.31944	0.719197
mRNA_MEyellow	ENSG00000126860.12	EVI2A	0.0421898	1.89072	0.608552
mRNA_MEyellow	ENSG00000106948.17	AKNA	0.0421822	2.46459	0.597916
mRNA_MEyellow	ENSG00000066294.15	CD84	0.0421067	2.06898	0.850658
mRNA_MEyellow	ENSG00000007237.19	GAS7	0.0420959	1.46743	0.591593
mRNA_MEyellow	ENSG00000163568.15	AIM2	0.0420391	1.02672	0.748786
mRNA_MEyellow	ENSG00000137078.9	SIT1	0.0420379	1.95064	0.942547
mRNA_MEyellow	ENSG00000166501.14	PRKCB	0.0419786	1.15684	0.545458
mRNA_MEyellow	ENSG00000172673.11	THEMIS	0.0419016	0.997595	0.612854
mRNA_MEyellow	ENSG00000011600.12	TYROBP	0.0418368	6.47274	0.862743
mRNA_MEyellow	ENSG00000197471.12	SPN	0.0417692	1.89402	0.707291
mRNA_MEyellow	ENSG00000155926.14	SLA	0.041759	2.578	0.771296
mRNA_MEyellow	ENSG00000158517.15	NCF1	0.0417204	1.12328	0.518128
mRNA_MEyellow	ENSG00000204287.14	HLA-DRA	0.0416946	10.0565	0.929021
mRNA_MEyellow	ENSG00000179583.19	CIITA	0.0416899	1.66828	0.598727
mRNA_MEyellow	ENSG00000179715.13	PCED1B	0.0416803	2.17288	0.652335
mRNA_MEyellow	ENSG00000127152.18	BCL11B	0.0416496	0.92954	0.467196
mRNA_MEyellow	ENSG00000223865.11	HLA-DPB1	0.0416418	6.21231	0.903075
mRNA_MEyellow	ENSG00000128815.19	WDFY4	0.0416351	1.07399	0.539957
mRNA_MEyellow	ENSG00000167286.10	CD3D	0.0416263	3.57397	1.17277
mRNA_MEyellow	ENSG00000155307.19	SAMSN1	0.0416203	1.61862	0.652072
mRNA_MEyellow	ENSG00000122223.13	CD244	0.0415942	1.02387	0.467945
mRNA_MEyellow	ENSG00000089012.14	SIRPG	0.0415778	1.42983	0.902606
mRNA_MEyellow	ENSG00000139193.4	CD27	0.0415537	1.94343	1.11754
mRNA_MEyellow	ENSG00000163564.15	PYHIN1	0.0415456	1.15442	0.622923
mRNA_MEyellow	ENSG00000175463.12	TBC1D10C	0.0415284	1.62691	0.651381
mRNA_MEyellow	ENSG00000198851.10	CD3E	0.0415255	3.3897	1.10855
mRNA_MEyellow	ENSG00000115165.10	CYTIP	0.041444	2.37315	0.718817
mRNA_MEyellow	ENSG00000110448.11	CD5	0.041439	1.83646	0.734608
mRNA_MEyellow	ENSG00000171700.14	RGS19	0.0413596	3.18634	0.519066
mRNA_MEyellow	ENSG00000163606.11	CD200R1	0.0412819	0.961974	0.635856
mRNA_MEyellow	ENSG00000101916.12	TLR8	0.0412748	1.34161	0.704528
mRNA_MEyellow	ENSG00000136286.16	MYO1G	0.0412654	1.5907	0.634365
mRNA_MEyellow	ENSG00000163154.6	TNFAIP8L2	0.0412297	2.68958	0.696254
mRNA_MEyellow	ENSG00000186074.19	CD300LF	0.0410411	1.78394	0.650847
mRNA_MEyellow	ENSG00000059377.18	TBXAS1	0.0410282	2.58082	0.550624
mRNA_MEyellow	ENSG00000184574.10	LPAR5	0.0409658	1.88209	0.684471
mRNA_MEyellow	ENSG00000106952.7	TNFSF8	0.040964	1.40938	0.562934
mRNA_MEyellow	ENSG00000070190.13	DAPP1	0.0409224	1.02335	0.51313
mRNA_MEyellow	ENSG00000254087.8	LYN	0.040916	3.17641	0.546565
mRNA_MEyellow	ENSG00000143110.12	C1orf162	0.0409061	3.60536	0.775151
mRNA_MEyellow	ENSG00000129450.8	SIGLEC9	0.040894	1.61554	0.576537
mRNA_MEyellow	ENSG00000163508.13	EOMES	0.0408216	1.3797	0.881295
mRNA_MEyellow	ENSG00000186810.8	CXCR3	0.0408012	1.8801	0.962804
mRNA_MEyellow	ENSG00000116852.15	KIF21B	0.0407339	0.868236	0.361192
mRNA_MEyellow	ENSG00000100365.16	NCF4	0.0406681	2.53026	0.680278
mRNA_MEyellow	ENSG00000172243.18	CLEC7A	0.0406571	2.15286	0.721995
mRNA_MEyellow	ENSG00000091106.19	NLRC4	0.040643	1.16715	0.436529
mRNA_MEyellow	ENSG00000060558.4	GNA15	0.0405806	1.74008	0.534024
mRNA_MEyellow	ENSG00000115935.18	WIPF1	0.0405516	3.62934	0.500862
mRNA_MEyellow	ENSG00000028137.19	TNFRSF1B	0.0405201	4.5206	0.632333
mRNA_MEyellow	ENSG00000235568.7	NFAM1	0.0405078	1.9378	0.564133
mRNA_MEyellow	ENSG00000196735.13	HLA-DQA1	0.0404637	5.15087	1.09666
mRNA_MEyellow	ENSG00000130592.17	LSP1	0.0403685	2.69571	0.726943
mRNA_MEyellow	ENSG00000137752.24	CASP1	0.040268	3.23758	0.566009
mRNA_MEyellow	ENSG00000135426.16	TESPA1	0.0402607	0.96419	0.497779
mRNA_MEyellow	ENSG00000160219.12	GAB3	0.0402358	1.47602	0.379495
mRNA_MEyellow	ENSG00000182578.14	CSF1R	0.0402047	4.44497	0.888765
mRNA_MEyellow	ENSG00000141506.14	PIK3R5	0.0401836	1.79642	0.582293
mRNA_MEyellow	ENSG00000121807.6	CCR2	0.0401556	1.70225	0.762083
mRNA_MEyellow	ENSG00000188820.13	CALHM6	0.0401537	1.23006	0.865238
mRNA_MEyellow	ENSG00000140749.9	IGSF6	0.0400929	2.67401	0.770066
mRNA_MEyellow	ENSG00000111679.17	PTPN6	0.0400623	3.54169	0.513544
mRNA_MEyellow	ENSG00000198821.11	CD247	0.0400399	1.94884	0.68069
mRNA_MEyellow	ENSG00000100385.14	IL2RB	0.0400106	2.7477	0.840215
mRNA_MEyellow	ENSG00000148908.15	RGS10	0.0399526	4.18768	0.71251
mRNA_MEyellow	ENSG00000145416.13	MARCHF1	0.0399111	1.48248	0.61369
mRNA_MEyellow	ENSG00000093072.18	ADA2	0.0398955	3.57178	0.85237
mRNA_MEyellow	ENSG00000169403.12	PTAFR	0.039815	2.65141	0.816379
mRNA_MEyellow	ENSG00000163563.8	MNDA	0.0397629	3.15134	0.803357
mRNA_MEyellow	ENSG00000165168.8	CYBB	0.0397065	4.11742	1.1197
mRNA_MEyellow	ENSG00000112799.9	LY86	0.0396618	3.48092	0.802722
mRNA_MEyellow	ENSG00000085514.16	PILRA	0.039661	2.82313	0.677127
mRNA_MEyellow	ENSG00000176390.12	CRLF3	0.0396444	2.1918	0.318009
mRNA_MEyellow	ENSG00000141480.18	ARRB2	0.0396195	3.97266	0.458689
mRNA_MEyellow	ENSG00000115415.20	STAT1	0.0396005	4.79841	0.863594
mRNA_MEyellow	ENSG00000185482.8	STAC3	0.0395871	1.62223	0.493244
mRNA_MEyellow	ENSG00000103522.16	IL21R	0.0395345	0.921466	0.523168
mRNA_MEyellow	ENSG00000171608.16	PIK3CD	0.0395239	2.68713	0.518339
mRNA_MEyellow	ENSG00000105122.13	RASAL3	0.0395124	2.28243	0.600913
mRNA_MEyellow	ENSG00000197646.8	PDCD1LG2	0.0394922	1.56335	0.611691
mRNA_MEyellow	ENSG00000204482.11	LST1	0.0394772	3.15568	0.713264
mRNA_MEyellow	ENSG00000231389.7	HLA-DPA1	0.0394206	6.73018	1.00158
mRNA_MEyellow	ENSG00000188404.10	SELL	0.0394178	2.45733	0.775939
mRNA_MEyellow	ENSG00000137462.9	TLR2	0.0394149	2.57069	0.739642
mRNA_MEyellow	ENSG00000113088.6	GZMK	0.0394058	1.89319	1.14152
mRNA_MEyellow	ENSG00000117560.8	FASLG	0.0394045	1.25742	0.777683
mRNA_MEyellow	ENSG00000169413.3	RNASE6	0.0393761	4.5622	0.848482
mRNA_MEyellow	ENSG00000104774.13	MAN2B1	0.0393673	3.81222	0.5441
mRNA_MEyellow	ENSG00000171860.5	C3AR1	0.0393248	3.05055	0.807993
mRNA_MEyellow	ENSG00000150681.10	RGS18	0.039301	1.40446	0.560997
mRNA_MEyellow	ENSG00000271503.6	CCL5	0.0392999	5.27982	1.23475
mRNA_MEyellow	ENSG00000092929.12	UNC13D	0.0392903	1.58025	0.526655
mRNA_MEyellow	ENSG00000184060.11	ADAP2	0.0392119	2.8514	0.531819
mRNA_MEyellow	ENSG00000153563.16	CD8A	0.0391912	3.24862	1.3846
mRNA_MEyellow	ENSG00000172578.12	KLHL6	0.039182	1.20928	0.522664
mRNA_MEyellow	ENSG00000188389.11	PDCD1	0.0391528	1.47157	1.03646
mRNA_MEyellow	ENSG00000121281.13	ADCY7	0.0390913	1.03858	0.507276
mRNA_MEyellow	ENSG00000147168.13	IL2RG	0.0390859	2.08421	0.869275
mRNA_MEyellow	ENSG00000160593.19	JAML	0.0390701	1.67657	0.553092
mRNA_MEyellow	ENSG00000120280.6	CXorf21	0.039053	1.63379	0.618512
mRNA_MEyellow	ENSG00000122188.13	LAX1	0.0390487	0.842684	0.593648
mRNA_MEyellow	ENSG00000198223.17	CSF2RA	0.0390299	2.12175	0.691441
mRNA_MEyellow	ENSG00000204252.14	HLA-DOA	0.0390169	4.28056	1.08565
mRNA_MEyellow	ENSG00000065413.20	ANKRD44	0.0389944	1.54707	0.424383
mRNA_MEyellow	ENSG00000135604.10	STX11	0.0389845	1.46553	0.463327
mRNA_MEyellow	ENSG00000153310.19	CYRIB	0.0389801	2.67194	0.487933
mRNA_MEyellow	ENSG00000134061.5	CD180	0.0389199	1.20173	0.600342
mRNA_MEyellow	ENSG00000145649.8	GZMA	0.038821	4.11769	1.1737
mRNA_MEyellow	ENSG00000019582.15	CD74	0.038764	9.74874	0.884888
mRNA_MEyellow	ENSG00000178562.18	CD28	0.0387588	1.00727	0.531976
mRNA_MEyellow	ENSG00000163599.17	CTLA4	0.0387357	0.820327	0.578269
mRNA_MEyellow	ENSG00000180448.10	ARHGAP45	0.0387264	3.0392	0.599749
mRNA_MEyellow	ENSG00000197093.11	GAL3ST4	0.0387133	2.63703	0.783139
mRNA_MEyellow	ENSG00000136040.9	PLXNC1	0.0387024	1.91182	0.636064
mRNA_MEyellow	ENSG00000089692.9	LAG3	0.0386976	1.74662	1.16436
mRNA_MEyellow	ENSG00000007129.18	CEACAM21	0.0386415	1.09596	0.476436
mRNA_MEyellow	ENSG00000171522.6	PTGER4	0.0386395	2.06248	0.628477
mRNA_MEyellow	ENSG00000146094.15	DOK3	0.0386218	1.98814	0.563113
mRNA_MEyellow	ENSG00000204103.4	MAFB	0.038606	3.89966	0.838028
mRNA_MEyellow	ENSG00000106560.11	GIMAP2	0.0384693	3.11545	0.646012
mRNA_MEyellow	ENSG00000168918.14	INPP5D	0.0384016	2.87697	0.5899
mRNA_MEyellow	ENSG00000136490.9	LIMD2	0.0383827	2.45994	0.718789
mRNA_MEyellow	ENSG00000049249.9	TNFRSF9	0.0383712	1.09694	0.894097
mRNA_MEyellow	ENSG00000143226.15	FCGR2A	0.0382796	3.30979	0.738451
mRNA_MEyellow	ENSG00000168071.22	CCDC88B	0.0382538	1.61479	0.566615
mRNA_MEyellow	ENSG00000088827.12	SIGLEC1	0.0382179	1.94642	0.812354
mRNA_MEyellow	ENSG00000204577.11	LILRB3	0.0381645	1.61856	0.593049
mRNA_MEyellow	ENSG00000137496.18	IL18BP	0.0381277	3.20857	0.632122
mRNA_MEyellow	ENSG00000126561.17	STAT5A	0.0381252	2.80414	0.503098
mRNA_MEyellow	ENSG00000115085.14	ZAP70	0.0380942	1.4156	0.586134
mRNA_MEyellow	ENSG00000198133.8	TMEM229B	0.0380915	1.36443	0.406832
mRNA_MEyellow	ENSG00000002549.12	LAP3	0.0380792	4.99877	0.658539
mRNA_MEyellow	ENSG00000138755.6	CXCL9	0.0380774	4.33884	1.49154
mRNA_MEyellow	ENSG00000164088.18	PPM1M	0.038067	2.99379	0.421449
mRNA_MEyellow	ENSG00000204516.10	MICB	0.0380651	1.71235	0.481489
mRNA_MEyellow	ENSG00000196664.5	TLR7	0.0380502	1.76603	0.802401
mRNA_MEyellow	ENSG00000119535.18	CSF3R	0.038027	1.69947	0.630776
mRNA_MEyellow	ENSG00000198879.12	SFMBT2	0.0380241	1.71948	0.487034
mRNA_MEyellow	ENSG00000172116.23	CD8B	0.0380187	1.10791	0.830798
mRNA_MEyellow	ENSG00000027869.12	SH2D2A	0.0380152	1.65625	0.797296
mRNA_MEyellow	ENSG00000077984.6	CST7	0.0379324	3.96102	1.17673
mRNA_MEyellow	ENSG00000169442.9	CD52	0.0379323	4.19115	0.879591
mRNA_MEyellow	ENSG00000166927.13	MS4A7	0.0378761	3.7435	0.878015
mRNA_MEyellow	ENSG00000072818.12	ACAP1	0.0378601	1.66899	0.511952
mRNA_MEyellow	ENSG00000135148.12	TRAFD1	0.0378545	3.6745	0.427394
mRNA_MEyellow	ENSG00000167984.18	NLRC3	0.037844	1.42041	0.416856
mRNA_MEyellow	ENSG00000172936.16	MYD88	0.0378058	3.8393	0.374904
mRNA_MEyellow	ENSG00000135905.20	DOCK10	0.0377339	2.045	0.533782
mRNA_MEyellow	ENSG00000100077.15	GRK3	0.0376963	1.61411	0.405631
mRNA_MEyellow	ENSG00000163823.4	CCR1	0.0376215	2.74779	0.895051
mRNA_MEyellow	ENSG00000198846.6	TOX	0.0376199	1.36418	0.835506
mRNA_MEyellow	ENSG00000170458.14	CD14	0.0375794	6.02364	0.885467
mRNA_MEyellow	ENSG00000038945.15	MSR1	0.0374751	3.00473	0.933717
mRNA_MEyellow	ENSG00000167850.4	CD300C	0.0374327	1.59656	0.609941
mRNA_MEyellow	ENSG00000187474.5	FPR3	0.0374137	3.70766	0.959637
mRNA_MEyellow	ENSG00000204257.15	HLA-DMA	0.0374093	5.57453	0.754671
mRNA_MEyellow	ENSG00000168995.13	SIGLEC7	0.0374036	1.17443	0.572709
mRNA_MEyellow	ENSG00000121552.4	CSTA	0.0373556	1.83351	0.655899
mRNA_MEyellow	ENSG00000241106.8	HLA-DOB	0.0373352	1.24473	0.807995
mRNA_MEyellow	ENSG00000275302.2	CCL4	0.0371829	3.09727	1.04387
mRNA_MEyellow	ENSG00000171840.12	NINJ2	0.037098	0.987608	0.37459
mRNA_MEyellow	ENSG00000196126.11	HLA-DRB1	0.0370931	9.27302	0.8637
mRNA_MEyellow	ENSG00000028277.21	POU2F2	0.0370585	1.19558	0.520493
mRNA_MEyellow	ENSG00000116701.15	NCF2	0.0370184	2.89192	0.745234
mRNA_MEyellow	ENSG00000187239.17	FNBP1	0.0369806	3.37429	0.476902
mRNA_MEyellow	ENSG00000105246.6	EBI3	0.0369432	2.46211	0.770849
mRNA_MEyellow	ENSG00000020633.19	RUNX3	0.0369264	2.5661	0.79207
mRNA_MEyellow	ENSG00000100368.14	CSF2RB	0.0368131	2.13845	0.603014
mRNA_MEyellow	ENSG00000239713.9	APOBEC3G	0.036744	2.67642	0.727341
mRNA_MEyellow	ENSG00000197629.6	MPEG1	0.0367427	3.82719	0.898377
mRNA_MEyellow	ENSG00000048740.18	CELF2	0.0366182	2.07764	0.633352
mRNA_MEyellow	ENSG00000172322.14	CLEC12A	0.0366149	1.16205	0.623512
mRNA_MEyellow	ENSG00000105366.15	SIGLEC8	0.0365273	1.74763	0.877841
mRNA_MEyellow	ENSG00000099331.13	MYO9B	0.0365122	3.25972	0.406295
mRNA_MEyellow	ENSG00000147010.18	SH3KBP1	0.0364724	3.23667	0.474078
mRNA_MEyellow	ENSG00000103653.16	CSK	0.0363507	3.85332	0.389322
mRNA_MEyellow	ENSG00000221963.6	APOL6	0.0363315	3.66505	0.624135
mRNA_MEyellow	ENSG00000127124.16	HIVEP3	0.036321	0.909441	0.352364
mRNA_MEyellow	ENSG00000171777.16	RASGRP4	0.0363076	0.957436	0.326461
mRNA_MEyellow	ENSG00000168394.11	TAP1	0.0362318	4.76354	0.688787
mRNA_MEyellow	ENSG00000174946.7	GPR171	0.0361974	1.12714	0.587209
mRNA_MEyellow	ENSG00000175567.11	UCP2	0.0361911	4.90106	0.88851
mRNA_MEyellow	ENSG00000110079.18	MS4A4A	0.0360491	3.08325	0.873875
mRNA_MEyellow	ENSG00000140853.16	NLRC5	0.0360488	2.42678	0.603205
mRNA_MEyellow	ENSG00000100628.12	ASB2	0.0360472	0.80419	0.501344
mRNA_MEyellow	ENSG00000119714.11	GPR68	0.0360018	0.909693	0.475106
mRNA_MEyellow	ENSG00000134955.12	SLC37A2	0.0359945	2.01805	0.706457
mRNA_MEyellow	ENSG00000110848.8	CD69	0.0359055	1.99032	0.716936
mRNA_MEyellow	ENSG00000141574.8	SECTM1	0.0358921	2.86556	0.866795
mRNA_MEyellow	ENSG00000168961.17	LGALS9	0.035881	3.20724	0.632309
mRNA_MEyellow	ENSG00000168016.15	TRANK1	0.0358497	1.92017	0.472494
mRNA_MEyellow	ENSG00000173020.11	GRK2	0.0358025	3.99104	0.380529
mRNA_MEyellow	ENSG00000174600.14	CMKLR1	0.0357913	2.32012	0.751697
mRNA_MEyellow	ENSG00000069493.15	CLEC2D	0.0357792	1.54276	0.48364
mRNA_MEyellow	ENSG00000143390.18	RFX5	0.0356604	3.14938	0.478917
mRNA_MEyellow	ENSG00000081320.11	STK17B	0.0356439	2.88893	0.597071
mRNA_MEyellow	ENSG00000181896.12	ZNF101	0.0356389	1.4385	0.324305
mRNA_MEyellow	ENSG00000158717.11	RNF166	0.0356367	2.30875	0.404182
mRNA_MEyellow	ENSG00000282608.2	ADORA3	0.0356357	2.20576	0.776648
mRNA_MEyellow	ENSG00000162645.13	GBP2	0.0356182	4.40941	0.800526
mRNA_MEyellow	ENSG00000105374.10	NKG7	0.0355639	4.6955	1.23326
mRNA_MEyellow	ENSG00000100298.16	APOBEC3H	0.0355527	1.30661	0.585711
mRNA_MEyellow	ENSG00000130775.16	THEMIS2	0.0355286	3.2104	0.733923
mRNA_MEyellow	ENSG00000214212.9	C19orf38	0.0355151	1.56849	0.53371
mRNA_MEyellow	ENSG00000196209.13	SIRPB2	0.0355135	1.21897	0.470752
mRNA_MEyellow	ENSG00000140968.11	IRF8	0.0354959	2.71176	0.83075
mRNA_MEyellow	ENSG00000155659.15	VSIG4	0.0354517	3.8225	1.11035
mRNA_MEyellow	ENSG00000084070.12	SMAP2	0.0353775	4.2474	0.551304
mRNA_MEyellow	ENSG00000169896.18	ITGAM	0.0353504	2.41899	0.690198
mRNA_MEyellow	ENSG00000254415.3	SIGLEC14	0.0352403	1.47104	0.699514
mRNA_MEyellow	ENSG00000079215.14	SLC1A3	0.0351982	2.10895	0.849257
mRNA_MEyellow	ENSG00000152766.6	ANKRD22	0.0350978	1.08658	0.854503
mRNA_MEyellow	ENSG00000245848.3	CEBPA	0.0350748	1.48467	0.669088
mRNA_MEyellow	ENSG00000158050.5	DUSP2	0.035064	2.31466	0.984158
mRNA_MEyellow	ENSG00000244482.10	LILRA6	0.0350271	1.04048	0.526497
mRNA_MEyellow	ENSG00000162894.12	FCMR	0.0350135	1.89457	0.631285
mRNA_MEyellow	ENSG00000121895.8	TMEM156	0.0349981	0.852761	0.409572
mRNA_MEyellow	ENSG00000168310.11	IRF2	0.0349871	3.99388	0.331609
mRNA_MEyellow	ENSG00000183813.7	CCR4	0.0349801	0.973825	0.585237
mRNA_MEyellow	ENSG00000177409.12	SAMD9L	0.0348978	2.97237	0.718008
mRNA_MEyellow	ENSG00000114450.11	GNB4	0.0348892	2.36149	0.542755
mRNA_MEyellow	ENSG00000140511.12	HAPLN3	0.0348755	1.93765	0.719268
mRNA_MEyellow	ENSG00000227507.3	LTB	0.0348097	2.58267	0.963336
mRNA_MEyellow	ENSG00000180096.12	SEPTIN1	0.0348024	1.67426	0.509746
mRNA_MEyellow	ENSG00000137491.15	SLCO2B1	0.0347945	3.37444	0.907086
mRNA_MEyellow	ENSG00000198771.11	RCSD1	0.0347042	2.6871	0.560427
mRNA_MEyellow	ENSG00000205220.12	PSMB10	0.0346938	3.65285	0.64447
mRNA_MEyellow	ENSG00000174125.8	TLR1	0.0346781	1.97917	0.647953
mRNA_MEyellow	ENSG00000169245.6	CXCL10	0.0346438	4.47789	1.4762
mRNA_MEyellow	ENSG00000167083.7	GNGT2	0.0346323	1.50815	0.386482
mRNA_MEyellow	ENSG00000162711.18	NLRP3	0.034601	1.27999	0.499272
mRNA_MEyellow	ENSG00000101096.20	NFATC2	0.0345978	2.12114	0.570912
mRNA_MEyellow	ENSG00000156234.7	CXCL13	0.0345952	1.69898	1.41371
mRNA_MEyellow	ENSG00000125354.24	SEPTIN6	0.0345559	2.84251	0.541685
mRNA_MEyellow	ENSG00000075884.14	ARHGAP15	0.0345276	1.85224	0.478309
mRNA_MEyellow	ENSG00000143669.14	LYST	0.0345241	1.47728	0.388761
mRNA_MEyellow	ENSG00000095970.17	TREM2	0.034511	4.36334	1.02809
mRNA_MEyellow	ENSG00000181631.7	P2RY13	0.0344732	2.04655	0.73176
mRNA_MEyellow	ENSG00000160883.11	HK3	0.0344547	1.41659	0.597425
mRNA_MEyellow	ENSG00000117228.10	GBP1	0.0344285	4.29072	0.979302
mRNA_MEyellow	ENSG00000140678.17	ITGAX	0.0343959	2.48398	0.745714
mRNA_MEyellow	ENSG00000185669.6	SNAI3	0.0343226	0.988416	0.355448
mRNA_MEyellow	ENSG00000198246.9	SLC29A3	0.0342756	1.61853	0.471573
mRNA_MEyellow	ENSG00000241839.10	PLEKHO2	0.0342056	4.30028	0.515729
mRNA_MEyellow	ENSG00000173193.15	PARP14	0.0341779	4.07189	0.52508
mRNA_MEyellow	ENSG00000129465.16	RIPK3	0.0341627	0.948122	0.327354
mRNA_MEyellow	ENSG00000204267.16	TAP2	0.0341286	2.81449	0.528325
mRNA_MEyellow	ENSG00000172543.8	CTSW	0.0340943	3.05115	1.07572
mRNA_MEyellow	ENSG00000196954.14	CASP4	0.0340884	3.35547	0.463685
mRNA_MEyellow	ENSG00000116489.13	CAPZA1	0.0340757	5.3131	0.368269
mRNA_MEyellow	ENSG00000054967.13	RELT	0.0340199	0.963228	0.338958
mRNA_MEyellow	ENSG00000026950.17	BTN3A1	0.0339404	3.99149	0.671125
mRNA_MEyellow	ENSG00000111801.16	BTN3A3	0.0338933	3.44937	0.65247
mRNA_MEyellow	ENSG00000169248.13	CXCL11	0.0338832	2.15683	1.18424
mRNA_MEyellow	ENSG00000122694.16	GLIPR2	0.0338648	3.07243	0.566978
mRNA_MEyellow	ENSG00000131979.20	GCH1	0.0338533	2.21844	0.542662
mRNA_MEyellow	ENSG00000176788.9	BASP1	0.0338082	3.05328	1.02283
mRNA_MEyellow	ENSG00000115232.14	ITGA4	0.0337545	2.23997	0.614727
mRNA_MEyellow	ENSG00000132205.11	EMILIN2	0.0337465	2.18167	0.54708
mRNA_MEyellow	ENSG00000170909.13	OSCAR	0.0337331	1.76026	0.60295
mRNA_MEyellow	ENSG00000005059.16	MCUB	0.0337112	2.0284	0.648734
mRNA_MEyellow	ENSG00000125347.14	IRF1	0.0336753	2.99357	0.756181
mRNA_MEyellow	ENSG00000133106.15	EPSTI1	0.0336623	2.76179	0.71174
mRNA_MEyellow	ENSG00000156587.16	UBE2L6	0.0336606	5.82548	0.538741
mRNA_MEyellow	ENSG00000141497.14	ZMYND15	0.0335917	1.46601	0.432433
mRNA_MEyellow	ENSG00000154429.11	CCSAP	0.0335584	1.26672	0.402655
mRNA_MEyellow	ENSG00000119321.9	FKBP15	0.0335157	2.74428	0.290528
mRNA_MEyellow	ENSG00000180061.10	TMEM150B	0.0334933	1.11833	0.48511
mRNA_MEyellow	ENSG00000177885.15	GRB2	0.0334839	5.15479	0.323451
mRNA_MEyellow	ENSG00000115325.13	DOK1	0.0334522	2.49986	0.400093
mRNA_MEyellow	ENSG00000162512.16	SDC3	0.033444	4.18622	0.565128
mRNA_MEyellow	ENSG00000154589.7	LY96	0.0334382	3.69464	0.889203
mRNA_MEyellow	ENSG00000072786.13	STK10	0.0334374	2.98722	0.430046
mRNA_MEyellow	ENSG00000138378.19	STAT4	0.0334326	0.98108	0.3311
mRNA_MEyellow	ENSG00000096968.14	JAK2	0.0332632	2.13819	0.435268
mRNA_MEyellow	ENSG00000023902.14	PLEKHO1	0.0332569	3.14078	0.629121
mRNA_MEyellow	ENSG00000138496.16	PARP9	0.0331896	3.1914	0.448161
mRNA_MEyellow	ENSG00000170581.14	STAT2	0.0331846	4.25784	0.507656
mRNA_MEyellow	ENSG00000204136.11	GGTA1	0.0331768	2.46908	0.589291
mRNA_MEyellow	ENSG00000263528.8	IKBKE	0.0331575	1.67214	0.611558
mRNA_MEyellow	ENSG00000101109.12	STK4	0.0331478	2.90366	0.388902
mRNA_MEyellow	ENSG00000196684.12	HSH2D	0.0331156	0.959978	0.564654
mRNA_MEyellow	ENSG00000132965.10	ALOX5AP	0.0330963	3.07062	0.874302
mRNA_MEyellow	ENSG00000049768.16	FOXP3	0.0330725	0.860316	0.579753
mRNA_MEyellow	ENSG00000083799.18	CYLD	0.0330479	2.7387	0.398683
mRNA_MEyellow	ENSG00000163466.16	ARPC2	0.03304	5.12551	0.338448
mRNA_MEyellow	ENSG00000072694.21	FCGR2B	0.0329602	1.27745	0.669764
mRNA_MEyellow	ENSG00000152229.18	PSTPIP2	0.0329486	1.73211	0.548957
mRNA_MEyellow	ENSG00000135362.14	PRR5L	0.0329155	1.71165	0.517013
mRNA_MEyellow	ENSG00000119397.17	CNTRL	0.0329056	1.43265	0.356775
mRNA_MEyellow	ENSG00000090382.7	LYZ	0.0329028	5.81159	1.45562
mRNA_MEyellow	ENSG00000125910.6	S1PR4	0.0328649	1.81566	0.558375
mRNA_MEyellow	ENSG00000134028.14	ADAMDEC1	0.0328313	1.3532	1.09997
mRNA_MEyellow	ENSG00000103187.8	COTL1	0.032816	4.68593	0.55834
mRNA_MEyellow	ENSG00000164430.16	CGAS	0.0327724	1.33234	0.388578
mRNA_MEyellow	ENSG00000104974.12	LILRA1	0.0327721	0.930072	0.377682
mRNA_MEyellow	ENSG00000162777.17	DENND2D	0.0327719	2.81452	0.56374
mRNA_MEyellow	ENSG00000161921.17	CXCL16	0.0327272	4.95836	0.622004
mRNA_MEyellow	ENSG00000126264.10	HCST	0.0327158	1.35961	0.640824
mRNA_MEyellow	ENSG00000105639.20	JAK3	0.032688	2.44007	0.75378
mRNA_MEyellow	ENSG00000056558.11	TRAF1	0.0326496	2.54162	0.629809
mRNA_MEyellow	ENSG00000102096.9	PIM2	0.0326158	3.32747	0.846256
mRNA_MEyellow	ENSG00000124357.13	NAGK	0.0326157	2.9892	0.342955
mRNA_MEyellow	ENSG00000029153.14	ARNTL2	0.0326088	0.980431	0.447488
mRNA_MEyellow	ENSG00000139278.10	GLIPR1	0.0325694	2.28568	0.643244
mRNA_MEyellow	ENSG00000177105.10	RHOG	0.0325442	5.04991	0.417333
mRNA_MEyellow	ENSG00000167851.15	CD300A	0.0325411	3.15742	0.825953
mRNA_MEyellow	ENSG00000135899.19	SP110	0.0324936	2.26243	0.360926
mRNA_MEyellow	ENSG00000174718.12	RESF1	0.0324777	3.31379	0.496507
mRNA_MEyellow	ENSG00000042980.13	ADAM28	0.0324479	1.71696	0.561631
mRNA_MEyellow	ENSG00000139626.16	ITGB7	0.0324392	1.29363	0.462531
mRNA_MEyellow	ENSG00000177575.13	CD163	0.0324038	3.65095	1.23517
mRNA_MEyellow	ENSG00000120899.18	PTK2B	0.0323978	2.45369	0.501319
mRNA_MEyellow	ENSG00000089820.16	ARHGAP4	0.0323383	2.87142	0.593015
mRNA_MEyellow	ENSG00000180644.8	PRF1	0.0323139	3.40667	0.896308
mRNA_MEyellow	ENSG00000188641.14	DPYD	0.0322972	2.51772	0.574262
mRNA_MEyellow	ENSG00000140379.9	BCL2A1	0.0322605	2.1795	0.930914
mRNA_MEyellow	ENSG00000169385.3	RNASE2	0.032191	1.4588	0.79556
mRNA_MEyellow	ENSG00000153551.14	CMTM7	0.032075	2.43362	0.464147
mRNA_MEyellow	ENSG00000173762.8	CD7	0.0320184	1.8723	0.86892
mRNA_MEyellow	ENSG00000139970.17	RTN1	0.0320098	1.29479	0.578096
mRNA_MEyellow	ENSG00000181036.14	FCRL6	0.0320057	1.05872	0.506617
mRNA_MEyellow	ENSG00000127951.8	FGL2	0.0320007	3.8862	0.861891
mRNA_MEyellow	ENSG00000174837.15	ADGRE1	0.0319863	0.946799	0.601471
mRNA_MEyellow	ENSG00000140105.18	WARS1	0.0319436	4.53084	0.642964
mRNA_MEyellow	ENSG00000069424.15	KCNAB2	0.0319292	1.5861	0.544822
mRNA_MEyellow	ENSG00000168062.10	BATF2	0.0318778	2.35189	0.658871
mRNA_MEyellow	ENSG00000111335.13	OAS2	0.0318725	3.33051	0.679949
mRNA_MEyellow	ENSG00000198286.10	CARD11	0.0318478	2.02419	0.931906
mRNA_MEyellow	ENSG00000111817.19	DSE	0.031834	1.37389	0.468685
mRNA_MEyellow	ENSG00000025708.14	TYMP	0.0318183	4.53631	0.788143
mRNA_MEyellow	ENSG00000187808.5	SOWAHD	0.0318131	1.02922	0.472968
mRNA_MEyellow	ENSG00000175857.8	GAPT	0.0318091	1.50589	0.669887
mRNA_MEyellow	ENSG00000135439.11	AGAP2	0.0317907	0.941057	0.347614
mRNA_MEyellow	ENSG00000100280.16	AP1B1	0.0317865	4.37252	0.374874
mRNA_MEyellow	ENSG00000171310.11	CHST11	0.0317649	2.97824	0.59472
mRNA_MEyellow	ENSG00000123146.20	ADGRE5	0.0316927	4.05602	0.546473
mRNA_MEyellow	ENSG00000090104.12	RGS1	0.0316509	4.70826	1.13906
mRNA_MEyellow	ENSG00000165025.15	SYK	0.0316313	3.10578	0.727257
mRNA_MEyellow	ENSG00000087589.16	CASS4	0.0316221	1.01898	0.477533
mRNA_MEyellow	ENSG00000184730.11	APOBR	0.0315893	2.05265	0.627395
mRNA_MEyellow	ENSG00000132274.16	TRIM22	0.0315749	4.20361	0.643411
mRNA_MEyellow	ENSG00000115318.12	LOXL3	0.031563	1.30696	0.467388
mRNA_MEyellow	ENSG00000166710.21	B2M	0.0315544	9.5147	0.592127
mRNA_MEyellow	ENSG00000161642.18	ZNF385A	0.0315543	3.17441	0.690828
mRNA_MEyellow	ENSG00000139187.10	KLRG1	0.0315206	0.953593	0.339918
mRNA_MEyellow	ENSG00000198624.13	CCDC69	0.0314963	2.76624	0.528956
mRNA_MEyellow	ENSG00000130816.17	DNMT1	0.0314937	1.95911	0.331937
mRNA_MEyellow	ENSG00000133246.12	PRAM1	0.0314674	1.25878	0.489586
mRNA_MEyellow	ENSG00000124508.17	BTN2A2	0.0314642	2.48497	0.484636
mRNA_MEyellow	ENSG00000104081.14	BMF	0.0314533	1.92881	0.51768
mRNA_MEyellow	ENSG00000082512.15	TRAF5	0.0314037	1.70281	0.434574
mRNA_MEyellow	ENSG00000120875.9	DUSP4	0.0313833	1.71923	0.653405
mRNA_MEyellow	ENSG00000122986.14	HVCN1	0.0313813	1.6398	0.399604
mRNA_MEyellow	ENSG00000104783.14	KCNN4	0.0313719	0.819454	0.480263
mRNA_MEyellow	ENSG00000183484.12	GPR132	0.0312839	1.42102	0.506904
mRNA_MEyellow	ENSG00000143184.5	XCL1	0.0312832	0.978965	0.636148
mRNA_MEyellow	ENSG00000167261.14	DPEP2	0.0312513	1.23545	0.41749
mRNA_MEyellow	ENSG00000151117.9	TMEM86A	0.0312458	1.96334	0.593075
mRNA_MEyellow	ENSG00000146112.12	PPP1R18	0.031233	4.34909	0.554328
mRNA_MEyellow	ENSG00000141524.17	TMC6	0.0312268	2.05826	0.468551
mRNA_MEyellow	ENSG00000143185.4	XCL2	0.0312147	1.42326	0.760347
mRNA_MEyellow	ENSG00000168476.12	REEP4	0.0311986	2.92349	0.497558
mRNA_MEyellow	ENSG00000163219.12	ARHGAP25	0.0311581	2.79656	0.518045
mRNA_MEyellow	ENSG00000197548.12	ATG7	0.0311398	1.91054	0.278774
mRNA_MEyellow	ENSG00000205413.8	SAMD9	0.0311097	2.33433	0.556422
mRNA_MEyellow	ENSG00000184371.14	CSF1	0.0310946	3.96329	0.647531
mRNA_MEyellow	ENSG00000117586.11	TNFSF4	0.0310788	1.1354	0.415276
mRNA_MEyellow	ENSG00000170542.6	SERPINB9	0.0310564	3.29602	0.53987
mRNA_MEyellow	ENSG00000072609.18	CHFR	0.031038	1.29953	0.244588
mRNA_MEyellow	ENSG00000162639.16	HENMT1	0.0310274	1.47429	0.473113
mRNA_MEyellow	ENSG00000143507.18	DUSP10	0.0309753	2.07044	0.57717
mRNA_MEyellow	ENSG00000240065.8	PSMB9	0.0309528	4.49872	0.789549
mRNA_MEyellow	ENSG00000123609.11	NMI	0.0309439	3.20028	0.419091
mRNA_MEyellow	ENSG00000205542.11	TMSB4X	0.0309152	9.4735	0.540708
mRNA_MEyellow	ENSG00000126353.3	CCR7	0.0309146	1.2833	0.67147
mRNA_MEyellow	ENSG00000110756.18	HPS5	0.030823	2.45687	0.366287
mRNA_MEyellow	ENSG00000108669.16	CYTH1	0.0308096	2.89181	0.36774
mRNA_MEyellow	ENSG00000244509.4	APOBEC3C	0.0307723	4.63362	0.831565
mRNA_MEyellow	ENSG00000187688.15	TRPV2	0.0307645	2.90186	0.504758
mRNA_MEyellow	ENSG00000010030.14	ETV7	0.030734	2.26847	0.79272
mRNA_MEyellow	ENSG00000169495.5	HTRA4	0.0307296	0.713753	0.608007
mRNA_MEyellow	ENSG00000008130.15	NADK	0.030725	3.1103	0.309245
mRNA_MEyellow	ENSG00000000938.13	FGR	0.030709	2.7471	0.617343
mRNA_MEyellow	ENSG00000100336.17	APOL4	0.0305657	1.55997	0.7231
mRNA_MEyellow	ENSG00000136404.16	TM6SF1	0.0305473	1.1495	0.473696
mRNA_MEyellow	ENSG00000128284.19	APOL3	0.0305098	3.40271	0.694438
mRNA_MEyellow	ENSG00000168685.15	IL7R	0.0304393	2.39226	0.966259
mRNA_MEyellow	ENSG00000132530.17	XAF1	0.0304289	1.49302	0.521664
mRNA_MEyellow	ENSG00000132182.12	NUP210	0.0304196	2.28606	0.639162
mRNA_MEyellow	ENSG00000196189.13	SEMA4A	0.0303949	1.87106	0.636917
mRNA_MEyellow	ENSG00000171659.15	GPR34	0.0303908	3.06893	0.952728
mRNA_MEyellow	ENSG00000142634.13	EFHD2	0.0303761	4.90603	0.548345
mRNA_MEyellow	ENSG00000100450.13	GZMH	0.0303755	2.93503	0.921828
mRNA_MEyellow	ENSG00000182179.13	UBA7	0.0303522	3.54051	0.486915
mRNA_MEyellow	ENSG00000204397.8	CARD16	0.0302624	2.81357	0.615392
mRNA_MEyellow	ENSG00000155629.15	PIK3AP1	0.030257	3.47214	0.914992
mRNA_MEyellow	ENSG00000082212.13	ME2	0.0302265	1.89343	0.339467
mRNA_MEyellow	ENSG00000122862.5	SRGN	0.0302222	6.84753	0.732183
mRNA_MEyellow	ENSG00000145685.14	LHFPL2	0.0301096	3.00014	0.758929
mRNA_MEyellow	ENSG00000183486.13	MX2	0.0300823	1.13038	0.436894
mRNA_MEyellow	ENSG00000162302.13	RPS6KA4	0.0300556	3.29204	0.391224
mRNA_MEyellow	ENSG00000151883.19	PARP8	0.0300273	2.35551	0.422068
mRNA_MEyellow	ENSG00000239998.6	LILRA2	0.0300213	0.961643	0.420894
mRNA_MEyellow	ENSG00000151651.16	ADAM8	0.0299844	1.6397	0.729053
mRNA_MEyellow	ENSG00000103490.14	PYCARD	0.0299725	2.86199	0.793215
mRNA_MEyellow	ENSG00000121797.10	CCRL2	0.029969	1.62582	0.453479
mRNA_MEyellow	ENSG00000163565.19	IFI16	0.0299577	4.46452	0.584758
mRNA_MEyellow	ENSG00000103642.12	LACTB	0.0299116	2.87424	0.376424
mRNA_MEyellow	ENSG00000100599.16	RIN3	0.0299051	2.53459	0.454099
mRNA_MEyellow	ENSG00000030419.16	IKZF2	0.0298782	0.891927	0.358647
mRNA_MEyellow	ENSG00000116774.12	OLFML3	0.0298756	3.54259	0.82544
mRNA_MEyellow	ENSG00000197540.8	GZMM	0.0298579	1.77257	0.620517
mRNA_MEyellow	ENSG00000159322.17	ADPGK	0.0298164	3.52907	0.290048
mRNA_MEyellow	ENSG00000005302.19	MSL3	0.0297937	1.9487	0.263411
mRNA_MEyellow	ENSG00000065357.20	DGKA	0.0297701	1.47038	0.465584
mRNA_MEyellow	ENSG00000134460.18	IL2RA	0.0297485	0.932725	0.726399
mRNA_MEyellow	ENSG00000171051.9	FPR1	0.0297129	2.44207	0.964598
mRNA_MEyellow	ENSG00000152315.5	KCNK13	0.029703	0.874701	0.459418
mRNA_MEyellow	ENSG00000138623.10	SEMA7A	0.0296793	1.50356	0.610022
mRNA_MEyellow	ENSG00000171631.15	P2RY6	0.0296792	1.42069	0.634777
mRNA_MEyellow	ENSG00000197142.10	ACSL5	0.0296126	2.96837	0.693458
mRNA_MEyellow	ENSG00000110057.8	UNC93B1	0.0296094	3.46558	0.454676
mRNA_MEyellow	ENSG00000119403.15	PHF19	0.0295766	1.90906	0.392869
mRNA_MEyellow	ENSG00000135596.18	MICAL1	0.0295633	2.90319	0.501984
mRNA_MEyellow	ENSG00000173083.15	HPSE	0.029511	1.45618	0.558353
mRNA_MEyellow	ENSG00000134575.13	ACP2	0.029489	3.92507	0.354699
mRNA_MEyellow	ENSG00000105369.10	CD79A	0.029454	1.6595	1.24811
mRNA_MEyellow	ENSG00000077454.16	LRCH4	0.0293622	1.02361	0.246759
mRNA_MEyellow	ENSG00000124126.14	PREX1	0.0293534	3.8104	0.586894
mRNA_MEyellow	ENSG00000102245.8	CD40LG	0.0293321	1.00006	0.503494
mRNA_MEyellow	ENSG00000073331.18	ALPK1	0.0292577	1.67562	0.287615
mRNA_MEyellow	ENSG00000135823.14	STX6	0.0292007	2.91078	0.288897
mRNA_MEyellow	ENSG00000198502.6	HLA-DRB5	0.0291591	7.4718	1.12598
mRNA_MEyellow	ENSG00000179051.14	RCC2	0.0291223	4.28207	0.371411
mRNA_MEyellow	ENSG00000162654.9	GBP4	0.0291181	4.40524	0.948323
mRNA_MEyellow	ENSG00000178927.18	CYBC1	0.0291046	3.34804	0.372612
mRNA_MEyellow	ENSG00000139190.17	VAMP1	0.0291018	1.57879	0.470605
mRNA_MEyellow	ENSG00000163840.10	DTX3L	0.0290121	4.01657	0.437253
mRNA_MEyellow	ENSG00000100911.16	PSME2	0.0289955	4.73822	0.523386
mRNA_MEyellow	ENSG00000099337.5	KCNK6	0.0289831	1.51185	0.485368
mRNA_MEyellow	ENSG00000139629.16	GALNT6	0.0289657	1.04627	0.362774
mRNA_MEyellow	ENSG00000172375.14	C2CD2L	0.0289631	1.3099	0.226913
mRNA_MEyellow	ENSG00000170476.16	MZB1	0.0289575	1.45318	1.28741
mRNA_MEyellow	ENSG00000117676.14	RPS6KA1	0.0289575	3.25984	0.463324
mRNA_MEyellow	ENSG00000173442.13	EHBP1L1	0.0289286	3.42994	0.487092
mRNA_MEyellow	ENSG00000164305.19	CASP3	0.028928	3.23264	0.383551
mRNA_MEyellow	ENSG00000213445.10	SIPA1	0.0289275	3.76886	0.48277
mRNA_MEyellow	ENSG00000153029.14	MR1	0.0289069	2.73578	0.486239
mRNA_MEyellow	ENSG00000177663.14	IL17RA	0.0288986	2.55534	0.325613
mRNA_MEyellow	ENSG00000181804.15	SLC9A9	0.0288127	2.6907	0.801832
mRNA_MEyellow	ENSG00000173821.19	RNF213	0.0288049	3.5304	0.486113
mRNA_MEyellow	ENSG00000059378.13	PARP12	0.0287228	3.20615	0.389729
mRNA_MEyellow	ENSG00000118855.21	MFSD1	0.0287046	3.98632	0.50676
mRNA_MEyellow	ENSG00000110852.4	CLEC2B	0.0287011	2.83562	0.69739
mRNA_MEyellow	ENSG00000107968.10	MAP3K8	0.0286951	1.95545	0.529151
mRNA_MEyellow	ENSG00000118503.15	TNFAIP3	0.0286831	3.98338	0.649408
mRNA_MEyellow	ENSG00000064687.13	ABCA7	0.0286621	1.20238	0.435254
mRNA_MEyellow	ENSG00000101160.14	CTSZ	0.028654	7.31618	0.659425
mRNA_MEyellow	ENSG00000234745.12	HLA-B	0.0286479	9.92229	0.670506
mRNA_MEyellow	ENSG00000162704.16	ARPC5	0.0286334	4.09547	0.346027
mRNA_MEyellow	ENSG00000197622.13	CDC42SE1	0.028627	4.19087	0.400326
mRNA_MEyellow	ENSG00000047365.12	ARAP2	0.0286264	1.56109	0.405235
mRNA_MEyellow	ENSG00000131236.18	CAP1	0.0285713	6.53551	0.305437
mRNA_MEyellow	ENSG00000170915.9	PAQR8	0.0285411	1.96503	0.491739
mRNA_MEyellow	ENSG00000069974.16	RAB27A	0.0285342	2.59364	0.472715
mRNA_MEyellow	ENSG00000012779.11	ALOX5	0.0285069	3.50635	1.05227
mRNA_MEyellow	ENSG00000204160.12	ZDHHC18	0.0284647	2.69892	0.315563
mRNA_MEyellow	ENSG00000196743.9	GM2A	0.0284587	4.93256	0.551926
mRNA_MEyellow	ENSG00000110719.10	TCIRG1	0.0284168	3.61471	0.584762
mRNA_MEyellow	ENSG00000023445.16	BIRC3	0.028361	4.37599	1.06482
mRNA_MEyellow	ENSG00000185527.12	PDE6G	0.0283602	0.998768	0.48983
mRNA_MEyellow	ENSG00000132465.12	JCHAIN	0.0283437	4.74474	1.93737
mRNA_MEyellow	ENSG00000167600.14	CYP2S1	0.0283122	1.11365	0.506537
mRNA_MEyellow	ENSG00000237988.5	OR2I1P	0.0283082	3.49663	1.59819
mRNA_MEyellow	ENSG00000198951.12	NAGA	0.0282901	4.11971	0.340105
mRNA_MEyellow	ENSG00000121933.19	TMIGD3	0.0282415	1.08098	0.522428
mRNA_MEyellow	ENSG00000186470.14	BTN3A2	0.0281948	4.21703	0.759835
mRNA_MEyellow	ENSG00000109861.17	CTSC	0.0281059	3.2699	0.546126
mRNA_MEyellow	ENSG00000169313.10	P2RY12	0.028095	1.11618	0.633942
mRNA_MEyellow	ENSG00000078081.8	LAMP3	0.0280337	1.37061	0.559286
mRNA_MEyellow	ENSG00000077549.19	CAPZB	0.0279444	3.59639	0.299595
mRNA_MEyellow	ENSG00000065615.14	CYB5R4	0.0279248	1.64067	0.326884
mRNA_MEyellow	ENSG00000013374.16	NUB1	0.0279096	3.92173	0.339999
mRNA_MEyellow	ENSG00000102034.17	ELF4	0.0279091	3.17541	0.383761
mRNA_MEyellow	ENSG00000166428.14	PLD4	0.0278211	2.1515	0.880936
mRNA_MEyellow	ENSG00000081059.20	TCF7	0.0278149	0.946032	0.492396
mRNA_MEyellow	ENSG00000188921.14	HACD4	0.0278063	1.36429	0.430397
mRNA_MEyellow	ENSG00000156171.15	DRAM2	0.0277738	3.9651	0.378982
mRNA_MEyellow	ENSG00000129675.16	ARHGEF6	0.0277063	3.38128	0.54299
mRNA_MEyellow	ENSG00000108798.9	ABI3	0.0276931	3.73684	0.559876
mRNA_MEyellow	ENSG00000183621.15	ZNF438	0.0276839	1.94779	0.242863
mRNA_MEyellow	ENSG00000164543.7	STK17A	0.0276689	2.66858	0.523476
mRNA_MEyellow	ENSG00000179344.16	HLA-DQB1	0.0276119	5.54993	1.09552
mRNA_MEyellow	ENSG00000198055.11	GRK6	0.0275901	2.82043	0.343869
mRNA_MEyellow	ENSG00000145569.6	OTULINL	0.0275611	1.83235	0.583985
mRNA_MEyellow	ENSG00000154124.5	OTULIN	0.0275365	2.25587	0.354251
mRNA_MEyellow	ENSG00000181467.5	RAP2B	0.0273965	2.86318	0.473633
mRNA_MEyellow	ENSG00000128335.14	APOL2	0.0273836	4.80275	0.808292
mRNA_MEyellow	ENSG00000135838.13	NPL	0.0273672	2.84426	0.921841
mRNA_MEyellow	ENSG00000187554.14	TLR5	0.0272534	1.09746	0.419901
mRNA_MEyellow	ENSG00000135094.11	SDS	0.027234	2.24047	1.03032
mRNA_MEyellow	ENSG00000057252.13	SOAT1	0.0272321	3.49072	0.524347
mRNA_MEyellow	ENSG00000131446.17	MGAT1	0.02718	4.41338	0.373358
mRNA_MEyellow	ENSG00000186283.14	TOR3A	0.0271789	3.66992	0.444973
mRNA_MEyellow	ENSG00000168234.13	TTC39C	0.0271734	1.16767	0.42577
mRNA_MEyellow	ENSG00000133321.11	PLAAT4	0.0271389	6.02854	0.970044
mRNA_MEyellow	ENSG00000150867.14	PIP4K2A	0.0271099	3.68883	0.452097
mRNA_MEyellow	ENSG00000197746.14	PSAP	0.0270911	9.33854	0.571897
mRNA_MEyellow	ENSG00000186891.14	TNFRSF18	0.0270729	1.05574	0.581517
mRNA_MEyellow	ENSG00000182326.15	C1S	0.02706	5.36821	1.46195
mRNA_MEyellow	ENSG00000164136.17	IL15	0.0270542	1.17407	0.352679
mRNA_MEyellow	ENSG00000169508.7	GPR183	0.0270499	3.1909	0.908245
mRNA_MEyellow	ENSG00000157191.20	NECAP2	0.0270037	4.02611	0.301981
mRNA_MEyellow	ENSG00000143549.21	TPM3	0.0269867	4.37158	0.306858
mRNA_MEyellow	ENSG00000182853.12	VMO1	0.0269509	2.10585	0.646991
mRNA_MEyellow	ENSG00000178695.6	KCTD12	0.0269447	4.52128	0.764032
mRNA_MEyellow	ENSG00000100342.21	APOL1	0.0269246	6.10861	1.33644
mRNA_MEyellow	ENSG00000276600.5	RAB7B	0.0269232	1.41809	0.52444
mRNA_MEyellow	ENSG00000135114.12	OASL	0.026899	1.91777	0.768345
mRNA_MEyellow	ENSG00000185404.17	SP140L	0.0268308	2.15942	0.389271
mRNA_MEyellow	ENSG00000148288.13	GBGT1	0.0267954	1.46282	0.443681
mRNA_MEyellow	ENSG00000152601.17	MBNL1	0.0267676	4.29616	0.340609
mRNA_MEyellow	ENSG00000160613.14	PCSK7	0.0267442	0.978447	0.197982
mRNA_MEyellow	ENSG00000167550.11	RHEBL1	0.0265912	0.860056	0.299245
mRNA_MEyellow	ENSG00000155393.13	HEATR3	0.0265391	2.10664	0.294753
mRNA_MEyellow	ENSG00000067066.17	SP100	0.0265143	2.98347	0.301523
mRNA_MEyellow	ENSG00000119655.11	NPC2	0.0264969	5.74223	0.427721
mRNA_MEyellow	ENSG00000106785.15	TRIM14	0.0264772	3.50826	0.610669
mRNA_MEyellow	ENSG00000026508.20	CD44	0.0264298	3.87068	0.93686
mRNA_MEyellow	ENSG00000127507.18	ADGRE2	0.0264036	1.21731	0.539507
mRNA_MEyellow	ENSG00000118655.7	DCLRE1B	0.0263924	1.82812	0.298242
mRNA_MEyellow	ENSG00000111331.13	OAS3	0.0263858	3.1891	0.580575
mRNA_MEyellow	ENSG00000085117.12	CD82	0.0263602	2.86323	0.843476
mRNA_MEyellow	ENSG00000166928.11	MS4A14	0.026285	0.976994	0.468512
mRNA_MEyellow	ENSG00000176083.18	ZNF683	0.0262698	1.02538	0.6566
mRNA_MEyellow	ENSG00000154127.10	UBASH3B	0.026255	1.09457	0.444741
mRNA_MEyellow	ENSG00000134996.12	OSTF1	0.0261758	5.04855	0.341776
mRNA_MEyellow	ENSG00000130208.9	APOC1	0.0261755	4.48473	1.37188
mRNA_MEyellow	ENSG00000277443.3	MARCKS	0.0261754	5.57865	0.567281
mRNA_MEyellow	ENSG00000187210.14	GCNT1	0.0261717	0.837991	0.503257
mRNA_MEyellow	ENSG00000156299.13	TIAM1	0.0261677	1.27172	0.421775
mRNA_MEyellow	ENSG00000204642.14	HLA-F	0.0261412	4.89539	0.771619
mRNA_MEyellow	ENSG00000112303.14	VNN2	0.0260878	1.86542	0.88319
mRNA_MEyellow	ENSG00000159403.18	C1R	0.0259858	5.19396	1.35874
mRNA_MEyellow	ENSG00000072864.16	NDE1	0.0259438	1.55002	0.26267
mRNA_MEyellow	ENSG00000100364.19	KIAA0930	0.0259244	3.57749	0.460058
mRNA_MEyellow	ENSG00000165457.14	FOLR2	0.0259243	3.95984	1.01222
mRNA_MEyellow	ENSG00000138111.14	MFSD13A	0.0259098	1.19889	0.317391
mRNA_MEyellow	ENSG00000178789.9	CD300LB	0.025832	0.825945	0.408359
mRNA_MEyellow	ENSG00000185947.15	ZNF267	0.0257957	2.09278	0.388623
mRNA_MEyellow	ENSG00000073861.3	TBX21	0.025795	1.00488	0.421886
mRNA_MEyellow	ENSG00000113648.16	MACROH2A1	0.025784	2.7324	0.311393
mRNA_MEyellow	ENSG00000152457.18	DCLRE1C	0.0257436	1.34888	0.24427
mRNA_MEyellow	ENSG00000204525.17	HLA-C	0.025739	9.46629	0.65338
mRNA_MEyellow	ENSG00000166401.15	SERPINB8	0.0257188	1.61944	0.385625
mRNA_MEyellow	ENSG00000172183.15	ISG20	0.0256906	1.62528	0.525544
mRNA_MEyellow	ENSG00000128805.15	ARHGAP22	0.0255584	1.15677	0.371121
mRNA_MEyellow	ENSG00000105612.9	DNASE2	0.0255516	4.97231	0.491831
mRNA_MEyellow	ENSG00000105063.19	PPP6R1	0.0255463	3.60463	0.32535
mRNA_MEyellow	ENSG00000130203.10	APOE	0.025468	7.45625	1.29341
mRNA_MEyellow	ENSG00000074266.22	EED	0.025407	1.62987	0.205149
mRNA_MEyellow	ENSG00000232629.9	HLA-DQB2	0.0253781	3.60317	1.34664
mRNA_MEyellow	ENSG00000134326.11	CMPK2	0.0253592	1.89086	0.501329
mRNA_MEyellow	ENSG00000166801.16	FAM111A	0.0252248	2.90787	0.344547
mRNA_MEyellow	ENSG00000082397.17	EPB41L3	0.0251033	2.43461	0.571061
mRNA_MEyellow	ENSG00000172575.12	RASGRP1	0.0251032	2.09566	0.668922
mRNA_MEyellow	ENSG00000166278.15	C2	0.0250991	1.99533	1.12197
mRNA_MEyellow	ENSG00000160326.14	SLC2A6	0.0250939	1.45839	0.465545
mRNA_MEyellow	ENSG00000150961.15	SEC24D	0.0250863	2.60535	0.467341
mRNA_MEyellow	ENSG00000129667.13	RHBDF2	0.0250318	3.18798	0.49477
mRNA_MEyellow	ENSG00000154978.13	VOPP1	0.025027	3.59743	0.361642
mRNA_MEyellow	ENSG00000134470.21	IL15RA	0.0250259	2.74222	0.606916
mRNA_MEyellow	ENSG00000078124.12	ACER3	0.0250196	2.38286	0.368987
mRNA_MEyellow	ENSG00000154237.13	LRRK1	0.0250086	1.60567	0.456473
mRNA_MEyellow	ENSG00000145287.11	PLAC8	0.0249904	0.958444	0.569985
mRNA_MEyellow	ENSG00000179630.11	LACC1	0.024979	2.13807	0.401651
mRNA_MEyellow	ENSG00000213024.12	NUP62	0.0249548	3.43189	0.267409
mRNA_MEyellow	ENSG00000173110.8	HSPA6	0.0249391	1.74718	0.642695
mRNA_MEyellow	ENSG00000089041.17	P2RX7	0.0249389	1.54052	0.532318
mRNA_MEyellow	ENSG00000277632.2	CCL3	0.0249358	0.932512	0.606325
mRNA_MEyellow	ENSG00000149269.10	PAK1	0.0248495	3.42566	0.403533
mRNA_MEyellow	ENSG00000143493.13	INTS7	0.0248207	1.97877	0.292522
mRNA_MEyellow	ENSG00000050344.9	NFE2L3	0.0248203	2.6254	0.724662
mRNA_MEyellow	ENSG00000138756.18	BMP2K	0.0247961	1.38077	0.407583
mRNA_MEyellow	ENSG00000134602.16	STK26	0.0247202	1.3324	0.562381
mRNA_MEyellow	ENSG00000107798.18	LIPA	0.0247112	5.4056	0.711343
mRNA_MEyellow	ENSG00000011201.12	ANOS1	0.0247019	1.19956	0.494169
mRNA_MEyellow	ENSG00000136279.21	DBNL	0.0246921	3.47446	0.271732
mRNA_MEyellow	ENSG00000074706.13	IPCEF1	0.0246703	0.805371	0.401396
mRNA_MEyellow	ENSG00000143106.13	PSMA5	0.0246305	3.54705	0.340468
mRNA_MEyellow	ENSG00000065600.13	PACC1	0.0245947	1.87676	0.350533
mRNA_MEyellow	ENSG00000106066.15	CPVL	0.0245791	4.268	0.949172
mRNA_MEyellow	ENSG00000148572.16	NRBF2	0.0245774	3.34754	0.323475
mRNA_MEyellow	ENSG00000083457.12	ITGAE	0.024544	1.36541	0.315497
mRNA_MEyellow	ENSG00000079277.22	MKNK1	0.0245071	2.04369	0.263583
mRNA_MEyellow	ENSG00000244405.8	ETV5	0.0244851	2.3968	0.464781
mRNA_MEyellow	ENSG00000107099.16	DOCK8	0.0244723	3.03199	0.580542
mRNA_MEyellow	ENSG00000068878.15	PSME4	0.0244652	2.55342	0.36524
mRNA_MEyellow	ENSG00000167081.18	PBX3	0.0244513	2.06526	0.478519
mRNA_MEyellow	ENSG00000231925.12	TAPBP	0.0244159	6.43218	0.529667
mRNA_MEyellow	ENSG00000167601.12	AXL	0.0244158	4.54034	0.758916
mRNA_MEyellow	ENSG00000158773.14	USF1	0.024399	4.32072	0.357323
mRNA_MEyellow	ENSG00000155252.13	PI4K2A	0.0243563	2.7894	0.401878
mRNA_MEyellow	ENSG00000160307.10	S100B	0.0242662	0.838389	0.593389
mRNA_MEyellow	ENSG00000140464.20	PML	0.024208	3.39393	0.344205
mRNA_MEyellow	ENSG00000100453.13	GZMB	0.0241723	2.27703	0.822041
mRNA_MEyellow	ENSG00000189067.13	LITAF	0.0241706	5.20728	0.566611
mRNA_MEyellow	ENSG00000180263.14	FGD6	0.02415	2.22462	0.486402
mRNA_MEyellow	ENSG00000132109.10	TRIM21	0.0240932	4.22115	0.404067
mRNA_MEyellow	ENSG00000090339.9	ICAM1	0.0240902	4.64872	0.764611
mRNA_MEyellow	ENSG00000147251.15	DOCK11	0.0240835	2.49608	0.676324
mRNA_MEyellow	ENSG00000276070.5	CCL4L2	0.0240789	2.42269	1.22135
mRNA_MEyellow	ENSG00000142669.15	SH3BGRL3	0.0240635	6.91466	0.657422
mRNA_MEyellow	ENSG00000204592.9	HLA-E	0.0240381	9.00653	0.514854
mRNA_MEyellow	ENSG00000131378.14	RFTN1	0.0240159	3.80101	0.583335
mRNA_MEyellow	ENSG00000101439.9	CST3	0.0239963	6.31196	0.61233
mRNA_MEyellow	ENSG00000165879.9	FRAT1	0.0239615	1.15681	0.346323
mRNA_MEyellow	ENSG00000169087.11	HSPBAP1	0.0238857	1.40064	0.292061
mRNA_MEyellow	ENSG00000204264.12	PSMB8	0.0238337	5.3654	0.546175
mRNA_MEyellow	ENSG00000143799.14	PARP1	0.0237862	2.73835	0.382564
mRNA_MEyellow	ENSG00000175489.10	LRRC25	0.0237617	2.89769	0.915369
mRNA_MEyellow	ENSG00000145779.8	TNFAIP8	0.0237222	2.74161	0.497231
mRNA_MEyellow	ENSG00000128203.7	ASPHD2	0.0236881	0.916177	0.519899
mRNA_MEyellow	ENSG00000111796.4	KLRB1	0.0236865	1.94726	0.657076
mRNA_MEyellow	ENSG00000030582.18	GRN	0.0236781	6.76605	0.468646
mRNA_MEyellow	ENSG00000068079.8	IFI35	0.0236398	4.50706	0.491236
mRNA_MEyellow	ENSG00000173391.9	OLR1	0.023596	2.82134	1.04946
mRNA_MEyellow	ENSG00000089327.15	FXYD5	0.023562	4.86913	0.692892
mRNA_MEyellow	ENSG00000134321.12	RSAD2	0.023525	1.87588	0.63638
mRNA_MEyellow	ENSG00000173085.15	COQ2	0.0234968	1.71748	0.394625
mRNA_MEyellow	ENSG00000197405.8	C5AR1	0.0234879	3.22802	0.79523
mRNA_MEyellow	ENSG00000137161.17	CNPY3	0.0234818	5.42221	0.39837
mRNA_MEyellow	ENSG00000184007.22	PTP4A2	0.0234739	4.67749	0.357495
mRNA_MEyellow	ENSG00000101307.16	SIRPB1	0.0234396	0.865584	0.571125
mRNA_MEyellow	ENSG00000116871.15	MAP7D1	0.0234059	3.98356	0.409455
mRNA_MEyellow	ENSG00000162144.10	CYB561A3	0.0233988	1.80654	0.282835
mRNA_MEyellow	ENSG00000107738.20	VSIR	0.0233831	4.20909	0.493435
mRNA_MEyellow	ENSG00000196154.12	S100A4	0.0233455	5.98739	0.755911
mRNA_MEyellow	ENSG00000112242.15	E2F3	0.0233431	2.2193	0.344136
mRNA_MEyellow	ENSG00000150782.12	IL18	0.023263	3.20601	0.711909
mRNA_MEyellow	ENSG00000128394.17	APOBEC3F	0.0231407	1.82591	0.36935
mRNA_MEyellow	ENSG00000125730.17	C3	0.0230749	7.3805	1.41254
mRNA_MEyellow	ENSG00000104903.5	LYL1	0.023071	1.75378	0.481047
mRNA_MEyellow	ENSG00000116497.18	S100PBP	0.023056	1.89792	0.261335
mRNA_MEyellow	ENSG00000149177.13	PTPRJ	0.0230499	2.99943	0.54724
mRNA_MEyellow	ENSG00000164307.13	ERAP1	0.0230457	3.6723	0.582904
mRNA_MEyellow	ENSG00000035681.9	NSMAF	0.0230082	2.66435	0.335227
mRNA_MEyellow	ENSG00000173559.14	NABP1	0.0229812	1.17342	0.429049
mRNA_MEyellow	ENSG00000142197.12	DOP1B	0.0229751	2.38145	0.609132
mRNA_MEyellow	ENSG00000206503.13	HLA-A	0.0229431	9.51814	0.622488
mRNA_MEyellow	ENSG00000139083.11	ETV6	0.022918	2.82501	0.430558
mRNA_MEyellow	ENSG00000181381.14	DDX60L	0.0228457	1.53365	0.340781
mRNA_MEyellow	ENSG00000157693.15	TMEM268	0.022594	2.22991	0.457572
mRNA_MEyellow	ENSG00000198001.14	IRAK4	0.0225505	2.49363	0.29995
mRNA_MEyellow	ENSG00000111737.12	RAB35	0.0225291	3.8288	0.272427
mRNA_MEyellow	ENSG00000171812.13	COL8A2	0.022526	1.34489	0.718955
mRNA_MEyellow	ENSG00000092871.17	RFFL	0.0225067	1.61932	0.320066
mRNA_MEyellow	ENSG00000115525.18	ST3GAL5	0.0224293	1.09759	0.374543
mRNA_MEyellow	ENSG00000077420.16	APBB1IP	0.0224087	3.97329	0.848894
mRNA_MEyellow	ENSG00000176170.14	SPHK1	0.0222971	1.33678	0.687615
mRNA_MEyellow	ENSG00000128604.20	IRF5	0.0222841	2.6307	0.536578
mRNA_MEyellow	ENSG00000183023.18	SLC8A1	0.0222565	1.28384	0.492778
mRNA_MEyellow	ENSG00000121064.13	SCPEP1	0.022252	4.02456	0.549507
mRNA_MEyellow	ENSG00000143643.13	TTC13	0.0222496	2.05805	0.31303
mRNA_MEyellow	ENSG00000146070.17	PLA2G7	0.0221674	2.13078	1.04071
mRNA_MEyellow	ENSG00000095380.11	NANS	0.0221406	2.40233	0.279002
mRNA_MEyellow	ENSG00000087086.15	FTL	0.0221201	11.7484	0.663521
mRNA_MEyellow	ENSG00000137965.11	IFI44	0.022108	3.96595	0.666217
mRNA_MEyellow	ENSG00000132514.14	CLEC10A	0.0220894	1.56797	0.786072
mRNA_MEyellow	ENSG00000183508.5	TENT5C	0.022056	1.96949	0.78688
mRNA_MEyellow	ENSG00000164733.22	CTSB	0.0220115	6.81369	0.657077
mRNA_MEyellow	ENSG00000030110.13	BAK1	0.0220014	3.24742	0.438152
mRNA_MEyellow	ENSG00000131389.17	SLC6A6	0.0219991	2.92584	0.697335
mRNA_MEyellow	ENSG00000134262.13	AP4B1	0.0219679	1.48039	0.218502
mRNA_MEyellow	ENSG00000064012.22	CASP8	0.0219367	2.65936	0.348506
mRNA_MEyellow	ENSG00000011422.12	PLAUR	0.0219124	2.44341	0.819374
mRNA_MEyellow	ENSG00000164938.14	TP53INP1	0.0219069	3.71781	0.537012
mRNA_MEyellow	ENSG00000135272.12	MDFIC	0.0218859	3.79464	0.485878
mRNA_MEyellow	ENSG00000124813.23	RUNX2	0.0218202	1.18827	0.4932
mRNA_MEyellow	ENSG00000065833.9	ME1	0.0218154	2.14248	0.775096
mRNA_MEyellow	ENSG00000091490.11	SEL1L3	0.021802	4.47871	0.771257
mRNA_MEyellow	ENSG00000120457.12	KCNJ5	0.0217575	1.50667	0.767933
mRNA_MEyellow	ENSG00000116793.16	PHTF1	0.0217436	1.80298	0.308753
mRNA_MEyellow	ENSG00000175354.20	PTPN2	0.0217348	2.01948	0.281235
mRNA_MEyellow	ENSG00000119917.14	IFIT3	0.021697	4.69354	0.588455
mRNA_MEyellow	ENSG00000131238.18	PPT1	0.0216953	5.99754	0.414216
mRNA_MEyellow	ENSG00000196371.3	FUT4	0.0216476	1.33989	0.322787
mRNA_MEyellow	ENSG00000142002.17	DPP9	0.0216369	3.38754	0.50495
mRNA_MEyellow	ENSG00000196405.13	EVL	0.021624	3.01744	0.488723
mRNA_MEyellow	ENSG00000121966.7	CXCR4	0.0216216	6.53631	0.756482
mRNA_MEyellow	ENSG00000179361.18	ARID3B	0.0216142	0.943403	0.205578
mRNA_MEyellow	ENSG00000089094.19	KDM2B	0.0215987	1.40474	0.228656
mRNA_MEyellow	ENSG00000185880.13	TRIM69	0.0215629	3.00056	0.450018
mRNA_MEyellow	ENSG00000142657.21	PGD	0.0215521	4.29419	0.461595
mRNA_MEyellow	ENSG00000153767.10	GTF2E1	0.0214987	2.17041	0.291997
mRNA_MEyellow	ENSG00000064886.14	CHI3L2	0.0214819	1.21414	0.952183
mRNA_MEyellow	ENSG00000111644.8	ACRBP	0.0214631	1.40443	0.462702
mRNA_MEyellow	ENSG00000087253.13	LPCAT2	0.0214626	2.17047	0.597089
mRNA_MEyellow	ENSG00000123728.10	RAP2C	0.0214515	3.11722	0.364031
mRNA_MEyellow	ENSG00000015133.19	CCDC88C	0.0214504	1.53247	0.421452
mRNA_MEyellow	ENSG00000130066.16	SAT1	0.0214393	6.93085	0.639149
mRNA_MEyellow	ENSG00000159202.18	UBE2Z	0.0213945	4.7036	0.284295
mRNA_MEyellow	ENSG00000146386.8	ABRACL	0.021383	4.03516	0.600838
mRNA_MEyellow	ENSG00000090659.18	CD209	0.0213817	1.02935	0.566964
mRNA_MEyellow	ENSG00000119922.10	IFIT2	0.0213377	3.52099	0.571886
mRNA_MEyellow	ENSG00000138744.16	NAAA	0.0212953	2.92875	0.489628
mRNA_MEyellow	ENSG00000139679.15	LPAR6	0.0212944	3.66958	0.687901
mRNA_MEyellow	ENSG00000054219.11	LY75	0.0212321	1.16171	0.508302
mRNA_MEyellow	ENSG00000026103.22	FAS	0.0211442	2.81693	0.489902
mRNA_MEyellow	ENSG00000152207.7	CYSLTR2	0.0211273	1.41152	1.44859
mRNA_MEyellow	ENSG00000108960.9	MMD	0.0211023	2.55743	0.530226
mRNA_MEyellow	ENSG00000063978.16	RNF4	0.0210989	3.43714	0.263999
mRNA_MEyellow	ENSG00000131724.11	IL13RA1	0.0209685	4.86968	0.434865
mRNA_MEyellow	ENSG00000120594.17	PLXDC2	0.0209307	3.45623	0.704182
mRNA_MEyellow	ENSG00000185753.13	CXorf38	0.0208608	2.87725	0.299653
mRNA_MEyellow	ENSG00000108604.16	SMARCD2	0.0208279	3.87956	0.323269
mRNA_MEyellow	ENSG00000136280.17	CCM2	0.0207521	2.92846	0.379102
mRNA_MEyellow	ENSG00000125637.16	PSD4	0.0207437	2.23379	0.426641
mRNA_MEyellow	ENSG00000118508.5	RAB32	0.0206906	4.94196	0.516377
mRNA_MEyellow	ENSG00000070882.13	OSBPL3	0.0206255	2.5582	0.49618
mRNA_MEyellow	ENSG00000237541.4	HLA-DQA2	0.0206241	4.45495	1.95573
mRNA_MEyellow	ENSG00000149131.17	SERPING1	0.0206193	6.29959	1.01274
mRNA_MEyellow	ENSG00000166523.8	CLEC4E	0.0205831	1.51466	0.777694
mRNA_MEyellow	ENSG00000116663.11	FBXO6	0.0205712	3.25432	0.590249
mRNA_MEyellow	ENSG00000172716.16	SLFN11	0.0205152	3.41982	0.698679
mRNA_MEyellow	ENSG00000139192.12	TAPBPL	0.0204941	3.93408	0.553704
mRNA_MEyellow	ENSG00000160410.15	SHKBP1	0.0204914	3.85557	0.342167
mRNA_MEyellow	ENSG00000125538.12	IL1B	0.0204879	1.52147	0.795373
mRNA_MEyellow	ENSG00000027697.15	IFNGR1	0.0204819	5.0783	0.430366
mRNA_MEyellow	ENSG00000019169.10	MARCO	0.0204656	1.2786	1.08657
mRNA_MEyellow	ENSG00000120217.14	CD274	0.0203927	1.40161	0.586372
mRNA_MEyellow	ENSG00000135549.15	PKIB	0.0203565	1.1306	0.597181
mRNA_MEyellow	ENSG00000159128.15	IFNGR2	0.0203466	4.97646	0.436092
mRNA_MEyellow	ENSG00000091073.19	DTX2	0.0203153	1.9106	0.354843
mRNA_MEyellow	ENSG00000042493.16	CAPG	0.0202989	5.75374	0.870551
mRNA_MEyellow	ENSG00000117115.13	PADI2	0.0202734	1.56255	0.825062
mRNA_MEyellow	ENSG00000089127.14	OAS1	0.0202637	3.62222	0.638951
mRNA_MEyellow	ENSG00000076641.4	PAG1	0.0202606	2.51659	0.482889
mRNA_MEyellow	ENSG00000018280.17	SLC11A1	0.0202231	1.25453	0.615181
mRNA_MEyellow	ENSG00000198604.11	BAZ1A	0.0201969	2.52733	0.399291
mRNA_MEyellow	ENSG00000130589.16	HELZ2	0.0201479	2.21714	0.395887
mRNA_MEyellow	ENSG00000125735.11	TNFSF14	0.0200797	1.08692	0.781319
mRNA_MEyellow	ENSG00000112096.19	SOD2	0.0200527	6.33003	0.969195
mRNA_MEyellow	ENSG00000010327.10	STAB1	0.0200418	3.76014	0.788477
mRNA_MEyellow	ENSG00000243649.9	CFB	0.0200128	0.850267	0.413578
mRNA_MEyellow	ENSG00000176749.9	CDK5R1	0.0199994	0.996486	0.331769
mRNA_MEyellow	ENSG00000177731.16	FLII	0.0199922	4.69389	0.333068
mRNA_MEyellow	ENSG00000168329.14	CX3CR1	0.0199473	2.60626	1.05884
mRNA_MEyellow	ENSG00000124491.16	F13A1	0.019883	3.53728	1.37398
mRNA_MEyellow	ENSG00000157600.12	TMEM164	0.0198781	2.31415	0.393577
mRNA_MEyellow	ENSG00000185989.11	RASA3	0.0198222	3.33243	0.489214
mRNA_MEyellow	ENSG00000184216.14	IRAK1	0.0198057	4.64111	0.516291
mRNA_MEyellow	ENSG00000104951.16	IL4I1	0.0197952	2.78927	0.872688
mRNA_MEyellow	ENSG00000157601.14	MX1	0.0197656	2.89224	0.628403
mRNA_MEyellow	ENSG00000276231.5	PIK3R6	0.0197226	1.15952	0.610594
mRNA_MEyellow	ENSG00000090674.16	MCOLN1	0.0197223	2.68184	0.320454
mRNA_MEyellow	ENSG00000141298.19	SSH2	0.0196745	2.25883	0.382098
mRNA_MEyellow	ENSG00000163719.20	MTMR14	0.0196221	2.92108	0.255593
mRNA_MEyellow	ENSG00000184182.19	UBE2F	0.0196115	1.83072	0.275057
mRNA_MEyellow	ENSG00000196776.17	CD47	0.01961	3.65892	0.436883
mRNA_MEyellow	ENSG00000180817.12	PPA1	0.0196027	4.14477	0.45202
mRNA_MEyellow	ENSG00000135709.12	KIAA0513	0.0195536	1.59158	0.36105
mRNA_MEyellow	ENSG00000187116.14	LILRA5	0.0195373	1.31894	0.576129
mRNA_MEyellow	ENSG00000136689.19	IL1RN	0.0194942	0.862207	0.642772
mRNA_MEyellow	ENSG00000156966.7	B3GNT7	0.0194894	0.926808	0.460657
mRNA_MEyellow	ENSG00000113269.14	RNF130	0.019477	3.13029	0.265738
mRNA_MEyellow	ENSG00000135821.19	GLUL	0.0194604	5.1672	0.72551
mRNA_MEyellow	ENSG00000183153.7	GJD3	0.0194565	0.931689	0.428865
mRNA_MEyellow	ENSG00000137575.12	SDCBP	0.0193949	5.36352	0.453433
mRNA_MEyellow	ENSG00000135749.19	PCNX2	0.0193773	1.07072	0.317247
mRNA_MEyellow	ENSG00000100401.20	RANGAP1	0.0193605	3.30989	0.392599
mRNA_MEyellow	ENSG00000021355.13	SERPINB1	0.0192088	5.04662	0.39072
mRNA_MEyellow	ENSG00000104432.14	IL7	0.0191929	1.16235	0.339292
mRNA_MEyellow	ENSG00000130830.15	MPP1	0.0191664	3.43682	0.488021
mRNA_MEyellow	ENSG00000159023.22	EPB41	0.0190678	2.01603	0.578253
mRNA_MEyellow	ENSG00000075624.17	ACTB	0.0190208	9.83704	0.412551
mRNA_MEyellow	ENSG00000157827.20	FMNL2	0.0189771	3.451	0.505926
mRNA_MEyellow	ENSG00000142765.18	SYTL1	0.01895	0.924452	0.572415
mRNA_MEyellow	ENSG00000104856.14	RELB	0.0189383	3.33634	0.4526
mRNA_MEyellow	ENSG00000132819.17	RBM38	0.0189141	2.81927	0.524547
mRNA_MEyellow	ENSG00000157303.11	SUSD3	0.0188855	2.46503	0.804865
mRNA_MEyellow	ENSG00000116741.8	RGS2	0.018846	3.80104	0.972804
mRNA_MEyellow	ENSG00000104447.13	TRPS1	0.018705	1.51427	0.385266
mRNA_MEyellow	ENSG00000151151.6	IPMK	0.0186391	2.24274	0.399147
mRNA_MEyellow	ENSG00000166224.17	SGPL1	0.0186257	3.67556	0.38342
mRNA_MEyellow	ENSG00000187815.10	ZFP69	0.0185477	1.32389	0.238214
mRNA_MEyellow	ENSG00000138413.14	IDH1	0.018517	3.81135	0.554733
mRNA_MEyellow	ENSG00000163932.15	PRKCD	0.0184283	3.3501	0.482637
mRNA_MEyellow	ENSG00000204632.11	HLA-G	0.0184056	3.6508	1.61355
mRNA_MEyellow	ENSG00000198018.7	ENTPD7	0.0184018	1.70396	0.36866
mRNA_MEyellow	ENSG00000197948.11	FCHSD1	0.0183662	1.72927	0.495108
mRNA_MEyellow	ENSG00000169583.13	CLIC3	0.0183425	1.40466	0.746763
mRNA_MEyellow	ENSG00000166669.13	ATF7IP2	0.0183376	1.04188	0.328866
mRNA_MEyellow	ENSG00000178104.19	PDE4DIP	0.0183336	1.71848	0.431297
mRNA_MEyellow	ENSG00000065978.19	YBX1	0.0182962	6.65689	0.357294
mRNA_MEyellow	ENSG00000108771.13	DHX58	0.0182935	2.55546	0.411975
mRNA_MEyellow	ENSG00000276045.3	ORAI1	0.0182931	3.28271	0.379763
mRNA_MEyellow	ENSG00000119900.9	OGFRL1	0.0182545	2.94682	0.572322
mRNA_MEyellow	ENSG00000073754.6	CD5L	0.018243	0.713314	0.945615
mRNA_MEyellow	ENSG00000205423.11	CNEP1R1	0.0182219	2.30951	0.244665
mRNA_MEyellow	ENSG00000269713.7	NBPF9	0.0181916	1.13055	0.300278
mRNA_MEyellow	ENSG00000164535.15	DAGLB	0.018076	2.46577	0.282608
mRNA_MEyellow	ENSG00000275385.2	CCL18	0.0180462	2.39063	1.78652
mRNA_MEyellow	ENSG00000184164.15	CRELD2	0.0180408	2.62837	0.422385
mRNA_MEyellow	ENSG00000142227.11	EMP3	0.0180369	5.27657	0.646975
mRNA_MEyellow	ENSG00000187764.11	SEMA4D	0.0179527	2.43389	0.480658
mRNA_MEyellow	ENSG00000168899.5	VAMP5	0.0179032	6.12976	0.575439
mRNA_MEyellow	ENSG00000099785.10	MARCHF2	0.0178606	4.14192	0.319633
mRNA_MEyellow	ENSG00000078618.22	NRDC	0.017769	4.10985	0.266932
mRNA_MEyellow	ENSG00000129048.7	ACKR4	0.0177322	0.955816	0.541913
mRNA_MEyellow	ENSG00000156471.13	PTDSS1	0.0176962	3.58189	0.332198
mRNA_MEyellow	ENSG00000125355.16	TMEM255A	0.0176638	1.1658	0.948296
mRNA_MEyellow	ENSG00000105609.17	LILRB5	0.0175808	0.981397	0.584689
mRNA_MEyellow	ENSG00000130303.13	BST2	0.0175528	6.96587	0.875481
mRNA_MEyellow	ENSG00000171161.13	ZNF672	0.0175246	3.42171	0.345693
mRNA_MEyellow	ENSG00000163507.14	CIP2A	0.0173853	1.19973	0.443749
mRNA_MEyellow	ENSG00000166839.17	ANKDD1A	0.0173679	0.900682	0.242122
mRNA_MEyellow	ENSG00000196072.12	BLOC1S2	0.0173335	3.66676	0.345107
mRNA_MEyellow	ENSG00000166002.7	SMCO4	0.0173033	4.45564	0.716865
mRNA_MEyellow	ENSG00000197766.8	CFD	0.0172818	3.48192	1.00802
mRNA_MEyellow	ENSG00000112079.9	STK38	0.0172775	3.93336	0.334748
mRNA_MEyellow	ENSG00000144580.14	CNOT9	0.0172337	3.10776	0.251506
mRNA_MEyellow	ENSG00000172794.20	RAB37	0.0171786	1.88667	0.524478
mRNA_MEyellow	ENSG00000033867.16	SLC4A7	0.0171767	2.2655	0.682166
mRNA_MEyellow	ENSG00000125952.20	MAX	0.0170606	3.35818	0.292468
mRNA_MEyellow	ENSG00000179593.16	ALOX15B	0.0170277	1.05219	0.86937
mRNA_MEyellow	ENSG00000099985.4	OSM	0.0170039	1.32571	0.848609
mRNA_MEyellow	ENSG00000162241.12	SLC25A45	0.0170034	1.13894	0.325278
mRNA_MEyellow	ENSG00000100100.13	PIK3IP1	0.0169413	3.9814	0.714418
mRNA_MEyellow	ENSG00000149091.15	DGKZ	0.0169107	3.14691	0.414679
mRNA_MEyellow	ENSG00000136514.3	RTP4	0.0168443	3.47074	0.903115
mRNA_MEyellow	ENSG00000136147.18	PHF11	0.0168271	2.97124	0.319035
mRNA_MEyellow	ENSG00000136235.17	GPNMB	0.0168198	4.92846	1.4781
mRNA_MEyellow	ENSG00000117602.13	RCAN3	0.016788	1.66398	0.453818
mRNA_MEyellow	ENSG00000144746.7	ARL6IP5	0.016787	6.15169	0.435595
mRNA_MEyellow	ENSG00000133639.6	BTG1	0.0167736	5.86769	0.497665
mRNA_MEyellow	ENSG00000204161.14	TMEM273	0.0167258	2.17204	0.640621
mRNA_MEyellow	ENSG00000146904.9	EPHA1	0.0167235	0.886981	0.416682
mRNA_MEyellow	ENSG00000007264.15	MATK	0.0166756	1.24386	0.487274
mRNA_MEyellow	ENSG00000141452.10	RMC1	0.0166707	2.77022	0.362129
mRNA_MEyellow	ENSG00000258227.7	CLEC5A	0.0165053	1.02047	0.576637
mRNA_MEyellow	ENSG00000103066.13	PLA2G15	0.0164854	2.98665	0.421016
mRNA_MEyellow	ENSG00000121858.11	TNFSF10	0.016424	6.25474	0.897397
mRNA_MEyellow	ENSG00000186407.7	CD300E	0.0163337	1.11427	0.565122
mRNA_MEyellow	ENSG00000117154.12	IGSF21	0.0162889	1.0016	0.511858
mRNA_MEyellow	ENSG00000276085.1	CCL3L3	0.0162608	1.44833	0.977421
mRNA_MEyellow	ENSG00000099308.10	MAST3	0.0161429	2.2876	0.390812
mRNA_MEyellow	ENSG00000135077.9	HAVCR2	0.0160871	4.44734	1.27645
mRNA_MEyellow	ENSG00000133805.15	AMPD3	0.0160482	2.04896	0.581176
mRNA_MEyellow	ENSG00000140280.14	LYSMD2	0.016041	3.26991	0.481012
mRNA_MEyellow	ENSG00000112149.10	CD83	0.0159362	3.02776	0.739416
mRNA_MEyellow	ENSG00000100292.18	HMOX1	0.0158474	6.94893	0.933781
mRNA_MEyellow	ENSG00000100600.15	LGMN	0.015785	5.39062	0.801842
mRNA_MEyellow	ENSG00000146232.17	NFKBIE	0.0157205	4.00517	0.610846
mRNA_MEyellow	ENSG00000105223.20	PLD3	0.0157084	5.5039	0.357883
mRNA_MEyellow	ENSG00000119686.10	FLVCR2	0.0157021	1.78776	0.538548
mRNA_MEyellow	ENSG00000263961.8	RHEX	0.015565	3.4216	1.28219
mRNA_MEyellow	ENSG00000165949.12	IFI27	0.0155645	4.87011	0.970653
mRNA_MEyellow	ENSG00000134042.14	MRO	0.0155582	0.851739	0.511947
mRNA_MEyellow	ENSG00000185338.6	SOCS1	0.0152831	1.98929	0.849842
mRNA_MEyellow	ENSG00000234127.9	TRIM26	0.0152109	3.98485	0.359197
mRNA_MEyellow	ENSG00000179163.12	FUCA1	0.0145461	5.57337	0.58748
mRNA_MEyellow	ENSG00000092010.15	PSME1	0.0144499	6.8169	0.40789
mRNA_MEyellow	ENSG00000101017.14	CD40	0.0144354	4.57127	0.599137
mRNA_MEyellow	ENSG00000125726.11	CD70	0.0143204	4.49946	1.78697
mRNA_MEyellow	ENSG00000102970.11	CCL17	0.0140538	0.877806	0.573284
mRNA_MEyellow	ENSG00000106605.11	BLVRA	0.0136737	4.9114	0.506127
mRNA_MEyellow	ENSG00000162747.12	FCGR3B	0.0136187	0.804136	0.711229
mRNA_MEyellow	ENSG00000275395.6	FCGBP	0.0133183	1.46819	1.0062
mRNA_MEyellow	ENSG00000157014.11	TATDN2	0.0131059	2.13819	0.265184
mRNA_MEyellow	ENSG00000122254.7	HS3ST2	0.0129765	1.34632	1.04817
mRNA_MEyellow	ENSG00000110047.18	EHD1	0.0116125	3.96349	0.447536
mRNA_MEyellow	ENSG00000165029.17	ABCA1	0.010673	3.48416	0.693821
