cohort	tissue	patient	sample_barcode	file_id	paired	excluded	tumour_in_analysed_cohort	in_discovery_pca	pct_noFeature	pct_multimapping	assigned_reads	log_depth	lnc_axis_proj	pc_axis_proj	lnc_own_pc1_z	pc_own_pc1_z	mean_lnc_expr	tss	plate	plate_source	os_time	os_event
CPTAC-3	normal	C3L-00004	C3L-00004-06	16587c5c-8bdc-48ec-b1db-11d225f15115	TRUE	FALSE	TRUE	FALSE	38.785	9.9861	38679599	7.5875	2.0647	1.5277	-0.3035	-0.2982	1.2419					
CPTAC-3	tumour	C3L-00004	C3L-00004-01	406ce387-c5b5-461a-a178-bc8cb402aade	TRUE	FALSE	TRUE	FALSE	37.5435	12.4076	34920839	7.5431	2.1295	1.2241	0.472	0.6966	1.2089				384	0
CPTAC-3	normal	C3L-00010	C3L-00010-06	5091b0a2-836f-4410-adff-e92fb10f73c2	TRUE	FALSE	TRUE	FALSE	41.7547	6.1654	45667487	7.6596	2.2676	1.7423	0.0495	0.0756	1.2867					
CPTAC-3	tumour	C3L-00010	C3L-00010-01	64054d3f-0ff8-4772-9bdd-f939ae5375c0	TRUE	FALSE	TRUE	FALSE	38.8369	10.3124	45478875	7.6578	2.236	1.451	0.8663	0.9608	1.2363				896	0
CPTAC-3	normal	C3L-00011	C3L-00011-06	c86026a8-2f4a-46f3-bccf-1cb49ada2480	TRUE	FALSE	TRUE	FALSE	42.6948	8.3722	40565990	7.6082	2.119	1.6758	0.4864	0.6638	1.2363					
CPTAC-3	tumour	C3L-00011	C3L-00011-01	38999274-4c4d-432b-9ed8-c17fd2308bdc	TRUE	FALSE	TRUE	FALSE	35.2311	11.5532	46942314	7.6716	0.9885	-0.4783	-2.2782	-1.9042	0.9809				241	1
CPTAC-3	normal	C3L-00026	C3L-00026-06	ccffd93a-f930-4c6c-b13c-f517e915d8cc	TRUE	FALSE	TRUE	FALSE	38.4357	9.376	40270267	7.605	2.1425	1.6606	-0.3094	-0.0438	1.2552					
CPTAC-3	tumour	C3L-00026	C3L-00026-01	9d1c97cb-2808-4cf0-b9f4-8cceab5fc4c8	TRUE	FALSE	TRUE	FALSE	36.6317	11.8273	43496861	7.6385	2.0474	1.2931	0.8171	0.9228	1.2105				1769	0
CPTAC-3	normal	C3L-00079	C3L-00079-06	8bdb6717-b82f-4ceb-9f89-e9ea81da32bd	TRUE	FALSE	TRUE	FALSE	43.1531	8.2507	36500208	7.5623	2.1297	1.3394	-0.7953	-0.921	1.2378					
CPTAC-3	tumour	C3L-00079	C3L-00079-01	d4f92d5c-ae0d-42b4-9e66-b4f0cd94d4a5	TRUE	FALSE	TRUE	FALSE	35.8226	11.9008	39736871	7.5992	1.7069	0.4055	-0.6711	-0.5248	1.1048				274	1
CPTAC-3	normal	C3L-00088	C3L-00088-06	79012a0c-fb83-445d-b76f-c077abaa09f0	TRUE	FALSE	TRUE	FALSE	44.5031	8.2712	34683075	7.5401	2.5691	1.6529	0.4808	0.2866	1.3283					
CPTAC-3	tumour	C3L-00088	C3L-00088-01	3ee99878-e7a8-41b6-a259-19f4bb30d148	TRUE	FALSE	TRUE	FALSE	43.0241	9.1862	37566075	7.5748	2.9951	1.9034	1.8294	1.3738	1.4025				694	1
CPTAC-3	normal	C3L-00096	C3L-00096-06	fb1d704d-1f1d-4f37-9279-a207e6e71966	TRUE	FALSE	TRUE	FALSE	42.5669	9.0848	41284119	7.6158	2.2705	1.3779	-0.5421	-0.436	1.2732					
CPTAC-3	tumour	C3L-00096	C3L-00096-01	a3564e96-4824-4b38-8479-37e2d617f1ff	TRUE	FALSE	TRUE	FALSE	33.0732	10.1754	44156447	7.645	1.3529	0.0377	-0.8392	-0.6609	1.0897				71	1
CPTAC-3	normal	C3L-00097	C3L-00097-06	adf11d76-29a7-4294-9e4f-e20386c9ab1d	TRUE	FALSE	TRUE	FALSE	41.2536	9.1871	41076173	7.6136	2.4039	1.6228	1.0173	1.0276	1.2958					
CPTAC-3	tumour	C3L-00097	C3L-00097-01	89e44cb8-e015-478d-a13f-83686ea2c107	TRUE	FALSE	TRUE	FALSE	43.5362	8.9221	37635024	7.5756	2.6354	1.8178	1.0262	0.9801	1.3089				1735	0
CPTAC-3	normal	C3L-00103	C3L-00103-06	57dbc5d5-0209-4730-a0ba-35baf389cef4	TRUE	FALSE	TRUE	FALSE	46.6599	7.8	34217872	7.5343	2.5595	1.6571	-0.391	-0.3082	1.3497					
CPTAC-3	tumour	C3L-00103	C3L-00103-01	a546437c-4839-4853-93c6-f0f106f1cb93	TRUE	FALSE	TRUE	FALSE	44.3763	7.689	51306727	7.7102	2.725	1.2541	0.6385	0.2748	1.369				1659	1
CPTAC-3	normal	C3L-00165	C3L-00165-06	16668f86-584c-488b-8f00-f213bbaa2f9a	TRUE	FALSE	TRUE	FALSE	46.3935	8.3512	37302678	7.5717	2.1341	0.5023	-3.5822	-3.4779	1.2157					
CPTAC-3	tumour	C3L-00165	C3L-00165-05	9a5391d2-9989-4353-a125-4cb97ddf207f	TRUE	FALSE	TRUE	FALSE	39.7267	10.1737	35604672	7.5515	1.624	-0.5158	-2.2207	-2.2406	1.0742				678	0
CPTAC-3	tumour	C3L-00183	C3L-00183-05	5e8bd413-a481-40f2-8af9-61f7b911f3b3	FALSE	FALSE	TRUE	FALSE	44.2777	8.8542	31721853	7.5014	2.6149	1.7622	0.6558	0.7821	1.2832				248	0
CPTAC-3	tumour	C3L-00359	C3L-00359-01	8f8ceae7-f108-4ae1-b49e-75d48473d0d5	FALSE	FALSE	TRUE	FALSE	35.0208	9.5162	44799243	7.6513	1.1761	0.9194	-1.3927	-0.3032	1.037				1779	1
CPTAC-3	normal	C3L-00360	C3L-00360-06	8bc5ea45-df4d-4a4d-8864-78482b147ed8	TRUE	FALSE	TRUE	FALSE	47.1622	7.1981	31231996	7.4946	2.646	1.6727	-0.4894	-0.4201	1.388					
CPTAC-3	tumour	C3L-00360	C3L-00360-01	9d1b8061-5732-4eef-b95e-fe49e7a50d9d	TRUE	FALSE	TRUE	FALSE	41.2101	9.4989	39630359	7.598	2.3972	0.423	-0.1613	-0.5465	1.3122				1780	0
CPTAC-3	normal	C3L-00369	C3L-00369-06	2faf48df-d997-4d37-a2e4-dc10173eec79	TRUE	FALSE	TRUE	FALSE	42.4242	8.4177	43436688	7.6379	2.201	1.5391	-0.2671	-0.2317	1.2683					
CPTAC-3	tumour	C3L-00369	C3L-00369-03	8ee2656b-2544-4869-8c78-e24dbbc77f12	TRUE	FALSE	TRUE	FALSE	37.564	8.2709	48685561	7.6874	2.5694	1.3967	0.6613	1.0135	1.2716				24	1
CPTAC-3	normal	C3L-00416	C3L-00416-06	5980787a-35c6-44ab-8286-f263f647586d	TRUE	FALSE	TRUE	FALSE	43.508	10.8205	37208274	7.5706	2.5747	1.6051	-0.5621	-0.8279	1.3342					
CPTAC-3	tumour	C3L-00416	C3L-00416-02	bac1e305-1d80-42cb-a4bd-8404d6745cab	TRUE	FALSE	TRUE	FALSE	39.2174	9.9689	37000202	7.5682	2.8066	0.92	0.3433	-0.0741	1.3621				608	0
CPTAC-3	normal	C3L-00418	C3L-00418-06	5482eefc-597d-4051-9a01-02b1625d4842	TRUE	FALSE	TRUE	FALSE	46.419	6.8421	37414338	7.573	2.6851	1.7926	0.7472	0.6183	1.3464					
CPTAC-3	tumour	C3L-00418	C3L-00418-03	a57639f0-8812-4cf2-9b35-40e4d0b090d8	TRUE	FALSE	TRUE	FALSE	40.4136	8.8205	37656521	7.5758	2.1164	1.9096	0.2827	0.9498	1.1803				1714	0
CPTAC-3	normal	C3L-00447	C3L-00447-06	e4a148e6-13c5-468c-8e5c-0056a8ffc89c	TRUE	FALSE	TRUE	FALSE	44.4612	7.7109	31805000	7.5025	2.2054	1.7319	1.2559	1.1877	1.2483					
CPTAC-3	tumour	C3L-00447	C3L-00447-03	4f7431a1-9d52-4109-bc96-c83d81e0bbe6	TRUE	FALSE	TRUE	FALSE	41.38	8.9596	37223151	7.5708	2.9448	1.6386	1.4811	0.9322	1.3605				671	0
CPTAC-3	normal	C3L-00448	C3L-00448-06	f42d13ea-40f9-4d78-83f0-5617757df177	TRUE	FALSE	TRUE	FALSE	41.9636	10.6503	33558775	7.5258	2.59	1.6859	1.0905	0.9038	1.3501					
CPTAC-3	tumour	C3L-00448	C3L-00448-01	63c75582-88ad-4f2f-a1c4-a9ae2d279c10	TRUE	FALSE	TRUE	FALSE	39.4266	9.8512	35696077	7.5526	2.4912	1.8883	0.9739	1.1583	1.2791				1758	0
CPTAC-3	normal	C3L-00561	C3L-00561-06	d47c8de3-3eab-4e46-ac23-b89da9743b0c	TRUE	FALSE	TRUE	FALSE	44.2473	7.8758	32314001	7.5094	2.3352	1.6918	0.6477	0.5853	1.2792					
CPTAC-3	tumour	C3L-00561	C3L-00561-01	6bbb2da9-1ed4-4aa0-866d-92e63fb9fe40	TRUE	FALSE	TRUE	FALSE	39.1127	9.4816	41604369	7.6191	1.4695	-0.3115	-1.5102	-1.5554	1.1119				1796	0
CPTAC-3	normal	C3L-00581	C3L-00581-06	880100bf-236e-4ed3-9b14-abb2a00582b1	TRUE	FALSE	TRUE	FALSE	43.8952	9.6444	40839131	7.6111	2.4975	1.6391	0.1118	0.0686	1.3155					
CPTAC-3	tumour	C3L-00581	C3L-00581-01	09cd8793-96af-4ab5-bc44-5ab5f5d1ac70	TRUE	FALSE	TRUE	FALSE	38.1534	10.0261	51619229	7.7128	2.3912	1.0177	0.2256	0.3215	1.229				1230	1
CPTAC-3	normal	C3L-00583	C3L-00583-06	72e851d6-01ff-4647-8d77-db52ac5243dc	TRUE	FALSE	TRUE	FALSE	45.7435	7.4406	33508261	7.5252	2.7289	1.7263	0.3445	0.1422	1.373					
CPTAC-3	tumour	C3L-00583	C3L-00583-01	3b92a25f-4897-44e8-825f-eaf0a9e4d7c2	TRUE	FALSE	TRUE	FALSE	42.8958	8.2573	37377869	7.5726	2.8763	1.412	1.2308	0.6448	1.3676				301	0
CPTAC-3	normal	C3L-00606	C3L-00606-06	00f8b5fa-e195-42bd-a3a7-95a97a33aea6	TRUE	FALSE	TRUE	FALSE	44.857	8.149	39426484	7.5958	2.4972	1.3846	-1.5726	-1.4356	1.3299					
CPTAC-3	tumour	C3L-00606	C3L-00606-03	797abce7-1cd8-414f-a055-16f1ab94d2d7	TRUE	FALSE	TRUE	FALSE	40.5975	10.5248	46711064	7.6694	2.2786	1.7265	0.426	1.0101	1.2102				1045	1
CPTAC-3	normal	C3L-00607	C3L-00607-02	f1190749-35c8-466d-ad8b-27da450ce093	TRUE	FALSE	TRUE	FALSE	43.8682	8.0047	36511564	7.5624	2.3399	1.6024	0.3973	0.4561	1.2701					
CPTAC-3	tumour	C3L-00607	C3L-00607-01	835c09cf-9cdc-4c47-99b1-288c070391db	TRUE	FALSE	TRUE	FALSE	41.8816	8.2771	35358735	7.5485	2.302	0.0911	-0.1744	-0.6981	1.291				781	1
CPTAC-3	tumour	C3L-00610	C3L-00610-01	c98dc71b-9f88-41e2-a5ce-d855869903ab	FALSE	FALSE	TRUE	FALSE	39.8519	11.6119	36900098	7.567	2.4164	1.6279	0.7874	0.9816	1.2563				1472	0
CPTAC-3	tumour	C3L-00765	C3L-00765-01	b22cce67-ac75-44d7-9131-af281213fa00	FALSE	FALSE	TRUE	FALSE	47.0345	8.2522	33165521	7.5207	3.1596	1.1561	-0.084	-0.1224	1.4377				1414	0
CPTAC-3	tumour	C3L-00766	C3L-00766-01	00b9f60c-9de0-4edd-8ec4-8582a615c226	FALSE	FALSE	TRUE	FALSE	43.6622	8.663	43920739	7.6427	2.5552	1.6633	0.2217	0.6888	1.3017				266	0
CPTAC-3	tumour	C3L-00789	C3L-00789-01	773d0e11-e2ce-49c2-9a09-684a71906a15	FALSE	FALSE	TRUE	FALSE	42.4254	9.1021	46402885	7.6665	2.7407	2.0067	0.9372	1.2348	1.3079				1591	0
CPTAC-3	tumour	C3L-00790	C3L-00790-01	82c75558-fd2b-4af1-96a7-353d144fb5ee	FALSE	FALSE	TRUE	FALSE	45.8943	8.1961	36357837	7.5606	2.7225	0.9976	-0.2219	-0.2748	1.3543				441	0
CPTAC-3	tumour	C3L-00791	C3L-00791-01	2c3d90ce-2f4d-42bc-baa4-e01052a73b67	FALSE	FALSE	TRUE	FALSE	37.3463	11.3015	44735283	7.6507	2.8391	1.3991	0.9801	1.0185	1.3437				708	0
CPTAC-3	tumour	C3L-00792	C3L-00792-01	c643d8b0-12a0-4078-8248-6d5f046eb14d	FALSE	FALSE	TRUE	FALSE	40.7546	9.7494	45215228	7.6553	2.646	1.001	-0.1652	0.2469	1.306				1094	0
CPTAC-3	normal	C3L-00795	C3L-00795-02	26088aa6-6775-4402-bb89-caeba20e3af2	FALSE	FALSE	FALSE	FALSE	41.6737	8.5781	33869344	7.5298	0.9934	0.5755	-3.5956	-3.3091	1.0276					
CPTAC-3	tumour	C3L-00796	C3L-00796-01	dfae4a6a-4972-42f2-87b8-a5d0351eb4ac	FALSE	FALSE	TRUE	FALSE	43.1714	7.9279	36197005	7.5587	2.7515	1.0961	0.2998	0.2675	1.3112				333	0
CPTAC-3	tumour	C3L-00799	C3L-00799-01	bd131248-9c81-459c-bb13-0bebf47ea9e1	FALSE	FALSE	TRUE	FALSE	40.8639	9.7787	41070675	7.6135	2.4755	0.8077	0.6982	0.1666	1.3071				495	0
CPTAC-3	tumour	C3L-00800	C3L-00800-01	ae7051bd-e4af-46d7-9f0b-efb079c472d6	FALSE	FALSE	TRUE	FALSE	42.6747	8.7459	45005572	7.6533	2.7539	1.1942	0.6378	0.3404	1.3321				344	0
CPTAC-3	tumour	C3L-00812	C3L-00812-01	9a0056fd-eaa4-41ad-b251-0ad607bace87	FALSE	FALSE	TRUE	FALSE	42.3388	11.1805	33256238	7.5219	2.7864	1.9462	1.1276	1.2992	1.3388				8	0
CPTAC-3	tumour	C3L-00813	C3L-00813-01	895268f6-d513-4bd8-b625-e6a23a99f215	FALSE	FALSE	TRUE	FALSE	35.8737	10.4762	39837454	7.6003	2.1083	1.0013	0.2256	0.4484	1.2227				13	0
CPTAC-3	normal	C3L-00814	C3L-00814-02	0f9d7f41-885c-4929-83cd-33fce57a5aa9	TRUE	FALSE	TRUE	FALSE	45.192	8.0616	35479548	7.55	2.4696	1.6348	-0.2548	-0.1688	1.3253					
CPTAC-3	tumour	C3L-00814	C3L-00814-01	7f41524c-570b-4e79-ba51-984a3b603523	TRUE	FALSE	TRUE	FALSE	40.3571	10.1689	36526421	7.5626	3.0639	1.701	1.3507	1.3457	1.3961				15	0
CPTAC-3	tumour	C3L-00815	C3L-00815-01	cf7c18f4-1d5e-4cc6-bf32-5aad1e6850fb	FALSE	FALSE	TRUE	FALSE	40.6211	9.2178	51282895	7.71	2.3451	0.4895	-0.7958	-0.8476	1.3001				1318	0
CPTAC-3	tumour	C3L-00817	C3L-00817-01	9e5ce1d4-2751-4872-bf8f-991b28f8a8d8	FALSE	FALSE	TRUE	FALSE	44.043	8.44	37540573	7.5745	2.6819	1.7435	0.5532	0.9402	1.3324				1365	0
CPTAC-3	normal	C3L-00902	C3L-00902-06	3ff2a86e-0754-42ff-bbbc-c48fc3c52fe0	TRUE	FALSE	TRUE	FALSE	43.2006	7.839	31564482	7.4992	2.1742	1.5692	-0.493	-0.2698	1.2789					
CPTAC-3	tumour	C3L-00902	C3L-00902-02	7591edea-ffb0-4d69-a2c8-2dd1d8e4a9ae	TRUE	FALSE	TRUE	FALSE	40.6113	8.7421	39502273	7.5966	2.5824	1.6894	0.8478	1.1502	1.2613				1791	0
CPTAC-3	normal	C3L-00907	C3L-00907-06	ff35024d-0cfa-4cd0-b835-eb2bd7430390	TRUE	FALSE	TRUE	FALSE	44.5558	6.9566	41080301	7.6136	2.3894	1.7346	0.4419	0.4965	1.3179					
CPTAC-3	tumour	C3L-00907	C3L-00907-02	154017fa-8ca7-43b6-b417-86b9890083f0	TRUE	FALSE	TRUE	FALSE	38.715	9.1138	39874159	7.6007	2.3819	1.2061	0.6399	0.3417	1.2395				1791	0
CPTAC-3	normal	C3L-00908	C3L-00908-06	1caffc0d-6f72-4f9a-b213-6f9ff9fd61a6	TRUE	FALSE	TRUE	FALSE	44.6566	7.1638	33805391	7.529	2.4845	1.7047	0.7348	0.7118	1.3283					
CPTAC-3	tumour	C3L-00908	C3L-00908-01	b2de6248-2c6c-4324-afcd-30f0b99f27b8	TRUE	FALSE	TRUE	FALSE	35.9129	9.745	46218433	7.6648	2.6535	0.2595	-0.2418	-0.5838	1.3322				1785	0
CPTAC-3	normal	C3L-00910	C3L-00910-06	fdffe429-7b2b-421e-8e10-9ac67cc7c1f7	TRUE	FALSE	TRUE	FALSE	43.1166	8.3728	37360734	7.5724	2.4814	1.67	0.179	0.2171	1.3315					
CPTAC-3	tumour	C3L-00910	C3L-00910-02	711502cf-374d-44ac-acb8-1927f3043bfb	TRUE	FALSE	TRUE	FALSE	39.6046	10.1615	50772441	7.7056	2.3905	1.3179	0.2696	0.3598	1.2429				1797	0
CPTAC-3	normal	C3L-00917	C3L-00917-06	0b1925c1-e9ee-44a4-b4fe-173fb040b261	TRUE	FALSE	TRUE	FALSE	44.1903	7.1403	38792051	7.5887	2.2775	1.7829	1.1196	1.0748	1.2698					
CPTAC-3	tumour	C3L-00917	C3L-00917-01	9973477b-7e81-434c-bec0-ce063a68fa66	TRUE	FALSE	TRUE	FALSE	41.6277	10.9774	29040994	7.463	2.7777	1.3348	0.6804	0.3345	1.3466				1783	0
CPTAC-3	normal	C3L-00966	C3L-00966-07	d6714f78-9bb8-4ff7-be93-748889d3e3ec	TRUE	FALSE	TRUE	FALSE	40.8575	8.2969	43823900	7.6417	2.5615	1.5328	-0.0834	-0.052	1.3627					
CPTAC-3	tumour	C3L-00966	C3L-00966-03	12b3d9cf-18af-4930-8d5e-2093f0f82df1	TRUE	FALSE	TRUE	FALSE	39.0203	10.6027	42456469	7.6279	2.4954	1.6943	1.1219	1.0717	1.2853				1647	0
CPTAC-3	normal	C3L-00968	C3L-00968-07	83f66b30-ad63-4496-8bce-7fea5286a864	TRUE	FALSE	TRUE	FALSE	40.0453	9.2241	36841269	7.5663	2.3855	1.4398	-0.6064	-0.4957	1.3156					
CPTAC-3	tumour	C3L-00968	C3L-00968-04	da6418bb-6b5a-42cb-b1a2-3f8e7e79bbed	TRUE	FALSE	TRUE	FALSE	33.2956	11.8482	38368286	7.584	0.9942	-0.4719	-2.0653	-1.8505	0.9968				529	1
CPTAC-3	normal	C3L-00969	C3L-00969-07	84e16fb2-f70a-4019-9e0a-772919a3876c	TRUE	FALSE	TRUE	FALSE	39.9847	10.4848	47357502	7.6754	2.4974	1.2976	-0.7012	-0.9784	1.3161					
CPTAC-3	tumour	C3L-00969	C3L-00969-01	b2ad9970-e96f-44ce-8dfa-4a96d6cc735f	TRUE	FALSE	TRUE	FALSE	35.583	12.1461	37179695	7.5703	2.2726	-0.0973	-0.6773	-1.129	1.2984				1604	0
CPTAC-3	normal	C3L-00970	C3L-00970-07	a078523b-6762-4840-afe4-4814e9e85781	TRUE	FALSE	TRUE	FALSE	40.0044	11.8752	38520503	7.5857	2.8754	1.365	-0.3826	-0.4501	1.4097					
CPTAC-3	tumour	C3L-00970	C3L-00970-03	7e4d319e-a669-4add-bae7-8fdfabc5c889	TRUE	FALSE	TRUE	FALSE	39.6556	11.566	35752306	7.5533	2.9855	1.0618	0.8894	0.2972	1.4111				415	0
CPTAC-3	normal	C3L-00976	C3L-00976-08	12ff6620-1fc8-473d-b4f4-35551f26f7f1	TRUE	FALSE	TRUE	FALSE	41.8105	10.3819	40622695	7.6088	2.5323	1.4465	0.3599	0.2721	1.3258					
CPTAC-3	tumour	C3L-00976	C3L-00976-03	e9590b4f-dc41-4dfa-89ef-8209fb4598c5	TRUE	FALSE	TRUE	FALSE	41.8822	5.537	34144544	7.5333	3.5132	-0.4185	-1.4737	-2.0762	1.4428				896	1
CPTAC-3	normal	C3L-00980	C3L-00980-06	f5f85c4c-4512-40a2-bcce-1e18f2b90363	TRUE	FALSE	TRUE	FALSE	40.8319	11.7883	35691240	7.5526	2.6213	1.5596	0.4112	0.1326	1.3379					
CPTAC-3	tumour	C3L-00980	C3L-00980-02	540ab040-632d-4df0-a101-a5c3afe4de15	TRUE	FALSE	TRUE	FALSE	36.9144	9.9546	41262969	7.6156	2.3911	-0.3224	-1.1546	-1.6607	1.2721				271	0
CPTAC-3	normal	C3L-00981	C3L-00981-06	05f73420-f6c5-42e3-af05-ad6447f3de3b	TRUE	FALSE	TRUE	FALSE	37.8147	17.3789	29743266	7.4734	3.0624	1.4004	0.7014	0.0052	1.4246					
CPTAC-3	tumour	C3L-00981	C3L-00981-01	c6bd9cf5-f7a9-4bcb-a426-514d85ddfda9	TRUE	FALSE	TRUE	FALSE	43.2625	7.7722	39698556	7.5988	1.9535	-1.0362	-2.5585	-2.9702	1.1486				271	0
CPTAC-3	normal	C3L-00982	C3L-00982-07	497d3655-489a-4da2-af82-f5a7d94f3653	TRUE	FALSE	TRUE	FALSE	38.8584	10.8008	40016859	7.6022	2.2574	1.4325	0.1092	0.01	1.2562					
CPTAC-3	tumour	C3L-00982	C3L-00982-01	912a8d7e-4612-4968-81ac-1e6ebc2dfaaa	TRUE	FALSE	TRUE	FALSE	38.0444	12.7511	44359074	7.647	2.2434	0.2607	-1.3219	-1.3926	1.2208				294	0
CPTAC-3	normal	C3L-00991	C3L-00991-06	e5ebe690-91a5-425b-b5c6-72e461ef8f75	TRUE	FALSE	TRUE	FALSE	38.07	12.1793	34564163	7.5386	2.3771	1.427	0.2044	0.2552	1.2885					
CPTAC-3	tumour	C3L-00991	C3L-00991-01	685ddd77-36ae-490d-8af9-8183fe333d2a	TRUE	FALSE	TRUE	FALSE	37.3092	9.3547	37300222	7.5717	2.4118	0.6554	-0.4935	-0.4763	1.2366				336	0
CPTAC-3	tumour	C3L-01033	C3L-01033-03	14ae6290-a42b-47f1-a6e6-8aa789435c9a	FALSE	FALSE	TRUE	FALSE	44.5564	18.0831	17800151	7.2504	4.0182	-0.0342	-1.2389	-1.6922	1.5915				1086	0
CPTAC-3	tumour	C3L-01034	C3L-01034-02	d51e5fc5-621d-4eff-9735-4fc6c21efb79	FALSE	FALSE	TRUE	FALSE	25.831	17.1401	38451401	7.5849	3.3346	0.2797	-0.9774	-1.1262	1.3959				1105	0
CPTAC-3	normal	C3L-01102	C3L-01102-06	c2e36988-bde9-462c-8d5f-9d86ac60eb6d	TRUE	FALSE	TRUE	FALSE	38.4024	10.2411	42130497	7.6246	1.8296	1.6315	0.926	1.1616	1.1679					
CPTAC-3	tumour	C3L-01102	C3L-01102-01	bead5c82-af54-4ca9-8582-d8aa76131299	TRUE	FALSE	TRUE	FALSE	39.3363	11.0386	37239990	7.571	2.6985	1.2553	0.1553	0.2148	1.3096				12	0
CPTAC-3	normal	C3L-01106	C3L-01106-06	a0bf90ec-fedd-4b22-80c4-8d7c962ee6e4	TRUE	FALSE	TRUE	FALSE	36.6214	11.5635	34868439	7.5424	2.1816	1.4175	0.6825	0.6537	1.2366					
CPTAC-3	tumour	C3L-01106	C3L-01106-02	c2044d91-1a1f-4c65-99fe-0ab52f29c8a1	TRUE	FALSE	TRUE	FALSE	34.6164	13.224	33822228	7.5292	2.6583	1.2531	0.3001	0.3585	1.2871				32	1
CPTAC-3	normal	C3L-01107	C3L-01107-07	d7196d8a-0e5b-4358-9ce7-42bc765dc461	TRUE	FALSE	TRUE	FALSE	38.1825	12.0697	36351286	7.5605	2.5794	1.5519	0.5933	0.6045	1.3256					
CPTAC-3	tumour	C3L-01107	C3L-01107-01	d4dd8cff-4567-4856-b969-711fa056f79f	TRUE	FALSE	TRUE	FALSE	44.8975	9.6541	37344540	7.5722	3.3168	0.6804	0.0977	-0.6083	1.447				446	0
CPTAC-3	normal	C3L-01279	C3L-01279-06	4bb0ea08-bf4b-48bb-9c4c-654f5b981bbb	TRUE	FALSE	TRUE	FALSE	41.8813	9.9818	32379624	7.5103	2.7816	1.5265	-0.2179	-0.5027	1.3894					
CPTAC-3	tumour	C3L-01279	C3L-01279-03	3b0e77a4-9036-4b4e-abf0-3dc31fd4d201	TRUE	FALSE	TRUE	FALSE	39.2682	8.4376	41786349	7.621	1.9291	0.4624	-1.4096	-0.6269	1.152				1793	0
CPTAC-3	normal	C3L-01281	C3L-01281-06	d9b29481-18a5-48d0-87b0-db0c125e1e75	TRUE	FALSE	TRUE	FALSE	45.99	7.1865	38324418	7.5835	2.4999	1.4338	-1.7628	-1.3297	1.3622					
CPTAC-3	tumour	C3L-01281	C3L-01281-01	2dfafc4f-de00-4ee1-95a0-9ee66518769b	TRUE	FALSE	TRUE	FALSE	41.6505	9.4884	35633731	7.5519	2.6431	1.8262	1.3291	1.4198	1.2958				1779	0
CPTAC-3	tumour	C3L-01283	C3L-01283-01	ef650535-b0f6-48a0-a0c2-e9a2aa6b64c5	FALSE	FALSE	TRUE	FALSE	43.7896	9.5681	35839867	7.5544	2.7277	0.6504	-0.5195	-0.7006	1.3434				735	0
CPTAC-3	normal	C3L-01286	C3L-01286-06	5d0ee7d1-2cda-4c27-a0db-3837ced512c8	TRUE	FALSE	TRUE	FALSE	41.2805	9.3184	37325374	7.572	2.1642	1.4409	-0.5833	-0.3765	1.2213					
CPTAC-3	tumour	C3L-01286	C3L-01286-01	35121379-c42c-4d60-9ca8-00803a92e295	TRUE	FALSE	TRUE	FALSE	41.2067	7.191	41241595	7.6153	2.3496	0.5888	0.1197	-0.0656	1.2923				1028	1
CPTAC-3	normal	C3L-01287	C3L-01287-06	892729b1-548f-4787-be57-a1d350fa3a5b	TRUE	FALSE	TRUE	FALSE	41.3354	8.0934	44233815	7.6458	2.0497	1.5934	0.7335	0.7446	1.2408					
CPTAC-3	tumour	C3L-01287	C3L-01287-02	106d67a3-4847-425b-a151-4e92d0e82e69	TRUE	FALSE	TRUE	FALSE	39.7234	8.1946	42825340	7.6317	2.0648	0.6636	-0.4191	-0.3694	1.1835				633	1
CPTAC-3	tumour	C3L-01288	C3L-01288-02	c449f931-da5e-48af-918a-4e0516a2bdb9	FALSE	FALSE	TRUE	FALSE	46.4639	8.5184	51616782	7.7128	3.0059	1.5957	0.1385	0.3727	1.3586				1800	0
CPTAC-3	normal	C3L-01302	C3L-01302-06	12db1599-ae6a-4345-930e-6783c24023ad	TRUE	FALSE	TRUE	FALSE	43.0126	7.92	47802174	7.6794	2.2868	1.5253	-0.1493	-0.1529	1.2676					
CPTAC-3	tumour	C3L-01302	C3L-01302-03	d5041c8b-e53b-4cd9-a199-958e412eb9a3	TRUE	FALSE	TRUE	FALSE	44.3253	8.0026	42470993	7.6281	2.7581	-0.2308	-1.2612	-1.6856	1.3583				55	1
CPTAC-3	normal	C3L-01313	C3L-01313-06	f1bc1766-cb5c-41b4-989c-dee51be75a0e	TRUE	FALSE	TRUE	FALSE	44.7862	7.7177	36090249	7.5574	2.5023	1.6572	0.2881	0.0327	1.3329					
CPTAC-3	tumour	C3L-01313	C3L-01313-03	a2225721-c49c-435d-a82a-c40d942a3d73	TRUE	FALSE	TRUE	FALSE	45.1504	9.0817	31268322	7.4951	3.1192	0.5678	0.0462	-0.313	1.3945				1229	1
CPTAC-3	tumour	C3L-01352	C3L-01352-02	1fd46b4a-9d2f-4d59-81d4-99868d5b45f3	FALSE	FALSE	TRUE	FALSE	39.5868	9.4266	41974638	7.623	2.4641	1.8285	1.2519	1.285	1.2713				233	0
CPTAC-3	tumour	C3L-01459	C3L-01459-01	1ed5dedf-94ef-4073-9bdb-e3acc0d5d20d	FALSE	FALSE	TRUE	FALSE	40.8284	11.3356	40256530	7.6048	2.7994	1.2224	0.4484	0.4069	1.3617				432	0
CPTAC-3	normal	C3L-01462	C3L-01462-02	f0865c5c-196a-4ae6-b01a-e19decfb1ae0	TRUE	FALSE	TRUE	FALSE	38.8435	9.7241	39179529	7.5931	2.1715	1.5008	0.6897	0.733	1.2431					
CPTAC-3	tumour	C3L-01462	C3L-01462-01	cda29ec2-53de-43b9-8b5c-c84ed628ea5c	TRUE	FALSE	TRUE	FALSE	44.2935	7.2972	32274490	7.5089	2.9273	1.337	0.768	0.7374	1.3478				1519	0
CPTAC-3	normal	C3L-01464	C3L-01464-02	127c3c34-a11a-4cee-a5f3-ec79aa9a6499	TRUE	FALSE	TRUE	FALSE	39.1067	9.4329	45117121	7.6543	2.1156	1.4604	0.5696	0.6177	1.2381					
CPTAC-3	tumour	C3L-01464	C3L-01464-01	f09b247a-3c88-4d44-a2af-3e4a12c5a443	TRUE	FALSE	TRUE	FALSE	39.1924	8.153	37035032	7.5686	1.8804	0.2271	-1.3522	-1.361	1.1769				1520	0
CPTAC-3	tumour	C3L-01465	C3L-01465-01	452fbcfd-a67b-43f3-a5db-e903b7562c74	FALSE	FALSE	TRUE	FALSE	42.6692	9.0498	35580819	7.5512	2.1818	0.1426	-0.8342	-1.1702	1.2451				1393	0
CPTAC-3	normal	C3L-01467	C3L-01467-02	d19811bf-5ab3-4501-b959-44b4b404cfe0	FALSE	FALSE	FALSE	FALSE	39.6238	10.9144	29364525	7.4678	1.1848	0.5859	-3.864	-3.9043	1.0544					
CPTAC-3	tumour	C3L-01470	C3L-01470-01	0d46a5a4-5f09-4373-a3f2-a8a4b6b69c25	FALSE	FALSE	TRUE	FALSE	44.0939	9.0039	35170597	7.5462	3.1034	1.6073	1.3432	1.1105	1.3886				202	0
CPTAC-3	tumour	C3L-01553	C3L-01553-01	9e8e4fc1-5db8-4121-9670-7c1d48bb47a7	FALSE	FALSE	TRUE	FALSE	30.5881	15.2599	28813486	7.4596	2.3618	1.3369	1.0684	1.0277	1.2867				384	0
CPTAC-3	tumour	C3L-01557	C3L-01557-01	470b07b9-b544-479a-a2c5-39e3176dfc6d	FALSE	FALSE	TRUE	FALSE	40.7483	8.6257	41228636	7.6152	2.8322	1.2823	0.4642	0.4249	1.3472				329	0
CPTAC-3	tumour	C3L-01560	C3L-01560-01	64c53ea7-1d58-4679-838d-8d29c2ee5ab8	FALSE	FALSE	TRUE	FALSE	42.1113	10.2799	45752505	7.6604	2.6504	1.0428	-0.2412	-0.0321	1.3083				250	0
CPTAC-3	normal	C3L-01603	C3L-01603-06	fb9eb7a7-c670-4961-aeb4-037a59871ca3	TRUE	FALSE	TRUE	FALSE	42.6137	8.8953	45779732	7.6607	2.2381	1.6072	0.7878	0.9013	1.2448					
CPTAC-3	tumour	C3L-01603	C3L-01603-02	205851ba-0054-40e0-9131-0d1e80ee245b	TRUE	FALSE	TRUE	FALSE	44.0392	8.1584	34673122	7.54	2.9462	1.6545	1.2994	0.862	1.3679				1765	0
CPTAC-3	normal	C3L-01607	C3L-01607-06	f6b97dd3-ca6a-4cbb-bf2d-667c9146ed58	TRUE	FALSE	TRUE	FALSE	42.5034	9.1941	37975238	7.5795	2.3447	1.0528	-1.8336	-1.9628	1.2993					
CPTAC-3	tumour	C3L-01607	C3L-01607-03	5c12f652-05cf-48e5-9019-4f968181452e	TRUE	FALSE	TRUE	FALSE	41.8758	8.175	41867156	7.6219	2.7308	1.3882	0.8056	0.642	1.3117				1794	0
CPTAC-3	normal	C3L-01665	C3L-01665-06	dfb5cb66-9de7-4b39-88e7-5690a75f3d14	TRUE	FALSE	TRUE	FALSE	42.9429	9.0254	41106715	7.6139	2.7423	1.34	0.072	-0.205	1.3611					
CPTAC-3	tumour	C3L-01665	C3L-01665-03	fb075d69-0911-4dd9-bfa2-4daa8336a86f	TRUE	FALSE	TRUE	FALSE	39.4091	11.006	33317538	7.5227	2.4846	1.0835	0.188	0.1952	1.32				1175	1
CPTAC-3	normal	C3L-01676	C3L-01676-07	9fa2de23-f151-4565-97d3-0c3ef0f06fee	TRUE	FALSE	TRUE	FALSE	39.0216	10.379	35353019	7.5484	2.2132	1.5134	0.4563	0.5546	1.2409					
CPTAC-3	tumour	C3L-01676	C3L-01676-03	a2161b7b-2930-4a7a-ac9f-b0e6a474a046	TRUE	FALSE	TRUE	FALSE	38.5932	9.473	34871414	7.5425	2.2805	0.0048	-0.5628	-0.8311	1.2442				1193	0
CPTAC-3	normal	C3L-01681	C3L-01681-04	34d0c862-f762-477a-b7c5-5112f1a602c6	TRUE	FALSE	TRUE	FALSE	42.1796	9.1783	31026350	7.4917	2.552	1.5733	-0.001	-0.0166	1.3267					
CPTAC-3	tumour	C3L-01681	C3L-01681-01	ea105ffc-429b-41cb-ae2d-1db9ca8e2a87	TRUE	FALSE	TRUE	FALSE	37.3489	8.5484	31481801	7.4981	2.9137	1.0145	0.0697	-0.0206	1.3588				1534	1
CPTAC-3	normal	C3L-01836	C3L-01836-06	c740ff46-f774-42d0-b780-f153d0f42ac1	TRUE	FALSE	TRUE	FALSE	43.2531	8.1946	33806185	7.529	2.4445	1.7026	0.7525	0.6308	1.3104					
CPTAC-3	tumour	C3L-01836	C3L-01836-03	bb335fe9-aa95-458d-b3aa-b6873ca3c9e0	TRUE	FALSE	TRUE	FALSE	39.7994	7.7003	45287036	7.656	2.3544	1.6252	0.3682	0.6735	1.2487				1575	0
CPTAC-3	normal	C3L-01861	C3L-01861-06	493de183-91a7-4a7d-911a-92cf2d8ab56b	TRUE	FALSE	TRUE	FALSE	44.3142	7.4638	41056097	7.6134	2.2669	1.6853	0.3512	0.4938	1.2567					
CPTAC-3	tumour	C3L-01861	C3L-01861-02	19d19ec9-0969-4304-8b3c-38002bc728e3	TRUE	FALSE	TRUE	FALSE	44.3153	9.1302	39020643	7.5913	1.8977	0.9667	-0.7663	-0.4867	1.1757				1761	0
CPTAC-3	normal	C3L-01865	C3L-01865-06	cdc996db-1bcf-47d3-b2a8-f4c312f20dd8	FALSE	FALSE	FALSE	FALSE	40.2948	7.8202	43202745	7.6355	1.8082	1.7816	0.6792	0.8395	1.1773					
CPTAC-3	normal	C3L-01869	C3L-01869-06	d9cb9549-263a-40c6-8cda-8cffa69826f7	TRUE	FALSE	TRUE	FALSE	40.0603	11.0396	41239823	7.6153	2.436	1.4681	0.9106	0.7958	1.2839					
CPTAC-3	tumour	C3L-01869	C3L-01869-02	9bb00aa3-6f65-4fef-afac-f97c201758bb	TRUE	FALSE	TRUE	FALSE	38.8601	11.0447	34122798	7.533	2.823	1.9624	1.6303	1.7042	1.3424				1766	0
CPTAC-3	normal	C3L-01882	C3L-01882-06	9467fa58-38b3-4050-88d5-2ec5ee887f05	TRUE	FALSE	TRUE	FALSE	42.269	7.7788	37588425	7.5751	2.117	1.6673	0.678	0.9041	1.2292					
CPTAC-3	tumour	C3L-01882	C3L-01882-01	66d25217-cf4d-42e4-aaf6-a90fe82d6c56	TRUE	FALSE	TRUE	FALSE	44.3596	8.5828	34373808	7.5362	2.555	1.2262	0.0688	-0.0615	1.3016				350	0
CPTAC-3	normal	C3L-01885	C3L-01885-06	3d97b2f2-76af-4b83-b3fd-99ca12884591	TRUE	FALSE	TRUE	FALSE	42.3021	8.4748	38800995	7.5888	2.4203	1.6098	0.8487	0.7343	1.2905					
CPTAC-3	tumour	C3L-01885	C3L-01885-03	04e474d6-06df-4bee-8e24-d2b82c623047	TRUE	FALSE	TRUE	FALSE	40.6068	10.1549	34462320	7.5373	2.5741	1.6528	0.7602	0.7541	1.3009				342	0
CPTAC-3	tumour	C3L-01929	C3L-01929-01	dc63b655-9319-4954-a911-bd1bbd229d79	FALSE	FALSE	TRUE	FALSE	39.1174	9.5612	39440087	7.5959	2.3321	0.7195	-0.1733	-0.1773	1.2779				10	0
CPTAC-3	tumour	C3L-01951	C3L-01951-01	19f5f041-3828-44b4-8e82-465bd769390e	FALSE	FALSE	TRUE	FALSE	44.8464	7.922	41435839	7.6174	2.7067	1.9086	0.9418	1.0289	1.3457				398	0
CPTAC-3	tumour	C3L-01952	C3L-01952-01	8a722662-2f93-4571-91c4-20aba26275c4	FALSE	FALSE	TRUE	FALSE	43.5562	9.1137	45154493	7.6547	2.7095	1.0427	-0.1722	0.0178	1.3184				6	0
CPTAC-3	tumour	C3L-01954	C3L-01954-01	5427d9e9-33e2-436c-b1d4-4b83fad1e8a6	FALSE	FALSE	TRUE	FALSE	41.049	10.7315	38043954	7.5803	2.3731	1.5483	0.05	0.8174	1.2412				55	0
CPTAC-3	normal	C3L-01955	C3L-01955-02	fdedbc3a-3f08-4ef0-8e3d-e17f6988a140	FALSE	FALSE	FALSE	FALSE	44.1028	7.9222	38593448	7.5865	2.5905	1.6835	0.7663	1.0367	1.3173					
CPTAC-3	tumour	C3L-01958	C3L-01958-01	2d0e251f-f45d-4638-a72f-d018bfcfe804	FALSE	FALSE	TRUE	FALSE	42.031	10.4234	39534495	7.597	2.5516	0.6283	0.1006	-0.1352	1.322				1622	0
CPTAC-3	normal	C3L-01962	C3L-01962-02	e3b52ca3-47dd-46dc-9d58-2e6bfc4e1c83	FALSE	FALSE	FALSE	FALSE	42.3289	7.9802	36942752	7.5675	2.1879	1.6071	0.4	0.601	1.2449					
CPTAC-3	tumour	C3L-01963	C3L-01963-01	f7c9f7ed-c32b-48ff-b684-5797c3d64982	FALSE	FALSE	TRUE	FALSE	44.5851	8.9717	34210770	7.5342	3.1349	2.0311	1.3653	1.657	1.3908				13	0
CPTAC-3	normal	C3L-01976	C3L-01976-04	f94e84c0-782d-44bb-90c7-15cb316b108a	TRUE	FALSE	TRUE	FALSE	42.4612	8.2821	40534678	7.6078	2.7468	1.3035	-1.3234	-1.4195	1.3997					
CPTAC-3	tumour	C3L-01976	C3L-01976-01	267de5a5-42e9-4a48-9f50-bb5ebdd2d30f	TRUE	FALSE	TRUE	FALSE	40.534	8.9409	34171857	7.5337	2.5113	1.9062	0.665	1.0968	1.2836				366	0
CPTAC-3	normal	C3L-01978	C3L-01978-05	4b03d643-0ae6-4800-a4f4-f87e968cd7d8	TRUE	FALSE	TRUE	FALSE	41.9843	10.2219	41470238	7.6177	2.4261	1.648	1.0153	0.9534	1.3155					
CPTAC-3	tumour	C3L-01978	C3L-01978-03	6a911d44-934b-4803-bb14-7ce35def1a44	TRUE	FALSE	TRUE	FALSE	43.4127	8.9277	35589324	7.5513	3.0301	1.7579	0.5533	0.8998	1.3752				5	0
CPTAC-3	tumour	C3L-02175	C3L-02175-01	bef73958-ffdb-44cf-aac2-e3270ab4e982	FALSE	FALSE	TRUE	FALSE	43.7413	8.5843	37757631	7.577	2.4027	0.9361	-0.9016	-0.5464	1.2879				20	0
CPTAC-3	tumour	C3L-02176	C3L-02176-01	c3ef2c55-df84-4b45-a120-a1f00d526323	FALSE	FALSE	TRUE	FALSE	40.3126	10.0339	32214215	7.508	2.3974	1.7853	0.4622	0.9497	1.2371				306	0
CPTAC-3	tumour	C3L-02177	C3L-02177-01	d81b2835-0514-41ae-bb63-d8e50bacdad4	FALSE	FALSE	TRUE	FALSE	42.8841	9.2769	33259706	7.5219	2.501	1.452	0.3072	0.5579	1.283				13	0
CPTAC-3	tumour	C3L-02179	C3L-02179-01	d2e88435-c7d8-4da2-80a9-1ba95c6fba2a	FALSE	FALSE	TRUE	FALSE	34.2699	10.1448	42987115	7.6333	1.4111	-0.1431	-1.8129	-1.5218	1.0726				738	0
CPTAC-3	tumour	C3L-02201	C3L-02201-01	bed8afff-fb06-44c7-be04-ad63da266ac8	FALSE	FALSE	TRUE	FALSE	41.4257	9.7449	40768883	7.6103	2.9935	1.9905	1.5887	1.5382	1.3614				1442	0
CPTAC-3	tumour	C3L-02202	C3L-02202-01	5c1828f9-e8e5-4cfc-b658-e47285b95893	FALSE	FALSE	TRUE	FALSE	38.1088	10.8459	29206812	7.4655	2.3582	0.5253	-0.4072	-0.6973	1.2688				1478	0
CPTAC-3	normal	C3L-02204	C3L-02204-02	fa4448cc-7ba6-4361-852a-1b99be1a1221	FALSE	FALSE	FALSE	FALSE	41.4697	8.0205	31864806	7.5033	1.0488	0.4928	-3.7285	-3.6451	1.0369					
CPTAC-3	normal	C3L-02208	C3L-02208-02	3bde6ea0-faf8-4542-9f81-e44b2445e04e	TRUE	FALSE	TRUE	FALSE	40.4517	10.2941	36235327	7.5591	2.2261	1.3434	-0.5364	-0.6095	1.2621					
CPTAC-3	tumour	C3L-02208	C3L-02208-01	7e18375d-db37-4c33-8bcb-13fee5cb3614	TRUE	FALSE	TRUE	FALSE	39.7624	8.6903	34573017	7.5387	2.272	0.796	-0.4319	-0.2805	1.2607				1451	0
CPTAC-3	normal	C3L-02211	C3L-02211-02	1ee1589d-3a46-4ae1-880e-36d1af7e78ff	TRUE	FALSE	TRUE	FALSE	43.5079	9.9436	38849186	7.5894	2.4929	1.1516	-2.6604	-2.6061	1.3105					
CPTAC-3	tumour	C3L-02211	C3L-02211-01	d5c2ed6c-908d-47d0-89b4-d1c259dc87d3	TRUE	FALSE	TRUE	FALSE	44.1207	9.2132	34573161	7.5387	3.3969	1.5342	1.0965	0.5528	1.4558				330	1
CPTAC-3	normal	C3L-02212	C3L-02212-02	7432cc02-b529-446d-afcb-2e7b6812c853	FALSE	FALSE	FALSE	FALSE	44.6754	7.7182	29770755	7.4738	2.5472	1.7163	0.2605	0.1339	1.3234					
CPTAC-3	tumour	C3L-02214	C3L-02214-01	ea2fc5c7-ee6e-465e-a11d-415fb4cf76e4	FALSE	FALSE	TRUE	FALSE	44.0557	9.5396	33369123	7.5233	2.9613	1.3205	0.0979	0.1468	1.3806				44	0
CPTAC-3	normal	C3L-02220	C3L-02220-06	378106d5-a4fb-4352-8f20-2ecde22299ee	TRUE	FALSE	TRUE	FALSE	39.4554	9.2862	30117838	7.4788	2.261	1.4913	-0.6084	-0.3644	1.2931					
CPTAC-3	tumour	C3L-02220	C3L-02220-01	36975150-8161-4eed-908c-ef80129dccd2	TRUE	FALSE	TRUE	FALSE	39.6237	10.5803	37179918	7.5703	2.6094	1.4344	0.7136	0.6548	1.2968				709	0
CPTAC-3	normal	C3L-02346	C3L-02346-06	27fa0ec5-2f7d-4cd7-9cf6-9bffcb66d0d0	TRUE	FALSE	TRUE	FALSE	42.3844	9.5872	33545444	7.5256	2.7649	1.5606	0.6514	0.376	1.3684					
CPTAC-3	tumour	C3L-02346	C3L-02346-01	3e0cd15b-ede7-4f05-9e58-014887e6d749	TRUE	FALSE	TRUE	FALSE	36.3858	10.06	39590018	7.5976	2.1145	-0.0634	-1.1336	-1.4063	1.2329				999	1
CPTAC-3	normal	C3L-02352	C3L-02352-06	7366c6ae-02a2-4190-a92c-9d1ccb3b7860	TRUE	FALSE	TRUE	FALSE	36.7505	10.6534	40151813	7.6037	2.2555	1.4519	0.7752	0.8336	1.2611					
CPTAC-3	tumour	C3L-02352	C3L-02352-01	fbe42ec1-268a-4f1f-99bf-201e3b2627c8	TRUE	FALSE	TRUE	FALSE	40.1542	10.5839	43254789	7.636	2.5339	1.5099	1.175	1.008	1.2829				1766	0
CPTAC-3	normal	C3L-02364	C3L-02364-06	4f3e5205-6371-4518-905c-965691a3d6ac	TRUE	FALSE	TRUE	FALSE	40.7947	11.1428	33184149	7.5209	2.8422	1.3443	-0.3964	-0.6201	1.3779					
CPTAC-3	tumour	C3L-02364	C3L-02364-01	73d2aa85-4f0c-49fc-9fac-6dadf8fa44e5	TRUE	FALSE	TRUE	FALSE	42.7803	7.8263	31654821	7.5004	3.0404	0.9512	-0.3146	-0.3568	1.422				1785	0
CPTAC-3	normal	C3L-02544	C3L-02544-06	8d16fe63-865d-4345-af83-8a2893a64450	TRUE	FALSE	TRUE	FALSE	41.0801	10.4681	35825442	7.5542	2.7464	1.4825	0.3408	0.2017	1.3497					
CPTAC-3	tumour	C3L-02544	C3L-02544-01	76c00805-e9b1-4d90-b7d0-7d2cc6d37182	TRUE	FALSE	TRUE	FALSE	36.6183	10.2273	33672607	7.5273	2.3985	0.3331	-0.5834	-0.6394	1.2673				912	1
CPTAC-3	normal	C3L-02551	C3L-02551-06	70d604a6-af88-487a-82ad-482206da616f	TRUE	FALSE	TRUE	FALSE	38.6807	12.3422	42252759	7.6259	2.0452	1.2274	-1.6477	-1.3711	1.2262					
CPTAC-3	tumour	C3L-02551	C3L-02551-01	033b8625-aa68-45ed-aa4d-ca174b4906ec	TRUE	FALSE	TRUE	FALSE	37.2593	12.9398	35187242	7.5464	2.6145	-0.2852	-1.2205	-1.7603	1.31				1742	0
CPTAC-3	tumour	C3L-02553	C3L-02553-01	e4341802-ceda-4972-a4dd-a087e270d7cf	FALSE	FALSE	TRUE	FALSE	35.6137	11.5916	39619920	7.5979	2.6759	1.2603	0.8198	0.8655	1.2894				1793	0
CPTAC-3	normal	C3L-02556	C3L-02556-06	fcfc46d2-b1e2-4f5f-b296-5e97763834e2	TRUE	FALSE	TRUE	FALSE	39.0257	10.2839	37890611	7.5785	2.2402	1.4244	-0.1058	0.038	1.2594					
CPTAC-3	tumour	C3L-02556	C3L-02556-02	6af0587b-b00d-4446-acba-c1ae55dbc588	TRUE	FALSE	TRUE	FALSE	39.2643	9.4682	35230096	7.5469	2.4869	1.1504	0.5931	0.5062	1.2757				562	0
CPTAC-3	normal	C3L-02841	C3L-02841-02	a5da547c-e757-4f5b-b39c-c701b033d7ae	TRUE	FALSE	TRUE	FALSE	40.2393	9.8996	33089221	7.5197	2.0611	1.4295	0.0563	0.2539	1.2012					
CPTAC-3	tumour	C3L-02841	C3L-02841-01	21514d73-3686-42f4-ba8e-9d19d00728c4	TRUE	FALSE	TRUE	FALSE	37.4913	9.6997	36982331	7.568	2.2074	0.7429	-0.0241	-0.1135	1.2183				1062	0
CPTAC-3	normal	C3L-02842	C3L-02842-02	1c6b625a-e381-4afb-8ad7-eb4c77c21dc7	TRUE	FALSE	TRUE	FALSE	42.7801	8.9179	32847022	7.5165	2.4981	1.5751	0.4418	0.3933	1.3048					
CPTAC-3	tumour	C3L-02842	C3L-02842-01	a9d7de60-9ca7-492c-8e11-bca4f86f633f	TRUE	FALSE	TRUE	FALSE	41.6542	8.5237	37362694	7.5724	2.5874	1.9463	0.5424	1.0465	1.2703				1112	0
CPTAC-3	tumour	C3L-02856	C3L-02856-01	d16e9562-f0be-4009-9bc2-d250ebd81e9c	FALSE	FALSE	TRUE	FALSE	38.7271	8.4121	33789718	7.5288	1.8345	0.2638	-1.2306	-1.1549	1.1733				15	0
CPTAC-3	tumour	C3L-02857	C3L-02857-01	16ced1bc-0f36-4cff-b53b-05d54a4393be	FALSE	FALSE	TRUE	FALSE	36.387	10.8399	40405578	7.6064	1.7122	0.3289	-1.5296	-1.1997	1.158				13	0
CPTAC-3	normal	C3N-00148	C3N-00148-06	b7368835-2b00-4014-b5a0-6fcdf2ac6e9a	FALSE	FALSE	FALSE	FALSE	43.9785	8.2188	42554900	7.6289	2.5347	1.6891	0.9392	0.8624	1.3343					
CPTAC-3	normal	C3N-00149	C3N-00149-06	b23a7f7e-3113-4489-8abe-5acbc13d9078	FALSE	FALSE	FALSE	FALSE	43.3149	7.5734	29004632	7.4625	1.7997	1.1484	-2.0024	-1.7231	1.1574					
CPTAC-3	normal	C3N-00150	C3N-00150-06	571d5646-fa92-4b7e-9f2f-12da84d521cd	FALSE	FALSE	FALSE	FALSE	46.0425	7.6282	35253456	7.5472	2.3216	1.6165	-0.4504	-0.3901	1.2698					
CPTAC-3	normal	C3N-00168	C3N-00168-06	f9fc142b-fc10-404b-a155-a99425478d16	TRUE	FALSE	TRUE	FALSE	41.3459	8.8849	32949466	7.5178	2.0671	1.6687	0.5504	0.7694	1.2254					
CPTAC-3	tumour	C3N-00168	C3N-00168-01	7c1e7768-456a-424e-bfe0-9ddba6117e88	TRUE	FALSE	TRUE	FALSE	43.5356	7.7173	43439113	7.6379	2.376	1.4251	-0.1179	0.411	1.2964				826	0
CPTAC-3	normal	C3N-00177	C3N-00177-06	3419ef02-f1d6-442c-8e4b-97f94540f650	TRUE	FALSE	TRUE	FALSE	44.6819	8.2578	36131509	7.5579	2.6008	1.6951	0.3585	0.3331	1.3427					
CPTAC-3	tumour	C3N-00177	C3N-00177-03	04377025-2149-426e-afe1-0c5d99971cee	TRUE	FALSE	TRUE	FALSE	37.2679	9.8875	43625979	7.6397	2.1845	0.3228	-0.8379	-0.6997	1.2203				841	0
CPTAC-3	normal	C3N-00194	C3N-00194-06	322cb12f-00ca-490e-8cdb-709c8a023d02	TRUE	FALSE	TRUE	FALSE	45.8946	7.4514	35336591	7.5482	2.236	1.6514	-0.2748	0.0869	1.2512					
CPTAC-3	tumour	C3N-00194	C3N-00194-02	af711817-c9df-4b3c-b4aa-cde58de8eba4	TRUE	FALSE	TRUE	FALSE	40.5012	8.4877	40309803	7.6054	2.4702	0.4187	0.0443	-0.4907	1.3192				208	0
CPTAC-3	normal	C3N-00242	C3N-00242-06	6a7bdab4-0a4f-4564-8804-210355a98be1	TRUE	FALSE	TRUE	FALSE	42.1526	9.6101	40416297	7.6066	2.3123	1.5565	0.1589	-0.0705	1.2921					
CPTAC-3	tumour	C3N-00242	C3N-00242-01	c0991fe6-062f-4f42-83e9-67189bb0573a	TRUE	FALSE	TRUE	FALSE	49.0888	8.4647	34325188	7.5356	3.0685	0.987	0.8912	0.2483	1.3916				1793	0
CPTAC-3	normal	C3N-00243	C3N-00243-07	4a8eff0e-c9ca-48fc-85b8-08ae7dbb029c	FALSE	FALSE	FALSE	FALSE	35.8059	8.7934	42336797	7.6267	1.5427	1.6572	0.8187	1.0166	1.1114					
CPTAC-3	normal	C3N-00244	C3N-00244-06	4e540860-9685-406e-9c0b-85d7e4d69938	TRUE	FALSE	TRUE	FALSE	43.1307	9.9504	41512328	7.6182	2.6243	1.7044	0.9785	0.7973	1.343					
CPTAC-3	tumour	C3N-00244	C3N-00244-03	37a3a69b-0c2d-4f4f-96c4-5fe22b8bf4e5	TRUE	FALSE	TRUE	FALSE	36.5555	8.6365	37468061	7.5737	2.4776	1.7494	0.7421	0.9176	1.2406				728	0
CPTAC-3	tumour	C3N-00246	C3N-00246-03	8c954a93-e849-49e1-af63-8bdbaef073b5	FALSE	FALSE	TRUE	FALSE	43.0292	8.0366	41853026	7.6217	3.2393	1.4696	1.622	0.8147	1.4214				2006	0
CPTAC-3	tumour	C3N-00305	C3N-00305-02	f515a1fc-0b36-4cd0-87b4-f6d6b5ea7925	FALSE	FALSE	TRUE	FALSE	40.3551	11.0559	37076626	7.5691	2.8937	1.6974	0.6932	0.5933	1.3541				1913	0
CPTAC-3	normal	C3N-00310	C3N-00310-05	bb8106de-bfa5-4676-b044-18d8f47e6ce3	TRUE	FALSE	TRUE	FALSE	43.1058	11.0345	36277295	7.5596	2.8173	1.4896	-1.004	-1.314	1.4123					
CPTAC-3	tumour	C3N-00310	C3N-00310-04	1778c7ba-f830-442a-a0e1-459a6c046846	TRUE	FALSE	TRUE	FALSE	46.2833	7.2222	42337707	7.6267	2.6548	0.0584	-0.9847	-1.7863	1.3694				1623	1
CPTAC-3	tumour	C3N-00312	C3N-00312-03	97d0eefd-44be-4d58-892a-74e361a09eb4	FALSE	FALSE	TRUE	FALSE	42.4951	7.7704	42745673	7.6309	2.6676	1.6303	0.5604	0.6233	1.3429				1888	0
CPTAC-3	tumour	C3N-00313	C3N-00313-03	12e192f0-1c95-41fd-82cd-11c91be7afd0	FALSE	FALSE	TRUE	FALSE	42.5792	8.3743	32035515	7.5056	2.1076	0.3916	-1.2735	-1.2023	1.2449				1869	0
CPTAC-3	normal	C3N-00314	C3N-00314-05	ceb6acc2-1367-4f4e-92f5-0cba14b5c646	TRUE	FALSE	TRUE	FALSE	45.8754	12.5957	33539518	7.5256	3.358	1.609	-0.1212	-0.682	1.4936					
CPTAC-3	tumour	C3N-00314	C3N-00314-01	663b2cae-6d8a-42ba-8300-eda51d3877bf	TRUE	FALSE	TRUE	FALSE	47.9283	8.4115	38178658	7.5818	3.0697	0.9576	-0.9322	-0.9763	1.4248				126	1
CPTAC-3	tumour	C3N-00315	C3N-00315-03	1c9dab07-5857-4e3a-9069-d2e13d10329f	FALSE	FALSE	TRUE	FALSE	36.7763	12.705	45993972	7.6627	2.3167	-0.6319	-2.3374	-2.403	1.259				1861	0
CPTAC-3	tumour	C3N-00317	C3N-00317-02	1f02d75a-ff39-4984-bb49-62379969c77f	FALSE	FALSE	TRUE	FALSE	41.8562	7.4111	43557510	7.6391	2.2422	0.3054	-1.1861	-1.052	1.2343				1363	1
CPTAC-3	tumour	C3N-00320	C3N-00320-04	842891fd-f1e4-4baa-9e37-f84f715d48c8	FALSE	FALSE	TRUE	FALSE	40.6319	7.9518	47040362	7.6725	2.5789	1.6487	0.4181	0.9036	1.2976				1849	0
CPTAC-3	tumour	C3N-00380	C3N-00380-01	86fa315e-a54f-444c-825c-fb85ba21b843	FALSE	FALSE	TRUE	FALSE	41.7769	8.735	40022792	7.6023	1.7459	0.5957	-1.2336	-1.0158	1.1764				662	0
CPTAC-3	normal	C3N-00390	C3N-00390-06	03ff4fe3-f2b1-4207-b3e4-4b960edd9809	TRUE	FALSE	TRUE	FALSE	46.2231	8.8593	34745058	7.5409	2.5259	1.5282	-0.1677	-0.5936	1.3314					
CPTAC-3	tumour	C3N-00390	C3N-00390-02	a4465b5f-c7bb-42d0-8b43-d4ffdcd570ea	TRUE	FALSE	TRUE	FALSE	39.749	8.1377	57763836	7.7617	2.6278	1.2002	0.1315	-0.0685	1.2948				687	0
CPTAC-3	normal	C3N-00435	C3N-00435-06	84ede9d4-5116-4d9d-b7aa-23d0601efae2	TRUE	FALSE	TRUE	FALSE	43.7541	11.0601	34285006	7.5351	2.9097	1.3469	-0.5327	-1.2068	1.3956					
CPTAC-3	tumour	C3N-00435	C3N-00435-05	71fa4faf-14d3-49b2-9847-812b26c33572	TRUE	FALSE	TRUE	FALSE	41.0085	9.1411	69205235	7.8401	1.946	0.1995	-1.846	-1.6227	1.1926				7	0
CPTAC-3	tumour	C3N-00437	C3N-00437-02	070d8faa-9c6e-4a68-bc6b-e6333941232a	FALSE	FALSE	TRUE	FALSE	38.6287	10.6913	48459463	7.6854	2.2315	-0.2396	-1.5801	-1.652	1.2423				1637	1
CPTAC-3	normal	C3N-00491	C3N-00491-02	7d63425b-9386-44c1-9c28-bea3f206531d	TRUE	FALSE	TRUE	FALSE	44.3742	10.3546	32528406	7.5123	2.7671	1.343	-1.8855	-1.8217	1.4153					
CPTAC-3	tumour	C3N-00491	C3N-00491-05	a86e8453-08b7-4772-aaf4-01d2e8f40da4	TRUE	FALSE	TRUE	FALSE	40.1167	9.342	31706913	7.5012	2.377	0.3962	-0.5518	-0.8831	1.3108				99	1
CPTAC-3	tumour	C3N-00492	C3N-00492-04	539dcb18-31d3-496a-9da5-41a65f434d75	FALSE	FALSE	TRUE	FALSE	53.7128	7.4488	34134914	7.5332	2.9565	0.4887	-2.0238	-1.3113	1.3982				1792	0
CPTAC-3	normal	C3N-00494	C3N-00494-05	a7383b03-8311-44b9-9f0b-7ab67265bc90	TRUE	FALSE	TRUE	FALSE	45.919	11.1966	26912000	7.4299	3.3406	1.4298	-1.0991	-1.4555	1.5161					
CPTAC-3	tumour	C3N-00494	C3N-00494-01	96489043-4e62-4c15-a41b-3874a2fda117	TRUE	FALSE	TRUE	FALSE	40.9643	7.0824	47273964	7.6746	2.8805	1.987	1.4662	1.5987	1.3385				1786	0
CPTAC-3	normal	C3N-00495	C3N-00495-05	2c934e92-d2c4-4c9d-924c-16803dd4ed41	TRUE	FALSE	TRUE	FALSE	43.3129	9.2857	39219029	7.5935	2.5508	1.5141	0.4825	0.1133	1.3447					
CPTAC-3	tumour	C3N-00495	C3N-00495-01	bbb108c0-c962-4ae6-b510-c4bdcedcc47c	TRUE	FALSE	TRUE	FALSE	38.3897	8.7699	45760193	7.6605	2.2996	0.4744	-0.389	-0.5729	1.3023				1779	0
CPTAC-3	normal	C3N-00573	C3N-00573-06	278cd3c5-e027-4c1c-ab2c-7e2dad159358	TRUE	FALSE	TRUE	FALSE	46.0763	7.3799	35035811	7.5445	2.5848	1.7502	0.5676	0.4456	1.3562					
CPTAC-3	tumour	C3N-00573	C3N-00573-02	e4781ea5-7964-42e9-a9ba-a98bfe467611	TRUE	FALSE	TRUE	FALSE	40.1311	9.0212	44992218	7.6531	2.591	1.127	0.4303	0.2108	1.3117				6	0
CPTAC-3	normal	C3N-00577	C3N-00577-06	dfd503a2-2024-4b28-9549-f3c66249ae2c	TRUE	FALSE	TRUE	FALSE	46.4355	7.7365	40346820	7.6058	2.6894	1.5798	-0.8124	-0.7143	1.376					
CPTAC-3	tumour	C3N-00577	C3N-00577-01	3dc452dd-f092-47cc-be52-53148a6f8815	TRUE	FALSE	TRUE	FALSE	39.6829	8.6296	56969453	7.7556	1.6792	0.0026	-1.4935	-1.3165	1.1039				397	0
CPTAC-3	normal	C3N-00646	C3N-00646-06	08e8766d-bf38-4742-8c25-517e7f89721e	FALSE	FALSE	FALSE	FALSE	45.4658	8.0402	37281894	7.5715	2.8068	1.7069	0.4517	0.3021	1.3808					
CPTAC-3	normal	C3N-00647	C3N-00647-06	fad68745-ebb5-4cf2-ad9f-55d2269f3160	FALSE	FALSE	FALSE	FALSE	45.7923	6.1373	36851226	7.5665	2.5058	1.881	0.3788	0.5459	1.315					
CPTAC-3	normal	C3N-00715	C3N-00715-06	b05d6c56-501f-4131-8bf2-dee2a6482885	FALSE	FALSE	FALSE	FALSE	37.7332	12.7966	38002204	7.5798	2.1682	1.4697	0.8477	0.8598	1.2444					
CPTAC-3	normal	C3N-00721	C3N-00721-06	f299380d-d906-4db1-b90b-94e71a35ee54	FALSE	FALSE	FALSE	FALSE	39.1922	11.3492	39030630	7.5914	2.4154	1.472	0.0767	0.2727	1.2803					
CPTAC-3	normal	C3N-00733	C3N-00733-06	04576474-40e5-4d4e-a5ff-3bd9d5047897	TRUE	FALSE	TRUE	FALSE	45.3495	6.709	32841791	7.5164	2.4914	1.7971	0.2908	0.296	1.3376					
CPTAC-3	tumour	C3N-00733	C3N-00733-02	f178c76a-8401-46ec-bbcd-5e4ce20199e7	TRUE	FALSE	TRUE	FALSE	34.5173	9.1296	43905688	7.6425	1.7393	1.2795	0.1851	0.5523	1.1418				1464	0
CPTAC-3	normal	C3N-00831	C3N-00831-05	6cd23221-89b9-4d6f-8e02-f5539802fb8d	TRUE	FALSE	TRUE	FALSE	42.6146	7.5285	30886942	7.4898	2.1698	1.6235	0.1631	0.3006	1.266					
CPTAC-3	tumour	C3N-00831	C3N-00831-01	904c815f-5fab-46bd-8071-2b0e4468abc2	TRUE	FALSE	TRUE	FALSE	41.3157	9.2991	42137199	7.6247	3.1532	1.1727	0.8533	0.456	1.4679				452	1
CPTAC-3	tumour	C3N-00832	C3N-00832-01	e1f1f23b-8a51-4331-9823-f3d3d574349a	FALSE	FALSE	TRUE	FALSE	37.9707	8.1634	40384135	7.6062	2.008	0.5939	-0.6208	-0.133	1.2217				1770	0
CPTAC-3	normal	C3N-00834	C3N-00834-05	759fdfd9-8191-4a29-bbe2-873b9dd4942f	TRUE	FALSE	TRUE	FALSE	46.0609	7.9466	36940516	7.5675	2.3748	1.6994	0.1663	0.4706	1.2947					
CPTAC-3	tumour	C3N-00834	C3N-00834-01	f2b939fa-4cf0-4493-9447-3383c66341b9	TRUE	FALSE	TRUE	FALSE	33.4061	13.5413	43979138	7.6432	1.7604	1.6208	0.1389	1.1401	1.1356				1755	0
CPTAC-3	normal	C3N-00852	C3N-00852-06	9a779d4a-a55a-4c38-8651-e4defa2be2a2	TRUE	FALSE	TRUE	FALSE	41.5188	12.7769	32140491	7.5071	2.6751	1.5126	-0.1785	-0.7996	1.3362					
CPTAC-3	tumour	C3N-00852	C3N-00852-03	aa56422c-57d7-49af-9f8a-bd004ddc08fd	TRUE	FALSE	TRUE	FALSE	39.5479	8.1129	44807707	7.6514	2.1772	0.3579	-0.1159	-0.1942	1.1911				620	0
CPTAC-3	tumour	C3N-00953	C3N-00953-02	32fde02f-b550-4680-a2d5-32153097ff21	FALSE	FALSE	TRUE	FALSE	44.7367	7.9792	46008611	7.6628	2.6033	0.7514	-0.1033	-0.1574	1.2929				1785	0
CPTAC-3	normal	C3N-00958	C3N-00958-07	0b6b189a-d6f9-4e75-8755-8325b3dca164	FALSE	FALSE	FALSE	FALSE	44.1419	7.6882	40929927	7.612	2.4364	1.7657	0.4955	0.6055	1.2895					
CPTAC-3	normal	C3N-01077	C3N-01077-06	5104e3d2-60d0-4d43-890f-4fb5c4309770	FALSE	FALSE	FALSE	FALSE	44.7166	7.4597	36780499	7.5656	2.2351	1.016	-2.3484	-2.4911	1.2468					
CPTAC-3	normal	C3N-01078	C3N-01078-06	b13512eb-5c40-47db-9668-aab88fd045a8	FALSE	FALSE	FALSE	FALSE	45.9162	6.8224	34165374	7.5336	2.5551	1.8635	0.5856	0.5673	1.3223					
CPTAC-3	normal	C3N-01080	C3N-01080-06	763fc753-ed1e-4f12-ae86-aa38cb4b7585	FALSE	FALSE	FALSE	FALSE	43.6237	7.8377	35158776	7.546	2.3643	1.573	-0.145	-0.1295	1.2842					
CPTAC-3	normal	C3N-01081	C3N-01081-06	9ec997a7-8524-4656-92f8-eb0ccea3278c	FALSE	FALSE	FALSE	FALSE	44.5323	8.7571	33641299	7.5269	2.4218	1.4203	-1.0433	-0.9798	1.2863					
CPTAC-3	normal	C3N-01082	C3N-01082-06	ce5817b6-ab25-446c-8f01-1c3931635262	FALSE	FALSE	FALSE	FALSE	41.1738	7.5645	56076569	7.7488	1.8989	1.1935	-1.1009	-0.9984	1.1836					
CPTAC-3	normal	C3N-01083	C3N-01083-06	65469d68-5fab-4c2f-9195-34ad9497ebb0	FALSE	FALSE	FALSE	FALSE	40.8685	9.1174	30489585	7.4842	2.0279	1.7241	0.6067	0.7692	1.2225					
CPTAC-3	normal	C3N-01085	C3N-01085-06	a9e531e8-46a2-45cc-8849-47021bc60dd4	FALSE	FALSE	FALSE	FALSE	45.8679	9.387	33048877	7.5192	2.9583	1.6994	-0.3521	-0.8164	1.4234					
CPTAC-3	normal	C3N-01086	C3N-01086-06	8c9c752d-fcc5-4152-bc0d-5b6cc9ccccb6	FALSE	FALSE	FALSE	FALSE	43.6647	8.5447	31078216	7.4925	2.391	1.7481	1.1933	1.1622	1.2886					
CPTAC-3	normal	C3N-01088	C3N-01088-06	36e93a64-87e9-40d4-b49d-cb6abfaf9194	FALSE	FALSE	FALSE	FALSE	41.8006	8.6662	43077089	7.6342	2.2358	1.69	0.2372	0.2872	1.2528					
CPTAC-3	normal	C3N-01090	C3N-01090-06	e635ed3f-e497-4595-bf42-8e6f3df1a6a1	FALSE	FALSE	FALSE	FALSE	43.5532	8.0443	46374771	7.6663	2.3015	1.5486	0.0088	0.0207	1.255					
CPTAC-3	normal	C3N-01091	C3N-01091-06	5fbc08f4-fd7b-4227-8481-4594ac09f84d	FALSE	FALSE	FALSE	FALSE	44.0655	9.6418	36713225	7.5648	2.6793	1.6494	0.5462	0.4073	1.3385					
CPTAC-3	normal	C3N-01175	C3N-01175-05	c9055841-7e14-494e-a55a-d2bf10abb19b	TRUE	FALSE	TRUE	FALSE	44.7607	8.0016	40217670	7.6044	2.5962	1.7587	0.5336	0.5584	1.3656					
CPTAC-3	tumour	C3N-01175	C3N-01175-01	40859892-ebc9-4268-a2a5-0421dc0a03fd	TRUE	FALSE	TRUE	FALSE	38.6213	11.1745	35066131	7.5449	1.3696	0.3645	-1.9097	-1.0021	1.1283				1714	0
CPTAC-3	normal	C3N-01176	C3N-01176-05	cff3f980-1108-4ddf-adb9-986b660fdade	TRUE	FALSE	TRUE	FALSE	43.8634	8.0719	39554258	7.5972	2.4498	1.6806	0.629	0.4936	1.3275					
CPTAC-3	tumour	C3N-01176	C3N-01176-01	f42a7ccb-5460-4663-a0a6-848fc6edf6ef	TRUE	FALSE	TRUE	FALSE	33.9449	12.5017	37776647	7.5772	2.2088	1.384	0.3807	0.86	1.2146				1710	0
CPTAC-3	normal	C3N-01178	C3N-01178-05	406af10a-a0c1-4c71-b5f4-cf8c8dbe6038	TRUE	FALSE	TRUE	FALSE	46.0958	7.4116	32695074	7.5145	2.6517	1.7982	0.7419	0.6766	1.3736					
CPTAC-3	tumour	C3N-01178	C3N-01178-02	87e47189-6b3d-4fbe-aa17-a6327158df90	TRUE	FALSE	TRUE	FALSE	34.2719	12.2875	36269630	7.5595	2.8712	1.1082	0.6229	0.4466	1.3303				1703	0
CPTAC-3	normal	C3N-01179	C3N-01179-05	4dcc7963-52c6-42d4-b604-4c2061fbdd5e	TRUE	FALSE	TRUE	FALSE	45.2729	7.9208	24109065	7.3822	2.6583	1.7095	0.7499	0.6903	1.3589					
CPTAC-3	tumour	C3N-01179	C3N-01179-01	7dd1e40d-bc90-43e3-8afc-3c8179e71a1b	TRUE	FALSE	TRUE	FALSE	43.8769	10.2501	40109545	7.6032	3.4299	1.6898	1.0416	0.8672	1.4938				1816	0
CPTAC-3	tumour	C3N-01180	C3N-01180-01	c280ff01-ba75-4354-9557-026338f255cb	FALSE	FALSE	TRUE	FALSE	41.1933	10.6	35117910	7.5455	1.7426	0.8182	-0.9933	-0.1862	1.166				1815	0
CPTAC-3	normal	C3N-01200	C3N-01200-06	93c8678d-7afd-4be2-92cb-c39ad7701b43	TRUE	FALSE	TRUE	FALSE	46.2034	7.1814	37487017	7.5739	1.809	1.1943	-2.2955	-1.8125	1.1623					
CPTAC-3	tumour	C3N-01200	C3N-01200-03	d12e199e-8471-4f60-8da2-2b479db61ab4	TRUE	FALSE	TRUE	FALSE	42.4258	7.4016	45052859	7.6537	1.2505	-0.286	-2.5477	-2.267	1.0144				47	1
CPTAC-3	tumour	C3N-01213	C3N-01213-01	a96ebd62-9502-4e53-ba2e-d3fd0b7d7fb6	FALSE	FALSE	TRUE	FALSE	43.709	9.6493	34417000	7.5368	2.9316	1.6102	0.3705	0.4827	1.3642				654	0
CPTAC-3	normal	C3N-01214	C3N-01214-06	423efac1-8b47-479c-a383-25827389aebf	TRUE	FALSE	TRUE	FALSE	46.3373	6.8245	31382919	7.4967	2.1718	1.6332	-0.0441	-0.066	1.2511					
CPTAC-3	tumour	C3N-01214	C3N-01214-02	21f64288-f296-4822-bbdb-d4eb627bd800	TRUE	FALSE	TRUE	FALSE	40.8437	9.099	42546120	7.6289	1.6986	0.1165	-2.1112	-1.9431	1.1229				653	0
CPTAC-3	normal	C3N-01220	C3N-01220-06	e73880e9-d389-490f-b6a6-c2995e7da0b7	TRUE	FALSE	TRUE	FALSE	39.7455	8.3499	46997246	7.6721	1.8802	1.4376	0.3755	0.5988	1.1642					
CPTAC-3	tumour	C3N-01220	C3N-01220-03	55814191-d0f3-42e5-99eb-51f180e16651	TRUE	FALSE	TRUE	FALSE	35.8229	8.7332	40054997	7.6027	1.4566	-0.4119	-2.2957	-2.1745	1.0788				633	1
CPTAC-3	normal	C3N-01261	C3N-01261-06	7d5225de-0c8c-4477-8191-86ffc762ec77	TRUE	FALSE	TRUE	FALSE	43.2061	7.712	33415806	7.524	2.2284	1.6398	0.5195	0.6385	1.235					
CPTAC-3	tumour	C3N-01261	C3N-01261-01	9e71a1e8-2375-43ff-a3de-f44ca91af760	TRUE	FALSE	TRUE	FALSE	43.9955	7.0763	40646742	7.609	2.1921	1.8056	0.3117	0.7726	1.1914				680	0
CPTAC-3	normal	C3N-01361	C3N-01361-06	90d4e3ec-160b-4c1f-b47a-50fbe0c303ae	TRUE	FALSE	TRUE	FALSE	45.8615	6.5121	23000163	7.3617	2.2221	1.8615	0.5047	0.7783	1.2604					
CPTAC-3	tumour	C3N-01361	C3N-01361-01	5b5cc4b1-90e1-4411-bc14-2ad13f2aa9da	TRUE	FALSE	TRUE	FALSE	44.0025	9.2817	35271603	7.5474	3.0927	1.5201	0.5518	0.6141	1.433				1811	0
CPTAC-3	normal	C3N-01522	C3N-01522-06	6b1a033b-a3b6-4635-9702-b82ea7cbd3cd	TRUE	FALSE	TRUE	FALSE	43.9558	7.8338	37842618	7.578	2.2611	1.6954	0.5537	0.6409	1.2668					
CPTAC-3	tumour	C3N-01522	C3N-01522-02	ef64b6ef-036e-44e3-b697-70233fde1f57	TRUE	FALSE	TRUE	FALSE	41.1768	8.7209	41535206	7.6184	2.6247	1.0185	0.7584	0.1886	1.3332				692	0
CPTAC-3	normal	C3N-01524	C3N-01524-06	b27245c6-412c-45c3-b4e5-f7464580097b	TRUE	FALSE	TRUE	FALSE	49.5389	7.2541	32268836	7.5088	2.5504	1.2477	-2.0149	-2.0855	1.3129					
CPTAC-3	tumour	C3N-01524	C3N-01524-01	8edd2ab4-377e-4d07-879b-b6bac439a29d	TRUE	FALSE	TRUE	FALSE	42.888	7.8369	38010392	7.5799	2.5901	1.4798	0.6438	0.4672	1.2773				694	0
CPTAC-3	normal	C3N-01536	C3N-01536-06	5c0c5cd7-4e35-4406-817e-954f4be3643b	TRUE	FALSE	TRUE	FALSE	40.3987	10.9018	38859965	7.5895	2.3973	1.5091	0.5511	0.2611	1.2935					
CPTAC-3	tumour	C3N-01536	C3N-01536-03	dd5c824e-52b1-498b-ad07-1e8703361d2a	TRUE	FALSE	TRUE	FALSE	43.6176	9.4583	34378996	7.5363	2.7703	1.2411	1.1952	0.7122	1.3981				686	0
CPTAC-3	normal	C3N-01646	C3N-01646-10	1fc9bba3-e6dd-4173-8884-1f3ce6df3cf6	TRUE	FALSE	TRUE	FALSE	44.148	7.0489	30791887	7.4884	2.4416	1.686	0.2068	0.1474	1.3283					
CPTAC-3	tumour	C3N-01646	C3N-01646-01	cf0e36d4-c610-4dfe-9c0e-2297c1b9fbc0	TRUE	FALSE	TRUE	FALSE	37.9301	9.0383	38319854	7.5834	2.0507	0.7613	-0.5061	0.1878	1.1817				1952	0
CPTAC-3	normal	C3N-01648	C3N-01648-08	ead81b88-c124-472a-a78e-348dd052209b	TRUE	FALSE	TRUE	FALSE	46.3381	7.9371	32128703	7.5069	2.8666	1.53	-0.0282	-0.3059	1.4167					
CPTAC-3	tumour	C3N-01648	C3N-01648-01	1fd15c78-587d-4e03-af42-783c43b0a7ac	TRUE	FALSE	TRUE	FALSE	35.0776	15.3758	43011328	7.6336	1.7153	-0.6008	-2.8754	-2.8225	1.1477				1939	0
CPTAC-3	normal	C3N-01649	C3N-01649-10	9bb66af0-6fc4-4e65-bda8-01b4b57bc085	TRUE	FALSE	TRUE	FALSE	44.7523	7.7579	38572167	7.5863	2.4605	1.7484	-0.0987	-0.0889	1.3212					
CPTAC-3	tumour	C3N-01649	C3N-01649-02	edfe6a60-cd79-4fa2-9dcc-c4518dad099b	TRUE	FALSE	TRUE	FALSE	44.5512	8.0411	38392020	7.5842	2.6871	1.3784	0.145	0.27	1.3352				1943	0
CPTAC-3	normal	C3N-01650	C3N-01650-09	704bb354-bed8-4e26-bf19-ef0788fe07ee	FALSE	FALSE	FALSE	FALSE	49.0585	5.9846	45374138	7.6568	2.7484	1.4523	-1.9751	-2.086	1.3826					
CPTAC-3	normal	C3N-01651	C3N-01651-10	ca283a5e-d744-4125-abc3-59860891038b	TRUE	FALSE	TRUE	FALSE	45.3018	6.9315	28581364	7.4561	2.3818	1.6489	0.2155	0.1847	1.2938					
CPTAC-3	tumour	C3N-01651	C3N-01651-01	8294eb7d-9f85-4ccc-a894-e89f3df249d6	TRUE	FALSE	TRUE	FALSE	40.9383	10.4937	38204290	7.5821	2.5933	0.4285	-0.0555	-0.3756	1.3362				1942	0
CPTAC-3	normal	C3N-01652	C3N-01652-05	aad7b9ac-60d9-40a8-8a1a-5562c99c1471	FALSE	FALSE	FALSE	FALSE	42.8042	7.591	40867218	7.6114	2.251	1.7319	0.7473	0.8072	1.2672					
CPTAC-3	normal	C3N-01653	C3N-01653-09	2d43e416-5431-40a7-9ad7-dc57c416ce90	FALSE	FALSE	FALSE	FALSE	39.7399	7.9782	38271529	7.5829	2.3583	1.4024	-1.1067	-0.9147	1.312					
CPTAC-3	normal	C3N-01654	C3N-01654-09	36b458eb-b4a2-44ec-8a16-2abcab16d059	TRUE	FALSE	TRUE	FALSE	39.7243	10.6464	38281562	7.583	2.5874	1.5858	0.7594	0.7428	1.3223					
CPTAC-3	tumour	C3N-01654	C3N-01654-01	29e64245-9eac-473e-89e9-4dac30b70444	TRUE	FALSE	TRUE	FALSE	39.7582	10.8915	39468642	7.5963	3.012	1.0016	0.2791	-0.0376	1.4012				1903	0
CPTAC-3	tumour	C3N-01655	C3N-01655-01	bac88d3d-8fcc-4414-b9ba-c0c721dd82a1	FALSE	FALSE	TRUE	FALSE	38.3254	9.7988	35472389	7.5499	2.5617	0.3723	0.0266	-0.3231	1.3053				1894	0
CPTAC-3	normal	C3N-01656	C3N-01656-07	435e2703-87bd-4f2d-a2ba-eb843d2d9bab	TRUE	FALSE	TRUE	FALSE	40.3893	10.342	38546699	7.586	2.3748	1.4415	0.5831	0.5973	1.2799					
CPTAC-3	tumour	C3N-01656	C3N-01656-01	8f0ee387-5e5e-4033-964d-9658f834f7c9	TRUE	FALSE	TRUE	FALSE	39.7259	8.8541	43034122	7.6338	2.8468	0.182	0.1425	-0.4638	1.3844				1880	0
CPTAC-3	tumour	C3N-01657	C3N-01657-02	1ec664ff-afdc-490f-87eb-879630c2fc0e	FALSE	FALSE	TRUE	FALSE	44.5344	6.9877	39609469	7.5978	3.2701	1.13	0.3522	-0.2237	1.4417				1880	0
CPTAC-3	normal	C3N-01803	C3N-01803-07	9f499444-8f89-4def-ba6e-0e3b1955139e	FALSE	FALSE	FALSE	FALSE	45.4514	8.021	31912594	7.504	2.5621	1.2896	-1.331	-1.5636	1.3287					
CPTAC-3	normal	C3N-01806	C3N-01806-06	e78b18d0-a376-43de-a736-060c45abb663	TRUE	FALSE	TRUE	FALSE	40.6936	10.2672	43550342	7.639	2.381	1.5013	0.4847	0.4332	1.3002					
CPTAC-3	tumour	C3N-01806	C3N-01806-01	8b649b77-1459-46a4-985e-4b0546f4cb56	TRUE	FALSE	TRUE	FALSE	36.176	10.0381	36267281	7.5595	1.7791	-0.3653	-1.7637	-2.0035	1.1688				1292	0
CPTAC-3	normal	C3N-01808	C3N-01808-06	fb74e04f-41a6-4be2-ae2d-a1f810e9ee93	TRUE	FALSE	TRUE	FALSE	41.6474	9.0229	44287237	7.6463	2.2863	1.6688	1.103	1.065	1.2652					
CPTAC-3	tumour	C3N-01808	C3N-01808-02	e3334b25-841a-4f7f-a2b8-58b42a93b10d	TRUE	FALSE	TRUE	FALSE	39.2037	9.835	31820913	7.5027	2.1952	1.6158	0.8491	1.0596	1.1959				778	0
CPTAC-3	normal	C3N-01828	C3N-01828-06	2d874169-0fb9-4c42-b80c-e8c84a1b46cb	TRUE	FALSE	TRUE	FALSE	39.5075	11.5279	32172869	7.5075	2.5289	1.3328	0.8128	0.772	1.3014					
CPTAC-3	tumour	C3N-01828	C3N-01828-01	8a7c132e-5f89-4ff6-9133-cf9775c1f6ed	TRUE	FALSE	TRUE	FALSE	41.3011	10.2064	30794288	7.4885	2.6582	1.3177	-0.1209	-0.072	1.3255				660	0
CPTAC-3	normal	C3N-01902	C3N-01902-09	54e6b7f3-e555-4772-90de-ec850f2c56fe	TRUE	FALSE	TRUE	FALSE	38.5269	9.6838	38119264	7.5811	1.9812	1.6214	0.5941	0.9192	1.198					
CPTAC-3	tumour	C3N-01902	C3N-01902-05	78eb1024-97ac-4551-a32c-69f806fd4d73	TRUE	FALSE	TRUE	FALSE	44.3458	9.0267	35116308	7.5455	2.956	1.6233	0.5601	0.2531	1.3558				1170	1
CPTAC-3	normal	C3N-01903	C3N-01903-08	d43c646b-0b68-480e-baad-a25960851a37	FALSE	FALSE	FALSE	FALSE	44.2328	7.8459	33034537	7.519	2.4093	1.7476	1.2149	1.1623	1.294					
CPTAC-3	normal	C3N-01905	C3N-01905-09	c9f42694-b2fd-4628-aad7-f7ca3fae5310	TRUE	FALSE	TRUE	FALSE	39.3439	10.2539	45260823	7.6557	2.1096	1.5922	0.7622	0.944	1.224					
CPTAC-3	tumour	C3N-01905	C3N-01905-01	be21338a-2cc7-4686-a06b-296284d2df0e	TRUE	FALSE	TRUE	FALSE	40.8868	9.1416	39394499	7.5954	2.7062	0.3217	-0.8452	-1.1822	1.382				1854	0
CPTAC-3	normal	C3N-01989	C3N-01989-03	02c4a9bc-99c5-44b1-a9db-499dcb725bf9	TRUE	FALSE	TRUE	FALSE	41.0471	9.9763	41139359	7.6143	2.2934	1.5629	0.5542	0.8886	1.2573					
CPTAC-3	tumour	C3N-01989	C3N-01989-02	35fda1ff-87b0-405d-89e8-e09858665431	TRUE	FALSE	TRUE	FALSE	38.9923	9.5988	35638539	7.5519	2.6176	2.0046	1.2389	1.711	1.255				346	0
CPTAC-3	tumour	C3N-02005	C3N-02005-01	b1c156c9-78d6-4cc7-925b-00280401a6ad	FALSE	FALSE	TRUE	FALSE	38.4164	10.5957	38672517	7.5874	2.8019	1.665	1.3281	1.3379	1.3221				345	0
CPTAC-3	tumour	C3N-02015	C3N-02015-01	f5efcbb2-a1fd-4318-9677-1cc7da4a46de	FALSE	FALSE	TRUE	FALSE	37.5602	9.3603	43296186	7.6364	2.4485	1.0374	0.3359	0.4646	1.2526				1383	0
CPTAC-3	tumour	C3N-02063	C3N-02063-01	12a32d80-29aa-41da-9730-88819e71286d	FALSE	FALSE	TRUE	FALSE	43.3413	9.3715	32735584	7.515	2.7818	1.2388	-0.2092	-0.2674	1.3343				13	0
CPTAC-3	normal	C3N-02066	C3N-02066-03	0b23d326-5fe4-4fb8-a735-1e5ae0f4b8c7	TRUE	FALSE	TRUE	FALSE	39.4552	9.605	40230716	7.6046	2.1326	1.6073	0.6512	0.8979	1.2368					
CPTAC-3	tumour	C3N-02066	C3N-02066-02	b97beaee-a407-4526-b9a5-8a1b3cb337fd	TRUE	FALSE	TRUE	FALSE	40.1292	10.9993	36714266	7.5648	2.6781	1.845	0.8562	1.3095	1.2837				358	0
CPTAC-3	tumour	C3N-02068	C3N-02068-02	b07f8253-53f0-4138-9455-767cf70803f0	FALSE	FALSE	TRUE	FALSE	39.346	10.7617	32807551	7.516	2.7679	1.5991	0.5601	0.8811	1.313				345	0
CPTAC-3	normal	C3N-02070	C3N-02070-03	9c89b819-7ab6-45e5-8651-7ab51ab77a20	TRUE	FALSE	TRUE	FALSE	40.5436	10.2069	36107443	7.5576	2.5365	1.491	0.8703	0.8134	1.3208					
CPTAC-3	tumour	C3N-02070	C3N-02070-02	4eeaab5c-9740-440b-8a87-61bb4015f80b	TRUE	FALSE	TRUE	FALSE	40.0952	8.9416	32759136	7.5153	3.0112	1.9879	1.3805	1.4564	1.3618				352	0
CPTAC-3	normal	C3N-02082	C3N-02082-03	11ed3a3f-33a9-434a-841a-5b05148ae397	TRUE	FALSE	TRUE	FALSE	41.7602	8.5338	48289537	7.6839	2.3252	1.5322	0.333	0.5654	1.2788					
CPTAC-3	tumour	C3N-02082	C3N-02082-01	93ead549-9df1-4d25-9aa3-eabdc94d885f	TRUE	FALSE	TRUE	FALSE	38.0689	11.4597	35112380	7.5455	2.7113	1.6046	0.8305	1.0819	1.3156				352	0
CPTAC-3	normal	C3N-02084	C3N-02084-03	06d25984-49bb-48b7-bade-046fe692e84b	TRUE	FALSE	TRUE	FALSE	42.1941	8.0838	35462079	7.5498	2.4584	1.6226	0.7567	0.9317	1.3198					
CPTAC-3	tumour	C3N-02084	C3N-02084-01	21ea2ef8-0808-4542-bdac-87efbbd00536	TRUE	FALSE	TRUE	FALSE	38.347	9.5876	41366970	7.6167	2.921	2.0819	1.2513	1.6674	1.3233				352	0
CPTAC-3	tumour	C3N-02085	C3N-02085-02	d45cc0a1-f678-4779-b229-b2f891199324	FALSE	FALSE	TRUE	FALSE	43.1534	7.6319	33018250	7.5188	3.2081	1.2414	1.0173	0.4669	1.4304				352	0
CPTAC-3	normal	C3N-02160	C3N-02160-06	5bb1a672-a2e6-4924-a0f4-2f60d3c910cf	FALSE	FALSE	FALSE	FALSE	41.5571	9.1744	26251531	7.4192	2.154	1.7004	0.9479	1.0866	1.2425					
CPTAC-3	normal	C3N-02224	C3N-02224-06	edaf9d1f-85d7-4d85-b3ef-1d7c5fc2b9a8	FALSE	FALSE	FALSE	FALSE	45.6167	6.5726	30586854	7.4855	2.6764	1.7146	-0.2357	-0.0988	1.3708					
CPTAC-3	normal	C3N-02248	C3N-02248-75	27d75f04-831f-42ff-b24e-8e68e59d5502	FALSE	FALSE	FALSE	FALSE	45.0671	9.0018	32824496	7.5162	2.778	1.0571	-2.3375	-2.1486	1.4261					
CPTAC-3	normal	C3N-02261	C3N-02261-06	073991ae-3dfb-41f4-a5e5-ec790c40b6c7	FALSE	FALSE	FALSE	FALSE	43.4203	7.2105	33559449	7.5258	2.5685	1.7581	0.6342	0.5798	1.3379					
CPTAC-3	tumour	C3N-02262	C3N-02262-02	135d0c7c-db1e-46ae-9bd9-be98a01f70ee	FALSE	FALSE	TRUE	FALSE	39.9887	8.8609	34511724	7.538	2.0343	-0.0931	-1.258	-1.2805	1.2241				1852	0
CPTAC-3	normal	C3N-02263	C3N-02263-06	9c9e4e56-bb15-4bdd-b9af-bbe110cdca72	TRUE	FALSE	TRUE	FALSE	44.1294	9.1166	36043825	7.5568	2.6446	1.7001	0.383	0.5311	1.3539					
CPTAC-3	tumour	C3N-02263	C3N-02263-01	361e1ed2-828f-480a-a9dd-ef599e6bbf8b	TRUE	FALSE	TRUE	FALSE	41.5726	8.1014	33068100	7.5194	2.6729	1.2329	0.6192	0.2647	1.3317				1858	0
CPTAC-3	tumour	C3N-02264	C3N-02264-01	04ee9a4f-840a-4da3-9e87-e42b27a57efc	FALSE	FALSE	TRUE	FALSE	37.2976	11.6324	28124562	7.4491	2.3061	0.9301	-0.5266	-0.4241	1.2832				1947	0
CPTAC-3	normal	C3N-02265	C3N-02265-05	38df4823-3dd5-483f-9bdf-783391d26077	TRUE	FALSE	TRUE	FALSE	43.9534	8.3032	32275045	7.5089	2.4961	1.7806	0.7142	0.7384	1.335					
CPTAC-3	tumour	C3N-02265	C3N-02265-01	7647e727-7199-43dc-abd9-0ca5db7a9750	TRUE	FALSE	TRUE	FALSE	42.1098	8.361	49248847	7.6924	3.0927	1.5301	0.6881	0.6064	1.4007				1840	0
CPTAC-3	tumour	C3N-02266	C3N-02266-01	f60e4503-a833-4f2f-be71-8649c1c6b047	FALSE	FALSE	TRUE	FALSE	41.5764	8.7997	44781752	7.6511	2.0784	0.9721	-1.3706	-0.7849	1.2335				1834	0
CPTAC-3	normal	C3N-02332	C3N-02332-06	993fda62-5f34-443f-a7b2-19a49e3866fa	TRUE	FALSE	TRUE	FALSE	40.023	10.4085	36287476	7.5598	2.2843	1.457	0.7992	0.6978	1.2506					
CPTAC-3	tumour	C3N-02332	C3N-02332-01	3769a1c3-6cc7-457f-a01c-aa448570bbfd	TRUE	FALSE	TRUE	FALSE	41.5411	9.3958	35344998	7.5483	2.676	1.7138	0.4965	0.731	1.2752				741	0
CPTAC-3	tumour	C3N-02338	C3N-02338-02	0eef714f-bebb-4a59-a2c5-cfca38deeade	FALSE	FALSE	TRUE	FALSE	37.3259	9.9036	37823028	7.5778	1.9264	0.0674	-1.065	-1.1809	1.1749				10	0
CPTAC-3	normal	C3N-02429	C3N-02429-03	cdae34d1-5192-45ee-b113-7d4a80344605	TRUE	FALSE	TRUE	FALSE	37.9631	11.2949	43056607	7.634	2.1081	1.4882	0.6218	0.7749	1.2419					
CPTAC-3	tumour	C3N-02429	C3N-02429-01	f571311a-d6e0-445c-863f-4b4a34ee5776	TRUE	FALSE	TRUE	FALSE	38.2968	8.9579	40991551	7.6127	2.2595	-0.0401	-1.1387	-1.0977	1.2091				1782	0
CPTAC-3	normal	C3N-02431	C3N-02431-01	09d5ebd7-63fa-4792-9d3b-f2ca2a6008ad	TRUE	FALSE	TRUE	FALSE	42.1578	9.0022	36658409	7.5642	2.4645	1.5543	0.9649	0.8052	1.3018					
CPTAC-3	tumour	C3N-02431	C3N-02431-03	3e34a90f-e70e-49f7-b90d-6cbee575b5ba	TRUE	FALSE	TRUE	FALSE	39.9405	10.5894	35132423	7.5457	2.6684	0.891	0.199	-0.0703	1.3174				1789	0
CPTAC-3	normal	C3N-02439	C3N-02439-07	244eef3a-ad63-45e5-955d-12355c9bde8f	TRUE	FALSE	TRUE	FALSE	40.3916	11.9457	28832197	7.4599	2.7165	1.5034	0.2597	-0.0396	1.3709					
CPTAC-3	tumour	C3N-02439	C3N-02439-02	b7dce345-6027-46e9-918e-99433b39cd92	TRUE	FALSE	TRUE	FALSE	41.6431	8.8196	39900245	7.601	2.6011	0.9501	-0.0062	-0.1071	1.3111				1174	0
CPTAC-3	normal	C3N-02440	C3N-02440-06	8f1366aa-0394-4d0f-87fd-c841a96cc5d6	FALSE	FALSE	FALSE	FALSE	43.9521	7.3853	32689253	7.5144	2.3289	1.7889	0.497	0.8059	1.273					
CPTAC-3	normal	C3N-02577	C3N-02577-03	0427ebe1-1847-49dc-8759-b2902038ae16	TRUE	FALSE	TRUE	FALSE	38.8002	10.7805	49925352	7.6983	2.1853	1.5511	0.6819	0.7493	1.2279					
CPTAC-3	tumour	C3N-02577	C3N-02577-01	f4013160-2dd4-45cc-a675-df4bcdc1262c	TRUE	FALSE	TRUE	FALSE	41.2261	9.5217	30406916	7.483	2.8308	1.6428	1.1664	0.8786	1.3317				1814	0
CPTAC-3	normal	C3N-02723	C3N-02723-06	b351b0b6-42c7-4bca-aebe-b0d2b1b23dd5	FALSE	FALSE	FALSE	FALSE	42.6567	10.5251	33657286	7.5271	2.2324	1.0828	-1.4098	-1.1755	1.2261					
CPTAC-3	normal	C3N-02726	C3N-02726-06	7799ec2c-8120-4dea-8ecc-b163520bf781	TRUE	FALSE	TRUE	FALSE	41.4505	10.0597	43076390	7.6342	1.9639	1.4631	-0.6653	-0.2384	1.1723					
CPTAC-3	tumour	C3N-02726	C3N-02726-01	f8ed71e5-ca6e-4cb0-ae62-4e55b867efbd	TRUE	FALSE	TRUE	FALSE	43.1523	8.6413	27342919	7.4368	3.0154	1.4402	0.6146	0.3402	1.3759				306	0
CPTAC-3	tumour	C3N-02761	C3N-02761-01	2f12b7f2-abdb-4f3a-8565-19c75d9f5430	FALSE	FALSE	TRUE	FALSE	43.9571	8.1685	30947013	7.4906	3.0423	1.2476	0.2128	0.0352	1.4107				1926	0
CPTAC-3	tumour	C3N-02763	C3N-02763-01	62d7fd82-1ca3-4c74-ae36-289d0b0c1810	FALSE	FALSE	TRUE	FALSE	38.9705	10.2708	38488144	7.5853	2.6703	1.3789	1.2921	0.992	1.3354				1906	0
CPTAC-3	normal	C3N-02811	C3N-02811-06	4134d505-d3a0-4c9c-9d65-cb6a8322eb28	TRUE	FALSE	TRUE	FALSE	38.9485	9.9076	38492481	7.5854	2.0187	1.5132	0.8838	1.2525	1.2126					
CPTAC-3	tumour	C3N-02811	C3N-02811-02	5d956df8-ae3c-48b6-9ae6-38f425b0a449	TRUE	FALSE	TRUE	FALSE	35.7394	11.1826	45004742	7.6533	2.4082	0.5655	0.0869	0.202	1.2474				812	0
CPTAC-3	normal	C3N-02818	C3N-02818-07	3c02062d-e0e7-4287-a48c-704c832f8742	FALSE	FALSE	FALSE	FALSE	47.2696	7.4753	40203943	7.6043	2.8813	1.5235	-0.269	-0.6292	1.3888					
CPTAC-3	normal	C3N-02945	C3N-02945-06	61f8ed61-ec93-46d0-8a61-1e58bdfefac9	TRUE	FALSE	TRUE	FALSE	40.027	11.222	34371714	7.5362	2.6474	1.5061	0.1118	-0.0259	1.3535					
CPTAC-3	tumour	C3N-02945	C3N-02945-01	1c9f813d-b20d-4fc3-bb77-baa06b6a6b3e	TRUE	FALSE	TRUE	FALSE	39.0512	8.8248	40341409	7.6058	2.2394	1.053	-0.326	-0.0984	1.2016				95	0
CPTAC-3	normal	C3N-03018	C3N-03018-06	9e86878c-8639-4e11-9bfb-2d618031f2ff	TRUE	FALSE	TRUE	FALSE	45.4025	7.9594	39507985	7.5967	2.5435	1.821	0.4463	0.436	1.3391					
CPTAC-3	tumour	C3N-03018	C3N-03018-02	1f467760-38f6-443b-be9a-2c2e603acaac	TRUE	FALSE	TRUE	FALSE	37.2432	8.7677	40249959	7.6048	2.464	0.574	0.3966	-0.1708	1.3098				1829	0
CPTAC-3	normal	C3N-03019	C3N-03019-05	6611c2b4-e204-4183-9bea-16789abc01ef	TRUE	FALSE	TRUE	FALSE	44.4538	8.1784	38030009	7.5801	2.3142	1.7506	0.8034	0.9009	1.2724					
CPTAC-3	tumour	C3N-03019	C3N-03019-02	c7ef3621-c360-4ad3-baa4-349d99f15568	TRUE	FALSE	TRUE	FALSE	44.009	7.8106	34786650	7.5414	2.6094	1.3122	-0.0514	0.1538	1.3435				1829	0
CPTAC-3	tumour	C3N-03020	C3N-03020-02	36d55585-8dc9-4b3e-b6d7-d129d81a028d	FALSE	FALSE	TRUE	FALSE	42.168	9.4759	32259441	7.5087	3.3863	1.7857	1.6555	1.1541	1.4882				1210	1
CPTAC-3	normal	C3N-03021	C3N-03021-04	6b41a51c-63bb-458e-8576-c601e5e57401	TRUE	FALSE	TRUE	FALSE	44.9841	7.9451	42369980	7.6271	2.6355	1.8344	0.6035	0.4031	1.3564					
CPTAC-3	tumour	C3N-03021	C3N-03021-01	ca780ae9-4c3d-46a9-a43f-a6387f02be84	TRUE	FALSE	TRUE	FALSE	38.6808	7.6143	48474217	7.6855	1.8149	0.6412	-1.0031	-0.3456	1.1638				1825	0
TCGA-KIRC	tumour	TCGA-3Z-A93Z	TCGA-3Z-A93Z-01A	21702617-18af-41b6-98fa-54395bfd0d9a	FALSE	FALSE	TRUE	TRUE	2.9407	6.5999	32552047	7.5126	0.0766	0.1973	0.0766	0.1973	0.7594	3Z	A37O	cohort_full (23)	385	0
TCGA-KIRC	tumour	TCGA-6D-AA2E	TCGA-6D-AA2E-01A	44dade70-3ecc-4be0-88a8-772cb763d5bb	FALSE	FALSE	TRUE	TRUE	3.9456	8.2106	41006631	7.6129	-0.1023	-0.4487	-0.1023	-0.4487	0.7429	6D	A37O	cohort_full (23)	362	0
TCGA-KIRC	tumour	TCGA-A3-3306	TCGA-A3-3306-01A	c1215d68-5b15-44c3-9d25-73a77b0b5f31	FALSE	FALSE	TRUE	TRUE	4.6488	9.3894	40439528	7.6068	0.2058	0.3716	0.2058	0.3716	0.7957	A3	0864	cohort_full (23)	1120	0
TCGA-KIRC	tumour	TCGA-A3-3307	TCGA-A3-3307-01A	b605224a-cf9c-4092-beb4-5ed43c1179de	FALSE	FALSE	TRUE	TRUE	5.6871	7.0715	43263257	7.6361	0.8496	1.2229	0.8496	1.2229	0.8615	A3	0864	cohort_full (23)	1436	0
TCGA-KIRC	tumour	TCGA-A3-3308	TCGA-A3-3308-01A	7b34b9d4-8526-4738-87b4-f9435a1c7ae1	FALSE	FALSE	TRUE	TRUE	7.65	6.1633	47501995	7.6767	0.5833	0.2413	0.5833	0.2413	0.8331	A3	1325	cohort_full (23)	16	0
TCGA-KIRC	tumour	TCGA-A3-3311	TCGA-A3-3311-01A	4845a010-e208-4c1b-85b1-99fbd155edf2	FALSE	FALSE	TRUE	TRUE	5.2211	7.2607	65030600	7.8131	-0.2067	0.5247	-0.2067	0.5247	0.7034	A3	1325	cohort_full (23)	1191	1
TCGA-KIRC	tumour	TCGA-A3-3313	TCGA-A3-3313-01A	41cc637e-36ce-4e10-8175-f24909ff0472	FALSE	FALSE	TRUE	TRUE	6.1316	11.0606	64444015	7.8092	0.1748	0.3539	0.1748	0.3539	0.7539	A3	1325	cohort_full (23)	735	1
TCGA-KIRC	tumour	TCGA-A3-3316	TCGA-A3-3316-01A	51a84b87-eddd-40a9-ad8a-46f3682b9318	FALSE	FALSE	TRUE	TRUE	7.5282	8.7388	35150579	7.5459	0.6172	-0.201	0.6172	-0.201	0.84	A3	0864	cohort_full (23)	1493	0
TCGA-KIRC	tumour	TCGA-A3-3317	TCGA-A3-3317-01A	2b5b6593-4fe2-4c8a-92c6-5bd5a6c26320	FALSE	FALSE	TRUE	TRUE	9.0741	6.9972	58285168	7.7656	1.2167	0.3902	1.2167	0.3902	0.9355	A3	1325	cohort_full (23)	1491	0
TCGA-KIRC	tumour	TCGA-A3-3319	TCGA-A3-3319-01A	afe81650-e131-41ab-81e9-0ecb888b1420	FALSE	FALSE	TRUE	TRUE	6.3992	6.7631	71267258	7.8529	0.0437	-1.348	0.0437	-1.348	0.7658	A3	1325	cohort_full (23)	1130	0
TCGA-KIRC	tumour	TCGA-A3-3320	TCGA-A3-3320-01A	99ad8f7e-a32c-4fbc-af00-8765d524cd73	FALSE	FALSE	TRUE	TRUE	10.8281	5.8747	57279554	7.758	1.737	1.8413	1.737	1.8413	0.9592	A3	1325	cohort_full (23)	1508	0
TCGA-KIRC	tumour	TCGA-A3-3322	TCGA-A3-3322-01A	af5c089d-33a6-49a3-bc6e-bd5e2db921d8	FALSE	FALSE	TRUE	TRUE	9.4777	7.1565	46262292	7.6652	1.4447	1.0151	1.4447	1.0151	0.9221	A3	1325	cohort_full (23)	1478	0
TCGA-KIRC	tumour	TCGA-A3-3323	TCGA-A3-3323-01A	8ebdb262-631c-4ac0-af24-16dca92d8c45	FALSE	FALSE	TRUE	TRUE	9.4121	6.8825	44600731	7.6493	1.2244	0.3938	1.2244	0.3938	0.9601	A3	1325	cohort_full (23)	1106	0
TCGA-KIRC	tumour	TCGA-A3-3324	TCGA-A3-3324-01A	5226aa23-2d1c-4b1a-b967-e473b0ea042a	FALSE	FALSE	TRUE	TRUE	6.9893	7.9319	63557377	7.8032	0.633	0.7186	0.633	0.7186	0.8078	A3	1325	cohort_full (23)	1186	0
TCGA-KIRC	tumour	TCGA-A3-3325	TCGA-A3-3325-01A	131cc059-cc0f-43df-a19e-5f854a769181	FALSE	FALSE	TRUE	TRUE	5.989	8.6475	83698906	7.9227	1.3618	0.5299	1.3618	0.5299	0.9485	A3	0864	cohort_full (23)	1170	1
TCGA-KIRC	tumour	TCGA-A3-3326	TCGA-A3-3326-01A	5e794eb4-35eb-4932-9cae-8130fd8b5804	FALSE	FALSE	TRUE	TRUE	8.0732	7.8226	23142695	7.3644	1.6874	0.8139	1.6874	0.8139	0.9681	A3	0864	cohort_full (23)	1137	0
TCGA-KIRC	tumour	TCGA-A3-3328	TCGA-A3-3328-01A	04f48a21-1ab5-45d0-ba8a-8b6cd53ca1ff	FALSE	FALSE	TRUE	FALSE	5.1919	8.0477	72963341	7.8631	-0.3849	-0.3386			0.7145	A3	0864	cohort_full (23)	1385	0
TCGA-KIRC	tumour	TCGA-A3-3329	TCGA-A3-3329-01A	39fd293e-c269-4de9-ae9e-4e68f8c20897	FALSE	FALSE	TRUE	TRUE	4.8126	7.8674	54084899	7.7331	0.4904	0.7716	0.4904	0.7716	0.8172	A3	0864	cohort_full (23)	1624	0
TCGA-KIRC	tumour	TCGA-A3-3331	TCGA-A3-3331-01A	4b758e7e-870c-4b60-8cb6-dac730bd9faf	FALSE	FALSE	TRUE	TRUE	8.0923	6.2827	66625642	7.8236	0.9636	1.4365	0.9636	1.4365	0.8687	A3	1325	cohort_full (23)	1257	0
TCGA-KIRC	tumour	TCGA-A3-3335	TCGA-A3-3335-01A	8522fa29-c1b0-4e41-9bcb-2e0bc7c8e2d0	FALSE	FALSE	TRUE	TRUE	5.6893	8.8659	63614895	7.8036	0.3449	-0.573	0.3449	-0.573	0.7982	A3	0864	cohort_full (23)	1886	0
TCGA-KIRC	tumour	TCGA-A3-3343	TCGA-A3-3343-01A	409aef9c-9085-4e66-a304-fc2aaabaf0d7	FALSE	FALSE	TRUE	TRUE	5.0217	7.5883	58339357	7.766	0.7654	0.7913	0.7654	0.7913	0.8247	A3	0864	cohort_full (23)	945	0
TCGA-KIRC	tumour	TCGA-A3-3346	TCGA-A3-3346-01A	d5f6a32f-e1b7-4e45-ad6b-c97ade3b1294	FALSE	FALSE	TRUE	TRUE	3.5513	8.072	57310468	7.7582	-0.2252	-2.4813	-0.2252	-2.4813	0.7073	A3	1766	cohort_full (23)	137	1
TCGA-KIRC	tumour	TCGA-A3-3347	TCGA-A3-3347-01A	e35730b8-672e-4fdc-945f-84edaf143298	FALSE	FALSE	TRUE	TRUE	8.0338	6.1486	50271069	7.7013	0.7585	-0.8642	0.7585	-0.8642	0.8535	A3	1325	cohort_full (23)	1610	1
TCGA-KIRC	tumour	TCGA-A3-3349	TCGA-A3-3349-01A	3fcab96a-b477-48f8-8acd-5c8b76e0c952	FALSE	FALSE	TRUE	TRUE	5.2593	6.5043	49411358	7.6938	0.768	0.9002	0.768	0.9002	0.846	A3	1188	cohort_full (23)	1385	0
TCGA-KIRC	tumour	TCGA-A3-3351	TCGA-A3-3351-01A	9f112190-6fc5-456b-a1f6-d7440529a66b	FALSE	FALSE	TRUE	TRUE	11.2299	6.2627	47397648	7.6758	2.0136	0.7341	2.0136	0.7341	1.0686	A3	1325	cohort_full (23)	910	0
TCGA-KIRC	tumour	TCGA-A3-3352	TCGA-A3-3352-01A	09b9e5e0-8901-452c-8c4b-baca1faddddc	FALSE	FALSE	TRUE	TRUE	6.5881	7.8244	86237961	7.9357	1.309	1.0655	1.309	1.0655	0.9309	A3	0864	cohort_full (23)	561	1
TCGA-KIRC	tumour	TCGA-A3-3357	TCGA-A3-3357-01A	5544a704-6f67-4c0d-b4ad-9becaab27512	FALSE	FALSE	TRUE	TRUE	6.5514	8.7063	73457181	7.866	0.366	0.2724	0.366	0.2724	0.7438	A3	1420	cohort_full (23)	2688	0
TCGA-KIRC	normal	TCGA-A3-3358	TCGA-A3-3358-11A	ca47a7ca-d9aa-4140-a74b-4a1c75fe9ad9	TRUE	FALSE	TRUE	FALSE	3.4565	7.3723	49073689	7.6908	-0.4542	0.5487	-0.7188	1.2043	0.7274	A3	1541	file_aliquot		
TCGA-KIRC	tumour	TCGA-A3-3358	TCGA-A3-3358-01A	7af3ee8b-cb9e-47b9-9ddb-16006b20cb17	TRUE	FALSE	TRUE	TRUE	5.6549	8.1707	74126970	7.87	0.6329	0.0293	0.6329	0.0293	0.8528	A3	1541	cohort_full (23)	1307	0
TCGA-KIRC	tumour	TCGA-A3-3359	TCGA-A3-3359-01A	54bccab4-c77e-4848-b698-b62941d96289	FALSE	FALSE	TRUE	TRUE	7.9318	7.0383	44923300	7.6525	1.5328	1.3834	1.5328	1.3834	0.9641	A3	0864	cohort_full (23)	2504	0
TCGA-KIRC	tumour	TCGA-A3-3362	TCGA-A3-3362-01A	61ffeb1c-0382-40bb-bd32-a071b2b4c39d	FALSE	FALSE	TRUE	TRUE	7.0189	6.9512	44597559	7.6493	0.9611	1.0405	0.9611	1.0405	0.8751	A3	1325	cohort_full (23)	1559	0
TCGA-KIRC	tumour	TCGA-A3-3363	TCGA-A3-3363-01A	3c5c707d-2046-4dcd-a566-bea1eaf24f74	FALSE	FALSE	TRUE	TRUE	5.0454	6.9064	64360854	7.8086	0.5948	-0.3452	0.5948	-0.3452	0.8642	A3	0864	cohort_full (23)	319	0
TCGA-KIRC	tumour	TCGA-A3-3365	TCGA-A3-3365-01A	fb449c0c-d752-4110-a41a-c46aa29617ea	FALSE	FALSE	TRUE	TRUE	6.5598	8.6721	50075225	7.6996	0.6466	1.0912	0.6466	1.0912	0.8492	A3	0864	cohort_full (23)	873	0
TCGA-KIRC	tumour	TCGA-A3-3367	TCGA-A3-3367-01A	efde0fd9-7f08-4c33-9e2b-8d9b8cfccf50	FALSE	FALSE	TRUE	TRUE	7.0653	8.2003	74809063	7.874	0.878	0.9794	0.878	0.9794	0.8726	A3	1420	cohort_full (23)	2270	0
TCGA-KIRC	tumour	TCGA-A3-3370	TCGA-A3-3370-01A	ad0887f1-524a-4351-9ec3-8cbd380bbf9c	FALSE	FALSE	TRUE	TRUE	9.3634	6.3296	79527951	7.9005	1.2905	1.2091	1.2905	1.2091	0.9145	A3	1420	cohort_full (23)	2274	0
TCGA-KIRC	tumour	TCGA-A3-3372	TCGA-A3-3372-01A	fc9e3356-b4e0-46e8-9842-46a2366352de	FALSE	FALSE	TRUE	TRUE	10.267	6.3545	61668533	7.7901	1.4128	1.1221	1.4128	1.1221	0.9454	A3	1325	cohort_full (23)	735	0
TCGA-KIRC	tumour	TCGA-A3-3373	TCGA-A3-3373-01A	fba70eac-57d4-468f-bbfc-859628c54dec	FALSE	FALSE	TRUE	TRUE	4.3973	7.5478	77366218	7.8886	-0.6934	1.2727	-0.6934	1.2727	0.5827	A3	1420	cohort_full (23)	1621	0
TCGA-KIRC	tumour	TCGA-A3-3374	TCGA-A3-3374-01A	d499f1d6-3d58-406e-9ed5-98141e774ddc	FALSE	FALSE	TRUE	TRUE	3.4672	11.2413	61478352	7.7887	-1.421	-1.618	-1.421		0.4922	A3	1325	cohort_full (23)	1314	0
TCGA-KIRC	tumour	TCGA-A3-3376	TCGA-A3-3376-01A	f1aa53c8-fb44-431d-9bb9-ba7647cd9ead	FALSE	FALSE	TRUE	TRUE	7.11	5.8087	86665368	7.9378	0.4275	1.1559	0.4275	1.1559	0.8056	A3	1420	cohort_full (23)	1696	1
TCGA-KIRC	tumour	TCGA-A3-3378	TCGA-A3-3378-01A	363d5bdc-23e6-40b0-929c-0805d86471eb	FALSE	FALSE	TRUE	TRUE	7.9998	6.9246	62290184	7.7944	0.5963	-0.3411	0.5963	-0.3411	0.835	A3	1325	cohort_full (23)	630	0
TCGA-KIRC	tumour	TCGA-A3-3380	TCGA-A3-3380-01A	9848e118-7372-41e5-8c64-71ec86c9c563	FALSE	FALSE	TRUE	TRUE	7.1526	9.279	64107471	7.8069	1.3341	0.7034	1.3341	0.7034	0.9323	A3	0864	cohort_full (23)	567	0
TCGA-KIRC	tumour	TCGA-A3-3382	TCGA-A3-3382-01A	16349fe9-a2c9-4577-8b34-6761dd22ee61	FALSE	FALSE	TRUE	TRUE	8.1396	6.6833	53458719	7.728	0.6008	-0.1651	0.6008	-0.1651	0.8474	A3	1325	cohort_full (23)	574	0
TCGA-KIRC	tumour	TCGA-A3-3383	TCGA-A3-3383-01A	0558db50-149d-4b8f-9994-4e0c3451ae8e	FALSE	FALSE	TRUE	TRUE	3.0803	8.4601	42198296	7.6253	0.502	-0.6803	0.502	-0.6803	0.8175	A3	1325	cohort_full (23)	861	0
TCGA-KIRC	tumour	TCGA-A3-3385	TCGA-A3-3385-01A	375080ea-cbbe-4dfb-8da3-cbef10418a2d	FALSE	FALSE	TRUE	TRUE	7.3822	8.8424	69551921	7.8423	0.7411	1.343	0.7411	1.343	0.7975	A3	1420	cohort_full (23)	1993	0
TCGA-KIRC	normal	TCGA-A3-3387	TCGA-A3-3387-11A	02c1c266-473f-437d-b768-20f685349ecb	TRUE	FALSE	TRUE	FALSE	2.3931	7.8275	54111274	7.7333	-1.1893	0.5228	-1.3756	1.5315	0.5724	A3	1541	file_aliquot		
TCGA-KIRC	tumour	TCGA-A3-3387	TCGA-A3-3387-01A	c8c7259b-9f5e-4dfc-b915-d98b02eba28b	TRUE	FALSE	TRUE	TRUE	5.3147	6.2077	64846612	7.8119	0.3234	0.0594	0.3234	0.0594	0.8252	A3	1541	cohort_full (23)	617	0
TCGA-KIRC	tumour	TCGA-A3-A6NI	TCGA-A3-A6NI-01A	4cc1c81c-7e39-4d3a-a142-3f64698d6c24	FALSE	FALSE	TRUE	TRUE	4.7747	6.9994	58629846	7.7681	0.3715	-0.1504	0.3715	-0.1504	0.8088	A3	A33J	cohort_full (23)	1018	0
TCGA-KIRC	tumour	TCGA-A3-A6NJ	TCGA-A3-A6NJ-01A	36e0d06c-4153-4bc3-b415-3f18306218e3	FALSE	FALSE	TRUE	TRUE	4.3688	7.2758	52310953	7.7186	0.0818	0.6503	0.0818	0.6503	0.7285	A3	A33J	cohort_full (23)	468	0
TCGA-KIRC	tumour	TCGA-A3-A6NL	TCGA-A3-A6NL-01A	5cbfa01a-86a9-467e-9efa-7ae47bce3587	FALSE	FALSE	TRUE	TRUE	5.5195	6.962	47052973	7.6726	0.7121	0.6206	0.7121	0.6206	0.8295	A3	A33J	cohort_full (23)	689	0
TCGA-KIRC	tumour	TCGA-A3-A6NN	TCGA-A3-A6NN-01A	d2e585d1-2b92-44f3-b2f4-1351e7c529ac	FALSE	FALSE	TRUE	TRUE	4.8644	7.0183	53595806	7.7291	0.616	0.7725	0.616	0.7725	0.8602	A3	A33J	cohort_full (23)	3	0
TCGA-KIRC	tumour	TCGA-A3-A8CQ	TCGA-A3-A8CQ-01A	9b962201-6959-487b-a125-730322128939	FALSE	FALSE	TRUE	TRUE	5.7263	7.6057	46285547	7.6654	0.8547	1.3325	0.8547	1.3325	0.8576	A3	A37O	cohort_full (23)	3	0
TCGA-KIRC	tumour	TCGA-A3-A8OV	TCGA-A3-A8OV-01A	e0ab8fc2-a369-4e2b-a07a-67794bf6955b	FALSE	FALSE	TRUE	TRUE	4.357	7.7203	47173301	7.6737	0.8467	0.4532	0.8467	0.4532	0.8541	A3	A37O	cohort_full (23)	340	0
TCGA-KIRC	tumour	TCGA-A3-A8OW	TCGA-A3-A8OW-01A	00ddbdd1-f29d-438b-820b-aacb111a3ec4	FALSE	FALSE	TRUE	TRUE	6.4355	6.4149	50652782	7.7046	1.1327	1.2002	1.1327	1.2002	0.9059	A3	A37O	cohort_full (23)	323	0
TCGA-KIRC	tumour	TCGA-AK-3425	TCGA-AK-3425-01A	8bec131b-088c-41f6-95d1-3eece690b53f	FALSE	FALSE	TRUE	TRUE	2.0661	8.9941	47555546	7.6772	-1.4613	-1.0753	-1.4613	-1.0753	0.5178	AK	1277	cohort_full (23)	3343	0
TCGA-KIRC	tumour	TCGA-AK-3426	TCGA-AK-3426-01A	0c25f495-ae84-45a3-8c7a-5521ddcccf70	FALSE	FALSE	TRUE	TRUE	7.5551	13.4713	35155318	7.546	1.1346	-2.8302	1.1346	-2.8302	0.933	AK	1325	cohort_full (23)	885	1
TCGA-KIRC	tumour	TCGA-AK-3427	TCGA-AK-3427-01A	d1e1f6c5-e3af-418c-89ed-8b68f8157f36	FALSE	FALSE	TRUE	FALSE	3.0074	13.1459	56689994	7.7535	-1.7314	-1.3572			0.5138	AK	0864	cohort_full (23)	3583	0
TCGA-KIRC	tumour	TCGA-AK-3428	TCGA-AK-3428-01A	977c19ab-f472-4956-869f-e640960f1351	FALSE	FALSE	TRUE	TRUE	1.9174	9.3284	29505584	7.4699	-1.3219	0.7081	-1.3219	0.7081	0.5099	AK	1277	cohort_full (23)	3650	0
TCGA-KIRC	tumour	TCGA-AK-3429	TCGA-AK-3429-01A	06632416-4901-4939-b250-35cd1b8b8323	FALSE	FALSE	TRUE	TRUE	2.2748	8.5489	42228920	7.6256	-1.1518	0.0933	-1.1518	0.0933	0.538	AK	1325	cohort_full (23)	3328	0
TCGA-KIRC	tumour	TCGA-AK-3431	TCGA-AK-3431-01A	13b48a2d-dde2-4cd1-b26d-22621a002f5b	FALSE	FALSE	TRUE	TRUE	2.2264	8.2898	39096089	7.5921	-1.328	0.1911	-1.328	0.1911	0.5298	AK	1277	cohort_full (23)	2241	1
TCGA-KIRC	tumour	TCGA-AK-3433	TCGA-AK-3433-01A	2a9c1676-cb34-430b-8111-6a28c563065b	FALSE	FALSE	TRUE	TRUE	4.6648	10.609	42369048	7.627	-0.9186	-0.3129	-0.9186		0.5964	AK	1277	cohort_full (23)	3409	0
TCGA-KIRC	tumour	TCGA-AK-3434	TCGA-AK-3434-01A	adc843d6-31ae-4803-ace4-48d1c198a8bb	FALSE	FALSE	TRUE	TRUE	4.7653	7.9042	40170065	7.6039	0.3316	0.1897	0.3316	0.1897	0.7851	AK	1277	cohort_full (23)	2087	0
TCGA-KIRC	tumour	TCGA-AK-3436	TCGA-AK-3436-01A	c51b2e7b-b9e7-44a5-b09f-ba3377f1fc5e	FALSE	FALSE	TRUE	TRUE	3.28	9.5694	52556106	7.7206	-1.0119	-1.2868	-1.0119	-1.2868	0.5796	AK	1325	cohort_full (23)	3331	0
TCGA-KIRC	tumour	TCGA-AK-3440	TCGA-AK-3440-01A	3b473c49-9140-4d1d-b9f9-0c9056e93d8a	FALSE	FALSE	TRUE	TRUE	3.2442	9.324	62890922	7.7986	-1.2664	-0.6815	-1.2664		0.5345	AK	1277	cohort_full (23)	2865	0
TCGA-KIRC	tumour	TCGA-AK-3443	TCGA-AK-3443-01A	539f5a17-442a-4c07-9606-b8f88c731504	FALSE	FALSE	TRUE	TRUE	4.2172	9.9082	74686650	7.8732	-1.0223	-0.0469	-1.0223		0.54	AK	1325	cohort_full (23)	1423	0
TCGA-KIRC	tumour	TCGA-AK-3444	TCGA-AK-3444-01A	2b0106c5-7e32-423b-957f-06c9f2e7751b	FALSE	FALSE	TRUE	TRUE	3.5943	7.6479	141118797	8.1496	-0.4402	1.2119	-0.4402	1.2119	0.643	AK	1325	cohort_full (23)	1471	0
TCGA-KIRC	tumour	TCGA-AK-3445	TCGA-AK-3445-01A	8ebf5653-96f8-4adc-a251-d8c059d699b0	FALSE	FALSE	TRUE	TRUE	6.1995	6.882	46491231	7.6674	0.38	-1.1832	0.38	-1.1832	0.8067	AK	1277	cohort_full (23)	2392	0
TCGA-KIRC	tumour	TCGA-AK-3447	TCGA-AK-3447-01A	f6b85b88-29c7-4722-86f1-0c4c5fa0b819	FALSE	FALSE	TRUE	FALSE	0.9651	11.7904	44809955	7.6514	-2.2528	-2.3361			0.365	AK	1766	cohort_full (23)	1217	0
TCGA-KIRC	tumour	TCGA-AK-3450	TCGA-AK-3450-01A	80ef1b28-350f-4ca8-8da5-a5afcaa0f2b8	FALSE	FALSE	TRUE	TRUE	4.4917	6.6724	55042531	7.7407	-0.1169	0.7632	-0.1169	0.7632	0.7247	AK	1277	cohort_full (23)	1508	0
TCGA-KIRC	tumour	TCGA-AK-3451	TCGA-AK-3451-01A	e71c8e45-ab52-4796-ab72-e8add8868291	FALSE	FALSE	TRUE	TRUE	1.3836	11.1206	45241768	7.6555	-1.3936	-1.4884	-1.3936	-1.4884	0.5215	AK	1188	cohort_full (23)	2868	0
TCGA-KIRC	tumour	TCGA-AK-3453	TCGA-AK-3453-01A	fb47d9fc-c3a4-4f1c-b707-4996b5520351	FALSE	FALSE	TRUE	TRUE	10.5118	9.8097	31142418	7.4934	1.9071	-1.1078	1.9071	-1.1078	1.0234	AK	1277	cohort_full (23)	2531	0
TCGA-KIRC	tumour	TCGA-AK-3454	TCGA-AK-3454-01A	457ef116-5df9-4a29-b802-65622d6ca5e9	FALSE	FALSE	TRUE	TRUE	11.3392	14.9632	21187538	7.3261	1.14	-1.8503	1.14	-1.8503	0.9176	AK	1277	cohort_full (23)	874	0
TCGA-KIRC	tumour	TCGA-AK-3455	TCGA-AK-3455-01A	9fcf3bdd-e137-4f93-83f4-24b883ca62c3	FALSE	FALSE	TRUE	TRUE	5.4939	9.9308	46992522	7.672	0.7746	0.353	0.7746	0.353	0.8578	AK	0864	cohort_full (23)	683	1
TCGA-KIRC	tumour	TCGA-AK-3456	TCGA-AK-3456-01A	4a2da9f0-b75d-466c-b9f0-2e910ee24365	FALSE	FALSE	TRUE	TRUE	3.6554	8.7827	46156453	7.6642	-1.0707	0.0957	-1.0707	0.0957	0.5621	AK	1325	cohort_full (23)	1143	0
TCGA-KIRC	tumour	TCGA-AK-3458	TCGA-AK-3458-01A	4bc67f13-2c7c-4be8-8bfe-1c2fffecf694	FALSE	FALSE	TRUE	TRUE	9.9145	12.3666	42903843	7.6325	1.2223	-0.4786	1.2223	-0.4786	0.9823	AK	1503	cohort_full (23)	1168	0
TCGA-KIRC	tumour	TCGA-AK-3460	TCGA-AK-3460-01A	07868319-1d09-49ca-b198-5677d151d36d	FALSE	FALSE	TRUE	TRUE	6.6245	8.8215	37437900	7.5733	0.5295	0.6034	0.5295	0.6034	0.7904	AK	1277	cohort_full (23)	2508	0
TCGA-KIRC	tumour	TCGA-AK-3461	TCGA-AK-3461-01A	1bce44b6-268e-4858-8b49-747045752331	FALSE	FALSE	TRUE	TRUE	8.8664	6.5554	43372282	7.6372	1.0521	0.811	1.0521	0.811	0.878	AK	1277	cohort_full (23)	2217	0
TCGA-KIRC	tumour	TCGA-AK-3465	TCGA-AK-3465-01A	6a408551-3028-49cd-b896-6bfcb1abde4b	FALSE	FALSE	TRUE	TRUE	5.4521	12.751	64232978	7.8078	-0.2478	-0.3162	-0.2478	-0.3162	0.6838	AK	1325	cohort_full (23)	369	0
TCGA-KIRC	tumour	TCGA-AS-3777	TCGA-AS-3777-01A	d9979174-ee0c-42bb-b928-a4f642845db7	FALSE	FALSE	TRUE	TRUE	2.7612	10.4649	71751000	7.8558	-2.0188	-1.5411	-2.0188		0.3974	AS	0864	cohort_full (23)	1238	0
TCGA-KIRC	tumour	TCGA-AS-3778	TCGA-AS-3778-01A	dbe1371f-dbf9-46b1-b603-a9e560fb75df	FALSE	FALSE	TRUE	TRUE	6.3627	7.3801	58920194	7.7703	0.9478	0.662	0.9478	0.662	0.8715	AS	A32Z	cohort_full (23)	43	0
TCGA-KIRC	tumour	TCGA-B0-4688	TCGA-B0-4688-01A	0c1c9170-9092-449e-afc2-0ef1d28ae07e	FALSE	FALSE	TRUE	FALSE	5.615	5.3869	57109648	7.7567	-0.3522	-1.4253			0.7329	B0	1277	cohort_full (23)	101	1
TCGA-KIRC	tumour	TCGA-B0-4690	TCGA-B0-4690-01A	0e7e953c-82c3-4887-86b5-584d41cfe518	FALSE	FALSE	TRUE	TRUE	5.702	6.8177	59448440	7.7741	-0.0967	-1.2621	-0.0967	-1.2621	0.7492	B0	1277	cohort_full (23)	43	1
TCGA-KIRC	tumour	TCGA-B0-4691	TCGA-B0-4691-01A	ee7ecfb9-1ec5-4553-ba37-19c2b5f0da0f	FALSE	FALSE	TRUE	TRUE	9.414	9.2053	55799857	7.7466	0.4065	-1.8268	0.4065	-1.8268	0.8104	B0	1277	cohort_full (23)	139	1
TCGA-KIRC	tumour	TCGA-B0-4693	TCGA-B0-4693-01A	afb1e9c1-aa37-40d4-a2b0-5996c023d30b	FALSE	FALSE	TRUE	TRUE	6.763	8.6488	46342112	7.666	0.6002	0.8492	0.6002	0.8492	0.796	B0	1277	cohort_full (23)	77	1
TCGA-KIRC	tumour	TCGA-B0-4694	TCGA-B0-4694-01A	cc4d6b44-ae57-4f0c-affe-ba411b9fba9b	FALSE	FALSE	TRUE	TRUE	3.0736	8.2298	61552627	7.7892	-0.7844	-0.9417	-0.7844	-0.9417	0.663	B0	1277	cohort_full (23)	106	1
TCGA-KIRC	tumour	TCGA-B0-4696	TCGA-B0-4696-01A	86fef024-a657-476b-89c5-adb5477597ea	FALSE	FALSE	TRUE	TRUE	6.7531	6.1674	41798090	7.6212	-0.4353	-1.5639	-0.4353		0.6653	B0	1277	cohort_full (23)	866	1
TCGA-KIRC	tumour	TCGA-B0-4697	TCGA-B0-4697-01A	d6ad13eb-3ed8-4b4a-ac50-37061cf8236a	FALSE	FALSE	TRUE	FALSE	5.2471	15.7824	21976306	7.342	1.5965	-2.1817		-2.1817	1.0116	B0	1277	cohort_full (23)	578	1
TCGA-KIRC	tumour	TCGA-B0-4698	TCGA-B0-4698-01A	ab718baf-6521-4738-a8cc-44b7fabf4be1	FALSE	FALSE	TRUE	TRUE	4.9644	8.2389	67839281	7.8315	-0.474	-1.9969	-0.474		0.6346	B0	1503	cohort_full (23)	42	1
TCGA-KIRC	tumour	TCGA-B0-4699	TCGA-B0-4699-01A	feb6de8d-c44f-44ca-9583-232511ef54fd	FALSE	FALSE	TRUE	TRUE	7.605	6.1432	95647340	7.9807	0.0774	-1.0294	0.0774	-1.0294	0.7518	B0	1277	cohort_full (23)	110	1
TCGA-KIRC	normal	TCGA-B0-4700	TCGA-B0-4700-11A	6ec7b719-0f95-4108-8e26-a7049e29d495	TRUE	FALSE	TRUE	FALSE	4.4176	12.8482	50314757	7.7017	-0.303	0.4401	-0.7872	0.9274	0.686	B0	1541	file_aliquot		
TCGA-KIRC	tumour	TCGA-B0-4700	TCGA-B0-4700-01A	f34985d8-172b-4fae-8d06-989e7dc4dc06	TRUE	FALSE	TRUE	TRUE	3.5437	7.148	53558409	7.7288	-0.5485	-1.7441	-0.5485	-1.7441	0.6618	B0	1541	cohort_full (23)	1980	1
TCGA-KIRC	tumour	TCGA-B0-4701	TCGA-B0-4701-01A	52f4db86-9951-464d-a9c2-520a3681a9a8	FALSE	FALSE	TRUE	TRUE	8.3977	7.0834	50664041	7.7047	1.1279	-0.0109	1.1279	-0.0109	0.8977	B0	1277	cohort_full (23)	238	1
TCGA-KIRC	tumour	TCGA-B0-4703	TCGA-B0-4703-01A	a09990aa-76c9-4041-a2f5-317be4c5ab09	FALSE	FALSE	TRUE	TRUE	6.0047	7.042	57632781	7.7607	0.1	-0.7547	0.1	-0.7547	0.7596	B0	1277	cohort_full (23)	182	1
TCGA-KIRC	tumour	TCGA-B0-4706	TCGA-B0-4706-01A	0461aca8-2256-4954-9c65-1b2a92c2b2a1	FALSE	FALSE	TRUE	TRUE	7.3449	8.1861	60954144	7.785	1.6349	-0.3901	1.6349	-0.3901	0.9946	B0	1503	cohort_full (23)	65	1
TCGA-KIRC	tumour	TCGA-B0-4707	TCGA-B0-4707-01A	4b2c1bf1-9a07-4b71-8a9a-c60c9564b686	FALSE	FALSE	TRUE	TRUE	6.1088	8.8565	37797513	7.5775	0.5687	-2.1697	0.5687	-2.1697	0.7968	B0	1277	cohort_full (23)	600	1
TCGA-KIRC	tumour	TCGA-B0-4710	TCGA-B0-4710-01A	6d0df9bf-69d6-447f-b2d9-76391e95d61d	FALSE	FALSE	TRUE	TRUE	8.8746	7.2757	57670370	7.761	1.397	0.6507	1.397	0.6507	0.9819	B0	1503	cohort_full (23)	1755	0
TCGA-KIRC	normal	TCGA-B0-4712	TCGA-B0-4712-11A	0498e4e5-f3cc-4fa5-9686-099ab9e435f4	TRUE	FALSE	TRUE	FALSE	2.702	6.4197	77172197	7.8875	-1.1332	0.1377	1.2617	-1.2873	0.643	B0	1503	file_aliquot		
TCGA-KIRC	tumour	TCGA-B0-4712	TCGA-B0-4712-01A	7f16d20f-07e2-4901-ae00-4da70125e8a3	TRUE	FALSE	TRUE	TRUE	2.604	7.9195	58860795	7.7698	-1.2244	-2.2377	-1.2244	-2.2377	0.5618	B0	1503	cohort_full (23)	1337	1
TCGA-KIRC	tumour	TCGA-B0-4713	TCGA-B0-4713-01A	637c8c48-42f9-43d7-8281-c014f4170109	FALSE	FALSE	TRUE	TRUE	5.6981	8.6925	41737558	7.6205	0.4205	-1.3268	0.4205	-1.3268	0.7518	B0	1277	cohort_full (23)	202	1
TCGA-KIRC	tumour	TCGA-B0-4714	TCGA-B0-4714-01A	66b1f91a-937c-4e1f-b4ab-07d1ef9fe1db	FALSE	FALSE	TRUE	TRUE	12.0084	7.9811	48147049	7.6826	2.8877	-0.2047	2.8877	-0.2047	1.1619	B0	1277	cohort_full (23)	99	1
TCGA-KIRC	tumour	TCGA-B0-4718	TCGA-B0-4718-01A	0626d61a-3222-49c5-b6f0-4b59c5835d29	FALSE	FALSE	TRUE	TRUE	9.5052	9.1048	37745442	7.5769	1.7255	-0.6375	1.7255	-0.6375	0.9875	B0	1277	cohort_full (23)	1778	0
TCGA-KIRC	tumour	TCGA-B0-4810	TCGA-B0-4810-01A	59f744da-4e53-4cca-a7f1-48a27f91aba1	FALSE	FALSE	TRUE	TRUE	5.7007	6.8426	62270018	7.7943	0.9935	-0.6395	0.9935	-0.6395	0.922	B0	1503	cohort_full (23)	478	1
TCGA-KIRC	tumour	TCGA-B0-4811	TCGA-B0-4811-01A	6df1efd7-bd1b-4c00-8cbb-eb1b6b7c78b6	FALSE	FALSE	TRUE	TRUE	9.4338	11.6777	63458910	7.8025	2.089	-0.9448	2.089	-0.9448	1.0108	B0	1503	cohort_full (23)	1417	1
TCGA-KIRC	tumour	TCGA-B0-4813	TCGA-B0-4813-01A	1be72033-3da7-4266-9b58-2fff2dbaa48b	FALSE	FALSE	TRUE	FALSE	9.5118	8.3426	38353037	7.5838	1.5187	-1.888		-1.888	1.0048	B0	1277	cohort_full (23)	18	1
TCGA-KIRC	tumour	TCGA-B0-4814	TCGA-B0-4814-01A	831bedf9-e67d-4a2a-b0a7-6d6c92edf77a	FALSE	FALSE	TRUE	TRUE	7.3722	7.4162	51622813	7.7128	1.3794	0.5815	1.3794	0.5815	0.9691	B0	1277	cohort_full (23)	168	1
TCGA-KIRC	tumour	TCGA-B0-4815	TCGA-B0-4815-01A	466888ef-7b80-471e-822c-bf355ef474b8	FALSE	FALSE	TRUE	TRUE	6.5522	11.1143	66955211	7.8258	1.1929	-1.4704	1.1929	-1.4704	0.9497	B0	1503	cohort_full (23)	1588	1
TCGA-KIRC	tumour	TCGA-B0-4816	TCGA-B0-4816-01A	2c1dfe31-3404-4bd8-b003-f3f649e21ecb	FALSE	FALSE	TRUE	TRUE	5.971	7.0918	72788981	7.8621	0.5423	-0.0048	0.5423	-0.0048	0.8435	B0	1503	cohort_full (23)	1371	1
TCGA-KIRC	tumour	TCGA-B0-4817	TCGA-B0-4817-01A	f88159e9-78e2-4222-b9f6-2d50c5b3387a	FALSE	FALSE	TRUE	TRUE	5.6274	9.5969	43516250	7.6387	0.6529	-1.9548	0.6529	-1.9548	0.8796	B0	1277	cohort_full (23)	1019	1
TCGA-KIRC	tumour	TCGA-B0-4818	TCGA-B0-4818-01A	80472422-c0f4-4814-be44-fb1c9e821409	FALSE	FALSE	TRUE	TRUE	6.658	8.1013	64295902	7.8082	1.1386	0.8472	1.1386	0.8472	0.9028	B0	1503	cohort_full (23)	510	1
TCGA-KIRC	tumour	TCGA-B0-4819	TCGA-B0-4819-01A	06f37a68-0ffa-494c-9b43-00fc1e8b9ad2	FALSE	FALSE	TRUE	TRUE	8.0292	10.4399	54174032	7.7338	1.12	-1.5764	1.12	-1.5764	0.8883	B0	1277	cohort_full (23)	183	1
TCGA-KIRC	tumour	TCGA-B0-4821	TCGA-B0-4821-01A	ba209e1e-87f1-47a9-a858-d60953ef4528	FALSE	FALSE	TRUE	FALSE	8.4107	8.8402	58549304	7.7675	1.798	-2.4966		-2.4966	1.0344	B0	1503	cohort_full (23)	1230	1
TCGA-KIRC	tumour	TCGA-B0-4822	TCGA-B0-4822-01A	fb185dab-f274-4565-ba4a-223e5d629310	FALSE	FALSE	TRUE	TRUE	6.053	9.6785	44370059	7.6471	1.2695	-1.9809	1.2695	-1.9809	0.9335	B0	1277	cohort_full (23)	1111	1
TCGA-KIRC	tumour	TCGA-B0-4823	TCGA-B0-4823-01A	b8a61143-0c20-4db9-a4fd-9c8b375ba841	FALSE	FALSE	TRUE	TRUE	2.0117	7.4113	58874871	7.7699	-1.4215	0.3328	-1.4215	0.3328	0.5171	B0	1420	cohort_full (23)	454	1
TCGA-KIRC	tumour	TCGA-B0-4824	TCGA-B0-4824-01A	44f16ded-c9e7-422c-a03c-1ec124acd76c	FALSE	FALSE	TRUE	TRUE	10.6248	6.5991	42228168	7.6256	1.8889	0.7021	1.8889	0.7021	1.0096	B0	1277	cohort_full (23)	1657	1
TCGA-KIRC	tumour	TCGA-B0-4827	TCGA-B0-4827-01A	6ebb7461-432b-4ca5-b709-54ea97a634cc	FALSE	FALSE	TRUE	TRUE	1.8291	8.5844	71582825	7.8548	-1.6494	-0.5529	-1.6494	-0.5529	0.4984	B0	1420	cohort_full (23)	885	1
TCGA-KIRC	tumour	TCGA-B0-4828	TCGA-B0-4828-01A	2d6dd901-d11e-459e-ba2e-8a587e72633e	FALSE	FALSE	TRUE	TRUE	10.8958	8.4433	41707905	7.6202	2.1337	-0.2725	2.1337	-0.2725	1.069	B0	1277	cohort_full (23)	307	1
TCGA-KIRC	tumour	TCGA-B0-4833	TCGA-B0-4833-01A	fa7f749b-6c8e-4052-8196-fd91d52e67f1	FALSE	FALSE	TRUE	TRUE	11.0924	8.0204	37822004	7.5777	2.0177	0.0109	2.0177	0.0109	1.0429	B0	1305	cohort_full (23)	2386	1
TCGA-KIRC	tumour	TCGA-B0-4834	TCGA-B0-4834-01A	1317fb5d-608b-4c79-8198-f2ec68766224	FALSE	FALSE	TRUE	TRUE	4.0636	14.251	59572357	7.775	-1.1331	0.1706	-1.1331		0.5293	B0	1305	cohort_full (23)	2090	1
TCGA-KIRC	tumour	TCGA-B0-4836	TCGA-B0-4836-01A	5030b65c-c5f2-4bb8-afb6-1bd4c5b1abd4	FALSE	FALSE	TRUE	TRUE	5.2144	8.7909	47835366	7.6797	-0.4384	-1.1024	-0.4384	-1.1024	0.6791	B0	1305	cohort_full (23)	1238	1
TCGA-KIRC	tumour	TCGA-B0-4837	TCGA-B0-4837-01A	450ec77d-c822-4d53-9a2b-bd6e4b6b9a62	FALSE	FALSE	TRUE	TRUE	4.5139	10.0477	55085943	7.741	-0.3452	-1.1669	-0.3452	-1.1669	0.684	B0	1305	cohort_full (23)	1378	1
TCGA-KIRC	tumour	TCGA-B0-4838	TCGA-B0-4838-01A	4e760e7b-84cb-42ea-9ea9-259abe362af3	FALSE	FALSE	TRUE	TRUE	7.3121	7.2715	53425426	7.7277	0.6724	0.5895	0.6724	0.5895	0.8147	B0	1305	cohort_full (23)	834	1
TCGA-KIRC	tumour	TCGA-B0-4839	TCGA-B0-4839-01A	6d8bf03c-2f7c-45b1-b81c-1de9d5085960	FALSE	FALSE	TRUE	TRUE	2.6209	10.8889	57808536	7.762	-1.1095	-1.0241	-1.1095	-1.0241	0.5448	B0	1305	cohort_full (23)	1639	1
TCGA-KIRC	tumour	TCGA-B0-4841	TCGA-B0-4841-01A	489b2714-26c8-4889-9ca9-378957da1a6c	FALSE	FALSE	TRUE	TRUE	3.4555	13.1421	34194664	7.534	-0.8695	-1.5011	-0.8695	-1.5011	0.5393	B0	1277	cohort_full (23)	204	1
TCGA-KIRC	tumour	TCGA-B0-4842	TCGA-B0-4842-01A	b2a87553-0fb8-4e1f-9e6e-cc0510b07c8a	FALSE	FALSE	TRUE	TRUE	2.4371	8.7895	43947479	7.6429	-0.995	-2.377	-0.995	-2.377	0.598	B0	1420	cohort_full (23)	1724	1
TCGA-KIRC	tumour	TCGA-B0-4843	TCGA-B0-4843-01A	90dddb30-1084-4127-b1fe-42ccbece28d5	FALSE	FALSE	TRUE	TRUE	6.3831	9.759	43351383	7.637	0.7724	-1.2594	0.7724	-1.2594	0.8483	B0	1277	cohort_full (23)	320	1
TCGA-KIRC	tumour	TCGA-B0-4844	TCGA-B0-4844-01A	05becc45-68e1-4706-a225-3a805bd7ba56	FALSE	FALSE	TRUE	TRUE	6.1119	7.8251	44561038	7.649	0.6311	-1.504	0.6311	-1.504	0.8516	B0	1277	cohort_full (23)	313	1
TCGA-KIRC	tumour	TCGA-B0-4845	TCGA-B0-4845-01A	633fef2c-c9ce-4b76-ae7b-0dfcc4123a6f	FALSE	FALSE	TRUE	TRUE	11.3335	8.0267	49675243	7.6961	2.2682	0.5784	2.2682	0.5784	1.097	B0	1277	cohort_full (23)	1986	1
TCGA-KIRC	tumour	TCGA-B0-4846	TCGA-B0-4846-01A	396123b0-8914-42db-a9f3-4fdf987c5faf	FALSE	FALSE	TRUE	TRUE	7.0883	5.9581	58954449	7.7705	0.6613	1.2788	0.6613	1.2788	0.8329	B0	1277	cohort_full (23)	1200	1
TCGA-KIRC	tumour	TCGA-B0-4847	TCGA-B0-4847-01A	7e74a46c-7ff4-4d46-b9a8-b10aa076f448	FALSE	FALSE	TRUE	TRUE	8.2134	10.6154	45055919	7.6538	1.9423	-1.1041	1.9423	-1.1041	1.0201	B0	1277	cohort_full (23)	793	1
TCGA-KIRC	tumour	TCGA-B0-4848	TCGA-B0-4848-01A	158ed2cd-7be5-4191-89b6-0d034a6426c1	FALSE	FALSE	TRUE	TRUE	2.9573	7.2676	43292037	7.6364	-1.0258	-0.3719	-1.0258	-0.3719	0.6179	B0	1277	cohort_full (23)	883	1
TCGA-KIRC	tumour	TCGA-B0-4849	TCGA-B0-4849-01A	c8134951-c924-4789-93bc-9af9b79933cb	FALSE	FALSE	TRUE	TRUE	12.2893	6.9254	38781141	7.5886	2.105	0.4601	2.105	0.4601	1.0304	B0	1277	cohort_full (23)	69	1
TCGA-KIRC	tumour	TCGA-B0-4852	TCGA-B0-4852-01A	3e2569b7-b145-4bda-9bdf-24105aefe42c	FALSE	FALSE	TRUE	TRUE	8.3549	8.2601	96768571	7.9857	1.2119	0.9395	1.2119	0.9395	0.9435	B0	1503	cohort_full (23)	1121	1
TCGA-KIRC	tumour	TCGA-B0-4945	TCGA-B0-4945-01A	f4e99961-1168-46bd-86cb-4c6662f5b8da	FALSE	FALSE	TRUE	TRUE	7.4589	6.4212	46917297	7.6713	0.9118	1.0067	0.9118	1.0067	0.8748	B0	1420	cohort_full (23)	2145	1
TCGA-KIRC	tumour	TCGA-B0-5075	TCGA-B0-5075-01A	fae1f158-5990-4e7c-90a9-f33fe8be8753	FALSE	FALSE	TRUE	TRUE	7.3474	8.7125	78846651	7.8968	0.249	-0.3105	0.249	-0.3105	0.7378	B0	1334	cohort_full (23)	637	1
TCGA-KIRC	tumour	TCGA-B0-5077	TCGA-B0-5077-01A	a1f29e81-e426-4cc5-813b-fcf83a595303	FALSE	FALSE	TRUE	TRUE	8.0978	8.5956	72747670	7.8618	1.1469	0.1932	1.1469	0.1932	0.9195	B0	1334	cohort_full (23)	1317	1
TCGA-KIRC	tumour	TCGA-B0-5080	TCGA-B0-5080-01A	d98b9775-6abc-48fa-a229-39442a7291d7	FALSE	FALSE	TRUE	TRUE	2.8447	8.174	58228257	7.7651	-1.1006	-0.63	-1.1006	-0.63	0.5867	B0	1503	cohort_full (23)	342	1
TCGA-KIRC	tumour	TCGA-B0-5081	TCGA-B0-5081-01A	164a6eaa-7f88-4687-a7e1-b907c468766e	FALSE	FALSE	TRUE	TRUE	6.4943	10.5534	76224287	7.8821	0.6601	-1.1578	0.6601	-1.1578	0.8337	B0	1334	cohort_full (23)	362	1
TCGA-KIRC	tumour	TCGA-B0-5083	TCGA-B0-5083-01A	d5c03bc2-fb49-457d-8445-f8177008554b	FALSE	FALSE	TRUE	TRUE	1.5681	10.5366	49400245	7.6937	-1.9801	-0.8897	-1.9801	-0.8897	0.4322	B0	1420	cohort_full (23)	1045	1
TCGA-KIRC	tumour	TCGA-B0-5084	TCGA-B0-5084-01A	8398a735-962c-4b4c-87b6-cf1e0a07ce91	FALSE	FALSE	TRUE	TRUE	5.3635	8.977	65702096	7.8176	0.5822	-1.9907	0.5822	-1.9907	0.8659	B0	1334	cohort_full (23)	222	1
TCGA-KIRC	tumour	TCGA-B0-5085	TCGA-B0-5085-01A	915bec49-700e-44fc-af01-e96ab507aab3	FALSE	FALSE	TRUE	TRUE	7.4505	12.1375	58270244	7.7654	2.0727	-0.7654	2.0727	-0.7654	0.977	B0	1334	cohort_full (23)	770	1
TCGA-KIRC	tumour	TCGA-B0-5088	TCGA-B0-5088-01A	52258ebc-d3ba-4795-83c9-6457386fea2b	FALSE	FALSE	TRUE	TRUE	7.3919	8.7259	67765688	7.831	1.3697	-0.4489	1.3697	-0.4489	0.9009	B0	1334	cohort_full (23)	563	1
TCGA-KIRC	tumour	TCGA-B0-5092	TCGA-B0-5092-01A	db99b502-b286-4b36-a0a5-28b6b413b81a	FALSE	FALSE	TRUE	TRUE	9.458	8.0635	47939408	7.6807	2.0022	-1.0738	2.0022	-1.0738	1.05	B0	1420	cohort_full (23)	459	1
TCGA-KIRC	tumour	TCGA-B0-5094	TCGA-B0-5094-01A	c830413d-ad40-4e2a-b2a5-56407eed5ca3	FALSE	FALSE	TRUE	TRUE	7.6057	7.6725	62633436	7.7968	1.0091	-0.8094	1.0091	-0.8094	0.9394	B0	1420	cohort_full (23)	333	1
TCGA-KIRC	tumour	TCGA-B0-5095	TCGA-B0-5095-01A	77cfb44f-6e99-4c0b-bd54-6ab249fd54ef	FALSE	FALSE	TRUE	TRUE	8.1305	6.0614	51880206	7.715	0.7402	-0.3837	0.7402	-0.3837	0.8665	B0	1420	cohort_full (23)	245	1
TCGA-KIRC	tumour	TCGA-B0-5096	TCGA-B0-5096-01A	d4afe781-4959-40a7-8556-b60a150ea6b0	FALSE	FALSE	TRUE	TRUE	2.8299	6.9827	49463284	7.6943	-1.6732	-0.9857	-1.6732	-0.9857	0.4549	B0	1420	cohort_full (23)	68	1
TCGA-KIRC	tumour	TCGA-B0-5097	TCGA-B0-5097-01A	421291fd-adda-42ab-8574-209da13d33a6	FALSE	FALSE	TRUE	TRUE	4.4157	6.5973	54730936	7.7382	-0.8001	-0.4253	-0.8001	-0.4253	0.5861	B0	1420	cohort_full (23)	665	0
TCGA-KIRC	tumour	TCGA-B0-5098	TCGA-B0-5098-01A	b59e21e2-af42-41ff-9423-0b3b0af05ccd	FALSE	FALSE	TRUE	TRUE	7.7928	8.1438	67734277	7.8308	0.0347	-1.5561	0.0347	-1.5561	0.7653	B0	1420	cohort_full (23)	1584	1
TCGA-KIRC	tumour	TCGA-B0-5099	TCGA-B0-5099-01A	ace1e7fa-7e2f-4bcc-a2cb-afb7f321ec1d	FALSE	FALSE	TRUE	TRUE	7.9292	7.1197	57246449	7.7577	1.038	1.1189	1.038	1.1189	0.8983	B0	1420	cohort_full (23)	485	1
TCGA-KIRC	tumour	TCGA-B0-5100	TCGA-B0-5100-01A	996511b1-d236-4060-a307-81557721cfe5	FALSE	FALSE	TRUE	TRUE	5.368	9.996	53214537	7.726	0.0217	-1.4778	0.0217	-1.4778	0.7801	B0	1420	cohort_full (23)	1913	1
TCGA-KIRC	tumour	TCGA-B0-5102	TCGA-B0-5102-01A	343ba69a-e983-4966-9084-3bf576a08701	FALSE	FALSE	TRUE	TRUE	5.5191	8.9944	65502770	7.8163	0.5681	-0.0554	0.5681	-0.0554	0.8322	B0	1420	cohort_full (23)	2764	1
TCGA-KIRC	tumour	TCGA-B0-5106	TCGA-B0-5106-01A	f4fbf55a-1a2a-458e-9223-921e2dc9352e	FALSE	FALSE	TRUE	TRUE	9.3434	8.9989	54200372	7.734	1.514	-0.2224	1.514	-0.2224	0.9619	B0	1420	cohort_full (23)	1598	1
TCGA-KIRC	tumour	TCGA-B0-5107	TCGA-B0-5107-01A	d07320f0-36a4-4dab-83bb-faaaf21a2bcb	FALSE	FALSE	TRUE	TRUE	6.519	8.5785	52929173	7.7237	0.9033	-2.0329	0.9033	-2.0329	0.8852	B0	1420	cohort_full (23)	927	1
TCGA-KIRC	tumour	TCGA-B0-5108	TCGA-B0-5108-01A	53a4f1ae-7669-4580-b054-0a5b58e76520	FALSE	FALSE	TRUE	TRUE	4.6751	6.5551	61294700	7.7874	-0.2135	-0.5185	-0.2135	-0.5185	0.6966	B0	1420	cohort_full (23)	1782	0
TCGA-KIRC	tumour	TCGA-B0-5109	TCGA-B0-5109-01A	5474fa69-b83c-44b9-8e1b-1b16406a42ed	FALSE	FALSE	TRUE	TRUE	3.867	10.1285	54732787	7.7382	-0.5728	-1.8096	-0.5728	-1.8096	0.6414	B0	1420	cohort_full (23)	587	1
TCGA-KIRC	tumour	TCGA-B0-5110	TCGA-B0-5110-01A	a34f90d2-32b4-44e7-a820-07f3d48823ce	FALSE	FALSE	TRUE	TRUE	6.438	5.8034	53875560	7.7314	0.5516	1.6074	0.5516	1.6074	0.8001	B0	1420	cohort_full (23)	2009	0
TCGA-KIRC	tumour	TCGA-B0-5113	TCGA-B0-5113-01A	ff07dd5a-7b2d-47ed-8a6b-400b3c5c8db4	FALSE	FALSE	TRUE	TRUE	6.6543	7.1537	63906571	7.8055	0.6816	1.0487	0.6816	1.0487	0.8317	B0	1420	cohort_full (23)	1175	0
TCGA-KIRC	tumour	TCGA-B0-5115	TCGA-B0-5115-01A	8d2de4ab-6e9a-40e6-b9ec-8c3c78e7f19c	FALSE	FALSE	TRUE	TRUE	9.2505	6.7466	60332187	7.7805	1.4817	0.9097	1.4817	0.9097	0.9507	B0	1420	cohort_full (23)	1604	0
TCGA-KIRC	tumour	TCGA-B0-5116	TCGA-B0-5116-01A	83300c43-0958-4165-99cf-e956cb47d38b	FALSE	FALSE	TRUE	TRUE	2.6224	8.2029	58939072	7.7704	-1.1922	0.0425	-1.1922	0.0425	0.5615	B0	1420	cohort_full (23)	1274	0
TCGA-KIRC	tumour	TCGA-B0-5117	TCGA-B0-5117-01A	cdc162f6-6ee3-45bb-a764-88458b87bf7b	FALSE	FALSE	TRUE	TRUE	4.1188	12.3535	53308486	7.7268	-0.7661	-1.2535	-0.7661		0.6057	B0	1420	cohort_full (23)	1608	0
TCGA-KIRC	tumour	TCGA-B0-5119	TCGA-B0-5119-01A	512aef07-f542-4aa6-b3e6-8f74ae1ce224	FALSE	FALSE	TRUE	TRUE	3.491	6.0697	57781558	7.7618	-0.4596	1.4584	-0.4596	1.4584	0.6626	B0	1420	cohort_full (23)	1552	0
TCGA-KIRC	tumour	TCGA-B0-5120	TCGA-B0-5120-01A	a7ce93ac-964a-4d4e-980a-7fb987bf58b7	FALSE	FALSE	TRUE	TRUE	4.9848	6.9545	57964760	7.7632	0	0.4614	0	0.4614	0.7587	B0	1420	cohort_full (23)	1169	0
TCGA-KIRC	tumour	TCGA-B0-5121	TCGA-B0-5121-01A	cbe040e0-9ed9-4af4-a177-392a0b63a40b	FALSE	FALSE	TRUE	TRUE	3.7988	10.8078	70148439	7.846	-0.0275	-0.1183	-0.0275	-0.1183	0.7002	B0	1420	cohort_full (23)	1485	0
TCGA-KIRC	tumour	TCGA-B0-5399	TCGA-B0-5399-01A	6a1c052c-21bb-4688-96db-3d605b0fa93a	FALSE	FALSE	TRUE	TRUE	6.0057	7.0652	58771782	7.7692	0.9822	0.5166	0.9822	0.5166	0.9195	B0	1503	cohort_full (23)	1411	0
TCGA-KIRC	tumour	TCGA-B0-5400	TCGA-B0-5400-01A	d6a8b3be-0ea5-4d4f-bf62-27ec684d4705	FALSE	FALSE	TRUE	TRUE	2.5599	8.1753	57147597	7.757	-0.7215	-2.0883	-0.7215	-2.0883	0.635	B0	1503	cohort_full (23)	1733	0
TCGA-KIRC	normal	TCGA-B0-5402	TCGA-B0-5402-11A	bf080139-5562-4d85-8a56-19bc15e80357	TRUE	FALSE	TRUE	FALSE	2.1106	8.6521	72567460	7.8607	-1.5313	0.4563	-0.7577	0.6594	0.5154	B0	1503	file_aliquot		
TCGA-KIRC	tumour	TCGA-B0-5402	TCGA-B0-5402-01A	7b3da303-63a6-4bd7-ab94-cf6e38dfe1e0	TRUE	FALSE	TRUE	TRUE	3.5791	7.4291	77306834	7.8882	-0.3818	0.7994	-0.3818	0.7994	0.7198	B0	1503	cohort_full (23)	1290	0
TCGA-KIRC	normal	TCGA-B0-5690	TCGA-B0-5690-11A	58eee6a5-aaae-486e-b4ec-ba191af5fcb5	TRUE	FALSE	TRUE	FALSE	2.4318	7.8984	66965174	7.8258	-1.2811	1.0108	-0.4026	0.4999	0.5878	B0	1541	file_aliquot		
TCGA-KIRC	tumour	TCGA-B0-5690	TCGA-B0-5690-01A	e44dbaa1-6ef0-48ba-bf0f-3cfa502cbd14	TRUE	FALSE	TRUE	TRUE	3.3186	5.549	53858454	7.7313	-0.4505	0.9324	-0.4505	0.9324	0.6547	B0	1541	cohort_full (23)	3392	0
TCGA-KIRC	normal	TCGA-B0-5691	TCGA-B0-5691-11A	bdcb4d2f-7d86-4a59-8dbd-8b7300b45b72	TRUE	FALSE	TRUE	FALSE	3.1302	7.8385	80360293	7.905	-1.0078	1.0479	-0.8623	0.8549	0.6058	B0	1541	file_aliquot		
TCGA-KIRC	tumour	TCGA-B0-5691	TCGA-B0-5691-01A	b43e8a88-6ed9-4a7a-ade7-91f340ad5465	TRUE	FALSE	TRUE	TRUE	2.3856	4.5988	36955173	7.5677	-0.6215	1.2508	-0.6215	1.2508	0.6431	B0	1541	cohort_full (23)	3431	0
TCGA-KIRC	tumour	TCGA-B0-5692	TCGA-B0-5692-01A	a379934c-2794-4a0f-b9f2-f029aa938f35	FALSE	FALSE	TRUE	TRUE	2.5948	7.0971	52894683	7.7234	-0.6558	-0.2643	-0.6558	-0.2643	0.6512	B0	1541	cohort_full (23)	3650	0
TCGA-KIRC	tumour	TCGA-B0-5693	TCGA-B0-5693-01A	192e08f8-1c39-462a-8762-7e2c7f4d5eb0	FALSE	FALSE	TRUE	TRUE	3.9375	6.3192	51589207	7.7126	-0.1832	1.3084	-0.1832	1.3084	0.7035	B0	1541	cohort_full (23)	3650	0
TCGA-KIRC	normal	TCGA-B0-5694	TCGA-B0-5694-11A	986759bd-7232-46a9-84f3-0e71026a01fd	TRUE	FALSE	TRUE	FALSE	2.8598	6.8952	59836149	7.777	-1.1486	0.708	-0.7141	0.4834	0.5845	B0	1541	file_aliquot		
TCGA-KIRC	tumour	TCGA-B0-5694	TCGA-B0-5694-01A	24f33eec-e332-4d33-a628-a366f2a18d52	TRUE	FALSE	TRUE	TRUE	2.574	6.8597	40861650	7.6113	-0.5644	-0.2111	-0.5644	-0.2111	0.67	B0	1541	cohort_full (23)	480	1
TCGA-KIRC	tumour	TCGA-B0-5695	TCGA-B0-5695-01A	a3cac4bf-4b70-4fc8-b0a5-8bda5b6d405c	FALSE	FALSE	TRUE	TRUE	2.7589	6.8475	69820624	7.844	-0.6641	1.0571	-0.6641	1.0571	0.6245	B0	1541	cohort_full (23)	2150	0
TCGA-KIRC	normal	TCGA-B0-5696	TCGA-B0-5696-11A	80bd1a2f-c729-40f3-b50f-8a3b766e0231	TRUE	FALSE	TRUE	FALSE	2.5348	6.9669	57006451	7.7559	-1.1712	0.8919	-0.7107	0.9339	0.6086	B0	1541	file_aliquot		
TCGA-KIRC	tumour	TCGA-B0-5696	TCGA-B0-5696-01A	1e1f9cde-c6e0-4925-944f-12d354ef858e	TRUE	FALSE	TRUE	TRUE	1.7244	7.2668	63238915	7.801	-1.2109	0.1594	-1.2109	0.1594	0.5621	B0	1541	cohort_full (23)	2609	0
TCGA-KIRC	normal	TCGA-B0-5697	TCGA-B0-5697-11A	05aedbb7-c56c-4756-b8e8-302afaedcb4c	TRUE	FALSE	TRUE	FALSE	2.606	7.5533	46963850	7.6718	-1.0798	0.7535	-0.4615	0.669	0.6237	B0	1541	file_aliquot		
TCGA-KIRC	tumour	TCGA-B0-5697	TCGA-B0-5697-01A	98ca487a-a503-459a-8665-11a3caf8bce5	TRUE	FALSE	TRUE	TRUE	2.8647	6.7513	69199994	7.8401	-0.9151	-0.3821	-0.9151	-0.3821	0.6265	B0	1541	cohort_full (23)	2630	0
TCGA-KIRC	tumour	TCGA-B0-5698	TCGA-B0-5698-01A	02669516-0c84-46b4-9ff1-ab147ff1ddcc	FALSE	FALSE	TRUE	TRUE	3.6071	8.0233	66081449	7.8201	-0.6121	0.3666	-0.6121	0.3666	0.6354	B0	1672	cohort_full (23)	3631	0
TCGA-KIRC	normal	TCGA-B0-5699	TCGA-B0-5699-11A	0a98d561-9c8c-40d2-aaaf-cad735533329	TRUE	FALSE	TRUE	FALSE	2.2986	8.067	50803918	7.7059	-1.2801	0.9855	-0.8313	0.9005	0.5822	B0	1541	file_aliquot		
TCGA-KIRC	tumour	TCGA-B0-5699	TCGA-B0-5699-01A	d99b2ce2-38a1-4d13-b8dd-7db33bfd360a	TRUE	FALSE	TRUE	TRUE	4.2483	6.5781	59699135	7.776	0.0526	0.9695	0.0526	0.9695	0.7675	B0	1541	cohort_full (23)	3650	0
TCGA-KIRC	tumour	TCGA-B0-5700	TCGA-B0-5700-01A	378d47c4-4eda-40d5-ae71-6601a9e63191	FALSE	FALSE	TRUE	TRUE	1.9233	6.9256	42730768	7.6307	-0.924	0.172	-0.924	0.172	0.5879	B0	1541	cohort_full (23)	1790	0
TCGA-KIRC	normal	TCGA-B0-5701	TCGA-B0-5701-11A	8a56004e-52fb-4a5e-afa0-e466ca53d57b	TRUE	FALSE	TRUE	FALSE	3.1053	6.4959	61990171	7.7923	-1.1189	0.6131	0.2788	-0.2222	0.6165	B0	1541	file_aliquot		
TCGA-KIRC	tumour	TCGA-B0-5701	TCGA-B0-5701-01A	f478aca9-1fb9-4ef3-9c03-1bd592b2b1f7	TRUE	FALSE	TRUE	TRUE	2.3819	5.6008	38154618	7.5815	-1.1886	-0.4385	-1.1886	-0.4385	0.584	B0	1541	cohort_full (23)	2461	0
TCGA-KIRC	tumour	TCGA-B0-5702	TCGA-B0-5702-01A	134f1661-5f67-4184-bab4-bc9c6f80c789	FALSE	FALSE	TRUE	FALSE	3.6918	10.4505	20646971	7.3149	-0.5404	-3.0379			0.696	B0	1541	cohort_full (23)	2172	0
TCGA-KIRC	normal	TCGA-B0-5703	TCGA-B0-5703-11A	61e2977f-ac86-4a5a-819d-3fba1af9253a	TRUE	FALSE	TRUE	FALSE	2.9165	5.8692	48434481	7.6852	-0.6255	0.2495	0.7523	-0.2954	0.744	B0	1541	file_aliquot		
TCGA-KIRC	tumour	TCGA-B0-5703	TCGA-B0-5703-01A	cc8c7c7e-a682-43ca-af76-08b49bf3512a	TRUE	FALSE	TRUE	TRUE	2.3667	8.0494	47537991	7.677	-0.6268	0.1039	-0.6268	0.1039	0.6335	B0	1541	cohort_full (23)	2246	0
TCGA-KIRC	normal	TCGA-B0-5705	TCGA-B0-5705-11A	4ab7002a-08f8-4187-96cd-8f3183336a5a	TRUE	FALSE	TRUE	FALSE	2.9212	9.3308	68972847	7.8387	-1.1122	0.8079	0.3022	-0.1253	0.6121	B0	1541	file_aliquot		
TCGA-KIRC	tumour	TCGA-B0-5705	TCGA-B0-5705-01A	3f5f2871-02ed-48d4-9d26-e4fe823c7df0	TRUE	FALSE	TRUE	TRUE	2.4312	6.923	71115510	7.852	-0.8967	1.3839	-0.8967	1.3839	0.5769	B0	1541	cohort_full (23)	3650	0
TCGA-KIRC	normal	TCGA-B0-5706	TCGA-B0-5706-11A	6054b034-7dfc-4bb6-973f-ab26ff94c578	TRUE	FALSE	TRUE	FALSE	4.2128	6.8171	51323189	7.7103	-0.2461	0.3257	1.2591	-0.8084	0.783	B0	1541	file_aliquot		
TCGA-KIRC	tumour	TCGA-B0-5706	TCGA-B0-5706-01A	7a16bbe0-eed5-45f2-8400-8874924a6eda	TRUE	FALSE	TRUE	TRUE	1.5369	8.2843	23603106	7.373	-1.0906	-0.3601	-1.0906	-0.3601	0.5951	B0	1541	cohort_full (23)	3205	0
TCGA-KIRC	tumour	TCGA-B0-5707	TCGA-B0-5707-01A	b3ec1f99-73cb-4414-b6b2-c075dc3b5589	FALSE	FALSE	TRUE	TRUE	2.6484	6.8973	45971717	7.6625	-0.927	-1.0756	-0.927	-1.0756	0.6506	B0	1541	cohort_full (23)	3650	0
TCGA-KIRC	normal	TCGA-B0-5709	TCGA-B0-5709-11A	213b2ef0-57cb-4fa3-9d56-2bda451006c9	TRUE	FALSE	TRUE	FALSE	3.2035	7.0346	69085356	7.8394	-0.8286	0.8822	-0.9501	1.0446	0.6444	B0	1541	file_aliquot		
TCGA-KIRC	tumour	TCGA-B0-5709	TCGA-B0-5709-01A	4f836d31-425e-43d4-8052-5e4a1d770efd	TRUE	FALSE	TRUE	TRUE	2.3878	6.1239	67776098	7.8311	-1.2843	0.3791	-1.2843	0.3791	0.5293	B0	1541	cohort_full (23)	3650	0
TCGA-KIRC	tumour	TCGA-B0-5710	TCGA-B0-5710-01A	1a351079-31b5-4080-a03d-62ea7065d7a8	FALSE	FALSE	TRUE	TRUE	3.5497	6.7726	55863127	7.7471	-0.66	0.8417	-0.66	0.8417	0.6426	B0	1672	cohort_full (23)	2430	0
TCGA-KIRC	normal	TCGA-B0-5711	TCGA-B0-5711-11A	8ceb5f0b-cbfb-400d-93b8-df005bb46e31	TRUE	FALSE	TRUE	FALSE	3.2712	5.8842	71394812	7.8537	-0.8705	1.1423	0.2964	0.0298	0.7029	B0	1672	file_aliquot		
TCGA-KIRC	tumour	TCGA-B0-5711	TCGA-B0-5711-01A	114e63e4-03a5-409e-835f-afa8af005d03	TRUE	FALSE	TRUE	TRUE	3.1713	6.7029	60133608	7.7791	-0.8322	1.2939	-0.8322	1.2939	0.6125	B0	1672	cohort_full (23)	3650	0
TCGA-KIRC	normal	TCGA-B0-5712	TCGA-B0-5712-11A	4d6e5f5f-ab63-49a6-9a53-a89b7ef76783	TRUE	FALSE	TRUE	FALSE	2.8667	6.6667	63696953	7.8041	-1.2452	0.3559	-0.3122	-0.247	0.56	B0	1672	file_aliquot		
TCGA-KIRC	tumour	TCGA-B0-5712	TCGA-B0-5712-01A	9ea5c78a-10b6-4e76-a588-4a169817d01c	TRUE	FALSE	TRUE	TRUE	3.6928	7.3003	60866603	7.7844	-0.3987	0.4721	-0.3987	0.4721	0.6997	B0	1672	cohort_full (23)	2722	0
TCGA-KIRC	tumour	TCGA-B0-5713	TCGA-B0-5713-01A	6304f098-1ae4-4c6c-93c7-ac5b15b307a7	FALSE	FALSE	TRUE	TRUE	3.8339	6.8865	61708914	7.7903	-0.336	1.4021	-0.336	1.4021	0.6618	B0	1672	cohort_full (23)	2782	0
TCGA-KIRC	tumour	TCGA-B0-5812	TCGA-B0-5812-01A	adfade14-1572-4e3a-b4eb-64de445b9678	FALSE	FALSE	TRUE	TRUE	3.2068	6.3764	64203895	7.8076	-0.7281	1.157	-0.7281	1.157	0.6342	B0	1672	cohort_full (23)	3650	0
TCGA-KIRC	tumour	TCGA-B2-3923	TCGA-B2-3923-01A	2b393323-81e3-49e2-9acd-18eb8ab0c563	FALSE	FALSE	TRUE	TRUE	7.078	7.6999	46492604	7.6674	-0.6209	-0.0595	-0.6209		0.6312	B2	1325	cohort_full (23)	992	0
TCGA-KIRC	tumour	TCGA-B2-3924	TCGA-B2-3924-01A	056c67e7-03b3-40cc-8c19-d6938ad634aa	FALSE	FALSE	TRUE	TRUE	3.4818	7.5891	54948226	7.74	-0.2857	0.5872	-0.2857	0.5872	0.6837	B2	1325	cohort_full (23)	1092	0
TCGA-KIRC	tumour	TCGA-B2-4098	TCGA-B2-4098-01A	432ac91a-657b-4630-a5c8-0499aed1b13c	FALSE	FALSE	TRUE	TRUE	5.6855	9.6642	41864814	7.6218	0.2572	-1.0696	0.2572	-1.0696	0.7432	B2	1325	cohort_full (23)	51	1
TCGA-KIRC	tumour	TCGA-B2-4099	TCGA-B2-4099-01A	900aa358-a422-4edc-a65e-4b99f4b7625a	FALSE	FALSE	TRUE	TRUE	3.334	9.0893	51626256	7.7129	0.3725	0.0542	0.3725	0.0542	0.828	B2	1188	cohort_full (23)	972	0
TCGA-KIRC	tumour	TCGA-B2-4101	TCGA-B2-4101-01A	27023402-b661-4cda-98ef-f9b68b3f8c59	FALSE	FALSE	TRUE	TRUE	8.3614	6.8719	52634820	7.7213	1.291	0.6213	1.291	0.6213	0.9382	B2	1277	cohort_full (23)	648	0
TCGA-KIRC	tumour	TCGA-B2-4102	TCGA-B2-4102-01A	a33333fb-31f7-4874-aefd-a004be0d943e	FALSE	FALSE	TRUE	TRUE	8.9566	6.3783	57290969	7.7581	1.2605	1.148	1.2605	1.148	0.9264	B2	1325	cohort_full (23)	952	0
TCGA-KIRC	tumour	TCGA-B2-5633	TCGA-B2-5633-01A	bdb74506-8766-42e1-922e-e03da4637a70	FALSE	FALSE	TRUE	TRUE	10.1016	19.1436	50013779	7.6991	-0.3803	1.0682	-0.3803	1.0682	0.76	B2	A277	cohort_full (23)	963	0
TCGA-KIRC	tumour	TCGA-B2-5635	TCGA-B2-5635-01A	b98e59fc-120a-45c4-aade-3b59ca4a1a86	FALSE	FALSE	TRUE	TRUE	4.6834	5.7143	55661891	7.7456	0.1339	0.2244	0.1339	0.2244	0.7598	B2	1541	cohort_full (23)	755	0
TCGA-KIRC	normal	TCGA-B2-5636	TCGA-B2-5636-11A	369d7929-e499-436c-b1cc-231715d11635	TRUE	FALSE	TRUE	FALSE	3.7084	7.3298	62779749	7.7978	-0.8015	0.914	-1.0229	1.0825	0.6445	B2	1541	file_aliquot		
TCGA-KIRC	tumour	TCGA-B2-5636	TCGA-B2-5636-01A	27918218-c6a5-4f1d-b25c-bdf08d4146bd	TRUE	FALSE	TRUE	TRUE	3.3589	5.329	52978368	7.7241	-0.9148	0.6513	-0.9148	0.6513	0.6262	B2	1541	cohort_full (23)	919	0
TCGA-KIRC	tumour	TCGA-B2-5639	TCGA-B2-5639-01A	0b4cbedf-b064-4d5a-aa85-8726640d9c63	FALSE	FALSE	TRUE	TRUE	2.4261	5.3153	32068131	7.5061	-1.0662	0.1944	-1.0662	0.1944	0.602	B2	1541	cohort_full (23)	1003	1
TCGA-KIRC	normal	TCGA-B2-5641	TCGA-B2-5641-11A	8c2d01a0-7df8-465a-9739-b25d96f98ddd	TRUE	FALSE	TRUE	FALSE	4.9554	6.1022	49460800	7.6943	-0.5568	0.7398	1.1307	-1.1645	0.719	B2	1541	file_aliquot		
TCGA-KIRC	tumour	TCGA-B2-5641	TCGA-B2-5641-01A	e20633e3-526f-4ac5-9cb0-202a028462b0	TRUE	FALSE	TRUE	TRUE	2.5537	6.0223	61200149	7.7868	-1.2279	-0.1465	-1.2279	-0.1465	0.5486	B2	1541	cohort_full (23)	656	0
TCGA-KIRC	tumour	TCGA-B2-A4SR	TCGA-B2-A4SR-01A	fa994287-faa4-483c-8225-1d45a1d0d522	FALSE	FALSE	TRUE	TRUE	6.5438	7.1455	51646303	7.713	1.158	1.1669	1.158	1.1669	0.901	B2	A266	cohort_full (23)	507	0
TCGA-KIRC	tumour	TCGA-B4-5377	TCGA-B4-5377-01A	c0dc2255-258a-463b-bd10-f6ee1771860d	FALSE	FALSE	TRUE	TRUE	3.751	5.5631	77954572	7.8918	-0.4746	1.2529	-0.4746	1.2529	0.6515	B4	1503	cohort_full (23)	365	0
TCGA-KIRC	tumour	TCGA-B4-5378	TCGA-B4-5378-01A	79b8911f-fabb-416e-9b80-2f55080192c3	FALSE	FALSE	TRUE	TRUE	3.5271	6.2374	67231496	7.8276	-0.642	0.7327	-0.642	0.7327	0.6448	B4	1503	cohort_full (23)	175	0
TCGA-KIRC	tumour	TCGA-B4-5832	TCGA-B4-5832-01A	d91f4d1a-4628-446c-a696-8839c8f62d90	FALSE	FALSE	TRUE	TRUE	5.1192	4.5852	38666378	7.5873	-1.4445	0.6626	-1.4445		0.5353	B4	1672	cohort_full (23)	155	0
TCGA-KIRC	tumour	TCGA-B4-5834	TCGA-B4-5834-01A	f13ca22a-ad44-45c0-806b-678bacee6135	FALSE	FALSE	TRUE	TRUE	2.7585	6	68369052	7.8349	-0.8564	1.2829	-0.8564	1.2829	0.616	B4	1672	cohort_full (23)	38	0
TCGA-KIRC	tumour	TCGA-B4-5835	TCGA-B4-5835-01A	d9735236-6587-4453-8c8d-2d39ca495cce	FALSE	FALSE	TRUE	TRUE	2.2285	7.2364	76545089	7.8839	-1.4215	-0.9798	-1.4215	-0.9798	0.5216	B4	1672	cohort_full (23)	16	0
TCGA-KIRC	tumour	TCGA-B4-5836	TCGA-B4-5836-01A	b766e689-e3ff-4d0c-8eb0-d81c1df638d4	FALSE	FALSE	TRUE	TRUE	2.9483	6.8649	61814257	7.7911	-1.0185	1.091	-1.0185	1.091	0.58	B4	1672	cohort_full (23)	141	0
TCGA-KIRC	tumour	TCGA-B4-5838	TCGA-B4-5838-01A	5013520a-e7b1-4171-865c-f5a624741432	FALSE	FALSE	TRUE	TRUE	2.4677	7.4365	50670267	7.7048	-1.3089	0.4542	-1.3089	0.4542	0.5673	B4	1672	cohort_full (23)	166	0
TCGA-KIRC	tumour	TCGA-B4-5843	TCGA-B4-5843-01A	c2c34b18-7f7a-47ac-9f42-b7700562d006	FALSE	FALSE	TRUE	TRUE	4.2787	7.1163	49376022	7.6935	-0.3862	1.1715	-0.3862	1.1715	0.7133	B4	1672	cohort_full (23)	11	0
TCGA-KIRC	tumour	TCGA-B4-5844	TCGA-B4-5844-01A	eeb25b36-1272-4092-848e-9807eaed9d4e	FALSE	FALSE	TRUE	TRUE	3.1917	5.987	55031732	7.7406	-0.7999	1.5649	-0.7999	1.5649	0.6005	B4	1672	cohort_full (23)	7	0
TCGA-KIRC	tumour	TCGA-B8-4143	TCGA-B8-4143-01A	fa927427-fa20-44d0-b574-81d99277be8a	FALSE	FALSE	TRUE	FALSE	9.3814	9.2375	46854323	7.6707	2.0285	-1.4549		-1.4549	1.0729	B8	1188	cohort_full (23)	709	1
TCGA-KIRC	tumour	TCGA-B8-4146	TCGA-B8-4146-01B	44c858ac-1ce0-491a-aef5-979224aa09f5	FALSE	FALSE	TRUE	TRUE	5.7404	4.9349	52061235	7.7165	-0.5697	2.1476	-0.5697		0.6364	B8	1672	cohort_full (23)	511	0
TCGA-KIRC	tumour	TCGA-B8-4148	TCGA-B8-4148-01A	6d1cfff6-d608-4ae2-ab75-9dd095323a40	FALSE	FALSE	TRUE	TRUE	9.4689	6.2177	53859079	7.7313	1.4166	1.0635	1.4166	1.0635	0.9321	B8	1325	cohort_full (23)	1520	0
TCGA-KIRC	tumour	TCGA-B8-4151	TCGA-B8-4151-01A	ccb3a294-e4b3-439a-b168-18c3ae05d3b8	FALSE	FALSE	TRUE	TRUE	2.7813	9.1981	46387207	7.6664	-0.2838	0.7725	-0.2838	0.7725	0.6461	B8	1188	cohort_full (23)	1299	0
TCGA-KIRC	tumour	TCGA-B8-4153	TCGA-B8-4153-01B	acf622b2-9d9f-45c4-992d-28165321a955	FALSE	FALSE	TRUE	TRUE	3.9334	10.601	47484210	7.6765	0.252	0.0364	0.252	0.0364	0.7654	B8	1672	cohort_full (23)	762	0
TCGA-KIRC	tumour	TCGA-B8-4154	TCGA-B8-4154-01A	9998fd9d-b7a9-4a9d-b572-19a30a6ff775	FALSE	FALSE	TRUE	TRUE	2.5714	10.4954	61214862	7.7869	-0.1828	0.5222	-0.1828	0.5222	0.7331	B8	1188	cohort_full (23)	1380	0
TCGA-KIRC	normal	TCGA-B8-4619	TCGA-B8-4619-11A	cc455312-98ef-40a7-b2f6-6ee31380b06e	TRUE	FALSE	TRUE	FALSE	2.6553	8.7895	38584396	7.5864	-1.0357	0.3371	-1.4053	1.4494	0.6011	B8	1758	file_aliquot		
TCGA-KIRC	tumour	TCGA-B8-4619	TCGA-B8-4619-01A	5d1a0224-01c6-4843-baab-12f1a56b767a	TRUE	FALSE	TRUE	TRUE	4.5224	8.9761	56791947	7.7543	-0.8364	-0.0325	-0.8364	-0.0325	0.5978	B8	1325	cohort_full (23)	523	0
TCGA-KIRC	normal	TCGA-B8-4620	TCGA-B8-4620-11A	8fe484cf-e146-4b6f-a852-b2510c7eac4b	TRUE	FALSE	TRUE	FALSE	2.8413	7.318	37163703	7.5701	-1.2739	0.1496	-0.2799	-0.048	0.5574	B8	1758	file_aliquot		
TCGA-KIRC	tumour	TCGA-B8-4620	TCGA-B8-4620-01A	a3c824d5-5d92-453e-820b-bf879fa38e59	TRUE	FALSE	TRUE	TRUE	5.8636	7.6708	58904883	7.7702	0.0368	-0.4791	0.0368	-0.4791	0.7482	B8	1325	cohort_full (23)	777	0
TCGA-KIRC	tumour	TCGA-B8-4621	TCGA-B8-4621-01A	843f5279-d6a2-4616-a3e7-985f26247cc7	FALSE	FALSE	TRUE	TRUE	3.7215	9.5699	75123411	7.8758	-0.8423	-0.4424	-0.8423	-0.4424	0.6121	B8	1503	cohort_full (23)	788	0
TCGA-KIRC	normal	TCGA-B8-4622	TCGA-B8-4622-11A	d2f080ca-6e8b-4b9c-b64d-376ca8a8beed	TRUE	FALSE	TRUE	FALSE	1.9043	8.2103	47456105	7.6763	-1.7233	0.431	-1.2243	1.0378	0.4799	B8	1758	file_aliquot		
TCGA-KIRC	tumour	TCGA-B8-4622	TCGA-B8-4622-01A	34fd315d-cfd8-4d85-8114-22311d55a1fc	TRUE	FALSE	TRUE	TRUE	6.73	7.2867	50994088	7.7075	0.7314	0.473	0.7314	0.473	0.8649	B8	1277	cohort_full (23)	1525	0
TCGA-KIRC	tumour	TCGA-B8-5158	TCGA-B8-5158-01A	88aade97-0051-480d-be54-bce61b4e5b91	FALSE	FALSE	TRUE	TRUE	3.2194	6.1388	71455065	7.854	-1.0098	-0.5981	-1.0098	-0.5981	0.6077	B8	1420	cohort_full (23)	1218	0
TCGA-KIRC	tumour	TCGA-B8-5159	TCGA-B8-5159-01A	577d7013-8d37-427c-82b0-24e46b891a34	FALSE	FALSE	TRUE	TRUE	2.9492	8.0107	74586835	7.8727	-1.1022	1.2613	-1.1022	1.2613	0.5586	B8	1420	cohort_full (23)	722	0
TCGA-KIRC	tumour	TCGA-B8-5162	TCGA-B8-5162-01A	dd32c44d-eaf7-4739-94aa-430be880964d	FALSE	FALSE	TRUE	TRUE	1.7181	14.5735	65450211	7.8159	-1.592	-0.509	-1.592	-0.509	0.485	B8	1420	cohort_full (23)	36	0
TCGA-KIRC	tumour	TCGA-B8-5163	TCGA-B8-5163-01A	39c94a70-a68c-405c-bfbf-9675fbb1411a	FALSE	FALSE	TRUE	TRUE	2.1198	6.7889	85506167	7.932	-1.714	-0.4492	-1.714	-0.4492	0.464	B8	1420	cohort_full (23)	822	0
TCGA-KIRC	tumour	TCGA-B8-5164	TCGA-B8-5164-01A	d70aa630-d9c6-49e0-858b-a5a8e268a92b	FALSE	FALSE	TRUE	TRUE	2.8613	7.666	71836640	7.8563	-1.1693	0.7748	-1.1693	0.7748	0.538	B8	1420	cohort_full (23)	26	0
TCGA-KIRC	tumour	TCGA-B8-5165	TCGA-B8-5165-01A	8c4bd061-8371-4313-bfdc-1b2213daea12	FALSE	FALSE	TRUE	TRUE	3.2375	6.8671	70425791	7.8477	-0.8938	1.3768	-0.8938	1.3768	0.6077	B8	1420	cohort_full (23)	737	0
TCGA-KIRC	tumour	TCGA-B8-5545	TCGA-B8-5545-01A	f41b182b-f528-49bf-9d7e-912614796b77	FALSE	FALSE	TRUE	TRUE	2.5048	6.0314	58108861	7.7642	-1.3165	0.5919	-1.3165	0.5919	0.5695	B8	1672	cohort_full (23)	1525	0
TCGA-KIRC	tumour	TCGA-B8-5546	TCGA-B8-5546-01A	5f006edb-0f66-45eb-9a36-e31bbcdf8147	FALSE	FALSE	TRUE	TRUE	2.4063	5.3149	43139506	7.6349	-1.2259	0.4316	-1.2259	0.4316	0.5776	B8	1541	cohort_full (23)	505	0
TCGA-KIRC	normal	TCGA-B8-5549	TCGA-B8-5549-11A	330a912b-ae31-4a54-8611-f32b098ba946	TRUE	FALSE	TRUE	FALSE	3.5521	6.1046	62513382	7.796	-0.7392	0.8652	1.5942	-1.3584	0.7285	B8	1541	file_aliquot		
TCGA-KIRC	tumour	TCGA-B8-5549	TCGA-B8-5549-01A	bddf0976-c04a-4391-b302-732051d506c5	TRUE	FALSE	TRUE	TRUE	2.2203	6.5282	56513157	7.7521	-1.1252	0.7441	-1.1252	0.7441	0.5977	B8	1541	cohort_full (23)	194	0
TCGA-KIRC	tumour	TCGA-B8-5550	TCGA-B8-5550-01A	0897b313-4bb5-4b3c-8146-6b90b58b904c	FALSE	FALSE	TRUE	TRUE	2.0232	5.2573	43350270	7.637	-1.457	-0.1696	-1.457	-0.1696	0.5211	B8	1541	cohort_full (23)	1476	0
TCGA-KIRC	tumour	TCGA-B8-5551	TCGA-B8-5551-01A	71b8a9c9-4822-4b40-be0b-0c06b485975a	FALSE	FALSE	TRUE	TRUE	2.2008	7.8219	53396618	7.7275	-1.3088	-1.5711	-1.3088	-1.5711	0.514	B8	1541	cohort_full (23)	16	0
TCGA-KIRC	normal	TCGA-B8-5552	TCGA-B8-5552-11A	bed26808-c053-4ad1-ba5c-68819d4a6fd1	TRUE	FALSE	TRUE	FALSE	3.3265	5.0788	62662147	7.797	-1.5867	0.6225	0.0938	-1.33	0.5115	B8	1672	file_aliquot		
TCGA-KIRC	tumour	TCGA-B8-5552	TCGA-B8-5552-01B	f18443d3-f207-4c05-9738-d70e10d60cfc	TRUE	FALSE	TRUE	TRUE	3.493	5.9144	65216584	7.8144	-0.6908	0.9268	-0.6908	0.9268	0.6359	B8	1672	cohort_full (23)	1046	0
TCGA-KIRC	tumour	TCGA-B8-5553	TCGA-B8-5553-01A	e0999ea7-e0c9-487f-b8a7-3eda87ab8601	FALSE	FALSE	TRUE	TRUE	2.4718	5.394	56655187	7.7532	-1.056	1.0352	-1.056	1.0352	0.58	B8	1541	cohort_full (23)	435	0
TCGA-KIRC	tumour	TCGA-B8-A54D	TCGA-B8-A54D-01A	3f22ab0f-057b-4d34-8722-63ec8c8d1d33	FALSE	FALSE	TRUE	TRUE	7.52	8.2065	24892811	7.3961	2.1189	-0.4067	2.1189	-0.4067	1.0698	B8	A266	cohort_full (23)	830	0
TCGA-KIRC	tumour	TCGA-B8-A54E	TCGA-B8-A54E-01A	81cbdf35-12a2-435d-bec9-0f52c47f7a0f	FALSE	FALSE	TRUE	TRUE	3.8376	8.4997	44870094	7.652	-0.8123	-0.2299	-0.8123	-0.2299	0.6498	B8	A266	cohort_full (23)	909	0
TCGA-KIRC	tumour	TCGA-B8-A54F	TCGA-B8-A54F-01A	7e479a5b-d557-4838-b415-3ceb31d1a139	FALSE	FALSE	TRUE	TRUE	6.7896	7.0744	24214927	7.3841	0.7699	0.0786	0.7699	0.0786	0.8536	B8	A266	cohort_full (23)	519	0
TCGA-KIRC	tumour	TCGA-B8-A54G	TCGA-B8-A54G-01A	c1873d0a-2c67-44c7-97ba-9a10cd7ed962	FALSE	FALSE	TRUE	TRUE	6.6462	6.7755	42809707	7.6315	1.2958	-0.6449	1.2958	-0.6449	0.948	B8	A266	cohort_full (23)	53	0
TCGA-KIRC	tumour	TCGA-B8-A54H	TCGA-B8-A54H-01A	83eb5df9-30fa-4c4f-a062-5ffe6d7f2c3d	FALSE	FALSE	TRUE	TRUE	5.0068	6.9368	70285171	7.8469	0.6249	0.9032	0.6249	0.9032	0.8165	B8	A33J	cohort_full (23)	256	0
TCGA-KIRC	tumour	TCGA-B8-A54I	TCGA-B8-A54I-01A	eb921878-4c02-4b11-9c4d-84df7926ef70	FALSE	FALSE	TRUE	TRUE	3.8235	14.9904	50634089	7.7044	0.3802	-1.9971	0.3802	-1.9971	0.7915	B8	A33J	cohort_full (23)	150	0
TCGA-KIRC	tumour	TCGA-B8-A54J	TCGA-B8-A54J-01A	fd3d7a82-a316-4df0-9d84-409cb12eb9b1	FALSE	FALSE	TRUE	TRUE	5.099	7.2421	55808350	7.7467	0.6609	0.5767	0.6609	0.5767	0.8116	B8	A33J	cohort_full (23)	528	0
TCGA-KIRC	tumour	TCGA-B8-A54K	TCGA-B8-A54K-01A	d1cd1a00-c44a-4581-ad07-e234303a65b9	FALSE	FALSE	TRUE	TRUE	6.1916	7.683	48597343	7.6866	0.7351	0.2002	0.7351	0.2002	0.8664	B8	A33J	cohort_full (23)	469	0
TCGA-KIRC	tumour	TCGA-B8-A7U6	TCGA-B8-A7U6-01A	7a3b5b7d-67cc-4048-9bd9-9db08bad1601	FALSE	FALSE	TRUE	TRUE	4.4014	6.843	38347288	7.5837	0.2988	0.2832	0.2988	0.2832	0.7544	B8	A37O	cohort_full (23)	495	0
TCGA-KIRC	tumour	TCGA-B8-A8YJ	TCGA-B8-A8YJ-01A	8cd89112-70a7-4f63-9b41-e3379589cb5e	FALSE	FALSE	TRUE	TRUE	4.9819	5.8487	46051007	7.6632	-0.0867	0.0948	-0.0867	0.0948	0.6981	B8	A39I	cohort_full (23)	431	0
TCGA-KIRC	tumour	TCGA-BP-4158	TCGA-BP-4158-01A	ea7e9f5a-844c-4cf4-8f0a-7deab41b5233	FALSE	FALSE	TRUE	TRUE	7.8325	8.6168	52700922	7.7218	1.5398	0.8854	1.5398	0.8854	0.9496	BP	1289	cohort_full (23)	3377	0
TCGA-KIRC	tumour	TCGA-BP-4159	TCGA-BP-4159-01A	16574f32-3388-42a3-a5ca-9248e75fd522	FALSE	FALSE	TRUE	TRUE	2.7897	10.5496	48188046	7.6829	-0.7138	-0.4513	-0.7138	-0.4513	0.6213	BP	1289	cohort_full (23)	2601	1
TCGA-KIRC	tumour	TCGA-BP-4160	TCGA-BP-4160-01A	fc63bae4-fdfb-4990-9902-3e0fb51ec092	FALSE	FALSE	TRUE	TRUE	2.6977	7.5318	34140745	7.5333	-1.1188	0.3475	-1.1188	0.3475	0.5645	BP	1289	cohort_full (23)	2881	0
TCGA-KIRC	tumour	TCGA-BP-4161	TCGA-BP-4161-01A	e1beebe9-dc24-4f9d-a89f-87001fcf25c7	FALSE	FALSE	TRUE	TRUE	8.2321	7.3343	58990347	7.7708	1.1276	0.3293	1.1276	0.3293	0.914	BP	1325	cohort_full (23)	2746	0
TCGA-KIRC	tumour	TCGA-BP-4162	TCGA-BP-4162-01A	7ef1199e-aedb-4470-81a1-70d93655154b	FALSE	FALSE	TRUE	TRUE	7.2879	6.3787	46974249	7.6719	0.4596	0.9869	0.4596	0.9869	0.7587	BP	1325	cohort_full (23)	3074	0
TCGA-KIRC	tumour	TCGA-BP-4163	TCGA-BP-4163-01A	99b8979a-d55a-4c42-9df1-58c9a3f70a92	FALSE	FALSE	TRUE	TRUE	5.4982	7.3387	41035157	7.6132	0.1125	0.0614	0.1125	0.0614	0.7201	BP	1325	cohort_full (23)	2839	0
TCGA-KIRC	tumour	TCGA-BP-4164	TCGA-BP-4164-01A	5acfa9e0-c339-40aa-ab9f-0492fbc6db91	FALSE	FALSE	TRUE	TRUE	8.1931	8.663	37031485	7.5686	1.1455	1.1028	1.1455	1.1028	0.8732	BP	1325	cohort_full (23)	992	1
TCGA-KIRC	tumour	TCGA-BP-4165	TCGA-BP-4165-01A	4962d196-c54d-442d-b7b3-dd34f8082781	FALSE	FALSE	TRUE	TRUE	6.043	8.8376	47708289	7.6786	1.1347	0.1219	1.1347	0.1219	0.87	BP	1289	cohort_full (23)	3037	0
TCGA-KIRC	tumour	TCGA-BP-4166	TCGA-BP-4166-01A	486f1d07-6c9a-445d-b603-129238a55dbb	FALSE	FALSE	TRUE	TRUE	2.7477	16.9772	52592845	7.7209	-0.9802	0.1049	-0.9802	0.1049	0.5922	BP	1289	cohort_full (23)	13	0
TCGA-KIRC	tumour	TCGA-BP-4167	TCGA-BP-4167-01A	d19fa0dd-5832-46a8-a7a0-142075684a55	FALSE	FALSE	TRUE	TRUE	3.5298	9.2748	48834466	7.6887	-0.8466	-2.0806	-0.8466	-2.0806	0.6002	BP	1325	cohort_full (23)	2718	0
TCGA-KIRC	tumour	TCGA-BP-4169	TCGA-BP-4169-01A	f1525d22-a7b0-48b6-ab6e-737b5ebb1a39	FALSE	FALSE	TRUE	TRUE	6.9882	6.9532	78417198	7.8944	0.4776	0.143	0.4776	0.143	0.8015	BP	1289	cohort_full (23)	701	1
TCGA-KIRC	tumour	TCGA-BP-4170	TCGA-BP-4170-01A	61ee46ed-0cb0-428d-806b-db92f33e0c93	FALSE	FALSE	TRUE	TRUE	3.3316	7.601	69458039	7.8417	-0.7061	0.8457	-0.7061	0.8457	0.6134	BP	1289	cohort_full (23)	2343	1
TCGA-KIRC	tumour	TCGA-BP-4173	TCGA-BP-4173-01A	429ed057-ecc0-41e3-8774-afffe246bcee	FALSE	FALSE	TRUE	TRUE	6.5478	6.4425	61614099	7.7897	0.2488	-0.4608	0.2488	-0.4608	0.7604	BP	1289	cohort_full (23)	1893	0
TCGA-KIRC	tumour	TCGA-BP-4174	TCGA-BP-4174-01A	572fb090-3796-4170-829d-7b77c1e8127d	FALSE	FALSE	TRUE	TRUE	3.5425	7.4668	52982772	7.7241	-0.6785	0.1175	-0.6785	0.1175	0.6223	BP	1289	cohort_full (23)	1879	0
TCGA-KIRC	tumour	TCGA-BP-4176	TCGA-BP-4176-01A	61e85059-9ba2-43ba-9246-4731ace197e4	FALSE	FALSE	TRUE	TRUE	4.9107	7.0892	59636591	7.7755	-0.117	-0.2957	-0.117	-0.2957	0.7481	BP	1289	cohort_full (23)	1955	0
TCGA-KIRC	tumour	TCGA-BP-4177	TCGA-BP-4177-01A	7947afe8-e62c-4d32-81d6-5eb44fd1cea6	FALSE	FALSE	TRUE	TRUE	2.3205	7.5491	64350913	7.8086	-1.076	0.0472	-1.076	0.0472	0.6189	BP	1420	cohort_full (23)	1670	0
TCGA-KIRC	tumour	TCGA-BP-4325	TCGA-BP-4325-01A	0f8d808c-2f62-4720-b32c-b5e76adab4ba	FALSE	FALSE	TRUE	TRUE	9.7317	8.1585	56782881	7.7542	1.5729	1.1358	1.5729	1.1358	0.9497	BP	1289	cohort_full (23)	2964	0
TCGA-KIRC	tumour	TCGA-BP-4326	TCGA-BP-4326-01A	3f311bca-c591-4dbe-bfb2-fc513259f21c	FALSE	FALSE	TRUE	TRUE	7.1877	6.8436	62399495	7.7952	0.2826	-0.6063	0.2826	-0.6063	0.7392	BP	1289	cohort_full (23)	1625	1
TCGA-KIRC	tumour	TCGA-BP-4327	TCGA-BP-4327-01A	bb4ec992-dd81-4758-b4f2-7560fbc4cf2b	FALSE	FALSE	TRUE	TRUE	8.7585	7.1676	55168537	7.7417	1.9751	0.0578	1.9751	0.0578	1.0136	BP	1289	cohort_full (23)	109	1
TCGA-KIRC	tumour	TCGA-BP-4329	TCGA-BP-4329-01A	1c38241a-2cdc-4b93-8845-87182a998ef4	FALSE	FALSE	TRUE	TRUE	4.4784	8.4754	65268823	7.8147	-0.3561	0.358	-0.3561	0.358	0.6824	BP	1289	cohort_full (23)	845	1
TCGA-KIRC	tumour	TCGA-BP-4330	TCGA-BP-4330-01A	4d986c3f-bde2-4e66-836d-30b701d0781c	FALSE	FALSE	TRUE	TRUE	7.9034	7.0721	67113418	7.8268	1.4284	0.905	1.4284	0.905	0.9337	BP	1289	cohort_full (23)	1888	0
TCGA-KIRC	tumour	TCGA-BP-4331	TCGA-BP-4331-01A	f462d8a7-549d-4823-be4b-1b5c81678665	FALSE	FALSE	TRUE	TRUE	6.8228	6.4435	62399066	7.7952	1.1859	0.5495	1.1859	0.5495	0.9103	BP	1289	cohort_full (23)	2454	1
TCGA-KIRC	tumour	TCGA-BP-4332	TCGA-BP-4332-01A	a059cc98-e8d4-4428-b326-ac59b5445f67	FALSE	FALSE	TRUE	TRUE	7.2237	6.971	57476948	7.7595	1.2118	0.6216	1.2118	0.6216	0.9469	BP	1289	cohort_full (23)	1133	0
TCGA-KIRC	tumour	TCGA-BP-4334	TCGA-BP-4334-01A	1b242926-e8c1-4f9b-88fa-40211585207e	FALSE	FALSE	TRUE	FALSE	5.638	12.3547	38044152	7.5803	-0.0545	-2.0902			0.7093	BP	1289	cohort_full (23)	645	1
TCGA-KIRC	tumour	TCGA-BP-4335	TCGA-BP-4335-01A	5fc65294-257d-41eb-83b5-1cb566b1743f	FALSE	FALSE	TRUE	TRUE	14.292	8.9838	35970093	7.5559	2.2247	-0.0563	2.2247	-0.0563	1.0675	BP	1289	cohort_full (23)	475	1
TCGA-KIRC	tumour	TCGA-BP-4337	TCGA-BP-4337-01A	6d47118e-cd8a-4d75-970f-2f0f3aff712c	FALSE	FALSE	TRUE	TRUE	7.5825	8.9113	55534352	7.7446	1.6942	-0.9044	1.6942	-0.9044	1.0162	BP	1289	cohort_full (23)	2	1
TCGA-KIRC	tumour	TCGA-BP-4338	TCGA-BP-4338-01A	5b7970e3-9272-4919-beaa-176127e7be10	FALSE	FALSE	TRUE	TRUE	2.597	7.8707	81154686	7.9093	-1.6178	-1.6902	-1.6178	-1.6902	0.4612	BP	1289	cohort_full (23)	2859	0
TCGA-KIRC	tumour	TCGA-BP-4340	TCGA-BP-4340-01A	ffe0d448-20d6-4952-9650-03531ef6fc79	FALSE	FALSE	TRUE	TRUE	10.0672	6.5343	70490286	7.8481	1.4266	1.5085	1.4266	1.5085	0.9321	BP	1289	cohort_full (23)	562	1
TCGA-KIRC	tumour	TCGA-BP-4341	TCGA-BP-4341-01A	cce6300b-bad4-411f-912d-7cb1d9fb9733	FALSE	FALSE	TRUE	TRUE	10.7474	8.6809	58591972	7.7678	2.0858	0.4721	2.0858	0.4721	1.0305	BP	1289	cohort_full (23)	1589	1
TCGA-KIRC	tumour	TCGA-BP-4342	TCGA-BP-4342-01A	fff384b3-f8cc-4754-9860-74863ff3cc23	FALSE	FALSE	TRUE	TRUE	9.8086	7.147	68397186	7.835	1.3413	-0.3665	1.3413	-0.3665	0.9619	BP	1289	cohort_full (23)	2256	1
TCGA-KIRC	tumour	TCGA-BP-4343	TCGA-BP-4343-01A	51a2c5e1-ba04-4178-a5b0-0ac50c870c4e	FALSE	FALSE	TRUE	TRUE	2.0973	7.475	51709482	7.7136	-1.7502	-0.4932	-1.7502	-0.4932	0.4819	BP	1289	cohort_full (23)	1912	1
TCGA-KIRC	tumour	TCGA-BP-4344	TCGA-BP-4344-01A	b4499ca2-b2fa-430b-95f5-8d1e2ca14dc0	FALSE	FALSE	TRUE	TRUE	6.2977	6.9223	54479351	7.7362	0.476	1.0253	0.476	1.0253	0.8028	BP	1289	cohort_full (23)	1666	0
TCGA-KIRC	tumour	TCGA-BP-4345	TCGA-BP-4345-01A	714163fc-e8ac-44f4-9ea6-5ce42e628290	FALSE	FALSE	TRUE	TRUE	6.2682	7.1786	60821738	7.7841	-0.125	-0.7461	-0.125	-0.7461	0.6982	BP	1289	cohort_full (23)	1516	0
TCGA-KIRC	tumour	TCGA-BP-4346	TCGA-BP-4346-01A	588a43e3-60a0-416b-9b79-48d863d054bf	FALSE	FALSE	TRUE	TRUE	9.3655	7.8941	54155308	7.7336	1.8474	0.1291	1.8474	0.1291	1.0039	BP	1289	cohort_full (23)	1493	1
TCGA-KIRC	tumour	TCGA-BP-4347	TCGA-BP-4347-01A	9befd66c-7e2b-4081-b933-3c69d94cad96	FALSE	FALSE	TRUE	TRUE	7.4804	6.6377	83500436	7.9217	0.7763	1.0614	0.7763	1.0614	0.8361	BP	1289	cohort_full (23)	1367	0
TCGA-KIRC	tumour	TCGA-BP-4349	TCGA-BP-4349-01A	c35bcaa8-f2f8-4c08-af74-910f73e5bc94	FALSE	FALSE	TRUE	TRUE	9.8052	7.1917	62449037	7.7955	1.7761	0.4963	1.7761	0.4963	0.9812	BP	1289	cohort_full (23)	372	0
TCGA-KIRC	tumour	TCGA-BP-4351	TCGA-BP-4351-01A	4850ae76-fede-466d-9362-c0d2e16335ad	FALSE	FALSE	TRUE	FALSE	18.1113	7.6639	52550715	7.7206	3.4714	-0.145		-0.145	1.3421	BP	1289	cohort_full (23)	970	0
TCGA-KIRC	tumour	TCGA-BP-4352	TCGA-BP-4352-01A	f7cb60c9-cede-46db-9266-b1437cd06a48	FALSE	FALSE	TRUE	FALSE	12.2833	9.0019	65114330	7.8137	1.9613	-2.818			1.0402	BP	1289	cohort_full (23)	344	1
TCGA-KIRC	tumour	TCGA-BP-4353	TCGA-BP-4353-01A	3c0ebda3-32a1-43ca-9b7b-0cb4c8caa33f	FALSE	FALSE	TRUE	TRUE	5.4653	6.4735	56417896	7.7514	-0.2421	0.434	-0.2421	0.434	0.723	BP	1289	cohort_full (23)	375	1
TCGA-KIRC	tumour	TCGA-BP-4354	TCGA-BP-4354-01A	961f4263-5071-4dfd-b626-346f916b4c9d	FALSE	FALSE	TRUE	TRUE	6.747	5.98	41202095	7.6149	0.092	-1.1866	0.092	-1.1866	0.752	BP	1289	cohort_full (23)	1034	1
TCGA-KIRC	tumour	TCGA-BP-4355	TCGA-BP-4355-01A	9fc9bcd9-af84-44b8-bf83-f130d247e9a1	FALSE	FALSE	TRUE	TRUE	10.9531	6.7959	55712938	7.746	2.2618	0.5382	2.2618	0.5382	1.0683	BP	1289	cohort_full (23)	953	1
TCGA-KIRC	tumour	TCGA-BP-4756	TCGA-BP-4756-01A	1c5ca894-35e2-40f0-9d1a-38d25f6d6d78	FALSE	FALSE	TRUE	TRUE	6.509	7.7043	62601413	7.7966	0.5472	0.191	0.5472	0.191	0.8405	BP	1289	cohort_full (23)	374	0
TCGA-KIRC	tumour	TCGA-BP-4758	TCGA-BP-4758-01A	152893a4-2d02-4941-bbe9-eb038cce9ef2	FALSE	FALSE	TRUE	TRUE	3.794	9.379	70284834	7.8469	-0.0159	-0.4088	-0.0159	-0.4088	0.7036	BP	1289	cohort_full (23)	2208	0
TCGA-KIRC	tumour	TCGA-BP-4759	TCGA-BP-4759-01A	32fb5b1c-5eac-4afc-9eac-fdde0dfe60d8	FALSE	FALSE	TRUE	TRUE	2.6439	9.9791	63652640	7.8038	-0.8984	-0.4378	-0.8984	-0.4378	0.5932	BP	1289	cohort_full (23)	2372	0
TCGA-KIRC	tumour	TCGA-BP-4760	TCGA-BP-4760-01A	9651c36d-8d1e-411a-9d5a-42550b73b426	FALSE	FALSE	TRUE	TRUE	2.9014	6.3724	58214673	7.765	-1.2902	0.1383	-1.2902	0.1383	0.5539	BP	1420	cohort_full (23)	2361	0
TCGA-KIRC	tumour	TCGA-BP-4761	TCGA-BP-4761-01A	8b3d23b8-cf1f-49ed-bd33-f340984cca9b	FALSE	FALSE	TRUE	TRUE	3.6468	9.0583	57492419	7.7596	-0.4372	-3.2801	-0.4372	-3.2801	0.6874	BP	1289	cohort_full (23)	182	0
TCGA-KIRC	tumour	TCGA-BP-4762	TCGA-BP-4762-01A	4dcd0f2b-a6c0-4732-92eb-37a593afd93a	FALSE	FALSE	TRUE	TRUE	2.0345	8.2821	58706336	7.7687	-1.4757	0.6505	-1.4757	0.6505	0.5149	BP	1289	cohort_full (23)	1343	1
TCGA-KIRC	tumour	TCGA-BP-4763	TCGA-BP-4763-01A	578db3bb-5ca7-413d-a38b-79876d4b98ac	FALSE	FALSE	TRUE	TRUE	3.7024	6.7731	55755165	7.7463	-1.0866	0.4209	-1.0866	0.4209	0.5952	BP	1289	cohort_full (23)	1270	1
TCGA-KIRC	tumour	TCGA-BP-4765	TCGA-BP-4765-01A	f7a5094f-fea0-4ddf-ac40-8265cddbabc2	FALSE	FALSE	TRUE	TRUE	6.441	6.8856	68125494	7.8333	0.6925	1.1573	0.6925	1.1573	0.832	BP	1289	cohort_full (23)	2184	0
TCGA-KIRC	tumour	TCGA-BP-4766	TCGA-BP-4766-01A	4b881bd7-355b-4b47-8c00-41734f8e01d2	FALSE	FALSE	TRUE	TRUE	6.6933	6.534	71136965	7.8521	0.849	1.3158	0.849	1.3158	0.8827	BP	1289	cohort_full (23)	1462	0
TCGA-KIRC	tumour	TCGA-BP-4768	TCGA-BP-4768-01A	dcc70515-99c2-4867-b39a-e4c3e3a66430	FALSE	FALSE	TRUE	TRUE	8.0354	7.3756	68398746	7.835	1.0398	0.2821	1.0398	0.2821	0.9087	BP	1289	cohort_full (23)	400	0
TCGA-KIRC	tumour	TCGA-BP-4769	TCGA-BP-4769-01A	c69d9c36-61e3-4985-b17b-b64bd7ed3821	FALSE	FALSE	TRUE	TRUE	4.4619	5.4072	53406781	7.7276	-0.4634	0.011	-0.4634	0.011	0.6868	BP	1289	cohort_full (23)	1876	0
TCGA-KIRC	tumour	TCGA-BP-4770	TCGA-BP-4770-01A	e8a098f6-ed3e-46a8-ae16-2f130a5fb715	FALSE	FALSE	TRUE	TRUE	2.1978	6.6028	74039926	7.8695	-1.7878	-1.9216	-1.7878		0.4528	BP	1503	cohort_full (23)	329	1
TCGA-KIRC	tumour	TCGA-BP-4771	TCGA-BP-4771-01A	ed4e33b6-e610-40f6-a9cb-68d27b24b7ea	FALSE	FALSE	TRUE	TRUE	7.5996	7.2277	63600237	7.8035	1.324	-0.8125	1.324	-0.8125	0.9321	BP	1289	cohort_full (23)	162	1
TCGA-KIRC	tumour	TCGA-BP-4774	TCGA-BP-4774-01A	4d4db765-51e5-4549-a559-114bae985a88	FALSE	FALSE	TRUE	TRUE	8.7234	7.0851	61950421	7.792	1.1813	0.7789	1.1813	0.7789	0.9116	BP	1289	cohort_full (23)	1885	0
TCGA-KIRC	tumour	TCGA-BP-4775	TCGA-BP-4775-01A	df48958f-3172-45ec-a6fb-88fc66ff6ae4	FALSE	FALSE	TRUE	TRUE	8.8313	6.2747	60729554	7.7834	1.1909	1.3003	1.1909	1.3003	0.9264	BP	1289	cohort_full (23)	1843	0
TCGA-KIRC	tumour	TCGA-BP-4776	TCGA-BP-4776-01A	ee6d69a8-5bb0-4271-b349-3bcad539b275	FALSE	FALSE	TRUE	TRUE	4.4901	9.4801	37143398	7.5699	0.92	-0.415	0.92	-0.415	0.8543	BP	1289	cohort_full (23)	411	0
TCGA-KIRC	tumour	TCGA-BP-4777	TCGA-BP-4777-01A	742932b6-cf2c-4750-9a0c-145ec93d1da0	FALSE	FALSE	TRUE	TRUE	4.4314	9.4838	61542029	7.7892	0.0812	-0.0512	0.0812	-0.0512	0.7363	BP	1289	cohort_full (23)	1731	0
TCGA-KIRC	tumour	TCGA-BP-4781	TCGA-BP-4781-01A	5f2edb2e-9b7f-44d6-af6c-ff958631cf6a	FALSE	FALSE	TRUE	TRUE	3.4012	7.6343	57026884	7.7561	-0.9998	0.1952	-0.9998	0.1952	0.6211	BP	1305	cohort_full (23)	2080	0
TCGA-KIRC	tumour	TCGA-BP-4782	TCGA-BP-4782-01A	2670a02b-5a81-45b7-8b6c-f94b21bd2aa1	FALSE	FALSE	TRUE	TRUE	3.0107	6.3673	58521970	7.7673	-0.8585	0.192	-0.8585	0.192	0.64	BP	1420	cohort_full (23)	354	0
TCGA-KIRC	tumour	TCGA-BP-4784	TCGA-BP-4784-01A	0c5ce27e-46a9-4868-880d-c7e87391cdf9	FALSE	FALSE	TRUE	TRUE	2.7809	7.7604	53000806	7.7243	-1.2797	-0.2142	-1.2797	-0.2142	0.5705	BP	1305	cohort_full (23)	1854	0
TCGA-KIRC	tumour	TCGA-BP-4787	TCGA-BP-4787-01A	68aef922-b430-4183-baf0-fd980deaeaa0	FALSE	FALSE	TRUE	TRUE	5.1782	7.7622	53165128	7.7256	-0.3036	-1.1883	-0.3036	-1.1883	0.7103	BP	1305	cohort_full (23)	480	1
TCGA-KIRC	tumour	TCGA-BP-4789	TCGA-BP-4789-01A	976e2956-36c4-4451-94bc-19a9e7bb861c	FALSE	FALSE	TRUE	TRUE	3.8924	7.2305	63981877	7.8061	-0.4815	1.2417	-0.4815	1.2417	0.6705	BP	1305	cohort_full (23)	1489	0
TCGA-KIRC	tumour	TCGA-BP-4790	TCGA-BP-4790-01A	84541c24-ecb8-47a6-9e6f-45a6fe854d93	FALSE	FALSE	TRUE	TRUE	6.7581	6.4362	48341372	7.6843	0.066	0.7402	0.066	0.7402	0.751	BP	1305	cohort_full (23)	1111	1
TCGA-KIRC	tumour	TCGA-BP-4795	TCGA-BP-4795-01A	58585ab6-9163-4bfb-ae55-9529ad1bc3aa	FALSE	FALSE	TRUE	TRUE	2.5162	6.2026	65214296	7.8143	-1.2932	-0.0831	-1.2932	-0.0831	0.5535	BP	1420	cohort_full (23)	620	0
TCGA-KIRC	tumour	TCGA-BP-4797	TCGA-BP-4797-01A	1164d793-7d50-42c9-9b8c-74affd93964d	FALSE	FALSE	TRUE	TRUE	3.1969	8.3127	75166074	7.876	-1.2081	-0.0357	-1.2081	-0.0357	0.5338	BP	1305	cohort_full (23)	1107	0
TCGA-KIRC	tumour	TCGA-BP-4798	TCGA-BP-4798-01A	6b920c35-ec0c-4772-9163-a22f4cb27c9f	FALSE	FALSE	TRUE	TRUE	7.7494	9.2152	59638683	7.7755	0.8489	-1.1181	0.8489	-1.1181	0.8996	BP	1305	cohort_full (23)	334	1
TCGA-KIRC	tumour	TCGA-BP-4799	TCGA-BP-4799-01A	1078f9da-8238-45d4-ac09-a4b5d3b75743	FALSE	FALSE	TRUE	TRUE	3.2668	10.1083	59860427	7.7771	-1.5283	-1.507	-1.5283	-1.507	0.472	BP	1305	cohort_full (23)	1133	1
TCGA-KIRC	tumour	TCGA-BP-4801	TCGA-BP-4801-01A	929af903-a778-4a8c-9d04-de3c9d9df5eb	FALSE	FALSE	TRUE	TRUE	2.4535	6.7706	59532505	7.7748	-1.0367	0.6481	-1.0367	0.6481	0.5898	BP	1420	cohort_full (23)	1124	0
TCGA-KIRC	tumour	TCGA-BP-4803	TCGA-BP-4803-01A	5a1cd867-8bad-4e36-908a-c82b6ae64083	FALSE	FALSE	TRUE	TRUE	4.0244	8.4348	62426005	7.7954	-0.7036	0.3334	-0.7036	0.3334	0.6571	BP	1305	cohort_full (23)	204	0
TCGA-KIRC	tumour	TCGA-BP-4804	TCGA-BP-4804-01A	1a106eaf-ff8d-43eb-8720-8be7ba8d9888	FALSE	FALSE	TRUE	TRUE	4.8583	8.0223	39767215	7.5995	-0.0437	-0.6926	-0.0437	-0.6926	0.7297	BP	1305	cohort_full (23)	1459	0
TCGA-KIRC	tumour	TCGA-BP-4807	TCGA-BP-4807-01A	e8871fd9-41a0-4c1f-b44c-ea7beea35ebe	FALSE	FALSE	TRUE	TRUE	2.8783	9.2345	45688257	7.6598	-1.0551	0.8059	-1.0551	0.8059	0.5976	BP	1305	cohort_full (23)	211	0
TCGA-KIRC	tumour	TCGA-BP-4959	TCGA-BP-4959-01A	bacd130e-c30f-40aa-8e9e-ef8076f7a6db	FALSE	FALSE	TRUE	TRUE	3.1128	8.7511	77411484	7.8888	-1.2189	-0.0257	-1.2189	-0.0257	0.5271	BP	1334	cohort_full (23)	2660	0
TCGA-KIRC	tumour	TCGA-BP-4960	TCGA-BP-4960-01A	eeb522fe-ab63-4e1f-b2cf-de74af6b64f2	FALSE	FALSE	TRUE	TRUE	6.2325	12.0009	66839977	7.825	0.5631	-1.5027	0.5631	-1.5027	0.7895	BP	1334	cohort_full (23)	2172	0
TCGA-KIRC	tumour	TCGA-BP-4961	TCGA-BP-4961-01A	563b7a76-4875-41e3-a39f-c36f4476c159	FALSE	FALSE	TRUE	TRUE	5.0864	7.0548	79877048	7.9024	-0.0971	1.1684	-0.0971	1.1684	0.7227	BP	1334	cohort_full (23)	1935	0
TCGA-KIRC	tumour	TCGA-BP-4962	TCGA-BP-4962-01A	9e969cab-9be7-4aa5-957f-5868071cd1c7	FALSE	FALSE	TRUE	TRUE	2.671	9.6001	72097018	7.8579	-1.1718	-0.9431	-1.1718	-0.9431	0.5529	BP	1334	cohort_full (23)	1785	0
TCGA-KIRC	tumour	TCGA-BP-4963	TCGA-BP-4963-01A	a89b3ab8-977d-4c4d-8323-ca8d6df792e4	FALSE	FALSE	TRUE	TRUE	8.3874	7.8176	61274847	7.7873	1.2428	0.3465	1.2428	0.3465	0.9255	BP	1334	cohort_full (23)	1834	0
TCGA-KIRC	tumour	TCGA-BP-4964	TCGA-BP-4964-01A	00174492-1adc-4310-8147-a622befbb466	FALSE	FALSE	TRUE	TRUE	5.8596	8.7101	76487383	7.8836	0.4475	0.5598	0.4475	0.5598	0.7952	BP	1334	cohort_full (23)	1862	0
TCGA-KIRC	tumour	TCGA-BP-4965	TCGA-BP-4965-01A	4a29721a-1de3-4e14-b905-f39aacb1bd53	FALSE	FALSE	TRUE	TRUE	4.5363	6.4908	93742121	7.9719	-0.4438	1.299	-0.4438	1.299	0.6752	BP	1334	cohort_full (23)	1871	0
TCGA-KIRC	tumour	TCGA-BP-4967	TCGA-BP-4967-01A	c2bbfd1c-59bb-42a8-8987-1d36865ec762	FALSE	FALSE	TRUE	TRUE	5.9666	8.2743	77595505	7.8898	0.3156	0.0187	0.3156	0.0187	0.798	BP	1334	cohort_full (23)	205	0
TCGA-KIRC	tumour	TCGA-BP-4968	TCGA-BP-4968-01A	60ae8b09-673e-418f-abda-7e3ce228c808	FALSE	FALSE	TRUE	TRUE	5.4357	8.0998	73736727	7.8677	0.8862	-0.3543	0.8862	-0.3543	0.8754	BP	1334	cohort_full (23)	1746	0
TCGA-KIRC	tumour	TCGA-BP-4969	TCGA-BP-4969-01A	6dc1b313-81c8-4b4d-8fcd-07ad3fe499f7	FALSE	FALSE	TRUE	TRUE	9.9858	10.1145	65640832	7.8172	2.2102	0.4418	2.2102	0.4418	1.0384	BP	1334	cohort_full (23)	1794	0
TCGA-KIRC	tumour	TCGA-BP-4970	TCGA-BP-4970-01A	ab55b80d-abac-431c-bd6e-e5e1ed46210f	FALSE	FALSE	TRUE	TRUE	3.794	6.6481	89927393	7.9539	-0.9454	0.6437	-0.9454	0.6437	0.5885	BP	1334	cohort_full (23)	433	0
TCGA-KIRC	tumour	TCGA-BP-4971	TCGA-BP-4971-01A	6b95e135-1a51-4d0c-bd2c-ab55273a3eb7	FALSE	FALSE	TRUE	FALSE	13.0864	9.0325	74020443	7.8694	2.8678	-1.002		-1.002	1.1625	BP	1334	cohort_full (23)	1487	0
TCGA-KIRC	tumour	TCGA-BP-4972	TCGA-BP-4972-01A	e6a09aba-4d6e-4079-9b34-0e9caf705885	FALSE	FALSE	TRUE	TRUE	5.0687	7.156	95820546	7.9815	-0.2118	0.8244	-0.2118	0.8244	0.6775	BP	1334	cohort_full (23)	1502	0
TCGA-KIRC	tumour	TCGA-BP-4973	TCGA-BP-4973-01A	6d560c49-6d99-467b-b2a9-5d236eff9f87	FALSE	FALSE	TRUE	TRUE	8.9352	8.0829	83508225	7.9217	1.4046	0.807	1.4046	0.807	0.9349	BP	1334	cohort_full (23)	1384	0
TCGA-KIRC	tumour	TCGA-BP-4974	TCGA-BP-4974-01A	4ab781c9-0569-4b74-b233-a8d898392f66	FALSE	FALSE	TRUE	TRUE	10.4979	6.7845	87451167	7.9418	1.6435	0.7849	1.6435	0.7849	0.9823	BP	1334	cohort_full (23)	211	1
TCGA-KIRC	tumour	TCGA-BP-4975	TCGA-BP-4975-01A	c55cb5e4-8428-4a52-9a84-101b6e823265	FALSE	FALSE	TRUE	TRUE	4.1536	8.3211	92577693	7.9665	-0.3681	1.0889	-0.3681	1.0889	0.6809	BP	1334	cohort_full (23)	1433	0
TCGA-KIRC	tumour	TCGA-BP-4976	TCGA-BP-4976-01A	ba97a1ce-36b3-4212-960b-b64a7cc2ea82	FALSE	FALSE	TRUE	TRUE	2.7527	7.041	84984153	7.9293	-1.1688	1.4639	-1.1688	1.4639	0.5427	BP	1334	cohort_full (23)	1632	0
TCGA-KIRC	tumour	TCGA-BP-4977	TCGA-BP-4977-01A	3bca5269-8bb3-4826-bc22-e7b068853f45	FALSE	FALSE	TRUE	TRUE	9.1697	8.1886	77061364	7.8868	1.593	0.184	1.593	0.184	1.0456	BP	1334	cohort_full (23)	454	0
TCGA-KIRC	tumour	TCGA-BP-4981	TCGA-BP-4981-01A	b65b4ebc-e8b9-4926-8761-56b99fbd9e9a	FALSE	FALSE	TRUE	TRUE	7.6044	11.6143	58983423	7.7707	1.5046	-1.0727	1.5046	-1.0727	0.9313	BP	1334	cohort_full (23)	1097	1
TCGA-KIRC	tumour	TCGA-BP-4982	TCGA-BP-4982-01A	5d803708-5262-42a8-a390-71a3d800347d	FALSE	FALSE	TRUE	TRUE	7.2905	6.4207	78085222	7.8926	0.8621	1.4204	0.8621	1.4204	0.8633	BP	1334	cohort_full (23)	1014	0
TCGA-KIRC	tumour	TCGA-BP-4983	TCGA-BP-4983-01A	017de1fe-6f36-4324-a20a-9d9ee3439d8f	FALSE	FALSE	TRUE	TRUE	5.9577	7.9732	68451637	7.8354	-0.1236	-1.7829	-0.1236	-1.7829	0.6545	BP	1334	cohort_full (23)	1413	0
TCGA-KIRC	tumour	TCGA-BP-4985	TCGA-BP-4985-01A	8e4576b0-ae52-47fa-b4a0-eaaed1fefcd2	FALSE	FALSE	TRUE	TRUE	4.1935	8.9187	74403099	7.8716	-1.3049	-1.1602	-1.3049	-1.1602	0.5156	BP	1334	cohort_full (23)	952	1
TCGA-KIRC	tumour	TCGA-BP-4986	TCGA-BP-4986-01A	dd7f3972-e7c6-422b-84ed-a8038645a52b	FALSE	FALSE	TRUE	TRUE	7.9335	7.455	74464511	7.8719	0.4626	-0.1274	0.4626	-0.1274	0.8149	BP	1334	cohort_full (23)	785	0
TCGA-KIRC	tumour	TCGA-BP-4987	TCGA-BP-4987-01A	72595e5d-dab6-4d89-8332-6b0a599e218b	FALSE	FALSE	TRUE	TRUE	6.9613	8.1177	67037096	7.8263	0.8995	1.3083	0.8995	1.3083	0.8386	BP	1334	cohort_full (23)	1124	0
TCGA-KIRC	tumour	TCGA-BP-4988	TCGA-BP-4988-01A	e59a58f3-d886-45a8-a296-263297839a63	FALSE	FALSE	TRUE	FALSE	17.8386	8.2918	53485229	7.7282	3.508	-0.7334		-0.7334	1.3311	BP	1334	cohort_full (23)	828	1
TCGA-KIRC	tumour	TCGA-BP-4989	TCGA-BP-4989-01A	c4143095-ebf5-4ce2-91fe-6aea9cc62cc7	FALSE	FALSE	TRUE	TRUE	11.4027	11.5909	72374582	7.8596	2.1182	-0.893	2.1182	-0.893	1.069	BP	1334	cohort_full (23)	118	0
TCGA-KIRC	tumour	TCGA-BP-4991	TCGA-BP-4991-01A	54813ceb-f5c7-4c62-8b0a-047145bb6bae	FALSE	FALSE	TRUE	TRUE	8.2994	6.7511	81408319	7.9107	0.9176	1.261	0.9176	1.261	0.8976	BP	1334	cohort_full (23)	1413	0
TCGA-KIRC	tumour	TCGA-BP-4992	TCGA-BP-4992-01A	c0ab320a-1952-4875-af3e-9f30dcc2406b	FALSE	FALSE	TRUE	FALSE	12.5232	13.3951	55831491	7.7469	3.0249	-1.9243		-1.9243	1.1732	BP	1334	cohort_full (23)	501	0
TCGA-KIRC	tumour	TCGA-BP-4993	TCGA-BP-4993-01A	49ddcd56-df4a-4136-a743-c21bb6bfd8a6	FALSE	FALSE	TRUE	TRUE	3.8529	7.1246	54885465	7.7395	-0.2931	0.568	-0.2931	0.568	0.6756	BP	1420	cohort_full (23)	177	0
TCGA-KIRC	tumour	TCGA-BP-4994	TCGA-BP-4994-01A	ce71f29f-134d-4749-bf42-c9620e5c8651	FALSE	FALSE	TRUE	TRUE	5.9862	8.7941	89147432	7.9501	-0.4206	0.7121	-0.4206	0.7121	0.6996	BP	1334	cohort_full (23)	1308	0
TCGA-KIRC	tumour	TCGA-BP-4995	TCGA-BP-4995-01A	7c7bfa90-8754-4170-b009-ba858bddcb38	FALSE	FALSE	TRUE	TRUE	5.3745	8.6812	87298262	7.941	-0.4276	0.9497	-0.4276	0.9497	0.7005	BP	1334	cohort_full (23)	1371	0
TCGA-KIRC	tumour	TCGA-BP-4998	TCGA-BP-4998-01A	5d956a24-693e-47ad-b315-180c86a0528e	FALSE	FALSE	TRUE	TRUE	9.2539	6.89	76947871	7.8862	1.0662	0.349	1.0662	0.349	0.9153	BP	1334	cohort_full (23)	932	0
TCGA-KIRC	tumour	TCGA-BP-4999	TCGA-BP-4999-01A	862e5c87-bed8-4310-b9ed-1018568bdc78	FALSE	FALSE	TRUE	TRUE	6.8841	7.6618	85809977	7.9335	0.6851	1.4336	0.6851	1.4336	0.8331	BP	1334	cohort_full (23)	1266	0
TCGA-KIRC	tumour	TCGA-BP-5000	TCGA-BP-5000-01A	62482815-63b6-4df9-8698-44a2d5cdafaf	FALSE	FALSE	TRUE	TRUE	4.7086	11.3117	67825226	7.8314	0.1028	-1.1741	0.1028	-1.1741	0.7423	BP	1334	cohort_full (23)	563	0
TCGA-KIRC	tumour	TCGA-BP-5001	TCGA-BP-5001-01A	03c6d5d2-1a33-4ae7-9421-f43b14fc97bd	FALSE	FALSE	TRUE	TRUE	10.2287	10.5328	58161268	7.7646	2.2448	-0.1885	2.2448	-0.1885	1.0416	BP	1334	cohort_full (23)	1177	0
TCGA-KIRC	tumour	TCGA-BP-5004	TCGA-BP-5004-01A	70060c00-5e4c-41f0-abff-f573881194aa	FALSE	FALSE	TRUE	TRUE	6.6341	7.3495	82676036	7.9174	0.3384	1.101	0.3384	1.101	0.7683	BP	1334	cohort_full (23)	1126	0
TCGA-KIRC	tumour	TCGA-BP-5006	TCGA-BP-5006-01A	ba3ab6f6-109b-485c-b600-d6cf3edb4b28	FALSE	FALSE	TRUE	TRUE	4.5533	8.8055	71663603	7.8553	-0.054	0.8772	-0.054	0.8772	0.7115	BP	1334	cohort_full (23)	840	0
TCGA-KIRC	tumour	TCGA-BP-5007	TCGA-BP-5007-01A	a3bdc783-f9de-42d6-b0ad-eadec504b7d8	FALSE	FALSE	TRUE	TRUE	8.0353	8.0712	69585622	7.8425	1.2528	0.6436	1.2528	0.6436	0.9289	BP	1334	cohort_full (23)	1140	0
TCGA-KIRC	tumour	TCGA-BP-5008	TCGA-BP-5008-01A	40b17492-39d1-4ce2-8f91-9e1cba32f42a	FALSE	FALSE	TRUE	TRUE	6.4994	7.7487	75553323	7.8783	0.2411	0.6475	0.2411	0.6475	0.7716	BP	1334	cohort_full (23)	1071	0
TCGA-KIRC	tumour	TCGA-BP-5009	TCGA-BP-5009-01A	813cb150-7ef6-4fa7-9a64-c70f9401513c	FALSE	FALSE	TRUE	TRUE	6.2622	12.037	75786911	7.8796	0.3606	-0.8921	0.3606	-0.8921	0.7815	BP	1334	cohort_full (23)	1092	1
TCGA-KIRC	tumour	TCGA-BP-5010	TCGA-BP-5010-01A	c59faf4c-0b9f-4c20-acd2-0804a8c9d96c	FALSE	FALSE	TRUE	TRUE	5.092	9.6308	48109671	7.6822	0.339	-1.4636	0.339	-1.4636	0.7839	BP	1420	cohort_full (23)	878	1
TCGA-KIRC	tumour	TCGA-BP-5168	TCGA-BP-5168-01A	8eb67e14-ab2d-4d8c-a945-fbdc6ad6a7be	FALSE	FALSE	TRUE	TRUE	2.7532	7.5402	49370344	7.6935	-0.6646	0.8657	-0.6646	0.8657	0.6235	BP	1420	cohort_full (23)	1463	1
TCGA-KIRC	tumour	TCGA-BP-5169	TCGA-BP-5169-01A	1d4c5088-5f7a-4ac9-8a04-46288af80215	FALSE	FALSE	TRUE	TRUE	3.2225	15.2575	66984537	7.826	-0.088	-2.8437	-0.088	-2.8437	0.7109	BP	1426	cohort_full (23)	193	0
TCGA-KIRC	tumour	TCGA-BP-5170	TCGA-BP-5170-01A	c116495e-d80b-4f43-90ed-7103a83a284c	FALSE	FALSE	TRUE	TRUE	2.0484	8.6027	50697821	7.705	-1.2587	-0.4901	-1.2587	-0.4901	0.5671	BP	1426	cohort_full (23)	2412	0
TCGA-KIRC	tumour	TCGA-BP-5173	TCGA-BP-5173-01A	be6fa48c-95e0-4a7f-aa05-362d1b7a5a4a	FALSE	FALSE	TRUE	TRUE	2.7683	7.5024	62815614	7.7981	-0.8233	0.2996	-0.8233	0.2996	0.5944	BP	1426	cohort_full (23)	62	1
TCGA-KIRC	tumour	TCGA-BP-5174	TCGA-BP-5174-01A	8225b9d3-d25a-4f08-b369-d0ac81a8748c	FALSE	FALSE	TRUE	TRUE	3.4757	7.6955	62062695	7.7928	-0.4965	-0.2656	-0.4965	-0.2656	0.6188	BP	1426	cohort_full (23)	2257	0
TCGA-KIRC	tumour	TCGA-BP-5175	TCGA-BP-5175-01A	6d481b79-8322-4ac0-93ba-aaa34fd41ed9	FALSE	FALSE	TRUE	TRUE	3.8034	9.2141	61653700	7.79	-0.3879	-2.779	-0.3879	-2.779	0.6356	BP	1426	cohort_full (23)	932	0
TCGA-KIRC	tumour	TCGA-BP-5176	TCGA-BP-5176-01A	c876a9c8-43b4-47ed-ba9d-727439ab8ef5	FALSE	FALSE	TRUE	TRUE	2.269	7.9466	72367713	7.8595	-0.9902	0.2543	-0.9902	0.2543	0.5857	BP	1426	cohort_full (23)	1590	1
TCGA-KIRC	tumour	TCGA-BP-5177	TCGA-BP-5177-01A	7fc459c0-68f0-414f-ad41-737b4de021be	FALSE	FALSE	TRUE	TRUE	3.2992	7.6797	54354565	7.7352	-0.3295	0.1974	-0.3295	0.1974	0.67	BP	1426	cohort_full (23)	293	0
TCGA-KIRC	tumour	TCGA-BP-5178	TCGA-BP-5178-01A	c0a56cd2-b888-4ced-9f5c-0e450d539045	FALSE	FALSE	TRUE	TRUE	2.0695	10.4112	71814788	7.8562	-1.3371	-1.8232	-1.3371	-1.8232	0.522	BP	1426	cohort_full (23)	1912	1
TCGA-KIRC	tumour	TCGA-BP-5180	TCGA-BP-5180-01A	b10d2838-f728-467e-8582-369ad21a98a2	FALSE	FALSE	TRUE	TRUE	3.2551	7.6897	67379546	7.8285	-0.5173	-0.733	-0.5173	-0.733	0.6915	BP	1426	cohort_full (23)	2263	0
TCGA-KIRC	tumour	TCGA-BP-5181	TCGA-BP-5181-01A	a78e44f3-6e93-47f4-9653-2ce1b1d7d25d	FALSE	FALSE	TRUE	TRUE	2.1846	6.3888	58143658	7.7645	-0.9485	1.1029	-0.9485	1.1029	0.5983	BP	1426	cohort_full (23)	1495	0
TCGA-KIRC	tumour	TCGA-BP-5182	TCGA-BP-5182-01A	09c297be-f824-4a0b-ae20-57ecf089a7d5	FALSE	FALSE	TRUE	TRUE	2.6347	6.2458	71684706	7.8554	-1.0753	-0.0419	-1.0753	-0.0419	0.5548	BP	1426	cohort_full (23)	1165	0
TCGA-KIRC	tumour	TCGA-BP-5183	TCGA-BP-5183-01A	b437c402-fc0d-4268-811e-d9a5a8280aca	FALSE	FALSE	TRUE	TRUE	7.2012	7.7642	50511690	7.7034	0.4076	0.1793	0.4076	0.1793	0.8272	BP	1426	cohort_full (23)	1291	0
TCGA-KIRC	tumour	TCGA-BP-5184	TCGA-BP-5184-01A	6838acd3-3b0b-4ba4-b9da-1d0ffe9c5640	FALSE	FALSE	TRUE	TRUE	3.8321	7.4404	47068906	7.6727	-0.4845	0.9055	-0.4845	0.9055	0.6718	BP	1426	cohort_full (23)	1133	0
TCGA-KIRC	tumour	TCGA-BP-5185	TCGA-BP-5185-01A	5eb4cdf7-10ee-4e24-801c-7297b5b3ebd7	FALSE	FALSE	TRUE	TRUE	2.4904	17.2256	44318355	7.6466	-0.4982	-1.7613	-0.4982	-1.7613	0.5915	BP	1426	cohort_full (23)	1132	0
TCGA-KIRC	tumour	TCGA-BP-5186	TCGA-BP-5186-01A	02f13d48-a03a-42e8-917d-e5d9025e2898	FALSE	FALSE	TRUE	TRUE	4.6656	6.858	60545099	7.7821	-0.0249	1.4061	-0.0249	1.4061	0.7177	BP	1426	cohort_full (23)	693	0
TCGA-KIRC	tumour	TCGA-BP-5187	TCGA-BP-5187-01A	07857799-d6eb-4a80-83b5-aad368e6cd3c	FALSE	FALSE	TRUE	TRUE	6.5391	4.8351	35004684	7.5441	-0.7748	0.5645	-0.7748	0.5645	0.6602	BP	1426	cohort_full (23)	406	0
TCGA-KIRC	tumour	TCGA-BP-5189	TCGA-BP-5189-01A	36513c94-fb14-4008-838a-13d23d609382	FALSE	FALSE	TRUE	TRUE	4.171	6.4143	96236169	7.9833	-0.7069	0.3004	-0.7069	0.3004	0.6282	BP	1426	cohort_full (23)	822	1
TCGA-KIRC	tumour	TCGA-BP-5190	TCGA-BP-5190-01A	58cdb5fa-ab1d-4b7c-a790-4c81cd86efc4	FALSE	FALSE	TRUE	TRUE	4.0379	9.8004	60364090	7.7808	0.0177	-0.372	0.0177	-0.372	0.7307	BP	1426	cohort_full (23)	1011	0
TCGA-KIRC	tumour	TCGA-BP-5191	TCGA-BP-5191-01A	822bf4fe-8d43-47c8-9906-5d38c4a21f27	FALSE	FALSE	TRUE	TRUE	3.9215	13.1721	59123877	7.7718	-0.2223	-2.4701	-0.2223	-2.4701	0.6904	BP	1426	cohort_full (23)	967	0
TCGA-KIRC	tumour	TCGA-BP-5192	TCGA-BP-5192-01A	451091ae-1364-4e63-b2c6-82e72aae9458	FALSE	FALSE	TRUE	TRUE	3.1324	6.5102	66639681	7.8237	-0.423	1.4472	-0.423	1.4472	0.6711	BP	1426	cohort_full (23)	714	0
TCGA-KIRC	tumour	TCGA-BP-5194	TCGA-BP-5194-01A	dcead401-3e21-4718-9ce1-863177be3f10	FALSE	FALSE	TRUE	TRUE	3.1418	6.7492	80401745	7.9053	-0.6968	1.2739	-0.6968	1.2739	0.6389	BP	1426	cohort_full (23)	408	0
TCGA-KIRC	tumour	TCGA-BP-5195	TCGA-BP-5195-01A	cbabaf06-c15c-4655-a6c2-89a523ec7a9e	FALSE	FALSE	TRUE	TRUE	3.1242	7.0469	68383135	7.8349	-0.8562	0.3327	-0.8562	0.3327	0.6163	BP	1426	cohort_full (23)	749	0
TCGA-KIRC	tumour	TCGA-BP-5196	TCGA-BP-5196-01A	9b794c4e-3176-4cdf-b59b-2b1a13bd603a	FALSE	FALSE	TRUE	TRUE	3.7907	6.4635	55739483	7.7462	-0.3209	-1.0553	-0.3209	-1.0553	0.6897	BP	1426	cohort_full (23)	1018	0
TCGA-KIRC	tumour	TCGA-BP-5198	TCGA-BP-5198-01A	9315dffd-edea-4710-92a8-810998e08cb1	FALSE	FALSE	TRUE	TRUE	2.2809	6.2667	64424536	7.8091	-1.3478	-0.7085	-1.3478	-0.7085	0.518	BP	1426	cohort_full (23)	603	0
TCGA-KIRC	tumour	TCGA-BP-5199	TCGA-BP-5199-01A	d014104d-47ca-441c-9756-66672008cb14	FALSE	FALSE	TRUE	TRUE	7.713	6.6429	68358746	7.8348	1.1303	-0.7201	1.1303	-0.7201	0.9216	BP	1426	cohort_full (23)	1355	0
TCGA-KIRC	tumour	TCGA-BP-5200	TCGA-BP-5200-01A	c35af344-001b-434d-8756-e410748e8df1	FALSE	FALSE	TRUE	TRUE	2.5296	7.1631	84392650	7.9263	-1.2013	0.87	-1.2013	0.87	0.5112	BP	1426	cohort_full (23)	1063	0
TCGA-KIRC	tumour	TCGA-BP-5201	TCGA-BP-5201-01A	902fddff-c332-4871-bf4e-c9fa0445f2a2	FALSE	FALSE	TRUE	TRUE	8.424	7.7971	66218799	7.821	0.3199	-0.2894	0.3199	-0.2894	0.7878	BP	1426	cohort_full (23)	951	0
TCGA-KIRC	tumour	TCGA-BP-5202	TCGA-BP-5202-01A	cd6333d6-6973-4278-8c7d-ad89e71bd508	FALSE	FALSE	TRUE	TRUE	3.7508	7.5628	74340275	7.8712	-0.4489	1.1179	-0.4489	1.1179	0.6604	BP	1426	cohort_full (23)	29	0
TCGA-KIRC	tumour	TCGA-CJ-4634	TCGA-CJ-4634-01A	80a63e36-0f14-4d11-880b-c9c425034d5b	FALSE	FALSE	TRUE	TRUE	7.0472	5.9253	55409263	7.7436	0.9331	1.4192	0.9331	1.4192	0.8626	CJ	1325	cohort_full (23)	3498	0
TCGA-KIRC	tumour	TCGA-CJ-4635	TCGA-CJ-4635-01A	b9015212-73c0-4247-9848-95ac288ffb3c	FALSE	FALSE	TRUE	TRUE	9.0734	7.1837	42220164	7.6255	1.3549	0.0168	1.3549	0.0168	0.9866	CJ	1305	cohort_full (23)	1416	0
TCGA-KIRC	tumour	TCGA-CJ-4636	TCGA-CJ-4636-01A	617f7aad-7b59-4e20-8e1c-fa324cc1bef4	FALSE	FALSE	TRUE	TRUE	7.3182	8.0584	45356083	7.6566	0.7331	-0.5842	0.7331	-0.5842	0.8332	CJ	1325	cohort_full (23)	1924	0
TCGA-KIRC	tumour	TCGA-CJ-4637	TCGA-CJ-4637-01A	f8a0a7cf-0444-4039-a255-6d31bcf748ac	FALSE	FALSE	TRUE	TRUE	7.3772	7.4309	50616907	7.7043	0.9407	-0.8024	0.9407	-0.8024	0.8923	CJ	1325	cohort_full (23)	2227	1
TCGA-KIRC	tumour	TCGA-CJ-4638	TCGA-CJ-4638-01A	f44064f2-9839-4e4f-9510-8a5dd0ee1e56	FALSE	FALSE	TRUE	TRUE	10.4329	8.8102	40692360	7.6095	1.7243	-1.3972	1.7243	-1.3972	0.9954	CJ	1325	cohort_full (23)	431	1
TCGA-KIRC	tumour	TCGA-CJ-4639	TCGA-CJ-4639-01A	000d81dd-9ba4-4852-9090-2bf22f6483f0	FALSE	FALSE	TRUE	TRUE	8.271	6.7225	35895070	7.555	0.804	1.5493	0.804	1.5493	0.8438	CJ	1325	cohort_full (23)	3229	0
TCGA-KIRC	tumour	TCGA-CJ-4640	TCGA-CJ-4640-01A	f43cfd22-5e58-4369-9ea0-a0b6cc63a7db	FALSE	FALSE	TRUE	TRUE	2.8291	7.1284	60199583	7.7796	-1.0341	-0.16	-1.0341	-0.16	0.599	CJ	1325	cohort_full (23)	3480	0
TCGA-KIRC	tumour	TCGA-CJ-4641	TCGA-CJ-4641-01A	12e9affd-cc06-49d9-b485-47e7034be973	FALSE	FALSE	TRUE	TRUE	6.6949	7.0553	52066033	7.7166	0.6341	-0.267	0.6341	-0.267	0.8182	CJ	1325	cohort_full (23)	1661	1
TCGA-KIRC	tumour	TCGA-CJ-4643	TCGA-CJ-4643-01A	2693e892-e285-4d51-b84a-7498437b6956	FALSE	FALSE	TRUE	TRUE	8.3811	6.3226	60642176	7.7828	1.0832	1.3471	1.0832	1.3471	0.8902	CJ	1325	cohort_full (23)	1793	0
TCGA-KIRC	tumour	TCGA-CJ-4644	TCGA-CJ-4644-01A	39b522e7-162a-42e6-bdcc-a156016b9a81	FALSE	FALSE	TRUE	TRUE	2.0547	7.4533	52396324	7.7193	-1.3314	0.774	-1.3314	0.774	0.5366	CJ	1325	cohort_full (23)	336	1
TCGA-KIRC	tumour	TCGA-CJ-4868	TCGA-CJ-4868-01A	a5f24f1a-a847-41da-a4ad-9f55b12ce08e	FALSE	FALSE	TRUE	TRUE	4.6662	8.6795	46247269	7.6651	-0.5168	-0.9255	-0.5168	-0.9255	0.6697	CJ	1305	cohort_full (23)	646	1
TCGA-KIRC	tumour	TCGA-CJ-4869	TCGA-CJ-4869-01A	2e5ca57e-8530-43b5-806f-8915d421552f	FALSE	FALSE	TRUE	TRUE	2.273	8.1931	69697930	7.8432	-1.0808	-1.2814	-1.0808	-1.2814	0.569	CJ	1426	cohort_full (23)	2554	0
TCGA-KIRC	tumour	TCGA-CJ-4870	TCGA-CJ-4870-01A	5eae461a-399f-4f2b-ab9a-e92aba32ce14	FALSE	FALSE	TRUE	TRUE	1.9933	8.7909	52842980	7.723	-0.9111	0.5061	-0.9111	0.5061	0.5939	CJ	1305	cohort_full (23)	1498	0
TCGA-KIRC	tumour	TCGA-CJ-4871	TCGA-CJ-4871-01A	3629b10d-fb7e-47a0-b2d2-4320de98fa17	FALSE	FALSE	TRUE	TRUE	2.9772	7.4833	60795263	7.7839	-1.1117	-0.0918	-1.1117	-0.0918	0.5915	CJ	1305	cohort_full (23)	2423	0
TCGA-KIRC	tumour	TCGA-CJ-4872	TCGA-CJ-4872-01A	726754a2-6158-4eae-a2ce-5f880d33823e	FALSE	FALSE	TRUE	TRUE	5.2353	7.9259	60609887	7.7825	0.0156	-0.2339	0.0156	-0.2339	0.7633	CJ	1305	cohort_full (23)	1435	0
TCGA-KIRC	tumour	TCGA-CJ-4873	TCGA-CJ-4873-01A	636b709e-402e-4c0c-8ee3-a5dff383abfd	FALSE	FALSE	TRUE	TRUE	7.6493	9.5109	44089301	7.6443	1.3864	-2.0212	1.3864	-2.0212	0.9431	CJ	1305	cohort_full (23)	1776	0
TCGA-KIRC	tumour	TCGA-CJ-4874	TCGA-CJ-4874-01A	336a927a-fe7a-4c77-8fcb-5307cfd145c4	FALSE	FALSE	TRUE	TRUE	2.4331	7.4647	58842095	7.7697	-1.0624	0.9989	-1.0624	0.9989	0.5767	CJ	1305	cohort_full (23)	2283	0
TCGA-KIRC	tumour	TCGA-CJ-4875	TCGA-CJ-4875-01A	c64293ef-e723-4fe6-8cfa-fe36d07bad81	FALSE	FALSE	TRUE	TRUE	6.119	10.8451	52422810	7.7195	1.7659	-0.6395	1.7659	-0.6395	0.9964	CJ	1305	cohort_full (23)	3554	1
TCGA-KIRC	tumour	TCGA-CJ-4876	TCGA-CJ-4876-01A	08e51a10-bb34-448d-bc76-c02834852933	FALSE	FALSE	TRUE	TRUE	5.9875	7.9241	53277314	7.7265	0.6846	-0.0926	0.6846	-0.0926	0.8353	CJ	1305	cohort_full (23)	1955	0
TCGA-KIRC	tumour	TCGA-CJ-4878	TCGA-CJ-4878-01A	8af84f63-5974-4e14-b818-73eb8678eaab	FALSE	FALSE	TRUE	TRUE	11.1107	7.1142	42121819	7.6245	1.7527	0.6194	1.7527	0.6194	0.9479	CJ	1305	cohort_full (23)	2186	0
TCGA-KIRC	tumour	TCGA-CJ-4881	TCGA-CJ-4881-01A	c04d9806-d86b-4afd-9481-89037aa621d1	FALSE	FALSE	TRUE	TRUE	6.6123	8.8583	53624224	7.7294	0.8516	-1.6681	0.8516	-1.6681	0.9039	CJ	1305	cohort_full (23)	2014	0
TCGA-KIRC	tumour	TCGA-CJ-4882	TCGA-CJ-4882-01A	a936147d-36de-4749-9f38-c80e955c7186	FALSE	FALSE	TRUE	TRUE	20.048	8.1532	41877792	7.622	0.5834	-1.3233	0.5834	-1.3233	0.8947	CJ	1426	cohort_full (23)	1883	0
TCGA-KIRC	tumour	TCGA-CJ-4884	TCGA-CJ-4884-01A	0bbde4ab-4f9d-478b-a168-055e489b53f2	FALSE	FALSE	TRUE	TRUE	6.4322	9.2307	68372458	7.8349	0.5543	-0.1542	0.5543	-0.1542	0.7809	CJ	1305	cohort_full (23)	1759	0
TCGA-KIRC	tumour	TCGA-CJ-4885	TCGA-CJ-4885-01A	4fc55db0-591e-4931-91c3-75d515504117	FALSE	FALSE	TRUE	TRUE	2.8628	9.4292	63270999	7.8012	-0.8354	0.6031	-0.8354	0.6031	0.6069	CJ	1305	cohort_full (23)	3451	0
TCGA-KIRC	tumour	TCGA-CJ-4886	TCGA-CJ-4886-01A	bd1ebebf-1e32-4c8e-a476-a429bfbc3d46	FALSE	FALSE	TRUE	TRUE	4.7566	6.7468	55456031	7.7439	-0.1377	1.042	-0.1377	1.042	0.7195	CJ	1305	cohort_full (23)	1952	0
TCGA-KIRC	tumour	TCGA-CJ-4887	TCGA-CJ-4887-01A	4a0d03ae-65be-4168-89c9-0a756f0e47fc	FALSE	FALSE	TRUE	TRUE	6.0761	9.0186	55288678	7.7426	0.8714	-0.6542	0.8714	-0.6542	0.8493	CJ	1305	cohort_full (23)	932	1
TCGA-KIRC	tumour	TCGA-CJ-4888	TCGA-CJ-4888-01A	160f9fb3-e1e0-4f32-ab86-9555e838a0a0	FALSE	FALSE	TRUE	TRUE	4.5596	10.1276	72076410	7.8578	-0.2514	-1.1328	-0.2514	-1.1328	0.6875	CJ	1305	cohort_full (23)	1567	1
TCGA-KIRC	tumour	TCGA-CJ-4889	TCGA-CJ-4889-01A	dab754d3-54c4-4941-879a-dc107def74d8	FALSE	FALSE	TRUE	TRUE	3.6494	9.2559	64054367	7.8065	-0.4012	0.3842	-0.4012	0.3842	0.7062	CJ	1305	cohort_full (23)	1946	0
TCGA-KIRC	tumour	TCGA-CJ-4890	TCGA-CJ-4890-01A	e11c27d0-d5a0-4e7f-83e6-83b79f64d962	FALSE	FALSE	TRUE	TRUE	4.8003	8.1344	70537535	7.8484	-0.5824	-1.0126	-0.5824	-1.0126	0.638	CJ	1305	cohort_full (23)	3519	0
TCGA-KIRC	tumour	TCGA-CJ-4891	TCGA-CJ-4891-01A	2b2ee0d4-4834-47a8-8362-6e95d83919ad	FALSE	FALSE	TRUE	TRUE	5.313	9.5224	62467394	7.7957	-0.0567	-2.5533	-0.0567	-2.5533	0.704	CJ	1305	cohort_full (23)	819	1
TCGA-KIRC	tumour	TCGA-CJ-4892	TCGA-CJ-4892-01A	db24671d-74b5-4647-be36-d865aa923ffa	FALSE	FALSE	TRUE	TRUE	8.5521	7.3764	59122834	7.7718	1.6366	0.5001	1.6366	0.5001	0.9868	CJ	1305	cohort_full (23)	1521	0
TCGA-KIRC	tumour	TCGA-CJ-4893	TCGA-CJ-4893-01A	0fbdc947-5a9e-47de-b4fa-bbbf1ba4fd6b	FALSE	FALSE	TRUE	TRUE	4.2194	6.6802	69556714	7.8423	-0.5464	0.9381	-0.5464	0.9381	0.6253	CJ	1305	cohort_full (23)	750	0
TCGA-KIRC	tumour	TCGA-CJ-4894	TCGA-CJ-4894-01A	4ea0bf83-1d7e-41da-a34d-221add8155b2	FALSE	FALSE	TRUE	TRUE	6.5294	7.5968	63314125	7.8015	0.6237	0.8353	0.6237	0.8353	0.8443	CJ	1305	cohort_full (23)	841	1
TCGA-KIRC	tumour	TCGA-CJ-4895	TCGA-CJ-4895-01A	4f8bfa46-5071-4cd4-9626-b91221550dd7	FALSE	FALSE	TRUE	TRUE	4.7206	7.7934	52391146	7.7193	-0.0279	-0.5474	-0.0279	-0.5474	0.7347	CJ	1305	cohort_full (23)	1200	1
TCGA-KIRC	tumour	TCGA-CJ-4897	TCGA-CJ-4897-01A	c551e586-8040-47d7-928b-fe6b242ed81f	FALSE	FALSE	TRUE	TRUE	2.6717	7.2312	87627111	7.9426	-0.9064	1.053	-0.9064	1.053	0.5811	CJ	1426	cohort_full (23)	3341	0
TCGA-KIRC	tumour	TCGA-CJ-4899	TCGA-CJ-4899-01A	cd18a3e0-c431-478a-b5fa-4b75a17a33a7	FALSE	FALSE	TRUE	TRUE	6.7663	6.8543	77048285	7.8868	0.7293	1.018	0.7293	1.018	0.8606	CJ	1334	cohort_full (23)	1528	0
TCGA-KIRC	tumour	TCGA-CJ-4900	TCGA-CJ-4900-01A	9845de96-d57a-4613-89db-6a6c4e2eca4b	FALSE	FALSE	TRUE	TRUE	5.2997	14.7227	54301253	7.7348	0.9232	-1.2174	0.9232	-1.2174	0.8315	CJ	1334	cohort_full (23)	1714	1
TCGA-KIRC	tumour	TCGA-CJ-4901	TCGA-CJ-4901-01A	baec403c-9fb4-4b2e-898b-ef8399d0157e	FALSE	FALSE	TRUE	TRUE	6.5162	8.4286	60179483	7.7794	0.1542	-1.2455	0.1542	-1.2455	0.7421	CJ	1426	cohort_full (23)	1450	0
TCGA-KIRC	tumour	TCGA-CJ-4902	TCGA-CJ-4902-01A	bc8cef4d-5c5c-4d5b-bbbc-553e8940ced1	FALSE	FALSE	TRUE	TRUE	8.2813	6.6671	81801953	7.9128	1.2227	-0.2774	1.2227	-0.2774	0.9499	CJ	1426	cohort_full (23)	1520	0
TCGA-KIRC	tumour	TCGA-CJ-4903	TCGA-CJ-4903-01A	5741a507-2543-4c6e-a927-2441813632b6	FALSE	FALSE	TRUE	TRUE	6.6173	7.3991	75089514	7.8756	0.6277	0.547	0.6277	0.547	0.8176	CJ	1426	cohort_full (23)	1560	0
TCGA-KIRC	tumour	TCGA-CJ-4904	TCGA-CJ-4904-01A	fa157012-d4c8-43c3-b4fe-a02f13fcec40	FALSE	FALSE	TRUE	TRUE	2.2018	6.076	81985156	7.9137	-1.3631	1.2158	-1.3631	1.2158	0.5016	CJ	1426	cohort_full (23)	3302	0
TCGA-KIRC	tumour	TCGA-CJ-4905	TCGA-CJ-4905-01A	9c146666-fd40-4251-9b57-ee537addac17	FALSE	FALSE	TRUE	TRUE	2.6118	6.0372	72634627	7.8611	-1.0058	1.2192	-1.0058	1.2192	0.5743	CJ	1426	cohort_full (23)	1496	0
TCGA-KIRC	tumour	TCGA-CJ-4907	TCGA-CJ-4907-01A	460999dc-ccec-4f00-bdf5-cf285375fade	FALSE	FALSE	TRUE	TRUE	4.5819	9.4125	70783555	7.8499	-0.2185	0.6879	-0.2185	0.6879	0.6994	CJ	1426	cohort_full (23)	1499	0
TCGA-KIRC	tumour	TCGA-CJ-4908	TCGA-CJ-4908-01A	626f256f-7057-47c3-8775-cda761910b1f	FALSE	FALSE	TRUE	TRUE	7.1387	6.0974	70558849	7.8486	0.744	0.7519	0.744	0.7519	0.8514	CJ	1426	cohort_full (23)	1531	0
TCGA-KIRC	tumour	TCGA-CJ-4912	TCGA-CJ-4912-01A	4caac446-75ef-4e21-ab99-216a5962f956	FALSE	FALSE	TRUE	TRUE	7.9126	9.1989	49245394	7.6924	1.1106	-1.5219	1.1106	-1.5219	0.893	CJ	1426	cohort_full (23)	1657	0
TCGA-KIRC	tumour	TCGA-CJ-4916	TCGA-CJ-4916-01A	6faba44d-0367-4d54-a41e-1f2969760558	FALSE	FALSE	TRUE	TRUE	6.8116	7.8222	72301393	7.8591	1.0505	-0.0026	1.0505	-0.0026	0.864	CJ	1426	cohort_full (23)	1373	0
TCGA-KIRC	tumour	TCGA-CJ-4918	TCGA-CJ-4918-01A	8d116906-c391-48f2-9eb4-94945197d90b	FALSE	FALSE	TRUE	TRUE	3.4891	7.1194	62847779	7.7983	-0.821	-0.0281	-0.821	-0.0281	0.6258	CJ	1426	cohort_full (23)	93	1
TCGA-KIRC	tumour	TCGA-CJ-4920	TCGA-CJ-4920-01A	c85688fc-f98a-4672-b66d-8a28ea94d40b	FALSE	FALSE	TRUE	TRUE	6.0814	6.7314	53613405	7.7293	0.303	0.2086	0.303	0.2086	0.7798	CJ	1426	cohort_full (23)	139	1
TCGA-KIRC	tumour	TCGA-CJ-4923	TCGA-CJ-4923-01A	bb9e4d64-ffbc-40b6-a3e5-d05aa7a51717	FALSE	FALSE	TRUE	TRUE	6.3899	7.5044	58715699	7.7688	0.9969	-1.2079	0.9969	-1.2079	0.9146	CJ	1426	cohort_full (23)	572	1
TCGA-KIRC	tumour	TCGA-CJ-5671	TCGA-CJ-5671-01A	86f25e09-9bdb-478d-b929-6f570418af6c	FALSE	FALSE	TRUE	TRUE	1.8604	6.0676	55652692	7.7455	-1.443	-0.9413	-1.443	-0.9413	0.5262	CJ	1541	cohort_full (23)	3650	0
TCGA-KIRC	normal	TCGA-CJ-5672	TCGA-CJ-5672-11A	6a2325f0-0fe8-4fab-8af3-ab89e8aa47f0	TRUE	FALSE	TRUE	FALSE	3.2289	7.5256	71779746	7.856	-0.9785	0.8229	0.6668	-0.5106	0.6577	CJ	1541	file_aliquot		
TCGA-KIRC	tumour	TCGA-CJ-5672	TCGA-CJ-5672-01A	0666c919-fe81-415e-84ea-c782234e3aa0	TRUE	FALSE	TRUE	TRUE	2.1138	6.5178	40079573	7.6029	-0.6783	-0.4594	-0.6783	-0.4594	0.6589	CJ	1541	cohort_full (23)	1972	1
TCGA-KIRC	tumour	TCGA-CJ-5675	TCGA-CJ-5675-01A	2faa29c8-49e9-4fda-baea-f73583f3a27f	FALSE	FALSE	TRUE	TRUE	2.2655	6.0055	60739847	7.7835	-0.7392	-0.0962	-0.7392	-0.0962	0.6624	CJ	1541	cohort_full (23)	3650	0
TCGA-KIRC	normal	TCGA-CJ-5676	TCGA-CJ-5676-11A	2e4b4712-a733-4599-8119-926aa5934be9	TRUE	FALSE	TRUE	FALSE	2.1282	7.957	72079204	7.8578	-1.4119	0.7166	-1.0167	0.8292	0.5425	CJ	1541	file_aliquot		
TCGA-KIRC	tumour	TCGA-CJ-5676	TCGA-CJ-5676-01A	9bb09a78-1bcb-43af-8cd9-d0adee31d5d4	TRUE	FALSE	TRUE	TRUE	2.017	6.9079	47180794	7.6738	-0.9561	-1.2117	-0.9561	-1.2117	0.6046	CJ	1541	cohort_full (23)	3650	0
TCGA-KIRC	normal	TCGA-CJ-5677	TCGA-CJ-5677-11A	5df50268-5981-49b7-8604-1dfe1af21cb9	TRUE	FALSE	TRUE	FALSE	3.2692	7.8629	62341104	7.7948	-0.993	0.9831	-1.0222	0.9278	0.6049	CJ	1541	file_aliquot		
TCGA-KIRC	tumour	TCGA-CJ-5677	TCGA-CJ-5677-01A	e47ee1c9-13c8-4c78-b1d6-8a6795bebee8	TRUE	FALSE	TRUE	TRUE	1.9771	6.2488	46351223	7.6661	-1.2191	-1.5169	-1.2191	-1.5169	0.5515	CJ	1541	cohort_full (23)	782	1
TCGA-KIRC	normal	TCGA-CJ-5678	TCGA-CJ-5678-11A	572cfe32-d1b4-44f7-98f4-a9079f3e376c	TRUE	FALSE	TRUE	FALSE	1.9177	10.8924	63862241	7.8052	-1.6198	0.6102	-0.9107	0.8724	0.499	CJ	1541	file_aliquot		
TCGA-KIRC	tumour	TCGA-CJ-5678	TCGA-CJ-5678-01A	0af91fa3-3ad9-4ba3-9e29-8bd565871d69	TRUE	FALSE	TRUE	TRUE	2.0513	7.2976	46980490	7.6719	-0.5731	-0.9528	-0.5731	-0.9528	0.6727	CJ	1541	cohort_full (23)	574	1
TCGA-KIRC	normal	TCGA-CJ-5679	TCGA-CJ-5679-11A	24f43a2c-0df0-464c-a4ef-80be1aa203df	TRUE	FALSE	TRUE	FALSE	3.2565	6.7763	65048929	7.8132	-1.0155	0.7359	-0.5095	0.2953	0.6383	CJ	1541	file_aliquot		
TCGA-KIRC	tumour	TCGA-CJ-5679	TCGA-CJ-5679-01A	c909d244-ad90-42b8-8cb9-b12a878bdbfa	TRUE	FALSE	TRUE	TRUE	2.6849	6.8969	49705532	7.6964	-1.0055	-1.5686	-1.0055	-1.5686	0.6204	CJ	1541	cohort_full (23)	679	1
TCGA-KIRC	normal	TCGA-CJ-5680	TCGA-CJ-5680-11A	a56c9911-e164-4572-aef8-37754ee056e3	TRUE	FALSE	TRUE	FALSE	3.5786	6.1371	55553411	7.7447	-0.8716	0.6147	-0.5187	0.1768	0.6241	CJ	1541	file_aliquot		
TCGA-KIRC	tumour	TCGA-CJ-5680	TCGA-CJ-5680-01A	3dff6d1d-98ca-49b9-a6e4-5a4da59fb2f8	TRUE	FALSE	TRUE	TRUE	2.6015	6.4462	58265853	7.7654	-0.8336	0.3311	-0.8336	0.3311	0.6086	CJ	1541	cohort_full (23)	768	1
TCGA-KIRC	normal	TCGA-CJ-5681	TCGA-CJ-5681-11A	86e14130-79ee-4cbf-8328-3dd9c65d61dd	TRUE	FALSE	TRUE	FALSE	3.1117	8.9326	48579215	7.6865	-0.9417	0.4345	-0.6864	0.648	0.6106	CJ	1541	file_aliquot		
TCGA-KIRC	tumour	TCGA-CJ-5681	TCGA-CJ-5681-01A	6f2cbdf8-24b9-4b9c-9a73-4e872852e6ac	TRUE	FALSE	TRUE	FALSE	4.4277	4.9979	56652784	7.7532	-0.6803	0.1954		0.1954	0.709	CJ	1541	cohort_full (23)	552	1
TCGA-KIRC	tumour	TCGA-CJ-5682	TCGA-CJ-5682-01A	c6bede90-50d8-4bf5-97e3-6fffe14e723d	FALSE	FALSE	TRUE	TRUE	2.2844	6.0606	44798516	7.6513	-0.725	-0.031	-0.725	-0.031	0.6527	CJ	1541	cohort_full (23)	3650	0
TCGA-KIRC	tumour	TCGA-CJ-5683	TCGA-CJ-5683-01A	cfcc7db1-9369-4151-9f31-2d7ef06f8ea3	FALSE	FALSE	TRUE	TRUE	2.8931	6.7657	52528622	7.7204	-0.3959	0.3667	-0.3959	0.3667	0.6899	CJ	1541	cohort_full (23)	1889	0
TCGA-KIRC	tumour	TCGA-CJ-5684	TCGA-CJ-5684-01A	d1d341bd-1a8e-4162-a63c-92ecc78e9c82	FALSE	FALSE	TRUE	TRUE	2.6684	6.8896	56297044	7.7505	-0.6262	0.5884	-0.6262	0.5884	0.6685	CJ	1541	cohort_full (23)	2231	0
TCGA-KIRC	tumour	TCGA-CJ-5686	TCGA-CJ-5686-01A	12eadc69-863d-46fe-bb19-f8b38b05471b	FALSE	FALSE	TRUE	TRUE	3.7165	6.7603	70127478	7.8459	-0.6065	0.4744	-0.6065	0.4744	0.6645	CJ	1672	cohort_full (23)	2038	0
TCGA-KIRC	normal	TCGA-CJ-5689	TCGA-CJ-5689-11A	2562285c-fe56-4011-a9e9-9e17bb78becb	FALSE	FALSE	FALSE	FALSE	2.5393	6.5236	45022288	7.6534	-1.3086	0.3939	0.2538	-0.5189	0.5763	CJ	1541	file_aliquot		
TCGA-KIRC	tumour	TCGA-CJ-6027	TCGA-CJ-6027-01A	46b3a547-c7a4-4499-9a77-29eb56f0a570	FALSE	FALSE	TRUE	TRUE	2.8785	7.9569	62226633	7.794	-1.0346	-1.4309	-1.0346	-1.4309	0.5907	CJ	1672	cohort_full (23)	3615	1
TCGA-KIRC	tumour	TCGA-CJ-6028	TCGA-CJ-6028-01A	cdcfd140-d0a5-4c55-ba0c-64af335a1ff6	FALSE	FALSE	TRUE	TRUE	3.4573	9.4147	48498907	7.6857	-0.9485	0.024	-0.9485	0.024	0.6175	CJ	1672	cohort_full (23)	1625	1
TCGA-KIRC	normal	TCGA-CJ-6030	TCGA-CJ-6030-11A	a2c1332c-f9e9-4d41-bad5-e58ebf809800	TRUE	FALSE	TRUE	FALSE	2.4305	6.6762	78786936	7.8965	-1.2541	0.7357	-0.9162	1.0004	0.5784	CJ	1672	file_aliquot		
TCGA-KIRC	tumour	TCGA-CJ-6030	TCGA-CJ-6030-01A	3a9cb52e-6bc0-475c-9eee-230527a3e305	TRUE	FALSE	TRUE	TRUE	2.9376	7.2418	66658539	7.8239	-0.8679	-0.1917	-0.8679	-0.1917	0.6395	CJ	1672	cohort_full (23)	2299	1
TCGA-KIRC	tumour	TCGA-CJ-6031	TCGA-CJ-6031-01A	52433ea4-d6cc-4d21-a1af-d62c3e9c5d77	FALSE	FALSE	TRUE	TRUE	2.0987	8.2989	65463749	7.816	-1.3957	-0.7731	-1.3957	-0.7731	0.5471	CJ	1672	cohort_full (23)	1906	0
TCGA-KIRC	tumour	TCGA-CJ-6032	TCGA-CJ-6032-01A	37faaa8d-fcc6-4feb-beae-cfe8155b03c2	FALSE	FALSE	TRUE	TRUE	3.2151	5.7142	71814762	7.8562	-0.6561	1.3505	-0.6561	1.3505	0.6458	CJ	1672	cohort_full (23)	3639	0
TCGA-KIRC	normal	TCGA-CJ-6033	TCGA-CJ-6033-11A	7437d3a0-976d-4151-8f89-b30a4a092a60	TRUE	FALSE	TRUE	FALSE	2.9169	8.6417	52043476	7.7164	-0.8949	-0.0749	0.2725	-0.0062	0.6496	CJ	1858	file_aliquot		
TCGA-KIRC	tumour	TCGA-CJ-6033	TCGA-CJ-6033-01A	d81180fa-51d8-4499-aed4-bbad365f67e1	TRUE	FALSE	TRUE	TRUE	2.6695	7.6027	65903158	7.8189	-0.9592	-0.9833	-0.9592	-0.9833	0.6056	CJ	1672	cohort_full (23)	224	1
TCGA-KIRC	normal	TCGA-CW-5580	TCGA-CW-5580-11A	edf83523-a278-4657-88f9-230494fae0b9	TRUE	FALSE	TRUE	FALSE	4.3502	6.7648	75601797	7.8785	-0.3987	0.7072	0.9066	-0.5983	0.747	CW	1672	file_aliquot		
TCGA-KIRC	tumour	TCGA-CW-5580	TCGA-CW-5580-01A	6e837fc7-1583-4fde-af30-fe955e7651bf	TRUE	FALSE	TRUE	TRUE	3.7582	6.6234	78459775	7.8946	-0.6429	0.7912	-0.6429	0.7912	0.6675	CW	1672	cohort_full (23)	1964	1
TCGA-KIRC	normal	TCGA-CW-5581	TCGA-CW-5581-11A	743a0026-5df2-4a13-8abf-aa45798ec131	TRUE	FALSE	TRUE	FALSE	2.434	7.3108	48701757	7.6875	-1.3195	0.9984	-0.9032	1.0374	0.5677	CW	1541	file_aliquot		
TCGA-KIRC	tumour	TCGA-CW-5581	TCGA-CW-5581-01A	7560bd39-ffd0-45ae-95c9-451bccc8ccc4	TRUE	FALSE	TRUE	TRUE	2.4795	6.162	63601911	7.8035	-1.1147	0.9372	-1.1147	0.9372	0.5923	CW	1541	cohort_full (23)	2799	0
TCGA-KIRC	tumour	TCGA-CW-5583	TCGA-CW-5583-01A	499d7906-265e-4836-b2b5-55203bf08e2d	FALSE	FALSE	TRUE	TRUE	3.8012	5.7901	68073141	7.833	-0.2849	1.7215	-0.2849	1.7215	0.7006	CW	1541	cohort_full (23)	2489	0
TCGA-KIRC	normal	TCGA-CW-5584	TCGA-CW-5584-11A	0699530d-22a4-4fb0-a17c-ff78397c5316	TRUE	FALSE	TRUE	FALSE	2.3176	6.506	52966697	7.724	-1.4445	0.2861	-0.6088	0.2968	0.5407	CW	1541	file_aliquot		
TCGA-KIRC	tumour	TCGA-CW-5584	TCGA-CW-5584-01A	f1d244a9-f031-4286-b433-572de7ed8d42	TRUE	FALSE	TRUE	TRUE	2.4379	5.9736	60514518	7.7819	-1.0786	0.7647	-1.0786	0.7647	0.6045	CW	1541	cohort_full (23)	164	1
TCGA-KIRC	normal	TCGA-CW-5585	TCGA-CW-5585-11A	c68fded5-978b-4d7a-9077-89c2c6b35f47	TRUE	FALSE	TRUE	FALSE	1.8781	7.8542	70893448	7.8506	-1.5005	0.8562	-1.0136	1.0598	0.5393	CW	1541	file_aliquot		
TCGA-KIRC	tumour	TCGA-CW-5585	TCGA-CW-5585-01A	d7b28bbe-cf7d-4634-8a48-f42d58be4a55	TRUE	FALSE	TRUE	TRUE	3.0682	5.1824	69774791	7.8437	-0.4403	1.4258	-0.4403	1.4258	0.659	CW	1541	cohort_full (23)	2609	0
TCGA-KIRC	normal	TCGA-CW-5587	TCGA-CW-5587-11A	efb66622-cf03-4f74-98e5-8c38d87a90f7	TRUE	FALSE	TRUE	FALSE	2.6196	6.9308	66096328	7.8202	-1.2101	1.0146	-0.8582	1.0052	0.5992	CW	1541	file_aliquot		
TCGA-KIRC	tumour	TCGA-CW-5587	TCGA-CW-5587-01A	85746e9c-d9b1-419f-8f17-3b7927cc3c2b	TRUE	FALSE	TRUE	TRUE	2.5628	6.1183	63375149	7.8019	-1.0133	1.0216	-1.0133	1.0216	0.5777	CW	1541	cohort_full (23)	2226	0
TCGA-KIRC	tumour	TCGA-CW-5588	TCGA-CW-5588-01A	17a7a252-7530-4f12-8cd8-50a049a1e653	FALSE	FALSE	TRUE	TRUE	2.0069	7.3086	54825507	7.739	-1.6219	-0.2263	-1.6219	-0.2263	0.5137	CW	1541	cohort_full (23)	2017	0
TCGA-KIRC	normal	TCGA-CW-5589	TCGA-CW-5589-11A	78beabfc-8b98-4f21-94c2-cd6c21255f66	TRUE	FALSE	TRUE	FALSE	2.7739	6.8807	63441626	7.8024	-1.0936	0.9963	-0.7002	0.8614	0.6274	CW	1541	file_aliquot		
TCGA-KIRC	tumour	TCGA-CW-5589	TCGA-CW-5589-01A	aa2b77af-1803-4f20-8a29-5fa8c40c319a	TRUE	FALSE	TRUE	TRUE	2.4169	7.5409	56771426	7.7541	-0.8882	0.8598	-0.8882	0.8598	0.6353	CW	1541	cohort_full (23)	2378	0
TCGA-KIRC	tumour	TCGA-CW-5590	TCGA-CW-5590-01A	6f5c8394-3144-428a-a38d-eb39be4379b5	FALSE	FALSE	TRUE	TRUE	3.1295	7.5631	62691929	7.7972	-0.6015	0.1142	-0.6015	0.1142	0.6456	CW	1541	cohort_full (23)	1075	1
TCGA-KIRC	normal	TCGA-CW-5591	TCGA-CW-5591-11A	00252d7f-e222-462f-badc-b97e8dce2021	TRUE	FALSE	TRUE	FALSE	3.0494	5.8457	61410661	7.7882	-1.1752	-0.0365	-1.0738	0.2113	0.5587	CW	1541	file_aliquot		
TCGA-KIRC	tumour	TCGA-CW-5591	TCGA-CW-5591-01A	19062abb-b733-43e2-a9f2-81bca6d65a1e	TRUE	FALSE	TRUE	TRUE	2.042	6.0647	53829072	7.731	-1.7457	0.6344	-1.7457	0.6344	0.4849	CW	1541	cohort_full (23)	2271	0
TCGA-KIRC	normal	TCGA-CW-6087	TCGA-CW-6087-11A	7c90bf9b-74c9-459c-9cd7-944ea4535a6d	TRUE	FALSE	TRUE	FALSE	3.3975	9.5344	75290913	7.8767	-0.9691	0.4984	0.1719	0.0953	0.6311	CW	1672	file_aliquot		
TCGA-KIRC	tumour	TCGA-CW-6087	TCGA-CW-6087-01A	8e95a2b4-3110-4dd6-b3c9-b3e83c563282	TRUE	FALSE	TRUE	TRUE	2.6626	6.3763	78075859	7.8925	-1.6654	-1.3184	-1.6654	-1.3184	0.462	CW	1672	cohort_full (23)	41	1
TCGA-KIRC	normal	TCGA-CW-6088	TCGA-CW-6088-11A	83395208-40ec-4a57-a3ea-5f9dd8491998	TRUE	FALSE	TRUE	FALSE	4.4588	6.3052	85324935	7.9311	-0.6765	0.9536	1.3409	-1.3922	0.7152	CW	1672	file_aliquot		
TCGA-KIRC	tumour	TCGA-CW-6088	TCGA-CW-6088-01A	c0d545e4-ab23-41f8-a29f-7a9df01c4abd	TRUE	FALSE	TRUE	TRUE	5.226	5.6115	71599035	7.8549	0.1252	1.8705	0.1252	1.8705	0.7713	CW	1672	cohort_full (23)	3222	0
TCGA-KIRC	normal	TCGA-CW-6090	TCGA-CW-6090-11A	b8f8504c-1d5e-48b3-a54f-88250da4264f	TRUE	FALSE	TRUE	FALSE	3.4122	6.5404	64106005	7.8069	-1.0039	1.3851	-1.1449	1.2663	0.599	CW	1672	file_aliquot		
TCGA-KIRC	tumour	TCGA-CW-6090	TCGA-CW-6090-01A	485e84af-cd91-4096-a2e4-d2594481e5bf	TRUE	FALSE	TRUE	TRUE	2.5467	8.9801	69158716	7.8398	-1.015	-0.548	-1.015	-0.548	0.5833	CW	1672	cohort_full (23)	2780	0
TCGA-KIRC	tumour	TCGA-CW-6093	TCGA-CW-6093-01A	80156b04-f280-4915-8bc0-1667c178aa37	FALSE	FALSE	TRUE	TRUE	4.0707	6.1781	61813197	7.7911	-0.5099	1.543	-0.5099	1.543	0.6461	CW	1672	cohort_full (23)	3146	0
TCGA-KIRC	tumour	TCGA-CW-6097	TCGA-CW-6097-01A	0cb86c23-556d-4c56-b6cd-96dbbaff1441	FALSE	FALSE	TRUE	TRUE	3.0727	7.0262	51907896	7.7152	-1.3989	-0.3389	-1.3989	-0.3389	0.5137	CW	1672	cohort_full (23)	571	1
TCGA-KIRC	tumour	TCGA-CZ-4853	TCGA-CZ-4853-01A	b81e79c9-7f6d-498c-9591-2b7e8b3bc466	FALSE	FALSE	TRUE	TRUE	4.9583	7.3229	80131537	7.9038	0.1739	0.7896	0.1739	0.7896	0.7438	CZ	1426	cohort_full (23)	774	0
TCGA-KIRC	tumour	TCGA-CZ-4854	TCGA-CZ-4854-01A	32d5318e-4553-4f8d-81bb-82f59885fc60	FALSE	FALSE	TRUE	TRUE	7.2331	8.4676	65715533	7.8177	0.7047	-0.7183	0.7047	-0.7183	0.8533	CZ	1305	cohort_full (23)	1404	1
TCGA-KIRC	tumour	TCGA-CZ-4856	TCGA-CZ-4856-01A	89cf5c7f-c4af-4eb6-97a5-cc086fe76bbb	FALSE	FALSE	TRUE	TRUE	1.9242	6.6483	77778071	7.8909	-1.3739	0.713	-1.3739	0.713	0.5253	CZ	1426	cohort_full (23)	18	0
TCGA-KIRC	tumour	TCGA-CZ-4857	TCGA-CZ-4857-01A	298544f7-b010-45cc-a518-619b8e04e4fc	FALSE	FALSE	TRUE	TRUE	6.4294	7.9735	48730379	7.6878	0.3628	-0.7878	0.3628	-0.7878	0.8098	CZ	1305	cohort_full (23)	1432	1
TCGA-KIRC	tumour	TCGA-CZ-4858	TCGA-CZ-4858-01A	e4747f6d-4c5c-4d49-886f-2c69fe206879	FALSE	FALSE	TRUE	TRUE	4.2497	10.0399	48671237	7.6873	-0.5256	-1.8923	-0.5256	-1.8923	0.6766	CZ	1305	cohort_full (23)	2105	1
TCGA-KIRC	tumour	TCGA-CZ-4859	TCGA-CZ-4859-01A	5576ae8b-e6e9-496d-854a-8c696bd965c9	FALSE	FALSE	TRUE	TRUE	1.9666	5.9252	78138578	7.8929	-0.9301	1.4811	-0.9301	1.4811	0.6093	CZ	1426	cohort_full (23)	1787	0
TCGA-KIRC	tumour	TCGA-CZ-4860	TCGA-CZ-4860-01A	3a6bb1dd-89ba-4f26-b7d7-c0c174c0bdf1	FALSE	FALSE	TRUE	TRUE	2.0603	9.8257	63230974	7.8009	-1.4529	-1.6302	-1.4529	-1.6302	0.5376	CZ	1305	cohort_full (23)	206	1
TCGA-KIRC	tumour	TCGA-CZ-4861	TCGA-CZ-4861-01A	342bcdf8-2b01-45b8-9bb7-48f151345ac2	FALSE	FALSE	TRUE	TRUE	3.6073	8.6262	64045291	7.8065	-0.814	-0.4032	-0.814	-0.4032	0.5911	CZ	1305	cohort_full (23)	446	1
TCGA-KIRC	tumour	TCGA-CZ-4862	TCGA-CZ-4862-01A	1fbf38d0-bc11-4d81-81a3-2a558afa4db5	FALSE	FALSE	TRUE	TRUE	6.5355	6.5588	43151053	7.635	0.46	0.5835	0.46	0.5835	0.8429	CZ	1305	cohort_full (23)	3271	0
TCGA-KIRC	normal	TCGA-CZ-4863	TCGA-CZ-4863-11A	d782f777-5651-47a6-bbb3-4d871a6b3a27	TRUE	FALSE	TRUE	FALSE	3.1309	6.5686	82574004	7.9168	-1.2266	0.237	1.195	-1.5371	0.6296	CZ	1503	file_aliquot		
TCGA-KIRC	tumour	TCGA-CZ-4863	TCGA-CZ-4863-01A	4a63eb90-d580-40d0-9136-a7baf34d3627	TRUE	FALSE	TRUE	TRUE	5.154	6.4019	65705452	7.8176	0.139	0.7543	0.139	0.7543	0.7336	CZ	1503	cohort_full (23)	1928	0
TCGA-KIRC	normal	TCGA-CZ-4864	TCGA-CZ-4864-11A	5d9c87af-9ac3-42a7-a0c3-84a490957188	TRUE	FALSE	TRUE	FALSE	2.6877	9.6387	75308020	7.8768	-1.2169	0.6138	-1.2111	1.2953	0.5577	CZ	1503	file_aliquot		
TCGA-KIRC	tumour	TCGA-CZ-4864	TCGA-CZ-4864-01A	3c7b458e-ecca-4d6a-b1c7-48152e184c0b	TRUE	FALSE	TRUE	TRUE	7.4771	6.537	74474410	7.872	1.1117	0.9195	1.1117	0.9195	0.8959	CZ	1503	cohort_full (23)	1315	1
TCGA-KIRC	normal	TCGA-CZ-4865	TCGA-CZ-4865-11A	34bd0526-91b2-4b99-a33b-5d4bc8c68d39	TRUE	FALSE	TRUE	FALSE	4.387	7.9113	56451550	7.7517	-0.7077	0.4255	1.3284	-1.3826	0.722	CZ	1503	file_aliquot		
TCGA-KIRC	tumour	TCGA-CZ-4865	TCGA-CZ-4865-01A	1a9ee264-40bf-4a12-bcee-bd0f989e0798	TRUE	FALSE	TRUE	TRUE	3.1884	7.4622	91235986	7.9602	-1.0669	-0.0328	-1.0669	-0.0328	0.6097	CZ	1503	cohort_full (23)	166	1
TCGA-KIRC	tumour	TCGA-CZ-4866	TCGA-CZ-4866-01A	de6772b8-dd18-4584-880e-b4080e2e0f8d	FALSE	FALSE	TRUE	TRUE	5.9505	6.767	99879575	7.9995	0.3497	0.388	0.3497	0.388	0.7747	CZ	1503	cohort_full (23)	3267	0
TCGA-KIRC	normal	TCGA-CZ-5451	TCGA-CZ-5451-11A	fc3d1c27-2956-4d74-991c-fc35d5c9ecbd	TRUE	FALSE	TRUE	FALSE	2.4089	7.1518	76147776	7.8817	-1.2075	1.0192	-1.0944	1.1536	0.5931	CZ	1503	file_aliquot		
TCGA-KIRC	tumour	TCGA-CZ-5451	TCGA-CZ-5451-01A	5cd2f5f2-1325-454e-94a3-253d475205ef	TRUE	FALSE	TRUE	TRUE	2.6324	7.1507	47928211	7.6806	-0.8276	1.0562	-0.8276	1.0562	0.6069	CZ	1503	cohort_full (23)	1929	0
TCGA-KIRC	normal	TCGA-CZ-5452	TCGA-CZ-5452-11A	01851b83-f8c4-4108-99c9-248fe29e39e9	TRUE	FALSE	TRUE	FALSE	2.8769	7.2421	62328767	7.7947	-1.0568	0.6333	1.2344	-1.3254	0.651	CZ	1503	file_aliquot		
TCGA-KIRC	tumour	TCGA-CZ-5452	TCGA-CZ-5452-01A	b2c3a163-384f-4246-880f-ae2caebf0d17	TRUE	FALSE	TRUE	TRUE	3.4961	7.7904	59332854	7.7733	-0.3965	-0.8017	-0.3965	-0.8017	0.6545	CZ	1503	cohort_full (23)	1789	0
TCGA-KIRC	normal	TCGA-CZ-5453	TCGA-CZ-5453-11A	dbe50f57-74d7-4b5f-a996-dfc8d9874d55	TRUE	FALSE	TRUE	FALSE	3.0371	5.9213	75043555	7.8753	-1.0304	0.8641	1.2054	-1.1097	0.6609	CZ	1503	file_aliquot		
TCGA-KIRC	tumour	TCGA-CZ-5453	TCGA-CZ-5453-01A	1b70671f-61a5-4a23-ab6b-2120e80d1698	TRUE	FALSE	TRUE	TRUE	3.1836	8.3577	70997409	7.8512	-0.5093	0.9337	-0.5093	0.9337	0.6626	CZ	1503	cohort_full (23)	2419	1
TCGA-KIRC	normal	TCGA-CZ-5454	TCGA-CZ-5454-11A	a41454c8-c8c2-4d33-9ff8-402fd89d2163	TRUE	FALSE	TRUE	FALSE	3.3827	5.9548	94898690	7.9773	-0.7965	0.5562	1.3289	-1.1928	0.6953	CZ	1503	file_aliquot		
TCGA-KIRC	tumour	TCGA-CZ-5454	TCGA-CZ-5454-01A	7bb02e2f-67db-4527-959a-4f38da4edd7a	TRUE	FALSE	TRUE	TRUE	1.9798	8.2891	82073265	7.9142	-1.1488	-0.0411	-1.1488	-0.0411	0.5626	CZ	1503	cohort_full (23)	722	1
TCGA-KIRC	normal	TCGA-CZ-5455	TCGA-CZ-5455-11A	8e10e799-ae5c-49f7-a249-2d16d796066c	TRUE	FALSE	TRUE	FALSE	2.1729	6.6981	75658830	7.8789	-1.307	0.0936	1.425	-1.4775	0.631	CZ	1503	file_aliquot		
TCGA-KIRC	tumour	TCGA-CZ-5455	TCGA-CZ-5455-01A	ab53ebb6-2f7e-42ed-a46a-b2a541472fe7	TRUE	FALSE	TRUE	TRUE	3.6227	6.2178	88985138	7.9493	-0.5838	1.0041	-0.5838	1.0041	0.6597	CZ	1503	cohort_full (23)	561	1
TCGA-KIRC	normal	TCGA-CZ-5456	TCGA-CZ-5456-11A	41954992-a111-4fbb-b6e2-d5ac8f564bf6	TRUE	FALSE	TRUE	FALSE	3.1684	7.9573	44133308	7.6448	-0.7762	-0.2268	1.731	-1.4756	0.7172	CZ	1503	file_aliquot		
TCGA-KIRC	tumour	TCGA-CZ-5456	TCGA-CZ-5456-01A	040e6555-b1a3-43ca-ae2b-a972fc01fa19	TRUE	FALSE	TRUE	TRUE	2.2689	10.6821	59763317	7.7764	-1.3802	-1.0619	-1.3802	-1.0619	0.549	CZ	1503	cohort_full (23)	2422	0
TCGA-KIRC	normal	TCGA-CZ-5457	TCGA-CZ-5457-11A	828b7513-8452-4541-8576-8c2f66e79892	TRUE	FALSE	TRUE	FALSE	2.8084	6.5427	70545834	7.8485	-1.0572	-0.2643	1.3801	-1.4915	0.6612	CZ	1503	file_aliquot		
TCGA-KIRC	tumour	TCGA-CZ-5457	TCGA-CZ-5457-01A	e79eb779-6742-452b-87d4-35e67d30de92	TRUE	FALSE	TRUE	TRUE	2.3735	8.4207	75422686	7.8775	-0.9995	0.6798	-0.9995	0.6798	0.5948	CZ	1503	cohort_full (23)	2754	0
TCGA-KIRC	normal	TCGA-CZ-5458	TCGA-CZ-5458-11A	331a54d0-3061-4e9e-93c7-3fb0f9a96254	TRUE	FALSE	TRUE	FALSE	3.0279	6.5807	96567301	7.9848	-0.986	0.3593	1.5797	-1.4754	0.6895	CZ	1503	file_aliquot		
TCGA-KIRC	tumour	TCGA-CZ-5458	TCGA-CZ-5458-01A	206a4211-c6c8-4f43-be95-1f36289d7bd6	TRUE	FALSE	TRUE	TRUE	3.2262	6.5528	67562746	7.8297	-0.6237	0.5418	-0.6237	0.5418	0.7187	CZ	1503	cohort_full (23)	2789	0
TCGA-KIRC	tumour	TCGA-CZ-5459	TCGA-CZ-5459-01A	6b9f9688-4bd2-4e54-9744-ac31665650b2	FALSE	FALSE	TRUE	TRUE	3.041	9.2457	48596267	7.6866	-0.3814	-0.3633	-0.3814	-0.3633	0.7439	CZ	1503	cohort_full (23)	1683	0
TCGA-KIRC	tumour	TCGA-CZ-5460	TCGA-CZ-5460-01A	3545f947-1a52-4e14-a98d-e400a6cb5e60	FALSE	FALSE	TRUE	TRUE	3.7455	7.8575	65913091	7.819	-0.0423	-0.2858	-0.0423	-0.2858	0.7418	CZ	1503	cohort_full (23)	2873	0
TCGA-KIRC	normal	TCGA-CZ-5461	TCGA-CZ-5461-11A	7d7719e1-5451-4ec0-a3d6-99aaaf640bcd	TRUE	FALSE	TRUE	FALSE	2.3499	6.8718	86953961	7.9393	-1.2513	0.8917	0.5187	-0.2397	0.6304	CZ	1503	file_aliquot		
TCGA-KIRC	tumour	TCGA-CZ-5461	TCGA-CZ-5461-01A	040bcb51-b1dd-4666-819f-3ffed0b5ebb0	TRUE	FALSE	TRUE	TRUE	2.1659	7.1477	78706733	7.896	-1.3797	0.4484	-1.3797	0.4484	0.5316	CZ	1503	cohort_full (23)	330	1
TCGA-KIRC	normal	TCGA-CZ-5462	TCGA-CZ-5462-11A	3de35a77-f963-45ff-bfad-a5f24dda75ef	TRUE	FALSE	TRUE	FALSE	2.0268	7.207	95949896	7.982	-1.4852	0.3978	1.0138	-1.0487	0.5959	CZ	1503	file_aliquot		
TCGA-KIRC	tumour	TCGA-CZ-5462	TCGA-CZ-5462-01A	24ec3d48-d4c2-4f0c-b188-87ebc1f3123e	TRUE	FALSE	TRUE	TRUE	3.063	6.2927	70198249	7.8463	-1.0329	-0.1927	-1.0329	-0.1927	0.6113	CZ	1503	cohort_full (23)	311	1
TCGA-KIRC	normal	TCGA-CZ-5463	TCGA-CZ-5463-11A	ba6dfcd5-be76-481f-9e8e-19421cf23695	TRUE	FALSE	TRUE	FALSE	2.9292	6.2225	75912242	7.8803	-1.0016	0.8236	0.9656	-0.5539	0.6751	CZ	1503	file_aliquot		
TCGA-KIRC	tumour	TCGA-CZ-5463	TCGA-CZ-5463-01A	424b672b-e409-4b9c-821f-b9d16cc3f454	TRUE	FALSE	TRUE	TRUE	4.2551	7.1579	96060863	7.9825	-0.2704	1.4002	-0.2704	1.4002	0.6983	CZ	1503	cohort_full (23)	662	0
TCGA-KIRC	tumour	TCGA-CZ-5464	TCGA-CZ-5464-01A	e673a5b6-c070-4068-b667-c7e81adfb4cf	FALSE	FALSE	TRUE	TRUE	3.0597	7.8936	71951209	7.857	-0.4656	-0.4385	-0.4656	-0.4385	0.6862	CZ	1503	cohort_full (23)	2128	0
TCGA-KIRC	normal	TCGA-CZ-5465	TCGA-CZ-5465-11A	9c622d7a-d739-4d5d-824a-923414f13f6f	TRUE	FALSE	TRUE	FALSE	3.2648	6.3379	78816295	7.8966	-1.0826	0.8143	1.1715	-1.4845	0.6401	CZ	1503	file_aliquot		
TCGA-KIRC	tumour	TCGA-CZ-5465	TCGA-CZ-5465-01A	ceaf66d6-7fcf-47d6-ae3f-99323057c910	TRUE	FALSE	TRUE	TRUE	3.7397	7.2689	91316134	7.9605	-0.1522	0.8593	-0.1522	0.8593	0.7157	CZ	1503	cohort_full (23)	2564	1
TCGA-KIRC	normal	TCGA-CZ-5466	TCGA-CZ-5466-11A	200dfa9f-ed6f-4434-9dde-7833f4d3b275	TRUE	FALSE	TRUE	FALSE	1.9432	7.7527	91598789	7.9619	-1.6228	0.7968	-1.0675	0.9639	0.5179	CZ	1503	file_aliquot		
TCGA-KIRC	tumour	TCGA-CZ-5466	TCGA-CZ-5466-01A	edc7b71d-a551-463e-a76a-dc135373cb43	TRUE	FALSE	TRUE	TRUE	2.6192	8.2437	47218825	7.6741	-0.888	-0.6703	-0.888	-0.6703	0.6198	CZ	1503	cohort_full (23)	685	0
TCGA-KIRC	normal	TCGA-CZ-5467	TCGA-CZ-5467-11A	e4240172-1921-44aa-95da-781be3485a1e	TRUE	FALSE	TRUE	FALSE	2.2255	7.1137	69705151	7.8433	-1.3218	-0.0696	1.2146	-1.1062	0.6103	CZ	1503	file_aliquot		
TCGA-KIRC	tumour	TCGA-CZ-5467	TCGA-CZ-5467-01A	063830a5-bb8f-4d58-98d6-c49ea4f1f66d	TRUE	FALSE	TRUE	TRUE	2.6924	7.618	64547789	7.8099	-0.9498	0.6264	-0.9498	0.6264	0.5824	CZ	1503	cohort_full (23)	73	1
TCGA-KIRC	normal	TCGA-CZ-5468	TCGA-CZ-5468-11A	bbb17751-e367-45a2-b561-9607d02d03c3	TRUE	FALSE	TRUE	FALSE	2.3792	6.3054	61788088	7.7909	-1.3206	0.06	0.9301	-1.2219	0.5928	CZ	1503	file_aliquot		
TCGA-KIRC	tumour	TCGA-CZ-5468	TCGA-CZ-5468-01A	4d9d7601-1c03-422d-8dc1-1857593c49a5	TRUE	FALSE	TRUE	TRUE	3.0407	6.3337	64697057	7.8109	-0.9091	-1.9345	-0.9091	-1.9345	0.6016	CZ	1503	cohort_full (23)	59	1
TCGA-KIRC	normal	TCGA-CZ-5469	TCGA-CZ-5469-11A	3bfbdcb6-1e9a-43e9-9015-d55b279dc559	TRUE	FALSE	TRUE	FALSE	3.1283	6.4216	76595390	7.8842	-0.7934	0.434	1.8668	-1.5163	0.7371	CZ	1503	file_aliquot		
TCGA-KIRC	tumour	TCGA-CZ-5469	TCGA-CZ-5469-01A	6ae1ed76-5b6f-41a6-917b-cc713f874a03	TRUE	FALSE	TRUE	TRUE	3.4727	8.8142	58432825	7.7667	-0.2832	-1.9987	-0.2832	-1.9987	0.7016	CZ	1503	cohort_full (23)	946	1
TCGA-KIRC	normal	TCGA-CZ-5470	TCGA-CZ-5470-11A	3537c794-46e2-4756-b1d5-f32896e24536	TRUE	FALSE	TRUE	FALSE	2.4186	6.6244	79893947	7.9025	-1.247	0.5701	1.1194	-1.0868	0.6375	CZ	1503	file_aliquot		
TCGA-KIRC	tumour	TCGA-CZ-5470	TCGA-CZ-5470-01A	fd493a63-08fb-4076-8b3c-f443dc4bcb0b	TRUE	FALSE	TRUE	TRUE	3.6606	8.0498	73166000	7.8643	-0.3612	-0.4229	-0.3612	-0.4229	0.7025	CZ	1503	cohort_full (23)	386	0
TCGA-KIRC	normal	TCGA-CZ-5982	TCGA-CZ-5982-11A	73b5e567-d5a8-4fe7-b60e-fd4654d56fb5	TRUE	FALSE	TRUE	FALSE	2.2159	9.9445	62879436	7.7985	-1.4711	0.9745	-1.2597	1.302	0.5231	CZ	1672	file_aliquot		
TCGA-KIRC	tumour	TCGA-CZ-5982	TCGA-CZ-5982-01A	ff21a21b-35fb-423c-896c-c6943dbce540	TRUE	FALSE	TRUE	TRUE	3.4115	5.599	58798132	7.7694	-0.7406	1.3426	-0.7406	1.3426	0.5752	CZ	1672	cohort_full (23)	2439	0
TCGA-KIRC	normal	TCGA-CZ-5984	TCGA-CZ-5984-11A	18913801-b38a-4439-8b34-25a7138e8fdd	TRUE	FALSE	TRUE	FALSE	2.9642	8.1783	65013472	7.813	-1.0968	0.8721	-0.8505	0.7825	0.602	CZ	1672	file_aliquot		
TCGA-KIRC	tumour	TCGA-CZ-5984	TCGA-CZ-5984-01A	a136ae8b-1e0d-4843-a461-ce554ad77458	TRUE	FALSE	TRUE	TRUE	3.3775	7.123	68784293	7.8375	-0.7026	-0.3655	-0.7026	-0.3655	0.6534	CZ	1672	cohort_full (23)	2067	0
TCGA-KIRC	normal	TCGA-CZ-5985	TCGA-CZ-5985-11A	2fb6d7bd-f6df-45a4-b8a7-8de33119d52f	TRUE	FALSE	TRUE	FALSE	2.7904	10.3151	40617762	7.6087	-1.3311	1.1068	-1.0064	1.0186	0.5547	CZ	1672	file_aliquot		
TCGA-KIRC	tumour	TCGA-CZ-5985	TCGA-CZ-5985-01A	69c0795b-d68f-4262-9e00-39eff5b66814	TRUE	FALSE	TRUE	TRUE	4.3186	6.5515	66120892	7.8203	-0.6051	0.1436	-0.6051	0.1436	0.6621	CZ	1672	cohort_full (23)	1997	0
TCGA-KIRC	normal	TCGA-CZ-5986	TCGA-CZ-5986-11A	255d2ed8-2b59-486a-bfe2-0ba938b9aeb6	TRUE	FALSE	TRUE	FALSE	3.3048	8.2448	47850926	7.6799	-0.9153	1.0699	-0.2568	0.4377	0.6522	CZ	1672	file_aliquot		
TCGA-KIRC	tumour	TCGA-CZ-5986	TCGA-CZ-5986-01A	ff6cd0e8-98a0-4a96-9650-c348bcfe8901	TRUE	FALSE	TRUE	TRUE	4.6854	6.3024	38170414	7.5817	-0.1953	1.8142	-0.1953	1.8142	0.703	CZ	1672	cohort_full (23)	373	0
TCGA-KIRC	normal	TCGA-CZ-5987	TCGA-CZ-5987-11A	f007e19e-984c-4c94-b1d0-e4c298d9faa9	TRUE	FALSE	TRUE	FALSE	2.3078	6.057	37605305	7.5752	-1.5566	0.8024	-0.5303	0.114	0.5231	CZ	1672	file_aliquot		
TCGA-KIRC	tumour	TCGA-CZ-5987	TCGA-CZ-5987-01A	e3fc3546-680c-44fa-ac79-918668443800	TRUE	FALSE	TRUE	TRUE	3.6736	7.4464	34630842	7.5395	-0.4727	-0.767	-0.4727	-0.767	0.6702	CZ	1672	cohort_full (23)	445	1
TCGA-KIRC	normal	TCGA-CZ-5988	TCGA-CZ-5988-11A	73d97d28-fb60-4380-8ba0-34e79da74af2	TRUE	FALSE	TRUE	FALSE	2.9318	8.1046	45961207	7.6624	-1.0678	1.1054	-0.8363	0.9356	0.6037	CZ	1672	file_aliquot		
TCGA-KIRC	tumour	TCGA-CZ-5988	TCGA-CZ-5988-01A	a810deed-122b-4c57-9d6f-8146c5064712	TRUE	FALSE	TRUE	TRUE	2.9407	6.3863	38250276	7.5826	-1.2114	0.3851	-1.2114	0.3851	0.5596	CZ	1672	cohort_full (23)	693	0
TCGA-KIRC	normal	TCGA-CZ-5989	TCGA-CZ-5989-11A	2d6da3de-d9be-4037-9fd7-e64d5c91ba1e	TRUE	FALSE	TRUE	FALSE	3.5679	6.3957	58792631	7.7693	-0.9147	0.6068	1.0224	-1.2567	0.668	CZ	1672	file_aliquot		
TCGA-KIRC	tumour	TCGA-CZ-5989	TCGA-CZ-5989-01A	afe6bf7f-c463-4077-9c5c-3d00ce6ee8a8	TRUE	FALSE	TRUE	TRUE	6.8961	4.6147	43316151	7.6366	-0.4753	2.2919	-0.4753		0.7039	CZ	1672	cohort_full (23)	1905	0
TCGA-KIRC	tumour	TCGA-DV-5565	TCGA-DV-5565-01A	ac6da4db-868b-4b98-9c12-4c1930d08a5e	FALSE	FALSE	TRUE	TRUE	2.3671	7.5545	54697915	7.738	-0.9548	-0.3987	-0.9548	-0.3987	0.5478	DV	1541	cohort_full (23)	1329	0
TCGA-KIRC	tumour	TCGA-DV-5566	TCGA-DV-5566-01A	adb0fc04-0e35-4637-b3e2-6d9299b97069	FALSE	FALSE	TRUE	TRUE	2.7507	6.8702	41481379	7.6179	-0.5856	0.3447	-0.5856	0.3447	0.6752	DV	1541	cohort_full (23)	1398	0
TCGA-KIRC	tumour	TCGA-DV-5567	TCGA-DV-5567-01A	d1280122-4cf1-4e12-9783-4a7038a28ac0	FALSE	FALSE	TRUE	TRUE	3.3023	6.3069	65287345	7.8148	-0.8945	0.486	-0.8945	0.486	0.6347	DV	1541	cohort_full (23)	2004	0
TCGA-KIRC	tumour	TCGA-DV-5568	TCGA-DV-5568-01A	89bb336a-c128-4492-9109-e657f8f2011b	FALSE	FALSE	TRUE	TRUE	3.2018	6.9854	56489888	7.752	-0.5289	-1.1001	-0.5289	-1.1001	0.6806	DV	1541	cohort_full (23)	370	0
TCGA-KIRC	tumour	TCGA-DV-5569	TCGA-DV-5569-01A	34a71e25-c1fa-4f7a-9407-600964534fc5	FALSE	FALSE	TRUE	TRUE	3.0931	7.0665	58624288	7.7681	-0.8239	0.4088	-0.8239	0.4088	0.5882	DV	1541	cohort_full (23)	355	0
TCGA-KIRC	tumour	TCGA-DV-5573	TCGA-DV-5573-01A	1bd902eb-9e76-406a-bfe9-b0b5861bcdfb	FALSE	FALSE	TRUE	TRUE	4.8634	6.3839	51514945	7.7119	0.3644	0.0167	0.3644	0.0167	0.8079	DV	1541	cohort_full (23)	1130	0
TCGA-KIRC	tumour	TCGA-DV-5574	TCGA-DV-5574-01A	79b49079-070b-4b97-80b9-838bbd32f33c	FALSE	FALSE	TRUE	TRUE	2.2349	7.2956	64086709	7.8068	-1.3371	-0.1634	-1.3371	-0.1634	0.5608	DV	1541	cohort_full (23)	2016	0
TCGA-KIRC	tumour	TCGA-DV-5575	TCGA-DV-5575-01A	a5dd6162-2bca-4bbb-a068-94d122a52cc5	FALSE	FALSE	TRUE	TRUE	2.9093	6.6261	52031450	7.7163	-0.7276	0.7567	-0.7276	0.7567	0.6383	DV	1541	cohort_full (23)	1729	0
TCGA-KIRC	tumour	TCGA-DV-5576	TCGA-DV-5576-01A	96ae86b9-6d2a-4b13-9765-a0a5b71519c4	FALSE	FALSE	TRUE	TRUE	4.1252	6.7627	59348264	7.7734	-0.4083	0.4652	-0.4083	0.4652	0.6933	DV	1541	cohort_full (23)	727	1
TCGA-KIRC	tumour	TCGA-DV-A4VX	TCGA-DV-A4VX-01A	7f6b6886-84b6-4cb9-8b01-b2d10f55b8c9	FALSE	FALSE	TRUE	TRUE	5.3084	8.2059	39820622	7.6001	1.0362	-1.7083	1.0362	-1.7083	0.9622	DV	A266	cohort_full (23)	1626	1
TCGA-KIRC	tumour	TCGA-DV-A4VZ	TCGA-DV-A4VZ-01A	db9d1bc8-9c20-4fbd-bfac-cf1faf1cad11	FALSE	FALSE	TRUE	TRUE	6.243	7.5509	47977314	7.681	0.8684	-1.4701	0.8684	-1.4701	0.8283	DV	A266	cohort_full (23)	365	0
TCGA-KIRC	tumour	TCGA-DV-A4W0	TCGA-DV-A4W0-01A	07b09d0e-fac2-42a7-9cac-ac1e38a92298	FALSE	FALSE	TRUE	TRUE	6.1443	7.5434	46271292	7.6653	0.6687	0.4167	0.6687	0.4167	0.8276	DV	A266	cohort_full (23)	2470	0
TCGA-KIRC	tumour	TCGA-EU-5904	TCGA-EU-5904-01A	1eb01cfb-4b8b-472b-a20b-61239ad14ab6	FALSE	FALSE	TRUE	TRUE	3.6149	6.1446	59814705	7.7768	-0.5352	1.3828	-0.5352	1.3828	0.6224	EU	1672	cohort_full (23)	551	0
TCGA-KIRC	tumour	TCGA-EU-5905	TCGA-EU-5905-01A	d9da2793-4334-4b17-b234-172705dca082	FALSE	FALSE	TRUE	TRUE	2.8558	6.6128	36265686	7.5595	-1.1244	-0.2988	-1.1244	-0.2988	0.5923	EU	1672	cohort_full (23)	119	0
TCGA-KIRC	tumour	TCGA-EU-5906	TCGA-EU-5906-01A	2a8ed8a3-37a6-4492-823c-a86f392d0c44	FALSE	FALSE	TRUE	TRUE	3.1238	6.6727	83181083	7.92	-0.7917	1.6242	-0.7917	1.6242	0.6224	EU	1672	cohort_full (23)	206	0
TCGA-KIRC	tumour	TCGA-EU-5907	TCGA-EU-5907-01A	304948c1-e699-44b0-814d-defc3a1119f3	FALSE	FALSE	TRUE	TRUE	2.9938	5.9687	38753711	7.5883	-0.9206	0.3509	-0.9206	0.3509	0.5933	EU	1672	cohort_full (23)	127	0
TCGA-KIRC	tumour	TCGA-G6-A5PC	TCGA-G6-A5PC-01A	a57d26d5-0255-4bd1-bcd6-ebfb9d35055d	FALSE	FALSE	TRUE	TRUE	2.8074	9.9116	41513124	7.6182	-0.0049	-2.1905	-0.0049	-2.1905	0.7246	G6	A33J	cohort_full (23)	242	1
TCGA-KIRC	tumour	TCGA-G6-A8L6	TCGA-G6-A8L6-01A	8bbda4a1-af04-496f-b047-1d74c29ec19a	FALSE	FALSE	TRUE	TRUE	3.8666	8.6099	33794317	7.5288	0.866	-0.699	0.866	-0.699	0.8806	G6	A37O	cohort_full (23)	313	1
TCGA-KIRC	tumour	TCGA-G6-A8L7	TCGA-G6-A8L7-01A	b0b5583a-d348-4a65-bea4-d4046eac0f76	FALSE	FALSE	TRUE	FALSE	3.4807	9.0629	28533937	7.4554	0.642	-3.0991			0.8861	G6	A37O	cohort_full (23)	2133	0
TCGA-KIRC	tumour	TCGA-G6-A8L8	TCGA-G6-A8L8-01A	8e4480b4-e56b-4937-94c7-617b4125615c	FALSE	FALSE	TRUE	TRUE	6.5541	7.5549	45697816	7.6599	1.7747	0.0838	1.7747	0.0838	1.0003	G6	A37O	cohort_full (23)	1091	1
TCGA-KIRC	tumour	TCGA-GK-A6C7	TCGA-GK-A6C7-01A	cac6d56b-22df-46a8-b98f-f59fa9257f5e	FALSE	FALSE	TRUE	TRUE	4.3633	8.3101	62346503	7.7948	-0.071	1.0871	-0.071	1.0871	0.702	GK	A33J	cohort_full (23)	61	0
TCGA-KIRC	tumour	TCGA-MM-A563	TCGA-MM-A563-01A	2f9b9698-edc6-4049-809c-9733f05f5c2b	FALSE	FALSE	TRUE	TRUE	4.6493	7.5388	41379227	7.6168	1.186	-0.5195	1.186	-0.5195	0.9505	MM	A266	cohort_full (23)	591	0
TCGA-KIRC	tumour	TCGA-MM-A564	TCGA-MM-A564-01A	f13427f3-3d78-4fc1-9523-64b4ae583494	FALSE	FALSE	TRUE	TRUE	4.0998	10.9752	41447591	7.6175	1.0851	-1.0108	1.0851	-1.0108	0.9367	MM	A266	cohort_full (23)	607	0
TCGA-KIRC	tumour	TCGA-MM-A84U	TCGA-MM-A84U-01A	8fc7b6c7-aa50-4a13-a898-35a6bce2d32f	FALSE	FALSE	TRUE	TRUE	4.1026	10.1206	44459805	7.648	0.3624	-1.3201	0.3624	-1.3201	0.7875	MM	A37O	cohort_full (23)	700	0
TCGA-KIRC	tumour	TCGA-MW-A4EC	TCGA-MW-A4EC-01A	4488f655-ed4d-44d1-acad-20d9c530f84d	FALSE	FALSE	TRUE	TRUE	4.1099	8.5536	49549472	7.695	0.7297	0.5887	0.7297	0.5887	0.868	MW	A266	cohort_full (23)	498	0
TCGA-KIRC	tumour	TCGA-T7-A92I	TCGA-T7-A92I-01A	1263f317-119b-428c-96b1-c187e54bb275	FALSE	FALSE	TRUE	TRUE	4.4897	6.2206	66875606	7.8253	-0.2822	0.1607	-0.2822	0.1607	0.7098	T7	A37O	cohort_full (23)	356	0
