sample_barcode	patient	os_time	os_event	pct_noFeature	pct_multimapping	log10_assigned_reads	lnc_axis	Jiang_2019_9lnc__published__observed	Jiang_2019_9lnc__published__residualised	Jiang_2019_9lnc__refit_KIRC__observed	Jiang_2019_9lnc__refit_KIRC__residualised	Gui_2021_8autophagy__published__observed	Gui_2021_8autophagy__published__residualised	Gui_2021_8autophagy__refit_KIRC__observed	Gui_2021_8autophagy__refit_KIRC__residualised	Yu_2021_m6A__published__observed	Yu_2021_m6A__published__residualised	Yu_2021_m6A__refit_KIRC__observed	Yu_2021_m6A__refit_KIRC__residualised	Hong_2022_cuproptosis__published__observed	Hong_2022_cuproptosis__published__residualised	Hong_2022_cuproptosis__refit_KIRC__observed	Hong_2022_cuproptosis__refit_KIRC__residualised	Liu_2023_pyroptosis__published__observed	Liu_2023_pyroptosis__published__residualised	Liu_2023_pyroptosis__refit_KIRC__observed	Liu_2023_pyroptosis__refit_KIRC__residualised	Feng_2024_disulfidptosis__published__observed	Feng_2024_disulfidptosis__published__residualised	Feng_2024_disulfidptosis__refit_KIRC__observed	Feng_2024_disulfidptosis__refit_KIRC__residualised
TCGA-3Z-A93Z-01A	TCGA-3Z-A93Z	385	0	2.94071315022745	6.59992137014337	7.51257830389813	0.0033907284817585	-0.11514	0.15419	2e-05	0.36058	-0.22816	-0.02757	-0.30821	0.08469	0.34019	-0.19338	0.20711	0.06569	0.36887	0.32529	0.3962	0.34801	-1.26237	-1.2436	-0.92031	-0.71437	0.50917	0.7341	0.29826	0.40851
TCGA-6D-AA2E-01A	TCGA-6D-AA2E	362	0	3.94556730464727	8.21056334175316	7.61285409022843	-0.00453013125383583	-0.10292	-0.10563	0.14938	0.05154	0.03564	0.10497	0.27346	0.35467	1.41549	1.10521	1.46763	1.38678	0.02214	-0.16372	-0.08519	-0.34219	1.14646	1.10201	0.34373	0.34094	-0.0352	-0.12643	-0.41858	-0.48702
TCGA-A3-3306-01A	TCGA-A3-3306	1120	0	4.64877349478718	9.38940435153163	7.60680607797258	0.00911304274921509	0.47956	0.27958	0.22378	-0.14273	-0.70786	-0.86883	-0.83679	-0.90661	-0.867	-1.34114	-0.24591	-0.90621	0.45737	0.09019	0.36353	-0.06288	-0.00294	-0.34804	-0.10441	-0.46728	-0.35373	-0.81241	-1.05684	-1.43517
TCGA-A3-3307-01A	TCGA-A3-3307	1436	0	5.68710222395167	7.07151993599898	7.63611921144802	0.0376204633436024	-1.67597	-2.04289	-1.6209	-1.65668	-0.57668	-0.73728	-0.82672	-0.92492	-1.21012	-1.37675	-1.24669	-1.52475	-0.62361	-0.78552	-0.57332	-0.76527	-1.21353	-1.27621	-0.74491	-0.82116	1.04684	1.04311	0.61643	0.63797
TCGA-A3-3308-01A	TCGA-A3-3308	16	0	7.65003801250083	6.16329563847062	7.67671184961007	0.0258268578703604	1.10096	1.00005	0.65767	0.52944	0.81532	0.56763	0.6666	0.33194	-0.8777	-0.68293	-0.50385	-0.7892	-0.17502	-0.24829	-0.25449	-0.36035	0.39011	0.53124	0.67301	0.58655	-0.75905	-1.27468	-0.23956	-0.43619
TCGA-A3-3311-01A	TCGA-A3-3311	1191	1	5.22114946682492	7.26074739006204	7.81311776101216	-0.00915391042994105	-0.73587	-0.69338	-0.6887	-0.63964	-0.35141	-0.30646	-0.32746	-0.23307	-0.40907	-0.28843	-0.72655	-0.51703	-0.42847	-0.27805	-0.46059	-0.29038	-0.02299	0.13344	-0.05584	0.05871	-0.64112	-0.5604	-0.14428	0.07027
TCGA-A3-3313-01A	TCGA-A3-3313	735	1	6.13156827124828	11.0605829505812	7.8091825900654	0.00773823685567091	-0.11558	-0.65316	0.30747	-0.43833	-0.08349	-0.34249	0.63069	0.26841	1.15002	1.17607	2.22143	1.80449	-0.86704	-1.32162	-0.91049	-1.43231	0.9882	0.54808	0.48654	-0.07565	0.38461	-0.03632	0.04268	-0.40146
TCGA-A3-3316-01A	TCGA-A3-3316	1493	0	7.52816316437414	8.73878963342998	7.5459324831093	0.0273306205913847	0.52724	-0.14514	0.78766	0.20516	1.19129	0.76828	0.93911	0.18639	0.66494	0.53068	0.64732	0.20399	-0.14889	-0.76925	-0.11593	-0.71518	1.18907	0.85257	0.93013	0.16452	-0.37085	-1.40213	0.10264	-0.58874
TCGA-A3-3317-01A	TCGA-A3-3317	1491	0	9.07413499307496	6.99718774601212	7.76555805261023	0.0538761049570536	-0.0967	-0.63897	0.05407	-0.5286	-0.40005	-0.93679	0.13246	-0.27447	-1.056	-0.63364	0.26641	-0.30169	-0.34792	-0.49444	-0.39698	-0.52024	-0.40373	-0.43182	0.15233	-0.10434	-0.55892	-1.24031	-0.59963	-1.01333
TCGA-A3-3319-01A	TCGA-A3-3319	1130	0	6.39916634559323	6.7631400152661	7.85289004968544	0.00193649877921314	0.69741	0.87479	0.28713	0.42536	1.36465	1.44253	1.1076	1.30653	0.92059	1.3504	0.91806	1.2552	1.04146	1.35383	0.9904	1.29109	0.48273	0.73791	1.34728	2.00247	0.22862	0.40542	0.55899	0.96454
TCGA-A3-3320-01A	TCGA-A3-3320	1508	0	10.8281083143773	5.87469665709431	7.75799962773393	0.0769150400615964	-1.54869	-2.47688	-0.59234	-1.62692	-0.31923	-1.05072	-0.1261	-1.22208	-0.53368	0.1739	1.21865	0.6021	-0.92149	-1.09248	-0.90459	-1.11769	-1.70189	-1.71026	-1.18779	-1.66958	0.4767	-0.19194	0.30358	-0.01804
TCGA-A3-3322-01A	TCGA-A3-3322	1478	0	9.47773211592264	7.15649645038994	7.66522714547512	0.0639732259994535	-1.13387	-2.04719	-0.52302	-1.43541	-0.22589	-0.88661	-0.068	-0.83554	-0.99037	-0.70384	0.33503	-0.43096	-0.37326	-0.73525	-0.40639	-0.76564	-1.40778	-1.63049	-1.28435	-1.99292	-0.08739	-0.9736	-0.17717	-0.68877
TCGA-A3-3323-01A	TCGA-A3-3323	1106	0	9.41207139313535	6.88250466475001	7.64934197679879	0.0542192579685901	0.44816	-0.18825	0.62104	0.01595	1.25245	0.73192	0.97448	0.04214	0.44871	0.81012	1.32282	0.85984	0.08241	-0.23091	-0.02176	-0.28131	0.65196	0.59479	0.60666	0.0455	-0.60871	-1.57766	-1.01336	-1.57824
TCGA-A3-3324-01A	TCGA-A3-3324	1186	0	6.98931136698631	7.93185066889924	7.80316596566039	0.0280296073956976	0.80128	0.67621	0.5245	0.22205	-0.62077	-0.8958	-0.60157	-0.91732	-0.27742	-0.02995	0.29727	0.10627	-0.07566	-0.12351	-0.10491	-0.14004	-1.27567	-1.39179	-0.9059	-1.16834	-0.21119	-0.48949	0.29271	0.21871
TCGA-A3-3325-01A	TCGA-A3-3325	1170	1	5.98895972897623	8.64752786177721	7.92271978151455	0.0602994505915702	-0.27013	-0.34665	-0.87077	-0.76834	-0.13437	-0.17239	0.22487	0.3362	0.01614	0.32752	0.89201	0.82451	0.38651	0.54246	0.35466	0.46472	-0.23881	-0.25912	-0.08955	-0.19825	0.58298	0.78445	-0.11443	-0.00087
TCGA-A3-3326-01A	TCGA-A3-3326	1137	0	8.07319272204872	7.82257352950314	7.36441393177551	0.0747193108635217	0.38055	-0.49769	-0.77647	-1.63334	-0.29993	-1.01615	0.0388	-0.81473	-2.49189	-3.00447	-1.22945	-2.68253	-1.01467	-1.91371	-0.95812	-1.86345	-0.58546	-1.06717	-0.22541	-1.08732	0.42959	-0.78215	-0.25658	-1.25442
TCGA-A3-3328-01A	TCGA-A3-3328	1385	0	5.1918743598568	8.04768610375152	7.86310471217128		0.07057	0.19605	0.57404	0.71238	-2.06553	-2.16885	-1.25539	-1.74182	1.83573	2.1186	2.54207	2.71545	0.65318	0.8642	0.32664	0.46306	1.5503	1.72394	0.80181	1.07602	-2.13649	-2.34973	-1.94658	-1.6373
TCGA-A3-3329-01A	TCGA-A3-3329	1624	0	4.81261653268025	7.86737866914106	7.73307602302797	0.0217145815394146	-0.04549	-0.00101	-0.61231	-0.56926	-0.38804	-0.37611	-0.44478	-0.17505	-0.84328	-0.97258	-0.54003	-0.74928	-0.62822	-0.67753	-0.56265	-0.63514	-0.93186	-0.98513	-0.49695	-0.53711	-0.24117	-0.24871	-0.99132	-0.97411
TCGA-A3-3331-01A	TCGA-A3-3331	1257	0	8.09228954563304	6.28271178134819	7.82364140688587	0.0426709915688286	-0.29694	-0.53605	-0.33584	-0.63247	-0.8149	-1.16749	-0.76593	-1.10194	-1.17046	-0.70671	-0.34631	-0.57338	-0.90838	-0.84011	-0.85644	-0.77773	-0.3661	-0.18347	-0.35428	-0.41381	-0.71505	-1.02975	-0.44095	-0.32592
TCGA-A3-3335-01A	TCGA-A3-3335	1886	0	5.68926323004781	8.86594883628518	7.80355881468826	0.0152730063375721	-0.74705	-1.01596	-0.60244	-0.9934	0.41207	0.36728	0.06254	-0.13382	0.63875	0.73872	0.18822	0.38085	0.63134	0.60053	0.52414	0.47644	0.48445	0.38364	0.58104	0.44094	0.84936	0.89212	0.58053	0.48301
TCGA-A3-3343-01A	TCGA-A3-3343	945	0	5.02174653257312	7.58833196613101	7.76596163814035	0.0338922950393678	0.14466	0.25924	-0.33063	-0.23804	-0.68185	-0.6876	-0.32967	-0.13889	-3.53284	-3.72953	-2.71262	-3.31503	-0.36549	-0.31808	-0.35514	-0.32238	-0.17343	-0.11276	-0.08886	-0.03973	0.26392	0.41899	-0.04866	0.07158
TCGA-A3-3346-01A	TCGA-A3-3346	137	1	3.55126752666128	8.07200173921266	7.75823395494157	-0.00997224773539743	0.4815	0.82761	0.59857	1.0269	2.35726	2.79747	1.93627	2.56259	0.86072	0.7321	1.22039	1.2627	1.93948	2.18118	1.88275	2.04198	2.17918	2.36664	2.70727	3.22248	1.64731	2.26384	1.54372	1.91136
TCGA-A3-3347-01A	TCGA-A3-3347	1610	1	8.0338341074529	6.14862483770758	7.70131812047504	0.0335890847169352	1.00504	0.85387	1.4785	1.48183	1.7093	1.50237	1.79943	1.6849	0.22273	0.56826	1.45764	1.0663	0.3493	0.3318	0.36212	0.32377	0.98428	1.17119	1.05128	1.08649	0.73117	0.48396	0.82551	0.73935
TCGA-A3-3349-01A	TCGA-A3-3349	1385	0	5.25929718930168	6.50425038024196	7.6938267900117	0.0340058509533658	1.07665	1.35811	0.54838	0.81704	0.22748	0.26908	0.71041	1.07832	-0.25743	-0.27048	0.34487	0.14921	0.09805	0.18919	0.04963	0.14713	-0.56071	-0.42084	-0.34673	-0.17125	0.14791	0.24214	-0.07005	-0.06219
TCGA-A3-3351-01A	TCGA-A3-3351	910	0	11.22993411917	6.26273529004473	7.67575679133727	0.0891628095566513	1.34786	0.65353	0.77735	-0.05316	0.20596	-0.61729	0.57069	-0.74214	-0.03499	0.57715	1.11196	0.54431	-0.5166	-0.87137	-0.52665	-0.90991	-0.28262	-0.35186	0.19216	-0.33998	0.62108	-0.31115	-0.28487	-0.96647
TCGA-A3-3352-01A	TCGA-A3-3352	561	1	6.58812157013499	7.8244034084559	7.93569847955745	0.0579633770726751	-0.23163	-0.27859	-0.69051	-0.85618	-0.29501	-0.3823	-0.02234	-0.10815	0.10337	0.56529	0.88267	0.92914	-0.36624	-0.17624	-0.30965	-0.17917	-0.75896	-0.69219	-0.32659	-0.33007	0.25733	0.42263	-1.63593	-1.58645
TCGA-A3-3357-01A	TCGA-A3-3357	2688	0	6.5513851924603	8.70626652745749	7.86603425780133	0.0162059889379691	0.60969	0.49904	0.40076	0.15722	-0.73864	-0.9544	-0.55675	-0.86891	-0.41946	-0.17666	0.55031	0.27877	-1.23342	-1.33749	-1.25702	-1.35927	-1.13648	-1.29684	-0.58389	-0.81694	-0.35732	-0.56402	-0.12711	-0.21709
TCGA-A3-3358-01A	TCGA-A3-3358	1307	0	5.65486611240063	8.17074054479446	7.86997624834548	0.028023681137716	-0.62559	-0.6973	-0.63848	-0.65817	-0.0913	-0.09138	0.13545	0.26885	-0.53739	-0.34958	0.06239	-0.02151	-0.4547	-0.36262	-0.34667	-0.32277	-0.36605	-0.34868	0.07521	0.1174	0.63543	0.87049	0.17813	0.3277
TCGA-A3-3359-01A	TCGA-A3-3359	2504	0	7.93184673968684	7.03831276330824	7.65247165139952	0.0678716343720781	-1.91821	-2.68638	-1.7083	-2.1704	-0.69481	-1.17625	-0.5597	-1.06434	-1.35579	-1.26642	-0.42169	-1.06464	-1.40845	-1.74889	-1.35364	-1.72961	-0.82111	-0.93319	-0.54735	-0.89021	-0.30983	-0.95938	-0.72672	-1.09073
TCGA-A3-3362-01A	TCGA-A3-3362	1559	0	7.01890655957003	6.95120585497821	7.64931108871569	0.0425594021454841	0.39348	0.15189	-0.38995	-0.58516	-0.45606	-0.78283	-0.1446	-0.40358	-0.23304	-0.16898	1.01148	0.43935	-1.07632	-1.32409	-1.00742	-1.28682	-1.03452	-1.11051	-0.69206	-0.94841	0.339	-0.00829	-0.10725	-0.35858
TCGA-A3-3363-01A	TCGA-A3-3363	319	0	5.04540723907198	6.90636420444344	7.80862179809056	0.0263397303652354	-1.29876	-1.2711	-1.76284	-1.15775	-1.19978	-1.18837	-0.86498	-0.66256	1.05619	1.26706	0.96336	1.30371	0.08845	0.32895	0.02269	0.13609	0.49937	0.75051	0.11559	0.42012	1.09499	1.58543	0.85058	1.24769
TCGA-A3-3365-01A	TCGA-A3-3365	873	0	6.55975200830524	8.67207334870574	7.6996229093593	0.0286306871717786	-0.83143	-1.35943	-1.0901	-1.45368	-0.12018	-0.40238	-0.16337	-0.26978	0.57988	0.605	-0.03779	0.00267	-0.41819	-0.73145	-0.37565	-0.68291	-0.13059	-0.36624	0.02291	-0.40739	0.46388	0.08965	0.698	0.40589
TCGA-A3-3367-01A	TCGA-A3-3367	2270	0	7.06529588697907	8.20034832730251	7.87395421514333	0.0388776124856666	-0.60767	-0.91917	-0.58852	-0.89126	0.58781	0.4444	0.10803	-0.07025	-1.63127	-1.35872	-1.44481	-1.57664	-1.05469	-1.09984	-1.02063	-1.09027	0.11375	0.1013	0.2008	-0.01301	0.26422	0.16748	-0.48518	-0.52416
TCGA-A3-3370-01A	TCGA-A3-3370	2274	0	9.36337932588041	6.32959188296082	7.90051979320522	0.0571439312024957	0.10322	-0.20866	-0.09882	-0.41196	-0.59419	-1.05782	-0.18203	-0.68896	-2.8356	-2.21432	-1.53411	-2.01597	-1.15065	-1.06574	-1.12216	-1.07871	-0.88601	-0.73071	-0.66372	-0.7751	-0.1937	-0.49866	-0.41318	-0.27447
TCGA-A3-3372-01A	TCGA-A3-3372	735	0	10.2669892342155	6.35447435501073	7.79006361734826	0.0625576597622533	-1.23365	-2.04326	-0.3823	-0.98996	0.30558	-0.29177	0.51882	-0.07092	-1.02347	-0.38553	0.00011	-0.41668	-0.38582	-0.48988	-0.31275	-0.39212	-0.81205	-0.7902	-0.59792	-0.99204	0.18427	-0.4387	-0.28913	-0.50804
TCGA-A3-3373-01A	TCGA-A3-3373	1621	0	4.3972907865591	7.54780696345973	7.88855136715777	-0.03070408480393	-0.39131	-0.10326	-0.71238	-0.49961	-0.80069	-0.63566	-0.73844	-0.55254	-3.18022	-3.20935	-3.19231	-3.25898	-1.4742	-1.26024	-1.42827	-1.20943	-1.32232	-1.19565	-1.22209	-1.00858	-1.30565	-1.08985	-0.74799	-0.40981
TCGA-A3-3374-01A	TCGA-A3-3374	1314	0	3.46716613325437	11.2412834825725	7.78872221720606	-0.0629228735965182	0.01054	-0.0964	0.70532	0.46291	-1.7566	-1.80009	-1.06733	-1.56047	0.98619	0.67547	0.57286	0.63723	-0.31354	-0.60493	-0.47511	-0.67244	1.57176	1.23354	0.41141	0.13717	-1.55795	-1.92356	-1.76822	-1.83825
TCGA-A3-3376-01A	TCGA-A3-3376	1696	1	7.10999115829494	5.80870089538033	7.93784558546662	0.0189301069180977	-0.7886	-0.73666	-0.43737	-0.39665	-0.38153	-0.44781	-0.1965	-0.282	-0.05646	0.60191	-0.25886	0.23446	-0.41208	0.01045	-0.43127	-0.03994	-0.86602	-0.49741	-1.00867	-0.75028	-0.96764	-0.85606	-1.07555	-0.87146
TCGA-A3-3378-01A	TCGA-A3-3378	630	0	7.99980855547593	6.92460401324588	7.79441961374566	0.0264060155237971	0.91974	0.76523	0.95284	0.62696	0.25513	-0.045	0.28958	-0.38142	0.48898	0.94846	1.01412	0.96436	0.033	0.04448	-0.02607	-0.02401	0.99324	1.13668	0.74062	0.54636	0.41941	0.19594	0.68794	0.66341
TCGA-A3-3380-01A	TCGA-A3-3380	567	0	7.15258420895166	9.2790270373233	7.8069086445735	0.05907669166168	0.34145	-0.06191	-0.22028	-0.58677	0.08664	-0.21624	0.39735	0.06291	-0.25794	-0.08479	0.90863	0.41857	-0.47067	-0.7317	-0.53661	-0.83427	-0.67355	-0.97439	-0.43587	-0.86739	0.52682	0.18333	-0.80814	-1.25913
TCGA-A3-3382-01A	TCGA-A3-3382	574	0	8.13962740907259	6.68328960944451	7.72801854780068	0.0266024671899487	1.56693	1.44412	1.74218	1.55171	0.98479	0.69192	0.49505	-0.1507	-1.07271	-0.78981	-0.68204	-0.97027	0.18433	0.12037	0.14796	0.11032	0.97307	1.09087	0.91038	0.68454	-0.18913	-0.65537	0.03902	-0.11666
TCGA-A3-3383-01A	TCGA-A3-3383	861	0	3.0802611082902	8.46005490674638	7.62529491416692	0.0222289795105571	-0.51218	-0.4488	-0.91928	-0.41166	-0.26912	-0.10493	-0.18311	0.07502	-1.05841	-1.60871	-1.50627	-1.68825	0.34042	0.22401	0.37123	0.1968	-0.53828	-0.68418	0.05305	0.10894	1.60216	1.98084	0.91298	1.16663
TCGA-A3-3385-01A	TCGA-A3-3385	1993	0	7.38223844878313	8.84235660515246	7.84230912955709	0.0328142936393571	-2.26952	-3.01946	-1.80679	-2.45299	-0.83285	-1.20087	-0.7073	-1.14607	-5.28773	-5.30806	-3.44236	-4.62698	-1.24635	-1.46451	-1.2364	-1.46767	-1.41972	-1.67595	-1.43913	-1.96009	-0.20094	-0.59833	-1.0375	-1.24192
TCGA-A3-3387-01A	TCGA-A3-3387	617	0	5.31471195063122	6.20770095622831	7.81188729070319	0.0143199712825213	0.27389	0.59931	0.06339	0.32178	0.67937	0.85284	0.50285	0.83873	-0.20577	0.01244	-0.00379	0.15956	-0.25245	0.04258	-0.16537	0.06691	-0.15449	0.16026	0.26842	0.61868	0.60463	1.05216	0.61967	1.00021
TCGA-A3-A6NI-01A	TCGA-A3-A6NI	1018	0	4.77471760438108	6.99938179503517	7.76811875344732	0.0164484106010698	0.31507	0.58128	-0.3189	-0.10986	-0.62521	-0.55892	-0.37295	-0.24506	-0.27821	-0.25342	-0.73922	-0.50935	-0.07343	0.09417	-0.08108	0.06351	-0.73619	-0.60327	-0.48566	-0.24183	0.26374	0.55025	0.47994	0.77423
TCGA-A3-A6NJ-01A	TCGA-A3-A6NJ	468	0	4.36881362614117	7.27577359140273	7.71859263206856	0.0036238350615154	-0.77007	-0.699	-1.26932	-1.08909	-1.46383	-1.46166	-1.24633	-1.25474	0.51063	0.43713	0.12764	0.32834	-1.11697	-1.11819	-1.0396	-1.09162	-0.72971	-0.66755	-0.59699	-0.48111	-1.01249	-1.03416	-1.16068	-1.20267
TCGA-A3-A6NL-01A	TCGA-A3-A6NL	689	0	5.51951482246602	6.96200155157651	7.67258706913848	0.0315307741151217	-0.00121	-0.01998	0.01426	-0.06657	0.22993	0.19554	0.1525	0.22538	-0.29656	-0.35449	-0.15677	-0.3036	-0.00771	-0.03774	-0.06092	-0.08947	-0.54013	-0.50301	-0.50023	-0.56012	-0.96998	-1.24651	-1.66072	-2.02078
TCGA-A3-A6NN-01A	TCGA-A3-A6NN	3	0	4.8643900485651	7.0182924062071	7.72913080644051	0.0272775162272249	-1.17307	-1.2031	-1.23195	-1.21027	0.23278	0.33137	-0.09139	0.11321	0.1226	0.11385	0.37856	0.36259	-0.7761	-0.73372	-0.7563	-0.72096	-0.93992	-0.86085	-0.74327	-0.63669	-0.21984	-0.1239	-1.10265	-1.1986
TCGA-A3-A8CQ-01A	TCGA-A3-A8CQ	3	0	5.72625533905389	7.60568745649664	7.66544540056347	0.0378447893146191	0.25779	0.14813	-0.12338	-0.39748	-0.38264	-0.5379	0.08422	0.06179	0.1498	0.08156	0.66448	0.37665	-1.49391	-1.74608	-1.37438	-1.60315	-1.44978	-1.5908	-1.24361	-1.49282	-0.87623	-1.27593	-1.66394	-2.05254
TCGA-A3-A8OV-01A	TCGA-A3-A8OV	340	0	4.35699573033887	7.72028652857402	7.67369626750974	0.0374910866555758	0.11473	0.21301	-0.70414	-0.66572	-0.74331	-0.732	-0.62492	-0.4154	0.14119	-0.06519	1.10796	0.736	-0.43913	-0.52188	-0.53074	-0.6652	-1.26663	-1.34996	-0.89337	-0.90761	0.42113	0.52975	-0.86055	-0.98709
TCGA-A3-A8OW-01A	TCGA-A3-A8OW	323	0	6.43545356505374	6.41485864291215	7.70460330308364	0.0501566865805138	-1.65383	-1.97686	-1.24048	-1.5221	-0.26014	-0.41835	-0.16975	-0.42872	-2.15476	-2.13675	-1.43965	-1.90525	-0.90106	-0.93417	-0.87428	-0.95166	-1.09644	-1.01629	-1.03066	-1.09694	-1.1884	-1.53969	-2.7469	-3.18259
TCGA-AK-3425-01A	TCGA-AK-3425	3343	0	2.06614547886239	8.99411495956539	7.67720117230906	-0.0647088545096216	-0.52242	-0.2972	-0.0785	0.13589	0.18462	0.54514	-0.16217	0.21918	0.47362	-0.0395	-0.3649	-0.17069	0.1575	0.11035	0.08794	0.09016	-0.0553	-0.16958	-0.50752	-0.46742	-0.43343	-0.23094	0.01858	0.05004
TCGA-AK-3426-01A	TCGA-AK-3426	885	1	7.55509679575072	13.4712569975251	7.54599103073164	0.0502387841106424	1.19247	-0.0224	1.22228	0.10158	1.48221	0.84039	1.95	1.21217	1.27633	0.83501	1.777	0.81972	1.8727	0.77337	1.81952	0.77353	2.31522	1.27798	2.46683	1.39918	2.52681	1.40196	1.89856	0.60282
TCGA-AK-3427-01A	TCGA-AK-3427	3583	0	3.00737713937823	13.145894094945	7.75350641102577		-0.25554	-0.6244	0.31627	-0.30711	-1.83199	-1.93784	-1.34264	-1.63762	0.74242	0.1689	-0.37143	-0.33687	0.02598	-0.5199	-0.25203	-0.74476	1.47749	0.81125	0.38013	-0.20159	-1.18483	-1.72401	-1.4987	-2.01286
TCGA-AK-3428-01A	TCGA-AK-3428	3650	0	1.91738683853469	9.32837119479454	7.46990421499154	-0.0585336750232888	-0.8213	-0.90593	-0.82485	-0.94817	-0.25972	-0.08354	-0.69746	-0.35035	0.91312	0.03492	0.13484	-0.02529	-1.35977	-1.89597	-1.37829	-1.8638	-0.29847	-0.65715	-0.75479	-1.16695	-0.74926	-1.03748	-0.6856	-1.0995
TCGA-AK-3429-01A	TCGA-AK-3429	3328	0	2.27482966705664	8.54894538510069	7.62560997453317	-0.0510006412083294	-0.09684	0.15862	-0.47577	-0.35428	-1.00476	-0.79241	-1.10707	-0.83614	0.22669	-0.33472	-0.21051	-0.22516	-1.21117	-1.40047	-1.15772	-1.33418	-0.89838	-1.04775	-0.65881	-0.58503	-0.66483	-0.58735	0.1576	0.18869
TCGA-AK-3431-01A	TCGA-AK-3431	2241	1	2.22637363136589	8.28984953963796	7.59213331466767	-0.0588069367141004	-0.3196	-0.09476	-0.3655	-0.29969	0.20731	0.52075	-0.19399	0.27377	1.07356	0.52141	0.34897	0.48631	-0.46564	-0.61673	-0.49243	-0.5652	0.14474	0.07731	-0.45823	-0.50231	-0.80044	-0.77098	-0.63168	-0.71297
TCGA-AK-3433-01A	TCGA-AK-3433	3409	0	4.6647857169815	10.6090189692875	7.62704870584683	-0.0406769557278979	0.09737	-0.30669	0.66096	0.19151	-2.44666	-2.8081	-1.96003	-2.67714	1.65984	1.28774	1.93734	1.59843	-0.50361	-1.07221	-0.72225	-1.23045	1.60223	1.17801	0.36089	-0.15203	-1.54389	-2.36426	-1.44561	-1.96158
TCGA-AK-3434-01A	TCGA-AK-3434	2087	0	4.76533234945169	7.90423405322727	7.60390253447298	0.01468386466979	-0.08132	-0.191	0.12272	0.09384	0.20002	0.17431	-0.03531	0.17636	-1.34342	-1.73054	-1.08761	-1.56723	0.07106	-0.14046	0.05115	-0.19054	-0.60203	-0.75071	-0.79898	-1.01188	0.54918	0.4426	-0.44855	-0.76295
TCGA-AK-3436-01A	TCGA-AK-3436	3331	0	3.28003436706345	9.56938495974754	7.7206231798896	-0.0448071004806061	-0.5896	-0.61124	-0.25174	-0.29981	0.30037	0.49793	-0.42332	-0.41446	-0.26411	-0.66421	-1.01841	-0.95583	-0.30763	-0.47617	-0.31308	-0.41476	0.42599	0.23559	0.43611	0.44572	-1.04866	-1.18546	-0.66942	-0.78908
TCGA-AK-3440-01A	TCGA-AK-3440	2865	0	3.24419588538819	9.32401328149983	7.7985879616641	-0.0560749849790171	-0.63846	-0.5367	0.09579	0.19556	-2.25924	-2.20969	-1.70808	-2.02302	1.18943	1.0255	0.81519	1.08885	-1.05479	-1.11576	-1.09652	-1.10893	1.65751	1.65541	0.60402	0.81616	-1.85486	-1.95306	-1.51981	-1.37885
TCGA-AK-3443-01A	TCGA-AK-3443	1423	0	4.21723801742536	9.9082241235227	7.87324298000182	-0.0452672506511155	-0.32463	-0.3332	0.43977	0.36692	-1.97197	-2.01353	-1.39998	-1.75156	1.40751	1.44264	1.25306	1.52658	-0.8528	-0.91885	-0.9826	-1.03499	1.60437	1.52777	0.41211	0.41433	-1.71664	-1.90213	-0.64308	-0.59432
TCGA-AK-3444-01A	TCGA-AK-3444	1471	0	3.59431801358933	7.64794905053782	8.14958486555923	-0.0194925927660999	-0.30281	0.43056	-0.42683	0.13194	-0.97318	-0.52302	-0.89653	-0.13522	-1.8127	-1.40567	-1.99483	-1.37517	-0.748	-0.00913	-0.7568	-0.05339	-1.72955	-1.38424	-1.65406	-1.04173	-0.43379	0.60532	-0.26369	0.53274
TCGA-AK-3445-01A	TCGA-AK-3445	2392	0	6.19953368409254	6.88204343833389	7.66737104563306	0.0168283916052007	2.6806	2.96811	2.11111	2.21904	1.74794	1.74739	1.47961	1.33612	0.93278	1.01867	1.51259	1.34598	0.52315	0.48896	0.43223	0.39787	1.0304	1.14807	0.88779	0.76291	-0.23325	-0.49318	0.15574	0.07169
TCGA-AK-3447-01A	TCGA-AK-3447	1217	0	0.965123867815179	11.7903982517981	7.65137450777688		-1.41939	-1.55395	-0.70502	-0.82167	-3.78493	-3.77063	-3.74871	-4.12712	0.80483	-0.0523	-0.3178	-0.25421	-0.29968	-0.72051	-0.65659	-1.06989	1.51808	1.07225	0.16005	-0.08034	-1.92673	-2.24439	-0.96751	-1.26481
TCGA-AK-3450-01A	TCGA-AK-3450	1508	0	4.49169750938838	6.67238976915613	7.74069839568642	-0.00517704523802946	-0.31147	-0.08216	-0.19361	-0.01296	-0.80276	-0.71429	-1.19971	-1.04806	-0.98068	-1.05129	-1.31437	-1.21237	-1.18909	-1.08748	-1.14024	-1.08359	-0.04018	0.17864	-0.02496	0.29646	-0.77329	-0.64461	-0.66528	-0.42852
TCGA-AK-3451-01A	TCGA-AK-3451	2868	0	1.38363930320557	11.1206184354648	7.65553956834981	-0.0617112323750818	-0.5735	-0.5524	-1.114	-1.24497	-2.27384	-2.1518	-2.50564	-2.40675	0.20135	-0.5929	-0.49653	-0.58026	-0.13747	-0.47863	-0.30607	-0.64885	-1.18166	-1.70511	-0.80919	-1.02597	-0.80987	-0.88849	-0.24349	-0.49627
TCGA-AK-3453-01A	TCGA-AK-3453	2531	0	10.5118415304039	9.80965304124495	7.49335232959654	0.0844467887033887	0.0744	-1.39025	-0.05338	-1.22795	-0.01212	-1.06288	0.41795	-0.99017	-1.03102	-1.12561	-0.02471	-1.27496	1.64895	0.73307	1.60892	0.7	0.63718	-0.08032	1.39834	0.35528	2.38119	1.07497	2.45303	1.69606
TCGA-AK-3454-01A	TCGA-AK-3454	874	0	11.3391622166386	14.9631813938212	7.3260804944581	0.0504803566799378	1.57854	-0.68925	1.88303	-0.24787	1.79914	0.40326	2.0075	0.1464	0.96751	0.41988	1.76673	0.02412	0.8491	-1.14185	0.76725	-1.04724	1.08706	-0.62248	1.15038	-1.42005	0.71844	-2.10609	0.80681	-1.59183
TCGA-AK-3455-01A	TCGA-AK-3455	683	1	5.49391602610632	9.93081393818198	7.67202875341392	0.0342998844826055	-0.725	-1.25568	-1.43965	-1.92136	-1.41672	-1.74144	-1.11685	-1.33687	-0.88754	-1.20356	-0.33274	-0.94124	-0.35808	-0.80757	-0.34869	-0.79073	-1.0493	-1.52837	-0.23812	-0.73683	0.80646	0.46997	0.10936	-0.33386
TCGA-AK-3456-01A	TCGA-AK-3456	1143	0	3.65540185792487	8.78267526150991	7.66423242706026	-0.0474113621617981	0.17319	0.2464	0.44471	0.36257	-1.28865	-1.28416	-0.88535	-0.79767	1.1622	0.8512	0.80803	0.87114	-0.88416	-1.10948	-0.97294	-1.14489	0.42394	0.29684	-0.21152	-0.3556	-0.38521	-0.46697	0.14347	0.12925
TCGA-AK-3458-01A	TCGA-AK-3458	1168	0	9.91452851350224	12.3666223413871	7.63249619472421	0.0541233317216781	-0.5617	-2.20602	-1.22771	-3.18409	0.04904	-0.93909	-0.36181	-1.91664	-0.82259	-0.91835	-0.6779	-1.60561	0.84005	-0.20629	0.86556	-0.18193	-0.55588	-1.62054	-0.03702	-1.61277	1.72328	0.32513	0.63148	-0.74031
TCGA-AK-3460-01A	TCGA-AK-3460	2508	0	6.62452196155934	8.82152343714058	7.57331147991675	0.0234485798457242	-0.6484	-1.32761	-0.43522	-1.07965	-0.38682	-0.80066	-0.48378	-0.99745	-0.47166	-0.72999	-0.11824	-0.73199	0.00463	-0.50927	-0.04635	-0.52611	-0.16673	-0.5418	-0.44303	-1.04652	-0.00284	-0.7509	0.04171	-0.71405
TCGA-AK-3461-01A	TCGA-AK-3461	2217	0	8.86644275688459	6.55537936168676	7.63721227282746	0.0465892905999119	-0.55506	-1.22394	-0.56804	-1.18157	0.21153	-0.31276	0.28772	-0.28395	0.80458	1.13427	1.18317	0.94097	-0.00948	-0.26944	0.04468	-0.2363	-0.46674	-0.52989	-0.32852	-0.71232	-0.00234	-0.73066	0.2673	-0.17773
TCGA-AK-3465-01A	TCGA-AK-3465	369	0	5.45211210771207	12.7510287157575	7.80775805744903	-0.0109732989298129	0.23202	-0.36503	0.90017	0.34182	-1.87579	-2.27908	-0.9733	-1.55097	1.56915	1.42336	1.75139	1.52507	0.27329	-0.27709	0.06921	-0.45412	1.40773	0.74607	0.5954	-0.15261	-1.90977	-2.88458	-1.56221	-2.28443
TCGA-AS-3777-01A	TCGA-AS-3777	1238	0	2.76118968556829	10.4648834769981	7.85582795824862	-0.089395100304277	-0.74902	-0.66872	-0.02232	0.00805	-1.75429	-1.60758	-1.40679	-1.69748	0.92605	0.70879	0.13619	0.52178	0.39023	0.41255	0.23632	0.29513	1.6832	1.56681	0.60214	0.73219	-0.95474	-0.83138	0.09643	0.17048
TCGA-AS-3778-01A	TCGA-AS-3778	43	0	6.36270821705155	7.38011613664403	7.77026416812631	0.0419713018733397	-0.41094	-0.58109	-0.98683	-1.16495	0.17015	0.05841	0.47805	0.27111	-0.95158	-0.82649	-0.14033	-0.46593	-0.4807	-0.49752	-0.50498	-0.55451	-1.20325	-1.22711	-0.99059	-1.16466	-0.92881	-1.21869	-1.1759	-1.41461
TCGA-B0-4688-01A	TCGA-B0-4688	101	1	5.61504519763599	5.38691316098224	7.75670948336336		3.65637	4.50477	3.83421	4.72735	2.01079	2.25812	2.03283	2.36746	1.72162	2.0565	2.14766	2.43103	5.43458	6.15217	5.71504	6.24099	2.1624	2.69874	1.42552	2.18068	1.59934	2.18734	2.18861	2.81467
TCGA-B0-4690-01A	TCGA-B0-4690	43	1	5.70200340649801	6.81769278533343	7.77414046268422	-0.00428372106569655	1.58389	1.92005	1.73203	2.04635	2.19475	2.38549	1.47354	1.55562	1.43912	1.69019	1.34815	1.65547	1.64711	1.91475	1.75878	1.99964	1.44369	1.71219	1.57439	1.95643	1.07359	1.38098	1.47915	1.68594
TCGA-B0-4691-01A	TCGA-B0-4691	139	1	9.41399877362816	9.2053389897409	7.74663308595925	0.0179979268051478	0.79957	0.01696	1.33685	0.47996	1.00962	0.42036	0.97831	0.12549	0.58621	0.95089	0.85501	0.55385	0.91979	0.52074	0.90044	0.53208	0.23877	-0.13903	0.87207	0.23492	1.36568	0.65303	1.89856	1.56951
TCGA-B0-4693-01A	TCGA-B0-4693	77	1	6.76304862203543	8.64883451513627	7.6659758224847	0.0265777840496742	-1.30481	-1.97816	-1.03979	-1.59497	-0.43799	-0.80034	-0.47605	-0.92096	0.31976	0.2947	0.49831	0.20143	-1.01633	-1.44028	-0.99158	-1.39213	0.18771	-0.0616	0.22363	-0.42463	-0.2102	-0.81683	0.11054	-0.24734
TCGA-B0-4694-01A	TCGA-B0-4694	106	1	3.07356806246242	8.2298175853119	7.78924659288484	-0.0347335414032116	-0.4697	-0.17473	-0.49119	-0.23402	-0.27004	0.02558	-0.45319	-0.14965	0.70196	0.55468	0.36339	0.65831	0.18725	0.36041	0.1117	0.31605	0.09949	0.17507	0.09214	0.48777	-0.47938	-0.14665	-0.269	-0.11695
TCGA-B0-4696-01A	TCGA-B0-4696	866	1	6.75313362640962	6.16743192735807	7.62115643676517	-0.0192753599517642	0.75235	0.68587	1.10673	1.1423	1.06622	0.92934	1.68981	1.52258	1.87465	2.05044	2.46658	2.36781	2.12785	2.19496	2.36596	2.46011	1.95601	2.18602	1.33765	1.58743	1.83826	1.88369	1.72445	1.84227
TCGA-B0-4697-01A	TCGA-B0-4697	578	1	5.24705567780023	15.7823935314109	7.34195469360882		1.89799	0.63825	2.24805	1.33711	2.05196	1.52763	2.97151	2.73707	1.78622	0.61864	2.43322	1.01156	2.92492	1.41689	2.98498	1.53106	2.92146	1.46531	3.49176	2.27477	2.05416	0.54611	0.8605	-1.03519
TCGA-B0-4698-01A	TCGA-B0-4698	42	1	4.9643712483079	8.23890071771291	7.83148123636854	-0.0209897814396382	2.13337	2.55717	2.48492	2.93055	1.88154	2.12104	2.35222	2.70609	1.62684	1.80531	2.03923	2.2143	6.91348	7.52989	7.46935	7.8933	2.60927	2.80155	2.51699	3.09966	2.4079	3.03036	2.60559	2.76939
TCGA-B0-4699-01A	TCGA-B0-4699	110	1	7.60498511843476	6.14318104535161	7.98067289658615	0.00342907801324388	0.7118	0.91764	1.3215	1.70534	0.34951	0.28928	0.89677	0.57533	1.68024	2.54546	1.85428	2.45927	2.14148	2.74748	2.3079	2.8026	2.0259	2.54172	1.57075	2.19992	0.85224	1.26355	0.61485	1.17179
TCGA-B0-4700-01A	TCGA-B0-4700	1980	1	3.54372152319075	7.14803788213481	7.72882766742915	-0.0242895163800305	0.85814	1.35515	0.80453	1.40897	1.0841	1.44048	1.14787	1.52523	0.91119	0.80282	0.5549	0.85359	0.54251	0.75462	0.55572	0.77113	1.22005	1.47147	1.38598	2.00858	0.71006	1.21485	0.74431	0.95012
TCGA-B0-4701-01A	TCGA-B0-4701	238	1	8.39771892107969	7.08340638695383	7.70469982647328	0.0499433038147344	0.71977	0.33848	0.78719	0.43427	0.71382	0.32294	0.45477	0.02953	-0.08431	0.21745	0.43471	0.13498	0.11798	-0.05984	0.18324	-0.0252	1.17016	1.2042	1.53205	1.37746	0.60692	0.14567	0.77597	0.55026
TCGA-B0-4703-01A	TCGA-B0-4703	182	1	6.00466588061226	7.04196675129662	7.76066957644087	0.00442837959390458	0.64517	0.73629	1.10478	1.2605	1.03386	1.05898	1.19554	1.2764	1.65174	1.90822	1.97203	2.12338	3.38689	3.71211	3.60443	3.82752	2.15059	2.40336	1.62653	1.74243	-0.36424	-0.45011	0.22245	0.09395
TCGA-B0-4706-01A	TCGA-B0-4706	65	1	7.34486090581939	8.18610252326828	7.78500323670016	0.0723952507748314	0.61414	0.34271	0.55437	0.38765	1.94509	1.81535	1.57131	1.66874	0.43158	0.71037	1.58609	1.23202	0.93203	0.87181	0.90994	0.82129	0.91622	0.86829	1.54221	1.53468	2.00142	2.0152	1.25079	1.26167
TCGA-B0-4707-01A	TCGA-B0-4707	600	1	6.10881772085875	8.85653075349423	7.57746322507771	0.0251818968879307	2.35198	2.23042	1.6936	1.39878	1.39992	1.21686	1.86052	1.77876	-0.24941	-0.54351	0.24882	-0.36029	1.15322	0.76203	1.00408	0.63396	0.82278	0.53065	1.15937	0.77299	1.13708	0.7101	1.68591	1.4533
TCGA-B0-4710-01A	TCGA-B0-4710	1755	0	8.87463951289992	7.27569099091037	7.76095273775463	0.061859945990772	0.11561	-0.40228	-0.12562	-0.70291	0.79255	0.37066	0.97053	0.29629	1.17475	1.68532	1.68356	1.59539	-0.37061	-0.54994	-0.37361	-0.55518	0.36632	0.34649	0.40931	-0.15304	0.16584	-0.38503	-0.17044	-0.40857
TCGA-B0-4712-01A	TCGA-B0-4712	1337	1	2.60397612410743	7.9194549272749	7.76982612357707	-0.0542171497035754	-0.29845	0.12353	0.66658	1.17154	1.95603	2.51435	1.16315	1.71552	1.1712	0.99352	0.59125	1.02535	0.95251	1.22367	1.03346	1.33089	1.11576	1.30984	0.92542	1.33239	0.46346	1.07117	1.09829	1.50963
TCGA-B0-4713-01A	TCGA-B0-4713	202	1	5.6980824162715	8.69250278314771	7.62052703557396	0.0186182706221575	1.99435	1.96061	1.45611	1.29416	1.03022	0.91392	0.94451	0.83922	0.08059	-0.15097	0.57842	0.11267	0.74815	0.44708	0.59627	0.32318	0.49457	0.26291	1.38515	1.21469	0.80185	0.49454	1.59152	1.34129
TCGA-B0-4714-01A	TCGA-B0-4714	99	1	12.0084190568648	7.98112955910018	7.68256967375981	0.127867643025628	1.19932	0.1225	1.23507	0.09787	0.63779	-0.34268	0.91479	-0.35842	-1.77528	-1.30353	0.2946	-0.92688	0.6807	0.14599	0.6705	0.13402	0.43583	0.10563	0.96926	0.21441	2.01604	0.9862	1.49343	0.9109
TCGA-B0-4718-01A	TCGA-B0-4718	1778	0	9.50522996697443	9.10482072689595	7.57686451533572	0.0764081636098331	0.43358	-0.60769	1.11032	0.30293	2.20181	1.58487	1.6806	0.8546	-0.23378	-0.19096	0.68959	-0.19687	0.68953	0.00091	0.77272	0.10929	0.90867	0.43848	1.42133	0.60004	1.35173	0.29639	1.15629	0.58633
TCGA-B0-4810-01A	TCGA-B0-4810	478	1	5.70065363869607	6.84258734144467	7.79427899126018	0.0439945752175138	1.90831	2.31565	1.37282	1.84003	1.23474	1.35569	1.29126	1.69061	1.06754	1.32797	1.25283	1.46595	2.23581	2.57738	2.37729	2.64398	0.40467	0.62016	1.37172	1.79509	1.25956	1.63983	0.1783	0.32679
TCGA-B0-4811-01A	TCGA-B0-4811	1417	1	9.43378390289547	11.677702401351	7.80249260818276	0.0925040314089756	1.85947	0.9693	1.64794	1.11361	1.01336	0.33657	1.44465	0.8153	0.10183	0.35201	0.6752	0.09986	1.36783	0.76471	1.35657	0.79996	1.28328	0.617	1.8702	0.92206	2.08996	1.28484	1.42848	0.66082
TCGA-B0-4813-01A	TCGA-B0-4813	18	1	9.51176780036403	8.34262912935364	7.5837997594224		2.76828	2.20202	1.74506	1.18035	1.87135	1.26851	1.95264	1.23565	1.05911	1.24998	1.41391	0.93047	2.87281	2.4594	3.01561	2.52196	1.39177	1.08259	2.14429	1.41054	2.66821	1.98586	2.81263	2.27612
TCGA-B0-4814-01A	TCGA-B0-4814	168	1	7.37217963651968	7.41617660018174	7.71284166617243	0.0610786954511182	-1.56531	-2.16218	-1.05299	-1.70158	0.90334	0.66601	0.43973	0.02492	-0.15647	0.02298	0.87806	0.43496	-0.59035	-0.78273	-0.46433	-0.70308	0.3438	0.32077	0.57461	0.32071	0.776	0.50957	0.33232	0.25804
TCGA-B0-4815-01A	TCGA-B0-4815	1588	1	6.55218317550897	11.1143105559126	7.82578438299816	0.0528244274289919	1.82717	1.53267	1.40807	1.14034	1.73102	1.57809	1.69843	1.6324	0.86894	0.94591	1.11268	0.92463	1.21808	0.91109	1.12562	0.83227	1.01329	0.56282	1.82954	1.42289	1.27947	0.97919	0.82961	0.39452
TCGA-B0-4816-01A	TCGA-B0-4816	1371	1	5.97099060873412	7.09176640967058	7.86206563957268	0.0240125599065676	0.12269	0.25036	-0.13714	-0.0399	0.03974	0.05443	-0.03133	-0.0389	0.71103	1.0746	0.24769	0.70375	-0.19036	0.03036	-0.20225	0.00305	0.26293	0.4764	-0.06526	0.07465	0.18626	0.40782	0.53027	0.73438
TCGA-B0-4817-01A	TCGA-B0-4817	1019	1	5.62742295020053	9.59694736174296	7.63865146310379	0.0289104709260378	1.61157	1.42886	1.08479	0.92091	0.69091	0.52259	0.13639	-0.38119	1.02534	0.8089	1.08945	0.81806	0.99594	0.62792	0.90009	0.55313	1.52348	1.22897	2.02006	1.79923	0.68172	0.2758	1.20756	0.85566
TCGA-B0-4818-01A	TCGA-B0-4818	510	1	6.65796523361474	8.10127037329161	7.80818329336741	0.05041854716167	-0.81826	-1.15621	-1.07359	-1.24833	-0.51013	-0.73268	-0.53224	-0.68553	-0.84085	-0.66665	-0.93471	-0.9807	0.13092	0.1066	0.14511	0.10418	-0.86463	-0.96378	-0.63914	-0.85151	0.70895	0.65782	0.34451	0.19552
TCGA-B0-4819-01A	TCGA-B0-4819	183	1	8.0291753622332	10.4399014226358	7.73379115993991	0.049592507094554	1.10015	0.4208	1.89483	1.63909	0.90266	0.4321	1.79071	1.21133	1.20053	1.34572	1.75353	1.3544	1.38177	0.92551	1.3279	0.91091	1.91025	1.48511	2.40834	2.03451	1.35432	0.7029	1.60424	1.00191
TCGA-B0-4821-01A	TCGA-B0-4821	1230	1	8.41066553382037	8.84021870530662	7.7675217367994		2.6577	2.41238	2.82664	3.14042	2.98748	2.74845	3.47774	3.75931	1.20412	1.5642	1.82464	1.59383	2.48274	2.35089	2.43725	2.25448	2.11961	1.98213	2.56879	2.25009	3.03474	2.92527	1.78202	1.62821
TCGA-B0-4822-01A	TCGA-B0-4822	1111	1	6.05300724181627	9.67847324855511	7.6470900062094	0.0562148504600729	1.5249	1.25412	1.82892	1.85197	1.76744	1.63309	1.94418	2.06477	1.2111	1.05895	1.87289	1.43204	1.14879	0.76658	1.15074	0.81493	1.27152	0.93706	1.82466	1.55618	1.37387	1.02831	1.39783	1.05022
TCGA-B0-4823-01A	TCGA-B0-4823	454	1	2.01167029390105	7.41126560249488	7.76992996856074	-0.0629442308336729	-0.8279	-0.31742	-1.21575	-0.7914	-0.86278	-0.43773	-0.8621	-0.26997	0.71692	0.48683	-0.25977	0.31092	-1.18577	-0.96675	-1.14768	-0.91022	-0.69925	-0.5136	-0.93603	-0.51509	-0.73994	-0.18504	-0.28499	0.18972
TCGA-B0-4824-01A	TCGA-B0-4824	1657	1	10.6248280340484	6.59914778527938	7.62560224067783	0.0836423111841407	0.9496	0.19289	0.58415	0.01383	-0.49828	-1.34872	-0.34437	-1.47087	-0.47846	-0.06679	0.53216	-0.14037	0.03548	-0.36455	0.01958	-0.388	-0.55771	-0.71773	-0.45103	-1.06258	0.36917	-0.64467	-0.09017	-0.56801
TCGA-B0-4827-01A	TCGA-B0-4827	885	1	1.82907386821922	8.58439368333069	7.85480883372571	-0.0730381396889426	0.08588	0.71116	0.25838	0.72652	-0.61766	-0.14298	-0.56775	0.04992	0.74774	0.55842	-0.15012	0.44967	-0.28101	0.00194	-0.32334	0.00114	0.52884	0.68343	-0.01165	0.35903	-0.89665	-0.3311	0.4788	1.02112
TCGA-B0-4828-01A	TCGA-B0-4828	307	1	10.89577914602	8.44332575070364	7.62021837565762	0.0944820901269944	-0.13697	-1.36653	0.25595	-0.69164	1.85652	1.07383	1.77543	1.04266	-0.04835	0.27353	0.47954	-0.18119	0.97456	0.37273	0.97135	0.36886	0.48581	0.07582	1.09109	0.14101	2.04321	1.03929	1.67172	1.0543
TCGA-B0-4833-01A	TCGA-B0-4833	2386	1	11.0924241357554	8.02038438738367	7.57774453622463	0.0893460575907745	0.42724	-0.74065	0.66494	-0.22302	0.14671	-0.8221	0.60896	-0.65387	-0.39646	-0.11651	0.0935	-0.63926	0.30307	-0.37595	0.34011	-0.36096	0.0718	-0.34098	0.47238	-0.35837	1.78605	0.66941	1.50004	0.82502
TCGA-B0-4834-01A	TCGA-B0-4834	2090	1	4.06358155855259	14.251041068667	7.77504478344354	-0.0501742146209585	-0.1258	-0.78112	0.59394	-0.23915	-1.18708	-1.42996	-0.40863	-0.9678	0.97459	0.48123	0.19935	0.05641	-1.35687	-2.18842	-1.3727	-2.15167	1.04886	0.14937	-0.01612	-1.02549	-1.22609	-2.07999	-0.21332	-0.98304
TCGA-B0-4836-01A	TCGA-B0-4836	1238	1	5.21442190940123	8.79087857615829	7.67974910120388	-0.0194127399915539	0.04861	-0.14938	0.63218	0.44676	0.80696	0.77907	0.36842	0.07423	-0.62456	-0.85678	-1.04982	-1.20245	0.2475	0.0261	0.15418	-0.00673	1.13939	1.00487	0.73273	0.53017	-0.08912	-0.37508	0.41379	0.22441
TCGA-B0-4837-01A	TCGA-B0-4837	1378	1	4.51390310763647	10.0477375873392	7.74104078839087	-0.0152871104418023	0.01511	-0.16577	0.74818	0.57401	1.80448	1.94495	1.25367	1.18034	0.68488	0.47179	0.33795	0.33245	0.26	0.02082	0.26405	0.0533	1.08027	0.81976	0.88678	0.55432	0.11983	-0.04603	0.3976	0.25814
TCGA-B0-4838-01A	TCGA-B0-4838	834	1	7.31211415047939	7.27152886661852	7.72774799379749	0.0297744178091106	-0.66328	-1.07179	-0.65723	-1.04798	-0.56962	-0.90798	-0.49458	-0.73958	-0.30189	-0.10174	-0.20634	-0.33823	-0.15943	-0.27183	-0.09535	-0.20558	0.08579	0.08533	0.30523	0.20581	0.61916	0.38299	0.89735	0.78172
TCGA-B0-4839-01A	TCGA-B0-4839	1639	1	2.62091653205756	10.8889424942404	7.76199197101545	-0.0491303238894537	0.04183	0.10211	-0.07131	-0.23721	-0.8083	-0.64878	-0.45332	-0.35363	0.50834	0.06019	-0.30998	-0.16067	0.27574	0.08813	0.23292	0.13628	0.34367	-0.00351	-0.14757	-0.3407	-0.22469	-0.17788	-0.00995	-0.17859
TCGA-B0-4841-01A	TCGA-B0-4841	204	1	3.45553487588119	13.1420588525785	7.53395834067139	-0.0385007173373531	-0.60019	-1.35752	0.15115	-0.62557	0.04939	-0.11684	0.23736	-0.05767	0.47287	-0.44292	-0.60304	-1.01092	0.79653	-0.08305	0.81963	0.06254	0.43143	-0.5112	0.22706	-0.65394	0.66284	-0.03637	1.68541	0.83154
TCGA-B0-4842-01A	TCGA-B0-4842	1724	1	2.43706885249217	8.78951860110972	7.64293396728713	-0.0440577502986391	-0.10706	0.10655	0.02685	0.1927	-0.26886	-0.01572	-0.512	-0.41659	0.94077	0.45205	0.27567	0.41556	0.79888	0.74536	0.80055	0.80285	0.96227	0.90111	0.61322	0.77686	0.53204	0.81282	0.88895	1.06802
TCGA-B0-4843-01A	TCGA-B0-4843	320	1	6.3830642762347	9.75895932402048	7.63700295693767	0.0342026024732899	1.85949	1.56127	1.41796	1.11893	1.18803	0.94433	1.40212	1.13965	0.9819	0.82712	1.55228	1.07582	1.09883	0.66336	1.0707	0.66114	0.94231	0.55101	0.8478	0.32097	1.04992	0.54871	1.47937	1.16151
TCGA-B0-4844-01A	TCGA-B0-4844	313	1	6.1118681510516	7.82513114772943	7.64895529869219	0.0279447337239137	2.58828	2.72696	1.73139	1.63643	1.73672	1.68663	0.91617	0.52698	0.74788	0.71267	1.11706	0.87978	0.39309	0.19958	0.3667	0.1703	-0.31243	-0.44694	0.33028	0.18284	1.38444	1.28865	1.81082	1.83991
TCGA-B0-4845-01A	TCGA-B0-4845	1986	1	11.3335294758664	8.02671512968523	7.69614000025696	0.10043659869328	-0.58539	-1.8148	-0.08817	-1.08423	1.32459	0.50872	1.70943	0.81107	-1.96504	-1.55586	-0.75754	-1.69293	0.20215	-0.30652	0.1932	-0.29158	-0.57026	-0.9322	-0.14888	-1.23249	0.87262	-0.23242	0.28081	-0.39156
TCGA-B0-4846-01A	TCGA-B0-4846	1200	1	7.08831139759405	5.95807738614803	7.77051658471936	0.0292807232811035	0.0632	0.03511	-0.04379	-0.0945	-0.74146	-0.96475	-0.87389	-1.10233	-0.22508	0.1255	-0.34515	-0.20131	-0.57068	-0.45392	-0.51284	-0.39519	-0.02718	0.22596	0.03784	0.0597	0.70001	0.78692	0.47914	0.75555
TCGA-B0-4847-01A	TCGA-B0-4847	793	1	8.21341176032469	10.6153732091432	7.65375185236684	0.0860045569625918	0.51426	-0.40617	0.19585	-0.45292	-0.17328	-0.83077	0.44102	-0.27996	-0.54371	-0.63547	0.52527	-0.3949	1.24173	0.60749	1.22585	0.62543	0.25317	-0.38417	0.78845	-0.07553	2.27807	1.58864	1.94408	1.44112
TCGA-B0-4848-01A	TCGA-B0-4848	883	1	2.95726638254367	7.26763483123338	7.63640802094937	-0.045423790826977	-0.29064	0.00332	-0.02694	0.21549	-0.23423	0.01933	-0.56665	-0.25554	0.23462	-0.14247	-0.34014	-0.20317	0.11952	0.17149	0.07748	0.1972	0.38132	0.50363	0.18062	0.44165	-0.60013	-0.43988	-0.57132	-0.47225
TCGA-B0-4849-01A	TCGA-B0-4849	69	1	12.2893345507742	6.92543216216484	7.58862058253315	0.093209587553554	-0.50194	-1.86009	0.02452	-1.25927	0.39012	-0.66692	0.4327	-0.73798	0.35176	0.90186	0.89708	0.30667	0.46806	-0.11603	0.51603	-0.07583	-0.64121	-0.96184	-0.28405	-1.14907	2.00033	0.87385	1.02957	0.17447
TCGA-B0-4852-01A	TCGA-B0-4852	1121	1	8.35486691076621	8.26012883805304	7.98573432778773	0.0536618594579311	-0.08581	-0.41501	-0.22563	-0.62217	0.03544	-0.26412	-0.1286	-0.7717	0.08319	0.7816	0.14951	0.39406	-0.54278	-0.46045	-0.49557	-0.42687	0.42078	0.46149	0.50817	0.17641	0.71321	0.67616	0.46944	0.54318
TCGA-B0-4945-01A	TCGA-B0-4945	2145	1	7.45890751138106	6.42121896812794	7.67133298358417	0.0403769631569692	0.66244	0.48471	0.17061	0.26086	-0.75076	-1.12378	-0.4081	-0.77765	0.46294	0.69219	0.23595	0.26314	-0.072	-0.16779	-0.03766	-0.11709	-0.66428	-0.62941	-0.42353	-0.62485	0.60104	0.33901	0.99009	0.9694
TCGA-B0-5075-01A	TCGA-B0-5075	637	1	7.3474004375005	8.71249504586685	7.8967832514619	0.011024160644028	1.45737	1.37709	0.97154	0.64296	-0.82184	-1.13778	-0.81936	-1.42832	-0.41633	-0.03832	0.03286	-0.05574	-0.30907	-0.34794	-0.3289	-0.34926	-0.38587	-0.5058	-0.38066	-0.82656	-0.6854	-1.04439	-0.20188	-0.24546
TCGA-B0-5077-01A	TCGA-B0-5077	1317	1	8.09776740043812	8.59559974870446	7.86181908807241	0.050786796719783	0.39649	-0.00409	0.31013	-0.28081	1.00026	0.7147	0.81056	0.05941	1.15511	1.65756	2.06802	1.94059	0.00748	-0.10037	-0.00129	-0.08625	0.35745	0.24225	1.21498	1.03279	0.26946	-0.09766	0.09611	-0.23872
TCGA-B0-5080-01A	TCGA-B0-5080	342	1	2.84469490298078	8.17404398066039	7.76513379016622	-0.048733992108954	0.55015	1.02311	0.87023	1.20298	0.95588	1.3763	0.78403	1.37376	0.8009	0.59893	0.05211	0.45507	1.33568	1.57772	1.3639	1.61405	0.3411	0.42985	0.05919	0.33299	-0.30976	0.05852	0.66952	0.97848
TCGA-B0-5081-01A	TCGA-B0-5081	362	1	6.49425786260651	10.5534190579147	7.88209337067712	0.0292314044659542	1.12328	0.87105	1.24664	0.90119	0.76579	0.60674	0.89003	0.62471	0.1374	0.3001	0.64733	0.44458	0.93424	0.77713	0.9902	0.85566	1.14524	0.84617	2.41986	2.38748	0.66698	0.4475	0.91491	0.5823
TCGA-B0-5083-01A	TCGA-B0-5083	1045	1	1.56805936166229	10.5366311531374	7.69372910280794	-0.0876791706877194	-0.24085	-0.07554	0.34166	0.32403	-2.1429	-1.9788	-1.91501	-1.88551	0.73543	0.10111	-0.37743	-0.16054	-0.03083	-0.23604	-0.19829	-0.34192	1.41696	1.18071	0.16565	0.12871	-1.76595	-1.90853	-1.33033	-1.46204
TCGA-B0-5084-01A	TCGA-B0-5084	222	1	5.36351019520389	8.97702999597117	7.8175792244565	0.0257786845430935	1.29737	1.40534	1.54175	1.77007	2.47898	2.66515	3.08469	3.64381	1.68472	1.83067	2.19533	2.24166	2.37186	2.50134	2.39488	2.46487	1.95596	1.95716	2.74183	3.24976	3.04705	3.58986	1.61728	1.8009
TCGA-B0-5085-01A	TCGA-B0-5085	770	1	7.45053211299544	12.1375372117762	7.76544683665256	0.091782272800399	1.85622	1.20169	0.98304	0.60423	0.04182	-0.48313	0.42358	0.00393	0.41098	0.37608	1.65999	0.88152	0.44713	-0.21316	0.38095	-0.21636	0.12204	-0.64264	0.31062	-0.67627	1.30437	0.58058	0.90125	0.22382
TCGA-B0-5088-01A	TCGA-B0-5088	563	1	7.39188044332836	8.72588062727095	7.83100985191736	0.0606517546806048	1.9836	1.89877	1.3937	1.23238	0.28803	0.01363	0.52333	0.14055	-0.4915	-0.22614	0.81111	0.33552	0.51316	0.4226	0.50546	0.43906	-0.01545	-0.17299	0.17591	-0.13009	1.2254	1.09673	1.54475	1.51863
TCGA-B0-5092-01A	TCGA-B0-5092	459	1	9.45795476077806	8.06350015004401	7.68069266666216	0.0886567197862438	2.20823	1.71545	2.03919	1.93849	0.88126	0.28467	1.41476	0.93966	-1.77839	-1.58281	-0.0316	-1.07086	1.86954	1.58144	1.95585	1.62929	0.26754	0.01852	1.70919	1.43694	2.10578	1.5549	2.0721	1.82816
TCGA-B0-5094-01A	TCGA-B0-5094	333	1	7.60571168310275	7.67246655705435	7.79680623726267	0.0446834440805488	0.01083	-0.31629	0.11223	-0.16872	2.29565	2.19331	1.50066	1.46406	1.01196	1.41154	1.65795	1.58316	0.21876	0.17531	0.11956	0.11549	1.35589	1.41921	1.54149	1.28014	0.012	-0.31508	0.07093	0.03801
TCGA-B0-5095-01A	TCGA-B0-5095	245	1	8.13046222890925	6.06137521022731	7.71500169186242	0.0327779189223775	1.35266	1.26701	1.5311	1.507	1.25771	1.01198	1.71059	1.59253	1.09744	1.53658	1.76292	1.67445	1.66108	1.76914	1.73304	1.82546	0.17059	0.32747	0.36874	0.28049	0.3595	0.06123	0.13024	0.02466
TCGA-B0-5096-01A	TCGA-B0-5096	68	1	2.82985308573415	6.98269903405519	7.69428294695719	-0.0740919726557147	-0.09214	0.36141	0.59619	0.99555	0.59766	0.99824	0.72689	1.27468	1.02883	0.80652	0.23797	0.66391	-0.01003	0.17398	0.04638	0.28524	1.97127	2.29764	0.78027	1.26351	-0.48764	-0.12774	0.8821	1.34195
TCGA-B0-5097-01A	TCGA-B0-5097	665	0	4.41573291313211	6.59728705284934	7.73823287544305	-0.0354310224522079	0.56018	0.94601	0.97765	1.25881	1.20633	1.48217	0.782	1.02164	0.31507	0.31763	-0.40969	-0.03364	0.51585	0.75581	0.54882	0.79096	1.23704	1.55096	1.00739	1.27221	-0.19923	0.06053	0.54021	0.75453
TCGA-B0-5098-01A	TCGA-B0-5098	1584	1	7.79281001736518	8.14377503751954	7.83080849947841	0.00153807435703951	0.96436	0.72991	2.14613	2.33678	2.23035	2.09604	2.79284	2.83793	1.38432	1.84952	1.44042	1.59878	1.54822	1.58489	1.56711	1.61197	1.20027	1.19853	0.40622	0.20618	2.01895	2.0491	1.68973	1.77651
TCGA-B0-5099-01A	TCGA-B0-5099	485	1	7.92916076575623	7.11972767414716	7.7577485525397	0.0459626142846449	0.4304	0.14211	-0.2925	-0.58673	-0.76863	-1.1839	-0.89163	-1.28477	0.14466	0.49894	0.33393	0.26806	-0.18103	-0.26707	-0.22476	-0.316	-1.35405	-1.42175	-1.4199	-2.00003	-0.4526	-0.93175	-0.82791	-0.91985
TCGA-B0-5100-01A	TCGA-B0-5100	1913	1	5.36802171847033	9.99598688770547	7.72603028786788	0.000958738115285869	1.67511	1.59557	1.96134	2.17813	0.54115	0.44038	1.02203	0.84487	1.32947	1.2237	0.98395	0.99908	1.06325	0.80866	1.03426	0.81822	1.08855	0.78809	0.7865	0.48876	1.59233	1.53008	1.37838	1.12791
TCGA-B0-5102-01A	TCGA-B0-5102	2764	1	5.51909324229513	8.99439083115218	7.81625966595023	0.0251563826250828	0.88826	0.9016	0.66375	0.5991	-0.09184	-0.1531	0.28406	0.44974	0.49733	0.58293	0.94419	0.86346	-0.11144	-0.18238	-0.23646	-0.2884	-0.89575	-1.08771	-0.9467	-1.25091	0.72613	0.78429	0.29506	0.20705
TCGA-B0-5106-01A	TCGA-B0-5106	1598	1	9.34340850492429	8.9989020990806	7.73400226729471	0.0670430377126397	-1.29289	-2.37696	-0.45515	-1.40741	1.12333	0.55545	1.01325	0.16941	-0.40681	-0.11694	0.10756	-0.38396	0.56523	0.15107	0.4716	0.10787	0.71922	0.39782	0.80371	0.08158	0.48269	-0.38483	0.37267	-0.26407
TCGA-B0-5107-01A	TCGA-B0-5107	927	1	6.51902565506553	8.57846934625181	7.72369510834339	0.0399975009561092	1.57015	1.46522	1.8492	1.81832	1.44	1.32131	1.64661	2.04396	0.51504	0.57966	1.44873	1.05999	1.63627	1.53124	1.79536	1.66643	1.06254	0.94125	2.06449	2.163	2.62892	2.74323	3.5404	3.60873
TCGA-B0-5108-01A	TCGA-B0-5108	1782	0	4.67513741591348	6.55510477403697	7.78742292378	-0.00945216257823935	0.17005	0.51371	-0.10281	0.1131	1.28484	1.56784	0.6685	0.96153	0.92039	1.07398	0.98362	1.26894	0.67297	0.99379	0.61391	0.93596	1.86025	2.25292	1.30028	1.57721	-0.36362	-0.08087	-0.19221	0.09524
TCGA-B0-5109-01A	TCGA-B0-5109	587	1	3.86699737321457	10.1285417492195	7.73824756303204	-0.0253623312323367	0.63339	0.64639	1.26082	1.32812	1.04068	1.20214	1.14982	1.2038	0.88469	0.60556	0.51035	0.54811	2.39843	2.34722	2.46134	2.37964	1.27708	1.04071	1.23305	1.15545	2.12592	2.45374	2.5089	2.51297
TCGA-B0-5110-01A	TCGA-B0-5110	2009	0	6.43798583487864	5.80338410333787	7.73139179738959	0.0244233485688619	-0.42232	-0.43906	-0.71083	-0.72277	-0.73472	-0.88403	-0.32674	-0.40052	-0.24614	-0.01994	-0.3436	-0.2394	-0.75875	-0.65612	-0.71564	-0.65316	-1.29753	-1.10731	-1.05348	-0.9837	-1.15929	-1.36813	-1.25221	-1.23589
TCGA-B0-5113-01A	TCGA-B0-5113	1175	0	6.65428689467684	7.15372715987149	7.80554551547173	0.0301838581160564	-0.48912	-0.64963	-0.24934	-0.50354	0.36922	0.26972	0.44329	0.32275	-0.58725	-0.3327	0.31409	0.07414	-0.4944	-0.44374	-0.46006	-0.45827	-0.47145	-0.39303	-0.47075	-0.52267	-0.08742	-0.1673	-0.31493	-0.25453
TCGA-B0-5115-01A	TCGA-B0-5115	1604	0	9.25053601647439	6.74662355486259	7.78054906847597	0.0656107615292097	-0.45018	-1.0265	-0.07832	-0.58793	0.82244	0.38993	0.53165	-0.22136	-0.935	-0.44287	-0.26199	-0.57569	-0.59912	-0.71834	-0.5617	-0.73021	-0.26312	-0.23569	-0.1109	-0.37167	-0.26616	-0.85946	-0.93153	-1.21841
TCGA-B0-5116-01A	TCGA-B0-5116	1274	0	2.62238867287247	8.20289543216414	7.77040329356935	-0.0527912892225239	-0.93652	-0.65513	-0.76492	-0.56706	0.61221	1.03726	0.22223	0.63225	0.69921	0.47455	-0.21335	0.24275	0.12314	0.29445	0.1449	0.35667	-0.41841	-0.36909	-0.49998	-0.3906	-0.74387	-0.41184	-1.22174	-1.08333
TCGA-B0-5117-01A	TCGA-B0-5117	1608	0	4.11876362163213	12.3534600948349	7.72679634841912	-0.033923519039653	0.3522	-0.03732	0.78533	0.43506	-1.81035	-2.05395	-1.14097	-1.84861	1.47233	1.07283	1.3384	1.14122	0.05912	-0.49797	-0.16221	-0.6653	1.72557	1.13455	0.73007	0.1624	-1.24008	-1.94161	-0.64998	-1.16556
TCGA-B0-5119-01A	TCGA-B0-5119	1552	0	3.49096436299545	6.06966567187434	7.76178924781764	-0.0203504159276293	-0.94811	-0.53914	-1.29168	-0.89152	-1.11819	-0.86671	-1.18583	-0.66455	0.36978	0.35775	-0.00606	0.39261	-1.25803	-0.9794	-1.18165	-0.94957	-1.71576	-1.44559	-1.70923	-1.3157	-0.7716	-0.33082	-1.16432	-0.82875
TCGA-B0-5120-01A	TCGA-B0-5120	1169	0	4.98483924188752	6.95445700260542	7.76316404203122	2.19251065364852e-06	-0.63235	-0.55007	-0.49505	-0.29911	-0.76112	-0.73828	-0.63604	-0.50167	0.77371	0.88013	0.5948	0.84739	-0.4092	-0.28302	-0.398	-0.26716	0.13235	0.31509	-0.33614	-0.26466	-0.64703	-0.58024	-1.00914	-0.98953
TCGA-B0-5121-01A	TCGA-B0-5121	1485	0	3.79876564638885	10.8078115982275	7.8460180111986	-0.00121722752819972	-1.06095	-1.26633	-1.01051	-1.24547	-0.20364	-0.09668	-0.19025	0.07333	-0.86047	-1.12106	-1.01169	-1.1135	-0.22029	-0.37516	-0.17202	-0.29655	-0.16328	-0.50594	-0.21219	-0.47636	0.26298	0.36221	-0.07599	-0.34877
TCGA-B0-5399-01A	TCGA-B0-5399	1411	0	6.00572137117973	7.06519069342874	7.76916885901513	0.0434905907960553	-0.83586	-0.96939	-1.28172	-1.20403	-0.20708	-0.28483	0.0187	-0.1478	-0.11716	0.04324	0.70437	0.51146	0.49218	0.61207	0.4789	0.5582	-0.41546	-0.32347	-0.24823	-0.26477	1.26486	1.50871	0.01692	0.22319
TCGA-B0-5400-01A	TCGA-B0-5400	1733	0	2.55988143322875	8.17527880774865	7.75699797346129	-0.0319490518001196	0.54951	1.06177	0.90251	1.3781	0.10144	0.48286	0.00138	0.29408	0.88243	0.64178	0.06542	0.49486	1.04382	1.26969	0.98672	1.20149	0.65598	0.76957	0.43567	0.69377	0.64965	1.24109	0.75777	1.1099
TCGA-B0-5402-01A	TCGA-B0-5402	1290	0	3.57913759600711	7.42913125069655	7.88821788767382	-0.0169045689733023	0.24025	0.78375	0.10841	0.53397	-0.0758	0.27607	-0.11535	0.14587	-2.46465	-2.52714	-2.41929	-2.38058	-0.37471	-0.00831	-0.41407	-0.08824	0.53257	0.83145	0.3017	0.72642	-1.18282	-0.77462	-2.52343	-2.33489
TCGA-B0-5690-01A	TCGA-B0-5690	3392	0	3.31858362717132	5.54900629520318	7.73125388288712	-0.0199471511660513	-1.00063	-0.53539	-0.64904	-0.07028	-0.01245	0.36418	-0.05654	0.60755	0.10851	0.04875	-0.23714	0.12204	-0.11234	0.2823	-0.14125	0.25262	-1.50856	-1.15957	-1.32899	-0.80768	-1.49134	-1.14701	-1.60506	-1.43969
TCGA-B0-5691-01A	TCGA-B0-5691	3431	0	2.38556275375345	4.59881795390517	7.56767523970262	-0.0275195788425263	-0.5678	0.06268	-0.74682	-0.08516	-0.77781	-0.40324	-0.89458	-0.20585	-0.8581	-1.28294	-1.21609	-1.13031	-0.53567	-0.25302	-0.55489	-0.28947	-0.39473	0.07725	-0.65167	0.00053	-1.23365	-0.85867	-1.07	-0.76418
TCGA-B0-5692-01A	TCGA-B0-5692	3650	0	2.59478151435005	7.09713675375077	7.72341201873056	-0.0290387672062983	-0.90166	-0.5153	-0.79101	-0.36537	-1.15126	-0.85323	-1.10083	-0.67021	0.34159	0.09345	-0.56545	-0.13395	-0.35418	-0.14725	-0.33081	-0.16816	-0.32459	-0.1287	-0.45818	-0.00071	-0.67511	-0.26564	-0.61326	-0.30802
TCGA-B0-5693-01A	TCGA-B0-5693	3650	0	3.93747314269159	6.31924495275942	7.71255885219641	-0.0081102813182787	-0.4753	-0.16116	-0.7707	-0.51126	-0.06988	0.15976	-0.35453	0.08474	-1.27844	-1.44719	-1.4959	-1.46058	-1.04302	-0.89262	-0.9864	-0.86562	-0.4792	-0.23215	-0.88092	-0.64767	-1.4632	-1.37212	-2.06971	-2.01251
TCGA-B0-5694-01A	TCGA-B0-5694	480	1	2.57399477611922	6.85966318812167	7.61131589953155	-0.0249935287831034	0.36017	0.84772	-0.16289	0.14589	-0.11116	0.21094	-0.3987	-0.12594	-0.02317	-0.46886	-0.34965	-0.31116	-0.08847	-0.01337	-0.1247	-0.05182	-0.55283	-0.42959	-1.00706	-0.80267	-0.76017	-0.55301	-0.31797	-0.20363
TCGA-B0-5695-01A	TCGA-B0-5695	2150	0	2.75892388933442	6.84745491336758	7.84398372586667	-0.0294047960576437	-0.44175	0.16361	-0.22943	0.27545	-0.34177	0.10291	-0.67827	0.02292	-0.31453	-0.3628	-0.96737	-0.46217	0.28859	0.76417	0.24043	0.70869	-0.89819	-0.6002	-1.18022	-0.66349	-0.23153	0.50691	-0.55532	-0.11757
TCGA-B0-5696-01A	TCGA-B0-5696	2609	0	1.72442212950354	7.26679878039771	7.80098441006543	-0.0536182862078032	-2.02271	-1.59323	-2.62354	-1.93641	-0.58165	-0.06087	-1.03575	-0.35747	0.49018	0.27944	-0.35086	0.23016	0.27141	0.68892	0.30657	0.74987	-0.68528	-0.43607	-0.77775	-0.35628	-0.00468	0.82811	-0.039	0.52268
TCGA-B0-5697-01A	TCGA-B0-5697	2630	0	2.86466691574136	6.75127048490785	7.84010605680117	-0.0405232006606552	-0.94083	-0.42316	-1.21964	-0.60517	-0.9884	-0.61305	-0.95697	-0.49626	0.29358	0.29429	-0.7571	-0.06236	0.44047	0.92664	0.45258	0.93424	-0.37675	-0.03749	-0.59924	0.02108	0.68486	1.58698	0.43237	1.0241
TCGA-B0-5698-01A	TCGA-B0-5698	3631	0	3.60713744032764	8.02332209504737	7.82007955740259	-0.0271045977687541	-0.79527	-0.57894	-0.97239	-0.89816	-0.14576	0.11644	-0.5421	-0.40435	-0.19431	-0.27344	-0.79844	-0.47314	-0.57512	-0.41666	-0.52951	-0.40432	-0.0985	0.00253	0.14748	0.44825	-0.29334	0.06539	0.57777	0.89404
TCGA-B0-5699-01A	TCGA-B0-5699	3650	0	4.24834376405712	6.57811411481269	7.77596803854229	0.00232857116818953	-1.68495	-1.57397	-2.17392	-1.94661	-0.87976	-0.73249	-1.13189	-0.78779	-1.80543	-1.88545	-1.81667	-1.8291	-1.52984	-1.36669	-1.44775	-1.34747	-1.56542	-1.38798	-1.10457	-0.80634	-0.25049	0.10809	-0.34169	-0.0278
TCGA-B0-5700-01A	TCGA-B0-5700	1790	0	1.92330398418289	6.92557705386605	7.63074069846112	-0.0409168620954679	-1.09729	-0.71127	-1.55143	-1.05907	-1.07365	-0.7304	-1.15822	-0.68904	0.49539	0.04172	-0.5837	-0.20349	-0.26332	-0.1342	-0.23352	-0.0879	-1.3393	-1.23296	-1.28793	-0.96283	-0.85129	-0.51077	-0.87555	-0.70217
TCGA-B0-5701-01A	TCGA-B0-5701	2461	0	2.3819250668274	5.60084082376943	7.58154710980182	-0.0526304146944913	-0.99701	-0.55254	-0.79059	-0.25521	-0.45649	-0.09431	-0.70397	-0.41686	-0.27082	-0.70993	-0.95177	-0.76536	-0.08312	0.1234	-0.1339	0.11182	-0.01999	0.3248	-0.27384	0.21096	-0.42585	-0.00373	-0.12945	0.09114
TCGA-B0-5702-01A	TCGA-B0-5702	2172	0	3.69177177564883	10.4504812538842	7.31485634778544		-0.02462	-0.62512	-0.72516	-1.44294	-1.47379	-1.82856	-1.01198	-1.91925	0.64232	-0.4127	-0.45744	-0.98811	2.16833	1.37177	2.09325	1.2978	-1.05519	-1.85484	-0.54722	-1.353	0.197	-0.70105	-0.43592	-1.26592
TCGA-B0-5703-01A	TCGA-B0-5703	2246	0	2.36672922687296	8.04939409634517	7.67704082408862	-0.0277536931018555	0.01556	0.40089	-0.36393	-0.06524	0.20603	0.57285	-0.00873	0.65943	0.17392	-0.25709	-0.48246	-0.30495	-0.71369	-0.72101	-0.69578	-0.71078	-1.61289	-1.68563	-1.42251	-1.31554	-0.20616	0.11396	-0.0629	0.04373
TCGA-B0-5705-01A	TCGA-B0-5705	3650	0	2.43119363263154	6.92296886234359	7.85196432889888	-0.039706896484174	-0.4526	0.20672	-0.72401	-0.16016	-1.67635	-1.29824	-1.61564	-0.93646	-1.24169	-1.37331	-1.77057	-1.39079	-0.87514	-0.46128	-0.88224	-0.46873	-1.36023	-1.08344	-1.15548	-0.54778	-1.4373	-0.86626	-1.49814	-1.02323
TCGA-B0-5706-01A	TCGA-B0-5706	3205	0	1.53693280139947	8.28428204660294	7.37296915677955	-0.0482924959961541	0.32241	0.50976	0.03692	0.09463	0.39545	0.66616	0.31353	0.76477	0.37284	-0.66634	-0.32148	-0.63092	-0.13694	-0.57721	-0.10336	-0.46341	0.60281	0.40368	0.33796	0.23072	-0.41849	-0.62002	-0.44427	-0.81863
TCGA-B0-5707-01A	TCGA-B0-5707	3650	0	2.64842196374095	6.89728063418869	7.66249072453995	-0.0410498609081565	-0.58461	-0.20244	-0.66286	-0.16857	-1.13291	-0.87505	-1.00585	-0.728	0.89472	0.59747	0.14138	0.49927	0.64532	0.84949	0.6519	0.85202	0.71928	0.95932	0.02227	0.415	1.34399	2.04207	1.06996	1.43095
TCGA-B0-5709-01A	TCGA-B0-5709	3650	0	2.3878250913498	6.12385908765702	7.83107656205449	-0.0568691893899329	-0.16701	0.62823	-0.39102	0.30137	-0.74249	-0.25164	-0.60283	0.32375	-0.46331	-0.52832	-1.04162	-0.52008	-0.54209	-0.02875	-0.48384	-0.01152	-1.20629	-0.80569	-1.07023	-0.30674	-1.07923	-0.36205	-0.26119	0.3234
TCGA-B0-5710-01A	TCGA-B0-5710	2430	0	3.5497392363036	6.77258069750055	7.74712524215688	-0.0292259390726229	-0.62876	-0.2926	-0.10943	0.1923	0.65273	1.00312	0.2873	0.65822	-0.45165	-0.58465	-0.8705	-0.64435	0.27174	0.5432	0.3296	0.60886	0.0526	0.30616	-0.08423	0.28697	-0.49335	-0.13535	-0.98079	-0.91164
TCGA-B0-5711-01A	TCGA-B0-5711	3650	0	3.17128454714041	6.70290894980799	7.77911726217715	-0.03685257828815	-0.96409	-0.56801	-1.07083	-0.70029	-0.44588	-0.10947	-0.62777	-0.0996	-0.93402	-1.07685	-1.74424	-1.37801	-0.9292	-0.66	-0.89114	-0.65551	-1.43494	-1.22155	-1.3069	-0.92228	-0.72115	-0.2636	-0.72374	-0.4173
TCGA-B0-5712-01A	TCGA-B0-5712	2722	0	3.69275302549068	7.30032047400664	7.7843790642054	-0.0176561485485512	-1.62206	-1.49352	-1.71573	-1.37301	-1.09994	-0.92211	-1.35676	-1.02745	-0.69834	-0.80706	-1.11073	-0.90264	-0.50569	-0.31063	-0.53937	-0.39227	-0.57495	-0.42121	-0.7448	-0.52799	-0.48868	-0.15521	-0.25566	0.1085
TCGA-B0-5713-01A	TCGA-B0-5713	2782	0	3.83385279396906	6.8865111809906	7.79034790343987	-0.0148783547569966	-1.28217	-1.06174	-1.25981	-1.04084	-1.38042	-1.22198	-1.34114	-0.97268	-0.20525	-0.22833	-0.99873	-0.57506	-1.19654	-0.99782	-1.01884	-0.86933	-1.59003	-1.43455	-1.62547	-1.35992	-0.30667	0.10455	-0.88599	-0.63771
TCGA-B0-5812-01A	TCGA-B0-5812	3650	0	3.20684004829421	6.37635916610522	7.80756137582112	-0.0322410726768259	-0.44525	0.10342	-0.54575	0.03218	-0.54592	-0.18613	-0.4859	0.05587	0.2618	0.26861	-0.40155	0.1354	-0.10259	0.31614	-0.04364	0.38691	-0.61163	-0.26897	-0.75444	-0.25489	-0.30285	0.33062	-0.15348	0.3514
TCGA-B2-3923-01A	TCGA-B2-3923	992	0	7.07795818192159	7.6999279474609	7.66738387122417	-0.0274939756392479	-0.04033	-0.44017	0.88027	0.57162	-2.29639	-2.81632	-1.77437	-2.81306	1.50397	1.65684	1.53628	1.49663	-0.47053	-0.74667	-0.66408	-0.90919	1.62121	1.60649	0.45189	0.22122	-2.20661	-3.12629	-1.48153	-1.76215
TCGA-B2-3924-01A	TCGA-B2-3924	1092	0	3.4818284207474	7.58914852138258	7.73995367581597	-0.012651898435124	-0.48845	-0.23783	-0.7854	-0.63045	-0.82047	-0.6348	-0.79818	-0.58866	-1.14119	-1.3959	-0.60191	-0.8312	-0.89934	-0.83096	-0.86075	-0.82657	-0.29332	-0.19848	-0.38234	-0.12749	-0.81804	-0.63697	-0.8211	-0.61028
TCGA-B2-4098-01A	TCGA-B2-4098	51	1	5.68547925230858	9.66421038439791	7.62184916603391	0.0113874878343261	0.48239	0.08446	1.04409	0.75756	-0.01463	-0.26817	0.48495	0.17206	1.31069	1.08441	2.33622	1.76661	0.70705	0.27695	0.58239	0.14404	1.60762	1.29046	1.43101	1.0035	0.72825	0.27793	0.60904	0.11545
TCGA-B2-4099-01A	TCGA-B2-4099	972	0	3.33397657884065	9.08934790984264	7.71287063061572	0.0164964002680666	-0.80668	-0.81553	-1.30657	-1.16994	-0.41249	-0.26583	-0.37464	0.03305	0.08167	-0.26941	0.10569	-0.00193	-1.46168	-1.66909	-1.30712	-1.62843	0.00157	-0.14675	0.51184	0.58779	0.11639	0.24635	-0.15321	-0.13019
TCGA-B2-4101-01A	TCGA-B2-4101	648	0	8.36136145328951	6.87190197494746	7.72127314207796	0.0571663492752301	0.21741	-0.18792	-0.22377	-0.49897	0.81075	0.45628	0.73563	0.29482	-2.19167	-1.97977	-0.66711	-1.46752	-0.80452	-0.99341	-0.78682	-0.98349	0.27235	0.29933	0.46395	0.12752	-0.86776	-1.54652	-1.5336	-1.91039
TCGA-B2-4102-01A	TCGA-B2-4102	952	0	8.95659108173193	6.37826301536792	7.75808616782116	0.0558145865342341	-0.56363	-1.08341	-0.8929	-1.39025	-0.79164	-1.31939	-0.29082	-0.93854	-2.19621	-1.82357	-1.43407	-1.91562	-1.04459	-1.16537	-1.06009	-1.20201	-0.85175	-0.80918	-0.5568	-0.79199	-0.92979	-1.59086	-0.82949	-1.06451
TCGA-B2-5633-01A	TCGA-B2-5633	963	0	10.1016247159742	19.1436464040505	7.69908967072127	-0.016838303109246	-0.43037	-2.92731	-0.18914	-3.38472	-0.86511	-2.25533	-0.81185	-3.46766	-1.88444	-2.41073	-1.87473	-3.38327	-1.35884	-3.37196	-1.35443	-3.21852	-1.13974	-3.29686	-1.02662	-4.05448	-0.97601	-3.73354	-0.4587	-2.67117
TCGA-B2-5635-01A	TCGA-B2-5635	755	0	4.68335949484811	5.71425052837509	7.74555795652398	0.00593039526691097	-0.88156	-0.6387	-0.64131	-0.36893	-0.19	-0.02387	-0.25671	-0.1653	-0.33843	-0.27082	-0.16049	-0.05319	-0.48527	-0.20882	-0.50839	-0.25917	-0.71248	-0.38427	-0.34482	0.02097	-1.01934	-0.83276	-0.88039	-0.66866
TCGA-B2-5636-01A	TCGA-B2-5636	919	0	3.3588809601592	5.32902944106205	7.72409857571449	-0.0405068818947284	-0.65229	-0.11816	0.00377	0.64644	-0.35223	-0.00493	-0.31015	0.06358	0.30236	0.26276	-0.41283	0.08731	0.19042	0.62238	0.12046	0.58509	0.40406	0.9035	-0.26785	0.32373	-1.76281	-1.46263	-1.42803	-1.11125
TCGA-B2-5639-01A	TCGA-B2-5639	1003	1	2.42609461671323	5.31526529548268	7.50607364904475	-0.0472115291944313	-1.37507	-1.04718	-1.11131	-0.50349	-1.16251	-0.9082	-1.28598	-0.84661	-1.31286	-1.9187	-2.01285	-2.04856	-0.01261	0.10982	0.07779	0.16509	0.00703	0.33255	-0.13699	0.31547	0.49992	0.98309	0.85923	1.19522
TCGA-B2-5641-01A	TCGA-B2-5641	656	0	2.55370634990715	6.02225764092853	7.78675247949522	-0.0543731442174954	-0.76883	-0.13447	-0.86805	-0.25575	-0.64479	-0.19639	-0.89379	-0.3273	0.31177	0.24402	-0.29513	0.25005	-0.14122	0.33138	-0.21862	0.27378	-1.02728	-0.64421	-0.95087	-0.28345	-1.21008	-0.62325	-0.39308	0.17413
TCGA-B2-A4SR-01A	TCGA-B2-A4SR	507	0	6.54381249212522	7.14546294611678	7.71303923884374	0.0512751124394179	-0.65433	-0.92912	-0.87035	-1.15284	0.63577	0.50871	0.85661	0.70886	-0.02306	0.09819	1.03571	0.65598	-0.37688	-0.46124	-0.37409	-0.4787	-1.16202	-1.20242	-0.8507	-1.03309	-0.12195	-0.37026	-0.71899	-0.98147
TCGA-B4-5377-01A	TCGA-B4-5377	365	0	3.75102362945638	5.56311047063715	7.89184159144459	-0.0210138757582957	-0.71954	-0.09827	-1.05716	-0.53775	-1.2301	-0.90589	-1.20393	-0.59656	-0.01883	0.23048	-0.66341	0.03558	-1.10893	-0.55527	-1.06632	-0.56425	-1.18648	-0.69745	-1.22043	-0.52998	-0.42926	0.35706	-0.90151	-0.27012
TCGA-B4-5378-01A	TCGA-B4-5378	175	0	3.52705375061541	6.23736550125933	7.82757277505535	-0.0284261905222104	-0.3624	0.18635	-0.16198	0.45041	-0.90916	-0.60557	-0.68461	-0.34377	0.80592	0.92391	0.46169	0.99949	0.2133	0.68546	0.08426	0.58043	0.08693	0.50099	-0.25655	0.26822	-0.5788	8e-05	-0.79246	-0.36754
TCGA-B4-5832-01A	TCGA-B4-5832	155	0	5.11917034958889	4.58520859564472	7.58733349226221	-0.0639617359725135	0.14355	0.43862	0.5721	0.89669	0.19766	0.27711	-0.61477	-0.50391	0.69459	0.68562	-0.30853	0.0874	-0.76724	-0.6519	-0.83327	-0.63131	1.2185	1.69842	0.35581	0.77625	-0.90051	-0.93082	0.46793	0.797
TCGA-B4-5834-01A	TCGA-B4-5834	38	0	2.75852808096214	5.99998997663276	7.83485955804801	-0.0379221664746629	-1.42342	-0.8671	-1.46063	-0.88221	-0.02882	0.47948	-0.1489	0.59092	0.17053	0.19884	-0.50171	0.12557	-0.96876	-0.48959	-0.93013	-0.47414	-0.85092	-0.41962	-0.99077	-0.31521	-0.8125	-0.08826	-1.27865	-0.88588
TCGA-B4-5835-01A	TCGA-B4-5835	16	0	2.22845178393966	7.23635980892963	7.88391733234822	-0.0629439676711828	-0.85718	-0.23105	0.00937	0.66021	-0.42285	0.1006	-0.21507	0.34	0.4632	0.44658	-0.09528	0.52525	0.07377	0.58318	0.11724	0.5825	0.99888	1.412	1.38728	2.39423	0.0727	0.99502	0.67522	1.4166
TCGA-B4-5836-01A	TCGA-B4-5836	141	0	2.94827963250723	6.86492688238805	7.79108865344374	-0.0451004071065426	-0.51242	-0.01525	-0.46315	-0.02898	-0.65695	-0.30621	-0.85234	-0.33386	-1.10074	-1.26873	-1.82821	-1.49184	-0.52632	-0.2138	-0.4776	-0.20201	-0.46824	-0.19957	-0.84694	-0.43895	-1.10928	-0.68396	-0.92342	-0.64048
TCGA-B4-5838-01A	TCGA-B4-5838	166	0	2.46765606958249	7.43650893688863	7.70475319275172	-0.0579590594544988	0.4167	0.96294	-0.28538	0.04068	0.03688	0.42564	-0.52708	0.00914	0.23376	-0.09093	-0.8085	-0.40651	0.30925	0.49851	0.32104	0.51056	0.0761	0.2314	-0.08714	0.25802	-8e-04	0.47963	0.57863	0.90179
TCGA-B4-5843-01A	TCGA-B4-5843	11	0	4.27868784737401	7.11631155702203	7.69351609788752	-0.0171016398468124	-0.27073	-0.11396	-0.38156	-0.30634	-0.46055	-0.36836	-0.88481	-0.75966	-1.95681	-2.22253	-2.21112	-2.3603	-0.63689	-0.61632	-0.48566	-0.48603	-0.53807	-0.45569	-0.62126	-0.54851	-0.06037	0.09183	0.05897	0.23549
TCGA-B4-5844-01A	TCGA-B4-5844	7	0	3.19167601365558	5.98698109634174	7.74061318146836	-0.0354190654218058	-0.48494	0.03432	-0.55766	-0.04169	-0.3877	-0.04076	-0.67896	0.08013	-0.46559	-0.59025	-1.08257	-0.72502	-0.80101	-0.49197	-0.73328	-0.42446	-1.74541	-1.46954	-1.81729	-1.42091	-0.55362	-0.04523	-0.18943	0.19446
TCGA-B8-4143-01A	TCGA-B8-4143	709	1	9.381412509586	9.23748118405621	7.67074966712201		2.59514	2.00509	2.89159	2.37713	2.48049	1.96695	3.48404	3.25516	-0.74272	-0.5945	0.75827	-0.20657	2.31694	1.8952	2.20411	1.74285	1.91734	1.57709	2.6504	2.05162	1.33393	0.46625	1.29231	0.45832
TCGA-B8-4146-01B	TCGA-B8-4146	511	0	5.7404228363819	4.93489470120841	7.71651446625734	-0.0252248585883053	-1.59193	-1.57073	-0.95242	-0.95082	-1.18871	-1.24339	-1.45721	-1.3023	0.62367	0.869	0.22521	0.59952	-1.72043	-1.55183	-1.60447	-1.44501	-0.04841	0.37977	-0.17378	0.28412	-0.83513	-0.7607	-0.64009	-0.33219
TCGA-B8-4148-01A	TCGA-B8-4148	1520	0	9.46893642683679	6.21774520963238	7.73125892262474	0.0627269308359216	0.92639	0.54123	0.75735	0.49361	-0.54377	-1.13529	-0.10672	-0.72614	-1.74892	-1.32892	-1.00164	-1.47853	-0.57174	-0.7146	-0.47996	-0.65129	-0.62206	-0.58346	-0.50036	-0.72838	0.55015	0.04951	-0.08287	-0.27387
TCGA-B8-4151-01A	TCGA-B8-4151	1299	0	2.78125863064272	9.19807510275465	7.66639822418928	-0.0125653065876375	0.53953	0.76692	0.24852	0.42396	-1.35095	-1.24515	-1.28681	-0.804	-1.03978	-1.60461	-1.18791	-1.44269	-0.76403	-0.97306	-0.7537	-0.99483	-1.36578	-1.63668	-1.20802	-1.3502	0.21508	0.36034	0.15866	0.08067
TCGA-B8-4153-01B	TCGA-B8-4153	762	0	3.93336113906208	10.6010499300873	7.67654921699514	0.0111588427328336	0.05863	-0.16612	0.23193	0.00847	-0.29249	-0.32504	-0.59712	-0.58031	0.18558	-0.26913	-0.3483	-0.49511	0.6882	0.34047	0.72608	0.43181	-0.70518	-1.20208	-0.64692	-1.1967	0.77732	0.64353	0.38955	0.0237
TCGA-B8-4154-01A	TCGA-B8-4154	1380	0	2.571370549339	10.4954446286038	7.78685687477633	-0.00809431154246761	-0.66371	-0.62251	-1.53955	-1.4833	-1.98504	-1.8825	-1.86944	-1.38381	-0.99072	-1.46522	-1.51003	-1.54421	-1.78814	-2.03335	-1.70575	-2.04896	-0.92963	-1.27045	-1.05372	-1.27918	-0.66543	-0.59145	-1.82188	-1.98414
TCGA-B8-4619-01A	TCGA-B8-4619	523	0	4.52244372300906	8.976082761089	7.75428675786926	-0.0370345605231339	0.37271	0.4071	0.87085	0.7769	-1.15359	-1.2071	-0.50718	-0.78918	1.05221	0.96385	0.68879	0.84981	-1.12394	-1.30297	-1.19296	-1.38172	1.25245	1.18892	0.25079	0.18379	-1.42775	-1.7219	-0.8161	-0.90655
TCGA-B8-4620-01A	TCGA-B8-4620	777	0	5.8636117230534	7.6708483807719	7.77015129770824	0.00162846083631938	0.33219	0.32461	0.46207	0.45597	1.83352	1.92338	1.68924	1.65248	1.03629	1.21002	1.24294	1.32331	1.43357	1.55456	1.48538	1.62503	2.03249	2.18931	1.58508	1.4721	0.59839	0.65803	-0.18639	-0.16783
TCGA-B8-4621-01A	TCGA-B8-4621	788	0	3.7214851499687	9.56988059705384	7.87577529897113	-0.0372964830949546	-0.36483	-0.24533	-0.0499	0.00676	-0.64868	-0.48478	-0.77034	-0.49876	1.03965	1.02944	0.48612	0.8923	-0.45513	-0.40899	-0.51841	-0.46639	0.54532	0.47908	-0.22611	-0.27497	0.43297	0.80899	1.1235	1.39279
TCGA-B8-4622-01A	TCGA-B8-4622	1525	0	6.73002774896758	7.2867074233015	7.70751982908214	0.0323855580933361	0.12745	-0.083	0.05171	-0.25301	0.59183	0.4229	0.29599	0.11586	-0.42053	-0.32402	0.02689	-0.24123	-0.04749	-0.14763	-0.06605	-0.14996	-0.29266	-0.31302	-0.2358	-0.47566	-0.37759	-0.74071	-0.70423	-0.92932
TCGA-B8-5158-01A	TCGA-B8-5158	1218	0	3.21942486702558	6.13880033390025	7.85403301862157	-0.0447127354911441	0.31668	1.06898	0.42234	1.11201	0.76528	1.28281	0.1605	0.63599	0.39531	0.50802	-0.1231	0.48704	0.27701	0.83131	0.23797	0.7456	0.32614	0.80755	-0.0366	0.6185	-0.4735	0.24936	-0.17529	0.5109
TCGA-B8-5159-01A	TCGA-B8-5159	722	0	2.94921371833658	8.01065140474031	7.87266217879426	-0.0488053567923657	-1.06204	-0.71043	-0.8208	-0.47223	-1.44918	-1.16635	-1.4183	-1.00177	-2.02039	-2.19054	-2.58943	-2.36797	-2.03045	-1.84807	-1.95511	-1.78392	-0.28462	-0.12004	-0.59103	-0.27626	-1.51446	-1.16381	-1.65492	-1.34597
TCGA-B8-5162-01A	TCGA-B8-5162	36	0	1.71812742750281	14.5735136907607	7.81591105097826	-0.0704955118361489	-0.47641	-0.77774	0.20876	-0.34121	0.25371	0.48783	0.26612	0.38941	0.81076	0.10773	-0.1139	-0.10069	-0.03998	-0.59065	-0.0088	-0.4611	0.59181	-0.25552	-0.0806	-0.82161	-0.43559	-0.66105	0.2862	-0.26733
TCGA-B8-5163-01A	TCGA-B8-5163	822	0	2.11975712531705	6.78885733137188	7.93199743867535	-0.0758969824136449	-0.43176	0.39671	-0.23083	0.48902	0.39531	1.06304	0.03617	0.81948	0.77167	0.87719	-0.20791	0.70499	-0.23536	0.39687	-0.22194	0.42012	0.44724	0.94444	-0.02826	0.73782	-0.82314	0.10253	-0.21762	0.47503
TCGA-B8-5164-01A	TCGA-B8-5164	26	0	2.86132716850544	7.66600806311702	7.85634601097015	-0.0517784439662265	-0.89822	-0.4783	-0.95729	-0.576	-1.19603	-0.87287	-0.9098	-0.30807	-0.02311	-0.08186	-0.48723	-0.06182	-1.31365	-1.05293	-1.22907	-0.94671	-0.87687	-0.70453	-0.96873	-0.57695	-0.35324	0.25433	0.40015	0.8977
TCGA-B8-5165-01A	TCGA-B8-5165	737	0	3.23749629277842	6.86705012421212	7.84773173354217	-0.0395766766770102	-1.2411	-0.84137	-1.3469	-0.87341	-0.89751	-0.56846	-0.72274	-0.32403	0.47157	0.52668	-0.05055	0.4924	-1.23954	-0.90677	-1.17573	-0.8544	-1.03309	-0.76375	-1.1551	-0.74698	-1.68653	-1.31525	-1.58012	-1.26849
TCGA-B8-5545-01A	TCGA-B8-5545	1525	0	2.50483988527725	6.031394792327	7.76424236285466	-0.0582972449923473	-0.7666	-0.15114	-0.73182	-0.14862	-0.41559	0.04299	-0.41246	0.1591	0.44748	0.34407	-0.31429	0.25549	-0.28522	0.14164	-0.2582	0.16711	-0.18783	0.22996	-0.51893	0.09354	-1.50026	-1.00653	-1.40107	-1.09662
TCGA-B8-5546-01A	TCGA-B8-5546	505	0	2.40625977209438	5.31485150862612	7.63487516759308	-0.0542846446197829	-0.27747	0.3766	0.28262	0.946	-1.24854	-0.90545	-0.7335	-0.04272	1.09049	0.84931	0.51713	0.94558	-1.10659	-0.85236	-1.12564	-0.92385	1.2378	1.75522	0.44125	1.26082	-1.03747	-0.59351	-0.02269	0.59427
TCGA-B8-5549-01A	TCGA-B8-5549	194	0	2.22026430570697	6.52820006899801	7.75214956901056	-0.0498247503252085	-1.08607	-0.55301	-1.22224	-0.70233	-0.52605	-0.06996	-0.44134	0.18033	0.25884	0.05703	-0.58503	-0.06715	-1.11027	-0.81172	-1.15767	-0.82815	-1.02382	-0.73919	-1.13511	-0.67938	-1.58449	-1.14629	-2.13303	-1.85411
TCGA-B8-5550-01A	TCGA-B8-5550	1476	0	2.02316424215715	5.25726644236799	7.63699180675214	-0.0645148469798735	-0.42514	0.28223	0.34151	1.03881	0.30249	0.83998	-0.32627	0.46111	0.00535	-0.33488	-0.60464	-0.26702	-0.40722	-0.06381	-0.485	-0.12082	0.05567	0.52469	-0.18711	0.54178	-1.26484	-0.78131	-0.67895	-0.25182
TCGA-B8-5551-01A	TCGA-B8-5551	16	0	2.2007824451421	7.82194420100166	7.72751375084033	-0.0579549343916987	-0.65626	-0.25711	0.61747	1.05035	-0.14943	0.25864	0.12995	0.72043	0.6948	0.38093	-0.05452	0.32618	0.49309	0.70038	0.53778	0.77749	1.6417	1.86544	0.95844	1.44175	-0.06127	0.4494	0.57384	0.91794
TCGA-B8-5552-01B	TCGA-B8-5552	1046	0	3.49302304543974	5.91440110853059	7.81435804701819	-0.0305900897042731	-0.82898	-0.31895	-0.85792	-0.36438	-0.49213	-0.14062	-0.44882	0.00881	-0.02948	0.0348	-0.52824	-0.03236	-0.98855	-0.58274	-0.94369	-0.56276	-1.01347	-0.62731	-1.08594	-0.52086	-1.6726	-1.28148	-1.45834	-1.17007
TCGA-B8-5553-01A	TCGA-B8-5553	435	0	2.47184755398204	5.39396273802791	7.75323967734776	-0.0467595568022596	-0.74988	-0.0526	-1.04291	-0.36522	-1.21837	-0.80033	-1.25816	-0.72416	-0.01492	-0.12211	-1.02218	-0.39146	-0.53792	-0.06121	-0.63504	-0.15061	-0.65685	-0.17335	-0.8437	-0.07491	-0.79866	-0.09668	-0.34237	0.23806
TCGA-B8-A54D-01A	TCGA-B8-A54D	830	0	7.51998645033867	8.20653715168762	7.39607394172137	0.0938272643237633	2.72625	2.29488	1.4372	0.98132	-0.40194	-1.04367	0.28195	-0.26317	-0.76722	-1.20591	-0.06755	-1.10865	0.18424	-0.58683	0.09618	-0.67029	-0.33778	-0.81545	0.57238	0.02616	0.89309	-0.11533	1.38864	0.68362
TCGA-B8-A54E-01A	TCGA-B8-A54E	909	0	3.83763153666818	8.49969057805406	7.65195697935341	-0.0359710990271365	0.20583	0.27667	0.44514	0.27562	-0.37093	-0.30763	-0.50101	-0.62376	0.57872	0.2508	-0.05234	0.02527	-0.47999	-0.67006	-0.53038	-0.75232	0.91736	0.84967	0.13693	0.05685	-0.69675	-0.85845	-0.63716	-0.63578
TCGA-B8-A54F-01A	TCGA-B8-A54F	519	0	6.78964473389814	7.07440123263996	7.38408316413024	0.0340912546270674	0.11073	-0.46372	0.0385	-0.58324	0.79337	0.40962	0.92312	0.47629	0.66691	0.30294	1.15988	0.45512	-0.13282	-0.74781	-0.18749	-0.79427	-0.0276	-0.28057	-0.25784	-0.89461	-0.13834	-1.07851	-0.93855	-1.74786
TCGA-B8-A54G-01A	TCGA-B8-A54G	53	0	6.64615858068072	6.77546561687001	7.63154225542789	0.0573783190139906	0.74116	0.62112	1.15177	1.03645	-0.26853	-0.52916	-0.39473	-0.54318	-0.88844	-0.92098	-0.11061	-0.61722	0.51297	0.40307	0.48782	0.33307	-0.10615	-0.09385	0.6822	0.79329	1.41573	1.33606	0.96274	0.8856
TCGA-B8-A54H-01A	TCGA-B8-A54H	256	0	5.00680821674704	6.93678961228941	7.84686370578502	0.0276711598274556	0.19783	0.50668	-0.32415	-0.11878	-0.17514	-0.04303	-0.18392	0.17234	-0.07396	0.126	0.77416	0.76241	-0.13159	0.15402	-0.12218	0.11048	-1.30372	-1.1381	-1.11104	-0.87619	-0.75184	-0.54104	-1.321	-1.16903
TCGA-B8-A54I-01A	TCGA-B8-A54I	150	0	3.82350526791289	14.9903942223435	7.70444300063255	0.0168363439813732	0.34081	-0.38344	0.5894	-0.09157	0.7011	0.56807	0.58617	0.11989	0.64972	-0.06296	0.49834	-0.0534	0.57102	-0.31479	0.46082	-0.38761	0.60081	-0.49937	1.08174	0.13682	1.52672	1.01031	1.32006	0.35495
TCGA-B8-A54J-01A	TCGA-B8-A54J	528	0	5.09896263590678	7.24211169548251	7.74669918258675	0.0292632154674904	-0.07189	0.01989	-0.35192	-0.2269	-0.14201	-0.10845	-0.00596	0.1104	0.87629	0.95187	0.96294	1.08743	-0.24026	-0.17446	-0.21431	-0.19437	-0.95428	-0.90718	-0.80344	-0.70602	-0.09572	-0.01547	-0.39625	-0.45721
TCGA-B8-A54K-01A	TCGA-B8-A54K	469	0	6.19158815709987	7.68296988453566	7.68661252539434	0.0325508695281239	0.00471	-0.21035	0.58755	0.63665	-0.52774	-0.75137	0.16137	-0.2885	-0.07475	-0.07787	1.00944	0.5346	0.52715	0.41916	0.28308	0.17391	0.37896	0.34137	0.2642	0.06514	-0.12302	-0.4321	-0.56271	-0.83275
TCGA-B8-A7U6-01A	TCGA-B8-A7U6	495	0	4.40140916475104	6.84300835712761	7.5837346551616	0.0132327805944582	0.87988	1.10331	0.32597	0.57653	0.36791	0.44857	0.22633	0.24264	0.82286	0.57476	0.28105	0.36836	0.25467	0.18905	0.31716	0.23875	-0.34983	-0.31159	-0.42101	-0.42486	0.65685	0.7452	0.9458	0.91432
TCGA-B8-A8YJ-01A	TCGA-B8-A8YJ	431	0	4.9819112069098	5.84866566378616	7.66323913137894	-0.00383825511098988	-0.03475	0.17396	0.32441	0.59149	-0.00546	0.06708	0.57146	0.72872	0.61702	0.62502	0.75361	0.81674	0.50494	0.68182	0.49411	0.66908	0.88069	1.20479	0.08569	0.38624	-0.80342	-0.81251	-0.3474	-0.4425
TCGA-BP-4158-01A	TCGA-BP-4158	3377	0	7.83248112891847	8.61680148743591	7.72181821323929	0.0681820052332249	-0.2988	-0.92954	-0.1752	-0.74606	-0.25052	-0.70891	-0.06475	-0.43704	-0.31865	-0.17399	1.09034	0.40492	-0.15277	-0.48809	-0.20273	-0.53554	-0.51619	-0.8016	-0.54972	-1.10097	0.28878	-0.30565	0.13584	-0.23758
TCGA-BP-4159-01A	TCGA-BP-4159	2601	1	2.78973792621965	10.5496318564399	7.68293931624471	-0.031605405566331	-0.08533	-0.12086	0.13778	-0.03211	0.37316	0.57076	-0.06286	0.13385	-0.04864	-0.62275	-0.43228	-0.59376	0.00778	-0.29636	0.05479	-0.19704	0.62135	0.27135	0.09977	-0.16673	0.39427	0.41958	0.91089	0.72581
TCGA-BP-4160-01A	TCGA-BP-4160	2881	0	2.69765598794617	7.53181569722841	7.53327299381032	-0.0495410853058329	-0.85798	-0.76483	-1.06154	-0.99458	-0.87915	-0.73226	-0.93992	-0.79992	0.77747	0.2121	-0.22421	-0.08857	-1.65771	-1.92588	-1.59218	-1.84373	-1.10137	-1.19604	-1.11786	-1.17603	-0.71018	-0.76372	-0.19155	-0.26686
TCGA-BP-4161-01A	TCGA-BP-4161	2746	0	8.23209342361824	7.33426154555602	7.77078095083506	0.0499314133156434	-0.25628	-0.71784	0.0982	-0.30086	0.30773	-0.0593	0.0825	-0.47867	-0.87133	-0.54155	-0.0149	-0.40935	-0.10987	-0.21802	-0.06613	-0.20055	0.45316	0.46487	0.56952	0.32257	0.55857	0.21545	-0.07833	-0.16807
TCGA-BP-4162-01A	TCGA-BP-4162	3074	0	7.28786767187058	6.3786684494594	7.67185984555249	0.0203518255410784	-0.60333	-0.94285	-0.39333	-0.70373	0.00854	-0.27133	-0.13439	-0.56716	-0.35285	-0.1877	-0.04181	-0.26186	-0.95687	-1.10071	-0.86636	-0.98124	-0.88866	-0.85358	-0.82071	-1.01116	-0.14045	-0.50756	0.12664	0.09986
TCGA-BP-4163-01A	TCGA-BP-4163	2839	0	5.49815944243641	7.33865623875863	7.61315609936773	0.00498066470240823	0.74545	0.72608	0.95846	0.78638	0.17928	0.08137	0.22412	0.5444	-0.76662	-0.98432	-0.29176	-0.73196	-0.34829	-0.55019	-0.42011	-0.61123	0.21682	0.19013	0.65198	0.58195	0.08552	-0.15183	0.26679	0.13447
TCGA-BP-4164-01A	TCGA-BP-4164	992	1	8.19312175767356	8.66299479191183	7.56857112804659	0.0507244190300084	-0.19063	-1.05293	-0.4626	-1.44347	-0.17484	-0.79218	-0.09754	-0.81626	0.07196	0.01475	0.82559	0.10009	0.01495	-0.59064	0.01747	-0.57216	-1.35651	-1.85188	-0.80791	-1.60581	1.68046	0.97848	0.47717	-0.16089
TCGA-BP-4165-01A	TCGA-BP-4165	3037	0	6.04303393615771	8.83761056911024	7.67859384139265	0.0502452817621848	-0.01477	-0.37326	-0.20424	-0.52781	-0.28275	-0.52809	0.04414	0.05226	-1.95195	-2.18463	-0.75956	-1.59611	-0.17383	-0.49063	-0.15367	-0.48801	-1.08229	-1.40252	-0.76913	-1.19363	0.28549	-0.0913	-0.06809	-0.43908
TCGA-BP-4166-01A	TCGA-BP-4166	13	0	2.74765491406024	16.9772293747247	7.72092666452674	-0.0434042052251496	-0.81077	-1.77941	-0.84847	-2.12884	-0.16523	-0.30701	-0.14856	-0.29146	0.67971	-0.26159	0.09017	-0.43417	-0.35415	-1.47316	-0.37523	-1.39633	0.16427	-1.22838	-0.30299	-1.8208	-0.5807	-1.54587	0.04959	-1.19219
TCGA-BP-4167-01A	TCGA-BP-4167	2718	0	3.52984563790358	9.27482705950998	7.68872644311405	-0.0374874459904126	-0.08709	-0.07084	0.05815	-0.0465	0.20493	0.34997	0.11337	0.03751	0.64644	0.296	-0.36915	-0.16033	0.71678	0.59448	0.82264	0.77228	-0.22316	-0.44537	-0.19483	-0.2492	0.55393	0.65882	1.28255	1.32485
TCGA-BP-4169-01A	TCGA-BP-4169	701	1	6.9882342476711	6.95319954616305	7.89441132004938	0.0211472488587882	0.49483	0.56198	0.35874	0.4239	0.66044	0.61259	0.42052	0.15593	0.35953	0.87294	0.45197	0.72903	0.47728	0.75097	0.51853	0.78218	1.02916	1.29979	0.53629	0.59012	-0.18916	-0.14733	0.05404	0.14053
TCGA-BP-4170-01A	TCGA-BP-4170	2343	1	3.33163653279911	7.60095226438759	7.84172251776684	-0.0312688194116284	-0.1548	0.29176	-0.27483	0.08855	-0.65592	-0.36109	-0.7863	-0.37352	-0.50516	-0.56446	-0.95899	-0.62944	-1.11528	-0.88689	-1.06117	-0.84817	-0.74116	-0.58199	-1.00312	-0.7386	-1.46828	-1.18511	-1.19785	-1.01121
TCGA-BP-4173-01A	TCGA-BP-4173	1893	0	6.54783030321697	6.44245183434707	7.7896801020553	0.0110168230762675	-0.19815	-0.21703	0.01438	0.01998	-0.12423	-0.22659	0.27292	0.01203	0.39295	0.72203	0.76071	0.83684	0.22925	0.40942	0.25604	0.44061	0.72301	0.98459	0.6208	0.91253	0.47557	0.59126	0.67512	0.75485
TCGA-BP-4174-01A	TCGA-BP-4174	1879	0	3.54247821632913	7.46684203967144	7.72413467636232	-0.0300435634041543	-0.66302	-0.45212	-0.81133	-0.70998	-0.06409	0.17322	-0.79232	-0.44388	0.17194	-0.01346	-0.21837	-0.03132	-1.19658	-1.1643	-1.1836	-1.17222	-1.06794	-1.0191	-0.67789	-0.47692	-1.64598	-1.65151	-1.47818	-1.44034
TCGA-BP-4176-01A	TCGA-BP-4176	1955	0	4.91073465540246	7.08916319289495	7.77551280996199	-0.00518126031962234	-0.48382	-0.36934	-0.64856	-0.58724	-0.0837	0.01075	-0.60325	-0.5644	0.5456	0.6413	0.63759	0.79338	-0.88782	-0.78994	-0.90498	-0.80161	0.15656	0.33275	0.39063	0.58841	-0.21969	-0.05013	-0.73822	-0.5884
TCGA-BP-4177-01A	TCGA-BP-4177	1670	0	2.32048731133071	7.54909228158132	7.80855471298165	-0.0476460606788473	-1.09229	-0.64969	-0.8702	-0.244	-1.38007	-1.0235	-1.48051	-1.13161	0.6556	0.5095	-0.1119	0.43148	0.46845	0.83551	0.31014	0.67158	0.43463	0.69111	0.22655	0.7346	-0.72112	-0.16262	-1.32437	-1.07852
TCGA-BP-4325-01A	TCGA-BP-4325	2964	0	9.73173326574123	8.15846644820935	7.75421742360126	0.0696510281949022	0.32728	-0.43301	0.25342	-0.57459	-0.91862	-1.66249	-0.28595	-1.17184	-1.16385	-0.78391	0.35495	-0.43411	-1.10708	-1.52744	-1.07274	-1.53242	-1.0841	-1.38263	-0.68542	-1.28671	-0.12709	-1.02982	-0.2595	-0.76348
TCGA-BP-4326-01A	TCGA-BP-4326	1625	1	7.187659416086	6.84360163980718	7.79518107494523	0.0125126947999929	0.69277	0.65475	0.83982	0.75266	1.42663	1.35012	1.1671	1.00954	0.99102	1.40371	0.90364	1.13752	0.42611	0.53368	0.37712	0.52263	1.64094	1.87383	0.9472	0.81803	-0.11568	-0.27861	0.52669	0.5547
TCGA-BP-4327-01A	TCGA-BP-4327	109	1	8.75846738727544	7.16762342607861	7.7416914671687	0.0874587725670196	0.31818	-0.15602	0.16246	-0.26163	0.97314	0.57522	1.33848	1.04651	-1.00086	-0.66116	0.68256	-0.03471	0.78304	0.68032	0.6799	0.5364	-0.38882	-0.45129	-0.27536	-0.64829	1.48727	1.19131	0.43308	0.19731
TCGA-BP-4329-01A	TCGA-BP-4329	845	1	4.47835095426082	8.47541010676115	7.81470578108553	-0.0157673681643271	-0.03019	0.08775	-0.4912	-0.5029	0.30527	0.45397	-0.1593	0.21223	0.16233	0.15393	-0.4445	-0.15959	-0.94027	-0.93665	-0.92998	-0.91588	0.30963	0.32183	0.21394	0.29908	-0.8351	-0.81722	-0.96904	-0.79378
TCGA-BP-4330-01A	TCGA-BP-4330	1888	0	7.90342667912483	7.07211207476673	7.82680935743854	0.06325153589163	0.09224	-0.15685	0.05451	-0.19641	-0.15555	-0.46142	0.31038	0.02449	-2.06994	-1.73393	-0.57924	-1.17193	-0.95012	-0.97181	-0.94318	-0.98981	-0.77227	-0.73371	-0.56196	-0.72379	-0.22775	-0.51489	-0.36669	-0.4092
TCGA-BP-4331-01A	TCGA-BP-4331	2454	1	6.82279233075048	6.44352840420105	7.79517808913624	0.0525109087114567	-0.05801	-0.09611	-0.11543	-0.00812	-0.58566	-0.76384	-0.10205	-0.01422	0.64425	1.02682	0.94801	1.07196	-0.7128	-0.6126	-0.68396	-0.63012	-0.97538	-0.82951	-0.58031	-0.49556	0.07269	0.06956	-0.41375	-0.41286
TCGA-BP-4332-01A	TCGA-BP-4332	1133	0	7.22368295803851	6.97102530100547	7.75949369923343	0.0536606504805477	0.45708	0.31684	0.10637	0.00486	0.19522	-0.02571	0.38693	0.15109	-0.10627	0.17267	0.29171	0.17576	-0.0415	-0.04696	-0.11388	-0.14826	-0.99409	-0.98335	-0.8602	-1.10799	0.85359	0.78377	0.65489	0.68133
TCGA-BP-4334-01A	TCGA-BP-4334	645	1	5.63800226796317	12.3546926945726	7.58028790816781		1.24264	0.55793	1.62513	1.24539	-1.52706	-2.07171	0.02444	-1.0084	1.92038	1.45847	3.03556	2.19625	0.63024	-0.228	0.43179	-0.34636	2.45896	1.72335	2.94564	2.40157	-0.89083	-2.09924	-0.58857	-1.41705
TCGA-BP-4335-01A	TCGA-BP-4335	475	1	14.2920215151335	8.9837869828644	7.55594156068019	0.0985124743137205	1.88535	0.23713	1.23928	-0.45643	0.90619	-0.52342	1.29668	-0.74815	0.32857	0.87999	1.97178	0.72712	0.01615	-1.06369	0.03831	-0.99133	0.89542	0.22501	1.02399	-0.46763	1.03765	-0.99799	0.73051	-0.57051
TCGA-BP-4337-01A	TCGA-BP-4337	2	1	7.58249661459949	8.91127140585948	7.74456170868823	0.0750210442266855	3.98468	4.05282	2.76893	2.72966	1.22734	0.93487	1.57989	1.5541	-1.39758	-1.32851	-0.30031	-0.9924	0.74643	0.49347	0.75433	0.47856	-0.32803	-0.61911	1.09497	0.89391	1.32538	0.9835	0.64838	0.30939
TCGA-BP-4338-01A	TCGA-BP-4338	2859	0	2.59696322331428	7.87070988076757	7.90931360173694	-0.0716375708639359	0.83887	1.61014	1.07135	1.68745	1.3415	1.95109	0.43876	1.07795	0.79885	0.83797	0.07178	0.75617	-0.65118	-0.26312	-0.71061	-0.2961	0.28938	0.56026	-0.0839	0.34581	-1.51438	-1.00593	-0.61957	-0.09382
TCGA-BP-4340-01A	TCGA-BP-4340	562	1	10.0671782037817	6.5342518977466	7.84812927263299	0.0631706770566225	1.5005	1.19618	1.07435	0.51771	-0.55359	-1.16369	-0.44236	-1.33701	-0.74058	-0.02071	0.01236	-0.19649	-2.53093	-2.70997	-2.2741	-2.50459	-1.09323	-1.05974	-0.57892	-0.84787	0.95573	0.61031	0.52138	0.57351
TCGA-BP-4341-01A	TCGA-BP-4341	1589	1	10.7473721756794	8.68093689116728	7.7678381150805	0.0923597346640139	1.54683	0.747	0.71244	-0.06016	1.18565	0.46112	1.22195	0.35327	-0.59633	-0.09048	0.63182	-0.0639	0.34899	-0.078	0.33472	-0.08482	-0.22491	-0.58438	-0.37463	-1.23833	0.75436	-0.2119	-0.02747	-0.61444
TCGA-BP-4342-01A	TCGA-BP-4342	2256	1	9.80861666282053	7.147038777458	7.83503823432521	0.0593952183252017	0.15081	-0.4182	0.22822	-0.34435	1.71337	1.29679	1.18151	0.30599	-1.50711	-0.92872	-0.25	-0.76951	0.59012	0.55868	0.51806	0.50601	1.51504	1.61509	1.48205	1.14363	0.57731	0.09645	0.44798	0.31389
TCGA-BP-4343-01A	TCGA-BP-4343	1912	1	2.09726569178452	7.47497487357728	7.71357018724667	-0.0775007406308382	-0.91441	-0.50705	0.34923	0.71213	0.07618	0.52627	-0.41186	0.03637	0.9589	0.65227	0.2768	0.67809	-0.04422	0.15302	-0.07916	0.16455	0.11376	0.28841	-0.15599	0.25515	-0.92746	-0.54552	-0.04546	0.2849
TCGA-BP-4344-01A	TCGA-BP-4344	1666	0	6.29769785082501	6.92234311937236	7.7362319252851	0.0210755308155828	0.83012	0.88712	0.49893	0.50313	-0.38968	-0.54207	-0.0855	-0.15887	0.84753	1.05242	1.01727	1.07906	-0.74424	-0.77164	-0.67355	-0.71126	-0.48064	-0.41047	-0.56884	-0.67327	-0.56307	-0.77431	-0.36179	-0.43874
TCGA-BP-4345-01A	TCGA-BP-4345	1516	0	6.26815372490118	7.17858687928698	7.78405882608475	-0.00553313943396304	0.75069	0.8218	1.15337	1.30364	0.87593	0.85933	1.08391	1.02911	0.20572	0.4304	-0.09459	0.09835	0.86273	1.00208	0.88662	1.06531	1.34425	1.53241	0.64298	0.77291	-0.01587	-0.05576	0.58416	0.58595
TCGA-BP-4346-01A	TCGA-BP-4346	1493	1	9.36548885204139	7.89410107234557	7.73364103016047	0.0818055571966679	1.68274	1.209	1.12374	0.63739	-0.14524	-0.77059	0.32989	-0.15212	-1.36672	-1.0531	-0.29714	-0.97102	-0.08242	-0.40037	-0.04043	-0.39244	-0.47811	-0.69726	0.26355	-0.14638	0.96036	0.33274	0.50097	0.06435
TCGA-BP-4347-01A	TCGA-BP-4347	1367	0	7.48039823953828	6.63772775350535	7.92168874317102	0.0343762163538888	0.75977	0.85824	0.52555	0.67036	-0.59564	-0.78778	-0.23862	-0.37339	-1.32176	-0.79089	-1.19267	-1.06289	-0.69748	-0.45788	-0.73452	-0.48952	-1.03272	-0.83961	-0.87632	-0.75807	-1.09845	-1.2276	-0.85837	-0.86135
TCGA-BP-4349-01A	TCGA-BP-4349	372	0	9.80524554930911	7.19166055548397	7.79552574569157	0.0786464517821631	1.13585	0.66881	0.54248	0.12564	0.38231	-0.18023	0.48491	-0.28248	-2.2963	-1.83724	-0.68269	-1.47494	-0.05709	-0.20762	-0.04159	-0.21242	-0.27123	-0.32714	0.10524	-0.22694	0.37397	-0.23025	-0.05175	-0.40656
TCGA-BP-4351-01A	TCGA-BP-4351	970	0	18.1113331727624	7.66385527016731	7.72057862937362		1.4335	-0.57157	1.30029	-0.63566	2.11439	0.4245	2.15389	-0.72142	-1.47915	-0.26304	0.57214	-0.74099	0.75615	-0.07944	0.66946	-0.13527	1.05	0.58786	2.66215	1.44231	1.66006	-0.46026	1.12368	-0.07562
TCGA-BP-4352-01A	TCGA-BP-4352	344	1	12.2833494626945	9.00193644056733	7.8136765762036		2.10337	1.13588	2.23046	1.68315	5.37718	4.81162	5.81085	5.66715	2.33727	3.23865	3.65577	3.26492	4.0258	3.80278	4.07026	3.72979	3.97256	3.80506	5.05213	4.72259	2.30182	1.3957	2.17932	1.60311
TCGA-BP-4353-01A	TCGA-BP-4353	375	1	5.4653478911202	6.47352098813983	7.75141688592023	-0.0107224770533413	-0.45598	-0.3776	-0.32422	-0.31315	-0.39328	-0.392	-0.36844	-0.57824	0.1097	0.24087	-0.2998	-0.04847	-0.41975	-0.28224	-0.50677	-0.33328	0.23561	0.473	-0.06476	0.14896	-0.81422	-0.82681	-1.0673	-1.12324
TCGA-BP-4354-01A	TCGA-BP-4354	1034	1	6.74700911158865	5.97995308245841	7.61491929913526	0.00407348558163661	0.47678	0.38642	1.26012	1.27184	2.03922	1.99267	2.05103	1.91486	1.37215	1.51954	1.22277	1.2986	1.49427	1.52909	1.49139	1.523	2.78941	3.09819	2.50225	2.85614	0.67611	0.5105	1.41563	1.46274
TCGA-BP-4355-01A	TCGA-BP-4355	953	1	10.9530562415767	6.79590836363005	7.74595606141302	0.100153831153542	1.23837	0.58484	1.33746	0.86998	1.3422	0.68138	1.70026	0.86738	-0.53933	0.09285	1.02575	0.35727	0.57059	0.36049	0.55496	0.35166	-0.38899	-0.47924	-0.00278	-0.5413	1.46303	0.81187	0.98829	0.45409
TCGA-BP-4756-01A	TCGA-BP-4756	374	0	6.50895493405165	7.7043320915817	7.79658413594489	0.0242317879485377	0.18977	0.07516	0.13829	0.12113	-1.13368	-1.37709	-0.62511	-0.563	0.48709	0.73693	0.58453	0.65416	-1.46235	-1.56203	-1.38724	-1.56692	0.76528	0.83142	0.18355	0.16915	-0.50051	-0.72697	-0.20389	0.01077
TCGA-BP-4758-01A	TCGA-BP-4758	2208	0	3.79400941248744	9.37902394144677	7.84686162344547	-0.000705832935834568	-0.54968	-0.47963	-0.72635	-0.506	-0.51275	-0.3588	-0.13822	0.16938	0.33989	0.25909	-0.01279	0.21534	0.22916	0.29923	0.21851	0.33716	-1.18269	-1.3567	-0.93119	-0.87782	-0.08045	0.15126	-0.15851	-0.07954
TCGA-BP-4759-01A	TCGA-BP-4759	2372	0	2.6439360092132	9.97911449460012	7.80381642077295	-0.0397807788771744	-0.04081	0.17511	-0.11576	-0.11027	-0.14952	0.14036	-0.19977	0.11421	-0.75879	-1.14469	-1.22114	-1.17264	0.10374	0.09139	0.14171	0.14856	-0.14531	-0.33997	-0.45986	-0.52362	-0.00063	0.29353	-0.00823	0.06636
TCGA-BP-4760-01A	TCGA-BP-4760	2361	0	2.90140836658382	6.37237972653444	7.7650324623094	-0.0571310409597468	-0.4455	0.1064	0.17754	0.73095	-1.18484	-0.86703	-1.06828	-0.80002	0.31202	0.21805	-0.48706	0.03452	0.65307	1.07931	0.54785	0.98583	0.22287	0.5954	-0.35239	0.11819	-0.84574	-0.3444	-0.61869	-0.15285
TCGA-BP-4761-01A	TCGA-BP-4761	182	0	3.64679348388996	9.05826481492896	7.75961058201961	-0.0193589713666379	1.03661	1.32082	1.64204	1.99681	1.36898	1.66054	2.18681	2.53581	1.10026	0.92627	0.51417	0.78311	1.61364	1.69591	1.39831	1.41564	1.4485	1.4255	2.20104	2.76837	1.2182	1.60059	0.9432	1.13907
TCGA-BP-4762-01A	TCGA-BP-4762	1343	1	2.03449175417202	8.28207869752894	7.76868497588716	-0.0653459925661606	-1.19742	-0.86815	-1.31068	-1.04162	-0.61308	-0.21476	-0.59986	-0.04452	0.35303	0.03684	-0.63713	-0.18555	-1.51041	-1.43482	-1.45434	-1.38142	-1.51164	-1.52208	-1.49088	-1.26235	-1.34521	-1.03437	-0.90406	-0.64811
TCGA-BP-4763-01A	TCGA-BP-4763	1270	1	3.70243006043106	6.77308668330596	7.7462851053901	-0.0481134286420623	0.94699	1.50186	0.94863	1.34677	-0.51061	-0.28388	-0.74624	-0.4868	0.78889	0.74678	-0.25839	0.29549	-0.88611	-0.71286	-0.95421	-0.74136	0.60594	0.88772	0.10742	0.4082	-2.18143	-2.1814	-1.75794	-1.4473
TCGA-BP-4765-01A	TCGA-BP-4765	2184	0	6.44096178575079	6.88561021494403	7.83330966450593	0.0306650420726404	0.3857	0.46758	-0.13861	-0.11659	0.62677	0.61416	0.14806	0.19625	0.14545	0.48966	0.17104	0.36347	-0.81671	-0.69443	-0.79464	-0.70305	-0.65301	-0.50935	-0.58542	-0.56581	-0.62955	-0.68285	-0.97091	-0.98968
TCGA-BP-4766-01A	TCGA-BP-4766	1462	0	6.69333230712268	6.53398037393237	7.85209533242877	0.037592730648808	-1.02098	-1.13256	-1.64267	-1.58203	-0.92349	-1.07563	-0.69211	-0.75287	-1.76594	-1.4553	-0.94703	-1.16214	-2.05432	-1.96386	-1.94844	-1.96271	-1.35406	-1.19219	-0.93762	-0.88421	-1.24042	-1.37383	-1.61295	-1.61513
TCGA-BP-4768-01A	TCGA-BP-4768	400	0	8.03536063819265	7.3755847959644	7.83504813958163	0.0460442648867273	0.06281	-0.24511	0.11961	-0.48161	0.41551	0.13073	0.46005	-0.03669	-0.24987	0.2037	0.29808	0.1853	-0.19823	-0.19938	-0.32159	-0.3729	-0.57973	-0.57669	-0.43601	-0.6678	0.45247	0.24731	0.40572	0.25886
TCGA-BP-4769-01A	TCGA-BP-4769	1876	0	4.46189857645779	5.40717832543725	7.72759640242023	-0.0205205813192786	0.36988	0.86693	0.58851	1.21871	-0.79974	-0.65199	-0.78003	-0.71833	0.92088	1.03492	0.17277	0.71244	0.86894	1.27263	0.81096	1.22105	0.59712	1.05293	0.19223	0.73628	0.28071	0.76767	0.66034	1.11946
TCGA-BP-4770-01A	TCGA-BP-4770	329	1	2.1977515428066	6.60278128792503	7.86946597602079	-0.0791653366443313	0.39344	1.28913	0.95217	1.73148	0.35771	0.97502	0.90859	1.71829	0.98618	1.02055	0.13216	0.93606	0.96903	1.60767	1.0604	1.71478	1.86072	2.42107	1.01132	2.02908	1.47999	2.73977	2.02438	2.83289
TCGA-BP-4771-01A	TCGA-BP-4771	162	1	7.59961231606536	7.22774485385085	7.80345873400691	0.0586298312744704	1.8046	1.82681	1.87988	2.12343	0.37536	0.13461	0.88518	0.84656	-0.16461	0.20585	0.95138	0.64925	0.56324	0.61593	0.55709	0.58572	0.40911	0.49037	1.33246	1.55473	1.08878	1.04626	0.99769	0.97012
TCGA-BP-4774-01A	TCGA-BP-4774	1885	0	8.72343693704164	7.0850563053831	7.79204426208183	0.0523076677065109	-0.67748	-1.23079	-0.96885	-1.4118	-0.15208	-0.60191	-0.42392	-1.04907	0.60722	1.13384	0.66255	0.72447	-0.18766	-0.26664	-0.1372	-0.21626	-0.24476	-0.23921	-0.16757	-0.71957	-0.0998	-0.58608	-0.36999	-0.50938
TCGA-BP-4775-01A	TCGA-BP-4775	1843	0	8.8313241450382	6.27473057372647	7.78340009166019	0.0527349564466407	-0.56877	-1.02397	0.04165	-0.57996	-0.55526	-1.0208	-0.25292	-0.86806	-0.63992	-0.13396	0.56271	0.18425	-0.5034	-0.51989	-0.5465	-0.55113	-1.35617	-1.30172	-1.2422	-1.54082	-0.14641	-0.56754	-0.5374	-0.76108
TCGA-BP-4776-01A	TCGA-BP-4776	411	0	4.49011316069477	9.4800865234514	7.56988163190632	0.040738436473332	0.01659	-0.28401	-1.06093	-0.98625	-0.09212	-0.2081	0.25195	0.27485	1.12014	0.68239	1.34654	0.96908	0.23727	-0.20851	0.23084	-0.19243	-0.40243	-0.8134	-0.25228	-0.68262	0.31967	-0.06434	0.20539	-0.23461
TCGA-BP-4777-01A	TCGA-BP-4777	1731	0	4.43143411867398	9.48375571745872	7.78917181054936	0.00359478086003196	-0.90373	-1.08086	-0.8721	-0.9017	-1.12563	-1.16405	-1.15324	-1.3492	0.49334	0.383	0.69591	0.63837	-0.01871	-0.11901	-0.08428	-0.1593	-0.78689	-1.02963	-0.62206	-0.76304	-0.23591	-0.28234	-0.17998	-0.35242
TCGA-BP-4781-01A	TCGA-BP-4781	2080	0	3.40118147518987	7.63426111188722	7.75607964199407	-0.0442714397697606	-0.68998	-0.4441	-0.27219	-0.07901	0.72361	1.06435	-0.07973	0.21366	0.23026	0.07563	-0.49347	-0.15189	-0.79576	-0.69365	-0.78645	-0.64074	-0.3701	-0.27011	-0.61988	-0.45437	-1.05632	-0.88065	-1.43803	-1.39401
TCGA-BP-4782-01A	TCGA-BP-4782	354	0	3.01071664144143	6.36732753566074	7.7673189371684	-0.0380132211783457	-1.26213	-0.85325	-1.85889	-1.33117	-0.92407	-0.5975	-1.11235	-0.57742	0.19647	0.11107	-0.53059	-0.04392	-0.5289	-0.19386	-0.50693	-0.16078	-0.48856	-0.16336	-0.69644	-0.25117	-0.52599	0.02222	-0.46934	-0.035
TCGA-BP-4784-01A	TCGA-BP-4784	1854	0	2.78088380100849	7.76036322187527	7.72428247410439	-0.0566650956678779	-0.25148	0.1154	0.14058	0.4476	-0.81222	-0.54467	-0.63054	-0.3398	0.66574	0.40979	-0.15884	0.21987	0.17472	0.32199	0.07891	0.25692	0.49162	0.62458	-0.02179	0.23077	-0.60785	-0.30963	-0.48269	-0.23573
TCGA-BP-4787-01A	TCGA-BP-4787	480	1	5.1782105238944	7.7622203910119	7.72562686381876	-0.0134441361158487	1.02306	1.17689	0.69674	0.73025	1.19453	1.29098	0.44278	0.29425	-0.54466	-0.62227	-0.42481	-0.56076	0.15622	0.14255	0.066	0.08162	0.66266	0.70682	0.49325	0.53867	0.02802	0.00411	0.08156	0.04316
TCGA-BP-4789-01A	TCGA-BP-4789	1489	0	3.89242004745541	7.23054417733446	7.80605697658562	-0.0213205432702077	-0.57589	-0.28347	-0.82649	-0.54973	-0.17341	0.07527	-0.26926	-0.00966	0.0422	0.04189	-0.37569	-0.04382	-1.39591	-1.23582	-1.34918	-1.20384	-1.20872	-1.0737	-1.29628	-1.11599	-2.06572	-2.02311	-2.35647	-2.38041
TCGA-BP-4790-01A	TCGA-BP-4790	1111	1	6.75809574653291	6.4362245577179	7.68431897216955	0.00292181816959597	-0.05142	-0.20655	0.27558	0.12859	0.03861	-0.15605	0.20484	0.05945	-0.10886	0.03284	0.02541	-0.0763	-0.25329	-0.29601	-0.23812	-0.23675	-0.12675	-0.01918	-0.15388	-0.19966	-0.81302	-1.19491	-0.72651	-0.74859
TCGA-BP-4795-01A	TCGA-BP-4795	620	0	2.5161814688242	6.20255601052844	7.81434281035376	-0.057264368467926	-0.13173	0.61655	0.34859	1.09651	-0.59313	-0.12398	-0.3534	0.2679	0.67581	0.66016	-0.30802	0.4276	0.30544	0.83542	0.20997	0.75493	0.67346	1.16166	-0.03104	0.68093	0.00369	0.86309	0.44274	1.02063
TCGA-BP-4797-01A	TCGA-BP-4797	1107	0	3.1969208768905	8.31269307846095	7.87602186719883	-0.0534941917417886	0.17242	0.63708	-0.05919	0.18356	-0.52083	-0.20609	-0.71801	-0.49221	-0.6235	-0.69821	-1.2936	-0.9107	-0.39312	-0.13972	-0.4552	-0.16531	0.04254	0.17135	-0.23865	0.04025	-0.79862	-0.39018	0.24269	0.66879
TCGA-BP-4798-01A	TCGA-BP-4798	334	1	7.74943825760058	9.21523965609056	7.77552804436935	0.0375913566343924	1.05816	0.63561	2.24678	2.04045	0.95337	0.62002	1.17735	0.93443	-2.36548	-2.30828	-1.79493	-2.41719	0.66323	0.40346	0.60225	0.35438	1.33278	1.11846	1.70016	1.43863	1.65948	1.37087	1.59649	1.23518
TCGA-BP-4799-01A	TCGA-BP-4799	1133	1	3.26683263378376	10.1082857125257	7.77713981045075	-0.06767395156024	1.09965	1.33741	1.16932	1.16198	1.06404	1.34342	0.56907	0.74069	1.24989	0.99802	0.78649	0.98557	0.25044	0.14599	0.14033	0.1062	1.88741	1.7525	1.1691	1.07121	-0.87279	-0.93503	0.16126	0.11633
TCGA-BP-4801-01A	TCGA-BP-4801	1124	0	2.4535145144649	6.770567955802	7.77475415711564	-0.0459062235215858	-0.4597	0.12464	-0.82771	-0.27279	-1.17065	-0.8001	-1.02959	-0.59328	0.56928	0.43156	-0.4522	0.16476	-0.90231	-0.59889	-0.79504	-0.52973	-1.34899	-1.11481	-1.4603	-1.04655	-0.50762	0.10755	-0.72534	-0.33652
TCGA-BP-4803-01A	TCGA-BP-4803	204	0	4.02438867034036	8.43482283492641	7.79536554281259	-0.0311543098190709	-1.00149	-0.97417	-0.68386	-0.78021	0.38617	0.59548	-0.00855	0.2071	-0.25146	-0.36267	-0.69055	-0.51785	-0.16397	-0.09824	-0.17724	-0.05663	-0.00466	-0.00376	-0.44144	-0.43515	-0.9205	-0.86714	-0.48945	-0.54333
TCGA-BP-4804-01A	TCGA-BP-4804	1459	0	4.85834908834618	8.02234594860197	7.59952517729517	-0.00193543159483586	-0.28678	-0.46575	-0.40822	-0.49735	0.0311	-0.03187	-0.0257	-0.22754	0.52691	0.24857	0.39595	0.22834	0.64	0.44182	0.66801	0.5162	0.16955	0.0433	0.00574	-0.09705	-0.0404	-0.30375	0.38732	0.12813
TCGA-BP-4807-01A	TCGA-BP-4807	211	0	2.87831917445029	9.23447856580903	7.65980459010383	-0.0467217814824946	-1.35399	-1.45174	-1.55316	-1.65502	-0.69436	-0.55221	-0.8928	-0.66757	-0.73008	-1.27957	-1.06979	-1.24877	-1.3406	-1.61492	-1.29775	-1.54746	-1.26008	-1.53997	-1.30472	-1.57105	-0.18548	-0.15421	0.11741	0.19174
TCGA-BP-4959-01A	TCGA-BP-4959	2660	0	3.1128100951869	8.75113484714527	7.88880539308429	-0.0539722142807551	-0.6643	-0.36025	-0.62935	-0.47214	-1.41075	-1.17409	-1.55142	-1.28309	0.21239	0.16985	-0.34372	0.08679	-0.30906	-0.08086	-0.42532	-0.15815	-1.07676	-1.07647	-1.21929	-1.05129	-1.04962	-0.70916	-0.34396	-0.00473
TCGA-BP-4960-01A	TCGA-BP-4960	2172	0	6.23247384516783	12.0008617318497	7.82503629177828	0.02493318536672	1.2303	0.77661	0.9482	0.41588	1.98007	1.84938	1.46878	1.03406	0.48167	0.43498	0.20613	0.06287	0.80065	0.36511	0.81288	0.4474	1.03398	0.45302	1.07298	0.32189	0.89511	0.45649	0.30405	-0.34028
TCGA-BP-4961-01A	TCGA-BP-4961	1935	0	5.08637523167448	7.05483105217228	7.90242200636141	-0.00430048937931609	-0.05177	0.25363	-0.29511	-0.10158	0.00661	0.17728	0.07945	0.25883	-1.20441	-0.98006	-0.95086	-0.82789	-0.95784	-0.66347	-0.90467	-0.62358	-0.64759	-0.41414	-0.78395	-0.56338	-0.74684	-0.45598	-1.119	-0.96848
TCGA-BP-4962-01A	TCGA-BP-4962	1785	0	2.67098571403565	9.60008902158773	7.85791730226551	-0.0518871270324609	0.20154	0.56559	-0.15701	0.02562	-0.83454	-0.54956	-1.02188	-0.90461	0.41803	0.22713	-0.25413	0.12166	0.23611	0.37123	0.10983	0.26927	-0.75306	-0.87886	-0.85134	-0.75068	-0.22717	0.17742	0.45544	0.70347
TCGA-BP-4963-01A	TCGA-BP-4963	1834	0	8.38736958069438	7.81762310781325	7.78728223551549	0.0550329160702771	0.25184	-0.20331	-0.54171	-0.9725	-0.03194	-0.46346	0.26444	-0.26912	-0.4191	-0.05272	0.55259	0.1547	-0.37336	-0.54864	-0.3764	-0.53633	-0.69123	-0.82379	-0.34436	-0.75945	-0.72029	-1.37447	-1.3075	-1.80647
TCGA-BP-4964-01A	TCGA-BP-4964	1862	0	5.85957465713136	8.71007107876988	7.88358980188056	0.0198172145207273	0.65804	0.69435	0.60736	0.56399	0.42438	0.42199	0.18857	0.23984	-0.77728	-0.59933	-0.37027	-0.45524	-0.33623	-0.29828	-0.34045	-0.27805	-0.268	-0.32903	-0.17057	-0.33218	-0.3499	-0.39158	-0.92867	-0.96051
TCGA-BP-4965-01A	TCGA-BP-4965	1871	0	4.53626357448697	6.49079558707859	7.97193477559954	-0.019650304330314	-1.08497	-0.68793	-1.1079	-0.72726	-0.72715	-0.4617	-0.82774	-0.49817	-1.47292	-1.16315	-1.54406	-1.16039	-1.26623	-0.76847	-1.19912	-0.73133	-1.52691	-1.17417	-1.38264	-0.91513	-1.81057	-1.40792	-1.49653	-1.07286
TCGA-BP-4967-01A	TCGA-BP-4967	205	0	5.96656560057488	8.27426367751699	7.88983656390976	0.0139750867169167	0.49185	0.55019	0.50843	0.42767	0.26308	0.25789	0.38126	0.25768	-0.55984	-0.31469	0.23689	0.1041	-0.53861	-0.45484	-0.4867	-0.36463	-0.50778	-0.51215	-0.52578	-0.63886	0.67181	0.88085	0.54428	0.60305
TCGA-BP-4968-01A	TCGA-BP-4968	1746	0	5.43570958308064	8.09982531377134	7.86768385638664	0.0392431252932736	0.99955	1.22637	0.58326	0.94079	0.02043	0.06364	-0.15415	-0.18351	0.29988	0.51764	0.80721	0.85857	0.1916	0.35234	0.23685	0.4071	-0.69295	-0.67775	-0.47764	-0.41374	1.26501	1.66847	0.41857	0.52629
TCGA-BP-4969-01A	TCGA-BP-4969	1794	0	9.98580449576678	10.1145297821281	7.81717407711474	0.0978703605533215	0.89434	-0.01252	0.43325	-0.47513	-0.18102	-0.95121	0.02738	-1.01909	-2.39877	-2.10507	0.02714	-1.2565	-0.29907	-0.83219	-0.2673	-0.78423	-1.03244	-1.60249	-0.73148	-1.7168	1.71757	0.98121	1.21401	0.57408
TCGA-BP-4970-01A	TCGA-BP-4970	433	0	3.79398035445009	6.64809222790642	7.95389200337537	-0.041862672755169	-0.35592	0.24047	-0.29999	0.15736	-0.88535	-0.54751	-0.84654	-0.41922	-0.03498	0.2435	-0.75398	-0.02484	-0.79347	-0.26099	-0.76844	-0.23988	-0.61272	-0.21164	-0.79325	-0.23126	-1.15828	-0.54772	-0.68131	-0.12919
TCGA-BP-4971-01A	TCGA-BP-4971	1487	0	13.0863767047429	9.03252849638433	7.86935167994688		1.13371	-0.06247	1.60458	0.54076	1.36623	0.37538	2.16084	0.83578	-1.59615	-0.76067	-0.45946	-1.18354	1.39099	1.00472	1.38329	1.03619	1.725	1.42334	2.2803	1.5543	2.14608	1.16589	2.23958	1.6063
TCGA-BP-4972-01A	TCGA-BP-4972	1502	0	5.06869669648433	7.15597428739747	7.98145864120499	-0.00937908296745022	-1.10477	-0.88166	-1.01418	-0.7991	-0.10795	0.1075	0.0191	0.24895	-0.18462	0.22747	-0.0393	0.36391	-0.37287	0.0831	-0.33726	0.12872	-0.78013	-0.50209	-0.84903	-0.53314	-0.72318	-0.28156	-0.28523	0.12662
TCGA-BP-4973-01A	TCGA-BP-4973	1384	0	8.93520159035022	8.08292574405756	7.92172925268355	0.0621986438161491	0.16144	-0.28037	0.37243	-0.247	0.48752	0.106	0.24163	-0.4626	-1.82642	-1.28056	-0.32967	-0.85944	-0.83525	-0.89575	-0.8176	-0.89802	0.0691	0.03607	0.1634	-0.12805	0.0652	-0.30868	-0.26993	-0.51447
TCGA-BP-4974-01A	TCGA-BP-4974	211	1	10.4978902953586	6.78450115007921	7.94176560933532	0.0727769021400982	1.37412	1.05183	0.85967	0.58394	0.61243	0.09652	1.24078	0.57652	-0.26532	0.66949	-0.05567	0.08125	0.15065	0.26383	0.15875	0.28401	0.82234	1.00118	0.68306	0.32271	-0.79105	-1.40476	-0.9076	-1.20311
TCGA-BP-4975-01A	TCGA-BP-4975	1433	0	4.15363440447908	8.32112330294651	7.96650635413254	-0.01630127643833	-1.3344	-1.16493	-1.56041	-1.33857	-0.161	0.11199	-0.82447	-0.45462	-0.26378	-0.06324	-0.6212	-0.17049	-1.47782	-1.22199	-1.41373	-1.19286	-1.32468	-1.24615	-1.3448	-1.21861	-1.01172	-0.6451	-1.26199	-1.03521
TCGA-BP-4976-01A	TCGA-BP-4976	1632	0	2.75273105557405	7.04097925072513	7.92933795034626	-0.0517535766810855	-1.15693	-0.58819	-1.20643	-0.69443	-1.17634	-0.75115	-0.97334	-0.3579	-0.84498	-0.79582	-1.36362	-0.82861	-1.62859	-1.1809	-1.63378	-1.20321	-1.74679	-1.46011	-1.59578	-1.0471	-1.55111	-0.925	-1.41584	-0.86445
TCGA-BP-4977-01A	TCGA-BP-4977	454	0	9.16971583469793	8.18859880501088	7.88683669183544	0.0705370176341408	-0.3887	-1.0122	-0.18354	-0.76591	-0.0729	-0.56759	-0.10117	-0.88034	-1.32378	-0.78946	-0.75967	-1.02586	-0.62118	-0.75298	-0.62694	-0.75806	-0.16162	-0.26688	0.1842	-0.34924	0.40707	-0.02802	-0.34645	-0.51256
TCGA-BP-4981-01A	TCGA-BP-4981	1097	1	7.60439556000096	11.6143249696028	7.77072997246934	0.0666234235250931	0.28505	-0.56423	0.68434	0.07143	0.83815	0.39049	0.53829	-0.05961	-0.70568	-0.74583	-0.73652	-1.20239	1.03229	0.48348	1.06283	0.58459	1.22871	0.61839	1.34659	0.53402	1.91846	1.3676	1.50902	0.81168
TCGA-BP-4982-01A	TCGA-BP-4982	1014	0	7.29048689585431	6.4207335935384	7.89256884935574	0.0381727656640895	-0.93823	-1.07697	-0.95751	-0.99094	-0.23524	-0.37878	-0.42266	-0.6201	-1.47021	-1.00186	-1.02665	-1.03433	-1.03466	-0.8266	-0.95568	-0.78048	-0.84101	-0.61762	-0.81334	-0.7431	-0.63375	-0.6651	-1.03575	-1.0223
TCGA-BP-4983-01A	TCGA-BP-4983	1413	0	5.95765131996761	7.97317106384635	7.83538383861414	-0.00547529880307838	1.18134	1.32578	1.64843	1.67192	2.36036	2.51431	1.9328	2.06047	1.78517	2.10342	2.35895	2.49685	1.81307	2.02336	1.75188	1.92113	2.3277	2.50699	2.1942	2.47541	1.65943	1.99527	2.13518	2.38417
TCGA-BP-4985-01A	TCGA-BP-4985	952	1	4.19346467404363	8.91867469409644	7.87159102493526	-0.0577833189244159	-0.23594	-0.0943	0.24126	0.3488	1.27715	1.57007	1.27205	1.52131	0.76236	0.82516	-0.05374	0.43435	1.49256	1.7319	1.66579	1.93108	0.83484	0.86989	0.12044	0.08289	-0.90564	-0.79637	-0.02793	0.12086
TCGA-BP-4986-01A	TCGA-BP-4986	785	0	7.93346516313471	7.45500278568341	7.87194934188864	0.0204825494527522	0.42032	0.21838	1.10014	0.78102	0.35628	0.1038	0.27689	-0.28006	1.23796	1.82932	1.86697	1.96206	0.5134	0.62249	0.4822	0.62444	0.24589	0.32527	0.17606	0.06883	-0.70215	-1.05014	-0.54779	-0.77536
TCGA-BP-4987-01A	TCGA-BP-4987	1124	0	6.96133290052989	8.11768670042513	7.82631519269722	0.0398294885927274	0.5144	0.35134	0.21989	-0.13014	-0.09433	-0.31228	0.22725	0.0583	-0.9012	-0.66939	0.40089	-0.05935	-0.27066	-0.31774	-0.3097	-0.34557	-1.13286	-1.2488	-0.99721	-1.30786	0.04592	-0.1569	-0.36418	-0.53218
TCGA-BP-4988-01A	TCGA-BP-4988	828	1	17.8386047836911	8.29176973326651	7.72823385960029		2.55859	0.70011	2.50208	0.84213	1.66639	-0.04933	2.1277	-0.36876	-0.49499	0.72006	1.43923	0.24236	1.62755	0.80466	1.64965	0.84188	1.89272	1.40026	2.39905	1.05218	2.04493	-0.02092	1.57946	0.26224
TCGA-BP-4989-01A	TCGA-BP-4989	118	0	11.4027115770385	11.5908681009632	7.85958606847135	0.0937951716866652	1.25227	0.00654	1.7129	0.60734	0.61471	-0.3352	1.07638	-0.0598	-0.82596	-0.32365	0.50034	-0.37736	1.24643	0.60712	1.22	0.62549	1.20181	0.51157	2.04178	1.02783	1.7024	0.57931	1.50585	0.63208
TCGA-BP-4991-01A	TCGA-BP-4991	1413	0	8.29944986721626	6.75109225251124	7.91066878709056	0.0406308066292031	0.06996	-0.10888	0.04735	-0.14343	0.00687	-0.265	0.23795	-0.06497	-0.16234	0.49853	0.38196	0.4588	-0.54118	-0.3783	-0.52384	-0.35167	-0.71883	-0.56808	-0.79884	-0.95749	-0.74525	-0.99634	-1.22432	-1.32401
TCGA-BP-4992-01A	TCGA-BP-4992	501	0	12.5231621942045	13.3950957574223	7.74687922599526		2.6679	1.07297	2.22411	0.84677	1.26572	0.03724	2.12057	0.90389	-0.19696	0.13732	0.65806	-0.4038	1.33799	0.2049	1.27058	0.20106	1.49336	0.38237	2.12518	0.58092	2.29722	0.60841	1.4307	0.02593
TCGA-BP-4993-01A	TCGA-BP-4993	177	0	3.85293840026971	7.12460782670221	7.73945734798255	-0.0129807239974015	-0.55544	-0.31687	-0.4704	-0.2736	-0.0276	0.19653	-0.38893	-0.12485	0.98119	0.92924	1.07044	1.25035	-0.09849	0.06553	-0.04893	0.11749	-0.66255	-0.53162	-0.76911	-0.55793	0.82432	1.31782	0.58286	0.75202
TCGA-BP-4994-01A	TCGA-BP-4994	1308	0	5.9861513289783	8.79405400211479	7.95010883731179	-0.0186235834333833	-0.27874	-0.34383	-0.30298	-0.34459	-1.26621	-1.38965	-0.91299	-1.45813	1.33867	1.76694	1.31391	1.70867	-0.60995	-0.50258	-0.68563	-0.5135	-0.41716	-0.44882	-0.72931	-0.86008	-1.60635	-1.7952	-1.62117	-1.60025
TCGA-BP-4995-01A	TCGA-BP-4995	1371	0	5.37449962176736	8.68117105381955	7.94100559752776	-0.0189344068923998	-0.70484	-0.72637	-0.7403	-0.66831	-0.98678	-0.99852	-0.77451	-1.13514	1.10438	1.44709	0.981	1.39579	-0.84663	-0.71572	-0.88242	-0.70952	-0.81346	-0.83435	-0.9824	-1.0676	-1.89377	-2.02665	-1.85329	-1.77231
TCGA-BP-4998-01A	TCGA-BP-4998	932	0	9.25390483208263	6.89002694674273	7.88619660823841	0.0472118274419396	-0.07791	-0.49203	0.28074	-0.1969	0.24901	-0.16444	0.45873	-0.25843	-0.76426	-0.09239	-0.20464	-0.2925	-0.20184	-0.13667	-0.16099	-0.07391	0.10473	0.22421	0.01358	-0.2102	-0.02661	-0.38421	-0.24375	-0.31602
TCGA-BP-4999-01A	TCGA-BP-4999	1266	0	6.88411626796884	7.66178265756138	7.93353778556599	0.0303366583874674	-1.01506	-1.21591	-0.49427	-0.68499	-0.31717	-0.44244	-0.43685	-0.57104	-1.3873	-0.97793	-1.29516	-1.21087	-0.83268	-0.67943	-0.80319	-0.64985	-0.63519	-0.54828	-0.89012	-0.93555	-1.10729	-1.24414	-1.14669	-1.24013
TCGA-BP-5000-01A	TCGA-BP-5000	563	0	4.70859447294683	11.3117406273551	7.8313912495459	0.00455295917588034	0.50785	0.30505	0.3608	0.13391	0.21221	0.1877	0.06807	-0.13867	0.04175	-0.13	-0.43007	-0.43456	0.86334	0.6371	0.79827	0.62492	-0.14166	-0.61605	0.03011	-0.4117	0.48701	0.36135	1.12905	0.94222
TCGA-BP-5001-01A	TCGA-BP-5001	1177	0	10.228716076865	10.5328294502643	7.7646338662038	0.0994018649874262	1.85321	0.93577	1.47907	0.81662	-0.58561	-1.48531	-0.04227	-1.27021	-0.94212	-0.65327	0.3162	-0.58137	0.49233	-0.14011	0.45488	-0.12954	-0.45666	-1.114	-0.0824	-1.1485	1.56179	0.58802	1.6086	1.10622
TCGA-BP-5004-01A	TCGA-BP-5004	1126	0	6.63407034840574	7.34946843484453	7.91737964569356	0.0149851223450307	-0.16173	-0.16281	-0.37633	-0.44442	-0.48718	-0.58696	-0.46042	-0.66783	-1.83727	-1.48626	-0.97	-1.16515	-0.68065	-0.48435	-0.62341	-0.41079	-1.15321	-1.05212	-0.84686	-0.79413	0.16621	0.33424	0.45146	0.64345
TCGA-BP-5006-01A	TCGA-BP-5006	840	0	4.55327194720267	8.8055391829924	7.855298639215	-0.00238963194436611	-0.61714	-0.60089	-1.20277	-1.15672	-0.35819	-0.26523	-0.4375	-0.18045	-0.08691	-0.05812	-0.49955	-0.2642	-0.73836	-0.70168	-0.65902	-0.6073	-0.47783	-0.53769	-0.47252	-0.53266	-0.48514	-0.37823	-0.80308	-0.85137
TCGA-BP-5007-01A	TCGA-BP-5007	1140	0	8.03532885117442	8.07118942993185	7.84251951358867	0.0554750630275418	-0.43626	-0.90767	-0.40357	-0.89418	0.02363	-0.32505	0.24486	-0.42396	-3.77707	-3.57909	-2.30968	-3.15929	-0.5694	-0.67829	-0.52983	-0.64875	-0.79365	-0.91125	-0.49654	-0.82511	-0.0146	-0.39132	-0.47069	-0.78084
TCGA-BP-5008-01A	TCGA-BP-5008	1071	0	6.49944310931616	7.74866900990122	7.87825357031404	0.0106768485410991	-1.23822	-1.4843	-0.87705	-1.10579	-0.46657	-0.59374	-0.50107	-0.99715	0.45261	0.83476	0.45459	0.68842	-0.51812	-0.41803	-0.4519	-0.33939	0.28056	0.37995	0.00192	-0.12082	0.07897	0.12268	-0.1339	-0.10662
TCGA-BP-5009-01A	TCGA-BP-5009	1092	1	6.26219481743966	12.0370326299375	7.87959420601038	0.0159667408965249	1.31495	0.92853	1.10088	0.4942	0.67737	0.46704	0.60615	0.24928	-0.76781	-0.79833	-0.82446	-1.08765	0.41828	0.03722	0.38302	0.09041	0.56739	-0.00308	0.41269	-0.37539	-0.1512	-0.69525	0.29537	-0.24072
TCGA-BP-5010-01A	TCGA-BP-5010	878	1	5.09200015577008	9.63078165053231	7.68223238697172	0.0150116029965465	1.44761	1.37824	1.41753	1.60991	0.44096	0.35814	1.04167	0.88469	0.13558	-0.12011	-0.28089	-0.41517	1.06148	0.80171	1.0674	0.8642	1.03289	0.76187	0.70302	0.39661	1.17474	1.04638	1.57475	1.3643
TCGA-BP-5168-01A	TCGA-BP-5168	1463	1	2.75317553242375	7.54022875815795	7.69346615328356	-0.0294293629125471	-2.05905	-1.97604	-2.27522	-2.1107	-0.88647	-0.63252	-1.12838	-0.66988	1.02343	0.75043	0.55597	0.83385	-1.21255	-1.18853	-1.07906	-1.07838	-1.03504	-0.98965	-1.23202	-1.10423	0.11542	0.52839	0.38252	0.67594
TCGA-BP-5169-01A	TCGA-BP-5169	193	0	3.22249264983179	15.2575362730844	7.82597455985559	-0.00389868172049369	0.993	0.58078	0.59165	-0.05704	1.74098	1.85953	2.14555	2.33768	0.69107	0.10485	1.04319	0.55305	1.72782	1.13357	1.59488	1.00099	0.869	-0.1265	0.93334	0.08537	1.47127	1.26072	1.54897	0.84942
TCGA-BP-5170-01A	TCGA-BP-5170	2412	0	2.04843160286545	8.60274584593236	7.70498929369206	-0.0557359371588462	-0.34972	-0.00877	0.07575	0.30485	0.07554	0.46916	-0.32293	0.01421	0.28178	-0.16907	-0.68733	-0.39099	0.46276	0.53731	0.47299	0.61773	0.38221	0.38472	-0.01751	0.1632	-0.18902	0.17319	0.03193	0.15532
TCGA-BP-5173-01A	TCGA-BP-5173	62	1	2.76831467026085	7.50236626403145	7.79806760920199	-0.0364550846770117	-0.60515	-0.16968	-0.48211	-0.02097	0.22211	0.64784	-0.55001	0.20694	-1.12773	-1.35117	-1.63579	-1.40795	-0.00207	0.28862	0.04291	0.29388	-0.93507	-0.78662	-0.85733	-0.47079	-0.17505	0.3914	0.64529	1.14192
TCGA-BP-5174-01A	TCGA-BP-5174	2257	0	3.47569345897976	7.69554407467686	7.79283063038795	-0.0219843413144924	0.19176	0.59734	0.14194	0.50823	-1.14506	-0.95373	-0.99959	-0.7892	-2.65363	-2.92013	-2.44759	-2.66645	-0.53454	-0.36556	-0.4945	-0.31618	-0.62064	-0.51781	-0.42225	-0.10243	-0.40819	-0.05616	0.46878	0.8245
TCGA-BP-5175-01A	TCGA-BP-5175	932	0	3.80344949891425	9.21410541935595	7.78995914486306	-0.01717517911948	0.33706	0.49951	0.8302	1.18536	0.5654	0.77869	0.77418	0.92664	0.33926	0.17489	-0.05117	0.10349	1.09738	1.15984	1.14585	1.23938	0.68388	0.60636	0.50688	0.50276	0.77927	1.08594	0.71901	0.79134
TCGA-BP-5176-01A	TCGA-BP-5176	1590	1	2.26901383627508	7.94663733238084	7.85954484805545	-0.0438465933945233	-0.82768	-0.32889	-0.32129	0.19931	-1.10054	-0.6955	-1.20906	-0.68835	0.12575	-0.00097	-0.5956	-0.07215	-0.547	-0.22111	-0.45485	-0.14544	-0.66113	-0.4931	-1.04167	-0.70726	-0.37685	0.30454	-0.47336	-0.11684
TCGA-BP-5177-01A	TCGA-BP-5177	293	0	3.29917003234431	7.67965807698925	7.73523602443068	-0.0145917601229034	-0.22518	0.08024	-0.2842	-0.0302	0.05544	0.33551	-0.03176	0.38793	-0.78337	-1.04982	-0.92085	-0.91184	0.88529	1.07946	0.91778	1.1097	-0.77132	-0.7183	-0.91203	-0.78025	0.34302	0.76182	0.22321	0.3968
TCGA-BP-5178-01A	TCGA-BP-5178	1912	1	2.06949062367712	10.4111861086625	7.85621388275919	-0.0592078907104062	-0.17862	0.11779	-0.15976	0.06853	0.48065	0.92423	0.36846	0.72499	0.71353	0.41544	-0.0849	0.30996	0.31049	0.38122	0.29839	0.42669	0.56324	0.41324	0.05149	0.14108	0.12574	0.59627	0.8669	1.04659
TCGA-BP-5180-01A	TCGA-BP-5180	2263	0	3.25511516903807	7.68969137792787	7.82852808040053	-0.0229051475172459	-0.34583	0.05656	-0.58097	-0.2293	-0.7912	-0.51114	-0.82247	-0.44041	-0.07692	-0.14678	-0.53318	-0.1817	-0.20451	0.06355	-0.11686	0.14268	-0.27662	-0.11045	-0.51645	-0.24495	0.52115	1.16644	0.00027	0.34406
TCGA-BP-5181-01A	TCGA-BP-5181	1495	0	2.18455209681185	6.38882097487979	7.76450235112275	-0.0420012649000516	-0.84094	-0.23003	-1.07195	-0.47727	-0.7593	-0.30227	-0.95139	-0.04908	-0.07408	-0.26891	-0.65758	-0.22214	-0.56293	-0.18226	-0.55077	-0.18066	-1.29007	-0.9875	-1.37297	-0.87213	-0.57344	0.1114	-0.88021	-0.43199
TCGA-BP-5182-01A	TCGA-BP-5182	1165	0	2.63468860907433	6.2458192348411	7.85542650841111	-0.047616181561167	-0.48891	0.22554	-0.82979	-0.15397	-0.73927	-0.27232	-0.8017	-0.08117	-0.5535	-0.56585	-1.09311	-0.57136	-0.32348	0.21347	-0.25438	0.27183	-0.75804	-0.33777	-0.88413	-0.21865	0.0648	0.98946	0.45531	1.20277
TCGA-BP-5183-01A	TCGA-BP-5183	1291	0	7.20120381989384	7.76419928668559	7.70339189920718	0.0180509048105707	-0.52741	-0.991	-0.90303	-1.47635	-0.41534	-0.76696	-0.07327	-0.81917	-1.78272	-1.76289	-1.29423	-1.79952	-0.19921	-0.41262	-0.23666	-0.4412	-1.22574	-1.4071	-1.33027	-1.80999	-0.51209	-1.06325	-1.34522	-1.71961
TCGA-BP-5184-01A	TCGA-BP-5184	1133	0	3.83210551296609	7.44042526894782	7.67273410432562	-0.0214530965005358	-1.56736	-1.60444	-1.76861	-1.66773	-0.31062	-0.17246	-0.62457	-0.42391	-0.65221	-0.94342	-1.19415	-1.15397	-0.9574	-1.00792	-0.9062	-0.94331	-0.9029	-0.8961	-1.1375	-1.14564	-0.35304	-0.26002	-0.37977	-0.27719
TCGA-BP-5185-01A	TCGA-BP-5185	1132	0	2.49036390508147	17.2255735179998	7.64658363196222	-0.0220614698257297	-0.07048	-1.00014	-0.04938	-1.20759	-0.55271	-0.75748	-0.48442	-0.80912	0.88053	-0.21981	0.77656	-0.01553	0.79339	-0.37798	0.74416	-0.33188	-0.70677	-2.24966	-0.62366	-2.08805	0.11653	-0.84685	0.17968	-1.03266
TCGA-BP-5186-01A	TCGA-BP-5186	693	0	4.66562043226214	6.85801362351076	7.78207899366567	-0.00110275410033723	-1.0141	-0.9011	-1.1418	-1.05099	-0.66491	-0.56902	-0.62594	-0.29134	-0.48566	-0.45096	-0.65069	-0.49397	-1.30818	-1.18367	-1.25998	-1.15908	-1.86822	-1.76802	-1.64939	-1.51673	-1.02782	-0.92452	-0.85844	-0.69705
TCGA-BP-5187-01A	TCGA-BP-5187	406	0	6.53911370548341	4.83512208646587	7.54412616147159	-0.0343107539656385	-0.32671	-0.43461	-0.87694	-1.09362	-1.24735	-1.54236	-1.20177	-1.78639	0.72562	0.77534	0.09872	0.23275	-0.70752	-0.78773	-0.69187	-0.74437	0.22074	0.49877	-0.22171	-0.22291	-0.51294	-0.85344	-0.49124	-0.58158
TCGA-BP-5189-01A	TCGA-BP-5189	822	1	4.17102543339421	6.41431319786972	7.98333832614314	-0.0313026666057282	-0.48049	0.09772	-0.40739	0.03904	0.26137	0.6775	-0.10563	0.28431	-1.12149	-0.80329	-1.45611	-0.91114	-0.04394	0.59863	-0.07293	0.59955	0.66279	1.19352	0.30075	0.88944	-0.34456	0.44408	0.48464	1.24787
TCGA-BP-5190-01A	TCGA-BP-5190	1011	0	4.03788186706147	9.80035056320558	7.78077865794672	0.000785505718502081	0.1482	0.15043	-0.25234	-0.41514	-0.06589	0.02234	-0.99791	-1.14473	-1.56497	-1.88072	-1.4351	-1.73626	0.14402	0.02654	0.13657	0.04718	-0.41022	-0.67126	-0.42749	-0.63072	0.06239	0.0872	0.17016	0.05942
TCGA-BP-5191-01A	TCGA-BP-5191	967	0	3.92150179421752	13.1720812265166	7.77176290482688	-0.0098449827891436	-0.64933	-1.21944	-0.81951	-1.24201	-0.14665	-0.22631	-0.15757	-0.59494	0.04034	-0.45172	-0.00892	-0.38474	0.57618	0.03639	0.60878	0.16633	0.54862	-0.20385	0.6092	0.02551	0.62328	0.29691	0.70653	0.13668
TCGA-BP-5192-01A	TCGA-BP-5192	714	0	3.13242702087112	6.51020336723804	7.82373290946309	-0.0187316851922385	-1.47355	-1.0718	-1.71825	-1.29247	-1.06041	-0.7296	-1.27295	-0.76623	-0.2597	-0.27516	-0.6156	-0.21366	-1.34626	-1.00653	-1.26935	-0.99066	-2.2355	-2.00147	-1.90198	-1.45673	-0.70826	-0.12593	-1.21319	-0.78874
TCGA-BP-5194-01A	TCGA-BP-5194	408	0	3.14175842098828	6.74921357449439	7.90526547456496	-0.0308530387540162	-1.81313	-1.40266	-2.10005	-1.55236	-0.01498	0.45219	-0.41227	0.21498	-0.79389	-0.72036	-1.15903	-0.69526	-1.22595	-0.77532	-1.13383	-0.7128	-1.3891	-1.06922	-1.32125	-0.82199	-1.01333	-0.36312	-1.05658	-0.5327
TCGA-BP-5195-01A	TCGA-BP-5195	749	0	3.12417547618771	7.04689332004092	7.83494900698984	-0.0379149613276957	-0.58754	-0.10559	-0.20358	0.21105	0.21797	0.64182	-0.035	0.56748	-0.04292	-0.06627	-0.5538	-0.10788	0.05194	0.44387	0.04278	0.46903	0.48144	0.81208	0.02954	0.51969	-0.41233	0.17739	0.25605	0.84659
TCGA-BP-5196-01A	TCGA-BP-5196	1018	0	3.79066810237567	6.46346491338204	7.74616293618768	-0.0142104701085717	0.21632	0.68371	0.66634	1.2195	0.95789	1.31497	0.80094	1.36491	0.60751	0.58599	0.29537	0.6282	1.45451	1.83752	1.51663	1.89552	1.05059	1.40753	0.80588	1.36109	0.74902	1.34381	0.7319	1.16288
TCGA-BP-5198-01A	TCGA-BP-5198	603	0	2.28087764001297	6.2667151127416	7.80905129934766	-0.0596824139724162	-0.33915	0.4024	0.18151	0.87741	0.75522	1.3683	0.24807	0.89303	-0.17182	-0.27797	-0.9764	-0.39951	0.52724	1.07242	0.59277	1.12033	0.99993	1.50385	0.48609	1.25367	0.37627	1.33265	0.92773	1.66596
TCGA-BP-5199-01A	TCGA-BP-5199	1355	0	7.71301260532442	6.64288815798101	7.83479408725122	0.0500501632036964	0.67543	0.61785	0.94678	0.86013	0.82482	0.65912	0.96043	0.62602	0.12054	0.61659	0.57168	0.60852	1.72635	1.9875	1.80033	2.03047	0.43336	0.63409	0.53058	0.58301	1.65593	1.84495	1.96803	2.12347
TCGA-BP-5200-01A	TCGA-BP-5200	1063	0	2.52959499514997	7.16306605107204	7.92630462431	-0.0531943034976249	-1.14561	-0.55674	-1.08823	-0.56984	-0.41791	0.09693	-0.36123	0.3159	0.56748	0.66614	-0.33908	0.46921	-0.47058	0.05742	-0.40455	0.15421	-1.02219	-0.70228	-1.09529	-0.50617	-0.54154	0.29943	0.04186	0.63203
TCGA-BP-5201-01A	TCGA-BP-5201	951	0	8.42398774457291	7.79709301702658	7.82098129975639	0.014164707234133	-0.73201	-1.30478	-0.99142	-1.69973	-0.85041	-1.33278	-0.84905	-1.80725	-0.00369	0.45083	0.11608	0.08556	0.30125	0.2321	0.35449	0.28656	-0.71778	-0.82088	-0.38115	-0.70463	1.24406	1.03405	1.18714	1.17614
TCGA-BP-5202-01A	TCGA-BP-5202	29	0	3.75078258664656	7.5628369194494	7.87122416330748	-0.0198756934502719	-1.02055	-0.74167	-1.16686	-1.00002	-0.26209	0.02971	-0.76224	-0.57141	-2.07062	-2.12958	-2.2581	-2.15094	-1.38642	-1.15287	-1.32166	-1.10928	-0.61942	-0.43814	-0.95145	-0.70563	-1.18934	-0.86659	-1.11224	-0.79619
TCGA-CJ-4634-01A	TCGA-CJ-4634	3498	0	7.0472317534837	5.92531501247021	7.7435823736365	0.0413195434788998	-0.02502	-0.08699	0.20138	0.27526	-0.42489	-0.63263	-0.03262	0.05324	-2.20965	-2.02888	-1.14816	-1.63647	-0.74297	-0.67632	-0.70436	-0.70025	-1.47075	-1.32646	-1.43603	-1.48972	-0.53648	-0.73086	-1.10543	-1.16957
TCGA-CJ-4635-01A	TCGA-CJ-4635	1416	0	9.0733970945348	7.18373570215114	7.62551991594835	0.0599978606272379	0.46792	-0.17583	0.80703	0.25019	0.82199	0.28043	0.7372	-0.37416	0.74857	1.03045	2.29117	1.60253	-0.07499	-0.45646	-0.1239	-0.4821	0.28664	0.15041	0.35016	-0.17965	0.47477	-0.30927	-0.6823	-1.19665
TCGA-CJ-4636-01A	TCGA-CJ-4636	1924	0	7.31819552788481	8.058438487991	7.65663554136679	0.0324614940286675	0.17619	-0.29251	0.00819	-0.42443	0.49625	0.15803	0.63779	0.39352	-1.38107	-1.42529	-1.11665	-1.61967	0.42784	0.13732	0.35832	0.06919	0.41103	0.24087	0.87544	0.62176	0.3982	-0.13135	1.09378	0.81769
TCGA-CJ-4637-01A	TCGA-CJ-4637	2227	1	7.37718193736084	7.43091929376393	7.70429560360626	0.0416554715779476	0.62397	0.35611	1.30997	1.23532	0.66402	0.39825	1.41965	1.14168	1.04702	1.28549	1.80798	1.57071	0.71577	0.60457	0.7128	0.60263	0.81646	0.81365	1.27177	1.18113	0.46756	0.12134	0.77163	0.61971
TCGA-CJ-4638-01A	TCGA-CJ-4638	431	1	10.432865886928	8.81018238345044	7.60951287798933	0.0763536408009729	2.35657	1.53396	2.03382	1.30542	0.68616	-0.15765	1.21059	0.1272	-0.37306	-0.16471	1.18495	0.13775	0.93639	0.29658	0.84183	0.23242	0.37663	-0.09008	2.18836	1.59692	1.57571	0.49582	1.49533	0.82072
TCGA-CJ-4639-01A	TCGA-CJ-4639	3229	0	8.27099872973847	6.72251693170252	7.5550348046	0.0356031960397691	-1.1064	-1.87789	-0.52383	-1.29233	-0.29239	-0.84249	-0.25961	-0.93127	-0.00167	0.06428	0.59746	0.05849	-0.41934	-0.82731	-0.50685	-0.85169	-1.04958	-1.22389	-0.77246	-1.26627	-1.06363	-2.07272	-1.3703	-1.92101
TCGA-CJ-4640-01A	TCGA-CJ-4640	3480	0	2.82905184618099	7.12841216555894	7.77959348292849	-0.0457915330782714	-0.412	0.07218	-0.0698	0.44556	-0.83844	-0.50794	-1.0404	-0.59673	-0.40267	-0.57903	-1.10813	-0.73735	-1.26325	-1.05163	-1.21649	-0.99518	-0.38959	-0.16386	-0.6196	-0.18444	-0.49363	0.01444	-0.41141	-0.06493
TCGA-CJ-4641-01A	TCGA-CJ-4641	1661	1	6.69492530029437	7.05527068352959	7.71655448929771	0.0280785848591745	0.92922	0.89205	1.24053	1.22932	-0.4762	-0.71446	-0.34314	-0.57343	0.23279	0.39819	0.70731	0.54412	-0.36561	-0.44155	-0.36551	-0.42607	0.26412	0.32651	0.6703	0.70665	0.38822	0.2301	0.53623	0.47669
TCGA-CJ-4643-01A	TCGA-CJ-4643	1793	0	8.38105448573558	6.322567660255	7.78277477652633	0.0479655177292369	-0.14996	-0.46932	-0.07508	-0.44531	-0.14272	-0.51032	-0.10797	-0.68176	-1.17967	-0.75861	-0.00747	-0.42756	-0.94541	-0.97195	-0.85565	-0.91526	-1.1477	-1.06935	-0.88937	-1.03905	-0.56738	-0.99391	-0.79096	-0.97552
TCGA-CJ-4644-01A	TCGA-CJ-4644	336	1	2.05472076255236	7.45332281153264	7.71930081899677	-0.0589554338422531	-0.36884	0.14073	-0.60354	-0.18734	-0.77673	-0.38927	-1.07289	-0.48808	0.4079	0.07421	-0.31759	0.04696	-0.71196	-0.54942	-0.69911	-0.51431	-0.79749	-0.6709	-1.0336	-0.67197	-0.44587	0.05186	-0.01139	0.37953
TCGA-CJ-4868-01A	TCGA-CJ-4868	646	1	4.66615017430808	8.67950300182855	7.66508609181561	-0.0228857215702446	0.53463	0.50497	1.00739	0.98889	0.75525	0.79706	0.62944	0.51342	1.07515	0.87352	0.92697	0.89041	1.78335	1.70423	1.80691	1.733	0.59562	0.45467	0.06442	-0.18025	-0.20469	-0.42439	0.24386	-0.06669
TCGA-CJ-4869-01A	TCGA-CJ-4869	2554	0	2.27295508046485	8.19312875840094	7.84321987992115	-0.0478589821380166	-0.22469	0.31499	-0.17524	0.29464	-0.504	-0.0721	-0.77839	-0.28937	0.4411	0.28838	-0.10559	0.35008	0.16811	0.48754	0.17908	0.5241	-0.61196	-0.49536	-0.38259	0.07867	-0.66949	-0.11194	-0.1962	0.17034
TCGA-CJ-4870-01A	TCGA-CJ-4870	1498	0	1.99327209774289	8.79089885792698	7.72298730101409	-0.0403439049690833	-0.83504	-0.56474	-1.07453	-0.89746	-0.54235	-0.1909	-0.76896	-0.10727	0.01747	-0.43867	-0.48546	-0.34536	-1.18343	-1.22344	-1.20853	-1.25744	-1.47821	-1.60756	-1.63639	-1.62608	-0.8496	-0.5955	-1.13075	-1.22815
TCGA-CJ-4871-01A	TCGA-CJ-4871	2423	0	2.9771753933687	7.48327142931177	7.78386974155717	-0.0492251811481348	-0.93935	-0.60618	-0.83789	-0.51772	0.24242	0.63044	-0.26721	0.09296	0.1031	-0.04542	-0.73191	-0.29317	-0.209	0.03131	-0.21421	0.07107	0.42254	0.63992	0.08274	0.3656	-0.63506	-0.22248	-0.16933	0.21367
TCGA-CJ-4872-01A	TCGA-CJ-4872	1435	0	5.2352674907138	7.92587154457315	7.78254347431982	0.000690885791593803	0.39114	0.4811	0.50766	0.59514	0.78749	0.87332	0.26226	0.40442	0.28256	0.34648	-0.2667	-0.02038	1.15568	1.28481	1.13388	1.27958	0.83746	0.91331	0.89721	1.06913	0.12623	0.20111	-0.07171	-0.10118
TCGA-CJ-4873-01A	TCGA-CJ-4873	1776	0	7.64929603721648	9.51090701465068	7.6443332134952	0.0613888278615434	2.37842	1.98513	2.00958	1.77825	1.10361	0.68765	1.37993	1.11778	0.77427	0.7698	1.67591	1.0625	1.13667	0.6637	1.05292	0.62555	0.87736	0.47559	1.67296	1.07835	1.06969	0.38438	1.48978	1.0033
TCGA-CJ-4874-01A	TCGA-CJ-4874	2283	0	2.43309661116467	7.46472090266623	7.76968812684853	-0.0470433540354244	-0.88852	-0.46773	-1.29922	-0.91634	-1.50113	-1.19522	-1.4237	-0.83898	-0.10967	-0.35092	-0.90848	-0.50825	-1.62627	-1.47603	-1.54399	-1.40645	-1.30703	-1.18692	-1.27708	-0.93089	-0.76517	-0.30175	-0.90273	-0.58055
TCGA-CJ-4875-01A	TCGA-CJ-4875	3554	1	6.11898060372066	10.8450747739609	7.7195202965569	0.0781935808535964	0.48484	-0.0329	-0.3883	-0.98383	0.67954	0.43452	0.80309	0.59803	-0.09412	-0.28243	0.99328	0.29124	0.92702	0.48822	0.90172	0.44746	0.33362	-0.19085	0.67966	0.12942	2.23495	2.02737	1.5518	1.06834
TCGA-CJ-4876-01A	TCGA-CJ-4876	1955	0	5.98751842679848	7.92405458123678	7.72654232156046	0.030312768399223	0.09081	-0.0614	-0.11331	-0.14133	-0.6654	-0.8548	-0.57147	-0.55601	0.20374	0.24651	0.38099	0.27083	0.08001	-0.01387	0.17221	0.12199	-0.21562	-0.28727	0.53894	0.49123	0.59945	0.5148	0.58799	0.56161
TCGA-CJ-4878-01A	TCGA-CJ-4878	2186	0	11.1107370789863	7.11418630138175	7.62450711760853	0.0776097343595311	0.62281	-0.33986	0.69058	-0.20503	0.00784	-0.89576	-0.02596	-1.41832	0.72655	1.22354	1.47757	0.957	-0.18912	-0.70883	-0.12518	-0.65949	-0.79589	-1.0765	-0.72056	-1.65422	1.37016	0.3868	1.46128	0.82624
TCGA-CJ-4881-01A	TCGA-CJ-4881	2014	0	6.61234622200473	8.85825283202221	7.72936102053159	0.0377083041983871	1.68749	1.55351	1.80429	1.90732	1.6646	1.54183	1.759	1.74105	0.84253	0.92614	1.03026	0.88834	1.02914	0.84467	0.90014	0.64988	1.22064	1.06487	1.55398	1.443	0.87655	0.60598	0.58254	0.31489
TCGA-CJ-4882-01A	TCGA-CJ-4882	1883	0	20.0480343623318	8.15324534012148	7.62198377550215	0.0258347613120923	1.56623	-0.93429	1.11158	-1.89143	1.54848	-0.56649	1.45432	-2.36384	0.67557	2.02351	0.51715	-0.16089	1.42325	0.27964	1.43806	0.38803	0.16541	-0.60036	0.53325	-1.64307	0.93935	-1.94569	0.98828	-0.73238
TCGA-CJ-4884-01A	TCGA-CJ-4884	1759	0	6.43218890582713	9.23068879309368	7.83488119313169	0.0245437004226061	0.73122	0.55239	1.32039	1.17666	-0.41435	-0.63395	-0.40983	-0.4712	-3.39985	-3.44444	-2.35594	-3.09083	-0.25048	-0.39404	-0.24277	-0.37211	-0.2203	-0.42964	0.14151	-0.11978	-0.12475	-0.39797	0.82649	0.6836
TCGA-CJ-4885-01A	TCGA-CJ-4885	3451	0	2.86283853210124	9.42924449912266	7.80120469168631	-0.0369932746010741	-0.73608	-0.59499	-0.67861	-0.64464	-0.64233	-0.40081	-0.83565	-0.45771	-0.40328	-0.70845	-0.91899	-0.77648	-0.71542	-0.735	-0.65513	-0.63018	-0.82031	-0.97999	-0.80906	-0.82137	0.0403	0.37198	0.27855	0.39669
TCGA-CJ-4886-01A	TCGA-CJ-4886	1952	0	4.7566053573122	6.74680255067415	7.74394878380512	-0.00609589618735645	-1.08095	-1.02378	-0.87954	-0.72115	-0.25471	-0.15835	-0.36211	-0.19726	-0.15667	-0.14878	-0.47879	-0.29616	-0.30938	-0.16445	-0.28764	-0.13974	-0.99348	-0.85613	-0.9	-0.7158	-0.52183	-0.39763	-0.72618	-0.60118
TCGA-CJ-4887-01A	TCGA-CJ-4887	932	1	6.07607065052704	9.01859629837017	7.74263620570707	0.0385854132826147	0.41246	0.16568	0.22324	0.00396	-0.50296	-0.73494	-0.46882	-0.89335	-0.33749	-0.37185	0.78447	0.24993	0.36575	0.16846	0.32387	0.14675	0.21047	-0.00208	0.32465	0.14533	0.76808	0.58093	0.40728	0.20137
TCGA-CJ-4888-01A	TCGA-CJ-4888	1567	1	4.55962191151883	10.1276409562617	7.85779314706066	-0.011133352131653	0.82624	0.89046	1.49522	1.62455	0.90372	1.03999	0.4888	0.42325	-0.01998	-0.07929	-0.31881	-0.22519	0.29039	0.23207	0.19766	0.18169	1.40989	1.25723	1.27417	1.28179	0.61135	0.75297	1.31317	1.34925
TCGA-CJ-4889-01A	TCGA-CJ-4889	1946	0	3.6494165749409	9.25587212493458	7.8065487437505	-0.0177646852519121	-0.93776	-0.93403	-0.76873	-0.72202	-0.5489	-0.40018	-0.28611	0.03611	-0.3396	-0.53677	-0.38318	-0.38175	-0.0808	-0.07417	-0.07403	-0.01669	-0.24843	-0.37157	-0.62362	-0.69326	-0.10556	0.08528	0.17124	0.21432
TCGA-CJ-4890-01A	TCGA-CJ-4890	3519	0	4.80033401789523	8.13435882754009	7.84842027877061	-0.0257872516391501	0.08366	0.2497	0.01807	0.11397	0.58688	0.75528	0.42541	0.44765	1.16017	1.3292	0.88352	1.26025	0.55422	0.74855	0.55718	0.78732	1.53009	1.69194	0.89216	1.07603	0.0119	0.24785	0.8468	1.04016
TCGA-CJ-4891-01A	TCGA-CJ-4891	819	1	5.31297750284435	9.52238393219575	7.79565338852923	-0.00251231506701629	1.30562	1.32388	1.33941	1.50619	1.59955	1.67311	2.12255	2.17678	1.81069	1.88182	2.44304	2.38129	1.70309	1.67752	1.70495	1.69019	2.22351	2.13593	2.08512	2.16821	0.57225	0.52553	1.37173	1.32076
TCGA-CJ-4892-01A	TCGA-CJ-4892	1521	0	8.55209727635775	7.37641136355152	7.77175524340204	0.0724713721756639	0.94478	0.61103	0.38963	-0.01254	-0.22617	-0.68719	0.08369	-0.40587	-0.92975	-0.57154	0.13197	-0.34586	-0.06917	-0.19983	-0.11333	-0.24135	-1.38879	-1.51451	-0.71456	-0.99443	1.01654	0.69866	0.01	-0.15161
TCGA-CJ-4893-01A	TCGA-CJ-4893	750	0	4.21939339104939	6.68020824597623	7.84233905686466	-0.0241942740558578	-0.27711	0.12284	-0.04664	0.34033	-1.31579	-1.15924	-1.20181	-0.88406	0.06259	0.19977	-0.39719	0.05053	-0.49639	-0.15836	-0.50972	-0.1507	-0.83392	-0.56726	-0.94728	-0.57212	-0.68036	-0.28222	-0.23589	0.15935
TCGA-CJ-4894-01A	TCGA-CJ-4894	841	1	6.52944078257486	7.59682491495713	7.80150060931011	0.0276180780686223	-0.00316	-0.13108	-0.25764	-0.32588	-0.31644	-0.48286	0.03728	-0.11633	-2.08061	-1.97047	-1.39399	-1.78279	-0.64029	-0.65759	-0.60158	-0.63776	-1.49599	-1.55373	-1.01074	-1.13907	-0.37342	-0.55449	-0.53249	-0.50772
TCGA-CJ-4895-01A	TCGA-CJ-4895	1200	1	4.72056867152814	7.79343980815926	7.71925789827679	-0.0012362457880474	1.36661	1.64131	1.39252	1.59877	0.66498	0.77535	0.39243	0.49616	0.60251	0.53456	0.88074	0.83173	0.56479	0.59784	0.54492	0.60559	0.81053	0.87273	0.7912	0.8129	0.09145	0.14845	0.5687	0.56501
TCGA-CJ-4897-01A	TCGA-CJ-4897	3341	0	2.6717466461085	7.23116398452288	7.94263849356653	-0.0401339260180036	-1.07346	-0.48789	-1.50468	-0.99843	-0.75709	-0.28383	-0.51656	0.15543	-1.29016	-1.26827	-1.56147	-1.14416	-1.08132	-0.59065	-1.11825	-0.62088	-1.02011	-0.70291	-1.11971	-0.51665	-0.83176	-0.05066	-0.95533	-0.3472
TCGA-CJ-4899-01A	TCGA-CJ-4899	1528	0	6.76625786187088	6.85430804160175	7.88676297630135	0.03229567647938	-0.70147	-0.77844	-0.6998	-0.70787	0.4296	0.39324	0.31556	0.13764	0.38266	0.86856	0.42189	0.72162	-0.34452	-0.11671	-0.32121	-0.10531	-0.77315	-0.59918	-0.77455	-0.74619	-0.58116	-0.57552	-0.68133	-0.65302
TCGA-CJ-4900-01A	TCGA-CJ-4900	1714	1	5.29967725880297	14.7227447091969	7.73480985103834	0.0408779138457522	1.91266	1.25129	1.28568	0.52726	0.39144	0.05397	0.9224	0.80669	-0.00719	-0.5347	0.64948	-0.20238	1.45178	0.61781	1.49398	0.73168	0.68505	-0.40159	1.77138	0.79864	1.80966	1.1694	2.39326	1.60294
TCGA-CJ-4901-01A	TCGA-CJ-4901	1450	0	6.51615930390364	8.42860429435952	7.77944845241018	0.00682661891672928	0.13858	-0.10362	0.96934	0.78316	1.62033	1.56574	1.57771	1.32322	1.24661	1.46166	1.05893	1.20789	0.64835	0.58145	0.58586	0.53935	1.20442	1.16534	1.03603	0.97727	0.78522	0.67337	1.24563	1.1968
TCGA-CJ-4902-01A	TCGA-CJ-4902	1520	0	8.28133569656523	6.66711890117289	7.91276367246103	0.054141487953092	1.08826	1.08544	0.85952	0.81601	0.59413	0.38164	0.52185	0.03721	-1.58221	-1.00092	-1.24083	-1.25384	0.21366	0.44873	0.24982	0.47451	0.20764	0.43402	0.16039	0.20182	1.0783	1.20031	0.57501	0.72306
TCGA-CJ-4903-01A	TCGA-CJ-4903	1560	0	6.61728437380383	7.39906171555216	7.87557929346357	0.027793761104795	-0.87374	-1.03895	-0.86713	-1.05368	0.25613	0.19047	-0.3442	-0.5859	-2.32282	-2.07809	-0.91393	-1.40728	-1.15718	-1.07076	-1.00257	-0.96346	-0.72554	-0.64085	-0.49911	-0.43389	0.66143	0.839	0.48669	0.66938
TCGA-CJ-4904-01A	TCGA-CJ-4904	3302	0	2.20180106520027	6.07596444029511	7.91373522737321	-0.0603594727868422	-1.14439	-0.36612	-1.34504	-0.59462	-0.9087	-0.34306	-0.82991	0.04596	0.54359	0.66501	-0.44472	0.47368	-0.90844	-0.26744	-0.86171	-0.22495	-0.80224	-0.28815	-1.05612	-0.22478	-0.89415	0.06427	-0.38115	0.30319
TCGA-CJ-4905-01A	TCGA-CJ-4905	1496	0	2.61177361154678	6.03718881226777	7.86114371064304	-0.0445370157212307	-0.19583	0.60336	0.17987	0.91838	-0.03021	0.51633	-0.09857	0.72316	0.48049	0.55444	-0.13342	0.55979	-0.8347	-0.29728	-0.8255	-0.33096	-0.59675	-0.12619	-0.94179	-0.27331	-1.06491	-0.31523	-1.39773	-1.01273
TCGA-CJ-4907-01A	TCGA-CJ-4907	1499	0	4.58192540631728	9.41250769023258	7.8499323706512	-0.00967685092767153	-0.45694	-0.50922	-0.37361	-0.51997	0.37694	0.49487	0.55972	0.5998	-0.0618	-0.08217	-0.19485	-0.10696	-0.59745	-0.6416	-0.61365	-0.619	-0.68881	-0.86705	-0.87494	-1.02438	-1.06406	-1.16905	-1.33767	-1.53658
TCGA-CJ-4908-01A	TCGA-CJ-4908	1531	0	7.13867590686711	6.09736839935768	7.84855148769879	0.0329446494691851	-0.09534	-0.08411	-0.22696	-0.15654	0.22877	0.13193	0.27178	0.00184	0.26853	0.77706	0.81601	0.93485	-0.31248	-0.06982	-0.29502	-0.0365	-0.02352	0.27299	-0.2191	-0.11624	-0.87162	-0.96361	-1.17827	-1.23606
TCGA-CJ-4912-01A	TCGA-CJ-4912	1657	0	7.91261834731444	9.19887320583129	7.69236561647974	0.0491781390725069	0.67338	0.06712	0.65612	0.0497	0.71284	0.2756	0.6473	0.14446	0.29585	0.39395	0.76511	0.33074	0.84964	0.45801	0.75143	0.36502	0.80427	0.47949	1.48918	1.00791	0.30233	-0.44295	0.24327	-0.46063
TCGA-CJ-4916-01A	TCGA-CJ-4916	1373	0	6.81164074880958	7.82217823693589	7.85914666474108	0.0465189942541513	0.63129	0.59094	0.2978	0.25734	-0.60925	-0.81148	-0.33611	-0.62895	-1.09432	-0.81261	-0.53319	-0.69999	-0.05435	0.01811	-0.03038	0.05033	0.26007	0.31641	0.53104	0.57916	0.10632	0.04898	0.44529	0.59557
TCGA-CJ-4918-01A	TCGA-CJ-4918	93	1	3.4890922911252	7.11935333285098	7.7982899346061	-0.0363551847344715	0.61228	1.16579	0.70913	1.18373	0.11394	0.44581	0.47828	1.02766	0.76005	0.75673	0.32985	0.75962	0.43559	0.7616	0.38811	0.7562	0.92621	1.22628	0.57263	1.06459	-1.09015	-0.7829	-0.73798	-0.51406
TCGA-CJ-4920-01A	TCGA-CJ-4920	139	1	6.08140771025879	6.73141713387322	7.72927339024622	0.0134171328586858	1.18814	1.35606	0.97198	1.0905	0.82509	0.81402	0.75425	0.96253	-0.44151	-0.3364	-0.66064	-0.61569	0.56084	0.65937	0.64026	0.70903	0.1239	0.26694	0.34922	0.35592	-0.49272	-0.63743	-0.35032	-0.3453
TCGA-CJ-4923-01A	TCGA-CJ-4923	572	1	6.3898738066482	7.50439554119061	7.76875423544722	0.0441446552264106	1.46088	1.55975	1.47521	1.61368	1.21315	1.18061	1.78374	2.15754	0.04217	0.21959	0.08475	0.09361	1.3233	1.42039	1.27578	1.34099	0.67679	0.75062	2.12131	2.52494	0.54586	0.5171	0.90096	0.9315
TCGA-CJ-5671-01A	TCGA-CJ-5671	3650	0	1.86040557490143	6.06757318347458	7.74548617662165	-0.0638953761772537	-0.56006	0.17185	0.11853	0.84051	0.9819	1.63939	0.64063	1.38446	0.74382	0.55675	-0.37023	0.32917	0.49455	0.98737	0.49887	1.00889	0.36209	0.81991	0.02579	0.75779	-1.11711	-0.47076	-0.78532	-0.42237
TCGA-CJ-5672-01A	TCGA-CJ-5672	1972	1	2.11380956559334	6.51784633318083	7.60292308599463	-0.0300340926431968	-0.66264	-0.21896	-0.46714	0.0904	-1.41548	-1.12888	-1.3135	-0.87532	-0.25259	-0.74968	-0.65345	-0.58558	0.35951	0.53062	0.26683	0.46742	-0.80572	-0.63093	-0.75991	-0.32083	-0.33796	0.06755	-0.00746	0.17242
TCGA-CJ-5675-01A	TCGA-CJ-5675	3650	0	2.26546889169969	6.00548483288081	7.7834736936221	-0.0327336819231148	-1.00461	-0.35894	-1.65546	-0.92444	-1.11517	-0.6675	-1.43028	-0.83606	0.15192	0.03985	-0.69045	-0.08533	-0.27394	0.20499	-0.25875	0.12611	-0.99018	-0.59276	-0.94352	-0.19473	0.23729	1.15477	0.06161	0.72276
TCGA-CJ-5676-01A	TCGA-CJ-5676	3650	0	2.01699430528622	6.90787390714787	7.67376524530153	-0.0423361643520339	-0.68055	-0.19266	-0.20469	0.34892	0.27287	0.75156	-0.20938	0.35666	0.48628	0.11621	-0.21257	0.12376	0.53945	0.79541	0.62571	0.89126	0.31396	0.56263	0.15361	0.62554	0.09669	0.69152	0.83108	1.33135
TCGA-CJ-5677-01A	TCGA-CJ-5677	782	1	1.97706040534415	6.24878573985061	7.66606119770693	-0.0539829005218829	0.08685	0.78181	0.6573	1.33839	0.48158	1.01202	0.02357	0.84019	0.57742	0.24412	-0.2007	0.2176	0.49402	0.82409	0.47836	0.83982	0.24881	0.59575	0.50412	1.31268	-0.10384	0.53493	1.30766	1.90518
TCGA-CJ-5678-01A	TCGA-CJ-5678	574	1	2.05127734662943	7.29756845928477	7.67191754209647	-0.0253793883711978	-0.73215	-0.31326	-0.73288	-0.07507	-0.54724	-0.1658	-0.83749	-0.48418	-0.57807	-1.04184	-1.12247	-0.99552	0.64919	0.85627	0.71498	0.91321	0.02524	0.18881	0.74818	1.3683	0.5456	1.16388	0.6443	1.09826
TCGA-CJ-5679-01A	TCGA-CJ-5679	679	1	2.68486721845983	6.89694521825191	7.69640472642698	-0.0445234241378382	0.13695	0.66541	0.44227	1.1639	0.42956	0.84238	-0.26495	0.06678	1.01645	0.78813	0.66385	0.97133	0.5321	0.78125	0.54532	0.80945	0.56813	0.82654	0.08245	0.48141	0.84801	1.51031	0.62183	1.09378
TCGA-CJ-5680-01A	TCGA-CJ-5680	768	1	2.60147719296733	6.44623402634217	7.76541410881767	-0.0369112817432134	0.50511	1.24763	0.72827	1.26645	-1.24082	-0.88804	-1.402	-0.79637	-0.71509	-0.90844	-1.25746	-0.92751	0.38776	0.80522	0.21747	0.60085	-0.59071	-0.26941	-0.24447	0.39751	-1.14432	-0.6543	-0.41546	0.12621
TCGA-CJ-5681-01A	TCGA-CJ-5681	552	1	4.42771397626231	4.99786677223124	7.75322125658475		0.10824	0.65593	-0.94235	-0.50785	0.3799	0.67433	1.20142	1.73421	0.43305	0.58706	-0.49887	0.1235	1.02505	1.53923	0.86309	1.34312	1.08867	1.66648	0.18641	0.83557	-0.44042	0.02008	-0.16534	0.38091
TCGA-CJ-5682-01A	TCGA-CJ-5682	3650	0	2.2843541036451	6.06063691586727	7.65126362775516	-0.032102651067762	-0.4746	0.08781	-0.24433	0.32036	-0.51369	-0.11519	-0.67449	0.05778	0.11492	-0.22603	-0.44847	-0.1694	0.1034	0.3842	0.18927	0.47535	-1.60798	-1.37506	-1.16505	-0.60208	0.73397	1.4745	0.22449	0.73483
TCGA-CJ-5683-01A	TCGA-CJ-5683	1889	0	2.89310457072548	6.76570587624577	7.72039600796767	-0.0175321374882879	-0.76849	-0.37138	-0.88045	-0.45043	-0.40773	-0.0736	-0.46804	-0.0295	0.31192	0.11238	-0.08155	0.20317	0.00912	0.26211	0.0585	0.29615	-0.52674	-0.30489	-0.45016	0.02464	0.28088	0.85981	0.07792	0.39937
TCGA-CJ-5684-01A	TCGA-CJ-5684	2231	0	2.6683654181609	6.88960043715783	7.75048559186393	-0.0277294722971695	-1.60678	-1.28329	-2.27442	-1.78045	-0.545	-0.17481	-0.70956	-0.144	0.08404	-0.11104	-0.67236	-0.25334	-0.71509	-0.46794	-0.63269	-0.40117	-1.27269	-1.08319	-0.98016	-0.51666	-0.60166	-0.10942	-0.71772	-0.28246
TCGA-CJ-5686-01A	TCGA-CJ-5686	2038	0	3.71652504977285	6.7603100592689	7.84588822061305	-0.0268555407736374	-0.3799	0.08403	-0.73391	-0.371	-0.57785	-0.28614	-0.56108	-0.26753	-1.67922	-1.70173	-2.18735	-1.90802	-0.36411	0.0129	-0.41178	-0.05296	0.56916	0.93682	0.18652	0.65589	-1.3601	-1.00393	-1.59072	-1.29289
TCGA-CJ-6027-01A	TCGA-CJ-6027	3615	1	2.87846027057003	7.9569457143104	7.79397630252584	-0.0458132964217109	0.08129	0.53852	0.47128	0.86611	0.30203	0.69275	-0.17096	0.13795	0.71766	0.57902	-0.09126	0.38911	0.99014	1.28041	0.98643	1.28938	0.97111	1.15933	1.03809	1.55383	0.4485	1.04476	0.65268	1.06314
TCGA-CJ-6028-01A	TCGA-CJ-6028	1625	1	3.45729411017457	9.41470340626164	7.68573195119572	-0.042002052194279	0.0797	0.11202	0.20865	0.05623	0.83139	1.03201	0.37786	0.42323	0.92406	0.56776	0.09513	0.26385	0.38859	0.22316	0.47113	0.38478	0.6832	0.49667	0.35765	0.30757	0.03548	0.02809	0.31796	0.1867
TCGA-CJ-6030-01A	TCGA-CJ-6030	2299	1	2.93758768196892	7.24177241856064	7.82385579070478	-0.0384313665365573	-0.22214	0.30958	-0.02193	0.39685	-0.8279	-0.48583	-1.00844	-0.49073	0.01151	-0.06115	-0.49295	-0.07269	0.06771	0.42926	0.11351	0.49159	-0.33721	-0.09262	-0.46224	-0.02487	0.12925	0.81016	0.17688	0.57204
TCGA-CJ-6031-01A	TCGA-CJ-6031	1906	0	2.09874424909119	8.29890569602386	7.81600087300667	-0.0618015341089472	-0.26792	0.24873	-0.31505	0.06729	-0.36576	0.0782	-0.33351	0.06125	0.49848	0.27709	-0.58103	-0.00665	0.10311	0.37056	0.13972	0.45287	-0.1036	0.01191	-0.43749	-0.10928	-0.6542	-0.12967	-0.39206	-0.10319
TCGA-CJ-6032-01A	TCGA-CJ-6032	3639	0	3.21507899702851	5.71416927428979	7.85621372552613	-0.0290528924553405	-1.21669	-0.64297	-1.63627	-0.98991	-1.2867	-0.92351	-1.19278	-0.49465	0.58259	0.74128	-0.20261	0.55272	-1.11519	-0.6046	-1.10004	-0.61863	-1.54836	-1.11568	-1.52239	-0.92766	-1.67607	-1.1231	-1.60308	-1.03941
TCGA-CJ-6033-01A	TCGA-CJ-6033	224	1	2.66953706876777	7.60267741699183	7.81890622596143	-0.0424744991163135	0.40283	1.02363	0.45822	1.02164	0.9951	1.5122	0.36464	0.9781	0.35044	0.23569	-0.42923	0.083	0.37351	0.7199	0.39406	0.75717	0.51294	0.76007	0.64057	1.11913	-0.04865	0.58833	0.50676	0.98609
TCGA-CW-5580-01A	TCGA-CW-5580	1964	1	3.75823813672788	6.62336121306967	7.89464705836402	-0.0284670416843107	-0.26467	0.2859	-0.20602	0.24818	-0.07644	0.29507	-0.4426	0.08748	-0.50083	-0.35356	-0.86746	-0.39956	-0.61859	-0.16492	-0.63473	-0.23478	-0.55845	-0.19996	-0.81724	-0.3852	-0.51624	0.11152	0.14799	0.66732
TCGA-CW-5581-01A	TCGA-CW-5581	2799	0	2.47954232250239	6.16196209238458	7.80347016477242	-0.0493578425209149	-0.93844	-0.31709	-1.03082	-0.43696	-0.16567	0.34005	-0.70347	-0.05229	-0.20129	-0.29026	-0.84533	-0.32857	-0.74502	-0.30353	-0.73572	-0.30415	-0.96794	-0.58618	-0.9968	-0.39552	-1.18636	-0.56712	-0.66013	0.12129
TCGA-CW-5583-01A	TCGA-CW-5583	2489	0	3.80120156825665	5.7901401049203	7.83297579008595	-0.0126141187671404	-1.67904	-1.3162	-1.45154	-1.08523	-0.45395	-0.12382	-0.33616	0.11861	-1.20665	-1.14187	-1.40703	-1.1057	-2.02305	-1.66811	-1.98714	-1.70267	-1.95076	-1.60108	-1.63209	-1.14213	-1.75541	-1.38392	-2.50384	-2.27566
TCGA-CW-5584-01A	TCGA-CW-5584	164	1	2.43786205891037	5.97361362244363	7.78185957846905	-0.0477605354108459	-0.67249	-0.00225	-0.7187	-0.07448	-0.09492	0.41687	-0.70325	0.0727	-0.17713	-0.29183	-0.97133	-0.4252	-0.33518	0.12914	-0.31746	0.10962	-0.35141	0.08348	-0.45391	0.12434	-0.92914	-0.26913	-0.44372	0.08789
TCGA-CW-5585-01A	TCGA-CW-5585	2609	0	3.06821690446623	5.1823893234007	7.84369854429814	-0.0194969445428559	-0.26568	0.53932	-0.47972	0.28172	-1.09831	-0.67964	-1.00382	-0.30171	-3.19533	-3.2668	-3.09386	-3.01343	-1.64228	-1.11118	-1.59747	-1.13117	-1.6838	-1.17781	-1.45103	-0.66496	-0.28241	0.6169	-0.87882	-0.21438
TCGA-CW-5587-01A	TCGA-CW-5587	2226	0	2.5628195079969	6.1182766440703	7.80191899340335	-0.0448686241708076	-0.4116	0.28177	-0.27402	0.35268	-1.25183	-0.85131	-1.26334	-0.75654	-0.22645	-0.30768	-0.96785	-0.42613	-1.14457	-0.73529	-1.12405	-0.71863	-1.28384	-0.92003	-1.1047	-0.44173	-1.51058	-0.96691	-1.5948	-1.05248
TCGA-CW-5588-01A	TCGA-CW-5588	2017	0	2.00692607085425	7.30864264453519	7.73898265651526	-0.0718204999759075	-0.04843	0.56218	0.02763	0.51273	0.1724	0.67076	-0.23847	0.25038	0.66692	0.38823	-0.36244	0.17391	-0.89417	-0.69039	-0.92159	-0.67924	-0.09794	0.11621	-0.48115	-0.08399	-1.64462	-1.31173	-1.28213	-0.96571
TCGA-CW-5589-01A	TCGA-CW-5589	2378	0	2.41687721732437	7.54090719595102	7.75412980308842	-0.0393291516928281	-1.43281	-1.12283	-2.08403	-1.74289	-0.73614	-0.37664	-0.95215	-0.4275	-0.00599	-0.27457	-0.75284	-0.38995	-1.27973	-1.13826	-1.19248	-1.08494	-1.29256	-1.19682	-1.13949	-0.83649	-0.90087	-0.50211	-0.99019	-0.69797
TCGA-CW-5590-01A	TCGA-CW-5590	1075	1	3.12946949234442	7.56309382666038	7.7972116330734	-0.0266348284545384	-0.27444	0.14116	0.14847	0.62606	0.31558	0.69357	-0.36938	0.12066	-1.23566	-1.43389	-1.7275	-1.53741	0.0171	0.27541	0.031	0.28763	0.07907	0.26667	-0.16419	0.14155	-0.30743	0.15578	-0.18415	0.17468
TCGA-CW-5591-01A	TCGA-CW-5591	2271	0	2.04200636888588	6.06465180450777	7.73101689274987	-0.0772993881221925	-1.04072	-0.43179	-0.58956	0.13948	-1.55445	-1.15367	-1.22812	-0.70476	0.89393	0.71074	-0.09673	0.55055	-0.79371	-0.43277	-0.85908	-0.49935	0.403	0.8437	-0.1639	0.51423	-0.96629	-0.35289	-0.30955	0.44599
TCGA-CW-6087-01A	TCGA-CW-6087	41	1	2.66262143421495	6.37628658557339	7.89251677108869	-0.0737444733373225	-0.03993	0.7657	0.63563	1.3702	0.34997	0.92769	0.50383	1.1506	0.85374	0.98435	-0.12629	0.74419	0.74217	1.40057	0.82139	1.46886	1.75528	2.34638	1.18432	2.30284	0.2072	1.20991	1.56777	2.4649
TCGA-CW-6088-01A	TCGA-CW-6088	3222	0	5.22601069211838	5.61152808275353	7.85490716899781	0.00554593700785141	-0.73008	-0.41477	-1.00243	-0.71625	-0.56356	-0.42371	-0.54863	-0.17693	-1.678	-1.44287	-1.83583	-1.60032	-1.26215	-0.88657	-1.1693	-0.8264	-1.59817	-1.23748	-1.40885	-1.02629	-1.41267	-1.17281	-1.44621	-1.08259
TCGA-CW-6090-01A	TCGA-CW-6090	2780	0	2.5466566137069	8.9801392581004	7.83984692156991	-0.0449441172142874	-0.13052	0.26597	0.50804	0.8727	-0.03551	0.35515	-0.12641	0.28912	0.81361	0.64891	0.09238	0.55752	1.19637	1.46412	1.34664	1.63837	1.80565	1.93433	1.50306	1.7685	0.24905	0.81878	0.13805	0.44008
TCGA-CW-6093-01A	TCGA-CW-6093	3146	0	4.07074385594978	6.17808174006422	7.79108120603403	-0.0225790480164693	-0.04086	0.42952	-0.34666	-0.06575	0.54069	0.86816	0.18419	0.4793	0.42309	0.51675	-0.03392	0.41561	-0.77539	-0.46593	-0.70839	-0.40631	-0.59506	-0.26962	-0.94846	-0.67311	-0.74769	-0.36742	-0.53877	-0.20816
TCGA-CW-6097-01A	TCGA-CW-6097	571	1	3.0727029919495	7.02615093777753	7.71523342583303	-0.0619442714053383	-0.41456	-0.03453	0.41282	0.75959	0.32559	0.68047	0.53964	0.99202	0.52927	0.334	0.2712	0.50055	0.08349	0.28685	0.10746	0.36306	0.53786	0.77339	0.08798	0.45631	-0.28685	0.10223	0.55033	0.88265
TCGA-CZ-4853-01A	TCGA-CZ-4853	774	0	4.95828464291703	7.32290015214617	7.90380347300706	0.00769840992477996	-1.78806	-1.76647	-1.61769	-1.62229	-0.81109	-0.70549	-0.93608	-0.79066	-0.43311	-0.192	0.36165	0.39136	-1.24912	-1.00119	-1.22061	-1.00443	-0.92965	-0.75141	-0.76608	-0.48832	-0.7246	-0.43963	-1.42618	-1.20106
TCGA-CZ-4854-01A	TCGA-CZ-4854	1404	1	7.23311487687739	8.46762989075166	7.81766803468718	0.0312044633673693	1.26826	1.11844	1.02879	0.77425	1.24657	1.08173	1.18542	1.22902	0.14381	0.42799	0.07408	0.09655	0.09471	-0.00409	0.0479	-0.04152	0.2833	0.18206	0.55135	0.25916	0.09564	-0.21362	0.32044	0.18102
TCGA-CZ-4856-01A	TCGA-CZ-4856	18	0	1.92417805127323	6.648284013662	7.89085716786204	-0.0608380101111194	-1.23725	-0.5301	-1.8411	-1.0515	-1.397	-0.87929	-1.39595	-0.42111	-0.12705	-0.15685	-0.96701	-0.25232	-1.65865	-1.16862	-1.6176	-1.13773	-1.51788	-1.15124	-1.4507	-0.76815	-1.91091	-1.22212	-1.72619	-1.13221
TCGA-CZ-4857-01A	TCGA-CZ-4857	1432	1	6.42937858683456	7.97352648360764	7.6877997891151	0.0160652159087274	2.13036	2.16826	1.64039	1.46393	2.34898	2.32681	1.66574	1.5224	1.43298	1.52822	2.30564	2.03634	1.54893	1.46462	1.5682	1.5026	0.5779	0.49672	0.88911	0.72702	0.30787	0.00038	0.44883	0.2183
TCGA-CZ-4858-01A	TCGA-CZ-4858	2105	1	4.24974824125371	10.0398726200859	7.68727238416106	-0.0232748935249186	1.70174	1.76774	1.24536	1.23398	2.20869	2.38381	2.23759	2.24895	1.53795	1.25902	1.61455	1.49467	1.84454	1.654	1.89183	1.72273	1.97568	1.73806	1.51769	1.3696	1.47565	1.51679	2.3717	2.23914
TCGA-CZ-4859-01A	TCGA-CZ-4859	1787	0	1.96656348088569	5.92519987283803	7.89286550347985	-0.0411850362443275	-0.29357	0.65407	-1.19668	-0.38697	-1.21237	-0.64659	-1.43993	-0.47843	0.14486	0.19276	-0.48403	0.26447	-1.88053	-1.31063	-1.8092	-1.3578	-1.89471	-1.43431	-1.88548	-1.11956	-1.72771	-0.9078	-2.24215	-1.53716
TCGA-CZ-4860-01A	TCGA-CZ-4860	206	1	2.06030132192015	9.82569951490411	7.80092987166878	-0.0643349913286716	0.42652	0.83349	0.83911	1.11889	2.07057	2.64312	1.23401	1.98714	0.99259	0.65984	0.32004	0.66502	-0.00672	0.02762	0.02085	0.10754	2.23517	2.23998	2.59551	3.15094	-0.36272	-0.01441	0.04881	0.25329
TCGA-CZ-4861-01A	TCGA-CZ-4861	446	1	3.60730395514762	8.62623475067188	7.80648720327825	-0.036046284198262	-0.19576	0.01644	0.18154	0.43128	0.90483	1.21773	0.49378	0.90535	0.68279	0.59031	-0.03733	0.34657	0.21088	0.32561	0.15863	0.30661	0.3101	0.32713	0.0317	0.11155	-0.32201	-0.07881	0.31022	0.4969
TCGA-CZ-4862-01A	TCGA-CZ-4862	3271	0	6.53553574045883	6.55883293082315	7.63499139811634	0.0203713151870155	-0.61611	-0.89562	-0.85831	-1.16798	-0.10212	-0.31884	0.09197	-0.1381	-1.04258	-1.07442	-1.05447	-1.30812	-0.84348	-1.01278	-0.77319	-0.94687	0.0898	0.15763	0.05522	-0.00031	-0.26677	-0.61574	-0.13939	-0.24707
TCGA-CZ-4863-01A	TCGA-CZ-4863	1928	0	5.15401654717184	6.40188437822624	7.81760140723525	0.00615468504085455	-0.10942	0.16423	-0.53942	-0.2485	-0.63443	-0.55751	-0.64958	-0.45141	-0.70954	-0.54372	-0.67693	-0.52145	-0.66154	-0.40261	-0.66203	-0.41311	-0.67218	-0.41054	-0.45557	-0.09751	-0.74712	-0.54736	-0.34319	-0.01686
TCGA-CZ-4864-01A	TCGA-CZ-4864	1315	1	7.47706616134799	6.5370435844937	7.87200707133979	0.0492285945052251	-0.35575	-0.47562	-0.28723	-0.45686	-0.68489	-0.91521	-0.44086	-0.61751	-0.32535	0.18955	0.30284	0.31748	-0.39245	-0.1983	-0.49237	-0.3594	-1.31212	-1.16362	-0.72728	-0.60368	0.57288	0.68411	0.46239	0.60215
TCGA-CZ-4865-01A	TCGA-CZ-4865	166	1	3.18844430284905	7.46218126132362	7.96016616989267	-0.0472438520135889	-0.54113	0.02773	-0.33764	0.1784	-0.78155	-0.38405	-0.71941	-0.26886	0.11841	0.29386	-0.73722	0.01158	-0.13708	0.38749	-0.10366	0.43729	0.1508	0.49889	-0.25064	0.29921	0.09171	0.95852	0.34337	1.07918
TCGA-CZ-4866-01A	TCGA-CZ-4866	3267	0	5.95048766918181	6.76703776586526	7.99947668570627	0.0154865087610551	1.31686	1.84002	0.82704	1.15608	-0.50096	-0.41415	-0.5189	-0.47285	-1.51889	-1.03756	-0.89223	-0.7561	-0.05048	0.45146	-0.20399	0.25782	0.47632	0.87695	0.57086	1.08532	-0.32279	0.12104	-0.56064	-0.171
TCGA-CZ-5451-01A	TCGA-CZ-5451	1929	0	2.63238570021032	7.15065216063441	7.68059121853219	-0.0366489347728524	-0.83929	-0.50723	-1.06016	-0.74478	-1.17378	-0.91689	-1.2188	-0.77071	-0.77023	-1.15954	-1.36627	-1.23891	-1.30843	-1.25292	-1.27331	-1.22546	-1.31683	-1.23209	-1.2438	-0.96493	-1.46593	-1.30931	-1.60282	-1.58186
TCGA-CZ-5452-01A	TCGA-CZ-5452	1789	0	3.49614842173352	7.79035537604827	7.77329523906121	-0.0175570200094364	0.22003	0.59071	0.89817	1.33095	-1.41419	-1.26816	-1.16329	-0.96051	-1.24959	-1.46763	-0.98218	-1.10132	0.92235	1.154	0.88346	1.08535	0.35306	0.48492	0.57458	0.96132	0.18689	0.59883	0.31907	0.64641
TCGA-CZ-5453-01A	TCGA-CZ-5453	2419	1	3.18357254405215	8.35770287628161	7.85124249973971	-0.0225520419584457	-0.93457	-0.6757	-1.18051	-0.97546	-0.4459	-0.14298	-0.5493	-0.20201	-0.35989	-0.46515	-0.83546	-0.5284	-0.37002	-0.16077	-0.40976	-0.19374	-1.18911	-1.16754	-1.35115	-1.23919	-0.87985	-0.54004	-1.76757	-1.62102
TCGA-CZ-5454-01A	TCGA-CZ-5454	722	1	1.9797646011799	8.28908766439447	7.91420171066558	-0.0508676330269499	1.23105	2.119	0.45895	1.0507	0.85581	1.49467	-0.10834	0.66169	0.79319	0.74498	-0.0175	0.68561	-0.68154	-0.30165	-0.61737	-0.26373	-0.67093	-0.49963	-0.76052	-0.39598	-0.04202	0.81973	-0.31447	0.16779
TCGA-CZ-5455-01A	TCGA-CZ-5455	561	1	3.62272547192628	6.21780043509435	7.94931747829027	-0.0258504192864719	-0.44446	0.22062	-0.60269	-0.03079	-0.68968	-0.29161	-0.928	-0.42186	0.04959	0.33921	-0.4783	0.23927	-1.12491	-0.55606	-1.03056	-0.53692	-0.54146	-0.06244	-0.57946	0.10001	-0.3042	0.55429	-0.44936	0.20913
TCGA-CZ-5456-01A	TCGA-CZ-5456	2422	0	2.26894034379176	10.6820749621331	7.77643469380765	-0.0611170731299905	0.1578	0.34192	0.53083	0.51724	0.83625	1.2103	-0.08896	0.07175	0.81071	0.38408	-0.11852	0.15639	0.342	0.2343	0.29608	0.23658	0.23595	-0.05705	-0.20488	-0.39262	0.3453	0.62565	0.7364	0.71629
TCGA-CZ-5457-01A	TCGA-CZ-5457	2754	0	2.3735486220812	8.42074807922921	7.87750199471249	-0.044256578183508	-0.57907	-0.10269	-0.01157	0.40637	-0.68941	-0.27483	-0.74708	-0.30078	0.46339	0.36406	-0.19406	0.33369	-0.71683	-0.44402	-0.5846	-0.36233	-0.13535	0.00029	-0.54305	-0.16931	0.08452	0.80633	-0.03453	0.35526
TCGA-CZ-5458-01A	TCGA-CZ-5458	2789	0	3.22619611951208	6.55280797871706	7.82970729259245	-0.0276157605569217	-1.46949	-1.08203	-2.15414	-1.60694	-0.90268	-0.56955	-0.95569	-0.59519	-0.56136	-0.57856	-1.26705	-0.78996	-0.86584	-0.49237	-0.88189	-0.54977	-0.22334	0.13388	-0.41514	0.15532	-0.76945	-0.21054	-1.81145	-1.48244
TCGA-CZ-5459-01A	TCGA-CZ-5459	1683	0	3.04104027232409	9.24566371739004	7.6866029095181	-0.0168879961585627	-0.911	-0.93768	-1.23566	-1.23504	-0.22141	-0.04285	-0.76431	-0.6398	0.39319	-0.02544	-0.36757	-0.24872	-0.4378	-0.61301	-0.43663	-0.61239	0.39957	0.24067	0.14235	-0.04149	-0.48075	-0.48558	-0.60008	-0.67531
TCGA-CZ-5460-01A	TCGA-CZ-5460	2873	0	3.74547204361817	7.8574640776162	7.81897167839434	-0.00187368285653283	-0.11761	0.20188	0.14256	0.40266	0.4553	0.7573	0.04854	0.23163	-0.23105	-0.28767	-0.31546	-0.14524	0.19228	0.41892	0.28054	0.45996	0.01951	0.14838	0.12265	0.38866	0.46841	0.96978	0.20228	0.49548
TCGA-CZ-5461-01A	TCGA-CZ-5461	330	1	2.16592434920917	7.14768492895262	7.89601188584917	-0.0610943895772568	-1.18489	-0.57293	-0.97013	-0.36052	-0.39326	0.15505	-0.5138	0.23089	0.64273	0.65767	-0.17446	0.57718	-0.24959	0.27158	-0.24192	0.25283	-0.41004	-0.05955	-0.5673	4e-04	-0.87251	-0.0858	-0.42242	0.19922
TCGA-CZ-5462-01A	TCGA-CZ-5462	311	1	3.06301467848239	6.29268568290807	7.84632627937878	-0.0457370096999608	-0.71649	-0.12849	-1.12951	-0.4099	-0.52093	-0.10585	-1.01607	-0.71439	0.08263	0.13535	-0.88062	-0.19218	-0.60779	-0.14215	-0.63539	-0.18856	-0.45867	-0.05277	-0.34865	0.26471	-0.36199	0.37528	-0.68981	-0.01928
TCGA-CZ-5463-01A	TCGA-CZ-5463	662	0	4.25505728297666	7.15787731711481	7.9825464839733	-0.0119726723686852	-1.68122	-1.40681	-1.53813	-1.28811	-1.35616	-1.13087	-1.19901	-0.92151	0.26458	0.62094	0.22837	0.7707	-1.22194	-0.77301	-1.23568	-0.79852	-1.17234	-0.88464	-1.03613	-0.63608	-0.1637	0.54047	0.63716	1.20146
TCGA-CZ-5464-01A	TCGA-CZ-5464	2128	0	3.05965787528256	7.89361943623986	7.85703809580726	-0.0206186800919723	-2.03171	-1.85308	-2.09049	-1.77221	0.59865	1.03788	0.22905	0.62188	0.28033	0.24546	-0.60518	-0.04272	0.06944	0.39101	0.1146	0.4135	0.36211	0.56896	0.24123	0.64265	-0.12335	0.46184	0.02182	0.47063
TCGA-CZ-5465-01A	TCGA-CZ-5465	2564	1	3.73973912870061	7.26893659384995	7.96054751672525	-0.00673864004967513	-0.29498	0.2439	-0.24712	0.1886	0.06636	0.46795	-0.25051	0.42164	-0.21431	0.01316	-0.87467	-0.22627	0.20855	0.74806	0.24764	0.72906	-0.60453	-0.29611	-0.4346	-0.03948	-0.24893	0.47607	-0.92715	-0.31047
TCGA-CZ-5466-01A	TCGA-CZ-5466	685	0	2.6191654977368	8.24371186151835	7.67411517583112	-0.0393233259784438	-1.3541	-1.25601	-1.28583	-0.94089	0.34425	0.67463	-0.07783	0.21777	0.18592	-0.23719	-0.34808	-0.23848	0.20524	0.21891	0.09633	0.1221	0.00681	-0.00702	-0.55769	-0.46838	-0.28437	-0.05915	0.03333	0.14899
TCGA-CZ-5467-01A	TCGA-CZ-5467	73	1	2.6923550288393	7.61798222116155	7.80988137066836	-0.0420593334456385	-0.63782	-0.19616	-0.44105	-0.09003	-0.01706	0.40158	-0.08501	0.59295	0.91433	0.82024	0.28748	0.80007	-0.86914	-0.63399	-0.85646	-0.64611	0.6905	0.93769	0.21453	0.50893	0.35314	1.04385	0.30679	0.68111
TCGA-CZ-5468-01A	TCGA-CZ-5468	59	1	3.04066868982982	6.33372972499756	7.81088452552604	-0.0402544794321651	0.98163	1.79149	1.46261	2.17269	2.25087	2.88198	2.01739	2.78716	1.33059	1.3946	0.98673	1.56515	1.68896	2.26382	1.61466	2.11774	1.48641	1.98026	0.84701	1.65057	0.82436	1.72016	1.64043	2.25589
TCGA-CZ-5469-01A	TCGA-CZ-5469	946	1	3.47269744167895	8.81419311120525	7.76665688326822	-0.0125390756244257	1.11815	1.48649	1.0791	1.31531	2.75351	3.20789	2.0874	2.91759	0.69896	0.51195	0.31174	0.51439	1.60387	1.74115	1.6141	1.73958	0.58475	0.55968	0.16196	0.18168	1.43749	1.94255	1.99781	2.31187
TCGA-CZ-5470-01A	TCGA-CZ-5470	386	0	3.66063702112115	8.04982462334693	7.86430931271533	-0.0159948398442769	0.04246	0.42875	0.09788	0.39544	-0.74757	-0.51462	-0.90079	-0.63002	-0.09048	-0.08446	-0.69526	-0.28489	-0.20236	0.04965	-0.12865	0.06283	0.39249	0.55693	0.6829	1.18535	0.01425	0.50678	0.55187	0.92754
TCGA-CZ-5982-01A	TCGA-CZ-5982	2439	0	3.41145410782104	5.59899044394394	7.76936352888262	-0.0327954472158714	-0.82447	-0.30974	-0.76802	-0.21596	-0.36266	-0.00474	-0.43522	0.06612	0.47097	0.50429	-0.09801	0.42979	-0.86926	-0.48128	-0.84974	-0.49692	-0.88348	-0.47331	-1.11241	-0.58362	-0.87029	-0.35403	-0.52857	-0.10334
TCGA-CZ-5984-01A	TCGA-CZ-5984	2067	0	3.37752487033293	7.12302367919015	7.83748927773822	-0.0311094661761368	-1.27815	-0.9551	-1.30964	-1.01705	0.15772	0.53773	-0.1385	0.13342	0.79204	0.84533	0.12146	0.7006	0.19007	0.56933	0.08748	0.46492	-0.18428	0.08288	-0.06344	0.43751	-0.48224	0.04113	-0.27612	0.17691
TCGA-CZ-5985-01A	TCGA-CZ-5985	1997	0	4.31864155865741	6.55152803270971	7.82033870376306	-0.026794435929675	-1.63391	-1.47136	-2.29688	-1.98008	-1.05969	-0.90466	-1.29265	-0.99316	0.06265	0.1823	-0.03906	0.26878	-0.18825	0.14695	-0.26068	0.07429	-0.49481	-0.20876	-0.53367	-0.22083	-0.65092	-0.29154	-0.32981	0.04989
TCGA-CZ-5986-01A	TCGA-CZ-5986	373	0	4.68540867723006	6.30236135440201	7.58172687037458	-0.00864954075909337	-2.42827	-2.69951	-1.60954	-1.85922	-0.77152	-0.80478	-1.00232	-0.93725	0.74025	0.55307	0.21452	0.32193	-1.73108	-1.89567	-1.54027	-1.70649	-0.7036	-0.61351	-0.67648	-0.80195	-0.01059	-0.03447	0.30793	0.46565
TCGA-CZ-5987-01A	TCGA-CZ-5987	445	1	3.67364169611929	7.44642970176239	7.53946305093463	-0.0209313038950285	0.202	0.31124	-0.03397	-0.01617	-0.58709	-0.54696	-1.14542	-1.00806	0.7644	0.31709	0.36698	0.29889	0.79594	0.66677	0.81699	0.68312	-0.24377	-0.30515	-0.41677	-0.43333	1.07671	1.21171	0.92187	0.80875
TCGA-CZ-5988-01A	TCGA-CZ-5988	693	0	2.94070921376666	6.38634275983068	7.58263457321106	-0.0536433604743802	-0.22074	0.14335	-0.27919	-0.00394	-0.17291	0.09411	-0.32101	-0.11005	0.7813	0.40955	0.17864	0.37303	0.10835	0.18903	0.16927	0.30312	-0.61704	-0.46109	-0.72097	-0.48846	0.59432	1.00414	0.85132	1.05658
TCGA-CZ-5989-01A	TCGA-CZ-5989	1905	0	6.89606386523054	4.6147443896436	7.63664985899376	-0.0210486318329828	-2.40188	-2.75686	-1.27767	-1.62161	-1.58584	-1.88351	-1.87178	-2.13954	0.65665	0.91277	-0.18355	0.17584	-1.42876	-1.40526	-1.39502	-1.35206	0.01722	0.38376	-0.2392	-0.02646	-1.68849	-2.11004	-1.19707	-1.02845
TCGA-DV-5565-01A	TCGA-DV-5565	1329	0	2.36711888748089	7.55449517382389	7.73797077201437	-0.0422807817558931	-0.36847	0.0955	-0.19067	0.22056	-0.00232	0.41565	0.15547	0.79054	0.66749	0.40674	-0.16024	0.27739	0.57423	0.82909	0.62108	0.90041	0.01892	0.18446	-0.4497	-0.07889	0.36083	0.9799	0.63497	0.77525
TCGA-DV-5566-01A	TCGA-DV-5566	1398	0	2.75071307036949	6.87020738601086	7.61785318556984	-0.0259288218032391	-1.52536	-1.35651	-2.11922	-1.71271	-0.94032	-0.7115	-0.92569	-0.49955	0.09265	-0.3171	-0.74432	-0.53269	-0.649	-0.6183	-0.5482	-0.55405	-0.09208	0.05723	-0.35854	-0.13989	-0.11206	0.19942	-0.3949	-0.26358
TCGA-DV-5567-01A	TCGA-DV-5567	2004	0	3.30226507186335	6.30693115756599	7.814829007779	-0.0396101744921323	-1.09369	-0.64479	-0.50218	0.05977	-1.12053	-0.8156	-0.88672	-0.64739	0.05176	0.07306	-0.7353	-0.16939	-0.1828	0.2447	-0.36332	0.06882	-0.12171	0.26598	-0.51438	-0.06976	-1.2142	-0.75152	-1.49864	-1.18222
TCGA-DV-5568-01A	TCGA-DV-5568	370	0	3.20176601524832	6.98540907796376	7.75197071368074	-0.0234198698409196	0.16942	0.66708	0.28164	0.75458	0.37914	0.74874	0.17638	0.56514	0.48643	0.36739	0.48828	0.69636	0.3057	0.58287	0.3531	0.6419	0.53512	0.80369	0.37672	0.86321	0.48117	1.07371	0.52208	0.86229
TCGA-DV-5569-01A	TCGA-DV-5569	355	0	3.09307526487858	7.06645331404915	7.76807758118926	-0.0364819052002404	-0.81927	-0.44935	-1.01085	-0.68628	-0.41862	-0.09501	-0.40741	-0.03075	0.72437	0.63002	0.02528	0.49971	0.06766	0.35015	0.1032	0.40398	0.25291	0.50878	-0.08109	0.17989	0.18164	0.75714	0.29433	0.62987
TCGA-DV-5573-01A	TCGA-DV-5573	1130	0	4.86343089957433	6.38391152439113	7.71193324048696	0.0161348707935946	-1.04585	-0.99001	-1.24733	-1.0703	-0.92491	-0.90693	-0.76721	-0.74059	-0.00957	-0.00917	-0.03967	0.04347	0.99073	1.22101	1.01025	1.20085	-0.17418	0.04245	-0.07866	0.22122	1.2174	1.6457	1.2412	1.50803
TCGA-DV-5574-01A	TCGA-DV-5574	2016	0	2.2349150169623	7.29555152562676	7.80676797013552	-0.0592071702200645	-0.12397	0.51691	-0.03338	0.5136	-0.27579	0.20055	-0.20826	0.41532	0.75851	0.62538	-0.17435	0.45422	0.19415	0.57721	0.22287	0.61874	0.70539	1.02259	-0.00669	0.53644	-0.09793	0.62889	-0.02425	0.32888
TCGA-DV-5575-01A	TCGA-DV-5575	1729	0	2.90932473469513	6.62611062824733	7.71626592887939	-0.0322164622028844	-0.82455	-0.42491	-0.8716	-0.45222	-0.30898	0.03547	-0.36696	0.12793	0.676	0.50381	-0.02724	0.39876	0.14201	0.41556	0.11559	0.37274	-1.00465	-0.79493	-1.01531	-0.67142	0.65624	1.31603	-0.02979	0.2649
TCGA-DV-5576-01A	TCGA-DV-5576	727	1	4.12517658443718	6.76272776633863	7.77340801989976	-0.0180797017277814	-0.17054	0.17015	0.10952	0.48766	-1.05554	-0.91696	-0.75094	-0.83617	0.45404	0.48235	0.01281	0.37566	0.07365	0.33613	-0.08698	0.18641	0.52201	0.80598	-0.18621	0.11899	-0.84248	-0.6063	-0.8374	-0.61776
TCGA-DV-A4VX-01A	TCGA-DV-A4VX	1626	1	5.30842233799925	8.20586818314397	7.60010803944473	0.0458839397295714	1.45024	1.44073	0.51642	0.51683	1.29979	1.27305	0.62957	0.60526	0.22261	-0.03989	-0.71694	-0.7049	1.74023	1.57048	1.57109	1.32728	1.7096	1.63369	2.76111	2.88096	2.07357	2.11241	0.48407	0.19957
TCGA-DV-A4VZ-01A	TCGA-DV-A4VZ	365	0	6.2430143136463	7.5509275939869	7.68103593042566	0.0384538495343668	1.52322	1.54781	1.58312	1.89711	-0.50227	-0.72846	0.60284	0.46383	1.72749	1.84093	1.97152	1.9612	1.03622	0.97114	0.83361	0.76126	1.52016	1.57019	1.32265	1.27159	1.87079	1.94628	2.19096	2.19975
TCGA-DV-A4W0-01A	TCGA-DV-A4W0	2470	0	6.14433095024367	7.54341461405647	7.6653116261616	0.029612443472281	-2.38524	-2.97149	-1.19385	-1.69061	0.48952	0.35265	-0.50575	-0.72203	-1.03395	-1.12701	-0.14267	-0.69211	0.07652	-0.07848	0.10564	-0.05034	-0.72554	-0.82768	-0.31683	-0.55067	0.80477	0.66158	0.91158	0.7821
TCGA-EU-5904-01A	TCGA-EU-5904	551	0	3.61493399600288	6.14460456931981	7.77680796518038	-0.02369911324621	-0.79874	-0.38035	-0.91769	-0.53494	-0.52454	-0.23236	-0.54082	-0.06664	0.02172	0.02122	-0.32467	0.03979	-0.64025	-0.30904	-0.59595	-0.27153	-0.85526	-0.53433	-1.05036	-0.62018	-0.52359	-0.03836	-0.50903	-0.12976
TCGA-EU-5905-01A	TCGA-EU-5905	119	0	2.85578001803314	6.61279514478775	7.55949589696933	-0.0497899965945866	-0.0588	0.28733	0.00803	0.27262	0.2984	0.59032	0.26327	0.57494	0.10082	-0.37764	-0.814	-0.66036	-0.70464	-0.74712	-0.78815	-0.76393	0.91961	1.12046	0.22949	0.55802	-1.28785	-1.30461	-1.70045	-1.71326
TCGA-EU-5906-01A	TCGA-EU-5906	206	0	3.12384333199003	6.67269003805672	7.92002457048746	-0.0350577716234236	-1.17529	-0.63441	-1.35014	-0.78826	-0.86608	-0.45561	-1.07198	-0.44844	0.01518	0.16734	-0.36116	0.23262	-1.19131	-0.70242	-1.13028	-0.7007	-1.26369	-0.90969	-1.33866	-0.82221	-2.06302	-1.57344	-2.1136	-1.71628
TCGA-EU-5907-01A	TCGA-EU-5907	127	0	2.99381219589634	5.96868718558423	7.58831329625277	-0.0407664628241977	0.20626	0.69119	-0.43567	-0.10258	0.19122	0.5075	-0.34634	-0.00777	0.82356	0.5003	0.27496	0.5032	-0.05372	0.07608	-0.06461	0.07721	-0.97167	-0.76761	-1.14421	-0.85567	-0.28563	0.01218	-0.43348	-0.24921
TCGA-G6-A5PC-01A	TCGA-G6-A5PC	242	1	2.80744793477291	9.91164727648578	7.61818541670569	-0.000219064824123183	0.98469	1.12368	0.58193	0.61306	-1.44409	-1.42134	-1.33254	-1.45704	-0.13874	-0.77965	-0.6931	-0.86928	1.47272	1.25485	1.40087	1.18887	-0.68287	-1.06949	0.03325	-0.04651	0.36064	0.33544	0.99287	0.87182
TCGA-G6-A8L6-01A	TCGA-G6-A8L6	313	1	3.86655636725983	8.60990444694681	7.52884367356014	0.0383483054248319	-0.08015	-0.21851	0.38021	0.42504	1.96188	2.12864	1.51894	1.94558	1.07231	0.56063	1.42273	1.03153	1.15404	0.86668	1.12871	0.82805	0.60901	0.39516	0.61981	0.43339	1.49714	1.49655	1.18207	0.97511
TCGA-G6-A8L7-01A	TCGA-G6-A8L7	2133	0	3.48071609366694	9.06286248658494	7.45536169802977		3.6992	4.0699	2.33894	2.8694	2.47238	2.6629	2.69773	3.02052	1.04285	0.33094	1.04265	0.60036	2.5652	2.22808	2.57808	2.19793	0.82662	0.50503	0.50723	0.27843	2.56727	2.63844	0.9338	0.5211
TCGA-G6-A8L8-01A	TCGA-G6-A8L8	1091	1	6.55405341528542	7.55487210595893	7.65989544466912	0.0785860192318901	1.85739	1.85517	1.14056	1.17932	1.17786	1.03706	1.08003	1.11125	0.3974	0.42529	1.59498	1.09135	0.42911	0.26239	0.37229	0.15384	-1.05943	-1.20673	-0.09068	-0.20188	1.45065	1.34396	0.49855	0.32976
TCGA-GK-A6C7-01A	TCGA-GK-A6C7	61	0	4.36328591854869	8.31011354653102	7.79481209902715	-0.0031453515228137	0.38285	0.58419	-0.03436	-0.11154	-0.08815	0.03699	-0.2864	-0.0184	0.33687	0.30555	-0.03676	0.18144	-1.2547	-1.27763	-1.15073	-1.18417	-0.90664	-0.95788	-1.03039	-1.11372	-1.58522	-1.70817	-2.3112	-2.63866
TCGA-MM-A563-01A	TCGA-MM-A563	591	0	4.6493194901049	7.53877359498801	7.61678237340632	0.0525166935019468	0.94567	1.08108	0.35836	0.42373	0.49699	0.5417	1.01212	1.18973	0.31567	0.06728	0.28836	0.1461	1.00647	0.94235	1.0248	0.93002	0.13193	0.10594	0.50591	0.73844	1.90502	2.15917	0.34579	0.20933
TCGA-MM-A564-01A	TCGA-MM-A564	607	0	4.09981337931752	10.9752322452888	7.61749929373285	0.048050822980573	0.941	0.70525	0.49774	0.12406	1.92916	2.00361	1.82349	1.86976	1.19581	0.69294	1.81258	1.28794	1.65829	1.22487	1.5277	1.07928	1.35009	0.86539	2.05421	1.9001	1.60598	1.43333	1.25925	1.02235
TCGA-MM-A84U-01A	TCGA-MM-A84U	700	0	4.10258806242153	10.1205554713265	7.64796755355844	0.0160489199291052	1.55053	1.56119	1.25982	1.20951	0.16392	0.15022	0.09455	0.13303	0.42636	-0.00907	0.25543	0.01253	0.8209	0.48839	0.81139	0.48705	0.7238	0.36478	0.99802	0.7945	-0.11377	-0.44276	-0.03064	-0.45145
TCGA-MW-A4EC-01A	TCGA-MW-A4EC	498	0	4.10987957002137	8.55363021212612	7.69503903099671	0.032311919329154	-0.96228	-1.07754	-1.3023	-1.48357	-0.84888	-0.83788	-0.61835	-0.50575	0.83467	0.62018	0.60128	0.64729	-0.05978	-0.17303	-0.17949	-0.31442	-1.47881	-1.68268	-1.37087	-1.59016	0.3542	0.42368	-1.07915	-1.25087
TCGA-T7-A92I-01A	TCGA-T7-A92I	356	0	4.48972795889596	6.22055217207283	7.82526773045005	-0.0124969316724788	-0.44822	-0.07932	-0.06963	0.27643	-0.32283	-0.10818	-0.35719	0.00784	1.38369	1.63525	1.36278	1.83025	-1.39686	-1.11138	-1.50588	-1.35337	0.80532	1.22572	-0.05997	0.41881	-0.30421	0.14582	-1.21228	-0.70273
