sample_barcode	lnc_axis	pc_axis	pct_noFeature	pct_multimapping	log10_assigned_reads	rin	plate	tss	lnc_axis_z	pc_axis_z	batch	patient	os_time	os_event	pct_tumor_nuclei_mean	pct_stromal_mean	pct_necrosis_mean	StromalScore	ImmuneScore	ESTIMATEScore	hypoxia_score	hypoxia_score_fpkm_ge1	hypoxia_score_TUBA1A	hypoxia_score_both_TUBA	prolif_score	lnc_fpkm_share	obs_mRNA_MEblack	res_mRNA_MEblack	obs_mRNA_MEblue	res_mRNA_MEblue	obs_mRNA_MEbrown	res_mRNA_MEbrown	obs_mRNA_MEgreen	res_mRNA_MEgreen	obs_mRNA_MEgreenyellow	res_mRNA_MEgreenyellow	obs_mRNA_MEmagenta	res_mRNA_MEmagenta	obs_mRNA_MEpink	res_mRNA_MEpink	obs_mRNA_MEpurple	res_mRNA_MEpurple	obs_mRNA_MEred	res_mRNA_MEred	obs_mRNA_MEsalmon	res_mRNA_MEsalmon	obs_mRNA_MEtan	res_mRNA_MEtan	obs_mRNA_MEturquoise	res_mRNA_MEturquoise	obs_mRNA_MEyellow	res_mRNA_MEyellow
TCGA-3Z-A93Z-01A	0.0033907284817585	0.00877963530040574	2.94071315022745	6.59992137014337	7.51257830389813	7	A37O	3Z	0.0765734302148876	0.197297764772199	387.37.0	TCGA-3Z-A93Z	385	0	92	10	18	766.185509226561	1323.71441367071	2089.89992289727	0.389023966669281	0.492362425109382	0.399216740991261	0.386764388064101	-0.309084464537987	0.0139498164843879	0.174982644459574	0.0747369853887024	0.987526571647203	1.0476375379451	2.01454308215366	1.67690414097139	0.701721314996888	0.728707833018321	-0.487138825896466	-0.387980911536708	-0.0897688165548337	0.0140374255727796	-0.630980610097111	-0.473860538267425	-0.280463983407674	-0.32490920968669	0.598175916307324	1.69062183229676	0.808277706811183	0.770387628846731	1.35116075213022	1.02552145983686	-0.490157142122835	-0.497885751893527	-0.52953188236942	-0.45451342934838
TCGA-6D-AA2E-01A	-0.00453013125383583	-0.0199646891905455	3.94556730464727	8.21056334175316	7.61285409022843	7.5	A37O	6D	-0.102304767632109	-0.448650589334192	387.37.0	TCGA-6D-AA2E	362	0	70	30	10	182.172869770923	792.554538006497	974.72740777742	-0.605933091284856	-0.612938097740227	-0.571047697770358	-0.576992530913425	-1.33324146531001	0.0128100775664026	-0.0718676669993856	-0.0432186335414363	-1.23082749519617	-1.11678969503584	1.49046495176264	1.13643529309764	0.595139814595159	0.798094480317426	1.35324771210219	1.87357207648036	0.553948565697662	0.978173533594628	-0.477670457626704	0.0362354484682578	-1.44789381171899	-1.47173458540827	0.58301225053661	1.38221878357128	0.85091514659597	1.00445762156994	-1.01212471692091	-1.51290204025793	-0.695055841026838	-0.395618350324405	-0.965125310248384	-0.893460259073941
TCGA-A3-3306-01A	0.00911304274921509	0.0165349287451406	4.64877349478718	9.38940435153163	7.60680607797258	8.8	0864	A3	0.205801480937337	0.371576309318118	32.77.0	TCGA-A3-3306	1120	0	90	5	0	182.789945178884	1334.91042454311	1517.700369722	0.539021043090716	0.634031345014183	0.522506400161218	0.546908201388465	0.124870443462691	0.0167426666938639	-1.81196915294278	-1.69921575756725	-1.32895364692569	-1.03601575238595	0.116453826223748	-0.576626952040166	0.977982522754505	1.35737954331453	-0.459678603483083	0.143802565027398	-0.463956019624265	0.0860419015693367	-0.371451489586126	0.556942672970438	0.14020329790883	0.0937121922214575	-0.168672008929589	-0.242960960268047	-0.588921642339584	-0.391400794181399	1.90829043081966	1.52383618534695	0.734683944761387	1.79031943412466	-0.51460224941098	-0.463746639371094
TCGA-A3-3307-01A	0.0376204633436024	0.0544170374978055	5.68710222395167	7.07151993599898	7.63611921144802	9.3	0864	A3	0.849589679619249	1.22287082509518	32.77.0	TCGA-A3-3307	1436	0	90	5	0	686.905051513065	1730.90774028918	2417.81279180225	0.171544203429035	0.247720519826441	0.153812640788811	0.154284656972059	-0.253216688711533	0.0171882602706065	-0.731156299383831	-0.806566495102498	0.670499193616467	0.575204948387563	-0.39677662785034	-0.656666984732191	1.03969815680806	1.0213235179991	0.36992838937993	0.407095759565126	1.25857581657384	1.33884734378196	0.260653389068389	0.194201387408247	-0.471370076555064	-0.519281911279282	0.327895301481569	0.109062536902711	0.372358214603111	0.260254835635528	-0.463037005835225	-0.542207570166744	1.06959273309177	1.25865958353502	0.205960349983891	0.152288351223281
TCGA-A3-3308-01A	0.0258268578703604	0.0107368808870584	7.65003801250083	6.16329563847062	7.67671184961007	8.5	1325	A3	0.583252569306347	0.241281388936973	32.77.0	TCGA-A3-3308	16	0	80	10	0	1328.3276176812	1351.60630780951	2679.9339254907	0.438565725074556	0.433708007782091	0.437069747599326	0.442894738356522	0.676973306273282	0.0165270620020361	1.29114217075683	1.16223907900131	0.820348900684251	0.437606862451771	-0.66453631905032	-0.65404019615077	-0.550061199624258	-0.848871446212527	0.789591788354634	0.513142904243136	0.765188293747741	0.372299296336337	1.00694868438117	0.401015372454597	0.665156848317707	0.593052512195718	0.800781604272345	-0.0153675747022114	-0.0976701642268901	-0.518010253362091	-0.641773009424494	-0.342952453735761	0.630511285802609	0.238089382375565	-0.230095414060871	-0.411222689270592
TCGA-A3-3311-01A	-0.00915391042994105	0.0233491340683731	5.22114946682492	7.26074739006204	7.81311776101216	9.2	1325	A3	-0.206724403110241	0.52470652862352	32.77.0	TCGA-A3-3311	1191	1	83.75	6.25	0	1043.32564233812	1774.3715798465	2817.69722218462	0.128619593675626	0.113246710952593	0.101555147571828	0.12277180049828	0.378174405719297	0.0106564151650272	-0.275382367278715	-0.336322157226414	-0.265295207316047	-0.428198242933195	-0.792470875973358	-0.613922328704322	0.55489502545897	0.447328974336807	0.420854238438965	0.225370250190062	-0.550755554981922	-0.870775671309022	0.607030379750902	0.447889084595904	0.312702274644712	0.337133903389126	-0.446181204822736	-0.660798481416397	-0.236363238166311	-0.321152216275514	-0.897632101406915	-0.779509551434679	0.95516897971379	0.840101985146761	0.425331130606349	0.416095026877691
TCGA-A3-3313-01A	0.00773823685567091	0.0157479304940472	6.13156827124828	11.0605829505812	7.8091825900654	8.5	1325	A3	0.174753992554037	0.353890723242216	32.77.0	TCGA-A3-3313	735	1	83.75	6.25	13.75	25.2259945731566	248.040856835453	273.26685140861	-1.08750446277681	-1.25493790911717	-1.0695404635299	-1.07137588295731	0.504135941413211	0.010401221723389	-0.472105246560487	-0.205243705715171	-1.55166261027621	-1.11440222091366	-1.06363148594333	-1.51535545202252	-0.00279711947508099	0.436599954045972	2.10848055852459	3.05327663416417	1.07064356639578	1.9338966439955	1.05727585074362	2.5115283656468	0.0846984394657813	0.0756739592189782	0.313203236727903	0.249468607482635	-1.25179868543927	-0.895041293367845	-1.83058416101288	-2.27449065019802	0.746826627514963	1.95788816136862	-1.66879399579312	-1.64499901815024
TCGA-A3-3316-01A	0.0273306205913847	-0.00894632232566681	7.52816316437414	8.73878963342998	7.5459324831093	8.7	0864	A3	0.617212312882863	-0.201043589783748	32.77.0	TCGA-A3-3316	1493	0	85	17.5	0	1626.90870000154	1545.46580921545	3172.37450921699	-0.00144579433759019	-0.060410763840338	0.00543625387745735	-0.00520210398993443	0.0466558190284859	0.0145165029431383	0.846835114950506	0.933615117323614	0.213665341118757	0.343076799741334	-1.71860987039563	-2.62801230508285	-0.896506973415358	-0.72836853256629	0.320931116348657	0.854057552243169	0.0551723520825123	0.407853697737043	0.176317104912857	0.652564036865021	0.132712933562121	0.00615254032896718	0.245244033307001	-1.08092315249901	0.479426469828393	0.422511638153086	-0.386243476542405	-0.695850469764973	0.386991212417494	1.13746059745317	-0.0638674244409335	-0.181465085298593
TCGA-A3-3317-01A	0.0538761049570536	0.0173619220585617	9.07413499307496	6.99718774601212	7.76555805261023	9	1325	A3	1.21669375338462	0.390160672635806	32.77.0	TCGA-A3-3317	1491	0	80	13.75	0	1197.74180899433	1586.076392853	2783.81820184733	0.106000475421758	0.0264672083571662	0.0916880048933518	0.0881231563788417	0.349116498295906	0.0184743488912355	1.65659039178698	1.5978006431898	0.199360898211886	-0.187783280049221	-0.921133253319592	-0.78647040625084	0.116886834216487	-0.0923037362270399	1.24375200111292	1.04435834038446	-0.111418208300704	-0.622285384208924	1.58713428536917	1.08088458542674	0.512079714727302	0.447950595484617	0.794109232067115	-0.560968212594905	0.139157898310162	-0.218280601248875	-1.55640606239662	-1.18623262863951	1.09915307283022	0.895479513634954	0.40328341758106	0.180962970959762
TCGA-A3-3319-01A	0.00193649877921314	-0.059983225053462	6.39916634559323	6.7631400152661	7.85289004968544	9.4	1325	A3	0.0437322996898852	-1.34795533321628	32.77.0	TCGA-A3-3319	1130	0	83.75	6.25	7.5	166.824172042429	1609.47678037234	1776.30095241477	0.813445171224016	0.748953461802254	0.765484028722141	0.806637359568571	1.29337508376331	0.0139828302279006	-1.32582617537	-1.44189753571889	-2.29795075086957	-2.78385260396433	-0.554113883920156	-0.13425678513419	-0.0799286596271601	-0.332538315408205	-0.894168305508316	-1.48975603240875	-1.69433893905676	-2.40546589660631	-0.332205911674538	-1.32429520167231	2.01925366069973	2.03984312359495	-0.230853253637969	-0.831941869350029	-1.18145270328729	-1.4248154536181	-1.7443150493539	-1.44570796923268	-0.49349441620994	-1.25804204156553	0.0981199683764325	0.0159787384784255
TCGA-A3-3320-01A	0.0769150400615964	0.0819354727206566	10.8281083143773	5.87469665709431	7.75799962773393	7	1325	A3	1.73698616221179	1.84127074419503	32.77.0	TCGA-A3-3320	1508	0	90	8.75	0	662.249488002524	1245.83269294561	1908.08218094813	-0.168470571476447	-0.171351830524243	-0.160741058673175	-0.168246838848775	-0.894234770272406	0.0229406242700955	-0.563444160226665	-0.747180643185783	0.518272297296803	-0.180977621149549	-1.15091560330888	-0.851634359619834	1.37634650167353	1.00672457473986	0.670161135871977	0.0583487862906379	1.48650708612418	0.785173749125425	1.70702817585099	0.496914393364227	-1.52100605907014	-1.63506967890799	0.924047769427618	-1.25448107377645	1.54220873849176	0.974171964429903	-1.54710287053547	-0.860394958179863	1.41460854006961	0.832643117152623	-0.466008454515437	-0.8327483241087
TCGA-A3-3322-01A	0.0639732259994535	0.0451701764134911	9.47773211592264	7.15649645038994	7.66522714547512	7.2	1325	A3	1.44471885113898	1.01507346670036	32.77.0	TCGA-A3-3322	1478	0	83.75	6.25	0	851.098584640693	998.636491108422	1849.73507574911	-0.0840450108552847	-0.0973278614771979	-0.0945021238790406	-0.0915671537648439	-0.0674245285214691	0.0156703667590599	0.0783814581425609	0.0150316338584568	-0.0662717141107851	-0.429272876679975	-1.01192769904304	-1.20289786268317	0.918903347348627	0.813265077404061	-0.136158941090098	-0.321348368128361	0.958206425413923	0.742450252170643	1.33220782222776	0.948062681920888	-0.341403045250016	-0.465527406156457	0.991350133280898	-0.609242358000601	0.0512473932239943	-0.347167932349853	-0.275538151789698	0.0505306286687226	0.64029104089025	0.58140671242536	-0.696469236676438	-0.959769722279465
TCGA-A3-3323-01A	0.0542192579685901	0.0175258783129981	9.41207139313535	6.88250466475001	7.64934197679879	7.6	1325	A3	1.22444323946801	0.393845131205426	32.77.0	TCGA-A3-3323	1106	0	85	5	2.5	1163.80970610904	2017.03675993125	3180.84646604029	-0.259959227953469	-0.238112204000754	-0.279138637313546	-0.268384812417416	-0.425500786687945	0.020003781897383	0.360682002370856	0.289146727049547	0.789061333152293	0.449499062578431	-1.30457947066322	-1.52878021035868	-0.26661223413108	-0.449384803207245	0.594341688217611	0.457812598817293	0.974949605947593	0.713699916895621	1.39345763217671	0.978371525144987	-0.426702766740659	-0.547365067513092	0.860503597466079	-0.827063030745483	-1.40826480793344	-1.89048879011052	-0.264511118744165	0.0628410352573825	0.743996128548927	0.645881856118559	0.713125623150506	0.46133053243306
TCGA-A3-3324-01A	0.0280296073956976	0.0319752780676288	6.98931136698631	7.93185066889924	7.80316596566039	9	1325	A3	0.632997657409601	0.718555005402233	32.77.0	TCGA-A3-3324	1186	0	83.75	17.5	7.5	780.721490509261	1714.32042708505	2495.04191759432	-0.0528183467462706	0.000539812800534006	-0.0608001380148108	-0.0574315885925059	-0.711236104231605	0.012356562680165	-0.409658239101041	-0.408889923563378	-0.0120830496956769	-0.1261421735534	-0.908251964193271	-0.844102696548742	0.264961708402967	0.218110176160449	0.208919185902306	0.12471010615902	-0.536574921968889	-0.766105169298188	0.86447431576335	0.793682380984734	-0.726414239503269	-0.73792631783393	0.28330007120798	-0.30765028930445	-0.329885312110191	-0.439303544162787	-0.845952185242816	-0.677565687661595	0.882604748842703	0.960879571442185	0.143466050210836	0.0566234293098148
TCGA-A3-3325-01A	0.0602994505915702	0.0235790275454454	5.98895972897623	8.64752786177721	7.92271978151455	8.3	0864	A3	1.36175332136149	0.529872741980921	32.77.0	TCGA-A3-3325	1170	1	80	5	0	1054.33247490073	1562.90947348165	2617.24194838238	0.326730822950431	0.360112863353302	0.31502716368399	0.322705109314157	0.299386843622228	0.0176857266824427	0.292710468212723	0.358404978231695	0.454360539615637	0.540249260647926	0.157792178448297	0.568115844242622	0.736042712993091	0.793965565707037	0.0074009576784042	-0.0752437114388316	1.40354468198771	1.57533433568095	0.151596272523453	0.0383145772880523	0.00472827315005637	0.0659172179116692	1.02742759740508	1.71060719181272	0.639673703394718	0.790256474726853	0.482792826758472	0.749488248014617	0.153726450142033	0.118035835514514	-0.0395884553470442	-0.0401739151744583
TCGA-A3-3326-01A	0.0747193108635217	0.0362160575263711	8.07319272204872	7.82257352950314	7.36441393177551	8.5	0864	A3	1.68739961541983	0.813854670988917	32.77.0	TCGA-A3-3326	1137	0	85	5	0	658.893941163021	2364.22949037192	3023.12343153494	-0.0891996692729384	-0.054289509571138	-0.0876979549130767	-0.0913514919755284	0.0771016156487625	0.0174713542038132	-0.995156346999478	-0.997445000341934	0.308519818160552	0.30186681618327	-0.48022908171164	-1.6205987701528	1.01052354598362	1.21706027206402	-0.114805454050286	0.426207309347221	0.843111707178686	1.23872567352539	0.965497547838953	1.63263195638967	-0.111930192100879	-0.319175498889836	1.28166045235281	0.0521845870704952	-0.807625873498807	-1.11062263005399	-0.306149921295045	-0.720481207824179	0.251083715076281	0.987653380625915	1.0694068817655	0.897408791976128
TCGA-A3-3328-01A			5.1918743598568	8.04768610375152	7.86310471217128	9	0864	A3			32.77.0	TCGA-A3-3328	1385	0	90	5	11	-1233.25257879857	-328.398301159021	-1561.65087995759	-0.773021731839119	-0.979750664990789	-0.848109420558056	-0.827911755299434	0.541484147713078	0.0180051891104659																										
TCGA-A3-3329-01A	0.0217145815394146	0.0343348231305074	4.81261653268025	7.86737866914106	7.73307602302797	8.5	0864	A3	0.490384294436782	0.77157918588997	32.77.0	TCGA-A3-3329	1624	0	85	10	0	711.174227770545	1758.79949086829	2469.97371863884	0.142870253999516	0.169387376193786	0.125795208475167	0.135037951303314	-0.450856868707458	0.0144060734321323	-1.0619147289631	-1.07521773565052	-0.0247886930784996	0.00118134587930459	-0.126666402663438	-0.217622559937463	0.965540719491159	1.04032645489472	-0.330858858651425	-0.313220523961155	1.084201804385	1.29370240056854	-0.199283356722268	-0.142508975663822	-0.839722828456589	-0.836669348377884	0.100131700953595	0.347503612115156	0.678466359915347	0.734745699010124	0.61109584664097	0.578670139627787	0.410855584837231	0.57868747832852	0.08163737979085	0.101889871419525
TCGA-A3-3331-01A	0.0426709915688286	0.0639213715553182	8.09228954563304	6.28271178134819	7.82364140688587	8.7	1325	A3	0.963646665509818	1.43645416893965	32.77.0	TCGA-A3-3331	1257	0	88.75	6.25	1	950.285237559865	1709.85854694268	2660.14378450255	-0.334477714019155	-0.387751246948479	-0.325321686086487	-0.320052116309221	-0.0038011206074198	0.0157376955410961	-0.625044701482276	-0.774126053873331	0.520856468288313	0.0445527654495384	-1.27938211874393	-0.907544855409266	1.02805113349317	0.722706181071084	0.475952803860261	-0.0700250967188298	1.26781608328602	0.738640339477504	1.07171698014803	0.140237665859719	-0.27045194694895	-0.307666249666974	0.406354994830035	-0.6396654557331	1.74572575737673	1.45123748197146	-1.65507375942108	-1.17547519061374	1.00384542202978	0.430034800670759	0.239898880288014	0.0470489813098122
TCGA-A3-3335-01A	0.0152730063375721	-0.0254989905604681	5.68926323004781	8.86594883628518	7.80355881468826	7.5	0864	A3	0.344913044867302	-0.573018544551077	32.77.0	TCGA-A3-3335	1886	0	80	5	5	175.750398218486	1107.73418879554	1283.48458701402	0.543828557011516	0.640298182815023	0.539741655696117	0.546612928917878	-0.533457446660447	0.0124332592098738	-1.37764240019784	-1.31150102978531	-1.77229563956292	-1.75217824255166	0.0907243067528627	0.0699361977085328	0.464198507363049	0.607657785592483	-1.3132559446245	-1.32334772667879	-1.32078538150643	-1.32852025369457	-1.1285580613477	-1.29508371983098	-0.68413176393508	-0.675114988175968	-0.258972640751219	-0.558860975555952	0.0718757755970084	0.18741112693522	0.115556807075461	0.0925315909080092	-0.426553125499103	-0.27378301868407	-0.90402569152499	-0.912352559730291
TCGA-A3-3343-01A	0.0338922950393678	0.0352115114992291	5.02174653257312	7.58833196613101	7.76596163814035	8.4	0864	A3	0.765395785295512	0.791280306680555	32.77.0	TCGA-A3-3343	945	0	80	7.5	0	497.753970695913	2096.732520495	2594.48649119091	0.00104854416544793	0.0832625970198048	0.0042402181315213	0.00377573279305108	-0.830852332406595	0.0150412686705986	-1.32035894253886	-1.36027733624595	-0.099335134413523	-0.150757940599438	-0.229856895187302	-0.172571730133337	1.13392482706584	1.14737954222476	-0.176113740996736	-0.272874685609833	0.903072828428598	0.961851665558179	0.337703126445533	0.349121767211273	-1.06987510021632	-1.0619279996823	0.552538717213597	1.06935645872898	-0.366242168484604	-0.404524116985698	0.310093169996523	0.382844264254648	0.384202866744298	0.366065549732538	0.455183376493809	0.466328920108994
TCGA-A3-3346-01A	-0.00997224773539743	-0.110414568062962	3.55126752666128	8.07200173921266	7.75823395494157	9.5	1766	A3	-0.225205061437417	-2.48125881448669	32.77.0	TCGA-A3-3346	137	1	80	7.5	19	173.524157590972	2050.58231571301	2224.10647330398	1.3349108076702	1.37227469939792	1.3037792188856	1.33540364837891	1.58483368476046	0.0139678645501765	-0.992904721396593	-0.978930542339655	-2.35981507979284	-2.37787546592651	1.50294067017686	1.61441666804112	-1.55052542137502	-1.53520805010494	-1.36273392340715	-1.41669570661999	-1.66693574017769	-1.69711295399046	-1.41591128743658	-1.54757363400869	2.94826809220432	2.99427548911866	0.550879576532069	1.79663422571354	-0.769824047524796	-0.650020463196922	0.718637740396725	0.581390237909443	-1.31823190631677	-1.49741158114724	0.413050909305621	0.522828092061134
TCGA-A3-3347-01A	0.0335890847169352	-0.0384572399551808	8.0338341074529	6.14862483770758	7.70131812047504	7.8	1325	A3	0.758548332133121	-0.864218982093097	50.77.0	TCGA-A3-3347	1610	1	73.75	8.75	0	1735.28120168042	2389.17474282488	4124.45594450529	0.35502574050045	0.325286614969369	0.324774975875616	0.343561198100207	1.48075842146492	0.0162270258562597	2.02732284440261	1.90529442506129	-0.174414412077271	-0.656038749888435	-0.582156921498028	-0.48311812180279	-1.01252085448159	-1.3434258735018	0.918425984039181	0.605380715937454	-0.376933652959745	-0.986078828593568	0.999906526376354	0.264542026924994	2.36158341084034	2.29717227363525	1.01395581663032	0.204130756094889	-0.777277307813988	-1.22453743053934	-1.35004761156685	-1.04031228684579	0.604413807106369	0.136584482954273	1.71343937150192	1.54648490804802
TCGA-A3-3349-01A	0.0340058509533658	0.0400602703279742	5.25929718930168	6.50425038024196	7.6938267900117	9	1188	A3	0.767960238893845	0.900242609338693	50.77.0	TCGA-A3-3349	1385	0	70	5	0	1448.48999612292	1507.22534005147	2955.71533617439	-0.0295024898139131	-0.0107258684863738	-0.0271212148025025	-0.0142635872065476	-0.197277752093614	0.0174557873733112	1.45652946294779	1.36196483232537	2.06121514760654	1.97589097251439	-0.156921005185064	-0.122065103926976	0.0521640916191293	-0.120151961249723	0.962334637747911	0.851749457378284	0.477921186818439	0.256519566661444	0.915268994431085	0.789685413815575	-0.226269808919241	-0.242465395454203	0.980629624519724	1.51992187236268	-0.365465976122994	-0.580812688917049	-0.164447497269857	-0.0746367773922565	0.620655761825167	0.400753309469215	-0.0096685231655435	-0.0372949927800528
TCGA-A3-3351-01A	0.0891628095566513	0.0326650887400421	11.22993411917	6.26273529004473	7.67575679133727	7	1325	A3	2.01357974018865	0.734056572281311	50.77.0	TCGA-A3-3351	910	0	73.75	12.5	0	946.495172035939	2466.73512260272	3413.23029463866	-0.133076329928321	-0.14221684906414	-0.141290495779661	-0.140576575788787	-0.121245948942899	0.0249282183002132	-0.151063095223294	-0.288460304049094	0.404475228112018	-0.206085263453588	-0.895430380524741	-0.862966363746837	0.20014633725273	-0.121424148174898	0.854333999809406	0.496448118230101	-0.0995498503132856	-0.838611130480367	1.79475670852465	0.883995646509227	-0.0939342473714398	-0.236571556344391	1.46418723071202	-0.674195537647063	-0.107089365314525	-0.733317900519821	-1.20661384884358	-0.654588647330685	1.13767333404385	0.784041712708649	1.69423254943899	1.33571899282714
TCGA-A3-3352-01A	0.0579633770726751	0.0474121558066601	6.58812157013499	7.8244034084559	7.93569847955745	8.4	0864	A3	1.30899735356923	1.06545568735104	32.77.0	TCGA-A3-3352	561	1	85	17.5	0	626.358832379905	1669.77297683845	2296.13180921836	-0.100957023655124	-0.0835419582406213	-0.120759238689169	-0.134976731561665	-0.339963478999949	0.0184142021077096	-0.960124492245419	-0.981791180749372	0.236749948299081	0.0956015164033385	-0.403439090519901	0.119586963549349	1.35420727060704	1.29053057861071	-0.0857016374652488	-0.442044338386504	1.42145354234609	1.30346119489092	0.609923779030962	0.183399690397629	-0.61069314349373	-0.562917994250337	0.583895113531732	0.644204435252902	-0.889755197021434	-0.963129037527467	0.589808511685407	1.07380666248773	0.666094368199397	0.40390603706718	-0.062017252590191	-0.121204966301562
TCGA-A3-3357-01A	0.0162059889379691	0.0121210177941309	6.5513851924603	8.70626652745749	7.86603425780133	8.8	1420	A3	0.365982758478271	0.272385997335853	68.74.0	TCGA-A3-3357	2688	0	82.5	5	0	389.150007661978	1858.8993547313	2248.04936239327	0.260110764657958	0.300280771655524	0.239048422738702	0.228794909530219	0.108539725415963	0.0134628332888556	-1.64348515548962	-1.59604578360447	-1.42284389049819	-1.4865484176457	-1.36739742979587	-1.30514849925463	1.09398540332899	1.18703104837451	-0.413215495747781	-0.47615848518216	0.161685744059026	0.200844664165751	0.0628186291504737	-0.0204265266310959	-0.271235929766097	-0.268074396033376	-0.36692288212644	-1.05278384709543	-1.09053532746964	-1.0827669306107	-1.44191471905564	-1.37097361649316	0.337797919541728	0.457322754909987	0.137519505252562	0.0931144211137305
TCGA-A3-3358-01A	0.028023681137716	0.0013023696805346	5.65486611240063	8.17074054479446	7.86997624834548	7.2	1541	A3	0.632863823661357	0.0292671185174042	90.68.0	TCGA-A3-3358	1307	0	60	5	0	1064.91185580367	2352.60713000669	3417.51898581036	0.28891335246188	0.357022899752053	0.262739310004954	0.275997391371154	0.208951734175178	0.0131524215564672	-0.815912370157826	-0.806065277342748	-0.463436399584689	-0.50455957330205	-0.07001675688074	0.210160369955452	0.40193666046625	0.396558677651033	-0.278865029001773	-0.430100972343625	0.355641797824512	0.337726225472201	-0.409885222061452	-0.736169416087087	0.16057359618924	0.198961936336084	0.0817059606603001	0.158919288536887	-0.426072578720082	-0.395674475763142	0.774888639953853	1.01332661350512	0.229629103114275	0.160519918271567	0.897371934594043	0.902478944012803
TCGA-A3-3359-01A	0.0678716343720781	0.0615621762727868	7.93184673968684	7.03831276330824	7.65247165139952	8.6	0864	A3	1.5327573074991	1.38343784878759	32.77.0	TCGA-A3-3359	2504	0	80	15	0	806.389262600182	1988.03841520916	2794.42767780935	0.051407313333826	0.0378416119380312	0.0506279316171314	0.0408949872686792	-0.181667752425795	0.0209476381158015	-0.634887122362008	-0.709025229416058	0.687882971146246	0.447242370283154	-0.465984644084125	-0.637152413969682	1.47635106447193	1.4172086172771	0.44117070676165	0.370317389815394	1.3018431904607	1.20820024580686	1.09542256656612	0.885370668353618	-0.533875179431901	-0.628616979939993	1.01312884149214	0.183497501640919	0.731370354529052	0.468728594967065	-1.33498758739669	-1.24860811026744	0.870145245716075	0.888567337483	0.65098071285599	0.481761656165715
TCGA-A3-3362-01A	0.0425594021454841	0.0463012137574871	7.01890655957003	6.95120585497821	7.64931108871569	8	1325	A3	0.961126621523059	1.04049036981864	50.77.0	TCGA-A3-3362	1559	0	72.5	6.25	0	990.947282618427	1117.63594068089	2108.58322329932	0.296458612722146	0.29300683637373	0.28901754091335	0.282157889155227	-0.0537124840356172	0.016623824440531	0.447601510057947	0.37604450985673	0.732987481883351	0.538653565300888	0.107099794862156	-0.0231427997382028	1.36542789627928	1.30652539833471	0.625234063177218	0.591356249340432	1.12943831917248	1.0522787176405	0.708988791226838	0.488128945403175	-0.485470924429713	-0.563745958047587	0.699936654938054	0.0932210640984449	-0.277848134992945	-0.548625470646623	-0.164680998597328	-0.058764730103931	0.561830020675023	0.51011332951796	-0.508598314058524	-0.636851880199991
TCGA-A3-3363-01A	0.0263397303652354	-0.0153617994266598	5.04540723907198	6.90636420444344	7.80862179809056	8.5	0864	A3	0.594834860960404	-0.34521350671807	32.77.0	TCGA-A3-3363	319	0	85	5	0	-59.4243689884651	1075.21972461479	1015.79535562633	-0.519000261220687	-0.575412176252491	-0.524419887357888	-0.495511529116299	-0.243032311093216	0.0177517174478862	-1.20213143583433	-1.30066237279674	-2.10455207786438	-2.45051992047027	1.24607758881027	1.6797884815932	0.609513399196139	0.475089743365876	1.41558053728666	1.28794120320943	1.23337198300513	1.11772369830389	-0.84885436185513	-1.63433293021501	-0.223718140870093	-0.171014793229907	0.696922525395487	1.36981141229244	-0.986128253899738	-1.10753842771697	-0.0189827334534183	0.182505240171911	0.529813914381123	0.222428659216924	-0.283918742047207	-0.280730833374373
TCGA-A3-3365-01A	0.0286306871717786	0.0485568798638341	6.55975200830524	8.67207334870574	7.6996229093593	8.8	0864	A3	0.646571949935508	1.09118016109438	32.77.0	TCGA-A3-3365	873	0	85	5	0	1186.28807467844	1519.08000940677	2705.3680840852	-0.012896935616258	-0.00164872745701815	-0.000180973626142089	0.00275794109401939	-0.439086663236873	0.016598706060858	1.20210484335034	1.28162860056606	1.52114711771043	1.72739216428053	-0.935201859197888	-1.31065355147959	-0.166971889090968	-0.0553925673409732	1.08755840498449	1.48803877792475	1.53207946065717	1.93160112996065	-0.187363454828976	-0.0244711955605577	-0.61346392201112	-0.652358370233515	0.131491714779246	-0.517901992206141	1.93418356712238	2.04656359413942	0.0648380634493927	-0.0364404527262254	1.24577974606421	1.90517901307519	-0.246787215692772	-0.300823036325352
TCGA-A3-3367-01A	0.0388776124856666	0.0435831517675753	7.06529588697907	8.20034832730251	7.87395421514333	8.6	1420	A3	0.877980104454928	0.9794095234312	68.74.0	TCGA-A3-3367	2270	0	82.5	12.5	0	653.164966955488	1480.85353085748	2134.01849781296	-0.0879711806059153	-0.069326985689192	-0.102775929735145	-0.0987126327643529	-0.100505419978531	0.0160187033378748	-0.846348847393804	-0.833783852826408	-0.169890859825877	-0.278909636532309	-0.961259956668885	-0.739590049167707	0.810011514197844	0.794711853052703	-0.154097192358904	-0.343525939090212	1.25784379872117	1.25070710662752	0.831185003747446	0.697050600975466	-0.495086140641067	-0.489235880178932	0.207588191652384	-0.330028596168919	-1.19027926221337	-1.28493329052073	0.653017680195785	1.02530555949835	0.761641925017877	0.766415800575262	-0.236956514523768	-0.324111086689249
TCGA-A3-3370-01A	0.0571439312024957	0.0538060768114961	9.36337932588041	6.32959188296082	7.90051979320522	7	1420	A3	1.29049166032584	1.20914119127236	68.74.0	TCGA-A3-3370	2274	0	80	7.5	0	1193.70283407434	2105.8356639131	3299.53849798743	-0.0996859899497107	-0.0902555323585116	-0.112735256945713	-0.111886701286311	0.0101647366090645	0.0183033941602529	0.454811890856201	0.320897300163062	0.549738151562174	-0.0144012974137644	-1.06455401940621	-0.425953963008225	1.04059600313847	0.676047911057588	0.667421165595631	-0.00642010847196471	1.17291780144479	0.486203423428869	1.51809968199853	0.377325595338467	-0.155175926684657	-0.181815405287669	0.879624353063685	-0.321280713152932	-0.00956905568317577	-0.462247642859298	-1.34974228855221	-0.608856515378681	0.854695457667078	0.0676735241844257	0.850028490240879	0.602324055221994
TCGA-A3-3372-01A	0.0625576597622533	0.0499330889786	10.2669892342155	6.35447435501073	7.79006361734826	7.9	1325	A3	1.41275086459511	1.12210661451892	32.77.0	TCGA-A3-3372	735	0	81.25	13.75	0	886.743835692859	1616.7734339348	2503.51726962766	-0.279669822503019	-0.30982617820975	-0.294302429309662	-0.303215125051328	-0.162711814652613	0.0199147962836146	0.0191976712470253	-0.114672063586713	0.943760247249	0.397855228726039	-1.44442293354026	-1.16024620581466	-0.0322908030052338	-0.396328481010351	0.87343385535089	0.388240652831547	1.04892318068206	0.414938789266461	1.88883455078648	0.95953866821933	-0.311931119500763	-0.404094702018271	0.952282794179619	-0.839649672779188	0.270765844182141	-0.247125312556295	-0.854521703157566	-0.180809603038147	1.29914716130463	0.821355283877904	0.135565348625365	-0.175208445198167
TCGA-A3-3373-01A	-0.03070408480393	0.0566354478423987	4.3972907865591	7.54780696345973	7.88855136715777	9.2	1420	A3	-0.693395861005768	1.27272339725334	68.74.0	TCGA-A3-3373	1621	0	82.5	12.5	0	980.881371315188	1272.95625619942	2253.83762751461	-0.267721384931804	-0.328161153601577	-0.278464715499007	-0.272695552330465	-0.104385594050896	0.00960097504335066	0.0482608140615101	0.0103532118832503	-0.139436818279048	-0.226698733423871	-1.33668784330557	-1.04782310008694	1.3147616122416	1.24711020780059	0.374064448828941	0.147164754744994	1.09624764682551	1.03205808791396	0.545296576629144	0.458504944516315	-0.698751140932643	-0.637675428460447	-1.13400094265744	-1.28065909824851	0.607032092158755	0.662670224989774	-1.87242529719948	-1.83109651251302	0.816517788621602	0.643995653267836	-0.687447508031107	-0.650844153879268
TCGA-A3-3374-01A	-0.0629228735965182		3.46716613325437	11.2412834825725	7.78872221720606	8.2	1325	A3	-1.42099855419988		32.77.0	TCGA-A3-3374	1314	0	81.25	6.25	0	290.55063736217	1924.26602019557	2214.81665755774	-1.10258340498989	-1.26231502865733	-1.12939737719149	-1.12049154759018	-0.921384784522694	0.00673094362976739																										
TCGA-A3-3376-01A	0.0189301069180977	0.0514353111292928	7.10999115829494	5.80870089538033	7.93784558546662	8.6	1420	A3	0.427502004024089	1.15586485872632	68.74.0	TCGA-A3-3376	1696	1	80	10	0	1488.9548943636	1805.31178785561	3294.26668221921	-0.352311151441983	-0.420278757047766	-0.354883669945811	-0.349901449512971	-0.002774406207761	0.0165882215717886	1.84136119823856	1.6827315326804	2.2570393609273	1.84720401958272	-1.19488405873413	-0.410697665500632	-0.458111723440073	-0.948805507820623	1.73255380192915	1.0679930192247	1.10317993216399	0.369121743933512	1.85380869908741	0.926491908473667	-0.202656361041499	-0.175956130126659	0.527253936334899	0.263420286837428	-0.251704640235167	-0.627387513695897	-0.861017060602278	-0.145040583527825	1.13448261346246	0.230103032283338	0.445744834631963	0.318813765151467
TCGA-A3-3378-01A	0.0264060155237971	-0.015176694642759	7.99980855547593	6.92460401324588	7.79441961374566	8.7	1325	A3	0.596331790599777	-0.34105379405773	32.77.0	TCGA-A3-3378	630	0	82.5	10	0	1011.64454896261	2637.84613785925	3649.49068682186	-0.02347793158301	-0.0222634227784175	-0.00701164418537086	0.00935239112623446	0.640290730460949	0.0145006701366364	-0.755713115337198	-0.847745069008957	-1.13045792623061	-1.56894189622774	-1.53008837607301	-1.37837567554138	-0.635064803551468	-0.889733998214727	0.658467371037483	0.347408541244	-0.781764599071944	-1.35876420750474	0.998841935067008	0.404667895315666	0.731128726145423	0.6935510848471	0.509154409923377	-0.459920742898056	-0.889628498706363	-1.22010963988885	-3.28900601665575	-3.09773795657508	0.682033499979397	0.330275095589789	1.72271199429677	1.57346705133611
TCGA-A3-3380-01A	0.05907669166168	0.0313029184140558	7.15258420895166	9.2790270373233	7.8069086445735	8.3	0864	A3	1.33413953686318	0.703445601396939	32.77.0	TCGA-A3-3380	567	0	80	22.5	0	904.238599186678	1393.99821817825	2298.23681736493	-0.219653418176984	-0.196792191837484	-0.220746129645722	-0.227793433521502	-0.757995933999919	0.0172573159237258	0.330038078758577	0.452203145264005	0.939138764017088	1.14974097239421	-0.325334360696471	-0.400794589969059	0.392451125598194	0.561521646341899	0.0189502046438726	0.234835942294258	0.940174771149414	1.27087124463238	-0.19799757415004	-0.113446015896235	-0.84914970558874	-0.867563855695653	0.690064968010098	0.342494991658263	-0.612002857277419	-0.550163897014514	1.14393179442036	1.28711281409214	0.211972105139018	0.608256374854873	-0.553124658584964	-0.619892569504541
TCGA-A3-3382-01A	0.0266024671899487	-0.00734785387755302	8.13962740907259	6.68328960944451	7.72801854780068	9.1	1325	A3	0.600768293855519	-0.165122479044995	32.77.0	TCGA-A3-3382	574	0	75	12.5	15	694.27158984114	1572.36050924915	2266.63209909029	0.0895804381601739	0.150228734224913	0.0652455050315789	0.0604129744959077	-0.323331436719309	0.0215403238757893	-0.401331461249999	-0.510305571733573	-0.525333715684753	-0.959155818549709	-0.946680498320527	-0.886363462118055	-0.394522606391026	-0.626938217585149	0.454201699249175	0.173583489423794	-0.321573181244553	-0.825433207380903	0.996013007486301	0.39692511227426	-0.285973629294521	-0.336552082054732	0.334710147707503	-0.946792024127852	-0.935664746758571	-1.3565033740066	1.34540993451733	1.85473906279056	0.989316715142814	0.755834330271844	0.0299095655014361	-0.164159006092161
TCGA-A3-3383-01A	0.0222289795105571	-0.0302720608427516	3.0802611082902	8.46005490674638	7.62529491416692	9	1325	A3	0.502001036195336	-0.680279958672871	32.77.0	TCGA-A3-3383	861	0	85	8.75	0	550.974506672553	2122.9002781045	2673.87478477705	0.59761614288239	0.718857570938263	0.602957507258555	0.589223139682829	0.0858868911638991	0.0150092795725754	-1.27217559013506	-1.22834059748327	-0.239450287416805	0.0477077175069494	2.70240913355112	2.46623217231375	0.752533778317046	1.02029583372714	-1.90623957450505	-1.71514061155799	-0.162281618472915	0.282951509661054	-2.0018780113449	-1.80689541927186	0.312107907751553	0.299884496546827	0.338509303756096	1.44463905778108	-0.264590374062297	-0.0705214711600965	2.6477622124932	2.3407583519442	-1.69489730988307	-1.54012176774998	0.20424880527831	0.332087362273958
TCGA-A3-3385-01A	0.0328142936393571	0.0597626683026313	7.38223844878313	8.84235660515246	7.84230912955709	9	1420	A3	0.741051086090206	1.34299893668551	68.74.0	TCGA-A3-3385	1993	0	85	6	0	27.3973507446457	462.103167236291	489.500517980936	0.00898684244063056	-0.0257294746547638	-0.00385699000215555	-0.0140060271606379	0.685420241333005	0.0142969103621584	-2.05762383316979	-2.00294595104347	-1.38606047034909	-1.46755445126883	-1.0097918595264	-0.989049918083165	2.15776512879257	2.31416268243833	0.310389272585418	0.411070961517539	1.01102572976163	1.14214735986913	0.709257558415734	0.808895214344194	-0.0800043155664839	-0.109088016361096	0.0591670651472198	-0.788994314618015	-1.89069876653749	-1.95094113512252	0.272856623379592	0.48689124716733	0.686307577227035	0.9586128837385	-1.81201801807589	-1.92108978551818
TCGA-A3-3387-01A	0.0143199712825213	0.00264416116365102	5.31471195063122	6.20770095622831	7.81188729070319	8.7	1541	A3	0.323390483071843	0.059420131866035	90.68.0	TCGA-A3-3387	617	0	62.5	7.5	0	1355.90715912392	1912.57818968157	3268.48534880549	0.306631946610796	0.331058037330827	0.287203510100388	0.303207514740964	0.656803692049236	0.0166128555346224	1.09359018031768	0.960986745210932	0.198944162873848	-0.13330029271042	-0.080388428555804	0.339081080528205	-0.168828429034455	-0.46694103981785	0.444229287521312	-0.00444673460623491	-0.526819382537592	-1.09714222568754	0.743457383334116	0.176529791950747	1.19933341963974	1.2293217460959	0.211004136486532	0.38866450967735	-0.816286950692764	-1.05960448251178	0.247754405344695	0.618450090236049	0.864678857551437	0.351482936388385	0.796871859637159	0.768675725448973
TCGA-A3-A6NI-01A	0.0164484106010698	-0.00669433851651448	4.77471760438108	6.99938179503517	7.76811875344732	8.1	A33J	A3	0.371457410430463	-0.150436547845638	340.41.0	TCGA-A3-A6NI	1018	0	90	40	0	540.453448514965	1446.92992365675	1987.38337217172	0.673339409566854	0.729719828641386	0.666134435769084	0.684207553092313	-0.142366365371216	0.0150804988259462	-0.442380371595655	-0.520000360849075	-0.156079323349615	-0.305807300630028	1.49013178273941	1.81752841150494	0.568531582528097	0.468813581211231	-0.648858048882809	-0.954180051884638	-1.07568459082449	-1.43218534801982	0.219681997453024	-0.0212378150580339	0.15037375338826	0.189048321649139	0.930074388615668	1.81508245421772	0.112169778007985	0.04206314062157	0.622611075761817	0.781255343499501	-0.332434355850749	-0.741873197516552	-0.114434791231401	-0.101693417669685
TCGA-A3-A6NJ-01A	0.0036238350615154	0.0289361996298154	4.36881362614117	7.27577359140273	7.71859263206856	8.9	A33J	A3	0.0818377179671138	0.650260211571759	340.41.0	TCGA-A3-A6NJ	468	0	85	15	0	753.832431114089	2301.24772599734	3055.08015711142	0.21404025216587	0.305450921150038	0.19283473475709	0.200303849743652	-0.586243020663514	0.01286180102869	-0.716461259615868	-0.778761385255745	0.451910876381971	0.439155104883523	0.560765724406139	0.59265597271982	0.93852207490569	0.926658716128816	0.0981422306546564	0.0572030294833321	0.794258875342201	0.852723051910389	0.520602429434142	0.687414510672165	-0.843680711886637	-0.829558098557757	0.506935144664106	1.21297996742657	1.8173259954379	1.88012904051254	-0.261441569819108	-0.332527628546557	0.166679390604331	0.09243887956312	1.02450304475388	1.06863729693246
TCGA-A3-A6NL-01A	0.0315307741151217	0.0276153244690197	5.51951482246602	6.96200155157651	7.67258706913848	8.8	A33J	A3	0.712065134178329	0.6205772341073	340.41.0	TCGA-A3-A6NL	689	0	85	15	0	1011.10742540928	1918.1301100816	2929.23753549088	0.180843448169812	0.219734099338042	0.182226019570599	0.180418893388161	-0.228784474378725	0.0171197037214858	0.239185242490561	0.177177218785998	1.76711512147374	1.7430432051049	0.347148273302677	0.296526238437455	0.0315875356473896	-0.0626956144939538	0.414805587561711	0.372077731593237	0.667308310884526	0.613962335419995	0.872451735929593	0.932362922460871	-0.303983135343535	-0.332105088542634	1.02403000344018	1.43636745960744	0.517560314520338	0.381223854053423	0.424194268284622	0.47988152179506	0.206262768579772	0.0950206128735494	0.410471568846473	0.378651225286552
TCGA-A3-A6NN-01A	0.0272775162272249	0.0343742190947131	4.8643900485651	7.0182924062071	7.72913080644051	9.2	A33J	A3	0.616013047490491	0.772464500075912	340.41.0	TCGA-A3-A6NN	3	0	85	15	0	989.748023723243	1724.96800776926	2714.7160314925	-0.1176411284486	-0.0801596805823304	-0.126845096451552	-0.120377875980089	-0.398142345535525	0.0178002348532855	0.250575525092932	0.180623716202413	1.163463859867	1.11378757585184	0.0646384645465127	0.133227113636032	0.270384341226432	0.177572622284046	0.461183055861958	0.36769327400565	1.16242794376434	1.15534524340429	1.31368856465375	1.53467785993858	-0.34742876336471	-0.340642073584071	0.745457992110261	1.38223082784784	-0.589936645121874	-0.714968416190983	0.321769948393476	0.399524021120784	0.672154531071546	0.595141005480128	0.177650629578137	0.180799761231061
TCGA-A3-A8CQ-01A	0.0378447893146191	0.0592947851937753	5.72625533905389	7.60568745649664	7.66544540056347	9.3	A37O	A3	0.854655673307462	1.33248457152188	387.37.0	TCGA-A3-A8CQ	3	0	95	10	0	832.148739405606	1053.70338252866	1885.85212193427	0.152557068397816	0.190563570016972	0.152631517171833	0.151229143709864	-0.0933540137476781	0.0189237198349558	0.448849782533733	0.440936417628947	1.53814143839864	1.6073341756356	0.255659394326161	0.0776586032781589	1.07115662253835	1.12234209661511	0.591659760417789	0.733700774906906	1.20709667183035	1.37915194859495	1.44213108325536	1.94682376568025	-0.289799534601912	-0.317955964529548	1.26655171389208	1.7303502587413	1.27471486682044	1.26850895919443	-0.561840385257037	-0.677652277114469	0.718279164894107	0.964031013181614	-0.436830847692901	-0.471933634518876
TCGA-A3-A8OV-01A	0.0374910866555758	0.0201650653535118	4.35699573033887	7.72028652857402	7.67369626750974	8.7	A37O	A3	0.846667942639915	0.453153483556353	387.37.0	TCGA-A3-A8OV	340	0	75	0	0	280.024582781999	1335.72444218026	1615.74902496226	0.580479104232294	0.697501823052627	0.579273362050673	0.568044627442946	-0.607780230521905	0.0160079238327483	-1.53738547832391	-1.56494441488501	-0.39447743926182	-0.362550723031792	1.61235931135542	1.55363535763435	1.6735394165763	1.80840924693569	-1.10063680371181	-1.11088213834567	0.910038354025006	1.16675134022233	-0.204203611179297	-0.0168772410244044	-0.744225373876453	-0.750707264112738	1.05312509932293	2.07695552347889	-0.748090469314854	-0.738131538299695	0.974944842232652	0.854413894203252	-0.348980176427333	-0.276799703326119	-0.6225075097596	-0.586204536356415
TCGA-A3-A8OW-01A	0.0501566865805138	0.05341040937647	6.43545356505374	6.41485864291215	7.70460330308364	8	A37O	A3	1.13269746024934	1.20024967153916	387.37.0	TCGA-A3-A8OW	323	0	95	10	0	605.141837900149	1298.65322553966	1903.79506343981	-0.103555431509848	-0.0697257620776105	-0.101344160275492	-0.106146618157453	-0.619871164575543	0.0184811804969335	-0.249841297520394	-0.372099617713437	1.69451019135071	1.48308856602814	0.568943521030994	0.740203145094577	1.12490386961232	0.966775762446984	0.355528332043049	0.0897437039682528	0.956170279997107	0.700588614364616	1.00345382233245	0.650133524597053	-0.929916408718226	-0.968109363069136	1.27299775897943	1.45115741367374	0.391575623035296	0.11800289054863	-0.238495002268578	-0.0179438435107576	0.45155310270375	0.104705064591754	-0.348793548290909	-0.451307308603187
TCGA-AK-3425-01A	-0.0647088545096216	-0.0478521280218991	2.06614547886239	8.99411495956539	7.67720117230906	8.9	1277	AK	-1.46133168188921	-1.07534283319006	63.79.0	TCGA-AK-3425	3343	0	70	25	5	1337.20687202162	2359.714720118	3696.92159213961	0.427833206245099	0.548990244147282	0.401217953040338	0.437490676361028	0.115806329666032	0.0077546439916125	0.579542617308156	0.688618589465001	-0.489501592949735	-0.0787552289438264	0.399966192835776	-0.048730304668206	-0.810540953868355	-0.565748418372544	-0.647663088946399	-0.221620373013842	-0.0511255911341216	0.536945037154853	-1.26196728244673	-0.50578908379676	0.304442705784286	0.337175805227221	-1.2940358683722	-0.749972979037272	-0.673822520607673	-0.366141649556097	1.55750322005481	1.08787445854506	-0.553141787800949	-0.00836632759328362	0.824642948037553	1.02904633501391
TCGA-AK-3426-01A	0.0502387841106424	-0.125942331736671	7.55509679575072	13.4712569975251	7.54599103073164	7.7	1325	AK	1.13455148351541	-2.83020190379612	50.77.0	TCGA-AK-3426	885	1	75	10	9.5	1263.77440713008	3285.69284344144	4549.46725057152	-0.742998369205225	-0.824132172996123	-0.734009162124962	-0.74080320279912	0.501339460053897	0.0112297459676756	0.659000644974883	1.16545359690114	-1.1025390706053	-0.11618394244631	1.86842455217704	0.562982381026599	-2.24011898643701	-1.37920243410138	-1.15046854701659	0.413801634387631	-1.91724094273501	-0.567034696398277	-1.41153540796047	0.504043645582821	1.51115621571423	1.39203276579984	1.23071945295418	0.68651866377335	-1.06429810386499	-0.508714663632263	0.801157719073189	-0.152294554819001	-2.28977404093208	-0.425802309023918	2.35984195285897	2.40059327426166
TCGA-AK-3427-01A			3.00737713937823	13.145894094945	7.75350641102577	8.8	0864	AK			32.77.0	TCGA-AK-3427	3583	0	85	10	0	-906.510575923443	-14.0525097106097	-920.563085634053	-0.854589349172138	-0.880862132477705	-0.83671151394062	-0.837634249283965	-0.654585577448746	0.00967173370730345																										
TCGA-AK-3428-01A	-0.0585336750232888	0.03150935776991	1.91738683853469	9.32837119479454	7.46990421499154	8.9	1277	AK	-1.32187649460277	0.708084748932961	63.79.0	TCGA-AK-3428	3650	0	75	5	1	649.550086277957	1469.71067124855	2119.26075752651	0.307014823723808	0.413754640370171	0.319370988147649	0.324076523478957	-0.294868894058392	0.0101645127628857	-0.836039628472057	-0.71997385424768	-0.0938184414765338	0.474091994558149	-0.733178107395515	-1.95913828565138	-0.0578994275350165	0.380790011931474	-0.277920906505469	0.631259339292708	0.855712159122057	1.89342130997317	-0.498750882305138	1.16537586992259	-0.794304503734496	-0.84355191280173	-1.58646917106824	-1.53758460706845	0.529958822747592	0.898874736821647	2.10333742150293	1.27592873762061	0.770613268940291	2.17104542038089	-0.913760423529731	-0.739973403308422
TCGA-AK-3429-01A	-0.0510006412083294	0.0041501650536305	2.27482966705664	8.54894538510069	7.62560997453317	8.9	1325	AK	-1.15175663916775	0.0932633600941432	50.77.0	TCGA-AK-3429	3328	0	78.75	10.75	0	626.451769234176	2289.14347257025	2915.59524180443	0.234352974631441	0.337869748436282	0.232571114746048	0.23642430999954	0.206078715978033	0.00813832250245682	-1.12977796033294	-1.08412969473074	-0.374993414733482	-0.0565519392115222	0.78871395639631	0.305615252993813	0.67452843674463	0.934851503359591	-0.822483108428953	-0.449908429920089	-1.15210282921803	-0.812720704944278	-1.54110283775538	-0.998386042567735	-0.108007719245338	-0.105127675301247	-1.40367393178664	-1.16126222317027	0.107522002794635	0.355787287367018	1.05625110135657	0.533585866762103	-0.0506320971343819	0.539849872172566	0.602739135065063	0.761720963641386
TCGA-AK-3431-01A	-0.0588069367141004	0.00850253193639093	2.22637363136589	8.28984953963796	7.59213331466767	8.5	1277	AK	-1.32804761243905	0.191070641154837	63.79.0	TCGA-AK-3431	2241	1	75	10	0	1503.52472062776	1555.83708613511	3059.36180676287	0.013868490386276	0.0499073849048637	0.0262004228001187	0.0372155479155773	-0.104672211663672	0.0101584218566142	1.84210744042925	1.90314020102473	1.35185453306421	1.76681846380745	-0.578264569582965	-1.25165030584977	-1.32850560401516	-1.17592139582156	0.50005662531076	1.03137111177706	0.319957072962533	0.843636123855062	-0.679286882087158	0.153585661314072	-0.254182906274175	-0.269223344037416	-1.34695336409535	-1.09435470611179	-0.23001163500977	-0.0448495010596857	1.41653384601981	0.91701171582765	0.519610285247267	1.22524711306846	-0.677028043014507	-0.526381700245625
TCGA-AK-3433-01A	-0.0406769557278979		4.6647857169815	10.6090189692875	7.62704870584683	8.9	1277	AK	-0.918614996022585		63.79.0	TCGA-AK-3433	3409	0	85	7.5	0	-674.154156486046	-36.3747429001228	-710.528899386169	-1.25394118804684	-1.42094429033716	-1.31095798976081	-1.2875231984527	-0.978673123056825	0.0103201657973781																										
TCGA-AK-3434-01A	0.01468386466979	0.00844087480388719	4.76533234945169	7.90423405322727	7.60390253447298	8.4	1277	AK	0.33160835278497	0.189685069430157	63.79.0	TCGA-AK-3434	2087	0	77.5	25	0	802.292173549974	1639.93357765424	2442.22575120421	-0.119646308353824	-0.120168620603691	-0.111626973338899	-0.120660272144008	-0.416514082103957	0.0122857508722598	0.0235436424189184	0.0259313269165184	0.76804213961925	0.911144792184186	0.607741106157858	0.192297998645153	0.250441260437731	0.367315375728315	-0.58026905978169	-0.374306978261952	0.17196279256607	0.42572480994047	-0.878669785974672	-0.753207475908759	-0.536062233893794	-0.598281268022635	-0.266198942671056	-0.485333331722483	-0.556307134801275	-0.581188746728545	1.0406430710538	0.809992120329459	-0.474562671718809	-0.243207464885559	-0.470178552786444	-0.468628863952247
TCGA-AK-3436-01A	-0.0448071004806061	-0.0572628601306201	3.28003436706345	9.56938495974754	7.7206231798896	8.3	1325	AK	-1.01188679666964	-1.2868227348478	50.77.0	TCGA-AK-3436	3331	0	81.25	6.25	0	390.645642411173	1036.0365559881	1426.68219839928	0.153324690749647	0.200947264434132	0.121743667655141	0.122957730288886	-0.16916851252646	0.0109911311062123	-0.631162108710841	-0.490928986101447	-0.966610551209427	-0.574196215336671	0.51249333785895	0.127015878706559	-0.638056279292939	-0.340440126995799	-1.60139236299229	-1.25462278339105	-1.56882204207027	-1.1637858241518	-2.25957973701283	-1.92364656207409	0.0443475955389358	0.0608943482682307	-1.56459466319345	-1.69745763128886	-1.97078011226469	-1.70884982730664	3.41127254063759	3.18514843494705	-1.25996773058804	-0.801489314836909	-1.54569438668945	-1.42172026677928
TCGA-AK-3440-01A	-0.0560749849790171		3.24419588538819	9.32401328149983	7.7985879616641	9	1277	AK	-1.2663514557983		32.77.0	TCGA-AK-3440	2865	0	85	5	1.25	-985.925983522695	-68.966388508422	-1054.89237203112	-0.822251530376508	-0.975249852751046	-0.898239737309035	-0.889760166001748	-0.619177700002443	0.00982796180167748																										
TCGA-AK-3443-01A	-0.0452672506511155		4.21723801742536	9.9082241235227	7.87324298000182	9.5	1325	AK	-1.02227845060461		32.77.0	TCGA-AK-3443	1423	0	85	7.5	5	-1286.62722108957	-600.156620260481	-1886.78384135005	-1.50544708577992	-1.72741256249071	-1.56140193724655	-1.56274500347047	-0.840666488866859	0.0117443674157309																										
TCGA-AK-3444-01A	-0.0194925927660999	0.0539306307975315	3.59431801358933	7.64794905053782	8.14958486555923	9.1	1325	AK	-0.440204722941446	1.21194019398687	32.77.0	TCGA-AK-3444	1471	0	85	5	1.75	544.681162266969	1247.24445895062	1791.92562121759	0.218943312599063	0.31387622863473	0.219562459315889	0.213100400280872	-0.222434655034781	0.010810265915626	-0.771454909217314	-0.812089534310991	-0.0182031908081719	-0.127293901717468	-0.384716227625996	0.745638830917665	1.50848436843127	1.34444505696559	0.297146244092998	-0.313182690605544	0.578593426295884	0.21264119124618	-0.498996418134536	-1.32960375204427	-0.778286606261124	-0.61346864597819	-0.888997184739884	0.00694250129433774	-0.341915829403648	-0.205046504888749	-1.28538110721066	-0.844085166929514	0.527973720540635	-0.164781733826528	-1.04916666284928	-0.948158409213587
TCGA-AK-3445-01A	0.0168283916052007	-0.0526508993817638	6.19953368409254	6.88204343833389	7.66737104563306	7.8	1277	AK	0.380038589684226	-1.18318180719738	63.79.0	TCGA-AK-3445	2392	0	77.5	12.5	0	936.424645471593	2007.35026490432	2943.77491037591	0.358871638563325	0.427265551108521	0.348351063383936	0.335076185507571	0.421984331374441	0.0152898732821499	0.105385188092136	0.033953008361559	-0.24840663888394	-0.472135672031667	0.556481957232892	0.526304534370241	-0.887733702817653	-1.0412850916252	-0.492467792015053	-0.681063993792568	-0.421633630352553	-0.672913026121102	-0.29486988217923	-0.78824971945478	0.627471130978877	0.583802006929977	0.707059906391551	0.538398754616442	-1.12397580659446	-1.39190369877279	0.592376534737384	0.720684501282378	-0.488868269913821	-0.808249796365111	0.581652353063196	0.506988470964759
TCGA-AK-3447-01A			0.965123867815179	11.7903982517981	7.65137450777688	8.4	1766	AK			32.77.0	TCGA-AK-3447	1217	0	85	5	1	-805.739638853227	329.691293245327	-476.0483456079	-0.818008472154944	-1.02531994375928	-0.898205983922847	-0.870273881919799	-1.3263956667139	0.0065707451533369																										
TCGA-AK-3450-01A	-0.00517704523802946	0.0339598401499215	4.49169750938838	6.67238976915613	7.74069839568642	8.6	1277	AK	-0.11691414231079	0.763152491458393	63.79.0	TCGA-AK-3450	1508	0	80	15	0	386.308075782354	1016.31549887131	1402.62357465367	0.26992611020937	0.400650211332132	0.296502238619174	0.287941619572051	-0.997114529563254	0.0133997976540885	-0.81627964903117	-0.932163094644347	-0.0660481550738474	-0.264513957223383	0.941141625793172	1.16734957176503	1.54316726427916	1.44587655644051	-0.481582952855211	-0.806085299932555	-0.878352132216555	-1.2727787529648	-0.572536049169759	-1.12191643595981	-1.35402776166042	-1.34229236822304	-0.344469902456443	-0.274433962132205	0.0875317236927873	-0.0282965370086175	-0.447267463162759	-0.414234012329906	0.270816389313636	-0.058128220555219	-1.02455811348406	-1.02162279871222
TCGA-AK-3451-01A	-0.0617112323750818	-0.0662337874789039	1.38363930320557	11.1206184354648	7.65553956834981	8.6	1188	AK	-1.39363584290811	-1.48841925374516	50.77.0	TCGA-AK-3451	2868	0	80	12.5	4	650.222676449257	1776.75249616874	2426.975172618	0.260773310195428	0.313281669018388	0.2780098966452	0.27388259649142	-0.428634794880569	0.00774610842878071	-1.33672623281961	-1.07579306411064	-2.0124942321574	-1.24934551998567	2.57373810994901	1.89482132725715	0.767225517553101	1.45574633573848	-2.39645182661831	-1.59921252664392	-2.34536352866822	-1.44369027735791	-4.5396293456827	-3.85820939016162	-0.790316101817094	-0.775473627401891	-2.4855794253827	-2.429303812648	-2.34093780040501	-1.77919194350445	2.40738791875461	1.55539254168272	-1.90830587927235	-0.83899673903801	-1.05495107162931	-0.792068605584575
TCGA-AK-3453-01A	0.0844467887033887	-0.0492957521078506	10.5118415304039	9.80965304124495	7.49335232959654	9.3	1277	AK	1.90707699435039	-1.10778424967081	32.77.0	TCGA-AK-3453	2531	0	85	5	0	350.692195066364	2577.20333852402	2927.89553359039	-0.504211173618026	-0.575001370303485	-0.494037375589319	-0.51599809561879	0.146480751040716	0.0134360353067414	-1.47009013590167	-1.30660586850281	-1.08690468888376	-0.984998753568204	1.70785840785904	0.874427224162894	0.251179172845557	0.620462257383058	-1.3376363480827	-0.749307313597803	-1.75023204131798	-1.49368979352742	-0.535116833840801	-0.259424674698918	0.271569207440899	0.0691994128941897	1.7768677634377	-0.033653197516221	0.317008701073692	0.233121834604961	-0.0255645322137586	-0.305323866392348	-1.83506509829803	-1.1995097810492	0.988956029946289	0.739473032375936
TCGA-AK-3454-01A	0.0504803566799378	-0.0823389556397785	11.3391622166386	14.9631813938212	7.3260804944581	8.4	1277	AK	1.14000696022972	-1.85033789508942	63.79.0	TCGA-AK-3454	874	0	70	25	0	1123.28338360586	1699.38348638507	2822.66686999093	-0.457715058582239	-0.566111054551413	-0.427694082783739	-0.443483348641836	0.168899570235902	0.0128577551762598	0.60171349064254	1.24560759900757	0.49172492042722	1.73903856332847	1.46453792305562	-0.721314217337903	-1.43755807209301	-0.279438213917299	-0.823611708599646	1.37102677857482	-1.15495490382605	0.685065103655272	-1.07003230692464	1.41072991355781	0.796635928988152	0.511973193497615	1.54897226513833	-1.04239005353881	0.538084891759036	1.04350280981875	-0.158117908693584	-1.44850096633691	-2.09108621552493	0.64501722319179	-0.103349688886054	-0.277845755298011
TCGA-AK-3455-01A	0.0342998844826055	0.0157072623874785	5.49391602610632	9.93081393818198	7.67202875341392	7.7	0864	AK	0.77460045088758	0.352976821212236	32.77.0	TCGA-AK-3455	683	1	80	10	2.5	202.444503377315	2032.41719879	2234.86170216731	0.0448580755426726	0.142015158038957	0.0621537030840683	0.0416437196875081	-0.401294242158412	0.0162459889617698	-1.38273891760714	-1.22529042415151	-1.1193357759376	-0.782766484055094	0.65349571727733	0.132418342566227	1.56545627202687	1.99551470256283	-0.446524148184046	0.159842140879926	-0.632992670688882	-0.0978426092839223	-1.19904063453554	-0.606662476910421	-0.746284379725888	-0.782396973583951	0.0131410815395876	-0.211880414876095	-1.11811271716305	-0.901791114513143	0.612138784125426	0.213900517356099	0.498800305208504	1.53433908368693	0.320341607146817	0.352479442346156
TCGA-AK-3456-01A	-0.0474113621617981	0.00426031104098585	3.65540185792487	8.78267526150991	7.66423242706026	8.6	1325	AK	-1.07069930589263	0.0957385833078948	50.77.0	TCGA-AK-3456	1143	0	77	2.75	10	-134.657269337933	993.97930136552	859.322032027587	-0.641638115190377	-0.661780484146084	-0.621911546123401	-0.621476971281679	-0.756916749369779	0.00846558725327223	-1.11998205199696	-1.05444871127479	-2.07882343701819	-1.92647979332906	-0.625225514339447	-1.14557768775605	0.317192276321387	0.544150675402449	2.02059070851946	2.69003085849306	0.921743605454153	1.47096664467104	0.0592305409615152	0.950893743998307	-1.15070962813928	-1.15088131279179	-0.890660929403115	-0.866928712728195	-1.42309739632457	-1.28300678628029	-1.02289793786019	-1.54462297376739	0.53950771162704	1.24144841605941	-0.843554727520425	-0.743043935356171
TCGA-AK-3458-01A	0.0541233317216781	-0.021297251735392	9.91452851350224	12.3666223413871	7.63249619472421	7.6	1503	AK	1.22227691980744	-0.478596208089587	82.75.0	TCGA-AK-3458	1168	0	57	0	0	196.256928390409	1460.29091331281	1656.54784170322	0.359307442399426	0.386722542143062	0.379201627758959	0.376233065418546	-0.274413515710441	0.0209176273843934	-1.15915247039023	-0.790287003699616	-1.36888241991456	-0.81426132389187	1.88852636860507	1.0137276514953	0.986832241860724	1.70305737179048	-1.71482515429293	-0.749229844347447	-0.14923943217181	0.850980584720899	-2.72073075696029	-2.32003972788474	-0.412611249097636	-0.58075429295705	-0.183132101845657	-2.77775963933392	-1.69961025935008	-1.46160009328011	3.66682107376814	3.45425037899488	-0.499587170359231	1.11086833797444	-0.944867954993571	-1.11348074670325
TCGA-AK-3460-01A	0.0234485798457242	0.0268523754609466	6.62452196155934	8.82152343714058	7.57331147991675	7.6	1277	AK	0.529543489581794	0.603432087551947	63.79.0	TCGA-AK-3460	2508	0	70.5	2.5	0	856.930354507423	1490.46548073051	2347.39583523793	-0.0325512149045544	-0.0378265634306652	-0.0209744763648861	-0.0283918932071488	-0.36665190836514	0.0129692739465364	-0.213333078109739	-0.134152224881614	0.557484567629404	0.765820319897089	-0.285938986981779	-1.00255041540652	0.303215293624434	0.536607578865283	-0.244177904557073	0.224681049176264	0.586195161236242	1.05812100582368	-0.293467039892185	0.166495153304812	-0.66846258419148	-0.777031725430291	0.187698540911625	-0.677193066796105	0.160541698300287	0.166227264910484	0.584308055411991	0.303860029822228	0.289539601066777	1.03210803702026	-0.580746967607977	-0.655208868913667
TCGA-AK-3461-01A	0.0465892905999119	0.0360870434283678	8.86644275688459	6.55537936168676	7.63721227282746	7.3	1277	AK	1.0521343161819	0.810955439723698	63.79.0	TCGA-AK-3461	2217	0	69	10	0	876.742841933243	1512.59280766389	2389.33564959714	-0.082073631439963	-0.0672074106926125	-0.0951184729090526	-0.100169167847949	-0.393997381406793	0.0185283842886415	0.703300048996911	0.59896442204549	1.07436606105469	0.724871544461034	-0.168181267328136	-0.27446562769438	0.218243529098794	0.012354943863417	0.665863610119019	0.498343332362388	1.01981931829626	0.723998320389926	0.810615761014256	0.168387473776545	-0.540696792011756	-0.662465270589792	0.897734713938006	-0.505922227612647	1.04118002363147	0.665002480538384	-0.191027620979214	0.117051849809217	0.797137799346162	0.623524037561506	-0.270435810515841	-0.514080614322916
TCGA-AK-3465-01A	-0.0109732989298129	-0.0140727404453656	5.45211210771207	12.7510287157575	7.80775805744903	7.8	1325	AK	-0.247811980330949	-0.316245508963412	32.77.0	TCGA-AK-3465	369	0	81.25	4.5	0	-179.924703093728	-276.577302784283	-456.502005878011	-0.77740843167872	-0.980189699181549	-0.8005416555169	-0.809132351810369	-0.393180680812682	0.0105411144313976	-0.348753819100866	0.0589965556704552	-1.42642239946969	-0.607032053673485	-0.411408572065022	-1.08242752721583	-1.72700028117213	-1.08070393488451	3.14255887798782	4.67723825931331	1.25072708082844	2.65562644069647	-0.447617709126405	1.3206535872119	-0.655988023261139	-0.655507389894887	0.0625539993765742	0.209805558228714	-1.73368270064404	-1.10750288177757	-1.35817840067299	-2.09836092383297	-0.376772340771566	1.2129877056148	-2.47275127678722	-2.37926173110124
TCGA-AS-3777-01A	-0.089395100304277		2.76118968556829	10.4648834769981	7.85582795824862	8.9	0864	AS	-2.01882560385735		32.77.0	TCGA-AS-3777	1238	0	75	10	0	-241.180819564397	423.105345063017	181.92452549862	-1.16111693294426	-1.36188830301886	-1.16362155427899	-1.14370731673068	0.609997788535829	0.00563291016479825																										
TCGA-AS-3778-01A	0.0419713018733397	0.0294597507554396	6.36270821705155	7.38011613664403	7.77026416812631	8.6	A32Z	AS	0.947845447465426	0.662025559823166	32.77.0	TCGA-AS-3778	43	0	80	11.5	0	948.766054059831	1315.54471197607	2264.3107660359	0.419416467182329	0.467672804132042	0.413849653247576	0.413131920844367	-0.100619774012325	0.019112127603549	0.556897102001207	0.524667980782346	0.649412314269584	0.531052260635874	0.399468551008891	0.591639000359574	0.928466378987215	0.868373911456031	-0.115315162009559	-0.315284200413792	0.886200564371204	0.782947782901838	0.566270191062529	0.330508481058537	-0.180658753523045	-0.187479935962324	1.10340330105126	1.33238378708587	0.272533837923485	0.144573847529531	0.175517518744658	0.38898667307939	0.124256715876339	-0.0889876469934983	-0.417294534812419	-0.486754137317602
TCGA-B0-4688-01A			5.61504519763599	5.38691316098224	7.75670948336336	8.3	1277	B0			63.79.0	TCGA-B0-4688	101	1	85	20	17.5	307.123258929243	1171.61567486039	1478.73893378963	0.781767173728375	0.560721783058612	0.76522254319859	0.806023775216831	3.88416721972671	0.0207913881922649																										
TCGA-B0-4690-01A	-0.00428372106569655	-0.056161539441615	5.70200340649801	6.81769278533343	7.77414046268422	8.9	1277	B0	-0.0967400421027048	-1.262073630494	63.79.0	TCGA-B0-4690	43	1	77.5	10	7.5	1344.69985107379	2512.78849284698	3857.48834392078	0.975003053887627	0.94055379272712	0.935983193648143	0.953414587208694	2.54007656737447	0.0142036129997286	1.18248478389266	1.10394600138814	-0.872286385911996	-1.16242375883067	-0.768592985976438	-0.633142125914146	-1.64966938659149	-1.90352875985113	0.977788657785453	0.804411666314539	0.259662296124613	-0.0047138269722151	0.368699938620849	-0.0486932589576843	3.69905392420671	3.70756747886721	0.20864260963569	0.122996753188668	-0.0735394472564006	-0.242971947348436	-0.162395460645031	0.0523440029121149	0.595439566497497	0.30519318336464	1.52004732118419	1.49098496149461
TCGA-B0-4691-01A	0.0179979268051478	-0.0812929837971138	9.41399877362816	9.2053389897409	7.74663308595925	8.2	1277	B0	0.406450413131249	-1.8268326013601	63.79.0	TCGA-B0-4691	139	1	77.5	15	0	829.431077283446	2011.06531694037	2840.49639422381	0.373655221540551	0.418191244591973	0.384132588545085	0.398973917561367	0.28596561568453	0.0124452021190914	0.4633854161978	0.584604880083339	-1.14556634824164	-1.2004848189743	1.84726364123909	1.83457336283059	-0.316491540682249	-0.190029251868213	-1.41019380700751	-1.3728135481091	-1.69625857397554	-1.8377540213704	-1.77331700735324	-2.5383137305067	1.17512618766463	1.10107008433545	0.371219041697648	-1.4438294831604	0.180088305714001	0.0967622302980359	1.04151961241226	1.25439667164837	-1.41693500466796	-1.39354882493605	0.0985701480789656	-0.1024595387827
TCGA-B0-4693-01A	0.0265777840496742	0.0377899072765859	6.76304862203543	8.64883451513627	7.6659758224847	8.2	1277	B0	0.600210870066069	0.849222545300315	63.79.0	TCGA-B0-4693	77	1	85	5	0	499.699764888225	2011.06142860418	2510.7611934924	0.198669887378267	0.251922256047413	0.198602585025683	0.198891048750903	-0.741638608596508	0.0133736659405154	-0.891836297846254	-0.831310797357701	0.136426724604204	0.236651039076951	-0.794659248552357	-1.24515192984666	0.530673435648327	0.686259119731974	0.413691661497872	0.760255539421516	0.977746265754045	1.32214512856046	0.58799274335154	1.06201335838431	-0.85932692053003	-0.914101508753946	0.288700307490949	-0.411206310734026	1.10122324868825	1.16225229360307	-0.896382689634332	-1.10160202741574	0.884268777084395	1.50307492168682	0.353689943993667	0.287367029818065
TCGA-B0-4694-01A	-0.0347335414032116	-0.0419066493705468	3.07356806246242	8.2298175853119	7.78924659288484	8.8	1277	B0	-0.784393803002289	-0.941734817791242	63.79.0	TCGA-B0-4694	106	1	82.5	15	2.5	1385.88130105415	2590.12770988824	3976.00901094239	0.439655293883233	0.520709420315939	0.409811736439942	0.430909749951868	-0.039237885297397	0.011166388819771	0.57349626131317	0.605449560782456	-0.744507015331272	-0.610350976445872	0.608823970120879	0.657423033543079	0.1480836522221	0.238727147141984	-0.422752435262778	-0.3807344372929	-0.184197740471118	-0.0125653946518124	-0.998337193910758	-0.889023967952674	-0.000902090075470668	0.0546358665154889	-0.945561945752882	-0.469591518726156	-0.973857000703887	-0.820989223483708	0.688468105511727	0.534963041910139	-0.581749131878457	-0.5861276675185	1.47261471700699	1.614748118654
TCGA-B0-4696-01A	-0.0192753599517642		6.75313362640962	6.16743192735807	7.62115643676517	8.6	1277	B0	-0.435298915284357		63.79.0	TCGA-B0-4696	866	1	90	5	0	222.814284555008	161.294630135842	384.10891469085	0.647230425945545	0.388638947349674	0.636618950036618	0.677482688887126	3.78284288835637	0.0176882576930186																										
TCGA-B0-4697-01A		-0.0970850209341134	5.24705567780023	15.7823935314109	7.34195469360882	7.1	1277	B0		-2.18171449812699	63.79.0	TCGA-B0-4697	578	1	80	17.5	0	1156.84030957505	3075.12697508174	4231.96728465679	-0.302252046921155	-0.399881118664696	-0.275741428119957	-0.302952276825481	0.485092222226455	0.0104138735026831	0.919929224528064	1.64351205756471	0.0179230754752458	1.75739007259061	1.97672063971259	-0.317753708127963	-2.31636045746477	-0.941417333701602	-0.00903675032819681	2.70552771910879	-0.477920258714623	2.11501509919602	0.00644002787068575	4.24219571853886	1.66573677594343	1.53765537402308	2.17910028500441	3.12472836776096	0.0501090103504982	1.08935527000403	1.09605556597666	-0.724027764153392	-1.08247666426635	2.39511877285017	2.50866055738145	2.73429672924902
TCGA-B0-4698-01A	-0.0209897814396382		4.9643712483079	8.23890071771291	7.83148123636854	7.3	1503	B0	-0.474016003623009		82.75.0	TCGA-B0-4698	42	1	90	5	0	-209.179669138672	2353.00942678667	2143.829757648	0.767043911444469	0.588177408645607	0.762343950317399	0.79045904190717	4.51485710572362	0.0158176352744169																										
TCGA-B0-4699-01A	0.00342907801324388	-0.0458060012344313	7.60498511843476	6.14318104535161	7.98067289658615	7.6	1277	B0	0.0774394845712794	-1.02936185245511	63.79.0	TCGA-B0-4699	110	1	90	5	2.5	581.911907370209	1836.02426680388	2417.93617417409	0.842865905701229	0.71377978592057	0.815516597465528	0.823558808105385	2.632988063296	0.0166972558541048	0.788194986596733	0.639405520712086	-1.22795972702767	-1.86803764281265	0.213656876770989	1.20666864750886	-2.28517209072358	-2.83079631144673	3.82748588025891	3.43077332670097	2.27294886952716	1.72441866621127	0.394679767068382	-1.08220096868918	3.28329779399901	3.30901889804133	0.72045150672767	0.444298787232862	0.498412720098444	0.206008888654828	-0.445868134779613	0.356208155507789	0.838352304472445	-0.113382939947828	0.919797043109794	0.781245054759901
TCGA-B0-4700-01A	-0.0242895163800305	-0.0776127393362975	3.54372152319075	7.14803788213481	7.72882766742915	8.6	1541	B0	-0.548534510352487	-1.74412939318689	90.68.0	TCGA-B0-4700	1980	1	67.5	15	17.5	1606.77839002332	2707.2421804392	4314.02057046252	0.419626555575906	0.42072752628037	0.420674228173758	0.432785263953419	0.917443336523826	0.00953462028014669	1.51704003669409	1.47649156458284	0.104468357459745	0.0949979483177363	1.19049125242721	1.30785521752757	-1.41992738162674	-1.53507252005479	-0.415808579968636	-0.545636473737481	-0.585615100396666	-0.683697670336125	-1.10931373354359	-1.44573746052577	1.71403710200545	1.73619969033518	-0.186067740482379	0.481431068851785	0.389879617882272	0.398194254449355	0.586799606519794	0.528286585615518	-1.21922434222374	-1.65385252322904	1.47629118369478	1.56902507013148
TCGA-B0-4701-01A	0.0499433038147344	-0.000485329645293789	8.39771892107969	7.08340638695383	7.70469982647328	8.2	1277	B0	1.12787859893019	-0.0109064273079456	63.79.0	TCGA-B0-4701	238	1	85	10	4	632.113591559962	1931.54240580061	2563.65599736058	0.58075378775578	0.628709256132066	0.551195923862242	0.558257790179436	0.494755314578723	0.0163467888086548	-0.383830713335536	-0.453050540531565	-0.214508897361313	-0.548908817166035	0.206890834644834	0.245408964428641	0.0112903518595527	-0.146119478368499	0.0414197862602476	-0.160836853726619	0.514892573283601	0.252721174971928	0.445470930850789	-0.172314134212076	0.715412993289767	0.641290905278521	1.01669687861449	0.0664614680933052	0.317686705025694	0.0189011413876743	0.976482372408875	1.37211846108502	0.304790390372725	0.0854092736489663	0.475918898218185	0.292417274873796
TCGA-B0-4703-01A	0.00442837959390458	-0.033582635806299	6.00466588061226	7.04196675129662	7.76066957644087	9.3	1277	B0	0.10000689162319	-0.754675878101156	63.79.0	TCGA-B0-4703	182	1	80	10	7.5	1663.23038645237	2011.66515978789	3674.89554624025	0.503061128588125	0.507849660181146	0.505082654343648	0.52015878103535	1.35497551025134	0.0167731368454268	2.63353927710667	2.59973743954088	0.885823335342307	0.754253402983354	-0.587859361924113	-0.488686340591756	-2.25644838291926	-2.49611386330422	0.713287199182619	0.573838205610324	-0.137472490704319	-0.402779743819823	0.776490854625785	0.56285885583568	1.95581096305732	1.94398267842023	0.579214528829226	0.610277902843315	-0.0931516672022189	-0.264489522688776	-0.541697275619912	-0.388554335957784	0.367718604128983	0.12392142996896	0.63014063559101	0.583114197370287
TCGA-B0-4706-01A	0.0723952507748314	-0.0173609660572687	7.34486090581939	8.18610252326828	7.78500323670016	7.2	1503	B0	1.63491494907927	-0.390139189178717	82.75.0	TCGA-B0-4706	65	1	90	5	0	375.155609797121	1226.45449551572	1601.61010531284	0.0101287131991387	0.000597738192700263	0.0184640582926118	-0.00106152662750378	0.0852176649587778	0.0162532160292223	0.372901934331821	0.418334206266074	0.455728261573526	0.423702572320238	1.40344843495353	1.62191483194156	-0.246279312593055	-0.245732291755462	-0.760712110781504	-0.8823404055773	0.0284419195257441	-0.0233260878432143	-0.122356434176329	-0.468337571249341	0.298316616712479	0.270550982693277	1.62582956499218	1.79363993033028	-0.394390794569621	-0.48727901129029	1.63113500690872	1.94182421911716	-0.693420287155292	-0.84834470870067	-0.751463657417175	-0.855905831700498
TCGA-B0-4707-01A	0.0251818968879307	-0.0965510892879082	6.10881772085875	8.85653075349423	7.57746322507771	7.4	1277	B0	0.568687299617224	-2.16971587668852	63.79.0	TCGA-B0-4707	600	1	80	15	0	177.6009100869	877.116937488419	1054.71784757532	0.0670399402860296	0.0299123431342352	0.055360108069573	0.0538416006192029	0.570037052201225	0.0103921158425761	0.228822324359352	0.324311426346132	-1.81567155298097	-1.73746080029913	0.867287798535348	0.27187271644446	-0.732393240515213	-0.510860765929077	-1.69103908177968	-1.36552637162827	-2.07387824284418	-1.91152914048699	-1.32852054844612	-1.1495685743668	1.29683142578955	1.21577717424383	0.376664984890812	-0.0732722651593573	-1.51460437554156	-1.52896060734512	0.26888428889497	-0.0950032505739764	-2.34053278628019	-2.19270782332935	-1.41561815235845	-1.46670023365592
TCGA-B0-4710-01A	0.061859945990772	0.0289575720648983	8.87463951289992	7.27569099091037	7.76095273775463	7.7	1503	B0	1.39699426919742	0.65074049731545	82.75.0	TCGA-B0-4710	1755	0	85	5	10	804.437235168188	1446.72521425982	2251.16244942801	0.357221732412152	0.395846118577334	0.33792691720271	0.35241812692253	1.04001142606315	0.0199463600254046	-0.0361314340515662	-0.0828504435034799	0.648257666240999	0.363496649296063	0.390710644034104	0.610417885970859	0.378119970080945	0.229285349808533	-0.294566871250729	-0.61967277104904	1.02831446797448	0.766516653991554	1.23101089793211	0.77175823517269	1.23633159383412	1.18609174318821	1.49744189934837	0.739190995185386	2.16517439014012	1.95139134623634	0.476879168656562	0.939194831680583	0.609187305590453	0.415433685831931	-0.153692506578166	-0.358767486192922
TCGA-B0-4712-01A	-0.0542171497035754	-0.0995767216435084	2.60397612410743	7.9194549272749	7.76982612357707	8.3	1503	B0	-1.22439562814057	-2.23770850740232	82.75.0	TCGA-B0-4712	1337	1	77.5	27.5	12.5	1171.66310740174	2098.13295143332	3269.79605883506	1.14818484042132	1.16745494432789	1.13169399944598	1.1520239875336	1.91824422346494	0.00880423397856291	0.811717939371787	0.824519215638587	-1.18935837135202	-1.10294263522018	1.40092616390527	1.5019058239817	-1.67021823043694	-1.68139902509348	-0.833846768401692	-0.867861058085284	-1.17613678982521	-1.15584549172395	-2.4531792951192	-2.86610485042698	2.73388661937504	2.77545133596768	-1.41709274699205	-1.06386329914822	-0.592173922014458	-0.434244640494866	1.79512854513064	1.69323450574851	-1.18013558274511	-1.38486968881613	0.331258130837739	0.482791583434146
TCGA-B0-4713-01A	0.0186182706221575	-0.059041108090164	5.6980824162715	8.69250278314771	7.62052703557396	8.7	1277	B0	0.420459748952912	-1.32678388763196	63.79.0	TCGA-B0-4713	202	1	80	10	0	204.43235436852	1442.72355013417	1647.15590450269	0.0559728270490198	0.0670814907327445	0.0356795371144914	0.0133267388079363	0.0789566251170878	0.0108567949485352	-0.805727866565179	-0.739250330624397	-1.87004924884135	-1.81349037139619	0.601526888248312	0.11988477462965	0.932793212218705	1.19016090099001	-2.03945198965436	-1.86420217707821	-2.17431759743402	-2.10342221306398	-1.62833799470288	-1.63862888631871	0.233951359953326	0.173725951212865	0.212892107033074	-0.0862347217977391	-1.68065413792019	-1.68216834985266	-0.109918945208224	-0.434947723190534	-1.53117873883148	-1.33390435853815	-0.872161665214359	-0.897216974730067
TCGA-B0-4714-01A	0.127867643025628	-0.00910893558354661	12.0084190568648	7.98112955910018	7.68256967375981	8.4	1277	B0	2.88765794508179	-0.204697868259361	63.79.0	TCGA-B0-4714	99	1	85	5	0	816.009628243841	2606.97578488153	3422.98541312538	-0.463525255789847	-0.495896094837221	-0.447520691285756	-0.460852225543566	-0.34601790551624	0.0182549332747124	-0.560816792054964	-0.553798614046787	0.231992785518659	-0.0837915786958997	0.516403534439135	0.436711980754849	0.205020596452564	0.159019068670488	-0.596929735155185	-0.727644415368906	0.147524819333409	-0.106647360644182	0.0825917313438545	-0.858431355065153	-0.39031450081369	-0.553439912567864	2.15753446757566	0.172826564027475	-0.762364900063873	-1.20001561122885	0.114737220975229	0.579748541679082	-0.768711024782035	-0.960332465634687	1.12117736899713	0.765011563138554
TCGA-B0-4718-01A	0.0764081636098331	-0.0283675167152463	9.50522996697443	9.10482072689595	7.57686451533572	7.8	1277	B0	1.7255392802761	-0.637480652504717	63.79.0	TCGA-B0-4718	1778	0	85	5	0	618.581078318954	1564.69143104546	2183.27250936442	-0.498733382803091	-0.503818076619091	-0.473046314847636	-0.485409509346445	-0.780021569866111	0.0156805892693688	-0.353302219302389	-0.24201507823914	0.273524686552347	0.360908043399977	0.713878973806722	0.126012468576705	-0.978041490753888	-0.803987674447075	-0.827748540629369	-0.447212203138131	0.0783200688958116	0.379296167180856	-0.387489389055336	-0.355309107457854	-0.724008005368853	-0.870353500589006	1.54676090108485	0.224361554028702	1.36750138104842	1.29026490766735	1.67440289698634	1.69421177009747	-1.00267929358155	-0.561408895751671	-0.379742297847375	-0.597875132667522
TCGA-B0-4810-01A	0.0439945752175138	-0.0284566475971781	5.70065363869607	6.84258734144467	7.79427899126018	7.9	1503	B0	0.993537392738912	-0.639483619960154	82.75.0	TCGA-B0-4810	478	1	80	15	0	1234.47865190526	2245.33637785524	3479.8150297605	0.594855444955005	0.659628873627701	0.60225389836057	0.589178189279375	0.63423161590246	0.0173716310614877	1.04067177666187	0.971258514833176	0.84402491333418	0.678852238958477	1.25629812709203	1.67187746376995	-0.597273015836136	-0.803346162154665	-0.0512650902181389	-0.388918149629593	0.281905792906395	0.00935349634607479	-0.329865903261501	-1.04522187913361	1.56401070959973	1.56864542317168	1.12351522477668	1.74449391730943	0.0269171837440867	-0.129851462558321	0.188481997700007	0.448200233217472	-0.283842689177884	-0.804510976372525	0.977706256021594	0.950746974063832
TCGA-B0-4811-01A	0.0925040314089756	-0.0420439291312331	9.43378390289547	11.677702401351	7.80249260818276	7.3	1503	B0	2.08903515330056	-0.944819796723184	82.75.0	TCGA-B0-4811	1417	1	75	10	0	461.028275869166	1149.44786606768	1610.47614193684	-0.667316732732904	-0.789599872021599	-0.631023059131275	-0.668141210597844	0.161529632170255	0.0120989480170113	-0.594535684734092	-0.267240484848182	-0.518849240297503	-0.0509773436844594	0.620116883623475	0.278934048573621	-0.251488274254877	0.247659006589469	-1.63766162292619	-1.07357772586379	-0.950890046364135	-0.361262172777555	-1.0775624792384	-0.68124644027719	0.229701337062235	0.160355165783598	1.8636032076351	1.2762884409987	-0.464201646923821	-0.186705520529951	0.715122160282801	0.637030704239856	-2.05869162279997	-1.36045078686375	-1.33941982088046	-1.48182508183018
TCGA-B0-4813-01A		-0.0840158154388248	9.51176780036403	8.34262912935364	7.5837997594224	7.6	1277	B0		-1.88802063234081	63.79.0	TCGA-B0-4813	18	1	82.5	15	0	445.514484391948	1012.68314005901	1458.19762445096	-0.0882992346749324	-0.114291079204873	-0.0247003679960908	-0.0626300936565563	-0.0219282704000285	0.0190154060539047	-0.0282797637843203	0.0225772040989483	-0.547294330249819	-0.657838167096499	1.89785791186994	1.55940886020802	-1.88728184137126	-1.87454290223104	-1.07664946590568	-0.944275710506837	-0.445056910056545	-0.402660454201653	-1.11021758861791	-1.67548315080878	1.02328180369359	0.876936424409586	1.63120025029921	0.329762674698322	1.3058589303901	1.12179104849638	1.94869615358408	2.10375375167135	-1.44092719094491	-1.37646578744122	-0.83964876488444	-1.07685191060892
TCGA-B0-4814-01A	0.0610786954511182	0.0258742772495027	7.37217963651968	7.41617660018174	7.71284166617243	8.1	1277	B0	1.37935114796245	0.581452063981193	63.79.0	TCGA-B0-4814	168	1	85	15	0	645.279533184415	965.947791781392	1611.22732496581	0.124226344122479	0.138213795758732	0.135244012066638	0.126218029583779	0.220686424240092	0.0189894885128893	-0.174322493003488	-0.215856370481134	0.101953434109148	-0.0916283345123405	0.269498731933735	0.278333627309397	1.00922990260217	0.976244231717462	-0.611284607989112	-0.796595538123964	0.345955627855481	0.186609816361863	0.440530162013991	0.129061180944719	-0.122230968600021	-0.191752749515239	0.923589651971908	0.421788571948492	0.0512887710377456	-0.160133199820437	1.36684769210276	1.66039190731676	0.264753308489523	0.187873269962346	-0.807632063793389	-0.942795445875156
TCGA-B0-4815-01A	0.0528244274289919	-0.0654301751807748	6.55218317550897	11.1143105559126	7.82578438299816	7.8	1503	B0	1.19294353090682	-1.47036031339749	82.75.0	TCGA-B0-4815	1588	1	85	15	0	982.86016529075	2869.85646265673	3852.71662794748	0.303464877558944	0.273893269221398	0.280419085920403	0.28442545707585	1.19090731312183	0.0117622662926203	0.376219597319453	0.6659868505725	-0.562799833573981	-0.0523029546585552	0.906596523357518	0.70862612789862	-0.94840584450948	-0.531346078007222	0.362417637217542	1.08988198664374	-0.492302461044219	0.181506238993983	0.46416527053242	1.6128953046536	2.31557381666665	2.34147017152248	1.75121858883483	2.51496037280611	-0.0687997870413753	0.322075160894959	0.675903043822068	0.469333017176328	0.00126091595433981	1.00611192069838	2.42401112257751	2.48883653105022
TCGA-B0-4816-01A	0.0240125599065676	-0.000214073297687914	5.97099060873412	7.09176640967058	7.86206563957268	9	1503	B0	0.542279952576078	-0.00481069904228098	82.75.0	TCGA-B0-4816	1371	1	90	10	0	1110.99372351773	2250.98426666693	3361.97799018465	-0.0121139968324567	-0.0263112008359745	-0.00106132749838157	-0.00600804323942685	-0.605211369221603	0.0147244530265299	-0.137840387134744	-0.205657652986751	0.782323458208501	0.617706514905834	0.214163092872467	0.688857850989091	-0.268133324508216	-0.464722239394178	0.0627884747838831	-0.315026964640082	0.49910468163795	0.207976239883813	0.0867999361754851	-0.568708092006617	-0.431174168053538	-0.40273617546967	0.719962861290273	1.05318410514098	0.400024362153741	0.294309382752404	0.078522228118956	0.438429993468709	-0.0725835635171235	-0.600889756656001	0.964704723268213	0.92997386021997
TCGA-B0-4817-01A	0.0289104709260378	-0.0869854626474637	5.62742295020053	9.59694736174296	7.63865146310379	7.8	1277	B0	0.652890356701868	-1.95475515335211	63.79.0	TCGA-B0-4817	1019	1	85	5	7.5	-101.396578789629	1976.60517937218	1875.20860058255	-0.235314232744238	-0.191464569922619	-0.213253730727926	-0.240246530321289	-0.606232561677733	0.012156377280468	-1.52611171651956	-1.38716542929868	-2.33558201157313	-2.12856741861012	0.557343775889345	-0.0189089685284047	-0.292761929522431	0.0259515128362591	-2.04818051987408	-1.69762887073558	-2.37479590088691	-2.11845146235413	-1.99923420068778	-1.78456769357223	-0.302846912861327	-0.367859642979035	0.265809527228071	0.107538177093326	-0.59977722712797	-0.415627673371478	-0.887407632956958	-1.39639358456275	-1.84975983163903	-1.42348157356537	-0.34217965897919	-0.326306651454496
TCGA-B0-4818-01A	0.05041854716167	0.03770114566416	6.65796523361474	8.10127037329161	7.80818329336741	8.8	1503	B0	1.13861110477885	0.847227876144936	82.75.0	TCGA-B0-4818	510	1	90	10	0	669.528817308365	1879.0019577096	2548.53077501797	-0.00232029219985653	0.0370524460312259	-9.35613556579954e-05	-0.0138392705937332	-0.808964223417755	0.0142826939476426	-0.651531746360315	-0.634580264232555	0.818906033132452	0.822937671402523	0.67127269365268	0.883490093115431	1.16042503330845	1.1974846228478	-0.11353078748131	-0.187287305599901	0.958609067838771	1.01403118729592	0.129037880570122	-0.0896562372460366	-1.00353421656583	-1.01033523460377	1.06293183104033	1.20572947595051	0.718050120933213	0.712058907564488	-0.412760014900626	-0.270801187786215	0.255561744130819	0.253921755718725	0.199876417774965	0.139899298409174
TCGA-B0-4819-01A	0.049592507094554	-0.0701505435043802	8.0291753622332	10.4399014226358	7.73379115993991	7.4	1277	B0	1.11995649360184	-1.57643739829711	63.79.0	TCGA-B0-4819	183	1	85	10	0	1383.85380174099	3217.43179110225	4601.28559284324	-0.738621152947193	-0.86579085454025	-0.716025172929796	-0.722714884998135	-0.496112416874344	0.0106804918085035	1.14682877754142	1.38792838569563	-0.219383083003135	0.132853969638698	0.269625716594535	-0.134894956170485	-1.79525716309277	-1.50641720015557	0.282231355698682	0.929065809519011	-0.798911844257591	-0.35068999875737	-0.501111696601193	-0.0210539408713215	0.165563147336396	0.112037109317167	1.37645661770454	0.988802227443382	1.14024753072032	1.36990147478386	-0.299239250746847	-0.509238820127442	-0.955316753697941	-0.276281407075828	1.88026359218242	1.82582087551527
TCGA-B0-4821-01A		-0.111099324861451	8.41066553382037	8.84021870530662	7.7675217367994	7.6	1503	B0		-2.49664680967462	82.75.0	TCGA-B0-4821	1230	1	85	10	1.5	-88.9859229791821	1208.43958458796	1119.45366160878	0.404532938575942	0.403660681856823	0.417686557233928	0.396084400992566	0.235612241868512	0.0190724041881866	-0.10701314275731	-0.00605910948005855	-0.765267295632524	-0.795948474100461	2.80922991203729	3.0227845250764	-1.35940052945137	-1.31425609574407	-1.81490116455454	-1.91416229422859	-0.92252438182082	-0.943860436367174	-0.759561112893875	-1.21472633863613	1.77345031989981	1.73490154987289	2.36264917981486	2.49630337907532	0.378419149691045	0.335676282433258	1.58537031364058	1.85121846284062	-2.14432964923246	-2.40692681690728	-0.715606511292793	-0.860008419600986
TCGA-B0-4822-01A	0.0562148504600729	-0.0881507111422598	6.05300724181627	9.67847324855511	7.6470900062094	7.7	1277	B0	1.2695100630742	-1.98094085646631	63.79.0	TCGA-B0-4822	1111	1	90	10	0	1088.7490366314	1829.55804886304	2918.30708549444	-0.40497558898527	-0.442270522107184	-0.369260080101148	-0.391475888427859	-0.0991968262530538	0.0122607366730213	0.454392460371736	0.633907869017301	0.560199158539688	0.985974765194476	1.83978947096439	1.43417163442867	-1.41314089061148	-1.11477065536695	-1.18911526837151	-0.701516955451013	-1.23197062911221	-0.792777215347295	-1.26116444980243	-0.849450482049552	0.542774547221263	0.497848867516549	1.75748263134818	2.46950837261374	0.648917982551136	0.845660606056335	0.338073676474227	-0.0403358502241135	-2.37166735818408	-2.05794360761828	-0.0187300130590079	-0.00369113720104871
TCGA-B0-4823-01A	-0.0629442308336729	0.0148094031066643	2.01167029390105	7.41126560249488	7.76992996856074	7.2	1420	B0	-1.4214808685219	0.332799943343923	68.74.0	TCGA-B0-4823	454	1	85	17.5	0	1275.98029055391	1788.08015102234	3064.06044157625	0.162928469456715	0.233596135563926	0.158367859736073	0.172687492262638	-0.327582883592286	0.00891024531044049	0.984145254055806	0.94823628872072	0.41718717018206	0.533568662407127	-0.675887651431695	-0.691480268689814	-0.204103038147643	-0.240360344331395	0.0160423560713773	-0.0300194464326964	0.437399667629363	0.549412269602288	-0.528479008922204	-0.372908680034718	-0.378363045282041	-0.314909643039001	-1.47085932468669	-0.898888738339597	0.662221487108943	0.809558063470945	0.611710991659564	0.468865370437919	0.289963546619337	0.266702516347692	-0.057570000030962	0.10113654110667
TCGA-B0-4824-01A	0.0836423111841407	0.031243019919001	10.6248280340484	6.59914778527938	7.62560224067783	7.7	1277	B0	1.88890933406412	0.702099550133629	63.79.0	TCGA-B0-4824	1657	1	85	5	0	905.866506257645	2255.94219418248	3161.80870044013	0.0805434263404023	0.0549238488193814	0.0824036431571572	0.0660916347907569	0.0704735180572716	0.0184675052989624	-0.870464497510132	-0.989054173747879	0.315779277436134	-0.167018870773317	0.479770801113153	0.427218554871755	1.51023954112682	1.35099199975022	-0.0825764724949983	-0.368993382073303	0.901892966490093	0.507244356713089	0.148933609578438	-0.9928884332258	0.0594938568868191	-0.0994637604576182	1.43974646088269	-0.488924685574182	-0.0068027749770755	-0.55266434192595	-0.934727862564497	-0.565899687292976	0.257687664747956	-0.052686183223753	1.0265202916257	0.701262916763868
TCGA-B0-4827-01A	-0.0730381396889426	-0.0246056383002443	1.82907386821922	8.58439368333069	7.85480883372571	8.6	1420	B0	-1.64943342487745	-0.552942949373657	68.74.0	TCGA-B0-4827	885	1	85	30	0	1441.75248412307	2017.76024058563	3459.51272470869	0.301945380622072	0.360856922677928	0.336919356223512	0.344797960028722	0.838488374146937	0.00828954719209645	0.696250590022764	0.762152138961134	-0.337450626221252	-0.0640331605482908	-0.205618484022115	-0.110340765027632	-0.212814201534985	-0.107443990512623	-0.168219277009095	-0.0748113307535676	0.0428633744029793	0.336795738709523	-0.244868590039441	0.360107660675665	0.783453426809861	0.885838895401363	-1.13295168237226	-0.0639263647030187	-0.753691687390565	-0.472614410116082	-1.44207478917794	-1.80987202033832	-0.470843830143402	-0.418743114870144	0.314967491892623	0.522349069061656
TCGA-B0-4828-01A	0.0944820901269944	-0.0121278379128227	10.89577914602	8.44332575070364	7.62021837565762	7.2	1277	B0	2.13370600855188	-0.27253926044159	63.79.0	TCGA-B0-4828	307	1	90	5	0	-262.732447934026	1224.78427622811	962.051828294079	0.0975050004262242	0.149982406617651	0.0943750673110157	0.0871890295643372	-0.112310432330447	0.0179130162335702	-1.38807337795265	-1.34672499372358	-0.951269697123002	-1.19336549542783	0.912297646082731	0.594462613695664	0.652404792704405	0.741947770663615	-1.2318607546434	-1.20347369538141	0.0685377946005801	0.03574534194528	-0.103716820717917	-0.599170371606129	-0.0392622006455411	-0.199258084454125	1.5915293965655	-0.347772747735358	0.357172324430648	0.0824120427014117	0.609676667250011	0.840796752767761	-0.615844461376892	-0.46793155467413	-0.749051659999322	-1.06436811773826
TCGA-B0-4833-01A	0.0893460575907745	0.000483733758681551	11.0924241357554	8.02038438738367	7.57774453622463	7.5	1305	B0	2.01771806345117	0.0108705642167522	65.72.0	TCGA-B0-4833	2386	1	90	12.5	0	698.513014055939	1937.03013463918	2635.54314869511	-0.298961443899487	-0.330857067232485	-0.280789198780079	-0.303505825519848	-0.525325562389191	0.0153090883263084	-0.782794939296833	-0.77500578763728	0.355346757674674	0.133478234267285	1.3699671687971	1.04482804189401	0.850159282474403	0.898598820340043	-0.499606292157633	-0.404759216072368	-0.795900894880467	-1.02602367698504	-0.50597482137537	-1.2659903012476	-0.400608770223017	-0.590765021099072	1.52744600450967	-0.630287459349912	0.305666305310502	-0.0704764235873629	-0.141577890459178	0.0275964675687218	-0.823095125030324	-0.798993368862994	0.168588864608761	-0.161898346944501
TCGA-B0-4834-01A	-0.0501742146209585		4.06358155855259	14.251041068667	7.77504478344354	9	1305	B0	-1.13309329913441		65.72.0	TCGA-B0-4834	2090	1	87.5	15	0	-449.951894805416	-355.238858706763	-805.190753512179	-1.4629494187682	-1.70133597870406	-1.47330133310231	-1.48309936870605	-0.782293654867805	0.0084522742246911																										
TCGA-B0-4836-01A	-0.0194127399915539	-0.0490557036246386	5.21442190940123	8.79087857615829	7.67974910120388	8.4	1305	B0	-0.43840139339381	-1.10238983093311	65.72.0	TCGA-B0-4836	1238	1	77.5	25	0	980.298500372351	1970.16555366706	2950.46405403941	0.570616163673337	0.570485859846454	0.561516614022762	0.573144045072098	0.970198482465232	0.0117986627851731	0.991886319486977	1.08510196380031	-0.584095116065056	-0.419464115565914	0.0537471074525404	-0.333136777173575	-0.883552936036854	-0.738554262620061	-0.441853696156466	-0.138069913231743	-0.615252777677673	-0.363737325938757	-0.408699197809601	0.00675697647470546	1.44854505241816	1.41634603848696	-0.424462724303568	-0.841572870654005	-0.535068351574833	-0.464925598688284	-0.415505891175338	-0.729048627219138	-0.204013946159422	0.235364086260305	0.200789779880082	0.217823930156733
TCGA-B0-4837-01A	-0.0152871104418023	-0.0519284725210255	4.51390310763647	10.0477375873392	7.74104078839087	8.8	1305	B0	-0.345231560385966	-1.16694728264617	65.72.0	TCGA-B0-4837	1378	1	80	32.5	0	1013.43786839236	1278.16457166393	2291.60244005629	0.140920207984397	0.0982357257225763	0.155516489261292	0.156490267860709	0.0657164649749938	0.0101982969208054	0.477796879564601	0.681518191912109	0.126824833082689	0.617717213169186	0.458410635574358	0.0790524155082395	-1.06012558479622	-0.735377853358407	-1.04895134097371	-0.584433121865184	-0.272206933885077	0.344977699879158	-0.916456771799804	-0.161658151248307	0.27218978695852	0.275129180718348	-0.307580152524154	-0.143925704158747	-0.481801569858843	-0.179536027729215	0.45637821657452	0.0598703666739746	-1.17059384075039	-0.596839384088637	-0.959402297739241	-0.876190133360036
TCGA-B0-4838-01A	0.0297744178091106	0.0262301970374199	7.31211415047939	7.27152886661852	7.72774799379749	8.4	1305	B0	0.67240102431098	0.589450366438131	65.72.0	TCGA-B0-4838	834	1	90	5	0	646.328664148715	2273.26650481777	2919.59516896648	0.0606777701587234	0.0475499074244339	0.0322120398913577	0.0438468737930345	0.246081948787735	0.0130813019261966	-0.764992078501077	-0.825560532012092	0.00950522983653796	-0.22374196948528	-0.410607806700499	-0.412484800947116	0.404247076132444	0.296465332876373	0.407481950644671	0.295878928683288	-0.0285682075798649	-0.294149865544993	0.807844841321956	0.541267012228275	0.210843346246618	0.162701949605848	0.450278063956901	-0.323901394411211	-0.10384816741481	-0.308755565531309	-0.992314451704432	-0.83847006357992	0.785926043079551	0.736477605407887	1.08584076707478	0.963581808711028
TCGA-B0-4839-01A	-0.0491303238894537	-0.0455701331029398	2.62091653205756	10.8889424942404	7.76199197101545	8.3	1305	B0	-1.10951892728161	-1.02406137543847	65.72.0	TCGA-B0-4839	1639	1	90	7.5	0	977.647730171732	1958.04944000114	2935.69717017287	-0.260934795669816	-0.199856006111159	-0.242981939954979	-0.248404702948417	-0.929822013768184	0.00609558448714947	-0.671383253572941	-0.420715470277637	-0.0781597862349736	0.662632018577392	1.26429605764542	0.865940494934222	-0.652446785506935	-0.166612180404052	-1.29867068711282	-0.626000575015489	-2.100570362792	-1.43180497593417	-2.58885260949409	-1.78387952066466	-1.14539402146458	-1.11405538825545	-1.46506901194043	-1.11644684159165	-1.38580788679384	-0.874805820298765	1.46515107478671	0.882472035086773	-2.05534104574286	-1.36721978006456	-0.623188622166167	-0.423622779571206
TCGA-B0-4841-01A	-0.0385007173373531	-0.0667987394570934	3.45553487588119	13.1420588525785	7.53395834067139	7.3	1277	B0	-0.869468613637254	-1.50111497044484	63.79.0	TCGA-B0-4841	204	1	85	10	0	1016.70623256181	1358.49242367383	2375.19865623565	-1.35549334445996	-1.46053853742358	-1.30501565877401	-1.32838855258024	-1.21461316962069	0.00396094170959318	-0.394509935249031	0.0606879820195488	0.0286264761158035	1.26356114048256	0.591284870443443	-0.908952232275103	-1.98691555511543	-1.09154979087709	-2.21931924098028	-0.747578395672437	-2.18465556585155	-0.695322484672015	-3.06255384887426	-1.11239252459465	-1.7736014885251	-1.85212139933707	-1.38413625458465	-1.72560252704703	0.194918834119827	0.990039148082916	-0.558250040421096	-1.95430352706621	-3.07480642032597	-1.35946855141615	-1.99173949576916	-1.81149416579697
TCGA-B0-4842-01A	-0.0440577502986391	-0.105776505864798	2.43706885249217	8.78951860110972	7.64293396728713	7.4	1420	B0	-0.994964086941024	-2.3770313297152	68.74.0	TCGA-B0-4842	1724	1	90	5	0	752.405581183316	2289.7625770267	3042.16815821001	-0.27561386667515	-0.214213026252774	-0.246087658088274	-0.266264522201539	-0.767345667114882	0.00802029502468751	-0.502761663692837	-0.420936386020614	-1.47350855923789	-1.18197091699306	2.29950103865082	1.98643309140056	-0.863323742097066	-0.627957632772545	-2.11724463421405	-1.88053959951321	-2.36110006069553	-2.10590769263953	-2.33221244572735	-2.04248061696301	-0.184679380756496	-0.194412602038646	-0.84565426387325	-0.242504492650835	-1.5787136686306	-1.3663041205411	-0.178853748689302	-0.807625080708139	-2.83095529848701	-2.84096133242449	0.362986395789276	0.525620698853882
TCGA-B0-4843-01A	0.0342026024732899	-0.0560433725559649	6.3830642762347	9.75895932402048	7.63700295693767	8.2	1277	B0	0.772403513801179	-1.25941816000905	63.79.0	TCGA-B0-4843	320	1	90	10	0	1107.94200719431	1363.27143283206	2471.21344002636	-0.487968803288637	-0.554766903764075	-0.439316574049405	-0.459176094026834	-0.475813558227663	0.0103273790249001	1.45941207146106	1.65650214892443	0.790926407248878	1.22358296085268	0.680263473636528	0.0998437377864786	-1.46840052756999	-1.18164515507834	-0.654348147058128	-0.086709109630442	-0.701322903160297	-0.182213789467176	-0.889160390359951	-0.337260049843182	-0.182050244458508	-0.241791198623462	0.994169452150102	0.964886469747038	0.388919200896484	0.567829336298811	-0.242176971982609	-0.662465529859686	-1.71386267304645	-1.21029324550333	-0.892685245864509	-0.916437980868324
TCGA-B0-4844-01A	0.0279447337239137	-0.066927777018039	6.1118681510516	7.82513114772943	7.64895529869219	8.7	1277	B0	0.631080940037982	-1.50401472897411	63.79.0	TCGA-B0-4844	313	1	82.5	27.5	0	319.064004691783	1410.67155319836	1729.73555789014	0.254081528907961	0.320173318896859	0.23927444428163	0.237733562733833	-0.27436124721914	0.0150272800235756	-0.805469557748311	-0.810306857587514	-1.60106342194896	-1.72994692988197	1.3153580239737	1.14305388604721	0.165670435013694	0.222458612833053	-1.40783543656122	-1.43520580930706	-0.46722642209787	-0.455532497321659	-1.00607514760007	-1.30729140279586	0.0235230886855732	-0.0355706026787727	0.395865316348127	0.0311873427089842	-0.769034535413081	-0.876837369775343	0.509376011650213	0.441904936099841	-1.60889120527423	-1.81438636542058	-0.398564663835163	-0.455284959629527
TCGA-B0-4845-01A	0.10043659869328	0.0257374050531142	11.3335294758664	8.02671512968523	7.69614000025696	8	1277	B0	2.26817774482254	0.578376243917725	63.79.0	TCGA-B0-4845	1986	1	90	10	0	357.341202476865	921.586785743773	1278.92798822064	-0.140518472146193	-0.184738930165381	-0.142984540101754	-0.149305858104722	0.0726862963119261	0.0197495933381692	-0.431710747117023	-0.412924857705745	1.06996283321792	0.841484988992143	0.55943561129192	0.508213644525883	0.453817109704188	0.423309742424037	-0.0491769968374786	-0.101203542367802	1.00134615705194	0.874248250206007	0.633788267526447	-0.00555310475153547	0.23582804465943	0.0960329178430163	1.7960747647565	-0.0736026811883448	-0.106851274445849	-0.475304208567092	0.79756994417084	1.27394460687339	-0.0661784026347352	-0.0956715730301034	-0.97066075458981	-1.30969105055492
TCGA-B0-4846-01A	0.0292807232811035	0.0569076501858328	7.08831139759405	5.95807738614803	7.77051658471936	8.6	1277	B0	0.661251832126704	1.27884038413124	63.79.0	TCGA-B0-4846	1200	1	90	5	0	989.806528655313	1899.32817777019	2889.13470642551	0.168646703481398	0.192022705341561	0.157629879300041	0.151235486017755	-0.138192643655462	0.0167068286059591	-0.466143790807366	-0.638745360590825	0.264056136773184	-0.212110328753532	-1.12344466810137	-0.859691034193722	0.920601239167257	0.610405849350209	0.488521249921296	-0.00716848875987302	1.44197467234863	0.99246552720985	0.554940679723223	-0.395430269533348	-0.694982627102559	-0.728174180034001	0.259633115753793	-0.487271916058941	2.07370150692309	1.80375490537485	-1.63430177094674	-1.28283135973569	1.24720868321656	0.764313070962561	0.612656637974204	0.464356528951348
TCGA-B0-4847-01A	0.0860045569625918	-0.0491302544052549	8.21341176032469	10.6153732091432	7.65375185236684	8.3	1277	B0	1.94225635469398	-1.10406515136208	63.79.0	TCGA-B0-4847	793	1	90	5	0	216.973140026952	2640.29443945314	2857.26757948009	-0.518904668495712	-0.555909237106248	-0.511383010719317	-0.535129990128334	-0.263730950103045	0.0124842255038185	-1.94502212180865	-1.71858473964257	-1.21076730172846	-0.879416460486147	1.76854184856772	1.25915386101957	0.267424148295237	0.727268284379338	-1.73446215059711	-1.173739350729	-2.00262117360676	-1.59666651084782	-0.76231132726105	-0.167997454671209	-0.0797389546330068	-0.174453060466304	1.78803597345415	1.44562009115901	0.304580886227642	0.520110917957161	-0.0840827888805883	-0.424690100353122	-1.97199574407829	-1.31011730512709	0.968852500592293	0.880130669035735
TCGA-B0-4848-01A	-0.045423790826977	-0.0165476882855983	2.95726638254367	7.26763483123338	7.63640802094937	9.6	1277	B0	-1.02581362550778	-0.371863044327679	63.79.0	TCGA-B0-4848	883	1	87.5	10	0	1133.84349871356	1924.29405700633	3058.1375557199	0.321389324920356	0.390835296326922	0.305437441501773	0.324881604226675	0.362215672971336	0.0113324149453258	0.41633274464017	0.370127532853164	-0.270108806604146	-0.231174087235041	0.224056660991087	-0.0552861388915919	-0.177928764175109	-0.174062951117165	0.0555235109150983	0.168649720290956	-0.590528811589724	-0.551349025852596	-0.141839566495438	0.20135514875226	0.608296343105979	0.616752869670623	-0.858646825630835	-0.576698049561009	-0.94056596608508	-0.95111214936991	0.117708828261661	-0.198940946730991	0.463605112851509	0.658338789003005	0.659451844728639	0.764423935572839
TCGA-B0-4849-01A	0.093209587553554	0.0204721743931868	12.2893345507742	6.92543216216484	7.58862058253315	7.8	1277	B0	2.10496885441824	0.460054900869941	63.79.0	TCGA-B0-4849	69	1	90	10	0	683.125961297867	1618.93274533358	2302.05870663144	-0.0246936690908948	-0.0544822355576487	-0.00929195816952805	-0.0381340330475546	-1.1844534046096	0.0201901662496078	-0.456951989876724	-0.537910583980895	0.718592377609717	0.234844084672181	0.652048380636768	0.474505498955153	0.29436839619391	0.114934233109447	-0.12020273893449	-0.318007651693833	0.746150840887446	0.361914894120712	0.396659753740983	-0.737407084499482	-1.14088526168937	-1.33871714384819	1.64611884459794	-1.03756350094317	1.14359855530167	0.583864522237148	0.0498819991462273	0.542320835883209	0.0969165055591241	-0.122019609668237	0.0192296353710118	-0.404803290810878
TCGA-B0-4852-01A	0.0536618594579311	0.0418052256479961	8.35486691076621	8.26012883805304	7.98573432778773	8.9	1503	B0	1.21185540880346	0.93945560310072	82.75.0	TCGA-B0-4852	1121	1	85	12.5	0	701.912484441972	1313.39191726651	2015.30440170848	0.203089319056292	0.19419967790296	0.214471024088559	0.206969014896448	0.651035318347009	0.0156209734896032	-0.652630709067417	-0.636943136482603	0.0529443789962737	-0.142044775027014	-0.934373595714504	-0.380139206719138	0.578768696982714	0.466303898885825	-0.0198646862349734	-0.410476930680106	0.716969818006653	0.445834153165857	0.347660770735631	-0.393083245333825	0.573698344234272	0.604038925387123	0.29408321780754	-0.622483851721547	1.24338791100388	1.20897891163449	-0.0500390026207909	0.549802119616616	1.03713837425663	0.866006571901152	-0.550042805803744	-0.698320077902949
TCGA-B0-4945-01A	0.0403769631569692	0.0447996107086828	7.45890751138106	6.42121896812794	7.67133298358417	7.4	1420	B0	0.911840209920256	1.00674603819584	68.74.0	TCGA-B0-4945	2145	1	80	12.5	0	680.616255080306	1088.94103709549	1769.5572921758	-0.213801524193588	-0.194262166904547	-0.202981205354344	-0.225382373683254	-0.942012565942605	0.015384231083276	-0.0429549360546106	-0.164788919428442	1.03993565090315	0.727749181595385	-0.836811836912956	-0.899509137712828	0.394985721977063	0.182836553066369	0.831342483792483	0.648096296784098	-0.0839371824168624	-0.531579465649991	0.491491540807736	-0.145723815717927	-1.21542648276904	-1.28125874924786	0.540458040123036	-0.357112972214057	1.20587678333768	0.90596200210859	-1.61470994826025	-1.47414923933717	0.961589560510597	0.754661775212245	-0.50397280362882	-0.667496541412869
TCGA-B0-5075-01A	0.011024160644028	-0.0138175542154794	7.3474004375005	8.71249504586685	7.8967832514619	9	1334	B0	0.248960599556881	-0.31051091167839	69.68.0	TCGA-B0-5075	637	1	75	10	5	436.874999683433	2183.72274069809	2620.59774038152	-0.0239802654842966	0.00398132039850067	-0.0480152893047753	-0.0352567360216444	-0.0319459239898746	0.0110862753116527	-1.64782647102652	-1.59727714132555	-1.82174424912715	-1.97279934796654	-0.570553315226632	-0.32608632428747	0.825110668437829	0.871852396832804	-0.577575658208368	-0.738671277930899	-1.33407231519465	-1.60328114701877	0.029473563747327	-0.274039187448062	-0.0843206656185981	-0.0674989952655868	-0.148712493414909	-1.0267598625709	-0.601435440977774	-0.611901969324064	-1.41435488254756	-1.22766542112189	-0.122150090215848	-0.205014522100753	0.774928310053741	0.700534129382244
TCGA-B0-5077-01A	0.050786796719783	0.00859791103613375	8.09776740043812	8.59559974870446	7.86181908807241	8.1	1334	B0	1.14692735068044	0.193214019842147	69.68.0	TCGA-B0-5077	1317	1	80	10	0	479.77631426294	1421.72762257711	1901.50393684005	0.357678489133206	0.376727636179432	0.352227322127922	0.345902346651112	0.363162420695401	0.0156940591626049	-0.269095867823462	-0.206983707381325	0.138653981957647	0.0809785381977897	-0.191575875611706	0.0225964862287352	0.423939995269691	0.440340892695566	-0.455503472414604	-0.60504220500984	0.437855518620838	0.383471914543522	0.369091389297956	0.0775046612999523	0.435881963221629	0.403809481340251	0.618440327428748	-0.171166367203421	0.331232054419628	0.285099461548077	-0.0136637551493354	0.310631373253442	-0.123047979693264	-0.200343901894555	-0.411938925624177	-0.543832171057162
TCGA-B0-5080-01A	-0.048733992108954	-0.0280354460879844	2.84469490298078	8.17404398066039	7.76513379016622	7.8	1503	B0	-1.10056849550882	-0.630018293276394	82.75.0	TCGA-B0-5080	342	1	65	50	0	1575.82785957139	1926.88055201197	3502.70841158336	0.194097162039284	0.201653418069318	0.215405490261478	0.23367411350443	0.126933827593469	0.00950105393218382	2.3335994266743	2.38901224360076	1.59035082151237	1.91484679367314	0.257790371535576	0.218292280778409	-1.87995502555835	-1.87282043162047	0.759060282245191	0.989273583612505	0.100495684171784	0.342579632939428	-0.108503006680884	0.382733266197764	0.631037200659153	0.684880525109541	-0.51041815366345	0.328211875428502	1.30517789794501	1.53331212884785	0.669494486729182	0.463509923995449	0.0377673963966571	0.215372795173572	0.22458242690154	0.368779641405651
TCGA-B0-5081-01A	0.0292314044659542	-0.0515204299574973	6.49425786260651	10.5534190579147	7.88209337067712	8.6	1334	B0	0.660138056467453	-1.15777766648771	69.68.0	TCGA-B0-5081	362	1	80	10	0	1406.28285689374	2982.3727696445	4388.65562653824	-0.13013423013843	-0.183423471387478	-0.14278255892231	-0.124731271586322	0.579689440698039	0.0100818678621309	0.923608899018589	1.17001301602525	0.113558828535501	0.536813991220617	0.226146151210216	0.210625235648838	-1.18265336272456	-0.907156172002305	-0.260764030255395	0.147296118398441	-1.29944870674894	-0.970374169454017	-0.209724052967378	0.368980085552843	1.33576995459068	1.36623084015807	0.642370492494645	0.772108658838561	-0.216329070938515	0.0964355799455728	-0.218511390443403	-0.325281889421432	-0.901530150305242	-0.429551706382093	1.7858827520035	1.82389257251064
TCGA-B0-5083-01A	-0.0876791706877194	-0.0395913988673221	1.56805936166229	10.5366311531374	7.69372910280794	8.7	1420	B0	-1.9800744571778	-0.889706033730835	68.74.0	TCGA-B0-5083	1045	1	80	15	3	1383.87926553389	1792.07182847922	3175.95109401311	-1.10970103445422	-1.26032088150744	-1.1246720067051	-1.10445582672126	-1.07737367370554	0.00593728851747554	1.10563300859779	1.3413956228828	-1.20254381034585	-0.529602491487532	-0.636250197836007	-1.39433961559385	-2.30011305476654	-1.87740186019006	2.03611005557868	3.1918955872599	0.66405739740982	1.75400485709295	-1.11738930661912	0.40063736403178	-1.44092967321728	-1.39558792926198	-1.79935141525614	-1.30165724773343	-1.79065771301032	-1.29368765976572	-0.0387505275413797	-0.883513953942441	-0.719406773871904	0.348389105929313	-0.412470923456348	-0.16231290898696
TCGA-B0-5084-01A	0.0257786845430935	-0.0885870810703459	5.36351019520389	8.97702999597117	7.8175792244565	8.1	1334	B0	0.582164662405651	-1.99074705096977	69.68.0	TCGA-B0-5084	222	1	85	10	0	-235.589810728975	860.141646289491	624.551835560516	0.0357925368499885	-0.183870394200615	0.0687863103266541	0.0750479617353076	2.37272763570571	0.0140008390846589	-0.118120144032558	-0.015847439434839	-1.50944400899692	-1.41218247646377	1.82188608642548	2.00763289170246	-1.66356965101723	-1.58973231653612	-0.259490695185335	-0.0999716949497575	-1.46577276420173	-1.42293549415133	-0.6631260715361	-0.600377123281699	3.97286476137229	4.00113486788293	1.02222453432592	1.81493749561204	-0.580530630837869	-0.424637595822876	2.37463856894945	2.50211869346934	-1.12427328102332	-1.12475944972882	-0.646189848028736	-0.610768522617401
TCGA-B0-5085-01A	0.091782272800399	-0.0340600757655745	7.45053211299544	12.1375372117762	7.76544683665256	7.4	1334	B0	2.07273554902874	-0.765405006767084	69.68.0	TCGA-B0-5085	770	1	85	7.5	0	243.681866353452	1212.16178694366	1455.84365329711	-0.693139867803153	-0.743977479837762	-0.626113242909941	-0.678114291746335	-1.41414577225867	0.0124295648290559	-1.62156249967219	-1.26170488445335	-0.546266029647123	0.141626514746559	1.27362478055687	0.787139233718824	0.563298610283867	1.23811789962553	-2.42817414859624	-1.72176877913367	-1.18073237019325	-0.321233991330403	-1.33993926390797	-0.414525717661621	-1.81233511869729	-1.85466226054708	1.83029861682412	2.14915752357307	0.71350727591781	1.21937691949194	-0.958580126040121	-1.48101212087348	-2.86500594884681	-2.05257390892269	-1.37833642625829	-1.39830675721499
TCGA-B0-5088-01A	0.0606517546806048	-0.0199756007549249	7.39188044332836	8.72588062727095	7.83100985191736	7.7	1334	B0	1.36970946787138	-0.448895796246388	69.68.0	TCGA-B0-5088	563	1	75	10	0	1216.50047220318	2088.29666751964	3304.79713972282	-0.112409586380374	-0.13842818926458	-0.0905804060461443	-0.109270295237634	-0.669888118042368	0.0130680339734114	0.301100649520141	0.381027740326887	0.447231336828361	0.500472286994523	0.756893374470055	0.956588623167072	0.26153655807766	0.342874959053509	-0.841250239534626	-0.91399990597842	-0.265743924744213	-0.26962822559252	-0.485352950443397	-0.828912170289452	-0.540053269371672	-0.550263921693021	1.1951747836989	1.12494327908637	1.17276879159166	1.21945855813841	-0.445409279073042	-0.300669414772255	-1.2933522383923	-1.49557332847104	0.309194015425874	0.23347184513624
TCGA-B0-5092-01A	0.0886567197862438	-0.047784715724092	9.45795476077806	8.06350015004401	7.68069266666216	7.1	1420	B0	2.00215062401929	-1.07382793021056	68.74.0	TCGA-B0-5092	459	1	85	10	0	825.404137345456	2718.65090768999	3544.05504503544	0.0204270919754602	-0.0601214042724738	0.0327620587488348	0.018927299036938	0.878173816237403	0.0170046619371394	0.0147989996132449	0.0433117017718656	-0.254616466609746	-0.440934724598465	1.22881107524899	1.17055868920003	-0.117223153327267	-0.120921357547118	-0.562283885788266	-0.566712435406999	-1.2866332830164	-1.5591673200298	-0.0751197308161274	-0.59702195269618	1.44652990376135	1.34225615770833	1.85054514688611	0.928701555870963	-0.363537641502987	-0.633488487998358	-0.283867315763094	-0.0973972049612665	-0.896762158461831	-1.02082089307001	1.70704745170949	1.50163195590312
TCGA-B0-5094-01A	0.0446834440805488	-0.036018854717068	7.60571168310275	7.67246655705435	7.79680623726267	8.3	1420	B0	1.00909424198078	-0.809423089020984	68.74.0	TCGA-B0-5094	333	1	85	7.5	4	-15.8064923847819	957.594732999168	941.788240614386	0.143441411262446	0.204506486277085	0.132668927443988	0.143354849727977	-0.00272228127579921	0.0210160914656552	-0.842116397668456	-0.865376045101021	-1.37573083632406	-1.67009808184367	-0.298751842174012	-0.137310526979665	-0.235929516077908	-0.337617033252444	-0.827680640046223	-1.12503406126905	-1.21398844523306	-1.6444800697156	0.307962024052263	-0.184197812050989	0.349556977425128	0.336215189054299	0.773723162296207	0.19062373477545	-0.742782551027986	-0.93317296523519	0.157378644566379	0.473558250941742	0.107162743048147	-0.104079349774868	-0.662399166430163	-0.795366919421305
TCGA-B0-5095-01A	0.0327779189223775	-0.0170758367757572	8.13046222890925	6.06137521022731	7.71500169186242	7.5	1420	B0	0.740229629324438	-0.38373170549762	68.74.0	TCGA-B0-5095	245	1	85	22.5	0	1573.27311691763	1601.86836707094	3175.14148398857	0.150833547912378	0.129880640552236	0.152759728171968	0.157918449297536	0.627787581151522	0.0190406867029634	2.67615058414088	2.55874692730038	1.36929427238921	0.971488430113446	-0.451797471937071	-0.280281815059075	-1.16155177310356	-1.51928156363347	0.793714889590621	0.423096495732357	0.47629699571291	-0.0547063236523493	0.685834548363275	-0.246115540251918	1.12995211161824	1.06048008455756	0.899404721168781	-0.00487414016167543	0.0292805438108606	-0.430008776835669	-0.161957768456861	0.283751642328468	0.267969978637513	-0.334819090830437	0.0619388620881556	-0.136393431680126
TCGA-B0-5096-01A	-0.0740919726557147	-0.0438650917094816	2.82985308573415	6.98269903405519	7.69428294695719	8.6	1420	B0	-1.67323232401473	-0.985745335618699	68.74.0	TCGA-B0-5096	68	1	72.5	60	6.5	1070.58830792584	1875.93103688889	2946.51934481474	0.586104240050049	0.646692780656209	0.603337913364805	0.615556341286463	0.700700047808428	0.0072013337990914	0.269544410459027	0.197890197487405	-1.35776774683008	-1.46119470020038	-1.13653066915132	-1.34632308151806	-2.09099881444592	-2.23932637649346	0.143646845301632	0.0911787974908479	-1.27134658193511	-1.4600539811334	-0.091975182827848	0.054737124383695	1.14427495109293	1.16589741237633	-1.45140225366788	-1.40919294969087	0.0431109758638522	0.0506265999253212	-0.71042645479831	-0.961093559929633	0.85149693356524	0.931458619360051	0.337035770790498	0.43900509880331
TCGA-B0-5097-01A	-0.0354310224522079	-0.0189252536691985	4.41573291313211	6.59728705284934	7.73823287544305	8.7	1420	B0	-0.800145142786306	-0.425292181157816	68.74.0	TCGA-B0-5097	665	0	80	40	0	1775.83983151576	1944.10606695366	3719.94589846943	0.169761217195587	0.175534255618179	0.168769495624476	0.172779842739749	0.960094016002947	0.0107847782294769	1.37182515373408	1.27656133688791	0.57080348176962	0.416807276725853	-1.76646460028692	-1.81810589165681	-1.5993373626987	-1.84086398091913	0.575012889128148	0.377484888112175	-0.636783910717487	-0.982953367980493	0.305567211641376	0.068619481676823	1.33738904551734	1.34391289651001	-0.669696902261214	-0.791430388337023	1.54752925566719	1.47498315614926	-0.0166826619393133	0.0789757496689435	0.356411684278667	0.0417783466469366	0.272357211944	0.28059318478007
TCGA-B0-5098-01A	0.00153807435703951	-0.0692434778921486	7.79281001736518	8.14377503751954	7.83080849947841	7.7	1420	B0	0.0347346094143734	-1.55605363386139	68.74.0	TCGA-B0-5098	1584	1	85	10	17.5	-1287.35565088056	-635.00426787697	-1922.35991875753	0.840573158988681	0.487835074120322	0.863385438865851	0.849432168146812	2.65976640166561	0.0159645653603242	-0.142601122826632	-0.109616442925317	-1.93069532904093	-2.17857159611337	1.0775061786815	1.391055294095	-1.93721852773561	-2.07811741990162	-0.0463142371573592	-0.195391876387341	0.913846085587132	0.897389907601833	0.396116323734964	0.0377878288175892	4.30907960195664	4.30454062286566	1.33913880658354	1.16118997645308	0.486557682108652	0.420540511914527	1.91292199249505	2.36374977304268	0.192736764409795	0.0990177925124486	-1.78453826877039	-1.90702166194075
TCGA-B0-5099-01A	0.0459626142846449	0.0497895159933583	7.92916076575623	7.11972767414716	7.7577485525397	7.8	1420	B0	1.03798197241489	1.11888021295432	68.74.0	TCGA-B0-5099	485	1	85	12.5	2.5	35.878270384882	58.5504582461344	94.4287286310164	0.00124126191442199	0.0367487471158362	0.0154284787598017	0.0124088429913163	-0.401502220661026	0.0173701751703275	-0.831449121545696	-0.906029817821987	0.561833616792165	0.287685814117752	-0.400772000052833	-0.274098929076646	1.0351053262501	0.905695150164159	-0.261562847723313	-0.573933116784926	1.01176887150558	0.771077221806041	0.587626706734168	0.00010478161360976	-0.322661555755371	-0.367942995376012	0.740009326851705	-0.100305650865819	2.85803244029437	2.69980624502735	-0.751349758714309	-0.455421420597109	0.299033931403152	-0.00432841685789021	-1.90859852117723	-2.08956629608652
TCGA-B0-5100-01A	0.000958738115285869	-0.065760174559994	5.36802171847033	9.99598688770547	7.72603028786788	7	1420	B0	0.0216513550289115	-1.47777612711508	68.74.0	TCGA-B0-5100	1913	1	80	45	0	951.030437939454	756.623068579742	1707.6535065192	-0.415377885157162	-0.487054674550632	-0.357130190565519	-0.375945611934572	-1.08979554941058	0.0173919218334971	3.22617169268869	3.4691493344607	1.03157275801407	1.54197958614264	2.19000917612466	1.97297740402068	-2.35359042463978	-2.11143631828604	0.195559565684957	0.803671047468986	-0.353308211920862	0.191057578010327	-1.11073052365275	-0.576943138093931	-0.562193329858314	-0.585616241884326	0.337343913143951	0.488871619143949	0.212801206863251	0.48465754038702	1.97048988181744	1.74026367505172	-1.32108849123107	-0.79999112400321	-1.41452618768127	-1.38199678473515
TCGA-B0-5102-01A	0.0251563826250828	-0.00246669093558061	5.51909324229513	8.99439083115218	7.81625966595023	8	1420	B0	0.568111106437446	-0.0554319845098129	68.74.0	TCGA-B0-5102	2764	1	80	15	0	203.481238938254	1188.44119804947	1391.92243698773	0.0759788102049468	0.12082136073276	0.0775659922244841	0.0760547930272253	-0.754370238034542	0.0134603128762655	-1.1056014943161	-1.02219068677671	-0.797206996350076	-0.677809692041329	0.773004503092463	0.852728336717075	0.408638051678528	0.554884480398563	-0.593977783671818	-0.482455163884691	0.372109445066389	0.630013314723022	-0.576840996470068	-0.478135686359118	-0.810708999281799	-0.786645591080165	0.0410269598062093	0.0607572695986558	-0.0815511334638112	0.0670311971289835	0.950487584964784	0.973964923761957	-0.450975607994608	-0.274709950058841	-0.799102230286432	-0.791708874189758
TCGA-B0-5106-01A	0.0670430377126397	-0.00989753270037268	9.34340850492429	8.9989020990806	7.73400226729471	7.3	1420	B0	1.51404496033856	-0.222419384373863	68.74.0	TCGA-B0-5106	1598	1	80	25	0	975.253527820511	2101.25396309581	3076.50749091632	-0.309826206701281	-0.305861545346403	-0.30614392108313	-0.314790778957944	-1.12072526212739	0.0177069331971378	0.227112743762068	0.333126529010799	0.7168959675792	0.764150766561054	-0.193349419270111	-0.3953456320259	-0.535863635931486	-0.450485861401873	0.628443262813003	0.91493086929282	-0.795785916627057	-0.839543207590654	0.324806405756407	0.254717468670582	-1.05310545980245	-1.13633772288665	1.25573155715073	0.0743357929159319	0.11924294997829	0.00806973178537692	0.0506390093895883	0.212606020895094	-0.0793980672110633	0.225001020835371	0.620081762692096	0.434886046827704
TCGA-B0-5107-01A	0.0399975009561092	-0.0904637488406994	6.51902565506553	8.57846934625181	7.72369510834339	7.9	1420	B0	0.90327074689393	-2.03291991392385	68.74.0	TCGA-B0-5107	927	1	85	5	0	-562.44968122028	1810.89405344516	1248.44437222488	0.464640634654634	0.518517099011142	0.465222287381311	0.478833577292053	1.07479589491588	0.0167515802564599	-2.01158006578285	-1.95791798964561	-2.64214409578621	-2.73871103006686	2.52309514653371	2.59669794959302	-0.177307296534421	-0.0501153459936993	-1.53661140990458	-1.51354442657963	-1.95614521045789	-2.05203359742616	-0.396039134690686	-0.408701786310381	2.42883983298492	2.41834961623257	1.68486653235541	2.1936099733985	-0.926942309333173	-0.931853202364868	1.98029097772943	2.07092349170271	-1.44683442101889	-1.49891280999684	0.527928244981378	0.484717166983034
TCGA-B0-5108-01A	-0.00945216257823935	-0.0230709559565484	4.67513741591348	6.55510477403697	7.78742292378	7.9	1420	B0	-0.213459884935762	-0.518455253052994	68.74.0	TCGA-B0-5108	1782	0	75	40	0	1751.86664306693	2547.87589593447	4299.74253900139	0.0328177685852393	0.049799367695351	0.031372558630435	0.0360443422413692	-0.386516413994732	0.0127212535133409	1.6247924183757	1.53183077357253	0.704288965026933	0.530525121667681	-1.02720043814356	-0.838930352564011	-1.43139838471845	-1.70162971016267	0.618928257409232	0.333085942181384	0.296255114980471	0.0101979826462472	0.269950063342177	-0.151316602052702	-0.204055131669521	-0.179308765229086	0.00603132875128239	0.320579039934736	0.783269123746025	0.677242502949987	-0.118965792454159	0.0788544144990188	0.0684230962969383	-0.425133535965867	1.22320989628862	1.23698291469592
TCGA-B0-5109-01A	-0.0253623312323367	-0.080526896485746	3.86699737321457	10.1285417492195	7.73824756303204	7.7	1420	B0	-0.572762080819573	-1.80961693020958	68.74.0	TCGA-B0-5109	587	1	80	10	20	479.99075990832	2096.95714889982	2576.94790880814	0.743487949055789	0.588499896120819	0.705765957042462	0.707536636482371	2.83843773087461	0.00934794334405144	1.0424086458442	1.25087915620934	-0.771219729812934	-0.288365613907996	1.47882931918831	1.17371350432876	-2.08999845581106	-1.79684622005782	0.389186177850314	1.08932079526741	-0.413292607707255	0.258969303647992	-0.134603155539262	1.02827415668362	4.33539748868446	4.36015521089655	0.415025627757784	1.39080230192315	0.457563759215197	0.884173725605001	1.89388826042273	1.55233875315977	-0.375144902619438	0.426464674563423	0.79093401375534	0.940836537925029
TCGA-B0-5110-01A	0.0244233485688619	0.071530555132235	6.43798583487864	5.80338410333787	7.73139179738959	7.5	1420	B0	0.55155686670662	1.60744930257551	68.74.0	TCGA-B0-5110	2009	0	80	17.5	0	1144.47813388278	1342.6148080236	2487.09294190638	-0.257305189637515	-0.246846719547033	-0.233267120121362	-0.223488355023017	-0.75656151627463	0.0161549748305631	0.603932646215606	0.43130115090413	1.3720709080355	1.00127210550872	-1.2928838893279	-1.14595946223663	0.65119837696056	0.341194764207886	1.12524823211225	0.752874834057758	1.00693627791755	0.541364420149942	1.50700514532617	1.01588520544719	-1.05397969208186	-1.08413524128249	0.364670854712616	-0.0633526201187338	1.83527145437568	1.55417432628129	-1.0291455224581	-0.727167953510861	1.41636731569467	1.0115833619227	-0.18704550868164	-0.31000141410813
TCGA-B0-5113-01A	0.0301838581160564	0.0466669867500127	6.65428689467684	7.15372715987149	7.80554551547173	7.9	1420	B0	0.681647488290549	1.04871009550998	68.74.0	TCGA-B0-5113	1175	0	80	32.5	0	976.90833048521	1715.92440035822	2692.83273084343	-0.360133612590378	-0.334132639946522	-0.35695958008711	-0.359525588181268	-0.670143111627069	0.0165654151706012	-0.0304373597128108	-0.0979511765045826	0.29959727060706	0.0724667162764141	-1.49555352953489	-1.36425834508076	0.138928810775424	-0.0315987042371758	0.733275198947069	0.526400737418202	0.39136455814631	0.099574699156981	1.53435919415624	1.4226057708205	-0.946448976561553	-0.951278694349911	0.288730545049763	-0.139155454730638	0.663943912277808	0.502224756885447	0.25145209797235	0.601407455260346	1.3222069129019	1.23456076488549	0.30986187815711	0.21809336272665
TCGA-B0-5115-01A	0.0656107615292097	0.0404809168326629	9.25053601647439	6.74662355486259	7.78054906847597	7.6	1420	B0	1.48169961007818	0.909695463847409	68.74.0	TCGA-B0-5115	1604	0	85	10	0	982.061243154168	1520.53188549327	2502.59312864744	-0.0990718903294325	-0.0619022631813493	-0.084202015736292	-0.098877299437216	-0.412838108572731	0.019837026702244	0.471523809118635	0.373687363905558	1.14438703260662	0.757706074310962	-0.300789570884903	-0.0142672104100851	0.410096554039797	0.162390105431905	0.197726166973678	-0.226351278045425	0.931808022105803	0.487404924144075	0.935272106839664	0.0379285051640602	-0.622720644556589	-0.691009999906268	1.04461519881457	-0.189607757636494	0.726116383392248	0.337435706014907	0.638608545657389	1.26548792311266	0.569877324353199	0.115767638634865	-0.138316510424426	-0.382858327952332
TCGA-B0-5116-01A	-0.0527912892225239	0.00189109343328207	2.62238867287247	8.20289543216414	7.77040329356935	8.7	1420	B0	-1.19219516483915	0.0424970394094495	68.74.0	TCGA-B0-5116	1274	0	85	10	0	637.262246556435	548.866766444046	1186.12901300048	0.508901093952548	0.512714368277412	0.501142406841124	0.505548782781321	1.25088614390005	0.0101180966405308	-0.131188464217379	-0.104727480040597	-0.00560420564411641	0.200904291807763	-0.91631759602876	-1.08190361880652	-0.244966788956648	-0.161100283875936	-0.534513419277902	-0.457047654229772	0.321703744414773	0.588809047094387	-0.429180044171666	-0.00846426679385889	0.855617911199516	0.891997130509307	-1.3903419959528	-1.04443627121809	0.0196826735939583	0.222558649864669	1.42437128725606	1.27354947065165	-0.197432717207307	-0.0711446221841684	-1.76869631102099	-1.63868356784451
TCGA-B0-5117-01A	-0.033923519039653		4.11876362163213	12.3534600948349	7.72679634841912	8.2	1420	B0	-0.766100922501198		68.74.0	TCGA-B0-5117	1608	0	85	10	0	-285.070709528589	-180.693753926603	-465.764463455192	-1.30437810002105	-1.48826473342543	-1.32084915280307	-1.32467279680464	-0.955877093679943	0.00776031170154808																										
TCGA-B0-5119-01A	-0.0203504159276293	0.0648986451069393	3.49096436299545	6.06966567187434	7.76178924781764	8.4	1420	B0	-0.459577097447238	1.45841566058577	68.74.0	TCGA-B0-5119	1552	0	85	15	0	778.092222539426	1274.00687860204	2052.09910114147	0.0414171533036117	0.093544138150275	0.0361493367443621	0.0350324721276803	0.250012053665563	0.0118973514420435	-0.371821695935007	-0.540233644439539	0.687526757932279	0.472032545016174	-0.449370124595504	-0.215538046086426	1.23081744716254	1.02626362507225	0.0962752351688621	-0.295820146729052	1.14366525598602	0.918982428808662	0.805830516933296	0.629098017744925	-0.195111775896636	-0.172560767251644	-0.524984683356704	-0.0711540387220987	0.920787254216815	0.820573510660604	-0.680834347341435	-0.608779951231696	0.79147064505848	0.372247857800251	-0.591132473710374	-0.555462309129036
TCGA-B0-5120-01A	2.19251065364852e-06	0.0205301599249633	4.98483924188752	6.95445700260542	7.76316404203122	7.6	1420	B0	4.95138618252846e-05	0.461357963630203	68.74.0	TCGA-B0-5120	1169	0	82.5	12.5	0	1387.99560182562	1564.82305943917	2952.81866126479	-0.0678583971888226	-0.0529836948333632	-0.063121622804468	-0.0582387686578584	0.0386880320982234	0.0140957762599933	1.12663435675837	1.05834867798902	0.985999163135388	0.882763213013784	-0.697719439991603	-0.609342481544862	-0.574168281192536	-0.746573256977143	0.225496931800854	0.0211923427721556	0.93851025358504	0.833169348245268	0.567031522960065	0.407054306539832	0.0973238589445091	0.104612263228685	-0.112958235987426	-0.0784676790974671	1.34348267953983	1.27745643934789	1.02630014203073	1.23995292256371	0.449966403696503	0.221772493263529	-0.033731096004923	-0.0433787481708005
TCGA-B0-5121-01A	-0.00121722752819972	-0.00526346735959006	3.79876564638885	10.8078115982275	7.8460180111986	7.4	1420	B0	-0.0274888678606025	-0.118281717801029	68.74.0	TCGA-B0-5121	1485	0	85	10	0	872.644539077281	1851.16615231623	2723.81069139351	-0.726221444884122	-0.735314328063015	-0.712166926006216	-0.72567816238214	-0.809521519390365	0.00715427351556492	-0.455910193618737	-0.208136835378528	0.711677045859333	1.38437626032482	-0.353937453313108	-0.631772918917911	-0.462742454798984	-0.0377131785687901	-1.13434374895048	-0.625555955222427	-0.68968228621256	-0.0076655740523977	-1.17371944713506	-0.276515382927294	-1.27354652452649	-1.23047821618449	-0.721454042446762	-0.260639115770498	-0.825592390273886	-0.34331327628042	-0.0833695778155183	-0.508186827994146	-1.53252968168166	-0.944765174683511	-0.96612571134561	-0.825331112285981
TCGA-B0-5399-01A	0.0434905907960553	0.0229870551504403	6.00572137117973	7.06519069342874	7.76916885901513	8	1503	B0	0.982155822042951	0.516569816933916	82.75.0	TCGA-B0-5399	1411	0	85	3	0	974.615473283674	1817.39678224038	2792.01225552405	0.230855337523122	0.279883357543904	0.236703460955183	0.221257872850628	-0.100308776077074	0.0178150266458828	0.239402214661826	0.168008266819708	0.325965668438894	0.141824223576969	0.451821937079788	0.675166343268302	1.0399384579845	0.947662765718219	-0.362671428291837	-0.654297043973587	0.867865907808898	0.721493980083901	0.245711850912865	-0.166521660779945	-0.159402089438846	-0.166396273182501	0.655013098671333	0.746313213517228	-0.370867844385268	-0.53066493214005	0.832679901623463	1.11260053081848	0.105205148713409	-0.206609079550398	0.200523981352753	0.14337775894196
TCGA-B0-5400-01A	-0.0319490518001196	-0.0929277384830576	2.55988143322875	8.17527880774865	7.75699797346129	7.2	1503	B0	-0.721511174253476	-2.08829119441845	82.75.0	TCGA-B0-5400	1733	0	85	15	0	973.224193327101	1953.58663609237	2926.81082941948	0.0337043265524081	0.106062437642317	0.0847622392056491	0.076122006573546	-1.09534654906222	0.00930400934098528	0.722434801978389	0.759672272569637	-1.43306895527543	-1.31326218026474	1.76677491906776	1.84365448912789	-0.795622803289725	-0.721157832096293	-1.41287149139816	-1.43118094193225	-2.26172556379158	-2.30331304662482	-2.23026491895415	-2.42455237509116	-0.432548069017902	-0.383719461031698	-0.447421530611278	0.579478311944939	-0.0201821692763215	0.190022661415361	-0.981290134795159	-1.36507814397703	-2.21208917702356	-2.53829462204172	-0.104932300204737	0.0553402141154612
TCGA-B0-5402-01A	-0.0169045689733023	0.0355714325518792	3.57913759600711	7.42913125069655	7.88821788767382	8.1	1503	B0	-0.381758916868091	0.799368526379048	82.75.0	TCGA-B0-5402	1290	0	85	5	0	1029.43896867666	1351.2164496105	2380.65541828716	-0.315334205785681	-0.292120937749678	-0.318584259766005	-0.320345479361107	-0.754289047367511	0.0133583633034112	-0.232029462889487	-0.285365671887138	0.371140853421511	0.350298157053608	-0.785447698616992	-0.437145382013708	0.477915515277266	0.389564274248693	-0.0940609982061015	-0.376054938783735	0.94557304599768	0.912259918959864	0.506307335744769	0.520294676524838	-1.1338516224273	-1.05847788488659	-0.625655593632096	-0.00889887484160757	-0.0455511453804507	0.0168539319075267	0.581436559090995	0.776896821869245	0.464454045946612	0.216570664740714	-0.73654625897739	-0.667946848344753
TCGA-B0-5690-01A	-0.0199471511660513	0.0414926109835939	3.31858362717132	5.54900629520318	7.73125388288712	8.7	1541	B0	-0.450470096917725	0.932430462259309	90.68.0	TCGA-B0-5690	3392	0	80	12.5	0	986.9615059875	1647.09304631468	2634.05455230218	-0.173125340364514	-0.191916698134547	-0.165346257015427	-0.15347216364354	-0.0732116497498955	0.0124290459435332	0.717819791054769	0.53292302344594	2.51224626236232	2.36782731292384	-0.0370184476388025	0.232431502346614	-0.159962006760888	-0.463089757890849	0.789376402844942	0.411011009513136	0.475248445780798	0.0779985969330115	0.865140062559954	0.5880312239215	-0.259136323016084	-0.23105810241383	0.0208272062830029	0.895923058251789	0.770051366004085	0.600203411237498	-0.662242331771581	-0.582523752356732	0.21832715340014	-0.44835546146245	-0.2921303124144	-0.249292212251922
TCGA-B0-5691-01A	-0.0275195788425263	0.0556615292226048	2.38556275375345	4.59881795390517	7.56767523970262	8.6	1541	B0	-0.621479591001756	1.25083729832318	90.68.0	TCGA-B0-5691	3431	0	82.5	7.5	0	1343.75498567581	1417.08251661311	2760.83750228892	-0.145154261730891	-0.199803505880684	-0.141271937324592	-0.138647777493659	-0.324016808223506	0.0127240128886984	1.73847541573864	1.47355413882397	0.946874885548046	0.604401519204143	-0.774861246732284	-0.922715636215528	0.714895754228653	0.394852234152054	1.87823164081546	1.70468578157106	1.18611262835272	0.878593978123819	1.48281907705069	1.53686537879823	-0.642726609311958	-0.655881710609149	-0.346541223562957	0.412791583395211	0.181764201413463	-0.134578277459069	-0.987836988318074	-1.14083099315558	1.07540156761322	0.625420385516317	-0.146444847340339	-0.0950383784444082
TCGA-B0-5692-01A	-0.0290387672062983	-0.011761317821813	2.59478151435005	7.09713675375077	7.72341201873056	8.5	1541	B0	-0.655787694638599	-0.264302745799919	90.68.0	TCGA-B0-5692	3650	0	85	5	0	324.957354840591	2375.39713591951	2700.3544907601	0.0991671759718802	0.156347289717758	0.0935532144985199	0.0984529788882013	0.25144370785131	0.00980386826387736	-1.2939312134391	-1.37947554061754	-0.574980012219744	-0.600314561027316	1.71559220924056	1.87529215354491	0.939907162568275	0.941452493077101	-0.750481770074276	-0.897044729050662	-1.21480738219044	-1.38732812839094	-0.2400625709884	-0.126799532540921	0.510008174841603	0.552295725418991	-0.185689704426257	0.893045262540366	-0.444489017748604	-0.398739602301032	-0.23017173583976	-0.433053270856725	-0.434758324336803	-0.669104283550077	1.19025853626546	1.31600848870484
TCGA-B0-5693-01A	-0.0081102813182787	0.0582221110985398	3.93747314269159	6.31924495275942	7.71255885219641	9.3	1541	B0	-0.183155939465327	1.30837921929738	90.68.0	TCGA-B0-5693	3650	0	82.5	7.5	0	768.649139310648	633.942398857367	1402.59153816802	0.170937437809643	0.237892110037962	0.161333795631977	0.169011493305242	0.311935293087386	0.0140398460765696	0.0435115179694836	-0.0931535193568993	1.29020062968754	1.16763639278445	0.113796062437267	0.225453573827663	0.765681179305276	0.609000853373096	0.352831884818548	0.130914082911259	1.19644669045569	1.07812980995571	0.787760694658454	0.742968111660706	-0.0373735692473343	-0.021600898060537	0.10504806980866	0.702352533572815	1.49330534494951	1.41108315658545	0.4909436043449	0.579361155412959	0.977200862436349	0.782949035849228	-1.21389028157502	-1.19417665192875
TCGA-B0-5694-01A	-0.0249935287831034	-0.00939244182472918	2.57399477611922	6.85966318812167	7.61131589953155	8.8	1541	B0	-0.564433348878525	-0.211068878645374	90.68.0	TCGA-B0-5694	480	1	85	5	0	897.236813622625	1485.07215650217	2382.30897012479	-0.0167113226715351	0.0632720969755465	-0.0277433312202763	-0.0236747117828842	-0.738374382378387	0.00928455825177372	-0.246749750778081	-0.334628399189291	0.223616085862647	0.257746866750797	0.335724041071955	0.0511188613255357	0.0901676369244077	0.0816795907442489	-0.77705935639656	-0.803165208962244	-0.330102414065932	-0.298713537159464	-0.540407154006294	-0.37715245466212	-0.929340580116197	-0.934407651124235	-0.719357722341885	-0.175192512403506	-0.127004678774497	-0.148874178626879	0.526042232443543	0.234924571319791	-0.57694158832951	-0.689152212165398	-0.704081198307187	-0.610046013315794
TCGA-B0-5695-01A	-0.0294047960576437	0.0470420515565283	2.75892388933442	6.84745491336758	7.84398372586667	9	1541	B0	-0.664053789920459	1.05713862875063	90.68.0	TCGA-B0-5695	2150	0	85	13.5	0	615.528402041955	937.283748539062	1552.81215058102	0.099789914800635	0.194617026126952	0.114422397693972	0.123719726955066	-0.757294700064308	0.012007907425965	-0.565603401199405	-0.667363640818191	0.93953382439741	0.911524364065463	0.368752299580565	0.793211831593194	0.841449293594536	0.716496133077988	-0.173598971524433	-0.513353044065458	0.730445054280893	0.605382339374275	0.204614409231554	0.0917009660670989	-1.1648850302299	-1.08473043817909	-0.400036692658493	0.680686463302111	1.91961721336618	2.03674211706992	1.04598369703926	1.2139565364244	0.166259661858125	-0.255596465625392	-1.22596279457546	-1.12312979979645
TCGA-B0-5696-01A	-0.0536182862078032	0.00709349010867905	1.72442212950354	7.26679878039771	7.80098441006543	8.6	1541	B0	-1.21087138627088	0.159406364272489	90.68.0	TCGA-B0-5696	2609	0	85	11	0	636.006219359587	1049.38016231528	1685.38638167486	0.396709309222791	0.515735886378832	0.400504257330952	0.411340601519434	-0.228396714241263	0.00912655530432514	-0.293137503742811	-0.35525775218633	0.0876421583739304	0.162074097377848	1.25756252098605	1.55028823850957	1.0206213787588	1.01644470660595	-1.00972531075022	-1.25861132458488	0.0937618812306425	0.107362925183999	-1.46372371990968	-1.72062580710944	-0.296609498463912	-0.214503849277352	-1.18423724648805	-0.217519789550126	-0.599610549409657	-0.489194630607889	0.681253856144881	0.579485072027335	-0.598659497182651	-0.94445326719074	-1.1073902387236	-0.939852987334883
TCGA-B0-5697-01A	-0.0405232006606552	-0.0170039318785485	2.86466691574136	6.75127048490785	7.84010605680117	9.3	1541	B0	-0.915142717727514	-0.382115843903143	90.68.0	TCGA-B0-5697	2630	0	85	10	0	689.233304089584	2268.89398193847	2958.12728602805	0.00464170463148157	-0.00873600874801334	-0.00423489827203415	0.0134036759348491	0.157408228620138	0.0102502032408751	-0.298594639527238	-0.404968159320665	-0.737540267449507	-0.905243655698625	0.760916555303614	1.22262209247295	0.103997775828642	-0.0717133794953882	1.14810890093801	0.953449109021952	-0.290369486103796	-0.584351955571513	0.0934046884753326	-0.107980960401976	0.165847997167954	0.252184903885129	-0.491202667779518	0.450301224979789	0.132610597905656	0.150406580245179	-0.681697217117435	-0.651410399507588	-0.0458444736074852	-0.562854962081657	1.06953341403808	1.1833258663335
TCGA-B0-5698-01A	-0.0271045977687541	0.0163141431653429	3.60713744032764	8.02332209504737	7.82007955740259	9.3	1672	B0	-0.61210799888993	0.366614770495884	105.71.0	TCGA-B0-5698	3631	0	85	5	0	607.77911078615	2132.33877709756	2740.11788788371	0.215763338450386	0.269774372783183	0.216592128280526	0.224840413589211	-0.5745501261344	0.0105421391533968	-1.38095906567033	-1.38801815036191	-0.341787167466154	-0.273787498155671	-0.192354993694177	-0.0934977978868658	0.482958349536875	0.526196029159652	-0.278948233119724	-0.337747937980946	0.0297076290245029	0.0929614230561656	-0.112394072627403	0.0660567645051205	-0.707006714683511	-0.654354407121049	-0.979780635041853	-0.749270237435187	1.67870975136546	1.89814043951965	-0.0764453753646011	-0.143892131914349	0.106523664357499	0.105908731670503	0.454920977090355	0.543076752311075
TCGA-B0-5699-01A	0.00232857116818953	0.0431422218796459	4.24834376405712	6.57811411481269	7.77596803854229	9.4	1541	B0	0.0525865408589975	0.969500856575106	90.68.0	TCGA-B0-5699	3650	0	85	8	0	250.77428725861	1496.31024633776	1747.08453359637	0.221128447857627	0.272064109974467	0.21737907544343	0.220699077696778	0.498240554601795	0.0161808307940677	-1.25850412572411	-1.38432902325695	-0.142396288480563	-0.36361356695698	0.094946498204988	0.359976817153386	1.53903633801492	1.42224970460624	-0.319809855048363	-0.683073094735567	1.11847186175645	0.961880358288993	0.868077834314732	0.766597871864051	0.0415424050721837	0.0628061225191828	-0.0181298147939371	0.456277415193833	-0.446517618386846	-0.564270780313754	-0.304616074515221	-0.183024626908367	0.599246726065354	0.272035866253271	-0.283034060881226	-0.267794199861261
TCGA-B0-5700-01A	-0.0409168620954679	0.00765453632246684	1.92330398418289	6.92557705386605	7.63074069846112	8.2	1541	B0	-0.92403284460411	0.172014309833636	90.68.0	TCGA-B0-5700	1790	0	75	35	0	509.35950952454	1305.56807834909	1814.92758787363	0.377369638907228	0.475500532615215	0.394231230920105	0.396570233990743	-0.376516759514945	0.00958922117859999	-1.01805864712418	-1.11056187640918	0.255345754318756	0.32414860949075	1.26995181488257	1.12643751586275	1.17947846639762	1.23012737062892	-1.45812877393617	-1.57478173415487	-0.115146830013159	-0.0257907801250919	-1.30914253132843	-1.33039234056553	-0.648217881059923	-0.642846232960641	-0.768715563114986	0.0792721533976922	2.52797223822785	2.68226892939158	1.14525381509293	0.866645717786578	-1.47849307302248	-1.81727334390136	-1.02234743688524	-0.891595950798904
TCGA-B0-5701-01A	-0.0526304146944913	-0.0195138693757983	2.3819250668274	5.60084082376943	7.58154710980182	9.3	1541	B0	-1.18856210648254	-0.438519674014677	90.68.0	TCGA-B0-5701	2461	0	85	5	0	359.174902458336	1629.67767955996	1988.8525820183	0.55295882876855	0.640918167850708	0.535884169057205	0.533004887507336	0.750444527672963	0.0102666183305907	-0.990670518099506	-1.19414652556207	-1.18128823911371	-1.47901988328048	0.639829598364541	0.496129913630494	0.316173969677477	0.127072208608646	-0.34327917441428	-0.591605699057906	-1.32014841617097	-1.70565751488568	-0.440951563880296	-0.65869756036683	0.7183787963647	0.707567130935599	-0.921741262527308	-0.52429296589686	-1.7967062740072	-2.04873967331829	-0.711375927842096	-0.978255174137264	0.275016662236615	-0.0418273875291786	-0.083908310973766	-0.00667243010967279
TCGA-B0-5702-01A			3.69177177564883	10.4504812538842	7.31485634778544	8	1541	B0			90.68.0	TCGA-B0-5702	2172	0	80	10	0	851.020999008225	1776.69177385419	2627.71277286242	-0.853768219531984	-0.923701344591349	-0.694253383170152	-0.801029961670178	-1.58316273396361	0.017583932710862																										
TCGA-B0-5703-01A	-0.0277536931018555	0.00462477401113712	2.36672922687296	8.04939409634517	7.67704082408862	7.5	1541	B0	-0.626766635362723	0.103928869907813	90.68.0	TCGA-B0-5703	2246	0	85	9	0	205.351003067609	1376.48707331021	1581.83807637782	-0.248789378897329	-0.247506861070683	-0.274234888564319	-0.264926356256004	-0.240545331177901	0.00855202779824649	-0.152596302096677	-0.129777084057409	-0.345691553568574	-0.145853499503938	0.64353491872695	0.397824987725215	0.603650288119915	0.760655986259721	-0.730650508241482	-0.54251091247585	0.20612456115099	0.565255539803277	-0.154309390933118	0.538962770778768	-0.0380783417652494	-0.0147790052867291	-0.341052183466999	0.704102936174249	0.0154921742701759	0.196779026267631	0.225395605575218	-0.171034967039203	-0.497993504424417	-0.285191007562035	-1.17660578276556	-1.04095379083607
TCGA-B0-5705-01A	-0.039706896484174	0.0615824382196921	2.43119363263154	6.92296886234359	7.85196432889888	9	1541	B0	-0.896707973917096	1.38389317941325	90.68.0	TCGA-B0-5705	3650	0	85	9	0	537.229305566331	1496.33425055998	2033.56355612631	-0.198317665840595	-0.182127623489663	-0.208071780962565	-0.199885302949961	0.00983402744373541	0.0106274798892589	-1.41501147544956	-1.5166083223654	-0.0216680569051384	-0.090724352181227	-0.136789254383282	0.246587710479657	2.08630966637655	2.03080089883424	-0.0678961282454023	-0.383717834358512	0.966915944527303	0.892074677280493	0.629786174753865	0.738330597633984	-0.821579663927484	-0.736969421359325	-0.667423982982521	0.39127792485183	0.00113092274386892	0.0789312136980609	-0.458697092328992	-0.437398526098396	0.527009040903959	0.207564250863258	-0.206060933312272	-0.0797197026071805
TCGA-B0-5706-01A	-0.0482924959961541	-0.0160255831205099	1.53693280139947	8.28428204660294	7.37296915677955	9.1	1541	B0	-1.09059810950903	-0.360130189997933	90.68.0	TCGA-B0-5706	3205	0	77.5	7.5	0	857.525348092643	2321.14453995663	3178.66988804927	0.125175486677882	0.111059978088595	0.122847200456059	0.125190530601067	0.121519613920241	0.00580546127115451	0.0520104679025083	0.0971538795693609	-0.275467654356452	0.147373867122994	-0.767776434493934	-2.10598605063803	-1.11352381131868	-0.819698454381793	0.103709722740049	0.970147019346347	0.33721896798231	1.18974196904291	0.087948993768454	1.78726448710017	0.175914111511245	0.106066198180839	-0.892104695334855	-0.370322308254101	1.49726354116136	1.73651787686937	-0.777637428520032	-1.88296634383169	0.113574219097753	1.20135251493707	0.637814425766717	0.815031288245204
TCGA-B0-5707-01A	-0.0410498609081565	-0.0478615513734176	2.64842196374095	6.89728063418869	7.66249072453995	9	1541	B0	-0.927036380675153	-1.07555459667768	90.68.0	TCGA-B0-5707	3650	0	75	11	0	-112.288395038654	792.971779271955	680.683384233301	-0.291875615073145	-0.331310891342938	-0.276498800904633	-0.269594009156416	-0.509613298291726	0.0117796375834807	-0.232559972198932	-0.318421829424926	-1.9986423034717	-2.14556262019717	2.24966061532265	2.30743217962958	0.0832984940712391	0.0407886922094956	1.50138002429292	1.6898886940263	0.189275783965821	0.221213148382808	-0.552209461395569	-0.506846595716782	-0.46912259931568	-0.437013385456342	-0.0871101110248566	0.905104609488253	0.332195848387372	0.351832343055778	0.0846337964292432	-0.169383883756381	-0.752372601539746	-1.0240680411427	-0.838156869526866	-0.72984890872103
TCGA-B0-5709-01A	-0.0568691893899329	0.0168689711243243	2.3878250913498	6.12385908765702	7.83107656205449	9.2	1541	B0	-1.28428711663425	0.37908297815994	90.68.0	TCGA-B0-5709	3650	0	76	22.5	0	1744.45058497657	2590.37206395895	4334.82264893552	-0.196572144787989	-0.226557445321607	-0.204227549261692	-0.179047278153394	0.580611882001658	0.00970263514535216	1.92476459141569	1.78958318719552	0.461424423844707	0.290845394418655	-0.535115079005459	-0.130569939626225	0.217754740832893	-0.0355096887628366	1.11131624888629	0.781344110397358	-0.0279878394746187	-0.415502697258113	1.11286048445356	1.1223161330847	0.49659732905851	0.582863932908901	-0.63901593911837	0.407448183160626	0.229895500944794	0.184141249079914	-0.943249243714563	-0.883163541430002	0.828563721587533	0.334705039659692	1.61887342125232	1.74598466378267
TCGA-B0-5710-01A	-0.0292259390726229	0.0374546109112039	3.5497392363036	6.77258069750055	7.74712524215688	8.9	1672	B0	-0.660014630508369	0.841687696623508	105.71.0	TCGA-B0-5710	2430	0	85	15	0	927.800130034629	1447.59965693476	2375.39978696939	-0.474893671557657	-0.474045014116197	-0.46602270334875	-0.461033119925425	-0.463685959210917	0.0119897180726319	0.654474042709859	0.566418165242021	1.77222163302052	1.78955539791636	-0.938070267982083	-0.914958741609791	-0.552866278435291	-0.714603942156633	0.855388620487708	0.757612550115865	-0.209257111905382	-0.41706987282558	0.749834647220573	0.880049212388257	-0.709331145108181	-0.67864353001444	-0.658545935022962	-0.332140592263058	0.000329341590709958	-0.0649376536505875	-1.05453517171278	-1.13887616848887	0.808217268601819	0.678963355542964	-0.410346679859715	-0.353910700134797
TCGA-B0-5711-01A	-0.03685257828815	0.0575790306094198	3.17128454714041	6.70290894980799	7.77911726217715	8.6	1672	B0	-0.832248393514193	1.29392778267949	105.71.0	TCGA-B0-5711	3650	0	85	16.5	0	940.965770015717	1616.16316554143	2557.12893555714	-0.152494645797221	-0.112696455755795	-0.151783591659895	-0.150518914259298	-0.244248356085413	0.0108764433741536	-0.0256000945106982	-0.132109910321893	0.830055456678568	0.760687504585787	-1.06713345116659	-0.957276394656149	0.761020647767247	0.63355875334491	0.417818400660284	0.203638916423314	-0.077965954977499	-0.31636614310464	0.707806208241161	0.788068845216282	-0.761841706973552	-0.719598534686803	-0.941440733924357	-0.572847522995889	-0.632249836559878	-0.692220034581744	-0.402446491554804	-0.394790539329581	1.05412323186304	0.904676652961897	-0.256951050751263	-0.183184759517395
TCGA-B0-5712-01A	-0.0176561485485512	0.0210066320336422	3.69275302549068	7.30032047400664	7.7843790642054	9	1672	B0	-0.398731973385554	0.472065342559063	105.71.0	TCGA-B0-5712	2722	0	80	21.5	0	73.0025183377587	765.580061500483	838.582579838242	0.18849109081053	0.285608614369652	0.196526571822836	0.193117689247121	0.0411842357853533	0.0126797655075483	-1.46093417162166	-1.53363887685327	-0.985677369693691	-1.09871905316948	0.734561253520904	0.945624286382241	1.74746383662926	1.75603895492845	-0.300525153918133	-0.4613585374965	-1.20127599246892	-1.47736137539423	-0.539907130479265	-0.775368732684373	-0.354251301990218	-0.307397762328002	-0.593140886365928	-0.230449152975262	0.17021457209786	0.191282817370793	0.106639962750306	0.103282605371039	-0.129361284423958	-0.38461999614265	-1.25830043295767	-1.20211563126054
TCGA-B0-5713-01A	-0.0148783547569966	0.06239119990208	3.83385279396906	6.8865111809906	7.79034790343987	8.7	1672	B0	-0.336000557351133	1.40206783777989	105.71.0	TCGA-B0-5713	2782	0	85	25	0	647.091552232041	1391.48887115722	2038.58042338926	-0.0686505322924897	-0.0240409813830294	-0.074197355421214	-0.0663579624920905	-0.0275196117616653	0.0119431479113991	-0.58623377183033	-0.680955292131035	0.792469223935095	0.720940866161632	-0.55884175002539	-0.380121134933886	1.32270631236165	1.23297420252812	0.233042407575866	0.00248317263562303	1.08997374317863	1.01850312937364	0.668161761225388	0.670403505759706	-0.421546570391341	-0.379639091377442	-0.368083208461002	0.094565974367227	1.6549821635002	1.69645772224655	-0.668484279685939	-0.638099160894148	0.813279765782937	0.626253505704135	-0.407411655690073	-0.357452621971094
TCGA-B0-5812-01A	-0.0322410726768259	0.0514867184483596	3.20684004829421	6.37635916610522	7.80756137582112	8.4	1672	B0	-0.728105934153614	1.15702009454168	105.71.0	TCGA-B0-5812	3650	0	85	10	0	1283.0290682926	1596.04325071457	2879.07231900717	-0.0254762640296548	-0.013654073028646	-0.00173806893757242	-0.00821060980402003	-0.131009345877516	0.0119923717983137	1.15998841611111	1.03576957264982	1.3781745245971	1.2771148368479	-1.01815845512194	-0.774348995882284	0.0592194774261381	-0.168742881094001	1.04521224591223	0.780825751234058	1.13779924747334	0.952312706576656	0.522640716462727	0.329415731036772	-0.334657480073029	-0.28556275948065	-0.973611880938923	-0.587528324946121	0.466632673750752	0.409251310164806	0.14510688276674	0.292523235337888	1.25453790166132	0.975655437365223	-0.184936649751272	-0.116029604561498
TCGA-B2-3923-01A	-0.0274939756392479		7.07795818192159	7.6999279474609	7.66738387122417	8.9	1325	B2	-0.620901389264264		50.77.0	TCGA-B2-3923	992	0	90	3.25	0.5	-536.834933800495	96.5788207948595	-440.256113005636	-1.15087715430288	-1.35907753529285	-1.20624132145429	-1.20715832098931	-0.869142078997644	0.0146141508460846																										
TCGA-B2-3924-01A	-0.012651898435124	0.02613185122832	3.4818284207474	7.58914852138258	7.73995367581597	9.3	1325	B2	-0.285720094404426	0.587240319249812	50.77.0	TCGA-B2-3924	1092	0	90	5	0	857.393400029583	2668.0772780517	3525.47067808128	0.156067716609382	0.195734050928774	0.133002216763638	0.138102567476486	0.516826984160718	0.0113036879064651	-1.22519379129234	-1.26918714509973	-0.328245244678903	-0.301387247494001	-0.43174755066838	-0.519522579097286	0.54022452817708	0.563513382886512	0.239386871137055	0.290701125217974	0.890406684640779	1.07672186520759	0.377576021368881	0.737957455678226	0.27818552180031	0.301525692344029	-0.517045642119277	-0.0464134643485111	-0.0459984758482342	0.0310206955579221	0.819546927500341	0.749326874034087	0.777445987456845	0.962153030527157	1.65151478437655	1.75000923181649
TCGA-B2-4098-01A	0.0113874878343261	-0.0475973015945428	5.68547925230858	9.66421038439791	7.62184916603391	7.4	1325	B2	0.257165682742142	-1.06961632146127	50.77.0	TCGA-B2-4098	51	1	89	0.5	6.5	173.563440642289	1703.99781293707	1877.56125357936	-0.902453727282184	-1.03706198254134	-0.904537959498605	-0.891985316581251	-0.903037867871454	0.00928379378039633	-1.35030421725039	-1.20527092850596	-2.52218125362188	-2.31353001964386	-0.439966659994674	-1.16646138419385	-0.630055179915806	-0.316203268062101	1.13922615225269	1.94933896691934	-0.887416856349984	-0.398796990273489	-0.318106714722336	0.539153597789285	-0.718042977533811	-0.766624964919464	0.490245474986642	0.406666472831173	-1.24884713804663	-1.0905378514884	-1.18198523227044	-1.72994757881984	-0.372843122705628	0.460278703680971	-0.0347169734260551	-0.00917974818005414
TCGA-B2-4099-01A	0.0164964002680666	0.00240983857736833	3.33397657884065	9.08934790984264	7.71287063061572	8.8	1188	B2	0.372541169698297	0.0541543866582495	50.77.0	TCGA-B2-4099	972	0	99	0	0	679.913542151873	2124.6877206691	2804.60126282097	0.263630989805196	0.371227186626056	0.264390281398537	0.277653209909241	0.264683533688627	0.0153105656872226	-1.25953128534267	-1.16701389134944	-0.35290939502362	-0.00410493592726171	1.22152559638342	0.977780471932614	0.752839908958826	1.05619445983524	-0.750320670478281	-0.384776937018738	0.582218550087543	1.17207208265736	-1.82024383647948	-1.52175204505538	0.0311305571000041	0.0515199457938505	-0.130921642697507	0.690881739818674	0.300611305353802	0.626615183475404	2.59742555104254	2.36211707293223	-0.112595751144943	0.470971092688426	0.518442989086285	0.653726624771103
TCGA-B2-4101-01A	0.0571663492752301	0.0276485649780585	8.36136145328951	6.87190197494746	7.72127314207796	7.3	1277	B2	1.29099793168826	0.621324221642527	63.79.0	TCGA-B2-4101	648	0	83	1.5	0	961.48000888984	2217.94810924416	3179.428118134	-0.200367631193663	-0.192912299941036	-0.206200338131509	-0.202881135856486	-0.325500892642693	0.0168547861568558	0.186580794805999	0.106655428915901	1.00450244292265	0.715740820730522	-0.798284251911024	-0.77102565589157	0.197769693064029	0.00617432007392291	0.75615655638662	0.561550083671961	0.696213980111587	0.375066734887623	1.25374792316944	0.810272340196056	-0.465668077453391	-0.531021712743329	0.993288948936827	0.0619354673821881	-0.897405503576957	-1.27056676912901	-0.0220626619932205	0.355156707990417	0.809573564708372	0.607062885834357	0.796355481891366	0.610406617702241
TCGA-B2-4102-01A	0.0558145865342341	0.0510866923599473	8.95659108173193	6.37826301536792	7.75808616782116	7.5	1325	B2	1.26047083095708	1.14803062625583	50.77.0	TCGA-B2-4102	952	0	98.75	1.25	0	847.250505868587	2062.20653284	2909.45703870859	-0.141281063592079	-0.146772854356003	-0.153571337786856	-0.148620371493234	-0.36964259470622	0.0185535857659476	-0.724157680564814	-0.856641000544044	0.395484798627806	-0.0898013322812619	-0.682687272879516	-0.440797071693557	1.06716761943456	0.799477209876023	0.92760427187921	0.540663317153184	-0.111736076583948	-0.773299628971331	1.48551296280546	0.73314902018887	-0.601801177065474	-0.669767729093005	0.987022451680829	-0.192800764375047	-0.853849094286518	-1.31781468875749	-1.67322270093921	-1.24507445192486	1.16743555783256	0.766880271453529	0.998991810932962	0.774220304445623
TCGA-B2-5633-01A	-0.016838303109246	0.0475338550538114	10.1016247159742	19.1436464040505	7.69908967072127	8.8	A277	B2	-0.380262422960001	1.06819053778797	90.68.0	TCGA-B2-5633	963	0	80	10	0	1023.34724407276	1771.26897412647	2794.61621819923	0.0713219653406598	0.0516302178856507	0.051671097415147	0.0596850852880533	0.28897355014472	0.0110816198582285	-0.356043536424052	0.602223215697442	-0.163075501296985	1.75211020023936	-2.11138317009578	-4.30744090778891	-0.299857983002945	1.32122764421968	1.58855113662381	4.53495135381238	0.323488555751146	3.02230255561247	-0.188860806046533	3.82122953255202	-0.107235764359943	-0.233597835529627	-1.95342030136697	-5.68356889197751	-2.51219394271484	-1.38080848481988	0.102019508504743	-1.28730535039887	2.56855361493198	7.2365084868578	0.319358439835645	0.333952940721348
TCGA-B2-5635-01A	0.00593039526691097	0.00998521300995796	4.68335949484811	5.71425052837509	7.74555795652398	8.8	1541	B2	0.133927181300578	0.224389754270083	90.68.0	TCGA-B2-5635	755	0	85	5	0	806.666703860781	2180.87736413929	2987.54406800007	0.00205697016118538	0.0653078742777163	-0.0161625223607563	0.00111625108517035	-0.453773855151024	0.0138466044532016	-0.6227735130438	-0.815912072269195	0.107364916169865	-0.271169477480084	-0.0706120333584061	0.23491765079479	0.293348626267267	-0.00949774032461682	0.724766543998367	0.32848596459524	-0.853423469310448	-1.49441388448346	0.591697341919724	0.013274382705228	-0.515513535380423	-0.497992614604227	0.160266516225427	0.490143713033071	-0.555330168587733	-0.843315401365359	-1.05193612851454	-0.879282238515654	0.120152221882293	-0.585786323869224	0.986195201302948	0.96865083770352
TCGA-B2-5636-01A	-0.0405068818947284	0.0289829583156432	3.3588809601592	5.32902944106205	7.72409857571449	8	1541	B2	-0.914774188106044	0.651310982347747	90.68.0	TCGA-B2-5636	919	0	80	10	0	930.486072313772	976.838283289335	1907.32435560311	-0.0779544701416455	-0.079235341752539	-0.0775754861306008	-0.0685903976144026	-0.633737907379223	0.017179774782581	1.27675162732016	1.06956932867243	1.84704095211875	1.60420920808659	-0.729659329584824	-0.512819785028168	-1.64823157251482	-2.06787027071628	2.25082811383282	2.0056835211405	1.22213983533318	0.857071461485037	2.00798474801122	2.03308140517723	-1.05151553948883	-1.0217715337691	-0.287041267061212	0.315794642605656	-0.0489402636738457	-0.298424767440524	-0.523281026179294	-0.401361933973935	1.14610451963634	0.626409331119526	-0.588321211194388	-0.557538385455813
TCGA-B2-5639-01A	-0.0472115291944313	0.00865101516101485	2.42609461671323	5.31526529548268	7.50607364904475	7.9	1541	B2	-1.06618644210433	0.194407386625702	90.68.0	TCGA-B2-5639	1003	1	85	10	0	568.355461988162	1782.74791430461	2351.10337629277	0.326464669897238	0.394525908415002	0.292924524702226	0.299046133939318	0.515305707575435	0.00996743599818037	-1.11685900793795	-1.34757572336125	-1.21158070777893	-1.54602402093386	0.710797427679858	0.401632892369001	1.1655453072795	1.01414971669963	-0.350968235261547	-0.55569859408165	-0.785432819250713	-1.10692930189124	0.158151167602584	0.16410891988106	0.251150713341912	0.204571417115909	-1.09790776171351	-0.98033471309003	-1.06105239139548	-1.34162625398951	-0.695025114617982	-1.0421740149639	0.339183081937137	0.0786609621597946	0.285973920266227	0.34972526907879
TCGA-B2-5641-01A	-0.0543731442174954	-0.00652040572181085	2.55370634990715	6.02225764092853	7.78675247949522	8.5	1541	B2	-1.22791848026212	-0.146527894417401	90.68.0	TCGA-B2-5641	656	0	85	5	0	914.312649851831	2423.96116642486	3338.27381627669	0.0243902191942214	0.00164087009517186	-0.017932880694626	0.00538355480819695	0.0311029769706616	0.0100626325734016	-0.54128977882289	-0.711144289110182	-0.687332761705212	-0.951915842185729	-0.569022584016377	-0.283040475877837	0.219198260472619	-0.0274580586847952	0.104336325846454	-0.315597309380982	-0.923528049241922	-1.41439849269107	0.72054130778006	0.609731508570627	0.0704777492235751	0.136359861303403	-1.02853472289356	-0.402591594593855	-1.54353197569346	-1.68549611368275	-0.346808397386882	-0.280600154206843	0.200970677509423	-0.393395319457463	1.23063287072022	1.33483399322957
TCGA-B2-A4SR-01A	0.0512751124394179	0.0519249049538914	6.54381249212522	7.14546294611678	7.71303923884374	9.5	A266	B2	1.15795507226931	1.16686711154599	274.47.0	TCGA-B2-A4SR	507	0	100	25	0	759.989846395218	1541.4519083752	2301.44175477042	-0.229154295406521	-0.239652271426502	-0.228841707800669	-0.2330096320795	-0.150185979393606	0.0198589972892743	0.246239493703066	0.192863915148171	1.73172973315299	1.65411826323228	-0.861341673532767	-0.926367138115202	0.0265392004962563	-0.0840803142536341	1.01223572461812	0.995912471290441	1.33229846405667	1.30071177573592	1.51299885922654	1.61988302563995	-0.396484374441367	-0.426701381287248	1.16736317166683	1.24922744496436	-0.18262077429411	-0.369785110102765	-1.06644053957114	-0.992391202833692	1.07806330397668	1.13657916823135	-0.022235090616631	-0.103948785683664
TCGA-B4-5377-01A	-0.0210138757582957	0.0557548193931717	3.75102362945638	5.56311047063715	7.89184159144459	9.4	1503	B4	-0.47456012994814	1.25293373416571	82.75.0	TCGA-B4-5377	365	0	95	7.5	0	674.191505888201	1548.539728841	2222.7312347292	0.303145095149606	0.378873719578235	0.275007299426015	0.288437023082138	-0.203444877451679	0.0132278485617487	-0.947832599380505	-1.16918357651119	-0.265639588313615	-0.711562491808208	-0.272419553219134	0.451431764845065	1.53410505471695	1.19397374601484	0.234845657122193	-0.494118095415305	1.26274275797741	0.741751945288061	0.880951375664661	0.200835252541841	-0.746283243054572	-0.662048294220552	-0.42202998620799	0.206390338273645	1.00622454613591	0.864248312322903	-0.610290116122434	-0.21276227272445	1.00298372258472	0.17889200988282	-0.0561694446813644	-0.0271309079058489
TCGA-B4-5378-01A	-0.0284261905222104	0.032606283547199	3.52705375061541	6.23736550125933	7.82757277505535	9.2	1503	B4	-0.641953765374541	0.732735089929486	82.75.0	TCGA-B4-5378	175	0	92.5	5	0	488.048449794579	625.699131546367	1113.74758134095	-0.00484183036749487	-0.0509675020937155	0.0151440817276485	0.0113326611520299	-0.361394436629552	0.015294077765215	0.689806709616685	0.556035448709725	1.48705304908183	1.34081332609145	-0.923714708418869	-0.560074008517014	-1.76956598109636	-2.10721474407022	1.92506337981325	1.70267448285322	1.33307815684495	1.09704441149834	1.33344472807286	1.26497218504362	-0.65042759460123	-0.589723970220777	0.0418864048190011	1.01441365637872	1.95301174227104	1.91030714602456	0.133614729268879	0.366716994625084	1.24021827959846	0.870411982232455	-1.18229686724341	-1.13267102662874
TCGA-B4-5832-01A	-0.0639617359725135		5.11917034958889	4.58520859564472	7.58733349226221	8.2	1672	B4	-1.44445936979721		105.71.0	TCGA-B4-5832	155	0	90	5	0	1231.75196540522	1370.40575486281	2602.15772026803	-1.03829935085435	-1.16615461659025	-0.966752159948204	-1.0122555219905	0.0800140000239949	0.013648264896322																										
TCGA-B4-5834-01A	-0.0379221664746629	0.0570886623432789	2.75852808096214	5.99998997663276	7.83485955804801	7.6	1672	B4	-0.85640309560822	1.28290812645068	105.71.0	TCGA-B4-5834	38	0	82.5	15	0	991.116066761149	1184.31166004183	2175.42772680298	-0.1432956624686	-0.0923845490015153	-0.13641165633296	-0.141404860211149	-0.235650229849376	0.0127298031859617	0.610490905013902	0.447357055457505	1.66299450736888	1.52628079182583	-0.785909304550307	-0.367932074426664	0.0181771368739493	-0.27690944115454	0.545294018453451	0.092764804847062	0.842610279091363	0.511491779456116	0.600738997107741	0.292743772144908	-0.775532981276245	-0.713322862279294	-0.81014465320602	-0.0539970341257546	0.114940327643435	0.00379386411141654	0.0496288130616428	0.253822094382621	0.845568092272695	0.292565671423436	-0.91387968746114	-0.836169444906503
TCGA-B4-5835-01A	-0.0629439676711828	-0.0435995938741491	2.22845178393966	7.23635980892963	7.88391733234822	7.5	1672	B4	-1.42147492547613	-0.97977901382165	105.71.0	TCGA-B4-5835	16	0	75	32.5	2.5	-60.018872324913	1212.49422337477	1152.47535104986	0.00628023930210641	-0.178218852391752	-0.0179751407519313	-0.0117849010988522	1.95465288930832	0.00831045521376682	-1.50060443024734	-1.57377181216738	-2.68500349932575	-2.86952019750462	1.12868150891095	1.66444823323375	0.300343708227041	0.204766007781191	-0.595023210566938	-0.97250515303226	0.279094112681253	0.211579319171728	-0.98268180575105	-1.33592548606057	2.44166024405008	2.56046960022875	-0.830951578569514	0.302198202322714	-1.9416399943264	-1.8789180217311	-0.32526588330382	-0.314102330316625	-0.243390016162484	-0.692808925688267	-0.392138183794131	-0.229016292599806
TCGA-B4-5836-01A	-0.0451004071065426	0.0485501571141642	2.94827963250723	6.86492688238805	7.79108865344374	8.1	1672	B4	-1.01851059287555	1.09102908608527	105.71.0	TCGA-B4-5836	141	0	90	0	0	1108.92802509424	1624.04085530577	2732.96888040001	0.240654072146895	0.299947736565945	0.23663971762771	0.253228806224035	0.296641603025532	0.011468603450745	-0.0739548442846375	-0.167209092429012	0.628321395513157	0.587890959030766	-0.651798801577725	-0.496560783544615	0.687626967035729	0.567966578502339	0.427162616350248	0.246670378052708	-0.155829225845897	-0.354586527674718	0.390039212279096	0.437494582207511	0.080329168120103	0.132398325006651	-0.960276608050283	-0.479060766217857	-0.372391488387766	-0.390406572495333	-1.23853873345119	-1.33589699250216	1.02018362161854	0.895413266821069	-0.192859769175949	-0.0962331777863809
TCGA-B4-5838-01A	-0.0579590594544988	0.0202127125755579	2.46765606958249	7.43650893688863	7.70475319275172	8.5	1672	B4	-1.30889984802259	0.45422422170044	105.71.0	TCGA-B4-5838	166	0	85	7.5	0	933.162786032805	831.426055444572	1764.58884147738	0.266973177707245	0.26772265601129	0.278071723306015	0.296265028618168	1.18399186825169	0.0115939384858918	0.605011711734886	0.567580515169711	-0.781953611947627	-0.75586108371303	-1.26713484546455	-1.53998341640494	0.771346647371901	0.806108183384491	0.477596249138788	0.601641341896135	-0.572173272193461	-0.5519166479512	-0.268235038470374	0.0556799388680408	1.14759736681994	1.17098000497193	-1.77867339778576	-1.78983520914652	-2.1104407489134	-2.10713544508863	-0.611064477175757	-0.92833207700904	0.808986909094409	1.02009772261858	-1.22152579720339	-1.11040172264451
TCGA-B4-5843-01A	-0.0171016398468124	0.0521324042495712	4.27868784737401	7.11631155702203	7.69351609788752	8.4	1672	B4	-0.386209403794809	1.17153007826712	105.71.0	TCGA-B4-5843	11	0	85	0	7.5	904.833163774127	747.916969374422	1652.75013314855	0.170969802403191	0.189069366733325	0.16261845948202	0.161100998824832	0.683761733507602	0.0144759075179956	0.356004266332484	0.290000783585303	0.288176962666455	0.225778266804877	-0.924554371292793	-1.10899044545163	0.734222583710773	0.690518493325068	0.416486809411852	0.408228935051753	-0.41551282400184	-0.567197074037313	0.574617636490348	0.753747012377023	0.692825486858278	0.680960023734773	-0.766438672563719	-0.991660702722334	-0.696540353672932	-0.800312880457222	-0.382784092198741	-0.493023440274128	1.39454444820275	1.60235171527538	-0.976686203356809	-0.96019650135995
TCGA-B4-5844-01A	-0.0354190654218058	0.0696355408258393	3.19167601365558	5.98698109634174	7.74061318146836	8.8	1672	B4	-0.799875115021478	1.56486415250146	105.71.0	TCGA-B4-5844	7	0	90	5	0	801.674042774062	1058.40029922098	1860.07434199504	-0.0775357361037526	-0.00245198962974612	-0.0707822857247071	-0.0654957035151529	-0.506402077403925	0.0119417829898068	0.146676313471206	-0.0168922298250523	1.53835431270489	1.39973347166791	-1.22697571879104	-1.1307803987615	0.519021431323996	0.285650863845164	0.714063738351048	0.41844044771954	0.983549688120172	0.751811463378537	0.710965468012629	0.569062325158514	-0.887738763859632	-0.857485514179269	-0.753489919941107	-0.344596153484834	-0.106900046301752	-0.24522016514613	-1.69322882039624	-1.75077301934621	0.873809256379128	0.492575823624818	-1.14650878408908	-1.09498487090639
TCGA-B8-4143-01A		-0.0647439155702748	9.381412509586	9.23748118405621	7.67074966712201	8.8	1188	B8		-1.45493854670989	50.77.0	TCGA-B8-4143	709	1	85	10	0	854.689224563701	2413.75940108171	3268.44862564541	0.512668837716968	0.494718167570151	0.529383784008722	0.535623788793335	1.37718029593353	0.0228140343405675	-0.145189493579894	-0.0138790330968039	-0.201556910756986	-0.131736413222263	0.784701381206808	0.46504436002312	-1.63305456184444	-1.50858375865354	0.206749150422746	0.642794699612308	-0.920035584930824	-0.810675091871502	0.402738676817198	0.594439264239519	2.52931517994512	2.44152349161094	2.10509324968546	1.39590266844079	-0.243675114314428	-0.334856844436422	1.5827238471646	1.72480156034847	-0.142211648823759	0.370589426339901	1.4773765632364	1.30909153430075
TCGA-B8-4146-01B	-0.0252248585883053		5.7404228363819	4.93489470120841	7.71651446625734	8.9	1672	B8	-0.569657511411901		105.71.0	TCGA-B8-4146	511	0	85	7.5	0	743.325956605829	1562.18281820214	2305.50877480796	-0.556275278012159	-0.70382579117756	-0.547191128051479	-0.591214587866894	1.48331413106876	0.0150794663698947																										
TCGA-B8-4148-01A	0.0627269308359216	0.0473252804727188	9.46893642683679	6.21774520963238	7.73125892262474	6.6	1325	B8	1.41657354364967	1.06350340703256	50.77.0	TCGA-B8-4148	1520	0	90	10	0	682.192507698493	2425.57180334705	3107.76431104554	-0.0534846706750624	-0.0555870148183822	-0.0740413676061329	-0.076638094283701	0.321570292945563	0.0188355138400238	-0.768490838222443	-0.919880674855375	0.474899481172892	-0.054322928212073	-0.317179139347088	-0.0813591470174082	0.96044352321006	0.676472615910535	0.785274198178573	0.385752188529651	1.33902983934781	0.844825230221789	1.85146940300809	1.11827676688952	0.309574354505216	0.225659148666809	1.48149950886496	0.335986001901363	0.740559659295618	0.306027025209198	-1.48520896745926	-1.01738239476879	1.00384311425374	0.54677749817347	1.55601292904405	1.29945560648565
TCGA-B8-4151-01A	-0.0125653065876375	0.0343747663387724	2.78125863064272	9.19807510275465	7.66639822418928	8.6	1188	B8	-0.283764575162362	0.772476797856627	50.77.0	TCGA-B8-4151	1299	0	90	10	15	321.301992358365	902.242649080874	1223.54464143924	0.323185010485923	0.471363109264883	0.331869214528479	0.337157690989243	-0.576678248536927	0.0120087287415402	-1.82458315439432	-1.7322790324326	-0.732832815152369	-0.350861644893528	0.796976653122767	0.356529003206233	1.89601388454555	2.29746268871628	-1.06737924589836	-0.619787751801592	0.843876736732759	1.57976516414748	-1.40981548089529	-0.72297771962923	-1.35742841794802	-1.34355362146918	-0.461679621371527	0.307918341223644	0.199073880959357	0.543098779352063	1.40326474152694	0.932738467205659	0.0190532418329989	0.77849200877203	-1.3520036589301	-1.20701564125324
TCGA-B8-4153-01B	0.0111588427328336	0.00162131143347088	3.93336113906208	10.6010499300873	7.67654921699514	7.7	1672	B8	0.252002149354759	0.0364344429897484	105.71.0	TCGA-B8-4153	762	0	85	5	0	424.865816403929	1191.03664226858	1615.90245867251	-0.156878865613648	-0.104254452546575	-0.133492859453861	-0.151616021872604	-1.07802287562642	0.0101791794073989	-1.24471885948132	-1.02021674375224	0.470542909995997	1.15036488192522	0.878257178910737	0.265661236739982	0.401053274186964	0.924218284809045	-1.41275539129489	-0.725424769927013	-0.32140448691828	0.538613447179292	-1.28600343362789	-0.186552572690068	-1.45808366369456	-1.47050388565268	-0.0398811867926407	0.501330140278842	1.29347803184549	1.80971960439151	-0.242045544013226	-0.931161911643613	-1.30539255126695	-0.409770389018114	-1.26731044206844	-1.14736437690102
TCGA-B8-4154-01A	-0.00809431154246761	0.0232364311122528	2.571370549339	10.4954446286038	7.78685687477633	8.5	1188	B8	-0.182795291150312	0.522173844683366	50.77.0	TCGA-B8-4154	1380	0	90	12.5	5	762.251116032968	1902.5655485265	2664.81666455947	0.284171008177058	0.39930051111154	0.295480314543752	0.295206863314302	-0.174946534405859	0.0145307814610494	-1.45195066437404	-1.24791788637959	-0.505368574506497	0.121068514897498	0.504874747090864	0.154779596094693	1.60391728830967	2.1277070308977	-1.18554154192186	-0.627175685907138	0.585608441137199	1.49001820484571	-2.44948662785418	-1.79469568415417	-0.695658617670822	-0.645622713041875	-1.13588315883178	-0.482711026199097	-0.40643203650937	0.139340865753196	2.84522502306694	2.47270811908989	-0.187838404236639	0.768085371990259	-0.44899993520411	-0.247283295926171
TCGA-B8-4619-01A	-0.0370345605231339	-0.00144457947107695	4.52244372300906	8.976082761089	7.75428675786926	8.5	1325	B8	-0.836358131007435	-0.0324628860911927	50.77.0	TCGA-B8-4619	523	0	81.25	18.75	0	-90.0329185759822	144.771824825046	54.7389062490643	-1.51437050593156	-1.6539363601956	-1.53865704660675	-1.54293228919788	-1.05190158952618	0.0101046712264652	-0.51118909042732	-0.428672825162344	-1.19431815735632	-1.02122146436221	-1.282660008701	-1.61271876367137	-2.0964074507496	-1.99729005159556	3.40716607697539	4.13398048066859	-0.500519898717253	-0.253461758952456	0.413862139428619	1.16306352931812	-1.40982422047796	-1.39700657745434	-0.587270763826406	-0.613913335670759	-1.31924220346179	-1.18253754417054	-1.6831601447551	-2.038203558772	0.699727619925107	1.32720649914967	-2.29583173998802	-2.25213588432805
TCGA-B8-4620-01A	0.00162846083631938	-0.0213185198826544	5.8636117230534	7.6708483807719	7.77015129770824	8	1325	B8	0.0367758235076697	-0.479074150255994	50.77.0	TCGA-B8-4620	777	0	85	15	0	1321.85954534196	1826.47987885391	3148.33942419587	0.314715464376111	0.341785590000417	0.306712459873004	0.317799929841805	0.0202284625212839	0.0115859979917099	0.452655893807127	0.441716227935848	-0.0384487079380667	-0.126057075897606	-1.04283485509161	-1.08251579322216	-1.59732254092774	-1.72715286304398	-0.220723958397381	-0.344165887521139	0.282265312906133	0.214144948126314	-0.351275021657937	-0.688780186372152	0.232782444778086	0.22402194300594	-0.499391260455261	-1.12005626645075	1.7202413902477	1.71903232703201	0.7418521509955	0.915788515706139	0.189584014775566	0.12170648449072	-0.128608624612632	-0.175799746795762
TCGA-B8-4621-01A	-0.0372964830949546	-0.0196886841271325	3.7214851499687	9.56988059705384	7.87577529897113	9	1503	B8	-0.84227317548325	-0.442448146953166	82.75.0	TCGA-B8-4621	788	0	80	10	0	-87.1911472373255	1393.99291870578	1306.80177146845	-0.539755550193381	-0.617944971062387	-0.540127655513184	-0.513871333572133	-0.689745754745593	0.00816879423841631	-1.34201898251966	-1.20705012228081	-2.37655288326132	-2.16876202533499	-0.251206207772321	-0.236013082893449	0.372553718974067	0.607309502890349	1.09379653482069	1.49443624740684	0.119823162832555	0.519927504691947	-0.352926610269084	0.259799997713107	-0.65646225524102	-0.568144260051843	-0.80026444687711	-0.365376171382887	-1.42121552974397	-1.11022716810934	-2.37029336856326	-2.75966301794506	-0.188595325314749	0.182373483909103	-0.367759010531795	-0.228209191935893
TCGA-B8-4622-01A	0.0323855580933361	0.0210504193893307	6.73002774896758	7.2867074233015	7.70751982908214	7.6	1277	B8	0.73136887426154	0.473049340994878	63.79.0	TCGA-B8-4622	1525	0	85	12.5	0	906.276324862864	1998.54771951042	2904.82404437329	0.0154309901545271	0.0644715538443192	-0.0163329230761036	-0.00250246068922431	-0.278511804971092	0.0150503108299468	-0.350294203855599	-0.397856738132562	0.310552663379988	0.151246681568138	-0.723598209853492	-0.826851595441604	0.476238272880379	0.408729916451483	0.167669748832187	0.0736001054260284	0.794739296561529	0.710252931103547	0.503331544563118	0.287970984749604	-0.373934730871415	-0.4200573319047	0.412993323833465	-0.127922957042806	-0.985857740686585	-1.20684204996138	-0.189784749701668	-0.0688001036747464	0.5564589504856	0.529392913594084	0.409242864313774	0.316134708529015
TCGA-B8-5158-01A	-0.0447127354911441	-0.0266142325170038	3.21942486702558	6.13880033390025	7.85403301862157	8.2	1420	B8	-1.00975573516644	-0.598080490483445	68.74.0	TCGA-B8-5158	1218	0	85	10	15	755.083193556703	1955.05452139467	2710.13771495137	0.546315871716466	0.546808932215071	0.502936471352927	0.522311208073956	1.91774252091201	0.0115566043471626	-0.751405461382782	-0.910755422184002	-0.996596714713511	-1.32369553525807	-0.750208174574033	-0.29484310506097	-0.0570953674624654	-0.347983646276396	-0.206774370730259	-0.770891595904555	-0.566556075500668	-1.08808767289478	0.344755931790982	-0.115376349631669	1.96792303961128	2.04276339844654	-0.731928325651459	-0.101128755703145	-1.10767946978487	-1.24884794064979	-0.903885939558842	-0.734832769860435	0.087352696686579	-0.652464010366133	0.491840368092326	0.565496547517332
TCGA-B8-5159-01A	-0.0488053567923657	0.0561267403350335	2.94921371833658	8.01065140474031	7.87266217879426	8.8	1420	B8	-1.10218013697007	1.26129161783519	68.74.0	TCGA-B8-5159	722	0	90	10	0	648.809926407196	1377.78789447156	2026.59782087876	-0.30175200718475	-0.285265390369167	-0.327900605004201	-0.317441585299746	0.304934009488104	0.0106352136277848	-0.672886044844795	-0.678863249356323	-0.437179400419308	-0.370299068482038	-1.04853129772801	-0.873203829062907	1.41654981487911	1.47182063602537	0.00805954855185169	-0.0736053259939961	-0.110358882499288	-0.121716958584171	0.911782164671345	1.45039346370464	-0.192509935951157	-0.10229713666346	-1.13597936192724	-0.612784811226134	-1.29547305634839	-1.16794619755208	-0.128929904206686	-0.161533456687004	1.15858711117656	1.31557305313088	-0.500794044665958	-0.378571822853363
TCGA-B8-5162-01A	-0.0704955118361489	-0.0226489519451726	1.71812742750281	14.5735136907607	7.81591105097826	8.2	1420	B8	-1.59201280346947	-0.508971892375643	68.74.0	TCGA-B8-5162	36	0	70	20	0	1856.49322389834	3054.2743069894	4910.76753088774	-0.0929843835966355	-0.118747383963034	-0.0876565383590418	-0.0695027821944119	0.519926547917079	0.00528792916171967	1.37582298803452	1.97070640964593	0.21930698148884	1.73345513971639	-1.06820527993142	-2.14875374025687	-1.90990562733994	-0.931316802894205	0.928946311903025	2.75012992813255	-0.305572294415768	1.57833958832196	0.0551966454752845	3.39704474217668	0.914943709439742	1.00627386163015	-1.22545125270189	-0.116462967685859	0.527225462113378	1.7043945892486	0.608476872214484	-0.568869237565142	0.392656108768097	2.90639860762849	2.42425341044936	2.82085691501518
TCGA-B8-5163-01A	-0.0758969824136449	-0.0199907408777701	2.11975712531705	6.78885733137188	7.93199743867535	8	1420	B8	-1.71399518352402	-0.449236028191513	68.74.0	TCGA-B8-5163	822	0	80	17.5	0	1916.0936384627	2558.42195515799	4474.51559362069	0.0109378538209685	-0.00657883358568212	0.00271419346510167	0.0115489151866548	1.10668439794621	0.0081577117840744	1.54674394100313	1.4628652018572	0.532364677984014	0.477231122402269	-1.90911163013324	-1.46742448443746	-1.71610791318292	-2.00334815125567	0.697874161843832	0.31801117839064	-0.0733224370450051	-0.371410941865469	0.0801012301195414	-0.15669687774246	1.16220123059412	1.28183130465259	-1.48112693366383	-0.66183826625664	-0.517526411269229	-0.468114719666879	-1.30754790468305	-1.22798915064697	0.445733979758425	-0.0902853921029298	1.33231405699525	1.49153962438325
TCGA-B8-5164-01A	-0.0517784439662265	0.0344795463795542	2.86132716850544	7.66600806311702	7.85634601097015	7.9	1420	B8	-1.16932189852814	0.774831436418667	68.74.0	TCGA-B8-5164	26	0	80	10	0	859.981908808809	2804.781920739	3664.76382954781	-0.201796067322639	-0.210026382026812	-0.203331022982183	-0.193435335720879	0.68594583959788	0.00965289706551486	-1.33709193847567	-1.37774550117431	-1.14510483032801	-1.17187375154638	-1.34724511429114	-1.18761338645793	0.605650546140859	0.570724869777414	0.962139930517162	0.947411805176421	-0.35641743480686	-0.446521385126892	1.17312218999952	1.72482067109873	0.114744580488581	0.192476406629362	-0.994158342981238	-0.336652537210428	0.597410761016784	0.761102317625834	-1.67370240964284	-1.82388856001801	1.22502246064811	1.31739791714291	2.03837907832265	2.18564796971678
TCGA-B8-5165-01A	-0.0395766766770102	0.0612688047774907	3.23749629277842	6.86705012421212	7.84773173354217	8.1	1420	B8	-0.893767196626876	1.37684514438823	68.74.0	TCGA-B8-5165	737	0	80	10	0	1253.8842645351	1209.38441340991	2463.26867794501	-0.323350795900337	-0.381320683309446	-0.312770053765456	-0.318313852314179	-0.459474271866156	0.0113611646665444	0.99728346353374	0.910605004501174	1.15743851263664	1.11486542907931	-1.63353162033269	-1.40590836916017	0.344385945296806	0.176710257526761	1.2460733774712	1.05787294046259	1.04887648398481	0.920856069347673	1.12826748296655	1.26506899672654	-0.907084123675746	-0.840746081651222	-1.12027825838159	-0.774699926335205	-0.0571789037153164	-0.0745870183420033	-0.015917972854059	0.119959023864419	1.09997787932142	0.876777940876622	-0.603997953069018	-0.525913906664484
TCGA-B8-5545-01A	-0.0582972449923473	0.0263385530857345	2.50483988527725	6.031394792327	7.76424236285466	8.6	1672	B8	-1.31653715275561	0.591885365774724	105.71.0	TCGA-B8-5545	1525	0	76.6666666666667	56.6666666666667	0	1583.56502349162	1776.61750584763	3360.18252933925	-0.0480849850998913	-0.0357400546352567	-0.0421645524052472	-0.0303562593844387	0.23488770650676	0.0112090657794999	1.67470208697999	1.5363603338901	1.12988413382499	1.00908227264061	-0.812105778438172	-0.624066994462662	-0.42023637936291	-0.689809645608286	1.80617282733065	1.64879513417546	1.00377404259492	0.797504924415627	0.85389678274633	0.845777597965311	0.174401539745375	0.228067885742197	-1.05090407170274	-0.467839489680303	0.190034168403437	0.0922750193867713	-0.397044720139404	-0.388271092366133	0.913811690008805	0.536319276388346	0.474826503962261	0.579135167644893
TCGA-B8-5546-01A	-0.0542846446197829	0.0192047151540378	2.40625977209438	5.31485150862612	7.63487516759308	9	1541	B8	-1.22591987795411	0.43157229694989	90.68.0	TCGA-B8-5546	505	0	90	5	0	-529.818191825967	-81.756539792243	-611.57473161821	-0.90412892474644	-0.952854047392118	-0.919244448513271	-0.91440276334047	-0.631938906263466	0.0121746077785008	-0.99639620902086	-1.22422524011386	-1.39021355195632	-1.79755197451369	0.36552831037665	0.406771773908969	0.639574223715256	0.39236346594951	2.42377658288413	2.37037399260149	1.13887935454027	0.925442545063509	0.684103782862291	0.600222339632325	-1.02391158070874	-1.00805710435995	-0.697396454501249	-0.0771854646655849	-1.93947326012981	-2.23519567534087	-0.141570229347237	-0.224679288708249	0.541346507981993	0.0828553879291789	-1.89776702264311	-1.82807989761385
TCGA-B8-5549-01A	-0.0498247503252085	0.0331098059746599	2.22026430570697	6.52820006899801	7.75214956901056	9.3	1541	B8	-1.12520128418625	0.744050349168798	90.68.0	TCGA-B8-5549	194	0	85	12.5	0	775.266165298895	1626.46302211775	2401.72918741664	-0.0398109343233403	-0.0377542493244895	-0.0588630697746891	-0.0527074299405312	-0.0909762842852924	0.011457304924066	-0.314441421500268	-0.438806041528765	0.0932563873925008	0.00748257050807122	-1.00542774717063	-0.954510668628561	0.418431476443339	0.277070916968872	0.172797216154939	-0.0368484019430062	0.714409979130686	0.632148204640855	0.472389458107687	0.631022906412449	-0.373472208831841	-0.322548732039466	-1.43945634607524	-0.977829679134776	0.106137186830818	0.0909230069808227	0.0383217023850314	-0.0306388124207216	0.417892780553617	0.140838988196456	-0.327796897004363	-0.214114198011165
TCGA-B8-5550-01A	-0.0645148469798735	-0.00754765729652714	2.02316424215715	5.25726644236799	7.63699180675214	9.3	1541	B8	-1.45695037500479	-0.169612502446721	90.68.0	TCGA-B8-5550	1476	0	87.5	17.5	0	1582.44855280106	1491.83835116039	3074.28690396145	0.161757377108623	0.179647112400065	0.145852358310089	0.166374823885206	0.724915082909608	0.00966871221160201	1.67343975662921	1.47122310648709	0.00912179391835517	-0.266692372758691	-0.283001380131723	-0.3020498416453	-0.00664937053202823	-0.285023647716632	0.224721795733409	-0.111024393244182	-1.10982023215078	-1.60999337206346	0.0606157021950555	-0.199178919940748	0.952181960184718	0.968902016545294	-1.14394725114126	-0.641256956821698	-1.54197126213684	-1.80134368589155	-0.297590099566804	-0.413142427587634	0.19656056143319	-0.367579971447077	-0.158158257685611	-0.0669857218945881
TCGA-B8-5551-01A	-0.0579549343916987	-0.0699125917887029	2.2007824451421	7.82194420100166	7.72751375084033	9.2	1541	B8	-1.30880669098859	-1.57109009854941	90.68.0	TCGA-B8-5551	16	0	80	17.5	24	1079.91597081297	3100.06510596797	4179.98107678093	0.680985928959376	0.605207855312962	0.655358640385774	0.6785799771527	1.90834733868626	0.0071286161565129	-0.41766942295195	-0.42491814400049	-1.29635473264819	-1.19565729597272	0.162294005460528	0.0573339112354446	-1.60275733069858	-1.59376246359628	0.530253623105677	0.735326178777736	-0.83308724723163	-0.707457305794232	0.60153691993285	1.39458322141524	2.89021604651256	2.95005907696257	-0.171916926393147	1.15626503835142	-0.600628935885789	-0.42959774784552	-0.694289513975364	-1.06562008186071	0.0150193874034726	0.165010199015633	3.09385030199556	3.30103176139197
TCGA-B8-5552-01B	-0.0305900897042731	0.0412414118434134	3.49302304543974	5.91440110853059	7.81435804701819	8.9	1672	B8	-0.690821489198831	0.926785463671724	105.71.0	TCGA-B8-5552	1046	0	82.5	20	0	1586.75764066976	1953.73180662289	3540.48944729265	-0.158817996979676	-0.124126725548963	-0.162813165566341	-0.148750973469879	-0.225664293528833	0.0121904635614839	1.6397314998557	1.4866395371719	1.61106206306776	1.42449270505109	-1.05162739329251	-0.704703417108927	-0.278967266256663	-0.604747884845333	1.32787237731423	0.963098217682637	1.00126038549006	0.655014363272213	1.29394457158748	1.1092539203371	-0.386872856850614	-0.333589843816462	-0.515322152250775	0.0453017510074351	0.837373158730517	0.720836936911824	-0.716260036660125	-0.535165367665861	0.926091159305554	0.381170971569341	0.580919678246838	0.638631961535467
TCGA-B8-5553-01A	-0.0467595568022596	0.0460659386822939	2.47184755398204	5.39396273802791	7.75323967734776	9.2	1541	B8	-1.05597946840614	1.03520322008475	90.68.0	TCGA-B8-5553	435	0	85	10	1	967.213447487559	1910.80144423847	2878.01489172602	-0.031554697325725	0.0425252643866583	-0.0433161758470701	-0.0363453329664171	-0.396030461613603	0.0117777738105234	-0.418752576920794	-0.640370346641349	0.536910676209542	0.243265782070931	-0.552027845208065	-0.258058851774259	0.621361535919289	0.308213954628811	0.539742811358254	0.0639165963450407	-0.592682287447527	-1.17053015306863	0.786729673403134	0.516115337912001	-0.680642931039713	-0.630327489701309	-0.883679988706823	-0.193164055497817	0.294186360360221	0.132149722151344	-0.994677718057342	-0.947416510476459	0.753550804047703	0.118240695395664	0.448847349670253	0.529377266186306
TCGA-B8-A54D-01A	0.0938272643237633	-0.0180983163598752	7.51998645033867	8.20653715168762	7.39607394172137	7.9	A266	B8	2.11891795984306	-0.406709076375698	274.47.0	TCGA-B8-A54D	830	0	90	10	0	519.769979361262	2449.57765591672	2969.34763527798	-0.0357012003676986	-0.127307630712235	-0.0463047417981953	-0.0678065684405366	0.491354282908499	0.0175441498944029	-1.00872368096591	-0.982555539425472	-1.17820830556021	-1.185290952108	0.550725142200159	-0.47127438278289	0.662014574252139	0.923409001135563	0.166532674703259	0.821787802299903	-0.759957730555459	-0.458221831616412	0.300435354248283	0.940317204973269	0.703145279811384	0.542837328583957	1.71006392704815	1.12981148421134	-0.856627319872914	-1.04476794207247	-1.84177792367835	-2.44841220726392	0.0639375181125893	0.880875150596589	1.47282633921624	1.35782484582029
TCGA-B8-A54E-01A	-0.0359710990271365	-0.0102319301947035	3.83763153666818	8.49969057805406	7.65195697935341	9.4	A266	B8	-0.812341789065557	-0.229934033436091	274.47.0	TCGA-B8-A54E	909	0	95	0	0	-471.577406002665	538.315289856888	66.7378838542231	-0.634321378623804	-0.730432563321884	-0.598827839570114	-0.62714368234284	-0.370255343152115	0.010300447670562	-1.61092684492197	-1.57968800518433	-2.39664439107695	-2.32360684583925	0.34081904946977	-0.0857759034407179	0.574692902009512	0.791948634928223	2.09685824289586	2.71497724434799	0.812357855048593	1.29372875353966	-0.756379108474724	-0.273472318631661	-0.773583261584267	-0.787652959435032	-0.407423933668358	-0.197119223480323	-1.97627806485383	-1.89823322391912	-3.25375570990243	-3.91632282385624	0.175978500122584	0.71370082400972	-1.23878970334926	-1.15195971451226
TCGA-B8-A54F-01A	0.0340912546270674	0.00349543464286161	6.78964473389814	7.07440123263996	7.38408316413024	9.2	A266	B8	0.769888925393947	0.0785501240480952	274.47.0	TCGA-B8-A54F	519	0	95	2.5	0	1015.06118327822	1540.88210476757	2555.94328804578	0.0330667483287937	0.0578340367584447	0.0124874086824842	0.0334464850965005	-0.387058858004998	0.0182823232704278	0.426783923216406	0.372901999775062	0.286265348499021	0.205758027608942	-0.471210171494086	-1.45844119593917	-0.585422192210257	-0.550731679840756	-0.0318080790594369	0.330071747429952	0.935128038934186	1.22198129692323	0.947313608223891	1.4961960650504	-0.308885008194995	-0.458785627771959	1.36353821285589	0.863131928329627	0.734871734310735	0.468361303019259	0.70376046254761	0.406746849449473	0.551791913855604	1.1089811019296	0.108349760149228	-0.0200279259904415
TCGA-B8-A54G-01A	0.0573783190139906	-0.0286972078705626	6.64615858068072	6.77546561687001	7.63154225542789	9.2	A266	B8	1.29578488236449	-0.644889539751555	274.47.0	TCGA-B8-A54G	53	0	95	0	0	371.753625317874	2999.88017569372	3371.63380101159	0.132973271456593	0.128063951092833	0.0959829583761176	0.0939984035458876	0.874254949022222	0.0188943725351831	-1.87403483503922	-1.98862394515976	-1.49004701803795	-1.83772791720755	0.977615584142365	0.908317516812024	0.657358870953809	0.58289696414255	-0.0744712801037007	-0.177519128398384	-0.508215516872032	-0.756313737720813	0.333327975204462	0.0221789253985395	1.21713929499133	1.15376968866943	1.32967081166173	1.31594781366883	-1.05339539234775	-1.32470780869791	-0.0634021270967529	0.00860778017977388	-0.0214416266388629	-0.198418838102856	2.81033821870431	2.73200793722986
TCGA-B8-A54H-01A	0.0276711598274556	0.0401940057272243	5.00680821674704	6.93678961228941	7.84686370578502	8.9	A33J	B8	0.62490277160552	0.903247938653653	340.41.0	TCGA-B8-A54H	256	0	95	20	0	608.14530993918	1490.00201112292	2098.1473210621	0.136572723157179	0.214260025786127	0.141198545587332	0.1411132767429	-0.637433388906966	0.0150660776392536	-0.111111719977247	-0.192940176514555	0.951657915850207	0.830339186868973	0.81512786571148	1.32680246651747	1.21217024442641	1.08470893642882	0.317581306066947	-0.00730998675586891	0.759034598440247	0.537120313151683	0.73039816102542	0.441926973099031	-0.935258611027412	-0.871517763627501	1.07029370614766	2.09327529392875	0.11419604978142	0.044560568003867	-0.294963602977626	-0.0461062035245867	0.467190434314722	0.0714669225291235	-0.0769794510967039	-0.0708190274794214
TCGA-B8-A54I-01A	0.0168363439813732	-0.0888683841971307	3.82350526791289	14.9903942223435	7.70444300063255	8.2	A33J	B8	0.380218179623426	-1.99706855251728	340.41.0	TCGA-B8-A54I	150	0	85	50	0	716.733175965877	2326.17056164367	3042.90373760955	0.133074118285085	0.18706324285219	0.0918436804146725	0.0843547360988105	-0.41564026498629	0.00695376438733638	-0.880158665628555	-0.266706618847966	-1.21796333216055	0.206786463023052	1.2203258318572	0.0153563274281619	-0.745781253669376	0.392204559048406	-1.68793041687977	0.0241912130068203	-2.37846442754761	-0.643494470035815	-1.54290958777567	1.28066169920128	0.062752413257048	0.0924119661083751	0.498247651195512	1.59176499819575	-0.734412470240828	0.318847560999204	-0.240673198975057	-1.55074881131901	-1.88937832612469	0.409514071424926	0.733466329773547	1.01283603815443
TCGA-B8-A54J-01A	0.0292632154674904	0.0256625310403533	5.09896263590678	7.24211169548251	7.74669918258675	8.8	A33J	B8	0.660856450027804	0.576693659749728	340.41.0	TCGA-B8-A54J	528	0	95	0	0	767.179178464759	1657.22018646036	2424.39936492512	0.0654805339652524	0.0893230344482792	0.0468332949734738	0.0492021957063042	-0.548762295270095	0.0149823157560278	0.0554631964922761	0.00641980473836576	1.70427163778643	1.72568505309717	1.19834361266909	1.40160476235237	0.578461215648078	0.529368347790483	-0.0613598173169787	-0.195803972121912	0.555113402286225	0.501034235138025	0.201012531712816	0.0543417125454005	-0.533851623856061	-0.519847235551686	1.25724379467836	2.19147260910653	1.36306626264661	1.36542137366331	-0.307836046119859	-0.268540157376841	-0.206377149663204	-0.455267648818063	-0.0363669730880987	-0.0329480402521737
TCGA-B8-A54K-01A	0.0325508695281239	0.00890958157643191	6.19158815709987	7.68296988453566	7.68661252539434	9.3	A33J	B8	0.73510213208019	0.200217944133095	340.41.0	TCGA-B8-A54K	469	0	98	0	0	-256.186087009528	-78.3925506286718	-334.578637638199	0.161390989188291	0.114998984546439	0.163944730681969	0.14956725065573	-0.390870675254325	0.0223409213355165	0.12764867415821	0.119551567083174	0.634902812734863	0.617020314682564	-0.114651442059646	-0.270172079267567	-1.45773480162891	-1.52898199154357	1.23900397222056	1.44488748821085	1.13214532922247	1.26581879285047	1.06182410285719	1.34198796292312	-0.382198815595062	-0.413124023123107	1.26625964299892	1.54463818334744	-0.596575264371527	-0.718637591839226	0.895869901966523	0.973443943357982	0.444172859173562	0.608676922776318	-1.96307258452061	-2.03629858697005
TCGA-B8-A7U6-01A	0.0132327805944582	0.0126023984776739	4.40140916475104	6.84300835712761	7.5837346551616	8.9	A37O	B8	0.298838260524226	0.283203682765583	387.37.0	TCGA-B8-A7U6	495	0	90	25	15	925.08783202487	1470.58048878605	2395.66832081092	0.61040833819148	0.698436826791971	0.631232102578017	0.630281502494776	-0.0539709387242353	0.0149834922762624	0.163444463988943	0.0888509568793792	1.12647074152384	1.13066540530579	0.834270294407808	0.575065799382858	0.0442301138983201	0.00883813328426111	-0.21284867231851	-0.186333318398765	0.325884364124149	0.3714667454109	-0.293483796110751	-0.308869001888548	0.118625656774629	0.0776905392624246	0.965317118443418	1.74077899371155	3.64948782767806	3.69459529888857	0.898800987587969	0.759315341339211	-0.261493707424333	-0.322039820405475	-0.419648547098763	-0.409978083780818
TCGA-B8-A8YJ-01A	-0.00383825511098988	0.0042195995264045	4.9819112069098	5.84866566378616	7.66323913137894		A39I	B8	-0.086680004450221	0.0948237058041539	404.35.0	TCGA-B8-A8YJ	431	0	80	20	0	1812.89815009849	2238.3743267341	4051.27247683259	-0.452290922660813	-0.467482216273384	-0.435560869096952	-0.412533515254841	-1.04116589859684	0.0130236520474421	3.15066577464525	3.02003499321361	1.91346333318949	1.7225376755892	-0.735707891587434	-0.752704553427877	-1.70250937252918	-2.03559104971717	1.34244746014621	1.17537694172049	0.226764634476334	-0.126861169788636	0.880822249993234	0.595194033836928	-0.652823103014992	-0.664697366852592	0.757441806088843	1.2248973082482	2.70193456978446	2.53981936476155	-1.06537960636116	-1.02598303654411	0.109233570332499	-0.394658826908313	0.827759746116843	0.810452653717565
TCGA-BP-4158-01A	0.0681820052332249	0.0393989550987057	7.83248112891847	8.61680148743591	7.72181821323929	8.3	1289	BP	1.53976646839317	0.885381397901077	64.72.0	TCGA-BP-4158	3377	0	90	5	0	654.005800305969	1160.2766661506	1814.28246645657	-0.151855418562397	-0.117364580302906	-0.14370236246178	-0.16063440271324	-0.387872858309587	0.0149898548678778	-0.473863710358846	-0.410455621474841	0.734957727843405	0.793339044200255	-0.265388721410537	-0.478434885024591	0.639248737089827	0.755545603193598	-0.254779895030121	-0.123251805185511	0.830549377641935	1.03417543999161	0.171505772131599	0.172603343826895	-0.522801660651433	-0.597048247945764	0.89181242268354	0.189222403120545	-0.87117017113592	-0.98072522320922	0.319828766168313	0.409232686866042	0.36600869170722	0.721933096469271	-0.85826218113036	-0.987127784685415
TCGA-BP-4159-01A	-0.031605405566331	-0.0200837602645341	2.78973792621965	10.5496318564399	7.68293931624471	7.9	1289	BP	-0.713750549643399	-0.451326378924893	64.72.0	TCGA-BP-4159	2601	1	82.5	40	0	1205.98553247402	1673.46075709094	2879.44628956496	-0.25557734186699	-0.26509800110714	-0.223727890890253	-0.238426950504607	-0.559637480094281	0.00706315130721379	0.49834870567763	0.738533304389748	0.593756664815302	1.33411254919854	0.312245031734924	-0.380180193288211	-0.918178298297472	-0.449046068920094	-0.931926165385839	-0.17550878983233	-0.60175674784154	0.2750292720779	-2.27538593376568	-1.34132452609201	-0.940720248395868	-0.950645267497188	-1.54513571373905	-1.46260212238565	-0.643431134327712	-0.171154217128529	1.9922164712797	1.38769169708934	-1.05024679313654	-0.0830613705985139	-1.07821336844254	-0.901488049344272
TCGA-BP-4160-01A	-0.0495410853058329	0.0154635115045097	2.69765598794617	7.53181569722841	7.53327299381032	8.9	1289	BP	-1.11879522611276	0.347499201388006	64.72.0	TCGA-BP-4160	2881	0	80	27.5	0	1236.85285813364	2400.55699280106	3637.4098509347	0.357763314301719	0.426509591669844	0.3518289407151	0.352187778250536	0.345039382228245	0.00921636579253458	0.193501845391446	0.160669410856419	-0.547622192342064	-0.425782067151399	-0.640314503262737	-1.37824769261032	0.354743531292265	0.482994031248873	0.184649021076512	0.56289266858732	0.792857955301805	1.2318702755496	-0.71243792533823	-0.164941157443324	-0.142950930551278	-0.192086405567424	-1.58880544257896	-1.85052162267007	0.696109085690185	0.783631719415485	0.438104817090128	-0.0819080272125336	0.757869043966713	1.34632915334512	0.97981003532012	1.08898656728418
TCGA-BP-4161-01A	0.0499314133156434	0.0146557121985146	8.23209342361824	7.33426154555602	7.77078095083506	8.7	1325	BP	1.12761007365391	0.329346169741009	50.77.0	TCGA-BP-4161	2746	0	88.75	5	0	755.599800537899	2454.73226007648	3210.33206061438	0.0995033150200242	0.131811715544791	0.0837551950731483	0.0916060757656116	0.171553101885407	0.0161790226713496	-0.976965572310992	-1.03296650519129	-0.273394720502184	-0.577780875455182	-0.378251689064009	-0.245081194859294	0.646014868104918	0.522922751127207	0.529620839290636	0.339871361389992	0.844148954607445	0.609955898552237	0.688396345123155	0.159866047989382	0.2224458735423	0.172643896255962	0.810009805891961	-0.0926443659589501	-0.311884064697067	-0.578261068344623	-0.238791264331422	0.112872088033606	0.874657430278985	0.759409361767293	1.34112824070173	1.18471039465034
TCGA-BP-4162-01A	0.0203518255410784	0.0439164014254317	7.28786767187058	6.3786684494594	7.67185984555249	8.5	1325	BP	0.459608931000901	0.986898378076807	50.77.0	TCGA-BP-4162	3074	0	89.5	5	0	773.964518505715	2249.97526440162	3023.93978290733	-0.0656099853822677	-0.0562314607543632	-0.0562793384623807	-0.0561283807646828	0.135178019360285	0.0138441926091578	-0.628459015369164	-0.76615758370256	0.0904105018785433	-0.291709179318752	-1.22979281403061	-1.333922002713	0.720087175912625	0.519163123334783	0.39020457492179	0.125284941654556	0.704562811800613	0.368051722017879	0.702383471543724	0.165786577454462	-0.169665855834688	-0.244818202352369	0.25596394958159	-0.764119129631282	1.83081889757284	1.55606689024439	-1.29758918856011	-1.1316537758464	0.91140521636312	0.687747296298061	0.849752932852896	0.69684259936389
TCGA-BP-4163-01A	0.00498066470240823	0.00273177374581028	5.49815944243641	7.33865623875863	7.61315609936773	8.5	1325	BP	0.11247924540859	0.0613889797776495	50.77.0	TCGA-BP-4163	2839	0	88.5	12.5	0	944.25015921211	1728.21660266935	2672.46676188146	0.0375627548232872	0.0870065189686618	0.033823043697271	0.0426596965879043	-0.20668361190194	0.0128673168706392	-0.0519135519086501	-0.0966902648454275	-0.58323727602307	-0.691551039847457	-0.699638377227249	-1.09929855176046	0.172508346209246	0.174233331174867	0.0888732944008587	0.20123101368792	-0.795625330478951	-0.89105852420652	0.764153345249538	1.07970652220926	-0.0522658294701705	-0.0895397481017058	0.232250960003557	0.00448531376746472	-1.24849952236813	-1.39974733207257	0.145503006644031	0.0292186485889714	0.570779041569633	0.792666330711517	0.270963803864213	0.238520498605158
TCGA-BP-4164-01A	0.0507244190300084	0.0490724301941705	8.19312175767356	8.66299479191183	7.56857112804659	8.2	1325	BP	1.14551866411039	1.10276571383349	50.77.0	TCGA-BP-4164	992	1	88.75	5	0	150.921684010379	862.444865667419	1013.3665496778	0.19824163709563	0.218281678430726	0.198159433901281	0.175984580687745	-0.132279934368473	0.0181909715595283	-1.27520589586611	-1.22016766970879	-0.655774513740235	-0.663219014203378	-0.708235042114062	-1.42020251422651	1.25377373815554	1.47012736643738	-0.115523662807813	0.284476121439898	0.836985505000173	1.1797163390205	0.64051154460522	1.09598621216713	-0.589817651729154	-0.719930976267111	0.702352016560536	-0.63107268060897	-0.337812482898384	-0.4711545925903	-0.300855831053354	-0.483269275473219	0.996456595870057	1.79663435932855	-0.991410721571938	-1.15979588624239
TCGA-BP-4165-01A	0.0502452817621848	0.00542607257057354	6.04303393615771	8.83761056911024	7.67859384139265	8	1289	BP	1.13469822114705	0.121935815445139	64.72.0	TCGA-BP-4165	3037	0	90	7.5	0	696.592696601715	1701.96650604421	2398.55920264593	-0.290438452888299	-0.248834196869731	-0.262684251607433	-0.276774041734038	-0.884628982192587	0.0122293647604743	-0.264090386356693	-0.175213174683495	0.839592963900153	1.07868317884863	1.43437313581381	1.21299096109928	0.667230327397538	0.892018459427661	-0.951913894866125	-0.702470032980911	0.0770320738280718	0.408765648461887	-0.731555274935342	-0.554822396626658	-1.10501069439735	-1.15191880266174	0.947758374237766	1.1180646390788	-0.143606599468817	-0.0738074630411118	0.57332170296826	0.40408612854008	-1.26176469865338	-1.0661852715092	-0.578239616476819	-0.607958266705439
TCGA-BP-4166-01A	-0.0434042052251496	0.00466950943619587	2.74765491406024	16.9772293747247	7.72092666452674	8.5	1289	BP	-0.980204961181955	0.104934173552922	64.72.0	TCGA-BP-4166	13	0	80	10	0	1227.52652083969	1626.00477029082	2853.53129113051	0.00774548414993555	0.0153380184776855	0.0271288761554076	0.0265339360875977	-0.251617002641201	0.00817634170082674	1.14407726168105	1.94842357631422	0.762803600710719	2.75237433439867	-0.41147290124439	-2.08464626624492	-0.708389848608799	0.725798475420973	0.254465544232578	2.7178304306445	0.268557167930134	2.89102436535661	-0.866103258481976	3.18905776990581	-0.502202086314179	-0.482816675499771	-1.4773782879387	-1.17547151474964	-0.597732971296212	0.769948059956036	1.4450644024818	-0.0985415928708972	-0.0177913672161032	3.42681428731001	-0.660258510879573	-0.304282439241305
TCGA-BP-4167-01A	-0.0374874459904126	-0.0925850878464067	3.52984563790358	9.27482705950998	7.68872644311405	7	1325	BP	-0.846585724844738	-2.08059107904967	50.77.0	TCGA-BP-4167	2718	0	86.25	17.25	0	1860.71279950248	2789.26218623	4649.97498573249	-0.304828004551146	-0.308590296515734	-0.296551837519511	-0.290742509157238	-0.230456824369055	0.00683274851704278	2.06401025405332	2.21226386699374	-0.590731357349238	-0.220826706176583	1.23361722243792	0.87924664646613	-1.50387032028931	-1.26877472906633	-0.934558971495276	-0.537192553236578	-1.43660916541595	-1.06566268312533	-2.19651788006412	-1.93728591600464	0.284522417924192	0.269858176785408	-1.04226735456868	-1.01442549180761	-0.654482127567204	-0.400840431989016	0.809460481271447	0.368976621076309	-2.03228991162326	-1.8051788138188	1.26227695630117	1.39897680265318
TCGA-BP-4169-01A	0.0211472488587882	0.00636271908597677	6.9882342476711	6.95319954616305	7.89441132004938	7.9	1289	BP	0.477572118627872	0.142984328002624	64.72.0	TCGA-BP-4169	701	1	72.5	10	0	1669.03991101523	2337.20407236395	4006.24398337918	0.29379013535178	0.305599975907721	0.323087452241171	0.339897404400286	0.62089443749118	0.0162827982918636	1.48367031702313	1.4176722996542	1.20801166061047	0.966109445626433	-0.879887841759158	-0.382369638137617	-1.17034478742347	-1.48350376418936	0.981205863285584	0.589538946040535	0.790935597166283	0.397333871848258	0.86755005816605	0.193407758109125	0.823449544491554	0.842932494106732	0.653333442838807	0.489666644812626	2.20247443684639	2.08099242178828	-0.132434721569761	0.386529619955741	0.562006056524304	0.0286612495930723	0.886328837472412	0.791442341334873
TCGA-BP-4170-01A	-0.0312688194116284	0.0376314629500428	3.33163653279911	7.60095226438759	7.84172251776684	8.6	1289	BP	-0.70614936406718	0.845661951904556	64.72.0	TCGA-BP-4170	2343	1	90	25	0	1193.74161098708	1981.97747653241	3175.71908751949	-0.000165993176804411	0.0689759192935737	-0.00403918104507531	0.00999846724939783	-0.296794937311433	0.00974259945050811	-0.525759056963897	-0.561940781080742	0.571692545822874	0.63388012340183	-0.580682888439341	-0.383613385322936	0.639694330468421	0.607631693305581	-0.0454286104844457	-0.203874675183603	0.687110820166701	0.712834847841051	-0.136824171482183	-0.143949509611493	-0.708620717711812	-0.640900662163917	-0.864321328832461	-0.372857780078019	1.55077608655048	1.70664919239398	0.471789193476947	0.52254716370287	0.455645499920933	0.359637562305919	0.279909544080087	0.376413936219034
TCGA-BP-4173-01A	0.0110168230762675	-0.0205068457172173	6.54783030321697	6.44245183434707	7.7896801020553	8.9	1289	BP	0.248794893946455	-0.460834041973058	64.72.0	TCGA-BP-4173	1893	0	75	15	0	1520.93250517884	3298.09161910284	4819.02412428168	0.11814770010066	0.0723956325850524	0.104005325141349	0.119122327904652	1.0063814715511	0.0140197538991353	1.04474548394556	0.930252576281656	-0.180270972357819	-0.554941793516991	-0.395756737247507	-0.0851265292610813	-0.898008870864922	-1.20481329171105	0.775820278305152	0.426396076334123	-0.438518239777081	-0.985872240087731	0.751055466401539	0.127384927567779	1.22901839248919	1.21236614961901	0.514830080598445	0.271627680481181	1.52826728152123	1.32081084997351	-0.532219271853737	-0.189395401666279	0.189404986622057	-0.387651400030766	2.95243503238076	2.87953567567347
TCGA-BP-4174-01A	-0.0300435634041543	0.0052305872815289	3.54247821632913	7.46684203967144	7.72413467636232	8.8	1289	BP	-0.678479187617361	0.117542829944639	64.72.0	TCGA-BP-4174	1879	0	90	5	0	589.082469355934	1765.1804291818	2354.26289853773	0.498865519241173	0.562450382241504	0.481326585332634	0.504830436302431	0.325603138621425	0.0117073416372456	-0.954797811604443	-1.00319294065911	-1.3734134802546	-1.44369234562976	0.014717375398768	-0.0545389517355361	0.470902143020714	0.46808557229929	-0.622652111885679	-0.705398915215199	-1.34943670250494	-1.50377963855154	-0.563941495468882	-0.560790198491015	0.145208185947235	0.159754686806946	-1.00997536195054	-0.936738487110631	-0.0960881219857241	-0.0685338739318813	0.620427043027101	0.524936071531953	0.660939428255698	0.783887203438392	-0.0239598701864991	0.0515298846605235
TCGA-BP-4176-01A	-0.00518126031962234	-0.0131596206537217	4.91073465540246	7.08916319289495	7.77551280996199	8.3	1289	BP	-0.117009332255352	-0.295725693766502	64.72.0	TCGA-BP-4176	1955	0	80	20	0	1300.21650169643	2316.35677554299	3616.57327723941	0.106016262604818	0.0873662609313151	0.0967710429050774	0.102472681405697	-0.0392724914438752	0.0128013372397415	0.0906846023363611	0.0171203722353866	-0.654685099620753	-0.843461964753771	-0.696357937347112	-0.605162111160308	-0.289538986171563	-0.430192813558375	-0.162045558595265	-0.41644057641906	-0.204599492245862	-0.435816221917455	-0.270865336836685	-0.671823327619227	-0.0687685051769821	-0.0574319218284474	-0.728959081457308	-1.04876062309073	1.05439745100399	0.999990449543624	0.614527855819222	0.782170525415433	0.644217792237629	0.489202607006059	1.01698718465594	1.02721573035038
TCGA-BP-4177-01A	-0.0476460606788473	0.00210152323342437	2.32048731133071	7.54909228158132	7.80855471298165	7.6	1420	BP	-1.07599954465061	0.0472258610277708	68.74.0	TCGA-BP-4177	1670	0	75	20	0	484.392718690829	319.043818664032	803.436537354861	-0.106199396294042	-0.170415732383331	-0.0862776975819093	-0.102105857598672	-0.797156793177972	0.0140559376420966	1.1866490155053	1.1631997163595	0.36775702526913	0.472965371810584	-0.155702987430763	-0.0159892682229511	-1.33005745729463	-1.41905433632889	1.0452288096269	1.10365852035938	0.673378780167468	0.787058268292409	0.0290968157518847	0.299102496736856	-1.09440024371042	-1.02130222965128	-0.893779611304154	-0.00893805058832302	0.416560340931233	0.560157852281205	1.34417234021805	1.3315411506832	0.2617339656855	0.190166625058559	-1.67003548614165	-1.53385180964765
TCGA-BP-4325-01A	0.0696510281949022	0.0505408989532682	9.73173326574123	8.15846644820935	7.75421742360126	7.9	1289	BP	1.57294167774575	1.13576544490368	64.72.0	TCGA-BP-4325	2964	0	90	5	0	559.440377274504	1822.95156053479	2382.39193780929	0.264888968363959	0.260793837249957	0.254911173960674	0.249934014312021	0.776357546647339	0.0170909221183628	-1.30981120000245	-1.30443927193492	-0.569061775463306	-0.820852908844326	-0.302379365130283	-0.322268436234839	1.69897237867522	1.73156044510927	-0.0924680540286298	-0.170261767059117	1.37143789505198	1.346030266473	0.721724684187399	0.318518172763644	0.442817211311418	0.341448038654231	0.95893221823314	-0.608842887902501	0.37395092692463	0.145874838769808	-1.00401072071127	-0.731075567451667	1.00808376541771	1.20843827398664	0.435012887535639	0.198124158858726
TCGA-BP-4326-01A	0.0125126947999929	-0.0269794049558248	7.187659416086	6.84360163980718	7.79518107494523	8.3	1289	BP	0.282576433713894	-0.606286720408788	64.72.0	TCGA-BP-4326	1625	1	90	15	0	943.052758767039	1257.17949199945	2200.23225076649	0.311128661938319	0.384461803757866	0.332122948270172	0.32729178259404	-0.486033870022084	0.01610384036897	0.101611251666339	0.0122913072709845	0.0868504836680994	-0.239801427780164	-1.29690350956156	-1.11379113043667	-2.15056147095297	-2.47699017501249	-0.519973984523295	-0.97585075637212	-0.158863712722928	-0.598623681866526	0.0175568400226436	-0.827511211463385	-0.29156966000751	-0.308296783602446	0.364009990918736	-0.269871930992367	2.36211697588877	2.2069781881575	-0.263941449002211	0.116019597814815	-0.591298901512662	-1.24665586859015	-1.15471306799041	-1.29978775372502
TCGA-BP-4327-01A	0.0874587725670196	0.00257391341827971	8.75846738727544	7.16762342607861	7.7416914671687	7	1289	BP	1.97509716683866	0.0578415101274526	64.72.0	TCGA-BP-4327	109	1	90	10	0	567.770027818969	1176.6446963045	1744.41472412347	0.0221607235711156	0.126972075921654	0.0212524863683095	0.0150949308429049	-0.85656684457394	0.0172800679347526	-0.603246929715285	-0.668691922497834	0.251630695859679	-0.0616200176302295	0.310785065071642	0.481586384507131	0.423357944049523	0.283205342690517	-0.782892017266213	-1.14490028884667	0.493138011785414	0.190948921833447	0.192110441195168	-0.627619971252378	-0.863389833434626	-0.931345521963598	1.53783419166018	0.837179401537522	-0.191384687195409	-0.522299645651921	-0.161864211600119	0.221046128402547	-0.675806606951197	-1.17196093709657	-0.736264642821199	-0.945684774441378
TCGA-BP-4329-01A	-0.0157673681643271	0.0159310275078459	4.47835095426082	8.47541010676115	7.81470578108553	7.5	1289	BP	-0.356077306779037	0.35800531688112	64.72.0	TCGA-BP-4329	845	1	90	10	0	1235.6281326798	1737.98183650228	2973.60996918208	-0.00812509496888788	0.0662135740150652	-0.00154486754305604	0.00969067514419917	-1.16982935352688	0.010369548946859	0.175523397219896	0.221923455521067	0.445907366246138	0.611392780904572	-0.410793766862079	-0.407984747842688	-0.213831761472101	-0.152411765133206	-0.397267883245101	-0.370025610890639	0.62097199387272	0.830247706697688	-1.13216621766204	-1.26404915636771	-1.21650548929179	-1.18615529996256	-1.01664762280551	-1.21339562302255	0.130756176247559	0.271577301863921	1.63042058046146	1.69533861294005	0.0390319759025497	0.171234280336867	-0.458312485649766	-0.410479704015142
TCGA-BP-4330-01A	0.06325153589163	0.0402722075535674	7.90342667912483	7.07211207476673	7.82680935743854	8	1289	BP	1.42842079383198	0.90500530613085	64.72.0	TCGA-BP-4330	1888	0	90	10	0	1081.88455720449	2527.00616149104	3608.89071869553	-0.147316500163844	-0.167492052353573	-0.144686363382425	-0.147629096476708	-0.139651090669686	0.0170086976759473	0.399862667759851	0.333479506726813	0.537741387508332	0.237248853631196	-0.785826876930112	-0.473499517856101	0.754403105438673	0.570546854405921	0.708432043380685	0.403985880193892	1.16671585993318	0.860898840242984	1.31969107522844	0.842313546719306	-0.313356570403116	-0.333412592583854	1.07128465906192	0.611562871810398	-0.982981714581648	-1.27487572705647	-0.33009189798339	0.128467961260107	0.799139333945903	0.474749454653643	1.37786869149877	1.23695597710746
TCGA-BP-4331-01A	0.0525109087114567	0.0244534927662786	6.82279233075048	6.44352840420105	7.79517808913624	8.1	1289	BP	1.18586328140663	0.549523903736292	64.72.0	TCGA-BP-4331	2454	1	90	10	0	874.317497031671	1915.33082816001	2789.64832519168	0.314450352858139	0.36410289772167	0.292988914134567	0.298405715305166	0.0281847593283497	0.0187770520581355	-0.113284504038373	-0.231918337602301	0.43157129469448	0.088071730211841	0.821193496295287	1.29549488626677	0.824003098761274	0.593792141111379	0.425970235453139	0.0152750965241991	-0.264114713371259	-0.816666337403519	0.853799816538925	0.188575807859662	0.221109130032418	0.222949464046831	1.55963974869432	1.91618203682298	0.452950767191299	0.209993991009779	-0.156161223560619	0.25455739668921	0.601647481718371	0.094896001491685	0.842296868562139	0.748879476900362
TCGA-BP-4332-01A	0.0536606504805477	0.0276609437739122	7.22368295803851	6.97102530100547	7.75949369923343	8.6	1289	BP	1.2118281062501	0.621602400481277	64.72.0	TCGA-BP-4332	1133	0	75	25	0	807.502093157086	1146.43828858528	1953.94038174236	0.196177584625343	0.191165490896948	0.212446458487711	0.202930535440659	-0.410077071653182	0.0190513011275772	0.672948684529261	0.606200898284778	0.975950696928753	0.759250138534973	-0.141916472450706	0.0256621641869218	-0.0545546257143467	-0.239455286405677	0.433398641669269	0.196114220569438	1.13054856901513	0.933431582918887	0.554911331350604	0.0161576485321315	-0.300380151636135	-0.331868872122389	0.911624228192369	0.558683937129765	0.539451717672433	0.319388372668788	0.81342493676214	1.19723296244042	0.756555441725589	0.548442158177255	-0.577005328780657	-0.704827450246372
TCGA-BP-4334-01A			5.63800226796317	12.3546926945726	7.58028790816781	8	1289	BP			64.72.0	TCGA-BP-4334	645	1	80	5	0	-686.216498498615	248.475683770821	-437.740814727795	-1.68746459876547	-1.95407795594426	-1.68584937826966	-1.70493431958523	-1.73355763624081	0.00969818465778916																										
TCGA-BP-4335-01A	0.0985124743137205	-0.00250735458685464	14.2920215151335	8.9837869828644	7.55594156068019	7.3	1289	BP	2.22472489842224	-0.0563457864194973	64.72.0	TCGA-BP-4335	475	1	80	10	2.5	894.410118225995	1929.01523899323	2823.42535721923	-0.184592342732468	-0.228755832009082	-0.167352595355868	-0.187019930262991	-0.743585685941012	0.0159301142816632	-0.261477432783021	-0.16656867359272	0.429243226417309	0.221407288000231	0.0783246075116017	-0.565790847452038	-0.104783398995268	-0.0151433111210542	-0.528016845503594	-0.279557188801285	0.0826865148689154	0.0516782614110277	-0.374742861417532	-1.16668943751627	-0.74514995952713	-1.01042766340649	1.34875506254138	-2.54513589513783	1.14508616242645	0.716347722285286	0.0784775919392312	0.372978692882022	-0.531425688286111	-0.150140592418701	0.145964191524832	-0.337667522999778
TCGA-BP-4337-01A	0.0750210442266855	-0.0402464268920799	7.58249661459949	8.91127140585948	7.74456170868823	7.9	1289	BP	1.69421371414582	-0.904425957819468	64.72.0	TCGA-BP-4337	2	1	70	25	0	1172.52685192885	1248.48820219822	2421.01505412707	-0.263712496880612	-0.256888153936362	-0.261658681368472	-0.260943134512409	-0.433846928254002	0.0160560767528868	1.99675927914691	2.11901269441775	0.0160619865635495	0.0994313061534185	0.962968218031828	0.900279453781022	0.0333178788677573	0.1750295502313	-0.685534409481179	-0.55412914579589	-0.583113391088447	-0.487995097775706	-0.280130570723166	-0.327473042264905	0.152850337062188	0.121787871300113	1.44688906026118	1.30524868432855	-0.451950222862384	-0.476177819847242	0.574928410872509	0.647304940221563	-1.29262806425156	-1.26890477435385	-0.523511063648065	-0.619178835586619
TCGA-BP-4338-01A	-0.0716375708639359	-0.0752129349584273	2.59696322331428	7.87070988076757	7.90931360173694	9.1	1289	BP	-1.61780412758639	-1.69020049711731	64.72.0	TCGA-BP-4338	2859	0	80	10	0	116.626276961638	1438.31107549372	1554.93735245536	0.445021655927314	0.511490641383606	0.370221613848301	0.395001789779104	0.769856643629106	0.00674842662833953	-1.54421826022153	-1.56574743787716	-2.52019564576791	-2.59887667634425	-0.855215556275392	-0.550432612881313	-0.754338796086462	-0.817275851909587	-1.73856803794986	-2.13519518628054	-0.93581815449422	-1.07552512833283	-1.62980698523321	-2.07043086445662	1.24477255473662	1.35463037063882	-1.70710771622576	-1.33631858345319	-1.75971854000217	-1.63708919596578	-0.0527816007585431	-0.0335176363025905	-1.02041543814622	-1.48445934884151	-0.691891550841513	-0.544463831448552
TCGA-BP-4340-01A	0.0631706770566225	0.0671264275520833	10.0671782037817	6.5342518977466	7.84812927263299	7.3	1289	BP	1.42659474424027	1.50847884450929	64.72.0	TCGA-BP-4340	562	1	85	5	0	57.9049785406175	737.287448559911	795.192427100528	-0.474006236896754	-0.554138866191949	-0.456133209432428	-0.47112227468394	-0.0438905074574105	0.0201590607645309	-1.34276817454958	-1.47980222928644	-0.400211478363347	-1.01876044309399	-0.454175381086564	0.0700126080366216	2.25785102286548	2.00431589865761	0.0230120778824194	-0.617594539557198	1.67521828709408	1.11997803168437	0.939037038916085	-0.333037062290058	-0.711191655152929	-0.775204039315305	1.01869675231698	-0.521857588244203	1.41892542008727	1.00381348145093	-0.840457320902491	-0.125050283858175	0.89909808201817	0.277277653383278	-1.11922095030953	-1.4217877303201
TCGA-BP-4341-01A	0.0923597346640139	0.021008350999455	10.7473721756794	8.68093689116728	7.7678381150805	7.3	1289	BP	2.0857764739961	0.472103971511289	64.72.0	TCGA-BP-4341	1589	1	85	5	0	291.913252762846	963.923300020326	1255.83655278317	-0.231537601254482	-0.221765484229953	-0.194043363677035	-0.213644051545123	-1.19422021752537	0.0166317393191419	-0.562818653056455	-0.492197803475519	0.936999312443551	0.843897330068072	1.2860349245177	1.41261961881012	0.803205837128859	0.858637941190569	-0.834132119471697	-0.929553892503654	0.308673783291437	0.203528990389709	-0.141619436737527	-0.838278627051909	-1.27099473990484	-1.37729578296548	1.8971109413124	0.536592705033063	1.05960016230125	0.869516172508247	0.352587005132515	0.759513059741022	-0.746555858186619	-0.828404639860918	-1.24399423392347	-1.52719077425365
TCGA-BP-4342-01A	0.0593952183252017	-0.0163105685969352	9.80861666282053	7.147038777458	7.83503823432521	8.1	1289	BP	1.34133288170691	-0.366534442061644	64.72.0	TCGA-BP-4342	2256	1	72.5	20	0	979.374980600995	1421.28585628975	2400.66083689074	-0.0640044952364665	-0.0864175954256467	-0.0776945082557744	-0.0745557993570507	0.599277907549056	0.0211273776417444	1.15176738563547	1.10348811324744	0.31077837511818	-0.102295200508895	-0.464753318027446	-0.0820856794605946	-0.743574830875966	-1.01311821468544	-0.00941274293961752	-0.472525660802903	0.937612226649525	0.505966423837186	0.666424341293237	-0.387613935547011	0.392557364584964	0.330682895037549	1.21242962844208	-0.0805588686286338	-0.108368416263001	-0.503429964402562	0.342157452770361	1.02178255318928	-0.136722493766617	-0.737373073280971	-0.170414219614974	-0.432883090030721
TCGA-BP-4343-01A	-0.0775007406308382	-0.0219460614744934	2.09726569178452	7.47497487357728	7.71357018724667	8.2	1289	BP	-1.75021314334784	-0.493176393587866	64.72.0	TCGA-BP-4343	1912	1	80	10	0	1793.31929418567	2290.78216457853	4084.1014587642	0.0222611060431855	0.028150399009616	0.0100690813911843	0.0294578065510623	0.670673516932316	0.00817013901592944	1.30774226217829	1.27874771678183	-0.511214429652662	-0.429129898811504	-1.10293959809532	-1.36582972933815	-1.0008527925179	-1.02755206447646	0.252136013382588	0.331800981296827	0.00179067964892893	0.128385950371544	-2.157244867709	-2.41709614364639	0.590238899936683	0.620557603006665	-2.53538445166582	-2.81120051990562	-1.66572599570212	-1.61062881591379	1.13056747252298	0.912199339667414	0.931985868250063	1.20437236223803	0.617584488770768	0.772595528073376
TCGA-BP-4344-01A	0.0210755308155828	0.045624007976402	6.29769785082501	6.92234311937236	7.7362319252851	7.6	1289	BP	0.475952497178946	1.02527206264218	64.72.0	TCGA-BP-4344	1666	0	85	5	0	1359.73251187916	1535.83324699448	2895.56575887364	-0.230696637006856	-0.220987885227184	-0.217266995077783	-0.217082573543452	-0.69013861845174	0.0143576534037261	1.10511104556645	1.03844782025981	1.88209300910223	1.7806308832766	-0.801600761405918	-0.771984928434638	-0.431379491744406	-0.610155432452918	0.982838559491093	0.87062105193528	1.02470096164115	0.873909983175864	0.699496379021469	0.404473434068802	-0.923392099911411	-0.949633197182679	0.3858477160107	0.0869120181045244	1.35213428029836	1.19976034589595	0.221352108401667	0.446320643239557	0.858373114399239	0.728643269942498	-0.108576092128249	-0.188222978069139
TCGA-BP-4345-01A	-0.00553313943396304	-0.0332002214922174	6.26815372490118	7.17858687928698	7.78405882608475	8.1	1289	BP	-0.124955881485407	-0.746082185219436	64.72.0	TCGA-BP-4345	1516	0	80	15	0	1962.10357856907	2167.17594172735	4129.27952029642	-0.126628934385509	-0.181612930116734	-0.0987624823974481	-0.0893431023685653	0.422479911613365	0.0110127206630928	2.83603494114389	2.81780305970181	1.487375535753	1.39535257608265	-0.583380972559281	-0.441488716046836	-2.26097575120508	-2.50320915911888	0.695484528245099	0.533916545518803	-0.117613134148541	-0.39908412505088	-0.405122071224635	-1.07757865663088	0.840175049615635	0.822803270162342	-0.147875303464319	-0.70722198472138	0.629334403808329	0.482733772376727	-0.456140315328801	-0.260648149739812	-0.45690150887757	-0.903821197682475	0.424480006951119	0.361426688137474
TCGA-BP-4346-01A	0.0818055571966679	0.00574373866342064	9.36548885204139	7.89410107234557	7.73364103016047	7	1289	BP	1.8474295889184	0.12907447302238	64.72.0	TCGA-BP-4346	1493	1	85	19	0	940.412204796199	2863.61328979914	3804.02549459534	-0.184081107226437	-0.21416280144061	-0.199526011737579	-0.191124727927908	0.598605779240594	0.0171037277434425	0.0682728621719002	0.0705868640267713	-0.321981674973681	-0.566111565084196	-0.0761028294217611	-0.0723505600773208	0.759762813937819	0.737151114031558	0.405247555883428	0.38651926713975	0.38180394785423	0.221008551076299	1.22474260453789	0.993161544765549	0.872516235312748	0.79232963479024	1.76056791237506	0.902813673720899	-0.447349573855093	-0.709228136144284	-1.0257078314927	-0.778327178065084	0.280314825698493	0.268196223760136	2.28963859067336	2.09744749755796
TCGA-BP-4347-01A	0.0343762163538888	0.0472333721576276	7.48039823953828	6.63772775350535	7.92168874317102	8.4	1289	BP	0.776324267244544	1.06143802452964	64.72.0	TCGA-BP-4347	1367	0	85	5	0	706.167595573789	1202.56230359921	1908.729899173	-0.037429347983235	-0.0129653787879739	-0.0300095510175729	-0.0356158950532163	-0.169156334843977	0.0138818811171235	-0.164651311387146	-0.276120310618383	1.18373243667709	0.829096198311651	-0.668805729083281	-0.0100973637557047	0.483318913862203	0.174800332048121	0.581465362786516	0.00643267183223884	-0.349790982535214	-1.06620556801546	0.826398484997443	-0.157277754335186	-0.377395116886818	-0.353697048032425	0.665361922404463	0.311458666957039	0.393789460726274	0.146687842759806	-1.00136395012736	-0.419497058188776	0.665902919512879	-0.0357965642926061	-0.535093093924847	-0.67430682143258
TCGA-BP-4349-01A	0.0786464517821631	0.0220845242193046	9.80524554930911	7.19166055548397	7.79552574569157	7.5	1289	BP	1.77608694402647	0.496287956781637	64.72.0	TCGA-BP-4349	372	0	85	15	0	719.858534402028	1192.0874673839	1911.94600178593	-0.100372933114384	-0.0573602128087421	-0.0781515549112536	-0.0944309220891483	-1.19724197432783	0.0159499384491622	0.25860957955492	0.208192490450153	1.29511866172524	0.980989750937446	0.395457689743561	0.735741086012411	0.442513730455147	0.246034244283334	-0.126705423005523	-0.519593584109754	0.40970895814006	-0.0380645968081829	0.104211282560779	-1.02781887200362	-1.28238632670366	-1.34858216145235	1.50194879912591	0.347299217088813	0.231178637340247	-0.127363121194413	-0.46524787894974	0.0663455171589844	-0.430628857551889	-1.00845079917174	-0.713667590164391	-0.975869094068976
TCGA-BP-4351-01A		-0.00645110667338591	18.1113331727624	7.66385527016731	7.72057862937362	7.2	1289	BP		-0.144970591991131	64.72.0	TCGA-BP-4351	970	0	85	5	0	635.178033655334	1216.6497777068	1851.82781136213	0.0271966211942605	-0.0563890556444175	0.0525763901233542	0.0108701758687309	-0.109096981365875	0.0321722614868242	0.314532750330161	0.308086541329249	0.91056899967912	0.193554568351793	0.875365639316099	1.07306312854805	0.453542517666754	0.202036505722807	-0.372180898567071	-0.847508660772245	0.64802610447788	-0.0933820560073026	0.289991812885444	-1.86791337125661	0.172758933932616	-0.104335714088484	2.33734858997347	-2.51463360350634	0.207980949799977	-0.66037736718966	0.66258025979824	1.81707918609238	-0.617910567077505	-1.2058441082791	-0.508118101355664	-1.22792072606963
TCGA-BP-4352-01A			12.2833494626945	9.00193644056733	7.8136765762036	7	1289	BP			64.72.0	TCGA-BP-4352	344	1	80	15	0.5	-417.896293077339	302.557464812891	-115.338828264448	0.650248322455338	0.672363516689351	0.639469145433987	0.615845658926928	0.087073559947926	0.0213369121076398																										
TCGA-BP-4353-01A	-0.0107224770533413	0.019314583361466	5.4653478911202	6.47352098813983	7.75141688592023	9.1	1289	BP	-0.242147624851679	0.434041277836159	64.72.0	TCGA-BP-4353	375	1	80	25	2	1343.70770857827	2162.92332268652	3506.63103126479	-0.256212541938932	-0.296240400320201	-0.260322826167016	-0.255973380023628	0.260882527258235	0.0145595025146621	0.60996676828988	0.494140230329906	0.912713111653867	0.6996394634018	-1.68075826064789	-1.65608554566985	-0.701447869078905	-0.958853192464045	1.00679338187178	0.778996784798731	0.592473964595441	0.306553914455133	0.0984705624671256	-0.464141635330981	0.0447042881697392	0.0211634560517705	-0.734417653397946	-1.38848739907686	-0.632179759492901	-0.884882972807314	0.473925807930139	0.741724719000775	1.15919485003618	0.946273040985362	0.651841890140581	0.606377324021201
TCGA-BP-4354-01A	0.00407348558163661	-0.0528029187545657	6.74700911158865	5.97995308245841	7.61491929913526	8.2	1289	BP	0.0919922564118236	-1.1865980177152	64.72.0	TCGA-BP-4354	1034	1	85	17.5	10	1638.18221322332	2811.98248736226	4450.16470058558	0.546605036008808	0.519931274101141	0.523760384178646	0.540812703852755	1.67340116352745	0.0157754405283418	0.841425010519073	0.701445380835565	-0.496367290015428	-0.915070344046754	-0.699012738038552	-0.86198892318957	-2.07709420741548	-2.40379452408581	0.985926748490487	0.829438957669194	-0.377733132758043	-0.832714013107356	0.675495328685821	0.170251313782539	3.02593605719164	2.95920167103747	0.682777546071595	0.127495477797464	-0.0801670815646614	-0.451898658916516	-0.989301664980608	-0.885173059151356	1.02444167073715	0.813026444939777	2.55667305369683	2.45151788513386
TCGA-BP-4355-01A	0.100153831153542	0.0239499088210441	10.9530562415767	6.79590836363005	7.74595606141302	7	1289	BP	2.26179195469287	0.538207262056955	64.72.0	TCGA-BP-4355	953	1	85	12.5	0	1029.17358840408	905.390348266577	1934.56393667066	-0.356696948615603	-0.374589358599672	-0.328388898363059	-0.346307585189128	-1.33475662315257	0.0197277977877603	1.23594737251268	1.16704395225479	2.15959597079709	1.78313233846286	0.0552887058284869	0.300125559491946	-0.462461030049734	-0.752113685131663	0.469292392805758	0.103327920699816	0.540135899103747	0.00471423902815593	0.536150610866086	-0.704227612337105	-1.34036262549622	-1.45115597636991	1.96960002353252	0.4789501658721	1.01413628459127	0.53396639226887	0.296913019068371	0.97598907960401	-0.25915352004268	-0.871495747815533	-0.867132383068559	-1.20212336100014
TCGA-BP-4756-01A	0.0242317879485377	0.00850035522740291	6.50895493405165	7.7043320915817	7.79658413594489	8.5	1289	BP	0.54723081881714	0.191021725704115	64.72.0	TCGA-BP-4756	374	0	90	0	5	-477.140630638218	922.346065447042	445.205434808825	-0.891718587799538	-0.952857477205285	-0.865623999084956	-0.874243819304642	-0.537599875413073	0.0143114974377827	-1.35211510784879	-1.38170927677391	-1.93435063850703	-2.20304523527229	0.0730406229201759	0.254404512627742	1.25816658039109	1.24516851389918	1.53467799797427	1.57336152441902	0.75880867200273	0.674006136381219	0.793835662424701	0.703108941358772	-0.663083383108683	-0.670176012246563	0.777909501397382	0.761778481757701	-1.5717614421451	-1.72257528389998	-1.98549622321062	-1.93738842795463	0.1358291319809	-0.0223452110475806	-0.699056719938598	-0.762797686306746
TCGA-BP-4758-01A	-0.000705832935834568	-0.0181925048393579	3.79400941248744	9.37902394144677	7.84686162344547	8.5	1289	BP	-0.0159399519443287	-0.408825699200381	64.72.0	TCGA-BP-4758	2208	0	95	5	2.5	792.782259905021	2282.55544417328	3075.33770407831	-0.469197287764019	-0.483609162684539	-0.432546052216064	-0.443258371093417	-0.353810986727651	0.00831570627596275	-0.418692502384486	-0.297320081973159	0.609919884933689	1.00307895456271	1.12120347176649	1.23868873469932	-0.114489420488679	0.10526886799942	-1.22036897200781	-1.08662310857957	-0.608827131649045	-0.293848554984623	-1.44068784541039	-1.25375856044127	-0.604639978663363	-0.561597267525652	-0.336020103070056	0.368332273069405	0.892743018057613	1.24025530583209	0.439979455044105	0.258777147095812	-1.73406018965757	-1.71812587154342	0.129068239408127	0.244499725804753
TCGA-BP-4759-01A	-0.0397807788771744	-0.0194829601814018	2.6439360092132	9.97911449460012	7.80381642077295	8.2	1289	BP	-0.898376473266118	-0.437825076260137	64.72.0	TCGA-BP-4759	2372	0	85	3	0	765.390336717845	1360.66237123414	2126.05270795198	-0.0270781347186323	-0.0300907929490292	-0.0288876275036437	-0.0347126749812679	-0.0328962837942055	0.00720983822143621	-0.172423078646195	0.00633864398773544	0.300052966123704	0.864918769727447	0.23693606711748	-0.0047711618955604	-0.622268360704269	-0.296425131022606	-1.45383588051214	-1.10037592977515	-0.64074332007443	-0.0656274973743408	-1.70072497991559	-1.05606281326672	-0.359032729486356	-0.31829134597058	-1.51104851433492	-1.13679113230637	-1.52358384913888	-1.12888743535728	1.8495338076718	1.53581984711457	-1.49148182898109	-1.0860839465737	-1.43427686805331	-1.2591452646713
TCGA-BP-4760-01A	-0.0571310409597468	0.00615346651690042	2.90140836658382	6.37237972653444	7.7650324623094	7.7	1420	BP	-1.29020055765899	0.138281961362212	68.74.0	TCGA-BP-4760	2361	0	87.5	3.5	0	583.993909204424	602.533211215831	1186.52712042025	0.15259059098476	0.140669036444155	0.157519432868786	0.169902763687535	-0.350134076123403	0.014169746226202	1.505746636116	1.38799587277442	0.628167096065024	0.507312680776421	-0.964210028657383	-0.833812539100798	-1.77965652150268	-2.05723187066416	1.63515589765004	1.51715612589425	0.981380839744923	0.832395081591396	0.444165173691247	0.357191654827497	-0.492012784788422	-0.439534297736749	-1.0929700626735	-0.741017641003196	1.12836380069418	1.09642412561518	0.169382494108359	0.215335356134308	0.758368537138083	0.448936476917298	-1.31404052276329	-1.23382362759836
TCGA-BP-4761-01A	-0.0193589713666379	-0.145963699369434	3.64679348388996	9.05826481492896	7.75961058201961	8.5	1289	BP	-0.437187126881495	-3.28012618270599	64.72.0	TCGA-BP-4761	182	0	82.5	3	0	-66.9659488890883	1481.20006756155	1414.23411867246	0.501833362251298	0.522273899140108	0.443885521969289	0.466209613580339	-0.087392627681666	0.0121063773798535	-1.11751285740348	-1.01840225194148	-2.37265442117124	-2.21480763154469	3.3171568240928	3.45197373848667	-1.14029690249998	-0.955894893995966	-3.07003270726951	-3.11624895783925	-3.162166698766	-3.15810036663792	-2.26391898759398	-2.33324626401085	0.863922829526621	0.899820190816952	0.0865393122560928	0.946792758184994	-1.30024845411691	-1.08767869286454	1.72400361443693	1.53205700763219	-3.35341610610368	-3.67550123028907	-0.681254571853792	-0.576479611026609
TCGA-BP-4762-01A	-0.0653459925661606	0.0289461490288326	2.03449175417202	8.28207869752894	7.76868497588716	8.8	1289	BP	-1.4757202850381	0.65048379650664	64.72.0	TCGA-BP-4762	1343	1	80	34	0	1684.61403777875	1903.42322554414	3588.03726332289	-0.0397069529109551	-0.0083500543372231	-0.0340601398159237	-0.0144403932802223	-0.0264707996738917	0.0100518744199565	2.05332458287866	2.10787125206857	0.707480656145491	1.01894142201419	-0.482507796442272	-0.626811861352643	-0.0030950866736444	0.103145096078302	0.73358767874289	1.00380202347817	0.72381842416318	1.09077461024627	-0.558542374579053	-0.0429986800312967	-0.0836914062332254	-0.0257386637073283	-1.66082934809754	-1.21029173785687	-0.396014992173388	-0.168478041386787	1.40267307398476	1.18403426408587	0.764268326757022	1.17400713966418	0.111639846966813	0.293575678890813
TCGA-BP-4763-01A	-0.0481134286420623	0.0187307444632905	3.70243006043106	6.77308668330596	7.7462851053901	8.8	1289	BP	-1.08655419929443	0.420921130397715	64.72.0	TCGA-BP-4763	1270	1	77.5	6	0	1072.76904511382	1173.66689624451	2246.43594135832	-0.0475300613290046	-0.0260255840905234	-0.0493281541075929	-0.041733464404724	0.0681318823341747	0.0110900951270253	0.763350251137092	0.667487432118857	0.382274765086826	0.279251664846286	-1.57820930128898	-1.64365972087508	-0.450655412219948	-0.615035404145276	0.439126234255865	0.267127782252164	-0.153763244401421	-0.383358577017637	-0.796250186435985	-1.23824497135298	-0.233065543500297	-0.221747964536207	-1.84756322884601	-2.41295412222466	-0.527074024602128	-0.624381197377253	0.677985690283349	0.739928861140207	1.3170886934559	1.3084501335648	-0.809555275033039	-0.771755346335071
TCGA-BP-4765-01A	0.0306650420726404	0.0514997776806585	6.44096178575079	6.88561021494403	7.83330966450593	8.1	1289	BP	0.692514151993713	1.15731356428775	64.72.0	TCGA-BP-4765	2184	0	90	5	0	890.458057655203	1148.29583039833	2038.75388805353	0.218654107876411	0.253756789778948	0.238311609079676	0.224606473817507	-0.279115350566485	0.0162807505128336	0.60029572876126	0.51677835522695	0.932802621617489	0.711182214402323	-0.509508996225469	-0.155998944054133	0.54848738762665	0.34859787434148	0.459454885977819	0.109372197844393	1.21521213795166	0.955560020588075	0.74223704813016	0.209761957941162	-0.531021872458803	-0.525482592068672	0.611490471247732	0.575802122197075	1.80184577248501	1.69226133855235	0.33929461502555	0.754841001039559	0.834192368738505	0.477153164837901	-0.834244571809185	-0.92083400422292
TCGA-BP-4766-01A	0.037592730648808	0.0585530943260481	6.69333230712268	6.53398037393237	7.85209533242877	9	1289	BP	0.848963387192435	1.31581714225546	64.72.0	TCGA-BP-4766	1462	0	96	5	0	654.125212799048	1214.60807844707	1868.73329124612	0.194193891970113	0.162621034257357	0.194831147605878	0.196969830202357	0.342887986315385	0.0166299286696094	-0.530660169129698	-0.65089772830425	0.647596914020512	0.307731217699291	-0.302614231753595	0.19461935838988	1.49292955707198	1.27013583480131	0.363898050245925	-0.13688204645576	1.38730807535066	1.00853023434094	1.36806764370775	0.812544119713038	0.178282588117701	0.190515609569044	0.689275462495159	0.578427734511899	0.97067894335315	0.76115216177775	-1.23485648007699	-0.843205442955639	0.781205540083205	0.231008551262948	-0.478642439276754	-0.583456764579713
TCGA-BP-4768-01A	0.0460442648867273	0.012552601499854	8.03536063819265	7.3755847959644	7.83504813958163	8.7	1289	BP	1.03982590262464	0.282084634868933	64.72.0	TCGA-BP-4768	400	0	95		0	161.181752354874	760.839587544981	922.021339899855	0.112547883209873	0.194704089702244	0.102611431488767	0.110289302560685	-0.567136972378259	0.0170338725096674	-1.3019700227681	-1.36057086200472	-0.843595929369631	-1.20367004031866	-0.011499618908013	0.353073457885589	0.84867903906509	0.715133928469062	-0.546562863468894	-0.95447674821961	-0.637598006662686	-1.13840999259613	0.866706020036083	0.313149806394537	-0.560112748671901	-0.577546719171843	0.812538313414902	0.127948050745371	-0.350760429479154	-0.596106936047465	0.194096984762493	0.674513873570143	0.220777755285824	-0.156150391836033	-1.13777347001024	-1.31258274984093
TCGA-BP-4769-01A	-0.0205205813192786	0.000490733174519367	4.46189857645779	5.40717832543725	7.72759640242023	7.5	1289	BP	-0.463419973045371	0.0110278565247195	64.72.0	TCGA-BP-4769	1876	0	80	40	0	858.756717293489	172.198876191929	1030.95559348542	0.0348430882049613	-0.0679322184328019	0.0644372894111351	0.0407385434758305	-1.210708660984	0.0150257346340264	2.53356582536599	2.35517506287279	1.29821133125181	0.960681126378243	-0.43834966157679	-0.187154422478156	-1.769902664768	-2.20454953912535	1.94301472728352	1.63290965013159	0.972564782673627	0.53177904123419	0.652699929696622	0.0257651121736254	-1.14299797478019	-1.13865794528877	-0.0666644461162827	0.145676863767614	1.75150448079955	1.50083274120879	-0.646095949919494	-0.442141070895917	0.498449010157203	-0.20103612056167	-1.4340716642887	-1.46440353389466
TCGA-BP-4770-01A	-0.0791653366443313		2.1977515428066	6.60278128792503	7.86946597602079	8.1	1503	BP	-1.78780501405082		82.75.0	TCGA-BP-4770	329	1	95	0	0	1830.4902496452	1328.21411088112	3158.70436052633	0.297461223008227	0.300808923828184	0.334695720297585	0.332040864923709	1.01576948102297	0.0106069859979665																										
TCGA-BP-4771-01A	0.0586298312744704	-0.0361553683811817	7.59961231606536	7.22774485385085	7.80345873400691	7.4	1289	BP	1.32404800849107	-0.812490852073653	64.72.0	TCGA-BP-4771	162	1	90		5	1248.37980525078	3142.43811678055	4390.81792203134	-0.231481489473084	-0.332224925436926	-0.253826557993625	-0.244243105887895	0.653285537586878	0.0133676939034598	0.353465134694379	0.308156042664935	0.151431358597269	-0.102292770653394	0.331244994276617	0.660703637125452	-0.521051286467449	-0.697518950941828	0.336350293972279	0.0830646323656191	-0.835953971051316	-1.29361009449223	0.686549295814816	0.146250143999967	1.08064192829263	1.05907227854375	1.63489153797392	1.699791572877	-0.483278648587685	-0.717462968292136	-0.658960569331769	-0.327105684119028	-0.442752332119853	-0.941657772429184	2.48057177258968	2.37652838665175
TCGA-BP-4774-01A	0.0523076677065109	0.0346590327281747	8.72343693704164	7.0850563053831	7.79204426208183	7.8	1289	BP	1.18127345329366	0.778864890449304	64.72.0	TCGA-BP-4774	1885	0	95		0	684.481815564841	1202.19325625871	1886.67507182355	0.216439348080014	0.284026362183654	0.223257930533093	0.217057280533007	-0.529684814501881	0.0157436566792894	-0.265315556536486	-0.328146274950162	1.28816030289463	1.00961878614891	0.504709396381226	0.844334266789502	0.738151279607543	0.561673644665413	-0.21646733555414	-0.610420201720307	0.579088553167915	0.18088125890541	0.207305285242004	-0.739362843476299	-0.720447048212825	-0.774858903909228	1.18344016457883	0.338756070593453	3.29041686295024	3.12515593039369	-0.262930537622086	0.204389438129158	-0.252046464441585	-0.791766505624284	-0.621443766851629	-0.833436726925171
TCGA-BP-4775-01A	0.0527349564466407	0.0578604819627891	8.8313241450382	6.27473057372647	7.78340009166019	8.6	1289	BP	1.19092299164507	1.3002526152052	64.72.0	TCGA-BP-4775	1843	0	90	7.5	0	526.955247971003	1448.71408364141	1975.66933161242	0.165661041855385	0.0391757862671592	0.176424284216845	0.162877785462062	1.24564226696206	0.0198776377253493	-0.572904527211296	-0.717089912471229	0.386267521343312	-0.134700871883745	-0.652541437735874	-0.327705573801053	1.24602077946881	0.95827530214746	0.272985822928279	-0.265784767196524	1.59772331479177	1.10954071584834	1.19071490674542	0.254236722985909	1.04529140192681	0.987407834011547	0.577488219337093	-0.795644001536648	1.67812971134902	1.30755634362795	-0.675578744185679	-0.123959232066647	1.11132487699626	0.617774512303232	-0.146873933117742	-0.389662356553511
TCGA-BP-4776-01A	0.040738436473332	-0.0184670442843503	4.49011316069477	9.4800865234514	7.56988163190632	8.1	1289	BP	0.920003426737515	-0.414995205903729	64.72.0	TCGA-BP-4776	411	0	92.5	3.5	0	712.91765043406	1511.62664326779	2224.54429370185	-0.252455360136295	-0.232363017351597	-0.216872672013617	-0.242139076059653	-1.08710098362265	0.0109792463408271	0.0569632332650486	0.206738063148048	0.954062513084322	1.46371893620994	1.81186030443685	1.17707634583411	-0.0488931150105826	0.341106248348084	-1.18573640789691	-0.584781195735272	-0.430965988041334	0.232689163882814	-1.42841829023926	-0.716322937587547	-0.899159656116066	-0.957173271520946	0.763059597604283	1.40654000026648	2.17101916501434	2.51182249934037	1.08340034529763	0.531668751891247	-1.55058944560276	-0.914793154783693	-0.793632671132019	-0.728674130224646
TCGA-BP-4777-01A	0.00359478086003196	-0.00227703385379197	4.43143411867398	9.48375571745872	7.78917181054936	8.7	1289	BP	0.0811815817174228	-0.0511699716778692	64.72.0	TCGA-BP-4777	1731	0	90		0	1091.43710133307	2735.69148931244	3827.1285906455	0.199129906751487	0.202539596400507	0.191240230864304	0.193471745085674	0.499440623625194	0.00994924985587743	-0.323636180762559	-0.192353039703575	-0.518809326697153	-0.204215889057857	0.0314817587699615	-0.157326459584901	0.622076989580748	0.902316042270195	0.0962250738524844	0.485839058363832	-0.322786032886486	0.0800309450154801	-0.694534636123666	-0.178715796155273	0.437543075369143	0.452454986621536	-0.365698850979846	-0.116229507357253	0.164596230856119	0.464024076431625	-0.416312675863981	-0.719276053262068	-0.047966468247997	0.494730632233066	1.35544976830291	1.45771919214647
TCGA-BP-4781-01A	-0.0442714397697606	0.00868572502370186	3.40118147518987	7.63426111188722	7.75607964199407	8.9	1305	BP	-0.99978987464199	0.195187393777409	65.72.0	TCGA-BP-4781	2080	0	95	1	0	990.906509982274	1340.75730452242	2331.66381450469	0.244542409343853	0.301011381683595	0.231654134459818	0.239589059875065	0.122784731716518	0.0116927444855143	0.118074229610679	0.096594655527715	-0.334620541448008	-0.308005123842248	-0.734668953836244	-0.816646553969265	-0.290340869220955	-0.317742330899424	0.202914537028052	0.219109953687906	0.332822366752235	0.409604288791143	0.253560541469643	0.557236072764589	0.35268688719779	0.386873310608108	-1.14489645480814	-1.05676722147752	1.53009603043496	1.6766985991185	1.23495059339402	1.20558900896853	0.992915523815626	1.19577378132087	-0.136219590864851	-0.0509164287398158
TCGA-BP-4782-01A	-0.0380132211783457	0.0085445152708526	3.01071664144143	6.36732753566074	7.7673189371684	7.5	1420	BP	-0.858459400333209	0.192014099255721	68.74.0	TCGA-BP-4782	354	0	95	5	2	946.320705071807	1894.92118067323	2841.24188574504	0.169746717092649	0.238665590206282	0.15880357076288	0.171770005824995	-0.447547575662125	0.0107828719986375	0.133217598737836	0.00496990217070235	0.245526022042922	0.0932436565882856	-0.251025973284531	-0.0412640533432152	0.274597182974339	0.0820018814415563	0.160143177536632	-0.155911023544615	0.40439867545394	0.191919320299352	0.0770498465445062	-0.15825785284229	-0.548066936069471	-0.499586597111121	-0.805075914099314	-0.287419499587495	-0.868529309325435	-0.974084975075038	-0.746064643226839	-0.761766127016721	0.0639924437789915	-0.423689195211673	0.313197568158937	0.400630323905775
TCGA-BP-4784-01A	-0.0566650956678779	-0.00953189725341681	2.78088380100849	7.76036322187527	7.72428247410439	8.2	1305	BP	-1.27967803145767	-0.21420274963477	65.72.0	TCGA-BP-4784	1854	0	82.5	25	0	803.94442886581	742.847658211133	1546.79208707694	0.247843250934744	0.135374308437802	0.263283994469461	0.257260041979933	-0.502138046931519	0.013509287995012	1.66187766070165	1.67545042719841	1.38225830740435	1.6145847508917	0.00633801933181676	-0.126435230916689	-2.10797745021898	-2.15720487677466	1.39830970447036	1.67284417527862	0.67116836583827	0.913622371363275	-0.29032502814195	0.0488341190811592	-0.441802135834852	-0.41089575291419	-0.968947979808406	-0.514018389463529	0.235900313541272	0.352711506247508	1.31284822908463	1.15839024087272	0.534271037709125	0.763083171381115	-1.14322805054941	-1.02291750526176
TCGA-BP-4787-01A	-0.0134441361158487	-0.0528783663750999	5.1782105238944	7.7622203910119	7.72562686381876	8.2	1305	BP	-0.303611340219281	-1.1882934921147	65.72.0	TCGA-BP-4787	480	1	82.5	7.5	12.5	1651.65906169523	2069.6572234238	3721.31628511903	0.373047807739291	0.391785463589029	0.327201562514832	0.350747920526788	0.195920582156876	0.0123170220712491	0.65330491879967	0.648153404721674	-0.781671026682226	-0.845105205806319	0.0749728430345217	-0.00173508990836581	-0.676243402972063	-0.706968293097379	-0.447535649389425	-0.484335639751482	-1.5094151878052	-1.70211900908861	-0.75124882739297	-0.971547797827374	0.514688330752466	0.508083595787638	-0.467549009773707	-0.807770764122748	-0.107335012062384	-0.145783977958163	-0.152081686758031	-0.210372699870769	-0.511607939665955	-0.610246516478008	0.561227357651745	0.561616478239445
TCGA-BP-4789-01A	-0.0213205432702077	0.0552553436593053	3.89242004745541	7.23054417733446	7.80605697658562	8.8	1305	BP	-0.48148565744139	1.24170941305464	65.72.0	TCGA-BP-4789	1489	0	99	5	0	1066.86420538564	881.756005815125	1948.62021120077	-0.168162930346399	-0.144387734924353	-0.160137597144991	-0.151816899452385	-0.476291889045966	0.0126575843771874	1.29442881772827	1.24855391874491	1.86425404905734	1.92813615129767	-0.885885761058734	-0.758603372965967	-0.111579253096951	-0.225519457458264	0.924475821542084	0.842668625366847	1.03090188326334	1.01235190945005	0.769976803487168	0.901310486637288	-0.941834396696999	-0.899837930592535	-0.74817439011161	-0.539379464552514	0.762691643574048	0.785158479442192	0.592534425472388	0.702763876170673	1.07147949590065	1.03826477313542	-1.12486301802153	-1.07404753071746
TCGA-BP-4790-01A	0.00292181816959597	0.0329374150226657	6.75809574653291	6.4362245577179	7.68431897216955	8.3	1305	BP	0.0659839444278107	0.740176344346089	65.72.0	TCGA-BP-4790	1111	1	99	5	0	1456.50950949954	2123.42725774424	3579.93676724378	-0.0848657303356307	-0.260549046522916	-0.0831343317506164	-0.0798994267935015	-0.28262675273267	0.014743431754524	1.66908365996125	1.56106117956124	0.90158367760247	0.61180035811328	-1.89078587174935	-2.04569998725631	-0.215563614676112	-0.457206418749389	1.35749236953543	1.22605068490805	1.03915727465977	0.756596402095179	0.891941726613043	0.486717817653603	-0.202636558112669	-0.259326061844784	-0.234070924023044	-1.33122010583974	-0.199136499700978	-0.522753046021196	-1.84558588479992	-1.75245303882401	1.14813411385595	0.985811478780627	1.01612489049558	0.894181621871695
TCGA-BP-4795-01A	-0.057264368467926	-0.00369632806008811	2.5161814688242	6.20255601052844	7.81434281035376	8.3	1420	BP	-1.29321151671933	-0.0830646421140567	68.74.0	TCGA-BP-4795	620	0	77.5	5	0	1492.01817423355	1636.60839777841	3128.62657201196	-0.11194980862138	-0.145546590777763	-0.0896426902552027	-0.0795196478405895	-0.464178443024574	0.0115999569220464	3.03875610307874	2.9316947299079	1.52012527726893	1.44323319486815	-0.72954199381647	-0.405552197860837	-2.06136290174234	-2.39330679238243	1.68469808904886	1.46923863867482	0.661414373483997	0.408879993888437	0.664949979240467	0.547706783854272	-0.523356697724354	-0.447626048114053	-0.716993116450964	0.18437243454219	0.305690954131337	0.251307274569749	-0.23646922781233	-0.152332469303167	0.300899134251857	-0.259618838818188	-0.181513635988095	-0.0704647025375755
TCGA-BP-4797-01A	-0.0534941917417886	-0.00158672747433604	3.1969208768905	8.31269307846095	7.87602186719883	9.3	1305	BP	-1.20806893865983	-0.0356572651684825	65.72.0	TCGA-BP-4797	1107	0	95	0	0	1158.66623869664	1942.58721076431	3101.25344946096	0.371674148762164	0.361235069837532	0.358666719155104	0.370153507198929	0.325472343069699	0.00813459922339182	0.1086924919067	0.14264099512743	-0.695002692941191	-0.588423763524514	-1.02909590593332	-0.902169032788397	0.302738012741748	0.351646235542327	0.25153617169038	0.249506814834829	-0.89799971888742	-0.934468971325223	-0.0618408419318001	0.204188752317117	0.131175394063904	0.211436432912053	-1.5085521984337	-1.34561249002164	-0.423311249643111	-0.229396267066761	-1.13676817533619	-1.27709372796712	0.348819799604123	0.410202714515279	0.297879248204153	0.423006348690554
TCGA-BP-4798-01A	0.0375913566343924	-0.0497530549463868	7.74943825760058	9.21523965609056	7.77552804436935	8.1	1305	BP	0.848932357578139	-1.11806085283028	65.72.0	TCGA-BP-4798	334	1	95	0	0	1456.35731690316	3071.952711972	4528.31002887516	-0.106299134606059	-0.180969362855545	-0.130228314361926	-0.106725831871149	0.265460315894976	0.0134931794548721	0.197759360016275	0.318896512014479	-0.629049251445409	-0.557737676368801	-0.304942780558516	-0.45326740189725	-1.4806602916792	-1.40416364460544	0.429897786792557	0.729651165778135	-0.812271883690135	-0.723115155950309	0.702826367716863	1.04215061095116	0.975653141045676	0.946360266203915	0.758582153590833	0.106435670245551	-1.49710402080888	-1.51419817260224	-0.471494866951329	-0.461223302674419	-0.0435948437234422	0.318007739628269	2.68330669957412	2.61330492175532
TCGA-BP-4799-01A	-0.06767395156024	-0.0670601711823075	3.26683263378376	10.1082857125257	7.77713981045075	6.9	1305	BP	-1.52829300105923	-1.50698991778154	65.72.0	TCGA-BP-4799	1133	1	92.5	0	10	1115.7209720514	1936.43381318587	3052.15478523727	-0.478757734771262	-0.495383609814659	-0.479057515761691	-0.483589383132473	-1.09358743285811	0.00446401493894246	-0.203475617959628	-0.0193713940440717	-1.02558757993851	-0.55511179069176	-2.42144204990807	-3.05312569740453	-2.63057365393226	-2.37896166982298	-1.09778679159778	-0.653620531840812	-0.918147721842817	-0.344337234982964	-3.32919198493452	-3.21988426852555	-1.55569738135626	-1.52813180784834	-2.91904219376129	-3.86086366914242	0.424621846110691	0.85705714495839	-0.226238808724812	-0.728962145706551	-1.36151669124216	-0.826352891603854	-1.17479124429565	-1.04026542158989
TCGA-BP-4801-01A	-0.0459062235215858	0.0288416137572806	2.4535145144649	6.770567955802	7.77475415711564	8.2	1420	BP	-1.036708489686	0.648134658448921	68.74.0	TCGA-BP-4801	1124	0	90	10	0	1616.06187403116	1972.77733234094	3588.8392063721	-0.0187784168574312	0.0401567380509226	-0.026018255480903	-0.00595766745038556	-0.490872611450137	0.0103126007716097	0.981887887913863	0.888637380097872	0.482366634207588	0.449708962362796	-0.811039897850944	-0.710123209556102	0.278524891325591	0.156549431137225	0.343019065124071	0.159814665310956	0.603320950250724	0.545572990800258	0.681585762497205	0.901905050600286	-0.750987277155278	-0.695363685716999	-1.09346099849308	-0.486977619149067	0.394730218778821	0.425431838720789	-0.190387249561701	-0.252136843460482	0.361007889777163	0.0959949763030947	0.501327172135223	0.630034355987726
TCGA-BP-4803-01A	-0.0311543098190709	0.0148344692416178	4.02438867034036	8.43482283492641	7.79536554281259	9.2	1305	BP	-0.703563373374676	0.333363234668515	65.72.0	TCGA-BP-4803	204	0	92.5	12.5	0	1009.37050699339	1319.48601989479	2328.85652688818	-0.0386717017962253	0.0117387514282261	-0.0392816727714581	-0.0260408773544551	-0.599437289349295	0.0110372676379023	0.137441591482224	0.186505442903008	0.196741296700986	0.36853301433522	-1.40267167008483	-1.55754554481481	-0.305128824382344	-0.24102587065385	0.125245364628424	0.249257129120181	0.236922806356765	0.433836216350959	0.469215715085821	0.996190042770925	-0.669618571899562	-0.642134096160191	-1.18918703834003	-1.35598688905987	-0.692756880421467	-0.578381947673662	0.456697225497751	0.368213670928803	0.504340800584718	0.785173690567452	-0.774183777099754	-0.707553271435889
TCGA-BP-4804-01A	-0.00193543159483586	-0.0308186986514226	4.85834908834618	8.02234594860197	7.59952517729517	7.5	1305	BP	-0.0437081992734467	-0.69256411559973	65.72.0	TCGA-BP-4804	1459	0	90	0	20	1482.64893253606	2562.78289252923	4045.43182506529	-0.151029650559755	-0.23834760785856	-0.141443502064937	-0.135146926357391	0.218655371415747	0.0100556510092541	1.64681864163567	1.68784846511609	0.670726166850733	0.835781614528056	0.441681714941475	-0.015653562474217	-0.546509106388862	-0.442835139037621	0.135446645371092	0.469730469730664	-0.430081305142639	-0.23242281885721	-0.44539371029896	-0.132422118297249	0.488343955147243	0.429017221525662	0.087316798888135	0.053922419833536	-0.419187741834576	-0.421910908588812	0.363608468089789	0.0626811648050885	-0.602311397106256	-0.35453874554132	1.26750872278538	1.29256553845018
TCGA-BP-4807-01A	-0.0467217814824946	0.0358635034372962	2.87831917445029	9.23447856580903	7.65980459010383	8.7	1305	BP	-1.05512638157614	0.805932003206515	65.72.0	TCGA-BP-4807	211	0	90	5	12.5	1392.25856667373	1479.77730625497	2872.03587292869	0.301576272268227	0.377835879445344	0.303826127996358	0.313037419762078	0.0250325649227277	0.0113880556328352	0.627906184024703	0.751964384029869	-0.252259056785872	0.160053813579214	-0.749995749664759	-1.38290298474214	0.750786015209275	1.0795347904206	0.253229706267997	0.853568879582257	1.10686898650317	1.84962660408236	-0.0321520925978058	1.15741383310941	-0.381512059474041	-0.379054604492725	-1.37742786346231	-1.33989764592453	0.0630819669421896	0.366570759321432	-0.240571582455284	-0.838233944996074	0.879294607978103	1.84848530974935	-0.152476365678613	-0.000493008555111257
TCGA-BP-4959-01A	-0.0539722142807551	-0.00114187151952156	3.1128100951869	8.75113484714527	7.88880539308429	8.7	1334	BP	-1.21886420750121	-0.0256603709322899	69.68.0	TCGA-BP-4959	2660	0	82.5	15	0	926.131756376751	1895.62606604407	2821.75782242082	0.141310219652578	0.180308151693943	0.103379536800048	0.108081288204388	-0.0229938683685773	0.0079915354325323	-0.488113951294276	-0.427643971665033	-1.16459159601541	-1.00823386055719	-0.487383346660201	-0.335153729295344	0.932617259594129	1.07377855111062	-0.264586723949409	-0.241682218828746	-1.24264385231171	-1.21714504615528	-0.450494857082211	-0.153286126121785	-0.456513345117921	-0.368464023431643	-1.46029525238878	-1.18858524911636	-1.19131908618205	-0.961764307744686	-1.12949224759814	-1.31737776545132	-0.107183446473521	-0.0210702669988528	0.256984212689842	0.40384719869683
TCGA-BP-4960-01A	0.02493318536672	-0.0668707577858182	6.23247384516783	12.0008617318497	7.82503629177828	7.8	1334	BP	0.563070602669792	-1.50273338109561	69.68.0	TCGA-BP-4960	2172	0	80	10	0	1132.35045850428	2039.81032941144	3172.16078791572	-0.105364060890895	-0.0860001439865095	-0.0797259464510602	-0.0947553162272712	-0.768810451240924	0.00923455949627407	0.0462051497385317	0.411529882228936	-0.16039202489332	0.574142485345379	0.275672003047512	-0.142518110322469	-1.10798710369884	-0.556779684191001	-1.45116121462118	-0.714402841841956	-1.38097980341731	-0.595011090472153	-1.42040720732746	-0.482524718114274	-0.554206614867674	-0.547373494663895	0.727142494436291	0.993515748345709	0.537195793642082	1.08646891448904	-0.12041855464013	-0.563395340996097	-2.18600331011456	-1.36009795775251	-0.35765949309582	-0.300808198406454
TCGA-BP-4961-01A	-0.00430048937931609	0.0519912752360435	5.08637523167448	7.05483105217228	7.90242200636141	9.2	1334	BP	-0.09711872394045	1.16835859813602	69.68.0	TCGA-BP-4961	1935	0	85	15	0	1012.99678531102	1085.98959326903	2098.98637858005	-0.275115976078518	-0.255968591116986	-0.266021911427172	-0.270904876595759	-0.764483886785248	0.0143057439820068	0.855563626900435	0.791996383593934	1.740523256765	1.65580304065193	-1.17966353698466	-0.736304413756251	-0.138682755175238	-0.357556044554288	1.0311059563068	0.725129582081006	0.946974721835253	0.689190749631391	1.30757864264998	1.14079753075728	-1.05235006341882	-0.992823466712462	-0.0763415048637694	0.201934046563498	-0.190220570508278	-0.275965561576678	-0.173152392663659	0.178488684435209	1.06470907592767	0.731000192293082	-0.710157196898923	-0.713919012315521
TCGA-BP-4962-01A	-0.0518871270324609	-0.0419666585099605	2.67098571403565	9.60008902158773	7.85791730226551	7.6	1334	BP	-1.17177630773036	-0.943083355477276	69.68.0	TCGA-BP-4962	1785	0	80	30	0	1537.63422443409	2193.24828879804	3730.88251323213	0.186051968517833	0.246768411159152	0.148701082860055	0.155932268421619	0.0164096959296888	0.00726001535419533	1.26920032078822	1.42676515911031	-1.32368842287721	-0.971136816440317	0.609541055820597	0.634340997008922	0.464911903296401	0.752928774743877	-0.87107237671926	-0.641329341388763	-1.65230858372711	-1.39285103738584	-1.58018529264018	-1.180305686811	-0.00550999930350338	0.0722452912022909	-1.46022281773737	-1.00494451266119	-1.61341900004206	-1.26129187471644	-0.0387004010059369	-0.375676342254113	-1.18875123895712	-0.968896121276933	0.457133809361653	0.643712641762132
TCGA-BP-4963-01A	0.0550329160702771	0.0154173412878203	8.38736958069438	7.81762310781325	7.78728223551549	7.8	1334	BP	1.24281822649616	0.346461654811164	69.68.0	TCGA-BP-4963	1834	0	85	10	0	911.68864557143	2001.01123735322	2912.69988292465	0.203583221029943	0.21052015069315	0.15631267306151	0.158197246847976	0.44818421551054	0.0163110340921165	-0.267740396973424	-0.271137721149147	0.330822531289801	0.152171194235021	-0.552817728450669	-0.458363252754424	0.595112694234106	0.541442103077488	0.188182938143931	0.0438301464015785	0.690549356623041	0.540583094896475	1.08583488643918	0.8321270918345	0.40363393856954	0.353502527258014	0.965274553534498	0.134211053606391	-0.661087516500541	-0.874730703703564	-1.14938134065276	-0.892879043273999	0.372984004500612	0.273919611586786	0.712408935070869	0.55535595190019
TCGA-BP-4964-01A	0.0198172145207273	0.024908977298616	5.85957465713136	8.71007107876988	7.88358980188056	7.8	1334	BP	0.447535714322184	0.559759645546014	69.68.0	TCGA-BP-4964	1862	0	85	12.5	0	804.49020392504	1608.78725935946	2413.2774632845	-0.0176867812286493	0.0354385827254199	-0.0133432327694814	-0.010350153263816	-0.23981388709342	0.0122436011704877	-0.306303024638498	-0.239950249381423	0.321782127349223	0.416822534049264	-0.903295944310047	-0.750248045707575	0.273504719032283	0.325343567177185	-0.356543372501487	-0.422191354040323	0.740519904699866	0.862977907404439	-0.0089274548644951	-0.0346006222053462	-0.456417561542439	-0.417099199891605	-0.169074870103901	-0.340791577685754	-0.493793998706415	-0.42094356728736	0.526037832144432	0.716539868325912	0.347572671214121	0.462841981793159	-0.410119231796434	-0.420351317994435
TCGA-BP-4965-01A	-0.019650304330314	0.057805415314664	4.53626357448697	6.49079558707859	7.97193477559954	9.2	1334	BP	-0.443766351518135	1.29901514619688	69.68.0	TCGA-BP-4965	1871	0	80	15	0	963.691583580258	1246.99258369844	2210.68416727869	-0.0214269313889414	-0.0364245811810321	-0.0352549084672903	-0.0347331100628766	0.419734731724779	0.0130462747485457	0.184837691138268	0.0625950449489118	1.15802466602726	0.92044513580255	-1.19158877535401	-0.468952152895151	0.607235911331065	0.294308408368167	0.882019368253198	0.308966938404392	-0.117163250844443	-0.733661705873265	0.881574280776348	0.272811353771175	-0.0841086991558994	-0.00576829297822592	-0.823501765516537	-0.697238184402329	-0.580011577922017	-0.720607597577752	-0.963115050587546	-0.527845850406823	1.36138148515893	0.766886429997358	-0.332662742341689	-0.32022449303008
TCGA-BP-4967-01A	0.0139750867169167	0.00083317462875749	5.96656560057488	8.27426367751699	7.88983656390976	8.7	1334	BP	0.315601892991985	0.0187232711034322	69.68.0	TCGA-BP-4967	205	0	85	10	0	481.216692678981	1031.9524665009	1513.16915917988	0.283833060414354	0.292685272276278	0.272975450173104	0.257048674340876	0.674204111167357	0.013732755335369	-0.573363224400827	-0.548005961239941	-0.686885432284556	-0.753690688815984	-0.854687008590418	-0.588458329723412	0.016105809423914	-0.0126249113980146	0.657768465041344	0.611481534714861	0.267213564724569	0.19570299110356	0.410604048682796	0.319295686228646	0.45760233271062	0.488472704381337	0.136260728680202	0.14675059014076	-0.662936877423189	-0.665411877302943	-0.02924734842415	0.191715211402694	0.368807442892112	0.315809478892977	-0.874068406854608	-0.903781213451564
TCGA-BP-4968-01A	0.0392431252932736	-0.0157664531873081	5.43570958308064	8.09982531377134	7.86768385638664	9	1334	BP	0.886234545828371	-0.354306969003331	69.68.0	TCGA-BP-4968	1746	0	85	15	2.5	788.296951927578	1992.06657485573	2780.36352678331	0.448475135887687	0.473551378242502	0.486107097466204	0.461935492573382	0.132887090646308	0.0140631040097454	-0.113956909067487	-0.0965333997644282	0.183902577050233	0.194673221378628	1.23985368575674	1.65732494494861	0.413296913777447	0.408996332277327	-0.681809734711643	-0.893689342026098	0.129904169316522	0.0815883984587496	-1.30881819639167	-1.94116827418668	0.208340920382553	0.239030444661963	0.354076767167574	0.728856437003157	-0.0256312696562874	0.0175469060307787	0.711274863212836	0.925933988389564	-0.803894724601664	-1.13560548215155	0.205552600548223	0.211771331538708
TCGA-BP-4969-01A	0.0978703605533215	0.0196579162425456	9.98580449576678	10.1145297821281	7.81717407711474	7.6	1334	BP	2.21022392805954	0.441756724741644	69.68.0	TCGA-BP-4969	1794	0	80	10	0	238.170099448692	391.504275530225	629.674374978917	-0.129763652963949	-0.149639080064603	-0.111957424629597	-0.149746415668151	-0.537967498240938	0.0158208090681306	-1.00301709548875	-0.819469407942315	-0.0663143629920747	0.0716553078018626	0.463180272157589	0.410753022389435	1.4660697523981	1.76065633276953	-1.45348380261682	-1.31392252864301	-0.543684125393028	-0.393178005247622	-0.657497174128839	-0.893069746680632	-1.00432438905665	-1.08075707631527	1.39944423036122	0.189777509292391	-0.686700669635927	-0.691115780902563	-0.303682604246476	-0.147461343658175	-1.10453087932222	-0.829818074639798	-1.786794433719	-1.99804457539167
TCGA-BP-4970-01A	-0.041862672755169	0.0286437960406491	3.79398035445009	6.64809222790642	7.95389200337537	9.5	1334	BP	-0.945392256582022	0.643689258157416	69.68.0	TCGA-BP-4970	433	0	80	12.5	0	1611.71473484035	2144.45779864608	3756.17253348643	-0.184007488103932	-0.15622348869265	-0.194324444651357	-0.184479771841946	-0.258549605335463	0.0108002731859289	1.24477593610999	1.14131769829693	0.53879396696957	0.342985500695066	-1.30947283567657	-0.682208465743323	-0.256179207834451	-0.55534674269397	1.00023142993679	0.531723616900421	-0.233581852663129	-0.756923722433591	0.947271249252215	0.605528722420638	-0.461177711752185	-0.359131908525563	-0.804721009248698	-0.336713637948863	-0.151740360351174	-0.212825166101799	-1.19434338896856	-0.899352321139173	0.998655402350024	0.438319337780806	0.801257809418231	0.864062074805159
TCGA-BP-4971-01A		-0.044590110716744	13.0863767047429	9.03252849638433	7.86935167994688	7.8	1334	BP		-1.00203811141813	69.68.0	TCGA-BP-4971	1487	0	77.5	27.5	0	1451.42415512963	2391.47383658396	3842.89799171359	-0.757057913516251	-0.871020426384916	-0.72978160255701	-0.739463616210542	-0.68330182934257	0.0179815608106773	2.5591015209171	2.69602770137842	0.330760438681052	0.0942975022424772	-0.297193808489611	-0.0509251817133883	-1.41636427814857	-1.49918626674008	0.118153593768507	0.00976595654126233	-0.889071104521775	-1.31529208057458	0.360768903763499	-0.629772371440007	-0.408380634396612	-0.506087280641623	2.21935767617936	0.103908993276561	0.385686814161814	0.0866642033529768	-1.63083884538196	-1.05112009333285	-0.99235756724992	-1.27262444043117	0.824131693123332	0.456662553421458
TCGA-BP-4972-01A	-0.00937908296745022	0.0366868250987811	5.06869669648433	7.15597428739747	7.98145864120499	8.8	1334	BP	-0.211809514961582	0.824433856409002	69.68.0	TCGA-BP-4972	1502	0	80	22.5	0	1705.40903973336	1909.06593344494	3614.4749731783	-0.0877810860633802	-0.092639381398073	-0.0906503009034429	-0.0779417868953414	-0.146639546923189	0.0113845823421105	1.36633192739662	1.30861050671168	0.384434933291807	0.192254326163689	-1.35311618125448	-0.717924645996483	0.130122832008873	-0.107425032509229	0.771360890920289	0.312100289786904	0.831069063090351	0.484408706234565	0.668105379193739	0.156733438380391	-0.388876869874696	-0.30497568035817	-0.586694004077336	-0.508436562551344	-0.083578592808575	-0.132738920609621	-0.874581753705126	-0.468229077869643	0.841347046626118	0.332062536889768	0.427873988255355	0.442028840083998
TCGA-BP-4973-01A	0.0621986438161491	0.0359111520353042	8.93520159035022	8.08292574405756	7.92172925268355	7.7	1334	BP	1.40464314301169	0.807002772271497	69.68.0	TCGA-BP-4973	1384	0	85	10	0	634.644492674418	1760.71374471066	2395.35823738508	0.0244881719155476	0.0464984770836907	0.0151955129356529	0.00646709784959641	-0.529534133941647	0.0169070646609766	-0.858979002364359	-0.852880238817609	-0.11083136332757	-0.359141236954341	-0.910033282306511	-0.483763429665738	0.820091993724705	0.724993298887691	-0.0843588892968673	-0.432093925675022	0.0671584683393606	-0.301680507865777	1.07144499875413	0.550819669006424	-0.716445705681573	-0.728677736584035	0.98821448376703	0.154429056460157	-0.282224423206597	-0.465799081214411	-0.5068070394677	0.0379831694100823	0.556336274132483	0.314534786966547	0.0784229840237805	-0.104722878744225
TCGA-BP-4974-01A	0.0727769021400982	0.034925924734696	10.4978902953586	6.78450115007921	7.94176560933532	7.8	1334	BP	1.64353385039853	0.78486254234719	69.68.0	TCGA-BP-4974	211	1	85	15	0	973.145590479844	1100.60451384901	2073.75010432886	-0.163277540260753	-0.256914922144826	-0.147420718476115	-0.152360508232165	-0.446567203504769	0.0207142082287662	1.15551408042863	1.08160473467509	2.36538012309598	1.95755894224695	-0.613235490209922	0.140499700890428	-0.556668807927873	-0.9593014640012	1.22992669139919	0.643560573796012	0.851014351675887	0.135976448384256	1.41802162769002	0.146206676523258	-0.257654523987699	-0.278947866838546	1.79235152707104	0.766073256642998	2.10311659673527	1.74653697264779	0.176333201498401	1.1376903216507	0.506618535778063	-0.312293409545944	-0.373328152124028	-0.661024407771263
TCGA-BP-4975-01A	-0.01630127643833	0.0484544261703145	4.15363440447908	8.32112330294651	7.96650635413254	8.9	1334	BP	-0.36813465321077	1.08887780068505	69.68.0	TCGA-BP-4975	1433	0	82.5	12.5	0	1151.08967567317	1135.84958362145	2286.93925929462	0.0648999140218226	0.09133316317516	0.0760799956381121	0.0755759683042276	-0.287247428272934	0.0121869404786379	-0.0790273828449527	-0.0501782468567262	0.273410809416681	0.352495304700709	-0.884720333180596	-0.44981469369783	0.834622191606148	0.83532272574718	-0.156724096689708	-0.376986713880458	0.868882257585129	0.912302189659861	0.479786877632555	0.586951633192024	-0.726757362744865	-0.643375670445023	-0.899423378255356	-0.605698929508957	-0.280063277586651	-0.126356768073854	0.91195616470928	1.17857946342378	0.611202435052791	0.535559446996562	-0.91352402587718	-0.842065534959257
TCGA-BP-4976-01A	-0.0517535766810855	0.0651442216863735	2.75273105557405	7.04097925072513	7.92933795034626	9.4	1334	BP	-1.16876031616211	1.46393430783533	69.68.0	TCGA-BP-4976	1632	0	85	17.5	0	630.351298271798	888.928057274203	1519.279355546	0.297168180453228	0.337055694535179	0.297591947856726	0.296265809511618	0.725082167468101	0.0109053589439471	-0.617026329795381	-0.705675338304986	0.0665388552863593	-0.0292801526502925	-0.739381551233018	-0.208956611099706	1.42946316874071	1.30025306871702	0.933081124693277	0.650367776995956	0.950355274034144	0.778098029778413	0.692935310692967	0.657537488685041	-0.026718373543888	0.0662747918452046	-1.22135381955452	-0.570242611682584	-1.2943674240038	-1.27807964537402	-0.098003551509411	0.0940162935981459	0.857921129874437	0.486392904004841	-1.19049957249925	-1.08121173600987
TCGA-BP-4977-01A	0.0705370176341408	0.00818904538822356	9.16971583469793	8.18859880501088	7.88683669183544	8.4	1334	BP	1.59295013635918	0.184025907162673	69.68.0	TCGA-BP-4977	454	0	85	10	0	623.606744634941	1523.10078001058	2146.70752464553	0.216598294999006	0.212234979373318	0.19306972206021	0.20730870654556	0.22644676233066	0.0195763618676149	-0.556609946014363	-0.535567069569101	-0.525272876288127	-0.790925837448589	-0.475417520670443	-0.128591804527845	0.407090702270224	0.314613755552491	0.123335910597268	-0.12953102305814	-0.31062831835423	-0.698791398375816	0.527854505789936	-0.110720271295354	0.228487272854531	0.193533288102908	0.481148871516683	-0.892086945481488	-1.04118346286804	-1.26428690621955	-1.3965394087825	-0.983546101406519	0.416252687074209	0.231348879114874	-0.0746784919228434	-0.268528405674827
TCGA-BP-4981-01A	0.0666234235250931	-0.0477354299433157	7.60439556000096	11.6143249696028	7.77072997246934	8.1	1334	BP	1.50456873778635	-1.0727203700387	69.68.0	TCGA-BP-4981	1097	1	85	10	0	333.469668732319	1623.67997755649	1957.14964628881	-0.525751894315234	-0.524794548809626	-0.48610250975028	-0.514363985050918	-1.32964292026165	0.0114483538456778	-1.33831391454089	-1.0273314542493	-0.798572239804567	-0.257802107523432	1.31636816543523	0.924747909362782	-0.0440903628575546	0.497305838602879	-2.18842577602502	-1.61632811767483	-2.03405929654721	-1.47329898337368	-1.58548703193116	-1.00837045874897	-1.34917712287627	-1.39630675238611	0.897477145241526	0.479663923665243	-0.0687711909498083	0.31854679091632	0.000453999795825031	-0.337576741357916	-2.16938289536732	-1.42086295557159	-0.734498785734143	-0.776712040454943
TCGA-BP-4982-01A	0.0381727656640895	0.0632056442571584	7.29048689585431	6.4207335935384	7.89256884935574	8.9	1334	BP	0.862062422105962	1.42037019833248	69.68.0	TCGA-BP-4982	1014	0	80	15	0	1379.3797916316	1692.12248432024	3071.50227595184	-0.116150270396395	-0.172009412050777	-0.107613149409501	-0.113256734147407	-0.237644598455039	0.0175064026080854	0.843521932360685	0.724427441870751	1.31151407401129	0.94695717012167	-1.3296206760989	-0.791747310830567	0.807704185973386	0.495594493707053	0.888010177247949	0.343044014982276	1.22304463472165	0.7050053585038	1.3979752009873	0.635174322259875	-0.546813941015504	-0.542636567457176	0.445448411035634	-0.0381626876846802	0.416642449634182	0.127654276066302	-1.37062416352474	-0.842996157093206	1.15651997564178	0.562455950346241	0.268658389008776	0.134848735252994
TCGA-BP-4983-01A	-0.00547529880307838	-0.0793359188081145	5.95765131996761	7.97317106384635	7.83538383861414	8.5	1334	BP	-0.123649656131045	-1.78285303562282	69.68.0	TCGA-BP-4983	1413	0	85	12.5	0	753.732968048342	2702.96204725762	3456.69501530596	1.418302224365	1.39774662001202	1.3513225327421	1.36416481208564	3.05196243302985	0.0119726728143119	0.342906679992556	0.357662337256408	-1.77229556551202	-1.93378790519059	-0.0969980018111422	0.117907061172305	-1.99922574296246	-2.10959498491731	0.336405424038404	0.269891805905324	-0.90306482816785	-1.08962366810069	0.856811816964196	0.908893237861167	4.44801902358931	4.48053201972941	0.837389369014065	1.20590718570714	0.248745659179597	0.26119796219118	-0.291512481883043	-0.119543893587214	0.261739357033024	0.179972316547085	2.08254959731842	2.09278635742431
TCGA-BP-4985-01A	-0.0577833189244159	-0.0516260907202456	4.19346467404363	8.91867469409644	7.87159102493526	8.2	1334	BP	-1.30493106807202	-1.16015209681438	69.68.0	TCGA-BP-4985	952	1	85	10	2.5	898.313751934375	1469.79573040955	2368.10948234392	0.365199201178252	0.406511197457779	0.366764220190452	0.36669882545557	-0.0892986150471532	0.0102448416503629	0.60033546606664	0.697437590471004	-0.758969867276723	-0.588448179944097	-0.970809673185078	-0.941836303566762	-1.94989105707414	-1.92359968890077	-0.632208914823088	-0.602562565303387	-0.377683974269441	-0.216440774657807	-0.859647773998777	-0.762950155935766	0.25157186796826	0.313671735917781	-1.35363538132285	-1.55188101631014	-0.0104565773608228	0.225100881588106	-1.14305155029272	-1.29280478509192	-0.48303856591465	-0.422366338349822	-0.692575239293493	-0.606835213855042
TCGA-BP-4986-01A	0.0204825494527522	-0.00566897332100714	7.93346516313471	7.45500278568341	7.87194934188864	8.6	1334	BP	0.462561092573797	-0.127394330916712	69.68.0	TCGA-BP-4986	785	0	85	10	0	1417.36354410765	1725.42358249377	3142.78712660142	-0.117028896081218	-0.128047909525011	-0.125669862920807	-0.117219546683255	-0.218518218719025	0.0167409252306699	1.13073820340116	1.10476432690573	0.479200676618723	0.230892305315755	-1.12662583719343	-0.787277995610304	-1.0273576948569	-1.26291829369267	0.761376726199672	0.466612172577131	-0.0982519110945128	-0.512917866098754	1.04402772703224	0.522836539295225	-0.146914658466873	-0.147745903497173	0.527943994265856	-0.231931554353349	0.310563290384716	0.106034829576948	-0.469193096721146	-0.00192798302305605	0.895952254594254	0.632474383439922	0.482707706318653	0.341533827180827
TCGA-BP-4987-01A	0.0398294885927274	0.0582169277000875	6.96133290052989	8.11768670042513	7.82631519269722	8.9	1334	BP	0.899476493519804	1.30826273690448	69.68.0	TCGA-BP-4987	1124	0	82.5	17.5	0	849.089836538892	1468.45657536868	2317.54641190757	0.0619638942333366	0.0505978972383495	0.0475103238758477	0.0519360787396812	-0.283223137710887	0.0159165521397025	-0.278880799272791	-0.260263389074055	0.972585763455677	0.964644744017419	-0.681545710839614	-0.553492032893343	0.913679789089053	0.91510464092524	0.375318383326658	0.31933054799774	1.19331686439322	1.22602015274611	1.48125282708565	1.6563405124741	-0.640766376299997	-0.646698050864852	0.769847305181678	0.573260295512185	-0.832550317761429	-0.921134736441235	0.0716131785653265	0.322080261976669	0.919313554828804	1.03003833190298	-0.123246817824484	-0.204651653548729
TCGA-BP-4988-01A		-0.0326351186021449	17.8386047836911	8.29176973326651	7.72823385960029	7	1334	BP		-0.73338307719698	69.68.0	TCGA-BP-4988	828	1	85	5	0	1102.40549518502	2825.15686076228	3927.5623559473	-0.469687731732082	-0.626328849589385	-0.461776522639645	-0.489081966556226	0.645560505918548	0.0304443164852908	0.903196902943105	0.962258616617663	0.984666863400599	0.429978695412824	0.27135880208177	0.350104308746421	-1.2300190388898	-1.45674686907365	0.792272750075094	0.646135811295978	0.289538505088784	-0.300497565301396	1.3471724299474	-0.137317806340331	1.49707747488152	1.24936436805422	3.50870424834674	-0.361760241297565	0.141618858653052	-0.608385565093095	-0.129847413872239	0.871805968215504	-0.112995327029361	-0.338360898537012	2.0325490778169	1.40444139194954
TCGA-BP-4989-01A	0.0937951716866652	-0.0397392594690683	11.4027115770385	11.5908681009632	7.85958606847135	8	1334	BP	2.11819320605624	-0.893028787492719	69.68.0	TCGA-BP-4989	118	0	82.5	12.5	0	1217.48652097465	3039.99488547066	4257.48140644531	-0.325020512032734	-0.497730018033215	-0.326359036487528	-0.32918791056826	0.641741212564701	0.0144832035664401	0.636666920286393	0.964306134362748	-0.692525729578628	-0.408418388083186	0.0772284866474905	-0.115646778777255	-1.0383268393668	-0.680672160612127	-0.132112929987258	0.433694886334784	-1.07689920616137	-0.737085429782338	0.302796996305844	0.689925326021542	0.910098857502943	0.826884247098356	1.56993137269904	-0.142437772213794	-0.254562944048558	-0.0971288113512531	-0.853732306360095	-0.765065642705384	-0.41105149326419	0.443747016293029	1.87049111610517	1.66130186143174
TCGA-BP-4991-01A	0.0406308066292031	0.0561133936627004	8.29944986721626	6.75109225251124	7.91066878709056	8.2	1334	BP	0.917572802639249	1.26099168867773	69.68.0	TCGA-BP-4991	1413	0	85	10	0	939.298757444906	1425.09629814396	2364.39505558887	-0.19628795128974	-0.21379903444993	-0.171738720974436	-0.181094164904885	-0.173456881697512	0.0189111408903018	0.49189174764409	0.401839708146515	1.76459655353982	1.43722492841232	-1.55291332006471	-1.02336547296448	-0.116471818341117	-0.448579172279397	1.2476416519112	0.768546860161902	1.36059812058894	0.867758283767524	1.6170883894602	0.855593077781954	-0.291737877717015	-0.292887638400958	0.726168485008381	-0.0202335589542635	0.311641512669774	0.00568584215278775	-1.3160970968548	-0.71061916497957	1.38574372361056	0.896654989053888	-0.118660175299908	-0.294245871940779
TCGA-BP-4992-01A		-0.0856294113969476	12.5231621942045	13.3950957574223	7.74687922599526	7.5	1334	BP		-1.92428169158644	69.68.0	TCGA-BP-4992	501	0	85	10	0	165.791801735772	2610.84529185538	2776.63709359115	-0.896361046536934	-1.03329068237862	-0.837192778597256	-0.886150129163159	-1.13454163548442	0.0149740974283001	-1.54924872833686	-1.07739249724572	-1.54144187825398	-0.971080751260829	0.286667833654059	-0.485117834114561	-1.52034172543127	-0.855509635632558	-1.54662264435258	-0.544607627099623	-2.14392263974583	-1.3951952121974	-0.670427415292853	0.175464569369699	-0.884922222794968	-1.02774666882161	2.75966643587196	1.15723984165015	-0.371063903979307	-0.055627777588529	-2.26043936723766	-2.6366594300128	-2.40628760446775	-1.15944623748424	0.404127476898196	0.157837317342414
TCGA-BP-4993-01A	-0.0129807239974015	0.0252759070806311	3.85293840026971	7.12460782670221	7.73945734798255	8.3	1420	BP	-0.293146021128251	0.568005366847966	68.74.0	TCGA-BP-4993	177	0	80	15	0	1156.49221986852	1557.45093510578	2713.9431549743	-0.134555091396284	-0.0894267484022423	-0.120409725285291	-0.129894207747895	-0.791474472228982	0.0106827523988579	0.862615436345506	0.804297483861595	1.451398471786	1.49232763188487	0.092216118153861	0.150774252046303	-0.178142551328698	-0.267090290809023	0.145699892332037	0.0512495524935946	0.429499126575931	0.402299786986064	0.0623431090959478	0.0504392211659839	-1.05462420295292	-1.04323091103735	-0.217275342461093	0.273237205527124	1.10782835234435	1.12454524816855	-0.093565797229424	-0.140131332412995	-0.081471447486884	-0.288753812052041	-0.410912685224238	-0.365249198257897
TCGA-BP-4994-01A	-0.0186235834333833	0.0316897441935423	5.9861513289783	8.79405400211479	7.95010883731179	9.2	1334	BP	-0.420579729122904	0.712138429633828	69.68.0	TCGA-BP-4994	1308	0	82.5	10	0	71.0022200227906	770.619955987824	841.622176010615	-0.516569138331666	-0.658117736469075	-0.531841559808291	-0.536674857134135	-0.788344239149169	0.0139299135133576	-0.640892165828063	-0.580475637596291	-0.553278566400735	-0.544450896193027	-0.905509371508292	-0.569907445488317	-0.609035167677619	-0.636393572439748	3.60108624477214	3.95187965492975	1.98086500378203	2.18614731150713	0.665614105007782	0.74335728403679	-1.23471193749215	-1.17970404639718	-0.536285949521313	-0.900799428209584	0.204231573631804	0.332519933476166	-0.817669122983054	-0.630458284887086	0.855732906760001	0.983589544842644	-1.20187228043088	-1.22004559520625
TCGA-BP-4995-01A	-0.0189344068923998	0.0422627156747488	5.37449962176736	8.68117105381955	7.94100559752776	8.9	1334	BP	-0.427599111115946	0.949736412792179	69.68.0	TCGA-BP-4995	1371	0	85	15	0	339.016980596109	1154.83541752519	1493.8523981213	-0.317998714933773	-0.403561153503394	-0.330629672115512	-0.335152147297857	-0.609366798670257	0.0129510861308467	-0.533360450715998	-0.482028519583361	-0.141923540109922	-0.0860076538659985	-1.09167821387323	-0.793927798161582	-0.180757904859824	-0.188899802978324	2.94205522263793	3.21293733134313	1.79436870226396	1.99530081670546	0.732008059608089	0.916725219864109	-1.10184238346736	-1.03940773466841	-0.728570345142149	-0.94728030597555	0.229517601479768	0.375304469324099	-0.482938154564212	-0.319852388231956	1.00154931483069	1.15884680972908	-0.802675707553902	-0.789369483559539
TCGA-BP-4998-01A	0.0472118274419396	0.0155287165822352	9.25390483208263	6.89002694674273	7.88619660823841	8.5	1334	BP	1.06619317748137	0.348964503265233	69.68.0	TCGA-BP-4998	932	0	80	25	0	1509.90865352668	2143.1176793231	3653.02633284978	-0.060144861499193	-0.1297018450015	-0.0808840211414904	-0.0820548023410758	-0.152262262445281	0.0189753398098195	1.28433979157354	1.21108913504261	0.719039083129651	0.297332375340605	-0.895665348780639	-0.376345681279891	-0.35604241558071	-0.683493502365088	1.0087109343974	0.5355820250256	0.861993591778824	0.317356749747889	1.27815596737674	0.343059697765284	-0.0521124415879079	-0.0744057395818551	1.04799689232418	0.0131736016305026	0.2958981184494	-0.0603276562512471	-0.499365877268522	0.190408384707157	0.870342707681034	0.327196138450683	1.10661951457379	0.892887238609631
TCGA-BP-4999-01A	0.0303366583874674	0.0637951121493084	6.88411626796884	7.66178265756138	7.93353778556599	8.6	1334	BP	0.68509820425989	1.43361684167777	69.68.0	TCGA-BP-4999	1266	0	85	7.5	0	1073.58042543704	1079.51886345437	2153.0992888914	-0.385798625397799	-0.410045305120583	-0.383061397645805	-0.380231411540533	-0.55275333652643	0.0152950131208601	0.632712764960694	0.622633602749454	1.63422001316528	1.541888680161	-1.64021637224036	-1.2185617415456	0.00970139321315089	-0.165198407346251	0.767266563127753	0.471119145316972	1.06134560601099	0.835440590554788	1.18620275601327	0.852939731703054	-1.04151883246816	-1.01470317175719	0.262883328973767	-0.0479728477879093	1.32283519199072	1.27490136952025	-1.13378295171481	-0.734838136794005	0.960064634625819	0.706471371698282	-0.851328818282353	-0.939157110791244
TCGA-BP-5000-01A	0.00455295917588034	-0.0522454300538951	4.70859447294683	11.3117406273551	7.8313912495459	8.7	1334	BP	0.102820294695108	-1.17407001731831	69.68.0	TCGA-BP-5000	563	0	85	10	0	1120.14394282883	1979.89041555413	3100.03435838295	-0.331293944034196	-0.363525106456705	-0.306673231518493	-0.322505814535316	-0.587828743820514	0.00881996411596456	0.413280156364844	0.715569981394151	-0.14408822051815	0.530761078321767	0.950592362171713	0.696817606836902	-0.320268532260205	0.179771144728812	-1.56166767823537	-0.998342323288011	-1.79245928942202	-1.17873602269868	-1.74963270396281	-0.979231310925722	-0.523990275983071	-0.496856483732533	-0.293106531250368	-0.0140123422281917	-0.0979159098091426	0.419609072867936	-0.388237975691314	-0.878768395408775	-1.95879179195763	-1.29572892431676	-0.278656527125507	-0.167017796460857
TCGA-BP-5001-01A	0.0994018649874262	-0.00838818755551619	10.228716076865	10.5328294502643	7.7646338662038	7.5	1334	BP	2.24481016772444	-0.188501070781019	69.68.0	TCGA-BP-5001	1177	0	85	10	0	339.3444282182	1457.62682588586	1796.97125410406	-0.413992504467934	-0.46701053362848	-0.345705105120149	-0.396170521478076	-1.13926237365676	0.015137438515132	-1.12962652976347	-0.906658085005525	-0.179942875118458	0.049844203089795	1.5267853573756	1.3619151816497	1.16503107790507	1.54806508277531	-1.55805393300515	-1.25179528850991	-0.429320687617856	-0.08706617198607	-0.821511647647413	-0.871488717595788	-1.31381334959426	-1.40866370850074	2.0675593757602	1.12103225252706	0.387656728217052	0.487431926952471	-1.11763464116449	-1.1704673372596	-1.83583069890396	-1.46560642153405	-0.90533191769611	-1.11472828208759
TCGA-BP-5004-01A	0.0149851223450307	0.0489937456334278	6.63407034840574	7.34946843484453	7.91737964569356	8.5	1334	BP	0.338411708965167	1.10099749824987	69.68.0	TCGA-BP-5004	1126	0	82.5	10	0	815.833363670859	1105.22256316425	1921.05592683511	-0.140365844632129	-0.174401213899029	-0.124599696544581	-0.12750395850031	0.108625777001336	0.0146821925369141	0.177300753117514	0.129832738310868	0.104233190412036	-0.144334387082068	-1.10181979075024	-0.629797345828927	0.873117615285768	0.700358442630111	0.60378134809512	0.236177667522916	0.0104740541633548	-0.416065785137544	0.945078351519908	0.461197861328833	-0.109476203663922	-0.0886991063110801	0.0151978228878626	-0.380586544167871	0.388130801263662	0.279272769340591	-0.943011152009738	-0.539582430984843	1.01581242233896	0.680520437250809	-0.621541119333196	-0.70409901357943
TCGA-BP-5006-01A	-0.00238963194436611	0.0390333507746095	4.55327194720267	8.8055391829924	7.855298639215	8.4	1334	BP	-0.0539654873327649	0.877165462561268	69.68.0	TCGA-BP-5006	840	0	85	10	0	725.90314926759	1388.2548755351	2114.15802480269	0.159494502582096	0.223642369534916	0.159478761716957	0.158000618031363	-0.394789411595696	0.010784543116212	-0.638523382707131	-0.565467022565728	0.489772697397926	0.705315744957868	-0.108688335060381	0.00747974049971391	0.899991533656346	1.04194286049278	-0.309373162589376	-0.255131281643673	0.706326922580215	0.965318153202752	-0.212935706592044	0.00977286712457555	-0.796645205909967	-0.75107776728593	-0.224844532364404	0.163860015983947	1.71614941343188	2.01216512863195	0.206992911688185	0.190197225350139	0.0861225198552737	0.260466968170573	-0.570111272634856	-0.505840774474459
TCGA-BP-5007-01A	0.0554750630275418	0.0286406030105906	8.03532885117442	8.07118942993185	7.84251951358867	8.3	1334	BP	1.25280331063338	0.643617503731197	69.68.0	TCGA-BP-5007	1140	0	82.5	12.5	0	583.169838517934	1509.68224568641	2092.85208420434	-0.0388898584567348	0.0081801204079831	-0.0276124823927081	-0.0450368063533833	-0.573226211216534	0.0182410551052594	-0.263666840315698	-0.250688562848389	0.824804040117568	0.720927814984366	-0.194578325491626	0.053416699416673	0.397236412314867	0.340869947671332	-0.152367500552834	-0.357196616743765	0.674953637269428	0.544502383050584	0.448932696994459	0.0228998383969744	-0.786326653517683	-0.811445947953078	0.745454054108524	0.0357930050379513	-0.899382418639001	-1.06891834198621	-0.168701835984458	0.184064164738637	0.170918179714858	0.0194744182761195	-0.288410997397693	-0.432806953550328
TCGA-BP-5008-01A	0.0106768485410991	0.0288150348896674	6.49944310931616	7.74866900990122	7.87825357031404	8.6	1334	BP	0.241117187965687	0.647537372685808	69.68.0	TCGA-BP-5008	1071	0	77.5	12.5	0	1318.82770858383	2024.14741259014	3342.97512117397	0.00155968744387326	-0.0375477103140274	0.0108460494896634	0.0159401289291417	-0.0740969028037914	0.0142148741893798	1.47311111344349	1.47283545870817	0.780764184926021	0.68577738608884	-1.11330628808428	-0.830775949007487	-0.357407143488794	-0.496088772528481	0.798436232944361	0.618227584383744	0.918909334198786	0.781353674566335	0.92661054633782	0.731449554718988	-0.198496450930971	-0.182794339259823	0.0162583293649025	-0.377897416055062	3.33397826788682	3.3820914462897	-0.0840778791394764	0.255160956144505	0.701565535887909	0.534634541718303	0.35572180230567	0.294691519197952
TCGA-BP-5009-01A	0.0159667408965249	-0.0396986801969587	6.26219481743966	12.0370326299375	7.87959420601038	8.4	1334	BP	0.360579776993867	-0.892116881768922	69.68.0	TCGA-BP-5009	1092	1	85	10	0	949.254877698534	2037.63026018385	2986.88513788238	-0.0374018258834398	-0.0290475961770649	-0.0493901287297965	-0.0361932804875256	-0.403614105027631	0.00918216375891495	-0.185403455331356	0.174252023202606	-0.174174127354051	0.52709899383794	-0.307483264637953	-0.639231913399951	-1.11064920331565	-0.605111890085759	-0.819101511797754	-0.104686476936149	-1.45513903571653	-0.764432607936762	-0.636751452617107	0.456593095442119	-0.200561374041272	-0.166158156081572	0.0146352285286974	-0.166397847121568	-0.597266747317146	-0.0846460247542323	-0.352564453352414	-0.721462739298393	-0.851478644388313	0.182251711318858	0.130585632268414	0.194076785894317
TCGA-BP-5010-01A	0.0150116029965465	-0.065128213290953	5.09200015577008	9.63078165053231	7.68223238697172	7.3	1420	BP	0.339009726273778	-1.46357456389085	68.74.0	TCGA-BP-5010	878	1	77.5	15	0	1408.02377608146	1505.92124812566	2913.94502420713	-0.650974413270953	-0.67152964139752	-0.612679136050925	-0.623463006635631	-0.721520066395941	0.00856313346849477	1.89053512821902	2.07372709225336	0.409687574075667	0.842583582528162	0.8052471945085	0.375860188227665	-1.51829667520661	-1.24449028795708	-0.968454168920352	-0.504298700072894	-0.939797347856722	-0.469461572872095	-1.12284407031073	-0.583754205606431	-0.479027770235408	-0.507451501672798	0.57263500268396	0.990238893889731	0.867193062965731	1.13804408844025	-0.654012014661298	-1.12870293953748	-2.0298775352753	-1.69082695471754	-0.824806498594399	-0.782082890711356
TCGA-BP-5168-01A	-0.0294293629125471	0.0385245778160885	2.75317553242375	7.54022875815795	7.69346615328356	7.7	1420	BP	-0.664608587616489	0.86573221231133	68.74.0	TCGA-BP-5168	1463	1	85	5	0	556.522864409905	1125.20034257782	1681.72320698772	-0.199020181036359	-0.168547959276159	-0.171189146055087	-0.178006826799584	-0.589587166290131	0.0102284436057547	-0.542681831270432	-0.576153180683217	0.844114165546457	0.992876611808664	-0.138339636692068	-0.330357610775442	0.946693325099629	1.02040981690782	-0.615969358681303	-0.594427597586419	0.644783714981589	0.858770667029437	-0.433304250765273	-0.166898594232532	-1.03666700410727	-1.03085618804427	-1.0763907477964	-0.732475928032854	0.71856184138632	0.835742332955911	0.534350128404717	0.297906630163727	-0.0726275554511834	-0.00680076580383244	-1.03813220051523	-0.936700012207854
TCGA-BP-5169-01A	-0.00389868172049369	-0.126544580244716	3.22249264983179	15.2575362730844	7.82597455985559	7.5	1426	BP	-0.0880446294241331	-2.84373575576253	70.72.0	TCGA-BP-5169	193	0	80	10	0	889.598912110969	2422.79720955522	3312.39612166619	-0.207471780360302	-0.180887115245825	-0.217925405796084	-0.22949654883953	-0.397352864393935	0.00534800577253952	-0.555447229097114	0.085780464242815	-1.64468592490758	-0.205914269741328	1.09167768635067	0.186695782048678	-1.78312638555347	-0.697158879789169	-2.31100719695064	-0.765360882203047	-2.73487582856426	-1.05793785585154	-1.7769869137919	0.911464548360538	0.345158201681075	0.430390923868286	0.409995925907787	2.00802195165656	-1.35929458067656	-0.221143042071267	0.656815323388671	-0.47645204321336	-3.19479005235365	-1.32232158267596	0.215209932449568	0.534617916701288
TCGA-BP-5170-01A	-0.0557359371588462	-0.0218106358506812	2.04843160286545	8.60274584593236	7.70498929369206	8	1426	BP	-1.25869467798874	-0.490133081199958	70.72.0	TCGA-BP-5170	2412	0	80	15	0	1340.28160433132	1562.71645296266	2902.99805729398	-0.170518470356174	-0.103081311726937	-0.149139741051414	-0.159473888404424	-0.733953057652242	0.00924435367470472	0.656697674375887	0.72589003288962	0.509024092531426	0.888277609482384	-0.132383474717026	-0.479635224960035	-0.855390218415635	-0.685726365714855	-0.847588993248477	-0.588777096393201	-1.33042431639875	-1.0604971052135	-1.2239376019056	-0.680644843990286	-0.760542242534156	-0.727022897129589	-1.32968754538075	-0.768291976237336	0.639555947761758	0.924033314030371	2.28618527810379	1.99131268576278	-0.731807145513039	-0.431492751355788	-0.495826468653662	-0.322932623857939
TCGA-BP-5173-01A	-0.0364550846770117	0.0133332616566929	2.76831467026085	7.50236626403145	7.79806760920199	7.6	1426	BP	-0.823271723911448	0.299627789991095	70.72.0	TCGA-BP-5173	62	1	90	10	0	802.291286818992	1763.92638943692	2566.21767625591	-0.16090144658175	-0.138366382357664	-0.165294457358623	-0.160007468240264	0.509098156229598	0.0100958561017319	-0.208858869201905	-0.247115147047632	0.0270142772293001	0.0770834441424125	-0.0235219786836823	0.116854014494352	0.242847289428726	0.214113071036252	-0.0949975468455686	-0.173820564281176	-0.587811220860475	-0.652374595280267	-0.0567144685930458	0.108979430522552	0.404940487288824	0.455084272119342	-0.848621158391627	-0.152631469274331	-0.439197852867429	-0.355915458747063	1.55970004467384	1.59228076223384	-0.197183232666212	-0.385305379412668	-0.25465999805226	-0.139194227736371
TCGA-BP-5174-01A	-0.0219843413144924	-0.0118177694306796	3.47569345897976	7.69554407467686	7.79283063038795	8.2	1426	BP	-0.496476327881167	-0.265571337930011	70.72.0	TCGA-BP-5174	2257	0	85	5	0	416.727536882717	1108.93589682019	1525.66343370291	0.279469227614001	0.348880854930828	0.296930189791417	0.293926147965962	-0.012299967916846	0.00797359693476167	-1.21338288630136	-1.24329479926223	-1.00178622225473	-1.02134960135407	1.07554328752402	1.2937717673761	1.37633115850754	1.43177198079108	-1.53891785801277	-1.76961442573502	-1.79611463056625	-2.01478786259518	-0.857063564453736	-1.00426572502014	-0.252414830926003	-0.203570113660894	-0.374286322883416	0.291556904006841	-1.41115277471213	-1.37118473958959	-0.871126852120227	-1.01909372141076	-1.30700292973743	-1.69893614980145	-1.09097841686902	-1.00840369921025
TCGA-BP-5175-01A	-0.01717517911948	-0.123662547579658	3.80344949891425	9.21410541935595	7.78995914486306	7.5	1426	BP	-0.387870154395736	-2.7789701267403	70.72.0	TCGA-BP-5175	932	0	90	7.5	0	604.135297418225	1655.12301439626	2259.25831181449	-0.0977514087395726	-0.0631671312797207	-0.0499384194461566	-0.0691764139097302	-0.171415442098291	0.00658260103797899	-1.08053313823385	-0.978602316899517	-2.01845050230579	-1.81430584840671	1.05737059352065	1.01270966333534	-1.14310971939822	-0.958494373014671	-2.81396345319457	-2.81968590375819	-2.99017750903588	-2.96109504103481	-2.81530241867121	-3.05830802795903	-0.174431201890553	-0.139766669853464	-0.675942387616111	-0.308513368206668	-1.95561297252982	-1.73132860258405	-0.596015561987564	-0.941753670000082	-3.8579431532933	-4.2847554510142	-1.22900192165047	-1.13226295759188
TCGA-BP-5176-01A	-0.0438465933945233	0.0113141015441977	2.26901383627508	7.94663733238084	7.85954484805545	7.6	1426	BP	-0.990195492655553	0.254252809905753	70.72.0	TCGA-BP-5176	1590	1	90	7.5	0	716.332930238898	1293.93600151371	2010.26893175261	0.103064867045354	0.202085944727341	0.133797880069483	0.133826045668919	-0.526350743257357	0.00858424663619	-0.599674155252493	-0.602796340810911	0.333116292402657	0.499400979129867	0.667619821365265	0.977041798198149	0.814193637409636	0.856303657627151	-0.975551840672148	-1.15675109934312	0.0437155295209723	0.133205942768788	-0.907442441789014	-0.900556614939463	-0.800245404990975	-0.716419355118991	-1.07689557446631	-0.17972230267412	-0.627149984021197	-0.451782331873667	-0.215787532518272	-0.343941269194255	-0.948359807357944	-1.26677636966991	-1.0302659388742	-0.869478938486229
TCGA-BP-5177-01A	-0.0145917601229034	0.00878237557108711	3.29917003234431	7.67965807698925	7.73523602443068	7.7	1426	BP	-0.329528339262376	0.197359344696855	70.72.0	TCGA-BP-5177	293	0	80	20	0	1240.98740953989	1110.63715096128	2351.62456050117	-0.255927267145957	-0.231478166678025	-0.238550423368026	-0.246438268181352	-0.589154178805935	0.00996644007462654	1.8432692421998	1.85205344291339	1.3245684382998	1.50124760486595	0.0512562466901914	-0.00908216838063582	-0.338774943017332	-0.330593819091275	-0.241061245523625	-0.211854561181878	-0.158463070848137	-0.0721245029972065	-0.465682000654211	-0.317341947222102	-0.798626250340896	-0.774610291281798	-0.320819741933405	0.389742197897988	-0.248736299293796	-0.182735764730063	0.893673545132039	0.792153759988394	-0.834741624696967	-0.987554492777155	-1.23628066183463	-1.15226405012037
TCGA-BP-5178-01A	-0.0592078907104062	-0.081132650182395	2.06949062367712	10.4111861086625	7.85621388275919	7.5	1426	BP	-1.33710242854145	-1.82322955149305	70.72.0	TCGA-BP-5178	1912	1	82.5	7.5	20	925.517452104194	2173.59431124737	3099.11176335157	0.00804671231481518	0.0400148048813833	-0.0342533866688738	-0.0213196753203491	0.0657865188321178	0.00567130701862335	-0.609080544683537	-0.400139776054109	-1.29182114549166	-0.73352491535901	0.147161152925542	-0.010022580427184	-0.830851272126372	-0.457930694525425	-1.62426597720466	-1.24992925927391	-1.79562433278026	-1.26917695637955	-1.85343263165804	-1.08816748945239	0.171216543309623	0.262954144903945	-1.29364224645637	-0.391576010931731	-0.910224878056078	-0.371908911898168	0.188950881040544	-0.304380675808134	-2.17087904852862	-1.85444933824158	-0.0532671576622707	0.184212258060817
TCGA-BP-5180-01A	-0.0229051475172459	-0.032619437530001	3.25511516903807	7.68969137792787	7.82852808040053	8.3	1426	BP	-0.517271059717501	-0.733030688928293	70.72.0	TCGA-BP-5180	2263	0	90	7.5	0	122.978627984517	1925.00607641214	2047.98470439665	0.405782655318035	0.475898996313731	0.371740674948846	0.38547639745548	0.252769999132422	0.0104446129742371	-1.58284058994731	-1.61920736053881	-1.41090707611762	-1.45990251601999	0.821340910095613	1.11941427039438	0.627602472659472	0.632937796951144	-1.57581454789555	-1.8687897778016	-1.01654774184991	-1.15383841917551	-0.950191196592035	-1.17937857679853	0.183710414347241	0.239397882985341	-0.524456272567896	0.203696559680016	-0.194904854052221	-0.10403073437342	1.16064620987593	1.22273751628298	-0.882424951022809	-1.22865150387809	-0.0132385657349091	0.0852962389925505
TCGA-BP-5181-01A	-0.0420012649000516	0.0490789836328397	2.18455209681185	6.38882097487979	7.76450235112275	8.8	1426	BP	-0.948522107878459	1.10291298405107	70.72.0	TCGA-BP-5181	1495	0	90	5	0	850.571944411694	1295.35686371271	2145.92880812441	0.120283424176382	0.0980608295803661	0.115386482035779	0.120801250417557	-0.143434236559325	0.0112637031406502	-0.172851015149278	-0.309591252428666	0.506407722305779	0.416409970042252	-0.284549291201667	-0.0929390589568612	1.2370466531011	1.10818918436522	-0.404248026558924	-0.744561396305334	0.698757104072879	0.564061168367824	0.147277491573584	0.0894628996687884	-0.393414651127302	-0.34095572213899	-0.882255095912684	-0.0168911720251024	-0.778093706298752	-0.832585945507349	0.300018325111525	0.29877044890344	0.121178241748018	-0.30671242225929	-0.725151071408741	-0.610925859156018
TCGA-BP-5182-01A	-0.047616181561167	-0.00186274266945864	2.63468860907433	6.2458192348411	7.85542650841111	8.2	1426	BP	-1.07532477917031	-0.0418599352313647	70.72.0	TCGA-BP-5182	1165	0	72.5	40	0	1805.32616141104	2393.80958704201	4199.13574845305	-0.100601216557871	-0.133012261610667	-0.0959431475813212	-0.0791298351152815	-0.281700880927144	0.00887838178621468	1.81925987921742	1.69507472767458	-0.17994002677116	-0.39554293992935	-0.773207604712915	-0.340276812398908	0.0013407170428002	-0.256688867074004	0.275411859161937	-0.178328736891114	0.275413049731322	-0.0652317248710871	0.318831799003811	-0.00684880457652266	-0.256400081436212	-0.171396004236904	-1.01411261631625	-0.290994976585698	0.048063422795527	-0.00311880022334547	-0.160467315806147	0.0118226160386211	-0.18521890387507	-0.929180138324573	1.03196975052048	1.15031552384486
TCGA-BP-5183-01A	0.0180509048105707	0.00797678287801963	7.20120381989384	7.76419928668559	7.70339189920718	8.7	1426	BP	0.407646824941573	0.179255900508042	70.72.0	TCGA-BP-5183	1291	0	87.5	10	0	274.622592312892	1951.43977582468	2226.06236813758	0.0539762073599828	0.0969388212063233	0.0323098376048193	0.0409081474277576	0.247917871743363	0.0151085946989712	-1.49835763070884	-1.52404274778066	-0.70940256740461	-0.880217352485663	0.644727391604274	0.599016391698081	1.09246456441286	1.11136623746391	-0.725843930307029	-0.818169824352901	-0.963326099230194	-1.20069388527828	0.531089006695838	0.43942870735456	0.339701015830067	0.290686620194876	0.32117514983265	-0.537956523831385	-1.03140368040474	-1.21896769560815	0.175312209770438	0.287741116851609	-0.214931906670315	-0.27220031238379	0.445436642748944	0.33297873920778
TCGA-BP-5184-01A	-0.0214530965005358	0.0402944006278911	3.83210551296609	7.44042526894782	7.67273410432562	8.1	1426	BP	-0.484479130845966	0.905504033447838	70.72.0	TCGA-BP-5184	1133	0	87.5	5	0	1164.05105902178	1595.05763757283	2759.10869659462	0.0856839098508972	0.145261705226806	0.0997809475777376	0.100099793051862	-0.143880161816354	0.0114551323505623	0.67243940799071	0.636568582437471	0.736932555928192	0.811230586350098	-0.245780117083502	-0.481061824666477	0.868848291163846	0.906826024467131	-0.0790863844983041	-0.0167327478417043	0.67483799679186	0.825625104813885	-0.111720913647416	0.0965233968977465	-0.351082809100651	-0.366537047043781	-0.895747656194314	-0.993856477717764	0.586829641452788	0.613562261701275	0.641609373201779	0.492044215696193	0.300119313320129	0.427043857924881	-0.285647608911578	-0.236653536929353
TCGA-BP-5185-01A	-0.0220614698257297	-0.0783753781940376	2.49036390508147	17.2255735179998	7.64658363196222	7	1426	BP	-0.498218134901277	-1.76126756998036	70.72.0	TCGA-BP-5185	1132	0	90	5	0	432.086108116121	1169.1553594292	1601.24146754532	-1.0996958451362	-1.19088586414232	-1.05943788341992	-1.08971543916282	-1.17280088115029	0.00455073471780638	-1.49777482129865	-0.703511409994828	-1.67282759047566	0.245602140854103	1.5852362710772	-0.143148317088717	-0.431706871143505	1.13153202724298	-3.7119711188469	-1.53368187842479	-2.6910294550537	-0.269649564680714	-3.3473077537084	0.151828281973706	-1.4926971944364	-1.51281120032007	-1.22246677964845	-0.700915447067238	-0.827146280097462	0.596498766411625	0.602771876815577	-1.20634125966552	-4.07651402179848	-1.30346997872697	-2.27348982638833	-1.93131163407093
TCGA-BP-5186-01A	-0.00110275410033723	0.0625708439365608	4.66562043226214	6.85801362351076	7.78207899366567	7.6	1426	BP	-0.0249036938819	1.40610483535951	70.72.0	TCGA-BP-5186	693	0	90	5	0	812.193689260462	1096.63499765478	1908.82868691524	0.0637628392283535	0.117142424526965	0.0737286514079497	0.0770292530615458	-0.318269824692481	0.0135675336756039	0.429136780289096	0.339953571102866	0.856142442724482	0.735608253826372	-0.277403828492689	-0.0716864038365378	1.29471365780698	1.1803299517685	0.33332336588003	0.100949582717071	1.20143107008915	1.08281322892167	0.917838232608373	0.853977385422547	-0.654821157354374	-0.63724639854187	-0.109377445750787	0.104673474562422	0.431144902972541	0.343148497787126	-0.487648264595976	-0.380255393984659	0.751434458785964	0.527049683608289	-0.624210394622004	-0.623651910422772
TCGA-BP-5187-01A	-0.0343107539656385	0.0251188130947846	6.53911370548341	4.83512208646587	7.54412616147159	8	1426	BP	-0.774845918374868	0.564475118585236	70.72.0	TCGA-BP-5187	406	0	85	12.5	0	978.45430647481	1255.34768999747	2233.80199647228	-0.132951517480162	-0.116476261349873	-0.136329880661146	-0.131570190559111	-0.0482007334897677	0.0128146056517451	0.616164104963293	0.357602311598262	0.441647011687668	-0.138472760301567	-1.54706715369032	-1.84278972934968	-0.294448781319076	-0.70532127045815	-0.0284969215623315	-0.508960338371539	0.706901186936375	0.148668833008728	0.260032954208146	-0.686916699374641	-0.453108429069703	-0.583501739042532	-1.16896629610106	-3.09676753703223	0.791591544247569	0.240578468017329	0.239666387570413	0.483383010950932	0.73279878840952	0.181327006538793	-0.802909009721351	-0.995165805949321
TCGA-BP-5189-01A	-0.0313026666057282	0.0133675331387955	4.17102543339421	6.41431319786972	7.98333832614314	8.3	1426	BP	-0.706913741329858	0.300397945764417	70.72.0	TCGA-BP-5189	822	1	82.5	25	0	1256.18318867041	1844.80515851762	3100.98834718803	-0.163160096915131	-0.137807657915158	-0.156995137042954	-0.137637808540548	-0.299968480876389	0.0115635684865519	0.0705906511614374	-0.0630491253135015	0.153331970463063	-0.150677173910555	-1.46215220048711	-0.726717758840927	-0.328192570790669	-0.678392651097795	0.372729495122151	-0.301018590730648	-0.736895029039699	-1.43417114738822	0.796238263747075	0.169975217023969	-0.548458163645544	-0.443477770328601	-0.907011253001341	-0.620170010678566	-0.318761108637411	-0.428371331789266	-0.803077886884646	-0.35392910526474	0.517908229782794	-0.312349851870524	0.238882155287933	0.273707796401754
TCGA-BP-5190-01A	0.000785505718502081	-0.0165537890402323	4.03788186706147	9.80035056320558	7.78077865794672	8.3	1426	BP	0.017739216703049	-0.372000141736802	70.72.0	TCGA-BP-5190	1011	0	90	10	0	279.867330204593	1144.50365668773	1424.37098689232	-0.295660331107859	-0.262737585301987	-0.287853811434921	-0.303863197020567	-0.842249788755432	0.00884464598298704	-1.3400087092087	-1.19483886517774	-1.51439252372772	-1.19009346874447	0.244142572675418	-0.00228467288429496	1.14686979769841	1.51503402686262	-1.86380639670882	-1.61091700258941	-1.98322433316357	-1.69962567139658	-1.32674485284781	-0.82288916221288	-1.20272188484844	-1.18011018083913	-0.64314942291877	-0.413493833540518	-2.08453990868782	-1.8128784394515	-1.52701565718218	-2.01217453570287	-1.4340190545452	-1.08154261171706	-1.32566741150079	-1.22601695426929
TCGA-BP-5191-01A	-0.0098449827891436	-0.109920198218444	3.92150179421752	13.1720812265166	7.77176290482688	7.4	1426	BP	-0.222331014301766	-2.47014923396806	70.72.0	TCGA-BP-5191	967	0	90	5	0	507.9745847075	2835.94670996861	3343.92129467611	-0.722587759329485	-0.770348931855585	-0.707727560971591	-0.745567164480388	-0.832918013891687	0.00594722886307691	-1.62920441233391	-1.18973418671426	-1.99708442227555	-1.02283511171616	0.434942905502178	-0.374575900064447	-1.01610620419724	-0.21238169317698	-2.83385973566686	-1.8210939435504	-2.7190223010594	-1.60263421251191	-2.81262482972477	-1.36239612859877	-0.905326024584711	-0.8958441601736	-1.17539939705069	-1.18163555555178	-1.99069852504528	-1.24314832774089	0.0650013818544714	-0.837302128986096	-3.45574257761542	-2.31322354824096	0.440223312590602	0.645069265672266
TCGA-BP-5192-01A	-0.0187316851922385	0.064399115229867	3.13242702087112	6.51020336723804	7.82373290946309	8.8	1426	BP	-0.423021010556182	1.44719012275748	70.72.0	TCGA-BP-5192	714	0	90	5	0	265.227645760432	479.335167391326	744.562813151758	0.0890874092556726	0.200488089681262	0.0953129523057889	0.0802923387146864	-0.524394060414491	0.0135076062664806	-0.716660263416991	-0.847150424937829	0.627567639996834	0.484443650646427	-0.344353699664048	0.00948128694364712	1.37241973206494	1.21961974370131	-0.144635198345703	-0.546604233859397	0.967000730548563	0.777770002016129	0.477807169474849	0.288432595354974	-1.17188991065536	-1.1181585040077	-0.64726451664817	0.0173609802713337	1.04887604054691	1.04566069171032	-0.106664245340492	0.0237083325043549	0.332054343708374	-0.152715345032357	-1.71694407173537	-1.65245068280354
TCGA-BP-5194-01A	-0.0308530387540162	0.0566872742273762	3.14175842098828	6.74921357449439	7.90526547456496	8.3	1426	BP	-0.696759714809904	1.27388805040377	70.72.0	TCGA-BP-5194	408	0	85	25	0	1023.34271819823	1473.6308552761	2496.97357347433	-0.120864654242907	-0.0948397343466533	-0.105467626348025	-0.101718534469629	-0.162338369203598	0.0108343876100327	0.0841448084431658	-0.0172542634283088	0.851379999479184	0.746863953256391	-1.25865295761345	-0.804292192984583	0.528840844145213	0.326649147897815	0.227537182360187	-0.200976779572764	0.972183488267427	0.754363375757372	0.605367491600612	0.39711538231371	-0.637784820473433	-0.549228345796571	-1.06998130287312	-0.542239765455064	-0.359868646117618	-0.385878792815139	0.255816561349704	0.520119462323924	0.820398253169946	0.383009804937604	-0.559686358830806	-0.472429824108759
TCGA-BP-5195-01A	-0.0379149613276957	0.0148067190157124	3.12417547618771	7.04689332004092	7.83494900698984	7.6	1426	BP	-0.856240380480352	0.332739625901666	70.72.0	TCGA-BP-5195	749	0	90	10	0	1373.39066751842	1592.32355881024	2965.71422632866	-0.180186903046804	-0.155145235814485	-0.173267153251838	-0.168762547405164	-0.465891610956473	0.0101309538777257	0.716109672452876	0.650280419235861	0.907631961697258	0.899646524791677	-0.759992703207095	-0.509642913718525	-0.302600670881886	-0.449599083260547	0.250756540057343	0.0142161681966164	-0.0146515986080208	-0.19764820100586	0.287593177822628	0.238685676973692	-0.59337550908355	-0.525954513375476	-0.909743236782287	-0.374459812976438	-0.197639785160356	-0.178162250724215	-0.0176100765812703	0.0506788665770269	0.204228247658121	-0.140076678121402	-0.153456768387798	-0.0594696674568221
TCGA-BP-5196-01A	-0.0142104701085717	-0.0469590163467229	3.79066810237567	6.46346491338204	7.74616293618768	8.9	1426	BP	-0.320917598396177	-1.05527264448917	70.72.0	TCGA-BP-5196	1018	0	82.5	12.5	0	1117.4792635686	1777.345530704	2894.8247942726	0.300532626367832	0.350277581237045	0.329691907033981	0.327458836776007	0.0854145726403831	0.0131137430782468	0.858218929727496	0.750613715989313	0.0802099027818898	-0.0916795191326954	0.607112569836362	0.852296909766004	-1.3904817785993	-1.6219939889642	-0.336226097270304	-0.653240342825743	-0.909679399254344	-1.28355168107616	0.071588824724689	-0.23399662190722	0.781917473847525	0.823124095828963	0.364064322775963	1.27804878914415	0.906167470501168	0.837897716921839	0.903097691421981	1.03265173108672	-0.25829834298648	-0.754503152549568	0.442402369715252	0.490280430705778
TCGA-BP-5198-01A	-0.0596824139724162	-0.0315266538269526	2.28087764001297	6.2667151127416	7.80905129934766	8.5	1426	BP	-1.34781867258292	-0.708473429473452	70.72.0	TCGA-BP-5198	603	0	80	35	5	1452.48196147625	1930.77101677861	3383.25297825486	0.26687113915498	0.264862559469751	0.250706307447423	0.263438423356644	0.758383406734289	0.00776006399076193	1.62258376928574	1.50160855655202	-0.483820708532157	-0.678557333185155	-0.623181841722423	-0.32108336825789	-0.950500098423776	-1.21693530143474	0.0827238061655298	-0.30482623939397	-0.714606928296131	-1.10865510972371	-0.11349601737239	-0.431031344590543	1.04872588226337	1.12074088917683	-0.989024696517226	-0.151365552269047	0.598414301796141	0.599034351230255	0.219871410590222	0.307585105444134	-0.337302906115681	-1.01445344612246	0.0886597915047137	0.207490649563193
TCGA-BP-5199-01A	0.0500501632036964	-0.0320437292618801	7.71301260532442	6.64288815798101	7.83479408725122	7.5	1426	BP	1.13029182370107	-0.720093254675656	70.72.0	TCGA-BP-5199	1355	0	85	12.5	0	1413.70116203999	2533.32488829865	3947.02605033864	0.235387044737325	0.21384960279332	0.272666592167726	0.269018157184429	0.377166466455508	0.0176045860982315	1.77483896687857	1.69666268796742	1.11541285004351	0.79113910419893	1.08820775315571	1.66146090929923	-1.41733009714208	-1.7514971422652	0.170806148875673	-0.320431391497257	0.208451236231306	-0.300478460093784	0.479988432138639	-0.462131001399105	0.817660251704457	0.793546759522686	1.14729222565412	0.855563193294472	1.30726309013678	1.0425691739466	0.4633064413564	1.03118902918826	-0.414217571458956	-1.1779837122084	1.19100268826895	1.04220570866986
TCGA-BP-5200-01A	-0.0531943034976249	0.0387156441649831	2.52959499514997	7.16306605107204	7.92630462431	9.1	1426	BP	-1.20129650858757	0.870025894482655	70.72.0	TCGA-BP-5200	1063	0	80	42.5	1.5	1342.1979851573	1861.56577473656	3203.76375989385	-0.524295012933865	-0.526064036327154	-0.526596599492521	-0.507264614680393	-0.369743093576117	0.00795608444489301	0.599397524039656	0.532922931361899	0.662982997774756	0.657703366821167	-1.2873782332122	-0.832511865302745	0.141905938470759	-0.0116388612840204	0.541494344673879	0.241493497507066	0.386208494965613	0.212500799811739	0.897365625207086	1.03030294693669	-0.599891834193844	-0.481780567584667	-0.902940573960008	0.0912747053949713	2.61066657367455	2.82360901765256	-1.38102145130803	-1.33189691842527	0.555135626993734	0.177628409120413	0.186119992692854	0.322682215286799
TCGA-BP-5201-01A	0.014164707234133	-0.0128797193443055	8.42398774457291	7.79709301702658	7.82098129975639	8.9	1426	BP	0.319884127184575	-0.28943569414635	70.72.0	TCGA-BP-5201	951	0	90	7.5	0	366.475916451912	2021.15819198808	2387.63410844	0.0102973857121411	0.0107538936129352	0.0200644683994563	0.0184072125197636	0.29084682629504	0.012406902392455	-1.10918867657374	-1.13267740440769	-0.324584877606178	-0.588638596158862	1.09150063465737	1.44278937640706	0.580795438373288	0.493237434242682	-0.99855310172254	-1.36364566112931	-0.508241401557273	-0.9015915978794	-0.464636088985172	-1.35746546281307	0.282728748569853	0.234490687910108	0.173618839724054	-1.17889057988391	1.11206560653261	0.962446421828617	-0.00308078509395425	0.391325318624298	-0.834530216836031	-1.30881264165557	0.400353282353612	0.220018710653002
TCGA-BP-5202-01A	-0.0198756934502719	0.0497464254876875	3.75078258664656	7.5628369194494	7.87122416330748	7.2	1426	BP	-0.448856354489811	1.117911874275	70.72.0	TCGA-BP-5202	29	0	90	5	0	720.750784356665	1207.17640785803	1927.9271922147	0.225820387392275	0.298370543878456	0.214597556155484	0.223779573378205	-0.187441895492616	0.0120976457015919	-0.578882293111617	-0.621701533809548	0.212508937986256	0.201059223313593	-0.409863102065559	-0.0914806187011949	1.0715176330848	1.03664068812901	0.000725860158518892	-0.22513402450215	0.907428856155752	0.898299445690234	0.817918397224255	0.989649910999251	-0.625754700536476	-0.558534130660082	-0.559394168072801	-0.0320308531881509	1.19545814658008	1.33221486495278	0.0438696623777898	0.1650904576411	0.516991438988452	0.340081718083571	-0.733816879863025	-0.660652335794896
TCGA-CJ-4634-01A	0.0413195434788998	0.0631557162534058	7.0472317534837	5.92531501247021	7.7435823736365	8.8	1325	CJ	0.933126670600188	1.4192482059942	50.77.0	TCGA-CJ-4634	3498	0	80	30	0	1124.25703382984	1065.79582366317	2190.05285749301	-0.109012864024024	-0.0888140109914399	-0.106312397240205	-0.100725706038223	-0.226455912496714	0.0170770051855111	0.308092512972623	0.140734996662108	1.08140199247598	0.677920192471381	-0.190364484397756	0.101691418768416	1.3671463016129	1.10047463634834	0.687156219892007	0.25189345687946	1.62522624761246	1.2229823649005	1.63119974149977	1.09974269696055	-0.554441081516374	-0.589990772558964	0.927528666457925	0.603985039836782	0.148401323671606	-0.233546759683835	-0.951445272292592	-0.594338874670234	1.12826102248068	0.659328654093006	-0.341959391122586	-0.487394393841009
TCGA-CJ-4635-01A	0.0599978606272379	0.000746919676098015	9.0733970945348	7.18373570215114	7.62551991594835	8.1	1305	CJ	1.35494246103707	0.0167849321203244	65.72.0	TCGA-CJ-4635	1416	0	85	10	0	949.325500217273	2044.71935720097	2994.04485741824	0.145214912745186	0.0832800997368492	0.125407675219131	0.118353860258496	0.785170419067815	0.0193237345142648	-0.300936358278234	-0.357724868179233	-0.148192482436719	-0.46794795223046	-0.60612898846257	-0.885182262619552	0.0183827414802734	-0.0866519616671475	0.45046040297045	0.433624359919486	0.872780254603651	0.729406266358782	1.19002601936706	0.926168941977239	0.736136460440167	0.605934915025313	1.02297931777895	-0.431132677674856	-0.687325944590262	-1.08278770630586	0.250969480558762	0.498172612694373	0.770962526826863	0.846900990200159	0.82920667994765	0.602589196145343
TCGA-CJ-4636-01A	0.0324614940286675	-0.0259962024114241	7.31819552788481	8.058438487991	7.65663554136679	8.9	1325	CJ	0.733083749125801	-0.584191991221161	50.77.0	TCGA-CJ-4636	1924	0	80	20	0	1392.95564801611	2378.95698472612	3771.91263274222	-0.0551925008670997	-0.172430929060707	-0.0646532106598231	-0.0600689310956418	0.394825057547147	0.0112405557105464	0.7294011477441	0.755931234819381	-0.295682979457702	-0.360041950275263	-0.0579238059847395	-0.36792311023173	-0.276123194515392	-0.237559539164712	-0.0613203406120477	0.0768571433342772	-0.882456010663698	-0.951592133252974	-0.281462964130891	-0.442733556058191	0.77261905858583	0.702645097441987	0.447872909700233	-0.433234103548924	-1.08742478304646	-1.24601103267647	-0.882840920992805	-0.969397023602488	-0.172313038331072	-0.00387416552025747	1.0292939248726	0.924770641920024
TCGA-CJ-4637-01A	0.0416554715779476	-0.0357059889139338	7.37718193736084	7.43091929376393	7.70429560360626	8.8	1325	CJ	0.94071299518738	-0.802392304538491	50.77.0	TCGA-CJ-4637	2227	1	85	0	0	1223.52835150451	3110.67782447201	4334.20617597651	0.211566537928457	0.17124330744917	0.198241364581743	0.200911335203571	1.48018061265873	0.015373000219616	0.0210995300588286	-0.0163001262194062	-0.854232894449277	-1.09746272543736	-0.0979106110307175	-0.152079226451592	-0.751249854060708	-0.862946585967889	0.626178754778989	0.638755157106612	-0.535184971849961	-0.77888989736961	0.677235249834852	0.479855245770085	2.40980847722132	2.36179384058071	0.993187950110688	0.525853539475824	-0.219607434737466	-0.422760168657484	-0.618208926519951	-0.502675973565197	0.696111843489788	0.742722598309875	2.94199481254316	2.84809432226572
TCGA-CJ-4638-01A	0.0763536408009729	-0.0621759028525692	10.432865886928	8.81018238345044	7.60951287798933	7.4	1325	CJ	1.72430798189234	-1.3972296383357	50.77.0	TCGA-CJ-4638	431	1	80	5	0.75	-102.089585980715	731.774687272506	629.685101291791	-0.000930821726129046	0.0019900873115441	0.0107505785229375	-0.00507673497988673	0.199513668354785	0.0133698921293573	-0.908240425175768	-0.833188299004149	-1.88492262875701	-2.08518225274998	1.8827179481887	1.55888863522571	0.978021965802714	1.17069508910894	-1.99683595869865	-1.93026243094636	-2.37015789367971	-2.60032507495125	-1.13166480766777	-1.73513956837105	0.609840415059881	0.467858575397023	1.3879698079776	-0.464329848203019	-1.39661980625966	-1.68182830952328	-0.716205364277478	-0.722415932779092	-2.04932298136434	-2.07113174654639	-1.25095807915076	-1.53524206682354
TCGA-CJ-4639-01A	0.0356031960397691	0.0689408636161783	8.27099872973847	6.72251693170252	7.5550348046	8.4	1325	CJ	0.804033369833352	1.54925322379945	50.77.0	TCGA-CJ-4639	3229	0	80	5	0	743.898593636017	1881.87296310748	2625.77155674349	-0.130864908518738	-0.116757882021988	-0.123604438718171	-0.138068815811385	0.0266537953296639	0.0179682247554471	-0.307237021865495	-0.410834516980784	1.07737861011909	0.82032669063037	-1.0184393230143	-1.49175575499203	0.949970922378456	0.850599694608219	0.921116597113223	0.977151719765645	1.37415359411366	1.2876480047879	1.09166811596834	0.912120318348179	-0.377593951726913	-0.519991161803334	0.387252042687652	-1.24331240285467	0.0918015093005002	-0.311859539162257	-0.364377566207194	-0.278718024154642	1.49135983279353	1.73336384938567	0.287490750718774	0.07217142738341
TCGA-CJ-4640-01A	-0.0457915330782714	-0.00711978555083062	2.82905184618099	7.12841216555894	7.77959348292849	8.3	1325	CJ	-1.03411841480838	-0.159997280840511	50.77.0	TCGA-CJ-4640	3480	0	80	20	0	1045.62737231924	2314.22681831256	3359.85419063179	-0.309487622574463	-0.326787502244674	-0.328002865559099	-0.318222302387183	0.24705970691516	0.00996098905952463	0.192992179792391	0.124913647639566	-0.418331321284063	-0.458334588119084	0.561597914489199	0.754683380786775	0.583875468768494	0.520214561640304	0.328811546375806	0.211153201595595	-0.562753876905147	-0.721497757126751	-0.764605398734146	-0.983703164549669	0.279919042289333	0.326451257168223	-1.15453423341652	-0.7364062603248	-0.66361804911995	-0.644290321845549	0.125524201672555	0.0581028433353909	0.358661040679776	0.199472805593106	1.15788635863466	1.2778824011852
TCGA-CJ-4641-01A	0.0280785848591745	-0.0118820208638736	6.69492530029437	7.05527068352959	7.71655448929771	8.5	1325	CJ	0.634103724262735	-0.267015209311775	50.77.0	TCGA-CJ-4641	1661	1	75	16.25	0	1174.41437978331	2716.50109833726	3890.91547812057	0.0452731452162819	0.0743977082983074	0.037419758920803	0.040128312733454	0.748030842796278	0.0147182462656004	0.483886753643253	0.416936250893949	-0.707413784126946	-0.984575812191737	-0.10039696708067	-0.0760656917661946	0.67711689763812	0.578096274149216	0.555777020536392	0.449319315488251	-0.595604775151014	-0.928590209450859	0.52167233212411	0.200439937780799	1.00905944646257	0.97899838657326	0.596638353174869	0.201151829938729	-0.546216285588409	-0.778719886707546	-0.977839603429333	-0.87611435310403	0.523157968584985	0.381458978914504	1.90940728217268	1.83185186257439
TCGA-CJ-4643-01A	0.0479655177292369	0.0599462961341347	8.38105448573558	6.322567660255	7.78277477652633	7.7	1325	CJ	1.08321390058806	1.34712545896872	50.77.0	TCGA-CJ-4643	1793	0	85	5	0	1270.70160405035	1779.21101487818	3049.91261892854	-0.16453577867441	-0.117668863297145	-0.168942342432426	-0.16857919927943	-0.660472270907223	0.0175918279375359	0.548962155885697	0.421440861009124	1.30658900537329	0.900090433661171	-0.775701593362656	-0.477842387331331	0.685482661206569	0.394101338846711	0.879166409935109	0.457622572937492	1.28867083173478	0.818393803341432	1.30812977484573	0.517981866489587	-1.06741128229516	-1.1173856115318	0.811183998703532	-0.160849464531202	0.868867155311232	0.503286379872797	-1.03487708012049	-0.55745117237648	1.07013819304424	0.606118395509386	0.272401173406099	0.0682409807932885
TCGA-CJ-4644-01A	-0.0589554338422531	0.0344421451477858	2.05472076255236	7.45332281153264	7.71930081899677	8.7	1325	CJ	-1.33140114975143	0.773990948269085	50.77.0	TCGA-CJ-4644	336	1	85	5	0	1075.03404653508	1938.13569056671	3013.16973710179	0.216305016515007	0.275055539979677	0.206877127410754	0.216732605738404	0.135343370891461	0.00895228729825104	-0.446781338942139	-0.493698684880264	0.0682005533440896	0.18047163557014	0.196344851021909	0.104234560567527	1.05544060087836	1.1063980408877	0.0855455040577816	0.151931337927241	0.295966180599149	0.450643965162374	-0.632044797370222	-0.393939884828373	-0.218261206530309	-0.178612834237889	-1.52005931693952	-1.09520317420554	-1.25558530410358	-1.18236061451304	-0.186433474703606	-0.498568452681133	0.560427193778328	0.710682963916442	0.268876430877991	0.421583234785328
TCGA-CJ-4868-01A	-0.0228857215702446	-0.0411843451101714	4.66615017430808	8.67950300182855	7.66508609181561	7.7	1305	CJ	-0.516832360067834	-0.925503048340534	65.72.0	TCGA-CJ-4868	646	1	77.5	27.5	1	1663.96184844869	2387.61701333743	4051.57886178613	0.707359421638407	0.718073091874644	0.706423606049251	0.709656668998721	1.4694672577616	0.0119085758112519	1.53614675080471	1.62606875881136	0.531661039058399	0.796657027367922	0.279705729003842	-0.117562471265039	-1.34032973439798	-1.21527202516814	0.0738121262943717	0.447293720033498	-0.234041195820889	0.102563455666885	-0.236507171011501	0.329295741933091	2.12358891094629	2.08353547354134	-0.299554969409043	-0.379941464171956	0.502700614238355	0.633950327552874	-0.144538101551776	-0.492187960756692	-0.195392318108663	0.250079115454582	1.03070732471295	1.08593063279718
TCGA-CJ-4869-01A	-0.0478589821380166	-0.0570233256659967	2.27295508046485	8.19312875840094	7.84321987992115	7.1	1426	CJ	-1.08080798819974	-1.28143986724123	70.72.0	TCGA-CJ-4869	2554	0	80	12.5	2.5	871.131377267276	2731.27279383865	3602.40417110593	0.0638863975709558	0.0696221859925349	0.0503087162726736	0.0506131794145373	0.0817112609620646	0.00825197324165809	-0.179320935049819	-0.153840352337079	-0.423273263181136	-0.245162380929937	1.67577450005441	2.00015504592417	-0.00934667171589005	0.0602673189797868	-0.974960471265817	-1.05807647422224	-1.76668947698877	-1.82767775351806	-1.23661021353622	-1.20340224010965	0.462178691956611	0.54598299051033	-0.676271732273909	0.481110307078601	-0.47635589031223	-0.260652418394514	0.421787760794269	0.278856917604862	-1.23687061854366	-1.4875220440473	1.4866517716072	1.66564478294406
TCGA-CJ-4870-01A	-0.0403439049690833	0.0225225862246372	1.99327209774289	8.79089885792698	7.72298730101409	8.6	1305	CJ	-0.911093650926596	0.506132175991944	65.72.0	TCGA-CJ-4870	1498	0	87.5	10	0	671.691314684719	1232.72864242014	1904.41995710486	0.0723010928540697	0.186136638276615	0.0789727250437606	0.0859369319578806	-0.855179079446474	0.00997697183062945	-0.715050955875847	-0.641370611788577	0.827111574301075	1.25912825325194	0.742871121177374	0.509945871847779	0.213360986525824	0.44793507857608	-0.93357470365537	-0.656100494905327	0.124703466947942	0.620982806639396	-1.21898948507803	-0.610702851225933	-1.3324789891798	-1.29144901048379	-1.22606150739524	-0.508423457021201	0.372639542722332	0.692907012117107	2.33576564266535	2.03564354205739	-0.590175028673139	-0.220024287691091	-1.39567441914192	-1.21310088476818
TCGA-CJ-4871-01A	-0.0492251811481348	-0.00408323192966603	2.9771753933687	7.48327142931177	7.78386974155717	8.8	1305	CJ	-1.11166110578899	-0.0917592252074924	65.72.0	TCGA-CJ-4871	2423	0	85	15	1	1118.64331782734	1379.74515654722	2498.38847437456	0.293686599562656	0.337344794655345	0.29624486634264	0.30731266075232	0.306311326764332	0.0101074408771665	0.534075235744012	0.498970965062811	0.0217922191878806	0.0624116062990149	-0.308595540946859	-0.24997769361787	-0.112611868578871	-0.157076330457582	-0.26802982471272	-0.379442123834251	-0.400915208253616	-0.465754865367737	-0.930634237767742	-1.08400582286816	0.0938448571602905	0.139993454012365	-1.48962215035377	-1.36351341919879	-0.0433367239318655	0.0337625825649089	0.635334846983381	0.584817630769867	0.0574415111564397	-0.0570520298637965	-0.659080191842135	-0.562129735012092
TCGA-CJ-4872-01A	0.000690885791593803	-0.0104082338107053	5.2352674907138	7.92587154457315	7.78254347431982	8.5	1305	CJ	0.0156023979017125	-0.233895964446688	65.72.0	TCGA-CJ-4872	1435	0	90	10	0	1488.93677184943	2055.47064641993	3544.40741826936	0.0105351036173277	-0.00816005776938124	0.0153518455543794	0.0179528246109277	0.215270476690975	0.0113656439433705	1.35029005504885	1.36631051932127	1.02511327532234	1.10400327447554	-0.256942151265851	-0.22838675670864	-0.920289866612741	-0.966169701192549	0.0833748416177166	0.0728475709439481	0.243270012029529	0.269382652746977	-0.478085810595817	-0.664383155353199	0.303951705115277	0.308667281465328	-0.336496871969406	-0.512055299734804	-0.45266270970328	-0.457245822048752	1.14948720265775	1.26796437667408	-0.169465294904216	-0.234200061600749	0.111668550345583	0.112552065265989
TCGA-CJ-4873-01A	0.0613888278615434	-0.0899403274832242	7.64929603721648	9.51090701465068	7.6443332134952	8.8	1305	CJ	1.38635492388106	-2.02115748184889	65.72.0	TCGA-CJ-4873	1776	0	90	10	0	1021.74776374076	2660.80930395644	3682.55706769719	-0.365635407935921	-0.368767098523887	-0.337294348947136	-0.35323297728261	-0.441655486523198	0.0120749096717985	-0.0423736735041076	0.107703424775337	-1.13018551634857	-0.969641499180688	1.85197334089746	1.48277798839706	-0.864349578996342	-0.609397723586713	-1.15253971869613	-0.757085725067372	-1.67005612291385	-1.45477948919802	-1.07105456867717	-0.935416695000809	0.213876033782886	0.141054942172899	1.35909603919019	0.973997671081302	-1.06493156477468	-1.04820330432251	0.785253523930779	0.606213670520946	-1.87186705295638	-1.55465106424785	1.22396007780292	1.14744903501793
TCGA-CJ-4874-01A	-0.0470433540354244	0.0444500720610542	2.43309661116467	7.46472090266623	7.76968812684853	0	1305	CJ	-1.06238851228737	0.998891134031943	65.72.0	TCGA-CJ-4874	2283	0	90	5	0	903.057262825589	1989.82624830127	2892.88351112686	0.0856750064839843	0.0908176558349785	0.058896364248449	0.0625717387015609	-0.0292111198706605	0.00955865907957589	-0.92090332382213	-0.972747740411372	0.305225406451197	0.39606678497272	-0.285682616441643	-0.2719296011628	1.31489482098509	1.34774451050618	-0.18062906088559	-0.239744859216269	0.408757365768969	0.49762627335218	-0.943940736467436	-0.975731909265098	-0.545195943127262	-0.496754186748364	-1.55691267609962	-1.24679754834787	-0.987671961102595	-0.9245661363035	-0.0923210212575087	-0.268572771025057	0.557271747341071	0.602975807286223	0.18456164616815	0.315601437443885
TCGA-CJ-4875-01A	0.0781935808535964	-0.0284580867951829	6.11898060372066	10.8450747739609	7.7195202965569	8.2	1305	CJ	1.76585967851951	-0.639515961912831	65.72.0	TCGA-CJ-4875	3554	1	90	12.5	0	449.802174780521	1953.00244475591	2402.80461953643	-0.468695810419235	-0.516197757061649	-0.439881870292378	-0.461859690835836	-0.0103916391696712	0.01223432413044	-1.11578250400148	-0.868578140419771	-0.24765873009232	0.296282895017968	1.22140921696452	0.767183690025466	0.22101929609588	0.727668124176358	-1.26451367848578	-0.608761711016135	-1.51574627342117	-0.921454861017575	-1.21001706257297	-0.441033900258712	-0.0130801199679432	-0.0502408806696942	1.20337452243041	1.62960492955364	-1.03696047804307	-0.715292101582473	0.0839238710839018	-0.359678103161985	-1.21640271559549	-0.342281599005038	-0.27787879676324	-0.251935400756966
TCGA-CJ-4876-01A	0.030312768399223	-0.00411858784452383	5.98751842679848	7.92405458123678	7.72654232156046	8.8	1305	CJ	0.684558692365173	-0.0925537505760573	65.72.0	TCGA-CJ-4876	1955	0	85	7.5	0	-83.2924486444823	1064.44125859973	981.148809955245	-0.289979509257169	-0.339370117904369	-0.295206253510343	-0.314142022826823	-0.558597194685673	0.0140150425601073	-0.948413862570709	-0.948997822197834	-0.764499678982332	-0.845885829279097	1.66546166216895	1.75751679474572	1.24328326824523	1.31813060249057	-0.900877911224987	-0.95287995921724	-1.22113149068236	-1.38921281515738	-0.504045265932568	-0.744630661476748	-0.512642982488016	-0.5274376541181	0.722008531826159	0.828148824377026	1.45849310763657	1.49484570294898	-0.0990755548943245	-0.117529687118233	-0.340326215551523	-0.369332466449679	-0.697158893926376	-0.748495425642545
TCGA-CJ-4878-01A	0.0776097343595311	0.0275649044381898	11.1107370789863	7.11418630138175	7.62450711760853	7.3	1305	CJ	1.75267456829614	0.619444184835648	65.72.0	TCGA-CJ-4878	2186	0	90	5	0	342.093544353721	813.029289332506	1155.12283368623	0.327877014090844	0.323219022329897	0.330481009671083	0.322832380679734	-0.259066994621083	0.0197393170607481	-1.01072313653325	-1.08150484675767	0.290870248565083	-0.130386667916665	0.367784096769471	0.226994023836156	0.562357992054439	0.423015166531269	-0.572612814253083	-0.79386261384418	0.821358775750888	0.539494482297389	0.319775020150012	-0.622672104217802	-0.237288797343466	-0.39876412976555	1.58503507585192	-0.44810372061932	1.15089871024409	0.707332066117031	-0.347055297637962	0.0394351876688828	0.0848503297637278	-0.104954487450084	-1.13813186993154	-1.49791810886898
TCGA-CJ-4881-01A	0.0377083041983871	-0.0742314964932661	6.61234622200473	8.85825283202221	7.72936102053159	8.3	1305	CJ	0.851573405417425	-1.66814541068009	65.72.0	TCGA-CJ-4881	2014	0	85	10	0	1185.71700639524	2114.40481927037	3300.12182566561	0.439248077798189	0.361654066501985	0.419372307899527	0.426913857213449	0.158438327170827	0.0148303152751376	0.667331589214785	0.769137075982214	-0.274605589247908	-0.155334239782782	1.30841188160001	1.21662195827469	-0.866087580373253	-0.751628266707294	-0.547882795197056	-0.360515006413159	-1.34660590363408	-1.29780320928374	-0.765894781341307	-0.799534944278646	1.11053951433155	1.09384263223928	1.0425256923173	1.06837007033799	0.0207208750284807	0.0800217060234438	-0.0273984696941092	-0.110663741461523	-0.811110249553383	-0.630635455668429	0.726405775040941	0.693177736252094
TCGA-CJ-4882-01A	0.0258347613120923	-0.0588880853332209	20.0480343623318	8.15324534012148	7.62198377550215	7.3	1426	CJ	0.583431054150289	-1.32334512885997	70.72.0	TCGA-CJ-4882	1883	0	77.5	20	0	1305.47467252218	2553.51758934557	3858.99226186775	-0.129463226289099	-0.219897019327649	-0.130332847463646	-0.131971976375654	0.125960412105975	0.016864916158614	1.97615279878473	2.02614456376421	0.561431979240703	-0.177160272621628	0.778800556223366	0.602382693656962	-1.5200994608799	-1.81309313285441	-0.00314795236609661	-0.24832256140336	-0.525537877153176	-1.37116156783469	-0.253230613308726	-2.52434063002578	1.10835742749811	0.751441253041111	0.841326921742586	-6.22775911250316	1.2813315431676	0.363651501010401	0.00858753981061273	1.0341056730567	-0.952279539739684	-1.34777979200057	1.00040740548123	0.17687152748015
TCGA-CJ-4884-01A	0.0245437004226061	-0.00686378570597033	6.43218890582713	9.23068879309368	7.83488119313169	8.8	1305	CJ	0.554274794232665	-0.154244399832956	65.72.0	TCGA-CJ-4884	1759	0	87.5	22.5	0	812.875855781324	2175.94120653947	2988.81706232079	0.107900798805252	0.0740757471084229	0.10781585872133	0.107486046207069	0.407982892952418	0.0111632317218076	-0.656491408321512	-0.549789184007488	-0.567261299342845	-0.439920593669018	-0.0504233665673172	-0.0354633404683416	0.670782556552921	0.856999227951997	-0.236643600209794	-0.0747327859520255	-1.10175244056472	-1.04848149650164	-0.261514283573574	-0.145908045907937	0.451777840453948	0.471962714446203	0.30152504987214	0.0990579278484307	-0.967900544004766	-0.871214261241452	-1.02386766237793	-1.07662157408581	-0.020831830201652	0.27352422626135	0.711381185270073	0.698693824171449
TCGA-CJ-4885-01A	-0.0369932746010741	0.0268397522762924	2.86283853210124	9.42924449912266	7.80120469168631	8.4	1305	CJ	-0.835425763615379	0.603148416757961	65.72.0	TCGA-CJ-4885	3451	0	85	12.5	0	464.401397681657	947.99937948044	1412.4007771621	-0.0072232585308147	0.0870519167969367	0.0119665239194049	0.0104871453502095	-0.828495941132989	0.00965249264231469	-0.769322037207294	-0.64959072557387	-0.448841539597713	-0.0634459953609652	0.0373784045688465	-0.128149541997887	0.706219181281137	0.990708894857269	-0.692409309114503	-0.393374022331716	0.597692302506416	1.1687812683639	-0.829651747583225	-0.153537986288611	-1.25021671521151	-1.19598321083338	-1.21213044685847	-0.780293929393791	-0.604599050121969	-0.276228850710896	0.673916372509517	0.353992884956099	0.473417304409567	1.13584494402624	-1.24842366913917	-1.09329282702278
TCGA-CJ-4886-01A	-0.00609589618735645	0.0463684299555821	4.7566053573122	6.74680255067415	7.74394878380512	8.2	1305	CJ	-0.137664718307865	1.0420008660052	65.72.0	TCGA-CJ-4886	1952	0	85	12.5	0	1212.6067909829	1852.54234127824	3065.14913226114	0.0233909047735751	0.0186371671291129	0.0297349355507866	0.025194852683035	-0.173848226494215	0.0126928257265882	0.664694780640806	0.569889706336401	1.21162091359375	1.10350705302975	-0.689663181890658	-0.632962814248933	0.607529872728854	0.462692641484395	0.695286733713419	0.532648401912936	0.917901316445975	0.77495449330905	0.403459197328918	0.186969137374516	-0.475892530134221	-0.47677913948278	-0.465622178980268	-0.607673005175883	0.132268270986257	-0.00278911325708012	-0.0866227998693826	0.0128831528634563	0.84672473079802	0.676640908051998	0.30493532664359	0.297896049113875
TCGA-CJ-4887-01A	0.0385854132826147	-0.0291119244590571	6.07607065052704	9.01859629837017	7.74263620570707	8.5	1305	CJ	0.871381317378902	-0.654209135967599	65.72.0	TCGA-CJ-4887	932	1	85	17.5	0	889.713974831643	2549.83417391463	3439.54814874627	0.140437176256295	0.111705589151727	0.136036835656178	0.118232477961476	0.189011130145556	0.0117599539126732	-0.857561079210777	-0.767465654061258	-0.46453595469808	-0.308006725462142	0.896503231380272	0.76310188502412	0.669531741283357	0.884697647889554	-1.12664578897421	-0.975526600185824	-0.362255305426075	-0.115419398543827	-0.885424429210898	-0.829739357921801	0.333400828151544	0.305398539935976	0.540606183935562	0.517944547987847	-0.877364374746109	-0.797634951980806	-0.515246077793263	-0.69004217215623	-1.28303593078808	-1.16143585321141	1.25244863210396	1.24990364592376
TCGA-CJ-4888-01A	-0.011133352131653	-0.0504069582042084	4.55962191151883	10.1276409562617	7.85779314706066	7.8	1305	CJ	-0.251426490530661	-1.13275550092569	65.72.0	TCGA-CJ-4888	1567	1	85	10	12.5	1309.06907384993	3030.35369362893	4339.42276747887	-0.0933123396233143	-0.114530713773797	-0.0610966098583548	-0.0466843112048813	0.61193276445978	0.00811700770270448	0.390197026488178	0.592554304421472	-0.529487446579149	-0.113371451971257	0.103109875730074	0.0284338162142296	-1.26939206283723	-1.01857996041818	0.327031376593084	0.79821572436401	-0.733651632567341	-0.280034629577256	-0.300394067240939	0.456708389796843	1.35567639884	1.40665220321325	0.0555803155521436	0.672205275743285	-0.786292039848213	-0.434034081620492	-0.949640045147219	-1.26128725449702	-0.208114330307782	0.383407752997535	2.14833397053765	2.28163370981397
TCGA-CJ-4889-01A	-0.0177646852519121	0.0170968890156975	3.6494165749409	9.25587212493458	7.8065487437505	8.2	1305	CJ	-0.401183077248712	0.38420479575041	65.72.0	TCGA-CJ-4889	1946	0	70	57.5	0	1797.6092789959	2369.72643542266	4167.33571441856	-0.192431784085325	-0.223763479525867	-0.180105976852864	-0.170961327134241	-0.215844527566139	0.00942325327642561	2.45742514025572	2.60296155701469	0.668834245454583	1.0661538295429	-0.591065490692131	-0.75117571249293	-0.287834771363419	-0.0981678927547966	1.82548642092489	2.39109214991733	0.803212429654328	1.31825761265021	0.989835187362824	2.09681262745758	-0.0836941047363884	-0.0238110814082423	-0.200882178861569	0.553706876474438	0.97566464623889	1.317020926516	-0.489878293049963	-0.799498297893252	0.750410980023726	1.38213060472551	1.32100262218303	1.46660662721075
TCGA-CJ-4890-01A	-0.0257872516391501	-0.0450613592160082	4.80033401789523	8.13435882754009	7.84842027877061	8	1305	CJ	-0.582358134674388	-1.01262810432509	65.72.0	TCGA-CJ-4890	3519	0	75	17.5	0	2042.64570755052	3090.96826293105	5133.61397048157	-0.26604506898746	-0.406321830447804	-0.283694043751469	-0.26666659277004	0.717230912939876	0.00852113523121335	2.25009843347913	2.29491666536912	0.205525347643062	0.26890545559446	-0.911214554965026	-0.796255546087421	-1.72832779560379	-1.80755286546672	0.96202723594627	1.01660927216023	-0.185749870033883	-0.20901482393665	-0.0755389026628558	-0.106242329981664	1.15210892046105	1.18141225773527	-0.576968515069366	-0.588653589250572	-0.0338574983587124	0.0405520361816501	-0.49342069837577	-0.460088696935821	-0.0406270848492017	-0.116704954455947	2.3367626439881	2.40319231380544
TCGA-CJ-4891-01A	-0.00251231506701629	-0.113620478908781	5.31297750284435	9.52238393219575	7.79565338852923	7.8	1305	CJ	-0.0567360623231651	-2.55330270039956	65.72.0	TCGA-CJ-4891	819	1	77.5	15	7.5	913.901383080532	2126.54648399972	3040.44786708025	0.147096795450806	0.189576637196268	0.153632720404163	0.138151751575346	-0.816098394882317	0.00922382182110932	-0.13042543076651	0.0151864427507991	-1.54315198389416	-1.32892442905236	1.37441889827694	1.3418231977895	-1.84731641763844	-1.68562092957623	-1.8198617908822	-1.69745803805725	-1.26119941807051	-0.994825135252525	-1.97163635598898	-2.05484698722766	-0.324470736541685	-0.295053873562772	0.211334237766487	0.45852576214252	-0.144248657315988	0.0941070236974442	-0.357011218988108	-0.573108962567426	-2.19346581966621	-2.182987936522	0.2074141967934	0.262213884844736
TCGA-CJ-4892-01A	0.0724713721756639	0.0222554390003029	8.55209727635775	7.37641136355152	7.77175524340204	7.6	1305	CJ	1.63663401234425	0.500128788787032	65.72.0	TCGA-CJ-4892	1521	0	85	10	0	808.827070265258	1958.7116690314	2767.53873929665	0.133268777010499	0.180023399816266	0.140922854679667	0.122023370360072	-0.212522814237096	0.0191448246779434	0.116618998923067	0.0748431944210344	0.496223223207137	0.232268282634095	0.949660521657941	1.22404024790832	1.24736934751584	1.15077558809637	-0.244810968010868	-0.529522543303909	0.714552641279894	0.450081384811523	0.0671200055477334	-0.73661998815	-0.436981801765293	-0.498790388886595	1.08724829792219	0.223058610859965	-0.196850491128022	-0.48590696728614	0.453221243584642	0.875305233077565	-0.0827297663879726	-0.422050225495148	0.39961202115482	0.212706096758059
TCGA-CJ-4893-01A	-0.0241942740558578	0.0417435187180768	4.21939339104939	6.68020824597623	7.84233905686466	8.6	1305	CJ	-0.546383635841957	0.938068912318304	65.72.0	TCGA-CJ-4893	750	0	85	10	0	1013.41785768113	2035.25704689427	3048.6749045754	-0.0113950485383185	-0.0349166544060445	-0.017356101922182	-0.00840972559300166	-0.66785702964895	0.0101051404425955	-0.452151182722653	-0.568157210792202	0.583415730957435	0.41286168722665	-0.314050465378512	0.0814810466235781	0.87891779796689	0.69299009844357	0.202465909614436	-0.1852387879434	-0.630949561407128	-1.08605064807628	-0.150139616354105	-0.706513204987309	-1.11360677466404	-1.06357234378535	-0.795188566491291	-0.713893139208911	-0.0603870761447206	-0.155772999483729	-0.892282240785205	-0.737931559796213	0.542380908605078	0.0874807221140166	0.283751581198831	0.30661802082908
TCGA-CJ-4894-01A	0.0276180780686223	0.0371682894503081	6.52944078257486	7.59682491495713	7.80150060931011	8.8	1305	CJ	0.623704016713299	0.835253422042827	65.72.0	TCGA-CJ-4894	841	1	85	12.5	0	836.188045392071	2207.03370172917	3043.22174712124	-0.529342042800211	-0.633215361345045	-0.535516156708218	-0.522670443268236	0.691018717018122	0.0151579928363281	-0.170009141608677	-0.193325492673149	0.572176792217783	0.46556358599632	-0.492440598164319	-0.337141175349454	0.65686052110116	0.589974162733169	0.690159645017405	0.602908365280988	-0.107220491949507	-0.342932923548535	1.3663160262234	1.40517884367009	0.655357142983252	0.649968428184622	0.581314256936767	0.423052151194061	-0.680389391263971	-0.809212537337775	0.0844963860958098	0.326452169978811	1.0111752232121	1.01529127526032	1.13097383467723	1.06592770579067
TCGA-CJ-4895-01A	-0.0012362457880474	-0.0243593642398971	4.72056867152814	7.79343980815926	7.71925789827679	8.6	1305	CJ	-0.0279183606380659	-0.547408628189992	65.72.0	TCGA-CJ-4895	1200	1	85	10	0	1539.87966401577	1952.7130356963	3492.59269971207	0.367999584871665	0.395436461302798	0.384685630813367	0.384986415298421	0.504250688938781	0.012071184162206	0.428783240242152	0.427677998121868	-0.0346208589527183	5.76816762159987e-05	0.0535040519410998	-0.061645482364418	-0.333665843665421	-0.321123708748539	-0.0906480857667555	-0.0317347338016578	0.353957296647262	0.486252938167212	-0.0968567388508094	0.00805123435812517	0.63158942337665	0.630088123529522	0.0286460680811083	0.231790959282355	0.281904166489786	0.301479821625436	-0.674454883138667	-0.838666579474405	-0.0148180612395212	0.0544705292170023	0.63120878570029	0.664068476507004
TCGA-CJ-4897-01A	-0.0401339260180036	0.0468594988822374	2.6717466461085	7.23116398452288	7.94263849356653	8.5	1426	CJ	-0.906351658566077	1.05303626762077	70.72.0	TCGA-CJ-4897	3341	0	80	40	0	845.268827062925	1070.14303768016	1915.41186474308	-0.0803804339661195	-0.034870945006503	-0.0724439783805513	-0.0736308721503817	-0.0528671782602896	0.00950968238627236	0.148163517651494	0.0862834212339518	0.218027133830692	0.174880869520071	-0.530202014843207	0.0242977198621772	1.16205426605938	1.04536372072846	-0.12410356474162	-0.522838058709535	0.214204996609103	-0.0126929194087876	-0.125168165495879	-0.382372454460984	-0.716688612429584	-0.603610150111339	-1.20667779472976	-0.458506897216715	-1.09365776476717	-1.03948612286767	0.703730754271094	0.943044675785988	0.459204209340595	0.0421076322114534	-1.00526206761407	-0.884443244883006
TCGA-CJ-4899-01A	0.03229567647938	0.0453020377288779	6.76625786187088	6.85430804160175	7.88676297630135	8.2	1334	CJ	0.729339061632515	1.01803668121845	69.68.0	TCGA-CJ-4899	1528	0	80	32.5	0	1384.33010348441	1474.95988159531	2859.28998507972	0.0613412769408808	0.0228222603131734	0.0662377484988923	0.0542911746002735	-0.0596886477551428	0.0179331048815994	1.45474127732324	1.38261221700827	1.67818900126281	1.45782571696744	-1.03635455405986	-0.562643035126465	-0.130516825256991	-0.40552969799524	1.17341079352083	0.802255498853022	1.11148568163729	0.741125023744589	1.35934702347698	0.870891610301341	-0.185586616655557	-0.169098952296353	0.668990644520595	0.598810538448116	0.807870869103748	0.623902362773893	-1.02028136860807	-0.583303456357945	1.0190375304914	0.579733226898377	0.154332802471498	0.067602455451097
TCGA-CJ-4900-01A	0.0408779138457522	-0.0541752755233352	5.29967725880297	14.7227447091969	7.73480985103834	7.3	1334	CJ	0.923153269286404	-1.21743790043057	69.68.0	TCGA-CJ-4900	1714	1	75	30	0	973.181693349719	2608.47288485296	3581.65457820268	0.137678253014739	0.151748422758994	0.147651469030771	0.136637956111178	0.293760913735497	0.00838727461330082	-0.191914985317226	0.404100511554087	-0.725820190107897	0.582097210181722	0.839387095407981	-0.235193687777754	-0.433015717135489	0.641152746518204	-0.544790775356705	1.16430167983046	-0.627858837483343	1.15965070660435	-0.437867500707852	2.34211519120961	1.0529715958053	1.0571958234313	1.22535445511003	2.17211320435472	-0.0371060924602963	0.917964808835826	0.55181280767432	-0.470853232954914	-0.945925696400312	1.3652629833054	1.34887376593914	1.54309813640944
TCGA-CJ-4901-01A	0.00682661891672928	-0.0554235838976092	6.51615930390364	8.42860429435952	7.77944845241018	7.8	1426	CJ	0.154166760929409	-1.24549014218818	70.72.0	TCGA-CJ-4901	1450	0	85	5	0	1147.90857713944	2954.50435286068	4102.41293000012	0.294288624231983	0.305779452809253	0.258749983041687	0.281037782389974	1.02289183823073	0.00944831988016299	0.148606456766472	0.199362339768204	-0.369111690062557	-0.3610524028055	-0.148036330030573	-0.169499829816155	-1.53594250493362	-1.55204731131281	-0.429699830768572	-0.42329038228656	0.0316225343607901	0.0999682180172008	-0.516956431361235	-0.721162538814211	1.55297285675858	1.54113915853909	0.354302540080159	0.0385104594962421	1.09772901731795	1.14839785218395	0.0289589760695198	0.100550359212058	-0.517317320100081	-0.511863830989694	1.77028254835926	1.73626141887927
TCGA-CJ-4902-01A	0.054141487953092	-0.0123433184446122	8.28133569656523	6.66711890117289	7.91276367246103	8.1	1426	CJ	1.22268694524197	-0.277381583137161	70.72.0	TCGA-CJ-4902	1520	0	75	20	0	1452.53017737149	2097.73038220218	3550.26055957367	-0.0324899053695896	-0.00391988434383035	-0.0212469265971282	-0.0284678560780478	-0.244051976329469	0.0167505135908782	1.46491596089036	1.37957632540119	1.30556398363221	0.939813019430207	0.029133173083707	0.733800393580607	-0.683486867569495	-1.03761573025394	0.507368467223649	-0.0831418567520029	0.302605057466536	-0.330574975826919	0.51664499534029	-0.676481392267192	0.0824445242196853	0.0855177906307461	0.973235470406954	0.420839842135593	-0.0464960587211485	-0.382869608128854	0.158410990186621	0.880099392517901	-0.157801765343942	-1.04592087127526	0.655820915994419	0.488873756130411
TCGA-CJ-4903-01A	0.027793761104795	0.0243419493720544	6.61728437380383	7.39906171555216	7.87557929346357	9	1426	CJ	0.627671498268569	0.547017277708839	70.72.0	TCGA-CJ-4903	1560	0	75	15	0	999.325777083024	1818.79232200262	2818.11809908565	-0.266719267064694	-0.23553751041214	-0.266542401617002	-0.278671633979184	-0.612429887799266	0.0127102583977337	-0.473486793863599	-0.53074326213338	-0.378552883167317	-0.630247461460162	-0.63133760682117	-0.247046393742204	0.949922023402589	0.824439007548403	-0.139186451432469	-0.50574522508178	-0.308701239922778	-0.704209698089864	0.402433027620722	-0.144215037055197	-0.920852565770921	-0.90462647119326	0.120041586011013	-0.27014472218341	0.276775017494596	0.149679778110487	0.208683268028363	0.621036850176507	0.277458224531942	-0.114587615606499	0.120454227756957	0.0367922614169868
TCGA-CJ-4904-01A	-0.0603594727868422	0.0541009280942399	2.20180106520027	6.07596444029511	7.91373522737321	7.9	1426	CJ	-1.36310881337618	1.21576714975868	70.72.0	TCGA-CJ-4904	3302	0	85	10	0	964.745611796334	1554.14572167008	2518.89133346642	-0.186614734794543	-0.151705038918425	-0.194586048739006	-0.185120629989199	-0.205503789820773	0.00828124782602074	0.194762711635481	0.031770639636982	1.24140147055977	1.08548029290458	-1.18614951648138	-0.603732219488703	0.170033465822731	-0.143084500582694	0.659183831876212	0.127012444725631	0.550807971002797	0.146561195143047	0.566110393687542	0.202342050293285	-0.684678906084513	-0.569306029589337	-1.24268328960752	-0.364946721181136	0.316168975498532	0.286442139749262	-0.709555848774978	-0.490836211752113	0.882272747897965	0.216283933700182	-0.31820675611038	-0.198164667841413
TCGA-CJ-4905-01A	-0.0445370157212307	0.0542554087830938	2.61177361154678	6.03718881226777	7.86114371064304	8.9	1426	CJ	-1.00578742404651	1.21923867147553	70.72.0	TCGA-CJ-4905	1496	0	85	10	0	1364.84923261296	1274.3699740231	2639.21920663606	-0.268390949000365	-0.249992732098448	-0.259686853990716	-0.255389809151365	-0.291594813589871	0.0111423737482486	1.41712755136344	1.26932923373574	1.91530738507236	1.79994065895165	-1.13417363674824	-0.681248415169186	-0.374019239845592	-0.690676426232601	0.810362759378556	0.361962153026627	0.719441577767195	0.36998858410133	1.28229903199568	1.20192034930828	-0.719805391229908	-0.630095865239675	-0.719958228845747	0.22611183530849	-0.538403603720974	-0.636283478411172	-0.215963218234512	-0.00595685293859882	0.745039171819182	0.133257792168499	-0.825958170921326	-0.732035803434553
TCGA-CJ-4907-01A	-0.00967685092767153	0.0306110225804168	4.58192540631728	9.41250769023258	7.8499323706512	8.5	1426	CJ	-0.218534062280809	0.687897176347227	70.72.0	TCGA-CJ-4907	1499	0	82.5	27.5	0	1295.81599150696	1304.71408143661	2600.53007294356	-0.0872480940835629	-0.0656490707864073	-0.0751156522274911	-0.0754649137734473	-0.396242187045273	0.0128849982056316	1.51221926980823	1.66080075348952	1.07148588611768	1.44640532565157	-0.918361525035004	-0.991982939041057	0.0219415711149564	0.209358525551359	0.736190259769684	1.0860652919154	0.362342175134589	0.730842515114947	0.740137584340758	1.57334796191252	-0.557192119304537	-0.507211838375717	-0.369002727757205	-0.11295934352091	-0.643449849559692	-0.397013036978798	-0.197214160720289	-0.342061881378666	0.419462689398956	0.905053278322787	-0.481846105644592	-0.404493757904447
TCGA-CJ-4908-01A	0.0329446494691851	0.0334570697101634	7.13867590686711	6.09736839935768	7.84855148769879	8	1426	CJ	0.743994935204678	0.751854131040936	70.72.0	TCGA-CJ-4908	1531	0	80	27.5	0	1287.50312943208	1503.32576296923	2790.82889240131	-0.206810033158038	-0.207883616153869	-0.203289505376671	-0.206829505053232	-0.335378991206209	0.0158167391848374	1.27178067041309	1.13487349406126	1.88616334212407	1.53590706276422	-1.05588339433474	-0.566081021108825	-0.473240066462959	-0.859061104186335	1.06764155114958	0.549770705212591	0.597296378688031	-0.00815279943295488	1.36981641272937	0.577603810906229	-0.312191351724912	-0.310971776120609	0.810825635547604	0.579451618214007	0.680185400522439	0.353579823655833	-0.872458812640264	-0.340776579039645	0.746935356180739	0.0329309467697387	-0.0109406824065212	-0.144144512283386
TCGA-CJ-4912-01A	0.0491781390725069	-0.0677221647266187	7.91261834731444	9.19887320583129	7.69236561647974	7.4	1426	CJ	1.11059874614721	-1.52186637245388	70.72.0	TCGA-CJ-4912	1657	0	85	12.5	0	268.371865388366	1180.41119060307	1448.78305599143	-0.341841502399055	-0.332325009620424	-0.333718021381995	-0.329215783533818	-1.26719296470332	0.0120544517359008	-0.759924253425774	-0.649639700888238	-0.72591324831221	-0.634894511694374	0.57527290526424	0.272928363209575	-1.01266060574069	-0.848199275595057	-1.04433452803218	-0.785700905646386	-1.89119456258493	-1.85431980349374	-0.633929999976387	-0.624061172319133	-0.693192925867609	-0.750461597218887	1.32898111026227	0.875430105544586	-0.426736316396928	-0.44379345024845	0.354870585203477	0.309976000912885	-1.8614338397751	-1.7545665169909	-1.09642862339782	-1.21744471527474
TCGA-CJ-4916-01A	0.0465189942541513	-0.000113762831895244	6.81164074880958	7.82217823693589	7.85914666474108	7.7	1426	CJ	1.05054680118168	-0.00255650168590135	70.72.0	TCGA-CJ-4916	1373	0	85	10	0	941.815435560873	2781.99671979221	3723.81215535308	-0.220702325731818	-0.201756256682811	-0.224871237237842	-0.231917685224468	-0.300330841378701	0.0116444747794982	-0.887001558779229	-0.904744440039638	-0.162132220781117	-0.309795198198145	0.0412860900701862	0.385408285131887	0.473842275457584	0.406328317056716	-0.478725167670878	-0.752278192020842	-1.07645124405315	-1.44471143195665	0.0530293008719221	-0.441679517997648	-0.382211728729598	-0.374221162115049	0.764330175787254	0.722502633458754	0.0582223232624775	-0.0145470497927331	-0.445601101754073	-0.158974798294079	-0.397737242948063	-0.759203846121657	1.51140881021096	1.45042176235596
TCGA-CJ-4918-01A	-0.0363551847344715	-0.00125220407938937	3.4890922911252	7.11935333285098	7.7982899346061	7.5	1426	CJ	-0.821015665568903	-0.028139786841799	70.72.0	TCGA-CJ-4918	93	1	85	10	0	1738.85856851618	1912.00132665942	3650.8598951756	-0.329621249047075	-0.360053666645638	-0.33029282165667	-0.318594813236004	0.0844402816438383	0.0102168160122854	1.59337982749245	1.54464742501583	1.40900309237703	1.44912941745431	-1.04124956769447	-0.934111796586344	-1.50149086594732	-1.67925756642313	0.598908717107743	0.469725496024684	0.250968678562574	0.143434617263252	0.440163091359748	0.499528647733429	0.00780201044564219	0.0495329412416551	-0.663342807790479	-0.193297888119696	0.491078319040397	0.509150539528551	0.285693908454246	0.340645886140176	0.160588226043926	-0.0964085884906445	0.194252747832374	0.272342992464802
TCGA-CJ-4920-01A	0.0134171328586858	0.00928151353430281	6.08140771025879	6.73141713387322	7.72927339024622	7.8	1426	CJ	0.303001520813492	0.208576075356596	70.72.0	TCGA-CJ-4920	139	1	85	10	0	1098.67450836641	1407.81018564775	2506.48469401416	0.28531795081147	0.314287021396449	0.276339902316491	0.292575745926029	0.370991532746647	0.0131573871147586	0.206298245625891	0.11708441545419	0.78177926689875	0.571196657646056	-0.340156744165272	-0.254942421361871	-0.255001657432465	-0.451893637266155	0.039450833775426	-0.229177330578806	0.181155992855017	-0.121344885897963	0.699902823859129	0.376261520343823	0.639825736689768	0.619427486176082	0.42216742187318	0.236596601106287	1.51898125844229	1.35809983969049	-0.150676641620395	0.0422367283619917	0.244325626032552	-0.0881453517369005	-0.228234082041893	-0.306877493088317
TCGA-CJ-4923-01A	0.0441446552264106	-0.0537518968051613	6.3898738066482	7.50439554119061	7.76875423544722	7.5	1426	CJ	0.996926676531387	-1.20792364706016	70.72.0	TCGA-CJ-4923	572	1	85	10	12.5	1198.55996028021	2314.95924159173	3513.51920187195	0.440276209216647	0.462893372243436	0.47653707759094	0.481073070750646	0.727699967263748	0.0144633299780533	1.11751305316045	1.10700207879074	0.277528155111638	0.168061251154478	1.50579923732645	1.78159748214147	-0.956257566016168	-1.07668985860119	-0.274466117799445	-0.436347547350827	-0.809161512205051	-1.07497758604834	0.120904785612178	-0.221984265706577	1.49575747987213	1.48667802249973	1.41515779748342	1.86711823815384	0.187916457049234	0.0816461866845321	0.583676129947825	0.802126308799077	-0.842367047520411	-1.23723406296029	1.02081711592125	0.971347040943871
TCGA-CJ-5671-01A	-0.0638953761772537	-0.0418889311315611	1.86040557490143	6.06757318347458	7.74548617662165	8	1541	CJ	-1.44296075462388	-0.941336649891556	90.68.0	TCGA-CJ-5671	3650	0	75	45	0	1855.74566649779	2525.73938617207	4381.48505266986	-0.0590521290824335	-0.0549450654883199	-0.0840314528960461	-0.0557251920169638	0.0291074552818545	0.00776825343280181	1.71153724741421	1.57895879204335	0.709885100449302	0.620796775821544	-0.00370126134626838	0.204370856054215	-1.48005494573512	-1.74291397103002	0.0245208123756353	-0.298382132631821	-0.989792430022145	-1.36441967102427	-0.098023619447058	-0.270479626242864	0.52791480834335	0.59109034478714	-0.565205553639656	0.656314934794033	0.580608823940477	0.546812605633901	0.538321014510026	0.527968911082612	-0.664565789765483	-1.33114486344803	1.11518797752822	1.26301302401664
TCGA-CJ-5672-01A	-0.0300340926431968	-0.0204446463220241	2.11380956559334	6.51784633318083	7.60292308599463	7.6	1541	CJ	-0.678265307721886	-0.459436284410026	90.68.0	TCGA-CJ-5672	1972	1	80	7.5	0	930.962284496119	2531.70484689555	3462.66713139166	-0.0376574774488382	-0.082389368220437	-0.0632570261640455	-0.0540835079051326	-0.120905298417719	0.00901216537935958	-0.3791642562957	-0.497293542041307	-0.353268519449202	-0.399624833357432	1.09957336162923	0.92483549101312	0.5406248368039	0.510257947908795	-0.494643398262316	-0.548760665124276	-1.28624754848591	-1.43626780265594	-0.421091320407466	-0.260192287502601	-0.170383123944925	-0.172910443513222	-0.612241182850402	0.212780776796871	-1.14435239979842	-1.21152151146408	-0.584694661217385	-0.973727097812215	-0.826992351100058	-1.09771869961488	1.42297451093186	1.55436054768184
TCGA-CJ-5675-01A	-0.0327336819231148	-0.00427978671814271	2.26546889169969	6.00548483288081	7.7834736936221	8.4	1541	CJ	-0.739230617225953	-0.096176244718534	90.68.0	TCGA-CJ-5675	3650	0	85	12	0	494.664256903163	2553.13425607369	3047.79851297685	0.111060110164592	0.18523889110747	0.0942914892393812	0.102427843816557	-0.18713420988708	0.012689444299735	-1.64488764741937	-1.83310247208285	-1.06736000904864	-1.34782670862409	1.195824811739	1.64911335453099	0.936484240594158	0.732645076171227	-0.546307249207542	-1.0286779009794	-1.12572604798374	-1.6160572983487	-0.156564369663777	-0.553831960444224	-0.281137163784384	-0.2145655994504	-0.800461379103695	0.109466303934677	-0.540268243285581	-0.630072896055493	0.115886082856204	0.176989420738726	-0.128419595957902	-0.797306277195689	1.51439596349709	1.63360081921202
TCGA-CJ-5676-01A	-0.0423361643520339	-0.0539209445972377	2.01699430528622	6.90787390714787	7.67376524530153	7.8	1541	CJ	-0.956085202344245	-1.21172252370767	90.68.0	TCGA-CJ-5676	3650	0	85	19	0	1294.35697852906	2032.62879843151	3326.98577696057	-0.379941548867955	-0.382596572862459	-0.360357916436589	-0.378779767409697	-0.983435150582159	0.00773999791665831	0.333237707131739	0.25406792125919	0.145464031535352	0.193732902841581	1.13866283127144	1.11647909396482	-0.527788588460261	-0.574903821034349	-1.3497235295183	-1.51161547435868	-1.58644448536428	-1.74338311537832	-1.59044161820964	-1.81683866256349	-0.75276634835046	-0.731264295252575	-0.7047794081696	0.240024064734879	0.190350683773979	0.242772661103975	0.80046263554493	0.570498179601937	-1.69949924331811	-2.1717528007604	0.0228625313601452	0.15653101997416
TCGA-CJ-5677-01A	-0.0539829005218829	-0.0675024642671102	1.97706040534415	6.24878573985061	7.66606119770693	8.9	1541	CJ	-1.21910553680365	-1.5169292186773	90.68.0	TCGA-CJ-5677	782	1	80	20	0	1510.56465715447	1837.69244370516	3348.25710085963	0.584520440917029	0.511233272242215	0.575617821409979	0.580990427441567	0.749820825886452	0.0091447028829427	0.706942574188578	0.578554871048802	-0.854470851737131	-0.995168866541722	1.40611390368073	1.48278617524294	-0.412383800816294	-0.554666755197599	-1.03656222385204	-1.31796994029067	-1.60593870324976	-1.91987839559299	-1.26694442700831	-1.63799291663909	1.34935778215851	1.37829992031007	-0.821573242694342	0.0317092292222908	-0.581394792474476	-0.648408653404826	0.476118730010741	0.30152201522392	-1.22295363696653	-1.80840620536622	0.161927350607438	0.287259677003663
TCGA-CJ-5678-01A	-0.0253793883711978	-0.0424012649803862	2.05127734662943	7.29756845928477	7.67191754209647	9.1	1541	CJ	-0.573147285249618	-0.952849921198584	90.68.0	TCGA-CJ-5678	574	1	85	5	0	603.973793694728	2527.15549791826	3131.12929161299	-0.0774672550757846	-0.0803722544755875	-0.0756484265018306	-0.0945318596202104	0.0875376030158126	0.0103593687916225	-1.66337376017606	-1.73530738532516	-1.24173964347303	-1.21622802219474	2.29516343582305	2.30294785306149	0.678840009225631	0.743381339821544	-1.52377241093444	-1.62318897501471	-1.22650394748351	-1.22312813149147	-2.21528013723878	-2.50059477811958	0.0484424690048103	0.0636045559288533	-1.06504760705274	-0.395551370175122	-0.4460468465519	-0.355892626640281	1.97526196124395	1.77546335324843	-1.0211014225379	-1.18780872712908	0.998153336851157	1.14909529054192
TCGA-CJ-5679-01A	-0.0445234241378382	-0.0697999917813946	2.68486721845983	6.89694521825191	7.69640472642698	8.5	1541	CJ	-1.00548048287796	-1.56855972809606	90.68.0	TCGA-CJ-5679	679	1	85	10	3	509.199453299475	563.620450470219	1072.81990376969	0.553277537108224	0.619247065193524	0.563882621884074	0.569585472115767	0.440919596929626	0.00875237116963141	-0.178528360642547	-0.261814715434383	-1.43887835106636	-1.55525662705175	1.20246970304559	1.23981721824952	-0.104552619785193	-0.166401592173544	-1.30909019578253	-1.53965145613135	-1.76293971410274	-2.01502664624399	-1.54921475272594	-1.94130447252472	0.779971391884162	0.801739657208368	-0.999057045366949	-0.557389184858071	-1.10341445517964	-1.14074311319817	-0.267856771499364	-0.483881737672936	-1.53698245267131	-2.05658299874761	-1.59745767560451	-1.498613511901
TCGA-CJ-5680-01A	-0.0369112817432134	0.0147323888870408	2.60147719296733	6.44623402634217	7.76541410881767	9.2	1541	CJ	-0.83357410418193	0.33106926400845	90.68.0	TCGA-CJ-5680	768	1	85	15	0	571.957657410399	1035.17453777225	1607.13219518264	0.244466407552847	0.329090337063839	0.237027223523403	0.228615801446847	-0.192307737439816	0.0117928715954129	-0.155184609222796	-0.284002836903203	-0.468330221028979	-0.633851123811536	0.961098671252633	1.27942164098268	1.23442364679759	1.12678772395189	0.49923481046879	0.267512246296597	-0.740000139096168	-1.07523229729682	0.773223810418658	0.874577808010969	-0.387344942914041	-0.324732897740128	-0.160309319064462	1.00149301816568	-1.20980408252118	-1.28384790380646	-0.666012457925774	-0.732025806259876	0.298126351054385	-0.0762681750187882	-0.715980049468491	-0.616014138607862
TCGA-CJ-5681-01A		0.00869512499872732	4.42771397626231	4.99786677223124	7.75322125658475	8.8	1541	CJ		0.195398631943686	90.68.0	TCGA-CJ-5681	552	1	85	11	13.5	-174.39730914755	328.28724488346	153.88993573591	0.0751007631680055	-0.0561910125677286	0.0898207111828212	0.0967423938638008	1.70310615328471	0.0265697286023873	-0.560333563708738	-0.81253723603991	-1.35140519584499	-1.97141353173785	0.171429426150311	0.619470090471348	0.154032619852628	-0.262693330257145	2.17454689102799	1.72433599623974	1.48071953635959	0.96114393706285	1.56245164025351	1.04012970405097	1.6318325085687	1.63703350466179	-0.383923712215669	-0.370186204292276	-1.77804805733158	-2.20520558433565	-2.1508745574104	-1.97546852463408	1.09257516712229	0.336500336851853	-1.09829414124653	-1.13434445793522
TCGA-CJ-5682-01A	-0.032102651067762	-0.00138088772549315	2.2843541036451	6.06063691586727	7.65126362775516	8	1541	CJ	-0.724979934098196	-0.0310315921241708	90.68.0	TCGA-CJ-5682	3650	0	85	12	0	1238.54105400861	1353.22912640916	2591.77018041777	-0.228148717830311	-0.214630729782767	-0.234507670802284	-0.21432306599883	-0.0963215884215757	0.0129386623042752	1.86212089461823	1.72969431895738	0.379246753756369	0.260600731989807	0.933976233316829	0.966002092984065	0.129986222456463	-0.0261597857122025	-0.0527901427095169	-0.239601696986467	-0.634800059904999	-0.900436104252703	-0.505812669553312	-0.710437251033635	-0.0266156056831418	-0.0226937879011933	-0.823421234111514	-0.148746389744269	-0.889682543186374	-1.02585551743678	0.622449070409344	0.495013567666351	-0.174009756014885	-0.559684413419175	-0.68522627606954	-0.591814996097637
TCGA-CJ-5683-01A	-0.0175321374882879	0.0163162356675403	2.89310457072548	6.76570587624577	7.72039600796767	8.1	1541	CJ	-0.395931409341563	0.366661793634338	90.68.0	TCGA-CJ-5683	1889	0	85	8	0	604.046292836333	1084.56148513439	1688.60777797072	0.394775911067777	0.416858156551358	0.408391149662691	0.404373644537962	0.7445495882471	0.0112767469176169	-0.422881047655621	-0.524858298641657	0.406680680485239	0.366306486624011	1.12200599704719	1.26240122364743	0.818146640015423	0.750363005404587	-0.43923184267019	-0.639748004247607	0.278915136590688	0.224070956796865	-0.333319435818347	-0.429962710113837	0.482992917734405	0.505181082189992	-0.441663108677557	0.332409898584682	0.845924585409248	0.857829480399	0.524804675836959	0.457710962720563	-0.3018867104821	-0.626251665899526	-0.912260808705318	-0.826205374453509
TCGA-CJ-5684-01A	-0.0277294722971695	0.0261822580200621	2.6683654181609	6.88960043715783	7.75048559186393	8.4	1541	CJ	-0.626219652580898	0.588373071009966	90.68.0	TCGA-CJ-5684	2231	0	85	14	0	808.791807568455	1671.68243935043	2480.47424691889	0.0988905797233276	0.173511352691548	0.0851024148298584	0.0877362927296007	-0.250232613983247	0.0115691762770925	-0.507433914282859	-0.601715099766516	0.644694532325782	0.645526146787259	0.292077500661743	0.414543237890925	0.953710246603201	0.897050396149499	-0.350521025389601	-0.550668488398928	0.513734187448316	0.483218656136191	-0.254162540843649	-0.295171734714713	-0.492564615304097	-0.449266956671739	-0.811609061351499	-0.153647693167371	-0.582732160846921	-0.577418207524842	0.678694769222904	0.644797528848732	-0.0888130251556453	-0.372307866313986	-0.149555449401368	-0.0467177628966502
TCGA-CJ-5686-01A	-0.0268555407736374	0.0211100409334103	3.71652504977285	6.7603100592689	7.84588822061305	9	1672	CJ	-0.606483500043237	0.474389168559087	105.71.0	TCGA-CJ-5686	2038	0	85	10	20	946.333021106139	2002.48795090791	2948.82097201405	0.1041837968428	0.178555780080039	0.104302851786915	0.112603846054124	-0.504731400266785	0.0116563926266484	-0.494217738477151	-0.60226361560269	-0.25312180068365	-0.435324483347864	-0.721756911642889	-0.386658556464291	0.662800457707884	0.487684715961842	0.400516729216065	0.0626396205462384	-0.703601410394052	-1.11188262242037	0.378525031892043	0.123715004174637	-0.67426861302595	-0.612661383524007	-0.733434340799904	-0.369570696295906	-0.342843132520882	-0.398507236752448	-0.689976392917247	-0.562574762628479	0.737530580319536	0.373058694452699	0.419635518472228	0.478680707492351
TCGA-CJ-6027-01A	-0.0458132964217109	-0.0636728572054746	2.87846027057003	7.9569457143104	7.79397630252584	7.8	1672	CJ	-1.03460990030156	-1.43086950351104	105.71.0	TCGA-CJ-6027	3615	1	80	12.5	0	550.181788152093	2541.37745756084	3091.55924571294	0.446390460579259	0.479000448499522	0.43524727652655	0.442626069818698	1.20718529290259	0.00911000329096007	-0.671946667569948	-0.67073896418932	-1.53786525878805	-1.50110753104804	0.227824773246316	0.301407048879043	-0.785792974883237	-0.77565645792193	-0.336189276681879	-0.335970412008137	-0.699860052048333	-0.642768645567409	-0.436016139651945	-0.217219485955262	1.96006677320588	2.02197898218148	-0.711893553465035	0.0192986993623875	-0.827737798527474	-0.689043947876728	0.215531663405009	0.0706000584937049	-0.00924491277523489	0.0249076577708757	1.4813115236469	1.63189239782599
TCGA-CJ-6028-01A	-0.042002052194279	0.00106920047324935	3.45729411017457	9.41470340626164	7.68573195119572	8.6	1672	CJ	-0.948539887485379	0.0240272922789546	105.71.0	TCGA-CJ-6028	1625	1	67.5	17.5	0	1126.91039079986	2481.82423011119	3608.73462091105	0.00300541001879476	-0.00214212984357521	-0.018470784925933	-0.0112935757908411	1.0738073327029	0.00994110589855434	-0.116216208001259	0.00828369263755136	-0.335759422573417	0.062709653393848	-2.1698516228165	-2.89246902945067	-0.577402322831764	-0.306315939650245	0.543141443775188	1.16601412041548	1.46136878630089	2.26431163099214	0.383649602246305	1.64276213790036	1.01128910743462	1.00500381204098	-1.20875800858228	-1.28064016054016	-0.306386473080004	-0.00250146331095429	-1.05672223892833	-1.64142457650803	1.09273544419154	2.11528649394895	1.31904645876055	1.45085336944734
TCGA-CJ-6030-01A	-0.0384313665365573	-0.00853176999571182	2.93758768196892	7.24177241856064	7.82385579070478	8.3	1672	CJ	-0.867902452048776	-0.191727684819285	105.71.0	TCGA-CJ-6030	2299	1	80	17.5	4	1139.67880491284	2654.2460340192	3793.92483893204	-0.0157041423515209	0.0300235670096816	-0.0275795526171197	-0.0179347959691602	0.0595091949649917	0.00996060283251944	-0.441229089172841	-0.503327849642201	-0.199329801510779	-0.220403115904698	-0.17788785632599	0.0610089159006117	-0.128609147967295	-0.229761265820899	0.373207082787995	0.226953192551344	-0.443956167598646	-0.604070776267092	0.0333176497389537	0.0476388132534371	0.315473504821422	0.384982587290314	-0.733757108928952	0.0113873404828013	-0.243102054757378	-0.187642713543512	0.238368638245832	0.249658403333494	0.572905121149407	0.424073332830541	1.73930240337862	1.86613782093975
TCGA-CJ-6031-01A	-0.0618015341089472	-0.0344029310278564	2.09874424909119	8.29890569602386	7.81600087300667	7.8	1672	CJ	-1.39567514318049	-0.773109720525011	105.71.0	TCGA-CJ-6031	1906	0	79	15	0	1681.3694802932	2360.45875755883	4041.82823785202	-0.0521316516786373	-0.0400937800817458	-0.0461863635960344	-0.0393868561763145	0.180415172662163	0.00748919188822195	1.67069128701008	1.72733555024028	0.413560578597868	0.691447154741837	0.0162125483757606	0.0580851089754842	-0.891127317203182	-0.837634308188355	-0.168177412478772	-0.0850180470331	-0.353442630601436	-0.162369753778218	-1.01659230917509	-0.771756475417925	0.255337407514062	0.318673762128375	-1.35358714235366	-0.627319374115475	-0.397919180573018	-0.163227223584436	0.628991993426429	0.428237807337113	-0.692596343984336	-0.712334619066399	0.688237704003408	0.875880945007349
TCGA-CJ-6032-01A	-0.0290528924553405	0.0600950018546024	3.21507899702851	5.71416927428979	7.85621372552613	9.2	1672	CJ	-0.656106687674348	1.35046720441181	105.71.0	TCGA-CJ-6032	3639	0	80	10	0	480.684812067789	1199.81194546067	1680.49675752846	0.105984809038446	0.169070641187239	0.0859592340482473	0.077427630465195	-0.413636144112796	0.0125636463116972	-1.03505311067772	-1.24055273571345	0.119572587921895	-0.223184805391265	-0.802237982723175	-0.271134435324271	1.54005173866266	1.24974423038994	0.107232321142823	-0.53288215071969	1.04894729265923	0.611812900144558	0.482053258190007	-0.11418031678298	-0.939605903738765	-0.863496354047458	-0.769987516899249	-0.186034463454283	1.61697960848426	1.57153770703606	-1.95457127309632	-1.79904172006381	0.760507698346668	0.0127059047950375	-0.695278067619941	-0.644187662178414
TCGA-CJ-6033-01A	-0.0424744991163135	-0.0437558957969891	2.66953706876777	7.60267741699183	7.81890622596143	8.4	1672	CJ	-0.959209241168303	-0.983291462682083	105.71.0	TCGA-CJ-6033	224	1	77.5	20	0	994.010354801593	1455.81328035656	2449.82363515815	0.45812651776321	0.487773640421715	0.484692904687114	0.483947537206555	0.328329019123868	0.0120600245691578	0.68535760449209	0.673142640762338	0.424846136649866	0.534801070358707	1.15888735367062	1.45248215181154	-1.08961474807932	-1.16272082319811	-0.579963713485536	-0.745069147031788	-0.918825168590784	-1.01612205822594	-1.2204249965213	-1.45515848583998	0.715834867145229	0.7836366237734	-0.764278303759215	0.0901115919237358	-0.249618183522382	-0.133586607886693	0.898315369670078	0.870342804069397	-0.708818675704739	-1.01736693939245	-0.47470594626311	-0.343224685143235
TCGA-CW-5580-01A	-0.0284670416843107	0.0352078390695919	3.75823813672788	6.62336121306967	7.89464705836402	8.9	1672	CW	-0.642876314504357	0.791197779088701	105.71.0	TCGA-CW-5580	1964	1	85	5	0	990.067722759283	1361.22555829661	2351.29328105589	0.19613927069122	0.238802614835533	0.181170657621889	0.19066236770187	0.547867926747377	0.0134266882222261	0.0155054211019886	-0.10084814114297	0.213981588806187	0.0114862943091453	-1.10304617840937	-0.636889543673735	0.188442800294836	-0.0562436948753296	0.412771364096028	-0.0353123720009549	0.0799385844470359	-0.322455082382976	0.899437396002729	0.661880616495602	0.381196426481032	0.470294103341763	-0.822901788277889	-0.451151657597881	0.332652731037448	0.298180243851743	-0.0328477888305719	0.255140146814045	1.26041732623953	0.876377534512055	-0.392479299542802	-0.340361548355228
TCGA-CW-5581-01A	-0.0493578425209149	0.0417066075353515	2.47954232250239	6.16196209238458	7.80347016477242	8.6	1541	CW	-1.11465702139398	0.937239436651306	90.68.0	TCGA-CW-5581	2799	0	85	5	0	392.355260713621	1081.72360602926	1474.07886674288	0.0486260086690946	0.115240122810886	0.0302949452023158	0.0313572455088143	-0.320501398809694	0.0121970497175121	-0.730117394086406	-0.890920049224793	0.0436182060586078	-0.150881226282738	-0.445598096034854	-0.122876943999211	1.30396158017164	1.11931244088202	0.0652258795172034	-0.356785028289687	1.03025403644167	0.804129007813533	0.651950808913719	0.546624725976553	-0.9420298072785	-0.868250625569234	-1.15705213753389	-0.55542054718832	-1.00883227351787	-1.1114638294662	-0.713618244334425	-0.675785398180041	0.459644380583187	-0.0626607673469166	-0.939441835451922	-0.845940248926487
TCGA-CW-5583-01A	-0.0126141187671404	0.0766047210084949	3.80120156825665	5.7901401049203	7.83297579008595	7.8	1541	CW	-0.284866909377829	1.72147699862607	90.68.0	TCGA-CW-5583	2489	0	90	15	0	825.318300649225	844.688697363353	1670.00699801258	-0.0985177649952019	-0.0649226902330533	-0.102563097495456	-0.105496138907473	-0.27983600605506	0.0162172289863601	0.61341861368119	0.435406214127778	1.10535115912301	0.817778215701019	-0.902358468858195	-0.44906825744043	0.974594633563217	0.667423948482707	0.687812703680947	0.171490502132188	1.39086541951979	1.01070991799831	1.69328884748274	1.50316441670569	-1.01734406646254	-0.962141310619967	-0.378951201862654	0.145860080154243	-0.0591724573618155	-0.248949147388931	-0.509748311399109	-0.226865803672935	1.25106559199691	0.689299031640414	-1.1065208160801	-1.09111430931856
TCGA-CW-5584-01A	-0.0477605354108459	0.034028685840138	2.43786205891037	5.97361362244363	7.78185957846905	9.3	1541	CW	-1.07858474808085	0.764699605926038	90.68.0	TCGA-CW-5584	164	1	87.5	15	0	988.451076325372	1387.8789455125	2376.33002183787	-0.0351445219428021	0.0124256559946711	-0.0618854821952149	-0.0484551220950641	-0.0325445137489802	0.0114016432432924	0.130804305922038	-0.0289448863360699	0.558982283951746	0.376921174010855	0.0603225866097473	0.405800588295956	0.903608088354767	0.689620600690116	0.210060533597774	-0.204839414574782	-0.52507244839054	-0.978409783353392	0.671584558754634	0.538421733312604	-0.312176009785709	-0.248947662625169	-0.836289015766434	-0.0493361732510692	-0.467314327866383	-0.577099437716905	-0.875149311553863	-0.868975896563874	0.517595317376582	-0.0154780548290195	-0.142244934158798	-0.0389509334476968
TCGA-CW-5585-01A	-0.0194969445428559	0.0634459491321356	3.06821690446623	5.1823893234007	7.84369854429814	8.5	1541	CW	-0.440302999897425	1.4257703787585	90.68.0	TCGA-CW-5585	2609	0	85	12.5	0	359.089454605537	519.115363353899	878.204817959436	-0.0339545454318788	0.0466436045121546	-0.0154689990447789	-0.0256227875816423	-0.193310554410095	0.0135579489200038	-0.503280670211036	-0.747024946880344	0.570764547047726	0.169837418633287	0.519019930910124	1.23945864097924	1.75688166109066	1.41282405736627	-0.214259832209428	-0.985143452430734	1.10444936698371	0.558327180649065	0.906205860776347	0.28873765540402	-0.819517666665155	-0.751410912248725	-0.214530999083398	0.798587080380297	-0.926145003698836	-1.17497399832434	-0.472397869877887	-0.15551414487953	0.476499385405613	-0.484379476122042	-1.62279882772403	-1.5836622702753
TCGA-CW-5587-01A	-0.0448686241708076	0.0454605300240804	2.5628195079969	6.1182766440703	7.80191899340335	9	1541	CW	-1.01327619721397	1.02159835257576	90.68.0	TCGA-CW-5587	2226	0	90	7.5	0	1220.70744825656	2488.60877359751	3709.31622185408	-0.142431953720123	-0.125585534988963	-0.16392652418247	-0.155851377051459	0.134300654718794	0.0111672391771333	-0.293701626339273	-0.457453262594354	0.0673208423591811	-0.138703823892938	-0.513741044140313	-0.188682250278362	1.32387082838367	1.12784876568319	0.484450816141177	0.10986221657182	-0.573780324586398	-1.02184131024465	0.792438685601038	0.708600180191022	-0.356731648961245	-0.295819726673482	-0.971087107732848	-0.289285469681201	-1.2890020963688	-1.40785173936935	-1.09075625538577	-1.07385213216641	0.92699882882041	0.506451238335753	1.37249505994057	1.48209449359952
TCGA-CW-5588-01A	-0.0718204999759075	-0.010071152633715	2.00692607085425	7.30864264453519	7.73898265651526	9.3	1541	CW	-1.62193524857269	-0.226321007117434	90.68.0	TCGA-CW-5588	2017	0	85	10	0	1457.85057147621	1786.69025323885	3244.54082471506	0.296775733800057	0.356271430834026	0.275552393052966	0.307461945493586	0.284882780241285	0.00917018856137319	0.908782232259803	0.86553360529979	0.0998343858016918	0.190121170890339	-0.952749922303093	-1.07746093617548	-0.67271604709862	-0.724393666272376	0.0659850620919567	0.0490625623943181	-0.430611071693464	-0.43527160351553	-0.34316197891599	-0.0881194913064158	0.36511507216518	0.42108217589329	-1.66352742695697	-1.28694988500811	-1.01299630440177	-0.948706770630657	1.39557095272448	1.27578455727935	0.216016541394262	0.200450014426918	0.109209655530711	0.26215635581494
TCGA-CW-5589-01A	-0.0393291516928281	0.03826256714831	2.41687721732437	7.54090719595102	7.75412980308842	8.6	1541	CW	-0.88817729545824	0.859844254858611	90.68.0	TCGA-CW-5589	2378	0	85	9	0	1029.52636014746	1581.34877086623	2610.87513101369	0.136492786323729	0.179272139559452	0.134551972661921	0.136909650815749	-0.0861801628931194	0.0121727054555827	0.467115371523177	0.442762478807635	1.00277303489848	1.16880670825593	-0.00275944882988901	-0.00370100064896452	0.869000365371435	0.907880896612225	0.314659854111696	0.356060123307357	0.776411108817056	0.955731419998269	0.386348085060478	0.87685618047677	-0.345606255793701	-0.294933707593743	-0.797207956505965	-4.69269349651579e-05	-0.283332016484522	-0.17567919508355	0.5125171170743	0.347865288926273	0.410121962109102	0.477998961970582	-0.101347943213083	0.0413189637369372
TCGA-CW-5590-01A	-0.0266348284545384	0.00508383184814695	3.12946949234442	7.56309382666038	7.7972116330734	8.7	1541	CW	-0.601499114105224	0.114244911752856	90.68.0	TCGA-CW-5590	1075	1	85	10	0	1095.97871082103	1607.18505042035	2703.16376124138	0.0623281730576153	0.130315028062113	0.053264791453124	0.0528588540257494	-0.271005998920261	0.0107119678811197	0.0455043761620916	0.0199713880663787	0.517642641341763	0.603230947886734	0.0844963798731857	0.231784243490102	-0.0526084006275325	-0.0821642464216098	-0.0964845187379127	-0.177721714995021	0.287425368988271	0.335086430563592	0.219276299703389	0.45421258203536	-0.34040410001528	-0.281358291695795	-0.46577953714107	0.326791958487099	-0.703415512771379	-0.628292318099954	1.19370994581379	1.21493190593911	0.0160579522664881	-0.101998137012304	-0.240107340287045	-0.138390743109278
TCGA-CW-5591-01A	-0.0772993881221925	0.028228212561459	2.04200636888588	6.06465180450777	7.73101689274987	8.8	1541	CW	-1.74566596348595	0.634350180995899	90.68.0	TCGA-CW-5591	2271	0	90	6.5	0	671.026485934798	259.153206789851	930.179692724649	-0.81651105449747	-0.96180513703249	-0.783881118607344	-0.77773021683269	-0.479674968527309	0.00947066590974035	1.22597334789043	1.08221532843453	-0.471457836387107	-0.668777575214916	-0.466207280016039	-0.353373913124509	0.275574442684881	0.0707953140425286	2.71608544023159	2.73528264077107	1.27534039848851	1.16165091119847	1.18399827427958	1.4527214290704	-0.5414403490571	-0.481364953327415	-0.973633338362038	-0.191274896348093	-0.832119765926699	-0.934422647337253	-1.33760555052103	-1.49982204552051	1.17372537517432	0.945706425435686	-1.17134909472137	-1.0523795558357
TCGA-CW-6087-01A	-0.0737444733373225	-0.0586693359111446	2.66262143421495	6.37628658557339	7.89251677108869	9.4	1672	CW	-1.66538468450311	-1.31842934699158	105.71.0	TCGA-CW-6087	41	1	82.5	13.5	5.5	975.379635968642	3187.49506569553	4162.87470166417	-0.262239619323543	-0.443078041121448	-0.303561413362093	-0.260251076808186	2.84712770657356	0.00830795491121464	-0.0367807671388699	-0.177130277354649	-1.81626364583393	-2.12712915004872	-0.761647414188781	-0.247701813800729	-2.25785055233116	-2.6122998865186	2.20399621335432	1.97578064242251	-0.573443258636471	-1.03055394536581	1.34563377522539	1.34867350803459	3.70514203232328	3.80850186071343	-0.769284045244138	0.174713739513864	-0.966826143152912	-1.00362448513695	-0.800031598576145	-0.642110810566083	1.07219605285544	0.598621886835554	3.50010785326072	3.64789966871408
TCGA-CW-6088-01A	0.00554593700785141	0.0832345811343893	5.22601069211838	5.61152808275353	7.85490716899781	9.3	1672	CW	0.125244891394733	1.87046457485613	105.71.0	TCGA-CW-6088	3222	0	80	12.5	0	910.493110983076	922.77410266729	1833.26721365037	-0.103094871572252	-0.0630422113167972	-0.0944780665132149	-0.0974638196873744	-0.153695211414094	0.0176247043645849	0.34228696435979	0.139910160018488	1.33854684490079	0.949513856136756	-1.36173305196489	-0.842412552262531	0.964580481647472	0.594194998026022	1.18901772665637	0.609506661239131	1.72998631088171	1.23706523971463	1.94989529347391	1.47824300279324	-0.616972336100537	-0.576023403914272	-0.129167321437563	-0.0897630577259244	0.135295028484554	-0.155163645325019	-1.35548038379052	-0.955961532405492	1.6540069534227	1.03236399084847	-0.717833497492462	-0.770665923863055
TCGA-CW-6090-01A	-0.0449441172142874	-0.0243843195215208	2.5466566137069	8.9801392581004	7.83984692156991	7	1672	CW	-1.01498107017201	-0.547969428395827	105.71.0	TCGA-CW-6090	2780	0	85	10	0	1365.44288808084	2138.75305730366	3504.1959453845	0.207556884461901	0.325385926953408	0.222598334903871	0.237321641555516	-0.780908144216606	0.0119908226294168	0.571293046587741	0.67209632409918	-0.0982550523572491	0.240720192891505	-0.795471789010649	-0.866728954131047	-1.72852182909832	-1.63324670034191	-0.169256888386195	0.030518896966804	-0.578540053467226	-0.285962496077224	-0.774089348947383	-0.291756167225347	-0.559592599469407	-0.475934353975692	-1.24115969553942	-0.598140805390967	0.404446960445656	0.738573321589625	2.76395473841575	2.7219654693613	0.203724525565005	0.577941497215134	0.39213933178784	0.572090040553457
TCGA-CW-6093-01A	-0.0225790480164693	0.0686639449316792	4.07074385594978	6.17808174006422	7.79108120603403	9	1672	CW	-0.509906696130099	1.54303025033803	105.71.0	TCGA-CW-6093	3146	0	85	10	0	840.416913264845	1109.74625351715	1950.16316678199	0.103523008372545	0.159486399669383	0.0922577808176309	0.100733737536197	0.0809116051141299	0.0127027531435398	0.0903768931307426	-0.0589278135139028	1.46515062104721	1.29575293302306	-1.28595218928786	-1.06289106350134	0.0426481873458092	-0.226571165330691	1.17454957968661	0.882287356332617	1.2567687003877	1.01006653133071	1.65237211430134	1.65726275864926	-0.24579912270361	-0.20852148103333	-0.35869304786595	-0.0157636797800637	1.7138190878736	1.64086625753922	-0.30862999590717	-0.116859450286141	1.43560184922014	1.13049865788238	-0.823530215966696	-0.805847613919531
TCGA-CW-6097-01A	-0.0619442714053383	-0.0150788972836961	3.0727029919495	7.02615093777753	7.71523342583303	9.5	1672	CW	-1.39889860517783	-0.338856071751106	105.71.0	TCGA-CW-6097	571	1	80	17.5	0	1519.06210571551	2515.55695585947	4034.61906157498	0.205111075660308	0.166753168667141	0.188419221199363	0.195045794251502	1.5869279452682	0.0100856805483825	1.6262621526559	1.57019060245832	-0.197005623298756	-0.228793404313819	-0.854926935324967	-0.970556896261044	-0.973767420516858	-1.09067648347574	1.0137373165341	1.08070464249787	-0.485547127707082	-0.590927471886375	0.974377703740458	1.45312538588762	2.07756345014003	2.11407580108097	-0.725710677855957	-0.262561212895179	0.143118403749122	0.146248341097146	-0.178657805216261	-0.324969389534787	1.01252265617566	1.10075251125435	1.49254120174052	1.59998140940876
TCGA-CZ-4853-01A	0.00769840992477996	0.0351369161457805	4.95828464291703	7.32290015214617	7.90380347300706	9.2	1426	CZ	0.173854573821556	0.789603984601766	70.72.0	TCGA-CZ-4853	774	0	90	7.5	0	175.397571110281	1211.76781463253	1387.16538574281	0.0899215047501778	0.16672528239578	0.0784256669301425	0.0891538079337147	-0.316688020228486	0.0118335632974286	-1.50829160392133	-1.58300623418011	-0.748237053614497	-0.957149264878291	-0.0541447053961559	0.458995341471096	1.64793214195874	1.56263008456893	-0.890352457919349	-1.3759491784439	0.900110835972916	0.700685921610638	0.0907047838030399	-0.373666082920253	-0.838066928129658	-0.786938146796572	-0.324051816228143	-0.159463186681641	-1.21574666242509	-1.29069014938222	0.22068129299152	0.548587026394129	0.149001979653836	-0.300369452031172	-0.733640242739804	-0.733601210545538
TCGA-CZ-4854-01A	0.0312044633673693	-0.0319655478376603	7.23311487687739	8.46762989075166	7.81766803468718	9	1305	CZ	0.704695999962537	-0.718336345679156	65.72.0	TCGA-CZ-4854	1404	1	90	10	0	635.056363909841	1338.38596097056	1973.4423248804	0.269417053850033	0.245965326888783	0.221470257325899	0.227568256990856	0.300841852181495	0.013356144748734	0.0580794214904488	0.11005955733417	-0.705646920514144	-0.776683086177616	-0.0390348947802485	0.0752837255256971	-0.233682085537657	-0.215729645711589	-0.226523261197741	-0.271188389792629	-0.722642214577217	-0.86127789125144	0.361407290711031	0.256026535667843	0.692518267445016	0.692305868559457	0.83495621041531	0.556476007442748	-0.546459301138367	-0.598392964935483	0.763613317015726	1.01977074187576	0.212238061073364	0.289437216373561	-0.174690083168621	-0.256653440180823
TCGA-CZ-4856-01A	-0.0608380101111194	0.0317293225494325	1.92417805127323	6.648284013662	7.89085716786204	8.8	1426	CZ	-1.37391570770668	0.713027842563103	70.72.0	TCGA-CZ-4856	18	0	85	15	0	947.707587478323	1762.95288213923	2710.66046961756	0.0577799023931068	0.119725958011197	0.045812903978285	0.0669290079952424	-0.467333785794748	0.00795250579274029	-0.355984591575331	-0.472163431271098	0.686941374451308	0.631246043895326	-0.431059051484235	0.0621921025660175	0.711043500666085	0.534965807857299	-0.312807388873183	-0.787449600986236	0.299870427193663	0.0483479382527906	-0.655893816830249	-1.11028796414232	-0.752808074198188	-0.641477473830242	-1.53820687812097	-0.754980529470274	-0.629992430843144	-0.610139261853665	-0.373841637980195	-0.293976962511398	0.0418441923191897	-0.559949841291818	-0.140764707145226	0.0119203893126096
TCGA-CZ-4857-01A	0.0160652159087274	-0.0350553972714291	6.42937858683456	7.97352648360764	7.6877997891151	9.3	1305	CZ	0.362803655878706	-0.787772075741548	65.72.0	TCGA-CZ-4857	1432	1	90	10	0	960.497447048079	1738.67264478018	2699.17009182826	0.449514890458255	0.421427777674616	0.413338199668998	0.437424678725927	1.26958031327359	0.0148022742863539	0.630678129203152	0.654190541504935	-0.563031218765437	-0.619568823859681	-0.647587054133799	-0.918563372946428	-0.818245499408595	-0.815557398441105	-0.068132568989772	0.0246014113829073	0.526495525796053	0.644765499069912	0.529911032690921	0.708767909733857	1.92383229952809	1.88425342007978	0.37011039124784	-0.0967722343225554	-0.442897227110276	-0.536834187182999	0.761275609677538	0.798085701410354	0.314721522352101	0.531643753767594	0.303118613329743	0.242292198814781
TCGA-CZ-4858-01A	-0.0232748935249186	-0.084204987780838	4.24974824125371	10.0398726200859	7.68727238416106	9.2	1305	CZ	-0.52562110020823	-1.89227175200112	65.72.0	TCGA-CZ-4858	2105	1	90	10	12.5	600.024506229176	2162.10275906085	2762.12726529003	1.24395591903245	1.12231334109397	1.27057490922257	1.29425937123589	2.5843547934618	0.0227786825123331	0.0900196232000586	0.289132972837178	-1.45404657339449	-1.04173585895337	0.178927754685477	-0.392275271980369	-2.81298248453954	-2.5423839978023	-0.470516783864671	0.160180697860847	-1.24338923816118	-0.674396633488054	-0.198406052406981	0.964793625997057	4.23958429297497	4.23905883271738	-0.0210152394757194	0.360417314492851	-1.10392023326486	-0.787642658909959	0.333014984554116	-0.181609544000458	-0.216821633542475	0.694404772134394	0.785390413524101	0.896953613931869
TCGA-CZ-4859-01A	-0.0411850362443275	0.0659060529557805	1.96656348088569	5.92519987283803	7.89286550347985	8.6	1426	CZ	-0.93008906956686	1.48105433633818	70.72.0	TCGA-CZ-4859	1787	0	90	5	0	119.221918060161	696.778004647524	815.999922707685	0.389749651524624	0.476898815341998	0.367811920124644	0.36670915533015	0.0925007947003385	0.0124067782125132	-1.38067185397632	-1.57492137961111	-0.141399710634703	-0.407351554556651	0.405520582228665	1.11511111291992	2.0845761728062	1.86146327564772	-0.368857544676734	-1.03213318169234	1.19297739409059	0.860737021404692	-0.189450143669391	-0.789892418517974	-0.560522097667338	-0.455547028863649	-1.03243938198577	0.0545860101760349	0.790019132281565	0.768161226836218	-0.0890876613793448	0.134161687439111	0.796752805479908	0.108349433506157	-1.64334768916927	-1.5229546641685
TCGA-CZ-4860-01A	-0.0643349913286716	-0.0725431174604654	2.06030132192015	9.82569951490411	7.80092987166878	8.5	1305	CZ	-1.45288866253499	-1.6302038108457	65.72.0	TCGA-CZ-4860	206	1	85	15	0	647.403892050767	1391.66286701647	2039.06675906724	0.860181241114512	0.866460031462141	0.838929344316094	0.830747019213023	1.69452088835226	0.0146614887165582	-0.0418716312586577	0.120950693428288	-2.61937109338736	-2.24994116214694	-0.517240479558229	-0.834844217762545	-1.9774594184444	-1.71705142261298	-0.0695975570210654	0.466794625484206	-0.870096001428804	-0.30507774305077	-0.57976958247109	0.518233765163598	2.54923932017535	2.62308225450904	-1.40657092467521	-0.71148063816704	-1.3755056777032	-0.955234671742494	3.31289848040987	3.07786488931618	0.43090956656557	1.27118880687091	-0.562789576407618	-0.350391935726512
TCGA-CZ-4861-01A	-0.036046284198262	-0.0179435057189501	3.60730395514762	8.62623475067188	7.80648720327825	8.4	1305	CZ	-0.814039709286933	-0.403230139908251	65.72.0	TCGA-CZ-4861	446	1	85	7.5	10	722.694851224976	2500.78408956368	3223.47894078865	0.388548571735476	0.409456811159448	0.387213851192499	0.39570965055073	0.989315663691471	0.00951432504119112	-1.08868993115365	-1.0430426415158	-1.55418835025239	-1.44578851206892	-1.08457357382997	-1.21270549988007	-0.747642805470242	-0.667340592078892	-0.136722631138575	-0.000834296332332208	-0.426936942924839	-0.250445818281238	-0.398031716065633	-0.0257868880782612	1.09363701511172	1.13099833267326	-1.17377291111984	-1.07717175315123	1.09490420497278	1.34840187088992	1.18788048854978	1.11977330700704	0.567458366615409	0.932613280012617	1.19830221888455	1.30820711128886
TCGA-CZ-4862-01A	0.0203713151870155	0.0259672839553511	6.53553574045883	6.55883293082315	7.63499139811634	9	1305	CZ	0.460049069175073	0.583542129746435	65.72.0	TCGA-CZ-4862	3271	0	80	10	0	964.231616504957	2615.29206709438	3579.52368359934	0.00745844539090369	-0.0691041317397134	-0.00381917501617857	-0.00445639285762118	1.02348594751385	0.017239610484586	0.0833807869648945	-0.0252376571000555	0.0302704404335992	-0.253926474560633	-0.85016396444793	-1.06312437879598	0.373527971402841	0.221566344853628	2.20293940976129	2.32937625548838	1.35054133467404	1.24373556889352	1.47629808280157	1.49232814837272	0.922687792710429	0.858863587499822	0.522006912300536	0.00216667387769344	-0.666193517154584	-0.980222610734492	-1.21699845733176	-1.20856321128483	1.48855626398338	1.57157175497193	1.97767553379462	1.88667640478565
TCGA-CZ-4863-01A	0.00615468504085455	0.0335666380188771	5.15401654717184	6.40188437822624	7.81760140723525	9.3	1503	CZ	0.138992357543789	0.754316372541797	82.75.0	TCGA-CZ-4863	1928	0	90	10	0	911.995537439219	2336.62902377185	3248.62456121107	0.20253922025671	0.208027123473679	0.184852841626166	0.199785494614671	0.866836418028479	0.0137819299200769	-0.148214407373149	-0.277584649128032	0.119451568887938	-0.171764850082944	-0.0556479765793981	0.35338852618473	1.06777657361501	0.853265348092998	0.725432478869117	0.355867871558587	-0.262506308718102	-0.756617966601569	0.507177201667669	-0.0372212601368805	0.589394238098819	0.613658203286012	0.224269683364046	0.51705292291793	-0.141456895363371	-0.324826662374732	-0.831567654443227	-0.585025387712082	0.901468581633469	0.461186201149751	1.32900607036877	1.31787446133931
TCGA-CZ-4864-01A	0.0492285945052251	0.040915243018749	7.47706616134799	6.5370435844937	7.87200707133979	8.5	1503	CZ	1.11173819024514	0.919455730961564	82.75.0	TCGA-CZ-4864	1315	1	90	7.5	0	819.677102988304	2469.51779581589	3289.19489880419	-0.366178194061878	-0.414576320754708	-0.392889041692469	-0.379905508707971	0.0814702537641353	0.0167999317024832	-0.988987055269545	-1.12420701407114	-0.165797622933933	-0.61449107166341	-0.534183376458241	0.015612573175986	0.751694466627995	0.466354120612946	0.559771624385349	0.0441561353122124	-0.0831828557316301	-0.725676588940989	1.1971457774342	0.42773014085872	-0.282299550800802	-0.288875249832526	0.816951310831857	0.475621238578343	-0.422422023471229	-0.732450812473653	-1.16330652463373	-0.656859042641154	1.16288502717345	0.655172266613313	1.54901887351077	1.4171070807715
TCGA-CZ-4865-01A	-0.0472438520135889	-0.00145826124755658	3.18844430284905	7.46218126132362	7.96016616989267	8.6	1503	CZ	-1.06691639413394	-0.0327703457777493	82.75.0	TCGA-CZ-4865	166	1	80	10	0	1230.82279784314	1900.2877806982	3131.11057854133	0.399721738196829	0.435251757445638	0.417978360228174	0.418011058637508	0.224879717641817	0.0107263743756441	0.761143999626711	0.727013110533724	0.379678906939719	0.370481231799862	0.140539575522448	0.775386404775638	0.117017006662755	-0.024586658036582	0.312077986296544	-0.0337438668539711	1.00118829026787	0.908128186605734	-0.402895951070125	-0.795087574002956	0.224674886156818	0.331684825515065	-1.02774460929868	-0.387759525773056	-0.199739646655118	-0.0960683501080652	0.0327720929685319	0.244771788952148	0.179693076531871	-0.277292390147443	0.478859260299637	0.596242553457066
TCGA-CZ-4866-01A	0.0154865087610551	0.0172677909661241	5.95048766918181	6.76703776586526	7.99947668570627	9.3	1503	CZ	0.349734608437856	0.388045339424567	82.75.0	TCGA-CZ-4866	3267	0	85	10	0	282.257078203312	1296.42909620884	1578.68617441216	0.295131561511269	0.365683186618319	0.303485653335741	0.306832011713051	0.0412232103549569	0.0145345811514916	-1.36466407462498	-1.48157865393511	-1.52042983445143	-1.97997641647111	-0.0240717957055444	0.867013568951932	1.24389935492639	0.984251828953087	0.737300721516024	0.128706438459678	-0.244468536783032	-0.905535005204813	0.357242638739608	-0.612180490439593	-0.277277388950322	-0.18389851139382	0.0870797756874335	0.211891901512255	-1.66950397337833	-1.87434079511538	-1.04582885013063	-0.489775867828646	0.978330181965094	0.300895938469331	-0.286064034481581	-0.328315780424475
TCGA-CZ-5451-01A	-0.0366489347728524	0.046998474720378	2.63238570021032	7.15065216063441	7.68059121853219	8.7	1503	CZ	-0.827649475437665	1.05615936115305	82.75.0	TCGA-CZ-5451	1929	0	85	9	0	489.861793110983	1473.03852889351	1962.9003220045	0.042607932121516	0.127169769290169	0.0408957879112525	0.0510915315873663	-0.302329796969597	0.0109047575741897	-1.18745030603241	-1.26581295130671	0.493586477109113	0.554997359831675	0.303929702801092	0.185058825845636	1.26876913350247	1.30408131724225	-0.402370011874624	-0.423457460002914	0.558961369845876	0.688175130678988	0.128700163690427	0.490106880325207	-0.695494550018943	-0.687871345910016	-0.771077440093572	-0.190839154845079	0.0994436947398496	0.13085047805656	0.121220632854035	-0.116250806622613	0.234875863859771	0.265368573651438	-0.522417680253989	-0.417047315219749
TCGA-CZ-5452-01A	-0.0175570200094364	-0.0356754105019538	3.49614842173352	7.79035537604827	7.77329523906121	8.8	1503	CZ	-0.396493335785096	-0.801705140194244	82.75.0	TCGA-CZ-5452	1789	0	85	15	0	507.67977519339	2706.39740465851	3214.0771798519	0.230020215158519	0.294525899955272	0.208947837295689	0.215382675546738	-0.1507920940191	0.0101446887335056	-1.52911984835564	-1.55725383560536	-1.24124313116398	-1.24192360574927	1.35893767917142	1.53998155941583	0.543920540154586	0.596931005435023	-0.663809413711394	-0.723268512422776	-1.41146256052013	-1.50826662982616	-0.372161860163948	-0.262818975102391	-0.00393599894097259	0.0447644161796899	0.163718758124139	1.17615647246853	-0.967420170303883	-0.902679212181566	0.55448464433829	0.481525263417697	-0.689938574727197	-0.846635634921248	1.70175884461275	1.81362861388837
TCGA-CZ-5453-01A	-0.0225520419584457	0.0415500315275992	3.18357254405215	8.35770287628161	7.85124249973971	8.8	1503	CZ	-0.509296813471969	0.933720828498523	82.75.0	TCGA-CZ-5453	2419	1	90	5	0	363.833852639333	473.833775619191	837.667628258524	0.291551482600709	0.393803326001802	0.29282148707923	0.295444431909212	-0.466792104798791	0.00959155803279456	-0.898826575331358	-0.875310327518415	0.162189862919423	0.344267356780146	0.254713614550641	0.445486314630326	0.906973673912869	1.01496490101677	-0.69662075817657	-0.741816712314801	0.741871661782201	0.975166217535004	-0.120241414934324	0.197204147004133	-0.792345127165534	-0.721629762197146	-0.607728014183022	0.154379132953881	1.88721680426037	2.17786980359506	-0.0920539378121656	-0.197899336642934	0.031499052747448	0.0997592729968198	-1.82546800667712	-1.71244465150111
TCGA-CZ-5454-01A	-0.0508676330269499	-0.0018293278484418	1.9797646011799	8.28908766439447	7.91420171066558	7.4	1503	CZ	-1.14875289152187	-0.0411090305216235	82.75.0	TCGA-CZ-5454	722	1	90	10	0	893.545729864949	2239.09606219001	3132.64179205496	0.0328085925090047	0.104389126716885	0.0375054893562526	0.0311332428709746	-0.59436978905334	0.00945452069830122	-0.995214240044393	-0.982575133377252	-0.602866235537292	-0.433055524069668	-0.821111180667572	-0.576762092975074	-0.608541215296577	-0.595366694059683	-0.60634501577169	-0.737512292400549	0.258854206442477	0.432179752684128	-0.590623098073779	-0.381737086029341	-0.776115052692941	-0.659556698574638	-1.51815220603239	-0.658760416232106	-0.113930500951933	0.157825023908655	1.43607654454319	1.47213203795485	0.137231171688229	0.125363754732793	0.507719436529279	0.70718028469795
TCGA-CZ-5455-01A	-0.0258504192864719	0.0446827597811255	3.62272547192628	6.21780043509435	7.94931747829027	9.5	1503	CZ	-0.583784660997582	1.00412014019099	82.75.0	TCGA-CZ-5455	561	1	90	5	0	994.731334546179	2300.47415024564	3295.20548479182	-0.037513602334521	-0.038181341140551	-0.0401933827893374	-0.0325346886000435	0.891587398369432	0.0128220456337294	-0.538931315797147	-0.699086864441455	0.100224831877898	-0.203271601312097	-1.28059781955446	-0.605206721200246	0.472364050963444	0.151912395618591	0.794032285086279	0.215848574679826	-0.0660680054879463	-0.646165125486279	0.814387730221927	0.285613386345015	0.512060167317609	0.605668407127925	-0.821982996664048	-0.286571108962399	-0.0640479447922416	-0.150809232403956	-1.31021782174441	-0.97967233414769	1.43865404627106	0.845107788683353	1.26200391849176	1.33151032526672
TCGA-CZ-5456-01A	-0.0611170731299905	-0.0472547199325387	2.26894034379176	10.6820749621331	7.77643469380765	9.2	1503	CZ	-1.38021783797633	-1.06191775610489	82.75.0	TCGA-CZ-5456	2422	0	87.5	12.5	0	884.097050923378	1937.36588662673	2821.46293755011	0.52291535168455	0.5910188580174	0.48827874253708	0.52057492730119	0.638168655417163	0.0103247071512728	-0.179716043587358	0.0634797208932297	-1.42892470250045	-0.813845448315564	-0.190902552075538	-0.65709728332386	-0.530907056190992	-0.0694209959192126	-0.277821306622128	0.453876882300326	-1.08681816502776	-0.331988186614826	-0.188957329305732	1.42522671785901	1.10034486198373	1.18591503494715	-0.821381933302146	0.137141128195405	0.766153852541712	1.37496384223284	-0.0595159941161241	-0.722214399920507	-0.0150221994186121	1.04997767200685	0.347650879315612	0.585372581784207
TCGA-CZ-5457-01A	-0.044256578183508	0.0302510525797062	2.3735486220812	8.42074807922921	7.87750199471249	8.6	1503	CZ	-0.999454252770785	0.679807856677881	82.75.0	TCGA-CZ-5457	2754	0	87.5	12.5	0	850.911988295238	1536.94401440571	2387.85600270095	-0.211000541616301	-0.179202747683482	-0.206323072043888	-0.212240261554018	-0.510580150376786	0.0105354798056665	-0.404406457077689	-0.371259546233005	0.175922383398093	0.41696062874129	-0.181048865614839	0.00733634210692089	0.699257052545951	0.795287890033679	0.348058721011479	0.43509528120454	0.986323947129769	1.2980756003762	-0.469760460580352	-0.160468472089487	-0.803656841019795	-0.715511554905168	-1.28759427045148	-0.544303428030722	-0.885459763877097	-0.650381089992203	1.90531655049634	1.92469425204214	0.422481471687919	0.57128381138982	-0.314812196577139	-0.146372412237119
TCGA-CZ-5458-01A	-0.0276157605569217	0.0241109967816897	3.22619611951208	6.55280797871706	7.82970729259245	8.5	1503	CZ	-0.623651679930382	0.541827263740355	82.75.0	TCGA-CZ-5458	2789	0	90	5	0	814.545977016174	1738.12017775285	2552.66615476902	0.136343381121188	0.156567478235602	0.138087656948181	0.128563454071809	-0.199344296056756	0.0141836644927216	-0.148068113197339	-0.269065145184273	0.697599790337312	0.572334419804338	0.00807174073853198	0.402595636832633	0.344492165081285	0.148961876887237	0.0074861971853651	-0.394855364673778	0.599231049651327	0.35831415277622	0.0527759589909061	-0.274845430827373	-0.344408851399092	-0.289318510418115	-0.77782134612277	-0.231464732652431	-0.956941511021557	-1.04889449634506	0.20902055156591	0.365518496753553	0.237037835275385	-0.269815319350996	-0.105411338783093	-0.0335728467401295
TCGA-CZ-5459-01A	-0.0168879961585627	-0.0161663713174892	3.04104027232409	9.24566371739004	7.6866029095181	8.5	1503	CZ	-0.381384650016659	-0.36329401122967	82.75.0	TCGA-CZ-5459	1683	0	90	5	0	581.639627661997	1456.71201421623	2038.35164187823	0.298610554004044	0.374458497786407	0.290634181959675	0.283350130302684	0.742290496061242	0.0129577008457993	-0.66024122711079	-0.544400640112226	-0.377919078653841	0.0189120777091023	0.773243611446489	0.380828978231594	0.328511263820007	0.643819164835635	-1.16302952468674	-0.785107386736466	0.0787748920966369	0.675828817977619	-0.758494865708197	0.0954611011110019	0.89666488666937	0.903108334491338	-0.370293227459607	0.354245378914163	0.302786409600103	0.610875384015064	1.60628929878107	1.21479235176331	-0.806037060756544	-0.276090474359549	-0.559956072230792	-0.421087138630256
TCGA-CZ-5460-01A	-0.00187368285653283	-0.0127198732201756	3.74547204361817	7.8574640776162	7.81897167839434	8.3	1503	CZ	-0.0423137164274322	-0.285843599267776	82.75.0	TCGA-CZ-5460	2873	0	90	10	0	548.266124228045	2004.64273510142	2552.90885932947	0.135393351080252	0.199096269770492	0.128549830256062	0.131203915266	-0.103652170395387	0.0104055850306336	-1.17837864912676	-1.19323700108993	-0.258831957004878	-0.213282664515997	1.20613324215457	1.48547480518939	0.259293785162591	0.269981672449897	-0.738833191507528	-0.889811592023163	0.287713638180351	0.367397489320349	-0.457399259849015	-0.488814447487582	-0.174124861704224	-0.118545418651329	0.0612007347183729	0.966187777883131	0.921412654516979	1.06537327602416	1.22001763453726	1.28590640299233	-0.622255255257891	-0.835131058344232	0.19384565839771	0.279517488231596
TCGA-CZ-5461-01A	-0.0610943895772568	0.0199557226148773	2.16592434920917	7.14768492895262	7.89601188584917	9.1	1503	CZ	-1.37970557123141	0.448449090607142	82.75.0	TCGA-CZ-5461	330	1	87.5	12.5	0	1200.94369705907	1746.51034909197	2947.45404615104	0.22466159218424	0.323378235052492	0.225952972909658	0.237195985036173	-0.318178655801719	0.00969691016132537	0.415189725325993	0.350330174566789	0.371453755618157	0.377890026976876	-0.222970812909692	0.229229715367854	-0.0968732339418065	-0.238783413870811	0.48488256015056	0.22791673836069	0.477982783571852	0.354503988891197	0.161705636572254	0.15925153870635	-0.30651162731027	-0.189062300672436	-1.11793142878837	-0.14462528212775	0.0319872012821626	0.145146751815719	0.874444717914058	1.01399556424061	0.886156605292552	0.656660183378817	0.17830564777889	0.333828324201576
TCGA-CZ-5462-01A	-0.0457370096999608	-0.00857313889939478	3.06301467848239	6.29268568290807	7.84632627937878	8.7	1503	CZ	-1.03288710356461	-0.192657335305717	82.75.0	TCGA-CZ-5462	311	1	90	10	0	416.201889449926	1872.08526019586	2288.28714964578	-0.100708670797614	-0.0118076922538049	-0.128112957382804	-0.12420275858201	-0.8422505865017	0.0126286173851313	-1.48285535679337	-1.64327700227348	-1.7036429646519	-2.03868133259499	-0.178952089226334	0.278689011288211	0.700810651010051	0.473339009171945	-0.0325512319675479	-0.510015253886837	-0.743490165200478	-1.23120221620545	-0.377507867775919	-0.990618048478665	-0.827659953361808	-0.743694813117603	-0.891957222907551	-0.325380295684999	0.55790421717482	0.516958262853933	-1.23930094427556	-1.14484430289285	0.532410495305199	-0.0226957917345331	0.41894576973561	0.503478830902834
TCGA-CZ-5463-01A	-0.0119726723686852	0.0623094672882509	4.25505728297666	7.15787731711481	7.9825464839733	8.6	1503	CZ	-0.270381010169755	1.4002311257223	82.75.0	TCGA-CZ-5463	662	0	85	15	0	438.830747884829	1321.8701041605	1760.70085204533	-0.12536610923608	-0.0867296311331172	-0.121265577420347	-0.124612873558586	-0.106655902730338	0.0142409072253874	-1.52209961951709	-1.61583319139722	-0.689571058943561	-0.923522890193431	-1.49930049612441	-0.889713154616905	1.08119641369798	0.897967280250053	0.508206703285174	0.050629408987116	-0.188347960821978	-0.634695570070377	1.00050373381584	0.737587368139493	-0.625761004046675	-0.528594571032171	-0.87942470137745	-0.61544732809685	-0.842306426762043	-0.873844267512358	-0.220027307291908	0.171453968460909	1.77494584162988	1.51605737736607	-0.37724853196889	-0.335250471122674
TCGA-CZ-5464-01A	-0.0206186800919723	-0.0195123719715355	3.05965787528256	7.89361943623986	7.85703809580726	7.8	1503	CZ	-0.465635355245816	-0.438486024039035	82.75.0	TCGA-CZ-5464	2128	0	80	32.5	0	1235.56942095216	2287.55587918446	3523.12530013661	0.425083742990588	0.363043157574509	0.405690566156535	0.409576061833713	1.23286729116256	0.0104557397687208	0.508433491346742	0.512819497267503	0.0397686957521222	0.14557780235247	0.262055864900261	0.546533812740001	-0.00530101420959947	0.000768180800733732	-0.20996236616049	-0.330051073741461	-0.00674359549920513	0.0214200931232778	-0.246773838578253	-0.152493358056051	1.40070990654231	1.47655500986317	-0.290297544922127	0.767108184366386	-0.428939531388133	-0.273595408393479	0.40343485083257	0.403058041405302	-0.0904741282867267	-0.22327863809631	0.956582538251362	1.09165444400007
TCGA-CZ-5465-01A	-0.00673864004967513	0.038238860221381	3.73973912870061	7.26893659384995	7.96054751672525	8.6	1503	CZ	-0.152179918375368	0.859311507935457	82.75.0	TCGA-CZ-5465	2564	1	85	27.5	0	462.632583080631	868.071653724395	1330.70423680503	0.347148847734069	0.431023547941499	0.361804283118772	0.360081948144667	-0.395375061718756	0.0134748176776635	-1.0836239433028	-1.15840917727132	-0.296980501085142	-0.432462326507119	-0.62005686676081	-0.0101021384417656	0.497783104269545	0.339178666317069	-0.48092029997867	-0.973686144085678	0.925951139448822	0.738866508621539	0.300996474557746	-0.0132575598580074	-0.74969648270052	-0.644622518379744	-0.482692725120216	0.270996733189463	0.842944805368675	0.951628187997005	1.72231311315264	2.16943927541302	0.632340077285466	0.209790281878247	-1.12089119452371	-1.05566700637842
TCGA-CZ-5466-01A	-0.0393233259784438	-0.0298269168957895	2.6191654977368	8.24371186151835	7.67411517583112	8.9	1503	CZ	-0.888045732304112	-0.670276592618085	82.75.0	TCGA-CZ-5466	685	0	75	10	0	940.640389560377	2347.79998121958	3288.44037077996	0.411497484579889	0.490516763644091	0.374161585177394	0.396382869956509	0.10801953876975	0.0100397628970716	-0.0183491962413428	0.0139790008368204	-0.964220817743896	-0.771968919772309	0.566012234037786	0.262926170649794	0.157601678979847	0.32237536577476	-0.687183803720501	-0.470115945365494	-0.0653292050101445	0.295071697199	-0.406008558665666	0.246250391645732	0.364599833420627	0.387674459124231	-0.580545777330432	0.157268762782318	0.227667766091916	0.443229147617717	1.20531092780498	0.884876055176899	-0.658319544528228	-0.422305882431662	0.787792702951591	0.944874569095617
TCGA-CZ-5467-01A	-0.0420593334456385	0.0278752294015845	2.6923550288393	7.61798222116155	7.80988137066836	8.3	1503	CZ	-0.949833480271471	0.626417871046505	82.75.0	TCGA-CZ-5467	73	1	85	12.5	0	776.043298730734	1081.45941422462	1857.50271295536	0.102385441900288	0.201117467808995	0.123668299302854	0.113864798379983	-1.12409007579835	0.0111013391784588	-0.0616394042712761	-0.0879722495702558	0.732606622276471	0.862643874345246	-0.620294977702371	-0.528013922362626	-0.481630180666058	-0.527723234591794	0.237190338457456	0.188639299909322	0.125597142005912	0.157600101578683	0.246487514378056	0.563553908785167	-1.36420177864579	-1.2989242551732	-0.835810762318299	-0.0724279887427927	0.719214975106322	0.878110784669517	1.00989814549054	1.00074788188835	0.637618039378258	0.672879604452808	-0.997408645491074	-0.874788123391056
TCGA-CZ-5468-01A	-0.0402544794321651	-0.0860848281763776	3.04066868982982	6.33372972499756	7.81088452552604	8.2	1503	CZ	-0.90907413796722	-1.93451591083894	82.75.0	TCGA-CZ-5468	59	1	90	5	0	679.677839156281	1526.67823899813	2206.35607815441	1.26915178836694	1.34240144437979	1.225851266907	1.21846745367571	1.49515010406335	0.0109406933572586	-0.00921533062999988	-0.13180956604652	-0.868747527129062	-1.10689108908357	1.11572345507373	1.5823612711707	-1.37577518695801	-1.64503659024357	-0.789099881066338	-1.28359310302104	-1.5053063727143	-2.01932694959896	-1.04191220248759	-1.80167786853558	2.42584438270311	2.49417079513398	-0.313226678546609	0.625394842928503	-0.311254563986017	-0.376156768588835	-0.500424243301012	-0.423614745549486	-0.903835360287488	-1.71654518988385	-0.10994574942849	-0.0161820139336024
TCGA-CZ-5469-01A	-0.0125390756244257	-0.0889420758207862	3.47269744167895	8.81419311120525	7.76665688326822	8.9	1503	CZ	-0.283172196609561	-1.99872456579485	82.75.0	TCGA-CZ-5469	946	1	82.5	10	12.5	224.565625901322	996.361105824782	1220.9267317261	0.442797192322574	0.414588476160098	0.462479669969901	0.453304159462146	0.92502256761917	0.0113714884974675	-0.0970182718097019	-0.00965206809487843	-1.13071806878814	-0.916754880059869	2.47148388994789	2.57977604388571	-1.07788599645241	-0.925732526225532	-1.03468862200272	-0.85537269306454	-1.52146378781675	-1.36004355955353	-1.51357535098639	-1.36277820969871	2.00870133956955	2.05744224519395	0.388354938677047	1.58905484251859	-0.95149728503159	-0.728584235796693	2.35481611957486	2.24526699157842	-1.52349272239829	-1.49098868473325	-1.07774366073623	-0.968395846443675
TCGA-CZ-5470-01A	-0.0159948398442769	-0.0188198562778407	3.66063702112115	8.04982462334693	7.86430931271533	8.3	1503	CZ	-0.361214340576996	-0.422923669367043	82.75.0	TCGA-CZ-5470	386	0	90	5	0	743.777121290437	2156.86913633158	2900.64625762202	0.391358046981868	0.4121934538323	0.384384887912911	0.379609278420545	0.87672480676569	0.010796782452934	-0.976978453379471	-0.978649638644032	-0.905675491814947	-0.884480526688604	1.535796293754	1.93826770666498	0.704181471759545	0.738284579585447	-0.663864757986211	-0.834672474232292	-1.08834708871783	-1.21379279997701	-0.752572207415708	-0.89103607817279	0.958312803077198	1.02313522149333	-0.469022065438131	0.185139342649763	-0.712298791399897	-0.581139318017262	0.64141143229044	0.699383413607147	-0.367748843213709	-0.557080402008327	0.655586908953195	0.757008447959337
TCGA-CZ-5982-01A	-0.0327954472158714	0.0597465875104195	3.41145410782104	5.59899044394394	7.76936352888262	9.1	1672	CZ	-0.740625473924165	1.34263756582549	105.71.0	TCGA-CZ-5982	2439	0	85	10	0	566.085240168807	817.206829222881	1383.29206939169	0.125294117762783	0.189730727029428	0.110598799558173	0.112603348511309	-0.784726639144282	0.010779007091691	-0.59752933798851	-0.807130714506	0.610781550628269	0.301795823546965	-1.16856928421766	-0.917171279115477	0.460378566596782	0.146109666489654	0.60675117081084	0.153997173269573	1.21943828933583	0.886174685204826	1.18427158622626	0.936779142206505	-1.00800759083221	-0.964635779191981	-0.583041106332963	-0.111905321838462	0.245512228216894	0.0660091385045773	-1.28365603124337	-1.17506573003674	1.28057006918957	0.79204378084207	-1.20618764907846	-1.18233071249709
TCGA-CZ-5984-01A	-0.0311094661761368	-0.0162627213126579	3.37752487033293	7.12302367919015	7.83748927773822	9.2	1672	CZ	-0.702550661333218	-0.365459208078076	105.71.0	TCGA-CZ-5984	2067	0	80	12.5	0	583.036285409436	1759.84199794019	2342.87828334962	0.440003358330633	0.427050207033378	0.390555439420289	0.399339279945403	0.976247024032878	0.0112864217464635	-0.811636465771224	-0.888245306570884	-0.856339275096724	-0.988296462320325	-0.18943664736417	0.121172745089348	0.397456034290189	0.289534739179454	-0.555693017984741	-0.899652273515019	-0.573189956989269	-0.833591102000079	0.0556979225906623	-0.0814626195270259	1.02731041750305	1.09866695961591	-0.708944956279245	-0.149741619116614	-1.02144910435211	-1.02403497265589	0.272490754125093	0.378627660773781	0.237195600878225	-0.0777017889643737	0.347789835817695	0.434896892485035
TCGA-CZ-5985-01A	-0.026794435929675	0.00639052693055183	4.31864155865741	6.55152803270971	7.82033870376306	9.3	1672	CZ	-0.605103558378748	0.143609231588031	105.71.0	TCGA-CZ-5985	1997	0	82.5	10	0	609.307349339482	2134.38726261949	2743.69461195897	0.0338369803607823	0.0759375860877352	-0.0212361048458781	-0.0171941323274229	0.256880657306787	0.0141164501131718	-1.01718925393859	-1.15209472146889	-1.40983158978889	-1.74676929648925	-1.2125566865739	-0.952940798033497	0.803306086541767	0.611752239866774	0.232653511059139	-0.141939415634512	-0.652136330654414	-1.11495254784361	0.69133442692538	0.421131961575627	0.216309475476592	0.261229729745181	-0.741796917135057	-0.715056488344379	-1.19834070901494	-1.3644247793297	-1.18410463494467	-1.04547152140616	0.860798535376426	0.495791447553835	0.845894737406535	0.871131872779537
TCGA-CZ-5986-01A	-0.00864954075909337	0.0807312020361784	4.68540867723006	6.30236135440201	7.58172687037458	9.3	1672	CZ	-0.195334132258141	1.81420812643262	105.71.0	TCGA-CZ-5986	373	0	85	5	0	574.399576380845	1118.51541856615	1692.91499494699	-0.0826390291977421	-0.0538495211808309	-0.0778461313076337	-0.0730749143301502	0.233658631334082	0.0152526846907253	-0.883875657155761	-1.03296901314221	-0.167314425873977	-0.403668063485304	-2.65393945562827	-3.20062785090871	0.924539065466542	0.812945078212888	0.538939078145922	0.521597903392595	1.81756267359314	1.88436958622257	1.75240606977576	2.1932697033461	-0.527412934985099	-0.591101119986664	-0.81103634060984	-1.46968221322888	1.85508268654562	1.70222734048573	-0.463595651211004	-0.593574196624383	1.72903129646691	1.94703371862624	-0.684929087384317	-0.723936999603863
TCGA-CZ-5987-01A	-0.0209313038950285	-0.0341323675191667	3.67364169611929	7.44642970176239	7.53946305093463	8.1	1672	CZ	-0.472695394731615	-0.76702956187754	105.71.0	TCGA-CZ-5987	445	1	85	5	1	308.685051036199	1829.69854364453	2138.38359468073	0.434645734596196	0.485296337767143	0.412729876651399	0.442363918046396	0.774676275250328	0.00933922783269087	-1.26441925777606	-1.30868848004272	-1.51524516572295	-1.53472059409307	0.345327100142224	-0.223795348595102	0.395280192998306	0.499459240806543	-1.04370895576344	-0.873784618642169	-1.48821079751601	-1.45084430058774	-0.676664634538394	-0.350739852363271	0.949903782157071	0.889904405357217	-0.534347763297767	-0.534587348667819	0.0144103552044608	0.0147863539502187	-0.613324454126216	-1.11230652227233	-0.531234159598704	-0.319888992767077	0.0240205442749247	0.0754271677064335
TCGA-CZ-5988-01A	-0.0536433604743802	0.0171346386508678	2.94070921376666	6.38634275983068	7.58263457321106	9.4	1672	CZ	-1.21143764293586	0.385053113292681	105.71.0	TCGA-CZ-5988	693	0	85	10	0	1016.77150368189	1322.59788177789	2339.36938545978	0.318657082964799	0.266793530040999	0.334937702308725	0.339891002070969	1.28165314155463	0.0115282931815406	0.720263299545287	0.601358214369283	0.386206097265336	0.320515251148367	-2.26882072648576	-2.827104604298	-0.681879039837605	-0.811381603968881	0.536966532668799	0.589718860414711	0.775475932145933	0.838408717668752	0.626211444630138	1.01485226884303	1.27511434457359	1.24391871504759	-1.34130174546801	-1.49623831519295	0.632950772437121	0.532591445075371	-0.766611938807986	-1.0973449349867	0.883395385184257	0.980490437816717	-0.551512865948522	-0.488900167109925
TCGA-CZ-5989-01A	-0.0210486318329828		6.89606386523054	4.6147443896436	7.63664985899376	9.1	1672	CZ	-0.475345032624338		105.71.0	TCGA-CZ-5989	1905	0	85	10	0	1100.1756652124	1682.72707306947	2782.90273828186	-1.14023081419847	-1.4028588854003	-1.12170980285578	-1.16262868020742	-0.0166349175961934	0.0157370384352648																										
TCGA-DV-5565-01A	-0.0422807817558931	-0.0177398817635932	2.36711888748089	7.55449517382389	7.73797077201437	7.5	1541	DV	-0.954834487229919	-0.398654260629515	90.68.0	TCGA-DV-5565	1329	0	85	15	0	939.202240245111	1319.73237236549	2258.9346126106	-0.0473007199497439	0.0264680964900898	-0.036169428876065	-0.037780883366691	-1.39363070254307	0.00701593798203552	0.502742733186098	0.480682819891651	0.929140208564631	1.11100724562112	0.730509431972544	0.748024692870303	-1.36358831712656	-1.40257079211451	-0.356953062181084	-0.353223629229434	-0.312083823584413	-0.210917276097975	-0.645316195057651	-0.471162906824287	-1.26029750250889	-1.20824432672237	-0.597970523404331	0.381675337253677	0.511119164926602	0.677100386633659	0.0355520422904183	-0.209020360950529	-0.982498826001567	-1.19572979166112	-0.929819034624655	-0.796492973015276
TCGA-DV-5566-01A	-0.0259288218032391	0.0153382327641963	2.75071307036949	6.87020738601086	7.61785318556984	7.7	1541	DV	-0.585555239113359	0.344683911846747	90.68.0	TCGA-DV-5566	1398	0	85	5	0	508.506042188517	1019.58932054556	1528.09536273407	0.558568780903196	0.576502740335749	0.544650328459056	0.554346578449447	0.949133986194608	0.0111543990729264	-0.613858931376121	-0.700967202779447	0.0371617722047458	0.0384428699284584	1.17526211984234	1.00283019845313	1.11981201905797	1.14125698720568	-0.525258428176409	-0.541792852476512	0.545847011811969	0.666097203140548	-0.38897733899282	-0.226604915967096	0.923206999094199	0.912708797621126	-0.450025624129712	0.175616783782771	1.53175685942104	1.57717059447855	0.362646526975051	0.0818991065931044	-0.241152584697978	-0.313077666526283	-0.775313545059835	-0.688089898159177
TCGA-DV-5567-01A	-0.0396101744921323	0.0216284496078851	3.30226507186335	6.30693115756599	7.814829007779	8.5	1541	DV	-0.89452368380136	0.486038954593783	90.68.0	TCGA-DV-5567	2004	0	85	12.5	0	68.0502462534869	95.5192295749014	163.569475828388	0.0159641821650647	-0.0102373093709613	0.0454637231872805	0.0407041203372729	-0.518216111882031	0.015733216239175	0.19200634061816	0.056356048556079	0.829627166606652	0.660841831821669	-0.733772399608159	-0.410974568532052	-1.63132240243281	-1.94644106054344	1.62562696206232	1.40053585315987	1.07998135315989	0.844847635590342	1.16089369094549	1.1298346464893	-0.755170222319842	-0.694511971941297	-0.735589860992028	-0.240538211172466	1.26835853850428	1.22285479068062	0.144788131059286	0.32144793337951	0.792322416126445	0.359875601293144	-1.84056183788445	-1.7845740086358
TCGA-DV-5568-01A	-0.0234198698409196	-0.0489542821425001	3.20176601524832	6.98540907796376	7.75197071368074	7.7	1541	DV	-0.528895126387513	-1.10011066658959	90.68.0	TCGA-DV-5568	370	0	82.5	12.5	0	1075.20436935141	1773.54125452869	2848.74562388011	0.484233128568112	0.529527841560782	0.509807123212641	0.50858715039597	-0.0526367845342936	0.0104721793069003	0.686777787050457	0.623006992537595	0.0643389769156099	0.024320991519853	1.203070426707	1.40498552854901	-0.714876341302187	-0.837185484341169	-0.891763806770752	-1.15140078888699	-0.443142425158559	-0.580298600149235	-1.20887292660021	-1.63985619604602	0.246724289254678	0.272752057579026	-0.620747140861142	-0.0559001592981271	0.0916417027007936	0.112938496389475	1.11470824557477	1.13712877300713	-1.20645889115773	-1.73553253444883	-0.187539985714204	-0.106831893747977
TCGA-DV-5569-01A	-0.0364819052002404	0.0181935384057277	3.09307526487858	7.06645331404915	7.76807758118926	7.7	1541	DV	-0.823877416603984	0.408848925715781	90.68.0	TCGA-DV-5569	355	0	82.5	15	0	961.167879624479	1703.02716739336	2664.19504701784	0.453874692783199	0.505930216715012	0.458817673263159	0.460374017022451	0.354558240890694	0.00998214429573932	0.0385265074035261	-0.0363833253609326	0.187964614880601	0.162176471401812	-0.210729692569876	-0.108442874639224	0.151091949139076	0.0620250010277114	0.0828689413548645	-0.0626562463080188	0.419710366664671	0.383846601656499	0.0533077656460096	0.0892743503984592	0.263964515281234	0.304653736390252	-0.836859232321994	-0.35003152803948	1.68371062615694	1.77471132583451	0.690145985199236	0.700287684148967	0.0627868201753199	-0.172273120102027	-0.0730582826780161	0.0132897991301123
TCGA-DV-5573-01A	0.0161348707935946	0.000741904531593604	4.86343089957433	6.38391152439113	7.71193324048696	8	1541	DV	0.364376684652374	0.0166722307646446	90.68.0	TCGA-DV-5573	1130	0	75	17.5	0	853.504801452007	2348.71997968601	3202.22478113802	0.0898641616840822	0.0492668505718747	0.0777260725601078	0.0777863735551018	1.08363467337033	0.0144437981925466	0.262011166341465	0.129685395487473	-0.351873025110506	-0.632166533753709	0.655954712338676	0.823785536740248	0.46028146827462	0.282709861776081	0.760114140291954	0.576793839316754	-0.12402079320738	-0.448942271863267	0.641709787697744	0.402355592937285	1.26533778137343	1.25984116945498	0.310634775624996	0.609233375877519	-0.0350282049954767	-0.217840857953964	-0.192116538776897	-0.0932220603142425	0.449121607763261	0.12269733766354	1.49720737646112	1.48947751275123
TCGA-DV-5574-01A	-0.0592071702200645	-0.00727230757824193	2.2349150169623	7.29555152562676	7.80676797013552	8.7	1541	DV	-1.33708615757868	-0.163424787115787	90.68.0	TCGA-DV-5574	2016	0	72.5	32.5	0	1693.92819118978	2310.04033530595	4003.96852649574	-0.1532980957513	-0.194667780129937	-0.156456644564025	-0.155110575402705	0.2436311106545	0.0085705777768746	1.74136433003994	1.70809658890102	1.16763711351986	1.30328281786955	-0.822716382859459	-0.7243020899122	-1.35374820641509	-1.48078607981332	0.965031972633673	0.95428440267381	0.247036670352661	0.263170906911927	-0.00666617739994914	0.173445056189598	0.314414330539497	0.377016296617905	-1.05278803491083	-0.227371387985398	1.01593181245751	1.15088190728447	0.115447543822384	0.0245637880390132	0.219580324141199	0.0647408117019918	1.08078503636492	1.24316880057117
TCGA-DV-5575-01A	-0.0322164622028844	0.0336729106930719	2.90932473469513	6.62611062824733	7.71626592887939	9	1541	DV	-0.727550151401014	0.756704553867967	90.68.0	TCGA-DV-5575	1729	0	82.5	22.5	0	1050.24614702487	1652.47336924306	2702.71951626794	0.203840603673558	0.239844493549917	0.210947121289941	0.205024303200752	0.384872787053427	0.0115778477559951	0.427450924680415	0.318683459102772	0.673927558476652	0.620956185863293	-0.373078650437881	-0.368410460360774	0.249792794870176	0.12462764178895	0.239815227694766	0.106426469145706	0.901003036714517	0.878422054495864	0.53188203388202	0.689982116477328	0.261478648839822	0.286592362817272	-0.598584134471833	0.0271669086514148	1.81750059193209	1.83204601826353	0.0584987299876907	-0.0231709307041002	0.498532623521286	0.320522975260899	0.0224406646956058	0.103638546729019
TCGA-DV-5576-01A	-0.0180797017277814	0.0207012738795959	4.12517658443718	6.76272776633863	7.77340801989976	8.5	1541	DV	-0.408297150894329	0.46520327150635	90.68.0	TCGA-DV-5576	727	1	80	40	0	57.223057207429	-163.332839777566	-106.109782570137	0.184004596528816	0.169877411427867	0.200827072291266	0.196499121784262	-0.643149135857507	0.0168970026798488	0.575167250927277	0.488414047694918	1.01797554730539	0.9283825544763	-0.42498786742835	-0.24977023846919	-1.02155557073961	-1.23421136036214	1.66327901263233	1.60475661959232	1.02523760006641	0.911450771403282	1.05880003191187	1.11650775563505	-0.834870075778035	-0.803313371783588	-0.0278390673342383	0.500876687175326	0.332190762408568	0.267022557692588	-0.334094657310996	-0.263886155949731	0.482356821191051	0.196955804690222	-1.90267261670542	-1.88034377972146
TCGA-DV-A4VX-01A	0.0458839397295714	-0.0760168985467112	5.30842233799925	8.20586818314397	7.60010803944473	8.3	A266	DV	1.03620525080919	-1.70826733172938	274.47.0	TCGA-DV-A4VX	1626	1	90	5	0	-280.965268858284	1149.64573010484	868.680461246551	0.211393309671006	0.259991409079893	0.19989899372349	0.196781787173722	0.298825748584382	0.0165201756045891	-2.00751626956229	-1.9983835624158	-2.41999503871428	-2.46694061925043	2.35563869271119	2.07142686720019	0.545809726381254	0.723525056630937	-2.2755587580731	-2.23343372443627	-2.47762250952521	-2.53175055198667	-1.96577255302932	-2.19026757819375	0.981390772971071	0.923836211408529	0.502340768481812	0.531283708233204	-0.682751102241365	-0.677474927314178	0.578620068467146	0.295312254431444	-1.4645901453164	-1.3636039627152	-0.789729108160414	-0.801614822699416
TCGA-DV-A4VZ-01A	0.0384538495343668	-0.0654173447344318	6.2430143136463	7.5509275939869	7.68103593042566	7.9	A266	DV	0.868410189625834	-1.47007198497634	274.47.0	TCGA-DV-A4VZ	365	0	80	35	0	-275.181625019542	55.3497068979694	-219.831918121573	0.41620569518087	0.233603412063867	0.448033801558647	0.412669303609474	-1.86732200210353	0.0167397089358997	0.0723113732475764	0.0521755849293601	-0.517584971933117	-0.620470866495626	0.763933836271619	0.694200080464749	-2.39002692222807	-2.50831725074817	0.111472920478763	0.155938627970125	-0.219500826794843	-0.267869715254487	-1.04482397987753	-1.55117586714448	-1.47894156680004	-1.51160150694449	1.64304853578175	2.19390288588028	0.212530774236216	0.148672303126467	0.526020988285289	0.576685729829753	-1.27375306981254	-1.55024936518657	-2.02948022447639	-2.1044528287757
TCGA-DV-A4W0-01A	0.029612443472281	0.0185442542244593	6.14433095024367	7.54341461405647	7.6653116261616	9.2	A266	DV	0.6687431287748	0.416730283510085	274.47.0	TCGA-DV-A4W0	2470	0	90	10	0	423.531353784777	835.852381307351	1259.38373509213	0.357504533027194	0.337204591034266	0.371876029464027	0.356779888186509	0.0938307043177575	0.0156702221381842	0.145251624202308	0.116966652838635	0.192267228626148	0.119579306186027	-0.229689410079791	-0.457748807691374	0.49712601085142	0.513402020404401	-0.187565207269083	-0.16247009465613	0.652954558757659	0.723504303906308	0.357198512714128	0.397826893371119	0.145355760266392	0.0986479634719428	0.57970507351627	0.382484498162768	2.16395629906206	2.14041928390693	-0.527385147846565	-0.585804053947334	0.354317826939794	0.484549265795335	-1.00657067802673	-1.075446277656
TCGA-EU-5904-01A	-0.02369911324621	0.0615322912792286	3.61493399600288	6.14460456931981	7.77680796518038	7.4	1672	EU	-0.535201330356071	1.38276626708431	105.71.0	TCGA-EU-5904	551	0	87.5	10	0	1049.81253820144	1399.12995161333	2448.94248981477	-0.200638438036576	-0.151196028544523	-0.173688394373191	-0.184064634125067	-0.935855537350123	0.0118478572183114	0.0694613907527561	-0.08481932363766	1.36777441060628	1.20392996153272	-0.958135426870015	-0.737675794625725	0.532128376724144	0.299342864326342	0.261963598624706	-0.124742510933976	0.659447032010907	0.35997592869498	0.461237794636846	0.152545899635786	-1.53917859347612	-1.50885882050442	-0.518634604108399	-0.0684410342107836	2.52094580733833	2.4690193802559	-0.988445057499512	-0.913245985419017	0.460212452732623	-0.0348524844261612	-0.801132800084106	-0.772376420705158
TCGA-EU-5905-01A	-0.0497899965945866	-0.0132965329926851	2.85578001803314	6.61279514478775	7.55949589696933	7.8	1672	EU	-1.12441643444649	-0.298802415922143	105.71.0	TCGA-EU-5905	119	0	85	11	0	1060.51784944583	1272.04781474468	2332.56566419051	-0.14733943999822	-0.209052082597854	-0.149073359875144	-0.16468671039744	0.0313708377298552	0.0128428908732265	0.813791631102959	0.717541015734649	0.0279383037546999	-0.0093953751639518	-0.571682582356112	-1.05019375151016	-0.691984669593839	-0.768996063436869	0.0552499419823896	0.151962922044753	-0.434964422033818	-0.455436062462145	-0.154163010889403	0.106692906967583	-0.204137663755631	-0.22941506390567	-1.07387668960556	-1.04077910680558	-1.43231861801604	-1.55538103157622	1.14520521096562	0.88770772773258	0.0101677087210837	0.0285838212755267	-0.401192737359734	-0.33354642630578
TCGA-EU-5906-01A	-0.0350577716234236	0.0722737621977944	3.12384333199003	6.67269003805672	7.92002457048746	8.2	1672	EU	-0.79171595229101	1.62415080415052	105.71.0	TCGA-EU-5906	206	0	85	5	0	1082.2344061153	1484.25637985887	2566.49078597416	0.103490586984995	0.136902028082729	0.10097136815028	0.110800045627983	0.320070786439983	0.0128621727081582	0.0606481020837611	-0.0504263834619529	1.08454719215442	0.98083894255254	-1.00160152763398	-0.465644813623519	1.13392957668901	0.935433827060941	0.89817798398693	0.504951502042519	1.25132457229875	1.0257890769437	1.13879404026962	1.06283233152365	-0.139978578885757	-0.0448856614273172	-0.83546341330055	-0.114315586613939	1.82381742814727	1.89924018877027	-0.86052329369724	-0.660487580299366	1.28096770715622	0.892325460270789	-0.17740664609961	-0.0859352001324712
TCGA-EU-5907-01A	-0.0407664628241977	0.0156163652906068	2.99381219589634	5.96868718558423	7.58831329625277	8.5	1672	EU	-0.920636350852123	0.350934163012499	105.71.0	TCGA-EU-5907	127	0	80	15	0	418.197994102379	598.834339189404	1017.03233329178	0.277163758447549	0.370508196660802	0.250535971983175	0.263667777760352	0.0571654041120303	0.0124746424415017	-1.20564059575836	-1.38432929447512	-1.58537655411241	-1.87815744329108	-0.217345855082352	-0.480837750325435	0.868952192989988	0.735223982626717	-0.457504410848616	-0.634985151261341	1.29413392614876	1.31393770580249	0.400114542363373	0.496979544964663	-0.262201354889295	-0.27634424720788	-0.979633204435565	-0.91490802937677	-0.681340680978561	-0.86156670476944	0.035654521853339	-0.152116763120069	0.716074831872561	0.598551997171433	-0.99282628201626	-0.942667478201453
TCGA-G6-A5PC-01A	-0.000219064824123183	-0.0974767722255156	2.80744793477291	9.91164727648578	7.61818541670569	8.5	A33J	G6	-0.0049471802631136	-2.19051801347765	340.41.0	TCGA-G6-A5PC	242	1	75	15	0	45.0327527301168	1599.45226619291	1644.48501892303	-0.282759082701466	-0.311749871741849	-0.195720177076066	-0.264604240744272	-1.13648102019649	0.00948712034846542	-2.18030771260734	-2.02463355047108	-2.12588283951248	-1.66544580558358	4.03386807923037	3.65650092241022	0.551153268423626	1.05480213067813	-3.0625210996495	-2.61426118696945	-3.24996597079643	-2.80445651481857	-2.92462584101108	-2.38646711812383	-0.99080996676427	-0.998634336990017	-0.048451674666547	0.938003092129491	-1.45507073120926	-1.09803318162733	1.13373589973532	0.440577174090297	-3.40383620223636	-3.08982161684817	-0.971713860913702	-0.81413566621664
TCGA-G6-A8L6-01A	0.0383483054248319	-0.0311057323774254	3.86655636725983	8.60990444694681	7.52884367356014	7.7	A37O	G6	0.866026668046463	-0.699014396347948	387.37.0	TCGA-G6-A8L6	313	1	90	35	2	566.590428260498	1919.95587962354	2486.54630788404	-0.147997309776276	-0.0810843213451196	-0.0959368713165604	-0.136305174369118	-1.31308487046596	0.0158924903728401	-0.744707378990931	-0.675259956496946	0.955819486277535	1.36011467833394	2.34397561492405	1.76689770863125	-0.660431142794656	-0.399505588771795	-1.43917209010852	-1.00814416971907	-0.284760563684652	0.275012227495016	-1.3922549101505	-0.84335149894268	-1.07055373626702	-1.12275319302276	0.995401161876646	2.00217745078287	0.291571210969737	0.462856195204577	3.24161145820949	2.87621314718429	-1.42117736445743	-0.960134781896612	-0.186763238290382	-0.110564796270116
TCGA-G6-A8L7-01A			3.48071609366694	9.06286248658494	7.45536169802977	7.9	A37O	G6			387.37.0	TCGA-G6-A8L7	2133	0	85	30	10	-38.8264876533429	1139.22705606405	1100.40056841071	0.608929944718859	0.578416825476127	0.653703530511071	0.603757598831727	1.38893203538479	0.0130369901684839																										
TCGA-G6-A8L8-01A	0.0785860192318901	0.00372859325710471	6.55405341528542	7.55487210595893	7.65989544466912	8	A37O	G6	1.7747221848911	0.0837897122375295	387.37.0	TCGA-G6-A8L8	1091	1	95	20	1	-131.346822410476	742.906887809417	611.560065398941	-0.167807976521426	-0.144113243469597	-0.158476865480867	-0.170677802746937	-1.1641476059624	0.0196035288744301	-1.37080459561795	-1.40342382010816	0.342466835792235	0.275977922216251	2.40749996386202	2.46194988964703	0.961580529528632	1.00878359468149	-1.22905932864688	-1.32473523792281	-0.0336690142713016	-0.0506295291788383	-0.354515197116412	-0.651545313109981	-1.01540122081361	-1.04965285232315	2.15662030538547	2.83371847044097	0.510343964510089	0.396837955017519	0.906870236361628	0.976024498803125	-0.887716138181665	-1.04650306621889	-1.38052968679296	-1.47012754872344
TCGA-GK-A6C7-01A	-0.0031453515228137	0.0483763353490488	4.36328591854869	8.31011354653102	7.79481209902715	9.3	A33J	GK	-0.0710320382859304	1.08712292773671	340.41.0	TCGA-GK-A6C7	61	0	80	19	1	722.747665757142	1318.38211520941	2041.12978096655	-0.165822027851786	-0.146541914591826	-0.187477602789325	-0.180434718754131	-0.243912012582464	0.0153597616723478	0.309042852012263	0.352325682678172	1.73638618773177	1.98765885633885	0.147966018689412	0.20558019155678	0.408143249065576	0.485689165134575	0.397660877641035	0.53318813624993	0.92576546286527	1.17671068130216	1.12445648697265	1.77836827017193	-0.352559946393781	-0.306200945058736	0.580714610324663	1.48676702452946	2.17182580461333	2.40460720429325	-0.603808564345084	-0.72472405930792	0.509751418232938	0.743105661935803	-0.471601659481164	-0.407047760304692
TCGA-MM-A563-01A	0.0525166935019468	-0.0231191250535544	4.6493194901049	7.53877359498801	7.61678237340632	8.5	A266	MM	1.18599392036911	-0.519537718878189	274.47.0	TCGA-MM-A563	591	0	90	20	0	1475.59920043637	2502.42473841627	3978.02393885263	0.0839368119053941	0.0948821734987175	0.0903282149454281	0.091777751231677	0.170253703952614	0.0160855039974398	1.73209023396722	1.72896958462638	0.562344331223466	0.643304774631045	1.52614582870363	1.32604575823584	0.0336207565997687	0.0961440248020988	0.107485261026392	0.30374972049275	-0.205236425954958	-0.0964086681818921	-0.107187464435522	0.116372934785436	0.734366042406338	0.710506928706979	1.20751446332654	2.11084498419358	-0.264393483045546	-0.297113303148163	0.576080339472229	0.372499313054546	-0.450015347950011	-0.359623506488919	1.32112158728153	1.36058490653007
TCGA-MM-A564-01A	0.048050822980573	-0.0449784445427538	4.09981337931752	10.9752322452888	7.61749929373285	9.2	A266	MM	1.08514036439821	-1.01076482878572	274.47.0	TCGA-MM-A564	607	0	90	10	0	614.615109857458	1255.50983749685	1870.1249473543	-0.293835385795459	-0.253873012998785	-0.236046694453641	-0.282734575272069	-1.07390598056921	0.0151552248965428	0.257912145187753	0.540866504950353	0.935984737091061	1.75530407561371	1.59675668111372	0.823484548239871	-1.38417974503403	-0.833381500401597	-1.23536237780804	-0.323336597026409	-0.423473331011847	0.632504882472326	-1.35315130768331	-0.0317251430324078	-0.875053734961139	-0.900366066415994	1.11390655373089	2.29255110245957	-0.736439976923128	-0.289260604208653	2.67181099088895	2.0670279620572	-1.36473423618547	-0.203746062507965	-1.33152526643897	-1.20590926147538
TCGA-MM-A84U-01A	0.0160489199291052	-0.0587453534947114	4.10258806242153	10.1205554713265	7.64796755355844	7.9	A37O	MM	0.362435640844445	-1.32013762971722	387.37.0	TCGA-MM-A84U	700	0	80	0	0	1017.3397001244	1667.21808392951	2684.55778405391	-0.0558347823366752	0.0123694099060571	-0.0461573713138199	-0.0576349880251808	-0.792722851520319	0.00998580474429602	0.710385343458817	0.924184001554412	-0.40615254398934	0.125639398762924	2.00105276705444	1.50627529547831	-0.180064406970714	0.268575149402737	-1.18219984210489	-0.541735054378855	-1.1564215134398	-0.491917443930669	-1.18104926641011	-0.213426475600935	-0.397485479198178	-0.397526762344625	0.753021319409784	1.69881811438919	-0.805102365527731	-0.466828766224322	-0.117098068495688	-0.762299736616411	-1.68082559587195	-0.991357502451314	-0.256748101993521	-0.138331860831581
TCGA-MW-A4EC-01A	0.032311919329154	0.0261966207513299	4.10987957002137	8.55363021212612	7.69503903099671	8	A266	MW	0.729705876825873	0.588695833252155	274.47.0	TCGA-MW-A4EC	498	0	80	0	0	465.226732367905	1175.72668284219	1640.9534152101	0.656809047754924	0.81097579037564	0.661188453031078	0.644822979304048	-0.270742215210731	0.0166713230459698	-0.803435619684024	-0.749353760045418	0.632994616037215	0.911842422384925	1.52154108895571	1.36805924229847	1.06960545501246	1.29217404219031	-0.336905204598263	-0.0643664398608816	0.961799175443079	1.44327500366603	-0.399796624516216	0.0750988905752246	-0.555872881639215	-0.551802521396609	0.788170311969439	1.80870277148364	1.7045507717356	1.96317836513302	1.40141392263133	1.19416335421038	-0.0543770285082941	0.35142609516341	-0.611209346393709	-0.531662616928358
TCGA-T7-A92I-01A	-0.0124969316724788	0.00714984983746173	4.48972795889596	6.22055217207283	7.82526773045005	9.1	A37O	T7	-0.28222045217448	0.160672891654495	387.37.0	TCGA-T7-A92I	356	0	85	15	0	-471.699345637255	643.304332224114	171.604986586859	-1.08683172157805	-1.1658912275689	-1.0837368014155	-1.0746530083525	-0.876818403839537	0.016111480911696	-1.00043058440867	-1.15215308320588	-2.08116955322539	-2.53299525589996	0.433485709510089	0.943169278605956	0.177560965024666	-0.0903779986792069	3.0632716256758	2.92993783100947	1.65817685612133	1.42014309836819	0.978013753202833	0.61187451550911	-0.73262060625109	-0.670523563969207	0.619164867560481	1.50035450888746	-0.926391609470254	-1.08985922298476	-2.88746862707364	-2.81677045153011	0.817015429466863	0.304266247052561	-0.956608462161317	-0.945506210492704
