gene_id	gene_name	gencode_id	gencode_gene_type	chr	start	end	strand	gene_length	n_transcripts	n_exons_union	max_exons_per_transcript	class	class_detail	name_class	exon_overlap_sense	exon_overlap_antisense	within_intron	intron_host_same_strand	span_overlap_sense	span_overlap_antisense	divergent	exon_partner_sense	exon_partner_antisense	intron_host	span_partners	divergent_tss_partner	divergent_tss_distance	nearest_pc_gene	nearest_pc_distance	nearest_pc_same_strand	module	kME	rho_noFeature	abs_rho	pc1_loading	mean_log2_expr	sd_log2_expr	frac_expressed
ENSG00000243107.1	AC000120.1	ENSG00000243107.1	lncRNA	chr7	92200014	92206857	-	6844	1	2	2	exonic_sense	exonic_sense	clone-based (unnamed)	TRUE	FALSE	TRUE	TRUE	TRUE	FALSE	FALSE	KRIT1		AC000120.3	AC000120.3;KRIT1			KRIT1	0	TRUE	green	0.4125	0.8789	0.8789	0.013666	0.28	0.2198	0.2916
ENSG00000263272.1	AC004148.1	ENSG00000263272.1	lncRNA	chr17	5425139	5432876	-	7738	1	2	2	exonic_sense	exonic_sense	clone-based (unnamed)	TRUE	TRUE	FALSE	FALSE	TRUE	TRUE	FALSE	C1QBP	RPAIN		RPAIN;C1QBP			C1QBP	0	TRUE	black	0.7946	0.8818	0.8818	0.050082	1.1624	0.6472	0.9002
ENSG00000250132.6	AC004803.1	ENSG00000250132.6	lncRNA	chr12	974133	991190	-	17058	4	4	3	exonic_sense	exonic_sense	clone-based (unnamed)	TRUE	TRUE	FALSE	FALSE	TRUE	TRUE	FALSE	RAD52	ERC1		RAD52;ERC1	ERC1	18	ERC1	0	FALSE	grey	0.0484	0.3442	0.3442	0.0031585	0.5394	0.1855	0.8395
ENSG00000244701.1	AC004918.1	ENSG00000244701.1	lncRNA	chr7	141652381	141656810	-	4430	1	2	2	exonic_sense	exonic_sense	clone-based (unnamed)	TRUE	TRUE	FALSE	FALSE	TRUE	TRUE	FALSE	DENND11	AGK		AGK;DENND11			DENND11	0	TRUE	green	0.5294	0.6884	0.6884	0.022484	0.6706	0.3702	0.7573
ENSG00000258559.2	AC005519.1	ENSG00000258559.2	lncRNA	chr14	74289127	74294425	-	5299	1	2	2	exonic_sense	exonic_sense	clone-based (unnamed)	TRUE	FALSE	FALSE	FALSE	TRUE	FALSE	FALSE	ABCD4			ABCD4			ABCD4	0	TRUE	black	0.664	0.8694	0.8694	0.029601	0.5591	0.4088	0.5773
ENSG00000261305.2	AC005586.1	ENSG00000261305.2	lncRNA	chr7	150337483	150343346	+	5864	2	2	2	exonic_sense	exonic_sense	clone-based (unnamed)	TRUE	FALSE	FALSE	FALSE	TRUE	TRUE	FALSE	LRRC61			LRRC61;RARRES2	RARRES2	109	RARRES2	0	FALSE	greenyellow	0.562	0.0665	0.0665	-0.00023401	0.5365	0.5112	0.4658
ENSG00000263235.1	AC006111.2	ENSG00000263235.1	lncRNA	chr16	3650636	3651703	-	1068	1	1	1	exonic_sense	exonic_sense	clone-based (unnamed)	TRUE	TRUE	TRUE	FALSE	TRUE	TRUE	FALSE	TRAP1	DNASE1	DNASE1	DNASE1;TRAP1	DNASE1	134	TRAP1	0	TRUE	grey	-0.2137	0.6477	0.6477	0.01354	0.356	0.2601	0.3757
ENSG00000244055.2	AC007566.1	ENSG00000244055.2	lncRNA	chr7	92457564	92495601	+	38038	4	6	5	exonic_sense	exonic_sense	clone-based (unnamed)	TRUE	TRUE	FALSE	FALSE	TRUE	TRUE	FALSE	GATAD1	PEX1		GATAD1;ERVW-1;PEX1	PEX1	291	PEX1	0	FALSE	turquoise	0.5924	0.8244	0.8244	0.033431	0.7761	0.4507	0.7671
ENSG00000281195.1	AC007878.1	ENSG00000281195.1	lncRNA	chr2	71373938	71376320	+	2383	1	2	2	exonic_sense	exonic_sense	clone-based (unnamed)	TRUE	FALSE	TRUE	TRUE	TRUE	FALSE	FALSE	ZNF638		ZNF638	ZNF638			ZNF638	0	TRUE	green	0.5288	0.7547	0.7547	0.014584	0.3969	0.2937	0.4266
ENSG00000267583.5	AC007998.3	ENSG00000267583.5	lncRNA	chr18	35443869	35467088	-	23220	3	5	3	exonic_sense	exonic_sense	clone-based (unnamed)	TRUE	FALSE	FALSE	FALSE	TRUE	FALSE	FALSE	AC007998.2			AC007998.2;INO80C			INO80C	0	TRUE	red	0.4948	0.0671	0.0671	0.0020939	0.7526	0.62	0.6751
ENSG00000265408.1	AC009084.1	ENSG00000265408.1	lncRNA	chr16	66942712	66963256	+	20545	1	4	4	exonic_sense	exonic_sense	clone-based (unnamed)	TRUE	FALSE	FALSE	FALSE	TRUE	FALSE	FALSE	CES2;CES3			CES2;CES3			CES3	0	TRUE	blue	0.5477	0.4744	0.4744	0.041817	1.0017	0.8388	0.7065
ENSG00000276570.1	AC010327.6	ENSG00000276570.1	lncRNA	chr19	55227219	55230279	-	3061	1	1	1	exonic_sense	exonic_sense	clone-based (unnamed)	TRUE	FALSE	FALSE	FALSE	TRUE	FALSE	FALSE	TMEM86B;PPP6R1			TMEM86B;PPP6R1			PPP6R1	0	TRUE	black	0.5198	0.6648	0.6648	0.010959	0.4911	0.2003	0.6791
ENSG00000275734.2	AC010538.1	ENSG00000275734.2	lncRNA	chr16	89671568	89685304	+	13737	1	3	3	exonic_sense	exonic_sense	clone-based (unnamed)	TRUE	FALSE	FALSE	FALSE	TRUE	FALSE	FALSE	CDK10			CDK10			CDK10	0	TRUE	turquoise	0.501	0.6344	0.6344	0.015143	0.5124	0.2486	0.6477
ENSG00000267174.5	AC011472.2	ENSG00000267174.5	lncRNA	chr19	11300777	11324441	-	23665	2	4	3	exonic_sense	exonic_sense	clone-based (unnamed)	TRUE	TRUE	FALSE	FALSE	TRUE	TRUE	FALSE	RAB3D	TSPAN16		TSPAN16;RAB3D			RAB3D	0	TRUE	brown	0.4004	0.147	0.147	0.0059975	0.4044	0.2831	0.4462
ENSG00000268573.1	AC011815.1	ENSG00000268573.1	lncRNA	chr18	35280867	35290201	-	9335	1	2	2	exonic_sense	exonic_sense	clone-based (unnamed)	TRUE	FALSE	FALSE	FALSE	TRUE	FALSE	FALSE	ZSCAN30			ZSCAN30			ZSCAN30	0	TRUE	magenta	0.3842	0.5	0.5	0.0056033	0.4379	0.1869	0.5597
ENSG00000243389.1	AC012442.2	ENSG00000243389.1	lncRNA	chr2	112589040	112614431	+	25392	1	2	2	exonic_sense	exonic_sense	clone-based (unnamed)	TRUE	FALSE	FALSE	FALSE	TRUE	FALSE	FALSE	CHCHD5			CHCHD5			CHCHD5	0	TRUE	brown	0.3158	0.0558	0.0558	0.0029697	0.4553	0.2053	0.6341
ENSG00000264112.1	AC015813.1	ENSG00000264112.1	lncRNA	chr17	57989039	57994850	-	5812	3	1	2	exonic_sense	exonic_sense	clone-based (unnamed)	TRUE	FALSE	FALSE	FALSE	TRUE	FALSE	FALSE	AC015813.2			AC015813.2			AC015813.2	0	TRUE	black	0.5978	0.8281	0.8281	0.041908	1.1865	0.6294	0.9119
ENSG00000270195.2	AC016773.1	ENSG00000270195.2	lncRNA	chr4	1712821	1715945	+	3125	2	2	2	exonic_sense	exonic_sense	clone-based (unnamed)	TRUE	FALSE	FALSE	FALSE	TRUE	FALSE	FALSE	TACC3			TACC3	SLBP	477	TACC3	0	TRUE	turquoise	0.7246	0.7475	0.7475	0.014648	0.2562	0.2383	0.2564
ENSG00000241679.2	AC018450.1	ENSG00000241679.2	lncRNA	chr3	143123362	143131893	+	8532	2	3	2	exonic_sense	exonic_sense	clone-based (unnamed)	TRUE	FALSE	FALSE	FALSE	TRUE	FALSE	FALSE	CHST2			CHST2			CHST2	0	TRUE	red	0.3677	0.4851	0.4851	0.010784	0.3821	0.2902	0.4012
ENSG00000269707.2	AC018730.1	ENSG00000269707.2	lncRNA	chr2	104853285	104927722	+	74438	6	8	4	exonic_sense	exonic_sense	clone-based (unnamed)	TRUE	FALSE	FALSE	FALSE	TRUE	FALSE	FALSE	POU3F3			POU3F3			POU3F3	0	TRUE	salmon	0.6277	0.2919	0.2919	0.0095552	0.4717	0.2985	0.5479
ENSG00000213963.6	AC019080.1	ENSG00000213963.6	lncRNA	chr2	177283508	177392691	-	109184	8	13	9	exonic_sense	exonic_sense	clone-based (unnamed)	TRUE	FALSE	FALSE	FALSE	TRUE	FALSE	FALSE	NFE2L2			NFE2L2	AGPS	77	NFE2L2	0	TRUE	grey	-0.1204	0.5428	0.5428	0.0059122	0.4455	0.1828	0.6204
ENSG00000236318.2	AC019117.2	ENSG00000236318.2	lncRNA	chr7	17374867	17467256	+	92390	3	8	6	exonic_sense	exonic_sense	clone-based (unnamed)	TRUE	FALSE	FALSE	FALSE	TRUE	FALSE	FALSE	AC019117.3			AC019117.3			AC019117.3	0	TRUE	grey	0.3005	-0.0228	0.0228	-0.0022018	1.0411	1.0443	0.5851
ENSG00000230551.4	AC021078.1	ENSG00000230551.4	lncRNA	chr5	149494314	149504670	-	10357	1	2	2	exonic_sense	exonic_sense	clone-based (unnamed)	TRUE	FALSE	FALSE	FALSE	TRUE	FALSE	FALSE	CSNK1A1			CSNK1A1			CSNK1A1	0	TRUE	green	0.5383	0.8864	0.8864	0.036256	1.3551	0.5581	0.9883
ENSG00000260774.1	AC021087.3	ENSG00000260774.1	lncRNA	chr5	213898	217279	-	3382	1	2	2	exonic_sense	exonic_sense	clone-based (unnamed)	TRUE	FALSE	FALSE	FALSE	TRUE	FALSE	FALSE	CCDC127			CCDC127	SDHA	962	CCDC127	0	TRUE	grey	0.1405	0.7073	0.7073	0.011152	0.3626	0.244	0.3875
ENSG00000230747.1	AC021188.1	ENSG00000230747.1	lncRNA	chr2	96307263	96321731	-	14469	1	2	2	exonic_sense	exonic_sense	clone-based (unnamed)	TRUE	FALSE	FALSE	FALSE	TRUE	FALSE	FALSE	SNRNP200			SNRNP200			SNRNP200	0	TRUE	yellow	0.4574	0.3049	0.3049	0.0050575	0.2586	0.1709	0.2133
ENSG00000206567.10	AC022007.1	ENSG00000206567.10	lncRNA	chr3	10004048	10011209	-	7162	7	6	5	exonic_sense	exonic_sense	clone-based (unnamed)	TRUE	FALSE	FALSE	FALSE	TRUE	FALSE	FALSE	EMC3			EMC3			EMC3	0	TRUE	magenta	0.603	0.4974	0.4974	0.0057685	0.3713	0.214	0.3503
ENSG00000260276.2	AC022167.2	ENSG00000260276.2	lncRNA	chr16	8848105	8860456	+	12352	2	5	5	exonic_sense	exonic_sense	clone-based (unnamed)	TRUE	TRUE	FALSE	FALSE	TRUE	TRUE	FALSE	PMM2	CARHSP1		PMM2;CARHSP1			CARHSP1	0	FALSE	turquoise	0.5362	0.7535	0.7535	0.014788	0.4906	0.2198	0.6458
ENSG00000256234.1	AC022509.2	ENSG00000256234.1	lncRNA	chr12	26211164	26335856	-	124693	1	4	4	exonic_sense	exonic_sense	clone-based (unnamed)	TRUE	FALSE	FALSE	FALSE	TRUE	TRUE	FALSE	ITPR2			SSPN;ITPR2			ITPR2	0	TRUE	blue	0.3556	0.1149	0.1149	0.022434	2.165	1.2898	0.9256
ENSG00000262691.1	AC040160.1	ENSG00000262691.1	lncRNA	chr16	67261108	67263784	+	2677	1	1	1	exonic_sense	exonic_sense	clone-based (unnamed)	TRUE	FALSE	TRUE	TRUE	TRUE	FALSE	FALSE	SLC9A5		SLC9A5	SLC9A5			SLC9A5	0	TRUE	grey	0.4721	0.3874	0.3874	0.009443	0.581	0.2764	0.7632
ENSG00000267002.4	AC060780.1	ENSG00000267002.4	lncRNA	chr17	43148368	43171037	-	22670	7	6	4	exonic_sense	exonic_sense	clone-based (unnamed)	TRUE	TRUE	FALSE	FALSE	TRUE	TRUE	FALSE	BRCA1	NBR1		BRCA1;NBR1	NBR1	40	NBR1	0	FALSE	turquoise	0.6116	0.8478	0.8478	0.036072	1.2393	0.4844	0.9941
ENSG00000267632.1	AC067852.3	ENSG00000267632.1	lncRNA	chr17	42509784	42511519	+	1736	1	1	1	exonic_sense	exonic_sense	clone-based (unnamed)	TRUE	FALSE	TRUE	TRUE	TRUE	FALSE	FALSE	ATP6V0A1		ATP6V0A1	ATP6V0A1			ATP6V0A1	0	TRUE	green	0.6612	0.7889	0.7889	0.023147	0.552	0.382	0.5714
ENSG00000283341.2	AC068205.2	ENSG00000283341.2	lncRNA	chr11	43578889	43840030	+	261142	4	15	11	exonic_sense	exonic_sense	clone-based (unnamed)	TRUE	FALSE	FALSE	FALSE	TRUE	FALSE	FALSE	HSD17B12			HSD17B12			HSD17B12	0	TRUE	turquoise	0.7613	0.8298	0.8298	0.021741	0.4362	0.3019	0.4834
ENSG00000258199.1	AC073896.4	ENSG00000258199.1	lncRNA	chr12	56162359	56190284	-	27926	1	2	2	exonic_sense	exonic_sense	clone-based (unnamed)	TRUE	FALSE	FALSE	FALSE	TRUE	TRUE	FALSE	SMARCC2			MYL6;SMARCC2			SMARCC2	0	TRUE	turquoise	0.3947	0.722	0.722	0.013634	0.2465	0.2332	0.2446
ENSG00000272368.2	AC074032.1	ENSG00000272368.2	lncRNA	chr12	50112197	50165618	+	53422	2	3	2	exonic_sense	exonic_sense	clone-based (unnamed)	TRUE	FALSE	FALSE	FALSE	TRUE	TRUE	FALSE	COX14			COX14;CERS5			CERS5	0	FALSE	purple	0.5989	0.3773	0.3773	0.014136	0.8389	0.3391	0.9589
ENSG00000284707.2	AC079781.5	ENSG00000284707.2	lncRNA	chr7	97851688	97972985	-	121298	4	21	18	exonic_sense	exonic_sense	clone-based (unnamed)	TRUE	FALSE	FALSE	FALSE	TRUE	FALSE	FALSE	ASNS			ASNS			ASNS	0	TRUE	turquoise	0.3724	0.7719	0.7719	0.0096562	0.2624	0.157	0.2133
ENSG00000253106.1	AC090198.1	ENSG00000253106.1	lncRNA	chr8	124488510	124491643	+	3134	1	2	2	exonic_sense	exonic_sense	clone-based (unnamed)	TRUE	TRUE	FALSE	FALSE	TRUE	TRUE	FALSE	RNF139	TATDN1		RNF139;TATDN1			TATDN1	0	FALSE	midnightblue	0.5458	0.4986	0.4986	0.011947	1.3113	0.3401	0.9922
ENSG00000285331.2	AC090517.5	ENSG00000285331.2	lncRNA	chr15	56795460	56918499	-	123040	4	10	8	exonic_sense	exonic_sense	clone-based (unnamed)	TRUE	FALSE	FALSE	FALSE	TRUE	FALSE	FALSE	AC090517.4			AC090517.4	TCF12	124	AC090517.4	0	TRUE	grey	0.0055	0.242	0.242	0.0026158	0.447	0.1013	0.7495
ENSG00000229368.1	AC090587.1	ENSG00000229368.1	lncRNA	chr11	3854612	3855399	+	788	1	2	2	exonic_sense	exonic_sense	clone-based (unnamed)	TRUE	FALSE	FALSE	FALSE	TRUE	FALSE	FALSE	STIM1			STIM1			STIM1	0	TRUE	magenta	0.3203	-0.042	0.042	-0.0024109	0.2979	0.1733	0.2994
ENSG00000270060.1	AC090589.3	ENSG00000270060.1	lncRNA	chr11	47168281	47169563	-	1283	1	2	2	exonic_sense	exonic_sense	clone-based (unnamed)	TRUE	FALSE	TRUE	TRUE	TRUE	FALSE	FALSE	ARFGAP2		ARFGAP2	ARFGAP2			ARFGAP2	0	TRUE	black	0.7393	0.8944	0.8944	0.038923	0.9752	0.5211	0.8552
ENSG00000267048.1	AC092143.3	ENSG00000267048.1	lncRNA	chr16	89906157	89918233	+	12077	1	3	3	exonic_sense	exonic_sense	clone-based (unnamed)	TRUE	FALSE	FALSE	FALSE	TRUE	FALSE	FALSE	TCF25;MC1R			TCF25;MC1R			MC1R	0	TRUE	turquoise	0.3477	0.6256	0.6256	0.013605	0.3933	0.2876	0.4247
ENSG00000285155.1	AC092153.1	ENSG00000285155.1	lncRNA	chr2	160141981	160271888	-	129908	2	11	10	exonic_sense	exonic_sense	clone-based (unnamed)	TRUE	FALSE	FALSE	FALSE	TRUE	FALSE	FALSE	ITGB6			ITGB6			ITGB6	0	TRUE	grey	0.2579	0.088	0.088	-0.001056	0.3863	0.4076	0.3875
ENSG00000268362.6	AC092279.1	ENSG00000268362.6	lncRNA	chr19	24033401	24077377	+	43977	38	19	7	exonic_sense	exonic_sense	clone-based (unnamed)	TRUE	FALSE	FALSE	FALSE	TRUE	FALSE	FALSE	ZNF254			ZNF254			ZNF254	0	TRUE	grey	-0.4421	0.6854	0.6854	0.0097006	0.3719	0.2086	0.4207
ENSG00000284428.1	AC092329.4	ENSG00000284428.1	lncRNA	chr19	23259906	23274251	-	14346	11	5	5	exonic_sense	exonic_sense	clone-based (unnamed)	TRUE	FALSE	FALSE	FALSE	TRUE	FALSE	FALSE	AC092329.3			AC092329.3			AC092329.3	0	TRUE	tan	0.5764	0.6332	0.6332	0.0082401	0.3632	0.1681	0.3992
ENSG00000284968.1	AC093827.4	ENSG00000284968.1	lncRNA	chr4	86924630	86936202	-	11573	4	6	4	exonic_sense	exonic_sense	clone-based (unnamed)	TRUE	FALSE	FALSE	FALSE	TRUE	TRUE	FALSE	AC093827.5			AC093827.5;AFF1	AFF1	208	AFF1	0	FALSE	tan	0.393	0.3425	0.3425	0.0071339	1.2219	0.3131	0.998
ENSG00000248161.5	AC098487.1	ENSG00000248161.5	lncRNA	chr4	102418602	102450010	-	31409	4	6	4	exonic_sense	exonic_sense	clone-based (unnamed)	TRUE	FALSE	FALSE	FALSE	TRUE	FALSE	FALSE	SLC39A8			SLC39A8			SLC39A8	0	TRUE	lightcyan	0.4516	0.1529	0.1529	0.0082328	0.7639	0.3397	0.9002
ENSG00000284948.1	AC107959.4	ENSG00000284948.1	lncRNA	chr8	23084355	23103558	+	19204	1	4	4	exonic_sense	exonic_sense	clone-based (unnamed)	TRUE	FALSE	FALSE	FALSE	TRUE	FALSE	FALSE	AC107959.5;TNFRSF10C			AC107959.5;TNFRSF10C			TNFRSF10C	0	TRUE	greenyellow	0.4106	-0.0131	0.0131	0.0027948	0.458	0.4508	0.4227
ENSG00000244675.2	AC108676.1	ENSG00000244675.2	lncRNA	chr3	194496317	194501503	-	5187	1	2	2	exonic_sense	exonic_sense	clone-based (unnamed)	TRUE	FALSE	FALSE	FALSE	TRUE	FALSE	FALSE	ATP13A3			ATP13A3			ATP13A3	0	TRUE	grey	0.4239	0.1997	0.1997	0.0026511	0.2803	0.2756	0.2427
ENSG00000250378.4	AC114296.1	ENSG00000250378.4	lncRNA	chr5	135812667	135827546	+	14880	7	6	4	exonic_sense	exonic_sense	clone-based (unnamed)	TRUE	FALSE	FALSE	FALSE	TRUE	FALSE	FALSE	SLC25A48			SLC25A48			SLC25A48	0	TRUE	grey	0.072	0.1588	0.1588	0.0055377	0.3801	0.2675	0.4266
ENSG00000261351.2	AC116913.1	ENSG00000261351.2	lncRNA	chr15	66488658	66492109	-	3452	1	2	2	exonic_sense	exonic_sense	clone-based (unnamed)	TRUE	TRUE	FALSE	FALSE	TRUE	TRUE	FALSE	SNAPC5	MAP2K1		MAP2K1;SNAPC5			SNAPC5	0	TRUE	black	0.5223	0.648	0.648	0.012254	0.7231	0.2109	0.9765
ENSG00000260182.1	AC120498.2	ENSG00000260182.1	lncRNA	chr16	1257339	1258074	+	736	1	2	2	exonic_sense	exonic_sense	clone-based (unnamed)	TRUE	FALSE	FALSE	FALSE	TRUE	FALSE	FALSE	TPSD1			TPSD1			TPSD1	0	TRUE	grey	-0.0726	0.4416	0.4416	0.013724	0.2625	0.3617	0.2348
ENSG00000268027.5	AC243960.1	ENSG00000268027.5	lncRNA	chr19	41545192	41555462	+	10271	3	8	7	exonic_sense	exonic_sense	clone-based (unnamed)	TRUE	FALSE	FALSE	FALSE	TRUE	FALSE	FALSE	CEACAM21			CEACAM21			CEACAM21	0	TRUE	yellow	0.89	0.3981	0.3981	0.017263	0.8127	0.4764	0.8297
ENSG00000238039.1	AC244197.2	ENSG00000238039.1	lncRNA	chrX	149511509	149526264	-	14756	1	2	2	exonic_sense	exonic_sense	clone-based (unnamed)	TRUE	FALSE	TRUE	TRUE	TRUE	FALSE	FALSE	IDS		AC244197.3	IDS;AC244197.3			AC244197.3	0	TRUE	turquoise	0.4554	0.6944	0.6944	0.01925	0.3048	0.3589	0.2798
ENSG00000272734.1	ADIRF-AS1	ENSG00000272734.1	lncRNA	chr10	86965345	86971311	-	5967	4	2	3	exonic_sense	exonic_sense	antisense	TRUE	TRUE	FALSE	FALSE	TRUE	TRUE	FALSE	MMRN2	ADIRF		MMRN2;ADIRF	ADIRF	883	ADIRF	0	FALSE	turquoise	0.5524	0.7954	0.7954	0.040239	0.956	0.6055	0.8219
ENSG00000235609.7	AF127577.4	ENSG00000235609.7	lncRNA	chr21	14818843	15014430	-	195588	1	4	4	exonic_sense	exonic_sense	other	TRUE	FALSE	FALSE	FALSE	TRUE	FALSE	FALSE	NRIP1			NRIP1			NRIP1	0	TRUE	grey	0.025	0.0455	0.0455	-0.0016561	0.493	0.1818	0.7397
ENSG00000215022.7	AL008729.1	ENSG00000215022.7	lncRNA	chr6	13264861	13295586	-	30726	4	10	5	exonic_sense	exonic_sense	clone-based (unnamed)	TRUE	TRUE	FALSE	FALSE	TRUE	TRUE	FALSE	TBC1D7	PHACTR1		PHACTR1;TBC1D7			TBC1D7	0	TRUE	turquoise	0.4312	0.7386	0.7386	0.014781	0.3826	0.2345	0.4403
ENSG00000240143.1	AL023653.1	ENSG00000240143.1	lncRNA	chrX	129794994	129796963	+	1970	1	3	3	exonic_sense	exonic_sense	clone-based (unnamed)	TRUE	FALSE	FALSE	FALSE	TRUE	FALSE	FALSE	SASH3			SASH3			SASH3	0	TRUE	yellow	0.6896	0.5082	0.5082	0.015119	0.5481	0.3324	0.6614
ENSG00000268575.1	AL031282.2	ENSG00000268575.1	lncRNA	chr1	1702736	1737688	-	34953	1	20	20	exonic_sense	exonic_sense	clone-based (unnamed)	TRUE	FALSE	FALSE	FALSE	TRUE	FALSE	FALSE	CDK11A			CDK11A			CDK11A	0	TRUE	green	0.4629	0.7325	0.7325	0.0082749	0.2532	0.143	0.1996
ENSG00000236740.6	AL033384.1	ENSG00000236740.6	lncRNA	chr6	53930022	53997667	+	67646	2	3	4	exonic_sense	exonic_sense	clone-based (unnamed)	TRUE	FALSE	FALSE	FALSE	TRUE	FALSE	FALSE	MLIP			MLIP			MLIP	0	TRUE	lightcyan	0.4062	-0.0018	0.0018	-0.0025524	0.6459	0.7198	0.4814
ENSG00000266993.3	AL050343.2	ENSG00000266993.3	lncRNA	chr1	51793934	51799154	+	5221	4	3	2	exonic_sense	exonic_sense	clone-based (unnamed)	TRUE	TRUE	FALSE	FALSE	TRUE	TRUE	FALSE	OSBPL9	NRDC		OSBPL9;NRDC			NRDC	0	FALSE	green	0.4312	0.7532	0.7532	0.0087625	0.3003	0.1577	0.3014
ENSG00000271895.2	AL109811.2	ENSG00000271895.2	lncRNA	chr1	11029659	11030528	+	870	2	1	2	exonic_sense	exonic_sense	clone-based (unnamed)	TRUE	TRUE	FALSE	FALSE	TRUE	TRUE	FALSE	AL109811.3	MASP2		AL109811.3;MASP2			MASP2	0	FALSE	black	0.6269	0.7936	0.7936	0.031893	0.7396	0.4333	0.7495
ENSG00000259515.1	AL117209.1	ENSG00000259515.1	lncRNA	chr14	102933574	102937177	+	3604	1	2	2	exonic_sense	exonic_sense	clone-based (unnamed)	TRUE	TRUE	FALSE	FALSE	TRUE	TRUE	FALSE	AMN	CDC42BPB		AMN;CDC42BPB			CDC42BPB	0	FALSE	black	0.571	0.8083	0.8083	0.021625	0.4195	0.3414	0.4501
ENSG00000226644.5	AL121899.1	ENSG00000226644.5	lncRNA	chr20	2207217	2213151	+	5935	2	2	2	exonic_sense	exonic_sense	clone-based (unnamed)	TRUE	FALSE	FALSE	FALSE	TRUE	FALSE	FALSE	AL121899.2			AL121899.2			AL121899.2	0	TRUE	grey	0.4321	0.0317	0.0317	0.0024022	0.2706	0.2767	0.2603
ENSG00000226578.1	AL132657.1	ENSG00000226578.1	lncRNA	chr10	37775371	37784131	-	8761	1	3	3	exonic_sense	exonic_sense	clone-based (unnamed)	TRUE	FALSE	FALSE	FALSE	TRUE	FALSE	FALSE	ZNF248			ZNF248			ZNF248	0	TRUE	grey	0.2432	0.271	0.271	0.008817	0.8795	0.4246	0.9002
ENSG00000272848.2	AL135910.1	ENSG00000272848.2	lncRNA	chr6	169426420	169452475	-	26056	1	3	3	exonic_sense	exonic_sense	clone-based (unnamed)	TRUE	FALSE	FALSE	FALSE	TRUE	FALSE	FALSE	AL031315.1			AL031315.1			AL031315.1	0	TRUE	grey	0.2865	0.39	0.39	0.0068749	0.3588	0.2015	0.3836
ENSG00000272084.1	AL137127.1	ENSG00000272084.1	lncRNA	chr1	19072110	19075511	-	3402	1	1	1	exonic_sense	exonic_sense	clone-based (unnamed)	TRUE	FALSE	FALSE	FALSE	TRUE	FALSE	FALSE	UBR4			UBR4			UBR4	0	TRUE	turquoise	0.39	0.505	0.505	0.011741	0.3757	0.2653	0.3875
ENSG00000232807.2	AL137186.2	ENSG00000232807.2	lncRNA	chr10	5934270	5945900	-	11631	3	3	2	exonic_sense	exonic_sense	clone-based (unnamed)	TRUE	TRUE	FALSE	FALSE	TRUE	TRUE	FALSE	IL15RA	FBH1		FBH1;IL15RA			IL15RA	0	TRUE	greenyellow	0.4863	0.4275	0.4275	0.011165	0.6501	0.3251	0.7789
ENSG00000240731.1	AL139287.1	ENSG00000240731.1	lncRNA	chr1	1317581	1318689	-	1109	1	2	2	exonic_sense	exonic_sense	clone-based (unnamed)	TRUE	FALSE	TRUE	TRUE	TRUE	FALSE	FALSE	INTS11		INTS11	INTS11			INTS11	0	TRUE	black	0.751	0.8585	0.8585	0.06853	2.4056	0.91	0.9941
ENSG00000229896.2	AL157373.2	ENSG00000229896.2	lncRNA	chr6	12007670	12008856	+	1187	2	3	3	exonic_sense	exonic_sense	clone-based (unnamed)	TRUE	FALSE	FALSE	FALSE	TRUE	FALSE	FALSE	HIVEP1			HIVEP1			HIVEP1	0	TRUE	pink	0.4785	0.2629	0.2629	0.013539	0.5609	0.4337	0.6067
ENSG00000239665.8	AL157392.3	ENSG00000239665.8	lncRNA	chr10	13631143	13668445	+	37303	56	17	8	exonic_sense	exonic_sense	clone-based (unnamed)	TRUE	TRUE	FALSE	FALSE	TRUE	TRUE	FALSE	AL157392.5	FRMD4A		AL157392.5;FRMD4A			FRMD4A	0	FALSE	green	0.7153	0.8248	0.8248	0.019097	0.7402	0.2967	0.908
ENSG00000243155.1	AL162431.1	ENSG00000243155.1	lncRNA	chr1	180944042	180976482	-	32441	1	2	2	exonic_sense	exonic_sense	clone-based (unnamed)	TRUE	TRUE	FALSE	FALSE	TRUE	TRUE	FALSE	STX6	KIAA1614		KIAA1614;STX6			STX6	0	TRUE	turquoise	0.3999	0.3821	0.3821	0.0073403	0.345	0.1639	0.362
ENSG00000232640.1	AL354892.2	ENSG00000232640.1	lncRNA	chr6	169725091	169725854	-	764	1	3	3	exonic_sense	exonic_sense	clone-based (unnamed)	TRUE	FALSE	FALSE	FALSE	TRUE	FALSE	FALSE	PHF10			PHF10			PHF10	0	TRUE	pink	0.4627	0.0674	0.0674	0.008206	1.552	0.4652	0.9941
ENSG00000273066.5	AL355987.4	ENSG00000273066.5	lncRNA	chr9	136799223	136810042	+	10820	2	9	10	exonic_sense	exonic_sense	clone-based (unnamed)	TRUE	FALSE	FALSE	FALSE	TRUE	FALSE	FALSE	AL355987.3;CCDC183;RABL6			AL355987.3;CCDC183;RABL6			RABL6	0	TRUE	grey	0.0502	0.6838	0.6838	0.013203	0.2717	0.305	0.1977
ENSG00000258768.2	AL356019.2	ENSG00000258768.2	lncRNA	chr14	20260480	20264308	-	3829	1	1	1	exonic_sense	exonic_sense	clone-based (unnamed)	TRUE	FALSE	FALSE	FALSE	TRUE	FALSE	FALSE	TTC5			TTC5			TTC5	0	TRUE	salmon	0.46	0.42	0.42	0.0068264	0.4526	0.204	0.5793
ENSG00000240291.1	AL450384.2	ENSG00000240291.1	lncRNA	chr10	18513115	18545651	-	32537	2	6	5	exonic_sense	exonic_sense	clone-based (unnamed)	TRUE	TRUE	FALSE	FALSE	TRUE	TRUE	FALSE	NSUN6	CACNB2		CACNB2;NSUN6			NSUN6	0	TRUE	turquoise	0.6493	0.8045	0.8045	0.032461	0.7339	0.4587	0.7299
ENSG00000249602.1	AL589765.4	ENSG00000249602.1	lncRNA	chr1	151763384	151769501	-	6118	1	3	3	exonic_sense	exonic_sense	clone-based (unnamed)	TRUE	TRUE	FALSE	FALSE	TRUE	TRUE	FALSE	MRPL9	OAZ3		MRPL9;OAZ3			OAZ3	0	FALSE	grey	0.0863	0.0301	0.0301	0.0023312	0.493	0.266	0.6536
ENSG00000242861.1	AL591895.1	ENSG00000242861.1	lncRNA	chr1	225840883	225846522	-	5640	1	2	2	exonic_sense	exonic_sense	clone-based (unnamed)	TRUE	FALSE	FALSE	FALSE	TRUE	TRUE	FALSE	TMEM63A			EPHX1;TMEM63A			TMEM63A	0	TRUE	purple	0.6479	0.5306	0.5306	0.043688	3.9853	0.7908	1
ENSG00000235381.1	AL596202.1	ENSG00000235381.1	lncRNA	chr6	155253139	155256724	-	3586	1	2	2	exonic_sense	exonic_sense	clone-based (unnamed)	TRUE	TRUE	FALSE	FALSE	TRUE	TRUE	FALSE	TFB1M	TIAM2		TIAM2;TFB1M			TFB1M	0	TRUE	turquoise	0.3377	0.5805	0.5805	0.0083664	0.3576	0.1566	0.3933
ENSG00000230896.1	AL604028.1	ENSG00000230896.1	lncRNA	chr1	45694684	45697075	-	2392	1	2	2	exonic_sense	exonic_sense	clone-based (unnamed)	TRUE	FALSE	TRUE	TRUE	TRUE	FALSE	FALSE	IPP		IPP	IPP			IPP	0	TRUE	purple	0.5856	0.2861	0.2861	0.012912	1.9302	0.386	1
ENSG00000249007.1	AL691482.3	ENSG00000249007.1	lncRNA	chr1	202011370	202015657	+	4288	1	2	2	exonic_sense	exonic_sense	clone-based (unnamed)	TRUE	FALSE	FALSE	FALSE	TRUE	FALSE	FALSE	ELF3			ELF3			ELF3	0	TRUE	grey	0.1069	0.4698	0.4698	0.012824	0.3074	0.4276	0.2622
ENSG00000228107.1	AP000692.1	ENSG00000228107.1	lncRNA	chr21	36360630	36362040	+	1411	1	2	2	exonic_sense	exonic_sense	clone-based (unnamed)	TRUE	FALSE	TRUE	TRUE	TRUE	FALSE	FALSE	MORC3		MORC3	MORC3			MORC3	0	TRUE	green	0.4924	0.8393	0.8393	0.024714	0.5732	0.3819	0.6125
ENSG00000254676.1	AP000873.4	ENSG00000254676.1	lncRNA	chr11	83180144	83184520	+	4377	1	2	2	exonic_sense	exonic_sense	clone-based (unnamed)	TRUE	FALSE	FALSE	FALSE	TRUE	FALSE	FALSE	PCF11			PCF11			PCF11	0	TRUE	black	0.6134	0.8503	0.8503	0.0207	0.4123	0.2937	0.4638
ENSG00000254837.2	AP001372.2	ENSG00000254837.2	lncRNA	chr11	74493366	74498533	+	5168	2	2	2	exonic_sense	exonic_sense	clone-based (unnamed)	TRUE	TRUE	FALSE	FALSE	TRUE	TRUE	FALSE	POLD3	LIPT2		LIPT2;POLD3	LIPT2	51	POLD3	0	TRUE	cyan	0.5251	0.009	0.009	0.0012782	1.9937	0.355	1
ENSG00000239415.1	AP001469.3	ENSG00000239415.1	lncRNA	chr21	46251549	46254133	-	2585	2	2	2	exonic_sense	exonic_sense	clone-based (unnamed)	TRUE	FALSE	FALSE	FALSE	TRUE	FALSE	FALSE	MCM3AP			MCM3AP			MCM3AP	0	TRUE	turquoise	0.3655	0.5479	0.5479	0.0098422	0.3514	0.2023	0.3659
ENSG00000285693.1	AP002381.2	ENSG00000285693.1	lncRNA	chr11	72793624	72814054	-	20431	1	5	5	exonic_sense	exonic_sense	clone-based (unnamed)	TRUE	FALSE	FALSE	FALSE	TRUE	FALSE	FALSE	STARD10			STARD10	ATG16L2	352	STARD10	0	TRUE	brown	0.7579	0.5274	0.5274	0.016619	0.7055	0.304	0.8943
ENSG00000255031.5	AP002807.1	ENSG00000255031.5	lncRNA	chr11	68050740	68053762	+	3023	3	4	3	exonic_sense	exonic_sense	clone-based (unnamed)	TRUE	TRUE	FALSE	FALSE	TRUE	TRUE	FALSE	TCIRG1	CHKA		TCIRG1;CHKA			CHKA	0	FALSE	black	0.6367	0.7915	0.7915	0.030143	0.6065	0.4645	0.5851
ENSG00000270179.1	AP002840.2	ENSG00000270179.1	lncRNA	chr11	113368478	113369117	+	640	1	1	1	exonic_sense	exonic_sense	clone-based (unnamed)	TRUE	FALSE	TRUE	TRUE	TRUE	FALSE	FALSE	TTC12		TTC12	TTC12			TTC12	0	TRUE	pink	0.4966	0.3624	0.3624	0.017711	1.3798	0.4412	0.9922
ENSG00000271147.8	ARMCX5-GPRASP2	ENSG00000271147.8	lncRNA	chrX	102599512	102714671	+	115160	10	11	7	exonic_sense	exonic_sense	other	TRUE	FALSE	FALSE	FALSE	TRUE	FALSE	FALSE	ARMCX5;GPRASP2;ARMCX5-GPRASP2			ARMCX5;GPRASP1;GPRASP2;ARMCX5-GPRASP2			ARMCX5-GPRASP2	0	TRUE	cyan	0.4899	0.1975	0.1975	0.0014765	0.7639	0.1872	0.9843
ENSG00000282851.2	BISPR	ENSG00000282851.2	lncRNA	chr19	17405686	17419324	+	13639	18	5	5	exonic_sense	exonic_sense	other	TRUE	FALSE	FALSE	FALSE	TRUE	FALSE	FALSE	MVB12A			MVB12A	BST2	56	MVB12A	0	TRUE	yellow	0.4461	0.2869	0.2869	0.014588	1.5366	0.4693	0.9843
ENSG00000288596.2	C8orf44	ENSG00000288596.2	lncRNA	chr8	66667615	66685564	+	17950	5	7	4	exonic_sense	exonic_sense	other	TRUE	FALSE	FALSE	FALSE	TRUE	FALSE	FALSE	C8orf44-SGK3			C8orf44-SGK3	VCPIP1	384	C8orf44-SGK3	0	TRUE	turquoise	0.7476	0.8371	0.8371	0.032811	1.0903	0.4525	0.9843
ENSG00000260807.7	CEROX1	ENSG00000260807.7	lncRNA	chr16	975761	981596	-	5836	11	2	4	exonic_sense	exonic_sense	other	TRUE	FALSE	FALSE	FALSE	TRUE	FALSE	FALSE	LMF1			LMF1	SOX8	174	LMF1	0	TRUE	magenta	0.5604	0.4202	0.4202	0.0062872	0.4359	0.5638	0.3425
ENSG00000272888.7	CHASERR	ENSG00000272888.7	lncRNA	chr15	92819540	92899701	+	80162	11	8	6	exonic_sense	exonic_sense	other	TRUE	FALSE	FALSE	FALSE	TRUE	FALSE	FALSE	AC013394.1			AC013394.1			AC013394.1	0	TRUE	purple	0.5899	0.4575	0.4575	0.017945	2.4234	0.4018	1
ENSG00000248429.5	FAM198B-AS1	ENSG00000248429.5	lncRNA	chr4	158170752	158202877	+	32126	5	8	6	exonic_sense	exonic_sense	antisense	TRUE	TRUE	FALSE	FALSE	TRUE	TRUE	FALSE	TMEM144	GASK1B		GASK1B;TMEM144	GASK1B	374	TMEM144	0	TRUE	red	0.3075	0.2509	0.2509	0.0012982	0.2738	0.2085	0.2114
ENSG00000226711.7	FAM66C	ENSG00000226711.7	lncRNA	chr12	8180209	8216151	+	35943	10	11	8	exonic_sense	exonic_sense	other	TRUE	FALSE	FALSE	FALSE	TRUE	FALSE	FALSE	ZNF705A			ZNF705A			ZNF705A	0	TRUE	grey	0.2317	0.4421	0.4421	0.0056381	0.4773	0.1945	0.683
ENSG00000196295.12	GARS1-DT	ENSG00000196295.12	lncRNA	chr7	30516309	30595286	-	78978	42	19	9	exonic_sense	exonic_sense	divergent	TRUE	TRUE	FALSE	FALSE	TRUE	TRUE	FALSE	AC005154.5	GARS1		AC005154.5;GARS1	GARS1	23	GARS1	0	FALSE	turquoise	0.6352	0.9044	0.9044	0.031296	0.8484	0.4269	0.8845
ENSG00000233695.2	GAS6-AS1	ENSG00000233695.2	lncRNA	chr13	113815630	113845744	+	30115	2	5	5	exonic_sense	exonic_sense	antisense	TRUE	TRUE	FALSE	FALSE	TRUE	TRUE	FALSE	TMEM255B	GAS6		TMEM255B;GAS6			GAS6	0	FALSE	turquoise	0.3687	0.6475	0.6475	0.047593	1.2895	0.8	0.8806
ENSG00000197536.11	IRF1-AS1	ENSG00000197536.11	lncRNA	chr5	132410636	132488702	+	78067	7	8	5	exonic_sense	exonic_sense	antisense	TRUE	TRUE	FALSE	FALSE	TRUE	TRUE	FALSE	AC116366.2	IRF1		AC116366.2;IRF1			IRF1	0	FALSE	yellow	0.6533	0.7252	0.7252	0.023535	0.8784	0.3708	0.9452
ENSG00000218510.8	LINC00339	ENSG00000218510.8	lncRNA	chr1	22024558	22031223	+	6666	13	6	4	exonic_sense	exonic_sense	lincRNA (named)	TRUE	FALSE	FALSE	FALSE	TRUE	FALSE	FALSE	CDC42			CDC42			CDC42	0	TRUE	green	0.6566	0.818	0.818	0.015779	0.3464	0.2319	0.3914
ENSG00000224914.4	LINC00863	ENSG00000224914.4	lncRNA	chr10	87341685	87357882	+	16198	7	7	5	exonic_sense	exonic_sense	lincRNA (named)	TRUE	FALSE	FALSE	FALSE	TRUE	FALSE	FALSE	NUTM2D			NUTM2D			NUTM2D	0	TRUE	grey	-0.199	0.2676	0.2676	0.0022874	0.4923	0.159	0.7573
ENSG00000241769.7	LINC00893	ENSG00000241769.7	lncRNA	chrX	149527591	149540959	-	13369	16	14	10	exonic_sense	exonic_sense	lincRNA (named)	TRUE	TRUE	FALSE	FALSE	TRUE	TRUE	FALSE	AC244197.3	EOLA1		AC244197.3;EOLA1	EOLA1	16	EOLA1	0	FALSE	turquoise	0.6671	0.858	0.858	0.019997	0.3143	0.2796	0.3562
ENSG00000281005.1	LINC00921	ENSG00000281005.1	lncRNA	chr16	3263743	3267567	+	3825	2	2	3	exonic_sense	exonic_sense	lincRNA (named)	TRUE	FALSE	FALSE	FALSE	TRUE	FALSE	FALSE	ZNF263			ZNF263			ZNF263	0	TRUE	turquoise	0.4215	0.6237	0.6237	0.01775	0.7759	0.2965	0.908
ENSG00000244041.7	LINC01011	ENSG00000244041.7	lncRNA	chr6	2987967	2991173	+	3207	4	2	3	exonic_sense	exonic_sense	lincRNA (named)	TRUE	FALSE	FALSE	FALSE	TRUE	FALSE	FALSE	NQO2			NQO2			NQO2	0	TRUE	pink	0.5314	0.4625	0.4625	0.021108	1.091	0.4005	0.9765
ENSG00000212694.8	LINC01089	ENSG00000212694.8	lncRNA	chr12	121795267	121803906	-	8640	12	9	7	exonic_sense	exonic_sense	lincRNA (named)	TRUE	FALSE	FALSE	FALSE	TRUE	FALSE	FALSE	RHOF			RHOF	SETD1B	103	RHOF	0	TRUE	turquoise	0.7695	0.8141	0.8141	0.052525	1.3258	0.7254	0.9315
ENSG00000281404.2	LINC01176	ENSG00000281404.2	lncRNA	chr7	30390885	30412375	+	21491	3	5	3	exonic_sense	exonic_sense	lincRNA (named)	TRUE	FALSE	FALSE	FALSE	TRUE	FALSE	FALSE	AC006978.2			AC006978.2			AC006978.2	0	TRUE	turquoise	0.5135	0.8204	0.8204	0.027212	0.5959	0.3803	0.6477
ENSG00000226891.9	LINC01359	ENSG00000226891.9	lncRNA	chr1	64972225	65002489	-	30265	21	9	10	exonic_sense	exonic_sense	lincRNA (named)	TRUE	FALSE	TRUE	TRUE	TRUE	FALSE	FALSE	JAK1		JAK1	JAK1			JAK1	0	TRUE	salmon	0.7035	0.838	0.838	0.015336	0.2572	0.2163	0.2407
ENSG00000257242.8	LINC01619	ENSG00000257242.8	lncRNA	chr12	91984976	92142914	-	157939	12	13	6	exonic_sense	exonic_sense	lincRNA (named)	TRUE	FALSE	FALSE	FALSE	TRUE	FALSE	FALSE	BTG1			BTG1			BTG1	0	TRUE	yellow	0.4703	0.3981	0.3981	0.0069266	0.3119	0.2561	0.2446
ENSG00000231312.7	MAP4K3-DT	ENSG00000231312.7	lncRNA	chr2	39436530	39665343	+	228814	20	17	9	exonic_sense	exonic_sense	divergent	TRUE	TRUE	FALSE	FALSE	TRUE	TRUE	FALSE	TMEM178A	MAP4K3		MAP4K3;TMEM178A	MAP4K3	68	TMEM178A	0	TRUE	grey	-0.1442	0.036	0.036	-0.00054828	0.8529	0.2054	1
ENSG00000255248.9	MIR100HG	ENSG00000255248.9	lncRNA	chr11	122028325	122556721	-	528397	89	40	10	exonic_sense	exonic_sense	other	TRUE	FALSE	FALSE	FALSE	TRUE	FALSE	FALSE	BLID			BLID			BLID	0	TRUE	grey	0.1484	0.0794	0.0794	-0.00076775	0.4164	0.302	0.4521
ENSG00000236901.6	MIR600HG	ENSG00000236901.6	lncRNA	chr9	123109494	123115477	-	5984	2	1	1	exonic_sense	exonic_sense	other	TRUE	FALSE	FALSE	FALSE	TRUE	FALSE	FALSE	STRBP			STRBP			STRBP	0	TRUE	magenta	0.5865	0.4648	0.4648	0.010046	0.6348	0.3347	0.7495
ENSG00000242086.8	MUC20-OT1	ENSG00000242086.8	lncRNA	chr3	195658062	195739964	+	81903	142	44	14	exonic_sense	exonic_sense	other	TRUE	FALSE	FALSE	FALSE	TRUE	FALSE	FALSE	MUC20			MUC20			MUC20	0	TRUE	grey	-0.0166	0.7896	0.7896	0.047965	1.4025	0.7342	0.9648
ENSG00000247556.6	OIP5-AS1	ENSG00000247556.6	lncRNA	chr15	41283990	41309737	+	25748	10	10	5	exonic_sense	exonic_sense	antisense	TRUE	TRUE	FALSE	FALSE	TRUE	TRUE	FALSE	AC087721.2	OIP5		AC087721.2;OIP5			OIP5	0	FALSE	midnightblue	0.6987	0.1431	0.1431	-0.00070919	3.4902	0.3997	1
ENSG00000179818.14	PCBP1-AS1	ENSG00000179818.14	lncRNA	chr2	69962263	70103220	-	140958	239	50	11	exonic_sense	exonic_sense	antisense	TRUE	TRUE	FALSE	FALSE	TRUE	TRUE	FALSE	ASPRV1	PCBP1		ASPRV1;PCBP1	PCBP1	42	PCBP1	0	FALSE	blue	0.5147	0.6489	0.6489	0.018468	0.9454	0.3034	0.9863
ENSG00000282977.1	PCBP2-OT1	ENSG00000282977.1	lncRNA	chr12	53464468	53465057	+	590	1	1	1	exonic_sense	exonic_sense	other	TRUE	FALSE	TRUE	TRUE	TRUE	FALSE	FALSE	PCBP2		PCBP2	PCBP2			PCBP2	0	TRUE	green	0.3445	0.7357	0.7357	0.012201	0.2519	0.2325	0.2505
ENSG00000117242.7	PINK1-AS	ENSG00000117242.7	lncRNA	chr1	20642657	20652193	-	9537	1	3	3	exonic_sense	exonic_sense	antisense	TRUE	TRUE	FALSE	FALSE	TRUE	TRUE	FALSE	DDOST	PINK1		PINK1;DDOST			DDOST	0	TRUE	grey	0.097	0.1433	0.1433	0.0043929	0.9952	0.2306	0.9941
ENSG00000257621.8	PSMA3-AS1	ENSG00000257621.8	lncRNA	chr14	58265365	58298134	-	32770	16	10	5	exonic_sense	exonic_sense	antisense	TRUE	FALSE	FALSE	FALSE	TRUE	TRUE	FALSE	ARMH4			ARMH4;PSMA3	ARID4A	370	PSMA3	0	FALSE	black	0.6848	0.8356	0.8356	0.045363	2.3086	0.6291	1
ENSG00000204261.9	PSMB8-AS1	ENSG00000204261.9	lncRNA	chr6	32844078	32846500	+	2423	7	1	3	exonic_sense	exonic_sense	antisense	TRUE	TRUE	FALSE	FALSE	TRUE	TRUE	FALSE	PSMB9	PSMB8;TAP1		PSMB8;PSMB9;TAP1	PSMB8	31	TAP1	0	FALSE	yellow	0.6344	0.3483	0.3483	0.022285	2.2491	0.5264	1
ENSG00000196204.12	RNF216P1	ENSG00000196204.12	lncRNA	chr7	4973988	5040675	+	66688	12	10	7	exonic_sense	exonic_sense	other	TRUE	FALSE	FALSE	FALSE	TRUE	FALSE	FALSE	RBAK-RBAKDN			RBAK-RBAKDN			RBAK-RBAKDN	0	TRUE	turquoise	0.4064	0.3555	0.3555	0.0076841	1.085	0.2457	0.998
ENSG00000281501.1	SEPSECS-AS1	ENSG00000281501.1	lncRNA	chr4	25160641	25201440	+	40800	2	3	2	exonic_sense	exonic_sense	antisense	TRUE	FALSE	FALSE	FALSE	TRUE	FALSE	FALSE	PI4K2B			PI4K2B	SEPSECS	192	PI4K2B	0	TRUE	grey	-0.0536	0.3945	0.3945	0.007047	0.5002	0.211	0.6928
ENSG00000224078.15	SNHG14	ENSG00000224078.15	lncRNA	chr15	24978583	25420336	+	441754	142	141	59	exonic_sense	exonic_sense	other	TRUE	TRUE	FALSE	FALSE	TRUE	TRUE	FALSE	SNRPN;AC124312.1	UBE3A		SNRPN;AC124312.1;UBE3A			UBE3A	0	FALSE	midnightblue	0.569	0.5107	0.5107	0.0086864	0.6606	0.2481	0.8689
ENSG00000234912.12	SNHG20	ENSG00000234912.12	lncRNA	chr17	77086716	77099902	+	13187	18	5	4	exonic_sense	exonic_sense	other	TRUE	FALSE	FALSE	FALSE	TRUE	FALSE	FALSE	SEC14L1			SEC14L1			SEC14L1	0	TRUE	black	0.5528	0.7216	0.7216	0.026959	1.0964	0.3884	0.9922
ENSG00000242125.3	SNHG3	ENSG00000242125.3	lncRNA	chr1	28505980	28510892	+	4913	3	3	3	exonic_sense	exonic_sense	other	TRUE	FALSE	FALSE	FALSE	TRUE	FALSE	FALSE	RCC1			RCC1			RCC1	0	TRUE	turquoise	0.5446	0.6688	0.6688	0.034537	1.5127	0.6416	1
ENSG00000281398.4	SNHG4	ENSG00000281398.4	lncRNA	chr5	139274102	139284899	+	10798	9	8	7	exonic_sense	exonic_sense	other	TRUE	TRUE	FALSE	FALSE	TRUE	TRUE	FALSE	MATR3	SIL1		SIL1;MATR3			MATR3	0	TRUE	turquoise	0.3876	0.6351	0.6351	0.014793	0.5946	0.3611	0.6849
ENSG00000230513.2	THAP7-AS1	ENSG00000230513.2	lncRNA	chr22	21001886	21010342	+	8457	4	2	2	exonic_sense	exonic_sense	antisense	TRUE	TRUE	FALSE	FALSE	TRUE	TRUE	FALSE	P2RX6	THAP7		THAP7;P2RX6	THAP7	12	P2RX6	0	TRUE	pink	0.6024	0.0695	0.0695	0.005034	0.5495	0.2403	0.7554
ENSG00000251022.6	THAP9-AS1	ENSG00000251022.6	lncRNA	chr4	82893009	82900960	-	7952	12	4	5	exonic_sense	exonic_sense	antisense	TRUE	TRUE	FALSE	FALSE	TRUE	TRUE	FALSE	SEC31A	THAP9		SEC31A;THAP9	THAP9	113	THAP9	0	FALSE	turquoise	0.3708	0.6099	0.6099	0.031289	2.7225	0.6075	1
ENSG00000228242.6	XPC-AS1	ENSG00000228242.6	lncRNA	chr3	14144637	14165978	+	21342	17	11	7	exonic_sense	exonic_sense	antisense	TRUE	TRUE	FALSE	FALSE	TRUE	TRUE	FALSE	AC090004.1	XPC		AC090004.1;XPC	XPC	914	XPC	0	FALSE	black	0.6395	0.8688	0.8688	0.015751	0.3968	0.2227	0.4481
ENSG00000219665.8	ZNF433-AS1	ENSG00000219665.8	lncRNA	chr19	11987617	12046275	+	58659	9	10	4	exonic_sense	exonic_sense	antisense	TRUE	TRUE	FALSE	FALSE	TRUE	TRUE	FALSE	AC008770.4	ZNF433;AC008770.1		AC008770.4;ZNF433;AC008770.1;ZNF878	ZNF433	82	ZNF878	0	FALSE	turquoise	0.4207	0.7651	0.7651	0.0079509	0.2799	0.1348	0.2074
ENSG00000267454.6	ZNF582-AS1	ENSG00000267454.6	lncRNA	chr19	56393656	56399172	+	5517	6	3	4	exonic_sense	exonic_sense	antisense	TRUE	FALSE	FALSE	FALSE	TRUE	FALSE	FALSE	ZNF583			ZNF583	ZNF582	111	ZNF583	0	TRUE	grey	-0.4435	0.1786	0.1786	0.0058206	0.5576	0.3165	0.6614
ENSG00000245105.4	A2M-AS1	ENSG00000245105.4	lncRNA	chr12	9065163	9068689	+	3527	4	2	3	antisense	exonic_antisense	antisense	FALSE	TRUE	FALSE	FALSE	FALSE	TRUE	FALSE		A2M		A2M			A2M	0	FALSE	grey	0.1047	0.3165	0.3165	0.0062665	0.7922	0.2697	0.953
ENSG00000234459.1	AC002064.2	ENSG00000234459.1	lncRNA	chr7	90266034	90270216	-	4183	1	3	3	antisense	antisense_overlapping	clone-based (unnamed)	FALSE	FALSE	FALSE	FALSE	FALSE	TRUE	FALSE				CFAP69			CFAP69	0	FALSE	grey	-0.1001	0.6677	0.6677	0.025647	0.7101	0.4971	0.6928
ENSG00000248636.7	AC002070.1	ENSG00000248636.7	lncRNA	chr12	119361247	119668079	-	306833	4	6	4	antisense	exonic_antisense	clone-based (unnamed)	FALSE	TRUE	FALSE	FALSE	FALSE	TRUE	FALSE		PRKAB1		CCDC60;TMEM233;PRKAB1	PRKAB1	54	PRKAB1	0	FALSE	red	0.6647	-0.0164	0.0164	0.0031249	1.2891	0.4883	0.9589
ENSG00000235560.4	AC002310.1	ENSG00000235560.4	lncRNA	chr16	30534752	30537149	+	2398	3	3	2	antisense	exonic_antisense	clone-based (unnamed)	FALSE	TRUE	FALSE	FALSE	FALSE	TRUE	FALSE		AC002310.4;ZNF747		AC002310.4;ZNF747	ZNF747	45	ZNF747	0	FALSE	pink	0.5324	0.3094	0.3094	0.0075254	0.6002	0.204	0.8767
ENSG00000267049.1	AC002398.1	ENSG00000267049.1	lncRNA	chr19	35769144	35771028	-	1885	1	2	2	antisense	exonic_antisense	clone-based (unnamed)	FALSE	TRUE	FALSE	FALSE	FALSE	TRUE	FALSE		PROSER3		PROSER3			PROSER3	0	FALSE	purple	0.5336	0.4165	0.4165	0.012743	0.48	0.2876	0.5832
ENSG00000236472.1	AC002401.1	ENSG00000236472.1	lncRNA	chr17	50135586	50146176	+	10591	1	4	4	antisense	exonic_antisense	clone-based (unnamed)	FALSE	TRUE	FALSE	FALSE	FALSE	TRUE	FALSE		PPP1R9B		PPP1R9B			PPP1R9B	0	FALSE	blue	0.4874	0.2692	0.2692	0.0080671	0.3039	0.37	0.274
ENSG00000231170.7	AC002451.1	ENSG00000231170.7	lncRNA	chr7	95545191	95615132	+	69942	16	9	3	antisense	antisense_overlapping	clone-based (unnamed)	FALSE	FALSE	FALSE	FALSE	FALSE	TRUE	FALSE				PDK4	PDK4	154	PDK4	0	FALSE	cyan	0.5741	0.4307	0.4307	0.0064983	0.3124	0.1745	0.2935
ENSG00000241764.4	AC002467.1	ENSG00000241764.4	lncRNA	chr7	107739999	107744581	-	4583	7	4	2	antisense	exonic_antisense	clone-based (unnamed)	FALSE	TRUE	FALSE	FALSE	FALSE	TRUE	FALSE		CBLL1		CBLL1	CBLL1	4	CBLL1	0	FALSE	grey	0.054	0.005	0.005	0.0004674	0.4287	0.16	0.5851
ENSG00000227782.2	AC002553.1	ENSG00000227782.2	lncRNA	chr17	16040472	16041273	+	802	1	1	1	antisense	exonic_antisense	clone-based (unnamed)	FALSE	TRUE	TRUE	TRUE	TRUE	TRUE	FALSE		NCOR1	TTC19	TTC19;NCOR1	NCOR1	364	NCOR1	0	FALSE	black	0.5741	0.8413	0.8413	0.036665	1.0114	0.5057	0.9237
ENSG00000255692.1	AC002563.1	ENSG00000255692.1	lncRNA	chr12	119699768	119701011	+	1244	1	2	2	antisense	exonic_antisense	clone-based (unnamed)	FALSE	TRUE	TRUE	FALSE	FALSE	TRUE	FALSE		CIT	CIT	CIT			CIT	0	FALSE	grey	-0.2791	0.5749	0.5749	0.019684	0.3618	0.3771	0.3444
ENSG00000267344.1	AC003070.1	ENSG00000267344.1	lncRNA	chr17	45396932	45397477	+	546	1	2	2	antisense	exonic_antisense	clone-based (unnamed)	FALSE	TRUE	FALSE	FALSE	FALSE	TRUE	FALSE		ARHGAP27		ARHGAP27	ARHGAP27	162	ARHGAP27	0	FALSE	black	0.5873	0.7954	0.7954	0.027452	0.5726	0.4098	0.5793
ENSG00000260793.2	AC003102.1	ENSG00000260793.2	lncRNA	chr17	44221401	44223710	+	2310	2	2	2	antisense	exonic_antisense	clone-based (unnamed)	FALSE	TRUE	FALSE	FALSE	FALSE	TRUE	FALSE		UBTF		UBTF	UBTF	289	UBTF	0	FALSE	black	0.6731	0.8176	0.8176	0.034444	0.7973	0.5065	0.7162
ENSG00000268564.1	AC003956.1	ENSG00000268564.1	lncRNA	chr19	15124160	15126174	+	2015	1	3	3	antisense	antisense_overlapping	clone-based (unnamed)	FALSE	FALSE	FALSE	FALSE	FALSE	TRUE	FALSE				ILVBL	ILVBL	126	ILVBL	0	FALSE	green	0.4702	0.6005	0.6005	0.012517	0.3357	0.273	0.364
ENSG00000262482.1	AC004034.1	ENSG00000262482.1	lncRNA	chr16	2939714	2954276	-	14563	1	3	3	antisense	exonic_antisense	clone-based (unnamed)	FALSE	TRUE	FALSE	FALSE	FALSE	TRUE	FALSE		FLYWCH1		FLYWCH1			FLYWCH1	0	FALSE	turquoise	0.4117	0.7565	0.7565	0.014804	0.2988	0.2498	0.3229
ENSG00000226851.1	AC004112.1	ENSG00000226851.1	lncRNA	chr7	112328189	112409623	-	81435	2	6	4	antisense	antisense_overlapping	clone-based (unnamed)	FALSE	FALSE	FALSE	FALSE	FALSE	TRUE	FALSE				ZNF277			ZNF277	0	FALSE	midnightblue	0.5038	0.2006	0.2006	0.0017481	0.4746	0.2756	0.5871
ENSG00000271133.5	AC004130.2	ENSG00000271133.5	lncRNA	chr7	20328299	20331747	-	3449	2	4	4	antisense	exonic_antisense	clone-based (unnamed)	FALSE	TRUE	FALSE	FALSE	FALSE	TRUE	FALSE		ITGB8		ITGB8	ITGB8	230	ITGB8	0	FALSE	grey	0.0086	0.0044	0.0044	0.0037036	1.238	0.4925	0.9824
ENSG00000263990.1	AC004253.1	ENSG00000263990.1	lncRNA	chr17	31873926	31886666	+	12741	1	2	2	antisense	exonic_antisense	clone-based (unnamed)	FALSE	TRUE	FALSE	FALSE	FALSE	TRUE	FALSE		UTP6		UTP6	UTP6	82	UTP6	0	FALSE	turquoise	0.5873	0.8241	0.8241	0.037086	0.759	0.5087	0.7025
ENSG00000275936.1	AC004263.1	ENSG00000275936.1	lncRNA	chr12	120224744	120225421	+	678	1	1	1	antisense	exonic_antisense	clone-based (unnamed)	FALSE	TRUE	TRUE	FALSE	FALSE	TRUE	FALSE		PXN	PXN	PXN	PXN	367	PXN	0	FALSE	turquoise	0.5375	0.792	0.792	0.018622	0.2788	0.2746	0.2975
ENSG00000286067.1	AC004263.2	ENSG00000286067.1	lncRNA	chr12	120218070	120222668	+	4599	1	3	3	antisense	exonic_antisense	clone-based (unnamed)	FALSE	TRUE	FALSE	FALSE	FALSE	TRUE	FALSE		PXN		PXN			PXN	0	FALSE	black	0.581	0.8512	0.8512	0.046372	1.2818	0.7263	0.9061
ENSG00000268812.3	AC004264.1	ENSG00000268812.3	lncRNA	chr22	30246205	30246998	+	794	1	1	1	antisense	exonic_antisense	clone-based (unnamed)	FALSE	TRUE	FALSE	FALSE	FALSE	TRUE	FALSE		LIF		LIF			LIF	0	FALSE	grey	0.3428	0.3721	0.3721	0.013082	0.6256	0.5615	0.5871
ENSG00000276691.1	AC004466.3	ENSG00000276691.1	lncRNA	chr12	47788426	47788971	+	546	1	1	1	antisense	exonic_antisense	clone-based (unnamed)	FALSE	TRUE	TRUE	FALSE	FALSE	TRUE	FALSE		HDAC7	HDAC7	HDAC7	HDAC7	257	HDAC7	0	FALSE	black	0.4608	0.75	0.75	0.017168	0.3341	0.3131	0.3288
ENSG00000223461.1	AC004471.1	ENSG00000223461.1	lncRNA	chr22	19121529	19124503	+	2975	1	2	2	antisense	antisense_overlapping	clone-based (unnamed)	FALSE	FALSE	FALSE	FALSE	FALSE	TRUE	FALSE				DGCR2			DGCR2	0	FALSE	pink	0.3868	0.2268	0.2268	0.0060346	0.2929	0.208	0.2798
ENSG00000225792.2	AC004540.2	ENSG00000225792.2	lncRNA	chr7	26369310	26376701	-	7392	4	4	2	antisense	exonic_antisense	clone-based (unnamed)	FALSE	TRUE	FALSE	FALSE	FALSE	TRUE	FALSE		SNX10		SNX10			SNX10	0	FALSE	grey	0.3044	0.36	0.36	0.011631	0.7351	0.4275	0.816
ENSG00000267394.1	AC004596.1	ENSG00000267394.1	lncRNA	chr17	44198882	44216565	+	17684	1	2	2	antisense	exonic_antisense	clone-based (unnamed)	FALSE	TRUE	FALSE	FALSE	FALSE	TRUE	FALSE		UBTF		ATXN7L3;UBTF	ATXN7L3	371	UBTF	0	FALSE	grey	-0.0277	0.254	0.254	0.0032989	0.3228	0.1831	0.3386
ENSG00000262227.1	AC004771.2	ENSG00000262227.1	lncRNA	chr17	4987706	4988446	+	741	1	2	2	antisense	exonic_antisense	clone-based (unnamed)	FALSE	TRUE	FALSE	FALSE	FALSE	TRUE	FALSE		INCA1		INCA1	CAMTA2	31	INCA1	0	FALSE	green	0.4157	0.4193	0.4193	0.010388	0.5499	0.2831	0.6967
ENSG00000262678.1	AC004771.4	ENSG00000262678.1	lncRNA	chr17	4986466	4987324	+	859	1	2	2	antisense	exonic_antisense	clone-based (unnamed)	FALSE	TRUE	TRUE	FALSE	FALSE	TRUE	FALSE		CAMTA2	CAMTA2	CAMTA2	CAMTA2	232	CAMTA2	0	FALSE	green	0.5206	0.6794	0.6794	0.011925	0.3192	0.2162	0.3523
ENSG00000277283.1	AC004812.2	ENSG00000277283.1	lncRNA	chr12	120116907	120119000	+	2094	1	1	1	antisense	exonic_antisense	clone-based (unnamed)	FALSE	TRUE	FALSE	FALSE	FALSE	TRUE	FALSE		RAB35		RAB35	RAB35	140	RAB35	0	FALSE	magenta	0.517	0.4577	0.4577	0.012862	1.1153	0.3	0.998
ENSG00000258944.1	AC004846.2	ENSG00000258944.1	lncRNA	chr14	73272182	73274081	-	1900	1	3	3	antisense	exonic_antisense	clone-based (unnamed)	FALSE	TRUE	FALSE	FALSE	FALSE	TRUE	FALSE		PAPLN		PAPLN			PAPLN	0	FALSE	turquoise	0.457	0.6678	0.6678	0.013365	0.2678	0.2235	0.2505
ENSG00000272768.1	AC004854.2	ENSG00000272768.1	lncRNA	chr7	44884953	44886393	+	1441	1	1	1	antisense	exonic_antisense	clone-based (unnamed)	FALSE	TRUE	FALSE	FALSE	FALSE	TRUE	FALSE		PURB		PURB			PURB	0	FALSE	brown	0.3308	0.1006	0.1006	0.0078525	0.8	0.3495	0.908
ENSG00000255306.1	AC004923.4	ENSG00000255306.1	lncRNA	chr11	68024809	68030461	-	5653	1	4	4	antisense	antisense_overlapping	clone-based (unnamed)	FALSE	FALSE	FALSE	FALSE	FALSE	TRUE	FALSE				ALDH3B1	NDUFS8	156	ALDH3B1	0	FALSE	turquoise	0.5709	0.7674	0.7674	0.024841	0.6079	0.3764	0.6497
ENSG00000259768.6	AC004943.2	ENSG00000259768.6	lncRNA	chr16	72665123	72822781	+	157659	3	8	5	antisense	exonic_antisense	clone-based (unnamed)	FALSE	TRUE	FALSE	FALSE	FALSE	TRUE	FALSE		ZFHX3		ZFHX3			ZFHX3	0	FALSE	cyan	0.5809	0.1	0.1	0.0013902	0.7547	0.2285	0.9491
ENSG00000272894.5	AC004982.2	ENSG00000272894.5	lncRNA	chr7	7552462	7566996	-	14535	3	5	3	antisense	exonic_antisense	clone-based (unnamed)	FALSE	TRUE	FALSE	FALSE	FALSE	TRUE	FALSE		MIOS		MIOS	MIOS	57	MIOS	0	FALSE	grey	0.2731	0.458	0.458	0.017701	1.167	0.6705	0.9237
ENSG00000223831.1	AC005006.1	ENSG00000223831.1	lncRNA	chr22	30598309	30606687	+	8379	1	3	3	antisense	antisense_overlapping	clone-based (unnamed)	FALSE	FALSE	FALSE	FALSE	FALSE	TRUE	FALSE				PES1			PES1	0	FALSE	grey	0.2214	0.69	0.69	0.018822	0.3928	0.3606	0.4286
ENSG00000228421.2	AC005013.1	ENSG00000228421.2	lncRNA	chr7	28957667	28959345	+	1679	1	2	2	antisense	exonic_antisense	clone-based (unnamed)	FALSE	TRUE	FALSE	FALSE	FALSE	TRUE	FALSE		TRIL		TRIL			TRIL	0	FALSE	blue	0.3337	0.4815	0.4815	0.011556	0.2502	0.2257	0.2309
ENSG00000271452.1	AC005034.5	ENSG00000271452.1	lncRNA	chr2	75669989	75670454	+	466	1	1	1	antisense	exonic_antisense	clone-based (unnamed)	FALSE	TRUE	TRUE	TRUE	TRUE	TRUE	FALSE		GCFC2	MRPL19	MRPL19;GCFC2			GCFC2	0	FALSE	midnightblue	0.4369	0.1364	0.1364	0.00038723	0.8073	0.3048	0.9061
ENSG00000273055.1	AC005046.1	ENSG00000273055.1	lncRNA	chr7	107942116	107942740	+	625	1	1	1	antisense	exonic_antisense	clone-based (unnamed)	FALSE	TRUE	TRUE	FALSE	FALSE	TRUE	FALSE		LAMB1	LAMB1	LAMB1	LAMB1	314	LAMB1	0	FALSE	black	0.4399	0.6727	0.6727	0.023819	0.77	0.5179	0.7417
ENSG00000286366.1	AC005052.2	ENSG00000286366.1	lncRNA	chrX	119791971	119810949	+	18979	1	2	2	antisense	antisense_overlapping	clone-based (unnamed)	FALSE	FALSE	FALSE	FALSE	FALSE	TRUE	FALSE				UPF3B	RPL39	341	UPF3B	0	FALSE	turquoise	0.38	0.6179	0.6179	0.0077678	0.2909	0.1414	0.2329
ENSG00000272918.1	AC005070.3	ENSG00000272918.1	lncRNA	chr7	105102838	105105483	-	2646	1	1	1	antisense	exonic_antisense	clone-based (unnamed)	FALSE	TRUE	FALSE	FALSE	FALSE	TRUE	FALSE		KMT2E		KMT2E			KMT2E	0	FALSE	midnightblue	0.4417	0.7315	0.7315	0.0069323	0.3292	0.1428	0.2975
ENSG00000224046.2	AC005076.1	ENSG00000224046.2	lncRNA	chr7	87151422	87152420	-	999	3	2	2	antisense	exonic_antisense	clone-based (unnamed)	FALSE	TRUE	FALSE	FALSE	FALSE	TRUE	FALSE		DMTF1		DMTF1	DMTF1	6	DMTF1	0	FALSE	brown	0.4962	0.1592	0.1592	0.0053206	0.6497	0.2681	0.8787
ENSG00000223374.1	AC005104.1	ENSG00000223374.1	lncRNA	chr2	241351340	241353104	-	1765	1	2	2	antisense	exonic_antisense	clone-based (unnamed)	FALSE	TRUE	FALSE	FALSE	FALSE	TRUE	FALSE		SEPTIN2		SEPTIN2			SEPTIN2	0	FALSE	black	0.7297	0.8777	0.8777	0.043442	1.0308	0.6112	0.8258
ENSG00000272568.6	AC005162.2	ENSG00000272568.6	lncRNA	chr7	28979967	29013367	+	33401	4	5	6	antisense	antisense_overlapping	clone-based (unnamed)	FALSE	FALSE	FALSE	FALSE	FALSE	TRUE	FALSE				CPVL			CPVL	0	FALSE	blue	0.4395	0.4261	0.4261	0.01505	0.4408	0.3367	0.4618
ENSG00000230258.6	AC005208.1	ENSG00000230258.6	lncRNA	chr17	70017324	70128859	-	111536	2	10	7	antisense	exonic_antisense	clone-based (unnamed)	FALSE	TRUE	FALSE	FALSE	FALSE	TRUE	FALSE		KCNJ16		KCNJ16			KCNJ16	0	FALSE	green	0.3657	0.5158	0.5158	0.020872	0.7287	0.5112	0.6869
ENSG00000273314.1	AC005229.4	ENSG00000273314.1	lncRNA	chr7	148696467	148698664	-	2198	1	1	1	antisense	exonic_antisense	clone-based (unnamed)	FALSE	TRUE	FALSE	FALSE	FALSE	TRUE	FALSE		CUL1		CUL1	CUL1	193	CUL1	0	FALSE	brown	0.3169	-0.101	0.101	-0.00046526	0.8871	0.2285	0.9902
ENSG00000268030.1	AC005253.1	ENSG00000268030.1	lncRNA	chr19	18557775	18561560	-	3786	1	2	2	antisense	exonic_antisense	clone-based (unnamed)	FALSE	TRUE	FALSE	FALSE	FALSE	TRUE	FALSE		KXD1		KXD1	KXD1	220	KXD1	0	FALSE	black	0.6449	0.8172	0.8172	0.017822	0.3966	0.2608	0.4618
ENSG00000267551.3	AC005264.1	ENSG00000267551.3	lncRNA	chr19	3141576	3155175	-	13600	1	4	4	antisense	exonic_antisense	clone-based (unnamed)	FALSE	TRUE	FALSE	FALSE	FALSE	TRUE	FALSE		GNA15		GNA15			GNA15	0	FALSE	red	0.6744	0.6985	0.6985	0.013816	0.2653	0.2343	0.2466
ENSG00000265100.1	AC005332.1	ENSG00000265100.1	lncRNA	chr17	68246629	68247938	-	1310	1	1	1	antisense	exonic_antisense	clone-based (unnamed)	FALSE	TRUE	TRUE	FALSE	FALSE	TRUE	FALSE		AMZ2	AMZ2	AMZ2	AMZ2	66	AMZ2	0	FALSE	turquoise	0.4481	0.7686	0.7686	0.015861	0.3363	0.2601	0.362
ENSG00000268938.2	AC005387.1	ENSG00000268938.2	lncRNA	chr19	18531613	18532632	+	1020	1	2	2	antisense	exonic_antisense	clone-based (unnamed)	FALSE	TRUE	FALSE	FALSE	FALSE	TRUE	FALSE		FKBP8		FKBP8			FKBP8	0	FALSE	turquoise	0.5561	0.7286	0.7286	0.025256	0.4827	0.3906	0.5166
ENSG00000259146.4	AC005476.2	ENSG00000259146.4	lncRNA	chr14	71292729	71321882	-	29154	3	7	3	antisense	antisense_overlapping	clone-based (unnamed)	FALSE	FALSE	FALSE	FALSE	FALSE	TRUE	FALSE				SIPA1L1			SIPA1L1	0	FALSE	blue	0.5509	0.3165	0.3165	0.016736	1.0305	0.4661	0.9237
ENSG00000269696.2	AC005498.3	ENSG00000269696.2	lncRNA	chr19	56545566	56567411	-	21846	2	3	3	antisense	antisense_overlapping	clone-based (unnamed)	FALSE	FALSE	FALSE	FALSE	FALSE	TRUE	FALSE				ZFP28	ZNF470	57	ZFP28	0	FALSE	grey	-0.2894	0.2567	0.2567	0.0073979	0.4517	0.274	0.5499
ENSG00000259065.2	AC005520.2	ENSG00000259065.2	lncRNA	chr14	73787355	73803300	+	15946	3	2	3	antisense	antisense_overlapping	clone-based (unnamed)	FALSE	FALSE	FALSE	FALSE	FALSE	TRUE	FALSE				MIDEAS	MIDEAS	97	MIDEAS	0	FALSE	grey	0.1176	0.2093	0.2093	0.011307	1.1934	0.4426	0.9941
ENSG00000262879.6	AC005670.3	ENSG00000262879.6	lncRNA	chr17	46983287	47100323	-	117037	34	18	7	antisense	exonic_antisense	clone-based (unnamed)	FALSE	TRUE	FALSE	FALSE	FALSE	TRUE	FALSE		AC005670.2		AC005670.2			AC005670.2	0	FALSE	midnightblue	0.732	0.1405	0.1405	0.0014548	1.0382	0.3343	0.9863
ENSG00000262050.1	AC005696.1	ENSG00000262050.1	lncRNA	chr17	2712309	2712833	+	525	1	2	2	antisense	exonic_antisense	clone-based (unnamed)	FALSE	TRUE	FALSE	FALSE	FALSE	TRUE	FALSE		CLUH		CLUH	CLUH	289	CLUH	0	FALSE	tan	0.6152	0.3294	0.3294	0.013268	0.9001	0.4242	0.9159
ENSG00000254099.1	AC005740.3	ENSG00000254099.1	lncRNA	chr5	141970637	141982687	-	12051	1	3	3	antisense	exonic_antisense	clone-based (unnamed)	FALSE	TRUE	FALSE	FALSE	FALSE	TRUE	FALSE		RNF14		RNF14			RNF14	0	FALSE	grey	0.0431	0.6775	0.6775	0.0094237	0.2376	0.1986	0.2153
ENSG00000267131.1	AC005746.2	ENSG00000267131.1	lncRNA	chr17	61361668	61400243	-	38576	1	4	4	antisense	exonic_antisense	clone-based (unnamed)	FALSE	TRUE	FALSE	FALSE	FALSE	TRUE	FALSE		TBX2		BCAS3;TBX2	TBX2	122	TBX2	0	FALSE	red	0.5399	0.3116	0.3116	0.007378	0.4114	0.2773	0.4853
ENSG00000268189.2	AC005785.1	ENSG00000268189.2	lncRNA	chr19	15379076	15381194	+	2119	2	2	2	antisense	exonic_antisense	clone-based (unnamed)	FALSE	TRUE	FALSE	FALSE	FALSE	TRUE	FALSE		AKAP8;AKAP8L		AKAP8;AKAP8L	AKAP8	151	AKAP8L	0	FALSE	turquoise	0.6505	0.8157	0.8157	0.020816	0.3732	0.3024	0.4286
ENSG00000229591.1	AC006017.1	ENSG00000229591.1	lncRNA	chr7	152120001	152121717	-	1717	1	2	2	antisense	exonic_antisense	clone-based (unnamed)	FALSE	TRUE	FALSE	FALSE	FALSE	TRUE	FALSE		GALNT11		GALNT11			GALNT11	0	FALSE	turquoise	0.5131	0.7382	0.7382	0.022909	0.4731	0.3939	0.4834
ENSG00000234286.1	AC006026.3	ENSG00000234286.1	lncRNA	chr7	23680195	23680786	-	592	1	2	2	antisense	exonic_antisense	clone-based (unnamed)	FALSE	TRUE	FALSE	FALSE	FALSE	TRUE	FALSE		FAM221A		FAM221A			FAM221A	0	FALSE	grey	-0.2882	-0.0105	0.0105	-0.002325	0.6713	0.5611	0.638
ENSG00000227719.1	AC006042.1	ENSG00000227719.1	lncRNA	chr7	8114025	8116561	+	2537	1	3	3	antisense	exonic_antisense	clone-based (unnamed)	FALSE	TRUE	FALSE	FALSE	FALSE	TRUE	FALSE		ICA1		ICA1			ICA1	0	FALSE	magenta	0.5042	0.7408	0.7408	0.030112	0.8864	0.5774	0.771
ENSG00000230084.6	AC006059.1	ENSG00000230084.6	lncRNA	chr3	42601963	42654388	-	52426	5	5	5	antisense	exonic_antisense	clone-based (unnamed)	FALSE	TRUE	FALSE	FALSE	FALSE	TRUE	FALSE		NKTR		NKTR;ZBTB47			ZBTB47	0	FALSE	midnightblue	0.5867	0.617	0.617	0.0074658	0.3646	0.2353	0.3894
ENSG00000249502.3	AC006160.1	ENSG00000249502.3	lncRNA	chr4	17586267	17614585	-	28319	2	4	4	antisense	antisense_overlapping	clone-based (unnamed)	FALSE	FALSE	FALSE	FALSE	FALSE	TRUE	FALSE				LAP3	MED28	56	LAP3	0	FALSE	yellow	0.6146	0.794	0.794	0.015364	0.3447	0.2636	0.3562
ENSG00000287778.1	AC006230.1	ENSG00000287778.1	lncRNA	chr4	11426874	11467802	+	40929	3	5	4	antisense	antisense_overlapping	clone-based (unnamed)	FALSE	FALSE	FALSE	FALSE	FALSE	TRUE	FALSE				HS3ST1	HS3ST1	126	HS3ST1	0	FALSE	turquoise	0.3468	0.7074	0.7074	0.012001	0.3201	0.2261	0.3131
ENSG00000263345.1	AC006435.2	ENSG00000263345.1	lncRNA	chr17	2375061	2379306	-	4246	2	5	4	antisense	exonic_antisense	clone-based (unnamed)	FALSE	TRUE	FALSE	FALSE	FALSE	TRUE	FALSE		SGSM2		SGSM2	SGSM2	167	SGSM2	0	FALSE	black	0.721	0.8857	0.8857	0.040887	0.7718	0.576	0.6321
ENSG00000275532.1	AC006449.2	ENSG00000275532.1	lncRNA	chr17	38703480	38706261	-	2782	1	2	2	antisense	antisense_overlapping	clone-based (unnamed)	FALSE	FALSE	FALSE	FALSE	FALSE	TRUE	FALSE				MLLT6	MLLT6	378	MLLT6	0	FALSE	red	0.459	0.3351	0.3351	0.011043	0.8298	0.3487	0.91
ENSG00000236540.7	AC006547.1	ENSG00000236540.7	lncRNA	chr22	20058030	20070569	-	12540	11	7	4	antisense	exonic_antisense	clone-based (unnamed)	FALSE	TRUE	FALSE	FALSE	FALSE	TRUE	FALSE		TANGO2		TANGO2			TANGO2	0	FALSE	magenta	0.6882	0.8217	0.8217	0.015632	0.491	0.3242	0.544
ENSG00000272807.1	AC007038.1	ENSG00000272807.1	lncRNA	chr2	210028417	210029156	+	740	1	1	1	antisense	exonic_antisense	clone-based (unnamed)	FALSE	TRUE	FALSE	FALSE	FALSE	TRUE	FALSE		KANSL1L		KANSL1L			KANSL1L	0	FALSE	turquoise	0.6351	0.848	0.848	0.032465	0.8657	0.4581	0.8513
ENSG00000231609.7	AC007098.1	ENSG00000231609.7	lncRNA	chr2	62957326	63048640	-	91315	6	8	5	antisense	exonic_antisense	clone-based (unnamed)	FALSE	TRUE	FALSE	FALSE	FALSE	TRUE	FALSE		EHBP1		EHBP1			EHBP1	0	FALSE	grey	0.0603	0.7848	0.7848	0.014628	0.3107	0.2212	0.3033
ENSG00000263307.1	AC007216.4	ENSG00000263307.1	lncRNA	chr16	11851649	11895611	+	43963	1	2	2	antisense	antisense_overlapping	clone-based (unnamed)	FALSE	FALSE	FALSE	FALSE	FALSE	TRUE	FALSE				GSPT1	RSL1D1	69	GSPT1	0	FALSE	green	0.3966	0.8207	0.8207	0.018185	0.4389	0.2787	0.5049
ENSG00000267980.1	AC007292.1	ENSG00000267980.1	lncRNA	chr19	4363789	4364640	+	852	1	2	2	antisense	exonic_antisense	clone-based (unnamed)	FALSE	TRUE	FALSE	FALSE	FALSE	TRUE	FALSE		SH3GL1		SH3GL1			SH3GL1	0	FALSE	pink	0.5336	0.644	0.644	0.024299	0.5958	0.3747	0.6771
ENSG00000224063.6	AC007319.1	ENSG00000224063.6	lncRNA	chr2	187003220	187556288	+	553069	3	11	8	antisense	exonic_antisense	clone-based (unnamed)	FALSE	TRUE	FALSE	FALSE	FALSE	TRUE	FALSE		TFPI		CALCRL;TFPI			TFPI	0	FALSE	grey	0.0598	0.2623	0.2623	0.0063274	0.4319	0.2941	0.4834
ENSG00000227946.1	AC007383.1	ENSG00000227946.1	lncRNA	chr2	206084605	206086564	+	1960	2	3	2	antisense	exonic_antisense	clone-based (unnamed)	FALSE	TRUE	FALSE	FALSE	FALSE	TRUE	FALSE		INO80D		INO80D			INO80D	0	FALSE	brown	0.5566	0.3948	0.3948	0.016241	1.2761	0.3804	0.998
ENSG00000272054.1	AC007390.1	ENSG00000272054.1	lncRNA	chr2	37208875	37212677	+	3803	1	1	1	antisense	exonic_antisense	clone-based (unnamed)	FALSE	TRUE	TRUE	TRUE	TRUE	TRUE	FALSE		CEBPZ	CEBPZOS	CEBPZOS;CEBPZ			CEBPZ	0	FALSE	green	0.4748	0.8812	0.8812	0.012837	0.3461	0.1895	0.3933
ENSG00000255671.1	AC007406.1	ENSG00000255671.1	lncRNA	chr12	193036	194130	+	1095	1	2	2	antisense	antisense_overlapping	clone-based (unnamed)	FALSE	FALSE	FALSE	FALSE	FALSE	TRUE	FALSE				SLC6A12			SLC6A12	0	FALSE	grey	-0.2038	0.6296	0.6296	0.044749	0.9146	0.8183	0.6908
ENSG00000256540.1	AC007406.3	ENSG00000256540.1	lncRNA	chr12	166856	182399	-	15544	2	2	3	antisense	antisense_overlapping	clone-based (unnamed)	FALSE	FALSE	FALSE	FALSE	FALSE	TRUE	FALSE				IQSEC3			IQSEC3	0	FALSE	red	0.6266	0.1768	0.1768	0.014554	1.9977	0.8413	0.9785
ENSG00000266473.1	AC007448.4	ENSG00000266473.1	lncRNA	chr17	67244837	67245806	+	970	1	2	2	antisense	exonic_antisense	clone-based (unnamed)	FALSE	TRUE	TRUE	FALSE	FALSE	TRUE	FALSE		HELZ	HELZ	HELZ			HELZ	0	FALSE	brown	0.5554	0.3393	0.3393	0.0089112	0.3245	0.2351	0.3151
ENSG00000285877.1	AC007448.5	ENSG00000285877.1	lncRNA	chr17	67244282	67273503	+	29222	1	5	5	antisense	antisense_overlapping	clone-based (unnamed)	FALSE	FALSE	FALSE	FALSE	FALSE	TRUE	FALSE				HELZ			HELZ	0	FALSE	grey	0.4165	0.1714	0.1714	0.004135	0.5372	0.3087	0.6517
ENSG00000255670.1	AC007619.1	ENSG00000255670.1	lncRNA	chr12	12485353	12491581	+	6229	1	2	2	antisense	antisense_overlapping	clone-based (unnamed)	FALSE	FALSE	FALSE	FALSE	FALSE	TRUE	FALSE				DUSP16			DUSP16	0	FALSE	grey	-0.0602	0.692	0.692	0.012764	0.4227	0.2519	0.5108
ENSG00000273729.1	AC007686.3	ENSG00000273729.1	lncRNA	chr14	77028086	77031572	+	3487	1	1	1	antisense	exonic_antisense	clone-based (unnamed)	FALSE	TRUE	FALSE	FALSE	FALSE	TRUE	FALSE		IRF2BPL		IRF2BPL			IRF2BPL	0	FALSE	salmon	0.5087	0.7537	0.7537	0.020586	0.5046	0.3116	0.5675
ENSG00000233251.8	AC007743.1	ENSG00000233251.8	lncRNA	chr2	56173534	56185870	-	12337	5	5	5	antisense	exonic_antisense	clone-based (unnamed)	FALSE	TRUE	FALSE	FALSE	FALSE	TRUE	FALSE		CCDC85A		CCDC85A			CCDC85A	0	FALSE	red	0.5595	0.2609	0.2609	0.0098621	0.8235	0.4669	0.8082
ENSG00000267213.4	AC007773.1	ENSG00000267213.4	lncRNA	chr19	32390050	32405560	-	15511	1	3	3	antisense	exonic_antisense	clone-based (unnamed)	FALSE	TRUE	FALSE	FALSE	FALSE	TRUE	FALSE		DPY19L3		DPY19L3	DPY19L3	189	DPY19L3	0	FALSE	brown	0.4487	0.2796	0.2796	0.0054195	0.3538	0.2449	0.3464
ENSG00000283175.1	AC007920.2	ENSG00000283175.1	lncRNA	chr3	187291272	187297933	+	6662	1	2	2	antisense	exonic_antisense	clone-based (unnamed)	FALSE	TRUE	FALSE	FALSE	FALSE	TRUE	FALSE		MASP1		MASP1			MASP1	0	FALSE	grey	-0.0137	0.2211	0.2211	0.0088097	0.5329	0.3514	0.6497
ENSG00000270953.1	AC007938.3	ENSG00000270953.1	lncRNA	chr7	130507660	130508282	+	623	1	1	1	antisense	exonic_antisense	clone-based (unnamed)	FALSE	TRUE	FALSE	FALSE	FALSE	TRUE	FALSE		COPG2		COPG2			COPG2	0	FALSE	greenyellow	0.4266	0.6069	0.6069	0.010423	0.3134	0.2367	0.3307
ENSG00000254287.1	AC007991.4	ENSG00000254287.1	lncRNA	chr8	39918076	39920890	-	2815	1	2	2	antisense	exonic_antisense	clone-based (unnamed)	FALSE	TRUE	FALSE	FALSE	FALSE	TRUE	FALSE		IDO1		IDO1			IDO1	0	FALSE	yellow	0.3844	0.5965	0.5965	0.016468	0.2709	0.3595	0.2329
ENSG00000257261.6	AC008014.1	ENSG00000257261.6	lncRNA	chr12	46383652	46876784	+	493133	9	9	4	antisense	antisense_overlapping	clone-based (unnamed)	FALSE	FALSE	FALSE	FALSE	FALSE	TRUE	FALSE				SLC38A4			SLC38A4	0	FALSE	blue	0.5601	0.0905	0.0905	0.0040781	0.7034	0.2253	0.9491
ENSG00000259124.1	AC008050.1	ENSG00000259124.1	lncRNA	chr14	76495363	76726712	-	231350	1	4	4	antisense	antisense_overlapping	clone-based (unnamed)	FALSE	FALSE	FALSE	FALSE	FALSE	TRUE	FALSE				ESRRB			ESRRB	0	FALSE	red	0.5835	0.1955	0.1955	0.0055023	0.3418	0.3038	0.3601
ENSG00000267121.6	AC008105.3	ENSG00000267121.6	lncRNA	chr17	45190931	45222222	-	31292	6	4	3	antisense	exonic_antisense	clone-based (unnamed)	FALSE	TRUE	FALSE	FALSE	FALSE	TRUE	FALSE		FMNL1		FMNL1	FMNL1	120	FMNL1	0	FALSE	yellow	0.769	0.7667	0.7667	0.034642	0.6675	0.5643	0.5812
ENSG00000245317.2	AC008393.1	ENSG00000245317.2	lncRNA	chr5	179859013	179861283	+	2271	1	2	2	antisense	exonic_antisense	clone-based (unnamed)	FALSE	TRUE	FALSE	FALSE	FALSE	TRUE	FALSE		MRNIP		MRNIP	MRNIP	153	MRNIP	0	FALSE	pink	0.4994	0.3626	0.3626	0.012565	0.8837	0.3274	0.9687
ENSG00000204758.8	AC008429.1	ENSG00000204758.8	lncRNA	chr5	172954786	172959392	-	4607	4	5	5	antisense	exonic_antisense	clone-based (unnamed)	FALSE	TRUE	FALSE	FALSE	FALSE	TRUE	FALSE		RPL26L1		RPL26L1	RPL26L1	32	RPL26L1	0	FALSE	grey	0.0605	0.6188	0.6188	0.0079627	0.2788	0.1795	0.2055
ENSG00000249637.2	AC008438.1	ENSG00000249637.2	lncRNA	chr5	140370891	140401460	-	30570	2	3	3	antisense	exonic_antisense	clone-based (unnamed)	FALSE	TRUE	FALSE	FALSE	FALSE	TRUE	FALSE		SLC4A9		SLC4A9	ANKHD1	354	SLC4A9	0	FALSE	brown	0.501	0.3113	0.3113	0.0083357	0.577	0.2351	0.8141
ENSG00000250222.2	AC008443.4	ENSG00000250222.2	lncRNA	chr5	181191875	181194429	+	2555	3	4	3	antisense	exonic_antisense	clone-based (unnamed)	FALSE	TRUE	FALSE	FALSE	FALSE	TRUE	FALSE		TRIM7		TRIM7			TRIM7	0	FALSE	pink	0.4559	0.3891	0.3891	0.0092661	0.3672	0.2265	0.4247
ENSG00000271797.1	AC008494.3	ENSG00000271797.1	lncRNA	chr5	115262505	115263448	+	944	1	1	1	antisense	exonic_antisense	clone-based (unnamed)	FALSE	TRUE	FALSE	FALSE	FALSE	TRUE	FALSE		PGGT1B		PGGT1B			PGGT1B	0	FALSE	yellow	0.3715	0.0703	0.0703	0.00061478	0.3097	0.1287	0.2779
ENSG00000282951.1	AC008537.4	ENSG00000282951.1	lncRNA	chr19	40779780	40796943	-	17164	1	3	3	antisense	exonic_antisense	clone-based (unnamed)	FALSE	TRUE	FALSE	FALSE	FALSE	TRUE	FALSE		MIA-RAB4B;RAB4B		MIA-RAB4B;RAB4B;RAB4B-EGLN2			RAB4B-EGLN2	0	FALSE	turquoise	0.5564	0.7621	0.7621	0.014839	0.2927	0.231	0.3072
ENSG00000269043.2	AC008554.1	ENSG00000269043.2	lncRNA	chr19	20432552	20571095	+	138544	2	6	4	antisense	antisense_overlapping	clone-based (unnamed)	FALSE	FALSE	FALSE	FALSE	FALSE	TRUE	FALSE				ZNF737			ZNF737	0	FALSE	blue	0.6754	0.3059	0.3059	0.015228	0.7636	0.4173	0.8121
ENSG00000261669.1	AC008731.1	ENSG00000261669.1	lncRNA	chr16	24803451	24819739	-	16289	1	2	2	antisense	antisense_overlapping	clone-based (unnamed)	FALSE	FALSE	FALSE	FALSE	FALSE	TRUE	FALSE				TNRC6A			TNRC6A	0	FALSE	green	0.4404	0.8033	0.8033	0.017025	0.3996	0.2995	0.4599
ENSG00000267523.1	AC008735.2	ENSG00000267523.1	lncRNA	chr19	55661901	55674715	-	12815	2	2	2	antisense	exonic_antisense	clone-based (unnamed)	FALSE	TRUE	FALSE	FALSE	FALSE	TRUE	FALSE		U2AF2		U2AF2	EPN1	511	U2AF2	0	FALSE	black	0.824	0.8903	0.8903	0.068226	1.6148	0.9184	0.9178
ENSG00000269680.1	AC008760.1	ENSG00000269680.1	lncRNA	chr19	6748293	6751467	-	3175	1	2	2	antisense	exonic_antisense	clone-based (unnamed)	FALSE	TRUE	FALSE	FALSE	FALSE	TRUE	FALSE		TRIP10		TRIP10			TRIP10	0	FALSE	black	0.5635	0.8342	0.8342	0.035821	0.7974	0.4929	0.7691
ENSG00000268204.1	AC008763.1	ENSG00000268204.1	lncRNA	chr19	7633766	7636990	-	3225	1	2	2	antisense	exonic_antisense	clone-based (unnamed)	FALSE	TRUE	TRUE	FALSE	FALSE	TRUE	FALSE		STXBP2	AC008763.2	AC008763.2;STXBP2	STXBP2	115	STXBP2	0	FALSE	grey	-0.1178	0.5164	0.5164	0.017725	0.5303	0.4091	0.544
ENSG00000279529.1	AC008764.8	ENSG00000279529.1	lncRNA	chr19	16572624	16575340	+	2717	1	1	1	antisense	exonic_antisense	clone-based (unnamed)	FALSE	TRUE	TRUE	FALSE	FALSE	TRUE	FALSE		MED26	AC008764.1	AC008764.1;MED26	SLC35E1	209	MED26	0	FALSE	turquoise	0.7933	0.8421	0.8421	0.025284	0.5054	0.3487	0.5225
ENSG00000248734.2	AC008906.1	ENSG00000248734.2	lncRNA	chr5	96784777	96785999	+	1223	2	2	2	antisense	exonic_antisense	clone-based (unnamed)	FALSE	TRUE	FALSE	FALSE	FALSE	TRUE	FALSE		ERAP1		ERAP1			ERAP1	0	FALSE	yellow	0.3105	0.5499	0.5499	0.014665	0.884	0.3889	0.9315
ENSG00000260136.6	AC008915.2	ENSG00000260136.6	lncRNA	chr16	23452758	23457606	+	4849	4	3	3	antisense	exonic_antisense	clone-based (unnamed)	FALSE	TRUE	FALSE	FALSE	FALSE	TRUE	FALSE		COG7		COG7			COG7	0	FALSE	brown	0.5536	0.0807	0.0807	0.0048945	0.7183	0.2798	0.9159
ENSG00000271828.1	AC008937.3	ENSG00000271828.1	lncRNA	chr5	56927874	56929573	+	1700	1	1	1	antisense	exonic_antisense	clone-based (unnamed)	FALSE	TRUE	FALSE	FALSE	FALSE	TRUE	FALSE		MIER3		MIER3			MIER3	0	FALSE	grey	-0.1505	0.3153	0.3153	0.0035471	0.3784	0.1478	0.4579
ENSG00000250155.2	AC008957.1	ENSG00000250155.2	lncRNA	chr5	36666214	36725195	-	58982	4	5	3	antisense	antisense_overlapping	clone-based (unnamed)	FALSE	FALSE	FALSE	FALSE	FALSE	TRUE	FALSE				SLC1A3			SLC1A3	0	FALSE	yellow	0.4951	0.1428	0.1428	0.0010647	0.2544	0.2209	0.227
ENSG00000247796.3	AC008966.1	ENSG00000247796.3	lncRNA	chr5	53109816	53127673	+	17858	10	3	4	antisense	exonic_antisense	clone-based (unnamed)	FALSE	TRUE	FALSE	FALSE	FALSE	TRUE	FALSE		MOCS2		MOCS2	MOCS2	32	MOCS2	0	FALSE	grey	-0.1364	-0.0093	0.0093	-0.00072949	0.5512	0.1975	0.8278
ENSG00000176593.8	AC008969.1	ENSG00000176593.8	lncRNA	chr19	58002061	58011232	+	9172	9	1	4	antisense	exonic_antisense	clone-based (unnamed)	FALSE	TRUE	FALSE	FALSE	FALSE	TRUE	FALSE		ZNF606		ZNF606	ZNF606	45	ZNF606	0	FALSE	tan	0.478	0.7733	0.7733	0.025013	0.7428	0.3812	0.8434
ENSG00000267751.5	AC009005.1	ENSG00000267751.5	lncRNA	chr19	567210	572228	-	5019	4	3	3	antisense	exonic_antisense	clone-based (unnamed)	FALSE	TRUE	FALSE	FALSE	FALSE	TRUE	FALSE		BSG		BSG	BSG	344	BSG	0	FALSE	grey	0.3138	0.1231	0.1231	0.0029364	0.3498	0.2192	0.3738
ENSG00000247228.3	AC009060.1	ENSG00000247228.3	lncRNA	chr16	70138337	70173483	-	35147	3	8	5	antisense	exonic_antisense	clone-based (unnamed)	FALSE	TRUE	FALSE	FALSE	FALSE	TRUE	FALSE		CLEC18C;PDPR		PDPR;CLEC18C	CLEC18C	134	CLEC18C	0	FALSE	blue	0.6486	0.2168	0.2168	0.020329	0.973	0.6216	0.8043
ENSG00000270049.3	AC009061.2	ENSG00000270049.3	lncRNA	chr16	67481314	67505977	+	24664	7	5	4	antisense	antisense_overlapping	clone-based (unnamed)	FALSE	FALSE	FALSE	FALSE	FALSE	TRUE	FALSE				AGRP	ATP6V0D1	133	AGRP	0	FALSE	turquoise	0.5816	0.763	0.763	0.016758	0.576	0.2613	0.7299
ENSG00000259933.6	AC009065.2	ENSG00000259933.6	lncRNA	chr16	2091436	2095433	+	3998	2	4	4	antisense	exonic_antisense	clone-based (unnamed)	FALSE	TRUE	FALSE	FALSE	FALSE	TRUE	FALSE		PKD1		PKD1	PKD1	597	PKD1	0	FALSE	turquoise	0.3657	0.7751	0.7751	0.016442	0.3356	0.2779	0.3503
ENSG00000260778.5	AC009065.4	ENSG00000260778.5	lncRNA	chr16	2268155	2273418	+	5264	3	4	3	antisense	exonic_antisense	clone-based (unnamed)	FALSE	TRUE	FALSE	FALSE	FALSE	TRUE	FALSE		RNPS1		RNPS1	RNPS1	29	RNPS1	0	FALSE	turquoise	0.6641	0.5454	0.5454	0.014505	0.4876	0.2739	0.5871
ENSG00000260252.1	AC009087.1	ENSG00000260252.1	lncRNA	chr16	72084857	72087443	+	2587	1	2	2	antisense	exonic_antisense	clone-based (unnamed)	FALSE	TRUE	TRUE	FALSE	FALSE	TRUE	FALSE		TXNL4B	TXNL4B	TXNL4B			TXNL4B	0	FALSE	turquoise	0.3938	0.7295	0.7295	0.013036	0.2625	0.2258	0.274
ENSG00000276663.1	AC009090.3	ENSG00000276663.1	lncRNA	chr16	57245832	57246396	-	565	1	1	1	antisense	exonic_antisense	clone-based (unnamed)	FALSE	TRUE	FALSE	FALSE	FALSE	TRUE	FALSE		ARL2BP		ARL2BP			ARL2BP	0	FALSE	grey	-0.1881	0.7596	0.7596	0.013751	0.3575	0.2302	0.409
ENSG00000285979.1	AC009090.6	ENSG00000285979.1	lncRNA	chr16	57177349	57181390	+	4042	1	2	2	antisense	exonic_antisense	clone-based (unnamed)	FALSE	TRUE	TRUE	FALSE	FALSE	TRUE	FALSE		PSME3IP1	PSME3IP1	PSME3IP1			PSME3IP1	0	FALSE	green	0.7864	0.8822	0.8822	0.019249	0.4739	0.2973	0.5499
ENSG00000260593.1	AC009097.2	ENSG00000260593.1	lncRNA	chr16	71623708	71626816	-	3109	1	2	2	antisense	exonic_antisense	clone-based (unnamed)	FALSE	TRUE	FALSE	FALSE	FALSE	TRUE	FALSE		MARVELD3		MARVELD3			MARVELD3	0	FALSE	turquoise	0.4989	0.5045	0.5045	0.017358	0.2972	0.3646	0.2779
ENSG00000259972.3	AC009120.2	ENSG00000259972.3	lncRNA	chr16	74305127	74335346	-	30220	7	5	3	antisense	exonic_antisense	clone-based (unnamed)	FALSE	TRUE	FALSE	FALSE	FALSE	TRUE	FALSE		PSMD7		PSMD7			PSMD7	0	FALSE	black	0.6746	0.8917	0.8917	0.043433	1.0835	0.5905	0.8826
ENSG00000247121.7	AC009126.1	ENSG00000247121.7	lncRNA	chr5	96814028	96935809	-	121782	13	7	6	antisense	exonic_antisense	clone-based (unnamed)	FALSE	TRUE	FALSE	FALSE	FALSE	TRUE	FALSE		LNPEP		ERAP2;LNPEP	LNPEP	271	LNPEP	0	FALSE	grey	0.0074	0.2849	0.2849	0.0024674	0.3493	0.1264	0.3229
ENSG00000238045.9	AC009133.1	ENSG00000238045.9	lncRNA	chr16	29808636	29821252	-	12617	5	8	4	antisense	exonic_antisense	clone-based (unnamed)	FALSE	TRUE	FALSE	FALSE	FALSE	TRUE	FALSE		MAZ;PRRT2;PAGR1;AC009133.6;AC120114.4		MAZ;PRRT2;AC009133.6;PAGR1;AC120114.4;MVP	MVP	28	MVP	0	FALSE	turquoise	0.6676	0.7319	0.7319	0.030826	0.7482	0.4466	0.773
ENSG00000253653.1	AC009185.1	ENSG00000253653.1	lncRNA	chr5	157260122	157266625	-	6504	1	3	3	antisense	exonic_antisense	clone-based (unnamed)	FALSE	TRUE	FALSE	FALSE	FALSE	TRUE	FALSE		CYFIP2		CYFIP2	CYFIP2	86	CYFIP2	0	FALSE	grey	-0.3553	0.1431	0.1431	0.0040655	0.3054	0.2569	0.2975
ENSG00000283031.2	AC009242.1	ENSG00000283031.2	lncRNA	chr2	23667208	23685453	-	18246	2	6	7	antisense	antisense_overlapping	clone-based (unnamed)	FALSE	FALSE	FALSE	FALSE	FALSE	TRUE	FALSE				KLHL29			KLHL29	0	FALSE	salmon	0.5961	0.7208	0.7208	0.027209	0.3964	0.4692	0.3288
ENSG00000257176.3	AC009318.1	ENSG00000257176.3	lncRNA	chr12	29277955	29317848	-	39894	3	8	7	antisense	exonic_antisense	clone-based (unnamed)	FALSE	TRUE	FALSE	FALSE	FALSE	TRUE	FALSE		FAR2		FAR2			FAR2	0	FALSE	turquoise	0.4169	0.7265	0.7265	0.011583	0.2961	0.199	0.2798
ENSG00000273680.1	AC009318.2	ENSG00000273680.1	lncRNA	chr12	29332733	29333383	-	651	1	1	1	antisense	exonic_antisense	clone-based (unnamed)	FALSE	TRUE	TRUE	FALSE	FALSE	TRUE	FALSE		FAR2	FAR2	FAR2			FAR2	0	FALSE	grey	-0.0604	0.0502	0.0502	-0.00088164	1.0674	0.2729	0.998
ENSG00000272729.1	AC009336.1	ENSG00000272729.1	lncRNA	chr2	176164164	176165716	-	1553	1	1	1	antisense	exonic_antisense	clone-based (unnamed)	FALSE	TRUE	TRUE	FALSE	FALSE	TRUE	FALSE		HOXD3	HOXD3	HOXD3			HOXD3	0	FALSE	red	0.4939	0.576	0.576	0.0094918	0.2571	0.2054	0.2387
ENSG00000216895.9	AC009403.1	ENSG00000216895.9	lncRNA	chr7	155611231	155645205	-	33975	5	5	3	antisense	antisense_overlapping	clone-based (unnamed)	FALSE	FALSE	FALSE	FALSE	FALSE	TRUE	FALSE				RBM33	RBM33	45	RBM33	0	FALSE	turquoise	0.3849	0.4976	0.4976	0.018544	1.0819	0.388	0.9843
ENSG00000224152.1	AC009506.1	ENSG00000224152.1	lncRNA	chr2	159615296	159617082	+	1787	1	2	2	antisense	exonic_antisense	clone-based (unnamed)	FALSE	TRUE	FALSE	FALSE	FALSE	TRUE	FALSE		BAZ2B		BAZ2B			BAZ2B	0	FALSE	grey	0.014	-0.0022	0.0022	0.0012228	0.8401	0.3127	0.9393
ENSG00000285863.1	AC009554.2	ENSG00000285863.1	lncRNA	chr15	61861109	61894164	+	33056	1	3	3	antisense	antisense_overlapping	clone-based (unnamed)	FALSE	FALSE	FALSE	FALSE	FALSE	TRUE	FALSE				VPS13C			VPS13C	0	FALSE	grey	0.0429	0.7743	0.7743	0.024075	0.8376	0.4438	0.8513
ENSG00000273958.1	AC009560.1	ENSG00000273958.1	lncRNA	chr15	60593027	60593460	+	434	1	1	1	antisense	exonic_antisense	clone-based (unnamed)	FALSE	TRUE	TRUE	FALSE	FALSE	TRUE	FALSE		RORA	RORA	RORA	RORA	486	RORA	0	FALSE	pink	0.5431	0.0034	0.0034	0.0048009	0.4833	0.2929	0.5949
ENSG00000272986.1	AC009570.1	ENSG00000272986.1	lncRNA	chr4	70703747	70704491	-	745	1	1	1	antisense	exonic_antisense	clone-based (unnamed)	FALSE	TRUE	FALSE	FALSE	FALSE	TRUE	FALSE		RUFY3		RUFY3	RUFY3	310	RUFY3	0	FALSE	magenta	0.5782	0.114	0.114	0.0021857	0.2719	0.2305	0.2114
ENSG00000258056.2	AC009779.2	ENSG00000258056.2	lncRNA	chr12	55729104	55730852	+	1749	1	2	2	antisense	exonic_antisense	clone-based (unnamed)	FALSE	TRUE	FALSE	FALSE	FALSE	TRUE	FALSE		CD63		CD63	CD63	95	CD63	0	FALSE	magenta	0.6669	0.1848	0.1848	0.0067949	2.4361	0.4721	1
ENSG00000283667.1	AC009802.1	ENSG00000283667.1	lncRNA	chr18	63966406	63970181	-	3776	1	3	3	antisense	exonic_antisense	clone-based (unnamed)	FALSE	TRUE	TRUE	FALSE	FALSE	TRUE	FALSE		SERPINB8	HMSD	HMSD;SERPINB8	SERPINB8	68	SERPINB8	0	FALSE	turquoise	0.4124	0.4975	0.4975	0.0096413	0.313	0.2037	0.317
ENSG00000251867.4	AC009812.1	ENSG00000251867.4	lncRNA	chr8	80484561	80486699	-	2139	1	2	2	antisense	exonic_antisense	clone-based (unnamed)	FALSE	TRUE	FALSE	FALSE	FALSE	TRUE	FALSE		ZBTB10		ZBTB10			ZBTB10	0	FALSE	pink	0.3472	0.5209	0.5209	0.013475	0.8105	0.306	0.9609
ENSG00000263823.1	AC009831.1	ENSG00000263823.1	lncRNA	chr18	31942575	31944156	+	1582	1	1	1	antisense	exonic_antisense	clone-based (unnamed)	FALSE	TRUE	TRUE	FALSE	FALSE	TRUE	FALSE		TRAPPC8	TRAPPC8	TRAPPC8			TRAPPC8	0	FALSE	turquoise	0.3147	0.2076	0.2076	0.0038784	0.3224	0.1523	0.2857
ENSG00000249249.2	AC010226.1	ENSG00000249249.2	lncRNA	chr5	115602057	115623897	+	21841	4	4	3	antisense	exonic_antisense	clone-based (unnamed)	FALSE	TRUE	FALSE	FALSE	FALSE	TRUE	FALSE		TICAM2;TMED7-TICAM2;TMED7		TICAM2;TMED7-TICAM2;TMED7	TICAM2	566	TMED7	0	FALSE	blue	0.4533	0.1416	0.1416	0.0036314	0.6219	0.2279	0.8806
ENSG00000268366.1	AC010271.1	ENSG00000268366.1	lncRNA	chr19	40443436	40444087	+	652	1	2	2	antisense	exonic_antisense	clone-based (unnamed)	FALSE	TRUE	TRUE	FALSE	FALSE	TRUE	FALSE		SERTAD3	SERTAD3	SERTAD3	SERTAD3	838	SERTAD3	0	FALSE	black	0.389	0.6041	0.6041	0.010707	0.2639	0.241	0.2759
ENSG00000269481.1	AC010319.4	ENSG00000269481.1	lncRNA	chr19	17414257	17422324	-	8068	1	2	2	antisense	exonic_antisense	clone-based (unnamed)	FALSE	TRUE	TRUE	FALSE	FALSE	TRUE	FALSE		MVB12A	MVB12A	MVB12A	MVB12A	120	MVB12A	0	FALSE	turquoise	0.499	0.6667	0.6667	0.011495	0.2999	0.1877	0.3131
ENSG00000269102.1	AC010320.3	ENSG00000269102.1	lncRNA	chr19	52284780	52297920	-	13141	1	2	2	antisense	antisense_overlapping	clone-based (unnamed)	FALSE	FALSE	FALSE	FALSE	FALSE	TRUE	FALSE				ZNF766;ZNF480			ZNF480	0	FALSE	grey	-0.0369	0.748	0.748	0.013526	0.3078	0.2384	0.317
ENSG00000277383.1	AC010331.1	ENSG00000277383.1	lncRNA	chr19	47607873	47608454	-	582	1	1	1	antisense	exonic_antisense	clone-based (unnamed)	FALSE	TRUE	FALSE	FALSE	FALSE	TRUE	FALSE		BICRA		BICRA	BICRA	488	BICRA	0	FALSE	brown	0.6623	0.5344	0.5344	0.011832	0.2442	0.2314	0.1996
ENSG00000251257.2	AC010457.1	ENSG00000251257.2	lncRNA	chr5	38460925	38468339	-	7415	2	3	2	antisense	antisense_overlapping	clone-based (unnamed)	FALSE	FALSE	FALSE	FALSE	FALSE	TRUE	FALSE				EGFLAM			EGFLAM	0	FALSE	grey	0.2593	0.2991	0.2991	0.0064833	0.4131	0.4688	0.362
ENSG00000269646.1	AC010487.1	ENSG00000269646.1	lncRNA	chr19	52923382	52924075	+	694	1	2	2	antisense	exonic_antisense	clone-based (unnamed)	FALSE	TRUE	FALSE	FALSE	FALSE	TRUE	FALSE		ZNF888		ZNF888			ZNF888	0	FALSE	turquoise	0.3236	0.4716	0.4716	0.021361	0.6446	0.5562	0.589
ENSG00000275234.1	AC010503.4	ENSG00000275234.1	lncRNA	chr19	6469465	6470152	+	688	1	1	1	antisense	exonic_antisense	clone-based (unnamed)	FALSE	TRUE	FALSE	FALSE	FALSE	TRUE	FALSE		DENND1C		DENND1C			DENND1C	0	FALSE	blue	0.6144	0.0569	0.0569	0.01841	4.4231	0.8599	0.9922
ENSG00000267219.1	AC010504.1	ENSG00000267219.1	lncRNA	chr19	34348356	34359412	-	11057	1	3	3	antisense	antisense_overlapping	clone-based (unnamed)	FALSE	FALSE	FALSE	FALSE	FALSE	TRUE	FALSE				GARRE1	GPI	68	GARRE1	0	FALSE	grey	-0.2147	0.3637	0.3637	0.0072304	0.6872	0.2536	0.908
ENSG00000261592.1	AC010531.3	ENSG00000261592.1	lncRNA	chr16	87396704	87400295	-	3592	1	2	2	antisense	antisense_overlapping	clone-based (unnamed)	FALSE	FALSE	FALSE	FALSE	FALSE	TRUE	FALSE				MAP1LC3B			MAP1LC3B	0	FALSE	grey	-0.0651	0.7108	0.7108	0.012417	0.2921	0.2653	0.2896
ENSG00000269901.1	AC010531.5	ENSG00000269901.1	lncRNA	chr16	87362536	87367476	+	4941	1	2	2	antisense	exonic_antisense	clone-based (unnamed)	FALSE	TRUE	TRUE	FALSE	FALSE	TRUE	FALSE		FBXO31	FBXO31	FBXO31			FBXO31	0	FALSE	green	0.3685	0.645	0.645	0.01219	0.2596	0.2413	0.2427
ENSG00000277978.1	AC010542.5	ENSG00000277978.1	lncRNA	chr16	66565620	66566001	-	382	1	1	1	antisense	exonic_antisense	clone-based (unnamed)	FALSE	TRUE	TRUE	FALSE	FALSE	TRUE	FALSE		CKLF	CKLF;CKLF-CMTM1	CKLF;CKLF-CMTM1	CMTM1	392	CKLF-CMTM1	0	FALSE	turquoise	0.6031	0.8012	0.8012	0.035237	0.9705	0.5311	0.865
ENSG00000269439.6	AC010618.3	ENSG00000269439.6	lncRNA	chr19	17488990	17511889	-	22900	5	7	3	antisense	exonic_antisense	clone-based (unnamed)	FALSE	TRUE	FALSE	FALSE	FALSE	TRUE	FALSE		PGLS;SLC27A1		SLC27A1;PGLS	PGLS	161	PGLS	0	FALSE	black	0.6555	0.8565	0.8565	0.019734	0.4928	0.2734	0.5812
ENSG00000283103.3	AC010642.2	ENSG00000283103.3	lncRNA	chr19	58309727	58327248	-	17522	9	5	5	antisense	exonic_antisense	clone-based (unnamed)	FALSE	TRUE	FALSE	FALSE	FALSE	TRUE	FALSE		AC020915.4;ERVK3-1;ZSCAN22		AC020915.4;ERVK3-1;ZSCAN22	ZSCAN22	27	ZSCAN22	0	FALSE	black	0.6954	0.7962	0.7962	0.012078	0.4089	0.1841	0.5088
ENSG00000264577.1	AC010761.1	ENSG00000264577.1	lncRNA	chr17	28721487	28722877	-	1391	1	2	2	antisense	exonic_antisense	clone-based (unnamed)	FALSE	TRUE	FALSE	FALSE	FALSE	TRUE	FALSE		RPL23A		RPL23A	RPL23A	423	RPL23A	0	FALSE	black	0.5751	0.7763	0.7763	0.026663	0.6562	0.426	0.681
ENSG00000265205.1	AC010761.3	ENSG00000265205.1	lncRNA	chr17	28670054	28672804	-	2751	1	2	2	antisense	exonic_antisense	clone-based (unnamed)	FALSE	TRUE	TRUE	FALSE	FALSE	TRUE	FALSE		SUPT6H	SUPT6H	SUPT6H	SUPT6H	598	SUPT6H	0	FALSE	green	0.5815	0.7335	0.7335	0.020031	0.5336	0.3744	0.5988
ENSG00000234936.1	AC010883.1	ENSG00000234936.1	lncRNA	chr2	43229573	43233394	+	3822	1	3	3	antisense	exonic_antisense	clone-based (unnamed)	FALSE	TRUE	FALSE	FALSE	FALSE	TRUE	FALSE		THADA		THADA			THADA	0	FALSE	turquoise	0.6585	0.7332	0.7332	0.03889	0.9067	0.5568	0.8376
ENSG00000244151.1	AC010973.2	ENSG00000244151.1	lncRNA	chr7	151074742	151076530	-	1789	1	2	2	antisense	exonic_antisense	clone-based (unnamed)	FALSE	TRUE	FALSE	FALSE	FALSE	TRUE	FALSE		SLC4A2		SLC4A2			SLC4A2	0	FALSE	turquoise	0.6489	0.7692	0.7692	0.01573	0.2962	0.2516	0.3033
ENSG00000231731.7	AC010976.1	ENSG00000231731.7	lncRNA	chr2	127455394	127514623	+	59230	31	20	8	antisense	exonic_antisense	clone-based (unnamed)	FALSE	TRUE	FALSE	FALSE	FALSE	TRUE	FALSE		IWS1		IWS1			IWS1	0	FALSE	black	0.589	0.9097	0.9097	0.012903	0.2651	0.1835	0.2701
ENSG00000243230.1	AC011005.4	ENSG00000243230.1	lncRNA	chr7	129209775	129213545	-	3771	1	2	2	antisense	exonic_antisense	clone-based (unnamed)	FALSE	TRUE	FALSE	FALSE	FALSE	TRUE	FALSE		SMO		SMO			SMO	0	FALSE	turquoise	0.4687	0.7217	0.7217	0.023341	0.4801	0.4111	0.4873
ENSG00000254246.1	AC011377.1	ENSG00000254246.1	lncRNA	chr5	157104788	157114900	+	10113	1	2	2	antisense	antisense_overlapping	clone-based (unnamed)	FALSE	FALSE	FALSE	FALSE	FALSE	TRUE	FALSE				HAVCR2			HAVCR2	0	FALSE	grey	0.0353	0.4577	0.4577	0.01449	0.3396	0.3378	0.3523
ENSG00000266983.1	AC011444.1	ENSG00000266983.1	lncRNA	chr19	5978403	6020363	+	41961	1	4	4	antisense	antisense_overlapping	clone-based (unnamed)	FALSE	FALSE	FALSE	FALSE	FALSE	TRUE	FALSE				RFX2	RANBP3	261	RFX2	0	FALSE	grey	-0.0512	0.6495	0.6495	0.01427	0.3697	0.2569	0.4031
ENSG00000197813.6	AC011450.1	ENSG00000197813.6	lncRNA	chr19	49331525	49340303	-	8779	2	3	3	antisense	exonic_antisense	clone-based (unnamed)	FALSE	TRUE	FALSE	FALSE	FALSE	TRUE	FALSE		CD37		CD37	CD37	292	CD37	0	FALSE	grey	0.071	0.3542	0.3542	0.010496	0.7463	0.5316	0.6986
ENSG00000287271.1	AC011455.8	ENSG00000287271.1	lncRNA	chr19	38975161	39014527	+	39367	1	2	2	antisense	exonic_antisense	clone-based (unnamed)	FALSE	TRUE	FALSE	FALSE	FALSE	TRUE	FALSE		FBXO27		FBXO17;FBXO27			FBXO27	0	FALSE	grey	0.1613	0.162	0.162	0.0038244	0.8296	0.4339	0.8826
ENSG00000286177.1	AC011462.5	ENSG00000286177.1	lncRNA	chr19	41307397	41310412	-	3016	1	2	2	antisense	exonic_antisense	clone-based (unnamed)	FALSE	TRUE	TRUE	TRUE	TRUE	TRUE	FALSE		CCDC97;HNRNPUL1	TGFB1	HNRNPUL1;TGFB1;CCDC97	CCDC97	389	CCDC97	0	FALSE	grey	0.4078	0.1305	0.1305	0.0019147	0.8986	0.3405	0.9511
ENSG00000268583.2	AC011466.1	ENSG00000268583.2	lncRNA	chr19	48204071	48214751	+	10681	1	3	3	antisense	exonic_antisense	clone-based (unnamed)	FALSE	TRUE	FALSE	FALSE	FALSE	TRUE	FALSE		CARD8		CARD8	CARD8	119	CARD8	0	FALSE	red	0.4021	0.8069	0.8069	0.011453	0.2739	0.1816	0.2329
ENSG00000275055.1	AC011468.5	ENSG00000275055.1	lncRNA	chr19	52049007	52049754	+	748	1	1	1	antisense	exonic_antisense	clone-based (unnamed)	FALSE	TRUE	TRUE	FALSE	FALSE	TRUE	FALSE		ZNF432	ZNF432	ZNF432	ZNF432	169	ZNF432	0	FALSE	pink	0.5193	0.3001	0.3001	0.0075523	0.4492	0.2213	0.5812
ENSG00000267082.1	AC011472.1	ENSG00000267082.1	lncRNA	chr19	11203628	11216168	+	12541	1	3	3	antisense	antisense_overlapping	clone-based (unnamed)	FALSE	FALSE	FALSE	FALSE	FALSE	TRUE	FALSE				DOCK6	DOCK6	315	DOCK6	0	FALSE	red	0.6236	0.837	0.837	0.054041	1.4386	0.7649	0.953
ENSG00000267265.5	AC011476.3	ENSG00000267265.5	lncRNA	chr19	55006193	55048086	+	41894	3	7	5	antisense	exonic_antisense	clone-based (unnamed)	FALSE	TRUE	FALSE	FALSE	FALSE	TRUE	FALSE		RDH13;GP6		GP6;RDH13			RDH13	0	FALSE	grey	0.0746	0.4021	0.4021	0.015506	0.8718	0.5539	0.7808
ENSG00000267565.1	AC011477.2	ENSG00000267565.1	lncRNA	chr19	19892433	19895847	-	3415	1	2	2	antisense	exonic_antisense	clone-based (unnamed)	FALSE	TRUE	FALSE	FALSE	FALSE	TRUE	FALSE		ZNF253		ZNF253			ZNF253	0	FALSE	midnightblue	0.612	0.2564	0.2564	0.0067706	1.8412	0.4639	1
ENSG00000267282.1	AC011481.2	ENSG00000267282.1	lncRNA	chr19	44882027	44890876	-	8850	1	2	2	antisense	exonic_antisense	clone-based (unnamed)	FALSE	TRUE	FALSE	FALSE	FALSE	TRUE	FALSE		NECTIN2		NECTIN2;TOMM40	TOMM40	344	TOMM40	0	FALSE	grey	-0.044	0.3839	0.3839	0.0069836	0.2939	0.1806	0.2994
ENSG00000267769.1	AC011498.6	ENSG00000267769.1	lncRNA	chr19	4454014	4455286	+	1273	1	2	2	antisense	exonic_antisense	clone-based (unnamed)	FALSE	TRUE	FALSE	FALSE	FALSE	TRUE	FALSE		UBXN6		UBXN6			UBXN6	0	FALSE	turquoise	0.3921	0.6778	0.6778	0.021697	0.5788	0.3859	0.638
ENSG00000269652.1	AC011510.1	ENSG00000269652.1	lncRNA	chr19	41221426	41222051	-	626	1	2	2	antisense	exonic_antisense	clone-based (unnamed)	FALSE	TRUE	FALSE	FALSE	FALSE	TRUE	FALSE		AXL		AXL			AXL	0	FALSE	black	0.2878	0.5549	0.5549	0.013654	0.4076	0.3685	0.4442
ENSG00000265008.1	AC011825.4	ENSG00000265008.1	lncRNA	chr18	32091295	32092119	-	825	1	2	2	antisense	exonic_antisense	clone-based (unnamed)	FALSE	TRUE	FALSE	FALSE	FALSE	TRUE	FALSE		RNF138		RNF138	RNF138	491	RNF138	0	FALSE	pink	0.4307	0.3929	0.3929	0.0077735	0.2942	0.1973	0.2759
ENSG00000271936.1	AC012073.1	ENSG00000271936.1	lncRNA	chr2	24825610	24826717	+	1108	1	1	1	antisense	exonic_antisense	clone-based (unnamed)	FALSE	TRUE	FALSE	FALSE	FALSE	TRUE	FALSE		ADCY3		ADCY3			ADCY3	0	FALSE	yellow	0.3723	0.5624	0.5624	0.0095986	0.4631	0.2182	0.5949
ENSG00000261777.6	AC012184.3	ENSG00000261777.6	lncRNA	chr16	70315442	70346806	-	31365	3	5	5	antisense	exonic_antisense	clone-based (unnamed)	FALSE	TRUE	TRUE	FALSE	FALSE	TRUE	FALSE		DDX19B;AC012184.2	AC012184.2	DDX19B;AC012184.2	DDX19A	55	AC012184.2	0	FALSE	magenta	0.3814	0.4467	0.4467	0.006158	0.3611	0.1685	0.3855
ENSG00000266957.1	AC012254.1	ENSG00000266957.1	lncRNA	chr18	47077361	47091280	-	13920	1	2	2	antisense	exonic_antisense	clone-based (unnamed)	FALSE	TRUE	FALSE	FALSE	FALSE	TRUE	FALSE		KATNAL2		KATNAL2			KATNAL2	0	FALSE	grey	-0.1619	0.5458	0.5458	0.013228	0.2834	0.2814	0.2916
ENSG00000268049.1	AC012313.2	ENSG00000268049.1	lncRNA	chr19	58357999	58359603	+	1605	1	2	2	antisense	exonic_antisense	clone-based (unnamed)	FALSE	TRUE	TRUE	FALSE	FALSE	TRUE	FALSE		ZNF497	ZNF497	ZNF497			ZNF497	0	FALSE	grey	-0.1694	0.504	0.504	0.006636	0.2988	0.1911	0.2877
ENSG00000269054.2	AC012313.6	ENSG00000269054.2	lncRNA	chr19	58362583	58367593	+	5011	2	3	3	antisense	exonic_antisense	clone-based (unnamed)	FALSE	TRUE	FALSE	FALSE	FALSE	TRUE	FALSE		ZNF497		ZNF497			ZNF497	0	FALSE	pink	0.5294	0.6022	0.6022	0.013652	0.5032	0.248	0.6477
ENSG00000273901.1	AC012313.9	ENSG00000273901.1	lncRNA	chr19	58500505	58501137	+	633	1	1	1	antisense	exonic_antisense	clone-based (unnamed)	FALSE	TRUE	FALSE	FALSE	FALSE	TRUE	FALSE		SLC27A5		SLC27A5			SLC27A5	0	FALSE	tan	0.5155	0.3013	0.3013	0.0057148	0.3122	0.1982	0.3327
ENSG00000225889.9	AC012368.1	ENSG00000225889.9	lncRNA	chr2	64143239	64252859	+	109621	22	19	10	antisense	exonic_antisense	clone-based (unnamed)	FALSE	TRUE	FALSE	FALSE	FALSE	TRUE	FALSE		PELI1		PELI1			PELI1	0	FALSE	turquoise	0.3731	0.5996	0.5996	0.022881	0.6105	0.3917	0.6575
ENSG00000286207.1	AC012443.2	ENSG00000286207.1	lncRNA	chr2	152635268	152641275	-	6008	1	2	2	antisense	exonic_antisense	clone-based (unnamed)	FALSE	TRUE	FALSE	FALSE	FALSE	TRUE	FALSE		FMNL2		FMNL2			FMNL2	0	FALSE	green	0.5116	0.8194	0.8194	0.012287	0.3219	0.2128	0.3699
ENSG00000287299.1	AC012459.1	ENSG00000287299.1	lncRNA	chr2	200390666	200478018	-	87353	4	7	7	antisense	exonic_antisense	clone-based (unnamed)	FALSE	TRUE	FALSE	FALSE	FALSE	TRUE	FALSE		SPATS2L		SPATS2L			SPATS2L	0	FALSE	green	0.3934	0.8035	0.8035	0.017864	0.376	0.2751	0.411
ENSG00000271976.1	AC012467.2	ENSG00000271976.1	lncRNA	chr3	53858994	53861576	-	2583	1	1	1	antisense	exonic_antisense	clone-based (unnamed)	FALSE	TRUE	FALSE	FALSE	FALSE	TRUE	FALSE		IL17RB		IL17RB			IL17RB	0	FALSE	grey	-0.2981	0.3494	0.3494	0.0087295	1.2684	0.321	0.998
ENSG00000267244.5	AC012615.6	ENSG00000267244.5	lncRNA	chr19	1822089	1824542	+	2454	4	1	3	antisense	exonic_antisense	clone-based (unnamed)	FALSE	TRUE	FALSE	FALSE	FALSE	TRUE	FALSE		REXO1		REXO1	REXO1	45	REXO1	0	FALSE	black	0.7742	0.8855	0.8855	0.034603	0.6932	0.4535	0.6556
ENSG00000271980.1	AC012640.4	ENSG00000271980.1	lncRNA	chr5	10264597	10267146	-	2550	1	1	1	antisense	exonic_antisense	clone-based (unnamed)	FALSE	TRUE	FALSE	FALSE	FALSE	TRUE	FALSE		CCT5		CCT5			CCT5	0	FALSE	blue	0.3828	0.1109	0.1109	0.0056758	0.3437	0.2953	0.3327
ENSG00000250616.2	AC012645.1	ENSG00000250616.2	lncRNA	chr16	30096430	30104116	+	7687	1	2	2	antisense	exonic_antisense	clone-based (unnamed)	FALSE	TRUE	FALSE	FALSE	FALSE	TRUE	FALSE		YPEL3		YPEL3	YPEL3	186	YPEL3	0	FALSE	pink	0.4853	0.0942	0.0942	0.0037975	0.5005	0.2231	0.6947
ENSG00000275371.1	AC012645.4	ENSG00000275371.1	lncRNA	chr16	30110895	30111955	+	1061	1	1	1	antisense	exonic_antisense	clone-based (unnamed)	FALSE	TRUE	FALSE	FALSE	FALSE	TRUE	FALSE		GDPD3		GDPD3			GDPD3	0	FALSE	turquoise	0.4967	0.8052	0.8052	0.014249	0.2267	0.2182	0.2133
ENSG00000287543.1	AC013486.1	ENSG00000287543.1	lncRNA	chr15	74040190	74043332	-	3143	1	2	2	antisense	exonic_antisense	clone-based (unnamed)	FALSE	TRUE	FALSE	FALSE	FALSE	TRUE	FALSE		PML		PML			PML	0	FALSE	yellow	0.4707	0.752	0.752	0.015377	0.4211	0.2585	0.4599
ENSG00000259583.3	AC015712.2	ENSG00000259583.3	lncRNA	chr15	100892343	100919391	-	27049	5	4	3	antisense	exonic_antisense	clone-based (unnamed)	FALSE	TRUE	FALSE	FALSE	FALSE	TRUE	FALSE		LRRK1;ALDH1A3		ALDH1A3;LRRK1	LRRK1	44	LRRK1	0	FALSE	grey	0.312	0.2712	0.2712	0.0049392	0.4261	0.2161	0.5342
ENSG00000267707.2	AC015961.2	ENSG00000267707.2	lncRNA	chr18	37243776	37247506	+	3731	1	2	2	antisense	exonic_antisense	clone-based (unnamed)	FALSE	TRUE	FALSE	FALSE	FALSE	TRUE	FALSE		CELF4		CELF4			CELF4	0	FALSE	turquoise	0.3981	0.6915	0.6915	0.01498	0.3112	0.2525	0.319
ENSG00000225335.3	AC016027.1	ENSG00000225335.3	lncRNA	chr22	18076527	18078884	-	2358	3	2	2	antisense	exonic_antisense	clone-based (unnamed)	FALSE	TRUE	FALSE	FALSE	FALSE	TRUE	FALSE		PEX26		PEX26	PEX26	123	PEX26	0	FALSE	turquoise	0.3106	0.1616	0.1616	0.0028079	0.4004	0.2241	0.4384
ENSG00000246089.3	AC016065.1	ENSG00000246089.3	lncRNA	chr8	6403551	6407142	-	3592	3	3	3	antisense	exonic_antisense	clone-based (unnamed)	FALSE	TRUE	FALSE	FALSE	FALSE	TRUE	FALSE		MCPH1		MCPH1	MCPH1	48	MCPH1	0	FALSE	brown	0.6086	0.1564	0.1564	0.0056429	0.8387	0.271	0.9726
ENSG00000272599.2	AC016394.1	ENSG00000272599.2	lncRNA	chr10	73124573	73125532	-	960	2	1	1	antisense	exonic_antisense	clone-based (unnamed)	FALSE	TRUE	FALSE	FALSE	FALSE	TRUE	FALSE		NUDT13		NUDT13			NUDT13	0	FALSE	turquoise	0.4116	0.7822	0.7822	0.012435	0.317	0.2144	0.3366
ENSG00000270820.6	AC016727.1	ENSG00000270820.6	lncRNA	chr2	61471188	61484130	+	12943	6	3	4	antisense	exonic_antisense	clone-based (unnamed)	FALSE	TRUE	FALSE	FALSE	FALSE	TRUE	FALSE		XPO1		XPO1	USP34	101	XPO1	0	FALSE	blue	0.4322	0.4417	0.4417	0.010786	0.853	0.2665	0.9863
ENSG00000233223.3	AC016876.1	ENSG00000233223.3	lncRNA	chr17	7581964	7584086	-	2123	5	3	2	antisense	exonic_antisense	clone-based (unnamed)	FALSE	TRUE	FALSE	FALSE	FALSE	TRUE	FALSE		MPDU1;CD68		CD68;MPDU1	MPDU1	11	MPDU1	0	FALSE	brown	0.4599	0.1187	0.1187	0.013877	1.8586	0.6393	0.9941
ENSG00000266036.1	AC016888.1	ENSG00000266036.1	lncRNA	chr17	74747319	74748912	-	1594	1	2	2	antisense	exonic_antisense	clone-based (unnamed)	FALSE	TRUE	FALSE	FALSE	FALSE	TRUE	FALSE		SLC9A3R1;RAB37		RAB37;SLC9A3R1			SLC9A3R1	0	FALSE	grey	0.1106	0.0613	0.0613	0.0025535	0.3496	0.2715	0.3973
ENSG00000283991.1	AC017000.1	ENSG00000283991.1	lncRNA	chr7	4130181	4134837	-	4657	1	3	3	antisense	exonic_antisense	clone-based (unnamed)	FALSE	TRUE	FALSE	FALSE	FALSE	TRUE	FALSE		SDK1		SDK1			SDK1	0	FALSE	blue	0.4052	0.0158	0.0158	0.0047474	0.597	0.5647	0.5812
ENSG00000259985.1	AC017100.1	ENSG00000259985.1	lncRNA	chr18	31685655	31686823	+	1169	1	1	1	antisense	exonic_antisense	clone-based (unnamed)	FALSE	TRUE	FALSE	FALSE	FALSE	TRUE	FALSE		B4GALT6		B4GALT6	B4GALT6	932	B4GALT6	0	FALSE	tan	0.3346	-0.0712	0.0712	-0.0032869	0.5629	0.3723	0.6341
ENSG00000283689.1	AC018553.2	ENSG00000283689.1	lncRNA	chr16	54285604	54289568	+	3965	1	2	2	antisense	exonic_antisense	clone-based (unnamed)	FALSE	TRUE	FALSE	FALSE	FALSE	TRUE	FALSE		IRX3		IRX3			IRX3	0	FALSE	blue	0.4935	0.414	0.414	0.022253	0.9456	0.4921	0.8885
ENSG00000271122.1	AC018647.2	ENSG00000271122.1	lncRNA	chr7	35695214	35699413	+	4200	1	1	1	antisense	exonic_antisense	clone-based (unnamed)	FALSE	TRUE	FALSE	FALSE	FALSE	TRUE	FALSE		HERPUD2		HERPUD2	HERPUD2	79	HERPUD2	0	FALSE	tan	0.4767	0.1495	0.1495	0.0043969	1.7508	0.3319	1
ENSG00000256967.1	AC018653.3	ENSG00000256967.1	lncRNA	chr12	7129079	7131198	-	2120	2	4	3	antisense	exonic_antisense	clone-based (unnamed)	FALSE	TRUE	FALSE	FALSE	FALSE	TRUE	FALSE		CLSTN3		CLSTN3	CLSTN3	119	CLSTN3	0	FALSE	turquoise	0.4877	0.6847	0.6847	0.032031	1.2987	0.5416	0.9589
ENSG00000287125.1	AC018695.9	ENSG00000287125.1	lncRNA	chr16	85699820	85711186	+	11367	1	3	3	antisense	exonic_antisense	clone-based (unnamed)	FALSE	TRUE	TRUE	FALSE	FALSE	TRUE	FALSE		C16orf74	C16orf74	C16orf74			C16orf74	0	FALSE	greenyellow	0.6347	0.3172	0.3172	0.006339	0.2895	0.3354	0.2544
ENSG00000250015.1	AC018752.1	ENSG00000250015.1	lncRNA	chr5	116302354	116304134	-	1781	1	2	2	antisense	antisense_overlapping	clone-based (unnamed)	FALSE	FALSE	FALSE	FALSE	FALSE	TRUE	FALSE				COMMD10			COMMD10	0	FALSE	midnightblue	0.6585	0.0201	0.0201	-0.0046988	1.1564	0.5677	0.8826
ENSG00000268047.1	AC018766.1	ENSG00000268047.1	lncRNA	chr19	49852887	49854967	-	2081	1	3	3	antisense	exonic_antisense	clone-based (unnamed)	FALSE	TRUE	FALSE	FALSE	FALSE	TRUE	FALSE		PTOV1		PTOV1	PTOV1	88	PTOV1	0	FALSE	grey	-0.2372	0.7866	0.7866	0.014766	0.2675	0.2393	0.2896
ENSG00000269982.1	AC018809.2	ENSG00000269982.1	lncRNA	chr3	9958717	9962539	+	3823	1	1	1	antisense	exonic_antisense	clone-based (unnamed)	FALSE	TRUE	FALSE	FALSE	FALSE	TRUE	FALSE		EMC3		EMC3			EMC3	0	FALSE	midnightblue	0.4207	0.4436	0.4436	0.0074468	0.7253	0.2002	0.9706
ENSG00000235978.6	AC018816.1	ENSG00000235978.6	lncRNA	chr3	4814294	4887293	-	73000	7	10	5	antisense	exonic_antisense	clone-based (unnamed)	FALSE	TRUE	FALSE	FALSE	FALSE	TRUE	FALSE		ITPR1		ITPR1			ITPR1	0	FALSE	grey	0.3434	0.3566	0.3566	0.0089448	0.5522	0.3168	0.6869
ENSG00000259250.1	AC018904.1	ENSG00000259250.1	lncRNA	chr15	58587507	58591676	+	4170	1	2	2	antisense	exonic_antisense	clone-based (unnamed)	FALSE	TRUE	FALSE	FALSE	FALSE	TRUE	FALSE		ADAM10		ADAM10			ADAM10	0	FALSE	purple	0.6196	0.1579	0.1579	0.010918	2.1687	0.5286	1
ENSG00000236039.3	AC019117.1	ENSG00000236039.3	lncRNA	chr7	17405479	17558909	-	153431	20	16	11	antisense	antisense_overlapping	clone-based (unnamed)	FALSE	FALSE	FALSE	FALSE	FALSE	TRUE	FALSE				AC019117.3			AC019117.3	0	FALSE	grey	0.3429	0.1652	0.1652	0.0067564	0.5134	0.5066	0.4892
ENSG00000229852.4	AC019205.1	ENSG00000229852.4	lncRNA	chr6	73263212	73301789	+	38578	6	6	4	antisense	exonic_antisense	clone-based (unnamed)	FALSE	TRUE	FALSE	FALSE	FALSE	TRUE	FALSE		KHDC1		KHDC1	AL365232.1	16	KHDC1	0	FALSE	grey	0.1929	0.4935	0.4935	0.0047033	0.287	0.1235	0.2407
ENSG00000253764.3	AC019257.1	ENSG00000253764.3	lncRNA	chr8	1971153	1974637	-	3485	4	3	4	antisense	antisense_overlapping	clone-based (unnamed)	FALSE	FALSE	FALSE	FALSE	FALSE	TRUE	FALSE				KBTBD11	KBTBD11	67	KBTBD11	0	FALSE	brown	0.293	0.4901	0.4901	0.030092	0.9433	0.6383	0.8454
ENSG00000174171.6	AC020659.1	ENSG00000174171.6	lncRNA	chr15	41892777	41899528	+	6752	12	1	4	antisense	exonic_antisense	clone-based (unnamed)	FALSE	TRUE	FALSE	FALSE	FALSE	TRUE	FALSE		SPTBN5;EHD4		SPTBN5;EHD4	SPTBN5	932	EHD4	0	FALSE	turquoise	0.3712	0.6085	0.6085	0.017537	0.3315	0.3963	0.3112
ENSG00000260173.1	AC020779.2	ENSG00000260173.1	lncRNA	chr15	72140504	72155459	-	14956	1	2	2	antisense	exonic_antisense	clone-based (unnamed)	FALSE	TRUE	FALSE	FALSE	FALSE	TRUE	FALSE		SENP8		SENP8			SENP8	0	FALSE	blue	0.5185	0.3295	0.3295	0.0087053	0.3801	0.2872	0.4403
ENSG00000271032.1	AC020907.4	ENSG00000271032.1	lncRNA	chr19	35014961	35025335	-	10375	1	2	2	antisense	exonic_antisense	clone-based (unnamed)	FALSE	TRUE	FALSE	FALSE	FALSE	TRUE	FALSE		GRAMD1A		GRAMD1A			GRAMD1A	0	FALSE	black	0.77	0.8594	0.8594	0.046043	0.9112	0.6443	0.7123
ENSG00000268516.2	AC020915.2	ENSG00000268516.2	lncRNA	chr19	58257270	58278808	-	21539	1	2	2	antisense	exonic_antisense	clone-based (unnamed)	FALSE	TRUE	TRUE	FALSE	FALSE	TRUE	FALSE		ZNF544	AC020915.4	ZNF544;AC020915.4	ZNF8	147	AC020915.4	0	FALSE	grey	0.1087	0.4505	0.4505	0.012593	1.314	0.2952	1
ENSG00000267519.6	AC020916.1	ENSG00000267519.6	lncRNA	chr19	13823880	13842928	-	19049	1	1	1	antisense	exonic_antisense	clone-based (unnamed)	FALSE	TRUE	FALSE	FALSE	FALSE	TRUE	FALSE		ZSWIM4		ZSWIM4			ZSWIM4	0	FALSE	black	0.4225	0.6722	0.6722	0.042964	1.167	0.8325	0.8219
ENSG00000248925.1	AC021087.1	ENSG00000248925.1	lncRNA	chr5	269858	271516	-	1659	1	2	2	antisense	exonic_antisense	clone-based (unnamed)	FALSE	TRUE	FALSE	FALSE	FALSE	TRUE	FALSE		AC021087.5		AC021087.5	PDCD6	105	AC021087.5	0	FALSE	blue	0.4717	0.148	0.148	0.0059309	0.5142	0.3244	0.593
ENSG00000267169.2	AC022098.1	ENSG00000267169.2	lncRNA	chr19	14137146	14171267	+	34122	3	3	3	antisense	exonic_antisense	clone-based (unnamed)	FALSE	TRUE	FALSE	FALSE	FALSE	TRUE	FALSE		ADGRL1		ADGRL1	ASF1B	533	ADGRL1	0	FALSE	black	0.6155	0.6471	0.6471	0.014721	0.5828	0.2521	0.7573
ENSG00000287608.1	AC022137.3	ENSG00000287608.1	lncRNA	chr19	53434661	53473936	-	39276	1	2	2	antisense	antisense_overlapping	clone-based (unnamed)	FALSE	FALSE	FALSE	FALSE	FALSE	TRUE	FALSE				ZNF761;ZNF813			ZNF813	0	FALSE	green	0.541	0.8211	0.8211	0.011614	0.2739	0.2122	0.2427
ENSG00000267892.1	AC022144.1	ENSG00000267892.1	lncRNA	chr19	38738284	38739863	+	1580	1	1	1	antisense	exonic_antisense	clone-based (unnamed)	FALSE	TRUE	FALSE	FALSE	FALSE	TRUE	FALSE		CAPN12		CAPN12			CAPN12	0	FALSE	blue	0.67	0.5326	0.5326	0.056516	2.2334	0.9129	0.9746
ENSG00000263843.1	AC022211.2	ENSG00000263843.1	lncRNA	chr17	75271369	75273895	+	2527	2	1	2	antisense	exonic_antisense	clone-based (unnamed)	FALSE	TRUE	FALSE	FALSE	FALSE	TRUE	FALSE		SLC25A19		SLC25A19	MIF4GD	138	SLC25A19	0	FALSE	grey	0.0183	0.2588	0.2588	0.0047305	0.4558	0.1753	0.6595
ENSG00000247934.4	AC022364.1	ENSG00000247934.4	lncRNA	chr12	28163298	28190738	-	27441	2	4	4	antisense	exonic_antisense	clone-based (unnamed)	FALSE	TRUE	TRUE	FALSE	FALSE	TRUE	FALSE		CCDC91	CCDC91	CCDC91	CCDC91	61	CCDC91	0	FALSE	grey	-0.0657	0.238	0.238	0.0069979	1.3384	0.3981	0.9961
ENSG00000287878.1	AC022382.2	ENSG00000287878.1	lncRNA	chr3	9693182	9721399	-	28218	1	3	3	antisense	antisense_overlapping	clone-based (unnamed)	FALSE	FALSE	FALSE	FALSE	FALSE	TRUE	FALSE				MTMR14;CPNE9			CPNE9	0	FALSE	green	0.7721	0.7701	0.7701	0.011555	0.3085	0.2111	0.3366
ENSG00000224195.1	AC022400.1	ENSG00000224195.1	lncRNA	chr10	73813518	73814737	+	1220	1	2	2	antisense	exonic_antisense	clone-based (unnamed)	FALSE	TRUE	FALSE	FALSE	FALSE	TRUE	FALSE		CAMK2G		CAMK2G			CAMK2G	0	FALSE	black	0.3925	0.5842	0.5842	0.011223	0.4238	0.2248	0.5147
ENSG00000255750.6	AC022509.1	ENSG00000255750.6	lncRNA	chr12	26229548	26319720	-	90173	4	5	3	antisense	exonic_antisense	clone-based (unnamed)	FALSE	TRUE	FALSE	FALSE	FALSE	TRUE	FALSE		SSPN		SSPN			SSPN	0	FALSE	blue	0.3616	0.131	0.131	0.016315	1.3526	0.9113	0.8806
ENSG00000273747.1	AC022558.3	ENSG00000273747.1	lncRNA	chr15	83020115	83020802	+	688	1	1	1	antisense	exonic_antisense	clone-based (unnamed)	FALSE	TRUE	TRUE	FALSE	FALSE	TRUE	FALSE		BTBD1	BTBD1	BTBD1			BTBD1	0	FALSE	turquoise	0.3899	0.7905	0.7905	0.014009	0.3202	0.22	0.3386
ENSG00000254340.2	AC022784.5	ENSG00000254340.2	lncRNA	chr8	9141424	9145503	+	4080	3	3	3	antisense	exonic_antisense	clone-based (unnamed)	FALSE	TRUE	FALSE	FALSE	FALSE	TRUE	FALSE		PPP1R3B		PPP1R3B			PPP1R3B	0	FALSE	greenyellow	0.4024	0.4937	0.4937	0.0076866	0.3521	0.3949	0.3092
ENSG00000254317.1	AC022973.5	ENSG00000254317.1	lncRNA	chr8	129832301	129844504	+	12204	1	3	3	antisense	exonic_antisense	clone-based (unnamed)	FALSE	TRUE	FALSE	FALSE	FALSE	TRUE	FALSE		CYRIB		CYRIB			CYRIB	0	FALSE	green	0.3794	0.7334	0.7334	0.010853	0.2913	0.2226	0.2857
ENSG00000260552.1	AC023043.1	ENSG00000260552.1	lncRNA	chr18	36179996	36187448	-	7453	1	2	2	antisense	exonic_antisense	clone-based (unnamed)	FALSE	TRUE	FALSE	FALSE	FALSE	TRUE	FALSE		ELP2		ELP2	MOCOS	49	ELP2	0	FALSE	greenyellow	0.4947	-0.0788	0.0788	-0.0027852	0.4501	0.3702	0.4481
ENSG00000276900.1	AC023157.2	ENSG00000276900.1	lncRNA	chr12	31729117	31731204	+	2088	1	1	1	antisense	exonic_antisense	clone-based (unnamed)	FALSE	TRUE	FALSE	FALSE	FALSE	TRUE	FALSE		AMN1		AMN1	AMN1	7	AMN1	0	FALSE	brown	0.5387	0.4783	0.4783	0.014693	1.1671	0.3232	0.998
ENSG00000270175.1	AC023509.3	ENSG00000270175.1	lncRNA	chr12	53500162	53500936	-	775	1	1	1	antisense	exonic_antisense	clone-based (unnamed)	FALSE	TRUE	FALSE	FALSE	FALSE	TRUE	FALSE		TARBP2		TARBP2	TARBP2	17	TARBP2	0	FALSE	brown	0.6264	0.1292	0.1292	0.0070834	0.958	0.3537	0.9804
ENSG00000276842.1	AC023510.2	ENSG00000276842.1	lncRNA	chr12	25103124	25103869	-	746	1	1	1	antisense	exonic_antisense	clone-based (unnamed)	FALSE	TRUE	FALSE	FALSE	FALSE	TRUE	FALSE		IRAG2		IRAG2	IRAG2	460	IRAG2	0	FALSE	purple	0.3948	0.6845	0.6845	0.026905	0.752	0.4427	0.8082
ENSG00000248576.1	AC023794.1	ENSG00000248576.1	lncRNA	chr12	54163139	54168595	+	5457	1	3	3	antisense	antisense_overlapping	clone-based (unnamed)	FALSE	FALSE	FALSE	FALSE	FALSE	TRUE	FALSE				SMUG1			SMUG1	0	FALSE	grey	0.1948	0.3749	0.3749	0.0066624	0.2841	0.2215	0.2583
ENSG00000260145.1	AC023825.2	ENSG00000260145.1	lncRNA	chr16	57052505	57058497	-	5993	1	2	2	antisense	antisense_overlapping	clone-based (unnamed)	FALSE	FALSE	FALSE	FALSE	FALSE	TRUE	FALSE				NLRC5	NLRC5	686	NLRC5	0	FALSE	yellow	0.5071	0.7122	0.7122	0.012176	0.2452	0.2471	0.229
ENSG00000259712.1	AC023906.5	ENSG00000259712.1	lncRNA	chr15	52056675	52100523	-	43849	1	2	2	antisense	antisense_overlapping	clone-based (unnamed)	FALSE	FALSE	FALSE	FALSE	FALSE	TRUE	FALSE				MAPK6			MAPK6	0	FALSE	grey	-0.023	0.5428	0.5428	0.011526	0.5048	0.3833	0.5675
ENSG00000261136.1	AC023908.3	ENSG00000261136.1	lncRNA	chr15	39782571	39785617	+	3047	1	1	1	antisense	exonic_antisense	clone-based (unnamed)	FALSE	TRUE	FALSE	FALSE	FALSE	TRUE	FALSE		FSIP1		FSIP1			FSIP1	0	FALSE	turquoise	0.7075	0.7829	0.7829	0.014036	0.2721	0.2161	0.272
ENSG00000271870.1	AC024060.2	ENSG00000271870.1	lncRNA	chr3	3152942	3153435	+	494	1	1	1	antisense	exonic_antisense	clone-based (unnamed)	FALSE	TRUE	FALSE	FALSE	FALSE	TRUE	FALSE		CRBN		CRBN			CRBN	0	FALSE	turquoise	0.6236	0.7279	0.7279	0.03851	1.6365	0.614	1
ENSG00000269427.1	AC024075.3	ENSG00000269427.1	lncRNA	chr19	16630743	16643942	+	13200	2	3	2	antisense	exonic_antisense	clone-based (unnamed)	FALSE	TRUE	TRUE	FALSE	FALSE	TRUE	FALSE		SMIM7	AC008764.4	AC008764.4;SMIM7			SMIM7	0	FALSE	midnightblue	0.6613	0.5859	0.5859	0.018464	1.2901	0.4687	0.9746
ENSG00000255968.1	AC024145.1	ENSG00000255968.1	lncRNA	chr12	26318953	26421462	+	102510	1	6	6	antisense	antisense_overlapping	clone-based (unnamed)	FALSE	FALSE	FALSE	FALSE	FALSE	TRUE	FALSE				ITPR2			ITPR2	0	FALSE	grey	0.1774	0.6322	0.6322	0.012272	0.432	0.291	0.499
ENSG00000260608.1	AC024270.3	ENSG00000260608.1	lncRNA	chr15	83012661	83061845	+	49185	1	2	2	antisense	antisense_overlapping	clone-based (unnamed)	FALSE	FALSE	FALSE	FALSE	FALSE	TRUE	FALSE				BTBD1			BTBD1	0	FALSE	green	0.4171	0.4814	0.4814	0.0088658	0.3407	0.2387	0.3992
ENSG00000263321.1	AC024361.3	ENSG00000263321.1	lncRNA	chr17	82729164	82734143	-	4980	1	2	2	antisense	exonic_antisense	clone-based (unnamed)	FALSE	TRUE	FALSE	FALSE	FALSE	TRUE	FALSE		FN3KRP		FN3KRP			FN3KRP	0	FALSE	black	0.4855	0.7506	0.7506	0.014503	0.2333	0.2315	0.2387
ENSG00000267277.1	AC024575.1	ENSG00000267277.1	lncRNA	chr19	11368123	11374935	-	6813	1	3	3	antisense	exonic_antisense	clone-based (unnamed)	FALSE	TRUE	FALSE	FALSE	FALSE	TRUE	FALSE		SWSAP1		SWSAP1			SWSAP1	0	FALSE	magenta	0.473	0.2705	0.2705	0.0038339	0.3507	0.1696	0.362
ENSG00000247903.1	AC024896.1	ENSG00000247903.1	lncRNA	chr12	26971586	26979582	+	7997	1	2	2	antisense	exonic_antisense	clone-based (unnamed)	FALSE	TRUE	FALSE	FALSE	FALSE	TRUE	FALSE		TM7SF3		TM7SF3			TM7SF3	0	FALSE	green	0.6124	0.7407	0.7407	0.029295	0.7945	0.5156	0.7456
ENSG00000274021.1	AC024909.1	ENSG00000274021.1	lncRNA	chr12	89351015	89353271	+	2257	1	1	1	antisense	exonic_antisense	clone-based (unnamed)	FALSE	TRUE	FALSE	FALSE	FALSE	TRUE	FALSE		DUSP6		DUSP6			DUSP6	0	FALSE	red	0.5847	0.1855	0.1855	0.0031813	0.3206	0.159	0.3053
ENSG00000272656.1	AC024933.1	ENSG00000272656.1	lncRNA	chr3	139349024	139349371	-	348	1	1	1	antisense	exonic_antisense	clone-based (unnamed)	FALSE	TRUE	TRUE	FALSE	FALSE	TRUE	FALSE		MRPS22	MRPS22	MRPS22			MRPS22	0	FALSE	purple	0.5047	0.2437	0.2437	0.0066499	0.4937	0.2581	0.6517
ENSG00000281333.2	AC024941.2	ENSG00000281333.2	lncRNA	chr12	88580531	88600725	+	20195	2	4	3	antisense	exonic_antisense	clone-based (unnamed)	FALSE	TRUE	FALSE	FALSE	FALSE	TRUE	FALSE		KITLG		KITLG	KITLG	60	KITLG	0	FALSE	grey	0.0496	0.2565	0.2565	0.0051387	0.2599	0.2599	0.2505
ENSG00000258302.2	AC025034.1	ENSG00000258302.2	lncRNA	chr12	89561129	89594878	+	33750	1	2	2	antisense	antisense_overlapping	clone-based (unnamed)	FALSE	FALSE	FALSE	FALSE	FALSE	TRUE	FALSE				ATP2B1			ATP2B1	0	FALSE	turquoise	0.3075	0.7793	0.7793	0.014684	0.3688	0.2423	0.4012
ENSG00000245904.4	AC025164.1	ENSG00000245904.4	lncRNA	chr12	92145573	92226557	+	80985	5	6	4	antisense	exonic_antisense	clone-based (unnamed)	FALSE	TRUE	FALSE	FALSE	FALSE	TRUE	FALSE		BTG1		BTG1	BTG1	335	BTG1	0	FALSE	grey	0.152	0.4941	0.4941	0.0060498	0.2758	0.1613	0.2016
ENSG00000177738.4	AC025171.1	ENSG00000177738.4	lncRNA	chr5	43013060	43067452	-	54393	5	4	3	antisense	antisense_overlapping	clone-based (unnamed)	FALSE	FALSE	FALSE	FALSE	TRUE	TRUE	FALSE				ANXA2R;ZNF131	ZNF131	129	ZNF131	0	FALSE	grey	0.0722	0.3591	0.3591	0.0077282	1.1061	0.3076	0.9961
ENSG00000215068.8	AC025171.2	ENSG00000215068.8	lncRNA	chr5	43041575	43054603	+	13029	9	4	4	antisense	exonic_antisense	clone-based (unnamed)	FALSE	TRUE	FALSE	FALSE	FALSE	TRUE	FALSE		ANXA2R		ANXA2R			ANXA2R	0	FALSE	grey	0.0565	0.7104	0.7104	0.024318	0.982	0.433	0.9452
ENSG00000250764.1	AC025178.1	ENSG00000250764.1	lncRNA	chr5	32103445	32121941	-	18497	1	5	5	antisense	antisense_overlapping	clone-based (unnamed)	FALSE	FALSE	FALSE	FALSE	FALSE	TRUE	FALSE				PDZD2			PDZD2	0	FALSE	turquoise	0.3141	0.7816	0.7816	0.016284	0.3762	0.2614	0.4364
ENSG00000257681.1	AC025265.1	ENSG00000257681.1	lncRNA	chr12	103746315	103768858	-	22544	2	4	3	antisense	exonic_antisense	clone-based (unnamed)	FALSE	TRUE	FALSE	FALSE	FALSE	TRUE	FALSE		STAB2		STAB2			STAB2	0	FALSE	turquoise	0.3613	0.5923	0.5923	0.025443	0.6611	0.5442	0.6184
ENSG00000258168.6	AC025569.1	ENSG00000258168.6	lncRNA	chr12	70468080	70543040	+	74961	10	13	9	antisense	exonic_antisense	clone-based (unnamed)	FALSE	TRUE	FALSE	FALSE	FALSE	TRUE	FALSE		PTPRB		PTPRB			PTPRB	0	FALSE	red	0.5049	0.6746	0.6746	0.0099423	0.2592	0.216	0.2055
ENSG00000259342.1	AC025580.1	ENSG00000259342.1	lncRNA	chr15	45430652	45441808	-	11157	1	3	3	antisense	exonic_antisense	clone-based (unnamed)	FALSE	TRUE	FALSE	FALSE	FALSE	TRUE	FALSE		C15orf48		C15orf48			C15orf48	0	FALSE	grey	-0.1934	-0.0041	0.0041	0.002881	0.5968	0.6179	0.5284
ENSG00000275672.1	AC025580.3	ENSG00000275672.1	lncRNA	chr15	45378700	45380123	+	1424	1	1	1	antisense	exonic_antisense	clone-based (unnamed)	FALSE	TRUE	TRUE	FALSE	FALSE	TRUE	FALSE		GATM	GATM	GATM	GATM	145	GATM	0	FALSE	blue	0.5756	0.5237	0.5237	0.017214	0.4388	0.3487	0.4677
ENSG00000262769.1	AC025627.1	ENSG00000262769.1	lncRNA	chr17	19560111	19597922	-	37812	1	4	4	antisense	exonic_antisense	clone-based (unnamed)	FALSE	TRUE	FALSE	FALSE	FALSE	TRUE	FALSE		SLC47A1		SLC47A1			SLC47A1	0	FALSE	blue	0.59	0.5895	0.5895	0.042691	0.8933	0.7567	0.7123
ENSG00000260618.1	AC025917.1	ENSG00000260618.1	lncRNA	chr15	52577842	52598709	+	20868	2	6	4	antisense	exonic_antisense	clone-based (unnamed)	FALSE	TRUE	FALSE	FALSE	FALSE	TRUE	FALSE		FAM214A		FAM214A			FAM214A	0	FALSE	green	0.6587	0.7732	0.7732	0.017009	0.5092	0.3287	0.5519
ENSG00000233912.1	AC026202.2	ENSG00000233912.1	lncRNA	chr3	5156905	5187329	-	30425	1	4	4	antisense	antisense_overlapping	clone-based (unnamed)	FALSE	FALSE	FALSE	FALSE	FALSE	TRUE	FALSE				ARL8B	EDEM1	317	ARL8B	0	FALSE	grey	0.3022	0.1268	0.1268	0.00066577	0.3578	0.2053	0.3836
ENSG00000249695.6	AC026369.1	ENSG00000249695.6	lncRNA	chr12	137411	149169	-	11759	2	10	10	antisense	exonic_antisense	clone-based (unnamed)	FALSE	TRUE	FALSE	FALSE	FALSE	TRUE	FALSE		IQSEC3		IQSEC3			IQSEC3	0	FALSE	grey	-0.3922	0.2482	0.2482	0.010967	0.3044	0.5489	0.2094
ENSG00000256694.1	AC026369.2	ENSG00000256694.1	lncRNA	chr12	164664	166321	-	1658	1	2	2	antisense	exonic_antisense	clone-based (unnamed)	FALSE	TRUE	FALSE	FALSE	FALSE	TRUE	FALSE		IQSEC3		IQSEC3			IQSEC3	0	FALSE	red	0.664	0.1727	0.1727	0.016326	1.866	0.7977	0.9628
ENSG00000260267.1	AC026471.1	ENSG00000260267.1	lncRNA	chr16	31456711	31459736	-	3026	1	1	1	antisense	exonic_antisense	clone-based (unnamed)	FALSE	TRUE	FALSE	FALSE	FALSE	TRUE	FALSE		ARMC5		ARMC5	ARMC5	225	ARMC5	0	FALSE	pink	0.4097	0.4143	0.4143	0.010576	1.2889	0.2904	0.998
ENSG00000260625.3	AC026471.2	ENSG00000260625.3	lncRNA	chr16	31508464	31509560	+	1097	2	2	2	antisense	exonic_antisense	clone-based (unnamed)	FALSE	TRUE	FALSE	FALSE	FALSE	TRUE	FALSE		RUSF1		RUSF1	RUSF1	73	RUSF1	0	FALSE	brown	0.6754	0.4775	0.4775	0.010747	0.3397	0.2082	0.3249
ENSG00000270021.1	AC026691.1	ENSG00000270021.1	lncRNA	chr5	135399280	135401296	+	2017	1	1	1	antisense	exonic_antisense	clone-based (unnamed)	FALSE	TRUE	FALSE	FALSE	FALSE	TRUE	FALSE		MACROH2A1		MACROH2A1	MACROH2A1	42	MACROH2A1	0	FALSE	pink	0.3981	0.2111	0.2111	0.003326	0.3491	0.1682	0.364
ENSG00000272323.1	AC026801.2	ENSG00000272323.1	lncRNA	chr5	34837549	34839278	-	1730	1	2	2	antisense	exonic_antisense	clone-based (unnamed)	FALSE	TRUE	FALSE	FALSE	FALSE	TRUE	FALSE		TTC23L		TTC23L			TTC23L	0	FALSE	pink	0.4275	0.0606	0.0606	0.0058862	1.487	0.4497	0.998
ENSG00000286024.1	AC026803.3	ENSG00000286024.1	lncRNA	chr19	48807321	48810717	+	3397	1	3	3	antisense	exonic_antisense	clone-based (unnamed)	FALSE	TRUE	TRUE	FALSE	FALSE	TRUE	FALSE		BCAT2	BCAT2	BCAT2	BCAT2	247	BCAT2	0	FALSE	blue	0.7272	0.2371	0.2371	0.032316	1.7609	0.8845	0.9354
ENSG00000267040.6	AC027097.1	ENSG00000267040.6	lncRNA	chr18	57630302	57669296	+	38995	3	4	3	antisense	exonic_antisense	clone-based (unnamed)	FALSE	TRUE	FALSE	FALSE	FALSE	TRUE	FALSE		ATP8B1		ATP8B1			ATP8B1	0	FALSE	grey	-0.0135	0.4577	0.4577	0.0079197	0.6122	0.1887	0.9041
ENSG00000267787.7	AC027097.2	ENSG00000267787.7	lncRNA	chr18	57639455	57738603	+	99149	5	9	6	antisense	exonic_antisense	clone-based (unnamed)	FALSE	TRUE	FALSE	FALSE	FALSE	TRUE	FALSE		ATP8B1		ATP8B1			ATP8B1	0	FALSE	brown	0.3209	0.4433	0.4433	0.0075797	0.5065	0.1574	0.7886
ENSG00000259426.6	AC027237.3	ENSG00000259426.6	lncRNA	chr15	69396904	69415029	-	18126	6	4	3	antisense	exonic_antisense	clone-based (unnamed)	FALSE	TRUE	FALSE	FALSE	FALSE	TRUE	FALSE		KIF23;PAQR5		PAQR5;KIF23	KIF23	26	KIF23	0	FALSE	grey	-0.0417	0.5846	0.5846	0.0071043	0.3149	0.1499	0.2759
ENSG00000257894.2	AC027288.3	ENSG00000257894.2	lncRNA	chr12	79341205	79503396	-	162192	3	4	2	antisense	antisense_overlapping	clone-based (unnamed)	FALSE	FALSE	FALSE	FALSE	FALSE	TRUE	FALSE				SYT1			SYT1	0	FALSE	grey	0.1823	0.0533	0.0533	0.0010983	0.3262	0.344	0.2877
ENSG00000267317.2	AC027307.2	ENSG00000267317.2	lncRNA	chr19	1457670	1458580	-	911	1	1	1	antisense	exonic_antisense	clone-based (unnamed)	FALSE	TRUE	FALSE	FALSE	FALSE	TRUE	FALSE		APC2		APC2			APC2	0	FALSE	brown	0.37	0.0649	0.0649	0.0060717	2.3549	0.4166	1
ENSG00000262115.1	AC027601.2	ENSG00000262115.1	lncRNA	chr17	81197393	81200288	+	2896	1	2	2	antisense	exonic_antisense	clone-based (unnamed)	FALSE	TRUE	FALSE	FALSE	FALSE	TRUE	FALSE		CEP131		CEP131	CEP131	374	CEP131	0	FALSE	red	0.7424	0.287	0.287	0.011686	0.5395	0.3519	0.6204
ENSG00000248936.1	AC027607.1	ENSG00000248936.1	lncRNA	chr4	37588087	37588875	-	789	1	2	2	antisense	exonic_antisense	clone-based (unnamed)	FALSE	TRUE	FALSE	FALSE	FALSE	TRUE	FALSE		C4orf19		C4orf19			C4orf19	0	FALSE	turquoise	0.373	0.7467	0.7467	0.017683	0.4885	0.2859	0.6106
ENSG00000276075.1	AC027682.6	ENSG00000276075.1	lncRNA	chr16	67517862	67528675	-	10814	2	2	2	antisense	exonic_antisense	clone-based (unnamed)	FALSE	TRUE	FALSE	FALSE	FALSE	TRUE	FALSE		RIPOR1		RIPOR1	RIPOR1	142	RIPOR1	0	FALSE	pink	0.4426	0.047	0.047	0.0065721	1.0497	0.525	0.9354
ENSG00000262903.1	AC027796.4	ENSG00000262903.1	lncRNA	chr17	3655621	3658092	-	2472	1	3	3	antisense	exonic_antisense	clone-based (unnamed)	FALSE	TRUE	FALSE	FALSE	FALSE	TRUE	FALSE		CTNS		CTNS			CTNS	0	FALSE	turquoise	0.6275	0.8117	0.8117	0.039084	0.8239	0.5978	0.7006
ENSG00000204584.1	AC027801.1	ENSG00000204584.1	lncRNA	chr17	49845910	49848837	+	2928	1	3	3	antisense	exonic_antisense	clone-based (unnamed)	FALSE	TRUE	FALSE	FALSE	FALSE	TRUE	FALSE		TAC4		TAC4			TAC4	0	FALSE	turquoise	0.4342	0.7301	0.7301	0.014755	0.3934	0.2434	0.4462
ENSG00000287401.1	AC034139.1	ENSG00000287401.1	lncRNA	chr4	76240740	76312098	-	71359	1	5	5	antisense	antisense_overlapping	clone-based (unnamed)	FALSE	FALSE	FALSE	FALSE	FALSE	TRUE	FALSE				FAM47E;FAM47E-STBD1;STBD1			STBD1	0	FALSE	cyan	0.4645	0.019	0.019	-0.0011114	0.3417	0.1795	0.3992
ENSG00000271918.1	AC034236.2	ENSG00000271918.1	lncRNA	chr5	116083807	116085416	-	1610	1	1	1	antisense	exonic_antisense	clone-based (unnamed)	FALSE	TRUE	FALSE	FALSE	FALSE	TRUE	FALSE		COMMD10		COMMD10	COMMD10	58	COMMD10	0	FALSE	turquoise	0.7327	0.6696	0.6696	0.029988	0.9561	0.4596	0.9413
ENSG00000253404.1	AC034243.1	ENSG00000253404.1	lncRNA	chr5	138744434	138753309	-	8876	1	2	2	antisense	exonic_antisense	clone-based (unnamed)	FALSE	TRUE	TRUE	FALSE	FALSE	TRUE	FALSE		CTNNA1	CTNNA1	CTNNA1	CTNNA1	109	CTNNA1	0	FALSE	grey	-0.0936	0.0399	0.0399	0.0024024	0.2718	0.3147	0.2701
ENSG00000261616.1	AC036108.3	ENSG00000261616.1	lncRNA	chr15	99139317	99145370	+	6054	1	2	2	antisense	exonic_antisense	clone-based (unnamed)	FALSE	TRUE	TRUE	FALSE	FALSE	TRUE	FALSE		TTC23	TTC23	TTC23			TTC23	0	FALSE	red	0.3469	0.6834	0.6834	0.0081897	0.3145	0.1554	0.3072
ENSG00000253200.1	AC037459.2	ENSG00000253200.1	lncRNA	chr8	22613908	22616657	-	2750	1	1	1	antisense	exonic_antisense	clone-based (unnamed)	FALSE	TRUE	FALSE	FALSE	FALSE	TRUE	FALSE		CCAR2		CCAR2	CCAR2	731	CCAR2	0	FALSE	black	0.5432	0.7235	0.7235	0.011081	0.3162	0.183	0.3444
ENSG00000248932.6	AC046134.2	ENSG00000248932.6	lncRNA	chr3	139389761	139782699	+	392939	17	17	8	antisense	exonic_antisense	clone-based (unnamed)	FALSE	TRUE	FALSE	FALSE	FALSE	TRUE	FALSE		NMNAT3		RBP2;RBP1;NMNAT3	COPB2	25	NMNAT3	0	FALSE	grey	0.1895	0.3416	0.3416	0.0030491	0.4351	0.1279	0.6477
ENSG00000229334.1	AC046143.1	ENSG00000229334.1	lncRNA	chr3	194632923	194645401	+	12479	1	2	2	antisense	exonic_antisense	clone-based (unnamed)	FALSE	TRUE	FALSE	FALSE	FALSE	TRUE	FALSE		TMEM44;LSG1		TMEM44;LSG1			LSG1	0	FALSE	grey	0.3848	0.1934	0.1934	0.0035457	0.6949	0.2973	0.8708
ENSG00000260773.1	AC055855.1	ENSG00000260773.1	lncRNA	chr15	66314914	66331703	-	16790	1	2	2	antisense	exonic_antisense	clone-based (unnamed)	FALSE	TRUE	FALSE	FALSE	FALSE	TRUE	FALSE		DIS3L		DIS3L			DIS3L	0	FALSE	black	0.5952	0.841	0.841	0.025853	0.5388	0.3622	0.593
ENSG00000273196.1	AC062037.2	ENSG00000273196.1	lncRNA	chr2	85387074	85387146	-	73	1	1	1	antisense	exonic_antisense	clone-based (unnamed)	FALSE	TRUE	TRUE	FALSE	FALSE	TRUE	FALSE		ELMOD3	ELMOD3	ELMOD3			ELMOD3	0	FALSE	grey	0.0087	0.3871	0.3871	0.011101	0.2391	0.3434	0.2466
ENSG00000286223.1	AC064836.3	ENSG00000286223.1	lncRNA	chr2	202302122	202303614	-	1493	1	2	2	antisense	exonic_antisense	clone-based (unnamed)	FALSE	TRUE	FALSE	FALSE	FALSE	TRUE	FALSE		NOP58		NOP58			NOP58	0	FALSE	black	0.571	0.8158	0.8158	0.034457	0.6702	0.5022	0.6204
ENSG00000259668.6	AC066613.1	ENSG00000259668.6	lncRNA	chr15	51455268	51460582	+	5315	4	3	3	antisense	exonic_antisense	clone-based (unnamed)	FALSE	TRUE	FALSE	FALSE	FALSE	TRUE	FALSE		DMXL2		DMXL2	DMXL2	55	DMXL2	0	FALSE	green	0.5919	0.8559	0.8559	0.01311	0.3153	0.2057	0.3464
ENSG00000266962.2	AC067852.2	ENSG00000266962.2	lncRNA	chr17	42552436	42554748	-	2313	1	1	1	antisense	exonic_antisense	clone-based (unnamed)	FALSE	TRUE	FALSE	FALSE	FALSE	TRUE	FALSE		HSD17B1		HSD17B1			HSD17B1	0	FALSE	brown	0.6795	-0.0142	0.0142	0.0032096	0.7214	0.2366	0.9628
ENSG00000287710.1	AC067852.5	ENSG00000287710.1	lncRNA	chr17	42577825	42578366	+	542	1	1	1	antisense	exonic_antisense	clone-based (unnamed)	FALSE	TRUE	FALSE	FALSE	FALSE	TRUE	FALSE		PSMC3IP		PSMC3IP	PSMC3IP	30	PSMC3IP	0	FALSE	brown	0.705	0.4498	0.4498	0.017326	0.7726	0.3664	0.8845
ENSG00000197585.10	AC068051.1	ENSG00000197585.10	lncRNA	chr2	214241676	214684246	-	442571	3	10	5	antisense	antisense_overlapping	clone-based (unnamed)	FALSE	FALSE	FALSE	FALSE	FALSE	TRUE	FALSE				SPAG16;VWC2L			VWC2L	0	FALSE	blue	0.5726	0.2527	0.2527	0.0097399	0.4289	0.366	0.4658
ENSG00000260274.1	AC068338.2	ENSG00000260274.1	lncRNA	chr15	75368155	75369584	+	1430	1	1	1	antisense	exonic_antisense	clone-based (unnamed)	FALSE	TRUE	FALSE	FALSE	FALSE	TRUE	FALSE		MAN2C1;SIN3A		MAN2C1;SIN3A	MAN2C1	149	SIN3A	0	FALSE	pink	0.4902	0.0196	0.0196	0.0020698	0.6807	0.224	0.9472
ENSG00000275645.1	AC068338.3	ENSG00000275645.1	lncRNA	chr15	75346744	75347161	-	418	1	1	1	antisense	exonic_antisense	clone-based (unnamed)	FALSE	TRUE	FALSE	FALSE	FALSE	TRUE	FALSE		NEIL1		NEIL1	NEIL1	181	NEIL1	0	FALSE	pink	0.4671	0.1916	0.1916	0.004767	0.2897	0.2066	0.274
ENSG00000270147.1	AC068620.2	ENSG00000270147.1	lncRNA	chr4	56396312	56396871	+	560	1	1	1	antisense	exonic_antisense	clone-based (unnamed)	FALSE	TRUE	FALSE	FALSE	FALSE	TRUE	FALSE		PPAT		PPAT			PPAT	0	FALSE	turquoise	0.6442	0.7198	0.7198	0.01464	0.3077	0.2352	0.3112
ENSG00000257337.7	AC068888.1	ENSG00000257337.7	lncRNA	chr12	53012884	53054450	-	41567	24	9	6	antisense	exonic_antisense	clone-based (unnamed)	FALSE	TRUE	FALSE	FALSE	FALSE	TRUE	FALSE		TNS2;EIF4B		EIF4B;TNS2	TNS2	513	TNS2	0	FALSE	grey	0.0091	0.4718	0.4718	0.013711	0.9934	0.3342	0.9863
ENSG00000260473.2	AC068987.2	ENSG00000260473.2	lncRNA	chr12	51815043	51842106	+	27064	2	9	5	antisense	exonic_antisense	clone-based (unnamed)	FALSE	TRUE	FALSE	FALSE	FALSE	TRUE	FALSE		FIGNL2		FIGNL2	TMDD1	117	FIGNL2	0	FALSE	black	0.316	0.6807	0.6807	0.010133	0.2505	0.184	0.2114
ENSG00000286401.1	AC069547.2	ENSG00000286401.1	lncRNA	chr10	50325697	50341585	+	15889	1	3	3	antisense	exonic_antisense	clone-based (unnamed)	FALSE	TRUE	TRUE	FALSE	FALSE	TRUE	FALSE		SGMS1	SGMS1	SGMS1			SGMS1	0	FALSE	grey	-0.0529	0.3406	0.3406	0.0032477	0.2795	0.1768	0.2348
ENSG00000286244.1	AC073046.3	ENSG00000286244.1	lncRNA	chr2	73834422	73856965	-	22544	1	3	3	antisense	antisense_overlapping	clone-based (unnamed)	FALSE	FALSE	FALSE	FALSE	FALSE	TRUE	FALSE				STAMBP			STAMBP	0	FALSE	green	0.4462	0.8221	0.8221	0.018429	0.4195	0.2945	0.4521
ENSG00000243243.5	AC073130.2	ENSG00000243243.5	lncRNA	chr7	116237929	116327896	-	89968	2	5	5	antisense	antisense_overlapping	clone-based (unnamed)	FALSE	FALSE	FALSE	FALSE	FALSE	TRUE	FALSE				TES;CAV2			CAV2	0	FALSE	green	0.434	0.6801	0.6801	0.0082604	0.2654	0.1838	0.2427
ENSG00000271855.1	AC073195.1	ENSG00000271855.1	lncRNA	chr2	9555899	9556775	+	877	1	1	1	antisense	exonic_antisense	clone-based (unnamed)	FALSE	TRUE	FALSE	FALSE	FALSE	TRUE	FALSE		ADAM17		ADAM17	ADAM17	69	ADAM17	0	FALSE	brown	0.6657	0.5261	0.5261	0.010042	0.2589	0.1894	0.229
ENSG00000237126.8	AC073254.1	ENSG00000237126.8	lncRNA	chr2	232580948	232611971	-	31024	13	10	6	antisense	exonic_antisense	clone-based (unnamed)	FALSE	TRUE	FALSE	FALSE	FALSE	TRUE	FALSE		EIF4E2		EIF4E2;EFHD1			EFHD1	0	FALSE	blue	0.3526	0.0213	0.0213	0.0002999	0.4627	0.1859	0.638
ENSG00000225457.1	AC073346.1	ENSG00000225457.1	lncRNA	chr7	113100663	113146330	+	45668	2	4	3	antisense	antisense_overlapping	clone-based (unnamed)	FALSE	FALSE	FALSE	FALSE	FALSE	TRUE	FALSE				SMIM30			SMIM30	0	FALSE	blue	0.7333	0.0786	0.0786	0.015307	1.2009	0.8686	0.7613
ENSG00000258365.1	AC073655.2	ENSG00000258365.1	lncRNA	chr12	94277758	94282844	-	5087	2	4	3	antisense	exonic_antisense	clone-based (unnamed)	FALSE	TRUE	FALSE	FALSE	FALSE	TRUE	FALSE		PLXNC1		PLXNC1			PLXNC1	0	FALSE	turquoise	0.4877	0.7466	0.7466	0.017702	0.4068	0.2729	0.4677
ENSG00000242798.1	AC073842.2	ENSG00000242798.1	lncRNA	chr7	100115214	100127139	-	11926	1	2	2	antisense	exonic_antisense	clone-based (unnamed)	FALSE	TRUE	FALSE	FALSE	TRUE	TRUE	FALSE		MBLAC1		TAF6;CNPY4;MBLAC1			MBLAC1	0	FALSE	black	0.4755	0.8181	0.8181	0.024698	0.4993	0.3695	0.5382
ENSG00000257303.2	AC073896.2	ENSG00000257303.2	lncRNA	chr12	56300076	56317992	+	17917	3	4	3	antisense	exonic_antisense	clone-based (unnamed)	FALSE	TRUE	FALSE	FALSE	FALSE	TRUE	FALSE		CS;AC073896.1;CNPY2;PAN2		CS;AC073896.1;CNPY2;PAN2	CS	53	PAN2	0	FALSE	turquoise	0.7095	0.8508	0.8508	0.012195	0.2506	0.1628	0.225
ENSG00000273151.1	AC073957.3	ENSG00000273151.1	lncRNA	chr7	879790	886547	-	6758	1	1	1	antisense	exonic_antisense	clone-based (unnamed)	FALSE	TRUE	FALSE	FALSE	FALSE	TRUE	FALSE		SUN1;GET4		SUN1;GET4	GET4	486	GET4	0	FALSE	green	0.6124	0.8264	0.8264	0.030344	0.7076	0.4733	0.6869
ENSG00000234072.1	AC074117.1	ENSG00000234072.1	lncRNA	chr2	27356246	27367622	+	11377	3	4	3	antisense	exonic_antisense	clone-based (unnamed)	FALSE	TRUE	FALSE	FALSE	FALSE	TRUE	FALSE		GTF3C2;EIF2B4		GTF3C2;EIF2B4	GTF3C2	106	EIF2B4	0	FALSE	turquoise	0.6521	0.7937	0.7937	0.023584	0.9881	0.3483	0.9804
ENSG00000225205.5	AC078883.1	ENSG00000225205.5	lncRNA	chr2	172480840	172556596	-	75757	5	9	4	antisense	exonic_antisense	clone-based (unnamed)	FALSE	TRUE	FALSE	FALSE	FALSE	TRUE	FALSE		PDK1;ITGA6		ITGA6;PDK1	PDK1	36	PDK1	0	FALSE	red	0.3957	0.4296	0.4296	0.011176	1.1019	0.302	0.9883
ENSG00000280241.4	AC079298.3	ENSG00000280241.4	lncRNA	chr4	153948718	154300500	+	351783	4	8	5	antisense	exonic_antisense	clone-based (unnamed)	FALSE	TRUE	FALSE	FALSE	FALSE	TRUE	FALSE		DCHS2		DCHS2			DCHS2	0	FALSE	grey	0.2967	0.0083	0.0083	-0.0080459	0.5861	0.7898	0.3973
ENSG00000222043.2	AC079305.1	ENSG00000222043.2	lncRNA	chr2	177264359	177265515	+	1157	1	2	2	antisense	exonic_antisense	clone-based (unnamed)	FALSE	TRUE	TRUE	FALSE	FALSE	TRUE	FALSE		NFE2L2	NFE2L2	NFE2L2	NFE2L2	559	NFE2L2	0	FALSE	brown	0.5302	0.1024	0.1024	0.0035547	0.3525	0.2093	0.3777
ENSG00000229337.2	AC079305.2	ENSG00000229337.2	lncRNA	chr2	177111036	177212662	-	101627	3	4	3	antisense	exonic_antisense	clone-based (unnamed)	FALSE	TRUE	FALSE	FALSE	FALSE	TRUE	FALSE		HNRNPA3		HNRNPA3	HNRNPA3	32	HNRNPA3	0	FALSE	grey	0.0353	0.3794	0.3794	0.0049498	0.3847	0.2036	0.4305
ENSG00000258086.1	AC079313.1	ENSG00000258086.1	lncRNA	chr12	54353792	54466985	+	113194	1	4	4	antisense	exonic_antisense	clone-based (unnamed)	FALSE	TRUE	FALSE	FALSE	FALSE	TRUE	FALSE		ITGA5		GPR84;ZNF385A;ITGA5;GTSF1			GTSF1	0	FALSE	grey	0.2604	0.6597	0.6597	0.013402	0.3645	0.3144	0.3894
ENSG00000228643.1	AC079779.2	ENSG00000228643.1	lncRNA	chr2	286419	301515	+	15097	2	4	4	antisense	exonic_antisense	clone-based (unnamed)	FALSE	TRUE	FALSE	FALSE	FALSE	TRUE	FALSE		ALKAL2		ALKAL2			ALKAL2	0	FALSE	grey	0.1466	0.196	0.196	0.012521	0.7436	0.8402	0.5519
ENSG00000233230.1	AC079807.1	ENSG00000233230.1	lncRNA	chr2	47905678	47907810	+	2133	3	4	2	antisense	exonic_antisense	clone-based (unnamed)	FALSE	TRUE	FALSE	FALSE	FALSE	TRUE	FALSE		FBXO11		FBXO11	FBXO11	110	FBXO11	0	FALSE	turquoise	0.6844	0.7352	0.7352	0.022151	0.6407	0.3193	0.773
ENSG00000250012.2	AC079848.1	ENSG00000250012.2	lncRNA	chr3	126083659	126095349	+	11691	4	5	3	antisense	exonic_antisense	clone-based (unnamed)	FALSE	TRUE	TRUE	FALSE	FALSE	TRUE	FALSE		SLC41A3	SLC41A3	SLC41A3	SLC41A3	23	SLC41A3	0	FALSE	tan	0.644	0.0234	0.0234	0.00098552	0.738	0.3424	0.865
ENSG00000257222.1	AC079907.1	ENSG00000257222.1	lncRNA	chr12	102063355	102074820	+	11466	1	3	3	antisense	exonic_antisense	clone-based (unnamed)	FALSE	TRUE	FALSE	FALSE	FALSE	TRUE	FALSE		NUP37		NUP37			NUP37	0	FALSE	turquoise	0.3472	0.674	0.674	0.01357	0.4032	0.2629	0.4658
ENSG00000239300.6	AC080162.1	ENSG00000239300.6	lncRNA	chr2	9501466	9512413	+	10948	2	4	3	antisense	exonic_antisense	clone-based (unnamed)	FALSE	TRUE	FALSE	FALSE	FALSE	TRUE	FALSE		ADAM17		ADAM17	ADAM17	127	ADAM17	0	FALSE	salmon	0.5333	0.756	0.756	0.019005	0.524	0.2969	0.6419
ENSG00000272758.6	AC083798.2	ENSG00000272758.6	lncRNA	chr3	122416207	122443180	+	26974	6	7	3	antisense	exonic_antisense	clone-based (unnamed)	FALSE	TRUE	FALSE	FALSE	FALSE	TRUE	FALSE		KPNA1		KPNA1	WDR5B	145	KPNA1	0	FALSE	tan	0.4165	0.4121	0.4121	0.008778	0.5851	0.2226	0.8121
ENSG00000285744.1	AC083837.1	ENSG00000285744.1	lncRNA	chr8	78805293	78956082	+	150790	1	6	6	antisense	exonic_antisense	clone-based (unnamed)	FALSE	TRUE	FALSE	FALSE	FALSE	TRUE	FALSE		IL7		IL7	IL7	173	IL7	0	FALSE	yellow	0.5144	0.336	0.336	0.013885	1.1557	0.455	0.9569
ENSG00000272941.1	AC083862.1	ENSG00000272941.1	lncRNA	chr7	135168403	135169547	+	1145	1	1	1	antisense	exonic_antisense	clone-based (unnamed)	FALSE	TRUE	FALSE	FALSE	FALSE	TRUE	FALSE		CYREN		CYREN	CYREN	224	CYREN	0	FALSE	grey	0.1543	0.1647	0.1647	0.0076216	1.19	0.4438	0.9824
ENSG00000273391.1	AC083880.1	ENSG00000273391.1	lncRNA	chr7	139359032	139359566	-	535	1	1	1	antisense	exonic_antisense	clone-based (unnamed)	FALSE	TRUE	TRUE	FALSE	FALSE	TRUE	FALSE		LUC7L2	LUC7L2;FMC1-LUC7L2	LUC7L2;FMC1-LUC7L2	LUC7L2	280	FMC1-LUC7L2	0	FALSE	brown	0.5842	0.1238	0.1238	0.0048332	0.4632	0.2874	0.5225
ENSG00000272293.1	AC083964.1	ENSG00000272293.1	lncRNA	chr8	450714	451343	-	630	1	1	1	antisense	exonic_antisense	clone-based (unnamed)	FALSE	TRUE	FALSE	FALSE	FALSE	TRUE	FALSE		FBXO25		FBXO25			FBXO25	0	FALSE	red	0.6598	0.1156	0.1156	0.011778	1.3447	0.5135	0.9687
ENSG00000272849.1	AC084018.1	ENSG00000272849.1	lncRNA	chr12	121797511	121801972	+	4462	1	2	2	antisense	exonic_antisense	clone-based (unnamed)	FALSE	TRUE	FALSE	FALSE	FALSE	TRUE	FALSE		RHOF		RHOF			RHOF	0	FALSE	black	0.7536	0.8501	0.8501	0.063835	1.6821	0.9147	0.953
ENSG00000285632.1	AC084024.4	ENSG00000285632.1	lncRNA	chr8	38223957	38231695	-	7739	1	4	4	antisense	exonic_antisense	clone-based (unnamed)	FALSE	TRUE	FALSE	FALSE	FALSE	TRUE	FALSE		DDHD2		DDHD2	DDHD2	0	DDHD2	0	FALSE	purple	0.6603	0.3224	0.3224	0.011028	0.6057	0.3215	0.7202
ENSG00000272990.1	AC084036.1	ENSG00000272990.1	lncRNA	chr3	156523740	156524247	-	508	1	1	1	antisense	exonic_antisense	clone-based (unnamed)	FALSE	TRUE	FALSE	FALSE	FALSE	TRUE	FALSE		KCNAB1		KCNAB1			KCNAB1	0	FALSE	purple	0.6601	0.1668	0.1668	0.012784	1.4867	0.6409	0.9941
ENSG00000255182.2	AC084125.2	ENSG00000255182.2	lncRNA	chr8	144495458	144505444	-	9987	5	4	4	antisense	exonic_antisense	clone-based (unnamed)	FALSE	TRUE	FALSE	FALSE	FALSE	TRUE	FALSE		PPP1R16A;GPT		PPP1R16A;GPT	PPP1R16A	46	GPT	0	FALSE	turquoise	0.491	0.6773	0.6773	0.016015	0.3453	0.272	0.3836
ENSG00000249753.2	AC084357.2	ENSG00000249753.2	lncRNA	chr12	63623788	63795718	-	171931	1	2	2	antisense	antisense_overlapping	clone-based (unnamed)	FALSE	FALSE	FALSE	FALSE	TRUE	TRUE	FALSE				DPY19L2;RXYLT1			RXYLT1	0	FALSE	grey	0.1876	0.4048	0.4048	0.0077521	0.4193	0.2432	0.5147
ENSG00000275854.1	AC084824.4	ENSG00000275854.1	lncRNA	chr12	32736930	32737660	-	731	1	1	1	antisense	exonic_antisense	clone-based (unnamed)	FALSE	TRUE	TRUE	TRUE	TRUE	TRUE	FALSE		DNM1L	YARS2	DNM1L;YARS2	DNM1L	317	YARS2	0	TRUE	grey	-0.0319	0.5963	0.5963	0.013241	0.6088	0.3137	0.7534
ENSG00000277299.1	AC084876.1	ENSG00000277299.1	lncRNA	chr12	109948389	109949029	+	641	1	1	1	antisense	exonic_antisense	clone-based (unnamed)	FALSE	TRUE	TRUE	TRUE	TRUE	TRUE	FALSE		GIT2	GIT2;TCHP	TCHP;GIT2			GIT2	0	FALSE	turquoise	0.4361	0.6697	0.6697	0.016208	0.2997	0.2783	0.3053
ENSG00000240571.1	AC087071.2	ENSG00000240571.1	lncRNA	chr7	130173718	130205361	+	31644	1	5	5	antisense	exonic_antisense	clone-based (unnamed)	FALSE	TRUE	FALSE	FALSE	FALSE	TRUE	FALSE		TMEM209		TMEM209			TMEM209	0	FALSE	midnightblue	0.3279	0.1378	0.1378	-0.00025997	0.2826	0.1636	0.2407
ENSG00000267342.1	AC087289.2	ENSG00000267342.1	lncRNA	chr17	75897060	75900148	+	3089	1	3	3	antisense	exonic_antisense	clone-based (unnamed)	FALSE	TRUE	FALSE	FALSE	FALSE	TRUE	FALSE		MRPL38;AC087289.3		MRPL38;AC087289.3	TRIM65	109	AC087289.3	0	FALSE	turquoise	0.6758	0.7368	0.7368	0.011645	0.2583	0.1737	0.2368
ENSG00000259347.7	AC087482.1	ENSG00000259347.7	lncRNA	chr15	66984103	67065268	-	81166	7	11	6	antisense	exonic_antisense	clone-based (unnamed)	FALSE	TRUE	FALSE	FALSE	FALSE	TRUE	FALSE		SMAD3		SMAD3	SMAD3	334	SMAD3	0	FALSE	blue	0.7239	0.252	0.252	0.033609	2.2898	0.9552	0.9256
ENSG00000261879.7	AC087500.1	ENSG00000261879.7	lncRNA	chr17	5192027	5248182	+	56156	9	9	8	antisense	exonic_antisense	clone-based (unnamed)	FALSE	TRUE	FALSE	FALSE	FALSE	TRUE	FALSE		SCIMP		SCIMP	ZNF594	159	SCIMP	0	FALSE	turquoise	0.7019	0.8541	0.8541	0.022282	0.5009	0.2965	0.5753
ENSG00000244953.1	AC087521.1	ENSG00000244953.1	lncRNA	chr11	43943787	43947206	-	3420	1	2	2	antisense	exonic_antisense	clone-based (unnamed)	FALSE	TRUE	FALSE	FALSE	FALSE	TRUE	FALSE		C11orf96		C11orf96			C11orf96	0	FALSE	red	0.5617	0.2261	0.2261	0.0061682	0.3866	0.3643	0.364
ENSG00000262580.5	AC087741.1	ENSG00000262580.5	lncRNA	chr17	80200673	80205949	-	5277	5	2	6	antisense	exonic_antisense	clone-based (unnamed)	FALSE	TRUE	FALSE	FALSE	FALSE	TRUE	FALSE		CARD14		CARD14			CARD14	0	FALSE	turquoise	0.719	0.8137	0.8137	0.035415	0.6403	0.4837	0.5969
ENSG00000272509.1	AC087752.4	ENSG00000272509.1	lncRNA	chr8	94884609	94885070	+	462	1	1	1	antisense	exonic_antisense	clone-based (unnamed)	FALSE	TRUE	FALSE	FALSE	FALSE	TRUE	FALSE		CCNE2		CCNE2			CCNE2	0	FALSE	purple	0.5943	0.43	0.43	0.010665	0.5057	0.2606	0.6419
ENSG00000251034.2	AC087854.1	ENSG00000251034.2	lncRNA	chr8	22481588	22553444	-	71857	4	7	4	antisense	exonic_antisense	clone-based (unnamed)	FALSE	TRUE	FALSE	FALSE	FALSE	TRUE	FALSE		PPP3CC		PPP3CC;SORBS3	SORBS3	804	SORBS3	0	FALSE	red	0.4827	0.3578	0.3578	0.0029805	0.3514	0.1335	0.3699
ENSG00000167912.6	AC090152.1	ENSG00000167912.6	lncRNA	chr8	59119040	59123478	+	4439	5	3	2	antisense	exonic_antisense	clone-based (unnamed)	FALSE	TRUE	FALSE	FALSE	FALSE	TRUE	FALSE		TOX		TOX	TOX	71	TOX	0	FALSE	yellow	0.5894	0.0584	0.0584	0.000711	0.3241	0.2567	0.3112
ENSG00000253837.1	AC090197.1	ENSG00000253837.1	lncRNA	chr8	23336171	23366125	+	29955	2	3	3	antisense	exonic_antisense	clone-based (unnamed)	FALSE	TRUE	TRUE	FALSE	FALSE	TRUE	FALSE		LOXL2	LOXL2	LOXL2			LOXL2	0	FALSE	red	0.3914	0.3702	0.3702	0.0079777	0.4664	0.2285	0.6027
ENSG00000272910.1	AC090425.3	ENSG00000272910.1	lncRNA	chr3	179583262	179583762	-	501	1	1	1	antisense	exonic_antisense	clone-based (unnamed)	FALSE	TRUE	FALSE	FALSE	FALSE	TRUE	FALSE		ACTL6A		ACTL6A			ACTL6A	0	FALSE	grey	-0.0018	0.3338	0.3338	0.0053536	0.4406	0.2064	0.6027
ENSG00000259353.1	AC090515.4	ENSG00000259353.1	lncRNA	chr15	58856831	58865063	-	8233	1	2	2	antisense	exonic_antisense	clone-based (unnamed)	FALSE	TRUE	FALSE	FALSE	FALSE	TRUE	FALSE		MINDY2		MINDY2	RNF111	112	MINDY2	0	FALSE	grey	0.1063	0.0253	0.0253	0.00029485	0.7341	0.7714	0.5166
ENSG00000255197.6	AC090559.1	ENSG00000255197.6	lncRNA	chr11	47381509	47409369	-	27861	6	4	4	antisense	antisense_overlapping	clone-based (unnamed)	FALSE	FALSE	FALSE	FALSE	FALSE	TRUE	FALSE				SLC39A13	SLC39A13	222	SLC39A13	0	FALSE	yellow	0.7134	0.227	0.227	0.010241	1.9704	0.5834	0.9961
ENSG00000263050.1	AC090617.5	ENSG00000263050.1	lncRNA	chr17	2043475	2044968	-	1494	1	2	2	antisense	exonic_antisense	clone-based (unnamed)	FALSE	TRUE	FALSE	FALSE	FALSE	TRUE	FALSE		DPH1		DPH1			DPH1	0	FALSE	grey	-0.1459	0.373	0.373	0.011558	0.7031	0.3938	0.818
ENSG00000259376.1	AC090907.1	ENSG00000259376.1	lncRNA	chr15	101043716	101049456	-	5741	1	2	2	antisense	antisense_overlapping	clone-based (unnamed)	FALSE	FALSE	FALSE	FALSE	FALSE	TRUE	FALSE				LRRK1			LRRK1	0	FALSE	salmon	0.399	0.2956	0.2956	0.010032	0.5417	0.3452	0.6517
ENSG00000287892.1	AC090907.3	ENSG00000287892.1	lncRNA	chr15	101058647	101063904	-	5258	1	3	3	antisense	antisense_overlapping	clone-based (unnamed)	FALSE	FALSE	FALSE	FALSE	FALSE	TRUE	FALSE				LRRK1	LRRK1	512	LRRK1	0	FALSE	green	0.3802	0.7082	0.7082	0.011072	0.2423	0.2152	0.1957
ENSG00000265943.1	AC090912.1	ENSG00000265943.1	lncRNA	chr18	22699481	22933764	-	234284	1	4	4	antisense	antisense_overlapping	clone-based (unnamed)	FALSE	FALSE	FALSE	FALSE	FALSE	TRUE	FALSE				RBBP8	RBBP8	62	RBBP8	0	FALSE	grey	-0.0298	0.1259	0.1259	0.0026929	0.5876	0.3491	0.6967
ENSG00000266850.1	AC090912.2	ENSG00000266850.1	lncRNA	chr18	22723491	22907721	-	184231	4	9	4	antisense	antisense_overlapping	clone-based (unnamed)	FALSE	FALSE	FALSE	FALSE	FALSE	TRUE	FALSE				RBBP8			RBBP8	0	FALSE	grey	-0.1026	0.2061	0.2061	0.0034737	0.2591	0.2405	0.1996
ENSG00000286443.1	AC091178.2	ENSG00000286443.1	lncRNA	chr17	39086976	39091942	+	4967	1	2	2	antisense	antisense_overlapping	clone-based (unnamed)	FALSE	FALSE	FALSE	FALSE	FALSE	TRUE	FALSE				PLXDC1			PLXDC1	0	FALSE	grey	-0.0129	0.5431	0.5431	0.0086026	0.291	0.1909	0.2603
ENSG00000273702.1	AC091271.1	ENSG00000273702.1	lncRNA	chr17	59618553	59619714	-	1162	1	1	1	antisense	exonic_antisense	clone-based (unnamed)	FALSE	TRUE	FALSE	FALSE	FALSE	TRUE	FALSE		CLTC		CLTC	CLTC	144	CLTC	0	FALSE	pink	0.8118	0.1922	0.1922	0.012362	1.1992	0.3958	0.9922
ENSG00000286753.1	AC091978.1	ENSG00000286753.1	lncRNA	chr5	5390096	5422116	-	32021	1	3	3	antisense	antisense_overlapping	clone-based (unnamed)	FALSE	FALSE	FALSE	FALSE	FALSE	TRUE	FALSE				ICE1	ICE1	561	ICE1	0	FALSE	grey	-0.134	0.288	0.288	0.0033932	0.4247	0.1627	0.5812
ENSG00000253921.1	AC091982.1	ENSG00000253921.1	lncRNA	chr5	151753992	151767247	+	13256	1	3	3	antisense	antisense_overlapping	clone-based (unnamed)	FALSE	FALSE	FALSE	FALSE	FALSE	TRUE	FALSE				ATOX1	ATOX1	97	ATOX1	0	FALSE	grey	0.0527	0.3189	0.3189	0.007904	0.6588	0.302	0.8356
ENSG00000284669.1	AC092053.3	ENSG00000284669.1	lncRNA	chr3	39148281	39172952	+	24672	1	4	4	antisense	antisense_overlapping	clone-based (unnamed)	FALSE	FALSE	FALSE	FALSE	FALSE	TRUE	FALSE				CSRNP1			CSRNP1	0	FALSE	grey	-0.1128	0.5054	0.5054	0.0069847	0.2708	0.2593	0.1977
ENSG00000187185.4	AC092118.1	ENSG00000187185.4	lncRNA	chr16	57798186	57816946	+	18761	3	6	4	antisense	exonic_antisense	clone-based (unnamed)	FALSE	TRUE	FALSE	FALSE	FALSE	TRUE	FALSE		KIFC3		KIFC3	KIFC3	86	KIFC3	0	FALSE	grey	0.2284	0.1019	0.1019	0.0066214	0.5995	0.4008	0.6634
ENSG00000276166.1	AC092118.2	ENSG00000276166.1	lncRNA	chr16	57759358	57760024	+	667	1	1	1	antisense	exonic_antisense	clone-based (unnamed)	FALSE	TRUE	TRUE	FALSE	FALSE	TRUE	FALSE		KIFC3	KIFC3	KIFC3			KIFC3	0	FALSE	black	0.5314	0.7362	0.7362	0.01636	0.2823	0.256	0.2877
ENSG00000261707.1	AC092134.1	ENSG00000261707.1	lncRNA	chr16	77741468	77743000	-	1533	1	2	2	antisense	exonic_antisense	clone-based (unnamed)	FALSE	TRUE	FALSE	FALSE	FALSE	TRUE	FALSE		NUDT7		NUDT7			NUDT7	0	FALSE	pink	0.4292	0.2818	0.2818	0.0059438	0.2831	0.1867	0.2348
ENSG00000274031.1	AC092140.2	ENSG00000274031.1	lncRNA	chr16	56465642	56466162	-	521	1	1	1	antisense	exonic_antisense	clone-based (unnamed)	FALSE	TRUE	FALSE	FALSE	FALSE	TRUE	FALSE		OGFOD1		OGFOD1			OGFOD1	0	FALSE	grey	-0.1096	0.2263	0.2263	0.0071052	0.4578	0.2826	0.5362
ENSG00000226833.6	AC092164.1	ENSG00000226833.6	lncRNA	chr2	28707511	28751722	-	44212	13	8	6	antisense	exonic_antisense	clone-based (unnamed)	FALSE	TRUE	FALSE	FALSE	FALSE	TRUE	FALSE		PPP1CB		PPP1CB	PPP1CB	17	PPP1CB	0	FALSE	salmon	0.6045	0.5045	0.5045	0.0096533	0.3582	0.2027	0.3816
ENSG00000267309.1	AC092295.2	ENSG00000267309.1	lncRNA	chr19	36489649	36491040	+	1392	1	1	1	antisense	exonic_antisense	clone-based (unnamed)	FALSE	TRUE	FALSE	FALSE	FALSE	TRUE	FALSE		ZNF566		ZNF566	ZNF566	88	ZNF566	0	FALSE	magenta	0.4488	0.1626	0.1626	0.0030829	0.6806	0.2391	0.9022
ENSG00000269148.1	AC092301.1	ENSG00000269148.1	lncRNA	chr19	45830164	45831108	+	945	1	2	2	antisense	exonic_antisense	clone-based (unnamed)	FALSE	TRUE	FALSE	FALSE	FALSE	TRUE	FALSE		SYMPK		SYMPK			SYMPK	0	FALSE	black	0.4993	0.8245	0.8245	0.013319	0.2679	0.2038	0.274
ENSG00000286808.1	AC092338.3	ENSG00000286808.1	lncRNA	chr16	22331039	22342938	-	11900	1	3	3	antisense	exonic_antisense	clone-based (unnamed)	FALSE	TRUE	FALSE	FALSE	FALSE	TRUE	FALSE		POLR3E		POLR3E			POLR3E	0	FALSE	black	0.6668	0.8723	0.8723	0.021923	0.4939	0.3154	0.5577
ENSG00000227542.1	AC092614.1	ENSG00000227542.1	lncRNA	chr2	191229165	191246172	-	17008	1	4	4	antisense	antisense_overlapping	clone-based (unnamed)	FALSE	FALSE	FALSE	FALSE	FALSE	TRUE	FALSE				MYO1B	MYO1B	111	MYO1B	0	FALSE	red	0.6405	0.2577	0.2577	0.0044878	0.4861	0.2464	0.6477
ENSG00000230393.1	AC092667.1	ENSG00000230393.1	lncRNA	chr2	100104919	100107504	+	2586	1	1	1	antisense	exonic_antisense	clone-based (unnamed)	FALSE	TRUE	TRUE	FALSE	FALSE	TRUE	FALSE		AFF3	AFF3	AFF3	AFF3	203	AFF3	0	FALSE	blue	0.4911	0.0996	0.0996	0.003663	0.2516	0.2112	0.229
ENSG00000272275.1	AC092687.3	ENSG00000272275.1	lncRNA	chr2	10767875	10770058	-	2184	1	3	3	antisense	exonic_antisense	clone-based (unnamed)	FALSE	TRUE	FALSE	FALSE	FALSE	TRUE	FALSE		ATP6V1C2		ATP6V1C2			ATP6V1C2	0	FALSE	grey	0.0974	-0.0333	0.0333	0.00020282	1.2027	0.4544	0.9824
ENSG00000259732.1	AC092757.2	ENSG00000259732.1	lncRNA	chr15	59121034	59133250	+	12217	1	2	2	antisense	exonic_antisense	clone-based (unnamed)	FALSE	TRUE	FALSE	FALSE	TRUE	TRUE	FALSE		MYO1E		CCNB2;MYO1E			MYO1E	0	FALSE	greenyellow	0.4182	0.5105	0.5105	0.01094	0.481	0.3256	0.5656
ENSG00000228852.6	AC092802.2	ENSG00000228852.6	lncRNA	chr1	95243167	95278940	-	35774	6	7	4	antisense	antisense_overlapping	clone-based (unnamed)	FALSE	FALSE	FALSE	FALSE	FALSE	TRUE	FALSE				TLCD4-RWDD3;RWDD3			RWDD3	0	FALSE	green	0.4861	0.8241	0.8241	0.012206	0.3027	0.1915	0.317
ENSG00000237101.1	AC092809.4	ENSG00000237101.1	lncRNA	chr1	224219613	224228043	+	8431	1	3	3	antisense	exonic_antisense	clone-based (unnamed)	FALSE	TRUE	FALSE	FALSE	FALSE	TRUE	FALSE		NVL		NVL			NVL	0	FALSE	turquoise	0.3776	0.5553	0.5553	0.0092712	0.2478	0.1936	0.1977
ENSG00000242622.2	AC092910.3	ENSG00000242622.2	lncRNA	chr3	120094895	120136783	+	41889	3	8	6	antisense	exonic_antisense	clone-based (unnamed)	FALSE	TRUE	FALSE	FALSE	FALSE	TRUE	FALSE		GSK3B		GSK3B	GSK3B	276	GSK3B	0	FALSE	turquoise	0.6542	0.7142	0.7142	0.015766	0.5267	0.2584	0.6575
ENSG00000273261.1	AC092953.2	ENSG00000273261.1	lncRNA	chr3	182921240	182921938	-	699	1	1	1	antisense	exonic_antisense	clone-based (unnamed)	FALSE	TRUE	FALSE	FALSE	FALSE	TRUE	FALSE		ATP11B		ATP11B			ATP11B	0	FALSE	grey	0.1955	0.4032	0.4032	0.008192	0.672	0.2524	0.9002
ENSG00000244468.1	AC093001.1	ENSG00000244468.1	lncRNA	chr3	149284782	149333653	+	48872	1	2	2	antisense	exonic_antisense	clone-based (unnamed)	FALSE	TRUE	FALSE	FALSE	FALSE	TRUE	FALSE		TM4SF18		TM4SF18			TM4SF18	0	FALSE	grey	0.0992	0.2588	0.2588	0.0097601	0.3632	0.7534	0.2485
ENSG00000238018.2	AC093110.1	ENSG00000238018.2	lncRNA	chr2	54661011	54680045	-	19035	2	5	4	antisense	exonic_antisense	clone-based (unnamed)	FALSE	TRUE	FALSE	FALSE	FALSE	TRUE	FALSE		SPTBN1		SPTBN1	SPTBN1	109	SPTBN1	0	FALSE	green	0.6159	0.8018	0.8018	0.032159	0.9295	0.5233	0.8493
ENSG00000233184.7	AC093157.1	ENSG00000233184.7	lncRNA	chr1	101025844	101090513	+	64670	20	8	8	antisense	exonic_antisense	clone-based (unnamed)	FALSE	TRUE	FALSE	FALSE	FALSE	TRUE	FALSE		DPH5		DPH5	DPH5	29	DPH5	0	FALSE	turquoise	0.3507	0.6506	0.6506	0.010617	0.4903	0.1955	0.6732
ENSG00000260167.1	AC093249.2	ENSG00000260167.1	lncRNA	chr16	30585907	30608593	+	22687	1	2	2	antisense	antisense_overlapping	clone-based (unnamed)	FALSE	FALSE	FALSE	FALSE	FALSE	TRUE	FALSE				ZNF689	ZNF785	138	ZNF689	0	FALSE	blue	0.5233	0.3536	0.3536	0.011624	0.4616	0.3205	0.5382
ENSG00000261840.3	AC093249.6	ENSG00000261840.3	lncRNA	chr16	30697707	30699058	-	1352	3	2	2	antisense	exonic_antisense	clone-based (unnamed)	FALSE	TRUE	FALSE	FALSE	FALSE	TRUE	FALSE		SRCAP		SRCAP	SRCAP	113	SRCAP	0	FALSE	brown	0.7495	0.4625	0.4625	0.011528	0.4098	0.2261	0.4697
ENSG00000250602.6	AC093535.1	ENSG00000250602.6	lncRNA	chr5	126372477	126509021	-	136545	4	9	4	antisense	exonic_antisense	clone-based (unnamed)	FALSE	TRUE	FALSE	FALSE	FALSE	TRUE	FALSE		GRAMD2B		GRAMD2B			GRAMD2B	0	FALSE	grey	0.1498	0.7722	0.7722	0.011769	0.3374	0.2097	0.3562
ENSG00000286904.1	AC093675.1	ENSG00000286904.1	lncRNA	chr2	112039378	112055337	-	15960	1	2	2	antisense	exonic_antisense	clone-based (unnamed)	FALSE	TRUE	FALSE	FALSE	FALSE	TRUE	FALSE		TMEM87B		TMEM87B	TMEM87B	280	TMEM87B	0	FALSE	midnightblue	0.4145	-0.0387	0.0387	-0.0044374	1.4313	0.4685	0.9883
ENSG00000233110.1	AC093797.1	ENSG00000233110.1	lncRNA	chr4	185587909	185594003	+	6095	1	4	4	antisense	exonic_antisense	clone-based (unnamed)	FALSE	TRUE	FALSE	FALSE	FALSE	TRUE	FALSE		SORBS2		SORBS2			SORBS2	0	FALSE	green	0.4881	0.6925	0.6925	0.01625	0.454	0.304	0.5147
ENSG00000270540.1	AC093915.1	ENSG00000270540.1	lncRNA	chr2	236367560	236369102	+	1543	1	1	1	antisense	exonic_antisense	clone-based (unnamed)	FALSE	TRUE	FALSE	FALSE	FALSE	TRUE	FALSE		IQCA1		IQCA1			IQCA1	0	FALSE	blue	0.4366	0.6584	0.6584	0.028059	0.4116	0.4664	0.3914
ENSG00000224536.2	AC096677.1	ENSG00000224536.2	lncRNA	chr1	201507241	201534784	+	27544	1	2	2	antisense	exonic_antisense	clone-based (unnamed)	FALSE	TRUE	FALSE	FALSE	FALSE	TRUE	FALSE		CSRP1		CSRP1	CSRP1	118	CSRP1	0	FALSE	greenyellow	0.3692	0.2592	0.2592	0.0058777	0.7137	0.3848	0.8434
ENSG00000270194.1	AC097359.2	ENSG00000270194.1	lncRNA	chr3	37241789	37244177	-	2389	1	1	1	antisense	exonic_antisense	clone-based (unnamed)	FALSE	TRUE	FALSE	FALSE	FALSE	TRUE	FALSE		GOLGA4		GOLGA4			GOLGA4	0	FALSE	magenta	0.6291	-0.0296	0.0296	-0.002711	0.8821	0.3911	0.9785
ENSG00000273247.5	AC097376.3	ENSG00000273247.5	lncRNA	chr4	139411927	139454034	-	42108	5	4	4	antisense	exonic_antisense	clone-based (unnamed)	FALSE	TRUE	FALSE	FALSE	FALSE	TRUE	FALSE		RAB33B;NAA15		NAA15;RAB33B	RAB33B	87	RAB33B	0	FALSE	tan	0.579	0.6624	0.6624	0.011184	0.6636	0.205	0.91
ENSG00000248774.1	AC097534.1	ENSG00000248774.1	lncRNA	chr4	173322206	173329694	-	7489	1	3	3	antisense	exonic_antisense	clone-based (unnamed)	FALSE	TRUE	FALSE	FALSE	FALSE	TRUE	FALSE		GALNT7		GALNT7			GALNT7	0	FALSE	grey	-0.0717	0.3246	0.3246	0.0083282	0.5539	0.2967	0.7123
ENSG00000277728.1	AC097641.2	ENSG00000277728.1	lncRNA	chr17	73202968	73203431	-	464	1	1	1	antisense	exonic_antisense	clone-based (unnamed)	FALSE	TRUE	FALSE	FALSE	FALSE	TRUE	FALSE		COG1		COG1			COG1	0	FALSE	turquoise	0.4001	0.7323	0.7323	0.012727	0.3124	0.2196	0.3386
ENSG00000285728.2	AC098484.4	ENSG00000285728.2	lncRNA	chr1	42658687	42682160	-	23474	2	5	4	antisense	exonic_antisense	clone-based (unnamed)	FALSE	TRUE	FALSE	FALSE	FALSE	TRUE	FALSE		PPIH		PPIH	YBX1	258	PPIH	0	FALSE	black	0.7079	0.8867	0.8867	0.018801	0.4003	0.2635	0.4677
ENSG00000250990.1	AC098851.1	ENSG00000250990.1	lncRNA	chr7	77246340	77258123	-	11784	1	4	4	antisense	antisense_overlapping	clone-based (unnamed)	FALSE	FALSE	FALSE	FALSE	FALSE	TRUE	FALSE				CCDC146			CCDC146	0	FALSE	green	0.4119	0.7382	0.7382	0.020192	0.5177	0.3587	0.5714
ENSG00000250893.1	AC098869.2	ENSG00000250893.1	lncRNA	chr4	40426119	40427585	+	1467	1	2	2	antisense	exonic_antisense	clone-based (unnamed)	FALSE	TRUE	FALSE	FALSE	FALSE	TRUE	FALSE		RBM47		RBM47			RBM47	0	FALSE	grey	-0.1396	0.7612	0.7612	0.018007	0.4417	0.3282	0.4618
ENSG00000267658.1	AC099811.3	ENSG00000267658.1	lncRNA	chr17	42154600	42155972	+	1373	1	3	3	antisense	exonic_antisense	clone-based (unnamed)	FALSE	TRUE	FALSE	FALSE	FALSE	TRUE	FALSE		RAB5C		AC099811.2;RAB5C			RAB5C	0	FALSE	red	0.425	0.1573	0.1573	0.0033836	0.3173	0.1939	0.3425
ENSG00000224738.1	AC099850.1	ENSG00000224738.1	lncRNA	chr17	59106598	59118267	+	11670	1	2	2	antisense	exonic_antisense	clone-based (unnamed)	FALSE	TRUE	FALSE	FALSE	FALSE	TRUE	FALSE		TRIM37		TRIM37;SKA2	TRIM37	130	SKA2	0	FALSE	grey	0.0882	0.1032	0.1032	0.0027769	0.5451	0.1872	0.7945
ENSG00000246582.3	AC100861.1	ENSG00000246582.3	lncRNA	chr8	23224471	23230926	+	6456	4	4	3	antisense	exonic_antisense	clone-based (unnamed)	FALSE	TRUE	FALSE	FALSE	FALSE	TRUE	FALSE		TNFRSF10A		TNFRSF10A	TNFRSF10A	119	TNFRSF10A	0	FALSE	yellow	0.3795	0.1088	0.1088	0.0022263	0.4099	0.2077	0.4677
ENSG00000233850.1	AC103563.7	ENSG00000233850.1	lncRNA	chr2	95025193	95026709	-	1517	1	3	3	antisense	antisense_overlapping	clone-based (unnamed)	FALSE	FALSE	FALSE	FALSE	FALSE	TRUE	FALSE				MAL			MAL	0	FALSE	magenta	0.7408	0.062	0.062	-0.0013762	0.4608	0.5658	0.4031
ENSG00000274383.1	AC103691.1	ENSG00000274383.1	lncRNA	chr15	64950916	64951435	-	520	1	1	1	antisense	exonic_antisense	clone-based (unnamed)	FALSE	TRUE	TRUE	FALSE	FALSE	TRUE	FALSE		ANKDD1A	ANKDD1A	ANKDD1A			ANKDD1A	0	FALSE	grey	0.0915	0.6667	0.6667	0.015184	0.3112	0.3269	0.2877
ENSG00000259370.2	AC103740.1	ENSG00000259370.2	lncRNA	chr15	62827675	62884034	-	56360	4	8	4	antisense	exonic_antisense	clone-based (unnamed)	FALSE	TRUE	FALSE	FALSE	FALSE	TRUE	FALSE		TLN2		TLN2	TLN2	248	TLN2	0	FALSE	lightcyan	0.6382	0.2261	0.2261	0.006709	0.5415	0.3464	0.6477
ENSG00000254231.3	AC103760.1	ENSG00000254231.3	lncRNA	chr8	86333274	86343429	-	10156	3	2	4	antisense	antisense_overlapping	clone-based (unnamed)	FALSE	FALSE	FALSE	FALSE	FALSE	TRUE	FALSE				WWP1			WWP1	0	FALSE	grey	-0.3243	0.2103	0.2103	0.0040067	0.5385	0.3841	0.5793
ENSG00000254966.1	AC103974.1	ENSG00000254966.1	lncRNA	chr11	18706537	18740568	+	34032	1	3	3	antisense	exonic_antisense	clone-based (unnamed)	FALSE	TRUE	FALSE	FALSE	FALSE	TRUE	FALSE		IGSF22		IGSF22;PTPN5	IGSF22	408	PTPN5	0	FALSE	grey	-0.1619	0.4685	0.4685	0.0080559	0.3852	0.251	0.4364
ENSG00000254035.1	AC104117.3	ENSG00000254035.1	lncRNA	chr5	178969390	178990116	+	20727	1	2	2	antisense	antisense_overlapping	clone-based (unnamed)	FALSE	FALSE	FALSE	FALSE	FALSE	TRUE	FALSE				GRM6			GRM6	0	FALSE	red	0.423	0.3581	0.3581	0.0090163	0.4345	0.256	0.5284
ENSG00000251076.1	AC104126.1	ENSG00000251076.1	lncRNA	chr5	112228283	112257309	+	29027	1	4	4	antisense	antisense_overlapping	clone-based (unnamed)	FALSE	FALSE	FALSE	FALSE	FALSE	TRUE	FALSE				EPB41L4A			EPB41L4A	0	FALSE	blue	0.3931	0.0474	0.0474	0.016094	1.9041	1.483	0.8043
ENSG00000226862.1	AC104463.2	ENSG00000226862.1	lncRNA	chr1	202604268	202605293	+	1026	1	2	2	antisense	antisense_overlapping	clone-based (unnamed)	FALSE	FALSE	FALSE	FALSE	FALSE	TRUE	FALSE				SYT2			SYT2	0	FALSE	turquoise	0.3887	0.737	0.737	0.024019	0.4545	0.3836	0.4755
ENSG00000267571.1	AC104532.2	ENSG00000267571.1	lncRNA	chr19	5911578	5913899	-	2322	1	2	2	antisense	exonic_antisense	clone-based (unnamed)	FALSE	TRUE	TRUE	FALSE	FALSE	TRUE	FALSE		CAPS	AC104532.1	AC104532.1;CAPS	CAPS	355	CAPS	0	FALSE	black	0.5931	0.8404	0.8404	0.033833	0.904	0.5076	0.8239
ENSG00000234949.2	AC104667.2	ENSG00000234949.2	lncRNA	chr2	237591020	237595981	+	4962	2	4	3	antisense	exonic_antisense	clone-based (unnamed)	FALSE	TRUE	TRUE	FALSE	FALSE	TRUE	FALSE		RAB17	RAB17	RAB17	RAB17	98	RAB17	0	FALSE	brown	0.382	0.0193	0.0193	0.00299	0.4153	0.3465	0.4031
ENSG00000259792.1	AC104758.1	ENSG00000259792.1	lncRNA	chr15	77993405	77995289	+	1885	1	3	3	antisense	exonic_antisense	clone-based (unnamed)	FALSE	TRUE	TRUE	FALSE	FALSE	TRUE	FALSE		TBC1D2B	TBC1D2B	TBC1D2B			TBC1D2B	0	FALSE	turquoise	0.4383	0.4754	0.4754	0.011732	0.3749	0.2837	0.3914
ENSG00000271787.1	AC104794.5	ENSG00000271787.1	lncRNA	chr2	10054421	10054866	-	446	1	1	1	antisense	exonic_antisense	clone-based (unnamed)	FALSE	TRUE	FALSE	FALSE	FALSE	TRUE	FALSE		KLF11		KLF11			KLF11	0	FALSE	grey	-0.2891	0.0965	0.0965	0.0050564	0.5969	0.4302	0.6497
ENSG00000260037.5	AC104938.1	ENSG00000260037.5	lncRNA	chr15	71818396	71823384	+	4989	3	5	5	antisense	exonic_antisense	clone-based (unnamed)	FALSE	TRUE	FALSE	FALSE	FALSE	TRUE	FALSE		MYO9A		MYO9A			MYO9A	0	FALSE	grey	-0.1398	0.3844	0.3844	0.0074385	0.4015	0.1943	0.5186
ENSG00000272502.1	AC104958.2	ENSG00000272502.1	lncRNA	chr8	120812219	120813359	+	1141	1	1	1	antisense	exonic_antisense	clone-based (unnamed)	FALSE	TRUE	FALSE	FALSE	FALSE	TRUE	FALSE		SNTB1		SNTB1	SNTB1	150	SNTB1	0	FALSE	magenta	0.6119	0.0227	0.0227	-0.0031678	0.3965	0.3494	0.4031
ENSG00000267226.2	AC104971.1	ENSG00000267226.2	lncRNA	chr18	58670009	58671877	-	1869	1	2	2	antisense	exonic_antisense	clone-based (unnamed)	FALSE	TRUE	FALSE	FALSE	FALSE	TRUE	FALSE		MALT1		MALT1	MALT1	330	MALT1	0	FALSE	pink	0.3998	0.0489	0.0489	0.0023976	0.375	0.2038	0.4188
ENSG00000275454.1	AC105020.6	ENSG00000275454.1	lncRNA	chr15	75639760	75640976	+	1217	1	1	1	antisense	exonic_antisense	clone-based (unnamed)	FALSE	TRUE	FALSE	FALSE	FALSE	TRUE	FALSE		IMP3		IMP3			IMP3	0	FALSE	pink	0.586	0.5824	0.5824	0.011453	0.4326	0.1899	0.6067
ENSG00000267257.1	AC105105.1	ENSG00000267257.1	lncRNA	chr18	58535415	58538552	+	3138	1	2	2	antisense	exonic_antisense	clone-based (unnamed)	FALSE	TRUE	FALSE	FALSE	FALSE	TRUE	FALSE		ALPK2		ALPK2			ALPK2	0	FALSE	turquoise	0.3031	0.6758	0.6758	0.013146	0.2454	0.2218	0.2309
ENSG00000254064.1	AC105206.2	ENSG00000254064.1	lncRNA	chr8	22254576	22275162	-	20587	1	2	2	antisense	exonic_antisense	clone-based (unnamed)	FALSE	TRUE	FALSE	FALSE	FALSE	TRUE	FALSE		POLR3D		POLR3D	PIWIL2	154	POLR3D	0	FALSE	green	0.3862	0.5099	0.5099	0.013605	0.8013	0.3424	0.8943
ENSG00000249216.1	AC105389.2	ENSG00000249216.1	lncRNA	chr4	41688858	41692797	-	3940	1	3	3	antisense	antisense_overlapping	clone-based (unnamed)	FALSE	FALSE	FALSE	FALSE	FALSE	TRUE	FALSE				LIMCH1	LIMCH1	158	LIMCH1	0	FALSE	green	0.3694	0.4749	0.4749	0.0050764	0.2295	0.1934	0.2035
ENSG00000274653.1	AC106782.5	ENSG00000274653.1	lncRNA	chr16	30359825	30360336	+	512	1	1	1	antisense	exonic_antisense	clone-based (unnamed)	FALSE	TRUE	FALSE	FALSE	FALSE	TRUE	FALSE		TBC1D10B		TBC1D10B	TBC1D10B	151	TBC1D10B	0	FALSE	turquoise	0.394	0.6957	0.6957	0.016508	0.4735	0.2662	0.6027
ENSG00000250159.7	AC106791.1	ENSG00000250159.7	lncRNA	chr5	137809780	137889394	-	79615	5	8	5	antisense	exonic_antisense	clone-based (unnamed)	FALSE	TRUE	FALSE	FALSE	FALSE	TRUE	FALSE		PKD2L2;MYOT		MYOT;PKD2L2	PKD2L2	43	PKD2L2	0	FALSE	blue	0.4274	0.0912	0.0912	0.0026709	0.3621	0.2176	0.4442
ENSG00000243415.2	AC107021.1	ENSG00000243415.2	lncRNA	chr3	146064042	146105204	+	41163	3	4	4	antisense	antisense_overlapping	clone-based (unnamed)	FALSE	FALSE	FALSE	FALSE	FALSE	TRUE	FALSE				PLOD2			PLOD2	0	FALSE	greenyellow	0.3586	0.0934	0.0934	-0.0051304	0.9592	0.6221	0.8317
ENSG00000286360.1	AC107081.3	ENSG00000286360.1	lncRNA	chr2	61878940	61881353	+	2414	1	2	2	antisense	exonic_antisense	clone-based (unnamed)	FALSE	TRUE	FALSE	FALSE	FALSE	TRUE	FALSE		CCT4		CCT4			CCT4	0	FALSE	black	0.4608	0.822	0.822	0.013696	0.3141	0.2198	0.3503
ENSG00000272157.1	AC107373.2	ENSG00000272157.1	lncRNA	chr8	24956621	24957110	+	490	1	1	1	antisense	exonic_antisense	clone-based (unnamed)	FALSE	TRUE	FALSE	FALSE	FALSE	TRUE	FALSE		NEFL		NEFL	NEFL	9	NEFL	0	FALSE	greenyellow	0.4374	-0.0975	0.0975	-0.0035881	1.133	1.1225	0.6595
ENSG00000248254.1	AC107398.2	ENSG00000248254.1	lncRNA	chr4	47556731	47560259	-	3529	1	3	3	antisense	exonic_antisense	clone-based (unnamed)	FALSE	TRUE	FALSE	FALSE	FALSE	TRUE	FALSE		ATP10D		ATP10D			ATP10D	0	FALSE	magenta	0.5359	0.5793	0.5793	0.0061576	0.271	0.2053	0.227
ENSG00000251364.7	AC107884.1	ENSG00000251364.7	lncRNA	chr11	7418826	7513644	-	94819	14	14	8	antisense	exonic_antisense	clone-based (unnamed)	FALSE	TRUE	FALSE	FALSE	FALSE	TRUE	FALSE		PPFIBP2;SYT9		SYT9;OLFML1;PPFIBP2	PPFIBP2	124	PPFIBP2	0	FALSE	tan	0.4487	0.6284	0.6284	0.011216	0.4314	0.2153	0.5362
ENSG00000245025.3	AC107959.1	ENSG00000245025.3	lncRNA	chr8	22984596	23019335	-	34740	3	4	3	antisense	exonic_antisense	clone-based (unnamed)	FALSE	TRUE	FALSE	FALSE	TRUE	TRUE	FALSE		RHOBTB2		PEBP4;RHOBTB2	RHOBTB2	308	RHOBTB2	0	FALSE	grey	-0.0323	0.2749	0.2749	0.0046273	0.4027	0.1923	0.4951
ENSG00000238273.3	AC108058.1	ENSG00000238273.3	lncRNA	chr2	105363038	105378839	+	15802	2	6	4	antisense	exonic_antisense	clone-based (unnamed)	FALSE	TRUE	FALSE	FALSE	FALSE	TRUE	FALSE		FHL2		FHL2			FHL2	0	FALSE	grey	0.221	0.4246	0.4246	0.0062385	0.2586	0.2711	0.2074
ENSG00000262370.6	AC108134.3	ENSG00000262370.6	lncRNA	chr16	3076911	3087111	-	10201	4	3	5	antisense	antisense_overlapping	clone-based (unnamed)	FALSE	FALSE	FALSE	FALSE	FALSE	TRUE	FALSE				IL32			IL32	0	FALSE	black	0.6099	0.7714	0.7714	0.03725	0.8728	0.5364	0.8121
ENSG00000288075.1	AC108519.1	ENSG00000288075.1	lncRNA	chr4	9034519	9381269	-	346751	7	13	7	antisense	antisense_overlapping	clone-based (unnamed)	FALSE	FALSE	FALSE	FALSE	FALSE	TRUE	FALSE				FAM90A26;USP17L10;USP17L11;USP17L12;USP17L13;USP17L15;USP17L17;USP17L18;USP17L19;USP17L20;USP17L21;USP17L22;USP17L23;USP17L24;USP17L25;USP17L26;USP17L5;USP17L27;USP17L28;USP17L29;USP17L30			USP17L30	0	FALSE	magenta	0.3897	0.307	0.307	0.0047465	0.3195	0.2534	0.2877
ENSG00000255224.1	AC109322.1	ENSG00000255224.1	lncRNA	chr8	144078002	144079265	-	1264	1	1	1	antisense	exonic_antisense	clone-based (unnamed)	FALSE	TRUE	FALSE	FALSE	FALSE	TRUE	FALSE		EXOSC4		EXOSC4	EXOSC4	158	EXOSC4	0	FALSE	brown	0.7223	0.3051	0.3051	0.0084849	0.5048	0.2534	0.6419
ENSG00000272567.1	AC109347.2	ENSG00000272567.1	lncRNA	chr4	112272968	112273316	-	349	1	1	1	antisense	exonic_antisense	clone-based (unnamed)	FALSE	TRUE	FALSE	FALSE	FALSE	TRUE	FALSE		AP1AR		AP1AR			AP1AR	0	FALSE	grey	0.0713	0.0511	0.0511	0.0026953	0.4638	0.2403	0.5969
ENSG00000260367.2	AC109460.1	ENSG00000260367.2	lncRNA	chr16	28973962	28978824	-	4863	1	2	2	antisense	exonic_antisense	clone-based (unnamed)	FALSE	TRUE	FALSE	FALSE	FALSE	TRUE	FALSE		SPNS1		SPNS1			SPNS1	0	FALSE	green	0.5811	0.8399	0.8399	0.016697	0.327	0.2617	0.362
ENSG00000260853.2	AC109460.2	ENSG00000260853.2	lncRNA	chr16	28952816	28966883	-	14068	3	4	2	antisense	exonic_antisense	clone-based (unnamed)	FALSE	TRUE	FALSE	FALSE	FALSE	TRUE	FALSE		NFATC2IP		NFATC2IP	NFATC2IP	553	NFATC2IP	0	FALSE	green	0.8221	0.8968	0.8968	0.029896	0.6433	0.4147	0.6517
ENSG00000286599.1	AC110611.1	ENSG00000286599.1	lncRNA	chr4	55889743	55903177	-	13435	1	2	2	antisense	exonic_antisense	clone-based (unnamed)	FALSE	TRUE	FALSE	FALSE	FALSE	TRUE	FALSE		EXOC1		EXOC1			EXOC1	0	FALSE	red	0.4787	0.7444	0.7444	0.014225	0.5414	0.2302	0.7358
ENSG00000250410.1	AC112722.1	ENSG00000250410.1	lncRNA	chr4	185370725	185390928	+	20204	1	3	3	antisense	exonic_antisense	clone-based (unnamed)	FALSE	TRUE	FALSE	FALSE	FALSE	TRUE	FALSE		LRP2BP		LRP2BP			LRP2BP	0	FALSE	red	0.3813	0.7379	0.7379	0.015328	0.328	0.2598	0.3464
ENSG00000263301.1	AC113189.3	ENSG00000263301.1	lncRNA	chr17	7439159	7443327	-	4169	1	2	2	antisense	exonic_antisense	clone-based (unnamed)	FALSE	TRUE	FALSE	FALSE	FALSE	TRUE	FALSE		FGF11		FGF11			FGF11	0	FALSE	grey	0.1567	0.1943	0.1943	0.016926	1.6136	1.4742	0.8591
ENSG00000229167.2	AC114488.1	ENSG00000229167.2	lncRNA	chr1	31571585	31577898	-	6314	2	5	3	antisense	antisense_overlapping	clone-based (unnamed)	FALSE	FALSE	FALSE	FALSE	FALSE	TRUE	FALSE				TINAGL1	TINAGL1	247	TINAGL1	0	FALSE	salmon	0.4431	0.7147	0.7147	0.02025	0.4794	0.335	0.5284
ENSG00000235351.1	AC114730.3	ENSG00000235351.1	lncRNA	chr2	241724615	241725693	-	1079	1	2	2	antisense	exonic_antisense	clone-based (unnamed)	FALSE	TRUE	FALSE	FALSE	FALSE	TRUE	FALSE		ING5		ING5	ING5	755	ING5	0	FALSE	black	0.6253	0.815	0.815	0.024162	0.3833	0.337	0.4227
ENSG00000230432.1	AC114803.1	ENSG00000230432.1	lncRNA	chr2	219299002	219304130	+	5129	1	3	3	antisense	exonic_antisense	clone-based (unnamed)	FALSE	TRUE	FALSE	FALSE	FALSE	TRUE	FALSE		PTPRN		PTPRN			PTPRN	0	FALSE	grey	0.4567	0.1533	0.1533	0.006171	0.412	0.4001	0.4207
ENSG00000271868.1	AC114810.1	ENSG00000271868.1	lncRNA	chr2	3496956	3497428	+	473	1	1	1	antisense	exonic_antisense	clone-based (unnamed)	FALSE	TRUE	FALSE	FALSE	FALSE	TRUE	FALSE		ADI1		ADI1			ADI1	0	FALSE	grey	0.2719	-0.0656	0.0656	-0.0011847	0.7351	0.3329	0.8826
ENSG00000204620.3	AC115618.1	ENSG00000204620.3	lncRNA	chrX	48568014	48574860	-	6847	1	2	2	antisense	exonic_antisense	clone-based (unnamed)	FALSE	TRUE	FALSE	FALSE	FALSE	TRUE	FALSE		RBM3		RBM3	RBM3	92	RBM3	0	FALSE	grey	-0.0335	0.4524	0.4524	0.0084173	0.6079	0.2429	0.8415
ENSG00000286786.1	AC116158.3	ENSG00000286786.1	lncRNA	chr15	38493308	38499985	+	6678	1	2	2	antisense	exonic_antisense	clone-based (unnamed)	FALSE	TRUE	TRUE	FALSE	FALSE	TRUE	FALSE		RASGRP1	RASGRP1	RASGRP1			RASGRP1	0	FALSE	green	0.424	0.6512	0.6512	0.0074393	0.2477	0.1735	0.1957
ENSG00000261332.1	AC116348.2	ENSG00000261332.1	lncRNA	chr16	30498766	30499554	-	789	1	2	2	antisense	exonic_antisense	clone-based (unnamed)	FALSE	TRUE	FALSE	FALSE	FALSE	TRUE	FALSE		ITGAL		ITGAL			ITGAL	0	FALSE	grey	-0.0893	0.2307	0.2307	0.0069396	0.2715	0.3926	0.2348
ENSG00000246308.2	AC116535.1	ENSG00000246308.2	lncRNA	chr11	10809204	10822931	+	13728	1	3	3	antisense	antisense_overlapping	clone-based (unnamed)	FALSE	FALSE	FALSE	FALSE	FALSE	TRUE	FALSE				ZBED5	EIF4G2	264	ZBED5	0	FALSE	grey	0.0878	0.5212	0.5212	0.0061078	0.2992	0.135	0.2603
ENSG00000261744.1	AC116552.1	ENSG00000261744.1	lncRNA	chr16	88512960	88531053	-	18094	1	4	4	antisense	antisense_overlapping	clone-based (unnamed)	FALSE	FALSE	FALSE	FALSE	FALSE	TRUE	FALSE				ZFPM1			ZFPM1	0	FALSE	turquoise	0.3663	0.7361	0.7361	0.018746	0.3405	0.3222	0.3503
ENSG00000228084.1	AC118553.1	ENSG00000228084.1	lncRNA	chr1	99968383	99969864	-	1482	1	2	2	antisense	exonic_antisense	clone-based (unnamed)	FALSE	TRUE	FALSE	FALSE	FALSE	TRUE	FALSE		SLC35A3		SLC35A3	SLC35A3	115	SLC35A3	0	FALSE	pink	0.5982	0.1994	0.1994	0.0057461	0.3687	0.1886	0.4423
ENSG00000229782.1	AC118754.1	ENSG00000229782.1	lncRNA	chr17	4497394	4499674	-	2281	1	2	2	antisense	antisense_overlapping	clone-based (unnamed)	FALSE	FALSE	FALSE	FALSE	FALSE	TRUE	FALSE				SPNS2			SPNS2	0	FALSE	blue	0.5433	0.5341	0.5341	0.02432	0.8045	0.4463	0.8219
ENSG00000282221.1	AC119427.1	ENSG00000282221.1	lncRNA	chr1	201399633	201401190	+	1558	1	2	2	antisense	antisense_overlapping	clone-based (unnamed)	FALSE	FALSE	FALSE	FALSE	FALSE	TRUE	FALSE				LAD1	LAD1	85	LAD1	0	FALSE	grey	-0.1264	-0.0675	0.0675	-0.0067902	0.5145	0.6262	0.4403
ENSG00000286619.1	AC119673.2	ENSG00000286619.1	lncRNA	chr1	205813322	205896082	+	82761	22	11	8	antisense	antisense_overlapping	clone-based (unnamed)	FALSE	FALSE	FALSE	FALSE	FALSE	TRUE	FALSE				SLC41A1;PM20D1	SLC41A1	124	PM20D1	0	FALSE	grey	0.0471	0.2422	0.2422	0.010801	0.5255	0.4972	0.546
ENSG00000257829.1	AC121757.1	ENSG00000257829.1	lncRNA	chr12	52306616	52308371	-	1756	1	2	2	antisense	exonic_antisense	clone-based (unnamed)	FALSE	TRUE	FALSE	FALSE	FALSE	TRUE	FALSE		KRT86		KRT86			KRT86	0	FALSE	grey	-0.065	0.2335	0.2335	0.0050242	0.2672	0.2747	0.2446
ENSG00000268081.1	AC123912.1	ENSG00000268081.1	lncRNA	chr19	21554640	21569237	-	14598	1	2	2	antisense	exonic_antisense	clone-based (unnamed)	FALSE	TRUE	FALSE	FALSE	FALSE	TRUE	FALSE		ZNF429		ZNF429			ZNF429	0	FALSE	grey	-0.0864	0.3648	0.3648	0.012058	0.5998	0.3933	0.6673
ENSG00000285165.1	AC124014.1	ENSG00000285165.1	lncRNA	chr7	50388489	50400097	-	11609	1	5	5	antisense	exonic_antisense	clone-based (unnamed)	FALSE	TRUE	TRUE	FALSE	FALSE	TRUE	FALSE		IKZF1	IKZF1	IKZF1			IKZF1	0	FALSE	yellow	0.6677	0.4966	0.4966	0.011001	0.3158	0.3027	0.319
ENSG00000272677.1	AC124016.1	ENSG00000272677.1	lncRNA	chr4	82374301	82384027	+	9727	2	2	2	antisense	exonic_antisense	clone-based (unnamed)	FALSE	TRUE	FALSE	FALSE	FALSE	TRUE	FALSE		HNRNPD		HNRNPD	HNRNPD	140	HNRNPD	0	FALSE	brown	0.6605	0.5661	0.5661	0.011876	0.3141	0.2231	0.2975
ENSG00000245281.8	AC124242.1	ENSG00000245281.8	lncRNA	chr8	18084386	18097644	+	13259	8	5	5	antisense	exonic_antisense	clone-based (unnamed)	FALSE	TRUE	FALSE	FALSE	FALSE	TRUE	FALSE		ASAH1		ASAH1	ASAH1	17	ASAH1	0	FALSE	blue	0.599	0.2714	0.2714	0.004877	0.3405	0.1585	0.3699
ENSG00000262147.1	AC124283.2	ENSG00000262147.1	lncRNA	chr17	82587313	82588411	-	1099	1	2	2	antisense	exonic_antisense	clone-based (unnamed)	FALSE	TRUE	TRUE	FALSE	FALSE	TRUE	FALSE		FOXK2	FOXK2	FOXK2			FOXK2	0	FALSE	black	0.2979	0.4247	0.4247	0.008114	0.4098	0.2767	0.4892
ENSG00000276863.1	AC124319.2	ENSG00000276863.1	lncRNA	chr17	80333841	80334366	-	526	1	1	1	antisense	exonic_antisense	clone-based (unnamed)	FALSE	TRUE	FALSE	FALSE	FALSE	TRUE	FALSE		RNF213		RNF213			RNF213	0	FALSE	grey	-0.0449	0.4358	0.4358	0.012349	0.3217	0.2862	0.3151
ENSG00000256008.3	AC125616.1	ENSG00000256008.3	lncRNA	chr12	120628830	120641591	-	12762	3	3	2	antisense	antisense_overlapping	clone-based (unnamed)	FALSE	FALSE	FALSE	FALSE	FALSE	TRUE	FALSE				CABP1	CABP1	36	CABP1	0	FALSE	blue	0.5166	0.185	0.185	0.010281	0.4061	0.4145	0.4227
ENSG00000243295.2	AC126121.3	ENSG00000243295.2	lncRNA	chr3	59050164	59754808	+	704645	10	13	7	antisense	antisense_overlapping	clone-based (unnamed)	FALSE	FALSE	FALSE	FALSE	FALSE	TRUE	FALSE				FHIT	CFAP20DC	80	FHIT	0	FALSE	lightcyan	0.4169	0.1287	0.1287	0.0022065	0.2518	0.3153	0.2172
ENSG00000266490.1	AC127024.5	ENSG00000266490.1	lncRNA	chr17	30792372	30792833	+	462	1	1	1	antisense	exonic_antisense	clone-based (unnamed)	FALSE	TRUE	TRUE	FALSE	FALSE	TRUE	FALSE		CRLF3	CRLF3	CRLF3			CRLF3	0	FALSE	turquoise	0.593	0.7591	0.7591	0.022095	0.5723	0.3299	0.6771
ENSG00000276250.1	AC127024.6	ENSG00000276250.1	lncRNA	chr17	30803654	30804077	+	424	1	1	1	antisense	exonic_antisense	clone-based (unnamed)	FALSE	TRUE	TRUE	FALSE	FALSE	TRUE	FALSE		CRLF3	CRLF3	CRLF3			CRLF3	0	FALSE	turquoise	0.4801	0.608	0.608	0.011643	0.2401	0.2102	0.2133
ENSG00000262823.1	AC127521.1	ENSG00000262823.1	lncRNA	chr17	4481966	4486353	-	4388	3	3	2	antisense	exonic_antisense	clone-based (unnamed)	FALSE	TRUE	FALSE	FALSE	FALSE	TRUE	FALSE		SPNS3		SPNS3			SPNS3	0	FALSE	yellow	0.4268	0.4815	0.4815	0.013745	0.5781	0.2975	0.7182
ENSG00000214999.3	AC129492.1	ENSG00000214999.3	lncRNA	chr17	8079482	8081565	+	2084	1	2	2	antisense	exonic_antisense	clone-based (unnamed)	FALSE	TRUE	FALSE	FALSE	FALSE	TRUE	FALSE		ALOX12B		ALOX12B	ALOX12B	69	ALOX12B	0	FALSE	blue	0.4507	0.2215	0.2215	0.0074717	0.3323	0.252	0.3875
ENSG00000262061.6	AC129507.1	ENSG00000262061.6	lncRNA	chr17	331205	333488	+	2284	6	1	3	antisense	exonic_antisense	clone-based (unnamed)	FALSE	TRUE	TRUE	FALSE	FALSE	TRUE	FALSE		RPH3AL	RPH3AL	RPH3AL	RPH3AL	178	RPH3AL	0	FALSE	grey	-0.1904	0.1939	0.1939	0.0082205	0.4346	0.3844	0.4227
ENSG00000262294.1	AC129507.2	ENSG00000262294.1	lncRNA	chr17	352638	357581	+	4944	1	2	2	antisense	exonic_antisense	clone-based (unnamed)	FALSE	TRUE	TRUE	FALSE	FALSE	TRUE	FALSE		RPH3AL	RPH3AL	RPH3AL			RPH3AL	0	FALSE	blue	0.5975	0.1531	0.1531	0.018771	1.4511	0.6225	0.9569
ENSG00000265678.1	AC129510.1	ENSG00000265678.1	lncRNA	chr17	82153430	82154815	+	1386	1	2	2	antisense	exonic_antisense	clone-based (unnamed)	FALSE	TRUE	TRUE	FALSE	FALSE	TRUE	FALSE		CCDC57	CCDC57	CCDC57			CCDC57	0	FALSE	turquoise	0.6879	0.7846	0.7846	0.026942	0.5619	0.3867	0.5871
ENSG00000255992.1	AC131009.1	ENSG00000255992.1	lncRNA	chr12	131924736	131929351	-	4616	1	3	3	antisense	exonic_antisense	clone-based (unnamed)	FALSE	TRUE	FALSE	FALSE	FALSE	TRUE	FALSE		PUS1		PUS1	PUS1	238	PUS1	0	FALSE	greenyellow	0.4512	0.3315	0.3315	0.0073043	0.5705	0.3661	0.6908
ENSG00000285736.1	AC131025.3	ENSG00000285736.1	lncRNA	chr5	149324220	149345333	-	21114	1	2	2	antisense	antisense_overlapping	clone-based (unnamed)	FALSE	FALSE	FALSE	FALSE	FALSE	TRUE	FALSE				AFAP1L1	GRPEL2	97	AFAP1L1	0	FALSE	red	0.7282	0.6903	0.6903	0.01878	0.4422	0.3609	0.4795
ENSG00000277873.1	AC131159.2	ENSG00000277873.1	lncRNA	chr12	118024817	118025518	-	702	1	1	1	antisense	exonic_antisense	clone-based (unnamed)	FALSE	TRUE	FALSE	FALSE	FALSE	TRUE	FALSE		RFC5		RFC5			RFC5	0	FALSE	purple	0.462	0.2035	0.2035	0.0032652	0.3038	0.1681	0.2583
ENSG00000272721.5	AC131235.2	ENSG00000272721.5	lncRNA	chr3	184134019	184135238	-	1220	2	4	3	antisense	exonic_antisense	clone-based (unnamed)	FALSE	TRUE	FALSE	FALSE	FALSE	TRUE	FALSE		EIF2B5		EIF2B5	EIF2B5	99	EIF2B5	0	FALSE	pink	0.402	0.2273	0.2273	0.0062846	0.4676	0.2482	0.5949
ENSG00000250906.1	AC131953.1	ENSG00000250906.1	lncRNA	chr4	40812779	40826151	+	13373	1	2	2	antisense	exonic_antisense	clone-based (unnamed)	FALSE	TRUE	FALSE	FALSE	FALSE	TRUE	FALSE		APBB2		APBB2			APBB2	0	FALSE	green	0.3049	0.639	0.639	0.0091733	0.2375	0.2134	0.2192
ENSG00000268403.2	AC132192.2	ENSG00000268403.2	lncRNA	chr11	9459556	9460702	-	1147	1	1	1	antisense	exonic_antisense	clone-based (unnamed)	FALSE	TRUE	FALSE	FALSE	FALSE	TRUE	FALSE		ZNF143		ZNF143	ZNF143	274	ZNF143	0	FALSE	turquoise	0.7117	0.7609	0.7609	0.028097	0.564	0.4198	0.5753
ENSG00000275888.1	AC132872.3	ENSG00000275888.1	lncRNA	chr17	82244770	82245591	+	822	1	2	2	antisense	exonic_antisense	clone-based (unnamed)	FALSE	TRUE	TRUE	TRUE	TRUE	TRUE	FALSE		CSNK1D	CSNK1D;SLC16A3	SLC16A3;CSNK1D			CSNK1D	0	FALSE	black	0.7254	0.8507	0.8507	0.053237	1.2733	0.7739	0.8571
ENSG00000265458.2	AC132938.3	ENSG00000265458.2	lncRNA	chr17	82454140	82458521	-	4382	3	4	3	antisense	exonic_antisense	clone-based (unnamed)	FALSE	TRUE	FALSE	FALSE	FALSE	TRUE	FALSE		NARF		NARF	NARF	21	NARF	0	FALSE	brown	0.296	-0.0737	0.0737	0.00056265	0.8924	0.2969	0.9804
ENSG00000261766.1	AC133550.3	ENSG00000261766.1	lncRNA	chr16	28862166	28863340	-	1175	1	2	2	antisense	exonic_antisense	clone-based (unnamed)	FALSE	TRUE	TRUE	FALSE	FALSE	TRUE	FALSE		SH2B1	SH2B1	SH2B1	SH2B1	219	SH2B1	0	FALSE	turquoise	0.4165	0.7907	0.7907	0.018686	0.4018	0.2984	0.4579
ENSG00000251661.3	AC136475.1	ENSG00000251661.3	lncRNA	chr11	318640	325631	+	6992	3	3	2	antisense	antisense_overlapping	clone-based (unnamed)	FALSE	FALSE	FALSE	FALSE	FALSE	TRUE	FALSE				IFITM3			IFITM3	0	FALSE	pink	0.5914	0.41	0.41	0.018195	0.7403	0.4023	0.8337
ENSG00000262995.1	AC137056.1	ENSG00000262995.1	lncRNA	chr16	20440266	20447000	-	6735	2	5	4	antisense	exonic_antisense	clone-based (unnamed)	FALSE	TRUE	FALSE	FALSE	FALSE	TRUE	FALSE		ACSM5		ACSM5			ACSM5	0	FALSE	blue	0.5545	0.0436	0.0436	0.0071301	1.1551	0.7714	0.8513
ENSG00000268218.1	AC137932.3	ENSG00000268218.1	lncRNA	chr16	89268104	89273044	+	4941	1	2	2	antisense	exonic_antisense	clone-based (unnamed)	FALSE	TRUE	FALSE	FALSE	FALSE	TRUE	FALSE		ANKRD11		ANKRD11			ANKRD11	0	FALSE	black	0.6569	0.88	0.88	0.018933	0.377	0.2645	0.4403
ENSG00000224505.2	AC138150.1	ENSG00000224505.2	lncRNA	chr17	45150400	45161510	-	11111	2	3	2	antisense	exonic_antisense	clone-based (unnamed)	FALSE	TRUE	FALSE	FALSE	FALSE	TRUE	FALSE		HEXIM1		HEXIM1;HEXIM2	HEXIM2	335	HEXIM2	0	FALSE	green	0.4992	0.7363	0.7363	0.013656	0.2794	0.2354	0.2877
ENSG00000267288.2	AC138150.2	ENSG00000267288.2	lncRNA	chr17	45168800	45171584	-	2785	2	3	2	antisense	exonic_antisense	clone-based (unnamed)	FALSE	TRUE	FALSE	FALSE	FALSE	TRUE	FALSE		HEXIM2		HEXIM2			HEXIM2	0	FALSE	brown	0.4614	0.4522	0.4522	0.011221	0.3474	0.2309	0.3307
ENSG00000264107.1	AC138207.2	ENSG00000264107.1	lncRNA	chr17	31090787	31095450	-	4664	1	3	3	antisense	exonic_antisense	clone-based (unnamed)	FALSE	TRUE	FALSE	FALSE	FALSE	TRUE	FALSE		NF1		NF1			NF1	0	FALSE	pink	0.4804	-0.0151	0.0151	0.0046647	1.2358	0.4516	0.9902
ENSG00000249849.1	AC138819.1	ENSG00000249849.1	lncRNA	chr5	177682294	177713969	+	31676	1	3	3	antisense	exonic_antisense	clone-based (unnamed)	FALSE	TRUE	FALSE	FALSE	FALSE	TRUE	FALSE		FAM153A		FAM153A			FAM153A	0	FALSE	grey	-0.079	0.3623	0.3623	0.011505	0.2278	0.3269	0.2035
ENSG00000275910.1	AC138932.4	ENSG00000275910.1	lncRNA	chr16	15015828	15016390	-	563	1	1	1	antisense	exonic_antisense	clone-based (unnamed)	FALSE	TRUE	TRUE	FALSE	FALSE	TRUE	FALSE		PDXDC1	PDXDC1	PDXDC1			PDXDC1	0	FALSE	turquoise	0.3293	0.733	0.733	0.017046	0.4132	0.2843	0.4677
ENSG00000250909.1	AC138956.1	ENSG00000250909.1	lncRNA	chr5	176347941	176353584	+	5644	1	3	3	antisense	exonic_antisense	clone-based (unnamed)	FALSE	TRUE	FALSE	FALSE	FALSE	TRUE	FALSE		KIAA1191		KIAA1191			KIAA1191	0	FALSE	green	0.5015	0.7872	0.7872	0.025595	0.6287	0.4253	0.6477
ENSG00000286535.1	AC139019.1	ENSG00000286535.1	lncRNA	chr8	130358787	130362461	+	3675	1	2	2	antisense	exonic_antisense	clone-based (unnamed)	FALSE	TRUE	TRUE	FALSE	FALSE	TRUE	FALSE		ASAP1	ASAP1	ASAP1			ASAP1	0	FALSE	grey	0.2272	0.0909	0.0909	0.00092749	0.3145	0.1341	0.2838
ENSG00000267251.2	AC139100.1	ENSG00000267251.2	lncRNA	chr18	80183680	80202992	+	19313	2	5	5	antisense	exonic_antisense	clone-based (unnamed)	FALSE	TRUE	FALSE	FALSE	FALSE	TRUE	FALSE		PARD6G		PARD6G			PARD6G	0	FALSE	grey	-0.1885	0.2871	0.2871	0.0075845	0.4205	0.2759	0.4795
ENSG00000233799.1	AC139887.1	ENSG00000233799.1	lncRNA	chr4	764487	765074	-	588	1	2	2	antisense	exonic_antisense	clone-based (unnamed)	FALSE	TRUE	FALSE	FALSE	FALSE	TRUE	FALSE		PCGF3		PCGF3			PCGF3	0	FALSE	black	0.4707	0.6823	0.6823	0.022102	0.6286	0.3688	0.7162
ENSG00000249592.6	AC139887.2	ENSG00000249592.6	lncRNA	chr4	760202	781859	-	21658	7	4	2	antisense	exonic_antisense	clone-based (unnamed)	FALSE	TRUE	FALSE	FALSE	FALSE	TRUE	FALSE		PCGF3		PCGF3			PCGF3	0	FALSE	black	0.5624	0.8078	0.8078	0.019058	0.7234	0.2859	0.8904
ENSG00000248996.1	AC145098.1	ENSG00000248996.1	lncRNA	chr5	177494995	177503647	+	8653	1	2	2	antisense	exonic_antisense	clone-based (unnamed)	FALSE	TRUE	FALSE	FALSE	FALSE	TRUE	FALSE		DOK3		PDLIM7;DOK3			DOK3	0	FALSE	yellow	0.6473	0.2484	0.2484	0.009181	0.9525	0.442	0.9198
ENSG00000264769.1	AC145207.8	ENSG00000264769.1	lncRNA	chr17	81922899	81924511	+	1613	1	3	3	antisense	exonic_antisense	clone-based (unnamed)	FALSE	TRUE	FALSE	FALSE	FALSE	TRUE	FALSE		MAFG		MAFG			MAFG	0	FALSE	green	0.5299	0.6745	0.6745	0.0094943	0.2318	0.1959	0.2133
ENSG00000275807.1	AC145285.6	ENSG00000275807.1	lncRNA	chr16	28822431	28823969	-	1539	1	1	1	antisense	exonic_antisense	clone-based (unnamed)	FALSE	TRUE	FALSE	FALSE	FALSE	TRUE	FALSE		ATXN2L		ATXN2L	ATXN2L	169	ATXN2L	0	FALSE	turquoise	0.5925	0.7127	0.7127	0.012557	0.3367	0.2064	0.364
ENSG00000235078.1	AC231981.1	ENSG00000235078.1	lncRNA	chr2	3519275	3523197	+	3923	1	2	2	antisense	exonic_antisense	clone-based (unnamed)	FALSE	TRUE	FALSE	FALSE	FALSE	TRUE	FALSE		ADI1		ADI1			ADI1	0	FALSE	grey	0.2424	0.266	0.266	0.0050171	0.4107	0.2101	0.4853
ENSG00000274767.1	AC243829.1	ENSG00000274767.1	lncRNA	chr17	36183235	36196471	+	13237	3	4	3	antisense	exonic_antisense	clone-based (unnamed)	FALSE	TRUE	FALSE	FALSE	FALSE	TRUE	FALSE		CCL3L3		CCL3L3			CCL3L3	0	FALSE	yellow	0.5307	0.358	0.358	0.010541	0.285	0.3908	0.2016
ENSG00000266903.2	AC243964.3	ENSG00000266903.2	lncRNA	chr19	44631573	44725217	-	93645	5	6	4	antisense	exonic_antisense	clone-based (unnamed)	FALSE	TRUE	FALSE	FALSE	FALSE	TRUE	FALSE		CEACAM16		IGSF23;PVR;CEACAM19;CEACAM16			CEACAM16	0	FALSE	magenta	0.6352	0.354	0.354	0.0042572	0.4607	0.357	0.5088
ENSG00000285184.3	AC244033.2	ENSG00000285184.3	lncRNA	chr1	150045660	150067701	-	22042	3	7	6	antisense	exonic_antisense	clone-based (unnamed)	FALSE	TRUE	FALSE	FALSE	FALSE	TRUE	FALSE		VPS45		VPS45	VPS45	3	VPS45	0	FALSE	salmon	0.524	0.4947	0.4947	0.010457	0.4829	0.2198	0.6477
ENSG00000286009.2	AC244213.1	ENSG00000286009.2	lncRNA	chrY	12661309	12663478	-	2170	4	3	3	antisense	exonic_antisense	clone-based (unnamed)	FALSE	TRUE	FALSE	FALSE	FALSE	TRUE	FALSE		USP9Y		USP9Y			USP9Y	0	FALSE	grey	0.2322	-0.048	0.048	-0.00013211	0.2386	0.2638	0.2916
ENSG00000279375.1	AC244517.7	ENSG00000279375.1	lncRNA	chr5	141191599	141194088	-	2490	1	2	2	antisense	exonic_antisense	clone-based (unnamed)	FALSE	TRUE	FALSE	FALSE	FALSE	TRUE	FALSE		PCDHB10		PCDHB10			PCDHB10	0	FALSE	grey	0.105	0.0948	0.0948	0.00011262	0.8084	0.5088	0.7945
ENSG00000280195.1	AC245140.2	ENSG00000280195.1	lncRNA	chrX	154396878	154398816	-	1939	1	1	1	antisense	exonic_antisense	clone-based (unnamed)	FALSE	TRUE	FALSE	FALSE	FALSE	TRUE	FALSE		RPL10		RPL10	RPL10	74	RPL10	0	FALSE	brown	0.414	0.5525	0.5525	0.01157	0.5348	0.2506	0.7104
ENSG00000285018.1	AC245140.3	ENSG00000285018.1	lncRNA	chrX	154374595	154376934	+	2340	1	2	2	antisense	exonic_antisense	clone-based (unnamed)	FALSE	TRUE	FALSE	FALSE	FALSE	TRUE	FALSE		FLNA		FLNA			FLNA	0	FALSE	grey	0.0705	0.5248	0.5248	0.010742	0.321	0.2429	0.3209
ENSG00000234478.1	ACBD3-AS1	ENSG00000234478.1	lncRNA	chr1	226148003	226155071	+	7069	1	2	2	antisense	exonic_antisense	antisense	FALSE	TRUE	FALSE	FALSE	FALSE	TRUE	FALSE		ACBD3		ACBD3			ACBD3	0	FALSE	black	0.2961	0.7047	0.7047	0.012111	0.3255	0.2427	0.3327
ENSG00000180139.11	ACTA2-AS1	ENSG00000180139.11	lncRNA	chr10	88932390	88940820	+	8431	4	5	5	antisense	exonic_antisense	antisense	FALSE	TRUE	TRUE	TRUE	TRUE	TRUE	FALSE		ACTA2	STAMBPL1	STAMBPL1;ACTA2			ACTA2	0	FALSE	red	0.3461	0.5788	0.5788	0.018994	0.5743	0.4986	0.5695
ENSG00000229589.1	ACVR2B-AS1	ENSG00000229589.1	lncRNA	chr3	38451027	38454820	-	3794	1	2	2	antisense	antisense_overlapping	antisense	FALSE	FALSE	FALSE	FALSE	FALSE	TRUE	FALSE				ACVR2B			ACVR2B	0	FALSE	tan	0.568	0.1226	0.1226	0.0041603	0.8641	0.3685	0.9432
ENSG00000283907.1	AD000090.1	ENSG00000283907.1	lncRNA	chr19	35557956	35581954	+	23999	1	3	3	antisense	antisense_overlapping	other	FALSE	FALSE	FALSE	FALSE	FALSE	TRUE	FALSE				ATP4A	ATP4A	149	ATP4A	0	FALSE	grey	0.1535	0.0091	0.0091	0.0092809	1.1339	1.1742	0.681
ENSG00000241158.7	ADAMTS9-AS1	ENSG00000241158.7	lncRNA	chr3	64561322	64592757	+	31436	21	7	5	antisense	exonic_antisense	antisense	FALSE	TRUE	FALSE	FALSE	FALSE	TRUE	FALSE		ADAMTS9		ADAMTS9			ADAMTS9	0	FALSE	blue	0.7596	0.3132	0.3132	0.046584	3.3666	1.3406	0.9569
ENSG00000241684.6	ADAMTS9-AS2	ENSG00000241684.6	lncRNA	chr3	64684909	65053439	+	368531	5	14	12	antisense	antisense_overlapping	antisense	FALSE	FALSE	FALSE	FALSE	FALSE	TRUE	FALSE				ADAMTS9			ADAMTS9	0	FALSE	grey	-0.0592	0.4503	0.4503	0.020124	1.182	0.5213	0.9432
ENSG00000237781.3	ADAMTSL4-AS2	ENSG00000237781.3	lncRNA	chr1	150548562	150557724	-	9163	1	6	6	antisense	exonic_antisense	antisense	FALSE	TRUE	FALSE	FALSE	FALSE	TRUE	FALSE		ADAMTSL4		ADAMTSL4	ADAMTSL4	530	ADAMTSL4	0	FALSE	black	0.5579	0.7843	0.7843	0.02631	0.5696	0.4692	0.5636
ENSG00000259456.4	ADNP-AS1	ENSG00000259456.4	lncRNA	chr20	50930984	50945148	+	14165	4	4	4	antisense	exonic_antisense	antisense	FALSE	TRUE	FALSE	FALSE	FALSE	TRUE	FALSE		ADNP		ADNP;DPM1			DPM1	0	FALSE	grey	-0.1114	0.634	0.634	0.015805	1.1945	0.3157	0.9961
ENSG00000178803.12	ADORA2A-AS1	ENSG00000178803.12	lncRNA	chr22	24429206	24495074	-	65869	4	11	8	antisense	exonic_antisense	antisense	FALSE	TRUE	FALSE	FALSE	FALSE	TRUE	FALSE		UPB1;SPECC1L-ADORA2A;ADORA2A		SPECC1L-ADORA2A;ADORA2A;UPB1	UPB1	168	UPB1	0	FALSE	blue	0.7964	0.2728	0.2728	0.028069	1.5189	0.7186	0.9061
ENSG00000272163.1	AF106564.1	ENSG00000272163.1	lncRNA	chr8	24912165	24914717	-	2553	1	1	1	antisense	exonic_antisense	other	FALSE	TRUE	FALSE	FALSE	FALSE	TRUE	FALSE		NEFM		NEFM	NEFM	225	NEFM	0	FALSE	grey	0.2843	-0.0862	0.0862	-0.0028216	0.2893	0.3797	0.2642
ENSG00000259319.1	AF111167.2	ENSG00000259319.1	lncRNA	chr14	75423683	75427741	-	4059	2	1	2	antisense	exonic_antisense	other	FALSE	TRUE	FALSE	FALSE	FALSE	TRUE	FALSE		JDP2		JDP2	JDP2	26	JDP2	0	FALSE	tan	0.3578	0.0992	0.0992	0.0017644	0.5185	0.2745	0.6928
ENSG00000259081.1	AF111169.3	ENSG00000259081.1	lncRNA	chr14	76774284	76781518	-	7235	2	3	2	antisense	exonic_antisense	other	FALSE	TRUE	FALSE	FALSE	FALSE	TRUE	FALSE		VASH1		VASH1			VASH1	0	FALSE	black	0.5528	0.7721	0.7721	0.022104	0.4899	0.3591	0.5284
ENSG00000251136.9	AF117829.1	ENSG00000251136.9	lncRNA	chr8	89585872	89757812	-	171941	17	16	7	antisense	exonic_antisense	other	FALSE	TRUE	FALSE	FALSE	FALSE	TRUE	FALSE		RIPK2		RIPK2	RIPK2	4	RIPK2	0	FALSE	turquoise	0.4003	0.6898	0.6898	0.01915	0.7232	0.3785	0.8552
ENSG00000286018.1	AF129075.3	ENSG00000286018.1	lncRNA	chr21	29063446	29064368	+	923	1	2	2	antisense	exonic_antisense	other	FALSE	TRUE	FALSE	FALSE	FALSE	TRUE	FALSE		CCT8		CCT8	CCT8	579	CCT8	0	FALSE	black	0.73	0.8887	0.8887	0.036592	0.871	0.5064	0.816
ENSG00000255737.2	AGAP2-AS1	ENSG00000255737.2	lncRNA	chr12	57726271	57728356	+	2086	1	2	2	antisense	exonic_antisense	antisense	FALSE	TRUE	FALSE	FALSE	FALSE	TRUE	FALSE		AGAP2		AGAP2			AGAP2	0	FALSE	grey	0.4702	-0.0842	0.0842	0.00081243	0.5009	0.333	0.5871
ENSG00000273176.1	AL008635.1	ENSG00000273176.1	lncRNA	chr22	35298838	35299541	-	704	1	2	2	antisense	exonic_antisense	clone-based (unnamed)	FALSE	TRUE	FALSE	FALSE	FALSE	TRUE	FALSE		TOM1		TOM1	TOM1	259	TOM1	0	FALSE	purple	0.5758	0.2477	0.2477	0.0077563	0.3662	0.2524	0.4031
ENSG00000228274.4	AL021707.2	ENSG00000228274.4	lncRNA	chr22	38667585	38681847	-	14263	7	5	2	antisense	exonic_antisense	clone-based (unnamed)	FALSE	TRUE	FALSE	FALSE	FALSE	TRUE	FALSE		CBY1		CBY1	TOMM22	110	CBY1	0	FALSE	turquoise	0.3276	0.7597	0.7597	0.01071	0.3217	0.1754	0.3483
ENSG00000230149.2	AL021707.3	ENSG00000230149.2	lncRNA	chr22	38734730	38738990	+	4261	1	3	3	antisense	exonic_antisense	clone-based (unnamed)	FALSE	TRUE	FALSE	FALSE	TRUE	TRUE	FALSE		SUN2		GTPBP1;SUN2			SUN2	0	FALSE	black	0.5591	0.7713	0.7713	0.016188	0.3169	0.2583	0.3503
ENSG00000230912.1	AL021707.4	ENSG00000230912.1	lncRNA	chr22	38666508	38668750	-	2243	1	2	2	antisense	antisense_overlapping	clone-based (unnamed)	FALSE	FALSE	FALSE	FALSE	FALSE	TRUE	FALSE				CBY1			CBY1	0	FALSE	green	0.5226	0.7757	0.7757	0.019421	0.4124	0.298	0.456
ENSG00000273137.1	AL022328.2	ENSG00000273137.1	lncRNA	chr22	50208461	50209542	-	1082	1	2	2	antisense	exonic_antisense	clone-based (unnamed)	FALSE	TRUE	FALSE	FALSE	FALSE	TRUE	FALSE		SELENOO		SELENOO			SELENOO	0	FALSE	black	0.7401	0.7957	0.7957	0.043676	0.9967	0.5914	0.8356
ENSG00000273253.2	AL022328.4	ENSG00000273253.2	lncRNA	chr22	50199090	50200837	-	1748	1	2	2	antisense	exonic_antisense	clone-based (unnamed)	FALSE	TRUE	FALSE	FALSE	FALSE	TRUE	FALSE		TRABD		TRABD	SELENOO	142	TRABD	0	FALSE	brown	0.5946	0.4996	0.4996	0.014474	0.5628	0.2993	0.6888
ENSG00000228201.1	AL022341.1	ENSG00000228201.1	lncRNA	chr16	648473	649200	-	728	1	2	2	antisense	exonic_antisense	clone-based (unnamed)	FALSE	TRUE	FALSE	FALSE	FALSE	TRUE	FALSE		MCRIP2		MCRIP2	WDR90	111	MCRIP2	0	FALSE	brown	0.5934	0.451	0.451	0.016955	0.5146	0.3367	0.5871
ENSG00000285884.1	AL022345.4	ENSG00000285884.1	lncRNA	chr10	42638314	42645542	+	7229	1	2	2	antisense	exonic_antisense	clone-based (unnamed)	FALSE	TRUE	FALSE	FALSE	FALSE	TRUE	FALSE		ZNF33B		ZNF33B			ZNF33B	0	FALSE	brown	0.383	0.1934	0.1934	0.0038264	0.3565	0.1987	0.3875
ENSG00000287855.1	AL023882.1	ENSG00000287855.1	lncRNA	chr16	817489	862843	+	45355	1	4	4	antisense	antisense_overlapping	clone-based (unnamed)	FALSE	FALSE	FALSE	FALSE	FALSE	TRUE	FALSE				LMF1			LMF1	0	FALSE	grey	-0.0353	0.8102	0.8102	0.019248	0.4758	0.3211	0.5264
ENSG00000260051.1	AL031600.1	ENSG00000260051.1	lncRNA	chr16	1451760	1452653	+	894	1	2	2	antisense	exonic_antisense	clone-based (unnamed)	FALSE	TRUE	TRUE	FALSE	FALSE	TRUE	FALSE		CLCN7	CLCN7	CLCN7			CLCN7	0	FALSE	black	0.5841	0.8107	0.8107	0.035213	0.7286	0.5668	0.6125
ENSG00000287691.1	AL031602.2	ENSG00000287691.1	lncRNA	chr1	32925454	32951638	+	26185	1	3	3	antisense	antisense_overlapping	clone-based (unnamed)	FALSE	FALSE	FALSE	FALSE	FALSE	TRUE	FALSE				RNF19B			RNF19B	0	FALSE	blue	0.4331	0.5241	0.5241	0.015323	0.6869	0.3253	0.8219
ENSG00000275582.1	AL031670.1	ENSG00000275582.1	lncRNA	chr20	3921279	3923400	-	2122	1	2	2	antisense	exonic_antisense	clone-based (unnamed)	FALSE	TRUE	FALSE	FALSE	FALSE	TRUE	FALSE		PANK2		PANK2			PANK2	0	FALSE	black	0.6192	0.8557	0.8557	0.02815	0.7034	0.44	0.7104
ENSG00000260425.1	AL031709.1	ENSG00000260425.1	lncRNA	chr16	1358900	1361405	-	2506	1	2	2	antisense	exonic_antisense	clone-based (unnamed)	FALSE	TRUE	TRUE	FALSE	FALSE	TRUE	FALSE		GNPTG	GNPTG	GNPTG			GNPTG	0	FALSE	green	0.6437	0.8402	0.8402	0.028626	0.5589	0.414	0.5851
ENSG00000272345.1	AL031775.1	ENSG00000272345.1	lncRNA	chr6	24700907	24701793	-	887	1	1	1	antisense	exonic_antisense	clone-based (unnamed)	FALSE	TRUE	FALSE	FALSE	FALSE	TRUE	FALSE		ACOT13		ACOT13			ACOT13	0	FALSE	purple	0.644	0.1269	0.1269	0.0061715	0.9472	0.2819	0.9883
ENSG00000287678.1	AL031778.1	ENSG00000287678.1	lncRNA	chr6	41080624	41101056	-	20433	1	2	2	antisense	exonic_antisense	clone-based (unnamed)	FALSE	TRUE	FALSE	FALSE	TRUE	TRUE	FALSE		NFYA		OARD1;NFYA			NFYA	0	FALSE	midnightblue	0.4093	0.3835	0.3835	0.0065864	0.5164	0.2604	0.6673
ENSG00000279833.1	AL031846.2	ENSG00000279833.1	lncRNA	chr22	39133090	39136760	+	3671	1	1	1	antisense	exonic_antisense	clone-based (unnamed)	FALSE	TRUE	TRUE	FALSE	FALSE	TRUE	FALSE		CBX7	CBX7	CBX7			CBX7	0	FALSE	green	0.7595	0.8216	0.8216	0.02732	0.6001	0.4013	0.6086
ENSG00000231868.1	AL031848.1	ENSG00000231868.1	lncRNA	chr1	6443034	6447006	-	3973	1	3	3	antisense	exonic_antisense	clone-based (unnamed)	FALSE	TRUE	FALSE	FALSE	FALSE	TRUE	FALSE		ESPN		ESPN	ESPN	325	ESPN	0	FALSE	grey	-0.1281	0.5742	0.5742	0.022579	0.364	0.4512	0.3268
ENSG00000272277.1	AL031963.3	ENSG00000272277.1	lncRNA	chr6	3068045	3068894	-	850	1	1	1	antisense	exonic_antisense	clone-based (unnamed)	FALSE	TRUE	TRUE	FALSE	FALSE	TRUE	FALSE		RIPK1	RIPK1	RIPK1			RIPK1	0	FALSE	pink	0.5671	0.2155	0.2155	0.0069103	0.3303	0.2139	0.3523
ENSG00000271218.1	AL033384.2	ENSG00000271218.1	lncRNA	chr6	53918974	53920788	-	1815	1	2	2	antisense	exonic_antisense	clone-based (unnamed)	FALSE	TRUE	FALSE	FALSE	FALSE	TRUE	FALSE		LRRC1		LRRC1			LRRC1	0	FALSE	turquoise	0.2921	0.5982	0.5982	0.014712	0.4219	0.2968	0.4795
ENSG00000284747.1	AL034417.4	ENSG00000284747.1	lncRNA	chr1	7991134	8005312	+	14179	2	6	6	antisense	exonic_antisense	clone-based (unnamed)	FALSE	TRUE	FALSE	FALSE	FALSE	TRUE	FALSE		ERRFI1		ERRFI1			ERRFI1	0	FALSE	grey	0.2632	0.4896	0.4896	0.012572	0.4212	0.3405	0.4266
ENSG00000236772.1	AL034550.1	ENSG00000236772.1	lncRNA	chr20	32449755	32453607	+	3853	1	4	4	antisense	exonic_antisense	clone-based (unnamed)	FALSE	TRUE	FALSE	FALSE	FALSE	TRUE	FALSE		NOL4L		NOL4L			NOL4L	0	FALSE	green	0.5719	0.7741	0.7741	0.014785	0.3789	0.2842	0.4168
ENSG00000260536.1	AL035071.2	ENSG00000260536.1	lncRNA	chr20	32843128	32854257	-	11130	1	2	2	antisense	antisense_overlapping	clone-based (unnamed)	FALSE	FALSE	FALSE	FALSE	FALSE	TRUE	FALSE				MAPRE1			MAPRE1	0	FALSE	grey	-0.0689	0.5883	0.5883	0.007288	0.2569	0.1872	0.1996
ENSG00000287825.1	AL035587.2	ENSG00000287825.1	lncRNA	chr6	42928287	42929457	-	1171	1	2	2	antisense	exonic_antisense	clone-based (unnamed)	FALSE	TRUE	FALSE	FALSE	FALSE	TRUE	FALSE		CNPY3		CNPY3	CNPY3	23	CNPY3	0	FALSE	brown	0.6619	0.2946	0.2946	0.013299	0.8852	0.3456	0.9746
ENSG00000226193.1	AL049548.1	ENSG00000226193.1	lncRNA	chr6	152402398	152404966	+	2569	1	2	2	antisense	antisense_overlapping	clone-based (unnamed)	FALSE	FALSE	FALSE	FALSE	FALSE	TRUE	FALSE				SYNE1			SYNE1	0	FALSE	grey	0.219	0.0573	0.0573	0.0094863	1.0133	0.7827	0.7652
ENSG00000258646.1	AL049780.1	ENSG00000258646.1	lncRNA	chr14	75004719	75008481	-	3763	1	2	2	antisense	exonic_antisense	clone-based (unnamed)	FALSE	TRUE	FALSE	FALSE	FALSE	TRUE	FALSE		EIF2B2		EIF2B2			EIF2B2	0	FALSE	black	0.4652	0.7875	0.7875	0.026279	0.5054	0.41	0.5088
ENSG00000259138.1	AL049780.2	ENSG00000259138.1	lncRNA	chr14	75127153	75136930	+	9778	1	2	2	antisense	exonic_antisense	clone-based (unnamed)	FALSE	TRUE	FALSE	FALSE	FALSE	TRUE	FALSE		NEK9		NEK9;TMED10	NEK9	100	TMED10	0	FALSE	grey	-0.1733	0.6138	0.6138	0.011295	0.2871	0.2236	0.2838
ENSG00000259116.2	AL049869.2	ENSG00000259116.2	lncRNA	chr14	64513952	64540368	-	26417	2	5	4	antisense	exonic_antisense	clone-based (unnamed)	FALSE	TRUE	FALSE	FALSE	FALSE	TRUE	FALSE		ZBTB1		ZBTB1;HSPA2	HSPA2	100	HSPA2	0	FALSE	green	0.6387	0.7424	0.7424	0.011965	0.3227	0.2314	0.3386
ENSG00000258949.1	AL049870.3	ENSG00000258949.1	lncRNA	chr14	44898908	44911863	-	12956	1	3	3	antisense	antisense_overlapping	clone-based (unnamed)	FALSE	FALSE	FALSE	FALSE	FALSE	TRUE	FALSE				C14orf28			C14orf28	0	FALSE	magenta	0.6728	0.5807	0.5807	0.0062778	0.4027	0.4096	0.3992
ENSG00000286546.1	AL079338.1	ENSG00000286546.1	lncRNA	chr20	15892355	15985876	-	93522	1	2	2	antisense	exonic_antisense	clone-based (unnamed)	FALSE	TRUE	FALSE	FALSE	FALSE	TRUE	FALSE		MACROD2		MACROD2			MACROD2	0	FALSE	greenyellow	0.4817	-0.0242	0.0242	-0.0058575	0.6139	1.2918	0.2446
ENSG00000272356.1	AL080317.2	ENSG00000272356.1	lncRNA	chr6	111309203	111313517	+	4315	1	1	1	antisense	exonic_antisense	clone-based (unnamed)	FALSE	TRUE	TRUE	TRUE	TRUE	TRUE	FALSE		REV3L	MFSD4B	MFSD4B;REV3L			REV3L	0	FALSE	purple	0.5351	0.5668	0.5668	0.016823	0.5509	0.3283	0.6477
ENSG00000240591.2	AL096701.3	ENSG00000240591.2	lncRNA	chr22	31452881	31464304	+	11424	3	3	2	antisense	exonic_antisense	clone-based (unnamed)	FALSE	TRUE	TRUE	TRUE	TRUE	TRUE	FALSE		EIF4ENIF1	DRG1	DRG1;EIF4ENIF1			EIF4ENIF1	0	FALSE	green	0.4275	0.8753	0.8753	0.010995	0.2403	0.1607	0.2133
ENSG00000286085.1	AL109653.3	ENSG00000286085.1	lncRNA	chrX	145699056	145820632	-	121577	1	3	3	antisense	exonic_antisense	clone-based (unnamed)	FALSE	TRUE	FALSE	FALSE	FALSE	TRUE	FALSE		SLITRK2		SLITRK2			SLITRK2	0	FALSE	greenyellow	0.5897	0.0841	0.0841	-0.0021976	0.6563	0.9139	0.3855
ENSG00000272491.1	AL109659.2	ENSG00000272491.1	lncRNA	chr1	48227888	48229561	-	1674	1	1	1	antisense	exonic_antisense	clone-based (unnamed)	FALSE	TRUE	FALSE	FALSE	FALSE	TRUE	FALSE		SLC5A9		SLC5A9			SLC5A9	0	FALSE	red	0.4061	0.7409	0.7409	0.013124	0.2716	0.2078	0.2681
ENSG00000236064.2	AL109946.1	ENSG00000236064.2	lncRNA	chrX	107857364	107936230	-	78867	4	6	5	antisense	antisense_overlapping	clone-based (unnamed)	FALSE	FALSE	FALSE	FALSE	FALSE	TRUE	FALSE				MID2			MID2	0	FALSE	grey	0.2373	-0.0277	0.0277	-0.002806	0.5247	0.4684	0.5558
ENSG00000275457.1	AL117332.1	ENSG00000275457.1	lncRNA	chr20	21302731	21303704	-	974	1	1	1	antisense	exonic_antisense	clone-based (unnamed)	FALSE	TRUE	FALSE	FALSE	FALSE	TRUE	FALSE		XRN2		XRN2			XRN2	0	FALSE	greenyellow	0.4348	-0.1064	0.1064	-0.0013475	0.5417	0.241	0.7299
ENSG00000276649.1	AL117335.1	ENSG00000276649.1	lncRNA	chr20	1888128	1894374	-	6247	3	5	3	antisense	exonic_antisense	clone-based (unnamed)	FALSE	TRUE	FALSE	FALSE	FALSE	TRUE	FALSE		SIRPA		SIRPA	SIRPA	134	SIRPA	0	FALSE	grey	0.3793	0.3575	0.3575	0.026899	1.3868	0.6912	0.9432
ENSG00000268858.2	AL118506.1	ENSG00000268858.2	lncRNA	chr20	63861212	63864293	-	3082	1	1	1	antisense	exonic_antisense	clone-based (unnamed)	FALSE	TRUE	FALSE	FALSE	FALSE	TRUE	FALSE		ABHD16B		ABHD16B	TPD52L2	935	ABHD16B	0	FALSE	magenta	0.3846	0.3539	0.3539	0.012132	1.7514	0.3613	1
ENSG00000232412.1	AL121601.1	ENSG00000232412.1	lncRNA	chrX	123959233	123961341	-	2109	1	2	2	antisense	exonic_antisense	clone-based (unnamed)	FALSE	TRUE	FALSE	FALSE	FALSE	TRUE	FALSE		STAG2		STAG2	STAG2	365	STAG2	0	FALSE	brown	0.6193	0.3769	0.3769	0.011942	0.3797	0.2989	0.4168
ENSG00000258738.1	AL121603.2	ENSG00000258738.1	lncRNA	chr14	34874343	34876459	+	2117	1	1	1	antisense	exonic_antisense	clone-based (unnamed)	FALSE	TRUE	FALSE	FALSE	FALSE	TRUE	FALSE		BAZ1A		BAZ1A			BAZ1A	0	FALSE	grey	0.1244	-0.038	0.038	0.00036103	0.8289	0.2634	0.9785
ENSG00000227741.1	AL121987.2	ENSG00000227741.1	lncRNA	chr1	160202199	160208869	-	6671	1	5	5	antisense	exonic_antisense	clone-based (unnamed)	FALSE	TRUE	FALSE	FALSE	FALSE	TRUE	FALSE		PEA15		PEA15			PEA15	0	FALSE	black	0.5254	0.7164	0.7164	0.011448	0.2785	0.1911	0.2564
ENSG00000272510.1	AL121992.3	ENSG00000272510.1	lncRNA	chr1	15565611	15565956	-	346	1	1	1	antisense	exonic_antisense	clone-based (unnamed)	FALSE	TRUE	FALSE	FALSE	FALSE	TRUE	FALSE		DNAJC16		DNAJC16			DNAJC16	0	FALSE	blue	0.6067	0.186	0.186	0.01101	0.4169	0.3633	0.4462
ENSG00000258824.2	AL122035.1	ENSG00000258824.2	lncRNA	chr14	64422935	64448557	-	25623	1	2	2	antisense	exonic_antisense	clone-based (unnamed)	FALSE	TRUE	FALSE	FALSE	FALSE	TRUE	FALSE		MTHFD1		MTHFD1	MTHFD1	944	MTHFD1	0	FALSE	cyan	0.5113	0.2332	0.2332	0.0052516	0.7688	0.3019	0.8963
ENSG00000257285.6	AL132780.1	ENSG00000257285.6	lncRNA	chr14	22929607	22956374	+	26768	3	4	3	antisense	exonic_antisense	clone-based (unnamed)	FALSE	TRUE	FALSE	FALSE	FALSE	TRUE	FALSE		HAUS4		HAUS4;AL132780.3	PRMT5	199	AL132780.3	0	FALSE	grey	-0.1921	0.7189	0.7189	0.01499	0.5388	0.2737	0.6693
ENSG00000258457.5	AL132780.2	ENSG00000258457.5	lncRNA	chr14	22982698	22999078	+	16381	3	6	4	antisense	exonic_antisense	clone-based (unnamed)	FALSE	TRUE	FALSE	FALSE	FALSE	TRUE	FALSE		C14orf93		C14orf93	AJUBA	147	C14orf93	0	FALSE	salmon	0.6679	0.3877	0.3877	0.016324	0.7174	0.35	0.816
ENSG00000258744.2	AL132800.1	ENSG00000258744.2	lncRNA	chr14	24443016	24508688	+	65673	2	4	3	antisense	exonic_antisense	clone-based (unnamed)	FALSE	TRUE	FALSE	FALSE	FALSE	TRUE	FALSE		CMA1		CMA1	SDR39U1	111	CMA1	0	FALSE	cyan	0.6693	0.1308	0.1308	0.0036435	0.9298	0.3519	0.9569
ENSG00000232043.1	AL133230.1	ENSG00000232043.1	lncRNA	chr20	50570975	50578041	-	7067	1	2	2	antisense	exonic_antisense	clone-based (unnamed)	FALSE	TRUE	FALSE	FALSE	FALSE	TRUE	FALSE		PTPN1		PTPN1			PTPN1	0	FALSE	green	0.3561	0.7218	0.7218	0.012038	0.2988	0.2576	0.2857
ENSG00000231628.1	AL133406.2	ENSG00000231628.1	lncRNA	chr6	105279016	105281755	+	2740	1	2	2	antisense	exonic_antisense	clone-based (unnamed)	FALSE	TRUE	FALSE	FALSE	FALSE	TRUE	FALSE		PREP		PREP			PREP	0	FALSE	black	0.509	0.7904	0.7904	0.013383	0.3619	0.2397	0.4031
ENSG00000236514.1	AL135791.1	ENSG00000236514.1	lncRNA	chr10	37857740	37859110	+	1371	1	2	2	antisense	exonic_antisense	clone-based (unnamed)	FALSE	TRUE	FALSE	FALSE	FALSE	TRUE	FALSE		ZNF248		ZNF248	ZNF248	104	ZNF248	0	FALSE	turquoise	0.2997	0.5948	0.5948	0.013555	0.4732	0.2599	0.591
ENSG00000258875.6	AL135818.1	ENSG00000258875.6	lncRNA	chr14	91242759	91252211	+	9453	3	5	4	antisense	exonic_antisense	clone-based (unnamed)	FALSE	TRUE	TRUE	FALSE	FALSE	TRUE	FALSE		GPR68	GPR68	GPR68			GPR68	0	FALSE	yellow	0.7681	0.3474	0.3474	0.0069471	0.3711	0.2476	0.3816
ENSG00000266680.1	AL135905.1	ENSG00000266680.1	lncRNA	chr6	63571005	63572408	-	1404	1	1	1	antisense	exonic_antisense	clone-based (unnamed)	FALSE	TRUE	TRUE	FALSE	FALSE	TRUE	FALSE		PTP4A1	PTP4A1	PTP4A1	AL135905.2	64	PTP4A1	0	FALSE	grey	-0.0433	-5e-04	5e-04	0.00025393	1.0953	0.4199	0.9843
ENSG00000273783.1	AL136040.1	ENSG00000273783.1	lncRNA	chr14	81221218	81222460	+	1243	1	2	2	antisense	exonic_antisense	clone-based (unnamed)	FALSE	TRUE	FALSE	FALSE	FALSE	TRUE	FALSE		GTF2A1		GTF2A1	GTF2A1	259	GTF2A1	0	FALSE	pink	0.4402	0.1089	0.1089	0.0020397	0.4256	0.1693	0.5577
ENSG00000270412.1	AL136084.2	ENSG00000270412.1	lncRNA	chr9	98943337	98943775	-	439	1	1	1	antisense	exonic_antisense	clone-based (unnamed)	FALSE	TRUE	TRUE	FALSE	FALSE	TRUE	FALSE		COL15A1	COL15A1	COL15A1	COL15A1	132	COL15A1	0	FALSE	red	0.5998	-0.1683	0.1683	-0.002926	0.2676	0.2459	0.2681
ENSG00000259321.1	AL136295.2	ENSG00000259321.1	lncRNA	chr14	24139445	24140444	+	1000	1	2	2	antisense	exonic_antisense	clone-based (unnamed)	FALSE	TRUE	FALSE	FALSE	FALSE	TRUE	FALSE		EMC9		EMC9			EMC9	0	FALSE	black	0.5508	0.7709	0.7709	0.019273	0.3814	0.2888	0.4305
ENSG00000272223.1	AL136304.1	ENSG00000272223.1	lncRNA	chr6	43033897	43034405	-	509	1	1	1	antisense	exonic_antisense	clone-based (unnamed)	FALSE	TRUE	FALSE	FALSE	FALSE	TRUE	FALSE		RRP36		RRP36			RRP36	0	FALSE	turquoise	0.499	0.6205	0.6205	0.01975	0.5617	0.3273	0.683
ENSG00000272269.1	AL138724.1	ENSG00000272269.1	lncRNA	chr6	17706257	17707344	+	1088	1	1	1	antisense	exonic_antisense	clone-based (unnamed)	FALSE	TRUE	FALSE	FALSE	FALSE	TRUE	FALSE		NUP153		NUP153			NUP153	0	FALSE	purple	0.5521	0.0524	0.0524	0.0051592	0.6191	0.2914	0.8082
ENSG00000271554.1	AL138787.2	ENSG00000271554.1	lncRNA	chr1	35992109	36013630	-	21522	2	4	3	antisense	exonic_antisense	clone-based (unnamed)	FALSE	TRUE	FALSE	FALSE	FALSE	TRUE	FALSE		AGO3		AGO3			AGO3	0	FALSE	grey	0.0934	0.6222	0.6222	0.010594	0.2383	0.1973	0.2074
ENSG00000236308.1	AL138921.2	ENSG00000236308.1	lncRNA	chr10	100190036	100190747	+	712	1	2	2	antisense	exonic_antisense	clone-based (unnamed)	FALSE	TRUE	TRUE	FALSE	FALSE	TRUE	FALSE		CHUK	CHUK	CHUK			CHUK	0	FALSE	grey	-0.1629	0.5796	0.5796	0.0099552	0.5213	0.2492	0.6967
ENSG00000277763.1	AL138995.1	ENSG00000277763.1	lncRNA	chr14	56117316	56117990	-	675	1	1	1	antisense	exonic_antisense	clone-based (unnamed)	FALSE	TRUE	FALSE	FALSE	FALSE	TRUE	FALSE		PELI2		PELI2	PELI2	421	PELI2	0	FALSE	red	0.4957	0.0755	0.0755	0.0013371	0.3149	0.167	0.317
ENSG00000228606.3	AL139011.1	ENSG00000228606.3	lncRNA	chr1	160261741	160263328	+	1588	3	3	2	antisense	exonic_antisense	clone-based (unnamed)	FALSE	TRUE	TRUE	FALSE	FALSE	TRUE	FALSE		DCAF8;AL139011.2	AL139011.2	DCAF8;AL139011.2	DCAF8	213	AL139011.2	0	FALSE	green	0.5127	0.6939	0.6939	0.0084472	0.2656	0.1529	0.2114
ENSG00000258658.1	AL139021.2	ENSG00000258658.1	lncRNA	chr14	58370023	58395641	-	25619	1	2	2	antisense	antisense_overlapping	clone-based (unnamed)	FALSE	FALSE	FALSE	FALSE	FALSE	TRUE	FALSE				ARID4A	TOMM20L	287	ARID4A	0	FALSE	grey	-0.1125	0.6341	0.6341	0.0090785	0.2272	0.1868	0.1937
ENSG00000248458.2	AL139147.1	ENSG00000248458.2	lncRNA	chr1	66665864	66677027	-	11164	1	2	2	antisense	exonic_antisense	clone-based (unnamed)	FALSE	TRUE	FALSE	FALSE	FALSE	TRUE	FALSE		SGIP1		SGIP1			SGIP1	0	FALSE	red	0.3056	0.0793	0.0793	-0.00036525	0.3373	0.3141	0.3464
ENSG00000287261.1	AL139243.1	ENSG00000287261.1	lncRNA	chr10	98446346	98453805	+	7460	1	3	3	antisense	antisense_overlapping	clone-based (unnamed)	FALSE	FALSE	FALSE	FALSE	FALSE	TRUE	FALSE				HPS1	HPS1	933	HPS1	0	FALSE	grey	-0.043	0.242	0.242	0.0038288	0.3884	0.1951	0.4873
ENSG00000272449.2	AL139246.5	ENSG00000272449.2	lncRNA	chr1	2530064	2547460	+	17397	2	2	2	antisense	antisense_overlapping	clone-based (unnamed)	FALSE	FALSE	FALSE	FALSE	FALSE	TRUE	FALSE				HES5			HES5	0	FALSE	pink	0.5865	0.1224	0.1224	0.013111	1.0727	0.4625	0.9589
ENSG00000228436.3	AL139260.1	ENSG00000228436.3	lncRNA	chr1	38859912	38965038	+	105127	5	6	4	antisense	exonic_antisense	clone-based (unnamed)	FALSE	TRUE	FALSE	FALSE	FALSE	TRUE	FALSE		RHBDL2;AL139260.3;GJA9		MYCBP;AL139260.3;GJA9;RHBDL2	MYCBP	74	RHBDL2	0	FALSE	grey	-0.1356	0.1652	0.1652	0.0018222	0.3705	0.1833	0.4168
ENSG00000231563.2	AL139288.1	ENSG00000231563.2	lncRNA	chr1	228407365	228410870	+	3506	2	4	3	antisense	exonic_antisense	clone-based (unnamed)	FALSE	TRUE	FALSE	FALSE	FALSE	TRUE	FALSE		TRIM17		TRIM17	TRIM11	530	TRIM17	0	FALSE	grey	0.0625	0.5681	0.5681	0.013532	0.4736	0.3315	0.5284
ENSG00000234091.1	AL157392.2	ENSG00000234091.1	lncRNA	chr10	13729383	13756200	+	26818	1	3	3	antisense	antisense_overlapping	clone-based (unnamed)	FALSE	FALSE	FALSE	FALSE	FALSE	TRUE	FALSE				FRMD4A			FRMD4A	0	FALSE	blue	0.6053	0.3665	0.3665	0.015756	0.4511	0.3494	0.5029
ENSG00000197670.6	AL157838.1	ENSG00000197670.6	lncRNA	chr20	53552770	53575863	+	23094	1	6	6	antisense	exonic_antisense	clone-based (unnamed)	FALSE	TRUE	FALSE	FALSE	FALSE	TRUE	FALSE		ZNF217		ZNF217			ZNF217	0	FALSE	green	0.357	0.7597	0.7597	0.016354	0.5316	0.3357	0.5969
ENSG00000227218.7	AL157935.1	ENSG00000227218.7	lncRNA	chr9	127934503	127940952	+	6450	9	5	4	antisense	exonic_antisense	clone-based (unnamed)	FALSE	TRUE	FALSE	FALSE	FALSE	TRUE	FALSE		FAM102A		DPM2;FAM102A	DPM2	29	FAM102A	0	FALSE	magenta	0.5832	0.3813	0.3813	0.0039582	0.3266	0.5059	0.1977
ENSG00000270589.1	AL158163.1	ENSG00000270589.1	lncRNA	chr10	110910596	110912244	+	1649	1	1	1	antisense	exonic_antisense	clone-based (unnamed)	FALSE	TRUE	TRUE	FALSE	FALSE	TRUE	FALSE		BBIP1	BBIP1	BBIP1			BBIP1	0	FALSE	turquoise	0.434	0.8322	0.8322	0.015854	0.4041	0.2347	0.4795
ENSG00000278601.1	AL158163.2	ENSG00000278601.1	lncRNA	chr10	110907483	110908182	+	700	1	1	1	antisense	exonic_antisense	clone-based (unnamed)	FALSE	TRUE	TRUE	FALSE	FALSE	TRUE	FALSE		BBIP1	BBIP1	BBIP1			BBIP1	0	FALSE	grey	-0.0466	0.6442	0.6442	0.0079665	0.2518	0.1574	0.1937
ENSG00000233547.1	AL158212.2	ENSG00000233547.1	lncRNA	chr10	112950646	112951875	-	1230	1	2	2	antisense	exonic_antisense	clone-based (unnamed)	FALSE	TRUE	FALSE	FALSE	FALSE	TRUE	FALSE		TCF7L2		TCF7L2			TCF7L2	0	FALSE	turquoise	0.5006	0.6775	0.6775	0.01672	0.3084	0.2927	0.2896
ENSG00000285676.1	AL158212.5	ENSG00000285676.1	lncRNA	chr10	112810031	112821838	-	11808	1	3	3	antisense	exonic_antisense	clone-based (unnamed)	FALSE	TRUE	FALSE	FALSE	FALSE	TRUE	FALSE		VTI1A		VTI1A			VTI1A	0	FALSE	midnightblue	0.3592	0.5351	0.5351	0.006336	0.3321	0.194	0.3679
ENSG00000258634.3	AL160006.1	ENSG00000258634.3	lncRNA	chr1	110058340	110062555	+	4216	1	1	1	antisense	exonic_antisense	clone-based (unnamed)	FALSE	TRUE	TRUE	TRUE	TRUE	TRUE	FALSE		ALX3	STRIP1	STRIP1;ALX3			ALX3	0	FALSE	grey	-0.0902	0.5127	0.5127	0.016171	1.2567	0.3275	0.9961
ENSG00000275202.1	AL161421.1	ENSG00000275202.1	lncRNA	chr13	48974967	48976867	-	1901	1	2	2	antisense	exonic_antisense	clone-based (unnamed)	FALSE	TRUE	FALSE	FALSE	FALSE	TRUE	FALSE		FNDC3A		FNDC3A			FNDC3A	0	FALSE	grey	0.0571	-0.0573	0.0573	0.00063353	1.4489	0.3813	1
ENSG00000227155.7	AL161725.1	ENSG00000227155.7	lncRNA	chr9	452492	492248	-	39757	16	12	5	antisense	antisense_overlapping	clone-based (unnamed)	FALSE	FALSE	FALSE	FALSE	FALSE	TRUE	FALSE				DOCK8;KANK1	KANK1	455	KANK1	0	FALSE	green	0.6159	0.7421	0.7421	0.012153	0.3432	0.218	0.3523
ENSG00000230074.3	AL162231.2	ENSG00000230074.3	lncRNA	chr9	34665607	34681981	+	16375	2	3	3	antisense	exonic_antisense	clone-based (unnamed)	FALSE	TRUE	FALSE	FALSE	FALSE	TRUE	FALSE		AL162231.1		AL162231.1	AL162231.1	112	AL162231.1	0	FALSE	tan	0.4911	0.1128	0.1128	0.0059056	1.5834	0.4962	0.9941
ENSG00000286162.2	AL162253.2	ENSG00000286162.2	lncRNA	chr9	5457477	5629748	-	172272	2	5	3	antisense	antisense_overlapping	clone-based (unnamed)	FALSE	FALSE	FALSE	FALSE	FALSE	TRUE	FALSE				CD274;PDCD1LG2;RIC1	RIC1	44	RIC1	0	FALSE	greenyellow	0.5213	-0.0147	0.0147	-0.0033969	1.0789	0.7137	0.9276
ENSG00000231856.2	AL162377.1	ENSG00000231856.2	lncRNA	chr13	51803838	51813832	+	9995	2	2	2	antisense	exonic_antisense	clone-based (unnamed)	FALSE	TRUE	FALSE	FALSE	FALSE	TRUE	FALSE		DHRS12;AL162377.3;TMEM272		AL162377.3;DHRS12;TMEM272	DHRS12	115	TMEM272	0	FALSE	tan	0.5707	0.0989	0.0989	0.0039794	0.6385	0.2397	0.8708
ENSG00000285796.1	AL162458.1	ENSG00000285796.1	lncRNA	chr20	45926518	45935055	-	8538	1	1	1	antisense	exonic_antisense	clone-based (unnamed)	FALSE	TRUE	FALSE	FALSE	FALSE	TRUE	FALSE		PCIF1		PCIF1			PCIF1	0	FALSE	turquoise	0.646	0.8059	0.8059	0.022728	0.5427	0.3547	0.5812
ENSG00000225032.5	AL162586.1	ENSG00000225032.5	lncRNA	chr9	127816066	127822520	+	6455	2	6	6	antisense	exonic_antisense	clone-based (unnamed)	FALSE	TRUE	FALSE	FALSE	FALSE	TRUE	FALSE		ENG		ENG			ENG	0	FALSE	black	0.7534	0.8495	0.8495	0.040004	0.9091	0.5613	0.8023
ENSG00000177788.6	AL162595.1	ENSG00000177788.6	lncRNA	chr1	229256892	229271242	-	14351	7	3	3	antisense	exonic_antisense	clone-based (unnamed)	FALSE	TRUE	FALSE	FALSE	FALSE	TRUE	FALSE		RAB4A		RAB4A	RAB4A	8	RAB4A	0	FALSE	grey	-0.0106	0.4257	0.4257	0.013824	1.344	0.405	0.9961
ENSG00000287925.1	AL353576.1	ENSG00000287925.1	lncRNA	chr10	16521714	16539737	+	18024	4	5	4	antisense	exonic_antisense	clone-based (unnamed)	FALSE	TRUE	FALSE	FALSE	FALSE	TRUE	FALSE		C1QL3		C1QL3	C1QL3	569	C1QL3	0	FALSE	grey	0.1558	0.3823	0.3823	0.010689	0.2949	0.4505	0.2485
ENSG00000270110.2	AL353593.2	ENSG00000270110.2	lncRNA	chr1	228295549	228303002	-	7454	1	2	2	antisense	exonic_antisense	clone-based (unnamed)	FALSE	TRUE	TRUE	FALSE	FALSE	TRUE	FALSE		OBSCN	OBSCN	OBSCN	OBSCN	607	OBSCN	0	FALSE	green	0.4863	0.6498	0.6498	0.014554	0.41	0.3019	0.4364
ENSG00000287769.1	AL353748.3	ENSG00000287769.1	lncRNA	chr9	88384902	88389224	-	4323	2	2	2	antisense	antisense_overlapping	clone-based (unnamed)	FALSE	FALSE	FALSE	FALSE	FALSE	TRUE	FALSE				SPIN1	SPIN1	147	SPIN1	0	FALSE	tan	0.6492	0.3123	0.3123	0.0077739	0.7856	0.2865	0.9511
ENSG00000273363.1	AL353801.3	ENSG00000273363.1	lncRNA	chr10	44958917	44959458	-	542	1	1	1	antisense	exonic_antisense	clone-based (unnamed)	FALSE	TRUE	FALSE	FALSE	FALSE	TRUE	FALSE		RASSF4		RASSF4	RASSF4	344	RASSF4	0	FALSE	turquoise	0.5664	0.6385	0.6385	0.018742	0.3605	0.3226	0.3933
ENSG00000278390.5	AL354696.2	ENSG00000278390.5	lncRNA	chr13	41132939	41236686	+	103748	6	8	4	antisense	exonic_antisense	clone-based (unnamed)	FALSE	TRUE	FALSE	FALSE	FALSE	TRUE	FALSE		KBTBD7		KBTBD7;MTRF1	KBTBD6	137	MTRF1	0	FALSE	cyan	0.5207	0.3063	0.3063	0.003857	0.2885	0.1272	0.225
ENSG00000235298.1	AL354733.3	ENSG00000235298.1	lncRNA	chr9	83972233	83975777	+	3545	1	2	2	antisense	exonic_antisense	clone-based (unnamed)	FALSE	TRUE	FALSE	FALSE	FALSE	TRUE	FALSE		HNRNPK		HNRNPK	HNRNPK	939	HNRNPK	0	FALSE	green	0.4652	0.7513	0.7513	0.016888	0.3893	0.2877	0.4207
ENSG00000226332.2	AL354836.1	ENSG00000226332.2	lncRNA	chr20	62305432	62306325	-	894	1	2	2	antisense	exonic_antisense	clone-based (unnamed)	FALSE	TRUE	FALSE	FALSE	FALSE	TRUE	FALSE		ADRM1		ADRM1			ADRM1	0	FALSE	turquoise	0.597	0.7093	0.7093	0.058066	1.8533	0.8565	0.9883
ENSG00000254473.1	AL354920.1	ENSG00000254473.1	lncRNA	chr9	83707594	83713378	+	5785	2	3	2	antisense	exonic_antisense	clone-based (unnamed)	FALSE	TRUE	FALSE	FALSE	FALSE	TRUE	FALSE		UBQLN1		UBQLN1	UBQLN1	360	UBQLN1	0	FALSE	grey	-0.1902	-0.0869	0.0869	0.00042168	1.5911	0.3721	1
ENSG00000228352.2	AL354989.1	ENSG00000228352.2	lncRNA	chr9	34084332	34096225	+	11894	1	3	3	antisense	antisense_overlapping	clone-based (unnamed)	FALSE	FALSE	FALSE	FALSE	FALSE	TRUE	FALSE				DCAF12			DCAF12	0	FALSE	green	0.4078	0.8002	0.8002	0.011942	0.2463	0.1976	0.227
ENSG00000258515.1	AL355075.2	ENSG00000258515.1	lncRNA	chr14	20451305	20451918	+	614	1	2	2	antisense	exonic_antisense	clone-based (unnamed)	FALSE	TRUE	TRUE	FALSE	FALSE	TRUE	FALSE		OSGEP	OSGEP	OSGEP	OSGEP	426	OSGEP	0	FALSE	black	0.6143	0.8417	0.8417	0.032179	0.6421	0.4725	0.6145
ENSG00000287735.1	AL355075.6	ENSG00000287735.1	lncRNA	chr14	20317949	20319707	+	1759	1	2	2	antisense	exonic_antisense	clone-based (unnamed)	FALSE	TRUE	TRUE	FALSE	FALSE	TRUE	FALSE		CCNB1IP1	CCNB1IP1	CCNB1IP1			CCNB1IP1	0	FALSE	green	0.4787	0.7428	0.7428	0.013611	0.3407	0.2535	0.3855
ENSG00000258793.1	AL355102.4	ENSG00000258793.1	lncRNA	chr14	96259411	96268624	-	9214	1	2	2	antisense	exonic_antisense	clone-based (unnamed)	FALSE	TRUE	FALSE	FALSE	FALSE	TRUE	FALSE		BDKRB1		AL355102.2;BDKRB1			BDKRB1	0	FALSE	greenyellow	0.3908	0.0408	0.0408	-0.0046371	0.292	0.4638	0.2427
ENSG00000272170.1	AL355385.1	ENSG00000272170.1	lncRNA	chr6	43074331	43074739	-	409	1	1	1	antisense	exonic_antisense	clone-based (unnamed)	FALSE	TRUE	FALSE	FALSE	FALSE	TRUE	FALSE		KLC4		KLC4			KLC4	0	FALSE	turquoise	0.4244	0.6483	0.6483	0.01134	0.2286	0.2125	0.1859
ENSG00000258926.2	AL355916.2	ENSG00000258926.2	lncRNA	chr14	61535385	61545484	-	10100	7	4	4	antisense	exonic_antisense	clone-based (unnamed)	FALSE	TRUE	TRUE	FALSE	FALSE	TRUE	FALSE		PRKCH	PRKCH;AL355916.3	PRKCH;AL355916.3			AL355916.3	0	FALSE	green	0.544	0.588	0.588	0.007462	0.254	0.1862	0.2094
ENSG00000228689.8	AL355997.1	ENSG00000228689.8	lncRNA	chr6	51599723	51623428	+	23706	4	5	3	antisense	antisense_overlapping	clone-based (unnamed)	FALSE	FALSE	FALSE	FALSE	FALSE	TRUE	FALSE				PKHD1			PKHD1	0	FALSE	blue	0.5332	0.4199	0.4199	0.0082645	0.2354	0.1955	0.2114
ENSG00000287808.1	AL355999.1	ENSG00000287808.1	lncRNA	chr1	182837185	182839561	-	2377	1	2	2	antisense	exonic_antisense	clone-based (unnamed)	FALSE	TRUE	FALSE	FALSE	FALSE	TRUE	FALSE		DHX9		DHX9	DHX9	173	DHX9	0	FALSE	turquoise	0.4669	0.4243	0.4243	0.010421	0.5128	0.2707	0.6204
ENSG00000231979.1	AL356361.2	ENSG00000231979.1	lncRNA	chr1	239915439	239916955	-	1517	1	2	2	antisense	exonic_antisense	clone-based (unnamed)	FALSE	TRUE	FALSE	FALSE	FALSE	TRUE	FALSE		CHRM3		CHRM3			CHRM3	0	FALSE	grey	0.1094	0.1779	0.1779	0.0098057	0.4135	0.4466	0.4168
ENSG00000228395.2	AL356481.1	ENSG00000228395.2	lncRNA	chr9	128528657	128552410	-	23754	3	5	4	antisense	exonic_antisense	clone-based (unnamed)	FALSE	TRUE	FALSE	FALSE	FALSE	TRUE	FALSE		GLE1		GLE1	SPTAN1	148	GLE1	0	FALSE	grey	-0.1797	0.5655	0.5655	0.007594	0.4593	0.1464	0.6869
ENSG00000280758.1	AL356481.3	ENSG00000280758.1	lncRNA	chr9	128630328	128631685	-	1358	1	2	2	antisense	exonic_antisense	clone-based (unnamed)	FALSE	TRUE	FALSE	FALSE	FALSE	TRUE	FALSE		SPTAN1		SPTAN1	SPTAN1	940	SPTAN1	0	FALSE	black	0.4868	0.7022	0.7022	0.014584	0.2979	0.2315	0.3131
ENSG00000273382.1	AL356488.3	ENSG00000273382.1	lncRNA	chr1	109087971	109090858	-	2888	1	1	1	antisense	exonic_antisense	clone-based (unnamed)	FALSE	TRUE	FALSE	FALSE	FALSE	TRUE	FALSE		TMEM167B		TMEM167B			TMEM167B	0	FALSE	pink	0.4398	0.2443	0.2443	0.0085791	0.755	0.2985	0.9139
ENSG00000286553.1	AL357075.2	ENSG00000286553.1	lncRNA	chr6	154477982	154479593	+	1612	1	2	2	antisense	exonic_antisense	clone-based (unnamed)	FALSE	TRUE	TRUE	FALSE	FALSE	TRUE	FALSE		CNKSR3	CNKSR3;AL357075.4	AL357075.4;CNKSR3			CNKSR3	0	FALSE	grey	0.1117	0.0691	0.0691	0.0019891	0.3671	0.2165	0.4012
ENSG00000228150.1	AL357140.2	ENSG00000228150.1	lncRNA	chr1	9942923	9949974	+	7052	1	2	2	antisense	antisense_overlapping	clone-based (unnamed)	FALSE	FALSE	FALSE	FALSE	TRUE	TRUE	FALSE				LZIC;NMNAT1	LZIC	155	NMNAT1	0	TRUE	blue	0.4425	0.1376	0.1376	0.0054896	0.6502	0.2853	0.8317
ENSG00000272654.1	AL358472.2	ENSG00000272654.1	lncRNA	chr1	153977743	153979160	+	1418	1	1	1	antisense	exonic_antisense	clone-based (unnamed)	FALSE	TRUE	FALSE	FALSE	FALSE	TRUE	FALSE		AL358472.6		AL358472.6	JTB	69	AL358472.6	0	FALSE	brown	0.5044	0.6216	0.6216	0.013607	0.5857	0.2391	0.8063
ENSG00000284738.1	AL358472.5	ENSG00000284738.1	lncRNA	chr1	153923337	153935240	+	11904	2	3	3	antisense	exonic_antisense	clone-based (unnamed)	FALSE	TRUE	FALSE	FALSE	FALSE	TRUE	FALSE		GATAD2B;DENND4B		GATAD2B;DENND4B	GATAD2B	365	DENND4B	0	FALSE	turquoise	0.4114	0.7132	0.7132	0.013761	0.3378	0.2318	0.3855
ENSG00000230289.1	AL358781.2	ENSG00000230289.1	lncRNA	chr9	131516558	131522229	-	5672	1	2	2	antisense	exonic_antisense	clone-based (unnamed)	FALSE	TRUE	FALSE	FALSE	FALSE	TRUE	FALSE		POMT1		POMT1			POMT1	0	FALSE	brown	0.3603	0.5494	0.5494	0.011031	0.2685	0.2229	0.2564
ENSG00000226334.1	AL359182.1	ENSG00000226334.1	lncRNA	chr9	104927553	104928892	+	1340	1	2	2	antisense	antisense_overlapping	clone-based (unnamed)	FALSE	FALSE	FALSE	FALSE	FALSE	TRUE	FALSE				ABCA1			ABCA1	0	FALSE	grey	-0.0218	0.0921	0.0921	0.002926	0.5314	0.346	0.6184
ENSG00000247287.3	AL359220.1	ENSG00000247287.3	lncRNA	chr14	61294909	61322838	-	27930	3	4	4	antisense	exonic_antisense	clone-based (unnamed)	FALSE	TRUE	TRUE	FALSE	FALSE	TRUE	FALSE		PRKCH	PRKCH	PRKCH			PRKCH	0	FALSE	red	0.639	0.5557	0.5557	0.0095902	0.379	0.2145	0.4403
ENSG00000258857.1	AL359397.1	ENSG00000258857.1	lncRNA	chr14	50397013	50398345	+	1333	1	3	3	antisense	exonic_antisense	clone-based (unnamed)	FALSE	TRUE	FALSE	FALSE	FALSE	TRUE	FALSE		CDKL1		CDKL1	CDKL1	127	CDKL1	0	FALSE	tan	0.5915	0.2458	0.2458	0.0035151	0.3271	0.2464	0.3346
ENSG00000227355.3	AL359644.1	ENSG00000227355.3	lncRNA	chr9	121369893	121463370	+	93478	5	8	6	antisense	exonic_antisense	clone-based (unnamed)	FALSE	TRUE	FALSE	FALSE	FALSE	TRUE	FALSE		GGTA1		STOM;GGTA1	STOM	187	GGTA1	0	FALSE	turquoise	0.3194	0.535	0.535	0.008482	0.2981	0.1814	0.2622
ENSG00000284882.1	AL359762.1	ENSG00000284882.1	lncRNA	chr1	84574129	84583620	+	9492	2	4	3	antisense	exonic_antisense	clone-based (unnamed)	FALSE	TRUE	FALSE	FALSE	FALSE	TRUE	FALSE		CTBS		CTBS	CTBS	105	CTBS	0	FALSE	yellow	0.4578	0.0237	0.0237	0.0012058	0.4819	0.2155	0.6614
ENSG00000229407.5	AL359853.1	ENSG00000229407.5	lncRNA	chr1	179816184	179818191	-	2008	2	3	2	antisense	exonic_antisense	clone-based (unnamed)	FALSE	TRUE	FALSE	FALSE	FALSE	TRUE	FALSE		FAM163A		FAM163A			FAM163A	0	FALSE	red	0.4749	0.0681	0.0681	0.0039501	0.4012	0.3195	0.4462
ENSG00000226699.1	AL360181.1	ENSG00000226699.1	lncRNA	chr10	133345754	133350726	-	4973	1	2	2	antisense	antisense_overlapping	clone-based (unnamed)	FALSE	FALSE	FALSE	FALSE	FALSE	TRUE	FALSE				ZNF511-PRAP1;PRAP1			PRAP1	0	FALSE	blue	0.4134	0.5888	0.5888	0.029383	0.5667	0.5403	0.5284
ENSG00000272405.1	AL365181.3	ENSG00000272405.1	lncRNA	chr1	156641666	156644887	-	3222	1	1	1	antisense	exonic_antisense	clone-based (unnamed)	FALSE	TRUE	FALSE	FALSE	FALSE	TRUE	FALSE		BCAN		BCAN			BCAN	0	FALSE	grey	0.4414	0.0688	0.0688	0.0084682	1.7122	0.7626	0.9432
ENSG00000237742.7	AL365259.1	ENSG00000237742.7	lncRNA	chr6	125577545	125749190	-	171646	6	7	5	antisense	antisense_overlapping	clone-based (unnamed)	FALSE	FALSE	FALSE	FALSE	FALSE	TRUE	FALSE				HEY2	HEY2	442	HEY2	0	FALSE	blue	0.3485	0.0578	0.0578	0.0022017	0.2823	0.2563	0.3209
ENSG00000272153.1	AL365330.1	ENSG00000272153.1	lncRNA	chr1	3785008	3785538	+	531	1	1	1	antisense	exonic_antisense	clone-based (unnamed)	FALSE	TRUE	FALSE	FALSE	FALSE	TRUE	FALSE		LRRC47		LRRC47	LRRC47	833	LRRC47	0	FALSE	black	0.6841	0.7889	0.7889	0.033654	0.8861	0.462	0.8689
ENSG00000225905.1	AL391244.1	ENSG00000225905.1	lncRNA	chr1	1420245	1422691	+	2447	1	2	2	antisense	exonic_antisense	clone-based (unnamed)	FALSE	TRUE	FALSE	FALSE	FALSE	TRUE	FALSE		ANKRD65		ANKRD65			ANKRD65	0	FALSE	red	0.4732	0.1823	0.1823	0.0039623	0.2684	0.2356	0.2642
ENSG00000270504.1	AL391422.4	ENSG00000270504.1	lncRNA	chr6	3751111	3753871	+	2761	1	1	1	antisense	exonic_antisense	clone-based (unnamed)	FALSE	TRUE	FALSE	FALSE	FALSE	TRUE	FALSE		PXDC1		PXDC1			PXDC1	0	FALSE	grey	0.3758	-0.0722	0.0722	0.0032058	2.1208	0.5118	1
ENSG00000224251.6	AL391427.1	ENSG00000224251.6	lncRNA	chr10	4995488	4997380	+	1893	2	4	3	antisense	antisense_overlapping	clone-based (unnamed)	FALSE	FALSE	FALSE	FALSE	FALSE	TRUE	FALSE				AKR1C2			AKR1C2	0	FALSE	turquoise	0.3603	0.5695	0.5695	0.018733	0.3836	0.429	0.364
ENSG00000272842.1	AL391834.1	ENSG00000272842.1	lncRNA	chr9	19371386	19371945	-	560	1	1	1	antisense	exonic_antisense	clone-based (unnamed)	FALSE	TRUE	TRUE	FALSE	FALSE	TRUE	FALSE		DENND4C	DENND4C	DENND4C			DENND4C	0	FALSE	grey	-0.1837	0.6682	0.6682	0.023024	0.9361	0.4053	0.9139
ENSG00000273226.1	AL391834.2	ENSG00000273226.1	lncRNA	chr9	19375451	19375996	+	546	1	1	1	antisense	exonic_antisense	clone-based (unnamed)	FALSE	TRUE	FALSE	FALSE	FALSE	TRUE	FALSE		RPS6		RPS6			RPS6	0	FALSE	purple	0.4506	0.177	0.177	0.0085609	1.4866	0.3572	0.998
ENSG00000235434.1	AL391883.1	ENSG00000235434.1	lncRNA	chr1	19814367	19819502	+	5136	1	2	2	antisense	exonic_antisense	clone-based (unnamed)	FALSE	TRUE	FALSE	FALSE	FALSE	TRUE	FALSE		RNF186		RNF186			RNF186	0	FALSE	grey	0.1393	-0.0403	0.0403	0.0013788	0.4585	0.3841	0.4951
ENSG00000277879.1	AL391988.1	ENSG00000277879.1	lncRNA	chr10	117267116	117268668	-	1553	1	1	1	antisense	exonic_antisense	clone-based (unnamed)	FALSE	TRUE	FALSE	FALSE	FALSE	TRUE	FALSE		SLC18A2		SLC18A2			SLC18A2	0	FALSE	magenta	0.3986	0.1911	0.1911	0.0026503	0.866	0.2954	0.9922
ENSG00000223478.1	AL441992.1	ENSG00000223478.1	lncRNA	chr9	128724445	128733194	+	8750	1	2	2	antisense	antisense_overlapping	clone-based (unnamed)	FALSE	FALSE	FALSE	FALSE	FALSE	TRUE	FALSE				ZER1	ZDHHC12	318	ZER1	0	FALSE	yellow	0.3689	0.1927	0.1927	0.010218	1.7867	0.4243	1
ENSG00000203325.3	AL445248.1	ENSG00000203325.3	lncRNA	chr1	32052291	32073474	-	21184	1	3	3	antisense	antisense_overlapping	clone-based (unnamed)	FALSE	FALSE	FALSE	FALSE	FALSE	TRUE	FALSE				KHDRBS1;TMEM39B			TMEM39B	0	FALSE	red	0.3376	0.6842	0.6842	0.0086994	0.2454	0.1727	0.2016
ENSG00000237938.5	AL450998.2	ENSG00000237938.5	lncRNA	chr1	15720312	15736896	-	16585	3	7	4	antisense	exonic_antisense	clone-based (unnamed)	FALSE	TRUE	FALSE	FALSE	FALSE	TRUE	FALSE		PLEKHM2;SLC25A34		PLEKHM2;SLC25A34	SLC25A34	887	SLC25A34	0	FALSE	black	0.5622	0.8792	0.8792	0.016405	0.3269	0.2398	0.3855
ENSG00000227959.1	AL451042.2	ENSG00000227959.1	lncRNA	chr1	16155211	16157329	+	2119	1	2	2	antisense	antisense_overlapping	clone-based (unnamed)	FALSE	FALSE	FALSE	FALSE	FALSE	TRUE	FALSE				EPHA2			EPHA2	0	FALSE	grey	0.0382	0.2357	0.2357	0.0047984	0.3903	0.2195	0.4442
ENSG00000285103.2	AL451123.1	ENSG00000285103.2	lncRNA	chr9	27529085	27543902	+	14818	2	2	2	antisense	exonic_antisense	clone-based (unnamed)	FALSE	TRUE	FALSE	FALSE	FALSE	TRUE	FALSE		MOB3B;C9orf72		MOB3B;C9orf72	MOB3B	105	C9orf72	0	FALSE	grey	-0.0939	0.5345	0.5345	0.0074616	0.2916	0.1666	0.2446
ENSG00000272288.6	AL451165.2	ENSG00000272288.6	lncRNA	chr6	34696317	34697470	+	1154	3	3	2	antisense	exonic_antisense	clone-based (unnamed)	FALSE	TRUE	FALSE	FALSE	FALSE	TRUE	FALSE		ILRUN		ILRUN	ILRUN	75	ILRUN	0	FALSE	brown	0.5981	-0.0394	0.0394	0.0047323	1.3727	0.3719	0.9961
ENSG00000228192.8	AL512353.1	ENSG00000228192.8	lncRNA	chr1	42832522	42846422	-	13901	5	8	5	antisense	exonic_antisense	clone-based (unnamed)	FALSE	TRUE	FALSE	FALSE	FALSE	TRUE	FALSE		ERMAP		ERMAP	ZNF691	151	ERMAP	0	FALSE	blue	0.3542	0.3226	0.3226	0.0057147	0.5238	0.2139	0.7339
ENSG00000260063.1	AL512408.1	ENSG00000260063.1	lncRNA	chr1	26692132	26694131	-	2000	1	1	1	antisense	exonic_antisense	clone-based (unnamed)	FALSE	TRUE	FALSE	FALSE	FALSE	TRUE	FALSE		ARID1A		ARID1A			ARID1A	0	FALSE	brown	0.4066	0.219	0.219	0.0029092	0.339	0.1421	0.3268
ENSG00000228302.2	AL512770.1	ENSG00000228302.2	lncRNA	chr10	12244751	12247845	-	3095	2	3	2	antisense	exonic_antisense	clone-based (unnamed)	FALSE	TRUE	TRUE	FALSE	FALSE	TRUE	FALSE		CDC123	CDC123	CDC123			CDC123	0	FALSE	black	0.7059	0.8756	0.8756	0.018942	0.3873	0.2715	0.4403
ENSG00000258424.1	AL512791.1	ENSG00000258424.1	lncRNA	chr14	90402523	90405235	-	2713	1	2	2	antisense	exonic_antisense	clone-based (unnamed)	FALSE	TRUE	FALSE	FALSE	FALSE	TRUE	FALSE		CALM1		CALM1			CALM1	0	FALSE	black	0.6307	0.8095	0.8095	0.048935	1.3645	0.7435	0.9276
ENSG00000223946.1	AL513008.1	ENSG00000223946.1	lncRNA	chr6	42030053	42031382	+	1330	1	2	2	antisense	exonic_antisense	clone-based (unnamed)	FALSE	TRUE	TRUE	FALSE	FALSE	TRUE	FALSE		CCND3	CCND3	CCND3			CCND3	0	FALSE	grey	0.0032	0.5185	0.5185	0.013461	0.2738	0.316	0.274
ENSG00000278831.1	AL513190.1	ENSG00000278831.1	lncRNA	chr10	124623353	124624079	+	727	1	1	1	antisense	exonic_antisense	clone-based (unnamed)	FALSE	TRUE	TRUE	FALSE	FALSE	TRUE	FALSE		FAM53B	AC068896.1	AC068896.1;FAM53B			FAM53B	0	FALSE	green	0.4875	0.6951	0.6951	0.011593	0.2779	0.2039	0.2838
ENSG00000272100.1	AL513218.1	ENSG00000272100.1	lncRNA	chr1	52353487	52353877	+	391	1	1	1	antisense	exonic_antisense	clone-based (unnamed)	FALSE	TRUE	FALSE	FALSE	FALSE	TRUE	FALSE		CC2D1B		CC2D1B			CC2D1B	0	FALSE	turquoise	0.498	0.7382	0.7382	0.018702	0.3339	0.3045	0.3562
ENSG00000225313.5	AL513327.1	ENSG00000225313.5	lncRNA	chr1	33307348	33349245	+	41898	11	9	4	antisense	exonic_antisense	clone-based (unnamed)	FALSE	TRUE	FALSE	FALSE	FALSE	TRUE	FALSE		A3GALT2;PHC2		A3GALT2;PHC2			PHC2	0	FALSE	black	0.5711	0.8256	0.8256	0.02671	0.7757	0.4205	0.7926
ENSG00000228506.2	AL513550.1	ENSG00000228506.2	lncRNA	chr6	99424922	99432323	+	7402	1	2	2	antisense	exonic_antisense	clone-based (unnamed)	FALSE	TRUE	FALSE	FALSE	FALSE	TRUE	FALSE		PNISR		PNISR			PNISR	0	FALSE	grey	-0.0514	0.4071	0.4071	0.015359	1.0835	0.4222	0.9804
ENSG00000224848.2	AL589843.1	ENSG00000224848.2	lncRNA	chr9	96687050	96774318	+	87269	8	3	4	antisense	antisense_overlapping	clone-based (unnamed)	FALSE	FALSE	FALSE	FALSE	FALSE	TRUE	FALSE				ZNF510			ZNF510	0	FALSE	red	0.461	0.2861	0.2861	0.006284	0.3244	0.2114	0.3366
ENSG00000231073.1	AL590133.1	ENSG00000231073.1	lncRNA	chr1	150973123	150975534	+	2412	1	3	3	antisense	antisense_overlapping	clone-based (unnamed)	FALSE	FALSE	FALSE	FALSE	FALSE	TRUE	FALSE				CERS2			CERS2	0	FALSE	grey	-0.0488	0.5832	0.5832	0.011633	0.3187	0.2467	0.3229
ENSG00000228401.5	AL590226.1	ENSG00000228401.5	lncRNA	chr9	136647872	136660421	-	12550	3	2	2	antisense	antisense_overlapping	clone-based (unnamed)	FALSE	FALSE	FALSE	FALSE	FALSE	TRUE	FALSE				EGFL7			EGFL7	0	FALSE	red	0.7655	0.0374	0.0374	0.004968	0.4982	0.2898	0.6184
ENSG00000231652.2	AL590428.1	ENSG00000231652.2	lncRNA	chr6	73693903	73696131	-	2229	1	2	2	antisense	exonic_antisense	clone-based (unnamed)	FALSE	TRUE	FALSE	FALSE	FALSE	TRUE	FALSE		CD109		CD109	CD109	72	CD109	0	FALSE	cyan	0.5318	0.0885	0.0885	0.002892	0.4251	0.2637	0.4932
ENSG00000272668.2	AL590560.3	ENSG00000272668.2	lncRNA	chr1	159854870	159867685	+	12816	1	4	4	antisense	exonic_antisense	clone-based (unnamed)	FALSE	TRUE	FALSE	FALSE	FALSE	TRUE	FALSE		AL590560.2;VSIG8		AL590560.2;VSIG8			VSIG8	0	FALSE	turquoise	0.4044	0.7182	0.7182	0.032313	0.7471	0.5612	0.6967
ENSG00000225177.6	AL590617.2	ENSG00000225177.6	lncRNA	chr6	138692548	138697288	+	4741	5	3	3	antisense	exonic_antisense	clone-based (unnamed)	FALSE	TRUE	FALSE	FALSE	FALSE	TRUE	FALSE		NHSL1		NHSL1			NHSL1	0	FALSE	black	0.4777	0.6673	0.6673	0.021037	0.721	0.3906	0.8004
ENSG00000229953.1	AL590666.2	ENSG00000229953.1	lncRNA	chr1	156646507	156661424	-	14918	1	2	2	antisense	exonic_antisense	clone-based (unnamed)	FALSE	TRUE	FALSE	FALSE	FALSE	TRUE	FALSE		BCAN		BCAN			BCAN	0	FALSE	grey	0.456	-0.0148	0.0148	0.0053411	1.6908	0.6725	0.9472
ENSG00000224985.1	AL590714.1	ENSG00000224985.1	lncRNA	chr1	161153760	161159349	-	5590	1	2	2	antisense	exonic_antisense	clone-based (unnamed)	FALSE	TRUE	FALSE	FALSE	FALSE	TRUE	FALSE		UFC1		UFC1	USP21	101	UFC1	0	FALSE	grey	0.1971	-0.025	0.025	-0.00096427	0.3419	0.2002	0.3757
ENSG00000234396.3	AL590822.1	ENSG00000234396.3	lncRNA	chr1	2212523	2220738	+	8216	1	2	2	antisense	exonic_antisense	clone-based (unnamed)	FALSE	TRUE	FALSE	FALSE	FALSE	TRUE	FALSE		FAAP20		FAAP20			FAAP20	0	FALSE	blue	0.5647	0.6813	0.6813	0.04242	0.5953	0.671	0.4834
ENSG00000287356.1	AL590822.3	ENSG00000287356.1	lncRNA	chr1	2315040	2323085	+	8046	2	4	4	antisense	exonic_antisense	clone-based (unnamed)	FALSE	TRUE	FALSE	FALSE	FALSE	TRUE	FALSE		MORN1		MORN1			MORN1	0	FALSE	brown	0.524	0.6039	0.6039	0.017527	0.4635	0.2995	0.5245
ENSG00000287683.1	AL591519.1	ENSG00000287683.1	lncRNA	chr6	93416951	93677954	+	261004	1	5	5	antisense	antisense_overlapping	clone-based (unnamed)	FALSE	FALSE	FALSE	FALSE	FALSE	TRUE	FALSE				EPHA7			EPHA7	0	FALSE	lightcyan	0.5675	0.2412	0.2412	0.0089739	0.5147	0.4015	0.5577
ENSG00000272750.1	AL592148.3	ENSG00000272750.1	lncRNA	chr1	222658867	222661512	-	2646	1	1	1	antisense	exonic_antisense	clone-based (unnamed)	FALSE	TRUE	FALSE	FALSE	FALSE	TRUE	FALSE		MIA3		MIA3	MIA3	571	MIA3	0	FALSE	purple	0.5294	0.2891	0.2891	0.0065163	0.6797	0.2391	0.9276
ENSG00000272764.1	AL596094.1	ENSG00000272764.1	lncRNA	chr10	5813985	5814441	+	457	1	2	2	antisense	exonic_antisense	clone-based (unnamed)	FALSE	TRUE	TRUE	FALSE	FALSE	TRUE	FALSE		GDI2	GDI2	GDI2	GDI2	551	GDI2	0	FALSE	brown	0.3226	0.0813	0.0813	0.0030721	0.4231	0.2325	0.5519
ENSG00000225075.1	AL603832.1	ENSG00000225075.1	lncRNA	chr1	112693688	112696621	-	2934	1	3	3	antisense	exonic_antisense	clone-based (unnamed)	FALSE	TRUE	FALSE	FALSE	FALSE	TRUE	FALSE		MOV10		MOV10	MOV10	118	MOV10	0	FALSE	turquoise	0.3809	0.8	0.8	0.023728	0.4185	0.37	0.4423
ENSG00000238186.1	AL603839.2	ENSG00000238186.1	lncRNA	chr1	40515754	40517174	-	1421	1	2	2	antisense	exonic_antisense	clone-based (unnamed)	FALSE	TRUE	FALSE	FALSE	FALSE	TRUE	FALSE		EXO5		EXO5			EXO5	0	FALSE	grey	-0.1592	0.2321	0.2321	0.0055659	0.6731	0.2483	0.8845
ENSG00000238287.1	AL603839.3	ENSG00000238287.1	lncRNA	chr1	40493157	40508661	-	15505	1	2	2	antisense	antisense_overlapping	clone-based (unnamed)	FALSE	FALSE	FALSE	FALSE	FALSE	TRUE	FALSE				ZFP69	EXO5	80	ZFP69	0	FALSE	brown	0.3494	0.4033	0.4033	0.015267	0.7853	0.3484	0.8767
ENSG00000226330.1	AL606489.1	ENSG00000226330.1	lncRNA	chr1	204377850	204435846	+	57997	1	3	3	antisense	antisense_overlapping	clone-based (unnamed)	FALSE	FALSE	FALSE	FALSE	FALSE	TRUE	FALSE				PPP1R15B;PIK3C2B	PLEKHA6	185	PIK3C2B	0	FALSE	blue	0.3716	0.1713	0.1713	0.0080471	1.0772	0.514	0.9119
ENSG00000215014.5	AL645728.1	ENSG00000215014.5	lncRNA	chr1	1574102	1577075	+	2974	2	2	2	antisense	antisense_overlapping	clone-based (unnamed)	FALSE	FALSE	FALSE	FALSE	FALSE	TRUE	FALSE				SSU72	SSU72	112	SSU72	0	FALSE	grey	0.1696	0.2031	0.2031	0.0021872	0.3328	0.1151	0.2857
ENSG00000287315.1	AL670729.3	ENSG00000287315.1	lncRNA	chr1	228357012	228368554	-	11543	1	9	9	antisense	exonic_antisense	clone-based (unnamed)	FALSE	TRUE	FALSE	FALSE	FALSE	TRUE	FALSE		OBSCN		OBSCN			OBSCN	0	FALSE	turquoise	0.4456	0.6911	0.6911	0.042565	0.9584	0.7097	0.7339
ENSG00000272106.1	AL691432.2	ENSG00000272106.1	lncRNA	chr1	1613758	1615795	-	2038	1	1	1	antisense	exonic_antisense	clone-based (unnamed)	FALSE	TRUE	FALSE	FALSE	FALSE	TRUE	FALSE		MIB2		MIB2	MIB2	84	MIB2	0	FALSE	pink	0.6614	0.3501	0.3501	0.01853	1.9074	0.4382	1
ENSG00000273891.1	AL731566.2	ENSG00000273891.1	lncRNA	chr10	121965764	121967700	+	1937	1	1	1	antisense	exonic_antisense	clone-based (unnamed)	FALSE	TRUE	FALSE	FALSE	FALSE	TRUE	FALSE		NSMCE4A		NSMCE4A	NSMCE4A	460	NSMCE4A	0	FALSE	green	0.4821	0.7594	0.7594	0.010695	0.3052	0.1752	0.3229
ENSG00000276742.1	AL731566.3	ENSG00000276742.1	lncRNA	chr10	121956782	121957098	+	317	1	1	1	antisense	exonic_antisense	clone-based (unnamed)	FALSE	TRUE	FALSE	FALSE	FALSE	TRUE	FALSE		NSMCE4A		NSMCE4A			NSMCE4A	0	FALSE	grey	0.0351	0.3484	0.3484	0.010003	0.3786	0.3252	0.4031
ENSG00000231964.1	AL731567.1	ENSG00000231964.1	lncRNA	chr10	45444570	45453121	-	8552	1	3	3	antisense	antisense_overlapping	clone-based (unnamed)	FALSE	FALSE	FALSE	FALSE	FALSE	TRUE	FALSE				ALOX5			ALOX5	0	FALSE	yellow	0.5641	0.6013	0.6013	0.027564	0.74	0.5822	0.6732
ENSG00000273599.1	AL731571.1	ENSG00000273599.1	lncRNA	chr10	124996064	125001491	+	5428	1	1	1	antisense	exonic_antisense	clone-based (unnamed)	FALSE	TRUE	FALSE	FALSE	FALSE	TRUE	FALSE		CTBP2		CTBP2			CTBP2	0	FALSE	green	0.5127	0.7793	0.7793	0.02312	0.6196	0.3655	0.7065
ENSG00000286724.1	AL732509.1	ENSG00000286724.1	lncRNA	chrX	18984291	19060329	+	76039	4	5	3	antisense	antisense_overlapping	clone-based (unnamed)	FALSE	FALSE	FALSE	FALSE	FALSE	TRUE	FALSE				ADGRG2	PHKA2	177	ADGRG2	0	FALSE	blue	0.605	0.5314	0.5314	0.011248	0.6647	0.232	0.8826
ENSG00000257270.1	AL928654.2	ENSG00000257270.1	lncRNA	chr14	105467793	105470617	-	2825	1	2	2	antisense	exonic_antisense	clone-based (unnamed)	FALSE	TRUE	FALSE	FALSE	FALSE	TRUE	FALSE		MTA1		MTA1			MTA1	0	FALSE	black	0.7679	0.8527	0.8527	0.057637	1.4441	0.8024	0.9295
ENSG00000246022.3	ALDH1L1-AS2	ENSG00000246022.3	lncRNA	chr3	126180012	126210169	+	30158	4	5	4	antisense	exonic_antisense	antisense	FALSE	TRUE	FALSE	FALSE	FALSE	TRUE	FALSE		ALDH1L1		ALDH1L1	ALDH1L1	93	ALDH1L1	0	FALSE	blue	0.5251	0.0534	0.0534	0.0064115	0.6691	0.5246	0.6282
ENSG00000215067.10	ALOX12-AS1	ENSG00000215067.10	lncRNA	chr17	6875232	7012530	-	137299	15	9	5	antisense	exonic_antisense	antisense	FALSE	TRUE	FALSE	FALSE	FALSE	TRUE	FALSE		ALOX12;RNASEK		ALOX12;RNASEK	RNASEK	68	RNASEK	0	FALSE	turquoise	0.5996	0.8142	0.8142	0.017533	0.5953	0.2432	0.7945
ENSG00000231621.1	ANKRD44-AS1	ENSG00000231621.1	lncRNA	chr2	197197991	197199273	+	1283	1	2	2	antisense	exonic_antisense	antisense	FALSE	TRUE	TRUE	FALSE	FALSE	TRUE	FALSE		ANKRD44	ANKRD44	ANKRD44			ANKRD44	0	FALSE	yellow	0.5735	0.0569	0.0569	0.0030855	0.2799	0.2851	0.2524
ENSG00000255139.2	AP000442.1	ENSG00000255139.2	lncRNA	chr11	59565923	59639861	+	73939	4	6	5	antisense	exonic_antisense	clone-based (unnamed)	FALSE	TRUE	FALSE	FALSE	FALSE	TRUE	FALSE		OSBP;PATL1		OSBP;PATL1	OSBP	558	PATL1	0	FALSE	magenta	0.4919	0.7386	0.7386	0.010418	0.3985	0.1824	0.4755
ENSG00000230479.1	AP000695.1	ENSG00000230479.1	lncRNA	chr21	36430360	36481070	+	50711	1	2	2	antisense	antisense_overlapping	clone-based (unnamed)	FALSE	FALSE	FALSE	FALSE	FALSE	TRUE	FALSE				CLDN14			CLDN14	0	FALSE	greenyellow	0.5436	-0.0564	0.0564	-0.0061438	1.2103	0.6929	0.9139
ENSG00000233818.1	AP000695.2	ENSG00000233818.1	lncRNA	chr21	36445731	36532408	+	86678	2	3	2	antisense	exonic_antisense	clone-based (unnamed)	FALSE	TRUE	FALSE	FALSE	FALSE	TRUE	FALSE		CLDN14		CLDN14			CLDN14	0	FALSE	greenyellow	0.6675	-0.0137	0.0137	-0.0030709	0.8171	0.5286	0.7671
ENSG00000254528.7	AP000757.1	ENSG00000254528.7	lncRNA	chr11	117833719	117838942	+	5224	3	5	3	antisense	exonic_antisense	clone-based (unnamed)	FALSE	TRUE	TRUE	FALSE	FALSE	TRUE	FALSE		FXYD6	FXYD6-FXYD2	FXYD6-FXYD2;FXYD6			FXYD6	0	FALSE	magenta	0.8528	0.3836	0.3836	0.0039289	0.5586	0.5857	0.5636
ENSG00000254844.4	AP000757.2	ENSG00000254844.4	lncRNA	chr11	117818443	117821992	+	3550	1	3	3	antisense	exonic_antisense	clone-based (unnamed)	FALSE	TRUE	FALSE	FALSE	FALSE	TRUE	FALSE		FXYD2;FXYD6-FXYD2		FXYD2;FXYD6-FXYD2	DSCAML1	918	FXYD6-FXYD2	0	FALSE	magenta	0.4544	0.51	0.51	0.030064	0.8609	0.6536	0.7162
ENSG00000256448.5	AP000763.3	ENSG00000256448.5	lncRNA	chr11	73405297	73410682	+	5386	2	3	3	antisense	exonic_antisense	clone-based (unnamed)	FALSE	TRUE	FALSE	FALSE	FALSE	TRUE	FALSE		FAM168A		FAM168A			FAM168A	0	FALSE	yellow	0.4118	0.7081	0.7081	0.012198	0.2359	0.2221	0.2153
ENSG00000245552.7	AP000787.1	ENSG00000245552.7	lncRNA	chr11	95150539	95234391	+	83853	13	10	6	antisense	exonic_antisense	clone-based (unnamed)	FALSE	TRUE	FALSE	FALSE	FALSE	TRUE	FALSE		SESN3		SESN3	SESN3	30	SESN3	0	FALSE	magenta	0.5882	0.4632	0.4632	0.0033465	0.3064	0.133	0.227
ENSG00000204971.3	AP000812.1	ENSG00000204971.3	lncRNA	chr11	72163322	72209241	-	45920	1	3	3	antisense	antisense_overlapping	clone-based (unnamed)	FALSE	FALSE	FALSE	FALSE	FALSE	TRUE	FALSE				FOLR1			FOLR1	0	FALSE	yellow	0.3407	0.0773	0.0773	0.0013515	0.3438	0.2426	0.3953
ENSG00000285813.1	AP000813.1	ENSG00000285813.1	lncRNA	chr11	105995185	105999213	+	4029	1	2	2	antisense	exonic_antisense	clone-based (unnamed)	FALSE	TRUE	FALSE	FALSE	FALSE	TRUE	FALSE		MSANTD4		MSANTD4			MSANTD4	0	FALSE	grey	-0.0817	0.5312	0.5312	0.0053802	0.364	0.1344	0.411
ENSG00000245498.7	AP000866.1	ENSG00000245498.7	lncRNA	chr11	124800424	124834487	+	34064	16	3	5	antisense	exonic_antisense	clone-based (unnamed)	FALSE	TRUE	FALSE	FALSE	FALSE	TRUE	FALSE		MSANTD2		MSANTD2	MSANTD2	18	MSANTD2	0	FALSE	tan	0.5907	0.4616	0.4616	0.0067074	0.4554	0.1972	0.6204
ENSG00000250073.3	AP000866.2	ENSG00000250073.3	lncRNA	chr11	124759129	124766119	+	6991	3	3	2	antisense	antisense_overlapping	clone-based (unnamed)	FALSE	FALSE	FALSE	FALSE	FALSE	TRUE	FALSE				ESAM	ESAM	108	ESAM	0	FALSE	grey	-0.1465	0.2723	0.2723	0.01481	0.9962	0.5107	0.8982
ENSG00000255045.1	AP000866.5	ENSG00000255045.1	lncRNA	chr11	124744634	124746337	-	1704	1	3	3	antisense	exonic_antisense	clone-based (unnamed)	FALSE	TRUE	FALSE	FALSE	FALSE	TRUE	FALSE		NRGN		NRGN			NRGN	0	FALSE	grey	-0.0165	0.4004	0.4004	0.011159	0.3218	0.2839	0.3209
ENSG00000286948.1	AP000867.5	ENSG00000286948.1	lncRNA	chr11	71563389	71565608	-	2220	1	2	2	antisense	exonic_antisense	clone-based (unnamed)	FALSE	TRUE	FALSE	FALSE	FALSE	TRUE	FALSE		KRTAP5-10		KRTAP5-10			KRTAP5-10	0	FALSE	turquoise	0.3418	0.5978	0.5978	0.013926	0.3002	0.279	0.3249
ENSG00000247137.9	AP000873.2	ENSG00000247137.9	lncRNA	chr11	83184491	83193794	-	9304	10	3	4	antisense	exonic_antisense	clone-based (unnamed)	FALSE	TRUE	FALSE	FALSE	FALSE	TRUE	FALSE		PCF11;ANKRD42		PCF11;ANKRD42	ANKRD42	49	ANKRD42	0	FALSE	turquoise	0.4389	0.8304	0.8304	0.022208	0.611	0.3203	0.7143
ENSG00000265907.2	AP000919.1	ENSG00000265907.2	lncRNA	chr18	2948238	2960756	+	12519	3	3	4	antisense	exonic_antisense	clone-based (unnamed)	FALSE	TRUE	FALSE	FALSE	FALSE	TRUE	FALSE		LPIN2		LPIN2			LPIN2	0	FALSE	grey	0.2189	0.0854	0.0854	-0.0006824	0.3223	0.356	0.2759
ENSG00000254433.1	AP001001.1	ENSG00000254433.1	lncRNA	chr11	106085990	106101975	-	15986	2	6	5	antisense	exonic_antisense	clone-based (unnamed)	FALSE	TRUE	FALSE	FALSE	FALSE	TRUE	FALSE		AASDHPPT		AASDHPPT			AASDHPPT	0	FALSE	green	0.4959	0.7575	0.7575	0.011369	0.3072	0.2033	0.3249
ENSG00000265487.1	AP001021.2	ENSG00000265487.1	lncRNA	chr18	5956101	5960785	+	4685	1	2	2	antisense	exonic_antisense	clone-based (unnamed)	FALSE	TRUE	FALSE	FALSE	FALSE	TRUE	FALSE		L3MBTL4		L3MBTL4			L3MBTL4	0	FALSE	green	0.3469	0.5523	0.5523	0.010708	0.2925	0.2585	0.3268
ENSG00000184441.4	AP001062.1	ENSG00000184441.4	lncRNA	chr21	44331234	44335851	+	4618	1	2	2	antisense	exonic_antisense	clone-based (unnamed)	FALSE	TRUE	FALSE	FALSE	FALSE	TRUE	FALSE		CFAP410		CFAP410			CFAP410	0	FALSE	grey	-0.1397	0.413	0.413	0.01028	0.5029	0.2547	0.6536
ENSG00000232969.1	AP001062.2	ENSG00000232969.1	lncRNA	chr21	44339376	44340470	+	1095	1	2	2	antisense	exonic_antisense	clone-based (unnamed)	FALSE	TRUE	FALSE	FALSE	FALSE	TRUE	FALSE		CFAP410		CFAP410	CFAP410	592	CFAP410	0	FALSE	grey	0.0226	0.2458	0.2458	0.007656	0.2368	0.287	0.2524
ENSG00000254461.1	AP001107.4	ENSG00000254461.1	lncRNA	chr11	66259567	66261834	-	2268	1	3	3	antisense	exonic_antisense	clone-based (unnamed)	FALSE	TRUE	TRUE	FALSE	FALSE	TRUE	FALSE		KLC2	KLC2	KLC2	KLC2	2	KLC2	0	FALSE	black	0.6802	0.8381	0.8381	0.033099	0.6537	0.4866	0.6067
ENSG00000254855.1	AP001107.8	ENSG00000254855.1	lncRNA	chr11	66264777	66265666	-	890	1	3	3	antisense	exonic_antisense	clone-based (unnamed)	FALSE	TRUE	TRUE	FALSE	FALSE	TRUE	FALSE		KLC2	KLC2	KLC2			KLC2	0	FALSE	salmon	0.6272	0.7326	0.7326	0.022167	0.3278	0.3655	0.3209
ENSG00000255468.7	AP001107.9	ENSG00000255468.7	lncRNA	chr11	66347950	66364804	+	16855	4	9	5	antisense	exonic_antisense	clone-based (unnamed)	FALSE	TRUE	FALSE	FALSE	FALSE	TRUE	FALSE		SLC29A2		SLC29A2	B4GAT1	321	SLC29A2	0	FALSE	magenta	0.3916	0.3699	0.3699	0.0037752	0.4813	0.2071	0.6849
ENSG00000269176.2	AP001160.3	ENSG00000269176.2	lncRNA	chr11	62786023	62786785	-	763	1	1	1	antisense	exonic_antisense	clone-based (unnamed)	FALSE	TRUE	TRUE	TRUE	TRUE	TRUE	FALSE		TAF6L	TMEM223	TAF6L;TMEM223	TMEM179B	617	TMEM223	0	TRUE	pink	0.5062	0.0219	0.0219	0.0028293	0.4545	0.2041	0.6125
ENSG00000265490.1	AP001178.2	ENSG00000265490.1	lncRNA	chr18	706523	707648	+	1126	1	2	2	antisense	exonic_antisense	clone-based (unnamed)	FALSE	TRUE	TRUE	FALSE	FALSE	TRUE	FALSE		ENOSF1	ENOSF1	ENOSF1			ENOSF1	0	FALSE	blue	0.3296	0.6278	0.6278	0.015678	0.343	0.327	0.3562
ENSG00000236304.1	AP001189.1	ENSG00000236304.1	lncRNA	chr11	76657056	76663866	+	6811	1	3	3	antisense	exonic_antisense	clone-based (unnamed)	FALSE	TRUE	FALSE	FALSE	FALSE	TRUE	FALSE		LRRC32		LRRC32			LRRC32	0	FALSE	red	0.7303	0.429	0.429	0.021918	1.1898	0.6479	0.8963
ENSG00000255435.7	AP001267.3	ENSG00000255435.7	lncRNA	chr11	118510273	118531094	-	20822	5	6	4	antisense	exonic_antisense	clone-based (unnamed)	FALSE	TRUE	FALSE	FALSE	FALSE	TRUE	FALSE		TTC36;KMT2A;TMEM25		KMT2A;TTC36;TMEM25	TMEM25	81	TMEM25	0	FALSE	blue	0.542	0.2042	0.2042	0.0029595	0.3137	0.1652	0.3151
ENSG00000255062.1	AP001318.2	ENSG00000255062.1	lncRNA	chr11	126294298	126304318	-	10021	2	3	2	antisense	exonic_antisense	clone-based (unnamed)	FALSE	TRUE	FALSE	FALSE	FALSE	TRUE	FALSE		DCPS;TIRAP		TIRAP;DCPS			DCPS	0	FALSE	grey	0.036	0.3021	0.3021	0.0091011	1.6289	0.3252	0.998
ENSG00000254631.5	AP001372.1	ENSG00000254631.5	lncRNA	chr11	74397549	74485742	+	88194	2	5	4	antisense	exonic_antisense	clone-based (unnamed)	FALSE	TRUE	FALSE	FALSE	FALSE	TRUE	FALSE		PGM2L1		PGM2L1;KCNE3			KCNE3	0	FALSE	grey	0.2707	0.2564	0.2564	0.0038579	0.275	0.163	0.2094
ENSG00000242553.1	AP001432.1	ENSG00000242553.1	lncRNA	chr21	37221419	37237744	+	16326	1	2	2	antisense	antisense_overlapping	clone-based (unnamed)	FALSE	FALSE	FALSE	FALSE	FALSE	TRUE	FALSE				VPS26C			VPS26C	0	FALSE	green	0.4725	0.6568	0.6568	0.011337	0.4455	0.2668	0.5499
ENSG00000254964.1	AP001458.1	ENSG00000254964.1	lncRNA	chr11	62606161	62606405	+	245	1	2	2	antisense	exonic_antisense	clone-based (unnamed)	FALSE	TRUE	FALSE	FALSE	FALSE	TRUE	FALSE		EML3		EML3	EML3	479	EML3	0	FALSE	black	0.4334	0.6354	0.6354	0.020611	0.3837	0.406	0.411
ENSG00000277459.1	AP001527.2	ENSG00000277459.1	lncRNA	chr11	102109827	102110457	-	631	1	1	1	antisense	exonic_antisense	clone-based (unnamed)	FALSE	TRUE	FALSE	FALSE	FALSE	TRUE	FALSE		YAP1		YAP1	YAP1	4	YAP1	0	FALSE	brown	0.5473	0.2342	0.2342	0.0056575	0.2928	0.2161	0.2798
ENSG00000266708.1	AP001793.1	ENSG00000266708.1	lncRNA	chr18	8635179	8636347	-	1169	1	2	2	antisense	exonic_antisense	clone-based (unnamed)	FALSE	TRUE	FALSE	FALSE	FALSE	TRUE	FALSE		RAB12		RAB12			RAB12	0	FALSE	green	0.5074	0.7665	0.7665	0.010103	0.2457	0.1835	0.2153
ENSG00000255326.1	AP001922.5	ENSG00000255326.1	lncRNA	chr11	75583196	75594665	+	11470	1	2	2	antisense	antisense_overlapping	clone-based (unnamed)	FALSE	FALSE	FALSE	FALSE	FALSE	TRUE	FALSE				MAP6			MAP6	0	FALSE	red	0.4281	-0.0211	0.0211	-0.0010196	0.7013	0.2737	0.863
ENSG00000254604.1	AP002336.2	ENSG00000254604.1	lncRNA	chr11	70282367	70363368	-	81002	1	2	2	antisense	antisense_overlapping	clone-based (unnamed)	FALSE	FALSE	FALSE	FALSE	FALSE	TRUE	FALSE				PPFIA1	PPFIA1	974	PPFIA1	0	FALSE	grey	-0.0392	0.4233	0.4233	0.0073501	0.3471	0.1973	0.3542
ENSG00000255421.1	AP002340.1	ENSG00000255421.1	lncRNA	chr11	76137315	76137731	-	417	1	2	2	antisense	exonic_antisense	clone-based (unnamed)	FALSE	TRUE	TRUE	FALSE	FALSE	TRUE	FALSE		UVRAG	UVRAG	UVRAG			UVRAG	0	FALSE	green	0.4163	0.6226	0.6226	0.01045	0.2852	0.2416	0.2818
ENSG00000285696.1	AP002433.2	ENSG00000285696.1	lncRNA	chr11	108142458	108150381	-	7924	1	2	2	antisense	exonic_antisense	clone-based (unnamed)	FALSE	TRUE	FALSE	FALSE	FALSE	TRUE	FALSE		ACAT1		ACAT1			ACAT1	0	FALSE	grey	-0.317	0.4815	0.4815	0.0087646	0.2953	0.2493	0.2387
ENSG00000266969.1	AP002449.1	ENSG00000266969.1	lncRNA	chr18	12984694	12991173	-	6480	1	3	3	antisense	exonic_antisense	clone-based (unnamed)	FALSE	TRUE	FALSE	FALSE	FALSE	TRUE	FALSE		SEH1L		SEH1L	CEP192	189	SEH1L	0	FALSE	grey	0.0487	0.446	0.446	0.0092464	0.4169	0.2895	0.4755
ENSG00000255517.6	AP002748.4	ENSG00000255517.6	lncRNA	chr11	66473490	66480233	-	6744	5	6	4	antisense	exonic_antisense	clone-based (unnamed)	FALSE	TRUE	FALSE	FALSE	FALSE	TRUE	FALSE		DPP3;PELI3		PELI3;DPP3	DPP3	198	DPP3	0	FALSE	brown	0.5161	0.0885	0.0885	0.0020286	0.4669	0.1628	0.7104
ENSG00000257038.1	AP002761.3	ENSG00000257038.1	lncRNA	chr11	73307235	73309361	-	2127	1	3	3	antisense	exonic_antisense	clone-based (unnamed)	FALSE	TRUE	FALSE	FALSE	FALSE	TRUE	FALSE		ARHGEF17		ARHGEF17			ARHGEF17	0	FALSE	pink	0.4749	0.2129	0.2129	0.010059	0.7062	0.3032	0.865
ENSG00000255449.1	AP002812.5	ENSG00000255449.1	lncRNA	chr11	77866412	77870091	-	3680	1	2	2	antisense	exonic_antisense	clone-based (unnamed)	FALSE	TRUE	TRUE	FALSE	FALSE	TRUE	FALSE		AAMDC	AAMDC	AAMDC			AAMDC	0	FALSE	grey	0.1273	0.722	0.722	0.011205	0.2254	0.1914	0.1918
ENSG00000272037.1	AP002907.1	ENSG00000272037.1	lncRNA	chr8	102256392	102257821	+	1430	1	1	1	antisense	exonic_antisense	clone-based (unnamed)	FALSE	TRUE	FALSE	FALSE	FALSE	TRUE	FALSE		UBR5		UBR5			UBR5	0	FALSE	green	0.4498	0.8411	0.8411	0.021003	0.4713	0.3395	0.5245
ENSG00000255422.3	AP002954.1	ENSG00000255422.3	lncRNA	chr11	118700427	118750263	+	49837	2	4	3	antisense	exonic_antisense	clone-based (unnamed)	FALSE	TRUE	FALSE	FALSE	FALSE	TRUE	FALSE		DDX6		DDX6			DDX6	0	FALSE	yellow	0.5471	0.0192	0.0192	-0.00010546	0.5822	0.4571	0.5949
ENSG00000288538.1	AP002985.1	ENSG00000288538.1	lncRNA	chr11	78223815	78225909	+	2095	1	2	2	antisense	exonic_antisense	clone-based (unnamed)	FALSE	TRUE	FALSE	FALSE	FALSE	TRUE	FALSE		GAB2		GAB2			GAB2	0	FALSE	turquoise	0.5203	0.8097	0.8097	0.018975	0.3682	0.2867	0.409
ENSG00000286555.1	AP003065.1	ENSG00000286555.1	lncRNA	chr11	72689650	72695821	+	6172	1	2	2	antisense	exonic_antisense	clone-based (unnamed)	FALSE	TRUE	FALSE	FALSE	FALSE	TRUE	FALSE		ARAP1		ARAP1	ARAP1	104	ARAP1	0	FALSE	green	0.6239	0.8168	0.8168	0.042281	1.1388	0.7059	0.8434
ENSG00000254614.2	AP003068.2	ENSG00000254614.2	lncRNA	chr11	65177606	65181834	-	4229	2	3	2	antisense	exonic_antisense	clone-based (unnamed)	FALSE	TRUE	FALSE	FALSE	FALSE	TRUE	FALSE		CAPN1		CAPN1	CAPN1	85	CAPN1	0	FALSE	tan	0.5793	0.0027	0.0027	0.0012553	1.0074	0.4416	0.9315
ENSG00000245970.2	AP003352.1	ENSG00000245970.2	lncRNA	chr8	98041726	98044121	+	2396	1	2	2	antisense	exonic_antisense	clone-based (unnamed)	FALSE	TRUE	TRUE	FALSE	FALSE	TRUE	FALSE		RPL30	RPL30	RPL30			RPL30	0	FALSE	turquoise	0.5169	0.7223	0.7223	0.016452	0.4679	0.2728	0.5695
ENSG00000255847.5	AP003717.1	ENSG00000255847.5	lncRNA	chr11	73963657	73970287	-	6631	2	7	7	antisense	exonic_antisense	clone-based (unnamed)	FALSE	TRUE	FALSE	FALSE	FALSE	TRUE	FALSE		DNAJB13		DNAJB13	DNAJB13	204	DNAJB13	0	FALSE	grey	0.4704	0.39	0.39	0.018855	0.5084	0.596	0.3992
ENSG00000255146.1	AP004247.2	ENSG00000255146.1	lncRNA	chr11	58044110	58060138	-	16029	1	4	4	antisense	antisense_overlapping	clone-based (unnamed)	FALSE	FALSE	FALSE	FALSE	FALSE	TRUE	FALSE				OR9Q1			OR9Q1	0	FALSE	lightcyan	0.548	0.0692	0.0692	0.0023219	0.2685	0.2432	0.2427
ENSG00000269915.1	AP006621.4	ENSG00000269915.1	lncRNA	chr11	708564	727047	-	18484	1	2	2	antisense	exonic_antisense	clone-based (unnamed)	FALSE	TRUE	FALSE	FALSE	FALSE	TRUE	FALSE		EPS8L2		EPS8L2			EPS8L2	0	FALSE	turquoise	0.4947	0.7344	0.7344	0.030991	0.5202	0.4798	0.4971
ENSG00000235910.2	APOA1-AS	ENSG00000235910.2	lncRNA	chr11	116836117	116856018	+	19902	2	3	3	antisense	exonic_antisense	antisense	FALSE	TRUE	FALSE	FALSE	FALSE	TRUE	FALSE		APOA1		APOA1;SIK3			SIK3	0	FALSE	green	0.4857	0.7164	0.7164	0.0098505	0.2738	0.1898	0.2446
ENSG00000248027.1	ARHGAP42-AS1	ENSG00000248027.1	lncRNA	chr11	100684162	100687955	-	3794	1	2	2	antisense	exonic_antisense	antisense	FALSE	TRUE	FALSE	FALSE	FALSE	TRUE	FALSE		ARHGAP42		ARHGAP42			ARHGAP42	0	FALSE	tan	0.5575	0.4761	0.4761	0.0081803	0.2557	0.1965	0.2094
ENSG00000258655.2	ARHGAP5-AS1	ENSG00000258655.2	lncRNA	chr14	32074946	32076793	-	1848	1	1	1	antisense	exonic_antisense	antisense	FALSE	TRUE	FALSE	FALSE	FALSE	TRUE	FALSE		ARHGAP5		ARHGAP5	ARHGAP5	174	ARHGAP5	0	FALSE	tan	0.5079	0.0714	0.0714	0.0051866	1.0106	0.3418	0.9843
ENSG00000244198.7	ARHGEF35-AS1	ENSG00000244198.7	lncRNA	chr7	144194858	144280547	+	85690	10	12	6	antisense	exonic_antisense	antisense	FALSE	TRUE	FALSE	FALSE	FALSE	TRUE	FALSE		ARHGEF35;OR2A42		ARHGEF35;OR2A42;OR2A7;CTAGE8	ARHGEF35	55	CTAGE8	0	FALSE	grey	-0.0182	0.3925	0.3925	0.0048199	0.3385	0.1849	0.3112
ENSG00000221883.4	ARIH2OS	ENSG00000221883.4	lncRNA	chr3	48917782	48918823	-	1042	1	1	1	antisense	exonic_antisense	other	FALSE	TRUE	FALSE	FALSE	FALSE	TRUE	FALSE		ARIH2		ARIH2	ARIH2	0	ARIH2	0	FALSE	pink	0.6557	0.2097	0.2097	0.0087316	0.9574	0.3217	0.9765
ENSG00000203993.6	ARRDC1-AS1	ENSG00000203993.6	lncRNA	chr9	137615332	137618906	-	3575	4	2	3	antisense	exonic_antisense	antisense	FALSE	TRUE	FALSE	FALSE	FALSE	TRUE	FALSE		ARRDC1		ARRDC1	EHMT1	86	ARRDC1	0	FALSE	brown	0.6313	0.616	0.616	0.02732	1.6559	0.4868	0.998
ENSG00000267080.6	ASB16-AS1	ENSG00000267080.6	lncRNA	chr17	44175968	44186723	-	10756	9	4	4	antisense	exonic_antisense	antisense	FALSE	TRUE	FALSE	FALSE	FALSE	TRUE	FALSE		ASB16		ASB16	TMUB2	247	ASB16	0	FALSE	turquoise	0.5892	0.6995	0.6995	0.019655	1.2679	0.348	0.9961
ENSG00000235919.4	ASH1L-AS1	ENSG00000235919.4	lncRNA	chr1	155562042	155563944	+	1903	2	2	2	antisense	exonic_antisense	antisense	FALSE	TRUE	FALSE	FALSE	FALSE	TRUE	FALSE		ASH1L		ASH1L			ASH1L	0	FALSE	brown	0.542	0.54	0.54	0.017146	0.9511	0.3521	0.9667
ENSG00000236017.8	ASMTL-AS1	ENSG00000236017.8	lncRNA	chrX	1401769	1414028	+	12260	5	4	4	antisense	exonic_antisense	antisense	FALSE	TRUE	FALSE	FALSE	FALSE	TRUE	FALSE		ASMTL		ASMTL			ASMTL	0	FALSE	black	0.7063	0.828	0.828	0.068702	1.3152	0.9621	0.7867
ENSG00000203865.11	ATP1A1-AS1	ENSG00000203865.11	lncRNA	chr1	116378437	116421301	-	42865	16	15	4	antisense	exonic_antisense	antisense	FALSE	TRUE	FALSE	FALSE	FALSE	TRUE	FALSE		ATP1A1		ATP1A1			ATP1A1	0	FALSE	grey	-0.1703	0.6853	0.6853	0.015093	0.6912	0.3065	0.8708
ENSG00000271614.1	ATP2B1-AS1	ENSG00000271614.1	lncRNA	chr12	89708959	89712590	+	3632	1	1	1	antisense	exonic_antisense	antisense	FALSE	TRUE	FALSE	FALSE	FALSE	TRUE	FALSE		ATP2B1		ATP2B1	ATP2B1	121	ATP2B1	0	FALSE	red	0.507	0.2785	0.2785	0.0032842	0.537	0.213	0.7965
ENSG00000204934.10	ATP6V0E2-AS1	ENSG00000204934.10	lncRNA	chr7	149867697	149880610	-	12914	3	5	4	antisense	exonic_antisense	antisense	FALSE	TRUE	FALSE	FALSE	FALSE	TRUE	FALSE		ATP6V0E2		ATP6V0E2	ATP6V0E2	131	ATP6V0E2	0	FALSE	magenta	0.7514	0.2153	0.2153	0.00073067	0.4777	0.372	0.5029
ENSG00000229931.1	ATXN1-AS1	ENSG00000229931.1	lncRNA	chr6	16761138	16762652	+	1515	2	3	3	antisense	antisense_overlapping	antisense	FALSE	FALSE	FALSE	FALSE	FALSE	TRUE	FALSE				ATXN1	ATXN1	421	ATXN1	0	FALSE	midnightblue	0.4939	0.3965	0.3965	0.014733	1.1607	0.4777	0.9667
ENSG00000258099.1	ATXN2-AS	ENSG00000258099.1	lncRNA	chr12	111599498	111600256	+	759	1	2	2	antisense	exonic_antisense	antisense	FALSE	TRUE	FALSE	FALSE	FALSE	TRUE	FALSE		ATXN2		ATXN2	ATXN2	148	ATXN2	0	FALSE	brown	0.4471	0.2477	0.2477	0.0054158	0.3725	0.228	0.4051
ENSG00000247081.8	BAALC-AS1	ENSG00000247081.8	lncRNA	chr8	103153394	103298772	-	145379	15	13	6	antisense	exonic_antisense	antisense	FALSE	TRUE	FALSE	FALSE	FALSE	TRUE	FALSE		FZD6		BAALC;FZD6	FZD6	51	FZD6	0	FALSE	grey	0.147	-0.0688	0.0688	-0.0020916	0.4323	0.2084	0.544
ENSG00000278768.2	BACE1-AS	ENSG00000278768.2	lncRNA	chr11	117288453	117293571	+	5119	3	2	4	antisense	exonic_antisense	antisense	FALSE	TRUE	FALSE	FALSE	FALSE	TRUE	FALSE		BACE1		BACE1	BACE1	801	BACE1	0	FALSE	turquoise	0.402	0.6257	0.6257	0.014095	0.9979	0.247	0.9961
ENSG00000254560.6	BBOX1-AS1	ENSG00000254560.6	lncRNA	chr11	27047186	27220113	-	172928	5	7	5	antisense	antisense_overlapping	antisense	FALSE	FALSE	FALSE	FALSE	FALSE	TRUE	FALSE				BBOX1			BBOX1	0	FALSE	grey	0.0103	0.0839	0.0839	0.0031315	0.5149	0.8453	0.2427
ENSG00000224093.5	BCAR3-AS1	ENSG00000224093.5	lncRNA	chr1	93592199	93605573	+	13375	5	7	3	antisense	exonic_antisense	antisense	FALSE	TRUE	FALSE	FALSE	FALSE	TRUE	FALSE		BCAR3		BCAR3			BCAR3	0	FALSE	blue	0.5569	0.1374	0.1374	0.011954	1.2673	0.6231	0.9276
ENSG00000245573.9	BDNF-AS	ENSG00000245573.9	lncRNA	chr11	27506830	27698231	+	191402	55	16	9	antisense	exonic_antisense	antisense	FALSE	TRUE	FALSE	FALSE	FALSE	TRUE	FALSE		BDNF		BDNF	LIN7C	61	BDNF	0	FALSE	tan	0.6514	0.4639	0.4639	0.0042474	0.3036	0.1046	0.227
ENSG00000236861.6	BET1-AS1	ENSG00000236861.6	lncRNA	chr7	93969442	94011113	+	41672	2	5	4	antisense	antisense_overlapping	antisense	FALSE	FALSE	FALSE	FALSE	FALSE	TRUE	FALSE				BET1			BET1	0	FALSE	grey	0.2526	0.5794	0.5794	0.013483	0.7775	0.3172	0.9237
ENSG00000235831.7	BHLHE40-AS1	ENSG00000235831.7	lncRNA	chr3	4896809	4980414	-	83606	6	6	4	antisense	exonic_antisense	antisense	FALSE	TRUE	FALSE	FALSE	FALSE	TRUE	FALSE		BHLHE40		BHLHE40	BHLHE40	2	BHLHE40	0	FALSE	yellow	0.6949	0.2527	0.2527	0.0073665	0.579	0.3539	0.6928
ENSG00000226445.2	BX322234.1	ENSG00000226445.2	lncRNA	chr6	169213254	169245773	+	32520	3	5	4	antisense	exonic_antisense	clone-based (unnamed)	FALSE	TRUE	FALSE	FALSE	FALSE	TRUE	FALSE		THBS2		THBS2			THBS2	0	FALSE	grey	0.3479	0.1845	0.1845	0.0016701	0.3721	0.2028	0.3992
ENSG00000238279.1	BX470102.1	ENSG00000238279.1	lncRNA	chr1	153533603	153535115	+	1513	1	2	2	antisense	exonic_antisense	clone-based (unnamed)	FALSE	TRUE	FALSE	FALSE	FALSE	TRUE	FALSE		S100A6		S100A6			S100A6	0	FALSE	grey	0.1694	0.4092	0.4092	0.016117	0.7003	0.5719	0.6712
ENSG00000273249.1	BX649632.1	ENSG00000273249.1	lncRNA	chr9	134132242	134135772	-	3531	2	3	2	antisense	exonic_antisense	clone-based (unnamed)	FALSE	TRUE	FALSE	FALSE	FALSE	TRUE	FALSE		WDR5		WDR5	WDR5	316	WDR5	0	FALSE	pink	0.6137	0.4456	0.4456	0.0099272	0.266	0.2038	0.2035
ENSG00000265096.2	C1QTNF1-AS1	ENSG00000265096.2	lncRNA	chr17	79018131	79027673	-	9543	2	3	3	antisense	antisense_overlapping	antisense	FALSE	FALSE	FALSE	FALSE	FALSE	TRUE	FALSE				C1QTNF1			C1QTNF1	0	FALSE	greenyellow	0.6116	0.1955	0.1955	0.0011279	0.3028	0.3684	0.2583
ENSG00000249252.5	C1QTNF7-AS1	ENSG00000249252.5	lncRNA	chr4	15004942	15427914	-	422973	2	8	6	antisense	exonic_antisense	antisense	FALSE	TRUE	FALSE	FALSE	FALSE	TRUE	FALSE		CPEB2		CPEB2;C1QTNF7	C1QTNF7	119	C1QTNF7	0	FALSE	blue	0.3451	0.5172	0.5172	0.012997	0.4393	0.3069	0.4677
ENSG00000205885.7	C1RL-AS1	ENSG00000205885.7	lncRNA	chr12	7108052	7122501	+	14450	5	14	12	antisense	exonic_antisense	antisense	FALSE	TRUE	FALSE	FALSE	FALSE	TRUE	FALSE		C1RL;RBP5		C1RL;RBP5	C1RL	5	RBP5	0	FALSE	blue	0.6014	0.6852	0.6852	0.045546	1.7452	0.7149	0.9746
ENSG00000234614.1	C2CD4D-AS1	ENSG00000234614.1	lncRNA	chr1	151841877	151850385	+	8509	1	3	3	antisense	antisense_overlapping	antisense	FALSE	FALSE	FALSE	FALSE	FALSE	TRUE	FALSE				THEM5			THEM5	0	FALSE	grey	-0.1809	0.1366	0.1366	0.0060402	2.3846	0.8541	0.9961
ENSG00000180539.8	C9orf139	ENSG00000180539.8	lncRNA	chr9	137027464	137037957	+	10494	4	3	4	antisense	exonic_antisense	other	FALSE	TRUE	FALSE	FALSE	FALSE	TRUE	FALSE		FUT7;AL807752.6		ABCA2;FUT7;AL807752.6			AL807752.6	0	FALSE	yellow	0.6945	0.7113	0.7113	0.012395	0.2504	0.1985	0.227
ENSG00000230185.5	C9orf147	ENSG00000230185.5	lncRNA	chr9	112399512	112487204	-	87693	5	8	3	antisense	exonic_antisense	other	FALSE	TRUE	FALSE	FALSE	FALSE	TRUE	FALSE		KIAA1958		HSDL2;KIAA1958	KIAA1958	176	KIAA1958	0	FALSE	grey	0.1739	0.3651	0.3651	0.0068642	0.4735	0.2793	0.5382
ENSG00000253549.6	CA3-AS1	ENSG00000253549.6	lncRNA	chr8	85440596	85464915	-	24320	8	6	5	antisense	exonic_antisense	antisense	FALSE	TRUE	FALSE	FALSE	FALSE	TRUE	FALSE		CA3		CA3;CA2	CA2	167	CA2	0	FALSE	magenta	0.4532	-0.0228	0.0228	-0.00085893	0.9207	0.4136	0.9589
ENSG00000268001.1	CARD8-AS1	ENSG00000268001.1	lncRNA	chr19	48255675	48258199	+	2525	1	2	2	antisense	exonic_antisense	antisense	FALSE	TRUE	FALSE	FALSE	FALSE	TRUE	FALSE		CARD8		CARD8			CARD8	0	FALSE	yellow	0.4726	0.1273	0.1273	0.0043308	1.8231	0.4113	1
ENSG00000272168.8	CASC15	ENSG00000272168.8	lncRNA	chr6	21664185	22654455	+	990271	105	69	12	antisense	antisense_overlapping	other	FALSE	FALSE	FALSE	FALSE	TRUE	TRUE	FALSE				PRL;HDGFL1			HDGFL1	0	TRUE	grey	-0.0148	0.3286	0.3286	0.0064556	0.4245	0.2445	0.499
ENSG00000177640.16	CASC2	ENSG00000177640.16	lncRNA	chr10	118046279	118210158	+	163880	10	10	5	antisense	exonic_antisense	other	FALSE	TRUE	FALSE	FALSE	FALSE	TRUE	FALSE		RAB11FIP2		RAB11FIP2	RAB11FIP2	30	RAB11FIP2	0	FALSE	grey	0.0048	0.0461	0.0461	-3.4625e-05	0.3623	0.1571	0.3953
ENSG00000237281.1	CATIP-AS2	ENSG00000237281.1	lncRNA	chr2	218326889	218357966	-	31078	1	4	4	antisense	exonic_antisense	antisense	FALSE	TRUE	FALSE	FALSE	FALSE	TRUE	FALSE		CATIP		PNKD;CATIP			CATIP	0	FALSE	grey	-0.1093	0.1308	0.1308	0.0014187	0.3545	0.3616	0.3483
ENSG00000223745.8	CCDC18-AS1	ENSG00000223745.8	lncRNA	chr1	93262186	93346025	-	83840	32	19	11	antisense	exonic_antisense	antisense	FALSE	TRUE	FALSE	FALSE	FALSE	TRUE	FALSE		CCDC18;DR1		CCDC18;DR1	DR1	48	DR1	0	FALSE	turquoise	0.6613	0.8716	0.8716	0.046795	1.3892	0.6343	0.9922
ENSG00000228544.1	CCDC183-AS1	ENSG00000228544.1	lncRNA	chr9	136803927	136808848	-	4922	1	5	5	antisense	exonic_antisense	antisense	FALSE	TRUE	FALSE	FALSE	FALSE	TRUE	FALSE		CCDC183		CCDC183;RABL6			RABL6	0	FALSE	grey	-0.3893	0.2796	0.2796	0.012983	1.0283	0.4835	0.9354
ENSG00000224043.8	CCNT2-AS1	ENSG00000224043.8	lncRNA	chr2	134735464	134918710	-	183247	5	8	4	antisense	exonic_antisense	antisense	FALSE	TRUE	FALSE	FALSE	FALSE	TRUE	FALSE		CCNT2;ACMSD		ACMSD;CCNT2	CCNT2	112	CCNT2	0	FALSE	midnightblue	0.4273	0.3394	0.3394	0.0043368	0.5176	0.1845	0.7769
ENSG00000223552.1	CCR5AS	ENSG00000223552.1	lncRNA	chr3	46364955	46407059	-	42105	1	4	4	antisense	antisense_overlapping	other	FALSE	FALSE	FALSE	FALSE	FALSE	TRUE	FALSE				CCR5	CCRL2	107	CCR5	0	FALSE	yellow	0.5886	-0.0128	0.0128	-0.0020269	1.0211	0.5247	0.9178
ENSG00000215039.7	CD27-AS1	ENSG00000215039.7	lncRNA	chr12	6439001	6451567	-	12567	16	5	7	antisense	exonic_antisense	antisense	FALSE	TRUE	FALSE	FALSE	FALSE	TRUE	FALSE		CD27		CD27	TAPBPL	123	CD27	0	FALSE	turquoise	0.5976	0.5985	0.5985	0.026291	2.4717	0.4794	1
ENSG00000260219.2	CD2BP2-DT	ENSG00000260219.2	lncRNA	chr16	30355441	30357104	+	1664	1	2	2	antisense	exonic_antisense	divergent	FALSE	TRUE	FALSE	FALSE	FALSE	TRUE	FALSE		TBC1D10B		TBC1D10B	CD2BP2	133	TBC1D10B	0	FALSE	pink	0.4768	-0.0383	0.0383	0.0064698	2.1666	0.5339	0.998
ENSG00000255443.1	CD44-AS1	ENSG00000255443.1	lncRNA	chr11	35210343	35214985	-	4643	1	2	2	antisense	exonic_antisense	antisense	FALSE	TRUE	TRUE	FALSE	FALSE	TRUE	FALSE		CD44	CD44	CD44			CD44	0	FALSE	grey	0.093	0.49	0.49	0.0051689	0.2422	0.3407	0.1918
ENSG00000238184.1	CD81-AS1	ENSG00000238184.1	lncRNA	chr11	2328749	2377992	-	49244	2	3	3	antisense	exonic_antisense	antisense	FALSE	TRUE	FALSE	FALSE	FALSE	TRUE	FALSE		CD81		CD81			CD81	0	FALSE	grey	0.1804	0.2249	0.2249	0.003326	0.2976	0.1467	0.2622
ENSG00000277449.1	CEBPB-AS1	ENSG00000277449.1	lncRNA	chr20	50184598	50191498	-	6901	1	6	6	antisense	exonic_antisense	antisense	FALSE	TRUE	FALSE	FALSE	FALSE	TRUE	FALSE		CEBPB		CEBPB			CEBPB	0	FALSE	salmon	0.4684	0.4285	0.4285	0.012452	0.8219	0.3092	0.955
ENSG00000259430.2	CERS3-AS1	ENSG00000259430.2	lncRNA	chr15	100372936	100437914	+	64979	3	7	4	antisense	antisense_overlapping	antisense	FALSE	FALSE	FALSE	FALSE	FALSE	TRUE	FALSE				CERS3			CERS3	0	FALSE	salmon	0.472	0.3969	0.3969	0.012718	0.3419	0.2835	0.3581
ENSG00000226312.7	CFLAR-AS1	ENSG00000226312.7	lncRNA	chr2	201140278	201157823	-	17546	23	12	8	antisense	exonic_antisense	antisense	FALSE	TRUE	FALSE	FALSE	FALSE	TRUE	FALSE		CFLAR		CFLAR			CFLAR	0	FALSE	green	0.3581	0.8241	0.8241	0.016314	0.3951	0.277	0.4442
ENSG00000223960.7	CHROMR	ENSG00000223960.7	lncRNA	chr2	178413635	178440243	+	26609	17	7	5	antisense	exonic_antisense	other	FALSE	TRUE	FALSE	FALSE	FALSE	TRUE	FALSE		PRKRA		PRKRA			PRKRA	0	FALSE	black	0.316	0.613	0.613	0.013508	0.8644	0.3278	0.9628
ENSG00000267493.4	CIRBP-AS1	ENSG00000267493.4	lncRNA	chr19	1267471	1270260	-	2790	1	2	2	antisense	exonic_antisense	antisense	FALSE	TRUE	TRUE	FALSE	FALSE	TRUE	FALSE		CIRBP	CIRBP	CIRBP	CIRBP	683	CIRBP	0	FALSE	brown	0.4353	0.4721	0.4721	0.01279	0.6953	0.2876	0.8904
ENSG00000247572.8	CKMT2-AS1	ENSG00000247572.8	lncRNA	chr5	81201341	81301565	-	100225	14	12	4	antisense	exonic_antisense	antisense	FALSE	TRUE	FALSE	FALSE	FALSE	TRUE	FALSE		RASGRF2		RASGRF2;CKMT2	ZCCHC9	22	CKMT2	0	FALSE	pink	0.4336	0.5409	0.5409	0.012567	0.7885	0.254	0.9648
ENSG00000231663.1	COA6-AS1	ENSG00000231663.1	lncRNA	chr1	234372807	234373593	-	787	1	2	2	antisense	exonic_antisense	antisense	FALSE	TRUE	FALSE	FALSE	FALSE	TRUE	FALSE		COA6		COA6	COA6	90	COA6	0	FALSE	brown	0.768	0.5722	0.5722	0.035227	1.3941	0.6015	0.9902
ENSG00000232814.2	COL4A2-AS1	ENSG00000232814.2	lncRNA	chr13	110502575	110508179	-	5605	1	3	3	antisense	exonic_antisense	antisense	FALSE	TRUE	FALSE	FALSE	FALSE	TRUE	FALSE		COL4A2		COL4A2			COL4A2	0	FALSE	red	0.6393	0.75	0.75	0.025124	0.5708	0.4309	0.5793
ENSG00000196167.10	COLCA1	ENSG00000196167.10	lncRNA	chr11	111290787	111305498	-	14712	6	6	2	antisense	exonic_antisense	other	FALSE	TRUE	FALSE	FALSE	FALSE	TRUE	FALSE		COLCA2		COLCA2	COLCA2	480	COLCA2	0	FALSE	tan	0.7232	0.3841	0.3841	0.015142	0.6914	0.5525	0.6712
ENSG00000236088.10	COX10-AS1	ENSG00000236088.10	lncRNA	chr17	13755574	14069495	-	313922	19	10	5	antisense	exonic_antisense	antisense	FALSE	TRUE	FALSE	FALSE	FALSE	TRUE	FALSE		COX10		COX10	COX10	1	COX10	0	FALSE	grey	-0.025	0.6312	0.6312	0.0072559	0.641	0.1922	0.9276
ENSG00000257718.1	CPNE8-AS1	ENSG00000257718.1	lncRNA	chr12	38906451	38909592	+	3142	1	2	2	antisense	antisense_overlapping	antisense	FALSE	FALSE	FALSE	FALSE	FALSE	TRUE	FALSE				CPNE8	CPNE8	182	CPNE8	0	FALSE	grey	0.4545	0.1226	0.1226	0.01298	1.5002	0.5089	0.9824
ENSG00000253978.2	CTB-178M22.2	ENSG00000253978.2	lncRNA	chr5	168229583	168269415	-	39833	2	4	3	antisense	antisense_overlapping	other	FALSE	FALSE	FALSE	FALSE	FALSE	TRUE	FALSE				TENM2			TENM2	0	FALSE	grey	0.3113	0.2463	0.2463	0.017742	1.0915	0.5715	0.9061
ENSG00000280927.1	CTBP1-AS	ENSG00000280927.1	lncRNA	chr4	1210120	1218591	+	8472	1	6	6	antisense	exonic_antisense	antisense	FALSE	TRUE	FALSE	FALSE	FALSE	TRUE	FALSE		CTBP1		CTBP1			CTBP1	0	FALSE	black	0.7596	0.8384	0.8384	0.019817	0.4447	0.2874	0.5147
ENSG00000196810.5	CTBP1-DT	ENSG00000196810.5	lncRNA	chr4	1249300	1288291	+	38992	7	4	3	antisense	exonic_antisense	divergent	FALSE	TRUE	FALSE	FALSE	FALSE	TRUE	FALSE		CTBP1		CTBP1	CTBP1	157	CTBP1	0	FALSE	cyan	0.5152	0.1624	0.1624	0.0049399	1.8295	0.2778	1
ENSG00000233937.7	CTC-338M12.4	ENSG00000233937.7	lncRNA	chr5	181246507	181272167	+	25661	5	6	4	antisense	exonic_antisense	other	FALSE	TRUE	FALSE	FALSE	FALSE	TRUE	FALSE		RACK1;TRIM52		RACK1;TRIM52	RACK1	125	TRIM52	0	FALSE	brown	0.4654	0.615	0.615	0.010755	0.399	0.1927	0.4697
ENSG00000225506.2	CYP4A22-AS1	ENSG00000225506.2	lncRNA	chr1	47096653	47179271	-	82619	1	4	4	antisense	antisense_overlapping	antisense	FALSE	FALSE	FALSE	FALSE	FALSE	TRUE	FALSE				CYP4Z1;CYP4A22			CYP4A22	0	FALSE	turquoise	0.3113	0.544	0.544	0.012073	0.3695	0.2934	0.3973
ENSG00000226950.8	DANCR	ENSG00000226950.8	lncRNA	chr4	52712325	52723623	+	11299	14	3	6	antisense	exonic_antisense	other	FALSE	TRUE	FALSE	FALSE	FALSE	TRUE	FALSE		ERVMER34-1		ERVMER34-1			ERVMER34-1	0	FALSE	brown	0.3805	-0.0459	0.0459	-0.00097703	0.9389	0.3599	0.9785
ENSG00000231890.8	DARS-AS1	ENSG00000231890.8	lncRNA	chr2	135985176	136022593	+	37418	31	19	6	antisense	exonic_antisense	antisense	FALSE	TRUE	FALSE	FALSE	FALSE	TRUE	FALSE		DARS1		DARS1			DARS1	0	FALSE	blue	0.4497	0.4475	0.4475	0.017393	0.8769	0.3978	0.9295
ENSG00000225756.1	DBH-AS1	ENSG00000225756.1	lncRNA	chr9	133654586	133657313	-	2728	1	2	2	antisense	exonic_antisense	antisense	FALSE	TRUE	FALSE	FALSE	FALSE	TRUE	FALSE		DBH		DBH			DBH	0	FALSE	yellow	0.4887	0.558	0.558	0.030032	0.945	0.6123	0.816
ENSG00000232093.1	DCST1-AS1	ENSG00000232093.1	lncRNA	chr1	155045191	155046118	-	928	1	2	2	antisense	exonic_antisense	antisense	FALSE	TRUE	FALSE	FALSE	FALSE	TRUE	FALSE		DCST1		DCST1			DCST1	0	FALSE	greenyellow	0.4529	0.1933	0.1933	0.0043685	0.4812	0.2976	0.5734
ENSG00000233613.5	DCUN1D2-AS	ENSG00000233613.5	lncRNA	chr13	113468901	113476135	+	7235	2	3	2	antisense	antisense_overlapping	antisense	FALSE	FALSE	FALSE	FALSE	FALSE	TRUE	FALSE				DCUN1D2			DCUN1D2	0	FALSE	green	0.4154	0.6653	0.6653	0.012324	0.3097	0.2354	0.3209
ENSG00000260088.1	DDX59-AS1	ENSG00000260088.1	lncRNA	chr1	200669507	200694250	+	24744	1	3	3	antisense	exonic_antisense	antisense	FALSE	TRUE	FALSE	FALSE	FALSE	TRUE	FALSE		DDX59		DDX59			DDX59	0	FALSE	grey	0.3121	0.1465	0.1465	0.0055887	0.385	0.3762	0.364
ENSG00000237883.2	DGUOK-AS1	ENSG00000237883.2	lncRNA	chr2	73947322	73981441	-	34120	4	3	2	antisense	exonic_antisense	antisense	FALSE	TRUE	FALSE	FALSE	FALSE	TRUE	FALSE		DGUOK		DGUOK			DGUOK	0	FALSE	black	0.6572	0.8681	0.8681	0.022032	0.522	0.3194	0.593
ENSG00000225891.2	DHDDS-AS1	ENSG00000225891.2	lncRNA	chr1	26462756	26468014	-	5259	2	4	4	antisense	exonic_antisense	antisense	FALSE	TRUE	TRUE	FALSE	FALSE	TRUE	FALSE		DHDDS	DHDDS	DHDDS			DHDDS	0	FALSE	turquoise	0.3799	0.8268	0.8268	0.012553	0.2867	0.1841	0.274
ENSG00000215256.4	DHRS4-AS1	ENSG00000215256.4	lncRNA	chr14	23938219	24052555	-	114337	17	6	4	antisense	exonic_antisense	antisense	FALSE	TRUE	FALSE	FALSE	FALSE	TRUE	FALSE		DHRS4;DHRS4L2		DHRS4;DHRS4L2;CARMIL3	DHRS4L2	49	CARMIL3	0	FALSE	tan	0.5166	0.0068	0.0068	0.00047453	1.916	0.446	1
ENSG00000235706.8	DICER1-AS1	ENSG00000235706.8	lncRNA	chr14	95157645	95181475	+	23831	7	3	4	antisense	exonic_antisense	antisense	FALSE	TRUE	FALSE	FALSE	FALSE	TRUE	FALSE		DICER1		DICER1	DICER1	116	DICER1	0	FALSE	brown	0.7033	0.7386	0.7386	0.028389	0.807	0.4025	0.8708
ENSG00000231607.12	DLEU2	ENSG00000231607.12	lncRNA	chr13	49956670	50125720	-	169051	18	17	14	antisense	exonic_antisense	other	FALSE	TRUE	FALSE	FALSE	FALSE	TRUE	FALSE		TRIM13		TRIM13;KCNRG			KCNRG	0	FALSE	black	0.4754	0.8714	0.8714	0.014482	0.4085	0.2066	0.4716
ENSG00000232907.8	DLGAP4-AS1	ENSG00000232907.8	lncRNA	chr20	36507702	36573391	-	65690	6	13	5	antisense	exonic_antisense	antisense	FALSE	TRUE	FALSE	FALSE	FALSE	TRUE	FALSE		DLGAP4		DLGAP4;MYL9	TGIF2	97	MYL9	0	FALSE	brown	0.2755	0.6961	0.6961	0.011566	0.3536	0.1952	0.3796
ENSG00000267395.5	DM1-AS	ENSG00000267395.5	lncRNA	chr19	45767796	45772504	+	4709	4	4	3	antisense	exonic_antisense	antisense	FALSE	TRUE	FALSE	FALSE	FALSE	TRUE	FALSE		SIX5;DMPK		SIX5;DMPK			DMPK	0	FALSE	brown	0.5757	0.5745	0.5745	0.01935	0.6653	0.3349	0.7886
ENSG00000250091.3	DNAH10OS	ENSG00000250091.3	lncRNA	chr12	123925461	123934984	-	9524	1	2	2	antisense	exonic_antisense	other	FALSE	TRUE	TRUE	TRUE	TRUE	TRUE	FALSE		DNAH10	CCDC92	DNAH10;CCDC92			CCDC92	0	TRUE	grey	0.0322	0.2898	0.2898	0.0056808	0.6968	0.342	0.8415
ENSG00000224165.6	DNAJC27-AS1	ENSG00000224165.6	lncRNA	chr2	24971390	25039716	+	68327	11	9	5	antisense	exonic_antisense	antisense	FALSE	TRUE	FALSE	FALSE	FALSE	TRUE	FALSE		DNAJC27		DNAJC27	DNAJC27	23	DNAJC27	0	FALSE	pink	0.6344	0.3067	0.3067	0.0066036	0.369	0.1686	0.4266
ENSG00000227540.1	DNAJC9-AS1	ENSG00000227540.1	lncRNA	chr10	73252791	73254349	+	1559	3	3	3	antisense	exonic_antisense	antisense	FALSE	TRUE	FALSE	FALSE	FALSE	TRUE	FALSE		CFAP70		CFAP70	MRPS16	98	CFAP70	0	FALSE	brown	0.6907	0.5758	0.5758	0.016883	0.6811	0.3076	0.8493
ENSG00000246877.1	DNM1P35	ENSG00000246877.1	lncRNA	chr15	75727670	75738623	-	10954	1	3	3	antisense	exonic_antisense	other	FALSE	TRUE	FALSE	FALSE	FALSE	TRUE	FALSE		ODF3L1		ODF3L1			ODF3L1	0	FALSE	salmon	0.5347	0.2688	0.2688	0.0043513	0.2691	0.1547	0.2074
ENSG00000183784.7	DOCK8-AS1	ENSG00000183784.7	lncRNA	chr9	212824	215893	-	3070	2	1	1	antisense	exonic_antisense	antisense	FALSE	TRUE	FALSE	FALSE	FALSE	TRUE	FALSE		DOCK8		DOCK8			DOCK8	0	FALSE	blue	0.683	0.1002	0.1002	0.018839	1.7778	0.8901	0.9452
ENSG00000248079.3	DPH6-DT	ENSG00000248079.3	lncRNA	chr15	35546154	35860199	+	314046	4	5	3	antisense	exonic_antisense	divergent	FALSE	TRUE	FALSE	FALSE	FALSE	TRUE	FALSE		DPH6		DPH6	DPH6	1	DPH6	0	FALSE	cyan	0.3937	0.0108	0.0108	-0.00047431	0.4075	0.2573	0.4579
ENSG00000250320.6	EDIL3-DT	ENSG00000250320.6	lncRNA	chr5	84382424	84490765	+	108342	11	10	5	antisense	exonic_antisense	divergent	FALSE	TRUE	FALSE	FALSE	FALSE	TRUE	FALSE		EDIL3		EDIL3	EDIL3	23	EDIL3	0	FALSE	grey	0.1794	0.078	0.078	0.0020726	0.3671	0.2594	0.3992
ENSG00000224057.1	EGFR-AS1	ENSG00000224057.1	lncRNA	chr7	55179750	55188934	-	9185	1	2	2	antisense	exonic_antisense	antisense	FALSE	TRUE	FALSE	FALSE	FALSE	TRUE	FALSE		EGFR		EGFR			EGFR	0	FALSE	grey	0.181	0.0562	0.0562	0.0041473	1.6492	1.5668	0.7299
ENSG00000179523.5	EIF3J-DT	ENSG00000179523.5	lncRNA	chr15	44527257	44537046	-	9790	7	4	3	antisense	exonic_antisense	divergent	FALSE	TRUE	FALSE	FALSE	FALSE	TRUE	FALSE		CTDSPL2		CTDSPL2	EIF3J	79	CTDSPL2	0	FALSE	tan	0.7103	0.368	0.368	0.01578	2.0648	0.4073	1
ENSG00000234678.2	ELF3-AS1	ENSG00000234678.2	lncRNA	chr1	201995696	202010463	-	14768	2	3	2	antisense	exonic_antisense	antisense	FALSE	TRUE	FALSE	FALSE	FALSE	TRUE	FALSE		ELF3;RNPEP		RNPEP;ELF3	ELF3	124	ELF3	0	FALSE	turquoise	0.4887	0.7545	0.7545	0.012796	0.424	0.2178	0.5245
ENSG00000232415.1	ELN-AS1	ENSG00000232415.1	lncRNA	chr7	74059576	74062284	-	2709	1	2	2	antisense	exonic_antisense	antisense	FALSE	TRUE	FALSE	FALSE	FALSE	TRUE	FALSE		ELN		ELN			ELN	0	FALSE	grey	0.022	0.1503	0.1503	0.001822	0.5911	0.3526	0.7045
ENSG00000236810.6	ELOA-AS1	ENSG00000236810.6	lncRNA	chr1	23706901	23778296	-	71396	5	5	4	antisense	exonic_antisense	antisense	FALSE	TRUE	FALSE	FALSE	FALSE	TRUE	FALSE		ELOA		ELOA	PITHD1	122	ELOA	0	FALSE	pink	0.4538	0.7363	0.7363	0.010015	0.3203	0.1544	0.3112
ENSG00000230424.1	EMC1-AS1	ENSG00000230424.1	lncRNA	chr1	19210501	19240704	+	30204	1	2	2	antisense	exonic_antisense	antisense	FALSE	TRUE	FALSE	FALSE	FALSE	TRUE	FALSE		EMC1		EMC1	UBR4	235	EMC1	0	FALSE	grey	0.0592	0.4703	0.4703	0.011827	0.538	0.2623	0.6849
ENSG00000229847.9	EMX2OS	ENSG00000229847.9	lncRNA	chr10	117473215	117545068	-	71854	9	8	4	antisense	exonic_antisense	other	FALSE	TRUE	FALSE	FALSE	FALSE	TRUE	FALSE		EMX2		EMX2	EMX2	126	EMX2	0	FALSE	blue	0.654	0.1599	0.1599	0.021639	3.0787	1.066	0.9706
ENSG00000223797.6	ENTPD3-AS1	ENSG00000223797.6	lncRNA	chr3	40313802	40453329	-	139528	6	7	5	antisense	exonic_antisense	antisense	FALSE	TRUE	FALSE	FALSE	FALSE	TRUE	FALSE		ENTPD3		ENTPD3			ENTPD3	0	FALSE	pink	0.5327	0.1148	0.1148	0.0029974	0.5763	0.1962	0.8806
ENSG00000231993.1	EP300-AS1	ENSG00000231993.1	lncRNA	chr22	41174591	41197456	-	22866	1	3	3	antisense	antisense_overlapping	antisense	FALSE	FALSE	FALSE	FALSE	FALSE	TRUE	FALSE				EP300			EP300	0	FALSE	grey	-0.2054	0.4814	0.4814	0.014381	0.8191	0.3834	0.8767
ENSG00000224032.7	EPB41L4A-AS1	ENSG00000224032.7	lncRNA	chr5	112160526	112164818	+	4293	5	2	3	antisense	exonic_antisense	antisense	FALSE	TRUE	TRUE	FALSE	FALSE	TRUE	FALSE		EPB41L4A	EPB41L4A	EPB41L4A			EPB41L4A	0	FALSE	grey	0.0736	0.0659	0.0659	0.013202	3.3895	0.7773	1
ENSG00000227070.1	EPS15-AS1	ENSG00000227070.1	lncRNA	chr1	51518309	51561629	+	43321	2	3	3	antisense	antisense_overlapping	antisense	FALSE	FALSE	FALSE	FALSE	FALSE	TRUE	FALSE				EPS15			EPS15	0	FALSE	grey	0.0587	0.4775	0.4775	0.0089146	0.2871	0.2028	0.2564
ENSG00000240137.6	ERICH6-AS1	ENSG00000240137.6	lncRNA	chr3	150703564	150723005	+	19442	5	6	4	antisense	exonic_antisense	antisense	FALSE	TRUE	FALSE	FALSE	FALSE	TRUE	FALSE		ERICH6		ERICH6	ERICH6	32	ERICH6	0	FALSE	blue	0.3595	0.3419	0.3419	0.0055957	0.3782	0.1465	0.4599
ENSG00000224666.3	ETV7-AS1	ENSG00000224666.3	lncRNA	chr6	36386831	36393462	+	6632	2	4	3	antisense	exonic_antisense	antisense	FALSE	TRUE	FALSE	FALSE	FALSE	TRUE	FALSE		PXT1		ETV7;PXT1			PXT1	0	FALSE	yellow	0.5619	0.3511	0.3511	0.0089602	0.3566	0.2708	0.409
ENSG00000245571.7	FAM111A-DT	ENSG00000245571.7	lncRNA	chr11	59130133	59143015	-	12883	5	5	5	antisense	exonic_antisense	divergent	FALSE	TRUE	FALSE	FALSE	FALSE	TRUE	FALSE		FAM111A		FAM111A	FAM111A	44	FAM111A	0	FALSE	midnightblue	0.449	0.3606	0.3606	0.0091212	1.5221	0.2989	1
ENSG00000248019.3	FAM13A-AS1	ENSG00000248019.3	lncRNA	chr4	88709298	88730103	+	20806	6	3	5	antisense	exonic_antisense	antisense	FALSE	TRUE	FALSE	FALSE	FALSE	TRUE	FALSE		FAM13A		FAM13A			FAM13A	0	FALSE	turquoise	0.4517	0.8791	0.8791	0.029386	0.667	0.4006	0.6869
ENSG00000204860.5	FAM201A	ENSG00000204860.5	lncRNA	chr9	38620474	38624990	+	4517	5	4	2	antisense	exonic_antisense	other	FALSE	TRUE	FALSE	FALSE	FALSE	TRUE	FALSE		ANKRD18A		ANKRD18A	ANKRD18A	138	ANKRD18A	0	FALSE	grey	-0.1897	0.0436	0.0436	0.00046728	0.4937	0.3827	0.5695
ENSG00000255650.6	FAM222A-AS1	ENSG00000255650.6	lncRNA	chr12	109734166	109773508	-	39343	3	4	4	antisense	antisense_overlapping	antisense	FALSE	FALSE	FALSE	FALSE	FALSE	TRUE	FALSE				FAM222A			FAM222A	0	FALSE	grey	-0.1706	0.1174	0.1174	0.0018981	0.3185	0.3669	0.2857
ENSG00000260852.1	FBXL19-AS1	ENSG00000260852.1	lncRNA	chr16	30919319	30923269	-	3951	1	1	1	antisense	exonic_antisense	antisense	FALSE	TRUE	FALSE	FALSE	FALSE	TRUE	FALSE		FBXL19		FBXL19	FBXL19	303	FBXL19	0	FALSE	turquoise	0.3419	0.6242	0.6242	0.016102	0.6824	0.3663	0.8258
ENSG00000235652.9	FBXO30-DT	ENSG00000235652.9	lncRNA	chr6	145799409	145887430	+	88022	17	12	4	antisense	exonic_antisense	divergent	FALSE	TRUE	FALSE	FALSE	FALSE	TRUE	FALSE		FBXO30;SHPRH		FBXO30;SHPRH	FBXO30	41	SHPRH	0	FALSE	midnightblue	0.4499	0.3137	0.3137	0.003787	0.5841	0.1867	0.8591
ENSG00000225733.6	FGD5-AS1	ENSG00000225733.6	lncRNA	chr3	14920347	14948424	-	28078	9	9	6	antisense	exonic_antisense	antisense	FALSE	TRUE	FALSE	FALSE	FALSE	TRUE	FALSE		FGD5;NR2C2		FGD5;NR2C2	NR2C2	46	NR2C2	0	FALSE	midnightblue	0.5099	-0.0159	0.0159	-0.0072524	4.4229	0.4233	1
ENSG00000259887.1	FIGNL2-DT	ENSG00000259887.1	lncRNA	chr12	51848223	51852729	+	4507	1	3	3	antisense	exonic_antisense	divergent	FALSE	TRUE	FALSE	FALSE	FALSE	TRUE	FALSE		FIGNL2		FIGNL2			FIGNL2	0	FALSE	turquoise	0.4515	0.5841	0.5841	0.026927	0.8933	0.4817	0.865
ENSG00000254531.1	FLJ20021	ENSG00000254531.1	lncRNA	chr4	101347780	101348883	+	1104	2	2	2	antisense	antisense_overlapping	other	FALSE	FALSE	FALSE	FALSE	FALSE	TRUE	FALSE				PPP3CA	PPP3CA	220	PPP3CA	0	FALSE	pink	0.5688	-0.03	0.03	0.0070874	2.4742	0.5359	0.9961
ENSG00000179743.4	FLJ37453	ENSG00000179743.4	lncRNA	chr1	15834474	15848147	-	13674	1	2	2	antisense	exonic_antisense	other	FALSE	TRUE	FALSE	FALSE	FALSE	TRUE	FALSE		SPEN		SPEN			SPEN	0	FALSE	pink	0.7402	0.3932	0.3932	0.017288	1.2898	0.3744	0.9922
ENSG00000244161.1	FLNB-AS1	ENSG00000244161.1	lncRNA	chr3	58162547	58170636	-	8090	2	2	2	antisense	exonic_antisense	antisense	FALSE	TRUE	FALSE	FALSE	FALSE	TRUE	FALSE		FLNB		FLNB	FLNB	162	FLNB	0	FALSE	green	0.4105	0.7277	0.7277	0.01248	0.3532	0.2909	0.3718
ENSG00000260944.1	FOXC2-AS1	ENSG00000260944.1	lncRNA	chr16	86565145	86567761	-	2617	1	2	2	antisense	exonic_antisense	antisense	FALSE	TRUE	FALSE	FALSE	FALSE	TRUE	FALSE		FOXC2		FOXC2			FOXC2	0	FALSE	grey	0.1395	0.0857	0.0857	0.003343	0.2646	0.3749	0.2231
ENSG00000244879.8	GABPB1-AS1	ENSG00000244879.8	lncRNA	chr15	50354959	50372202	+	17244	11	2	3	antisense	exonic_antisense	antisense	FALSE	TRUE	FALSE	FALSE	FALSE	TRUE	FALSE		GABPB1		GABPB1	GABPB1	52	GABPB1	0	FALSE	green	0.4455	0.8174	0.8174	0.03505	0.9204	0.5413	0.8317
ENSG00000265962.1	GACAT2	ENSG00000265962.1	lncRNA	chr18	8695856	8707621	-	11766	1	2	2	antisense	exonic_antisense	other	FALSE	TRUE	FALSE	FALSE	FALSE	TRUE	FALSE		MTCL1		MTCL1			MTCL1	0	FALSE	grey	0.3363	0.0521	0.0521	0.0078118	1.0094	0.9795	0.7123
ENSG00000234741.8	GAS5	ENSG00000234741.8	lncRNA	chr1	173858559	173868882	-	10324	31	4	13	antisense	exonic_antisense	other	FALSE	TRUE	FALSE	FALSE	FALSE	TRUE	FALSE		DARS2		DARS2;ZBTB37	ZBTB37	74	ZBTB37	0	FALSE	grey	0.2837	0.1276	0.1276	0.01491	4.9205	0.8219	1
ENSG00000221819.6	GAS8-AS1	ENSG00000221819.6	lncRNA	chr16	90028908	90029901	-	994	2	1	1	antisense	exonic_antisense	antisense	FALSE	TRUE	TRUE	FALSE	FALSE	TRUE	FALSE		GAS8	GAS8	GAS8	GAS8	174	GAS8	0	FALSE	green	0.4129	0.7639	0.7639	0.016163	0.318	0.2599	0.3405
ENSG00000244300.3	GATA2-AS1	ENSG00000244300.3	lncRNA	chr3	128489212	128502970	+	13759	4	3	3	antisense	antisense_overlapping	antisense	FALSE	FALSE	FALSE	FALSE	FALSE	TRUE	FALSE				GATA2	GATA2	682	GATA2	0	FALSE	red	0.6103	0.0902	0.0902	0.0019518	1.0744	0.4812	0.9432
ENSG00000214184.3	GCC2-AS1	ENSG00000214184.3	lncRNA	chr2	108507515	108534196	-	26682	2	3	3	antisense	exonic_antisense	antisense	FALSE	TRUE	FALSE	FALSE	FALSE	TRUE	FALSE		GCC2		GCC2	LIMS1	159	GCC2	0	FALSE	magenta	0.4813	0.3653	0.3653	0.0040533	0.3764	0.2123	0.4286
ENSG00000243055.1	GK-AS1	ENSG00000243055.1	lncRNA	chrX	30699998	30724174	-	24177	1	2	2	antisense	exonic_antisense	antisense	FALSE	TRUE	FALSE	FALSE	FALSE	TRUE	FALSE		GK		GK			GK	0	FALSE	green	0.4427	0.7372	0.7372	0.025222	0.6115	0.4574	0.6341
ENSG00000232284.7	GNG12-AS1	ENSG00000232284.7	lncRNA	chr1	67832303	68202987	+	370685	4	16	10	antisense	exonic_antisense	antisense	FALSE	TRUE	FALSE	FALSE	FALSE	TRUE	FALSE		WLS		GNG12;DIRAS3;WLS	WLS	195	WLS	0	FALSE	tan	0.4937	0.288	0.288	0.0027345	0.4308	0.1713	0.6223
ENSG00000247498.10	GPRC5D-AS1	ENSG00000247498.10	lncRNA	chr12	12927726	12984645	+	56920	10	12	4	antisense	exonic_antisense	antisense	FALSE	TRUE	FALSE	FALSE	FALSE	TRUE	FALSE		HEBP1		GPRC5D;HEBP1	HEBP1	42	HEBP1	0	FALSE	grey	-0.0672	0.068	0.068	-0.00048924	0.6163	0.334	0.7436
ENSG00000253618.1	GRPEL2-AS1	ENSG00000253618.1	lncRNA	chr5	149348116	149357642	-	9527	1	2	2	antisense	exonic_antisense	antisense	FALSE	TRUE	FALSE	FALSE	FALSE	TRUE	FALSE		GRPEL2		GRPEL2	PCYOX1L	395	GRPEL2	0	FALSE	red	0.5193	0.6135	0.6135	0.012294	0.2723	0.2662	0.2759
ENSG00000245857.3	GS1-24F4.2	ENSG00000245857.3	lncRNA	chr8	6835535	6885276	+	49742	4	7	5	antisense	exonic_antisense	other	FALSE	TRUE	FALSE	FALSE	FALSE	TRUE	FALSE		DEFB1		DEFB1	XKR5	11	DEFB1	0	FALSE	magenta	0.6112	0.1786	0.1786	0.0045608	0.511	0.5124	0.4912
ENSG00000280832.1	GSEC	ENSG00000280832.1	lncRNA	chr11	126340889	126355587	-	14699	2	4	3	antisense	antisense_overlapping	other	FALSE	FALSE	FALSE	FALSE	FALSE	TRUE	FALSE				DCPS	ST3GAL4	53	DCPS	0	FALSE	magenta	0.4563	0.1715	0.1715	0.00099836	0.5595	0.2875	0.7691
ENSG00000228315.12	GUSBP11	ENSG00000228315.12	lncRNA	chr22	23638487	23717356	-	78870	10	16	12	antisense	exonic_antisense	other	FALSE	TRUE	FALSE	FALSE	FALSE	TRUE	FALSE		RGL4		RGL4	RGL4	568	RGL4	0	FALSE	black	0.5994	0.8467	0.8467	0.028725	0.5679	0.3935	0.6086
ENSG00000206417.8	H1-10-AS1	ENSG00000206417.8	lncRNA	chr3	129315392	129326225	+	10834	4	8	5	antisense	exonic_antisense	antisense	FALSE	TRUE	FALSE	FALSE	FALSE	TRUE	FALSE		H1-10		H1-10			H1-10	0	FALSE	red	0.532	0.676	0.676	0.020013	0.4839	0.3182	0.5225
ENSG00000224189.8	HAGLR	ENSG00000224189.8	lncRNA	chr2	176164051	176188958	-	24908	17	10	5	antisense	exonic_antisense	other	FALSE	TRUE	FALSE	FALSE	FALSE	TRUE	FALSE		HOXD3;HOXD1		HOXD3;HOXD1	HOXD1	77	HOXD1	0	FALSE	red	0.349	0.0169	0.0169	0.0017864	1.9914	0.8869	0.9765
ENSG00000231074.9	HCG18	ENSG00000231074.9	lncRNA	chr6	30286690	30327382	-	40693	36	8	6	antisense	exonic_antisense	other	FALSE	TRUE	FALSE	FALSE	FALSE	TRUE	FALSE		TRIM39		TRIM39	TRIM39	8	TRIM39	0	FALSE	grey	-0.2892	0.6549	0.6549	0.012877	1.2275	0.2654	1
ENSG00000222020.3	HDAC4-AS1	ENSG00000222020.3	lncRNA	chr2	239401436	239402364	+	929	4	3	2	antisense	exonic_antisense	antisense	FALSE	TRUE	FALSE	FALSE	FALSE	TRUE	FALSE		HDAC4		HDAC4	HDAC4	94	HDAC4	0	FALSE	brown	0.6684	0.3554	0.3554	0.01653	0.6924	0.4045	0.7573
ENSG00000185837.3	HDHD5-AS1	ENSG00000185837.3	lncRNA	chr22	17159384	17165445	+	6062	2	2	2	antisense	exonic_antisense	antisense	FALSE	TRUE	FALSE	FALSE	FALSE	TRUE	FALSE		HDHD5		HDHD5	HDHD5	107	HDHD5	0	FALSE	pink	0.6441	0.4668	0.4668	0.01138	0.3518	0.2316	0.364
ENSG00000248890.2	HHIP-AS1	ENSG00000248890.2	lncRNA	chr4	144642922	144661357	-	18436	4	6	4	antisense	exonic_antisense	antisense	FALSE	TRUE	TRUE	TRUE	TRUE	TRUE	FALSE		HHIP	AC098588.2	AC098588.2;HHIP	HHIP	169	HHIP	0	FALSE	grey	-0.1535	0.0982	0.0982	0.0028593	0.5077	0.6568	0.3875
ENSG00000263586.1	HID1-AS1	ENSG00000263586.1	lncRNA	chr17	74970704	74975728	+	5025	1	3	3	antisense	antisense_overlapping	antisense	FALSE	FALSE	FALSE	FALSE	FALSE	TRUE	FALSE				HID1			HID1	0	FALSE	red	0.8314	0.164	0.164	0.008287	0.6746	0.4401	0.7202
ENSG00000258777.1	HIF1A-AS1	ENSG00000258777.1	lncRNA	chr14	61681041	61695823	-	14783	1	2	2	antisense	exonic_antisense	antisense	FALSE	TRUE	FALSE	FALSE	FALSE	TRUE	FALSE		HIF1A		HIF1A			HIF1A	0	FALSE	grey	0.1921	0.1096	0.1096	0.0012469	0.2964	0.2364	0.2524
ENSG00000258667.2	HIF1A-AS3	ENSG00000258667.2	lncRNA	chr14	61707564	61751099	-	43536	2	5	3	antisense	antisense_overlapping	antisense	FALSE	FALSE	FALSE	FALSE	FALSE	TRUE	FALSE				HIF1A			HIF1A	0	FALSE	salmon	0.7305	0.5717	0.5717	0.07119	2.7609	1.2747	0.9472
ENSG00000223534.1	HLA-DQB1-AS1	ENSG00000223534.1	lncRNA	chr6	32659880	32660729	+	850	1	2	2	antisense	exonic_antisense	antisense	FALSE	TRUE	FALSE	FALSE	FALSE	TRUE	FALSE		HLA-DQB1		HLA-DQB1			HLA-DQB1	0	FALSE	yellow	0.5186	0.5769	0.5769	0.044356	1.6126	0.9242	0.9374
ENSG00000214922.9	HLA-F-AS1	ENSG00000214922.9	lncRNA	chr6	29726601	29749049	-	22449	3	8	6	antisense	exonic_antisense	antisense	FALSE	TRUE	FALSE	FALSE	FALSE	TRUE	FALSE		HLA-F		HLA-F			HLA-F	0	FALSE	yellow	0.4017	0.7214	0.7214	0.016849	0.6523	0.2792	0.8474
ENSG00000234705.2	HMGA1P4	ENSG00000234705.2	lncRNA	chr9	128663134	128684477	-	21344	2	3	3	antisense	antisense_overlapping	other	FALSE	FALSE	FALSE	FALSE	FALSE	TRUE	FALSE				SET	SET	606	SET	0	FALSE	turquoise	0.4774	0.647	0.647	0.024449	0.6611	0.4646	0.6732
ENSG00000270362.1	HMGN3-AS1	ENSG00000270362.1	lncRNA	chr6	79233718	79236797	+	3080	1	2	2	antisense	exonic_antisense	antisense	FALSE	TRUE	FALSE	FALSE	FALSE	TRUE	FALSE		HMGN3		HMGN3			HMGN3	0	FALSE	grey	-0.1432	0.2913	0.2913	0.0094217	1.0715	0.3624	0.9843
ENSG00000241388.5	HNF1A-AS1	ENSG00000241388.5	lncRNA	chr12	120941728	120980965	-	39238	7	9	5	antisense	antisense_overlapping	antisense	FALSE	FALSE	FALSE	FALSE	FALSE	TRUE	FALSE				HNF1A			HNF1A	0	FALSE	blue	0.7365	0.5614	0.5614	0.046689	1.7245	0.7933	0.9491
ENSG00000269019.2	HOMER3-AS1	ENSG00000269019.2	lncRNA	chr19	18940235	18947452	+	7218	1	3	3	antisense	exonic_antisense	antisense	FALSE	TRUE	FALSE	FALSE	FALSE	TRUE	FALSE		HOMER3		HOMER3	HOMER3	600	HOMER3	0	FALSE	grey	-0.1137	0.2119	0.2119	0.0035508	0.3682	0.1838	0.3757
ENSG00000228630.5	HOTAIR	ENSG00000228630.5	lncRNA	chr12	53962308	53974956	-	12649	5	8	7	antisense	antisense_overlapping	other	FALSE	FALSE	FALSE	FALSE	FALSE	TRUE	FALSE				HOXC11			HOXC11	0	FALSE	grey	0.2239	0.4439	0.4439	0.010028	0.3813	0.2973	0.409
ENSG00000233429.9	HOTAIRM1	ENSG00000233429.9	lncRNA	chr7	27095647	27100265	+	4619	6	4	3	antisense	exonic_antisense	other	FALSE	TRUE	FALSE	FALSE	FALSE	TRUE	FALSE		HOXA1		HOXA1	HOXA1	94	HOXA1	0	FALSE	black	0.5625	0.7209	0.7209	0.033432	0.8567	0.5688	0.7476
ENSG00000253552.8	HOXA-AS2	ENSG00000253552.8	lncRNA	chr7	27107777	27134302	+	26526	13	11	4	antisense	exonic_antisense	antisense	FALSE	TRUE	FALSE	FALSE	FALSE	TRUE	FALSE		HOXA3;HOXA4		HOXA3;HOXA4	HOXA3	91	HOXA4	0	FALSE	turquoise	0.4824	0.5169	0.5169	0.0229	1.2213	0.4466	0.9824
ENSG00000253187.2	HOXA10-AS	ENSG00000253187.2	lncRNA	chr7	27168619	27171915	+	3297	3	3	3	antisense	exonic_antisense	antisense	FALSE	TRUE	TRUE	FALSE	FALSE	TRUE	FALSE		HOXA10;HOXA9	HOXA9;AC004080.3	HOXA9;AC004080.3;HOXA10			HOXA10	0	FALSE	green	0.3591	0.3207	0.3207	0.0085915	0.3674	0.279	0.4188
ENSG00000230148.8	HOXB-AS1	ENSG00000230148.8	lncRNA	chr17	48543551	48551250	+	7700	4	9	7	antisense	exonic_antisense	antisense	FALSE	TRUE	FALSE	FALSE	FALSE	TRUE	FALSE		HOXB2;HOXB3		HOXB2;HOXB3	HOXB2	405	HOXB3	0	FALSE	turquoise	0.5779	0.739	0.739	0.038768	1.0378	0.5826	0.8963
ENSG00000233101.10	HOXB-AS3	ENSG00000233101.10	lncRNA	chr17	48549630	48606414	+	56785	15	12	4	antisense	exonic_antisense	antisense	FALSE	TRUE	FALSE	FALSE	FALSE	TRUE	FALSE		HOXB3;HOXB6;HOXB5		HOXB3;HOXB4;HOXB5;HOXB6	HOXB3	148	HOXB6	0	FALSE	magenta	0.715	0.4325	0.4325	0.006691	0.5938	0.5525	0.593
ENSG00000242207.1	HOXB-AS4	ENSG00000242207.1	lncRNA	chr17	48628675	48634932	+	6258	2	3	2	antisense	antisense_overlapping	antisense	FALSE	FALSE	FALSE	FALSE	FALSE	TRUE	FALSE				HOXB7			HOXB7	0	FALSE	greenyellow	0.5037	0.053	0.053	-0.0045603	0.5085	0.6611	0.3914
ENSG00000250133.2	HOXC-AS2	ENSG00000250133.2	lncRNA	chr12	53993810	53996785	-	2976	2	2	3	antisense	exonic_antisense	antisense	FALSE	TRUE	TRUE	FALSE	FALSE	TRUE	FALSE		HOXC6;HOXC9	HOXC6;AC012531.3	AC012531.3;HOXC6;HOXC9			HOXC9	0	FALSE	pink	0.4735	0.3542	0.3542	0.015173	0.8943	0.3768	0.9393
ENSG00000251151.2	HOXC-AS3	ENSG00000251151.2	lncRNA	chr12	53981509	53985519	-	4011	4	4	3	antisense	exonic_antisense	antisense	FALSE	TRUE	FALSE	FALSE	FALSE	TRUE	FALSE		HOXC10		HOXC10	HOXC10	227	HOXC10	0	FALSE	grey	0.0303	0.1355	0.1355	0.013898	0.6558	0.6514	0.4677
ENSG00000237380.7	HOXD-AS2	ENSG00000237380.7	lncRNA	chr2	176121611	176137098	-	15488	3	6	4	antisense	exonic_antisense	antisense	FALSE	TRUE	FALSE	FALSE	FALSE	TRUE	FALSE		HOXD3;HOXD8		HOXD9;HOXD8;HOXD3	HOXD3	190	HOXD3	0	FALSE	red	0.3354	0.2826	0.2826	0.014907	0.9763	0.4423	0.9295
ENSG00000227392.2	HPN-AS1	ENSG00000227392.2	lncRNA	chr19	35042902	35106307	-	63406	4	6	5	antisense	exonic_antisense	antisense	FALSE	TRUE	FALSE	FALSE	FALSE	TRUE	FALSE		HPN		HPN	AC020907.6	203	HPN	0	FALSE	green	0.5548	0.7961	0.7961	0.028726	0.5659	0.4597	0.546
ENSG00000227591.5	HSD11B1-AS1	ENSG00000227591.5	lncRNA	chr1	209661364	209724125	-	62762	2	4	3	antisense	antisense_overlapping	antisense	FALSE	FALSE	FALSE	FALSE	FALSE	TRUE	FALSE				G0S2;HSD11B1	G0S2	165	HSD11B1	0	FALSE	grey	0.2393	-0.0115	0.0115	0.0011237	0.9538	0.5395	0.9002
ENSG00000235092.6	ID2-AS1	ENSG00000235092.6	lncRNA	chr2	8666636	8681864	-	15229	10	10	8	antisense	exonic_antisense	antisense	FALSE	TRUE	FALSE	FALSE	FALSE	TRUE	FALSE		ID2		ID2	ID2	34	ID2	0	FALSE	grey	0.0828	0.3975	0.3975	0.01334	0.9469	0.3823	0.953
ENSG00000231908.1	IDH1-AS1	ENSG00000231908.1	lncRNA	chr2	208255247	208256181	+	935	2	2	2	antisense	exonic_antisense	antisense	FALSE	TRUE	FALSE	FALSE	FALSE	TRUE	FALSE		IDH1		IDH1	IDH1	134	IDH1	0	FALSE	brown	0.4244	-0.04	0.04	0.0015976	0.4782	0.2643	0.593
ENSG00000223799.1	IL10RB-DT	ENSG00000223799.1	lncRNA	chr21	33263873	33266260	-	2388	1	2	2	antisense	exonic_antisense	divergent	FALSE	TRUE	TRUE	FALSE	FALSE	TRUE	FALSE		IFNAR2	AP000295.1	IFNAR2;AP000295.1	IL10RB	107	AP000295.1	0	FALSE	yellow	0.528	0.1253	0.1253	0.0033725	0.6117	0.2216	0.8513
ENSG00000228013.1	IL6R-AS1	ENSG00000228013.1	lncRNA	chr1	154402328	154406564	-	4237	1	2	2	antisense	antisense_overlapping	antisense	FALSE	FALSE	FALSE	FALSE	FALSE	TRUE	FALSE				IL6R			IL6R	0	FALSE	grey	0.0162	0.1565	0.1565	0.0035051	0.4417	0.2235	0.5793
ENSG00000224116.7	INHBA-AS1	ENSG00000224116.7	lncRNA	chr7	41693884	41779388	+	85505	7	5	4	antisense	exonic_antisense	antisense	FALSE	TRUE	FALSE	FALSE	FALSE	TRUE	FALSE		INHBA		INHBA	INHBA	251	INHBA	0	FALSE	blue	0.3153	0.1071	0.1071	0.0040295	0.2684	0.3544	0.2094
ENSG00000232893.1	IQCA1-AS1	ENSG00000232893.1	lncRNA	chr2	236391074	236392388	+	1315	1	2	2	antisense	exonic_antisense	antisense	FALSE	TRUE	FALSE	FALSE	FALSE	TRUE	FALSE		IQCA1		IQCA1			IQCA1	0	FALSE	blue	0.5658	0.2816	0.2816	0.0097669	0.393	0.3244	0.456
ENSG00000259673.6	IQCH-AS1	ENSG00000259673.6	lncRNA	chr15	67290636	67521844	-	231209	10	14	6	antisense	exonic_antisense	antisense	FALSE	TRUE	FALSE	FALSE	FALSE	TRUE	FALSE		IQCH;C15orf61		IQCH;C15orf61	C15orf61	23	C15orf61	0	FALSE	magenta	0.6478	0.3999	0.3999	0.0037392	0.5604	0.2192	0.8434
ENSG00000260281.6	ITFG1-AS1	ENSG00000260281.6	lncRNA	chr16	47144323	47162749	+	18427	2	5	5	antisense	exonic_antisense	antisense	FALSE	TRUE	FALSE	FALSE	FALSE	TRUE	FALSE		ITFG1		ITFG1	NETO2	378	ITFG1	0	FALSE	grey	-0.0187	0.4611	0.4611	0.004546	0.3084	0.1835	0.2896
ENSG00000232788.1	ITGA6-AS1	ENSG00000232788.1	lncRNA	chr2	172464262	172466022	-	1761	2	3	2	antisense	exonic_antisense	antisense	FALSE	TRUE	FALSE	FALSE	FALSE	TRUE	FALSE		ITGA6		ITGA6			ITGA6	0	FALSE	grey	0.4555	0.1762	0.1762	0.010805	0.9994	0.4667	0.9178
ENSG00000227039.6	ITGB2-AS1	ENSG00000227039.6	lncRNA	chr21	44921051	44929678	+	8628	6	5	5	antisense	exonic_antisense	antisense	FALSE	TRUE	TRUE	FALSE	FALSE	TRUE	FALSE		ITGB2	ITGB2	ITGB2	ITGB2	91	ITGB2	0	FALSE	yellow	0.7509	0.6037	0.6037	0.042783	1.1308	0.7675	0.8415
ENSG00000214401.4	KANSL1-AS1	ENSG00000214401.4	lncRNA	chr17	46193576	46196723	+	3148	3	2	2	antisense	exonic_antisense	antisense	FALSE	TRUE	TRUE	FALSE	FALSE	TRUE	FALSE		KANSL1	KANSL1	KANSL1	KANSL1	147	KANSL1	0	FALSE	grey	0.1249	0.0194	0.0194	0.0098306	1.827	0.8163	1
ENSG00000229127.2	KANSL1L-AS1	ENSG00000229127.2	lncRNA	chr2	210030572	210064356	+	33785	2	4	4	antisense	exonic_antisense	antisense	FALSE	TRUE	FALSE	FALSE	FALSE	TRUE	FALSE		KANSL1L		KANSL1L	KANSL1L	766	KANSL1L	0	FALSE	green	0.525	0.8912	0.8912	0.023279	0.55	0.3184	0.6341
ENSG00000257642.1	KCCAT198	ENSG00000257642.1	lncRNA	chr12	105304867	105327017	-	22151	1	3	3	antisense	exonic_antisense	other	FALSE	TRUE	FALSE	FALSE	FALSE	TRUE	FALSE		C12orf75		C12orf75			C12orf75	0	FALSE	blue	0.4035	0.3351	0.3351	0.030685	1.5933	0.9048	0.9002
ENSG00000267365.1	KCNJ2-AS1	ENSG00000267365.1	lncRNA	chr17	70166961	70169402	-	2442	1	1	1	antisense	exonic_antisense	antisense	FALSE	TRUE	FALSE	FALSE	FALSE	TRUE	FALSE		KCNJ2		KCNJ2	KCNJ2	130	KCNJ2	0	FALSE	red	0.5112	0.1679	0.1679	0.0047428	0.66	0.3198	0.8063
ENSG00000246174.9	KCTD21-AS1	ENSG00000246174.9	lncRNA	chr11	78139771	78175323	+	35553	10	6	4	antisense	exonic_antisense	antisense	FALSE	TRUE	FALSE	FALSE	FALSE	TRUE	FALSE		KCTD21		KCTD21	ALG8	118	KCTD21	0	FALSE	brown	0.4087	0.3648	0.3648	0.0053775	0.3016	0.1515	0.2603
ENSG00000256742.1	KDM2B-DT	ENSG00000256742.1	lncRNA	chr12	121580792	121593504	+	12713	1	2	2	antisense	exonic_antisense	divergent	FALSE	TRUE	FALSE	FALSE	FALSE	TRUE	FALSE		KDM2B		KDM2B	KDM2B	333	KDM2B	0	FALSE	grey	0.2449	0.4635	0.4635	0.0078695	0.2844	0.2093	0.2661
ENSG00000236200.6	KDM4A-AS1	ENSG00000236200.6	lncRNA	chr1	43685123	43708138	-	23016	7	6	5	antisense	exonic_antisense	antisense	FALSE	TRUE	FALSE	FALSE	FALSE	TRUE	FALSE		KDM4A;AL451062.2		KDM4A;AL451062.2;ST3GAL3	ST3GAL3	155	ST3GAL3	0	FALSE	black	0.6486	0.8755	0.8755	0.014752	0.3148	0.206	0.3405
ENSG00000227495.1	KIF1C-AS1	ENSG00000227495.1	lncRNA	chr17	5019214	5020093	-	880	1	2	2	antisense	exonic_antisense	antisense	FALSE	TRUE	FALSE	FALSE	FALSE	TRUE	FALSE		KIF1C		KIF1C			KIF1C	0	FALSE	yellow	0.5431	0.6845	0.6845	0.018528	0.4515	0.3132	0.501
ENSG00000231160.10	KLF3-AS1	ENSG00000231160.10	lncRNA	chr4	38602438	38664914	-	62477	17	13	10	antisense	exonic_antisense	antisense	FALSE	TRUE	FALSE	FALSE	FALSE	TRUE	FALSE		KLF3		KLF3	KLF3	113	KLF3	0	FALSE	salmon	0.6307	0.7292	0.7292	0.02656	0.7006	0.4113	0.7554
ENSG00000239569.3	KMT2E-AS1	ENSG00000239569.3	lncRNA	chr7	105013425	105014321	-	897	1	2	2	antisense	exonic_antisense	antisense	FALSE	TRUE	FALSE	FALSE	FALSE	TRUE	FALSE		KMT2E		KMT2E	KMT2E	111	KMT2E	0	FALSE	brown	0.8117	0.5761	0.5761	0.049911	2.4869	0.783	0.998
ENSG00000186615.11	KTN1-AS1	ENSG00000186615.11	lncRNA	chr14	55496786	55580888	-	84103	7	9	4	antisense	exonic_antisense	antisense	FALSE	TRUE	FALSE	FALSE	FALSE	TRUE	FALSE		KTN1		KTN1	KTN1	92	KTN1	0	FALSE	tan	0.5227	0.1569	0.1569	0.0010586	0.2941	0.1356	0.2231
ENSG00000228812.7	LAMA5-AS1	ENSG00000228812.7	lncRNA	chr20	62352995	62356480	+	3486	4	3	3	antisense	exonic_antisense	antisense	FALSE	TRUE	FALSE	FALSE	FALSE	TRUE	FALSE		LAMA5		LAMA5			LAMA5	0	FALSE	brown	0.3587	0.1043	0.1043	0.0072501	0.4933	0.3862	0.5597
ENSG00000224468.3	LAMC1-AS1	ENSG00000224468.3	lncRNA	chr1	183138402	183141282	-	2881	1	3	3	antisense	antisense_overlapping	antisense	FALSE	FALSE	FALSE	FALSE	FALSE	TRUE	FALSE				LAMC1			LAMC1	0	FALSE	green	0.4714	0.7702	0.7702	0.022246	0.6168	0.3989	0.6791
ENSG00000257702.3	LBX2-AS1	ENSG00000257702.3	lncRNA	chr2	74502595	74504678	+	2084	2	1	2	antisense	exonic_antisense	antisense	FALSE	TRUE	FALSE	FALSE	FALSE	TRUE	FALSE		LBX2		LBX2			LBX2	0	FALSE	blue	0.5426	-0.0478	0.0478	0.011745	2.9672	0.6714	0.9941
ENSG00000226696.6	LENG8-AS1	ENSG00000226696.6	lncRNA	chr19	54444807	54449045	-	4239	4	5	4	antisense	exonic_antisense	antisense	FALSE	TRUE	FALSE	FALSE	FALSE	TRUE	FALSE		LENG8		LENG8	LENG8	145	LENG8	0	FALSE	turquoise	0.6905	0.8612	0.8612	0.055573	1.7337	0.7282	0.9961
ENSG00000225329.3	LHFPL3-AS2	ENSG00000225329.3	lncRNA	chr7	104894628	104926645	-	32018	2	6	5	antisense	antisense_overlapping	antisense	FALSE	FALSE	FALSE	FALSE	FALSE	TRUE	FALSE				LHFPL3			LHFPL3	0	FALSE	blue	0.7096	0.1289	0.1289	0.022902	1.7906	1.1226	0.8356
ENSG00000244968.7	LIFR-AS1	ENSG00000244968.7	lncRNA	chr5	38556765	38671216	+	114452	14	14	9	antisense	exonic_antisense	antisense	FALSE	TRUE	FALSE	FALSE	FALSE	TRUE	FALSE		LIFR		LIFR	LIFR	119	LIFR	0	FALSE	pink	0.5932	0.2181	0.2181	0.0070116	0.4941	0.2509	0.6517
ENSG00000228763.1	LIMS1-AS1	ENSG00000228763.1	lncRNA	chr2	108676795	108678601	-	1807	1	3	3	antisense	antisense_overlapping	antisense	FALSE	FALSE	FALSE	FALSE	FALSE	TRUE	FALSE				LIMS1			LIMS1	0	FALSE	grey	-0.0612	0.7024	0.7024	0.014284	0.5011	0.4431	0.5205
ENSG00000231721.7	LINC-PINT	ENSG00000231721.7	lncRNA	chr7	130938963	131110176	-	171214	22	20	8	antisense	exonic_antisense	lincRNA (named)	FALSE	TRUE	FALSE	FALSE	FALSE	TRUE	FALSE		MKLN1		MKLN1			MKLN1	0	FALSE	grey	0.0956	0.7172	0.7172	0.018873	0.6224	0.3618	0.6888
ENSG00000179406.8	LINC00174	ENSG00000179406.8	lncRNA	chr7	66376044	66493566	-	117523	13	33	24	antisense	antisense_overlapping	lincRNA (named)	FALSE	FALSE	FALSE	FALSE	FALSE	TRUE	FALSE				TPST1			TPST1	0	FALSE	turquoise	0.7111	0.8732	0.8732	0.036994	0.9528	0.4967	0.8943
ENSG00000280798.1	LINC00294	ENSG00000280798.1	lncRNA	chr11	33076149	33079454	+	3306	1	1	1	antisense	exonic_antisense	lincRNA (named)	FALSE	TRUE	TRUE	TRUE	TRUE	TRUE	FALSE		CSTF3	TCP11L1	TCP11L1;CSTF3			CSTF3	0	FALSE	purple	0.5474	0.3905	0.3905	0.021744	2.6476	0.4989	1
ENSG00000175611.12	LINC00476	ENSG00000175611.12	lncRNA	chr9	95759231	95876049	-	116819	12	9	4	antisense	exonic_antisense	lincRNA (named)	FALSE	TRUE	FALSE	FALSE	FALSE	TRUE	FALSE		ERCC6L2		ERCC6L2	ERCC6L2	94	ERCC6L2	0	FALSE	tan	0.4269	0.3413	0.3413	0.0077463	0.6099	0.2103	0.8708
ENSG00000223685.6	LINC00571	ENSG00000223685.6	lncRNA	chr13	38050817	38350259	-	299443	3	10	8	antisense	exonic_antisense	lincRNA (named)	FALSE	TRUE	FALSE	FALSE	FALSE	TRUE	FALSE		UFM1		UFM1			UFM1	0	FALSE	magenta	0.4554	0.1665	0.1665	0.00025572	0.5169	0.2858	0.6693
ENSG00000237945.7	LINC00649	ENSG00000237945.7	lncRNA	chr21	33915534	33977691	+	62158	20	19	6	antisense	exonic_antisense	lincRNA (named)	FALSE	TRUE	FALSE	FALSE	FALSE	TRUE	FALSE		AP000311.1;ATP5PO		AP000311.1;ATP5PO	ATP5PO	64	ATP5PO	0	FALSE	yellow	0.3255	0.2797	0.2797	0.0070753	0.4797	0.3699	0.4932
ENSG00000263753.8	LINC00667	ENSG00000263753.8	lncRNA	chr18	5237826	5290608	+	52783	41	3	5	antisense	exonic_antisense	lincRNA (named)	FALSE	TRUE	FALSE	FALSE	FALSE	TRUE	FALSE		ZBTB14		ZBTB14			ZBTB14	0	FALSE	blue	0.4302	0.5365	0.5365	0.019706	2.0312	0.4055	1
ENSG00000231177.4	LINC00852	ENSG00000231177.4	lncRNA	chr3	10284419	10285746	+	1328	2	1	1	antisense	exonic_antisense	lincRNA (named)	FALSE	TRUE	TRUE	TRUE	TRUE	TRUE	FALSE		GHRL	AC022384.1	AC022384.1;GHRL			GHRL	0	FALSE	purple	0.4837	0.4674	0.4674	0.011062	0.6211	0.239	0.8415
ENSG00000233058.2	LINC00884	ENSG00000233058.2	lncRNA	chr3	194487140	194521156	+	34017	10	8	4	antisense	exonic_antisense	lincRNA (named)	FALSE	TRUE	FALSE	FALSE	FALSE	TRUE	FALSE		ATP13A3		ATP13A3	ATP13A3	138	ATP13A3	0	FALSE	grey	0.3947	0.301	0.301	0.011413	0.6345	0.3447	0.7652
ENSG00000235703.6	LINC00894	ENSG00000235703.6	lncRNA	chrX	149938613	150224580	+	285968	13	24	15	antisense	exonic_antisense	lincRNA (named)	FALSE	TRUE	FALSE	FALSE	FALSE	TRUE	FALSE		EOLA2		EOLA2	EOLA2	122	EOLA2	0	FALSE	turquoise	0.6537	0.8731	0.8731	0.023988	0.4346	0.3445	0.4697
ENSG00000264247.2	LINC00909	ENSG00000264247.2	lncRNA	chr18	74590317	74598885	-	8569	10	4	2	antisense	antisense_overlapping	lincRNA (named)	FALSE	FALSE	FALSE	FALSE	FALSE	TRUE	FALSE				ZNF407	ZNF407	35	ZNF407	0	FALSE	tan	0.5914	0.3772	0.3772	0.013581	1.5749	0.351	1
ENSG00000242516.2	LINC00960	ENSG00000242516.2	lncRNA	chr3	75672300	75742048	+	69749	9	8	6	antisense	exonic_antisense	lincRNA (named)	FALSE	TRUE	FALSE	FALSE	FALSE	TRUE	FALSE		ZNF717		ZNF717			ZNF717	0	FALSE	grey	-0.1068	0.2482	0.2482	0.0057235	0.4819	0.4529	0.411
ENSG00000182648.13	LINC01006	ENSG00000182648.13	lncRNA	chr7	156388922	156640654	-	251733	23	16	7	antisense	exonic_antisense	lincRNA (named)	FALSE	TRUE	FALSE	FALSE	FALSE	TRUE	FALSE		RNF32		RNF32	RNF32	20	RNF32	0	FALSE	brown	0.2981	0.1593	0.1593	0.0063762	0.7677	0.2671	0.9569
ENSG00000281912.1	LINC01144	ENSG00000281912.1	lncRNA	chr1	45303910	45305619	+	1710	1	1	1	antisense	exonic_antisense	lincRNA (named)	FALSE	TRUE	FALSE	FALSE	FALSE	TRUE	FALSE		ZSWIM5		ZSWIM5			ZSWIM5	0	FALSE	pink	0.8409	0.3576	0.3576	0.016882	0.8256	0.3445	0.9276
ENSG00000245937.8	LINC01184	ENSG00000245937.8	lncRNA	chr5	127939152	128083172	-	144021	30	11	6	antisense	exonic_antisense	lincRNA (named)	FALSE	TRUE	FALSE	FALSE	FALSE	TRUE	FALSE		CCDC192		CCDC192	SLC12A2	594	CCDC192	0	FALSE	grey	-0.0477	0.1263	0.1263	0.0020328	1.1221	0.1828	1
ENSG00000280734.3	LINC01232	ENSG00000280734.3	lncRNA	chr13	99486962	99499306	-	12345	6	7	4	antisense	exonic_antisense	lincRNA (named)	FALSE	TRUE	TRUE	FALSE	FALSE	TRUE	FALSE		TM9SF2	TM9SF2	TM9SF2	TM9SF2	150	TM9SF2	0	FALSE	yellow	0.5761	0.1531	0.1531	0.0016319	0.4497	0.2428	0.5147
ENSG00000233806.7	LINC01237	ENSG00000233806.7	lncRNA	chr2	241881363	242078722	+	197360	5	7	4	antisense	antisense_overlapping	lincRNA (named)	FALSE	FALSE	FALSE	FALSE	FALSE	TRUE	FALSE				FAM240C			FAM240C	0	FALSE	yellow	0.3564	0.6769	0.6769	0.0097824	0.2475	0.1923	0.2133
ENSG00000244128.7	LINC01322	ENSG00000244128.7	lncRNA	chr3	165206929	165846519	+	639591	37	26	9	antisense	antisense_overlapping	lincRNA (named)	FALSE	FALSE	FALSE	FALSE	FALSE	TRUE	FALSE				BCHE			BCHE	0	FALSE	grey	0.2301	0.2199	0.2199	0.0049834	0.3318	0.2758	0.3836
ENSG00000225434.3	LINC01504	ENSG00000225434.3	lncRNA	chr9	72305367	72356721	+	51355	7	8	7	antisense	exonic_antisense	lincRNA (named)	FALSE	TRUE	FALSE	FALSE	FALSE	TRUE	FALSE		ZFAND5		ZFAND5			ZFAND5	0	FALSE	grey	0.055	0.3731	0.3731	0.014056	0.9244	0.451	0.9002
ENSG00000235899.2	LINC01564	ENSG00000235899.2	lncRNA	chr6	53616471	53631400	+	14930	3	6	5	antisense	antisense_overlapping	lincRNA (named)	FALSE	FALSE	FALSE	FALSE	FALSE	TRUE	FALSE				GCLC			GCLC	0	FALSE	grey	-0.0475	0.0988	0.0988	0.0017162	0.3247	0.4615	0.2622
ENSG00000254815.6	LMNTD2-AS1	ENSG00000254815.6	lncRNA	chr11	557595	560107	+	2513	4	2	3	antisense	exonic_antisense	antisense	FALSE	TRUE	FALSE	FALSE	FALSE	TRUE	FALSE		LMNTD2		LMNTD2	LMNTD2	93	LMNTD2	0	FALSE	turquoise	0.6144	0.8059	0.8059	0.048205	0.736	0.6758	0.5558
ENSG00000261105.6	LMO7-AS1	ENSG00000261105.6	lncRNA	chr13	75604700	75635994	-	31295	3	5	4	antisense	exonic_antisense	antisense	FALSE	TRUE	FALSE	FALSE	FALSE	TRUE	FALSE		LMO7;UCHL3		UCHL3;LMO7	LMO7	329	LMO7	0	FALSE	grey	-0.3301	0.5406	0.5406	0.0057287	0.2724	0.215	0.227
ENSG00000261801.6	LOXL1-AS1	ENSG00000261801.6	lncRNA	chr15	73908071	73928248	-	20178	13	8	4	antisense	exonic_antisense	antisense	FALSE	TRUE	FALSE	FALSE	FALSE	TRUE	FALSE		LOXL1		LOXL1	LOXL1	120	LOXL1	0	FALSE	grey	0.2043	0.0546	0.0546	0.00066089	0.8803	0.4767	0.8356
ENSG00000270959.1	LPP-AS2	ENSG00000270959.1	lncRNA	chr3	188151206	188154057	-	2852	1	1	1	antisense	exonic_antisense	antisense	FALSE	TRUE	FALSE	FALSE	FALSE	TRUE	FALSE		LPP		LPP			LPP	0	FALSE	blue	0.4257	0.0854	0.0854	0.0037095	1.1436	0.3168	1
ENSG00000225342.2	LRRK2-DT	ENSG00000225342.2	lncRNA	chr12	40186009	40224915	-	38907	2	4	4	antisense	antisense_overlapping	divergent	FALSE	FALSE	FALSE	FALSE	FALSE	TRUE	FALSE				LRRK2	LRRK2	82	LRRK2	0	FALSE	blue	0.5348	0.1274	0.1274	0.01604	2.1858	0.8724	0.9746
ENSG00000248323.7	LUCAT1	ENSG00000248323.7	lncRNA	chr5	91054834	91314547	-	259714	61	26	10	antisense	antisense_overlapping	other	FALSE	FALSE	FALSE	FALSE	FALSE	TRUE	FALSE				ADGRV1			ADGRV1	0	FALSE	greenyellow	0.5653	0.247	0.247	0.011301	0.7001	0.7039	0.5421
ENSG00000247317.3	LY6E-DT	ENSG00000247317.3	lncRNA	chr8	142981738	143018437	-	36700	5	6	3	antisense	exonic_antisense	divergent	FALSE	TRUE	FALSE	FALSE	FALSE	TRUE	FALSE		LY6E		LY6E	LY6E	46	LY6E	0	FALSE	blue	0.4173	0.1134	0.1134	0.0093716	0.8582	0.6345	0.7084
ENSG00000272142.4	LYRM4-AS1	ENSG00000272142.4	lncRNA	chr6	5003774	5045666	+	41893	19	9	4	antisense	exonic_antisense	antisense	FALSE	TRUE	FALSE	FALSE	FALSE	TRUE	FALSE		RPP40		RPP40	RPP40	116	RPP40	0	FALSE	grey	-0.1541	-0.0557	0.0557	-0.0020427	0.5059	0.1976	0.728
ENSG00000234456.8	MAGI2-AS3	ENSG00000234456.8	lncRNA	chr7	79452877	79471208	+	18332	45	5	6	antisense	exonic_antisense	antisense	FALSE	TRUE	FALSE	FALSE	FALSE	TRUE	FALSE		MAGI2		MAGI2	MAGI2	5	MAGI2	0	FALSE	grey	-0.368	0.1994	0.1994	0.0025106	1.1539	0.4665	0.9706
ENSG00000253320.7	MAILR	ENSG00000253320.7	lncRNA	chr8	102864271	103002424	+	138154	18	21	7	antisense	antisense_overlapping	other	FALSE	FALSE	FALSE	FALSE	FALSE	TRUE	FALSE				AZIN1	AZIN1	78	AZIN1	0	FALSE	turquoise	0.3931	0.5167	0.5167	0.0092918	0.5571	0.2164	0.7926
ENSG00000245146.7	MALINC1	ENSG00000245146.7	lncRNA	chr5	140071312	140109274	-	37963	17	7	5	antisense	exonic_antisense	other	FALSE	TRUE	FALSE	FALSE	FALSE	TRUE	FALSE		PURA		PURA	PURA	32	PURA	0	FALSE	grey	-0.011	0.516	0.516	0.0069291	0.6048	0.1811	0.9295
ENSG00000267278.6	MAP3K14-AS1	ENSG00000267278.6	lncRNA	chr17	45247916	45269824	+	21909	13	6	5	antisense	exonic_antisense	antisense	FALSE	TRUE	FALSE	FALSE	FALSE	TRUE	FALSE		SPATA32;MAP3K14		SPATA32;MAP3K14	SPATA32	97	MAP3K14	0	FALSE	turquoise	0.4428	0.6849	0.6849	0.015628	0.5937	0.2686	0.7652
ENSG00000236682.2	MAP3K2-DT	ENSG00000236682.2	lncRNA	chr2	127388184	127400580	+	12397	3	4	3	antisense	exonic_antisense	divergent	FALSE	TRUE	FALSE	FALSE	FALSE	TRUE	FALSE		MAP3K2		MAP3K2	MAP3K2	252	MAP3K2	0	FALSE	greenyellow	0.4398	0.2333	0.2333	0.0091086	0.8606	0.4404	0.9061
ENSG00000272841.1	MAP3K4-AS1	ENSG00000272841.1	lncRNA	chr6	160990318	160992342	-	2025	1	1	1	antisense	exonic_antisense	antisense	FALSE	TRUE	FALSE	FALSE	FALSE	TRUE	FALSE		MAP3K4		MAP3K4			MAP3K4	0	FALSE	grey	0.0558	-0.0358	0.0358	-0.0020677	0.4119	0.2818	0.4932
ENSG00000234608.8	MAPKAPK5-AS1	ENSG00000234608.8	lncRNA	chr12	111839764	111842902	-	3139	11	1	4	antisense	exonic_antisense	antisense	FALSE	TRUE	FALSE	FALSE	FALSE	TRUE	FALSE		MAPKAPK5		MAPKAPK5	MAPKAPK5	130	MAPKAPK5	0	FALSE	brown	0.5067	0.3382	0.3382	0.011766	2.2957	0.3256	1
ENSG00000186056.10	MATN1-AS1	ENSG00000186056.10	lncRNA	chr1	30718504	30726827	+	8324	5	4	5	antisense	exonic_antisense	antisense	FALSE	TRUE	FALSE	FALSE	FALSE	TRUE	FALSE		MATN1		MATN1			MATN1	0	FALSE	brown	0.4668	0.6403	0.6403	0.014358	0.4611	0.2457	0.5636
ENSG00000229619.4	MBNL1-AS1	ENSG00000229619.4	lncRNA	chr3	152245262	152269557	-	24296	4	3	2	antisense	exonic_antisense	antisense	FALSE	TRUE	TRUE	FALSE	FALSE	TRUE	FALSE		MBNL1	MBNL1	MBNL1	MBNL1	342	MBNL1	0	FALSE	red	0.4922	0.0903	0.0903	0.00095124	0.6026	0.2998	0.7828
ENSG00000243368.2	MCCC1-AS1	ENSG00000243368.2	lncRNA	chr3	183016255	183017808	+	1554	1	2	2	antisense	exonic_antisense	antisense	FALSE	TRUE	FALSE	FALSE	FALSE	TRUE	FALSE		MCCC1		MCCC1			MCCC1	0	FALSE	turquoise	0.5439	0.8354	0.8354	0.025429	0.5059	0.3764	0.5245
ENSG00000235280.2	MCF2L-AS1	ENSG00000235280.2	lncRNA	chr13	112967484	112968824	-	1341	1	2	2	antisense	exonic_antisense	antisense	FALSE	TRUE	TRUE	FALSE	FALSE	TRUE	FALSE		MCF2L	MCF2L	MCF2L	MCF2L	390	MCF2L	0	FALSE	magenta	0.7641	0.1564	0.1564	-0.0019571	0.3485	0.442	0.2701
ENSG00000215424.10	MCM3AP-AS1	ENSG00000215424.10	lncRNA	chr21	46229196	46259390	+	30195	15	8	4	antisense	exonic_antisense	antisense	FALSE	TRUE	FALSE	FALSE	FALSE	TRUE	FALSE		MCM3AP		MCM3AP	LSS	372	MCM3AP	0	FALSE	green	0.6454	0.8603	0.8603	0.011925	0.3592	0.1784	0.4207
ENSG00000249898.8	MCPH1-AS1	ENSG00000249898.8	lncRNA	chr8	6617310	6708224	-	90915	12	8	7	antisense	exonic_antisense	antisense	FALSE	TRUE	FALSE	FALSE	FALSE	TRUE	FALSE		MCPH1		MCPH1	AGPAT5	418	MCPH1	0	FALSE	tan	0.36	0.3781	0.3781	0.003405	0.2912	0.1307	0.2231
ENSG00000234636.2	MED14OS	ENSG00000234636.2	lncRNA	chrX	40735400	40738701	+	3302	1	2	2	antisense	exonic_antisense	other	FALSE	TRUE	FALSE	FALSE	FALSE	TRUE	FALSE		MED14		MED14	MED14	102	MED14	0	FALSE	grey	0.0513	-0.0925	0.0925	-0.0013971	0.6725	0.2769	0.8982
ENSG00000229431.1	MED8-AS1	ENSG00000229431.1	lncRNA	chr1	43385113	43389155	+	4043	1	4	4	antisense	exonic_antisense	antisense	FALSE	TRUE	FALSE	FALSE	FALSE	TRUE	FALSE		MED8		MED8			MED8	0	FALSE	black	0.5834	0.7868	0.7868	0.01976	0.4855	0.3198	0.5558
ENSG00000228109.1	MELTF-AS1	ENSG00000228109.1	lncRNA	chr3	196999460	197004744	+	5285	5	6	4	antisense	exonic_antisense	antisense	FALSE	TRUE	FALSE	FALSE	FALSE	TRUE	FALSE		MELTF		MELTF			MELTF	0	FALSE	turquoise	0.589	0.5852	0.5852	0.0252	0.7632	0.5257	0.7534
ENSG00000246731.3	MGC16275	ENSG00000246731.3	lncRNA	chr17	74209980	74213342	-	3363	5	2	2	antisense	exonic_antisense	other	FALSE	TRUE	FALSE	FALSE	FALSE	TRUE	FALSE		RPL38		RPL38	TTYH2	229	RPL38	0	FALSE	grey	-0.1967	0.2124	0.2124	0.0033808	0.3422	0.1675	0.3699
ENSG00000286940.1	MICB-DT	ENSG00000286940.1	lncRNA	chr6	31479973	31494935	-	14963	2	2	2	antisense	exonic_antisense	divergent	FALSE	TRUE	FALSE	FALSE	FALSE	TRUE	FALSE		MICB		MICB	MICB	561	MICB	0	FALSE	yellow	0.4403	0.4065	0.4065	0.017075	0.9083	0.5214	0.8748
ENSG00000218537.1	MIF-AS1	ENSG00000218537.1	lncRNA	chr22	23894426	23898930	-	4505	1	3	3	antisense	exonic_antisense	antisense	FALSE	TRUE	FALSE	FALSE	FALSE	TRUE	FALSE		AP000350.4;MIF		AP000350.4;MIF			MIF	0	FALSE	grey	-0.0865	0.3332	0.3332	0.010191	0.6087	0.3555	0.7339
ENSG00000186594.14	MIR22HG	ENSG00000186594.14	lncRNA	chr17	1711493	1717174	-	5682	19	4	4	antisense	antisense_overlapping	other	FALSE	FALSE	FALSE	FALSE	FALSE	TRUE	FALSE				WDR81	WDR81	182	WDR81	0	FALSE	black	0.3556	0.3566	0.3566	0.017783	2.7709	0.7312	1
ENSG00000233006.8	MIR3936HG	ENSG00000233006.8	lncRNA	chr5	132311285	132370170	-	58886	8	9	8	antisense	exonic_antisense	other	FALSE	TRUE	FALSE	FALSE	FALSE	TRUE	FALSE		SLC22A5;SLC22A4		SLC22A4;SLC22A5	SLC22A5	7	SLC22A5	0	FALSE	blue	0.5762	0.7733	0.7733	0.048782	1.8683	0.6944	0.9922
ENSG00000172965.17	MIR4435-2HG	ENSG00000172965.17	lncRNA	chr2	111006015	111523376	-	517362	108	44	9	antisense	exonic_antisense	other	FALSE	TRUE	FALSE	FALSE	FALSE	TRUE	FALSE		BCL2L11		ACOXL;BCL2L11			BCL2L11	0	FALSE	red	0.6914	0.1528	0.1528	0.0026741	0.9075	0.2988	0.9746
ENSG00000260083.2	MIR762HG	ENSG00000260083.2	lncRNA	chr16	30875222	30895220	+	19999	8	4	3	antisense	exonic_antisense	other	FALSE	TRUE	FALSE	FALSE	FALSE	TRUE	FALSE		BCL7C		BCL7C	BCL7C	96	BCL7C	0	FALSE	brown	0.7028	0.4219	0.4219	0.0078185	0.5108	0.1698	0.771
ENSG00000227256.1	MIS18A-AS1	ENSG00000227256.1	lncRNA	chr21	32277863	32280988	+	3126	1	3	3	antisense	antisense_overlapping	antisense	FALSE	FALSE	FALSE	FALSE	FALSE	TRUE	FALSE				MIS18A			MIS18A	0	FALSE	pink	0.4953	0.6555	0.6555	0.011103	0.3166	0.1954	0.3229
ENSG00000236753.7	MKLN1-AS	ENSG00000236753.7	lncRNA	chr7	131309469	131328312	-	18844	16	4	7	antisense	exonic_antisense	antisense	FALSE	TRUE	TRUE	FALSE	FALSE	TRUE	FALSE		MKLN1	MKLN1	MKLN1	MKLN1	67	MKLN1	0	FALSE	grey	0.1042	0.1029	0.1029	0.0015352	0.8642	0.2263	0.9961
ENSG00000261971.8	MMP25-AS1	ENSG00000261971.8	lncRNA	chr16	3037400	3059370	-	21971	10	11	7	antisense	exonic_antisense	antisense	FALSE	TRUE	FALSE	FALSE	FALSE	TRUE	FALSE		MMP25		MMP25	MMP25	562	MMP25	0	FALSE	turquoise	0.555	0.7812	0.7812	0.036495	1.0948	0.5256	0.9667
ENSG00000231154.1	MORF4L2-AS1	ENSG00000231154.1	lncRNA	chrX	103687284	103691772	+	4489	1	3	3	antisense	exonic_antisense	antisense	FALSE	TRUE	FALSE	FALSE	FALSE	TRUE	FALSE		MORF4L2		MORF4L2	MORF4L2	466	MORF4L2	0	FALSE	salmon	0.5961	0.8176	0.8176	0.016719	0.3125	0.2406	0.317
ENSG00000224870.7	MRPL20-AS1	ENSG00000224870.7	lncRNA	chr1	1399520	1402046	+	2527	9	1	3	antisense	exonic_antisense	antisense	FALSE	TRUE	FALSE	FALSE	FALSE	TRUE	FALSE		MRPL20		MRPL20	CCNL2	185	MRPL20	0	FALSE	brown	0.525	0.158	0.158	0.0085183	2.454	0.3743	1
ENSG00000231851.6	MRPS9-AS1	ENSG00000231851.6	lncRNA	chr2	105092368	105103036	-	10669	4	7	7	antisense	exonic_antisense	antisense	FALSE	TRUE	FALSE	FALSE	FALSE	TRUE	FALSE		MRPS9		MRPS9			MRPS9	0	FALSE	turquoise	0.3238	0.8296	0.8296	0.01302	0.2694	0.198	0.2544
ENSG00000235531.11	MSC-AS1	ENSG00000235531.11	lncRNA	chr8	71828167	72118393	+	290227	14	19	7	antisense	exonic_antisense	antisense	FALSE	TRUE	FALSE	FALSE	FALSE	TRUE	FALSE		MSC;TRPA1		MSC;TRPA1	MSC	131	TRPA1	0	FALSE	grey	0.2772	-0.0069	0.0069	-0.00062466	1.2565	0.4299	0.9667
ENSG00000227053.1	MUC12-AS1	ENSG00000227053.1	lncRNA	chr7	101014320	101017608	-	3289	2	3	3	antisense	exonic_antisense	antisense	FALSE	TRUE	FALSE	FALSE	FALSE	TRUE	FALSE		MUC12		MUC12			MUC12	0	FALSE	greenyellow	0.4964	0.0915	0.0915	0.0048214	0.4129	0.4166	0.3659
ENSG00000228323.2	MYADM-AS1	ENSG00000228323.2	lncRNA	chr19	53854581	53869107	-	14527	1	4	4	antisense	antisense_overlapping	antisense	FALSE	FALSE	FALSE	FALSE	FALSE	TRUE	FALSE				MYADM	MYADM	299	MYADM	0	FALSE	grey	0.001	0.4453	0.4453	0.011004	0.3017	0.3073	0.2564
ENSG00000267858.6	MZF1-AS1	ENSG00000267858.6	lncRNA	chr19	58559129	58574797	+	15669	5	7	6	antisense	exonic_antisense	antisense	FALSE	TRUE	FALSE	FALSE	FALSE	TRUE	FALSE		MZF1		MZF1	UBE2M	175	MZF1	0	FALSE	turquoise	0.5422	0.7064	0.7064	0.011773	0.503	0.2024	0.681
ENSG00000268061.5	NAPA-AS1	ENSG00000268061.5	lncRNA	chr19	47484282	47501597	+	17316	2	4	4	antisense	exonic_antisense	antisense	FALSE	TRUE	FALSE	FALSE	FALSE	TRUE	FALSE		NAPA		NAPA	KPTN	17	NAPA	0	FALSE	blue	0.4039	0.0626	0.0626	0.0036517	0.6933	0.2458	0.9159
ENSG00000225578.1	NCBP2-AS1	ENSG00000225578.1	lncRNA	chr3	196939877	196942534	+	2658	1	3	3	antisense	exonic_antisense	antisense	FALSE	TRUE	FALSE	FALSE	FALSE	TRUE	FALSE		NCBP2		NCBP2			NCBP2	0	FALSE	black	0.4482	0.7516	0.7516	0.012481	0.273	0.2224	0.2622
ENSG00000239213.6	NCK1-DT	ENSG00000239213.6	lncRNA	chr3	136835345	136862618	-	27274	9	5	4	antisense	exonic_antisense	divergent	FALSE	TRUE	FALSE	FALSE	FALSE	TRUE	FALSE		NCK1;SLC35G2		SLC35G2;NCK1	NCK1	26	NCK1	0	FALSE	yellow	0.5657	0.603	0.603	0.0092434	0.5704	0.1777	0.8787
ENSG00000237037.9	NDUFA6-DT	ENSG00000237037.9	lncRNA	chr22	42090931	42137742	+	46812	16	20	8	antisense	antisense_overlapping	divergent	FALSE	FALSE	FALSE	FALSE	FALSE	TRUE	FALSE				CYP2D6	NDUFA6	47	CYP2D6	0	FALSE	tan	0.4271	0.7108	0.7108	0.010997	0.442	0.1761	0.5734
ENSG00000266053.2	NDUFV2-AS1	ENSG00000266053.2	lncRNA	chr18	9121265	9136645	-	15381	3	4	4	antisense	exonic_antisense	antisense	FALSE	TRUE	FALSE	FALSE	FALSE	TRUE	FALSE		ANKRD12		NDUFV2;ANKRD12	ANKRD12	136	ANKRD12	0	FALSE	turquoise	0.5552	0.7026	0.7026	0.019816	0.8854	0.2988	0.9726
ENSG00000231920.1	NEBL-AS1	ENSG00000231920.1	lncRNA	chr10	21174014	21175048	+	1035	2	3	2	antisense	exonic_antisense	antisense	FALSE	TRUE	TRUE	FALSE	FALSE	TRUE	FALSE		NEBL	NEBL	NEBL	NEBL	121	NEBL	0	FALSE	pink	0.6107	0.1435	0.1435	0.01038	0.6222	0.4066	0.6928
ENSG00000272145.1	NFYC-AS1	ENSG00000272145.1	lncRNA	chr1	40690380	40692066	-	1687	1	1	1	antisense	exonic_antisense	antisense	FALSE	TRUE	FALSE	FALSE	FALSE	TRUE	FALSE		NFYC		NFYC	NFYC	224	NFYC	0	FALSE	turquoise	0.5584	0.8583	0.8583	0.031221	0.7152	0.4343	0.7241
ENSG00000236859.7	NIFK-AS1	ENSG00000236859.7	lncRNA	chr2	121649320	121728563	+	79244	15	4	5	antisense	exonic_antisense	antisense	FALSE	TRUE	FALSE	FALSE	FALSE	TRUE	FALSE		CLASP1;NIFK		CLASP1;NIFK	CLASP1	145	NIFK	0	FALSE	pink	0.6894	0.18	0.18	0.0067775	1.1274	0.2299	1
ENSG00000177406.5	NINJ2-AS1	ENSG00000177406.5	lncRNA	chr12	630858	664196	+	33339	7	9	5	antisense	exonic_antisense	antisense	FALSE	TRUE	FALSE	FALSE	FALSE	TRUE	FALSE		NINJ2		NINJ2			NINJ2	0	FALSE	magenta	0.4491	0.1248	0.1248	0.0043544	1.671	0.3967	1
ENSG00000278709.2	NKILA	ENSG00000278709.2	lncRNA	chr20	57710156	57712780	+	2625	2	1	2	antisense	exonic_antisense	other	FALSE	TRUE	FALSE	FALSE	FALSE	TRUE	FALSE		PMEPA1		PMEPA1	PMEPA1	141	PMEPA1	0	FALSE	grey	0.0166	-0.0147	0.0147	-0.00031964	0.8606	0.392	0.9276
ENSG00000248092.8	NNT-AS1	ENSG00000248092.8	lncRNA	chr5	43571594	43603230	-	31637	8	5	3	antisense	exonic_antisense	antisense	FALSE	TRUE	FALSE	FALSE	FALSE	TRUE	FALSE		NNT		NNT	NNT	4	NNT	0	FALSE	tan	0.6286	0.0578	0.0578	-0.00070242	1.8822	0.4501	0.998
ENSG00000249673.7	NOP14-AS1	ENSG00000249673.7	lncRNA	chr4	2934882	2961738	+	26857	13	6	6	antisense	exonic_antisense	antisense	FALSE	TRUE	FALSE	FALSE	FALSE	TRUE	FALSE		NOP14		NOP14	MFSD10	48	NOP14	0	FALSE	grey	-0.0815	0.1206	0.1206	0.0046415	1.4352	0.2952	1
ENSG00000269656.1	NOP53-AS1	ENSG00000269656.1	lncRNA	chr19	47757036	47768840	-	11805	1	3	3	antisense	exonic_antisense	antisense	FALSE	TRUE	FALSE	FALSE	FALSE	TRUE	FALSE		NOP53		NOP53			NOP53	0	FALSE	grey	0.048	0.228	0.228	0.004472	0.433	0.2215	0.5773
ENSG00000237187.9	NR2F1-AS1	ENSG00000237187.9	lncRNA	chr5	93360779	93585649	-	224871	75	26	10	antisense	exonic_antisense	antisense	FALSE	TRUE	FALSE	FALSE	FALSE	TRUE	FALSE		NR2F1		NR2F1			NR2F1	0	FALSE	red	0.6537	0.1434	0.1434	0.0013469	0.3663	0.2264	0.4051
ENSG00000247809.9	NR2F2-AS1	ENSG00000247809.9	lncRNA	chr15	96110040	96327361	-	217322	18	26	7	antisense	antisense_overlapping	antisense	FALSE	FALSE	FALSE	FALSE	FALSE	TRUE	FALSE				NR2F2			NR2F2	0	FALSE	salmon	0.7092	0.7031	0.7031	0.017973	0.7191	0.2922	0.8904
ENSG00000259884.1	NR4A1AS	ENSG00000259884.1	lncRNA	chr12	52058459	52059503	-	1045	2	2	2	antisense	exonic_antisense	other	FALSE	TRUE	FALSE	FALSE	FALSE	TRUE	FALSE		NR4A1		NR4A1			NR4A1	0	FALSE	black	0.3199	0.6198	0.6198	0.034297	0.7366	0.777	0.5499
ENSG00000248008.3	NRAV	ENSG00000248008.3	lncRNA	chr12	120488079	120495946	-	7868	3	2	2	antisense	exonic_antisense	other	FALSE	TRUE	TRUE	FALSE	FALSE	TRUE	FALSE		DYNLL1	DYNLL1	DYNLL1	DYNLL1	136	DYNLL1	0	FALSE	blue	0.4701	0.1285	0.1285	0.0074643	2.4786	0.4175	1
ENSG00000225377.6	NRSN2-AS1	ENSG00000225377.6	lncRNA	chr20	316860	348490	-	31631	4	5	3	antisense	exonic_antisense	antisense	FALSE	TRUE	FALSE	FALSE	FALSE	TRUE	FALSE		NRSN2		SOX12;NRSN2	NRSN2	76	NRSN2	0	FALSE	tan	0.5416	0.3776	0.3776	0.0066759	1.0811	0.303	1
ENSG00000237410.1	NRXN2-AS1	ENSG00000237410.1	lncRNA	chr11	64646399	64659681	+	13283	1	2	2	antisense	antisense_overlapping	antisense	FALSE	FALSE	FALSE	FALSE	FALSE	TRUE	FALSE				NRXN2			NRXN2	0	FALSE	salmon	0.3447	0.2973	0.2973	0.0076055	0.2574	0.2408	0.2153
ENSG00000223482.8	NUTM2A-AS1	ENSG00000223482.8	lncRNA	chr10	87201647	87342612	-	140966	34	23	7	antisense	exonic_antisense	antisense	FALSE	TRUE	FALSE	FALSE	FALSE	TRUE	FALSE		NUTM2A		NUTM2A			NUTM2A	0	FALSE	grey	-0.1338	0.4168	0.4168	0.0054003	0.7793	0.1966	0.9746
ENSG00000225484.7	NUTM2B-AS1	ENSG00000225484.7	lncRNA	chr10	79661394	79826594	-	165201	22	17	9	antisense	antisense_overlapping	antisense	FALSE	FALSE	FALSE	FALSE	FALSE	TRUE	FALSE				NUTM2B			NUTM2B	0	FALSE	grey	-0.1264	0.5008	0.5008	0.0048637	0.4627	0.1271	0.7515
ENSG00000162913.10	OBSCN-AS1	ENSG00000162913.10	lncRNA	chr1	228203503	228213664	-	10162	7	6	4	antisense	exonic_antisense	antisense	FALSE	TRUE	FALSE	FALSE	FALSE	TRUE	FALSE		OBSCN		OBSCN	OBSCN	24	OBSCN	0	FALSE	turquoise	0.4739	0.6966	0.6966	0.010697	0.2821	0.1943	0.2485
ENSG00000248256.1	OCIAD1-AS1	ENSG00000248256.1	lncRNA	chr4	48852008	48860203	-	8196	1	2	2	antisense	exonic_antisense	antisense	FALSE	TRUE	TRUE	FALSE	FALSE	TRUE	FALSE		OCIAD1	OCIAD1	OCIAD1			OCIAD1	0	FALSE	turquoise	0.2989	0.6465	0.6465	0.022445	0.8222	0.4257	0.8493
ENSG00000229873.1	OGFR-AS1	ENSG00000229873.1	lncRNA	chr20	62800627	62805587	-	4961	1	3	3	antisense	exonic_antisense	antisense	FALSE	TRUE	FALSE	FALSE	FALSE	TRUE	FALSE		MRGBP		MRGBP;OGFR	OGFR	299	OGFR	0	FALSE	turquoise	0.4596	0.6964	0.6964	0.015535	0.3852	0.2613	0.4051
ENSG00000244479.7	OR2A1-AS1	ENSG00000244479.7	lncRNA	chr7	144300395	144356181	-	55787	10	14	6	antisense	exonic_antisense	antisense	FALSE	TRUE	FALSE	FALSE	FALSE	TRUE	FALSE		ARHGEF5;OR2A1		OR2A1;ARHGEF5	ARHGEF5	1	ARHGEF5	0	FALSE	grey	-0.0547	0.359	0.359	0.004138	0.3103	0.197	0.2916
ENSG00000253559.1	OSGEPL1-AS1	ENSG00000253559.1	lncRNA	chr2	189762704	189765556	+	2853	3	3	3	antisense	exonic_antisense	antisense	FALSE	TRUE	FALSE	FALSE	FALSE	TRUE	FALSE		OSGEPL1		OSGEPL1	OSGEPL1	28	OSGEPL1	0	FALSE	turquoise	0.4419	0.676	0.676	0.011357	0.3295	0.1818	0.3464
ENSG00000253738.2	OTUD6B-AS1	ENSG00000253738.2	lncRNA	chr8	91059318	91070583	-	11266	4	3	3	antisense	exonic_antisense	antisense	FALSE	TRUE	FALSE	FALSE	FALSE	TRUE	FALSE		OTUD6B		OTUD6B	OTUD6B	7	OTUD6B	0	FALSE	tan	0.5387	0.1352	0.1352	0.00041063	1.9343	0.3749	1
ENSG00000248668.3	OXCT1-AS1	ENSG00000248668.3	lncRNA	chr5	41869927	41872241	+	2315	3	2	3	antisense	exonic_antisense	antisense	FALSE	TRUE	FALSE	FALSE	FALSE	TRUE	FALSE		OXCT1		OXCT1			OXCT1	0	FALSE	tan	0.6748	0.203	0.203	0.0079	0.4013	0.3189	0.4481
ENSG00000225764.2	P3H2-AS1	ENSG00000225764.2	lncRNA	chr3	190120964	190145107	+	24144	1	5	5	antisense	antisense_overlapping	antisense	FALSE	FALSE	FALSE	FALSE	FALSE	TRUE	FALSE				P3H2	P3H2	67	P3H2	0	FALSE	greenyellow	0.4351	0.063	0.063	0.0055514	1.1888	0.7322	0.908
ENSG00000229539.1	PANK2-AS1	ENSG00000229539.1	lncRNA	chr20	3888239	3888868	-	630	1	2	2	antisense	exonic_antisense	antisense	FALSE	TRUE	FALSE	FALSE	FALSE	TRUE	FALSE		PANK2		PANK2	PANK2	66	PANK2	0	FALSE	brown	0.4135	0.4369	0.4369	0.015158	0.9234	0.397	0.9237
ENSG00000267270.6	PARD6G-AS1	ENSG00000267270.6	lncRNA	chr18	80147924	80179839	+	31916	6	6	4	antisense	antisense_overlapping	antisense	FALSE	FALSE	FALSE	FALSE	FALSE	TRUE	FALSE				PARD6G			PARD6G	0	FALSE	grey	-0.2132	0.3667	0.3667	0.0082962	0.5414	0.28	0.7397
ENSG00000189223.15	PAX8-AS1	ENSG00000189223.15	lncRNA	chr2	113211421	113276581	+	65161	30	11	6	antisense	exonic_antisense	antisense	FALSE	TRUE	FALSE	FALSE	FALSE	TRUE	FALSE		PAX8		PAX8	PAX8	26	PAX8	0	FALSE	grey	-0.0545	0.6433	0.6433	0.020067	0.8994	0.475	0.9061
ENSG00000238197.6	PAXBP1-AS1	ENSG00000238197.6	lncRNA	chr21	32728097	32747065	+	18969	14	6	5	antisense	exonic_antisense	antisense	FALSE	TRUE	FALSE	FALSE	FALSE	TRUE	FALSE		PAXBP1		PAXBP1	SYNJ1	57	PAXBP1	0	FALSE	green	0.5985	0.8364	0.8364	0.013941	0.4421	0.2058	0.5245
ENSG00000214106.9	PAXIP1-AS2	ENSG00000214106.9	lncRNA	chr7	154928460	154952188	+	23729	9	5	8	antisense	exonic_antisense	antisense	FALSE	TRUE	FALSE	FALSE	FALSE	TRUE	FALSE		PAXIP1		PAXIP1			PAXIP1	0	FALSE	midnightblue	0.6613	0.2843	0.2843	0.0050043	1.341	0.3508	0.998
ENSG00000231806.3	PCAT7	ENSG00000231806.3	lncRNA	chr9	94555054	94603990	+	48937	3	10	9	antisense	exonic_antisense	other	FALSE	TRUE	FALSE	FALSE	FALSE	TRUE	FALSE		FBP2;FBP1		FBP2;FBP1			FBP1	0	FALSE	grey	-0.2267	0.055	0.055	0.0013182	0.2371	0.2197	0.2035
ENSG00000247774.7	PCED1B-AS1	ENSG00000247774.7	lncRNA	chr12	47205898	47216456	-	10559	12	3	5	antisense	exonic_antisense	antisense	FALSE	TRUE	TRUE	FALSE	FALSE	TRUE	FALSE		PCED1B	PCED1B	PCED1B	PCED1B	131	PCED1B	0	FALSE	yellow	0.9257	0.1923	0.1923	0.013939	1.4736	0.6251	0.9785
ENSG00000203497.2	PDCD4-AS1	ENSG00000203497.2	lncRNA	chr10	110869868	110872233	-	2366	1	2	2	antisense	antisense_overlapping	antisense	FALSE	FALSE	FALSE	FALSE	FALSE	TRUE	FALSE				PDCD4			PDCD4	0	FALSE	brown	0.3117	0.0226	0.0226	0.0041347	1.9336	0.4769	0.998
ENSG00000256633.1	PDE2A-AS2	ENSG00000256633.1	lncRNA	chr11	72584572	72587979	+	3408	1	2	2	antisense	exonic_antisense	antisense	FALSE	TRUE	FALSE	FALSE	FALSE	TRUE	FALSE		PDE2A		PDE2A	PDE2A	99	PDE2A	0	FALSE	yellow	0.4089	0.3389	0.3389	0.0068617	0.2795	0.2035	0.2603
ENSG00000237836.6	PHKA2-AS1	ENSG00000237836.6	lncRNA	chrX	18890296	18894974	+	4679	3	3	3	antisense	exonic_antisense	antisense	FALSE	TRUE	FALSE	FALSE	FALSE	TRUE	FALSE		PHKA2		PHKA2			PHKA2	0	FALSE	blue	0.4719	0.4515	0.4515	0.017418	0.64	0.3395	0.7847
ENSG00000228839.5	PIK3IP1-DT	ENSG00000228839.5	lncRNA	chr22	31292499	31338021	+	45523	2	3	2	antisense	exonic_antisense	divergent	FALSE	TRUE	FALSE	FALSE	FALSE	TRUE	FALSE		PIK3IP1		PIK3IP1;PATZ1	PIK3IP1	11	PATZ1	0	FALSE	magenta	0.475	0.642	0.642	0.014565	0.4511	0.3092	0.5284
ENSG00000236618.2	PITPNA-AS1	ENSG00000236618.2	lncRNA	chr17	1516931	1518096	+	1166	1	2	2	antisense	exonic_antisense	antisense	FALSE	TRUE	FALSE	FALSE	FALSE	TRUE	FALSE		PITPNA		PITPNA	INPP5K	189	PITPNA	0	FALSE	pink	0.476	-0.0514	0.0514	0.0025519	0.4729	0.2462	0.6145
ENSG00000237399.7	PITRM1-AS1	ENSG00000237399.7	lncRNA	chr10	3141632	3167972	+	26341	3	6	4	antisense	exonic_antisense	antisense	FALSE	TRUE	FALSE	FALSE	FALSE	TRUE	FALSE		PITRM1		PITRM1	PITRM1	52	PITRM1	0	FALSE	salmon	0.419	0.6786	0.6786	0.0095514	0.3013	0.1716	0.2544
ENSG00000256751.6	PLBD1-AS1	ENSG00000256751.6	lncRNA	chr12	14567393	14624191	+	56799	3	6	5	antisense	exonic_antisense	antisense	FALSE	TRUE	FALSE	FALSE	FALSE	TRUE	FALSE		PLBD1;GUCY2C		PLBD1;GUCY2C	PLBD1	22	GUCY2C	0	FALSE	magenta	0.4851	-0.0374	0.0374	-0.0052947	0.7609	0.3624	0.8767
ENSG00000226648.2	PLCG1-AS1	ENSG00000226648.2	lncRNA	chr20	41098019	41138003	-	39985	6	7	7	antisense	exonic_antisense	antisense	FALSE	TRUE	FALSE	FALSE	FALSE	TRUE	FALSE		PLCG1;TOP1		TOP1;PLCG1	PLCG1	152	PLCG1	0	FALSE	black	0.562	0.8617	0.8617	0.010833	0.2583	0.1637	0.227
ENSG00000270344.3	POC1B-AS1	ENSG00000270344.3	lncRNA	chr12	89524594	89548005	+	23412	2	3	3	antisense	exonic_antisense	antisense	FALSE	TRUE	FALSE	FALSE	FALSE	TRUE	FALSE		GALNT4;POC1B		POC1B;POC1B-GALNT4;GALNT4	POC1B	49	GALNT4	0	FALSE	turquoise	0.3927	0.8197	0.8197	0.010067	0.3497	0.1545	0.3836
ENSG00000214783.9	POLR2J4	ENSG00000214783.9	lncRNA	chr7	43940895	44019175	-	78281	2	16	16	antisense	exonic_antisense	other	FALSE	TRUE	FALSE	FALSE	FALSE	TRUE	FALSE		UBE2D4		UBE2D4;SPDYE1			SPDYE1	0	FALSE	turquoise	0.5503	0.8061	0.8061	0.017294	0.3678	0.2478	0.4168
ENSG00000224897.8	POT1-AS1	ENSG00000224897.8	lncRNA	chr7	124929873	125482966	+	553094	29	42	11	antisense	exonic_antisense	antisense	FALSE	TRUE	FALSE	FALSE	FALSE	TRUE	FALSE		POT1		POT1	POT1	13	POT1	0	FALSE	lightcyan	0.6176	0.0791	0.0791	0.012318	2.2846	0.9732	0.9452
ENSG00000257557.2	PPP1R12A-AS1	ENSG00000257557.2	lncRNA	chr12	79934901	79942712	+	7812	1	3	3	antisense	exonic_antisense	antisense	FALSE	TRUE	FALSE	FALSE	FALSE	TRUE	FALSE		PPP1R12A		PPP1R12A	PPP1R12A	186	PPP1R12A	0	FALSE	tan	0.5796	0.3543	0.3543	0.0072376	0.4741	0.2073	0.6282
ENSG00000225361.4	PPP1R26-AS1	ENSG00000225361.4	lncRNA	chr9	135462727	135480777	-	18051	6	6	3	antisense	antisense_overlapping	antisense	FALSE	FALSE	FALSE	FALSE	FALSE	TRUE	FALSE				PPP1R26			PPP1R26	0	FALSE	blue	0.5011	0.5378	0.5378	0.025939	0.9087	0.4842	0.8963
ENSG00000240211.1	PPP1R35-AS1	ENSG00000240211.1	lncRNA	chr7	100436204	100438504	+	2301	1	2	2	antisense	exonic_antisense	antisense	FALSE	TRUE	FALSE	FALSE	FALSE	TRUE	FALSE		PPP1R35		PPP1R35	PPP1R35	68	PPP1R35	0	FALSE	grey	0.0273	0.5419	0.5419	0.015209	0.3298	0.3243	0.3327
ENSG00000221817.10	PPP3CB-AS1	ENSG00000221817.10	lncRNA	chr10	73495525	73520070	+	24546	15	10	6	antisense	exonic_antisense	antisense	FALSE	TRUE	FALSE	FALSE	FALSE	TRUE	FALSE		PPP3CB;USP54		PPP3CB;USP54	PPP3CB	263	USP54	0	FALSE	grey	-0.2466	0.5686	0.5686	0.0082852	0.6233	0.1763	0.9432
ENSG00000257815.7	PRANCR	ENSG00000257815.7	lncRNA	chr12	69901918	70243379	-	341462	10	10	8	antisense	exonic_antisense	other	FALSE	TRUE	FALSE	FALSE	FALSE	TRUE	FALSE		CNOT2;MYRFL		MYRFL;CNOT2	CNOT2	31	CNOT2	0	FALSE	grey	0.414	0.4355	0.4355	0.0073093	0.3419	0.2227	0.3209
ENSG00000203739.4	PRDX6-AS1	ENSG00000203739.4	lncRNA	chr1	173417793	173489407	-	71615	9	10	4	antisense	antisense_overlapping	antisense	FALSE	FALSE	FALSE	FALSE	FALSE	TRUE	FALSE				PRDX6	PRDX6	159	PRDX6	0	FALSE	turquoise	0.3616	0.7093	0.7093	0.01044	0.4802	0.1778	0.6477
ENSG00000239911.2	PRKAG2-AS1	ENSG00000239911.2	lncRNA	chr7	151877042	151879223	+	2182	2	3	3	antisense	exonic_antisense	antisense	FALSE	TRUE	FALSE	FALSE	FALSE	TRUE	FALSE		PRKAG2		PRKAG2	PRKAG2	194	PRKAG2	0	FALSE	brown	0.3838	0.2439	0.2439	0.020041	1.9288	0.6242	0.9922
ENSG00000237181.1	PRKAR1B-AS1	ENSG00000237181.1	lncRNA	chr7	603185	608482	+	5298	1	2	2	antisense	antisense_overlapping	antisense	FALSE	FALSE	FALSE	FALSE	FALSE	TRUE	FALSE				PRKAR1B	PRKAR1B	502	PRKAR1B	0	FALSE	grey	0.5164	0.1179	0.1179	0.0088449	1.823	0.7009	0.9843
ENSG00000224424.8	PRKAR2A-AS1	ENSG00000224424.8	lncRNA	chr3	48847572	48851981	+	4410	7	1	3	antisense	exonic_antisense	antisense	FALSE	TRUE	FALSE	FALSE	FALSE	TRUE	FALSE		PRKAR2A		PRKAR2A	PRKAR2A	18	PRKAR2A	0	FALSE	grey	-0.1203	0.15	0.15	0.001552	0.4192	0.1563	0.5577
ENSG00000182873.5	PRKCZ-AS1	ENSG00000182873.5	lncRNA	chr1	2181794	2184389	-	2596	2	3	3	antisense	exonic_antisense	antisense	FALSE	TRUE	TRUE	FALSE	FALSE	TRUE	FALSE		PRKCZ	PRKCZ	PRKCZ			PRKCZ	0	FALSE	black	0.6043	0.7161	0.7161	0.02461	0.8316	0.3861	0.9041
ENSG00000225778.5	PROSER2-AS1	ENSG00000225778.5	lncRNA	chr10	11849608	11894700	-	45093	2	7	6	antisense	exonic_antisense	antisense	FALSE	TRUE	FALSE	FALSE	FALSE	TRUE	FALSE		PROSER2		PROSER2			PROSER2	0	FALSE	grey	0.0255	0.116	0.116	0.0059777	0.3946	0.4114	0.3777
ENSG00000246334.2	PRR7-AS1	ENSG00000246334.2	lncRNA	chr5	177438503	177447699	-	9197	4	7	4	antisense	exonic_antisense	antisense	FALSE	TRUE	FALSE	FALSE	FALSE	TRUE	FALSE		GRK6		GRK6;PRR7	PRR7	635	PRR7	0	FALSE	turquoise	0.3183	0.591	0.591	0.013565	0.3757	0.2919	0.3875
ENSG00000230082.1	PRRT3-AS1	ENSG00000230082.1	lncRNA	chr3	9947404	9954787	+	7384	1	4	4	antisense	exonic_antisense	antisense	FALSE	TRUE	FALSE	FALSE	FALSE	TRUE	FALSE		PRRT3		PRRT3			PRRT3	0	FALSE	grey	0.2911	0.225	0.225	0.0082321	0.662	0.3874	0.7397
ENSG00000239653.1	PSMD6-AS2	ENSG00000239653.1	lncRNA	chr3	64004022	64012148	+	8127	1	3	3	antisense	exonic_antisense	antisense	FALSE	TRUE	FALSE	FALSE	FALSE	TRUE	FALSE		PSMD6		PSMD6			PSMD6	0	FALSE	green	0.5698	0.7999	0.7999	0.011832	0.3212	0.2082	0.3483
ENSG00000230487.8	PSMG3-AS1	ENSG00000230487.8	lncRNA	chr7	1570073	1589626	+	19554	8	6	6	antisense	exonic_antisense	antisense	FALSE	TRUE	FALSE	FALSE	FALSE	TRUE	FALSE		PSMG3		PSMG3	PSMG3	28	PSMG3	0	FALSE	grey	-0.1689	0.1772	0.1772	0.0043877	0.9295	0.3089	0.9863
ENSG00000226352.2	PSPC1-AS2	ENSG00000226352.2	lncRNA	chr13	19674624	19675884	+	1261	1	2	2	antisense	exonic_antisense	antisense	FALSE	TRUE	FALSE	FALSE	FALSE	TRUE	FALSE		PSPC1		PSPC1			PSPC1	0	FALSE	turquoise	0.5049	0.7392	0.7392	0.024983	0.7155	0.3937	0.7808
ENSG00000268006.1	PTOV1-AS1	ENSG00000268006.1	lncRNA	chr19	49838639	49851676	-	13038	2	5	4	antisense	exonic_antisense	antisense	FALSE	TRUE	FALSE	FALSE	FALSE	TRUE	FALSE		MED25;PTOV1		MED25;PTOV1	PTOV1	102	PTOV1	0	FALSE	pink	0.5976	0.4957	0.4957	0.0063756	0.3191	0.1416	0.317
ENSG00000269352.1	PTOV1-AS2	ENSG00000269352.1	lncRNA	chr19	49856970	49859289	-	2320	3	3	5	antisense	exonic_antisense	antisense	FALSE	TRUE	FALSE	FALSE	FALSE	TRUE	FALSE		PTOV1		PTOV1	PTOV1	850	PTOV1	0	FALSE	black	0.8501	0.8713	0.8713	0.053215	1.1462	0.6903	0.8434
ENSG00000255857.6	PXN-AS1	ENSG00000255857.6	lncRNA	chr12	120201291	120213231	+	11941	9	4	5	antisense	exonic_antisense	antisense	FALSE	TRUE	FALSE	FALSE	FALSE	TRUE	FALSE		PXN		PXN	RPLP0	56	PXN	0	FALSE	turquoise	0.4601	0.7519	0.7519	0.011816	0.4338	0.1814	0.5577
ENSG00000269386.5	RAB11B-AS1	ENSG00000269386.5	lncRNA	chr19	8374373	8390685	-	16313	3	4	3	antisense	exonic_antisense	antisense	FALSE	TRUE	FALSE	FALSE	FALSE	TRUE	FALSE		RAB11B		RAB11B	RAB11B	236	RAB11B	0	FALSE	brown	0.5336	0.2228	0.2228	0.0099754	1.1707	0.3592	0.9941
ENSG00000245849.8	RAD51-AS1	ENSG00000245849.8	lncRNA	chr15	40686183	40695107	-	8925	5	3	4	antisense	exonic_antisense	antisense	FALSE	TRUE	FALSE	FALSE	FALSE	TRUE	FALSE		RAD51		RAD51	RAD51	22	RAD51	0	FALSE	black	0.6964	0.8653	0.8653	0.057062	1.6797	0.7403	0.9883
ENSG00000285230.2	RALY-AS1	ENSG00000285230.2	lncRNA	chr20	33980679	33994357	-	13679	8	4	3	antisense	antisense_overlapping	antisense	FALSE	FALSE	FALSE	FALSE	FALSE	TRUE	FALSE				RALY	RALY	466	RALY	0	FALSE	brown	0.4945	0.4708	0.4708	0.0060178	0.4163	0.1455	0.5538
ENSG00000197291.9	RAMP2-AS1	ENSG00000197291.9	lncRNA	chr17	42753914	42761257	-	7344	6	4	5	antisense	exonic_antisense	antisense	FALSE	TRUE	FALSE	FALSE	FALSE	TRUE	FALSE		RAMP2		RAMP2	RAMP2	1	RAMP2	0	FALSE	red	0.5828	0.3545	0.3545	0.0061806	0.4472	0.2826	0.5421
ENSG00000232160.7	RAP2C-AS1	ENSG00000232160.7	lncRNA	chrX	132217053	132432862	+	215810	4	4	3	antisense	exonic_antisense	antisense	FALSE	TRUE	FALSE	FALSE	FALSE	TRUE	FALSE		RAP2C		RAP2C;MBNL3	RAP2C	85	MBNL3	0	FALSE	midnightblue	0.6128	0.2355	0.2355	0.0013329	0.428	0.1497	0.6438
ENSG00000265666.1	RARA-AS1	ENSG00000265666.1	lncRNA	chr17	40340867	40343136	-	2270	1	3	3	antisense	exonic_antisense	antisense	FALSE	TRUE	TRUE	FALSE	FALSE	TRUE	FALSE		RARA	RARA	RARA			RARA	0	FALSE	brown	0.421	0.1485	0.1485	0.00741	0.9175	0.3124	0.9941
ENSG00000237133.1	RASGRP3-AS1	ENSG00000237133.1	lncRNA	chr2	33555047	33563547	-	8501	1	2	2	antisense	exonic_antisense	antisense	FALSE	TRUE	FALSE	FALSE	FALSE	TRUE	FALSE		RASGRP3		RASGRP3			RASGRP3	0	FALSE	turquoise	0.5069	0.6526	0.6526	0.019189	0.4699	0.341	0.5421
ENSG00000246695.8	RASSF8-AS1	ENSG00000246695.8	lncRNA	chr12	25936683	25959765	-	23083	20	7	7	antisense	exonic_antisense	antisense	FALSE	TRUE	FALSE	FALSE	FALSE	TRUE	FALSE		RASSF8		RASSF8	RASSF8	0	RASSF8	0	FALSE	grey	0.1224	0.4549	0.4549	0.013236	0.9867	0.3496	0.9843
ENSG00000227354.7	RBM26-AS1	ENSG00000227354.7	lncRNA	chr13	79406293	79427317	+	21025	8	6	7	antisense	exonic_antisense	antisense	FALSE	TRUE	FALSE	FALSE	FALSE	TRUE	FALSE		RBM26		RBM26	RBM26	38	RBM26	0	FALSE	midnightblue	0.4194	0.2658	0.2658	0.0043412	0.5666	0.2314	0.7984
ENSG00000218018.3	RBM38-AS1	ENSG00000218018.3	lncRNA	chr20	57377140	57393062	-	15923	2	4	3	antisense	exonic_antisense	antisense	FALSE	TRUE	FALSE	FALSE	FALSE	TRUE	FALSE		RBM38		RAE1;RBM38			RBM38	0	FALSE	turquoise	0.622	0.8294	0.8294	0.015463	0.3486	0.2243	0.3894
ENSG00000254109.6	RBPMS-AS1	ENSG00000254109.6	lncRNA	chr8	30382119	30385401	-	3283	4	5	4	antisense	exonic_antisense	antisense	FALSE	TRUE	FALSE	FALSE	FALSE	TRUE	FALSE		RBPMS		RBPMS	RBPMS	306	RBPMS	0	FALSE	grey	0.0102	0.0486	0.0486	0.0066103	1.7859	0.6389	0.9922
ENSG00000285533.2	RELA-DT	ENSG00000285533.2	lncRNA	chr11	65663006	65671716	+	8711	3	4	5	antisense	exonic_antisense	divergent	FALSE	TRUE	FALSE	FALSE	FALSE	TRUE	FALSE		RELA		RELA	RELA	34	RELA	0	FALSE	brown	0.6216	0.438	0.438	0.0080656	0.4893	0.1891	0.6967
ENSG00000240449.1	REPIN1-AS1	ENSG00000240449.1	lncRNA	chr7	150363777	150372590	-	8814	1	3	3	antisense	exonic_antisense	antisense	FALSE	TRUE	FALSE	FALSE	FALSE	TRUE	FALSE		REPIN1		REPIN1;ZNF775			ZNF775	0	FALSE	grey	-0.1769	0.2252	0.2252	0.0036747	1.0346	0.3447	0.9843
ENSG00000237976.1	RFX5-AS1	ENSG00000237976.1	lncRNA	chr1	151346967	151348027	+	1061	1	2	2	antisense	exonic_antisense	antisense	FALSE	TRUE	FALSE	FALSE	FALSE	TRUE	FALSE		RFX5		RFX5	RFX5	95	RFX5	0	FALSE	yellow	0.516	-0.081	0.081	0.0004994	0.4404	0.2481	0.544
ENSG00000250116.2	RHOQ-AS1	ENSG00000250116.2	lncRNA	chr2	46568256	46580238	-	11983	1	2	2	antisense	antisense_overlapping	antisense	FALSE	FALSE	FALSE	FALSE	FALSE	TRUE	FALSE				RHOQ	RHOQ	46	RHOQ	0	FALSE	black	0.3583	0.7895	0.7895	0.012328	0.3123	0.2351	0.3386
ENSG00000226944.1	RNF207-AS1	ENSG00000226944.1	lncRNA	chr1	6204840	6205780	-	941	1	3	3	antisense	exonic_antisense	antisense	FALSE	TRUE	TRUE	TRUE	TRUE	TRUE	FALSE		RNF207	RPL22	RPL22;RNF207	RNF207	339	RNF207	0	FALSE	brown	0.5324	0.2683	0.2683	0.010375	0.579	0.4212	0.6438
ENSG00000263069.6	RNF213-AS1	ENSG00000263069.6	lncRNA	chr17	80351828	80415168	-	63341	5	4	2	antisense	exonic_antisense	antisense	FALSE	TRUE	FALSE	FALSE	FALSE	TRUE	FALSE		RNF213;ENDOV		RNF213;ENDOV	ENDOV	10	ENDOV	0	FALSE	turquoise	0.3531	0.7263	0.7263	0.024986	0.8061	0.3875	0.8787
ENSG00000269609.6	RPARP-AS1	ENSG00000269609.6	lncRNA	chr10	102449816	102461106	+	11291	13	5	5	antisense	exonic_antisense	antisense	FALSE	TRUE	FALSE	FALSE	FALSE	TRUE	FALSE		C10orf95		C10orf95	C10orf95	59	C10orf95	0	FALSE	brown	0.5248	0.4646	0.4646	0.017825	1.2484	0.3574	0.9961
ENSG00000232485.3	RPL37A-DT	ENSG00000232485.3	lncRNA	chr2	216479030	216498761	-	19732	4	3	3	antisense	antisense_overlapping	divergent	FALSE	FALSE	FALSE	FALSE	FALSE	TRUE	FALSE				SMARCAL1	RPL37A	64	SMARCAL1	0	FALSE	blue	0.5137	0.2808	0.2808	0.0072432	0.5157	0.2207	0.7123
ENSG00000244945.1	RUFY1-AS1	ENSG00000244945.1	lncRNA	chr5	179595904	179603741	-	7838	1	9	9	antisense	exonic_antisense	antisense	FALSE	TRUE	FALSE	FALSE	FALSE	TRUE	FALSE		RUFY1		RUFY1			RUFY1	0	FALSE	black	0.5659	0.8756	0.8756	0.019904	0.3714	0.2773	0.4149
ENSG00000225855.7	RUSC1-AS1	ENSG00000225855.7	lncRNA	chr1	155316863	155324176	-	7314	4	5	6	antisense	exonic_antisense	antisense	FALSE	TRUE	FALSE	FALSE	FALSE	TRUE	FALSE		FDPS;RUSC1		FDPS;RUSC1	RUSC1	102	RUSC1	0	FALSE	black	0.8042	0.8897	0.8897	0.041724	0.9103	0.5309	0.8004
ENSG00000272870.3	SAP30-DT	ENSG00000272870.3	lncRNA	chr4	173349543	173370721	-	21179	7	5	3	antisense	exonic_antisense	divergent	FALSE	TRUE	FALSE	FALSE	FALSE	TRUE	FALSE		SAP30		SAP30	SAP30	144	SAP30	0	FALSE	salmon	0.5467	0.4614	0.4614	0.018791	1.0416	0.4104	0.9432
ENSG00000235663.1	SAPCD1-AS1	ENSG00000235663.1	lncRNA	chr6	31764310	31765588	-	1279	1	2	2	antisense	exonic_antisense	antisense	FALSE	TRUE	FALSE	FALSE	FALSE	TRUE	FALSE		MSH5-SAPCD1;SAPCD1		MSH5-SAPCD1;SAPCD1			SAPCD1	0	FALSE	grey	-0.1857	0.1095	0.1095	0.0039149	0.4134	0.2863	0.4853
ENSG00000225953.3	SATB2-AS1	ENSG00000225953.3	lncRNA	chr2	199457700	199476935	+	19236	7	7	4	antisense	exonic_antisense	antisense	FALSE	TRUE	FALSE	FALSE	FALSE	TRUE	FALSE		SATB2		SATB2	SATB2	88	SATB2	0	FALSE	blue	0.5625	0.1441	0.1441	0.0079734	0.687	0.3749	0.7886
ENSG00000246273.8	SBF2-AS1	ENSG00000246273.8	lncRNA	chr11	9758268	9811335	+	53068	10	9	5	antisense	exonic_antisense	antisense	FALSE	TRUE	FALSE	FALSE	FALSE	TRUE	FALSE		SBF2		SBF2			SBF2	0	FALSE	tan	0.6063	0.1728	0.1728	0.00349	1.1901	0.3896	0.998
ENSG00000256092.2	SBNO1-AS1	ENSG00000256092.2	lncRNA	chr12	123363868	123366113	+	2246	2	1	2	antisense	exonic_antisense	antisense	FALSE	TRUE	FALSE	FALSE	FALSE	TRUE	FALSE		SBNO1		SBNO1	SBNO1	106	SBNO1	0	FALSE	brown	0.6685	0.6093	0.6093	0.016976	0.4235	0.3139	0.4579
ENSG00000231013.2	SCTR-AS1	ENSG00000231013.2	lncRNA	chr2	119476428	119487346	+	10919	3	2	3	antisense	antisense_overlapping	antisense	FALSE	FALSE	FALSE	FALSE	FALSE	TRUE	FALSE				SCTR			SCTR	0	FALSE	blue	0.3661	0.1192	0.1192	0.01983	1.9083	1.1485	0.9198
ENSG00000234684.7	SDCBP2-AS1	ENSG00000234684.7	lncRNA	chr20	1325405	1378735	+	53331	9	8	5	antisense	exonic_antisense	antisense	FALSE	TRUE	TRUE	FALSE	FALSE	TRUE	FALSE		FKBP1A;SDCBP2	AL136531.2	SDCBP2;AL136531.2;FKBP1A			FKBP1A	0	FALSE	magenta	0.4906	0.6647	0.6647	0.0082165	0.482	0.1868	0.6634
ENSG00000247950.7	SEC24B-AS1	ENSG00000247950.7	lncRNA	chr4	109347475	109433817	-	86343	9	15	8	antisense	exonic_antisense	antisense	FALSE	TRUE	FALSE	FALSE	FALSE	TRUE	FALSE		SEC24B		SEC24B	SEC24B	1	SEC24B	0	FALSE	turquoise	0.5092	0.8132	0.8132	0.0099168	0.3174	0.1526	0.2994
ENSG00000240373.1	SEC62-AS1	ENSG00000240373.1	lncRNA	chr3	169978536	169985715	-	7180	1	2	2	antisense	antisense_overlapping	antisense	FALSE	FALSE	FALSE	FALSE	FALSE	TRUE	FALSE				SEC62			SEC62	0	FALSE	green	0.5292	0.6744	0.6744	0.012096	0.3265	0.238	0.3953
ENSG00000235016.1	SEMA3F-AS1	ENSG00000235016.1	lncRNA	chr3	50116022	50156085	-	40064	2	4	4	antisense	exonic_antisense	antisense	FALSE	TRUE	FALSE	FALSE	FALSE	TRUE	FALSE		SEMA3F;RBM5		RBM5;SEMA3F			SEMA3F	0	FALSE	black	0.7117	0.8	0.8	0.014969	0.3724	0.2306	0.4481
ENSG00000248445.5	SEMA6A-AS1	ENSG00000248445.5	lncRNA	chr5	116447547	116508276	+	60730	6	7	3	antisense	exonic_antisense	antisense	FALSE	TRUE	FALSE	FALSE	FALSE	TRUE	FALSE		SEMA6A		SEMA6A	SEMA6A	84	SEMA6A	0	FALSE	green	0.486	0.7579	0.7579	0.025402	0.6442	0.4318	0.6751
ENSG00000254703.2	SENCR	ENSG00000254703.2	lncRNA	chr11	128691672	128696023	-	4352	1	3	3	antisense	exonic_antisense	other	FALSE	TRUE	TRUE	FALSE	FALSE	TRUE	FALSE		FLI1	FLI1	FLI1			FLI1	0	FALSE	red	0.5472	-0.0377	0.0377	0.0032062	0.9063	0.3587	0.9432
ENSG00000203706.8	SERTAD4-AS1	ENSG00000203706.8	lncRNA	chr1	210231456	210234047	-	2592	3	3	2	antisense	exonic_antisense	antisense	FALSE	TRUE	FALSE	FALSE	FALSE	TRUE	FALSE		SERTAD4		SERTAD4			SERTAD4	0	FALSE	pink	0.5072	0.0869	0.0869	0.01361	1.9868	0.6989	0.9961
ENSG00000226200.7	SGMS1-AS1	ENSG00000226200.7	lncRNA	chr10	50623466	50641451	+	17986	3	4	4	antisense	exonic_antisense	antisense	FALSE	TRUE	FALSE	FALSE	FALSE	TRUE	FALSE		SGMS1		SGMS1	SGMS1	966	SGMS1	0	FALSE	blue	0.6177	0.2412	0.2412	0.0051165	0.7066	0.2007	0.9432
ENSG00000224660.2	SH3BP5-AS1	ENSG00000224660.2	lncRNA	chr3	15254184	15264515	+	10332	6	3	4	antisense	exonic_antisense	antisense	FALSE	TRUE	FALSE	FALSE	FALSE	TRUE	FALSE		SH3BP5		SH3BP5			SH3BP5	0	FALSE	black	0.7681	0.868	0.868	0.039607	0.9733	0.5416	0.8532
ENSG00000226419.8	SLC16A1-AS1	ENSG00000226419.8	lncRNA	chr1	112956415	113047055	+	90641	13	12	6	antisense	exonic_antisense	antisense	FALSE	TRUE	FALSE	FALSE	FALSE	TRUE	FALSE		SLC16A1		SLC16A1	SLC16A1	219	SLC16A1	0	FALSE	turquoise	0.3779	0.7058	0.7058	0.015383	0.5263	0.2631	0.683
ENSG00000234452.5	SLC16A12-AS1	ENSG00000234452.5	lncRNA	chr10	89456064	89468140	+	12077	2	4	3	antisense	exonic_antisense	antisense	FALSE	TRUE	FALSE	FALSE	FALSE	TRUE	FALSE		SLC16A12		SLC16A12			SLC16A12	0	FALSE	lightcyan	0.5076	0.2051	0.2051	0.0041971	0.2511	0.2382	0.2407
ENSG00000258708.1	SLC25A21-AS1	ENSG00000258708.1	lncRNA	chr14	37171888	37173811	+	1924	1	1	1	antisense	exonic_antisense	antisense	FALSE	TRUE	FALSE	FALSE	FALSE	TRUE	FALSE		SLC25A21		SLC25A21			SLC25A21	0	FALSE	tan	0.6132	0.2065	0.2065	0.013381	0.9625	0.4964	0.8552
ENSG00000234771.3	SLC25A25-AS1	ENSG00000234771.3	lncRNA	chr9	128108581	128118693	-	10113	1	5	5	antisense	exonic_antisense	antisense	FALSE	TRUE	FALSE	FALSE	FALSE	TRUE	FALSE		SLC25A25		SLC25A25			SLC25A25	0	FALSE	magenta	0.6389	0.8125	0.8125	0.039188	1.0168	0.621	0.8278
ENSG00000224281.5	SLC25A5-AS1	ENSG00000224281.5	lncRNA	chrX	119465986	119469128	-	3143	7	1	2	antisense	exonic_antisense	antisense	FALSE	TRUE	FALSE	FALSE	FALSE	TRUE	FALSE		SLC25A5		SLC25A5	SLC25A5	126	SLC25A5	0	FALSE	magenta	0.7832	0.2044	0.2044	0.002251	0.4731	0.2178	0.6654
ENSG00000232287.2	SLC6A1-AS1	ENSG00000232287.2	lncRNA	chr3	11006098	11019224	-	13127	1	3	3	antisense	exonic_antisense	antisense	FALSE	TRUE	FALSE	FALSE	FALSE	TRUE	FALSE		SLC6A1		SLC6A1			SLC6A1	0	FALSE	red	0.5936	0.4897	0.4897	0.01274	0.3793	0.3565	0.3659
ENSG00000256577.2	SLC6A12-AS1	ENSG00000256577.2	lncRNA	chr12	203642	205094	+	1453	1	3	3	antisense	exonic_antisense	antisense	FALSE	TRUE	FALSE	FALSE	FALSE	TRUE	FALSE		SLC6A12		SLC6A12	SLC6A12	135	SLC6A12	0	FALSE	grey	-0.1793	0.5649	0.5649	0.02345	0.4275	0.4821	0.3679
ENSG00000225138.8	SLC9A3-AS1	ENSG00000225138.8	lncRNA	chr5	473236	480884	+	7649	13	6	7	antisense	exonic_antisense	antisense	FALSE	TRUE	FALSE	FALSE	FALSE	TRUE	FALSE		SLC9A3		SLC9A3			SLC9A3	0	FALSE	salmon	0.4992	0.5114	0.5114	0.081029	2.6554	1.5107	0.9648
ENSG00000232803.1	SLCO4A1-AS1	ENSG00000232803.1	lncRNA	chr20	62663019	62666724	-	3706	3	4	4	antisense	exonic_antisense	antisense	FALSE	TRUE	FALSE	FALSE	FALSE	TRUE	FALSE		SLCO4A1		SLCO4A1	SLCO4A1	754	SLCO4A1	0	FALSE	grey	-0.1162	0.569	0.569	0.015859	0.3132	0.4187	0.2583
ENSG00000281207.1	SLFNL1-AS1	ENSG00000281207.1	lncRNA	chr1	41014590	41043890	+	29301	1	4	4	antisense	exonic_antisense	antisense	FALSE	TRUE	FALSE	FALSE	FALSE	TRUE	FALSE		SLFNL1;SCMH1		SLFNL1;SCMH1			SCMH1	0	FALSE	grey	-0.0463	0.843	0.843	0.015216	0.3096	0.2396	0.3033
ENSG00000245112.2	SMARCA5-AS1	ENSG00000245112.2	lncRNA	chr4	143513472	143514635	-	1164	1	2	2	antisense	exonic_antisense	antisense	FALSE	TRUE	FALSE	FALSE	FALSE	TRUE	FALSE		SMARCA5		SMARCA5			SMARCA5	0	FALSE	midnightblue	0.4887	-0.135	0.135	-0.0045159	0.3938	0.23	0.4775
ENSG00000268364.2	SMC5-AS1	ENSG00000268364.2	lncRNA	chr9	70193997	70258866	-	64870	4	5	4	antisense	exonic_antisense	antisense	FALSE	TRUE	FALSE	FALSE	FALSE	TRUE	FALSE		MAMDC2		MAMDC2	SMC5	112	MAMDC2	0	FALSE	magenta	0.5039	0.3659	0.3659	0.0040098	0.3421	0.1568	0.3503
ENSG00000232860.8	SMG7-AS1	ENSG00000232860.8	lncRNA	chr1	183460874	183472265	-	11392	4	4	6	antisense	exonic_antisense	antisense	FALSE	TRUE	FALSE	FALSE	FALSE	TRUE	FALSE		SMG7		SMG7	SMG7	213	SMG7	0	FALSE	green	0.4146	0.4043	0.4043	0.0048944	0.2963	0.1627	0.272
ENSG00000227258.6	SMIM2-AS1	ENSG00000227258.6	lncRNA	chr13	44110451	44240517	+	130067	7	6	5	antisense	exonic_antisense	antisense	FALSE	TRUE	FALSE	FALSE	FALSE	TRUE	FALSE		SMIM2		SMIM2			SMIM2	0	FALSE	blue	0.7379	0.0295	0.0295	0.016379	2.0435	0.9408	0.9491
ENSG00000260630.7	SNAI3-AS1	ENSG00000260630.7	lncRNA	chr16	88663298	88687278	+	23981	11	6	6	antisense	exonic_antisense	antisense	FALSE	TRUE	FALSE	FALSE	FALSE	TRUE	FALSE		SNAI3		SNAI3	MVD	137	SNAI3	0	FALSE	brown	0.3162	0.4276	0.4276	0.0062667	0.536	0.1466	0.8689
ENSG00000225521.1	SNED1-AS1	ENSG00000225521.1	lncRNA	chr2	241015599	241064116	-	48518	1	3	3	antisense	exonic_antisense	antisense	FALSE	TRUE	FALSE	FALSE	FALSE	TRUE	FALSE		SNED1		SNED1			SNED1	0	FALSE	grey	0.0596	0.4277	0.4277	0.0071459	0.248	0.204	0.2153
ENSG00000247092.7	SNHG10	ENSG00000247092.7	lncRNA	chr14	95521943	95534889	-	12947	11	2	3	antisense	exonic_antisense	other	FALSE	TRUE	FALSE	FALSE	FALSE	TRUE	FALSE		GLRX5		GLRX5	GLRX5	161	GLRX5	0	FALSE	brown	0.5801	0.7547	0.7547	0.018228	0.4737	0.2717	0.5558
ENSG00000197989.14	SNHG12	ENSG00000197989.14	lncRNA	chr1	28578538	28583132	-	4595	17	2	6	antisense	exonic_antisense	other	FALSE	TRUE	FALSE	FALSE	FALSE	TRUE	FALSE		TRNAU1AP		TRNAU1AP			TRNAU1AP	0	FALSE	turquoise	0.4569	0.5512	0.5512	0.041055	1.8234	0.8394	0.9902
ENSG00000163597.15	SNHG16	ENSG00000163597.15	lncRNA	chr17	76557764	76565348	+	7585	13	3	6	antisense	exonic_antisense	other	FALSE	TRUE	FALSE	FALSE	FALSE	TRUE	FALSE		AC015802.6		AC015802.6			AC015802.6	0	FALSE	grey	0.1458	-0.066	0.066	-0.0062449	2.0908	0.4407	1
ENSG00000250988.7	SNHG21	ENSG00000250988.7	lncRNA	chr15	82750564	82757206	+	6643	5	4	5	antisense	exonic_antisense	other	FALSE	TRUE	FALSE	FALSE	FALSE	TRUE	FALSE		FSD2		FSD2			FSD2	0	FALSE	turquoise	0.4798	0.5284	0.5284	0.0091822	0.33	0.1786	0.3366
ENSG00000175061.18	SNHG29	ENSG00000175061.18	lncRNA	chr17	16438767	16478678	+	39912	50	7	8	antisense	exonic_antisense	other	FALSE	TRUE	FALSE	FALSE	FALSE	TRUE	FALSE		LRRC75A		LRRC75A			LRRC75A	0	FALSE	grey	0.0062	-0.1557	0.1557	-0.0047159	4.9559	0.6746	1
ENSG00000267321.3	SNHG30	ENSG00000267321.3	lncRNA	chr17	35568076	35574900	+	6825	4	3	3	antisense	exonic_antisense	other	FALSE	TRUE	FALSE	FALSE	FALSE	TRUE	FALSE		PEX12		PEX12			PEX12	0	FALSE	pink	0.6789	0.199	0.199	0.013482	2.0518	0.4004	1
ENSG00000245910.8	SNHG6	ENSG00000245910.8	lncRNA	chr8	66921684	66926398	-	4715	5	4	4	antisense	exonic_antisense	other	FALSE	TRUE	FALSE	FALSE	FALSE	TRUE	FALSE		MCMDC2		MCMDC2			MCMDC2	0	FALSE	brown	0.3917	-0.0553	0.0553	0.0029534	4.5812	0.6007	1
ENSG00000233016.7	SNHG7	ENSG00000233016.7	lncRNA	chr9	136721366	136728184	-	6819	7	5	6	antisense	exonic_antisense	other	FALSE	TRUE	FALSE	FALSE	FALSE	TRUE	FALSE		DIPK1B		DIPK1B			DIPK1B	0	FALSE	salmon	0.5453	0.078	0.078	0.013286	2.467	0.7024	0.9961
ENSG00000269893.8	SNHG8	ENSG00000269893.8	lncRNA	chr4	118278709	118285316	+	6608	9	1	4	antisense	exonic_antisense	other	FALSE	TRUE	FALSE	FALSE	FALSE	TRUE	FALSE		PRSS12		PRSS12			PRSS12	0	FALSE	grey	0.0179	0.0172	0.0172	0.0071766	2.7906	0.6034	1
ENSG00000246985.8	SOCS2-AS1	ENSG00000246985.8	lncRNA	chr12	93542022	93571768	-	29747	6	8	5	antisense	exonic_antisense	antisense	FALSE	TRUE	FALSE	FALSE	FALSE	TRUE	FALSE		SOCS2		SOCS2	SOCS2	19	SOCS2	0	FALSE	red	0.4106	0.3039	0.3039	0.0091745	0.4835	0.3138	0.5519
ENSG00000234899.11	SOX9-AS1	ENSG00000234899.11	lncRNA	chr17	72067099	72237203	-	170105	33	20	7	antisense	antisense_overlapping	antisense	FALSE	FALSE	FALSE	FALSE	FALSE	TRUE	FALSE				SOX9	SOX9	210	SOX9	0	FALSE	blue	0.362	0.247	0.247	0.0050371	0.2967	0.1894	0.2975
ENSG00000234494.7	SP2-AS1	ENSG00000234494.7	lncRNA	chr17	47897330	47941410	-	44081	4	5	4	antisense	antisense_overlapping	antisense	FALSE	FALSE	FALSE	FALSE	FALSE	TRUE	FALSE				SP2	PNPO	96	SP2	0	FALSE	grey	0.0452	-0.102	0.102	-0.0028178	0.8326	0.2291	0.9804
ENSG00000227543.5	SPAG5-AS1	ENSG00000227543.5	lncRNA	chr17	28598790	28617377	+	18588	6	5	3	antisense	exonic_antisense	antisense	FALSE	TRUE	FALSE	FALSE	FALSE	TRUE	FALSE		SPAG5;KIAA0100;AC005726.1;RSKR		AC005726.1;SPAG5;RSKR;KIAA0100	SPAG5	108	KIAA0100	0	FALSE	blue	0.4831	0.4462	0.4462	0.010752	0.3702	0.3628	0.3444
ENSG00000261183.5	SPINT1-AS1	ENSG00000261183.5	lncRNA	chr15	40835808	40844387	-	8580	5	5	4	antisense	exonic_antisense	antisense	FALSE	TRUE	FALSE	FALSE	FALSE	TRUE	FALSE		SPINT1		SPINT1	SPINT1	288	SPINT1	0	FALSE	magenta	0.3788	0.0421	0.0421	0.0060001	1.5541	0.6306	0.9843
ENSG00000198711.5	SSBP3-AS1	ENSG00000198711.5	lncRNA	chr1	54236440	54239063	+	2624	1	1	1	antisense	exonic_antisense	antisense	FALSE	TRUE	TRUE	FALSE	FALSE	TRUE	FALSE		SSBP3	SSBP3	SSBP3			SSBP3	0	FALSE	green	0.4444	0.799	0.799	0.012704	0.3122	0.2087	0.3464
ENSG00000259642.2	ST20-AS1	ENSG00000259642.2	lncRNA	chr15	79922771	79926993	+	4223	2	1	1	antisense	exonic_antisense	antisense	FALSE	TRUE	FALSE	FALSE	FALSE	TRUE	FALSE		ST20-MTHFS;ST20		ST20-MTHFS;ST20			ST20	0	FALSE	grey	-0.1156	0.1087	0.1087	0.0013962	0.6635	0.342	0.8454
ENSG00000227199.1	ST7-AS1	ENSG00000227199.1	lncRNA	chr7	116952446	116954334	-	1889	1	1	1	antisense	exonic_antisense	antisense	FALSE	TRUE	FALSE	FALSE	FALSE	TRUE	FALSE		ST7		ST7	AC106873.8	57	ST7	0	FALSE	pink	0.5715	0.2547	0.2547	0.005952	0.4066	0.1922	0.5029
ENSG00000246859.3	STARD4-AS1	ENSG00000246859.3	lncRNA	chr5	111510396	111739726	+	229331	4	7	7	antisense	exonic_antisense	antisense	FALSE	TRUE	FALSE	FALSE	FALSE	TRUE	FALSE		STARD4;NREP		STARD4;NREP			NREP	0	FALSE	green	0.5498	0.7274	0.7274	0.026101	0.923	0.49	0.8748
ENSG00000204685.7	STARD7-AS1	ENSG00000204685.7	lncRNA	chr2	96208403	96243353	+	34951	6	3	4	antisense	exonic_antisense	antisense	FALSE	TRUE	FALSE	FALSE	FALSE	TRUE	FALSE		STARD7		STARD7	STARD7	120	STARD7	0	FALSE	magenta	0.4492	0.562	0.562	0.0090871	0.9405	0.2113	0.998
ENSG00000224418.1	STK24-AS1	ENSG00000224418.1	lncRNA	chr13	98577244	98578830	+	1587	1	2	2	antisense	exonic_antisense	antisense	FALSE	TRUE	FALSE	FALSE	FALSE	TRUE	FALSE		STK24		STK24	STK24	93	STK24	0	FALSE	brown	0.6155	0.5526	0.5526	0.010266	0.2783	0.1832	0.2368
ENSG00000275549.1	STPG3-AS1	ENSG00000275549.1	lncRNA	chr9	137250219	137253497	-	3279	1	4	4	antisense	exonic_antisense	antisense	FALSE	TRUE	FALSE	FALSE	FALSE	TRUE	FALSE		STPG3		STPG3			STPG3	0	FALSE	salmon	0.6061	0.7053	0.7053	0.03082	0.4603	0.5254	0.4051
ENSG00000225265.2	TAF1A-AS1	ENSG00000225265.2	lncRNA	chr1	222589825	222593843	+	4019	6	2	3	antisense	exonic_antisense	antisense	FALSE	TRUE	FALSE	FALSE	FALSE	TRUE	FALSE		TAF1A		TAF1A	TAF1A	29	TAF1A	0	FALSE	grey	-0.0324	-0.0077	0.0077	-0.000194	0.8003	0.2849	0.9628
ENSG00000263327.6	TAPT1-AS1	ENSG00000263327.6	lncRNA	chr4	16226685	16320140	+	93456	3	5	4	antisense	antisense_overlapping	antisense	FALSE	FALSE	FALSE	FALSE	FALSE	TRUE	FALSE				TAPT1	TAPT1	214	TAPT1	0	FALSE	magenta	0.4385	0.5255	0.5255	0.0088598	0.6612	0.2481	0.8943
ENSG00000267280.5	TBX2-AS1	ENSG00000267280.5	lncRNA	chr17	61393456	61411555	-	18100	6	6	3	antisense	antisense_overlapping	antisense	FALSE	FALSE	FALSE	FALSE	FALSE	TRUE	FALSE				TBX2	TBX2	237	TBX2	0	FALSE	red	0.6678	0.4934	0.4934	0.034167	1.4636	0.6802	0.9667
ENSG00000177822.8	TENM3-AS1	ENSG00000177822.8	lncRNA	chr4	181874438	182145249	-	270812	9	14	6	antisense	exonic_antisense	antisense	FALSE	TRUE	FALSE	FALSE	FALSE	TRUE	FALSE		TENM3		TENM3	TENM3	99	TENM3	0	FALSE	grey	0.1998	0.0498	0.0498	0.0019047	0.266	0.3004	0.2622
ENSG00000239636.1	TFAP2E-AS1	ENSG00000239636.1	lncRNA	chr1	35569813	35577729	-	7917	2	4	3	antisense	exonic_antisense	antisense	FALSE	TRUE	FALSE	FALSE	FALSE	TRUE	FALSE		TFAP2E		TFAP2E	TFAP2E	7	TFAP2E	0	FALSE	yellow	0.8252	0.3087	0.3087	0.0086957	0.4489	0.2644	0.5499
ENSG00000223442.1	TH2LCRR	ENSG00000223442.1	lncRNA	chr5	132630589	132664272	-	33684	4	7	4	antisense	exonic_antisense	other	FALSE	TRUE	FALSE	FALSE	FALSE	TRUE	FALSE		AC116366.2;RAD50		AC116366.2;RAD50;IL13	IL13	109	IL13	0	FALSE	grey	0.0779	0.8257	0.8257	0.011082	0.2201	0.1769	0.1918
ENSG00000231064.7	THBS3-AS1	ENSG00000231064.7	lncRNA	chr1	155195004	155205495	+	10492	6	10	6	antisense	exonic_antisense	antisense	FALSE	TRUE	FALSE	FALSE	FALSE	TRUE	FALSE		THBS3		THBS3	THBS3	189	THBS3	0	FALSE	turquoise	0.6705	0.8338	0.8338	0.019428	0.383	0.279	0.4638
ENSG00000263293.2	THCAT158	ENSG00000263293.2	lncRNA	chr17	47303460	47323613	-	20154	2	4	3	antisense	exonic_antisense	other	FALSE	TRUE	FALSE	FALSE	FALSE	TRUE	FALSE		EFCAB13		ITGB3;AC068234.1;EFCAB13	EFCAB13	163	EFCAB13	0	FALSE	greenyellow	0.476	0.0869	0.0869	0.001505	1.051	0.5803	0.9354
ENSG00000206573.9	THUMPD3-AS1	ENSG00000206573.9	lncRNA	chr3	9349689	9398579	-	48891	33	10	5	antisense	exonic_antisense	antisense	FALSE	TRUE	FALSE	FALSE	TRUE	TRUE	FALSE		THUMPD3		SRGAP3;THUMPD3;SETD5	SETD5	111	SETD5	0	FALSE	black	0.6161	0.8536	0.8536	0.025553	0.9498	0.3843	0.9785
ENSG00000243926.2	TIPARP-AS1	ENSG00000243926.2	lncRNA	chr3	156671862	156674446	-	2585	4	4	2	antisense	antisense_overlapping	antisense	FALSE	FALSE	FALSE	FALSE	FALSE	TRUE	FALSE				TIPARP	TIPARP	144	TIPARP	0	FALSE	pink	0.5619	0.0731	0.0731	0.0088412	1.0635	0.4345	0.9726
ENSG00000247373.3	TMED2-DT	ENSG00000247373.3	lncRNA	chr12	123575891	123585115	-	9225	1	3	3	antisense	exonic_antisense	divergent	FALSE	TRUE	FALSE	FALSE	FALSE	TRUE	FALSE		TMED2		TMED2	TMED2	447	TMED2	0	FALSE	turquoise	0.7185	0.8529	0.8529	0.021185	0.4202	0.295	0.4521
ENSG00000236144.8	TMEM147-AS1	ENSG00000236144.8	lncRNA	chr19	35540738	35546029	-	5292	10	2	4	antisense	exonic_antisense	antisense	FALSE	TRUE	FALSE	FALSE	FALSE	TRUE	FALSE		TMEM147;GAPDHS		GAPDHS;TMEM147	TMEM147	37	TMEM147	0	FALSE	turquoise	0.7044	0.806	0.806	0.02796	0.7059	0.4093	0.6947
ENSG00000247828.8	TMEM161B-AS1	ENSG00000247828.8	lncRNA	chr5	88268891	88439337	+	170447	59	12	9	antisense	exonic_antisense	antisense	FALSE	TRUE	FALSE	FALSE	FALSE	TRUE	FALSE		TMEM161B		TMEM161B	TMEM161B	34	TMEM161B	0	FALSE	tan	0.4873	0.7747	0.7747	0.016699	0.5579	0.2741	0.7006
ENSG00000261423.1	TMEM202-AS1	ENSG00000261423.1	lncRNA	chr15	72407778	72475168	-	67391	2	4	4	antisense	exonic_antisense	antisense	FALSE	TRUE	FALSE	FALSE	FALSE	TRUE	FALSE		TMEM202;ARIH1		TMEM202;ARIH1	ARIH1	121	ARIH1	0	FALSE	grey	-0.2357	0.4601	0.4601	0.0046586	0.3814	0.1282	0.4305
ENSG00000263400.8	TMEM220-AS1	ENSG00000263400.8	lncRNA	chr17	10729777	10815164	+	85388	8	10	5	antisense	exonic_antisense	antisense	FALSE	TRUE	FALSE	FALSE	FALSE	TRUE	FALSE		TMEM220		TMEM220;TMEM238L			TMEM238L	0	FALSE	tan	0.3932	0.091	0.091	0.0018689	0.3506	0.1612	0.3503
ENSG00000225376.6	TMEM246-AS1	ENSG00000225376.6	lncRNA	chr9	101468349	101482199	+	13851	5	5	4	antisense	exonic_antisense	antisense	FALSE	TRUE	FALSE	FALSE	FALSE	TRUE	FALSE		PGAP4		PGAP4			PGAP4	0	FALSE	blue	0.5827	0.0678	0.0678	0.011391	0.6463	0.6816	0.5362
ENSG00000230091.6	TMEM254-AS1	ENSG00000230091.6	lncRNA	chr10	80046860	80078912	-	32053	3	6	6	antisense	exonic_antisense	antisense	FALSE	TRUE	FALSE	FALSE	FALSE	TRUE	FALSE		TMEM254		TMEM254	TMEM254	124	TMEM254	0	FALSE	grey	0.1356	0.4205	0.4205	0.01189	0.616	0.2934	0.8004
ENSG00000231770.6	TMEM44-AS1	ENSG00000231770.6	lncRNA	chr3	194584004	194590260	+	6257	4	4	4	antisense	exonic_antisense	antisense	FALSE	TRUE	FALSE	FALSE	FALSE	TRUE	FALSE		TMEM44		TMEM44			TMEM44	0	FALSE	pink	0.7105	0.4757	0.4757	0.02854	1.9852	0.5156	1
ENSG00000175147.13	TMEM51-AS1	ENSG00000175147.13	lncRNA	chr1	15111815	15153618	-	41804	6	5	6	antisense	exonic_antisense	antisense	FALSE	TRUE	FALSE	FALSE	FALSE	TRUE	FALSE		KAZN;TMEM51		KAZN;TMEM51	TMEM51	68	TMEM51	0	FALSE	grey	-0.1671	0.5657	0.5657	0.014148	0.534	0.3424	0.6282
ENSG00000167920.10	TMEM99	ENSG00000167920.10	lncRNA	chr17	40819106	40836270	+	17165	8	5	4	antisense	exonic_antisense	other	FALSE	TRUE	FALSE	FALSE	FALSE	TRUE	FALSE		KRT10		KRT10	KRT10	123	KRT10	0	FALSE	grey	0.1174	-0.1266	0.1266	-0.0024886	2.3623	0.4149	1
ENSG00000254860.6	TMEM9B-AS1	ENSG00000254860.6	lncRNA	chr11	8964510	8977527	+	13018	4	6	5	antisense	exonic_antisense	antisense	FALSE	TRUE	FALSE	FALSE	FALSE	TRUE	FALSE		TMEM9B		TMEM9B	TMEM9B	37	TMEM9B	0	FALSE	grey	-0.1654	0.6335	0.6335	0.017236	0.7263	0.3549	0.8474
ENSG00000257167.2	TMPO-AS1	ENSG00000257167.2	lncRNA	chr12	98512973	98516422	-	3450	2	2	3	antisense	exonic_antisense	antisense	FALSE	TRUE	FALSE	FALSE	FALSE	TRUE	FALSE		TMPO		TMPO	TMPO	42	TMPO	0	FALSE	turquoise	0.4004	0.3692	0.3692	0.0078376	0.6145	0.2348	0.8943
ENSG00000253930.1	TNFRSF10A-AS1	ENSG00000253930.1	lncRNA	chr8	23189279	23190675	+	1397	1	2	2	antisense	exonic_antisense	antisense	FALSE	TRUE	FALSE	FALSE	FALSE	TRUE	FALSE		TNFRSF10A		TNFRSF10A			TNFRSF10A	0	FALSE	blue	0.3098	0.129	0.129	0.0066587	1.3015	0.4683	0.9648
ENSG00000238164.6	TNFRSF14-AS1	ENSG00000238164.6	lncRNA	chr1	2549920	2557031	-	7112	6	5	6	antisense	exonic_antisense	antisense	FALSE	TRUE	FALSE	FALSE	FALSE	TRUE	FALSE		TNFRSF14		TNFRSF14	TNFRSF14	782	TNFRSF14	0	FALSE	grey	-0.3613	0.5734	0.5734	0.03465	1.12	0.6216	0.9256
ENSG00000223923.2	TNS1-AS1	ENSG00000223923.2	lncRNA	chr2	217978707	217993747	+	15041	2	4	4	antisense	exonic_antisense	antisense	FALSE	TRUE	FALSE	FALSE	FALSE	TRUE	FALSE		TNS1		TNS1			TNS1	0	FALSE	blue	0.5613	0.4213	0.4213	0.026638	0.86	0.5303	0.82
ENSG00000232600.3	TONSL-AS1	ENSG00000232600.3	lncRNA	chr8	144437675	144439971	+	2297	1	4	4	antisense	exonic_antisense	antisense	FALSE	TRUE	FALSE	FALSE	FALSE	TRUE	FALSE		TONSL		TONSL			TONSL	0	FALSE	turquoise	0.3132	0.3996	0.3996	0.0054126	0.2608	0.2024	0.2309
ENSG00000234076.1	TPRG1-AS1	ENSG00000234076.1	lncRNA	chr3	188941715	188947639	-	5925	1	2	2	antisense	exonic_antisense	antisense	FALSE	TRUE	FALSE	FALSE	FALSE	TRUE	FALSE		TPRG1		TPRG1			TPRG1	0	FALSE	grey	0.0547	0.0308	0.0308	-0.0017098	0.4798	0.287	0.5753
ENSG00000170919.16	TPT1-AS1	ENSG00000170919.16	lncRNA	chr13	45341345	45417975	+	76631	50	18	11	antisense	exonic_antisense	antisense	FALSE	TRUE	FALSE	FALSE	FALSE	TRUE	FALSE		SLC25A30		SLC25A30	TPT1	61	SLC25A30	0	FALSE	salmon	0.5808	0.7939	0.7939	0.022727	0.8564	0.3208	0.9667
ENSG00000231889.7	TRAF3IP2-AS1	ENSG00000231889.7	lncRNA	chr6	111483511	111598302	+	114792	12	9	4	antisense	exonic_antisense	antisense	FALSE	TRUE	FALSE	FALSE	FALSE	TRUE	FALSE		REV3L		REV3L;TRAF3IP2	REV3L	293	TRAF3IP2	0	FALSE	red	0.4793	0.5275	0.5275	0.010387	0.7587	0.2328	0.955
ENSG00000225791.7	TRAM2-AS1	ENSG00000225791.7	lncRNA	chr6	52576787	52643058	+	66272	16	7	5	antisense	exonic_antisense	antisense	FALSE	TRUE	FALSE	FALSE	FALSE	TRUE	FALSE		TRAM2		TRAM2	TRAM2	121	TRAM2	0	FALSE	cyan	0.6534	-0.0854	0.0854	-0.00084718	1.2352	0.2825	1
ENSG00000236333.4	TRHDE-AS1	ENSG00000236333.4	lncRNA	chr12	72249964	72276954	-	26991	24	7	6	antisense	exonic_antisense	antisense	FALSE	TRUE	TRUE	FALSE	FALSE	TRUE	FALSE		TRHDE	TRHDE	TRHDE	TRHDE	1	TRHDE	0	FALSE	tan	0.5579	0.373	0.373	0.015713	0.6415	0.4607	0.7084
ENSG00000248211.1	TRPC7-AS1	ENSG00000248211.1	lncRNA	chr5	136214048	136222159	+	8112	1	2	2	antisense	antisense_overlapping	antisense	FALSE	FALSE	FALSE	FALSE	FALSE	TRUE	FALSE				TRPC7			TRPC7	0	FALSE	blue	0.3966	0.0737	0.0737	0.0037234	0.5009	0.4901	0.499
ENSG00000265148.6	TSPOAP1-AS1	ENSG00000265148.6	lncRNA	chr17	58324472	58415766	+	91295	13	13	5	antisense	exonic_antisense	antisense	FALSE	TRUE	FALSE	FALSE	FALSE	TRUE	FALSE		SUPT4H1;TSPOAP1;RNF43;AC004687.2		TSPOAP1;SUPT4H1;AC004687.2;RNF43	TSPOAP1	143	RNF43	0	FALSE	yellow	0.808	0.4793	0.4793	0.010316	0.3957	0.2416	0.4442
ENSG00000224490.5	TTC21B-AS1	ENSG00000224490.5	lncRNA	chr2	165933857	165949891	+	16035	3	5	5	antisense	exonic_antisense	antisense	FALSE	TRUE	FALSE	FALSE	FALSE	TRUE	FALSE		TTC21B		TTC21B			TTC21B	0	FALSE	grey	0.1807	0.128	0.128	0.021396	2.7321	1.522	0.9119
ENSG00000235954.7	TTC28-AS1	ENSG00000235954.7	lncRNA	chr22	27919376	28008581	+	89206	36	12	7	antisense	exonic_antisense	antisense	FALSE	TRUE	FALSE	FALSE	FALSE	TRUE	FALSE		TTC28;PITPNB		PITPNB;TTC28	PITPNB	70	TTC28	0	FALSE	salmon	0.6703	0.7815	0.7815	0.022405	1.0067	0.3203	0.9922
ENSG00000176912.5	TYMSOS	ENSG00000176912.5	lncRNA	chr18	630886	658340	-	27455	3	5	3	antisense	exonic_antisense	other	FALSE	TRUE	FALSE	FALSE	FALSE	TRUE	FALSE		CLUL1;TYMS		CLUL1;TYMS			TYMS	0	FALSE	blue	0.523	0.0928	0.0928	0.005388	0.531	0.3194	0.6106
ENSG00000248049.7	UBA6-AS1	ENSG00000248049.7	lncRNA	chr4	67701209	68080952	+	379744	17	20	10	antisense	exonic_antisense	antisense	FALSE	TRUE	FALSE	FALSE	FALSE	TRUE	FALSE		GNRHR		GNRHR;TMPRSS11D;TMPRSS11A;TMPRSS11F	UBA6	54	TMPRSS11F	0	FALSE	brown	0.3768	0.1664	0.1664	0.0037048	0.8376	0.1919	0.998
ENSG00000246560.2	UBE2D3-AS1	ENSG00000246560.2	lncRNA	chr4	102828055	102844075	+	16021	1	2	2	antisense	exonic_antisense	antisense	FALSE	TRUE	TRUE	FALSE	FALSE	TRUE	FALSE		UBE2D3	UBE2D3	UBE2D3	UBE2D3	24	UBE2D3	0	FALSE	grey	-0.1379	0.0732	0.0732	0.0010668	0.8635	0.1954	0.9941
ENSG00000229780.1	UBE2Q1-AS1	ENSG00000229780.1	lncRNA	chr1	154553609	154555017	+	1409	1	2	2	antisense	exonic_antisense	antisense	FALSE	TRUE	FALSE	FALSE	FALSE	TRUE	FALSE		UBE2Q1		UBE2Q1	UBE2Q1	533	UBE2Q1	0	FALSE	black	0.5148	0.8087	0.8087	0.021398	0.4233	0.3207	0.4775
ENSG00000249348.1	UGDH-AS1	ENSG00000249348.1	lncRNA	chr4	39528019	39594707	+	66689	1	5	5	antisense	exonic_antisense	antisense	FALSE	TRUE	FALSE	FALSE	FALSE	TRUE	FALSE		UGDH		UGDH;SMIM14	UGDH	104	SMIM14	0	FALSE	cyan	0.7088	0.4328	0.4328	0.0093316	0.7912	0.2621	0.9413
ENSG00000256262.1	USP30-AS1	ENSG00000256262.1	lncRNA	chr12	109052350	109053952	-	1603	1	2	2	antisense	exonic_antisense	antisense	FALSE	TRUE	TRUE	FALSE	FALSE	TRUE	FALSE		USP30	USP30	USP30			USP30	0	FALSE	yellow	0.7231	0.1005	0.1005	0.0036909	0.5639	0.4051	0.6027
ENSG00000229124.7	VIM-AS1	ENSG00000229124.7	lncRNA	chr10	17214239	17229985	-	15747	4	5	4	antisense	exonic_antisense	antisense	FALSE	TRUE	FALSE	FALSE	FALSE	TRUE	FALSE		VIM		VIM	VIM	19	VIM	0	FALSE	turquoise	0.3751	0.4754	0.4754	0.016376	1.2216	0.3696	0.9804
ENSG00000261373.1	VPS9D1-AS1	ENSG00000261373.1	lncRNA	chr16	89711856	89718165	+	6310	2	4	4	antisense	exonic_antisense	antisense	FALSE	TRUE	FALSE	FALSE	FALSE	TRUE	FALSE		VPS9D1		VPS9D1	VPS9D1	212	VPS9D1	0	FALSE	black	0.5812	0.7223	0.7223	0.024226	0.5562	0.4272	0.5636
ENSG00000254635.6	WAC-AS1	ENSG00000254635.6	lncRNA	chr10	28522652	28533066	-	10415	3	4	3	antisense	exonic_antisense	antisense	FALSE	TRUE	FALSE	FALSE	FALSE	TRUE	FALSE		WAC		WAC	WAC	25	WAC	0	FALSE	purple	0.5208	0.2946	0.2946	0.014488	3.1471	0.425	1
ENSG00000237499.7	WAKMAR2	ENSG00000237499.7	lncRNA	chr6	137823673	137868233	-	44561	7	9	7	antisense	exonic_antisense	other	FALSE	TRUE	FALSE	FALSE	FALSE	TRUE	FALSE		TNFAIP3		TNFAIP3			TNFAIP3	0	FALSE	yellow	0.5047	0.6453	0.6453	0.015009	0.699	0.3056	0.8532
ENSG00000231365.6	WARS2-AS1	ENSG00000231365.6	lncRNA	chr1	119140391	119275973	+	135583	9	13	7	antisense	exonic_antisense	antisense	FALSE	TRUE	FALSE	FALSE	FALSE	TRUE	FALSE		WARS2		WARS2	WARS2	54	WARS2	0	FALSE	midnightblue	0.4688	0.661	0.661	0.01272	0.8229	0.245	0.9706
ENSG00000253167.1	WASHC5-AS1	ENSG00000253167.1	lncRNA	chr8	125040684	125044989	+	4306	1	2	2	antisense	exonic_antisense	antisense	FALSE	TRUE	FALSE	FALSE	FALSE	TRUE	FALSE		WASHC5		WASHC5			WASHC5	0	FALSE	turquoise	0.2999	0.7156	0.7156	0.010156	0.2529	0.1773	0.2368
ENSG00000180769.10	WDFY3-AS2	ENSG00000180769.10	lncRNA	chr4	84965534	85011277	+	45744	26	10	7	antisense	exonic_antisense	antisense	FALSE	TRUE	FALSE	FALSE	FALSE	TRUE	FALSE		WDFY3		WDFY3	WDFY3	58	WDFY3	0	FALSE	blue	0.6947	0.0552	0.0552	0.0047447	1.353	0.4827	0.9883
ENSG00000243836.5	WDR86-AS1	ENSG00000243836.5	lncRNA	chr7	151409161	151413354	+	4194	4	6	6	antisense	exonic_antisense	antisense	FALSE	TRUE	FALSE	FALSE	FALSE	TRUE	FALSE		WDR86		WDR86	WDR86	524	WDR86	0	FALSE	grey	0.0337	0.154	0.154	0.0048283	0.596	0.4301	0.636
ENSG00000228775.8	WEE2-AS1	ENSG00000228775.8	lncRNA	chr7	141704003	141738346	-	34344	16	11	8	antisense	exonic_antisense	antisense	FALSE	TRUE	FALSE	FALSE	FALSE	TRUE	FALSE		WEE2;SSBP1		WEE2;SSBP1	SSBP1	12	SSBP1	0	FALSE	grey	0.1531	0.1896	0.1896	0.0041079	0.4263	0.1886	0.5597
ENSG00000241313.3	WWTR1-AS1	ENSG00000241313.3	lncRNA	chr3	149656999	149661364	+	4366	4	4	3	antisense	exonic_antisense	antisense	FALSE	TRUE	FALSE	FALSE	FALSE	TRUE	FALSE		WWTR1		WWTR1	WWTR1	169	WWTR1	0	FALSE	brown	0.3415	0.1134	0.1134	0.0025718	0.3868	0.2184	0.4325
ENSG00000233885.7	YEATS2-AS1	ENSG00000233885.7	lncRNA	chr3	183806457	183810783	-	4327	4	3	3	antisense	exonic_antisense	antisense	FALSE	TRUE	FALSE	FALSE	FALSE	TRUE	FALSE		YEATS2		YEATS2			YEATS2	0	FALSE	black	0.5351	0.8388	0.8388	0.014553	0.3199	0.2212	0.3757
ENSG00000234405.2	Z69733.1	ENSG00000234405.2	lncRNA	chrX	103486461	103517919	+	31459	3	5	3	antisense	exonic_antisense	clone-based (unnamed)	FALSE	TRUE	FALSE	FALSE	FALSE	TRUE	FALSE		RAB40A		RAB40A			RAB40A	0	FALSE	greenyellow	0.4703	0.5093	0.5093	0.0066265	0.3231	0.2316	0.2896
ENSG00000246982.7	Z84485.1	ENSG00000246982.7	lncRNA	chr6	36146698	36197205	-	50508	3	5	4	antisense	antisense_overlapping	clone-based (unnamed)	FALSE	FALSE	FALSE	FALSE	FALSE	TRUE	FALSE				BRPF3	BRPF3	191	BRPF3	0	FALSE	turquoise	0.5411	0.7571	0.7571	0.019351	0.4524	0.3237	0.5068
ENSG00000261659.2	Z92544.1	ENSG00000261659.2	lncRNA	chr16	689001	692554	+	3554	2	1	2	antisense	exonic_antisense	clone-based (unnamed)	FALSE	TRUE	FALSE	FALSE	FALSE	TRUE	FALSE		WDR24;FBXL16		WDR24;FBXL16			FBXL16	0	FALSE	grey	0.16	0.4054	0.4054	0.0063329	0.4046	0.1727	0.5342
ENSG00000285730.1	Z94721.3	ENSG00000285730.1	lncRNA	chr6	166995735	166999511	-	3777	1	2	2	antisense	exonic_antisense	clone-based (unnamed)	FALSE	TRUE	FALSE	FALSE	FALSE	TRUE	FALSE		CEP43		CEP43	CEP43	106	CEP43	0	FALSE	blue	0.4831	0.6039	0.6039	0.017144	0.4492	0.3419	0.4716
ENSG00000228620.1	Z97056.1	ENSG00000228620.1	lncRNA	chr22	38424288	38427336	+	3049	1	3	3	antisense	exonic_antisense	clone-based (unnamed)	FALSE	TRUE	FALSE	FALSE	FALSE	TRUE	FALSE		KCNJ4		KCNJ4			KCNJ4	0	FALSE	grey	0.3149	0.0384	0.0384	0.002631	0.6119	0.5782	0.5597
ENSG00000255389.1	Z97989.1	ENSG00000255389.1	lncRNA	chr6	111599875	111602295	+	2421	1	1	1	antisense	exonic_antisense	clone-based (unnamed)	FALSE	TRUE	TRUE	FALSE	FALSE	TRUE	FALSE		TRAF3IP2	TRAF3IP2	TRAF3IP2			TRAF3IP2	0	FALSE	red	0.5448	0.3244	0.3244	0.01109	0.8152	0.3519	0.8982
ENSG00000236266.1	Z98884.1	ENSG00000236266.1	lncRNA	chr1	7810242	7827342	-	17101	1	3	3	antisense	exonic_antisense	clone-based (unnamed)	FALSE	TRUE	FALSE	FALSE	FALSE	TRUE	FALSE		PER3		PER3			PER3	0	FALSE	grey	-0.107	0.5966	0.5966	0.010732	0.2751	0.209	0.2466
ENSG00000237234.7	Z99289.1	ENSG00000237234.7	lncRNA	chr6	112154765	112166476	+	11712	6	9	7	antisense	exonic_antisense	clone-based (unnamed)	FALSE	TRUE	FALSE	FALSE	FALSE	TRUE	FALSE		LAMA4		LAMA4			LAMA4	0	FALSE	red	0.484	0.63	0.63	0.0094071	0.2774	0.2364	0.2564
ENSG00000247271.7	ZBED5-AS1	ENSG00000247271.7	lncRNA	chr11	10858179	10908972	+	50794	9	5	3	antisense	exonic_antisense	antisense	FALSE	TRUE	FALSE	FALSE	FALSE	TRUE	FALSE		ZBED5		ZBED5	ZBED5	106	ZBED5	0	FALSE	pink	0.4015	0.0777	0.0777	0.0044797	1.6426	0.3151	1
ENSG00000256628.3	ZBTB11-AS1	ENSG00000256628.3	lncRNA	chr3	101676475	101679217	+	2743	1	1	1	antisense	exonic_antisense	antisense	FALSE	TRUE	FALSE	FALSE	FALSE	TRUE	FALSE		ZBTB11		ZBTB11			ZBTB11	0	FALSE	brown	0.3871	0.0269	0.0269	0.0010491	1.0179	0.2668	0.998
ENSG00000237036.5	ZEB1-AS1	ENSG00000237036.5	lncRNA	chr10	31206278	31320447	-	114170	11	6	3	antisense	exonic_antisense	antisense	FALSE	TRUE	FALSE	FALSE	FALSE	TRUE	FALSE		ZEB1		ZEB1	ZEB1	33	ZEB1	0	FALSE	pink	0.5945	0.3576	0.3576	0.01387	1.4726	0.364	1
ENSG00000229043.3	ZFAND2A-DT	ENSG00000229043.3	lncRNA	chr7	1160374	1165607	+	5234	7	2	5	antisense	exonic_antisense	divergent	FALSE	TRUE	FALSE	FALSE	FALSE	TRUE	FALSE		ZFAND2A		ZFAND2A	ZFAND2A	155	ZFAND2A	0	FALSE	turquoise	0.4019	0.4321	0.4321	0.017318	1.1908	0.4061	0.9922
ENSG00000177410.13	ZFAS1	ENSG00000177410.13	lncRNA	chr20	49278178	49299600	+	21423	14	7	6	antisense	exonic_antisense	other	FALSE	TRUE	FALSE	FALSE	FALSE	TRUE	FALSE		ZNFX1;KCNB1		ZNFX1;KCNB1	ZNFX1	113	KCNB1	0	FALSE	grey	0.5328	0.0327	0.0327	0.0041019	1.7184	0.5245	1
ENSG00000251003.9	ZFPM2-AS1	ENSG00000251003.9	lncRNA	chr8	105546089	106060524	-	514436	9	17	6	antisense	antisense_overlapping	antisense	FALSE	FALSE	FALSE	FALSE	FALSE	TRUE	FALSE				ZFPM2			ZFPM2	0	FALSE	grey	0.3734	0.0818	0.0818	0.0016899	1.0717	0.716	0.8552
ENSG00000233070.1	ZFY-AS1	ENSG00000233070.1	lncRNA	chrY	2966844	3002626	-	35783	2	4	3	antisense	exonic_antisense	antisense	FALSE	TRUE	FALSE	FALSE	FALSE	TRUE	FALSE		ZFY		ZFY			ZFY	0	FALSE	grey	0.1707	-0.0386	0.0386	0.00031414	0.4891	0.6828	0.3483
ENSG00000236869.1	ZKSCAN7-AS1	ENSG00000236869.1	lncRNA	chr3	44557357	44685653	-	128297	1	3	3	antisense	exonic_antisense	antisense	FALSE	TRUE	FALSE	FALSE	FALSE	TRUE	FALSE		ZKSCAN7		ZKSCAN7;ZNF660;ZNF197;ZNF35			ZNF35	0	FALSE	midnightblue	0.5591	0.2944	0.2944	0.0028413	0.3749	0.2174	0.4247
ENSG00000263072.8	ZNF213-AS1	ENSG00000263072.8	lncRNA	chr16	3100696	3143734	-	43039	28	11	7	antisense	exonic_antisense	antisense	FALSE	TRUE	FALSE	FALSE	FALSE	TRUE	FALSE		ZNF205;ZNF213		ZNF205;ZNF213	ZNF213	41	ZNF213	0	FALSE	turquoise	0.7003	0.7547	0.7547	0.020152	0.7404	0.2752	0.9374
ENSG00000234327.8	ZNF232-AS1	ENSG00000234327.8	lncRNA	chr17	5111468	5115004	+	3537	5	3	3	antisense	exonic_antisense	antisense	FALSE	TRUE	FALSE	FALSE	FALSE	TRUE	FALSE		ZNF232		ZNF232	ZNF232	87	ZNF232	0	FALSE	turquoise	0.3715	0.4117	0.4117	0.0070502	0.3534	0.2331	0.3249
ENSG00000226245.1	ZNF32-AS1	ENSG00000226245.1	lncRNA	chr10	43643872	43645047	+	1176	1	2	2	antisense	exonic_antisense	antisense	FALSE	TRUE	FALSE	FALSE	FALSE	TRUE	FALSE		ZNF32		ZNF32			ZNF32	0	FALSE	turquoise	0.5696	0.716	0.716	0.021708	0.5581	0.3395	0.6458
ENSG00000230565.1	ZNF32-AS2	ENSG00000230565.1	lncRNA	chr10	43645942	43648019	+	2078	1	3	3	antisense	exonic_antisense	antisense	FALSE	TRUE	FALSE	FALSE	FALSE	TRUE	FALSE		ZNF32		ZNF32			ZNF32	0	FALSE	black	0.6164	0.8448	0.8448	0.027377	0.7073	0.3987	0.7515
ENSG00000213742.7	ZNF337-AS1	ENSG00000213742.7	lncRNA	chr20	25624045	25689032	+	64988	7	11	10	antisense	exonic_antisense	antisense	FALSE	TRUE	FALSE	FALSE	FALSE	TRUE	FALSE		ZNF337		ZNF337	NANP	31	ZNF337	0	FALSE	grey	-0.0619	0.8212	0.8212	0.01624	0.5315	0.259	0.681
ENSG00000269235.2	ZNF350-AS1	ENSG00000269235.2	lncRNA	chr19	51949134	51981367	+	32234	4	2	3	antisense	antisense_overlapping	antisense	FALSE	FALSE	FALSE	FALSE	FALSE	TRUE	FALSE				ZNF350			ZNF350	0	FALSE	grey	-0.1081	0.5806	0.5806	0.005946	0.336	0.5405	0.2485
ENSG00000249087.7	ZNF436-AS1	ENSG00000249087.7	lncRNA	chr1	23368997	23371839	+	2843	7	2	3	antisense	exonic_antisense	antisense	FALSE	TRUE	FALSE	FALSE	FALSE	TRUE	FALSE		ZNF436		ZNF436	ZNF436	611	ZNF436	0	FALSE	turquoise	0.6545	0.6431	0.6431	0.025994	0.7859	0.4293	0.8317
ENSG00000267871.6	ZNF460-AS1	ENSG00000267871.6	lncRNA	chr19	57267211	57280334	-	13124	4	4	4	antisense	antisense_overlapping	antisense	FALSE	FALSE	FALSE	FALSE	FALSE	TRUE	FALSE				ZNF460	ZNF460	151	ZNF460	0	FALSE	turquoise	0.6337	0.8072	0.8072	0.020659	0.5006	0.3012	0.5636
ENSG00000237149.5	ZNF503-AS2	ENSG00000237149.5	lncRNA	chr10	75401519	75408982	+	7464	6	5	2	antisense	exonic_antisense	antisense	FALSE	TRUE	FALSE	FALSE	FALSE	TRUE	FALSE		ZNF503		ZNF503			ZNF503	0	FALSE	magenta	0.6069	-0.0844	0.0844	-0.0014776	0.8221	0.3568	0.953
ENSG00000233527.9	ZNF529-AS1	ENSG00000233527.9	lncRNA	chr19	36573070	36594708	+	21639	6	8	5	antisense	exonic_antisense	antisense	FALSE	TRUE	FALSE	FALSE	FALSE	TRUE	FALSE		ZNF529		ZNF529	ZNF529	53	ZNF529	0	FALSE	turquoise	0.5328	0.6536	0.6536	0.014305	0.9052	0.2537	1
ENSG00000267106.8	ZNF561-AS1	ENSG00000267106.8	lncRNA	chr19	9621249	9647203	+	25955	11	6	5	antisense	exonic_antisense	antisense	FALSE	TRUE	FALSE	FALSE	FALSE	TRUE	FALSE		ZNF562		ZNF562	ZNF561	13	ZNF562	0	FALSE	grey	-0.2793	-0.1264	0.1264	-0.0013534	0.6748	0.1709	0.9628
ENSG00000166770.11	ZNF667-AS1	ENSG00000166770.11	lncRNA	chr19	56477250	56504362	+	27113	17	4	4	antisense	exonic_antisense	antisense	FALSE	TRUE	FALSE	FALSE	FALSE	TRUE	FALSE		ZNF667		ZNF667	ZNF667	56	ZNF667	0	FALSE	grey	-0.3845	0.0307	0.0307	-0.00037343	0.6167	0.3728	0.6751
ENSG00000230844.3	ZNF674-AS1	ENSG00000230844.3	lncRNA	chrX	46545438	46548841	+	3404	3	2	3	antisense	exonic_antisense	antisense	FALSE	TRUE	FALSE	FALSE	FALSE	TRUE	FALSE		ZNF674		ZNF674	ZNF674	14	ZNF674	0	FALSE	tan	0.3941	0.6281	0.6281	0.016752	1.1518	0.3628	0.998
ENSG00000259291.2	ZNF710-AS1	ENSG00000259291.2	lncRNA	chr15	90074512	90082207	-	7696	2	2	2	antisense	exonic_antisense	antisense	FALSE	TRUE	FALSE	FALSE	FALSE	TRUE	FALSE		ZNF710		ZNF710			ZNF710	0	FALSE	grey	-0.3166	0.2078	0.2078	0.012958	2.475	0.7829	1
ENSG00000267254.7	ZNF790-AS1	ENSG00000267254.7	lncRNA	chr19	36797502	36831596	+	34095	9	7	5	antisense	exonic_antisense	antisense	FALSE	TRUE	FALSE	FALSE	FALSE	TRUE	FALSE		ZNF790		ZNF790			ZNF790	0	FALSE	brown	0.3766	0.6028	0.6028	0.012191	0.4561	0.2327	0.5753
ENSG00000266916.7	ZNF793-AS1	ENSG00000266916.7	lncRNA	chr19	37497159	37507122	-	9964	5	6	4	antisense	exonic_antisense	antisense	FALSE	TRUE	FALSE	FALSE	FALSE	TRUE	FALSE		ZNF793		ZNF793	ZNF793	7	ZNF793	0	FALSE	magenta	0.4788	0.292	0.292	0.0067773	0.5841	0.2907	0.7456
ENSG00000269293.3	ZSCAN16-AS1	ENSG00000269293.3	lncRNA	chr6	28015122	28137293	-	122172	5	6	4	antisense	exonic_antisense	antisense	FALSE	TRUE	FALSE	FALSE	FALSE	TRUE	FALSE		ZSCAN16		ZNF165;ZSCAN16			ZSCAN16	0	FALSE	brown	0.634	-0.097	0.097	0.0036126	1.093	0.3064	0.9961
ENSG00000224138.1	AC000123.1	ENSG00000224138.1	lncRNA	chr7	127350128	127351523	+	1396	1	2	2	intronic	intronic_antisense	clone-based (unnamed)	FALSE	FALSE	TRUE	FALSE	FALSE	TRUE	FALSE			ZNF800	ZNF800			ZNF800	0	FALSE	grey	0.2145	0.6231	0.6231	0.016634	1.2206	0.4041	0.9961
ENSG00000272330.1	AC002044.1	ENSG00000272330.1	lncRNA	chr16	73014319	73014476	-	158	1	1	1	intronic	intronic_sense	clone-based (unnamed)	FALSE	FALSE	TRUE	TRUE	TRUE	FALSE	FALSE			ZFHX3	ZFHX3			ZFHX3	0	TRUE	grey	0.1751	0.4259	0.4259	0.014417	0.4358	0.482	0.4423
ENSG00000273216.1	AC002059.1	ENSG00000273216.1	lncRNA	chr22	29316744	29317220	-	477	1	1	1	intronic	intronic_sense	clone-based (unnamed)	FALSE	FALSE	TRUE	TRUE	TRUE	FALSE	FALSE			RASL10A	RASL10A			RASL10A	0	TRUE	turquoise	0.4544	0.7496	0.7496	0.026195	0.5299	0.4262	0.5382
ENSG00000268947.1	AC002128.1	ENSG00000268947.1	lncRNA	chr19	35262846	35264804	+	1959	1	2	2	intronic	intronic_sense	clone-based (unnamed)	FALSE	FALSE	TRUE	TRUE	TRUE	FALSE	FALSE			LSR	LSR			LSR	0	TRUE	black	0.6162	0.8716	0.8716	0.030123	0.6321	0.4424	0.6106
ENSG00000271366.1	AC002128.2	ENSG00000271366.1	lncRNA	chr19	35251440	35253639	-	2200	1	2	2	intronic	intronic_antisense	clone-based (unnamed)	FALSE	FALSE	TRUE	FALSE	FALSE	TRUE	FALSE			LSR	LSR			LSR	0	FALSE	black	0.3571	0.7358	0.7358	0.013066	0.3034	0.2512	0.3112
ENSG00000250282.1	AC002401.2	ENSG00000250282.1	lncRNA	chr17	50100704	50101920	-	1217	1	2	2	intronic	intronic_antisense	clone-based (unnamed)	FALSE	FALSE	TRUE	FALSE	FALSE	TRUE	FALSE			PDK2	PDK2			PDK2	0	FALSE	blue	0.5148	0.0831	0.0831	0.0057231	0.8823	0.5233	0.7965
ENSG00000275025.1	AC002401.3	ENSG00000275025.1	lncRNA	chr17	50098460	50098899	-	440	1	1	1	intronic	intronic_antisense	clone-based (unnamed)	FALSE	FALSE	TRUE	FALSE	FALSE	TRUE	FALSE			PDK2	PDK2			PDK2	0	FALSE	blue	0.5842	0.1144	0.1144	0.014521	1.2661	0.6149	0.9178
ENSG00000287829.1	AC002542.6	ENSG00000287829.1	lncRNA	chr7	117091678	117097262	-	5585	1	2	2	intronic	intronic_antisense	clone-based (unnamed)	FALSE	FALSE	TRUE	FALSE	FALSE	TRUE	FALSE			ST7;AC106873.8	ST7;AC106873.8			AC106873.8	0	FALSE	grey	0.2235	0.5917	0.5917	0.010888	0.2582	0.2775	0.229
ENSG00000276571.1	AC002550.2	ENSG00000276571.1	lncRNA	chr16	19694035	19694428	-	394	1	1	1	intronic	intronic_antisense	clone-based (unnamed)	FALSE	FALSE	TRUE	FALSE	FALSE	TRUE	FALSE			VPS35L	VPS35L			VPS35L	0	FALSE	turquoise	0.4865	0.7184	0.7184	0.022302	0.8716	0.3521	0.9295
ENSG00000275413.1	AC002553.2	ENSG00000275413.1	lncRNA	chr17	16023323	16023653	-	331	1	1	1	intronic	intronic_antisense	clone-based (unnamed)	FALSE	FALSE	TRUE	FALSE	FALSE	TRUE	FALSE			TTC19	TTC19	TTC19	20	TTC19	0	FALSE	turquoise	0.4213	0.7973	0.7973	0.0323	0.8793	0.4876	0.8395
ENSG00000237903.1	AC004000.1	ENSG00000237903.1	lncRNA	chrX	119422917	119423547	+	631	1	2	2	intronic	intronic_sense	clone-based (unnamed)	FALSE	FALSE	TRUE	TRUE	TRUE	FALSE	FALSE			SLC25A43	SLC25A43			SLC25A43	0	TRUE	grey	0.2764	0.5217	0.5217	0.012377	0.3131	0.3206	0.3288
ENSG00000273447.1	AC004067.1	ENSG00000273447.1	lncRNA	chr4	109692004	109692703	+	700	1	1	1	intronic	intronic_antisense	clone-based (unnamed)	FALSE	FALSE	TRUE	FALSE	FALSE	TRUE	FALSE			CASP6	CASP6			CASP6	0	FALSE	yellow	0.4136	0.3448	0.3448	0.0085986	0.6374	0.3468	0.771
ENSG00000276449.1	AC004076.2	ENSG00000276449.1	lncRNA	chr19	57449689	57453011	+	3323	1	1	1	intronic	intronic_antisense	clone-based (unnamed)	FALSE	FALSE	TRUE	FALSE	FALSE	TRUE	FALSE			AC004076.1	AC004076.1			AC004076.1	0	FALSE	grey	-0.1101	0.7761	0.7761	0.010058	0.3211	0.1741	0.3366
ENSG00000273687.1	AC004223.4	ENSG00000273687.1	lncRNA	chr17	35018660	35018991	+	332	1	1	1	intronic	intronic_antisense	clone-based (unnamed)	FALSE	FALSE	TRUE	FALSE	FALSE	TRUE	FALSE			RFFL;AC004223.3	RFFL;AC004223.3			AC004223.3	0	FALSE	grey	0.0488	0.6415	0.6415	0.011537	0.3119	0.2397	0.3327
ENSG00000276390.1	AC004241.3	ENSG00000276390.1	lncRNA	chr12	47699401	47699917	-	517	1	1	1	intronic	intronic_sense	clone-based (unnamed)	FALSE	FALSE	TRUE	TRUE	TRUE	FALSE	FALSE			RPAP3	RPAP3			RPAP3	0	TRUE	magenta	0.4686	0.0647	0.0647	1.7998e-05	0.3149	0.1802	0.2896
ENSG00000274737.1	AC004466.2	ENSG00000274737.1	lncRNA	chr12	47817451	47817966	-	516	1	1	1	intronic	intronic_sense	clone-based (unnamed)	FALSE	FALSE	TRUE	TRUE	TRUE	FALSE	FALSE			HDAC7	HDAC7			HDAC7	0	TRUE	turquoise	0.4095	0.6902	0.6902	0.013004	0.2823	0.2329	0.2779
ENSG00000272072.1	AC004492.1	ENSG00000272072.1	lncRNA	chr7	107192559	107193300	-	742	1	1	1	intronic	intronic_antisense	clone-based (unnamed)	FALSE	FALSE	TRUE	FALSE	FALSE	TRUE	FALSE			HBP1	HBP1			HBP1	0	FALSE	green	0.5157	0.7087	0.7087	0.018337	0.8464	0.3758	0.9295
ENSG00000262298.1	AC004584.1	ENSG00000262298.1	lncRNA	chr17	56939932	56941275	+	1344	1	2	2	intronic	intronic_antisense	clone-based (unnamed)	FALSE	FALSE	TRUE	FALSE	FALSE	TRUE	FALSE			COIL	COIL			COIL	0	FALSE	grey	0.1095	0.7497	0.7497	0.012146	0.217	0.1989	0.1957
ENSG00000272689.1	AC004832.4	ENSG00000272689.1	lncRNA	chr22	30421206	30421536	-	331	1	1	1	intronic	intronic_sense	clone-based (unnamed)	FALSE	FALSE	TRUE	TRUE	TRUE	TRUE	FALSE			SEC14L2;RNF215;AC004832.3	RNF215;SEC14L2;AC004832.3			AC004832.3	0	FALSE	grey	0.2135	0.6019	0.6019	0.013117	0.391	0.2574	0.4658
ENSG00000273350.1	AC004832.5	ENSG00000273350.1	lncRNA	chr22	30420512	30420912	+	401	1	1	1	intronic	intronic_sense	clone-based (unnamed)	FALSE	FALSE	TRUE	TRUE	TRUE	TRUE	FALSE			SEC14L2;RNF215;AC004832.3	RNF215;SEC14L2;AC004832.3			AC004832.3	0	TRUE	grey	0.2381	0.5298	0.5298	0.016284	0.6764	0.3377	0.7965
ENSG00000228554.1	AC004837.2	ENSG00000228554.1	lncRNA	chr7	39700341	39703296	-	2956	1	2	2	intronic	intronic_antisense	clone-based (unnamed)	FALSE	FALSE	TRUE	FALSE	FALSE	TRUE	FALSE			RALA	RALA			RALA	0	FALSE	green	0.3508	0.6862	0.6862	0.0097025	0.2842	0.231	0.2681
ENSG00000272854.1	AC004839.2	ENSG00000272854.1	lncRNA	chr7	107579557	107580057	-	501	1	1	1	intronic	intronic_antisense	clone-based (unnamed)	FALSE	FALSE	TRUE	FALSE	FALSE	TRUE	FALSE			DUS4L-BCAP29	DUS4L-BCAP29	BCAP29	189	DUS4L-BCAP29	0	FALSE	red	0.4321	0.3674	0.3674	0.0075006	0.3837	0.1912	0.4736
ENSG00000272240.1	AC004908.1	ENSG00000272240.1	lncRNA	chr8	234347	234887	-	541	1	1	1	intronic	intronic_antisense	clone-based (unnamed)	FALSE	FALSE	TRUE	FALSE	FALSE	TRUE	FALSE			ZNF596	ZNF596			ZNF596	0	FALSE	turquoise	0.467	0.8017	0.8017	0.035917	1.0537	0.5988	0.8924
ENSG00000272812.1	AC004908.2	ENSG00000272812.1	lncRNA	chr8	233119	233692	+	574	1	1	1	intronic	intronic_sense	clone-based (unnamed)	FALSE	FALSE	TRUE	TRUE	TRUE	FALSE	FALSE			ZNF596	ZNF596			ZNF596	0	TRUE	turquoise	0.4078	0.8418	0.8418	0.032778	0.9149	0.4914	0.8708
ENSG00000273402.1	AC004908.3	ENSG00000273402.1	lncRNA	chr8	237045	237669	+	625	1	1	1	intronic	intronic_sense	clone-based (unnamed)	FALSE	FALSE	TRUE	TRUE	TRUE	FALSE	FALSE			ZNF596	ZNF596			ZNF596	0	TRUE	turquoise	0.4952	0.7408	0.7408	0.026918	0.6764	0.4835	0.6888
ENSG00000270157.1	AC004918.3	ENSG00000270157.1	lncRNA	chr7	141662922	141663846	-	925	1	1	1	intronic	intronic_sense	clone-based (unnamed)	FALSE	FALSE	TRUE	TRUE	TRUE	FALSE	FALSE			DENND11	DENND11			DENND11	0	TRUE	green	0.5966	0.556	0.556	0.021488	1.6104	0.5501	1
ENSG00000259209.3	AC004943.1	ENSG00000259209.3	lncRNA	chr16	72805998	72809872	+	3875	3	3	2	intronic	intronic_antisense	clone-based (unnamed)	FALSE	FALSE	TRUE	FALSE	FALSE	TRUE	FALSE			ZFHX3	ZFHX3			ZFHX3	0	FALSE	grey	-0.115	0.5573	0.5573	0.0063697	0.2713	0.1361	0.2133
ENSG00000272537.1	AC005014.3	ENSG00000272537.1	lncRNA	chr7	16471184	16471373	+	190	1	1	1	intronic	intronic_antisense	clone-based (unnamed)	FALSE	FALSE	TRUE	FALSE	FALSE	TRUE	FALSE			SOSTDC1;CRPPA	CRPPA;SOSTDC1			SOSTDC1	0	FALSE	grey	0.2274	0.1444	0.1444	0.0061585	0.6917	0.456	0.728
ENSG00000270462.1	AC005034.2	ENSG00000270462.1	lncRNA	chr2	75697583	75697996	+	414	1	1	1	intronic	intronic_antisense	clone-based (unnamed)	FALSE	FALSE	TRUE	FALSE	FALSE	TRUE	FALSE			GCFC2	GCFC2			GCFC2	0	FALSE	grey	-0.0728	0.6301	0.6301	0.0093103	0.2455	0.1849	0.2035
ENSG00000272183.1	AC005041.3	ENSG00000272183.1	lncRNA	chr2	74501717	74502365	+	649	1	1	1	intronic	intronic_antisense	clone-based (unnamed)	FALSE	FALSE	TRUE	FALSE	FALSE	TRUE	FALSE			LBX2	LBX2			LBX2	0	FALSE	turquoise	0.3413	0.4427	0.4427	0.010945	0.6483	0.2631	0.8611
ENSG00000264520.1	AC005154.4	ENSG00000264520.1	lncRNA	chr7	30525731	30533613	+	7883	1	3	3	intronic	intronic_antisense	clone-based (unnamed)	FALSE	FALSE	TRUE	FALSE	FALSE	TRUE	FALSE			AC005154.5	AC005154.5			AC005154.5	0	FALSE	green	0.4963	0.7398	0.7398	0.016821	0.4286	0.3079	0.4932
ENSG00000269191.1	AC005387.2	ENSG00000269191.1	lncRNA	chr19	18532908	18536188	+	3281	1	2	2	intronic	intronic_antisense	clone-based (unnamed)	FALSE	FALSE	TRUE	FALSE	FALSE	TRUE	FALSE			FKBP8	FKBP8			FKBP8	0	FALSE	black	0.5165	0.8365	0.8365	0.026392	0.5196	0.3775	0.5597
ENSG00000261596.2	AC005632.3	ENSG00000261596.2	lncRNA	chr16	21626742	21627569	+	828	1	1	1	intronic	intronic_sense	clone-based (unnamed)	FALSE	FALSE	TRUE	TRUE	TRUE	FALSE	FALSE			METTL9	METTL9			METTL9	0	TRUE	yellow	0.4697	0.4821	0.4821	0.015518	0.8149	0.3315	0.9178
ENSG00000271871.1	AC005740.4	ENSG00000271871.1	lncRNA	chr5	141952419	141953375	+	957	1	1	1	intronic	intronic_antisense	clone-based (unnamed)	FALSE	FALSE	TRUE	FALSE	FALSE	TRUE	FALSE			PCDH12	PCDH12			PCDH12	0	FALSE	red	0.7011	0.6082	0.6082	0.01725	0.6258	0.3248	0.7671
ENSG00000277382.1	AC005837.4	ENSG00000277382.1	lncRNA	chr17	76709760	76710045	+	286	1	1	1	intronic	intronic_antisense	clone-based (unnamed)	FALSE	FALSE	TRUE	FALSE	FALSE	TRUE	FALSE			MXRA7	MXRA7	MXRA7	163	MXRA7	0	FALSE	grey	0.3503	0.4556	0.4556	0.012931	0.2904	0.3802	0.2583
ENSG00000266538.1	AC005838.2	ENSG00000266538.1	lncRNA	chr17	15530773	15531089	-	317	1	1	1	intronic	intronic_sense	clone-based (unnamed)	FALSE	FALSE	TRUE	TRUE	TRUE	FALSE	FALSE			TVP23C;TVP23C-CDRT4	TVP23C-CDRT4;TVP23C			TVP23C	0	TRUE	grey	-0.1281	0.6127	0.6127	0.0095438	0.2798	0.2298	0.2818
ENSG00000276718.1	AC005840.4	ENSG00000276718.1	lncRNA	chr12	6466537	6467135	+	599	1	1	1	intronic	intronic_antisense	clone-based (unnamed)	FALSE	FALSE	TRUE	FALSE	FALSE	TRUE	FALSE			VAMP1	VAMP1	VAMP1	265	VAMP1	0	FALSE	turquoise	0.5224	0.5738	0.5738	0.025754	1.056	0.4872	0.9511
ENSG00000278356.1	AC005911.1	ENSG00000278356.1	lncRNA	chr12	2885819	2886329	+	511	1	2	2	intronic	intronic_sense	clone-based (unnamed)	FALSE	FALSE	TRUE	TRUE	TRUE	FALSE	FALSE			RHNO1;TULP3	RHNO1;TULP3			TULP3	0	TRUE	brown	0.3832	0.3416	0.3416	0.010014	0.5303	0.2734	0.6712
ENSG00000278627.1	AC005962.1	ENSG00000278627.1	lncRNA	chr17	58202352	58203003	-	652	1	1	1	intronic	intronic_antisense	clone-based (unnamed)	FALSE	FALSE	TRUE	FALSE	FALSE	TRUE	FALSE			EPX	EPX			EPX	0	FALSE	purple	0.4808	0.4921	0.4921	0.0099284	0.3565	0.2113	0.4129
ENSG00000226824.7	AC006001.2	ENSG00000226824.7	lncRNA	chr7	66654538	66671523	+	16986	6	8	5	intronic	intronic_sense	clone-based (unnamed)	FALSE	FALSE	TRUE	TRUE	TRUE	FALSE	FALSE			AC027644.4	AC027644.4			AC027644.4	0	TRUE	grey	-0.0493	0.4417	0.4417	0.012638	0.729	0.3233	0.8689
ENSG00000245667.2	AC006064.1	ENSG00000245667.2	lncRNA	chr12	6543504	6544931	+	1428	1	2	2	intronic	intronic_antisense	clone-based (unnamed)	FALSE	FALSE	TRUE	FALSE	FALSE	TRUE	FALSE			IFFO1	IFFO1			IFFO1	0	FALSE	yellow	0.385	0.7312	0.7312	0.012782	0.2642	0.2328	0.2661
ENSG00000235427.1	AC006159.1	ENSG00000235427.1	lncRNA	chr7	116542718	116551969	-	9252	1	2	2	intronic	intronic_antisense	clone-based (unnamed)	FALSE	FALSE	TRUE	FALSE	FALSE	TRUE	FALSE			CAV1	CAV1			CAV1	0	FALSE	grey	0.1307	0.3743	0.3743	0.0055834	0.2506	0.2107	0.2329
ENSG00000277806.1	AC006213.4	ENSG00000277806.1	lncRNA	chr19	43976815	43977448	+	634	1	1	1	intronic	intronic_sense	clone-based (unnamed)	FALSE	FALSE	TRUE	TRUE	TRUE	FALSE	FALSE			ZNF155	ZNF155			ZNF155	0	TRUE	grey	-0.0922	0.3284	0.3284	0.0095689	0.7559	0.3689	0.8434
ENSG00000278492.1	AC006213.5	ENSG00000278492.1	lncRNA	chr19	43978376	43978663	+	288	1	1	1	intronic	intronic_sense	clone-based (unnamed)	FALSE	FALSE	TRUE	TRUE	TRUE	FALSE	FALSE			ZNF155	ZNF155			ZNF155	0	TRUE	grey	-0.1579	0.3429	0.3429	0.0082097	0.483	0.3007	0.5969
ENSG00000263466.1	AC006441.1	ENSG00000263466.1	lncRNA	chr17	38903704	38904600	-	897	1	2	2	intronic	intronic_antisense	clone-based (unnamed)	FALSE	FALSE	TRUE	FALSE	FALSE	TRUE	FALSE			LASP1	LASP1			LASP1	0	FALSE	green	0.382	0.6923	0.6923	0.010178	0.2357	0.1992	0.1977
ENSG00000273368.1	AC006566.1	ENSG00000273368.1	lncRNA	chr18	8154558	8155070	+	513	1	1	1	intronic	intronic_sense	clone-based (unnamed)	FALSE	FALSE	TRUE	TRUE	TRUE	FALSE	FALSE			PTPRM	PTPRM			PTPRM	0	TRUE	grey	0.1139	0.0255	0.0255	0.0018255	0.4795	0.2641	0.6341
ENSG00000260488.1	AC007216.1	ENSG00000260488.1	lncRNA	chr16	11976851	11977850	-	1000	1	2	2	intronic	intronic_antisense	clone-based (unnamed)	FALSE	FALSE	TRUE	FALSE	FALSE	TRUE	FALSE			SNX29	SNX29			SNX29	0	FALSE	grey	-0.1368	0.5495	0.5495	0.02234	0.3902	0.5213	0.3346
ENSG00000261216.1	AC007216.2	ENSG00000261216.1	lncRNA	chr16	11908208	11908916	+	709	1	2	2	intronic	intronic_antisense	clone-based (unnamed)	FALSE	FALSE	TRUE	FALSE	FALSE	TRUE	FALSE			GSPT1	GSPT1			GSPT1	0	FALSE	grey	-0.095	0.6576	0.6576	0.0096712	0.2177	0.1875	0.1977
ENSG00000261560.1	AC007216.3	ENSG00000261560.1	lncRNA	chr16	11881075	11882569	-	1495	1	1	1	intronic	intronic_sense	clone-based (unnamed)	FALSE	FALSE	TRUE	TRUE	TRUE	FALSE	FALSE			GSPT1	GSPT1			GSPT1	0	TRUE	grey	0.0687	0.8126	0.8126	0.011323	0.2616	0.2014	0.2485
ENSG00000274508.1	AC007336.2	ENSG00000274508.1	lncRNA	chr16	55425574	55426130	-	557	1	1	1	intronic	intronic_antisense	clone-based (unnamed)	FALSE	FALSE	TRUE	FALSE	FALSE	TRUE	FALSE			MMP2	MMP2			MMP2	0	FALSE	yellow	0.5129	0.4805	0.4805	0.012146	0.2404	0.3147	0.2074
ENSG00000261049.2	AC007347.1	ENSG00000261049.2	lncRNA	chr16	54033997	54054583	-	20587	1	3	3	intronic	intronic_antisense	clone-based (unnamed)	FALSE	FALSE	TRUE	FALSE	FALSE	TRUE	FALSE			FTO	FTO			FTO	0	FALSE	grey	0.1527	0.4542	0.4542	0.0087848	0.3605	0.2737	0.3953
ENSG00000226756.1	AC007365.1	ENSG00000226756.1	lncRNA	chr2	64644612	64646698	+	2087	1	2	2	intronic	intronic_antisense	clone-based (unnamed)	FALSE	FALSE	TRUE	FALSE	FALSE	TRUE	FALSE			SERTAD2	SERTAD2			SERTAD2	0	FALSE	cyan	0.5539	0.2031	0.2031	0.003902	0.4736	0.2607	0.6047
ENSG00000255746.1	AC007406.2	ENSG00000255746.1	lncRNA	chr12	253442	257299	-	3858	1	3	3	intronic	intronic_sense	clone-based (unnamed)	FALSE	FALSE	TRUE	TRUE	TRUE	FALSE	FALSE			SLC6A13	SLC6A13			SLC6A13	0	TRUE	blue	0.8175	0.2327	0.2327	0.04304	2.8397	1.2321	0.9276
ENSG00000275710.1	AC007485.1	ENSG00000275710.1	lncRNA	chr17	54964474	54964679	+	206	1	1	1	intronic	intronic_antisense	clone-based (unnamed)	FALSE	FALSE	TRUE	FALSE	FALSE	TRUE	FALSE			COX11	COX11			COX11	0	FALSE	grey	-0.1267	-0.0234	0.0234	0.0014046	0.9206	0.474	0.9022
ENSG00000275191.1	AC007497.1	ENSG00000275191.1	lncRNA	chr16	53628256	53628816	-	561	1	1	1	intronic	intronic_sense	clone-based (unnamed)	FALSE	FALSE	TRUE	TRUE	TRUE	FALSE	FALSE			RPGRIP1L	RPGRIP1L			RPGRIP1L	0	TRUE	grey	0.3146	0.4039	0.4039	0.0082569	0.3075	0.245	0.317
ENSG00000277595.1	AC007546.1	ENSG00000277595.1	lncRNA	chr12	110032245	110032803	+	559	1	1	1	intronic	intronic_sense	clone-based (unnamed)	FALSE	FALSE	TRUE	TRUE	TRUE	TRUE	FALSE			ANKRD13A;C12orf76	ANKRD13A;C12orf76			C12orf76	0	FALSE	grey	0.1793	0.7483	0.7483	0.025435	0.5492	0.4547	0.5597
ENSG00000273343.1	AC007663.4	ENSG00000273343.1	lncRNA	chr22	20318119	20318749	-	631	1	1	1	intronic	intronic_sense	clone-based (unnamed)	FALSE	FALSE	TRUE	TRUE	TRUE	FALSE	FALSE			DGCR6L	DGCR6L			DGCR6L	0	TRUE	green	0.5005	0.6746	0.6746	0.014973	0.5107	0.258	0.6497
ENSG00000287255.1	AC007877.1	ENSG00000287255.1	lncRNA	chr2	40534806	40545781	+	10976	1	3	3	intronic	intronic_antisense	clone-based (unnamed)	FALSE	FALSE	TRUE	FALSE	FALSE	TRUE	FALSE			SLC8A1	SLC8A1			SLC8A1	0	FALSE	yellow	0.4142	0.3998	0.3998	0.01535	0.9277	0.4417	0.9159
ENSG00000288065.1	AC007881.4	ENSG00000288065.1	lncRNA	chr2	71112877	71117406	+	4530	1	2	2	intronic	intronic_antisense	clone-based (unnamed)	FALSE	FALSE	TRUE	FALSE	FALSE	TRUE	FALSE			MCEE	MCEE			MCEE	0	FALSE	green	0.6131	0.8077	0.8077	0.024984	0.5832	0.4055	0.6145
ENSG00000253838.1	AC007991.2	ENSG00000253838.1	lncRNA	chr8	39914229	39915721	+	1493	1	2	2	intronic	intronic_sense	clone-based (unnamed)	FALSE	FALSE	TRUE	TRUE	TRUE	FALSE	FALSE			IDO1	IDO1			IDO1	0	TRUE	yellow	0.3964	0.5879	0.5879	0.037908	0.8226	0.7848	0.6341
ENSG00000277534.1	AC007996.1	ENSG00000277534.1	lncRNA	chr18	26542971	26545791	-	2821	1	1	1	intronic	intronic_sense	clone-based (unnamed)	FALSE	FALSE	TRUE	TRUE	TRUE	FALSE	FALSE			KCTD1	KCTD1			KCTD1	0	TRUE	magenta	0.6264	-0.0154	0.0154	-0.0046859	0.8146	0.3846	0.9511
ENSG00000275560.1	AC008115.3	ENSG00000275560.1	lncRNA	chr12	12718973	12719521	+	549	1	1	1	intronic	intronic_sense	clone-based (unnamed)	FALSE	FALSE	TRUE	TRUE	TRUE	FALSE	FALSE			CDKN1B	CDKN1B			CDKN1B	0	TRUE	green	0.4871	0.7497	0.7497	0.028862	1.0121	0.5121	0.9159
ENSG00000272156.1	AC008280.2	ENSG00000272156.1	lncRNA	chr2	54082554	54085066	+	2513	1	2	2	intronic	intronic_sense	clone-based (unnamed)	FALSE	FALSE	TRUE	TRUE	TRUE	FALSE	FALSE			ACYP2	ACYP2			ACYP2	0	TRUE	brown	0.2663	0.2156	0.2156	0.0077307	0.9122	0.2871	0.9746
ENSG00000286657.1	AC008453.2	ENSG00000286657.1	lncRNA	chr5	150621007	150626779	-	5773	1	3	3	intronic	intronic_antisense	clone-based (unnamed)	FALSE	FALSE	TRUE	FALSE	FALSE	TRUE	FALSE			SYNPO	SYNPO			SYNPO	0	FALSE	grey	0.1935	0.3892	0.3892	0.015429	0.5614	0.4906	0.5558
ENSG00000269843.1	AC008537.2	ENSG00000269843.1	lncRNA	chr19	40831221	40837210	-	5990	1	2	2	intronic	intronic_antisense	clone-based (unnamed)	FALSE	FALSE	TRUE	FALSE	FALSE	TRUE	FALSE			AC008537.1	AC008537.1			AC008537.1	0	FALSE	grey	-0.1553	0.516	0.516	0.015645	0.922	0.3734	0.9295
ENSG00000267474.1	AC008569.2	ENSG00000267474.1	lncRNA	chr19	14458401	14459366	+	966	1	2	2	intronic	intronic_sense	clone-based (unnamed)	FALSE	FALSE	TRUE	TRUE	TRUE	FALSE	FALSE			PKN1	PKN1			PKN1	0	TRUE	grey	0.09	0.7964	0.7964	0.013205	0.2783	0.2173	0.2505
ENSG00000269392.1	AC008655.2	ENSG00000269392.1	lncRNA	chr19	50365880	50369331	-	3452	1	2	2	intronic	intronic_antisense	clone-based (unnamed)	FALSE	FALSE	TRUE	FALSE	FALSE	TRUE	FALSE			NR1H2	NR1H2			NR1H2	0	FALSE	turquoise	0.3283	0.6174	0.6174	0.016072	0.3454	0.2969	0.3699
ENSG00000267096.1	AC008735.1	ENSG00000267096.1	lncRNA	chr19	55670632	55672069	+	1438	1	2	2	intronic	intronic_sense	clone-based (unnamed)	FALSE	FALSE	TRUE	TRUE	TRUE	FALSE	FALSE			U2AF2	U2AF2			U2AF2	0	TRUE	black	0.6239	0.8399	0.8399	0.021977	0.4084	0.3363	0.454
ENSG00000276488.1	AC008735.4	ENSG00000276488.1	lncRNA	chr19	55612490	55613097	-	608	1	1	1	intronic	intronic_antisense	clone-based (unnamed)	FALSE	FALSE	TRUE	FALSE	FALSE	TRUE	FALSE			ZNF865	ZNF865			ZNF865	0	FALSE	black	0.6389	0.8057	0.8057	0.021973	0.6098	0.3426	0.6849
ENSG00000268743.1	AC008737.1	ENSG00000268743.1	lncRNA	chr19	16844025	16846473	+	2449	1	2	2	intronic	intronic_sense	clone-based (unnamed)	FALSE	FALSE	TRUE	TRUE	TRUE	FALSE	FALSE			SIN3B	SIN3B			SIN3B	0	TRUE	green	0.5246	0.773	0.773	0.023798	0.4879	0.3938	0.5166
ENSG00000268520.1	AC008750.4	ENSG00000268520.1	lncRNA	chr19	51361712	51365544	-	3833	1	2	2	intronic	intronic_sense	clone-based (unnamed)	FALSE	FALSE	TRUE	TRUE	TRUE	FALSE	FALSE			ETFB;AC008750.7	ETFB;AC008750.7			AC008750.7	0	TRUE	green	0.5414	0.7564	0.7564	0.014553	0.3199	0.2432	0.3503
ENSG00000276980.1	AC008760.2	ENSG00000276980.1	lncRNA	chr19	6716386	6717742	-	1357	1	1	1	intronic	intronic_sense	clone-based (unnamed)	FALSE	FALSE	TRUE	TRUE	TRUE	FALSE	FALSE			C3	C3			C3	0	TRUE	yellow	0.3332	0.1307	0.1307	0.005036	2.1045	1.3618	0.9315
ENSG00000268087.1	AC008764.2	ENSG00000268087.1	lncRNA	chr19	16610411	16636531	+	26121	1	2	2	intronic	intronic_antisense	clone-based (unnamed)	FALSE	FALSE	TRUE	FALSE	FALSE	TRUE	FALSE			AC008764.4	AC008764.1;MED26;AC008764.4;SMIM7			SMIM7	0	FALSE	midnightblue	0.7061	0.6005	0.6005	0.025704	1.9763	0.6059	0.9902
ENSG00000269399.2	AC008764.6	ENSG00000269399.2	lncRNA	chr19	16542746	16544814	+	2069	1	1	1	intronic	intronic_antisense	clone-based (unnamed)	FALSE	FALSE	TRUE	FALSE	FALSE	TRUE	FALSE			AC008764.1	AC008764.1	CHERP	309	AC008764.1	0	FALSE	turquoise	0.724	0.6956	0.6956	0.019749	0.5028	0.3151	0.5577
ENSG00000267274.1	AC008770.3	ENSG00000267274.1	lncRNA	chr19	11939959	11953381	+	13423	1	2	2	intronic	intronic_sense	clone-based (unnamed)	FALSE	FALSE	TRUE	TRUE	TRUE	FALSE	FALSE			AC008770.2	ZNF700;AC008770.2			AC008770.2	0	TRUE	midnightblue	0.6528	0.6928	0.6928	0.018909	0.7581	0.375	0.82
ENSG00000273557.1	AC008781.2	ENSG00000273557.1	lncRNA	chr5	141468465	141471528	+	3064	1	2	2	intronic	intronic_sense	clone-based (unnamed)	FALSE	FALSE	TRUE	TRUE	TRUE	FALSE	FALSE			PCDHGA12;PCDHGA3;PCDHGA2;PCDHGA11;PCDHGB7;PCDHGA8;PCDHGA10;PCDHGA1;PCDHGA6;PCDHGA5;PCDHGA7;PCDHGB4;PCDHGB6;PCDHGB2;PCDHGB1;PCDHGA4;PCDHGA9;PCDHGB3;PCDHGB5	PCDHGA1;PCDHGA2;PCDHGA3;PCDHGB1;PCDHGA4;PCDHGB2;PCDHGA5;PCDHGB3;PCDHGA6;PCDHGA7;PCDHGB4;PCDHGA8;PCDHGB5;PCDHGA9;PCDHGB6;PCDHGA10;PCDHGB7;PCDHGA11;PCDHGA12			PCDHGA12	0	TRUE	grey	0.1999	0.494	0.494	0.013438	0.4132	0.3002	0.4599
ENSG00000260751.2	AC008870.2	ENSG00000260751.2	lncRNA	chr16	23568673	23569696	+	1024	1	1	1	intronic	intronic_sense	clone-based (unnamed)	FALSE	FALSE	TRUE	TRUE	TRUE	FALSE	FALSE			UBFD1	UBFD1			UBFD1	0	TRUE	black	0.6869	0.87	0.87	0.027453	0.6163	0.3895	0.6243
ENSG00000271815.1	AC008897.3	ENSG00000271815.1	lncRNA	chr5	75363760	75364242	+	483	1	1	1	intronic	intronic_antisense	clone-based (unnamed)	FALSE	FALSE	TRUE	FALSE	FALSE	TRUE	FALSE			CERT1	CERT1			CERT1	0	FALSE	grey	0.0076	0.2394	0.2394	0.0032011	0.2623	0.1646	0.2114
ENSG00000272123.1	AC008966.2	ENSG00000272123.1	lncRNA	chr5	53089016	53089468	-	453	1	1	1	intronic	intronic_antisense	clone-based (unnamed)	FALSE	FALSE	TRUE	FALSE	FALSE	TRUE	FALSE			ITGA2	ITGA2			ITGA2	0	FALSE	grey	0.1299	0.2462	0.2462	0.010377	0.7673	0.3416	0.8669
ENSG00000269688.1	AC008982.2	ENSG00000269688.1	lncRNA	chr19	38844729	38845499	-	771	1	2	2	intronic	intronic_sense	clone-based (unnamed)	FALSE	FALSE	TRUE	TRUE	TRUE	FALSE	FALSE			HNRNPL	HNRNPL			HNRNPL	0	TRUE	black	0.4887	0.6915	0.6915	0.023011	0.5977	0.4575	0.6145
ENSG00000276931.1	AC009041.3	ENSG00000276931.1	lncRNA	chr16	968375	969012	-	638	1	1	1	intronic	intronic_sense	clone-based (unnamed)	FALSE	FALSE	TRUE	TRUE	TRUE	FALSE	FALSE			LMF1	LMF1			LMF1	0	TRUE	grey	-0.0768	0.1789	0.1789	0.0034622	0.4813	0.2307	0.6654
ENSG00000261783.1	AC009054.2	ENSG00000261783.1	lncRNA	chr16	75379818	75381260	-	1443	1	2	2	intronic	intronic_sense	clone-based (unnamed)	FALSE	FALSE	TRUE	TRUE	TRUE	FALSE	FALSE			CFDP1	CFDP1			CFDP1	0	TRUE	grey	0.013	0.0647	0.0647	0.006551	0.891	0.4409	0.9061
ENSG00000261123.1	AC009065.5	ENSG00000261123.1	lncRNA	chr16	2094830	2097026	-	2197	1	2	2	intronic	intronic_sense	clone-based (unnamed)	FALSE	FALSE	TRUE	TRUE	TRUE	FALSE	FALSE			PKD1	PKD1			PKD1	0	TRUE	turquoise	0.3487	0.6719	0.6719	0.014533	0.3872	0.3143	0.4344
ENSG00000261663.1	AC009065.8	ENSG00000261663.1	lncRNA	chr16	2240487	2241818	+	1332	1	2	2	intronic	intronic_antisense	clone-based (unnamed)	FALSE	FALSE	TRUE	FALSE	FALSE	TRUE	FALSE			ECI1	ECI1			ECI1	0	FALSE	turquoise	0.4931	0.6915	0.6915	0.030769	1.1343	0.5484	0.9511
ENSG00000260038.1	AC009090.1	ENSG00000260038.1	lncRNA	chr16	57247350	57248492	+	1143	1	2	2	intronic	intronic_sense	clone-based (unnamed)	FALSE	FALSE	TRUE	TRUE	TRUE	FALSE	FALSE			ARL2BP	ARL2BP			ARL2BP	0	TRUE	turquoise	0.3525	0.7698	0.7698	0.027448	0.712	0.4436	0.7143
ENSG00000260932.1	AC009119.2	ENSG00000260932.1	lncRNA	chr16	83929796	83931223	-	1428	2	3	2	intronic	intronic_antisense	clone-based (unnamed)	FALSE	FALSE	TRUE	FALSE	FALSE	TRUE	FALSE			MLYCD	MLYCD	OSGIN1	88	MLYCD	0	FALSE	grey	-0.1347	0.5102	0.5102	0.01373	0.3334	0.3091	0.319
ENSG00000274220.1	AC009163.7	ENSG00000274220.1	lncRNA	chr16	75433836	75436392	+	2557	1	1	1	intronic	intronic_antisense	clone-based (unnamed)	FALSE	FALSE	TRUE	FALSE	FALSE	TRUE	FALSE			AC009163.5	AC009163.5	CFDP1	333	AC009163.5	0	FALSE	pink	0.577	0.4814	0.4814	0.013978	0.6252	0.2814	0.8004
ENSG00000261238.1	AC009166.1	ENSG00000261238.1	lncRNA	chr16	51149239	51149819	+	581	1	2	2	intronic	intronic_antisense	clone-based (unnamed)	FALSE	FALSE	TRUE	FALSE	FALSE	TRUE	FALSE			SALL1	SALL1			SALL1	0	FALSE	grey	-0.1595	0.0242	0.0242	0.0020314	0.6486	0.4124	0.7123
ENSG00000278472.1	AC009268.2	ENSG00000278472.1	lncRNA	chr15	33972059	33972515	-	457	1	1	1	intronic	intronic_sense	clone-based (unnamed)	FALSE	FALSE	TRUE	TRUE	TRUE	TRUE	FALSE			AVEN;CHRM5	AVEN;CHRM5			CHRM5	0	FALSE	grey	0.1391	0.1418	0.1418	0.0016151	0.247	0.1803	0.1996
ENSG00000274297.1	AC009269.5	ENSG00000274297.1	lncRNA	chr15	70758269	70758856	-	588	1	1	1	intronic	intronic_sense	clone-based (unnamed)	FALSE	FALSE	TRUE	TRUE	TRUE	FALSE	FALSE			UACA	UACA			UACA	0	TRUE	grey	0.194	0.6414	0.6414	0.012717	0.3008	0.2535	0.2955
ENSG00000274315.1	AC009318.3	ENSG00000274315.1	lncRNA	chr12	29331434	29331936	-	503	1	1	1	intronic	intronic_antisense	clone-based (unnamed)	FALSE	FALSE	TRUE	FALSE	FALSE	TRUE	FALSE			FAR2	FAR2	FAR2	752	FAR2	0	FALSE	grey	0.0052	0.1216	0.1216	0.0017732	0.9819	0.3193	0.9863
ENSG00000275476.1	AC009318.4	ENSG00000275476.1	lncRNA	chr12	29277397	29277882	-	486	1	1	1	intronic	intronic_antisense	clone-based (unnamed)	FALSE	FALSE	TRUE	FALSE	FALSE	TRUE	FALSE			FAR2	FAR2			FAR2	0	FALSE	turquoise	0.5275	0.5693	0.5693	0.017113	0.3832	0.3416	0.3816
ENSG00000270607.1	AC009549.1	ENSG00000270607.1	lncRNA	chr11	19710934	19712619	-	1686	1	1	1	intronic	intronic_antisense	clone-based (unnamed)	FALSE	FALSE	TRUE	FALSE	FALSE	TRUE	FALSE			NAV2	NAV2	NAV2	218	NAV2	0	FALSE	greenyellow	0.4823	-0.054	0.054	-0.0039503	1.0966	0.6122	0.9511
ENSG00000272264.1	AC009686.2	ENSG00000272264.1	lncRNA	chr8	80032724	80033300	-	577	1	1	1	intronic	intronic_sense	clone-based (unnamed)	FALSE	FALSE	TRUE	TRUE	TRUE	FALSE	FALSE			AC036214.3	AC036214.3			AC036214.3	0	TRUE	grey	0.2421	0.069	0.069	0.0056706	0.7008	0.4351	0.7593
ENSG00000276934.1	AC009704.2	ENSG00000276934.1	lncRNA	chr18	74504766	74505248	+	483	1	1	1	intronic	intronic_sense	clone-based (unnamed)	FALSE	FALSE	TRUE	TRUE	TRUE	FALSE	FALSE			CNDP2	CNDP2			CNDP2	0	TRUE	grey	0.0426	0.7569	0.7569	0.028991	0.6895	0.483	0.6751
ENSG00000263982.1	AC009716.1	ENSG00000263982.1	lncRNA	chr18	76372717	76378275	+	5559	1	2	2	intronic	intronic_antisense	clone-based (unnamed)	FALSE	FALSE	TRUE	FALSE	FALSE	TRUE	FALSE			ZNF516	ZNF516			ZNF516	0	FALSE	green	0.3326	0.5505	0.5505	0.0073317	0.2482	0.1952	0.2016
ENSG00000278840.1	AC009878.1	ENSG00000278840.1	lncRNA	chr15	26557598	26557937	-	340	1	1	1	intronic	intronic_sense	clone-based (unnamed)	FALSE	FALSE	TRUE	TRUE	TRUE	FALSE	FALSE			GABRB3	GABRB3			GABRB3	0	TRUE	blue	0.3295	0.0394	0.0394	0.0023919	0.4468	0.4029	0.4873
ENSG00000287091.1	AC009961.3	ENSG00000287091.1	lncRNA	chr2	159797288	159798043	-	756	1	1	1	intronic	intronic_sense	clone-based (unnamed)	FALSE	FALSE	TRUE	TRUE	TRUE	FALSE	FALSE			CD302;LY75-CD302	CD302;LY75-CD302			LY75-CD302	0	TRUE	yellow	0.4094	0.0432	0.0432	0.0013314	0.6859	0.2793	0.8767
ENSG00000259659.1	AC009996.1	ENSG00000259659.1	lncRNA	chr15	44557829	44559188	+	1360	1	2	2	intronic	intronic_sense	clone-based (unnamed)	FALSE	FALSE	TRUE	TRUE	TRUE	FALSE	FALSE			EIF3J	EIF3J			EIF3J	0	TRUE	black	0.4663	0.8217	0.8217	0.014815	0.3444	0.2399	0.4051
ENSG00000258101.2	AC010173.1	ENSG00000258101.2	lncRNA	chr12	49232790	49264756	-	31967	1	2	2	intronic	intronic_antisense	clone-based (unnamed)	FALSE	FALSE	TRUE	FALSE	FALSE	TRUE	FALSE			TUBA1C	TUBA1C	TUBA1C	325	TUBA1C	0	FALSE	brown	0.3409	0.2786	0.2786	0.005809	0.452	0.2022	0.5969
ENSG00000259436.1	AC010247.2	ENSG00000259436.1	lncRNA	chr19	42152569	42157523	+	4955	1	2	2	intronic	intronic_antisense	clone-based (unnamed)	FALSE	FALSE	TRUE	FALSE	FALSE	TRUE	FALSE			POU2F2	POU2F2			POU2F2	0	FALSE	yellow	0.5919	0.0354	0.0354	0.0018482	0.3036	0.2343	0.274
ENSG00000250882.1	AC010261.1	ENSG00000250882.1	lncRNA	chr5	112173570	112175548	+	1979	1	2	2	intronic	intronic_antisense	clone-based (unnamed)	FALSE	FALSE	TRUE	FALSE	FALSE	TRUE	FALSE			EPB41L4A	EPB41L4A			EPB41L4A	0	FALSE	grey	-0.0456	0.7168	0.7168	0.013104	0.2611	0.2413	0.2387
ENSG00000269053.1	AC010319.3	ENSG00000269053.1	lncRNA	chr19	17419305	17419774	-	470	1	1	1	intronic	intronic_antisense	clone-based (unnamed)	FALSE	FALSE	TRUE	FALSE	FALSE	TRUE	FALSE			MVB12A	MVB12A	MVB12A	273	MVB12A	0	FALSE	yellow	0.4001	0.5052	0.5052	0.010964	0.4398	0.2509	0.5597
ENSG00000269867.1	AC010326.3	ENSG00000269867.1	lncRNA	chr19	57867038	57868172	-	1135	1	2	2	intronic	intronic_sense	clone-based (unnamed)	FALSE	FALSE	TRUE	TRUE	TRUE	FALSE	FALSE			ZNF814	ZNF814			ZNF814	0	TRUE	turquoise	0.588	0.7984	0.7984	0.038018	1.8609	0.5826	1
ENSG00000259876.1	AC010333.1	ENSG00000259876.1	lncRNA	chr16	12556353	12557694	-	1342	1	2	2	intronic	intronic_antisense	clone-based (unnamed)	FALSE	FALSE	TRUE	FALSE	FALSE	TRUE	FALSE			SNX29	SNX29			SNX29	0	FALSE	magenta	0.5746	0.4703	0.4703	0.0055332	0.2668	0.3028	0.229
ENSG00000269560.1	AC010422.4	ENSG00000269560.1	lncRNA	chr19	12529768	12532973	-	3206	1	2	2	intronic	intronic_sense	clone-based (unnamed)	FALSE	FALSE	TRUE	TRUE	TRUE	FALSE	FALSE			ZNF564;AC008758.1;AC010422.6	AC008758.1;ZNF564;AC010422.6			AC010422.6	0	TRUE	grey	-0.004	0.6823	0.6823	0.013765	0.3032	0.2622	0.3131
ENSG00000269350.1	AC010463.2	ENSG00000269350.1	lncRNA	chr19	17360932	17362753	+	1822	1	2	2	intronic	intronic_antisense	clone-based (unnamed)	FALSE	FALSE	TRUE	FALSE	FALSE	TRUE	FALSE			PLVAP	PLVAP			PLVAP	0	FALSE	red	0.485	0.761	0.761	0.023922	0.3673	0.3999	0.3464
ENSG00000269815.1	AC010463.3	ENSG00000269815.1	lncRNA	chr19	17296196	17296695	-	500	1	1	1	intronic	intronic_sense	clone-based (unnamed)	FALSE	FALSE	TRUE	TRUE	TRUE	TRUE	FALSE			ABHD8;MRPL34	ABHD8;MRPL34			MRPL34	0	FALSE	turquoise	0.3096	0.6878	0.6878	0.014103	0.3561	0.2602	0.4168
ENSG00000267117.1	AC010525.1	ENSG00000267117.1	lncRNA	chr19	55694118	55694558	-	441	1	1	1	intronic	intronic_antisense	clone-based (unnamed)	FALSE	FALSE	TRUE	FALSE	FALSE	TRUE	FALSE			EPN1	EPN1			EPN1	0	FALSE	turquoise	0.3484	0.7335	0.7335	0.013084	0.2313	0.2248	0.2407
ENSG00000270165.1	AC010530.1	ENSG00000270165.1	lncRNA	chr16	67738588	67739922	-	1335	1	2	2	intronic	intronic_sense	clone-based (unnamed)	FALSE	FALSE	TRUE	TRUE	TRUE	FALSE	FALSE			RANBP10	RANBP10			RANBP10	0	TRUE	green	0.5019	0.7903	0.7903	0.013536	0.3083	0.2302	0.3288
ENSG00000270006.2	AC010531.6	ENSG00000270006.2	lncRNA	chr16	87317509	87318043	+	535	1	2	2	intronic	intronic_antisense	clone-based (unnamed)	FALSE	FALSE	TRUE	FALSE	FALSE	TRUE	FALSE			AC010531.1	AC010531.1	C16orf95	89	AC010531.1	0	FALSE	brown	0.7369	0.3606	0.3606	0.014394	0.5378	0.3712	0.6106
ENSG00000260671.2	AC010536.2	ENSG00000260671.2	lncRNA	chr16	87739771	87747706	-	7936	1	3	3	intronic	intronic_sense	clone-based (unnamed)	FALSE	FALSE	TRUE	TRUE	TRUE	FALSE	FALSE			KLHDC4	KLHDC4			KLHDC4	0	TRUE	grey	-0.0411	0.4821	0.4821	0.015997	0.3951	0.4015	0.3992
ENSG00000268119.6	AC010615.2	ENSG00000268119.6	lncRNA	chr19	21444241	21463908	-	19668	8	4	5	intronic	intronic_antisense	clone-based (unnamed)	FALSE	FALSE	TRUE	FALSE	FALSE	TRUE	FALSE			AC010615.4	AC010615.4			AC010615.4	0	FALSE	grey	-0.0015	0.4807	0.4807	0.0067498	0.3428	0.2152	0.3659
ENSG00000269161.1	AC010618.2	ENSG00000269161.1	lncRNA	chr19	17518330	17520565	-	2236	1	2	2	intronic	intronic_antisense	clone-based (unnamed)	FALSE	FALSE	TRUE	FALSE	FALSE	TRUE	FALSE			PGLS	PGLS			PGLS	0	FALSE	turquoise	0.614	0.7958	0.7958	0.022749	0.423	0.3376	0.4814
ENSG00000267729.1	AC010761.6	ENSG00000267729.1	lncRNA	chr17	28727258	28727739	+	482	1	2	2	intronic	intronic_sense	clone-based (unnamed)	FALSE	FALSE	TRUE	TRUE	TRUE	TRUE	FALSE			NEK8;TLCD1	TLCD1;NEK8	TLCD1	326	NEK8	0	TRUE	grey	-0.2746	0.4022	0.4022	0.0085143	0.2573	0.2473	0.2524
ENSG00000253854.1	AC010834.3	ENSG00000253854.1	lncRNA	chr8	93719574	93721167	+	1594	1	2	2	intronic	intronic_sense	clone-based (unnamed)	FALSE	FALSE	TRUE	TRUE	TRUE	FALSE	FALSE			CIBAR1	CIBAR1			CIBAR1	0	TRUE	midnightblue	0.6844	0.6186	0.6186	0.016395	1.1008	0.3856	0.9746
ENSG00000272789.1	AC010976.2	ENSG00000272789.1	lncRNA	chr2	127625997	127626848	-	852	1	1	1	intronic	intronic_antisense	clone-based (unnamed)	FALSE	FALSE	TRUE	FALSE	FALSE	TRUE	FALSE			MYO7B	MYO7B			MYO7B	0	FALSE	red	0.6053	0.6798	0.6798	0.0451	0.8764	0.7324	0.6928
ENSG00000275343.1	AC010999.1	ENSG00000275343.1	lncRNA	chr15	56908312	56908635	-	324	1	1	1	intronic	intronic_sense	clone-based (unnamed)	FALSE	FALSE	TRUE	TRUE	TRUE	FALSE	FALSE			AC090517.4	AC090517.4			AC090517.4	0	TRUE	turquoise	0.3885	0.6496	0.6496	0.012713	0.2977	0.2233	0.3014
ENSG00000235586.1	AC011247.1	ENSG00000235586.1	lncRNA	chr2	38601598	38602178	+	581	1	2	2	intronic	intronic_antisense	clone-based (unnamed)	FALSE	FALSE	TRUE	FALSE	FALSE	TRUE	FALSE			HNRNPLL	HNRNPLL			HNRNPLL	0	FALSE	yellow	0.6679	0.482	0.482	0.01428	0.353	0.391	0.3229
ENSG00000275601.1	AC011330.2	ENSG00000275601.1	lncRNA	chr15	43642389	43643023	-	635	1	1	1	intronic	intronic_sense	clone-based (unnamed)	FALSE	FALSE	TRUE	TRUE	TRUE	FALSE	FALSE			CATSPER2	CATSPER2			CATSPER2	0	TRUE	magenta	0.43	0.4394	0.4394	0.0059752	0.3261	0.1971	0.3366
ENSG00000248362.1	AC011352.1	ENSG00000248362.1	lncRNA	chr5	147886086	147886878	-	793	1	1	1	intronic	intronic_sense	clone-based (unnamed)	FALSE	FALSE	TRUE	TRUE	TRUE	FALSE	FALSE			C5orf46	C5orf46			C5orf46	0	TRUE	greenyellow	0.4714	0.1302	0.1302	0.0099347	1.0159	1.1001	0.5636
ENSG00000251320.1	AC011352.3	ENSG00000251320.1	lncRNA	chr5	147887112	147887704	+	593	1	1	1	intronic	intronic_antisense	clone-based (unnamed)	FALSE	FALSE	TRUE	FALSE	FALSE	TRUE	FALSE			C5orf46	C5orf46			C5orf46	0	FALSE	greenyellow	0.4599	0.1259	0.1259	0.0096912	1.4819	1.4057	0.6908
ENSG00000253852.1	AC011383.1	ENSG00000253852.1	lncRNA	chr5	150608428	150615354	-	6927	1	3	3	intronic	intronic_antisense	clone-based (unnamed)	FALSE	FALSE	TRUE	FALSE	FALSE	TRUE	FALSE			SYNPO	SYNPO			SYNPO	0	FALSE	grey	0.2261	0.4374	0.4374	0.015367	0.3767	0.4112	0.3601
ENSG00000248965.1	AC011389.1	ENSG00000248965.1	lncRNA	chr5	168993000	168995677	+	2678	1	3	3	intronic	intronic_antisense	clone-based (unnamed)	FALSE	FALSE	TRUE	FALSE	FALSE	TRUE	FALSE			SLIT3	SLIT3			SLIT3	0	FALSE	grey	0.0397	0.4149	0.4149	0.0088079	0.2445	0.3363	0.2016
ENSG00000269246.1	AC011445.1	ENSG00000269246.1	lncRNA	chr19	39341773	39341945	-	173	1	1	1	intronic	intronic_sense	clone-based (unnamed)	FALSE	FALSE	TRUE	TRUE	TRUE	FALSE	FALSE			GMFG	GMFG	SAMD4B	451	GMFG	0	TRUE	brown	0.6447	0.2258	0.2258	0.015755	0.8439	0.529	0.8337
ENSG00000267197.1	AC011461.1	ENSG00000267197.1	lncRNA	chr19	10490339	10491000	-	662	1	2	2	intronic	intronic_sense	clone-based (unnamed)	FALSE	FALSE	TRUE	TRUE	TRUE	FALSE	FALSE			KEAP1	KEAP1			KEAP1	0	TRUE	turquoise	0.3584	0.7218	0.7218	0.01581	0.3121	0.287	0.3444
ENSG00000277744.1	AC011462.4	ENSG00000277744.1	lncRNA	chr19	41373971	41374419	+	449	1	1	1	intronic	intronic_sense	clone-based (unnamed)	FALSE	FALSE	TRUE	TRUE	TRUE	FALSE	FALSE			TMEM91;AC011462.1	AC011462.1;TMEM91			TMEM91	0	TRUE	turquoise	0.739	0.8333	0.8333	0.0547	1.1956	0.7415	0.8689
ENSG00000260160.1	AC011468.1	ENSG00000260160.1	lncRNA	chr19	52058490	52063703	-	5214	1	2	2	intronic	intronic_sense	clone-based (unnamed)	FALSE	FALSE	TRUE	TRUE	TRUE	FALSE	FALSE			ZNF432	ZNF432			ZNF432	0	TRUE	purple	0.5256	0.6769	0.6769	0.026737	1.2783	0.4694	0.9941
ENSG00000273733.1	AC011472.4	ENSG00000273733.1	lncRNA	chr19	11221083	11221573	+	491	1	1	1	intronic	intronic_antisense	clone-based (unnamed)	FALSE	FALSE	TRUE	FALSE	FALSE	TRUE	FALSE			DOCK6	DOCK6			DOCK6	0	FALSE	salmon	0.5029	0.445	0.445	0.016659	0.8187	0.3697	0.9061
ENSG00000267481.1	AC011477.1	ENSG00000267481.1	lncRNA	chr19	19788755	19790531	-	1777	1	2	2	intronic	intronic_sense	clone-based (unnamed)	FALSE	FALSE	TRUE	TRUE	TRUE	FALSE	FALSE			ZNF506	ZNF506			ZNF506	0	TRUE	midnightblue	0.5662	0.6986	0.6986	0.020168	1.526	0.3777	0.998
ENSG00000268499.1	AC011479.2	ENSG00000268499.1	lncRNA	chr19	38199836	38200934	+	1099	1	2	2	intronic	intronic_sense	clone-based (unnamed)	FALSE	FALSE	TRUE	TRUE	TRUE	FALSE	FALSE			SIPA1L3	SIPA1L3			SIPA1L3	0	TRUE	green	0.3446	0.7091	0.7091	0.014181	0.3063	0.2545	0.3209
ENSG00000269397.1	AC011503.2	ENSG00000269397.1	lncRNA	chr19	23927788	23929287	+	1500	1	1	1	intronic	intronic_sense	clone-based (unnamed)	FALSE	FALSE	TRUE	TRUE	TRUE	FALSE	FALSE			ZNF726	ZNF726			ZNF726	0	TRUE	grey	0.0657	0.2364	0.2364	0.0028048	0.3446	0.22	0.3464
ENSG00000253307.1	AC011676.1	ENSG00000253307.1	lncRNA	chr8	141252286	141253292	-	1007	1	2	2	intronic	intronic_sense	clone-based (unnamed)	FALSE	FALSE	TRUE	TRUE	TRUE	FALSE	FALSE			SLC45A4	SLC45A4			SLC45A4	0	TRUE	grey	-0.2374	0.2974	0.2974	0.0041578	0.2728	0.2197	0.2446
ENSG00000254362.1	AC011726.2	ENSG00000254362.1	lncRNA	chr8	26440491	26442595	+	2105	1	4	4	intronic	intronic_sense	clone-based (unnamed)	FALSE	FALSE	TRUE	TRUE	TRUE	FALSE	FALSE			BNIP3L	BNIP3L			BNIP3L	0	TRUE	blue	0.3696	0.5994	0.5994	0.013281	0.3168	0.275	0.3072
ENSG00000263393.1	AC011825.2	ENSG00000263393.1	lncRNA	chr18	32122400	32124478	-	2079	1	2	2	intronic	intronic_antisense	clone-based (unnamed)	FALSE	FALSE	TRUE	FALSE	FALSE	TRUE	FALSE			RNF138	RNF138			RNF138	0	FALSE	grey	-0.1209	0.7505	0.7505	0.015929	0.384	0.2798	0.4344
ENSG00000272839.1	AC011899.2	ENSG00000272839.1	lncRNA	chr7	157868538	157869154	+	617	1	1	1	intronic	intronic_antisense	clone-based (unnamed)	FALSE	FALSE	TRUE	FALSE	FALSE	TRUE	FALSE			PTPRN2	PTPRN2			PTPRN2	0	FALSE	yellow	0.6814	0.0686	0.0686	0.0026433	0.393	0.2758	0.4344
ENSG00000269976.1	AC012065.2	ENSG00000269976.1	lncRNA	chr2	20586248	20586686	-	439	1	1	1	intronic	intronic_sense	clone-based (unnamed)	FALSE	FALSE	TRUE	TRUE	TRUE	FALSE	FALSE			HS1BP3	HS1BP3			HS1BP3	0	TRUE	grey	0.0835	0.2726	0.2726	0.022755	1.241	0.7324	0.9295
ENSG00000261114.1	AC012181.1	ENSG00000261114.1	lncRNA	chr16	56941028	56941726	+	699	1	1	1	intronic	intronic_sense	clone-based (unnamed)	FALSE	FALSE	TRUE	TRUE	TRUE	FALSE	FALSE			HERPUD1	HERPUD1			HERPUD1	0	TRUE	green	0.3974	0.6884	0.6884	0.019435	0.6409	0.3927	0.6849
ENSG00000261270.1	AC012181.2	ENSG00000261270.1	lncRNA	chr16	56940278	56941342	+	1065	1	2	2	intronic	intronic_sense	clone-based (unnamed)	FALSE	FALSE	TRUE	TRUE	TRUE	FALSE	FALSE			HERPUD1	HERPUD1			HERPUD1	0	TRUE	green	0.5302	0.6758	0.6758	0.023785	0.8803	0.4949	0.8376
ENSG00000261131.1	AC012186.2	ENSG00000261131.1	lncRNA	chr16	46660696	46661591	-	896	1	2	2	intronic	intronic_sense	clone-based (unnamed)	FALSE	FALSE	TRUE	TRUE	TRUE	FALSE	FALSE			VPS35	VPS35			VPS35	0	TRUE	turquoise	0.4388	0.7001	0.7001	0.018254	0.4651	0.3085	0.5303
ENSG00000232098.3	AC012313.1	ENSG00000232098.3	lncRNA	chr19	58404238	58408484	-	4247	4	2	2	intronic	intronic_antisense	clone-based (unnamed)	FALSE	FALSE	TRUE	FALSE	FALSE	TRUE	FALSE			ZNF584	ZNF584	ZNF584	165	ZNF584	0	FALSE	magenta	0.5927	0.4862	0.4862	0.014153	1.3386	0.3787	0.9961
ENSG00000259575.1	AC012404.2	ENSG00000259575.1	lncRNA	chr15	61211913	61214231	+	2319	1	2	2	intronic	intronic_antisense	clone-based (unnamed)	FALSE	FALSE	TRUE	FALSE	FALSE	TRUE	FALSE			RORA	RORA			RORA	0	FALSE	grey	-0.1699	0.5987	0.5987	0.012187	0.234	0.2474	0.227
ENSG00000271916.1	AC012467.1	ENSG00000271916.1	lncRNA	chr3	53797764	53798019	-	256	1	1	1	intronic	intronic_antisense	clone-based (unnamed)	FALSE	FALSE	TRUE	FALSE	FALSE	TRUE	FALSE			CACNA1D	CACNA1D			CACNA1D	0	FALSE	grey	-0.2106	0.3952	0.3952	0.018822	0.7193	0.5485	0.7065
ENSG00000260597.1	AC012531.1	ENSG00000260597.1	lncRNA	chr12	54019910	54022589	+	2680	1	1	1	intronic	intronic_sense	clone-based (unnamed)	FALSE	FALSE	TRUE	TRUE	TRUE	FALSE	FALSE			HOXC4;HOXC6;AC012531.3	AC012531.3;HOXC6;HOXC4			HOXC4	0	TRUE	green	0.6568	0.685	0.685	0.017532	0.5045	0.3456	0.5519
ENSG00000277170.1	AC012676.3	ENSG00000277170.1	lncRNA	chr16	4426902	4427380	+	479	1	1	1	intronic	intronic_sense	clone-based (unnamed)	FALSE	FALSE	TRUE	TRUE	TRUE	FALSE	FALSE			DNAJA3	DNAJA3			DNAJA3	0	TRUE	grey	-0.1823	0.6121	0.6121	0.01023	0.271	0.198	0.2544
ENSG00000272148.1	AC013403.2	ENSG00000272148.1	lncRNA	chr2	27062428	27062907	-	480	1	1	1	intronic	intronic_antisense	clone-based (unnamed)	FALSE	FALSE	TRUE	FALSE	FALSE	TRUE	FALSE			AGBL5	AGBL5			AGBL5	0	FALSE	purple	0.4714	0.6905	0.6905	0.01936	0.6801	0.307	0.8415
ENSG00000277351.1	AC013553.3	ENSG00000277351.1	lncRNA	chr15	65049188	65049802	-	615	1	1	1	intronic	intronic_antisense	clone-based (unnamed)	FALSE	FALSE	TRUE	FALSE	FALSE	TRUE	FALSE			SLC51B	SLC51B			SLC51B	0	FALSE	red	0.5254	0.3403	0.3403	0.012522	0.4954	0.3404	0.5832
ENSG00000270557.1	AC013731.1	ENSG00000270557.1	lncRNA	chr2	157877683	157878565	+	883	1	1	1	intronic	intronic_sense	clone-based (unnamed)	FALSE	FALSE	TRUE	TRUE	TRUE	FALSE	FALSE			UPP2	UPP2			UPP2	0	TRUE	turquoise	0.686	0.679	0.679	0.015502	0.2989	0.2542	0.2838
ENSG00000263220.1	AC015727.1	ENSG00000263220.1	lncRNA	chr17	5364315	5371626	-	7312	1	2	2	intronic	intronic_sense	clone-based (unnamed)	FALSE	FALSE	TRUE	TRUE	TRUE	TRUE	FALSE			NUP88	RABEP1;NUP88			NUP88	0	TRUE	turquoise	0.3475	0.7539	0.7539	0.0196	0.406	0.3102	0.456
ENSG00000267543.1	AC015802.3	ENSG00000267543.1	lncRNA	chr17	76549951	76550826	+	876	1	2	2	intronic	intronic_sense	clone-based (unnamed)	FALSE	FALSE	TRUE	TRUE	TRUE	TRUE	FALSE			PRCD;CYGB	CYGB;PRCD			PRCD	0	TRUE	turquoise	0.4965	0.7531	0.7531	0.023242	0.5271	0.3633	0.5714
ENSG00000270871.1	AC015849.3	ENSG00000270871.1	lncRNA	chr17	35816717	35830293	-	13577	1	2	2	intronic	intronic_antisense	clone-based (unnamed)	FALSE	FALSE	TRUE	FALSE	FALSE	TRUE	FALSE			TAF15	TAF15			TAF15	0	FALSE	green	0.7357	0.859	0.859	0.040477	1.2575	0.6335	0.9315
ENSG00000278600.1	AC015871.3	ENSG00000278600.1	lncRNA	chr15	79920195	79922455	-	2261	1	1	1	intronic	intronic_sense	clone-based (unnamed)	FALSE	FALSE	TRUE	TRUE	TRUE	FALSE	FALSE			ST20-MTHFS;ST20	ST20-MTHFS;ST20			ST20	0	TRUE	tan	0.5991	0.7524	0.7524	0.034337	1.5342	0.5795	0.9922
ENSG00000286990.1	AC016026.2	ENSG00000286990.1	lncRNA	chr22	17800722	17802035	+	1314	1	2	2	intronic	intronic_antisense	clone-based (unnamed)	FALSE	FALSE	TRUE	FALSE	FALSE	TRUE	FALSE			MICAL3	MICAL3			MICAL3	0	FALSE	green	0.6028	0.6983	0.6983	0.021016	0.5586	0.3963	0.5969
ENSG00000272609.1	AC016252.1	ENSG00000272609.1	lncRNA	chr3	138004649	138005122	-	474	1	1	1	intronic	intronic_antisense	clone-based (unnamed)	FALSE	FALSE	TRUE	FALSE	FALSE	TRUE	FALSE			CLDN18	CLDN18			CLDN18	0	FALSE	grey	0.1384	0.6161	0.6161	0.014637	0.244	0.2845	0.2329
ENSG00000268670.1	AC016586.1	ENSG00000268670.1	lncRNA	chr19	4061615	4062749	-	1135	1	2	2	intronic	intronic_sense	clone-based (unnamed)	FALSE	FALSE	TRUE	TRUE	TRUE	FALSE	FALSE			ZBTB7A	ZBTB7A			ZBTB7A	0	TRUE	green	0.5611	0.7366	0.7366	0.0134	0.3385	0.2458	0.3894
ENSG00000267682.1	AC016590.2	ENSG00000267682.1	lncRNA	chr19	37337236	37337743	+	508	1	2	2	intronic	intronic_sense	clone-based (unnamed)	FALSE	FALSE	TRUE	TRUE	TRUE	FALSE	FALSE			ZNF875	ZNF875			ZNF875	0	TRUE	green	0.5446	0.7074	0.7074	0.015446	0.4425	0.3242	0.4873
ENSG00000276846.1	AC016590.3	ENSG00000276846.1	lncRNA	chr19	37314868	37315620	-	753	1	1	1	intronic	intronic_antisense	clone-based (unnamed)	FALSE	FALSE	TRUE	FALSE	FALSE	TRUE	FALSE			ZNF875	ZNF875			ZNF875	0	FALSE	pink	0.6467	0.2573	0.2573	0.018068	1.1684	0.5041	0.9687
ENSG00000271889.1	AC016747.2	ENSG00000271889.1	lncRNA	chr2	61151433	61162105	-	10673	3	4	2	intronic	intronic_antisense	clone-based (unnamed)	FALSE	FALSE	TRUE	FALSE	FALSE	TRUE	FALSE			C2orf74	C2orf74	C2orf74	86	C2orf74	0	FALSE	turquoise	0.3734	0.7623	0.7623	0.014719	0.2867	0.2361	0.3014
ENSG00000273302.1	AC016747.3	ENSG00000273302.1	lncRNA	chr2	61199979	61200769	+	791	1	1	1	intronic	intronic_antisense	clone-based (unnamed)	FALSE	FALSE	TRUE	FALSE	FALSE	TRUE	FALSE			USP34	USP34			USP34	0	FALSE	green	0.523	0.8462	0.8462	0.016978	0.3878	0.2632	0.4462
ENSG00000230732.4	AC016949.1	ENSG00000230732.4	lncRNA	chr3	196912646	196914579	+	1934	1	2	2	intronic	intronic_sense	clone-based (unnamed)	FALSE	FALSE	TRUE	TRUE	TRUE	FALSE	FALSE			SENP5	SENP5			SENP5	0	TRUE	grey	0.1113	0.7403	0.7403	0.012426	0.3344	0.256	0.3307
ENSG00000256897.1	AC018410.1	ENSG00000256897.1	lncRNA	chr11	47220218	47221751	-	1534	1	2	2	intronic	intronic_antisense	clone-based (unnamed)	FALSE	FALSE	TRUE	FALSE	FALSE	TRUE	FALSE			DDB2	DDB2			DDB2	0	FALSE	grey	0.1587	0.6808	0.6808	0.012185	0.334	0.2475	0.3405
ENSG00000265778.3	AC018413.1	ENSG00000265778.3	lncRNA	chr18	76491629	76493918	+	2290	3	3	3	intronic	intronic_antisense	clone-based (unnamed)	FALSE	FALSE	TRUE	FALSE	FALSE	TRUE	FALSE			ZNF516	ZNF516	ZNF516	850	ZNF516	0	FALSE	magenta	0.458	0.1085	0.1085	0.0015423	0.399	0.1707	0.4892
ENSG00000275178.1	AC018529.1	ENSG00000275178.1	lncRNA	chr18	77093086	77093446	+	361	1	1	1	intronic	intronic_antisense	clone-based (unnamed)	FALSE	FALSE	TRUE	FALSE	FALSE	TRUE	FALSE			MBP	MBP			MBP	0	FALSE	grey	-0.005	0.1274	0.1274	0.0033168	0.3159	0.2665	0.2994
ENSG00000285770.1	AC018653.4	ENSG00000285770.1	lncRNA	chr12	7146482	7147817	-	1336	1	2	2	intronic	intronic_antisense	clone-based (unnamed)	FALSE	FALSE	TRUE	FALSE	FALSE	TRUE	FALSE			CLSTN3	CLSTN3			CLSTN3	0	FALSE	grey	0.2004	0.7457	0.7457	0.015027	0.303	0.265	0.3151
ENSG00000273306.1	AC018690.1	ENSG00000273306.1	lncRNA	chr2	99405218	99405843	+	626	1	1	1	intronic	intronic_antisense	clone-based (unnamed)	FALSE	FALSE	TRUE	FALSE	FALSE	TRUE	FALSE			REV1	REV1			REV1	0	FALSE	turquoise	0.3148	0.6864	0.6864	0.017565	0.8435	0.314	0.9589
ENSG00000270184.1	AC018695.4	ENSG00000270184.1	lncRNA	chr16	85784382	85787617	+	3236	1	2	2	intronic	intronic_antisense	clone-based (unnamed)	FALSE	FALSE	TRUE	FALSE	FALSE	TRUE	FALSE			EMC8	EMC8			EMC8	0	FALSE	green	0.6072	0.8028	0.8028	0.019297	0.4722	0.3292	0.5245
ENSG00000275393.1	AC018695.6	ENSG00000275393.1	lncRNA	chr16	85697335	85697868	-	534	1	1	1	intronic	intronic_sense	clone-based (unnamed)	FALSE	FALSE	TRUE	TRUE	TRUE	FALSE	FALSE			C16orf74	C16orf74			C16orf74	0	TRUE	greenyellow	0.6341	0.2606	0.2606	0.011203	0.5095	0.5972	0.411
ENSG00000273837.1	AC018755.4	ENSG00000273837.1	lncRNA	chr19	51639478	51639931	-	454	1	1	1	intronic	intronic_sense	clone-based (unnamed)	FALSE	FALSE	TRUE	TRUE	TRUE	FALSE	FALSE			AC018755.2;SIGLEC5	SIGLEC5;AC018755.2			AC018755.2	0	TRUE	yellow	0.5534	-0.0079	0.0079	0.0035127	1.1616	0.598	0.9178
ENSG00000286242.1	AC018797.3	ENSG00000286242.1	lncRNA	chr4	102814252	102819881	+	5630	1	2	2	intronic	intronic_antisense	clone-based (unnamed)	FALSE	FALSE	TRUE	FALSE	FALSE	TRUE	FALSE			UBE2D3	UBE2D3			UBE2D3	0	FALSE	green	0.447	0.7517	0.7517	0.013266	0.4165	0.2745	0.4853
ENSG00000269894.1	AC018809.1	ENSG00000269894.1	lncRNA	chr3	9935706	9936258	+	553	1	1	1	intronic	intronic_sense	clone-based (unnamed)	FALSE	FALSE	TRUE	TRUE	TRUE	FALSE	FALSE			CRELD1;AC018809.3	AC018809.3;CRELD1			CRELD1	0	TRUE	turquoise	0.6033	0.7675	0.7675	0.017655	0.3464	0.2822	0.4031
ENSG00000274765.1	AC018926.1	ENSG00000274765.1	lncRNA	chr15	55343141	55343575	-	435	1	1	1	intronic	intronic_sense	clone-based (unnamed)	FALSE	FALSE	TRUE	TRUE	TRUE	TRUE	FALSE			PIGB;CCPG1	PIGB;CCPG1			CCPG1	0	TRUE	grey	-0.1041	0.5619	0.5619	0.010237	0.4544	0.2382	0.5969
ENSG00000276533.1	AC018926.2	ENSG00000276533.1	lncRNA	chr15	55288849	55289346	-	498	1	1	1	intronic	intronic_sense	clone-based (unnamed)	FALSE	FALSE	TRUE	TRUE	TRUE	FALSE	FALSE			RAB27A	RAB27A			RAB27A	0	TRUE	yellow	0.4385	0.4566	0.4566	0.016041	0.4729	0.3826	0.5029
ENSG00000277548.1	AC018926.3	ENSG00000277548.1	lncRNA	chr15	55346347	55346752	-	406	1	1	1	intronic	intronic_sense	clone-based (unnamed)	FALSE	FALSE	TRUE	TRUE	TRUE	TRUE	FALSE			PIGB;CCPG1	PIGB;CCPG1			CCPG1	0	TRUE	turquoise	0.2981	0.5666	0.5666	0.014418	0.7073	0.3231	0.8571
ENSG00000271825.1	AC019080.3	ENSG00000271825.1	lncRNA	chr2	177300600	177302006	+	1407	1	2	2	intronic	intronic_antisense	clone-based (unnamed)	FALSE	FALSE	TRUE	FALSE	FALSE	TRUE	FALSE			NFE2L2	NFE2L2			NFE2L2	0	FALSE	grey	0.297	0.6374	0.6374	0.018193	0.4557	0.3868	0.4638
ENSG00000280374.1	AC019080.5	ENSG00000280374.1	lncRNA	chr2	177317715	177318471	-	757	1	1	1	intronic	intronic_sense	clone-based (unnamed)	FALSE	FALSE	TRUE	TRUE	TRUE	FALSE	FALSE			NFE2L2	NFE2L2			NFE2L2	0	TRUE	grey	-0.0224	0.1881	0.1881	0.0047929	0.9956	0.3218	0.9883
ENSG00000270988.1	AC019257.2	ENSG00000270988.1	lncRNA	chr8	1974818	1975314	+	497	1	1	1	intronic	intronic_sense	clone-based (unnamed)	FALSE	FALSE	TRUE	TRUE	TRUE	FALSE	FALSE			KBTBD11	KBTBD11			KBTBD11	0	TRUE	grey	0.0223	0.4585	0.4585	0.00829	0.2579	0.265	0.2329
ENSG00000265511.1	AC020558.2	ENSG00000265511.1	lncRNA	chr17	17507351	17508308	+	958	1	2	2	intronic	intronic_antisense	clone-based (unnamed)	FALSE	FALSE	TRUE	FALSE	FALSE	TRUE	FALSE			PEMT	PEMT	PEMT	295	PEMT	0	FALSE	black	0.5705	0.8043	0.8043	0.026409	0.5989	0.4251	0.6145
ENSG00000273123.1	AC020634.2	ENSG00000273123.1	lncRNA	chr3	123715851	123716399	+	549	1	1	1	intronic	intronic_antisense	clone-based (unnamed)	FALSE	FALSE	TRUE	FALSE	FALSE	TRUE	FALSE			MYLK	MYLK			MYLK	0	FALSE	red	0.5041	0.2533	0.2533	0.0046984	0.3021	0.1915	0.3209
ENSG00000273855.1	AC020658.5	ENSG00000273855.1	lncRNA	chr15	40285468	40285909	-	442	1	1	1	intronic	intronic_sense	clone-based (unnamed)	FALSE	FALSE	TRUE	TRUE	TRUE	FALSE	FALSE			PLCB2	PLCB2			PLCB2	0	TRUE	yellow	0.6571	0.3258	0.3258	0.013281	0.4807	0.3523	0.5519
ENSG00000269836.1	AC020913.3	ENSG00000269836.1	lncRNA	chr19	17177511	17178476	-	966	1	2	2	intronic	intronic_antisense	clone-based (unnamed)	FALSE	FALSE	TRUE	FALSE	FALSE	TRUE	FALSE			MYO9B	MYO9B			MYO9B	0	FALSE	grey	0.0193	0.7392	0.7392	0.023837	0.4269	0.4147	0.4384
ENSG00000268201.1	AC020915.1	ENSG00000268201.1	lncRNA	chr19	58266635	58267685	+	1051	1	2	2	intronic	intronic_sense	clone-based (unnamed)	FALSE	FALSE	TRUE	TRUE	TRUE	FALSE	FALSE			ZNF544;AC020915.4	ZNF544;AC020915.4			AC020915.4	0	TRUE	turquoise	0.3676	0.7695	0.7695	0.027186	0.8161	0.4579	0.8063
ENSG00000260891.1	AC020978.3	ENSG00000260891.1	lncRNA	chr16	68212401	68221671	-	9271	1	2	2	intronic	intronic_antisense	clone-based (unnamed)	FALSE	FALSE	TRUE	FALSE	FALSE	TRUE	FALSE			NFATC3	NFATC3			NFATC3	0	FALSE	grey	0.1307	0.6922	0.6922	0.020749	0.5342	0.3985	0.5519
ENSG00000273007.2	AC021205.3	ENSG00000273007.2	lncRNA	chr4	122879778	122885805	-	6028	2	4	3	intronic	intronic_antisense	clone-based (unnamed)	FALSE	FALSE	TRUE	FALSE	FALSE	TRUE	FALSE			FGF2	FGF2			FGF2	0	FALSE	pink	0.4917	0.7283	0.7283	0.016009	0.3736	0.2382	0.409
ENSG00000253574.5	AC021744.1	ENSG00000253574.5	lncRNA	chr8	139911238	139916620	+	5383	2	4	3	intronic	intronic_antisense	clone-based (unnamed)	FALSE	FALSE	TRUE	FALSE	FALSE	TRUE	FALSE			TRAPPC9	TRAPPC9			TRAPPC9	0	FALSE	grey	0.267	0.0782	0.0782	0.030774	3.1201	1.7702	0.9119
ENSG00000278733.1	AC022079.2	ENSG00000278733.1	lncRNA	chr12	28185625	28186190	-	566	1	1	1	intronic	intronic_antisense	clone-based (unnamed)	FALSE	FALSE	TRUE	FALSE	FALSE	TRUE	FALSE			CCDC91	CCDC91			CCDC91	0	FALSE	turquoise	0.3813	0.4942	0.4942	0.01574	0.6819	0.3472	0.8317
ENSG00000271717.1	AC022146.2	ENSG00000271717.1	lncRNA	chr19	8222153	8239648	-	17496	1	2	2	intronic	intronic_antisense	clone-based (unnamed)	FALSE	FALSE	TRUE	FALSE	FALSE	TRUE	FALSE			CERS4	CERS4			CERS4	0	FALSE	grey	0.0124	0.6466	0.6466	0.014307	0.2693	0.2886	0.2681
ENSG00000268970.1	AC022150.2	ENSG00000268970.1	lncRNA	chr19	52597699	52598887	-	1189	1	2	2	intronic	intronic_sense	clone-based (unnamed)	FALSE	FALSE	TRUE	TRUE	TRUE	FALSE	FALSE			ZNF83	ZNF83			ZNF83	0	TRUE	black	0.5433	0.7581	0.7581	0.032233	1.5567	0.4826	0.9902
ENSG00000269825.1	AC022150.4	ENSG00000269825.1	lncRNA	chr19	52650437	52653284	-	2848	1	1	1	intronic	intronic_sense	clone-based (unnamed)	FALSE	FALSE	TRUE	TRUE	TRUE	FALSE	FALSE			ZNF83	ZNF83			ZNF83	0	TRUE	midnightblue	0.5046	0.6497	0.6497	0.017218	0.8692	0.4014	0.8963
ENSG00000265800.1	AC022211.3	ENSG00000265800.1	lncRNA	chr17	75138416	75141350	-	2935	1	2	2	intronic	intronic_sense	clone-based (unnamed)	FALSE	FALSE	TRUE	TRUE	TRUE	FALSE	FALSE			JPT1	JPT1			JPT1	0	TRUE	turquoise	0.3072	0.7372	0.7372	0.01692	0.4088	0.327	0.456
ENSG00000275580.1	AC022306.2	ENSG00000275580.1	lncRNA	chr15	49343608	49344254	+	647	1	1	1	intronic	intronic_sense	clone-based (unnamed)	FALSE	FALSE	TRUE	TRUE	TRUE	TRUE	FALSE			FAM227B;GALK2	GALK2;FAM227B			FAM227B	0	FALSE	purple	0.6572	0.3284	0.3284	0.021172	1.6337	0.5053	0.998
ENSG00000276593.1	AC022306.3	ENSG00000276593.1	lncRNA	chr15	49353485	49354034	+	550	1	1	1	intronic	intronic_sense	clone-based (unnamed)	FALSE	FALSE	TRUE	TRUE	TRUE	TRUE	FALSE			FAM227B;GALK2	GALK2;FAM227B			FAM227B	0	FALSE	purple	0.653	0.2347	0.2347	0.0094794	0.5861	0.3353	0.7104
ENSG00000256894.1	AC022509.3	ENSG00000256894.1	lncRNA	chr12	26125155	26126617	-	1463	2	4	3	intronic	intronic_antisense	clone-based (unnamed)	FALSE	FALSE	TRUE	FALSE	FALSE	TRUE	FALSE			SSPN	SSPN			SSPN	0	FALSE	cyan	0.3799	0.0774	0.0774	0.0016576	1.4694	0.5946	0.9726
ENSG00000278095.1	AC022509.4	ENSG00000278095.1	lncRNA	chr12	26273329	26273900	-	572	1	1	1	intronic	intronic_antisense	clone-based (unnamed)	FALSE	FALSE	TRUE	FALSE	FALSE	TRUE	FALSE			SSPN	SSPN			SSPN	0	FALSE	greenyellow	0.4566	0.0349	0.0349	0.00046638	0.2914	0.2856	0.2681
ENSG00000259767.1	AC022558.1	ENSG00000259767.1	lncRNA	chr15	83022236	83024336	-	2101	1	2	2	intronic	intronic_sense	clone-based (unnamed)	FALSE	FALSE	TRUE	TRUE	TRUE	FALSE	FALSE			BTBD1	BTBD1			BTBD1	0	TRUE	green	0.5056	0.7353	0.7353	0.01393	0.3763	0.2667	0.4012
ENSG00000259523.1	AC022613.2	ENSG00000259523.1	lncRNA	chr15	29822631	29824081	+	1451	1	1	1	intronic	intronic_antisense	clone-based (unnamed)	FALSE	FALSE	TRUE	FALSE	FALSE	TRUE	FALSE			TJP1	TJP1	TJP1	128	TJP1	0	FALSE	red	0.4881	-0.0132	0.0132	0.00030589	0.5149	0.1796	0.7867
ENSG00000274849.1	AC023043.4	ENSG00000274849.1	lncRNA	chr18	36189824	36190272	+	449	1	1	1	intronic	intronic_sense	clone-based (unnamed)	FALSE	FALSE	TRUE	TRUE	TRUE	FALSE	FALSE			MOCOS	MOCOS			MOCOS	0	TRUE	greenyellow	0.6129	0.1081	0.1081	0.0023439	0.5885	0.5377	0.5147
ENSG00000286584.2	AC023494.1	ENSG00000286584.2	lncRNA	chr3	119666236	119670688	+	4453	2	3	3	intronic	intronic_antisense	clone-based (unnamed)	FALSE	FALSE	TRUE	FALSE	FALSE	TRUE	FALSE			COX17	COX17	POPDC2	912	COX17	0	FALSE	turquoise	0.5268	0.8041	0.8041	0.028846	0.8633	0.4286	0.8767
ENSG00000267904.1	AC024075.1	ENSG00000267904.1	lncRNA	chr19	16639967	16640668	-	702	1	2	2	intronic	intronic_sense	clone-based (unnamed)	FALSE	FALSE	TRUE	TRUE	TRUE	FALSE	FALSE			SMIM7;AC008764.4	AC008764.4;SMIM7			SMIM7	0	TRUE	midnightblue	0.7833	0.5671	0.5671	0.022576	1.5534	0.6071	0.9785
ENSG00000269044.2	AC024075.2	ENSG00000269044.2	lncRNA	chr19	16633797	16635269	-	1473	1	1	1	intronic	intronic_sense	clone-based (unnamed)	FALSE	FALSE	TRUE	TRUE	TRUE	FALSE	FALSE			SMIM7;AC008764.4	AC008764.4;SMIM7			SMIM7	0	TRUE	purple	0.6167	0.6009	0.6009	0.031378	2.2041	0.5471	1
ENSG00000264304.1	AC024267.3	ENSG00000264304.1	lncRNA	chr17	28892469	28893342	+	874	1	2	2	intronic	intronic_antisense	clone-based (unnamed)	FALSE	FALSE	TRUE	FALSE	FALSE	TRUE	FALSE			FLOT2	FLOT2			FLOT2	0	FALSE	green	0.4874	0.7633	0.7633	0.017021	0.4146	0.2882	0.4755
ENSG00000262410.1	AC024361.1	ENSG00000262410.1	lncRNA	chr17	82745068	82745709	+	642	1	1	1	intronic	intronic_sense	clone-based (unnamed)	FALSE	FALSE	TRUE	TRUE	TRUE	FALSE	FALSE			FN3K	FN3K			FN3K	0	TRUE	magenta	0.4433	0.7525	0.7525	0.025334	0.6243	0.4509	0.6145
ENSG00000273973.1	AC025162.2	ENSG00000273973.1	lncRNA	chr12	55929170	55929729	+	560	1	1	1	intronic	intronic_sense	clone-based (unnamed)	FALSE	FALSE	TRUE	TRUE	TRUE	TRUE	FALSE			DGKA;PYM1	PYM1;DGKA			DGKA	0	TRUE	pink	0.4865	0.5972	0.5972	0.011375	0.249	0.1997	0.1996
ENSG00000269903.1	AC025165.4	ENSG00000269903.1	lncRNA	chr12	57814494	57814926	+	433	1	1	1	intronic	intronic_antisense	clone-based (unnamed)	FALSE	FALSE	TRUE	FALSE	FALSE	TRUE	FALSE			AVIL	AVIL	AVIL	268	AVIL	0	FALSE	turquoise	0.3515	0.6571	0.6571	0.017025	0.5172	0.319	0.6106
ENSG00000270039.1	AC025165.5	ENSG00000270039.1	lncRNA	chr12	57803838	57804415	+	578	1	1	1	intronic	intronic_sense	clone-based (unnamed)	FALSE	FALSE	TRUE	TRUE	TRUE	TRUE	FALSE			AVIL;TSFM	TSFM;AVIL			AVIL	0	FALSE	turquoise	0.3412	0.452	0.452	0.011332	1.1301	0.3144	0.998
ENSG00000276523.1	AC025287.3	ENSG00000276523.1	lncRNA	chr16	75572185	75572685	-	501	1	1	1	intronic	intronic_antisense	clone-based (unnamed)	FALSE	FALSE	TRUE	FALSE	FALSE	TRUE	FALSE			GABARAPL2	GABARAPL2			GABARAPL2	0	FALSE	green	0.6738	0.8096	0.8096	0.024219	0.6372	0.387	0.6888
ENSG00000286337.1	AC025370.2	ENSG00000286337.1	lncRNA	chr8	103319392	103320106	-	715	1	2	2	intronic	intronic_antisense	clone-based (unnamed)	FALSE	FALSE	TRUE	FALSE	FALSE	TRUE	FALSE			FZD6	FZD6			FZD6	0	FALSE	green	0.563	0.6282	0.6282	0.015219	0.5137	0.3595	0.5773
ENSG00000256325.1	AC025423.1	ENSG00000256325.1	lncRNA	chr12	68828118	68828553	+	436	1	2	2	intronic	intronic_sense	clone-based (unnamed)	FALSE	FALSE	TRUE	TRUE	TRUE	FALSE	FALSE			MDM2	MDM2			MDM2	0	TRUE	grey	0.1724	0.6373	0.6373	0.0086579	0.2252	0.2155	0.2074
ENSG00000270133.1	AC025766.1	ENSG00000270133.1	lncRNA	chr5	94611906	94618122	-	6217	1	3	3	intronic	intronic_sense	clone-based (unnamed)	FALSE	FALSE	TRUE	TRUE	TRUE	FALSE	FALSE			KIAA0825	KIAA0825	SLF1	547	KIAA0825	0	TRUE	yellow	0.4329	0.7272	0.7272	0.024401	0.5624	0.4177	0.5753
ENSG00000286804.1	AC025871.3	ENSG00000286804.1	lncRNA	chr8	28414499	28416593	-	2095	1	2	2	intronic	intronic_sense	clone-based (unnamed)	FALSE	FALSE	TRUE	TRUE	TRUE	FALSE	FALSE			FBXO16	FBXO16			FBXO16	0	TRUE	grey	0.2022	0.3811	0.3811	0.0066072	0.3052	0.4147	0.2114
ENSG00000276853.1	AC026124.2	ENSG00000276853.1	lncRNA	chr12	65171262	65171917	+	656	1	1	1	intronic	intronic_sense	clone-based (unnamed)	FALSE	FALSE	TRUE	TRUE	TRUE	FALSE	FALSE			LEMD3	LEMD3			LEMD3	0	TRUE	grey	-0.2351	0.1578	0.1578	0.0035375	0.3138	0.217	0.2955
ENSG00000274964.1	AC026356.1	ENSG00000274964.1	lncRNA	chr12	32339368	32340724	+	1357	1	1	1	intronic	intronic_sense	clone-based (unnamed)	FALSE	FALSE	TRUE	TRUE	TRUE	FALSE	FALSE			BICD1	BICD1			BICD1	0	TRUE	grey	0.3284	0.0989	0.0989	0.00040766	1.2482	0.435	0.9843
ENSG00000276115.1	AC026356.2	ENSG00000276115.1	lncRNA	chr12	32352349	32354144	+	1796	1	1	1	intronic	intronic_sense	clone-based (unnamed)	FALSE	FALSE	TRUE	TRUE	TRUE	FALSE	FALSE			BICD1	BICD1			BICD1	0	TRUE	grey	0.4921	0.5888	0.5888	0.018191	0.7839	0.4145	0.8513
ENSG00000256948.1	AC026369.3	ENSG00000256948.1	lncRNA	chr12	106524	111850	-	5327	1	2	2	intronic	intronic_antisense	clone-based (unnamed)	FALSE	FALSE	TRUE	FALSE	FALSE	TRUE	FALSE			IQSEC3	IQSEC3			IQSEC3	0	FALSE	yellow	0.5847	0.1017	0.1017	0.0043765	0.4484	0.4174	0.4481
ENSG00000280206.1	AC026401.3	ENSG00000280206.1	lncRNA	chr16	15701237	15702118	+	882	1	1	1	intronic	intronic_sense	clone-based (unnamed)	FALSE	FALSE	TRUE	TRUE	TRUE	FALSE	FALSE			NDE1	NDE1			NDE1	0	TRUE	purple	0.4788	0.1753	0.1753	0.012993	2.1445	0.5262	1
ENSG00000271781.1	AC026740.1	ENSG00000271781.1	lncRNA	chr5	675826	676616	+	791	1	1	1	intronic	intronic_antisense	clone-based (unnamed)	FALSE	FALSE	TRUE	FALSE	FALSE	TRUE	FALSE			TPPP	TPPP			TPPP	0	FALSE	turquoise	0.3465	0.4211	0.4211	0.014799	0.5707	0.3481	0.6634
ENSG00000271869.1	AC026979.2	ENSG00000271869.1	lncRNA	chr8	30155830	30156232	-	403	1	1	1	intronic	intronic_antisense	clone-based (unnamed)	FALSE	FALSE	TRUE	FALSE	FALSE	TRUE	FALSE			LEPROTL1	LEPROTL1	DCTN6	87	LEPROTL1	0	FALSE	pink	0.6938	0.3694	0.3694	0.035612	1.5045	0.7237	0.9765
ENSG00000275155.1	AC027348.1	ENSG00000275155.1	lncRNA	chr16	49847018	49847632	-	615	1	1	1	intronic	intronic_sense	clone-based (unnamed)	FALSE	FALSE	TRUE	TRUE	TRUE	FALSE	FALSE			ZNF423	ZNF423			ZNF423	0	TRUE	red	0.4392	0.5591	0.5591	0.010242	0.2311	0.2211	0.2074
ENSG00000267560.1	AC027514.2	ENSG00000267560.1	lncRNA	chr18	62300036	62300998	-	963	1	2	2	intronic	intronic_antisense	clone-based (unnamed)	FALSE	FALSE	TRUE	FALSE	FALSE	TRUE	FALSE			RELCH	RELCH			RELCH	0	FALSE	green	0.5447	0.7357	0.7357	0.012698	0.3274	0.2469	0.3796
ENSG00000260588.1	AC027702.1	ENSG00000260588.1	lncRNA	chr8	41828165	41829934	-	1770	1	1	1	intronic	intronic_sense	clone-based (unnamed)	FALSE	FALSE	TRUE	TRUE	TRUE	FALSE	FALSE			ANK1	ANK1			ANK1	0	TRUE	cyan	0.5325	0.1406	0.1406	0.0078993	0.9256	0.4225	0.9061
ENSG00000261916.1	AC027796.1	ENSG00000261916.1	lncRNA	chr17	3601761	3602272	-	512	1	1	1	intronic	intronic_sense	clone-based (unnamed)	FALSE	FALSE	TRUE	TRUE	TRUE	FALSE	FALSE			TRPV1;AC027796.3	TRPV1;AC027796.3			AC027796.3	0	TRUE	green	0.345	0.6752	0.6752	0.012008	0.2294	0.2142	0.227
ENSG00000274128.1	AC027807.2	ENSG00000274128.1	lncRNA	chr15	83962176	83962583	+	408	1	1	1	intronic	intronic_sense	clone-based (unnamed)	FALSE	FALSE	TRUE	TRUE	TRUE	FALSE	FALSE			ADAMTSL3	ADAMTSL3			ADAMTSL3	0	TRUE	grey	0.1787	-0.0184	0.0184	0.0013297	0.4037	0.3014	0.4677
ENSG00000262777.1	AC032044.1	ENSG00000262777.1	lncRNA	chr17	1424473	1426484	+	2012	2	2	2	intronic	intronic_antisense	clone-based (unnamed)	FALSE	FALSE	TRUE	FALSE	FALSE	TRUE	FALSE			CRK	CRK			CRK	0	FALSE	green	0.3553	0.7792	0.7792	0.011729	0.2601	0.2086	0.2309
ENSG00000272518.1	AC036214.2	ENSG00000272518.1	lncRNA	chr8	79956465	79957381	-	917	1	1	1	intronic	intronic_sense	clone-based (unnamed)	FALSE	FALSE	TRUE	TRUE	TRUE	FALSE	FALSE			MRPS28;AC036214.3	MRPS28;AC036214.3			AC036214.3	0	TRUE	grey	-0.1726	0.0939	0.0939	9.1905e-05	0.7532	0.2256	0.9726
ENSG00000276107.1	AC037198.1	ENSG00000276107.1	lncRNA	chr15	39586561	39587293	+	733	1	1	1	intronic	intronic_sense	clone-based (unnamed)	FALSE	FALSE	TRUE	TRUE	TRUE	FALSE	FALSE			THBS1	THBS1			THBS1	0	TRUE	grey	0.1106	0.5196	0.5196	0.022539	0.7823	0.5748	0.7319
ENSG00000278493.1	AC039056.2	ENSG00000278493.1	lncRNA	chr15	41908204	41908714	-	511	1	1	1	intronic	intronic_sense	clone-based (unnamed)	FALSE	FALSE	TRUE	TRUE	TRUE	FALSE	FALSE			EHD4	EHD4			EHD4	0	TRUE	grey	0.1278	0.3175	0.3175	0.0093129	0.5815	0.4278	0.6204
ENSG00000253210.2	AC040970.1	ENSG00000253210.2	lncRNA	chr8	141124717	141130064	-	5348	6	5	3	intronic	intronic_antisense	clone-based (unnamed)	FALSE	FALSE	TRUE	FALSE	FALSE	TRUE	FALSE			DENND3	DENND3	DENND3	331	DENND3	0	FALSE	grey	0.4162	0.3021	0.3021	0.010798	1.3098	0.3977	0.9941
ENSG00000277342.1	AC048344.4	ENSG00000277342.1	lncRNA	chr12	32109076	32109602	+	527	1	1	1	intronic	intronic_sense	clone-based (unnamed)	FALSE	FALSE	TRUE	TRUE	TRUE	FALSE	FALSE			BICD1	BICD1			BICD1	0	TRUE	grey	0.2294	0.2974	0.2974	0.0099416	0.6652	0.3637	0.7867
ENSG00000256973.1	AC053513.2	ENSG00000256973.1	lncRNA	chr12	22460519	22463914	-	3396	1	2	2	intronic	intronic_sense	clone-based (unnamed)	FALSE	FALSE	TRUE	TRUE	TRUE	FALSE	FALSE			C2CD5	C2CD5			C2CD5	0	TRUE	green	0.711	0.7986	0.7986	0.022633	0.6164	0.3978	0.6556
ENSG00000224745.1	AC063965.2	ENSG00000224745.1	lncRNA	chr10	87878692	87880427	+	1736	1	3	3	intronic	intronic_sense	clone-based (unnamed)	FALSE	FALSE	TRUE	TRUE	TRUE	FALSE	FALSE			PTEN	PTEN			PTEN	0	TRUE	grey	0.1503	0.7693	0.7693	0.020608	0.4733	0.3445	0.5382
ENSG00000278017.1	AC064801.1	ENSG00000278017.1	lncRNA	chr18	62525919	62526325	-	407	1	1	1	intronic	intronic_antisense	clone-based (unnamed)	FALSE	FALSE	TRUE	FALSE	FALSE	TRUE	FALSE			ZCCHC2	ZCCHC2	ZCCHC2	564	ZCCHC2	0	FALSE	pink	0.3672	0.2721	0.2721	0.005049	0.3071	0.1974	0.3072
ENSG00000253829.1	AC067817.2	ENSG00000253829.1	lncRNA	chr8	38844866	38846439	-	1574	1	2	2	intronic	intronic_antisense	clone-based (unnamed)	FALSE	FALSE	TRUE	FALSE	FALSE	TRUE	FALSE			TACC1	TACC1	TACC1	30	TACC1	0	FALSE	red	0.3906	0.6425	0.6425	0.023617	0.6728	0.5001	0.6712
ENSG00000269980.1	AC068768.1	ENSG00000269980.1	lncRNA	chr12	123262060	123262402	+	343	1	1	1	intronic	intronic_antisense	clone-based (unnamed)	FALSE	FALSE	TRUE	FALSE	FALSE	TRUE	FALSE			CDK2AP1	CDK2AP1	CDK2AP1	577	CDK2AP1	0	FALSE	grey	0.1249	0.5691	0.5691	0.0090969	0.2406	0.2018	0.2133
ENSG00000269938.1	AC068790.2	ENSG00000269938.1	lncRNA	chr12	123968023	123968579	-	557	1	1	1	intronic	intronic_sense	clone-based (unnamed)	FALSE	FALSE	TRUE	TRUE	TRUE	FALSE	FALSE			CCDC92	CCDC92			CCDC92	0	TRUE	grey	-0.188	0.682	0.682	0.015065	0.4473	0.2835	0.5323
ENSG00000269997.1	AC068790.3	ENSG00000269997.1	lncRNA	chr12	123966077	123966629	-	553	1	1	1	intronic	intronic_sense	clone-based (unnamed)	FALSE	FALSE	TRUE	TRUE	TRUE	FALSE	FALSE			CCDC92	CCDC92			CCDC92	0	TRUE	grey	-0.0873	0.7175	0.7175	0.017334	0.5126	0.3035	0.5969
ENSG00000270048.1	AC068790.4	ENSG00000270048.1	lncRNA	chr12	123962555	123962817	-	263	1	1	1	intronic	intronic_sense	clone-based (unnamed)	FALSE	FALSE	TRUE	TRUE	TRUE	FALSE	FALSE			CCDC92	CCDC92			CCDC92	0	TRUE	grey	-0.1015	0.6906	0.6906	0.015772	0.4437	0.3089	0.5166
ENSG00000270061.1	AC068790.5	ENSG00000270061.1	lncRNA	chr12	123969990	123970344	-	355	1	1	1	intronic	intronic_sense	clone-based (unnamed)	FALSE	FALSE	TRUE	TRUE	TRUE	FALSE	FALSE			CCDC92	CCDC92			CCDC92	0	TRUE	grey	0.0486	0.7582	0.7582	0.021949	0.596	0.3754	0.6693
ENSG00000270095.1	AC068790.6	ENSG00000270095.1	lncRNA	chr12	123971457	123971714	-	258	1	1	1	intronic	intronic_sense	clone-based (unnamed)	FALSE	FALSE	TRUE	TRUE	TRUE	FALSE	FALSE			CCDC92	CCDC92	ZNF664	131	CCDC92	0	TRUE	grey	-0.0846	0.6131	0.6131	0.010248	0.2648	0.2489	0.2622
ENSG00000270130.1	AC068790.7	ENSG00000270130.1	lncRNA	chr12	123960717	123961244	-	528	1	1	1	intronic	intronic_sense	clone-based (unnamed)	FALSE	FALSE	TRUE	TRUE	TRUE	FALSE	FALSE			CCDC92	CCDC92			CCDC92	0	TRUE	grey	-0.052	0.7574	0.7574	0.013609	0.3729	0.2436	0.4129
ENSG00000275769.1	AC068792.1	ENSG00000275769.1	lncRNA	chr12	31443792	31444208	-	417	1	1	1	intronic	intronic_sense	clone-based (unnamed)	FALSE	FALSE	TRUE	TRUE	TRUE	FALSE	FALSE			DENND5B	DENND5B			DENND5B	0	TRUE	purple	0.5242	0.1982	0.1982	0.0059479	0.6154	0.2983	0.7945
ENSG00000269949.1	AC069307.1	ENSG00000269949.1	lncRNA	chr4	56960927	56961373	-	447	1	1	1	intronic	intronic_antisense	clone-based (unnamed)	FALSE	FALSE	TRUE	FALSE	FALSE	TRUE	FALSE			REST	REST			REST	0	FALSE	purple	0.5337	0.1339	0.1339	0.0065546	0.5702	0.2943	0.7182
ENSG00000238246.1	AC069549.1	ENSG00000238246.1	lncRNA	chr10	20070805	20091784	-	20980	1	2	2	intronic	intronic_antisense	clone-based (unnamed)	FALSE	FALSE	TRUE	FALSE	FALSE	TRUE	FALSE			PLXDC2	PLXDC2			PLXDC2	0	FALSE	grey	0.2613	0.4335	0.4335	0.010592	0.3858	0.3768	0.3894
ENSG00000272604.1	AC073073.2	ENSG00000272604.1	lncRNA	chr7	105571083	105573660	+	2578	1	1	1	intronic	intronic_antisense	clone-based (unnamed)	FALSE	FALSE	TRUE	FALSE	FALSE	TRUE	FALSE			EFCAB10	EFCAB10			EFCAB10	0	FALSE	grey	0.093	0.2444	0.2444	0.0039503	0.837	0.2207	0.9902
ENSG00000287580.1	AC073349.4	ENSG00000287580.1	lncRNA	chr7	64801958	64804117	-	2160	1	2	2	intronic	intronic_antisense	clone-based (unnamed)	FALSE	FALSE	TRUE	FALSE	FALSE	TRUE	FALSE			ZNF138	ZNF138			ZNF138	0	FALSE	grey	-0.1724	0.7093	0.7093	0.016356	0.3841	0.3794	0.411
ENSG00000257509.1	AC073487.1	ENSG00000257509.1	lncRNA	chr12	55761550	55762628	-	1079	1	2	2	intronic	intronic_sense	clone-based (unnamed)	FALSE	FALSE	TRUE	TRUE	TRUE	FALSE	FALSE			SARNP;AC023055.1	SARNP;AC023055.1			AC023055.1	0	TRUE	black	0.5832	0.8397	0.8397	0.027501	0.5756	0.3992	0.589
ENSG00000257740.1	AC073896.3	ENSG00000257740.1	lncRNA	chr12	56308868	56309449	+	582	1	2	2	intronic	intronic_antisense	clone-based (unnamed)	FALSE	FALSE	TRUE	FALSE	FALSE	TRUE	FALSE			AC073896.1	AC073896.1			AC073896.1	0	FALSE	grey	-0.0061	0.4401	0.4401	0.011032	0.9246	0.3664	0.9491
ENSG00000256299.1	AC073912.2	ENSG00000256299.1	lncRNA	chr12	130810821	130812622	-	1802	1	2	2	intronic	intronic_sense	clone-based (unnamed)	FALSE	FALSE	TRUE	TRUE	TRUE	FALSE	FALSE			STX2	STX2			STX2	0	TRUE	green	0.3755	0.5514	0.5514	0.011202	0.2372	0.2592	0.2329
ENSG00000274124.1	AC074029.3	ENSG00000274124.1	lncRNA	chr12	48152817	48153128	+	312	1	1	1	intronic	intronic_antisense	clone-based (unnamed)	FALSE	FALSE	TRUE	FALSE	FALSE	TRUE	FALSE			ASB8	ASB8			ASB8	0	FALSE	green	0.4027	0.7311	0.7311	0.016034	0.374	0.2804	0.4305
ENSG00000249049.1	AC074124.1	ENSG00000249049.1	lncRNA	chr4	91319034	91325306	-	6273	1	3	3	intronic	intronic_antisense	clone-based (unnamed)	FALSE	FALSE	TRUE	FALSE	FALSE	TRUE	FALSE			CCSER1	CCSER1			CCSER1	0	FALSE	grey	0.0459	0.4469	0.4469	0.027793	0.6428	0.6111	0.5616
ENSG00000285618.1	AC074132.1	ENSG00000285618.1	lncRNA	chr5	91132303	91142470	-	10168	1	3	3	intronic	intronic_antisense	clone-based (unnamed)	FALSE	FALSE	TRUE	FALSE	FALSE	TRUE	FALSE			ADGRV1	ADGRV1			ADGRV1	0	FALSE	greenyellow	0.5398	0.2632	0.2632	0.0078978	0.2475	0.3778	0.2035
ENSG00000257989.1	AC078864.1	ENSG00000257989.1	lncRNA	chr12	52092485	52104297	-	11813	1	3	3	intronic	intronic_antisense	clone-based (unnamed)	FALSE	FALSE	TRUE	FALSE	FALSE	TRUE	FALSE			SMIM41	SMIM41			SMIM41	0	FALSE	blue	0.6407	0.5739	0.5739	0.072196	2.8856	1.2777	0.9667
ENSG00000257241.1	AC078922.1	ENSG00000257241.1	lncRNA	chr12	69946543	69947081	-	539	1	2	2	intronic	intronic_antisense	clone-based (unnamed)	FALSE	FALSE	TRUE	FALSE	FALSE	TRUE	FALSE			MYRFL	MYRFL			MYRFL	0	FALSE	grey	-0.157	0.5384	0.5384	0.016874	0.3145	0.3634	0.2975
ENSG00000225365.1	AC078942.1	ENSG00000225365.1	lncRNA	chr7	158537495	158539879	+	2385	1	2	2	intronic	intronic_antisense	clone-based (unnamed)	FALSE	FALSE	TRUE	FALSE	FALSE	TRUE	FALSE			PTPRN2	PTPRN2			PTPRN2	0	FALSE	grey	-0.091	0.0052	0.0052	-0.00061182	0.2803	0.3377	0.2681
ENSG00000277715.1	AC079174.2	ENSG00000277715.1	lncRNA	chr12	106250759	106252786	+	2028	1	1	1	intronic	intronic_antisense	clone-based (unnamed)	FALSE	FALSE	TRUE	FALSE	FALSE	TRUE	FALSE			CKAP4	CKAP4			CKAP4	0	FALSE	turquoise	0.6301	0.6489	0.6489	0.013781	0.3953	0.2572	0.4442
ENSG00000267461.1	AC079210.1	ENSG00000267461.1	lncRNA	chr17	68557516	68582577	+	25062	1	3	3	intronic	intronic_antisense	clone-based (unnamed)	FALSE	FALSE	TRUE	FALSE	FALSE	TRUE	FALSE			FAM20A	FAM20A			FAM20A	0	FALSE	greenyellow	0.4591	0.4089	0.4089	0.0073797	0.2706	0.3379	0.2466
ENSG00000276007.1	AC079414.3	ENSG00000276007.1	lncRNA	chr16	78123243	78124332	+	1090	1	1	1	intronic	intronic_sense	clone-based (unnamed)	FALSE	FALSE	TRUE	TRUE	TRUE	FALSE	FALSE			WWOX	WWOX			WWOX	0	TRUE	purple	0.5755	0.5222	0.5222	0.018729	0.9819	0.3807	0.9706
ENSG00000274943.1	AC079684.1	ENSG00000274943.1	lncRNA	chr12	42361267	42361703	+	437	1	1	1	intronic	intronic_sense	clone-based (unnamed)	FALSE	FALSE	TRUE	TRUE	TRUE	FALSE	FALSE			PPHLN1	PPHLN1			PPHLN1	0	TRUE	grey	0.0697	0.7144	0.7144	0.021004	0.5703	0.3722	0.6458
ENSG00000271778.1	AC080013.2	ENSG00000271778.1	lncRNA	chr3	158782547	158783124	+	578	1	1	1	intronic	intronic_sense	clone-based (unnamed)	FALSE	FALSE	TRUE	TRUE	TRUE	FALSE	FALSE			MFSD1	MFSD1			MFSD1	0	TRUE	greenyellow	0.5247	0.4778	0.4778	0.010046	0.3074	0.3016	0.3053
ENSG00000203644.3	AC083799.1	ENSG00000203644.3	lncRNA	chr3	129847048	129847957	-	910	1	1	1	intronic	intronic_sense	clone-based (unnamed)	FALSE	FALSE	TRUE	TRUE	TRUE	FALSE	FALSE			TMCC1	TMCC1			TMCC1	0	TRUE	grey	0.0839	-0.0315	0.0315	-7.7361e-05	2.9612	0.441	1
ENSG00000285906.2	AC083855.2	ENSG00000285906.2	lncRNA	chr3	11193439	11225877	-	32439	2	4	4	intronic	intronic_antisense	clone-based (unnamed)	FALSE	FALSE	TRUE	FALSE	FALSE	TRUE	FALSE			HRH1	HRH1	HRH1	154	HRH1	0	FALSE	red	0.6251	-0.0498	0.0498	-8.3554e-05	2.5131	0.6008	0.998
ENSG00000225111.1	AC083900.1	ENSG00000225111.1	lncRNA	chr2	207868582	207869915	-	1334	1	2	2	intronic	intronic_sense	clone-based (unnamed)	FALSE	FALSE	TRUE	TRUE	TRUE	FALSE	FALSE			PLEKHM3	PLEKHM3			PLEKHM3	0	TRUE	greenyellow	0.5373	0.0637	0.0637	-0.0017889	0.321	0.419	0.227
ENSG00000256006.1	AC084117.1	ENSG00000256006.1	lncRNA	chr11	18405609	18406731	+	1123	1	2	2	intronic	intronic_sense	clone-based (unnamed)	FALSE	FALSE	TRUE	TRUE	TRUE	FALSE	FALSE			LDHA	LDHA			LDHA	0	TRUE	greenyellow	0.5217	0.7311	0.7311	0.04718	1.3394	0.8381	0.8748
ENSG00000277229.1	AC084781.1	ENSG00000277229.1	lncRNA	chr15	58454327	58454982	+	656	1	1	1	intronic	intronic_sense	clone-based (unnamed)	FALSE	FALSE	TRUE	TRUE	TRUE	TRUE	FALSE			LIPC;ALDH1A2	ALDH1A2;LIPC			LIPC	0	TRUE	yellow	0.4627	0.4192	0.4192	0.0098108	0.2614	0.2638	0.2114
ENSG00000277245.1	AC084782.3	ENSG00000277245.1	lncRNA	chr15	56447120	56447697	+	578	1	1	1	intronic	intronic_antisense	clone-based (unnamed)	FALSE	FALSE	TRUE	FALSE	FALSE	TRUE	FALSE			MNS1	MNS1			MNS1	0	FALSE	purple	0.5711	0.2206	0.2206	0.011239	0.6398	0.3796	0.7554
ENSG00000274105.1	AC084824.3	ENSG00000274105.1	lncRNA	chr12	32728169	32729024	-	856	1	1	1	intronic	intronic_sense	clone-based (unnamed)	FALSE	FALSE	TRUE	TRUE	TRUE	TRUE	FALSE			DNM1L;YARS2	DNM1L;YARS2			YARS2	0	TRUE	black	0.5274	0.8115	0.8115	0.020456	0.5645	0.2994	0.6869
ENSG00000276148.1	AC084824.5	ENSG00000276148.1	lncRNA	chr12	32725248	32725660	-	413	1	1	1	intronic	intronic_antisense	clone-based (unnamed)	FALSE	FALSE	TRUE	FALSE	FALSE	TRUE	FALSE			DNM1L	DNM1L			DNM1L	0	FALSE	turquoise	0.6312	0.659	0.659	0.032257	1.2102	0.5098	0.9765
ENSG00000251139.2	AC084871.1	ENSG00000251139.2	lncRNA	chr4	184813619	184821300	+	7682	1	3	3	intronic	intronic_antisense	clone-based (unnamed)	FALSE	FALSE	TRUE	FALSE	FALSE	TRUE	FALSE			ACSL1	ACSL1			ACSL1	0	FALSE	grey	-0.1205	0.3133	0.3133	0.0032216	0.2624	0.1971	0.2074
ENSG00000256609.1	AC084880.3	ENSG00000256609.1	lncRNA	chr12	119182048	119183259	-	1212	1	2	2	intronic	intronic_antisense	clone-based (unnamed)	FALSE	FALSE	TRUE	FALSE	FALSE	TRUE	FALSE			HSPB8	HSPB8			HSPB8	0	FALSE	grey	0.2744	0.266	0.266	0.017181	1.049	0.7117	0.8121
ENSG00000262663.1	AC087222.1	ENSG00000262663.1	lncRNA	chr17	82918282	82918785	+	504	1	1	1	intronic	intronic_sense	clone-based (unnamed)	FALSE	FALSE	TRUE	TRUE	TRUE	FALSE	FALSE			TBCD	TBCD			TBCD	0	TRUE	green	0.46	0.7853	0.7853	0.029217	0.6182	0.4808	0.6125
ENSG00000255186.1	AC087277.2	ENSG00000255186.1	lncRNA	chr11	36386521	36388250	+	1730	1	2	2	intronic	intronic_sense	clone-based (unnamed)	FALSE	FALSE	TRUE	TRUE	TRUE	FALSE	FALSE			PRR5L	PRR5L			PRR5L	0	TRUE	yellow	0.4255	0.4664	0.4664	0.0095932	0.1999	0.2714	0.2035
ENSG00000265010.1	AC087301.1	ENSG00000265010.1	lncRNA	chr17	73243093	73244706	+	1614	1	2	2	intronic	intronic_sense	clone-based (unnamed)	FALSE	FALSE	TRUE	TRUE	TRUE	FALSE	FALSE			C17orf80	C17orf80			C17orf80	0	TRUE	grey	-0.0233	0.7527	0.7527	0.017951	0.3635	0.2913	0.4031
ENSG00000286505.1	AC087468.2	ENSG00000286505.1	lncRNA	chr15	84913144	84915705	-	2562	1	2	2	intronic	intronic_antisense	clone-based (unnamed)	FALSE	FALSE	TRUE	FALSE	FALSE	TRUE	FALSE			SLC28A1	SLC28A1			SLC28A1	0	FALSE	grey	0.1608	0.3566	0.3566	0.008514	0.3365	0.2921	0.3014
ENSG00000271851.1	AC087501.4	ENSG00000271851.1	lncRNA	chr17	9553323	9555696	-	2374	1	1	1	intronic	intronic_sense	clone-based (unnamed)	FALSE	FALSE	TRUE	TRUE	TRUE	FALSE	FALSE			STX8	STX8			STX8	0	TRUE	grey	-0.2786	0.3065	0.3065	0.0037288	0.548	0.182	0.8513
ENSG00000274976.1	AC087588.1	ENSG00000274976.1	lncRNA	chr12	32820142	32820567	-	426	1	1	1	intronic	intronic_sense	clone-based (unnamed)	FALSE	FALSE	TRUE	TRUE	TRUE	FALSE	FALSE			PKP2	PKP2			PKP2	0	TRUE	grey	0.2926	0.3912	0.3912	0.0090641	0.2835	0.2972	0.272
ENSG00000276174.1	AC087683.2	ENSG00000276174.1	lncRNA	chr18	42052705	42053030	+	326	1	1	1	intronic	intronic_sense	clone-based (unnamed)	FALSE	FALSE	TRUE	TRUE	TRUE	FALSE	FALSE			PIK3C3	PIK3C3			PIK3C3	0	TRUE	grey	0.034	0.5631	0.5631	0.010625	0.3411	0.2486	0.3836
ENSG00000253878.5	AC087752.3	ENSG00000253878.5	lncRNA	chr8	94950037	94951396	+	1360	2	3	3	intronic	intronic_sense	clone-based (unnamed)	FALSE	FALSE	TRUE	TRUE	TRUE	FALSE	FALSE			NDUFAF6	NDUFAF6	TP53INP1	659	NDUFAF6	0	TRUE	grey	7e-04	0.4346	0.4346	0.013898	0.8531	0.3912	0.9159
ENSG00000277566.1	AC089999.2	ENSG00000277566.1	lncRNA	chr12	113249466	113250042	+	577	1	1	1	intronic	intronic_sense	clone-based (unnamed)	FALSE	FALSE	TRUE	TRUE	TRUE	FALSE	FALSE			TPCN1	TPCN1			TPCN1	0	TRUE	grey	0.029	0.5832	0.5832	0.010351	0.2762	0.2569	0.2622
ENSG00000269951.1	AC090181.2	ENSG00000269951.1	lncRNA	chr15	77067654	77068325	-	672	1	1	1	intronic	intronic_sense	clone-based (unnamed)	FALSE	FALSE	TRUE	TRUE	TRUE	FALSE	FALSE			TSPAN3	TSPAN3			TSPAN3	0	TRUE	grey	-0.1776	0.6428	0.6428	0.010706	0.4513	0.2683	0.5382
ENSG00000277310.1	AC090246.1	ENSG00000277310.1	lncRNA	chr18	50256036	50256461	-	426	1	1	1	intronic	intronic_sense	clone-based (unnamed)	FALSE	FALSE	TRUE	TRUE	TRUE	FALSE	FALSE			CFAP53	CFAP53			CFAP53	0	TRUE	grey	-0.0775	0.3865	0.3865	0.011023	0.6389	0.3198	0.8043
ENSG00000272660.1	AC090425.2	ENSG00000272660.1	lncRNA	chr3	179584271	179584410	-	140	1	1	1	intronic	intronic_antisense	clone-based (unnamed)	FALSE	FALSE	TRUE	FALSE	FALSE	TRUE	FALSE			ACTL6A	ACTL6A			ACTL6A	0	FALSE	purple	0.5872	0.2521	0.2521	0.013017	1.0465	0.4656	0.9315
ENSG00000274403.1	AC090510.2	ENSG00000274403.1	lncRNA	chr15	42726583	42727211	+	629	1	1	1	intronic	intronic_antisense	clone-based (unnamed)	FALSE	FALSE	TRUE	FALSE	FALSE	TRUE	FALSE			CDAN1	CDAN1	CDAN1	946	CDAN1	0	FALSE	black	0.5448	0.8138	0.8138	0.021561	0.4692	0.3129	0.5362
ENSG00000274667.1	AC090517.2	ENSG00000274667.1	lncRNA	chr15	56729932	56730611	-	680	1	1	1	intronic	intronic_sense	clone-based (unnamed)	FALSE	FALSE	TRUE	TRUE	TRUE	FALSE	FALSE			ZNF280D;AC090517.4	ZNF280D;AC090517.4			AC090517.4	0	TRUE	pink	0.4663	0.4763	0.4763	0.014009	0.6853	0.3	0.8552
ENSG00000254165.1	AC090739.1	ENSG00000254165.1	lncRNA	chr8	42537529	42538304	-	776	1	2	2	intronic	intronic_sense	clone-based (unnamed)	FALSE	FALSE	TRUE	TRUE	TRUE	FALSE	FALSE			SLC20A2	SLC20A2			SLC20A2	0	TRUE	black	0.416	0.8436	0.8436	0.019953	0.4721	0.3149	0.5519
ENSG00000271964.1	AC090948.1	ENSG00000271964.1	lncRNA	chr3	16314439	16314987	+	549	1	1	1	intronic	intronic_sense	clone-based (unnamed)	FALSE	FALSE	TRUE	TRUE	TRUE	TRUE	FALSE			OXNAD1;RFTN1	OXNAD1;RFTN1			RFTN1	0	FALSE	yellow	0.4829	0.5328	0.5328	0.011958	0.6108	0.2877	0.7906
ENSG00000272498.1	AC090948.2	ENSG00000272498.1	lncRNA	chr3	16339308	16339871	+	564	1	1	1	intronic	intronic_sense	clone-based (unnamed)	FALSE	FALSE	TRUE	TRUE	TRUE	TRUE	FALSE			RFTN1;OXNAD1	OXNAD1;RFTN1			RFTN1	0	FALSE	yellow	0.4746	0.4007	0.4007	0.0062424	0.5337	0.2712	0.6869
ENSG00000272529.1	AC090948.3	ENSG00000272529.1	lncRNA	chr3	16345126	16346440	+	1315	1	2	2	intronic	intronic_sense	clone-based (unnamed)	FALSE	FALSE	TRUE	TRUE	TRUE	TRUE	FALSE			RFTN1;OXNAD1	OXNAD1;RFTN1			RFTN1	0	FALSE	yellow	0.5773	0.6793	0.6793	0.019533	0.5733	0.3659	0.6419
ENSG00000274528.1	AC090970.2	ENSG00000274528.1	lncRNA	chr15	52017167	52018032	-	866	1	1	1	intronic	intronic_antisense	clone-based (unnamed)	FALSE	FALSE	TRUE	FALSE	FALSE	TRUE	FALSE			MAPK6	MAPK6			MAPK6	0	FALSE	grey	0.0581	0.1489	0.1489	0.0022206	0.2771	0.1763	0.2153
ENSG00000271320.1	AC091488.1	ENSG00000271320.1	lncRNA	chr2	157917712	157918371	+	660	1	1	1	intronic	intronic_sense	clone-based (unnamed)	FALSE	FALSE	TRUE	TRUE	TRUE	FALSE	FALSE			UPP2	UPP2			UPP2	0	TRUE	grey	0.3358	0.2392	0.2392	0.0059787	0.2684	0.2118	0.2309
ENSG00000226291.1	AC091729.2	ENSG00000226291.1	lncRNA	chr7	1080863	1082178	+	1316	1	2	2	intronic	intronic_antisense	clone-based (unnamed)	FALSE	FALSE	TRUE	FALSE	FALSE	TRUE	FALSE			C7orf50	C7orf50			C7orf50	0	FALSE	grey	-0.2408	0.1865	0.1865	0.0053948	0.3472	0.5357	0.2466
ENSG00000275765.5	AC091982.3	ENSG00000275765.5	lncRNA	chr5	151770242	151771508	-	1267	1	2	2	intronic	intronic_sense	clone-based (unnamed)	FALSE	FALSE	TRUE	TRUE	TRUE	TRUE	FALSE			ATOX1	ATOX1;G3BP1	G3BP1	376	G3BP1	0	FALSE	grey	0.1494	-0.0503	0.0503	-0.00015387	2.4856	0.5579	1
ENSG00000261118.1	AC092123.1	ENSG00000261118.1	lncRNA	chr16	89492017	89504460	-	12444	2	4	3	intronic	intronic_antisense	clone-based (unnamed)	FALSE	FALSE	TRUE	FALSE	FALSE	TRUE	FALSE			SPG7	SPG7			SPG7	0	FALSE	turquoise	0.5699	0.8154	0.8154	0.023239	0.489	0.3332	0.5108
ENSG00000266973.1	AC092296.1	ENSG00000266973.1	lncRNA	chr19	36378028	36378832	+	805	1	2	2	intronic	intronic_antisense	clone-based (unnamed)	FALSE	FALSE	TRUE	FALSE	FALSE	TRUE	FALSE			ZFP14	ZFP14			ZFP14	0	FALSE	blue	0.4027	0.0815	0.0815	0.0013727	0.2475	0.2132	0.229
ENSG00000260635.1	AC092338.1	ENSG00000260635.1	lncRNA	chr16	22365121	22369047	+	3927	1	3	3	intronic	intronic_antisense	clone-based (unnamed)	FALSE	FALSE	TRUE	FALSE	FALSE	TRUE	FALSE			CDR2	CDR2			CDR2	0	FALSE	turquoise	0.3094	0.7578	0.7578	0.016116	0.3838	0.2809	0.4305
ENSG00000277954.1	AC092376.2	ENSG00000277954.1	lncRNA	chr16	79202624	79206739	-	4116	1	1	1	intronic	intronic_antisense	clone-based (unnamed)	FALSE	FALSE	TRUE	FALSE	FALSE	TRUE	FALSE			WWOX	WWOX			WWOX	0	FALSE	red	0.4051	0.121	0.121	0.0022635	0.5586	0.3254	0.7143
ENSG00000285918.1	AC092376.3	ENSG00000285918.1	lncRNA	chr16	79208493	79211264	-	2772	1	3	3	intronic	intronic_antisense	clone-based (unnamed)	FALSE	FALSE	TRUE	FALSE	FALSE	TRUE	FALSE			WWOX	WWOX			WWOX	0	FALSE	grey	0.0916	0.2173	0.2173	0.0018123	0.411	0.2952	0.4638
ENSG00000231024.1	AC092431.1	ENSG00000231024.1	lncRNA	chr2	69700192	69713847	-	13656	1	2	2	intronic	intronic_antisense	clone-based (unnamed)	FALSE	FALSE	TRUE	FALSE	FALSE	TRUE	FALSE			ANXA4	ANXA4			ANXA4	0	FALSE	grey	0.0895	0.1447	0.1447	0.0055454	0.4431	0.2782	0.5245
ENSG00000273179.1	AC092535.5	ENSG00000273179.1	lncRNA	chr4	1167778	1168174	+	397	1	1	1	intronic	intronic_antisense	clone-based (unnamed)	FALSE	FALSE	TRUE	FALSE	FALSE	TRUE	FALSE			SPON2	SPON2			SPON2	0	FALSE	greenyellow	0.4989	0.396	0.396	0.037789	1.9856	1.2027	0.9765
ENSG00000261061.1	AC092718.4	ENSG00000261061.1	lncRNA	chr16	81030770	81031485	+	716	1	1	1	intronic	intronic_sense	clone-based (unnamed)	FALSE	FALSE	TRUE	TRUE	TRUE	TRUE	FALSE			CENPN;AC092718.8	CENPN;AC092718.8			AC092718.8	0	FALSE	purple	0.5046	0.0815	0.0815	0.0062505	2.0492	0.6329	1
ENSG00000261141.1	AC092718.5	ENSG00000261141.1	lncRNA	chr16	81055301	81056426	+	1126	1	2	2	intronic	intronic_antisense	clone-based (unnamed)	FALSE	FALSE	TRUE	FALSE	FALSE	TRUE	FALSE			C16orf46;AC092718.3;AC092718.8	AC092718.8;C16orf46;AC092718.3			AC092718.3	0	FALSE	grey	0.0587	0.4554	0.4554	0.0069426	0.4436	0.2208	0.5988
ENSG00000275764.1	AC092747.4	ENSG00000275764.1	lncRNA	chr12	27037100	27038960	+	1861	1	1	1	intronic	intronic_sense	clone-based (unnamed)	FALSE	FALSE	TRUE	TRUE	TRUE	FALSE	FALSE			MED21	MED21			MED21	0	TRUE	grey	-0.1202	0.45	0.45	0.017617	2.0991	0.4098	1
ENSG00000259771.1	AC092756.1	ENSG00000259771.1	lncRNA	chr15	59266720	59271162	-	4443	1	2	2	intronic	intronic_sense	clone-based (unnamed)	FALSE	FALSE	TRUE	TRUE	TRUE	FALSE	FALSE			MYO1E	MYO1E			MYO1E	0	TRUE	grey	0.1239	0.4118	0.4118	0.0055169	0.2513	0.2095	0.2074
ENSG00000277144.1	AC092757.3	ENSG00000277144.1	lncRNA	chr15	59115547	59116089	-	543	1	1	1	intronic	intronic_antisense	clone-based (unnamed)	FALSE	FALSE	TRUE	FALSE	FALSE	TRUE	FALSE			CCNB2	CCNB2	CCNB2	678	CCNB2	0	FALSE	greenyellow	0.4286	0.3187	0.3187	0.006879	0.4041	0.308	0.4305
ENSG00000274987.1	AC092794.1	ENSG00000274987.1	lncRNA	chr12	25210652	25211233	+	582	1	1	1	intronic	intronic_antisense	clone-based (unnamed)	FALSE	FALSE	TRUE	FALSE	FALSE	TRUE	FALSE			KRAS	KRAS			KRAS	0	FALSE	purple	0.4563	0.7266	0.7266	0.020775	0.7361	0.3559	0.8493
ENSG00000249453.1	AC092834.1	ENSG00000249453.1	lncRNA	chr4	23779590	23782560	+	2971	1	3	3	intronic	intronic_antisense	clone-based (unnamed)	FALSE	FALSE	TRUE	FALSE	FALSE	TRUE	FALSE			PPARGC1A	PPARGC1A			PPARGC1A	0	FALSE	grey	-0.024	0.611	0.611	0.026005	0.5766	0.5655	0.5342
ENSG00000235795.1	AC093157.2	ENSG00000235795.1	lncRNA	chr1	100995473	100996260	+	788	1	2	2	intronic	intronic_antisense	clone-based (unnamed)	FALSE	FALSE	TRUE	FALSE	FALSE	TRUE	FALSE			DPH5	DPH5	DPH5	323	DPH5	0	FALSE	yellow	0.309	0.5105	0.5105	0.0058523	0.273	0.1446	0.2074
ENSG00000272979.1	AC093388.1	ENSG00000272979.1	lncRNA	chr2	190454092	190454521	-	430	1	1	1	intronic	intronic_antisense	clone-based (unnamed)	FALSE	FALSE	TRUE	FALSE	FALSE	TRUE	FALSE			MFSD6	MFSD6			MFSD6	0	FALSE	blue	0.4746	0.1215	0.1215	0.011112	1.314	0.456	0.9824
ENSG00000287649.1	AC093418.1	ENSG00000287649.1	lncRNA	chr3	59809269	59811310	+	2042	1	2	2	intronic	intronic_antisense	clone-based (unnamed)	FALSE	FALSE	TRUE	FALSE	FALSE	TRUE	FALSE			FHIT	FHIT			FHIT	0	FALSE	lightcyan	0.5009	0.0635	0.0635	0.0083392	1.3375	1.1771	0.7006
ENSG00000242048.3	AC093583.1	ENSG00000242048.3	lncRNA	chr7	151806490	151810820	+	4331	2	3	3	intronic	intronic_antisense	clone-based (unnamed)	FALSE	FALSE	TRUE	FALSE	FALSE	TRUE	FALSE			PRKAG2	PRKAG2			PRKAG2	0	FALSE	grey	0.1765	0.0655	0.0655	0.0123	1.2305	1.0225	0.771
ENSG00000241269.1	AC093620.1	ENSG00000241269.1	lncRNA	chr7	5419827	5420767	+	941	1	2	2	intronic	intronic_antisense	clone-based (unnamed)	FALSE	FALSE	TRUE	FALSE	FALSE	TRUE	FALSE			TNRC18	TNRC18			TNRC18	0	FALSE	magenta	0.5246	0.4411	0.4411	0.0066355	0.2459	0.1885	0.1898
ENSG00000273183.1	AC093726.2	ENSG00000273183.1	lncRNA	chr7	154956429	154957107	+	679	1	1	1	intronic	intronic_antisense	clone-based (unnamed)	FALSE	FALSE	TRUE	FALSE	FALSE	TRUE	FALSE			PAXIP1	PAXIP1			PAXIP1	0	FALSE	purple	0.6568	0.5402	0.5402	0.02499	1.2032	0.4399	0.9922
ENSG00000273449.1	AC093788.1	ENSG00000273449.1	lncRNA	chr4	163529771	163530697	+	927	1	1	1	intronic	intronic_antisense	clone-based (unnamed)	FALSE	FALSE	TRUE	FALSE	FALSE	TRUE	FALSE			MARCHF1	MARCHF1			MARCHF1	0	FALSE	turquoise	0.5913	0.7796	0.7796	0.023459	0.5476	0.3683	0.6125
ENSG00000272950.1	AC093799.1	ENSG00000272950.1	lncRNA	chr7	98322853	98323430	+	578	1	1	1	intronic	intronic_antisense	clone-based (unnamed)	FALSE	FALSE	TRUE	FALSE	FALSE	TRUE	FALSE			BAIAP2L1	BAIAP2L1			BAIAP2L1	0	FALSE	grey	0.1797	0.1574	0.1574	0.0081264	0.7434	0.3717	0.8474
ENSG00000270681.1	AC095055.1	ENSG00000270681.1	lncRNA	chr4	151139991	151141103	+	1113	1	1	1	intronic	intronic_antisense	clone-based (unnamed)	FALSE	FALSE	TRUE	FALSE	FALSE	TRUE	FALSE			SH3D19	SH3D19			SH3D19	0	FALSE	red	0.3585	0.0047	0.0047	0.0003221	0.7376	0.2963	0.8943
ENSG00000225028.1	AC096541.1	ENSG00000225028.1	lncRNA	chr1	47818066	47820237	+	2172	1	2	2	intronic	intronic_antisense	clone-based (unnamed)	FALSE	FALSE	TRUE	FALSE	FALSE	TRUE	FALSE			TRABD2B	TRABD2B			TRABD2B	0	FALSE	grey	0.13	0.3442	0.3442	0.010622	0.5556	0.3327	0.681
ENSG00000286318.1	AC096576.7	ENSG00000286318.1	lncRNA	chr4	21520854	21523709	-	2856	1	3	3	intronic	intronic_sense	clone-based (unnamed)	FALSE	FALSE	TRUE	TRUE	TRUE	FALSE	FALSE			KCNIP4	KCNIP4			KCNIP4	0	TRUE	grey	0.1564	0.5201	0.5201	0.016896	0.5565	0.353	0.6419
ENSG00000273369.1	AC096586.2	ENSG00000273369.1	lncRNA	chr4	44693946	44694386	-	441	1	1	1	intronic	intronic_sense	clone-based (unnamed)	FALSE	FALSE	TRUE	TRUE	TRUE	TRUE	FALSE			GUF1;GNPDA2	GUF1;GNPDA2	GUF1	23	GNPDA2	0	TRUE	grey	-0.1524	0.6565	0.6565	0.015538	0.6726	0.303	0.8395
ENSG00000273486.1	AC096992.2	ENSG00000273486.1	lncRNA	chr3	136837338	136839021	-	1684	1	1	1	intronic	intronic_antisense	clone-based (unnamed)	FALSE	FALSE	TRUE	FALSE	FALSE	TRUE	FALSE			SLC35G2	SLC35G2			SLC35G2	0	FALSE	yellow	0.4069	0.6201	0.6201	0.01938	1.0821	0.3472	0.9961
ENSG00000287104.1	AC097382.3	ENSG00000287104.1	lncRNA	chr4	6985926	6987036	-	1111	1	1	1	intronic	intronic_antisense	clone-based (unnamed)	FALSE	FALSE	TRUE	FALSE	FALSE	TRUE	FALSE			TBC1D14	TBC1D14	TBC1D14	126	TBC1D14	0	FALSE	magenta	0.6444	0.259	0.259	0.011647	1.433	0.5084	0.9941
ENSG00000288066.1	AC097448.1	ENSG00000288066.1	lncRNA	chr2	151796688	151798688	+	2001	1	2	2	intronic	intronic_antisense	clone-based (unnamed)	FALSE	FALSE	TRUE	FALSE	FALSE	TRUE	FALSE			ARL5A	ARL5A			ARL5A	0	FALSE	purple	0.3438	-0.1672	0.1672	-0.0046471	2.9719	0.3673	1
ENSG00000272995.1	AC097505.1	ENSG00000272995.1	lncRNA	chr4	20766808	20767372	+	565	1	1	1	intronic	intronic_antisense	clone-based (unnamed)	FALSE	FALSE	TRUE	FALSE	FALSE	TRUE	FALSE			KCNIP4	KCNIP4			KCNIP4	0	FALSE	grey	-0.0385	0.1651	0.1651	0.0027805	0.2888	0.1699	0.2544
ENSG00000270426.1	AC099343.2	ENSG00000270426.1	lncRNA	chr4	184471924	184472609	-	686	1	1	1	intronic	intronic_sense	clone-based (unnamed)	FALSE	FALSE	TRUE	TRUE	TRUE	FALSE	FALSE			IRF2	IRF2			IRF2	0	TRUE	yellow	0.5423	0.594	0.594	0.013377	0.393	0.3142	0.3816
ENSG00000272931.1	AC099568.2	ENSG00000272931.1	lncRNA	chr1	89820174	89820868	-	695	1	1	1	intronic	intronic_antisense	clone-based (unnamed)	FALSE	FALSE	TRUE	FALSE	FALSE	TRUE	FALSE			AC093423.3	AC093423.3	LRRC8D	146	AC093423.3	0	FALSE	pink	0.4829	0.1931	0.1931	0.0077553	0.6379	0.3345	0.771
ENSG00000262445.3	AC099684.2	ENSG00000262445.3	lncRNA	chr17	1995614	2003671	+	8058	1	3	3	intronic	intronic_antisense	clone-based (unnamed)	FALSE	FALSE	TRUE	FALSE	FALSE	TRUE	FALSE			RTN4RL1	RTN4RL1			RTN4RL1	0	FALSE	grey	-0.1271	0.0976	0.0976	0.0013841	0.4007	0.5708	0.2896
ENSG00000263916.1	AC100778.2	ENSG00000263916.1	lncRNA	chr18	49484536	49486149	-	1614	1	2	2	intronic	intronic_sense	clone-based (unnamed)	FALSE	FALSE	TRUE	TRUE	TRUE	FALSE	FALSE			C18orf32;RPL17-C18orf32	C18orf32;RPL17-C18orf32			RPL17-C18orf32	0	TRUE	grey	-0.1581	0.821	0.821	0.021081	0.4608	0.3258	0.5186
ENSG00000254207.1	AC100797.1	ENSG00000254207.1	lncRNA	chr8	725188	725877	-	690	1	2	2	intronic	intronic_sense	clone-based (unnamed)	FALSE	FALSE	TRUE	TRUE	TRUE	FALSE	FALSE			ERICH1	ERICH1			ERICH1	0	TRUE	grey	-0.0216	0.4078	0.4078	0.011335	0.2419	0.2986	0.2329
ENSG00000253982.2	AC100810.1	ENSG00000253982.2	lncRNA	chr8	1761054	1764508	-	3455	5	4	2	intronic	intronic_antisense	clone-based (unnamed)	FALSE	FALSE	TRUE	FALSE	FALSE	TRUE	FALSE			CLN8	CLN8;AC019257.8	CLN8	144	AC019257.8	0	FALSE	pink	0.4554	0.0657	0.0657	0.010575	3.1387	0.553	1
ENSG00000237061.1	AC100823.1	ENSG00000237061.1	lncRNA	chr8	73083787	73085879	-	2093	1	2	2	intronic	intronic_sense	clone-based (unnamed)	FALSE	FALSE	TRUE	TRUE	TRUE	FALSE	FALSE			SBSPON	SBSPON			SBSPON	0	TRUE	grey	0.4243	0.4892	0.4892	0.021486	0.5878	0.5284	0.5499
ENSG00000264937.1	AC100830.2	ENSG00000264937.1	lncRNA	chr15	64696622	64696861	+	240	1	1	1	intronic	intronic_antisense	clone-based (unnamed)	FALSE	FALSE	TRUE	FALSE	FALSE	TRUE	FALSE			OAZ2	OAZ2	OAZ2	319	OAZ2	0	FALSE	green	0.4811	0.7378	0.7378	0.02827	0.8137	0.5122	0.775
ENSG00000273338.1	AC103591.3	ENSG00000273338.1	lncRNA	chr1	78004346	78004554	-	209	1	1	1	intronic	intronic_antisense	clone-based (unnamed)	FALSE	FALSE	TRUE	FALSE	FALSE	TRUE	FALSE			DNAJB4;GIPC2	DNAJB4;GIPC2	DNAJB4	381	GIPC2	0	FALSE	grey	0.2061	0.5949	0.5949	0.026782	0.8387	0.5622	0.7867
ENSG00000285928.1	AC103591.4	ENSG00000285928.1	lncRNA	chr1	78022565	78024861	-	2297	1	2	2	intronic	intronic_antisense	clone-based (unnamed)	FALSE	FALSE	TRUE	FALSE	FALSE	TRUE	FALSE			GIPC2	GIPC2			GIPC2	0	FALSE	purple	0.3613	0.2588	0.2588	0.0085632	1.0882	0.3612	0.9706
ENSG00000259212.1	AC103739.1	ENSG00000259212.1	lncRNA	chr15	90595840	90596447	-	608	1	2	2	intronic	intronic_antisense	clone-based (unnamed)	FALSE	FALSE	TRUE	FALSE	FALSE	TRUE	FALSE			CRTC3	CRTC3			CRTC3	0	FALSE	green	0.3989	0.6195	0.6195	0.0083357	0.2603	0.1893	0.2446
ENSG00000255462.1	AC104031.1	ENSG00000255462.1	lncRNA	chr11	11570084	11573782	+	3699	1	2	2	intronic	intronic_antisense	clone-based (unnamed)	FALSE	FALSE	TRUE	FALSE	FALSE	TRUE	FALSE			GALNT18	GALNT18			GALNT18	0	FALSE	grey	0.4672	-0.0172	0.0172	0.0098854	2.4917	1.1946	0.9198
ENSG00000236153.1	AC104076.1	ENSG00000236153.1	lncRNA	chr2	180979427	180980090	-	664	1	2	2	intronic	intronic_antisense	clone-based (unnamed)	FALSE	FALSE	TRUE	FALSE	FALSE	TRUE	FALSE			UBE2E3	UBE2E3	UBE2E3	283	UBE2E3	0	FALSE	grey	0.0322	0.1443	0.1443	0.0028154	0.2384	0.2002	0.2133
ENSG00000288156.1	AC104530.1	ENSG00000288156.1	lncRNA	chr19	2293173	2295781	+	2609	1	1	1	intronic	intronic_sense	clone-based (unnamed)	FALSE	FALSE	TRUE	TRUE	TRUE	FALSE	FALSE			AC005258.1	AC005258.1			AC005258.1	0	TRUE	yellow	0.6202	0.4331	0.4331	0.019179	0.7717	0.4566	0.8082
ENSG00000268756.1	AC104534.1	ENSG00000268756.1	lncRNA	chr19	38820166	38823223	+	3058	1	2	2	intronic	intronic_antisense	clone-based (unnamed)	FALSE	FALSE	TRUE	FALSE	FALSE	TRUE	FALSE			ECH1;AC008982.1	ECH1;AC008982.1			AC008982.1	0	FALSE	grey	0.0768	0.7954	0.7954	0.032599	0.7841	0.555	0.7358
ENSG00000263370.1	AC104564.1	ENSG00000263370.1	lncRNA	chr17	29639627	29640825	+	1199	1	2	2	intronic	intronic_antisense	clone-based (unnamed)	FALSE	FALSE	TRUE	FALSE	FALSE	TRUE	FALSE			SSH2	SSH2			SSH2	0	FALSE	grey	0.0608	0.5395	0.5395	0.011412	0.3358	0.2538	0.3718
ENSG00000264290.1	AC104564.3	ENSG00000264290.1	lncRNA	chr17	29569580	29570519	+	940	1	2	2	intronic	intronic_sense	clone-based (unnamed)	FALSE	FALSE	TRUE	TRUE	TRUE	FALSE	FALSE			TP53I13	TP53I13			TP53I13	0	TRUE	black	0.6592	0.8349	0.8349	0.036944	0.742	0.5137	0.6771
ENSG00000270640.1	AC104695.3	ENSG00000270640.1	lncRNA	chr2	28396815	28397110	+	296	1	1	1	intronic	intronic_sense	clone-based (unnamed)	FALSE	FALSE	TRUE	TRUE	TRUE	FALSE	FALSE			FOSL2	FOSL2			FOSL2	0	TRUE	grey	0.2267	0.5287	0.5287	0.04539	1.3602	1.1026	0.8141
ENSG00000249304.1	AC104779.1	ENSG00000249304.1	lncRNA	chr4	113943256	113944320	+	1065	1	2	2	intronic	intronic_antisense	clone-based (unnamed)	FALSE	FALSE	TRUE	FALSE	FALSE	TRUE	FALSE			ARSJ	ARSJ			ARSJ	0	FALSE	grey	-0.275	0.187	0.187	0.0012666	0.3837	0.3049	0.3933
ENSG00000286588.1	AC104841.1	ENSG00000286588.1	lncRNA	chr2	241326334	241327039	-	706	1	2	2	intronic	intronic_antisense	clone-based (unnamed)	FALSE	FALSE	TRUE	FALSE	FALSE	TRUE	FALSE			SEPTIN2	SEPTIN2			SEPTIN2	0	FALSE	turquoise	0.3122	0.7328	0.7328	0.024538	0.5782	0.4435	0.5734
ENSG00000272505.1	AC104964.3	ENSG00000272505.1	lncRNA	chr8	10486807	10489666	+	2860	1	1	1	intronic	intronic_antisense	clone-based (unnamed)	FALSE	FALSE	TRUE	FALSE	FALSE	TRUE	FALSE			PRSS51	PRSS51			PRSS51	0	FALSE	blue	0.5894	0.7109	0.7109	0.03716	0.7493	0.565	0.6888
ENSG00000203392.3	AC105020.1	ENSG00000203392.3	lncRNA	chr15	75678548	75680752	+	2205	1	1	1	intronic	intronic_antisense	clone-based (unnamed)	FALSE	FALSE	TRUE	FALSE	FALSE	TRUE	FALSE			CSPG4	CSPG4			CSPG4	0	FALSE	black	0.4277	0.7178	0.7178	0.040554	1.0078	0.6771	0.8063
ENSG00000274515.1	AC105020.5	ENSG00000274515.1	lncRNA	chr15	75645020	75645442	+	423	1	1	1	intronic	intronic_antisense	clone-based (unnamed)	FALSE	FALSE	TRUE	FALSE	FALSE	TRUE	FALSE			IMP3	IMP3			IMP3	0	FALSE	turquoise	0.5555	0.6544	0.6544	0.032018	0.8843	0.489	0.8513
ENSG00000274354.1	AC105105.3	ENSG00000274354.1	lncRNA	chr18	58511598	58512310	-	713	1	1	1	intronic	intronic_sense	clone-based (unnamed)	FALSE	FALSE	TRUE	TRUE	TRUE	FALSE	FALSE			ALPK2	ALPK2			ALPK2	0	TRUE	turquoise	0.3557	0.4903	0.4903	0.014307	0.3147	0.3104	0.3092
ENSG00000260361.1	AC106028.3	ENSG00000260361.1	lncRNA	chr15	92779757	92781492	-	1736	1	1	1	intronic	intronic_sense	clone-based (unnamed)	FALSE	FALSE	TRUE	TRUE	TRUE	FALSE	FALSE			FAM174B	FAM174B			FAM174B	0	TRUE	turquoise	0.4677	0.6319	0.6319	0.011045	0.3139	0.2048	0.2759
ENSG00000260095.1	AC106820.3	ENSG00000260095.1	lncRNA	chr16	2452581	2452977	-	397	1	1	1	intronic	intronic_antisense	clone-based (unnamed)	FALSE	FALSE	TRUE	FALSE	FALSE	TRUE	FALSE			CCNF	CCNF			CCNF	0	FALSE	brown	0.4163	0.306	0.306	0.0099022	0.5966	0.3736	0.7065
ENSG00000272927.1	AC107464.2	ENSG00000272927.1	lncRNA	chr4	661209	661945	-	737	1	1	1	intronic	intronic_antisense	clone-based (unnamed)	FALSE	FALSE	TRUE	FALSE	FALSE	TRUE	FALSE			PDE6B	PDE6B			PDE6B	0	FALSE	brown	0.4987	0.4266	0.4266	0.027608	1.1031	0.6636	0.8669
ENSG00000286320.1	AC108053.1	ENSG00000286320.1	lncRNA	chr4	139763080	139770391	+	7312	1	2	2	intronic	intronic_antisense	clone-based (unnamed)	FALSE	FALSE	TRUE	FALSE	FALSE	TRUE	FALSE			MAML3	MAML3			MAML3	0	FALSE	red	0.676	0.0347	0.0347	0.0012246	0.4096	0.2759	0.4618
ENSG00000259366.1	AC108449.2	ENSG00000259366.1	lncRNA	chr8	29055935	29056685	+	751	1	2	2	intronic	intronic_sense	clone-based (unnamed)	FALSE	FALSE	TRUE	TRUE	TRUE	FALSE	FALSE			HMBOX1	HMBOX1			HMBOX1	0	TRUE	midnightblue	0.7953	0.3836	0.3836	0.013873	1.8603	0.7065	0.9863
ENSG00000273174.1	AC108673.2	ENSG00000273174.1	lncRNA	chr3	129123439	129124003	+	565	1	1	1	intronic	intronic_antisense	clone-based (unnamed)	FALSE	FALSE	TRUE	FALSE	FALSE	TRUE	FALSE			ISY1-RAB43	ISY1-RAB43	RAB43	638	ISY1-RAB43	0	FALSE	grey	0.2678	0.159	0.159	0.007547	0.9249	0.352	0.9511
ENSG00000248773.1	AC108727.1	ENSG00000248773.1	lncRNA	chr3	140972744	140973255	+	512	1	2	2	intronic	intronic_sense	clone-based (unnamed)	FALSE	FALSE	TRUE	TRUE	TRUE	FALSE	FALSE			SLC25A36	SLC25A36			SLC25A36	0	TRUE	grey	0.1024	0.667	0.667	0.01468	0.4537	0.3179	0.5205
ENSG00000272650.1	AC110792.3	ENSG00000272650.1	lncRNA	chr4	53997415	53997712	-	298	1	1	1	intronic	intronic_antisense	clone-based (unnamed)	FALSE	FALSE	TRUE	FALSE	FALSE	TRUE	FALSE			AC058822.1	AC058822.1			AC058822.1	0	FALSE	purple	0.4922	0.4761	0.4761	0.014329	0.7204	0.3271	0.863
ENSG00000271555.1	AC113139.1	ENSG00000271555.1	lncRNA	chr8	52722903	52723141	+	239	1	1	1	intronic	intronic_antisense	clone-based (unnamed)	FALSE	FALSE	TRUE	FALSE	FALSE	TRUE	FALSE			RB1CC1	RB1CC1			RB1CC1	0	FALSE	turquoise	0.3854	0.601	0.601	0.01539	0.3824	0.3543	0.3992
ENSG00000251330.3	AC114939.1	ENSG00000251330.3	lncRNA	chr5	148430159	148430807	-	649	1	2	2	intronic	intronic_antisense	clone-based (unnamed)	FALSE	FALSE	TRUE	FALSE	FALSE	TRUE	FALSE			FBXO38	FBXO38			FBXO38	0	FALSE	grey	0.013	0.7639	0.7639	0.014793	0.3828	0.2536	0.4305
ENSG00000251023.1	AC114980.1	ENSG00000251023.1	lncRNA	chr5	93860669	93863825	-	3157	1	1	1	intronic	intronic_sense	clone-based (unnamed)	FALSE	FALSE	TRUE	TRUE	TRUE	FALSE	FALSE			FAM172A	FAM172A			FAM172A	0	TRUE	grey	0.0426	0.6224	0.6224	0.0075281	0.3056	0.1506	0.2407
ENSG00000268601.1	AC115522.1	ENSG00000268601.1	lncRNA	chr19	43794309	43795658	-	1350	1	2	2	intronic	intronic_sense	clone-based (unnamed)	FALSE	FALSE	TRUE	TRUE	TRUE	FALSE	FALSE			LYPD5	LYPD5			LYPD5	0	TRUE	yellow	0.3093	-0.0484	0.0484	-0.0016406	0.3785	0.2353	0.4658
ENSG00000261978.1	AC116025.1	ENSG00000261978.1	lncRNA	chr17	80023894	80026107	+	2214	2	2	2	intronic	intronic_antisense	clone-based (unnamed)	FALSE	FALSE	TRUE	FALSE	FALSE	TRUE	FALSE			TBC1D16	TBC1D16			TBC1D16	0	FALSE	blue	0.6447	0.2933	0.2933	0.014493	0.4199	0.3878	0.4266
ENSG00000260487.1	AC116348.1	ENSG00000260487.1	lncRNA	chr16	30480588	30481346	-	759	1	2	2	intronic	intronic_antisense	clone-based (unnamed)	FALSE	FALSE	TRUE	FALSE	FALSE	TRUE	FALSE			ITGAL	ITGAL			ITGAL	0	FALSE	grey	-0.0392	0.3367	0.3367	0.017376	0.4337	0.5707	0.3092
ENSG00000234290.2	AC116366.1	ENSG00000234290.2	lncRNA	chr5	132468890	132473043	-	4154	1	2	2	intronic	intronic_antisense	clone-based (unnamed)	FALSE	FALSE	TRUE	FALSE	FALSE	TRUE	FALSE			AC116366.2	AC116366.2			AC116366.2	0	FALSE	yellow	0.6067	0.8269	0.8269	0.031701	0.7923	0.4616	0.816
ENSG00000273133.1	AC116651.1	ENSG00000273133.1	lncRNA	chr4	15563698	15564253	-	556	1	1	1	intronic	intronic_antisense	clone-based (unnamed)	FALSE	FALSE	TRUE	FALSE	FALSE	TRUE	FALSE			CC2D2A	CC2D2A			CC2D2A	0	FALSE	blue	0.4355	0.1751	0.1751	0.0079401	0.6975	0.3325	0.8454
ENSG00000271009.3	AC116667.1	ENSG00000271009.3	lncRNA	chr16	73060245	73062316	+	2072	1	1	1	intronic	intronic_antisense	clone-based (unnamed)	FALSE	FALSE	TRUE	FALSE	FALSE	TRUE	FALSE			ZFHX3	ZFHX3	ZFHX3	547	ZFHX3	0	FALSE	red	0.5644	0.7708	0.7708	0.027879	0.7805	0.422	0.8337
ENSG00000262692.1	AC116914.2	ENSG00000262692.1	lncRNA	chr17	3721628	3722488	+	861	1	2	2	intronic	intronic_antisense	clone-based (unnamed)	FALSE	FALSE	TRUE	FALSE	FALSE	TRUE	FALSE			ITGAE	ITGAE			ITGAE	0	FALSE	turquoise	0.6906	0.8336	0.8336	0.0485	1.0588	0.6798	0.8082
ENSG00000205041.1	AC118344.1	ENSG00000205041.1	lncRNA	chr19	40273489	40275479	-	1991	1	2	2	intronic	intronic_sense	clone-based (unnamed)	FALSE	FALSE	TRUE	TRUE	TRUE	FALSE	FALSE			AKT2	AKT2			AKT2	0	TRUE	green	0.5103	0.7524	0.7524	0.014243	0.3391	0.2618	0.364
ENSG00000267852.1	AC119396.2	ENSG00000267852.1	lncRNA	chr19	7390522	7395039	-	4518	1	3	3	intronic	intronic_antisense	clone-based (unnamed)	FALSE	FALSE	TRUE	FALSE	FALSE	TRUE	FALSE			AC008878.3	AC008878.3	ARHGEF18	74	AC008878.3	0	FALSE	grey	0.0635	0.6712	0.6712	0.015226	0.4187	0.288	0.4814
ENSG00000271971.1	AC120053.1	ENSG00000271971.1	lncRNA	chr8	93715378	93716113	-	736	1	1	1	intronic	intronic_antisense	clone-based (unnamed)	FALSE	FALSE	TRUE	FALSE	FALSE	TRUE	FALSE			CIBAR1	CIBAR1			CIBAR1	0	FALSE	purple	0.7187	0.6107	0.6107	0.030561	1.9057	0.5034	1
ENSG00000269365.2	AC120349.1	ENSG00000269365.2	lncRNA	chr18	47878295	47882444	+	4150	1	2	2	intronic	intronic_antisense	clone-based (unnamed)	FALSE	FALSE	TRUE	FALSE	FALSE	TRUE	FALSE			SMAD2	SMAD2			SMAD2	0	FALSE	grey	0.124	0.4327	0.4327	0.01394	0.3512	0.456	0.2916
ENSG00000259910.1	AC120498.1	ENSG00000259910.1	lncRNA	chr16	1159548	1160176	-	629	1	2	2	intronic	intronic_antisense	clone-based (unnamed)	FALSE	FALSE	TRUE	FALSE	FALSE	TRUE	FALSE			CACNA1H	CACNA1H			CACNA1H	0	FALSE	grey	-0.1623	0.4662	0.4662	0.012401	0.2577	0.3401	0.2231
ENSG00000277010.1	AC120498.10	ENSG00000277010.1	lncRNA	chr16	1223639	1224143	+	505	1	1	1	intronic	intronic_antisense	clone-based (unnamed)	FALSE	FALSE	TRUE	FALSE	FALSE	TRUE	FALSE			TPSG1	TPSG1			TPSG1	0	FALSE	greenyellow	0.4625	0.2152	0.2152	0.0081618	0.4365	0.5615	0.3855
ENSG00000260403.1	AC120498.3	ENSG00000260403.1	lncRNA	chr16	1156976	1157974	-	999	1	2	2	intronic	intronic_antisense	clone-based (unnamed)	FALSE	FALSE	TRUE	FALSE	FALSE	TRUE	FALSE			CACNA1H	CACNA1H			CACNA1H	0	FALSE	grey	-0.0809	0.4737	0.4737	0.015436	0.3127	0.4065	0.274
ENSG00000278385.1	AC121338.2	ENSG00000278385.1	lncRNA	chr12	47905122	47906865	+	1744	1	1	1	intronic	intronic_antisense	clone-based (unnamed)	FALSE	FALSE	TRUE	FALSE	FALSE	TRUE	FALSE			VDR	VDR	VDR	82	VDR	0	FALSE	tan	0.6507	0.0162	0.0162	0.0038004	0.9019	0.3835	0.9139
ENSG00000270059.1	AC121493.1	ENSG00000270059.1	lncRNA	chr3	65359268	65359717	-	450	1	1	1	intronic	intronic_sense	clone-based (unnamed)	FALSE	FALSE	TRUE	TRUE	TRUE	FALSE	FALSE			MAGI1	MAGI1			MAGI1	0	TRUE	red	0.5232	0.3796	0.3796	0.010405	0.4808	0.3267	0.5656
ENSG00000257497.2	AC121761.1	ENSG00000257497.2	lncRNA	chr12	75483454	75489820	-	6367	1	2	2	intronic	intronic_antisense	clone-based (unnamed)	FALSE	FALSE	TRUE	FALSE	FALSE	TRUE	FALSE			GLIPR1	GLIPR1			GLIPR1	0	FALSE	grey	0.2176	0.2475	0.2475	0.01115	1.1806	0.4341	0.9648
ENSG00000273987.1	AC121761.2	ENSG00000273987.1	lncRNA	chr12	75333798	75334486	-	689	1	1	1	intronic	intronic_sense	clone-based (unnamed)	FALSE	FALSE	TRUE	TRUE	TRUE	FALSE	FALSE			CAPS2	CAPS2	GLIPR1L1	184	CAPS2	0	TRUE	turquoise	0.4422	0.4748	0.4748	0.013759	0.658	0.3229	0.8337
ENSG00000197815.4	AC122129.1	ENSG00000197815.4	lncRNA	chr17	17858227	17860041	+	1815	1	1	1	intronic	intronic_antisense	clone-based (unnamed)	FALSE	FALSE	TRUE	FALSE	FALSE	TRUE	FALSE			TOM1L2	TOM1L2			TOM1L2	0	FALSE	green	0.7183	0.7807	0.7807	0.018111	0.4905	0.3283	0.5382
ENSG00000262979.1	AC124319.1	ENSG00000262979.1	lncRNA	chr17	80315651	80316633	+	983	1	2	2	intronic	intronic_sense	clone-based (unnamed)	FALSE	FALSE	TRUE	TRUE	TRUE	FALSE	FALSE			RNF213	RNF213			RNF213	0	TRUE	turquoise	0.4198	0.7123	0.7123	0.021958	0.4108	0.3986	0.409
ENSG00000267655.1	AC125437.1	ENSG00000267655.1	lncRNA	chr18	79117207	79117920	+	714	1	1	1	intronic	intronic_sense	clone-based (unnamed)	FALSE	FALSE	TRUE	TRUE	TRUE	FALSE	FALSE			ATP9B	ATP9B			ATP9B	0	TRUE	purple	0.4942	0.2057	0.2057	0.0069232	0.806	0.3125	0.955
ENSG00000271993.1	AC126118.1	ENSG00000271993.1	lncRNA	chr3	37182107	37182734	+	628	1	1	1	intronic	intronic_antisense	clone-based (unnamed)	FALSE	FALSE	TRUE	FALSE	FALSE	TRUE	FALSE			LRRFIP2	LRRFIP2			LRRFIP2	0	FALSE	turquoise	0.671	0.7552	0.7552	0.019157	0.3701	0.298	0.3973
ENSG00000265791.1	AC127024.4	ENSG00000265791.1	lncRNA	chr17	30781493	30782221	-	729	1	2	2	intronic	intronic_sense	clone-based (unnamed)	FALSE	FALSE	TRUE	TRUE	TRUE	FALSE	FALSE			CRLF3	CRLF3			CRLF3	0	TRUE	black	0.5745	0.8688	0.8688	0.038633	0.8435	0.5438	0.7652
ENSG00000236617.2	AC127070.1	ENSG00000236617.2	lncRNA	chr12	132887842	132888583	+	742	1	2	2	intronic	intronic_antisense	clone-based (unnamed)	FALSE	FALSE	TRUE	FALSE	FALSE	TRUE	FALSE			CHFR	CHFR	CHFR	234	CHFR	0	FALSE	brown	0.5501	0.2905	0.2905	0.0049166	0.2716	0.1973	0.2094
ENSG00000250790.4	AC127070.2	ENSG00000250790.4	lncRNA	chr12	132911470	132914732	+	3263	1	1	1	intronic	intronic_antisense	clone-based (unnamed)	FALSE	FALSE	TRUE	FALSE	FALSE	TRUE	FALSE			CHFR	CHFR			CHFR	0	FALSE	grey	0.0599	0.257	0.257	0.0029829	0.3181	0.1819	0.3249
ENSG00000262558.1	AC129507.3	ENSG00000262558.1	lncRNA	chr17	354737	356882	+	2146	1	2	2	intronic	intronic_antisense	clone-based (unnamed)	FALSE	FALSE	TRUE	FALSE	FALSE	TRUE	FALSE			RPH3AL	RPH3AL			RPH3AL	0	FALSE	pink	0.6266	0.3811	0.3811	0.020594	0.9375	0.4471	0.9022
ENSG00000263531.1	AC130324.1	ENSG00000263531.1	lncRNA	chr17	30863921	30864940	-	1020	1	2	2	intronic	intronic_antisense	clone-based (unnamed)	FALSE	FALSE	TRUE	FALSE	FALSE	TRUE	FALSE			ATAD5	ATAD5			ATAD5	0	FALSE	grey	0.1206	0.5467	0.5467	0.0082847	0.2527	0.1873	0.1957
ENSG00000267986.1	AC130469.1	ENSG00000267986.1	lncRNA	chr19	8581160	8582715	+	1556	1	2	2	intronic	intronic_antisense	clone-based (unnamed)	FALSE	FALSE	TRUE	FALSE	FALSE	TRUE	FALSE			ADAMTS10	ADAMTS10			ADAMTS10	0	FALSE	turquoise	0.371	0.7225	0.7225	0.028288	0.5045	0.4805	0.4716
ENSG00000276564.1	AC130650.2	ENSG00000276564.1	lncRNA	chr16	14150833	14153235	+	2403	1	1	1	intronic	intronic_sense	clone-based (unnamed)	FALSE	FALSE	TRUE	TRUE	TRUE	FALSE	FALSE			MRTFB	MRTFB			MRTFB	0	TRUE	grey	0.019	0.6773	0.6773	0.009588	0.2984	0.1896	0.274
ENSG00000273568.1	AC131009.3	ENSG00000273568.1	lncRNA	chr12	131934642	131934928	+	287	1	1	1	intronic	intronic_sense	clone-based (unnamed)	FALSE	FALSE	TRUE	TRUE	TRUE	FALSE	FALSE			PUS1	PUS1			PUS1	0	TRUE	black	0.4755	0.6159	0.6159	0.023766	1.0643	0.4647	0.9452
ENSG00000276292.1	AC131159.1	ENSG00000276292.1	lncRNA	chr12	118037869	118038081	+	213	1	1	1	intronic	intronic_antisense	clone-based (unnamed)	FALSE	FALSE	TRUE	FALSE	FALSE	TRUE	FALSE			WSB2	WSB2			WSB2	0	FALSE	grey	0.0109	0.6165	0.6165	0.012843	0.3218	0.2492	0.364
ENSG00000262766.1	AC135050.5	ENSG00000262766.1	lncRNA	chr16	31118078	31118747	+	670	1	2	2	intronic	intronic_sense	clone-based (unnamed)	FALSE	FALSE	TRUE	TRUE	TRUE	FALSE	FALSE			KAT8	KAT8			KAT8	0	TRUE	green	0.5515	0.7363	0.7363	0.029443	1.1258	0.5554	0.9335
ENSG00000278133.1	AC135050.6	ENSG00000278133.1	lncRNA	chr16	31122235	31124064	+	1830	2	2	2	intronic	intronic_sense	clone-based (unnamed)	FALSE	FALSE	TRUE	TRUE	TRUE	FALSE	FALSE			KAT8	KAT8			KAT8	0	TRUE	purple	0.5419	0.4277	0.4277	0.025991	3.8812	0.5613	1
ENSG00000254910.1	AC136475.2	ENSG00000254910.1	lncRNA	chr11	310139	311141	-	1003	1	2	2	intronic	intronic_antisense	clone-based (unnamed)	FALSE	FALSE	TRUE	FALSE	FALSE	TRUE	FALSE			IFITM2	IFITM2			IFITM2	0	FALSE	pink	0.6346	0.5746	0.5746	0.044385	1.9925	0.7265	0.9883
ENSG00000270030.1	AC136475.7	ENSG00000270030.1	lncRNA	chr11	325703	326294	-	592	1	1	1	intronic	intronic_sense	clone-based (unnamed)	FALSE	FALSE	TRUE	TRUE	TRUE	FALSE	FALSE			IFITM3	IFITM3			IFITM3	0	TRUE	grey	0.1535	0.1415	0.1415	0.0036898	0.4447	0.2665	0.544
ENSG00000287074.1	AC137561.1	ENSG00000287074.1	lncRNA	chr12	19582317	19583274	+	958	1	2	2	intronic	intronic_sense	clone-based (unnamed)	FALSE	FALSE	TRUE	TRUE	TRUE	FALSE	FALSE			AEBP2	AEBP2			AEBP2	0	TRUE	turquoise	0.4643	0.6685	0.6685	0.015782	0.4991	0.2728	0.6184
ENSG00000260279.4	AC137932.1	ENSG00000260279.4	lncRNA	chr16	89296128	89298317	+	2190	3	3	3	intronic	intronic_antisense	clone-based (unnamed)	FALSE	FALSE	TRUE	FALSE	FALSE	TRUE	FALSE			ANKRD11	ANKRD11			ANKRD11	0	FALSE	green	0.481	0.7747	0.7747	0.025361	0.7496	0.4112	0.7808
ENSG00000261253.2	AC137932.2	ENSG00000261253.2	lncRNA	chr16	89321133	89325110	+	3978	2	4	3	intronic	intronic_antisense	clone-based (unnamed)	FALSE	FALSE	TRUE	FALSE	FALSE	TRUE	FALSE			ANKRD11	ANKRD11	ANKRD11	777	ANKRD11	0	FALSE	red	0.6449	0.1443	0.1443	0.0038691	0.421	0.2373	0.5049
ENSG00000264456.1	AC138207.4	ENSG00000264456.1	lncRNA	chr17	30971652	30973312	+	1661	1	1	1	intronic	intronic_sense	clone-based (unnamed)	FALSE	FALSE	TRUE	TRUE	TRUE	FALSE	FALSE			RNF135	RNF135			RNF135	0	TRUE	yellow	0.5163	0.7734	0.7734	0.029735	1.193	0.4774	0.9922
ENSG00000255237.1	AC138230.1	ENSG00000255237.1	lncRNA	chr11	462930	463899	-	970	1	2	2	intronic	intronic_antisense	clone-based (unnamed)	FALSE	FALSE	TRUE	FALSE	FALSE	TRUE	FALSE			PTDSS2	PTDSS2			PTDSS2	0	FALSE	turquoise	0.5784	0.7341	0.7341	0.023192	0.4758	0.3366	0.4951
ENSG00000272172.1	AC138696.2	ENSG00000272172.1	lncRNA	chr8	143290399	143290621	-	223	1	1	1	intronic	intronic_antisense	clone-based (unnamed)	FALSE	FALSE	TRUE	FALSE	FALSE	TRUE	FALSE			ZNF696	ZNF696	ZNF696	289	ZNF696	0	FALSE	brown	0.6465	-0.0223	0.0223	0.0065005	1.1844	0.5733	0.9569
ENSG00000251414.1	AC138956.2	ENSG00000251414.1	lncRNA	chr5	176354206	176356168	+	1963	1	2	2	intronic	intronic_antisense	clone-based (unnamed)	FALSE	FALSE	TRUE	FALSE	FALSE	TRUE	FALSE			KIAA1191	KIAA1191			KIAA1191	0	FALSE	green	0.6804	0.8076	0.8076	0.04038	1.2407	0.6632	0.9295
ENSG00000278000.1	AC139100.2	ENSG00000278000.1	lncRNA	chr18	80161752	80162413	+	662	1	1	1	intronic	intronic_antisense	clone-based (unnamed)	FALSE	FALSE	TRUE	FALSE	FALSE	TRUE	FALSE			PARD6G	PARD6G			PARD6G	0	FALSE	turquoise	0.5023	0.6965	0.6965	0.032391	0.8378	0.5413	0.7984
ENSG00000278126.1	AC139768.1	ENSG00000278126.1	lncRNA	chr12	51201684	51202581	-	898	1	1	1	intronic	intronic_sense	clone-based (unnamed)	FALSE	FALSE	TRUE	TRUE	TRUE	FALSE	FALSE			POU6F1	POU6F1			POU6F1	0	TRUE	tan	0.5612	0.3492	0.3492	0.014488	1.5348	0.3762	1
ENSG00000272588.1	AC139887.4	ENSG00000272588.1	lncRNA	chr4	757022	757740	-	719	1	1	1	intronic	intronic_antisense	clone-based (unnamed)	FALSE	FALSE	TRUE	FALSE	FALSE	TRUE	FALSE			PCGF3	PCGF3			PCGF3	0	FALSE	black	0.4928	0.7935	0.7935	0.020343	0.5225	0.3279	0.6262
ENSG00000274427.1	AC145423.1	ENSG00000274427.1	lncRNA	chr12	123515275	123515513	-	239	1	1	1	intronic	intronic_sense	clone-based (unnamed)	FALSE	FALSE	TRUE	TRUE	TRUE	FALSE	FALSE			RILPL1	RILPL1			RILPL1	0	TRUE	turquoise	0.5607	0.4632	0.4632	0.022652	0.728	0.4894	0.7358
ENSG00000278112.1	AC145423.2	ENSG00000278112.1	lncRNA	chr12	123519390	123519856	-	467	1	1	1	intronic	intronic_sense	clone-based (unnamed)	FALSE	FALSE	TRUE	TRUE	TRUE	FALSE	FALSE			RILPL1	RILPL1			RILPL1	0	TRUE	black	0.5865	0.8051	0.8051	0.029767	0.6958	0.4501	0.6888
ENSG00000270012.1	AC232271.1	ENSG00000270012.1	lncRNA	chrX	49273054	49275768	+	2715	1	1	1	intronic	intronic_sense	clone-based (unnamed)	FALSE	FALSE	TRUE	TRUE	TRUE	FALSE	FALSE			PPP1R3F	PPP1R3F			PPP1R3F	0	TRUE	turquoise	0.7499	0.8626	0.8626	0.036393	0.8425	0.4881	0.8063
ENSG00000233250.1	AC233728.1	ENSG00000233250.1	lncRNA	chrX	53432722	53433032	-	311	1	2	2	intronic	intronic_sense	clone-based (unnamed)	FALSE	FALSE	TRUE	TRUE	TRUE	FALSE	FALSE			HSD17B10	HSD17B10			HSD17B10	0	TRUE	black	0.5289	0.7478	0.7478	0.025901	0.5393	0.4024	0.6027
ENSG00000276170.4	AC244153.1	ENSG00000276170.4	lncRNA	chr17	38450394	38452444	-	2051	6	4	4	intronic	intronic_antisense	clone-based (unnamed)	FALSE	FALSE	TRUE	FALSE	FALSE	TRUE	FALSE			ARHGAP23	ARHGAP23			ARHGAP23	0	FALSE	grey	0.0492	-0.0202	0.0202	0.0029705	0.7684	0.4377	0.863
ENSG00000232545.1	AC253536.3	ENSG00000232545.1	lncRNA	chr22	24101689	24103354	+	1666	1	3	3	intronic	intronic_sense	clone-based (unnamed)	FALSE	FALSE	TRUE	TRUE	TRUE	FALSE	FALSE			CABIN1	CABIN1			CABIN1	0	TRUE	green	0.6827	0.6149	0.6149	0.021066	0.7301	0.5024	0.7006
ENSG00000272787.1	AC253536.6	ENSG00000272787.1	lncRNA	chr22	23969211	23969873	+	663	1	1	1	intronic	intronic_sense	clone-based (unnamed)	FALSE	FALSE	TRUE	TRUE	TRUE	FALSE	FALSE			DDTL	DDTL			DDTL	0	TRUE	turquoise	0.5138	0.7264	0.7264	0.027656	0.7318	0.4541	0.7397
ENSG00000275426.1	AC253576.2	ENSG00000275426.1	lncRNA	chr4	149738	150317	+	580	1	1	1	intronic	intronic_sense	clone-based (unnamed)	FALSE	FALSE	TRUE	TRUE	TRUE	FALSE	FALSE			ZNF718	ZNF718			ZNF718	0	TRUE	grey	0.0021	0.6187	0.6187	0.019543	0.4807	0.3838	0.5029
ENSG00000229325.1	ACAP2-IT1	ENSG00000229325.1	lncRNA	chr3	195280723	195282741	-	2019	1	2	2	intronic	intronic_sense	intronic	FALSE	FALSE	TRUE	TRUE	TRUE	FALSE	FALSE			ACAP2	ACAP2			ACAP2	0	TRUE	green	0.4786	0.7289	0.7289	0.01254	0.4147	0.2675	0.4814
ENSG00000270760.1	AD001527.1	ENSG00000270760.1	lncRNA	chr19	36144081	36148348	-	4268	1	2	2	intronic	intronic_antisense	other	FALSE	FALSE	TRUE	FALSE	FALSE	TRUE	FALSE			CAPNS1	CAPNS1			CAPNS1	0	FALSE	black	0.4977	0.7638	0.7638	0.025825	0.4941	0.4078	0.5225
ENSG00000231125.2	AF129075.1	ENSG00000231125.2	lncRNA	chr21	29058073	29060095	-	2023	1	2	2	intronic	intronic_sense	other	FALSE	FALSE	TRUE	TRUE	TRUE	FALSE	FALSE			CCT8	CCT8			CCT8	0	TRUE	black	0.4402	0.7552	0.7552	0.017889	0.5904	0.2861	0.7299
ENSG00000255310.2	AF131215.5	ENSG00000255310.2	lncRNA	chr8	11107788	11109726	-	1939	1	1	1	intronic	intronic_sense	other	FALSE	FALSE	TRUE	TRUE	TRUE	FALSE	FALSE			XKR6	XKR6			XKR6	0	TRUE	grey	-0.0459	0.2888	0.2888	0.0071464	0.9788	0.5114	0.8826
ENSG00000269918.1	AF131215.6	ENSG00000269918.1	lncRNA	chr8	11104691	11106704	-	2014	1	1	1	intronic	intronic_sense	other	FALSE	FALSE	TRUE	TRUE	TRUE	FALSE	FALSE			XKR6	XKR6			XKR6	0	TRUE	turquoise	0.3035	0.295	0.295	0.012065	0.8487	0.4886	0.8121
ENSG00000271743.1	AF287957.1	ENSG00000271743.1	lncRNA	chr8	6615604	6617198	-	1595	1	1	1	intronic	intronic_antisense	other	FALSE	FALSE	TRUE	FALSE	FALSE	TRUE	FALSE			MCPH1	MCPH1			MCPH1	0	FALSE	grey	-4e-04	0.1435	0.1435	0.0050234	0.3841	0.2486	0.4247
ENSG00000235529.1	AGAP1-IT1	ENSG00000235529.1	lncRNA	chr2	235505751	235507566	+	1816	1	2	2	intronic	intronic_sense	intronic	FALSE	FALSE	TRUE	TRUE	TRUE	FALSE	FALSE			AGAP1	AGAP1			AGAP1	0	TRUE	brown	0.3485	0.1456	0.1456	0.0070616	0.4493	0.3167	0.5166
ENSG00000229122.1	AGBL5-IT1	ENSG00000229122.1	lncRNA	chr2	27061038	27061815	+	778	1	2	2	intronic	intronic_sense	intronic	FALSE	FALSE	TRUE	TRUE	TRUE	FALSE	FALSE			AGBL5	AGBL5			AGBL5	0	TRUE	purple	0.5278	0.6071	0.6071	0.025957	0.9192	0.4378	0.9002
ENSG00000272379.1	AL008729.2	ENSG00000272379.1	lncRNA	chr6	13290018	13290490	-	473	1	1	1	intronic	intronic_sense	clone-based (unnamed)	FALSE	FALSE	TRUE	TRUE	TRUE	FALSE	FALSE			TBC1D7	TBC1D7			TBC1D7	0	TRUE	grey	0.479	0.1054	0.1054	0.012186	2.8926	0.788	1
ENSG00000269971.1	AL020997.2	ENSG00000269971.1	lncRNA	chr1	27773858	27774041	+	184	1	1	1	intronic	intronic_sense	clone-based (unnamed)	FALSE	FALSE	TRUE	TRUE	TRUE	FALSE	FALSE			STX12	STX12			STX12	0	TRUE	grey	0.0595	0.4636	0.4636	0.011	0.2264	0.2677	0.2094
ENSG00000270031.1	AL020997.3	ENSG00000270031.1	lncRNA	chr1	27819983	27820341	+	359	1	1	1	intronic	intronic_sense	clone-based (unnamed)	FALSE	FALSE	TRUE	TRUE	TRUE	FALSE	FALSE			STX12	STX12			STX12	0	TRUE	grey	-0.0277	0.7278	0.7278	0.017876	0.4624	0.2964	0.5558
ENSG00000269985.1	AL021328.1	ENSG00000269985.1	lncRNA	chr6	5451683	5458075	-	6393	2	3	3	intronic	intronic_antisense	clone-based (unnamed)	FALSE	FALSE	TRUE	FALSE	FALSE	TRUE	FALSE			FARS2	FARS2			FARS2	0	FALSE	blue	0.4876	0.0428	0.0428	0.01247	1.6014	0.8095	0.8943
ENSG00000275894.1	AL021578.1	ENSG00000275894.1	lncRNA	chr20	45345115	45345823	-	709	1	1	1	intronic	intronic_sense	clone-based (unnamed)	FALSE	FALSE	TRUE	TRUE	TRUE	FALSE	FALSE			SDC4	SDC4			SDC4	0	TRUE	grey	-0.0765	0.5027	0.5027	0.024163	0.7812	0.6158	0.6928
ENSG00000272669.1	AL021707.6	ENSG00000272669.1	lncRNA	chr22	38742625	38743115	+	491	1	1	1	intronic	intronic_antisense	clone-based (unnamed)	FALSE	FALSE	TRUE	FALSE	FALSE	TRUE	FALSE			SUN2	SUN2	SUN2	47	SUN2	0	FALSE	black	0.7108	0.8077	0.8077	0.054172	1.3044	0.7414	0.9061
ENSG00000273076.1	AL021707.7	ENSG00000273076.1	lncRNA	chr22	38743495	38743910	+	416	1	1	1	intronic	intronic_antisense	clone-based (unnamed)	FALSE	FALSE	TRUE	FALSE	FALSE	TRUE	FALSE			SUN2	SUN2	SUN2	917	SUN2	0	FALSE	black	0.4792	0.8527	0.8527	0.026575	0.5311	0.3947	0.5656
ENSG00000273096.1	AL021707.8	ENSG00000273096.1	lncRNA	chr22	38736610	38736792	-	183	1	1	1	intronic	intronic_sense	clone-based (unnamed)	FALSE	FALSE	TRUE	TRUE	TRUE	TRUE	FALSE			SUN2;GTPBP1	GTPBP1;SUN2			SUN2	0	TRUE	black	0.5563	0.8188	0.8188	0.046035	1.1267	0.6911	0.8356
ENSG00000270083.1	AL021878.4	ENSG00000270083.1	lncRNA	chr22	42089630	42090028	-	399	1	1	1	intronic	intronic_sense	clone-based (unnamed)	FALSE	FALSE	TRUE	TRUE	TRUE	FALSE	FALSE			NDUFA6	NDUFA6			NDUFA6	0	TRUE	black	0.5161	0.759	0.759	0.025115	0.7686	0.4305	0.7906
ENSG00000269919.1	AL022067.1	ENSG00000269919.1	lncRNA	chr6	106100140	106100593	+	454	1	1	1	intronic	intronic_sense	clone-based (unnamed)	FALSE	FALSE	TRUE	TRUE	TRUE	TRUE	FALSE			PRDM1;ATG5	PRDM1;ATG5			ATG5	0	FALSE	yellow	0.3898	0.4619	0.4619	0.0083593	0.2988	0.2576	0.2681
ENSG00000272834.1	AL022238.2	ENSG00000272834.1	lncRNA	chr22	40415003	40415445	+	443	1	1	1	intronic	intronic_antisense	clone-based (unnamed)	FALSE	FALSE	TRUE	FALSE	FALSE	TRUE	FALSE			MRTFA	MRTFA			MRTFA	0	FALSE	black	0.4924	0.7445	0.7445	0.019227	0.4173	0.3376	0.4638
ENSG00000272720.1	AL022322.1	ENSG00000272720.1	lncRNA	chr22	38090127	38091559	+	1433	1	1	1	intronic	intronic_antisense	clone-based (unnamed)	FALSE	FALSE	TRUE	FALSE	FALSE	TRUE	FALSE			BAIAP2L2	BAIAP2L2			BAIAP2L2	0	FALSE	black	0.6856	0.8616	0.8616	0.054191	1.0546	0.7289	0.773
ENSG00000272836.1	AL022328.1	ENSG00000272836.1	lncRNA	chr22	50205585	50206062	-	478	1	1	1	intronic	intronic_antisense	clone-based (unnamed)	FALSE	FALSE	TRUE	FALSE	FALSE	TRUE	FALSE			SELENOO	SELENOO	SELENOO	380	SELENOO	0	FALSE	black	0.5788	0.7841	0.7841	0.040563	1.0987	0.5734	0.9198
ENSG00000273188.1	AL022328.3	ENSG00000273188.1	lncRNA	chr22	50191724	50192402	-	679	1	1	1	intronic	intronic_antisense	clone-based (unnamed)	FALSE	FALSE	TRUE	FALSE	FALSE	TRUE	FALSE			TRABD	TRABD	TRABD	612	TRABD	0	FALSE	black	0.6648	0.7448	0.7448	0.025286	0.7738	0.3806	0.8434
ENSG00000237015.1	AL031186.1	ENSG00000237015.1	lncRNA	chr22	29260889	29262037	+	1149	1	2	2	intronic	intronic_antisense	clone-based (unnamed)	FALSE	FALSE	TRUE	FALSE	FALSE	TRUE	FALSE			RHBDD3	RHBDD3			RHBDD3	0	FALSE	black	0.6098	0.764	0.764	0.02651	0.6266	0.4262	0.6321
ENSG00000235782.1	AL031429.1	ENSG00000235782.1	lncRNA	chr1	70947379	70951493	+	4115	1	3	3	intronic	intronic_antisense	clone-based (unnamed)	FALSE	FALSE	TRUE	FALSE	FALSE	TRUE	FALSE			PTGER3	PTGER3			PTGER3	0	FALSE	grey	-0.0098	0.0284	0.0284	-0.0010528	0.3254	0.5286	0.2583
ENSG00000269933.1	AL031429.2	ENSG00000269933.1	lncRNA	chr1	71005854	71006502	-	649	1	1	1	intronic	intronic_sense	clone-based (unnamed)	FALSE	FALSE	TRUE	TRUE	TRUE	FALSE	FALSE			PTGER3	PTGER3			PTGER3	0	TRUE	tan	0.4093	0.0818	0.0818	0.012137	1.1955	1.0145	0.7319
ENSG00000272432.1	AL031432.3	ENSG00000272432.1	lncRNA	chr1	25247837	25248321	+	485	1	1	1	intronic	intronic_antisense	clone-based (unnamed)	FALSE	FALSE	TRUE	FALSE	FALSE	TRUE	FALSE			RSRP1	RSRP1	RSRP1	380	RSRP1	0	FALSE	pink	0.5608	0.3907	0.3907	0.0097835	0.393	0.2249	0.4579
ENSG00000277829.1	AL031651.2	ENSG00000277829.1	lncRNA	chr20	38233251	38233799	-	549	1	1	1	intronic	intronic_sense	clone-based (unnamed)	FALSE	FALSE	TRUE	TRUE	TRUE	FALSE	FALSE			KIAA1755	KIAA1755			KIAA1755	0	TRUE	grey	0.1463	0.1165	0.1165	0.0018117	0.2538	0.2492	0.2211
ENSG00000278383.1	AL031673.1	ENSG00000278383.1	lncRNA	chr20	25680781	25681246	+	466	1	1	1	intronic	intronic_antisense	clone-based (unnamed)	FALSE	FALSE	TRUE	FALSE	FALSE	TRUE	FALSE			ZNF337	ZNF337			ZNF337	0	FALSE	turquoise	0.3431	0.4791	0.4791	0.019564	1.006	0.4224	0.9491
ENSG00000260646.1	AL031705.1	ENSG00000260646.1	lncRNA	chr16	1512979	1514675	+	1697	1	2	2	intronic	intronic_antisense	clone-based (unnamed)	FALSE	FALSE	TRUE	FALSE	FALSE	TRUE	FALSE			IFT140	IFT140			IFT140	0	FALSE	turquoise	0.5173	0.8032	0.8032	0.015975	0.2632	0.2358	0.2818
ENSG00000261399.1	AL031710.1	ENSG00000261399.1	lncRNA	chr16	1713527	1714208	-	682	1	2	2	intronic	intronic_antisense	clone-based (unnamed)	FALSE	FALSE	TRUE	FALSE	FALSE	TRUE	FALSE			MAPK8IP3	MAPK8IP3			MAPK8IP3	0	FALSE	magenta	0.7378	-0.0012	0.0012	-0.0097302	0.7101	0.8601	0.5773
ENSG00000260022.1	AL031716.1	ENSG00000260022.1	lncRNA	chr16	883780	885090	+	1311	1	2	2	intronic	intronic_antisense	clone-based (unnamed)	FALSE	FALSE	TRUE	FALSE	FALSE	TRUE	FALSE			LMF1	LMF1			LMF1	0	FALSE	grey	-0.1526	0.6998	0.6998	0.017188	0.5562	0.3173	0.6654
ENSG00000261207.1	AL031717.1	ENSG00000261207.1	lncRNA	chr16	1751559	1752262	-	704	1	2	2	intronic	intronic_antisense	clone-based (unnamed)	FALSE	FALSE	TRUE	FALSE	FALSE	TRUE	FALSE			MAPK8IP3	MAPK8IP3			MAPK8IP3	0	FALSE	green	0.471	0.8341	0.8341	0.025786	0.5739	0.4097	0.6067
ENSG00000272402.1	AL031775.2	ENSG00000272402.1	lncRNA	chr6	24706747	24707151	+	405	1	1	1	intronic	intronic_antisense	clone-based (unnamed)	FALSE	FALSE	TRUE	FALSE	FALSE	TRUE	FALSE			C6orf62	C6orf62			C6orf62	0	FALSE	pink	0.386	0.6871	0.6871	0.029017	1.153	0.4436	0.9804
ENSG00000225903.1	AL035404.2	ENSG00000225903.1	lncRNA	chr1	39633416	39633903	+	488	1	2	2	intronic	intronic_antisense	clone-based (unnamed)	FALSE	FALSE	TRUE	FALSE	FALSE	TRUE	FALSE			HEYL	HEYL			HEYL	0	FALSE	red	0.4042	0.5003	0.5003	0.013117	0.2586	0.3385	0.225
ENSG00000275632.1	AL035461.2	ENSG00000275632.1	lncRNA	chr20	6000418	6000941	+	524	1	1	1	intronic	intronic_sense	clone-based (unnamed)	FALSE	FALSE	TRUE	TRUE	TRUE	FALSE	FALSE			AL035461.3	AL035461.3			AL035461.3	0	TRUE	purple	0.5944	0.3203	0.3203	0.0084602	0.465	0.2811	0.5362
ENSG00000234084.1	AL049552.1	ENSG00000234084.1	lncRNA	chr6	135301568	135307158	+	5591	1	3	3	intronic	intronic_antisense	clone-based (unnamed)	FALSE	FALSE	TRUE	FALSE	FALSE	TRUE	FALSE			AHI1	AHI1	AHI1	735	AHI1	0	FALSE	grey	0.1312	0.8092	0.8092	0.025845	0.6542	0.426	0.681
ENSG00000246451.2	AL049840.2	ENSG00000246451.2	lncRNA	chr14	103682362	103684015	-	1654	1	2	2	intronic	intronic_antisense	clone-based (unnamed)	FALSE	FALSE	TRUE	FALSE	FALSE	TRUE	FALSE			KLC1;AL139300.1	KLC1;AL139300.1	KLC1	762	AL139300.1	0	FALSE	green	0.7286	0.8462	0.8462	0.041336	1.2801	0.669	0.9354
ENSG00000269910.1	AL049840.3	ENSG00000269910.1	lncRNA	chr14	103694516	103695050	-	535	1	1	1	intronic	intronic_antisense	clone-based (unnamed)	FALSE	FALSE	TRUE	FALSE	FALSE	TRUE	FALSE			KLC1	KLC1			KLC1	0	FALSE	green	0.4257	0.4549	0.4549	0.0066037	0.355	0.2135	0.4168
ENSG00000269940.1	AL049840.4	ENSG00000269940.1	lncRNA	chr14	103694560	103695170	+	611	1	1	1	intronic	intronic_sense	clone-based (unnamed)	FALSE	FALSE	TRUE	TRUE	TRUE	FALSE	FALSE			KLC1	KLC1			KLC1	0	TRUE	green	0.4255	0.5466	0.5466	0.011039	0.5884	0.2893	0.728
ENSG00000269958.1	AL049840.5	ENSG00000269958.1	lncRNA	chr14	103696353	103697163	+	811	1	1	1	intronic	intronic_sense	clone-based (unnamed)	FALSE	FALSE	TRUE	TRUE	TRUE	FALSE	FALSE			KLC1	KLC1			KLC1	0	TRUE	red	0.6198	0.6285	0.6285	0.035503	2.8742	0.625	1
ENSG00000270108.1	AL049840.6	ENSG00000270108.1	lncRNA	chr14	103687576	103688127	+	552	1	1	1	intronic	intronic_sense	clone-based (unnamed)	FALSE	FALSE	TRUE	TRUE	TRUE	FALSE	FALSE			KLC1	KLC1			KLC1	0	TRUE	green	0.4981	0.7694	0.7694	0.020852	0.7054	0.4037	0.7515
ENSG00000271789.1	AL080317.1	ENSG00000271789.1	lncRNA	chr6	111297126	111298510	+	1385	1	1	1	intronic	intronic_sense	clone-based (unnamed)	FALSE	FALSE	TRUE	TRUE	TRUE	FALSE	FALSE			MFSD4B	MFSD4B			MFSD4B	0	TRUE	purple	0.5212	0.4456	0.4456	0.013828	0.5468	0.3895	0.591
ENSG00000287817.1	AL096701.4	ENSG00000287817.1	lncRNA	chr22	31490150	31491022	+	873	1	1	1	intronic	intronic_sense	clone-based (unnamed)	FALSE	FALSE	TRUE	TRUE	TRUE	TRUE	FALSE			EIF4ENIF1;SFI1;DRG1	DRG1;EIF4ENIF1;SFI1	EIF4ENIF1	213	SFI1	0	TRUE	brown	0.6969	0.5924	0.5924	0.021047	0.6491	0.3386	0.7828
ENSG00000271857.1	AL096865.1	ENSG00000271857.1	lncRNA	chr6	45421079	45422005	-	927	1	1	1	intronic	intronic_antisense	clone-based (unnamed)	FALSE	FALSE	TRUE	FALSE	FALSE	TRUE	FALSE			RUNX2	RUNX2	RUNX2	31	RUNX2	0	FALSE	greenyellow	0.4841	0.5966	0.5966	0.01735	0.4189	0.374	0.4188
ENSG00000276603.1	AL109614.1	ENSG00000276603.1	lncRNA	chr20	37526642	37527060	-	419	1	1	1	intronic	intronic_sense	clone-based (unnamed)	FALSE	FALSE	TRUE	TRUE	TRUE	FALSE	FALSE			BLCAP	BLCAP			BLCAP	0	TRUE	green	0.5873	0.6906	0.6906	0.016161	0.5018	0.3584	0.5499
ENSG00000269952.1	AL117336.1	ENSG00000269952.1	lncRNA	chr10	35210416	35210750	+	335	1	1	1	intronic	intronic_sense	clone-based (unnamed)	FALSE	FALSE	TRUE	TRUE	TRUE	FALSE	FALSE			CREM	CREM			CREM	0	TRUE	grey	0.1588	0.5986	0.5986	0.02437	1.1731	0.5487	0.9687
ENSG00000271335.6	AL117336.2	ENSG00000271335.6	lncRNA	chr10	35314552	35336401	-	21850	3	5	4	intronic	intronic_antisense	clone-based (unnamed)	FALSE	FALSE	TRUE	FALSE	FALSE	TRUE	FALSE			CCNY	CCNY	CCNY	108	CCNY	0	FALSE	turquoise	0.4428	0.5575	0.5575	0.026515	1.2469	0.5069	0.9804
ENSG00000273759.1	AL117379.1	ENSG00000273759.1	lncRNA	chr20	62928621	62929297	-	677	1	1	1	intronic	intronic_sense	clone-based (unnamed)	FALSE	FALSE	TRUE	TRUE	TRUE	FALSE	FALSE			DIDO1	DIDO1			DIDO1	0	TRUE	turquoise	0.7322	0.7518	0.7518	0.037857	0.9286	0.5486	0.8395
ENSG00000271228.1	AL121655.1	ENSG00000271228.1	lncRNA	chr2	32013061	32013368	+	308	1	1	1	intronic	intronic_antisense	clone-based (unnamed)	FALSE	FALSE	TRUE	FALSE	FALSE	TRUE	FALSE			DPY30	DPY30			DPY30	0	FALSE	turquoise	0.4166	0.5839	0.5839	0.015302	0.5562	0.2907	0.683
ENSG00000287099.1	AL121750.1	ENSG00000287099.1	lncRNA	chr4	2859983	2862673	-	2691	1	2	2	intronic	intronic_antisense	clone-based (unnamed)	FALSE	FALSE	TRUE	FALSE	FALSE	TRUE	FALSE			ADD1	ADD1			ADD1	0	FALSE	grey	0.0636	0.4741	0.4741	0.013194	0.3401	0.4366	0.3014
ENSG00000276952.1	AL121772.3	ENSG00000276952.1	lncRNA	chr20	25284915	25285588	-	674	1	1	1	intronic	intronic_antisense	clone-based (unnamed)	FALSE	FALSE	TRUE	FALSE	FALSE	TRUE	FALSE			PYGB	PYGB			PYGB	0	FALSE	grey	0.0931	0.5706	0.5706	0.010119	0.4555	0.2779	0.5871
ENSG00000258623.1	AL121820.1	ENSG00000258623.1	lncRNA	chr14	68683411	68685565	-	2155	1	2	2	intronic	intronic_antisense	clone-based (unnamed)	FALSE	FALSE	TRUE	FALSE	FALSE	TRUE	FALSE			RAD51B	RAD51B			RAD51B	0	FALSE	grey	-0.1156	0.1616	0.1616	0.0015527	0.2936	0.1876	0.2877
ENSG00000260711.2	AL121839.2	ENSG00000260711.2	lncRNA	chr14	91752856	91759798	-	6943	1	1	1	intronic	intronic_sense	clone-based (unnamed)	FALSE	FALSE	TRUE	TRUE	TRUE	FALSE	FALSE			CATSPERB	CATSPERB			CATSPERB	0	TRUE	grey	0.0527	0.3987	0.3987	0.0070677	0.3247	0.2151	0.3092
ENSG00000274501.1	AL121845.4	ENSG00000274501.1	lncRNA	chr20	63730072	63730377	-	306	1	1	1	intronic	intronic_antisense	clone-based (unnamed)	FALSE	FALSE	TRUE	FALSE	FALSE	TRUE	FALSE			ZGPAT;AL121845.3	ZGPAT;AL121845.3			AL121845.3	0	FALSE	blue	0.6118	0.3303	0.3303	0.029514	1.0175	0.6476	0.8356
ENSG00000270001.1	AL121894.2	ENSG00000270001.1	lncRNA	chr20	23631826	23632316	-	491	1	1	1	intronic	intronic_sense	clone-based (unnamed)	FALSE	FALSE	TRUE	TRUE	TRUE	FALSE	FALSE			CST3	CST3			CST3	0	TRUE	greenyellow	0.5161	0.2655	0.2655	0.0074807	0.6246	0.3569	0.7378
ENSG00000286646.1	AL121933.2	ENSG00000286646.1	lncRNA	chr6	136784045	136786280	+	2236	1	2	2	intronic	intronic_antisense	clone-based (unnamed)	FALSE	FALSE	TRUE	FALSE	FALSE	TRUE	FALSE			MAP3K5	MAP3K5			MAP3K5	0	FALSE	yellow	0.6928	0.0608	0.0608	-0.00073649	1.0852	0.5332	0.9237
ENSG00000284914.1	AL121935.2	ENSG00000284914.1	lncRNA	chr6	167126223	167131572	-	5350	1	4	4	intronic	intronic_antisense	clone-based (unnamed)	FALSE	FALSE	TRUE	FALSE	FALSE	TRUE	FALSE			CCR6	CCR6			CCR6	0	FALSE	lightcyan	0.6617	0.2958	0.2958	0.011895	0.4051	0.3535	0.4364
ENSG00000278396.1	AL122023.1	ENSG00000278396.1	lncRNA	chr14	93334528	93335057	+	530	1	1	1	intronic	intronic_sense	clone-based (unnamed)	FALSE	FALSE	TRUE	TRUE	TRUE	FALSE	FALSE			UNC79	UNC79			UNC79	0	TRUE	grey	-0.2125	0.0906	0.0906	0.0044355	0.9397	0.2969	0.9785
ENSG00000277050.1	AL122125.1	ENSG00000277050.1	lncRNA	chr14	51637348	51637947	-	600	1	1	1	intronic	intronic_antisense	clone-based (unnamed)	FALSE	FALSE	TRUE	FALSE	FALSE	TRUE	FALSE			FRMD6	FRMD6			FRMD6	0	FALSE	turquoise	0.4064	0.7104	0.7104	0.024171	0.4239	0.3882	0.4266
ENSG00000258682.1	AL132989.1	ENSG00000258682.1	lncRNA	chr14	58264662	58269681	+	5020	1	2	2	intronic	intronic_sense	clone-based (unnamed)	FALSE	FALSE	TRUE	TRUE	TRUE	TRUE	FALSE			PSMA3;ARMH4	ARMH4;PSMA3			PSMA3	0	TRUE	green	0.7537	0.8767	0.8767	0.048889	1.3773	0.6986	0.953
ENSG00000276334.1	AL133243.2	ENSG00000276334.1	lncRNA	chr2	32521927	32523547	+	1621	1	1	1	intronic	intronic_sense	clone-based (unnamed)	FALSE	FALSE	TRUE	TRUE	TRUE	FALSE	FALSE			BIRC6	BIRC6			BIRC6	0	TRUE	grey	0.2442	0.2516	0.2516	0.0049302	1.0675	0.3068	0.9922
ENSG00000276517.1	AL133243.3	ENSG00000276517.1	lncRNA	chr2	32526504	32529507	+	3004	1	1	1	intronic	intronic_sense	clone-based (unnamed)	FALSE	FALSE	TRUE	TRUE	TRUE	FALSE	FALSE			BIRC6	BIRC6			BIRC6	0	TRUE	grey	0.0757	0.6674	0.6674	0.0071934	0.3249	0.167	0.2975
ENSG00000260954.1	AL133297.1	ENSG00000260954.1	lncRNA	chr16	1579242	1580308	-	1067	1	2	2	intronic	intronic_sense	clone-based (unnamed)	FALSE	FALSE	TRUE	TRUE	TRUE	FALSE	FALSE			IFT140	IFT140			IFT140	0	TRUE	grey	0.0116	0.2818	0.2818	0.0045483	0.2813	0.161	0.2544
ENSG00000287287.1	AL133476.1	ENSG00000287287.1	lncRNA	chr9	35491133	35491969	-	837	1	2	2	intronic	intronic_antisense	clone-based (unnamed)	FALSE	FALSE	TRUE	FALSE	FALSE	TRUE	FALSE			RUSC2	RUSC2			RUSC2	0	FALSE	brown	0.3293	0.3505	0.3505	0.0093148	0.3425	0.2601	0.3542
ENSG00000286835.1	AL133477.1	ENSG00000286835.1	lncRNA	chr9	96416724	96417377	-	654	1	1	1	intronic	intronic_sense	clone-based (unnamed)	FALSE	FALSE	TRUE	TRUE	TRUE	FALSE	FALSE			ZNF367	ZNF367			ZNF367	0	TRUE	brown	0.6594	0.6482	0.6482	0.021164	0.5335	0.3442	0.6047
ENSG00000273893.1	AL133520.1	ENSG00000273893.1	lncRNA	chr20	46681676	46682375	-	700	1	1	1	intronic	intronic_sense	clone-based (unnamed)	FALSE	FALSE	TRUE	TRUE	TRUE	FALSE	FALSE			SLC13A3	SLC13A3			SLC13A3	0	TRUE	grey	0.0183	0.0563	0.0563	0.0028941	0.9482	0.2537	0.998
ENSG00000287986.1	AL135841.1	ENSG00000287986.1	lncRNA	chr9	35922159	35925554	-	3396	1	2	2	intronic	intronic_antisense	clone-based (unnamed)	FALSE	FALSE	TRUE	FALSE	FALSE	TRUE	FALSE			SPAAR	SPAAR			SPAAR	0	FALSE	red	0.5862	0.6736	0.6736	0.022776	0.5002	0.3841	0.544
ENSG00000276698.1	AL136295.6	ENSG00000276698.1	lncRNA	chr14	24198433	24199090	+	658	1	1	1	intronic	intronic_antisense	clone-based (unnamed)	FALSE	FALSE	TRUE	FALSE	FALSE	TRUE	FALSE			AL136295.1	AL136295.1			AL136295.1	0	FALSE	brown	0.5364	0.6863	0.6863	0.029946	1.0826	0.4604	0.9609
ENSG00000278784.1	AL136295.7	ENSG00000278784.1	lncRNA	chr14	24201612	24202811	-	1200	1	1	1	intronic	intronic_sense	clone-based (unnamed)	FALSE	FALSE	TRUE	TRUE	TRUE	FALSE	FALSE			AL136295.1	AL136295.1			AL136295.1	0	TRUE	turquoise	0.6015	0.7582	0.7582	0.036196	1.6614	0.5024	0.998
ENSG00000229728.1	AL136531.1	ENSG00000229728.1	lncRNA	chr20	1361622	1362585	+	964	1	2	2	intronic	intronic_antisense	clone-based (unnamed)	FALSE	FALSE	TRUE	FALSE	FALSE	TRUE	FALSE			AL136531.2	AL136531.2			AL136531.2	0	FALSE	brown	0.3981	0.604	0.604	0.018314	0.7184	0.346	0.8317
ENSG00000228444.2	AL137244.1	ENSG00000228444.2	lncRNA	chr13	75631271	75632135	+	865	1	1	1	intronic	intronic_sense	clone-based (unnamed)	FALSE	FALSE	TRUE	TRUE	TRUE	FALSE	FALSE			LMO7	LMO7			LMO7	0	TRUE	turquoise	0.4356	0.7021	0.7021	0.012141	0.2639	0.2174	0.2603
ENSG00000259088.1	AL137779.2	ENSG00000259088.1	lncRNA	chr14	101796555	101810321	-	13767	1	2	2	intronic	intronic_antisense	clone-based (unnamed)	FALSE	FALSE	TRUE	FALSE	FALSE	TRUE	FALSE			PPP2R5C	PPP2R5C			PPP2R5C	0	FALSE	grey	-0.2058	0.0719	0.0719	0.0026861	0.6762	0.2919	0.8532
ENSG00000237529.2	AL137847.2	ENSG00000237529.2	lncRNA	chr9	83272280	83279499	+	7220	2	4	3	intronic	intronic_antisense	clone-based (unnamed)	FALSE	FALSE	TRUE	FALSE	FALSE	TRUE	FALSE			FRMD3	FRMD3			FRMD3	0	FALSE	grey	-0.2828	0.6034	0.6034	0.010327	0.3437	0.2042	0.3699
ENSG00000274204.1	AL138689.1	ENSG00000274204.1	lncRNA	chr13	106506046	106506713	-	668	1	1	1	intronic	intronic_sense	clone-based (unnamed)	FALSE	FALSE	TRUE	TRUE	TRUE	FALSE	FALSE			EFNB2	EFNB2			EFNB2	0	TRUE	red	0.5745	0.4927	0.4927	0.011948	0.3462	0.316	0.3503
ENSG00000286805.1	AL138716.1	ENSG00000286805.1	lncRNA	chr6	161435098	161446016	+	10919	1	2	2	intronic	intronic_antisense	clone-based (unnamed)	FALSE	FALSE	TRUE	FALSE	FALSE	TRUE	FALSE			PRKN	PRKN			PRKN	0	FALSE	lightcyan	0.5262	0.0266	0.0266	0.0048079	1.0171	0.5967	0.8767
ENSG00000272158.1	AL139022.2	ENSG00000272158.1	lncRNA	chr14	65003325	65003767	-	443	1	1	1	intronic	intronic_antisense	clone-based (unnamed)	FALSE	FALSE	TRUE	FALSE	FALSE	TRUE	FALSE			FNTB;CHURC1-FNTB	CHURC1-FNTB;FNTB			FNTB	0	FALSE	grey	-0.0835	0.2741	0.2741	0.0038109	0.2906	0.1705	0.2818
ENSG00000271631.1	AL139041.1	ENSG00000271631.1	lncRNA	chr9	112885158	112885767	+	610	1	1	1	intronic	intronic_antisense	clone-based (unnamed)	FALSE	FALSE	TRUE	FALSE	FALSE	TRUE	FALSE			SLC46A2	SLC46A2			SLC46A2	0	FALSE	turquoise	0.5313	0.7197	0.7197	0.012854	0.2408	0.2099	0.2348
ENSG00000258450.1	AL139099.2	ENSG00000258450.1	lncRNA	chr14	49629291	49629890	-	600	1	2	2	intronic	intronic_sense	clone-based (unnamed)	FALSE	FALSE	TRUE	TRUE	TRUE	FALSE	FALSE			DNAAF2	DNAAF2			DNAAF2	0	TRUE	grey	-0.1283	0.7018	0.7018	0.012107	0.2452	0.2125	0.2329
ENSG00000277218.1	AL139123.1	ENSG00000277218.1	lncRNA	chr10	130104569	130104998	-	430	1	1	1	intronic	intronic_sense	clone-based (unnamed)	FALSE	FALSE	TRUE	TRUE	TRUE	FALSE	FALSE			C10orf143	C10orf143			C10orf143	0	TRUE	turquoise	0.7128	0.7356	0.7356	0.021583	0.3907	0.3278	0.4344
ENSG00000254419.1	AL139349.1	ENSG00000254419.1	lncRNA	chr20	58710795	58711633	+	839	1	2	2	intronic	intronic_sense	clone-based (unnamed)	FALSE	FALSE	TRUE	TRUE	TRUE	FALSE	FALSE			NPEPL1;STX16-NPEPL1	STX16-NPEPL1;NPEPL1			NPEPL1	0	TRUE	black	0.5028	0.804	0.804	0.049784	1.1065	0.8303	0.773
ENSG00000277687.1	AL139407.1	ENSG00000277687.1	lncRNA	chr10	118692361	118693535	-	1175	1	1	1	intronic	intronic_sense	clone-based (unnamed)	FALSE	FALSE	TRUE	TRUE	TRUE	FALSE	FALSE			CACUL1	CACUL1			CACUL1	0	TRUE	green	0.6067	0.804	0.804	0.016245	0.4857	0.3098	0.5479
ENSG00000273474.1	AL157392.4	ENSG00000273474.1	lncRNA	chr10	13675646	13675990	+	345	1	1	1	intronic	intronic_antisense	clone-based (unnamed)	FALSE	FALSE	TRUE	FALSE	FALSE	TRUE	FALSE			FRMD4A	FRMD4A			FRMD4A	0	FALSE	purple	0.5929	0.7609	0.7609	0.027412	0.527	0.398	0.5734
ENSG00000213994.3	AL157395.1	ENSG00000213994.3	lncRNA	chr10	6197612	6202693	-	5082	1	2	2	intronic	intronic_antisense	clone-based (unnamed)	FALSE	FALSE	TRUE	FALSE	FALSE	TRUE	FALSE			PFKFB3	PFKFB3	PFKFB3	173	PFKFB3	0	FALSE	blue	0.4308	0.1392	0.1392	0.0081134	0.6438	0.3657	0.7436
ENSG00000274929.1	AL157813.1	ENSG00000274929.1	lncRNA	chr13	48532013	48532599	-	587	1	1	1	intronic	intronic_sense	clone-based (unnamed)	FALSE	FALSE	TRUE	TRUE	TRUE	TRUE	FALSE			RCBTB2;RB1	RB1;RCBTB2			RCBTB2	0	TRUE	pink	0.6542	0.317	0.317	0.0095408	0.3998	0.2448	0.4736
ENSG00000258521.1	AL157871.2	ENSG00000258521.1	lncRNA	chr14	100339832	100340554	+	723	1	2	2	intronic	intronic_antisense	clone-based (unnamed)	FALSE	FALSE	TRUE	FALSE	FALSE	TRUE	FALSE			WARS1	WARS1			WARS1	0	FALSE	yellow	0.5323	0.7474	0.7474	0.024801	0.5001	0.4401	0.4912
ENSG00000258904.1	AL157871.5	ENSG00000258904.1	lncRNA	chr14	100263781	100265405	+	1625	1	2	2	intronic	intronic_sense	clone-based (unnamed)	FALSE	FALSE	TRUE	TRUE	TRUE	FALSE	FALSE			YY1	YY1			YY1	0	TRUE	green	0.432	0.7372	0.7372	0.014385	0.3581	0.2706	0.3855
ENSG00000231530.1	AL157932.1	ENSG00000231530.1	lncRNA	chr13	42043727	42044247	-	521	1	2	2	intronic	intronic_antisense	clone-based (unnamed)	FALSE	FALSE	TRUE	FALSE	FALSE	TRUE	FALSE			DGKH	DGKH			DGKH	0	FALSE	grey	-0.1451	0.1842	0.1842	0.0053441	0.6943	0.2823	0.863
ENSG00000268707.1	AL158151.4	ENSG00000268707.1	lncRNA	chr9	129170434	129170940	+	507	1	1	1	intronic	intronic_sense	clone-based (unnamed)	FALSE	FALSE	TRUE	TRUE	TRUE	FALSE	FALSE			AL158151.3	AL158151.3			AL158151.3	0	TRUE	turquoise	0.4605	0.5858	0.5858	0.016108	0.3328	0.3471	0.3092
ENSG00000227076.1	AL158166.1	ENSG00000227076.1	lncRNA	chr10	127934698	127936167	+	1470	1	2	2	intronic	intronic_sense	clone-based (unnamed)	FALSE	FALSE	TRUE	TRUE	TRUE	FALSE	FALSE			PTPRE	PTPRE			PTPRE	0	TRUE	grey	0.2356	0.1441	0.1441	0.0031057	0.5997	0.2812	0.8004
ENSG00000276968.1	AL158196.1	ENSG00000276968.1	lncRNA	chr13	48041751	48042184	-	434	1	1	1	intronic	intronic_antisense	clone-based (unnamed)	FALSE	FALSE	TRUE	FALSE	FALSE	TRUE	FALSE			NUDT15	NUDT15			NUDT15	0	FALSE	turquoise	0.4566	0.6622	0.6622	0.014123	0.2796	0.2373	0.2818
ENSG00000286334.1	AL161430.1	ENSG00000286334.1	lncRNA	chr13	97278768	97295400	-	16633	1	3	3	intronic	intronic_antisense	clone-based (unnamed)	FALSE	FALSE	TRUE	FALSE	FALSE	TRUE	FALSE			MBNL2	MBNL2			MBNL2	0	FALSE	grey	0.1484	0.4157	0.4157	0.005652	0.2816	0.2042	0.2329
ENSG00000228115.1	AL161725.2	ENSG00000228115.1	lncRNA	chr9	487774	495610	+	7837	1	2	2	intronic	intronic_sense	clone-based (unnamed)	FALSE	FALSE	TRUE	TRUE	TRUE	FALSE	FALSE			KANK1	KANK1			KANK1	0	TRUE	pink	0.4942	0.6451	0.6451	0.021736	0.4417	0.3588	0.454
ENSG00000271659.1	AL161729.4	ENSG00000271659.1	lncRNA	chr9	95514045	95514520	+	476	1	1	1	intronic	intronic_antisense	clone-based (unnamed)	FALSE	FALSE	TRUE	FALSE	FALSE	TRUE	FALSE			PTCH1	PTCH1			PTCH1	0	FALSE	turquoise	0.5398	0.664	0.664	0.01742	0.3602	0.302	0.4012
ENSG00000258789.1	AL162171.1	ENSG00000258789.1	lncRNA	chr14	88551597	88552493	+	897	1	2	2	intronic	intronic_antisense	clone-based (unnamed)	FALSE	FALSE	TRUE	FALSE	FALSE	TRUE	FALSE			PTPN21	PTPN21	PTPN21	108	PTPN21	0	FALSE	tan	0.6479	0.0918	0.0918	0.002609	0.7784	0.386	0.8454
ENSG00000273521.1	AL162274.1	ENSG00000273521.1	lncRNA	chr10	131980240	131981337	+	1098	1	1	1	intronic	intronic_antisense	clone-based (unnamed)	FALSE	FALSE	TRUE	FALSE	FALSE	TRUE	FALSE			BNIP3	BNIP3			BNIP3	0	FALSE	green	0.5855	0.6836	0.6836	0.017196	0.4694	0.3498	0.4971
ENSG00000277959.1	AL162274.2	ENSG00000277959.1	lncRNA	chr10	131971202	131971533	+	332	1	1	1	intronic	intronic_antisense	clone-based (unnamed)	FALSE	FALSE	TRUE	FALSE	FALSE	TRUE	FALSE			BNIP3	BNIP3			BNIP3	0	FALSE	turquoise	0.4082	0.7074	0.7074	0.032454	1.2826	0.498	0.9843
ENSG00000231521.1	AL162385.2	ENSG00000231521.1	lncRNA	chr9	97634515	97636051	-	1537	1	3	3	intronic	intronic_antisense	clone-based (unnamed)	FALSE	FALSE	TRUE	FALSE	FALSE	TRUE	FALSE			NCBP1	NCBP1			NCBP1	0	FALSE	grey	-0.0759	0.5528	0.5528	0.010882	0.2561	0.2236	0.2466
ENSG00000269970.1	AL162424.1	ENSG00000269970.1	lncRNA	chr9	122372605	122372825	+	221	1	1	1	intronic	intronic_sense	clone-based (unnamed)	FALSE	FALSE	TRUE	TRUE	TRUE	FALSE	FALSE			PTGS1	PTGS1			PTGS1	0	TRUE	grey	0.352	0.1186	0.1186	0.0065172	0.6402	0.5756	0.6243
ENSG00000236434.2	AL162430.2	ENSG00000236434.2	lncRNA	chr1	51264916	51266074	-	1159	1	2	2	intronic	intronic_antisense	clone-based (unnamed)	FALSE	FALSE	TRUE	FALSE	FALSE	TRUE	FALSE			RNF11	RNF11			RNF11	0	FALSE	grey	-0.0434	0.5844	0.5844	0.0096131	0.2992	0.2224	0.3112
ENSG00000230234.1	AL162582.1	ENSG00000230234.1	lncRNA	chr6	160272617	160276130	+	3514	1	2	2	intronic	intronic_antisense	clone-based (unnamed)	FALSE	FALSE	TRUE	FALSE	FALSE	TRUE	FALSE			SLC22A2	SLC22A2			SLC22A2	0	FALSE	grey	0.055	-0.0719	0.0719	-0.0049538	1.0459	0.8409	0.7358
ENSG00000227200.1	AL162724.1	ENSG00000227200.1	lncRNA	chr9	124262876	124265809	+	2934	1	2	2	intronic	intronic_sense	clone-based (unnamed)	FALSE	FALSE	TRUE	TRUE	TRUE	FALSE	FALSE			NEK6	NEK6			NEK6	0	TRUE	grey	-0.0364	0.5893	0.5893	0.015888	0.381	0.3341	0.3914
ENSG00000235204.1	AL162724.2	ENSG00000235204.1	lncRNA	chr9	124259250	124261156	-	1907	1	2	2	intronic	intronic_antisense	clone-based (unnamed)	FALSE	FALSE	TRUE	FALSE	FALSE	TRUE	FALSE			NEK6	NEK6	NEK6	317	NEK6	0	FALSE	pink	0.6277	0.4728	0.4728	0.038607	1.3538	0.6848	0.9354
ENSG00000237073.1	AL162727.2	ENSG00000237073.1	lncRNA	chr9	113570190	113590019	-	19830	1	3	3	intronic	intronic_antisense	clone-based (unnamed)	FALSE	FALSE	TRUE	FALSE	FALSE	TRUE	FALSE			RGS3	RGS3			RGS3	0	FALSE	red	0.4581	0.4577	0.4577	0.0088901	0.3872	0.2237	0.4932
ENSG00000224945.1	AL353150.1	ENSG00000224945.1	lncRNA	chr9	89088604	89109934	-	21331	2	3	3	intronic	intronic_sense	clone-based (unnamed)	FALSE	FALSE	TRUE	TRUE	TRUE	FALSE	FALSE			SHC3	SHC3			SHC3	0	TRUE	grey	0.1796	0.6617	0.6617	0.010265	0.2654	0.2925	0.2231
ENSG00000270605.1	AL353622.1	ENSG00000270605.1	lncRNA	chr1	28239509	28241453	-	1945	1	1	1	intronic	intronic_antisense	clone-based (unnamed)	FALSE	FALSE	TRUE	FALSE	FALSE	TRUE	FALSE			ATP5IF1	ATP5IF1			ATP5IF1	0	FALSE	turquoise	0.5354	0.6756	0.6756	0.044832	1.0462	0.7022	0.8415
ENSG00000277662.1	AL354696.1	ENSG00000277662.1	lncRNA	chr13	41229180	41229676	-	497	1	1	1	intronic	intronic_sense	clone-based (unnamed)	FALSE	FALSE	TRUE	TRUE	TRUE	FALSE	FALSE			MTRF1	MTRF1			MTRF1	0	TRUE	brown	0.4297	0.4442	0.4442	0.012972	0.6661	0.2939	0.8434
ENSG00000273483.1	AL354760.1	ENSG00000273483.1	lncRNA	chr1	112517799	112518441	-	643	1	1	1	intronic	intronic_antisense	clone-based (unnamed)	FALSE	FALSE	TRUE	FALSE	FALSE	TRUE	FALSE			WNT2B	WNT2B			WNT2B	0	FALSE	purple	0.6819	0.5359	0.5359	0.016118	0.4271	0.3024	0.4658
ENSG00000266896.1	AL354892.3	ENSG00000266896.1	lncRNA	chr6	169770413	169772042	+	1630	1	1	1	intronic	intronic_sense	clone-based (unnamed)	FALSE	FALSE	TRUE	TRUE	TRUE	FALSE	FALSE			ERMARD	ERMARD			ERMARD	0	TRUE	black	0.6078	0.8589	0.8589	0.018421	0.4139	0.2626	0.4892
ENSG00000273002.1	AL355388.1	ENSG00000273002.1	lncRNA	chr1	155978799	155982986	+	4188	1	2	2	intronic	intronic_antisense	clone-based (unnamed)	FALSE	FALSE	TRUE	FALSE	FALSE	TRUE	FALSE			ARHGEF2	ARHGEF2	ARHGEF2	252	ARHGEF2	0	FALSE	turquoise	0.6991	0.6876	0.6876	0.016604	0.3572	0.2984	0.3503
ENSG00000273373.1	AL355488.1	ENSG00000273373.1	lncRNA	chr1	110370154	110373003	+	2850	1	1	1	intronic	intronic_antisense	clone-based (unnamed)	FALSE	FALSE	TRUE	FALSE	FALSE	TRUE	FALSE			SLC16A4	SLC16A4			SLC16A4	0	FALSE	turquoise	0.7252	0.8597	0.8597	0.049852	1.2974	0.6719	0.9335
ENSG00000237371.1	AL355803.1	ENSG00000237371.1	lncRNA	chr20	64056803	64057084	+	282	1	2	2	intronic	intronic_sense	clone-based (unnamed)	FALSE	FALSE	TRUE	TRUE	TRUE	FALSE	FALSE			TCEA2	TCEA2			TCEA2	0	TRUE	red	0.7675	0.2582	0.2582	0.022115	1.6915	0.734	0.9667
ENSG00000276317.1	AL357033.3	ENSG00000276317.1	lncRNA	chr20	62651272	62652186	-	915	1	2	2	intronic	intronic_antisense	clone-based (unnamed)	FALSE	FALSE	TRUE	FALSE	FALSE	TRUE	FALSE			SLCO4A1	SLCO4A1			SLCO4A1	0	FALSE	grey	-0.0388	0.0404	0.0404	-0.0016464	0.9898	0.4567	0.9198
ENSG00000277496.1	AL357033.4	ENSG00000277496.1	lncRNA	chr20	62648961	62650767	-	1807	1	1	1	intronic	intronic_antisense	clone-based (unnamed)	FALSE	FALSE	TRUE	FALSE	FALSE	TRUE	FALSE			SLCO4A1	SLCO4A1			SLCO4A1	0	FALSE	grey	0.1869	0.0398	0.0398	0.0023631	1.3665	0.4773	0.9941
ENSG00000272506.1	AL357078.2	ENSG00000272506.1	lncRNA	chr1	65003470	65004087	-	618	1	1	1	intronic	intronic_sense	clone-based (unnamed)	FALSE	FALSE	TRUE	TRUE	TRUE	FALSE	FALSE			JAK1	JAK1			JAK1	0	TRUE	salmon	0.5738	0.7159	0.7159	0.012719	0.2337	0.1992	0.2074
ENSG00000225140.1	AL358216.1	ENSG00000225140.1	lncRNA	chr10	628638	631255	+	2618	1	2	2	intronic	intronic_antisense	clone-based (unnamed)	FALSE	FALSE	TRUE	FALSE	FALSE	TRUE	FALSE			DIP2C	DIP2C			DIP2C	0	FALSE	grey	-0.0641	0.076	0.076	0.002444	0.3723	0.5645	0.2172
ENSG00000273026.1	AL358472.3	ENSG00000273026.1	lncRNA	chr1	153966516	153966930	+	415	1	1	1	intronic	intronic_antisense	clone-based (unnamed)	FALSE	FALSE	TRUE	FALSE	FALSE	TRUE	FALSE			SLC39A1;AL358472.7	SLC39A1;AL358472.7			AL358472.7	0	FALSE	brown	0.6002	0.3711	0.3711	0.015228	0.9957	0.3804	0.9648
ENSG00000282386.1	AL358472.4	ENSG00000282386.1	lncRNA	chr1	153964361	153965070	+	710	1	1	1	intronic	intronic_antisense	clone-based (unnamed)	FALSE	FALSE	TRUE	FALSE	FALSE	TRUE	FALSE			SLC39A1;AL358472.7	SLC39A1;AL358472.7	SLC39A1	720	AL358472.7	0	FALSE	turquoise	0.4036	0.4024	0.4024	0.010517	0.9188	0.2859	0.9804
ENSG00000272696.1	AL359091.3	ENSG00000272696.1	lncRNA	chr9	128316337	128316909	+	573	1	1	1	intronic	intronic_antisense	clone-based (unnamed)	FALSE	FALSE	TRUE	FALSE	FALSE	TRUE	FALSE			TRUB2	TRUB2			TRUB2	0	FALSE	pink	0.4846	0.533	0.533	0.018189	0.7305	0.3366	0.8708
ENSG00000273186.1	AL359091.4	ENSG00000273186.1	lncRNA	chr9	128431598	128432006	+	409	1	1	1	intronic	intronic_sense	clone-based (unnamed)	FALSE	FALSE	TRUE	TRUE	TRUE	FALSE	FALSE			CERCAM	CERCAM			CERCAM	0	TRUE	grey	0.3289	0.0327	0.0327	0.0028001	0.7309	0.4162	0.8102
ENSG00000272914.1	AL359532.1	ENSG00000272914.1	lncRNA	chr10	30831828	30833387	-	1560	1	1	1	intronic	intronic_sense	clone-based (unnamed)	FALSE	FALSE	TRUE	TRUE	TRUE	FALSE	FALSE			ZNF438	ZNF438			ZNF438	0	TRUE	yellow	0.4137	0.4882	0.4882	0.0056025	0.333	0.1305	0.3386
ENSG00000279623.1	AL359697.1	ENSG00000279623.1	lncRNA	chr10	21865335	21865921	-	587	1	1	1	intronic	intronic_sense	clone-based (unnamed)	FALSE	FALSE	TRUE	TRUE	TRUE	FALSE	FALSE			DNAJC1	DNAJC1			DNAJC1	0	TRUE	purple	0.4896	0.2818	0.2818	0.0091113	0.3801	0.2741	0.4051
ENSG00000269978.1	AL359881.1	ENSG00000269978.1	lncRNA	chr1	7700704	7700970	-	267	1	1	1	intronic	intronic_antisense	clone-based (unnamed)	FALSE	FALSE	TRUE	FALSE	FALSE	TRUE	FALSE			CAMTA1	CAMTA1			CAMTA1	0	FALSE	turquoise	0.4306	0.6029	0.6029	0.02967	0.6983	0.6406	0.6145
ENSG00000270035.1	AL359881.2	ENSG00000270035.1	lncRNA	chr1	7698303	7698872	-	570	1	1	1	intronic	intronic_antisense	clone-based (unnamed)	FALSE	FALSE	TRUE	FALSE	FALSE	TRUE	FALSE			CAMTA1	CAMTA1			CAMTA1	0	FALSE	turquoise	0.4491	0.4687	0.4687	0.012015	0.308	0.3245	0.2583
ENSG00000273058.2	AL359921.2	ENSG00000273058.2	lncRNA	chr1	236536162	236536704	-	543	1	1	1	intronic	intronic_antisense	clone-based (unnamed)	FALSE	FALSE	TRUE	FALSE	FALSE	TRUE	FALSE			LGALS8	LGALS8			LGALS8	0	FALSE	purple	0.5927	0.5396	0.5396	0.030037	1.4057	0.5166	0.9843
ENSG00000273160.1	AL359962.2	ENSG00000273160.1	lncRNA	chr1	167457742	167459891	-	2150	1	2	2	intronic	intronic_sense	clone-based (unnamed)	FALSE	FALSE	TRUE	TRUE	TRUE	FALSE	FALSE			CD247	CD247			CD247	0	TRUE	brown	0.3223	0.1963	0.1963	0.0081606	0.6041	0.3711	0.6986
ENSG00000229832.1	AL360091.1	ENSG00000229832.1	lncRNA	chr1	212357418	212358353	+	936	1	2	2	intronic	intronic_sense	clone-based (unnamed)	FALSE	FALSE	TRUE	TRUE	TRUE	FALSE	FALSE			PPP2R5A	PPP2R5A			PPP2R5A	0	TRUE	grey	-0.0016	0.7456	0.7456	0.012928	0.2913	0.2483	0.2975
ENSG00000235245.1	AL360181.2	ENSG00000235245.1	lncRNA	chr10	133295187	133295977	-	791	1	3	3	intronic	intronic_sense	clone-based (unnamed)	FALSE	FALSE	TRUE	TRUE	TRUE	FALSE	FALSE			TUBGCP2	TUBGCP2			TUBGCP2	0	TRUE	black	0.636	0.8276	0.8276	0.053018	1.4842	0.748	0.9413
ENSG00000273264.1	AL360219.1	ENSG00000273264.1	lncRNA	chr1	85467295	85467660	+	366	1	1	1	intronic	intronic_antisense	clone-based (unnamed)	FALSE	FALSE	TRUE	FALSE	FALSE	TRUE	FALSE			DDAH1	DDAH1			DDAH1	0	FALSE	purple	0.4712	0.1212	0.1212	0.014686	1.2	0.5868	0.9393
ENSG00000269887.1	AL391001.1	ENSG00000269887.1	lncRNA	chr1	164680085	164680799	+	715	1	1	1	intronic	intronic_sense	clone-based (unnamed)	FALSE	FALSE	TRUE	TRUE	TRUE	FALSE	FALSE			PBX1	PBX1			PBX1	0	TRUE	grey	-0.3399	0.0316	0.0316	0.0012662	0.4653	0.379	0.4775
ENSG00000276573.1	AL442067.1	ENSG00000276573.1	lncRNA	chr13	97435946	97436168	+	223	1	1	1	intronic	intronic_sense	clone-based (unnamed)	FALSE	FALSE	TRUE	TRUE	TRUE	FALSE	FALSE			RAP2A	RAP2A			RAP2A	0	TRUE	grey	-0.0608	0.3608	0.3608	0.0064907	0.3605	0.2307	0.4325
ENSG00000276248.1	AL442125.1	ENSG00000276248.1	lncRNA	chr13	113527260	113530621	+	3362	1	1	1	intronic	intronic_sense	clone-based (unnamed)	FALSE	FALSE	TRUE	TRUE	TRUE	FALSE	FALSE			TMCO3	TMCO3			TMCO3	0	TRUE	black	0.3863	0.7724	0.7724	0.0089522	0.2823	0.1735	0.227
ENSG00000276916.1	AL442125.2	ENSG00000276916.1	lncRNA	chr13	113511747	113514473	+	2727	1	2	2	intronic	intronic_sense	clone-based (unnamed)	FALSE	FALSE	TRUE	TRUE	TRUE	FALSE	FALSE			TMCO3	TMCO3			TMCO3	0	TRUE	green	0.4207	0.5445	0.5445	0.0087451	0.3425	0.2252	0.3992
ENSG00000271833.1	AL445222.1	ENSG00000271833.1	lncRNA	chr9	127366770	127367397	+	628	1	1	1	intronic	intronic_sense	clone-based (unnamed)	FALSE	FALSE	TRUE	TRUE	TRUE	FALSE	FALSE			GARNL3	GARNL3			GARNL3	0	TRUE	brown	0.4678	0.5691	0.5691	0.019299	0.7236	0.3588	0.8395
ENSG00000272823.1	AL445423.1	ENSG00000272823.1	lncRNA	chr1	220828676	220829211	-	536	1	1	1	intronic	intronic_antisense	clone-based (unnamed)	FALSE	FALSE	TRUE	FALSE	FALSE	TRUE	FALSE			AL445423.3	AL445423.3			AL445423.3	0	FALSE	red	0.3789	0.0146	0.0146	0.0013659	0.4749	0.3283	0.5577
ENSG00000224992.2	AL445645.1	ENSG00000224992.2	lncRNA	chr9	132768965	132770212	-	1248	1	2	2	intronic	intronic_sense	clone-based (unnamed)	FALSE	FALSE	TRUE	TRUE	TRUE	FALSE	FALSE			AK8	AK8			AK8	0	TRUE	brown	0.5454	0.369	0.369	0.008196	0.3546	0.2312	0.3836
ENSG00000225527.1	AL450384.1	ENSG00000225527.1	lncRNA	chr10	18531849	18533336	-	1488	1	2	2	intronic	intronic_antisense	clone-based (unnamed)	FALSE	FALSE	TRUE	FALSE	FALSE	TRUE	FALSE			CACNB2	CACNB2			CACNB2	0	FALSE	grey	-0.1469	0.7216	0.7216	0.013685	0.3292	0.2533	0.3581
ENSG00000240219.1	AL512306.2	ENSG00000240219.1	lncRNA	chr1	204626775	204629712	+	2938	1	2	2	intronic	intronic_antisense	clone-based (unnamed)	FALSE	FALSE	TRUE	FALSE	FALSE	TRUE	FALSE			LRRN2	LRRN2			LRRN2	0	FALSE	turquoise	0.4484	0.7671	0.7671	0.020695	0.3712	0.3237	0.3953
ENSG00000274001.1	AL512506.1	ENSG00000274001.1	lncRNA	chr13	43877715	43878163	-	449	1	1	1	intronic	intronic_sense	clone-based (unnamed)	FALSE	FALSE	TRUE	TRUE	TRUE	FALSE	FALSE			CCDC122	CCDC122			CCDC122	0	TRUE	grey	-0.1299	0.7097	0.7097	0.012743	0.2407	0.2175	0.2172
ENSG00000275485.1	AL512652.1	ENSG00000275485.1	lncRNA	chr13	20768876	20769375	-	500	1	1	1	intronic	intronic_sense	clone-based (unnamed)	FALSE	FALSE	TRUE	TRUE	TRUE	FALSE	FALSE			EEF1AKMT1	EEF1AKMT1			EEF1AKMT1	0	TRUE	turquoise	0.5612	0.6943	0.6943	0.014559	0.2912	0.2391	0.3014
ENSG00000270115.1	AL513327.2	ENSG00000270115.1	lncRNA	chr1	33261212	33261680	+	469	1	1	1	intronic	intronic_sense	clone-based (unnamed)	FALSE	FALSE	TRUE	TRUE	TRUE	FALSE	FALSE			ZNF362	ZNF362			ZNF362	0	TRUE	green	0.4209	0.7121	0.7121	0.010611	0.2447	0.1962	0.2446
ENSG00000272420.1	AL513477.2	ENSG00000272420.1	lncRNA	chr1	2363061	2363628	-	568	1	1	1	intronic	intronic_sense	clone-based (unnamed)	FALSE	FALSE	TRUE	TRUE	TRUE	FALSE	FALSE			MORN1	MORN1			MORN1	0	TRUE	purple	0.6749	0.5781	0.5781	0.026805	0.784	0.459	0.8102
ENSG00000272161.1	AL589739.1	ENSG00000272161.1	lncRNA	chr1	2326201	2326693	-	493	1	1	1	intronic	intronic_sense	clone-based (unnamed)	FALSE	FALSE	TRUE	TRUE	TRUE	FALSE	FALSE			MORN1	MORN1			MORN1	0	TRUE	turquoise	0.3294	0.5192	0.5192	0.012121	0.2556	0.2369	0.225
ENSG00000228686.2	AL590723.1	ENSG00000228686.2	lncRNA	chr1	176017277	176018760	+	1484	1	2	2	intronic	intronic_antisense	clone-based (unnamed)	FALSE	FALSE	TRUE	FALSE	FALSE	TRUE	FALSE			COP1	COP1			COP1	0	FALSE	grey	0.0548	0.3627	0.3627	0.0034585	0.2713	0.1575	0.2016
ENSG00000267834.1	AL592211.1	ENSG00000267834.1	lncRNA	chr9	129004502	129004998	-	497	1	1	1	intronic	intronic_antisense	clone-based (unnamed)	FALSE	FALSE	TRUE	FALSE	FALSE	TRUE	FALSE			NUP188	NUP188			NUP188	0	FALSE	black	0.5781	0.7962	0.7962	0.016237	0.2696	0.2545	0.2935
ENSG00000272574.1	AL596325.2	ENSG00000272574.1	lncRNA	chr1	162593103	162593754	+	652	1	2	2	intronic	intronic_sense	clone-based (unnamed)	FALSE	FALSE	TRUE	TRUE	TRUE	FALSE	FALSE			UAP1	UAP1			UAP1	0	TRUE	green	0.4028	0.7204	0.7204	0.023325	0.7095	0.4952	0.6947
ENSG00000269906.1	AL606834.1	ENSG00000269906.1	lncRNA	chr14	50662511	50663178	-	668	1	1	1	intronic	intronic_sense	clone-based (unnamed)	FALSE	FALSE	TRUE	TRUE	TRUE	FALSE	FALSE			SAV1	SAV1			SAV1	0	TRUE	magenta	0.524	0.068	0.068	-0.00083983	1.0331	0.3874	0.9902
ENSG00000270062.1	AL606834.2	ENSG00000270062.1	lncRNA	chr14	50723777	50724272	-	496	1	1	1	intronic	intronic_sense	clone-based (unnamed)	FALSE	FALSE	TRUE	TRUE	TRUE	FALSE	FALSE			NIN	NIN			NIN	0	TRUE	yellow	0.4288	0.2732	0.2732	0.0070442	0.9879	0.35	0.9726
ENSG00000224417.2	AL606970.1	ENSG00000224417.2	lncRNA	chr6	168298069	168302114	-	4046	1	2	2	intronic	intronic_sense	clone-based (unnamed)	FALSE	FALSE	TRUE	TRUE	TRUE	FALSE	FALSE			DACT2	DACT2			DACT2	0	TRUE	grey	0.0415	-0.0131	0.0131	-0.0028111	0.609	0.5566	0.5519
ENSG00000224969.1	AL645608.1	ENSG00000224969.1	lncRNA	chr1	1011997	1013193	-	1197	1	2	2	intronic	intronic_antisense	clone-based (unnamed)	FALSE	FALSE	TRUE	FALSE	FALSE	TRUE	FALSE			ISG15	ISG15	ISG15	304	ISG15	0	FALSE	salmon	0.4602	0.6713	0.6713	0.01463	0.2757	0.2578	0.2681
ENSG00000286974.1	AL662884.5	ENSG00000286974.1	lncRNA	chr6	32108406	32112849	+	4444	1	2	2	intronic	intronic_antisense	clone-based (unnamed)	FALSE	FALSE	TRUE	FALSE	FALSE	TRUE	FALSE			TNXB	TNXB			TNXB	0	FALSE	green	0.5369	0.7306	0.7306	0.01326	0.2923	0.221	0.3053
ENSG00000236095.1	AL807757.2	ENSG00000236095.1	lncRNA	chr9	94900429	94904754	+	4326	1	3	3	intronic	intronic_sense	clone-based (unnamed)	FALSE	FALSE	TRUE	TRUE	TRUE	FALSE	FALSE			AOPEP	AOPEP			AOPEP	0	TRUE	grey	0.1241	0.6138	0.6138	0.0096425	0.2339	0.2159	0.2016
ENSG00000273027.1	AL844908.2	ENSG00000273027.1	lncRNA	chr21	44929653	44930112	-	460	1	1	1	intronic	intronic_sense	clone-based (unnamed)	FALSE	FALSE	TRUE	TRUE	TRUE	FALSE	FALSE			ITGB2	ITGB2			ITGB2	0	TRUE	purple	0.4759	0.1218	0.1218	0.0075872	0.5191	0.3107	0.6673
ENSG00000251602.7	AL928654.1	ENSG00000251602.7	lncRNA	chr14	105416884	105419739	-	2856	4	3	3	intronic	intronic_antisense	clone-based (unnamed)	FALSE	FALSE	TRUE	FALSE	FALSE	TRUE	FALSE			TEX22	TEX22	MTA1	81	TEX22	0	FALSE	cyan	0.5505	0.1425	0.1425	0.0044952	0.8832	0.3406	0.955
ENSG00000229487.1	ALG13-AS1	ENSG00000229487.1	lncRNA	chrX	111706649	111711101	-	4453	1	2	2	intronic	intronic_antisense	antisense	FALSE	FALSE	TRUE	FALSE	FALSE	TRUE	FALSE			ALG13	ALG13			ALG13	0	FALSE	green	0.4772	0.7614	0.7614	0.028732	0.868	0.5039	0.8141
ENSG00000230002.3	ALMS1-IT1	ENSG00000230002.3	lncRNA	chr2	73456764	73459482	+	2719	1	2	2	intronic	intronic_sense	intronic	FALSE	FALSE	TRUE	TRUE	TRUE	FALSE	FALSE			ALMS1	ALMS1			ALMS1	0	TRUE	grey	0.1064	0.4063	0.4063	0.0032222	0.302	0.1975	0.225
ENSG00000229152.2	ANKRD10-IT1	ENSG00000229152.2	lncRNA	chr13	110894639	110899172	-	4534	1	2	2	intronic	intronic_sense	intronic	FALSE	FALSE	TRUE	TRUE	TRUE	FALSE	FALSE			ANKRD10	ANKRD10			ANKRD10	0	TRUE	black	0.584	0.9	0.9	0.058965	2.82	0.8677	0.998
ENSG00000273464.1	AP000238.1	ENSG00000273464.1	lncRNA	chr21	29657406	29657831	+	426	1	1	1	intronic	intronic_antisense	clone-based (unnamed)	FALSE	FALSE	TRUE	FALSE	FALSE	TRUE	FALSE			GRIK1	GRIK1			GRIK1	0	FALSE	purple	0.474	0.4833	0.4833	0.011381	0.3713	0.2762	0.4012
ENSG00000273017.1	AP000240.1	ENSG00000273017.1	lncRNA	chr21	29359002	29359453	+	452	1	1	1	intronic	intronic_sense	clone-based (unnamed)	FALSE	FALSE	TRUE	TRUE	TRUE	FALSE	FALSE			BACH1	BACH1			BACH1	0	TRUE	purple	0.5971	0.3795	0.3795	0.015276	0.8134	0.486	0.8454
ENSG00000273271.1	AP000254.2	ENSG00000273271.1	lncRNA	chr21	31666728	31667247	-	520	1	1	1	intronic	intronic_antisense	clone-based (unnamed)	FALSE	FALSE	TRUE	FALSE	FALSE	TRUE	FALSE			SOD1	SOD1			SOD1	0	FALSE	purple	0.7862	0.4552	0.4552	0.023652	1.8852	0.4875	1
ENSG00000228923.1	AP000355.1	ENSG00000228923.1	lncRNA	chr22	24516508	24518386	+	1879	1	2	2	intronic	intronic_sense	clone-based (unnamed)	FALSE	FALSE	TRUE	TRUE	TRUE	FALSE	FALSE			UPB1	UPB1			UPB1	0	TRUE	blue	0.5897	0.5854	0.5854	0.043908	1.164	0.7949	0.8082
ENSG00000254477.2	AP000640.1	ENSG00000254477.2	lncRNA	chr11	59752578	59754975	-	2398	2	2	2	intronic	intronic_antisense	clone-based (unnamed)	FALSE	FALSE	TRUE	FALSE	FALSE	TRUE	FALSE			STX3	STX3	STX3	401	STX3	0	FALSE	tan	0.4148	0.4602	0.4602	0.007637	0.3954	0.2568	0.4423
ENSG00000255893.1	AP000786.1	ENSG00000255893.1	lncRNA	chr11	94472908	94473570	-	663	1	2	2	intronic	intronic_sense	clone-based (unnamed)	FALSE	FALSE	TRUE	TRUE	TRUE	FALSE	FALSE			MRE11	MRE11			MRE11	0	TRUE	green	0.3611	0.5114	0.5114	0.012077	0.3901	0.3322	0.3992
ENSG00000238117.1	AP000844.2	ENSG00000238117.1	lncRNA	chr11	131877680	131897108	-	19429	1	2	2	intronic	intronic_antisense	clone-based (unnamed)	FALSE	FALSE	TRUE	FALSE	FALSE	TRUE	FALSE			NTM	NTM			NTM	0	FALSE	grey	0.3964	0.0861	0.0861	-0.003097	0.4177	0.6733	0.2701
ENSG00000272788.1	AP000864.1	ENSG00000272788.1	lncRNA	chr18	8801656	8802305	+	650	1	1	1	intronic	intronic_sense	clone-based (unnamed)	FALSE	FALSE	TRUE	TRUE	TRUE	FALSE	FALSE			MTCL1	MTCL1			MTCL1	0	TRUE	grey	0.045	0.3712	0.3712	0.018433	0.5661	0.5907	0.5088
ENSG00000279342.2	AP000866.6	ENSG00000279342.2	lncRNA	chr11	124789240	124792818	-	3579	2	1	1	intronic	intronic_sense	clone-based (unnamed)	FALSE	FALSE	TRUE	TRUE	TRUE	FALSE	FALSE			MSANTD2	MSANTD2			MSANTD2	0	TRUE	black	0.4192	0.8707	0.8707	0.015431	0.3762	0.2401	0.4266
ENSG00000276505.1	AP000892.3	ENSG00000276505.1	lncRNA	chr11	117297005	117297328	-	324	1	1	1	intronic	intronic_sense	clone-based (unnamed)	FALSE	FALSE	TRUE	TRUE	TRUE	FALSE	FALSE			BACE1	BACE1			BACE1	0	TRUE	turquoise	0.4414	0.6591	0.6591	0.014482	0.3244	0.2572	0.3718
ENSG00000266767.1	AP000897.2	ENSG00000266767.1	lncRNA	chr18	7741310	7754831	-	13522	2	5	4	intronic	intronic_antisense	clone-based (unnamed)	FALSE	FALSE	TRUE	FALSE	FALSE	TRUE	FALSE			PTPRM	PTPRM	PTPRM	142	PTPRM	0	FALSE	cyan	0.527	0.0223	0.0223	0.0003589	0.4707	0.4223	0.4697
ENSG00000255334.1	AP000907.2	ENSG00000255334.1	lncRNA	chr11	112015307	112016124	+	818	1	2	2	intronic	intronic_sense	clone-based (unnamed)	FALSE	FALSE	TRUE	TRUE	TRUE	FALSE	FALSE			DIXDC1	DIXDC1			DIXDC1	0	TRUE	green	0.3522	0.6242	0.6242	0.017988	0.4221	0.3528	0.4384
ENSG00000255176.1	AP000941.1	ENSG00000255176.1	lncRNA	chr11	118636620	118638097	+	1478	1	2	2	intronic	intronic_sense	clone-based (unnamed)	FALSE	FALSE	TRUE	TRUE	TRUE	FALSE	FALSE			PHLDB1	PHLDB1			PHLDB1	0	TRUE	black	0.5191	0.7822	0.7822	0.018182	0.4257	0.3211	0.456
ENSG00000273284.1	AP001033.2	ENSG00000273284.1	lncRNA	chr18	9259388	9260390	+	1003	1	1	1	intronic	intronic_sense	clone-based (unnamed)	FALSE	FALSE	TRUE	TRUE	TRUE	FALSE	FALSE			ANKRD12	ANKRD12			ANKRD12	0	TRUE	magenta	0.342	0.6197	0.6197	0.014252	0.6951	0.3515	0.8337
ENSG00000265413.1	AP001094.2	ENSG00000265413.1	lncRNA	chr18	8402847	8405161	+	2315	1	1	1	intronic	intronic_sense	clone-based (unnamed)	FALSE	FALSE	TRUE	TRUE	TRUE	FALSE	FALSE			PTPRM	PTPRM			PTPRM	0	TRUE	green	0.4014	0.7553	0.7553	0.025723	0.6622	0.4006	0.7143
ENSG00000269463.1	AP001160.4	ENSG00000269463.1	lncRNA	chr11	62807682	62808063	-	382	1	1	1	intronic	intronic_sense	clone-based (unnamed)	FALSE	FALSE	TRUE	TRUE	TRUE	FALSE	FALSE			STX5	STX5			STX5	0	TRUE	turquoise	0.457	0.7318	0.7318	0.024169	0.4929	0.3959	0.5264
ENSG00000266955.1	AP001269.1	ENSG00000266955.1	lncRNA	chr18	11993988	11994938	-	951	1	2	2	intronic	intronic_antisense	clone-based (unnamed)	FALSE	FALSE	TRUE	FALSE	FALSE	TRUE	FALSE			IMPA2	IMPA2			IMPA2	0	FALSE	blue	0.4337	0.4262	0.4262	0.0077562	0.2175	0.1887	0.1898
ENSG00000227726.1	AP001271.1	ENSG00000227726.1	lncRNA	chr11	70477277	70477592	-	316	1	2	2	intronic	intronic_sense	clone-based (unnamed)	FALSE	FALSE	TRUE	TRUE	TRUE	FALSE	FALSE			SHANK2	SHANK2			SHANK2	0	TRUE	green	0.4	0.4916	0.4916	0.013485	0.5352	0.4114	0.5734
ENSG00000250659.2	AP001363.1	ENSG00000250659.2	lncRNA	chr11	62537312	62542018	+	4707	1	2	2	intronic	intronic_antisense	clone-based (unnamed)	FALSE	FALSE	TRUE	FALSE	FALSE	TRUE	FALSE			AHNAK	AHNAK			AHNAK	0	FALSE	grey	0.0061	0.595	0.595	0.01853	0.4638	0.4107	0.4775
ENSG00000257058.1	AP001363.2	ENSG00000257058.1	lncRNA	chr11	62545999	62547699	+	1701	1	2	2	intronic	intronic_antisense	clone-based (unnamed)	FALSE	FALSE	TRUE	FALSE	FALSE	TRUE	FALSE			AHNAK	AHNAK	AHNAK	312	AHNAK	0	FALSE	pink	0.6125	0.0343	0.0343	0.0073918	0.6055	0.3844	0.6967
ENSG00000226012.1	AP001434.1	ENSG00000226012.1	lncRNA	chr21	38237217	38238201	-	985	1	2	2	intronic	intronic_antisense	clone-based (unnamed)	FALSE	FALSE	TRUE	FALSE	FALSE	TRUE	FALSE			KCNJ15	KCNJ15			KCNJ15	0	FALSE	grey	-0.0278	-0.0511	0.0511	-0.00033427	0.5182	0.356	0.5988
ENSG00000228137.1	AP001469.2	ENSG00000228137.1	lncRNA	chr21	46246890	46247682	+	793	1	2	2	intronic	intronic_antisense	clone-based (unnamed)	FALSE	FALSE	TRUE	FALSE	FALSE	TRUE	FALSE			MCM3AP	MCM3AP			MCM3AP	0	FALSE	green	0.4453	0.7336	0.7336	0.015246	0.3568	0.2683	0.409
ENSG00000255471.1	AP001528.1	ENSG00000255471.1	lncRNA	chr11	86892214	86925037	-	32824	2	4	3	intronic	intronic_antisense	clone-based (unnamed)	FALSE	FALSE	TRUE	FALSE	FALSE	TRUE	FALSE			PRSS23	PRSS23			PRSS23	0	FALSE	cyan	0.4461	-0.0055	0.0055	0.0012557	1.9823	0.6274	0.9863
ENSG00000235772.1	AP001625.2	ENSG00000235772.1	lncRNA	chr21	42560374	42561934	-	1561	1	2	2	intronic	intronic_antisense	clone-based (unnamed)	FALSE	FALSE	TRUE	FALSE	FALSE	TRUE	FALSE			SLC37A1	SLC37A1			SLC37A1	0	FALSE	salmon	0.605	0.4368	0.4368	0.021913	0.894	0.4987	0.8395
ENSG00000255337.1	AP001830.1	ENSG00000255337.1	lncRNA	chr11	102452919	102462008	+	9090	1	2	2	intronic	intronic_antisense	clone-based (unnamed)	FALSE	FALSE	TRUE	FALSE	FALSE	TRUE	FALSE			TMEM123	TMEM123	TMEM123	80	TMEM123	0	FALSE	pink	0.5748	0.4137	0.4137	0.025382	1.4189	0.5337	0.9863
ENSG00000254694.1	AP001893.1	ENSG00000254694.1	lncRNA	chr11	126208611	126209027	-	417	1	2	2	intronic	intronic_sense	clone-based (unnamed)	FALSE	FALSE	TRUE	TRUE	TRUE	FALSE	FALSE			RPUSD4	RPUSD4			RPUSD4	0	TRUE	green	0.6155	0.7101	0.7101	0.016551	0.4143	0.3071	0.4716
ENSG00000255434.1	AP001922.6	ENSG00000255434.1	lncRNA	chr11	75596144	75597270	-	1127	1	2	2	intronic	intronic_sense	clone-based (unnamed)	FALSE	FALSE	TRUE	TRUE	TRUE	FALSE	FALSE			MAP6	MAP6			MAP6	0	TRUE	red	0.5881	-0.0303	0.0303	-2.9096e-05	0.7682	0.2895	0.9217
ENSG00000254682.1	AP002387.1	ENSG00000254682.1	lncRNA	chr11	71448674	71452157	+	3484	1	2	2	intronic	intronic_antisense	clone-based (unnamed)	FALSE	FALSE	TRUE	FALSE	FALSE	TRUE	FALSE			DHCR7	DHCR7	DHCR7	281	DHCR7	0	FALSE	pink	0.3922	0.0469	0.0469	0.010333	1.9639	0.6435	0.9922
ENSG00000254675.1	AP003032.1	ENSG00000254675.1	lncRNA	chr11	78022933	78023721	+	789	1	2	2	intronic	intronic_antisense	clone-based (unnamed)	FALSE	FALSE	TRUE	FALSE	FALSE	TRUE	FALSE			NDUFC2-KCTD14;KCTD14	KCTD14;NDUFC2-KCTD14			NDUFC2-KCTD14	0	FALSE	pink	0.4004	0.1922	0.1922	0.0055973	0.2333	0.2384	0.2153
ENSG00000255100.1	AP003119.2	ENSG00000255100.1	lncRNA	chr11	76782581	76783062	-	482	3	2	2	intronic	intronic_antisense	clone-based (unnamed)	FALSE	FALSE	TRUE	FALSE	FALSE	TRUE	FALSE			TSKU	TSKU	TSKU	294	TSKU	0	FALSE	greenyellow	0.4896	-0.0272	0.0272	-0.002842	0.4968	0.4547	0.4834
ENSG00000256452.1	AP003170.3	ENSG00000256452.1	lncRNA	chr11	113818077	113822458	+	4382	1	3	3	intronic	intronic_antisense	clone-based (unnamed)	FALSE	FALSE	TRUE	FALSE	FALSE	TRUE	FALSE			USP28	USP28			USP28	0	FALSE	grey	-0.0348	0.6637	0.6637	0.018103	0.3858	0.3406	0.4344
ENSG00000254428.1	AP003392.1	ENSG00000254428.1	lncRNA	chr11	119003742	119004893	-	1152	1	2	2	intronic	intronic_antisense	clone-based (unnamed)	FALSE	FALSE	TRUE	FALSE	FALSE	TRUE	FALSE			CENATAC	CENATAC			CENATAC	0	FALSE	green	0.7321	0.8446	0.8446	0.047028	1.2502	0.7255	0.8826
ENSG00000274251.1	AP003419.2	ENSG00000274251.1	lncRNA	chr11	67353629	67354348	+	720	1	2	2	intronic	intronic_sense	clone-based (unnamed)	FALSE	FALSE	TRUE	TRUE	TRUE	TRUE	FALSE			POLD4;AP003419.1;RAD9A	RAD9A;POLD4;AP003419.1	POLD4	34	AP003419.1	0	FALSE	grey	-0.0161	0.5982	0.5982	0.0081933	0.2404	0.1721	0.2035
ENSG00000275484.1	AP003419.3	ENSG00000275484.1	lncRNA	chr11	67374416	67374932	+	517	1	1	1	intronic	intronic_sense	clone-based (unnamed)	FALSE	FALSE	TRUE	TRUE	TRUE	FALSE	FALSE			RAD9A	RAD9A	CLCF1	239	RAD9A	0	TRUE	turquoise	0.6701	0.7254	0.7254	0.026665	0.5439	0.4065	0.5773
ENSG00000267366.1	AP005131.2	ENSG00000267366.1	lncRNA	chr18	13500641	13501289	-	649	1	2	2	intronic	intronic_antisense	clone-based (unnamed)	FALSE	FALSE	TRUE	FALSE	FALSE	TRUE	FALSE			LDLRAD4	LDLRAD4			LDLRAD4	0	FALSE	grey	0.2058	0.4226	0.4226	0.0098364	0.3389	0.2586	0.362
ENSG00000266783.1	AP005136.3	ENSG00000266783.1	lncRNA	chr18	2561172	2562220	-	1049	1	1	1	intronic	intronic_sense	clone-based (unnamed)	FALSE	FALSE	TRUE	TRUE	TRUE	FALSE	FALSE			METTL4	METTL4			METTL4	0	TRUE	grey	-0.211	0.473	0.473	0.0065033	0.3078	0.1629	0.2857
ENSG00000267249.1	AP005482.2	ENSG00000267249.1	lncRNA	chr18	12670426	12671145	-	720	1	1	1	intronic	intronic_sense	clone-based (unnamed)	FALSE	FALSE	TRUE	TRUE	TRUE	TRUE	FALSE			PSMG2;CEP76	PSMG2;CEP76			CEP76	0	TRUE	grey	-0.0446	0.279	0.279	0.0060911	0.85	0.2455	0.9824
ENSG00000263847.1	AP005899.1	ENSG00000263847.1	lncRNA	chr18	9112404	9115877	-	3474	1	2	2	intronic	intronic_antisense	clone-based (unnamed)	FALSE	FALSE	TRUE	FALSE	FALSE	TRUE	FALSE			NDUFV2	NDUFV2			NDUFV2	0	FALSE	green	0.4977	0.8054	0.8054	0.028304	0.742	0.4486	0.7593
ENSG00000250397.2	AP006623.1	ENSG00000250397.2	lncRNA	chr11	856880	859795	-	2916	1	2	2	intronic	intronic_antisense	clone-based (unnamed)	FALSE	FALSE	TRUE	FALSE	FALSE	TRUE	FALSE			TSPAN4	TSPAN4			TSPAN4	0	FALSE	black	0.6129	0.8305	0.8305	0.038471	0.8047	0.5374	0.7221
ENSG00000241155.1	ARHGAP31-AS1	ENSG00000241155.1	lncRNA	chr3	119314293	119322760	-	8468	1	2	2	intronic	intronic_antisense	antisense	FALSE	FALSE	TRUE	FALSE	FALSE	TRUE	FALSE			ARHGAP31	ARHGAP31			ARHGAP31	0	FALSE	tan	0.5252	0.2609	0.2609	0.0063953	0.7507	0.3161	0.8924
ENSG00000230290.1	ARMC2-AS1	ENSG00000230290.1	lncRNA	chr6	108922976	108924103	-	1128	1	2	2	intronic	intronic_antisense	antisense	FALSE	FALSE	TRUE	FALSE	FALSE	TRUE	FALSE			ARMC2	ARMC2			ARMC2	0	FALSE	grey	0.0885	0.5312	0.5312	0.014078	0.35	0.3395	0.4149
ENSG00000244124.1	ATP1B3-AS1	ENSG00000244124.1	lncRNA	chr3	141918252	141919021	-	770	1	2	2	intronic	intronic_antisense	antisense	FALSE	FALSE	TRUE	FALSE	FALSE	TRUE	FALSE			ATP1B3	ATP1B3			ATP1B3	0	FALSE	grey	-0.0347	0.7041	0.7041	0.022121	0.643	0.5215	0.6419
ENSG00000248476.1	BACH1-IT1	ENSG00000248476.1	lncRNA	chr21	29351634	29361894	+	10261	1	4	4	intronic	intronic_sense	intronic	FALSE	FALSE	TRUE	TRUE	TRUE	FALSE	FALSE			BACH1	BACH1			BACH1	0	TRUE	grey	0.1015	0.6435	0.6435	0.0089407	0.4155	0.2028	0.5284
ENSG00000236559.1	BCL2L1-AS1	ENSG00000236559.1	lncRNA	chr20	31686216	31716825	+	30610	1	2	2	intronic	intronic_antisense	antisense	FALSE	FALSE	TRUE	FALSE	FALSE	TRUE	FALSE			BCL2L1	BCL2L1			BCL2L1	0	FALSE	yellow	0.4042	0.5709	0.5709	0.0091074	0.2865	0.2192	0.2661
ENSG00000234779.1	BNC2-AS1	ENSG00000234779.1	lncRNA	chr9	16726814	16727524	+	711	1	3	3	intronic	intronic_antisense	antisense	FALSE	FALSE	TRUE	FALSE	FALSE	TRUE	FALSE			BNC2	BNC2			BNC2	0	FALSE	brown	0.5127	0.1279	0.1279	0.01957	1.4376	0.8149	0.9061
ENSG00000255568.3	BRWD1-AS2	ENSG00000255568.3	lncRNA	chr21	39313935	39314962	+	1028	1	1	1	intronic	intronic_antisense	antisense	FALSE	FALSE	TRUE	FALSE	FALSE	TRUE	FALSE			BRWD1	BRWD1	BRWD1	116	BRWD1	0	FALSE	brown	0.6351	0.0954	0.0954	0.0038043	0.3948	0.2018	0.4481
ENSG00000238142.2	BX284668.5	ENSG00000238142.2	lncRNA	chr1	16887577	16889706	-	2130	7	1	2	intronic	intronic_antisense	clone-based (unnamed)	FALSE	FALSE	TRUE	FALSE	FALSE	TRUE	FALSE			CROCC	CROCC			CROCC	0	FALSE	brown	0.3393	0.1167	0.1167	0.0046007	0.4539	0.2433	0.5851
ENSG00000205559.5	CHKB-DT	ENSG00000205559.5	lncRNA	chr22	50583026	50595634	+	12609	8	7	5	intronic	intronic_antisense	divergent	FALSE	FALSE	TRUE	FALSE	FALSE	TRUE	FALSE			CHKB	CHKB	CHKB-CPT1B	61	CHKB	0	FALSE	brown	0.4138	0.4923	0.4923	0.0078899	0.4872	0.2199	0.6458
ENSG00000234601.1	CHRM3-AS1	ENSG00000234601.1	lncRNA	chr1	239898016	239899872	-	1857	1	2	2	intronic	intronic_antisense	antisense	FALSE	FALSE	TRUE	FALSE	FALSE	TRUE	FALSE			CHRM3	CHRM3			CHRM3	0	FALSE	grey	0.1251	0.1977	0.1977	0.008599	0.3685	0.3816	0.3816
ENSG00000273311.1	DGCR11	ENSG00000273311.1	lncRNA	chr22	19046162	19048375	-	2214	1	1	1	intronic	intronic_sense	other	FALSE	FALSE	TRUE	TRUE	TRUE	FALSE	FALSE			DGCR2	DGCR2			DGCR2	0	TRUE	grey	-0.141	0.149	0.149	0.0040764	0.9943	0.2891	0.9883
ENSG00000223571.6	DHRSX-IT1	ENSG00000223571.6	lncRNA	chrX	2334295	2336410	-	2116	1	2	2	intronic	intronic_sense	intronic	FALSE	FALSE	TRUE	TRUE	TRUE	FALSE	FALSE			DHRSX	DHRSX			DHRSX	0	TRUE	grey	0.0323	0.2583	0.2583	0.0036749	0.2943	0.1878	0.2818
ENSG00000177337.8	DLGAP1-AS1	ENSG00000177337.8	lncRNA	chr18	3593732	3598363	+	4632	7	4	4	intronic	intronic_antisense	antisense	FALSE	FALSE	TRUE	FALSE	FALSE	TRUE	FALSE			DLGAP1	DLGAP1			DLGAP1	0	FALSE	brown	0.4889	0.2911	0.2911	0.016049	2.0033	0.4884	1
ENSG00000262001.1	DLGAP1-AS2	ENSG00000262001.1	lncRNA	chr18	3603000	3608336	+	5337	2	2	2	intronic	intronic_antisense	antisense	FALSE	FALSE	TRUE	FALSE	FALSE	TRUE	FALSE			DLGAP1	DLGAP1			DLGAP1	0	FALSE	turquoise	0.5417	0.6558	0.6558	0.019295	0.6714	0.3963	0.7789
ENSG00000230630.5	DNM3OS	ENSG00000230630.5	lncRNA	chr1	172138397	172144840	-	6444	6	3	4	intronic	intronic_antisense	other	FALSE	FALSE	TRUE	FALSE	FALSE	TRUE	FALSE			DNM3	DNM3			DNM3	0	FALSE	red	0.6557	0.2836	0.2836	0.0073559	0.6674	0.4019	0.7476
ENSG00000258897.1	EGLN3-AS1	ENSG00000258897.1	lncRNA	chr14	34040097	34059300	+	19204	1	3	3	intronic	intronic_antisense	antisense	FALSE	FALSE	TRUE	FALSE	FALSE	TRUE	FALSE			EGLN3	EGLN3			EGLN3	0	FALSE	grey	0.0774	0.0227	0.0227	-0.0010529	0.3099	0.3496	0.3131
ENSG00000235947.1	EGOT	ENSG00000235947.1	lncRNA	chr3	4749192	4751590	-	2399	1	2	2	intronic	intronic_antisense	other	FALSE	FALSE	TRUE	FALSE	FALSE	TRUE	FALSE			ITPR1	ITPR1			ITPR1	0	FALSE	blue	0.7197	0.2284	0.2284	0.028255	2.3264	0.972	0.9648
ENSG00000259883.2	EHD4-AS1	ENSG00000259883.2	lncRNA	chr15	41921417	41929286	+	7870	1	4	4	intronic	intronic_antisense	antisense	FALSE	FALSE	TRUE	FALSE	FALSE	TRUE	FALSE			EHD4	EHD4			EHD4	0	FALSE	red	0.4963	0.2232	0.2232	0.0036356	0.2721	0.1621	0.225
ENSG00000269486.2	ERVK9-11	ENSG00000269486.2	lncRNA	chr19	38935297	38938632	-	3336	1	1	1	intronic	intronic_sense	other	FALSE	FALSE	TRUE	TRUE	TRUE	FALSE	FALSE			AC011455.2	AC011455.2			AC011455.2	0	TRUE	blue	0.7086	0.4854	0.4854	0.042193	1.5425	0.7826	0.9413
ENSG00000250486.5	FAM218A	ENSG00000250486.5	lncRNA	chr4	164956948	164959122	+	2175	1	1	1	intronic	intronic_antisense	other	FALSE	FALSE	TRUE	FALSE	FALSE	TRUE	FALSE			TRIM61	TRIM61			TRIM61	0	FALSE	grey	0.2891	0.2982	0.2982	0.007215	0.5865	0.3481	0.6849
ENSG00000272143.1	FGF14-AS2	ENSG00000272143.1	lncRNA	chr13	102394630	102395703	+	1074	1	1	1	intronic	intronic_antisense	antisense	FALSE	FALSE	TRUE	FALSE	FALSE	TRUE	FALSE			FGF14	FGF14			FGF14	0	FALSE	pink	0.6996	-0.0416	0.0416	0.0083704	1.8642	0.6134	0.9941
ENSG00000236337.1	FMR1-IT1	ENSG00000236337.1	lncRNA	chrX	147946941	147947583	+	643	1	2	2	intronic	intronic_sense	intronic	FALSE	FALSE	TRUE	TRUE	TRUE	FALSE	FALSE			FMR1	FMR1			FMR1	0	TRUE	green	0.5802	0.8382	0.8382	0.028854	0.7333	0.4677	0.7123
ENSG00000258920.1	FOXN3-AS1	ENSG00000258920.1	lncRNA	chr14	89417354	89419793	+	2440	1	2	2	intronic	intronic_antisense	antisense	FALSE	FALSE	TRUE	FALSE	FALSE	TRUE	FALSE			FOXN3	FOXN3	FOXN3	121	FOXN3	0	FALSE	tan	0.3524	-0.0298	0.0298	0.003919	1.7486	0.6293	0.998
ENSG00000229901.1	FOXO6-AS1	ENSG00000229901.1	lncRNA	chr1	41375004	41375669	-	666	1	2	2	intronic	intronic_antisense	antisense	FALSE	FALSE	TRUE	FALSE	FALSE	TRUE	FALSE			FOXO6	FOXO6			FOXO6	0	FALSE	salmon	0.5763	0.57	0.57	0.019225	0.3559	0.3593	0.3542
ENSG00000285410.1	GABPB1-IT1	ENSG00000285410.1	lncRNA	chr15	50348936	50354861	-	5926	1	1	1	intronic	intronic_sense	intronic	FALSE	FALSE	TRUE	TRUE	TRUE	FALSE	FALSE			GABPB1	GABPB1			GABPB1	0	TRUE	pink	0.5004	0.502	0.502	0.016729	1.7091	0.3447	1
ENSG00000257698.2	GIHCG	ENSG00000257698.2	lncRNA	chr12	57930115	57936345	-	6231	13	2	4	intronic	intronic_antisense	other	FALSE	FALSE	TRUE	FALSE	FALSE	TRUE	FALSE			ATP23	ATP23			ATP23	0	FALSE	brown	0.5511	0.0249	0.0249	0.0042032	1.3453	0.3852	1
ENSG00000262686.1	GLIS2-AS1	ENSG00000262686.1	lncRNA	chr16	4324667	4328340	-	3674	1	4	4	intronic	intronic_antisense	antisense	FALSE	FALSE	TRUE	FALSE	FALSE	TRUE	FALSE			GLIS2	GLIS2			GLIS2	0	FALSE	pink	0.4895	0.1544	0.1544	0.017081	1.1849	0.614	0.9178
ENSG00000235313.1	HM13-IT1	ENSG00000235313.1	lncRNA	chr20	31563166	31564076	+	911	1	2	2	intronic	intronic_sense	intronic	FALSE	FALSE	TRUE	TRUE	TRUE	FALSE	FALSE			HM13	HM13			HM13	0	TRUE	black	0.5126	0.8231	0.8231	0.034103	0.9454	0.5389	0.8395
ENSG00000239552.2	HOXB-AS2	ENSG00000239552.2	lncRNA	chr17	48557262	48560333	+	3072	1	2	2	intronic	intronic_antisense	antisense	FALSE	FALSE	TRUE	FALSE	FALSE	TRUE	FALSE			HOXB3	HOXB3	HOXB3	319	HOXB3	0	FALSE	green	0.4621	0.5623	0.5623	0.011381	0.4511	0.333	0.4951
ENSG00000250451.5	HOXC-AS1	ENSG00000250451.5	lncRNA	chr12	53999022	54000010	-	989	2	3	2	intronic	intronic_antisense	antisense	FALSE	FALSE	TRUE	FALSE	FALSE	TRUE	FALSE			HOXC6;HOXC9;AC012531.3	AC012531.3;HOXC6;HOXC9	HOXC9	151	HOXC9	0	FALSE	pink	0.6032	0.2877	0.2877	0.024411	1.5055	0.6594	0.9785
ENSG00000231948.2	HS1BP3-IT1	ENSG00000231948.2	lncRNA	chr2	20590775	20592548	-	1774	1	2	2	intronic	intronic_sense	intronic	FALSE	FALSE	TRUE	TRUE	TRUE	FALSE	FALSE			HS1BP3	HS1BP3			HS1BP3	0	TRUE	blue	0.3211	0.1871	0.1871	0.011492	0.9478	0.6756	0.818
ENSG00000203588.3	IGBP1-AS1	ENSG00000203588.3	lncRNA	chrX	70163842	70165206	-	1365	1	2	2	intronic	intronic_antisense	antisense	FALSE	FALSE	TRUE	FALSE	FALSE	TRUE	FALSE			IGBP1	IGBP1			IGBP1	0	FALSE	black	0.5727	0.7907	0.7907	0.019935	0.4229	0.302	0.4912
ENSG00000224975.1	INE1	ENSG00000224975.1	lncRNA	chrX	47204921	47205865	+	945	1	1	1	intronic	intronic_sense	other	FALSE	FALSE	TRUE	TRUE	TRUE	FALSE	FALSE			UBA1	UBA1			UBA1	0	TRUE	black	0.7155	0.8513	0.8513	0.036566	1.2102	0.5538	0.9687
ENSG00000228261.1	ITPRIP-AS1	ENSG00000228261.1	lncRNA	chr10	104323369	104327004	+	3636	1	3	3	intronic	intronic_antisense	antisense	FALSE	FALSE	TRUE	FALSE	FALSE	TRUE	FALSE			ITPRIP	ITPRIP			ITPRIP	0	FALSE	red	0.3758	0.4535	0.4535	0.0063679	0.2391	0.2109	0.2192
ENSG00000237892.1	KLF7-IT1	ENSG00000237892.1	lncRNA	chr2	207120884	207122044	-	1161	1	2	2	intronic	intronic_sense	intronic	FALSE	FALSE	TRUE	TRUE	TRUE	FALSE	FALSE			KLF7	KLF7			KLF7	0	TRUE	green	0.3295	0.4582	0.4582	0.0063229	0.3763	0.2493	0.4149
ENSG00000242522.1	KLHL6-AS1	ENSG00000242522.1	lncRNA	chr3	183548735	183552326	+	3592	1	2	2	intronic	intronic_antisense	antisense	FALSE	FALSE	TRUE	FALSE	FALSE	TRUE	FALSE			KLHL6	KLHL6			KLHL6	0	FALSE	grey	0.2911	-0.0172	0.0172	0.0013059	0.8773	0.6944	0.7162
ENSG00000264707.1	L3MBTL4-AS1	ENSG00000264707.1	lncRNA	chr18	6256747	6260934	+	4188	1	3	3	intronic	intronic_antisense	antisense	FALSE	FALSE	TRUE	FALSE	FALSE	TRUE	FALSE			L3MBTL4	L3MBTL4			L3MBTL4	0	FALSE	yellow	0.6394	0.1296	0.1296	0.0017355	0.4679	0.2459	0.5793
ENSG00000233610.1	LINC00462	ENSG00000233610.1	lncRNA	chr13	48576974	48578088	-	1115	1	2	2	intronic	intronic_antisense	lincRNA (named)	FALSE	FALSE	TRUE	FALSE	FALSE	TRUE	FALSE			RB1	RB1			RB1	0	FALSE	lightcyan	0.7569	-0.0547	0.0547	0.00722	3.3077	1.6722	0.9472
ENSG00000233456.1	LINC01077	ENSG00000233456.1	lncRNA	chr13	48570639	48573317	-	2679	1	2	2	intronic	intronic_antisense	lincRNA (named)	FALSE	FALSE	TRUE	FALSE	FALSE	TRUE	FALSE			RB1	RB1			RB1	0	FALSE	lightcyan	0.7677	0.0577	0.0577	0.015083	2.1949	1.4697	0.8806
ENSG00000231346.5	LINC01160	ENSG00000231346.5	lncRNA	chr1	111599655	111608723	-	9069	3	5	5	intronic	intronic_antisense	lincRNA (named)	FALSE	FALSE	TRUE	FALSE	FALSE	TRUE	FALSE			RAP1A	RAP1A			RAP1A	0	FALSE	turquoise	0.531	0.7301	0.7301	0.012802	0.2837	0.21	0.2701
ENSG00000238078.1	LINC01352	ENSG00000238078.1	lncRNA	chr1	220829255	220832429	+	3175	1	4	4	intronic	intronic_sense	lincRNA (named)	FALSE	FALSE	TRUE	TRUE	TRUE	FALSE	FALSE			AL445423.3	AL445423.3			AL445423.3	0	TRUE	red	0.3513	0.0821	0.0821	0.00019627	0.4942	0.2995	0.591
ENSG00000225331.1	LINC01678	ENSG00000225331.1	lncRNA	chr21	44158740	44160076	-	1337	2	2	3	intronic	intronic_antisense	lincRNA (named)	FALSE	FALSE	TRUE	FALSE	FALSE	TRUE	FALSE			GATD3A	GATD3A			GATD3A	0	FALSE	yellow	0.423	0.1871	0.1871	0.0043686	0.275	0.2187	0.2407
ENSG00000260259.1	LINC02166	ENSG00000260259.1	lncRNA	chr16	89682620	89686569	-	3950	1	3	3	intronic	intronic_antisense	lincRNA (named)	FALSE	FALSE	TRUE	FALSE	FALSE	TRUE	FALSE			CDK10	CDK10	CDK10	101	CDK10	0	FALSE	brown	0.4401	0.2555	0.2555	0.020053	1.227	0.5891	0.9413
ENSG00000250742.4	LINC02381	ENSG00000250742.4	lncRNA	chr12	54126082	54147485	+	21404	5	7	4	intronic	intronic_antisense	lincRNA (named)	FALSE	FALSE	TRUE	FALSE	FALSE	TRUE	FALSE			SMUG1	SMUG1			SMUG1	0	FALSE	grey	-0.0125	0.0235	0.0235	-0.0015239	1.5387	0.669	0.9941
ENSG00000181097.5	LINC02878	ENSG00000181097.5	lncRNA	chr8	143696154	143698413	+	2260	1	2	2	intronic	intronic_sense	lincRNA (named)	FALSE	FALSE	TRUE	TRUE	TRUE	FALSE	FALSE			ZNF707	ZNF707			ZNF707	0	TRUE	turquoise	0.5297	0.6538	0.6538	0.0096901	0.2783	0.1778	0.229
ENSG00000239335.4	LLPH-DT	ENSG00000239335.4	lncRNA	chr12	66130751	66134449	+	3699	1	2	2	intronic	intronic_antisense	divergent	FALSE	FALSE	TRUE	FALSE	FALSE	TRUE	FALSE			AC078927.1	AC078927.1	LLPH	1	AC078927.1	0	FALSE	grey	0.0579	0.1478	0.1478	0.003944	0.4903	0.3687	0.5949
ENSG00000227188.1	MGAT3-AS1	ENSG00000227188.1	lncRNA	chr22	39475807	39476822	-	1016	1	2	2	intronic	intronic_antisense	antisense	FALSE	FALSE	TRUE	FALSE	FALSE	TRUE	FALSE			MGAT3	MGAT3	MGAT3	691	MGAT3	0	FALSE	grey	0.2405	0.1288	0.1288	0.0020881	0.3872	0.3129	0.4149
ENSG00000224020.1	MIR181A2HG	ENSG00000224020.1	lncRNA	chr9	124658467	124698631	+	40165	1	2	2	intronic	intronic_antisense	other	FALSE	FALSE	TRUE	FALSE	FALSE	TRUE	FALSE			NR6A1	NR6A1			NR6A1	0	FALSE	brown	0.3387	0.373	0.373	0.010103	0.4973	0.2844	0.6067
ENSG00000236996.1	MLIP-IT1	ENSG00000236996.1	lncRNA	chr6	53998890	54007152	+	8263	1	4	4	intronic	intronic_sense	intronic	FALSE	FALSE	TRUE	TRUE	TRUE	FALSE	FALSE			MLIP	MLIP			MLIP	0	TRUE	grey	0.3123	0.1725	0.1725	0.0042563	0.2277	0.2992	0.2094
ENSG00000260135.7	MMP2-AS1	ENSG00000260135.7	lncRNA	chr16	55426797	55462297	-	35501	4	8	6	intronic	intronic_antisense	antisense	FALSE	FALSE	TRUE	FALSE	FALSE	TRUE	FALSE			MMP2	MMP2			MMP2	0	FALSE	yellow	0.5615	0.5499	0.5499	0.022502	0.4976	0.564	0.4188
ENSG00000281026.1	N4BP2L2-IT2	ENSG00000281026.1	lncRNA	chr13	32504506	32509395	-	4890	1	1	1	intronic	intronic_sense	intronic	FALSE	FALSE	TRUE	TRUE	TRUE	FALSE	FALSE			N4BP2L2	N4BP2L2			N4BP2L2	0	TRUE	turquoise	0.5292	0.8922	0.8922	0.029867	0.6638	0.3982	0.6869
ENSG00000245711.2	NADK2-AS1	ENSG00000245711.2	lncRNA	chr5	36221055	36221902	+	848	1	2	2	intronic	intronic_antisense	antisense	FALSE	FALSE	TRUE	FALSE	FALSE	TRUE	FALSE			NADK2	NADK2			NADK2	0	FALSE	green	0.5183	0.6788	0.6788	0.014056	0.4586	0.297	0.5029
ENSG00000266236.1	NARF-IT1	ENSG00000266236.1	lncRNA	chr17	82482098	82483388	+	1291	1	2	2	intronic	intronic_sense	intronic	FALSE	FALSE	TRUE	TRUE	TRUE	FALSE	FALSE			NARF	NARF			NARF	0	TRUE	black	0.667	0.8628	0.8628	0.023724	0.4603	0.3485	0.5205
ENSG00000198496.12	NBR2	ENSG00000198496.12	lncRNA	chr17	43125551	43153671	+	28121	4	9	8	intronic	intronic_antisense	other	FALSE	FALSE	TRUE	FALSE	FALSE	TRUE	FALSE			BRCA1	BRCA1	BRCA1	68	BRCA1	0	FALSE	turquoise	0.5042	0.5806	0.5806	0.025404	1.6399	0.4736	1
ENSG00000230020.1	NHS-AS1	ENSG00000230020.1	lncRNA	chrX	17552349	17557387	-	5039	1	2	2	intronic	intronic_antisense	antisense	FALSE	FALSE	TRUE	FALSE	FALSE	TRUE	FALSE			NHS	NHS			NHS	0	FALSE	grey	0.1987	0.0635	0.0635	-0.00017434	0.3445	0.4363	0.3053
ENSG00000281183.1	NPTN-IT1	ENSG00000281183.1	lncRNA	chr15	73567012	73569294	-	2283	1	1	1	intronic	intronic_sense	intronic	FALSE	FALSE	TRUE	TRUE	TRUE	FALSE	FALSE			NPTN	NPTN			NPTN	0	TRUE	green	0.7866	0.7605	0.7605	0.019232	0.5768	0.3791	0.6184
ENSG00000182057.5	OGFRP1	ENSG00000182057.5	lncRNA	chr22	42269703	42279534	+	9832	5	2	4	intronic	intronic_antisense	other	FALSE	FALSE	TRUE	FALSE	FALSE	TRUE	FALSE			TCF20	TCF20			TCF20	0	FALSE	grey	0.0235	0.1835	0.1835	0.0028508	0.5213	0.1632	0.8591
ENSG00000225174.2	OSTM1-AS1	ENSG00000225174.2	lncRNA	chr6	108123457	108159392	+	35936	3	2	2	intronic	intronic_antisense	antisense	FALSE	FALSE	TRUE	FALSE	FALSE	TRUE	FALSE			OSTM1	OSTM1			OSTM1	0	FALSE	salmon	0.2931	0.0542	0.0542	0.0070298	1.1536	1.0888	0.6556
ENSG00000255120.5	OVOL1-AS1	ENSG00000255120.5	lncRNA	chr11	65789051	65790868	-	1818	3	4	2	intronic	intronic_antisense	antisense	FALSE	FALSE	TRUE	FALSE	FALSE	TRUE	FALSE			OVOL1	OVOL1	OVOL1	108	OVOL1	0	FALSE	blue	0.4002	-0.0339	0.0339	0.0066592	1.0934	0.8121	0.8043
ENSG00000282164.3	PEG13	ENSG00000282164.3	lncRNA	chr8	140094894	140100543	-	5650	1	1	1	intronic	intronic_sense	other	FALSE	FALSE	TRUE	TRUE	TRUE	FALSE	FALSE			TRAPPC9	TRAPPC9			TRAPPC9	0	TRUE	blue	0.3111	0.0344	0.0344	0.004495	1.3227	0.9551	0.8258
ENSG00000231789.2	PIK3CD-AS2	ENSG00000231789.2	lncRNA	chr1	9672426	9687555	-	15130	1	3	3	intronic	intronic_antisense	antisense	FALSE	FALSE	TRUE	FALSE	FALSE	TRUE	FALSE			PIK3CD	PIK3CD	PIK3CD	621	PIK3CD	0	FALSE	blue	0.5836	-0.0889	0.0889	0.0065545	1.8103	0.6808	0.9804
ENSG00000203362.2	POLH-AS1	ENSG00000203362.2	lncRNA	chr6	43588230	43591362	-	3133	1	2	2	intronic	intronic_antisense	antisense	FALSE	FALSE	TRUE	FALSE	FALSE	TRUE	FALSE			POLH	POLH			POLH	0	FALSE	grey	-0.0453	0.4497	0.4497	0.0071693	0.5107	0.215	0.728
ENSG00000229380.1	PRKAR1B-AS2	ENSG00000229380.1	lncRNA	chr7	561958	565619	+	3662	1	2	2	intronic	intronic_antisense	antisense	FALSE	FALSE	TRUE	FALSE	FALSE	TRUE	FALSE			PRKAR1B	PRKAR1B			PRKAR1B	0	FALSE	blue	0.6782	0.0783	0.0783	0.032345	3.1404	1.4125	0.9413
ENSG00000180525.13	PRR26	ENSG00000180525.13	lncRNA	chr10	649948	669581	+	19634	4	4	3	intronic	intronic_antisense	other	FALSE	FALSE	TRUE	FALSE	FALSE	TRUE	FALSE			DIP2C	DIP2C			DIP2C	0	FALSE	blue	0.5355	0.2586	0.2586	0.014249	1.0863	0.5255	0.9276
ENSG00000204528.3	PSORS1C3	ENSG00000204528.3	lncRNA	chr6	31173735	31177899	-	4165	1	3	3	intronic	intronic_sense	other	FALSE	FALSE	TRUE	TRUE	TRUE	FALSE	FALSE			POU5F1	POU5F1			POU5F1	0	TRUE	grey	0.0927	0.5763	0.5763	0.073169	3.3289	1.4164	0.9941
ENSG00000225706.2	PTPRD-AS1	ENSG00000225706.2	lncRNA	chr9	8858127	8864772	+	6646	4	2	2	intronic	intronic_antisense	antisense	FALSE	FALSE	TRUE	FALSE	FALSE	TRUE	FALSE			PTPRD	PTPRD	PTPRD	351	PTPRD	0	FALSE	grey	-0.0192	-0.0518	0.0518	-0.00045581	0.4364	0.4023	0.4677
ENSG00000233038.6	PTPRN2-AS1	ENSG00000233038.6	lncRNA	chr7	157854529	157863011	+	8483	3	4	3	intronic	intronic_antisense	antisense	FALSE	FALSE	TRUE	FALSE	FALSE	TRUE	FALSE			PTPRN2	PTPRN2			PTPRN2	0	FALSE	yellow	0.6602	0.0123	0.0123	-0.0014052	0.5091	0.3362	0.591
ENSG00000232912.6	RERE-AS1	ENSG00000232912.6	lncRNA	chr1	8424645	8435013	+	10369	3	5	4	intronic	intronic_antisense	antisense	FALSE	FALSE	TRUE	FALSE	FALSE	TRUE	FALSE			RERE	RERE	RERE	188	RERE	0	FALSE	turquoise	0.4595	0.6545	0.6545	0.013011	0.3098	0.208	0.3151
ENSG00000255660.1	RERG-AS1	ENSG00000255660.1	lncRNA	chr12	15151923	15155283	+	3361	1	3	3	intronic	intronic_antisense	antisense	FALSE	FALSE	TRUE	FALSE	FALSE	TRUE	FALSE			RERG	RERG			RERG	0	FALSE	blue	0.3857	0.1727	0.1727	0.0065471	0.647	0.5798	0.5949
ENSG00000256650.1	RERG-IT1	ENSG00000256650.1	lncRNA	chr12	15112363	15114698	-	2336	1	2	2	intronic	intronic_sense	intronic	FALSE	FALSE	TRUE	TRUE	TRUE	FALSE	FALSE			RERG	RERG			RERG	0	TRUE	green	0.3339	0.4966	0.4966	0.025695	0.8966	0.6694	0.7515
ENSG00000235908.1	RHOA-IT1	ENSG00000235908.1	lncRNA	chr3	49365145	49367006	-	1862	1	2	2	intronic	intronic_sense	intronic	FALSE	FALSE	TRUE	TRUE	TRUE	FALSE	FALSE			RHOA	RHOA			RHOA	0	TRUE	green	0.3702	0.7683	0.7683	0.018589	0.418	0.3188	0.4638
ENSG00000280620.1	SCAANT1	ENSG00000280620.1	lncRNA	chr3	63911518	63911772	-	255	1	1	1	intronic	intronic_antisense	other	FALSE	FALSE	TRUE	FALSE	FALSE	TRUE	FALSE			ATXN7	ATXN7	ATXN7	157	ATXN7	0	FALSE	grey	-0.0249	0.5086	0.5086	0.0099367	0.3455	0.2708	0.3757
ENSG00000254911.3	SCARNA9	ENSG00000254911.3	lncRNA	chr11	93721513	93721865	+	353	1	1	1	intronic	intronic_sense	other	FALSE	FALSE	TRUE	TRUE	TRUE	FALSE	FALSE			CEP295	CEP295			CEP295	0	TRUE	grey	-0.0507	0.4702	0.4702	0.0078794	0.2658	0.2308	0.2524
ENSG00000257596.1	SCAT2	ENSG00000257596.1	lncRNA	chr12	54262615	54279063	+	16449	1	2	2	intronic	intronic_antisense	other	FALSE	FALSE	TRUE	FALSE	FALSE	TRUE	FALSE			CBX5	CBX5			CBX5	0	FALSE	turquoise	0.6779	0.7522	0.7522	0.028418	0.5406	0.4587	0.5186
ENSG00000236305.1	SLC12A9-AS1	ENSG00000236305.1	lncRNA	chr7	100837314	100852616	-	15303	1	2	2	intronic	intronic_antisense	antisense	FALSE	FALSE	TRUE	FALSE	FALSE	TRUE	FALSE			SLC12A9	SLC12A9	SLC12A9	97	SLC12A9	0	FALSE	brown	0.292	0.1042	0.1042	0.0074617	0.7365	0.4207	0.7945
ENSG00000250413.1	SLC2A9-AS1	ENSG00000250413.1	lncRNA	chr4	10006482	10009725	+	3244	1	2	2	intronic	intronic_antisense	antisense	FALSE	FALSE	TRUE	FALSE	FALSE	TRUE	FALSE			SLC2A9	SLC2A9			SLC2A9	0	FALSE	grey	-0.0722	0.3123	0.3123	0.011165	0.4666	0.3845	0.4971
ENSG00000236711.2	SMAD9-IT1	ENSG00000236711.2	lncRNA	chr13	36849366	36850046	-	681	1	2	2	intronic	intronic_sense	intronic	FALSE	FALSE	TRUE	TRUE	TRUE	FALSE	FALSE			SMAD9	SMAD9			SMAD9	0	TRUE	green	0.4628	0.6533	0.6533	0.019931	0.4539	0.387	0.4873
ENSG00000229692.3	SOS1-IT1	ENSG00000229692.3	lncRNA	chr2	38992279	38993857	-	1579	3	2	2	intronic	intronic_sense	intronic	FALSE	FALSE	TRUE	TRUE	TRUE	FALSE	FALSE			SOS1	SOS1			SOS1	0	TRUE	midnightblue	0.3672	0.5017	0.5017	0.0095519	1.0892	0.3102	0.9922
ENSG00000240005.6	STIM2-AS1	ENSG00000240005.6	lncRNA	chr4	26859806	26860632	-	827	5	3	2	intronic	intronic_antisense	antisense	FALSE	FALSE	TRUE	FALSE	FALSE	TRUE	FALSE			STIM2	STIM2	STIM2	59	STIM2	0	FALSE	brown	0.4931	0.1248	0.1248	0.0049006	0.3192	0.2297	0.3307
ENSG00000227848.1	SUCLA2-AS1	ENSG00000227848.1	lncRNA	chr13	48001389	48002552	+	1164	1	2	2	intronic	intronic_antisense	antisense	FALSE	FALSE	TRUE	FALSE	FALSE	TRUE	FALSE			SUCLA2	SUCLA2	SUCLA2	84	SUCLA2	0	FALSE	brown	0.3509	0.1792	0.1792	0.0039114	0.3613	0.2015	0.4051
ENSG00000272902.2	TBC1D8-AS1	ENSG00000272902.2	lncRNA	chr2	101151660	101155412	+	3753	1	2	2	intronic	intronic_antisense	antisense	FALSE	FALSE	TRUE	FALSE	FALSE	TRUE	FALSE			TBC1D8	TBC1D8	TBC1D8	278	TBC1D8	0	FALSE	pink	0.5244	0.3173	0.3173	0.0074444	0.5863	0.2101	0.8571
ENSG00000234695.1	TFPI2-DT	ENSG00000234695.1	lncRNA	chr7	93890913	93893601	+	2689	1	2	2	intronic	intronic_sense	divergent	FALSE	FALSE	TRUE	TRUE	TRUE	FALSE	FALSE			GNGT1	GNGT1	TFPI2	160	GNGT1	0	TRUE	grey	0.2952	0.1741	0.1741	0.0052221	0.3864	0.3315	0.407
ENSG00000225234.1	TRAPPC12-AS1	ENSG00000225234.1	lncRNA	chr2	3481242	3482409	-	1168	1	2	2	intronic	intronic_antisense	antisense	FALSE	FALSE	TRUE	FALSE	FALSE	TRUE	FALSE			TRAPPC12	TRAPPC12			TRAPPC12	0	FALSE	grey	-0.0671	0.5937	0.5937	0.017648	0.9816	0.4076	0.955
ENSG00000275703.1	U47924.3	ENSG00000275703.1	lncRNA	chr12	6899752	6900212	+	461	1	1	1	intronic	intronic_sense	other	FALSE	FALSE	TRUE	TRUE	TRUE	FALSE	FALSE			LRRC23	LRRC23			LRRC23	0	TRUE	turquoise	0.543	0.6301	0.6301	0.020943	0.4626	0.3842	0.5049
ENSG00000213600.3	U73169.1	ENSG00000213600.3	lncRNA	chr3	50239618	50239984	+	367	1	1	1	intronic	intronic_sense	other	FALSE	FALSE	TRUE	TRUE	TRUE	FALSE	FALSE			GNAI2	GNAI2			GNAI2	0	TRUE	red	0.3564	0.6957	0.6957	0.012943	0.2911	0.2459	0.2994
ENSG00000237512.6	UNC5B-AS1	ENSG00000237512.6	lncRNA	chr10	71217224	71218228	-	1005	2	3	2	intronic	intronic_antisense	antisense	FALSE	FALSE	TRUE	FALSE	FALSE	TRUE	FALSE			UNC5B	UNC5B			UNC5B	0	FALSE	grey	0.0636	-0.0509	0.0509	-0.0031964	0.3557	0.4084	0.3092
ENSG00000236591.1	UST-AS2	ENSG00000236591.1	lncRNA	chr6	149027700	149032573	-	4874	1	2	2	intronic	intronic_antisense	antisense	FALSE	FALSE	TRUE	FALSE	FALSE	TRUE	FALSE			UST	UST			UST	0	FALSE	greenyellow	0.5639	0.0954	0.0954	-0.0014173	0.3922	0.5034	0.3699
ENSG00000244586.1	WNT5A-AS1	ENSG00000244586.1	lncRNA	chr3	55487699	55488308	+	610	1	2	2	intronic	intronic_antisense	antisense	FALSE	FALSE	TRUE	FALSE	FALSE	TRUE	FALSE			WNT5A	WNT5A	WNT5A	393	WNT5A	0	FALSE	grey	0.04	-0.0581	0.0581	-0.0050834	0.4365	0.3611	0.4658
ENSG00000241985.1	WWTR1-IT1	ENSG00000241985.1	lncRNA	chr3	149648997	149650184	-	1188	1	2	2	intronic	intronic_sense	intronic	FALSE	FALSE	TRUE	TRUE	TRUE	FALSE	FALSE			WWTR1	WWTR1			WWTR1	0	TRUE	red	0.3032	0.664	0.664	0.012368	0.2681	0.2424	0.2387
ENSG00000272374.1	Z97832.2	ENSG00000272374.1	lncRNA	chr6	35220370	35224630	-	4261	1	1	1	intronic	intronic_antisense	clone-based (unnamed)	FALSE	FALSE	TRUE	FALSE	FALSE	TRUE	FALSE			SCUBE3	SCUBE3			SCUBE3	0	FALSE	turquoise	0.6955	0.865	0.865	0.020733	0.427	0.2759	0.4795
ENSG00000269925.1	Z98884.2	ENSG00000269925.1	lncRNA	chr1	7776383	7776775	+	393	1	1	1	intronic	intronic_sense	clone-based (unnamed)	FALSE	FALSE	TRUE	TRUE	TRUE	FALSE	FALSE			VAMP3	VAMP3			VAMP3	0	TRUE	black	0.4644	0.7798	0.7798	0.028087	1.094	0.4414	0.9687
ENSG00000237200.1	ZBTB40-IT1	ENSG00000237200.1	lncRNA	chr1	22517474	22519708	+	2235	1	2	2	intronic	intronic_sense	intronic	FALSE	FALSE	TRUE	TRUE	TRUE	FALSE	FALSE			ZBTB40	ZBTB40			ZBTB40	0	TRUE	green	0.4346	0.6874	0.6874	0.016047	0.4074	0.3091	0.4834
ENSG00000236953.1	ZDHHC20-IT1	ENSG00000236953.1	lncRNA	chr13	21376977	21377874	-	898	1	2	2	intronic	intronic_sense	intronic	FALSE	FALSE	TRUE	TRUE	TRUE	FALSE	FALSE			ZDHHC20	ZDHHC20			ZDHHC20	0	TRUE	grey	0.2223	0.6215	0.6215	0.01167	0.3456	0.2422	0.3875
ENSG00000233509.2	ZNF197-AS1	ENSG00000233509.2	lncRNA	chr3	44617128	44624797	-	7670	1	2	2	intronic	intronic_antisense	antisense	FALSE	FALSE	TRUE	FALSE	FALSE	TRUE	FALSE			ZNF197	ZNF197	ZNF197	222	ZNF197	0	FALSE	grey	-0.2759	0.1646	0.1646	0.0014197	0.3052	0.154	0.272
ENSG00000251666.1	ZNF346-IT1	ENSG00000251666.1	lncRNA	chr5	177051714	177052963	+	1250	1	2	2	intronic	intronic_sense	intronic	FALSE	FALSE	TRUE	TRUE	TRUE	FALSE	FALSE			ZNF346	ZNF346			ZNF346	0	TRUE	grey	-0.1441	0.8154	0.8154	0.016623	0.3606	0.2618	0.3777
ENSG00000239377.1	ZNF775-AS1	ENSG00000239377.1	lncRNA	chr7	150379854	150383885	-	4032	1	2	2	intronic	intronic_antisense	antisense	FALSE	FALSE	TRUE	FALSE	FALSE	TRUE	FALSE			ZNF775	ZNF775			ZNF775	0	FALSE	magenta	0.5287	0.5535	0.5535	0.0079341	0.219	0.2083	0.2074
ENSG00000268316.1	AC006272.1	ENSG00000268316.1	lncRNA	chr19	51839771	51840945	-	1175	1	2	2	sense_overlapping	sense_overlapping	clone-based (unnamed)	FALSE	FALSE	FALSE	FALSE	TRUE	FALSE	FALSE				ZNF577			ZNF577	0	TRUE	yellow	0.5374	0.6258	0.6258	0.011825	0.2819	0.2344	0.274
ENSG00000256139.2	AC007637.1	ENSG00000256139.2	lncRNA	chr12	109111218	109125594	+	14377	1	3	3	sense_overlapping	sense_overlapping	clone-based (unnamed)	FALSE	FALSE	FALSE	FALSE	TRUE	FALSE	FALSE				ACACB			ACACB	0	TRUE	midnightblue	0.661	0.2954	0.2954	0.0054596	0.9604	0.454	0.9159
ENSG00000268746.1	AC010519.1	ENSG00000268746.1	lncRNA	chr19	47607524	47733098	+	125575	1	3	3	sense_overlapping	sense_overlapping	clone-based (unnamed)	FALSE	FALSE	FALSE	FALSE	TRUE	FALSE	FALSE				BICRA;EHD2			EHD2	0	TRUE	grey	0.2474	0.6671	0.6671	0.018671	0.4108	0.3263	0.4579
ENSG00000254577.1	AC087276.1	ENSG00000254577.1	lncRNA	chr11	43390283	43395495	+	5213	1	2	2	sense_overlapping	sense_overlapping	clone-based (unnamed)	FALSE	FALSE	FALSE	FALSE	TRUE	FALSE	FALSE				TTC17			TTC17	0	TRUE	black	0.3396	0.7236	0.7236	0.024374	0.6759	0.4455	0.7006
ENSG00000187951.11	AC091057.1	ENSG00000187951.11	lncRNA	chr15	30658717	30772993	+	114277	2	5	5	sense_overlapping	sense_overlapping	clone-based (unnamed)	FALSE	FALSE	FALSE	FALSE	TRUE	FALSE	FALSE				AC091057.5			AC091057.5	0	TRUE	yellow	0.5822	0.6109	0.6109	0.009265	0.3855	0.212	0.4247
ENSG00000227161.1	AC092755.1	ENSG00000227161.1	lncRNA	chr15	59644298	59672302	-	28005	1	2	2	sense_overlapping	sense_overlapping	clone-based (unnamed)	FALSE	FALSE	FALSE	FALSE	TRUE	FALSE	FALSE				GTF2A2;BNIP2			BNIP2	0	TRUE	grey	-0.0698	0.448	0.448	0.0089058	0.2526	0.299	0.272
ENSG00000227527.2	AC096540.1	ENSG00000227527.2	lncRNA	chr1	42335386	42338376	-	2991	1	2	2	sense_overlapping	sense_overlapping	clone-based (unnamed)	FALSE	FALSE	FALSE	FALSE	TRUE	FALSE	FALSE				FOXJ3			FOXJ3	0	TRUE	brown	0.416	0.2386	0.2386	0.0081658	0.5787	0.2811	0.7456
ENSG00000205959.4	AC105345.1	ENSG00000205959.4	lncRNA	chr4	8482270	8516759	+	34490	3	7	4	sense_overlapping	sense_overlapping	clone-based (unnamed)	FALSE	FALSE	FALSE	FALSE	TRUE	FALSE	FALSE				TRMT44			TRMT44	0	TRUE	salmon	0.5643	0.7622	0.7622	0.012129	0.2529	0.1937	0.2133
ENSG00000241886.1	AC112496.1	ENSG00000241886.1	lncRNA	chrX	30698207	30721932	+	23726	1	2	2	sense_overlapping	sense_overlapping	clone-based (unnamed)	FALSE	FALSE	FALSE	FALSE	TRUE	FALSE	FALSE				GK			GK	0	TRUE	green	0.3246	0.7429	0.7429	0.021852	0.552	0.4101	0.5734
ENSG00000260541.1	AL031722.1	ENSG00000260541.1	lncRNA	chr16	1841020	1843547	-	2528	1	2	2	sense_overlapping	sense_overlapping	clone-based (unnamed)	FALSE	FALSE	FALSE	FALSE	TRUE	FALSE	FALSE				MEIOB			MEIOB	0	TRUE	blue	0.5843	0.396	0.396	0.02717	1.0748	0.5844	0.9002
ENSG00000278231.1	AL133342.1	ENSG00000278231.1	lncRNA	chr20	48821688	48849458	-	27771	1	2	2	sense_overlapping	sense_overlapping	clone-based (unnamed)	FALSE	FALSE	FALSE	FALSE	TRUE	FALSE	FALSE				PREX1			PREX1	0	TRUE	yellow	0.356	0.0152	0.0152	0.0028487	0.5649	0.2706	0.7378
ENSG00000269967.1	AL136115.2	ENSG00000269967.1	lncRNA	chr1	31851913	31921841	-	69929	1	2	2	sense_overlapping	sense_overlapping	clone-based (unnamed)	FALSE	FALSE	FALSE	FALSE	TRUE	FALSE	FALSE				PTP4A2			PTP4A2	0	TRUE	grey	0.2733	0.684	0.684	0.0098871	0.2257	0.2095	0.2114
ENSG00000272945.1	AL356299.2	ENSG00000272945.1	lncRNA	chr20	34281632	34286466	-	4835	1	2	2	sense_overlapping	sense_overlapping	clone-based (unnamed)	FALSE	FALSE	FALSE	FALSE	TRUE	FALSE	FALSE				AHCY			AHCY	0	TRUE	turquoise	0.4128	0.8038	0.8038	0.015744	0.3018	0.2558	0.317
ENSG00000253696.2	KBTBD11-OT1	ENSG00000253696.2	lncRNA	chr8	1971397	1976478	+	5082	1	3	3	sense_overlapping	sense_overlapping	other	FALSE	FALSE	FALSE	FALSE	TRUE	FALSE	FALSE				KBTBD11			KBTBD11	0	TRUE	grey	0.1213	0.2854	0.2854	0.007333	0.368	0.2847	0.3816
ENSG00000274020.4	LINC01138	ENSG00000274020.4	lncRNA	chr1	148290889	148519604	-	228716	14	27	9	sense_overlapping	sense_overlapping	lincRNA (named)	FALSE	FALSE	FALSE	FALSE	TRUE	FALSE	FALSE				PPIAL4G			PPIAL4G	0	TRUE	turquoise	0.528	0.486	0.486	0.014797	0.6483	0.3213	0.8023
ENSG00000235437.8	LINC01278	ENSG00000235437.8	lncRNA	chrX	63222993	63561095	-	338103	39	18	11	sense_overlapping	sense_overlapping	lincRNA (named)	FALSE	FALSE	FALSE	FALSE	TRUE	FALSE	FALSE				SPIN4			SPIN4	0	TRUE	grey	-0.2929	0.5447	0.5447	0.012904	1.713	0.3064	1
ENSG00000249846.7	LINC02021	ENSG00000249846.7	lncRNA	chr3	130111669	130201336	+	89668	8	8	5	sense_overlapping	sense_overlapping	lincRNA (named)	FALSE	FALSE	FALSE	FALSE	TRUE	FALSE	FALSE				ALG1L2			ALG1L2	0	TRUE	pink	0.511	0.355	0.355	0.0073131	0.3504	0.2057	0.3836
ENSG00000223914.4	LINC02471	ENSG00000223914.4	lncRNA	chr12	40156113	40211419	+	55307	5	8	7	sense_overlapping	sense_overlapping	lincRNA (named)	FALSE	FALSE	FALSE	FALSE	TRUE	FALSE	FALSE				LRRK2			LRRK2	0	TRUE	blue	0.441	0.1225	0.1225	0.0094507	0.8536	0.7407	0.6673
ENSG00000171889.5	MIR31HG	ENSG00000171889.5	lncRNA	chr9	21453802	21559900	-	106099	4	4	4	sense_overlapping	sense_overlapping	other	FALSE	FALSE	FALSE	FALSE	TRUE	FALSE	FALSE				IFNE			IFNE	0	TRUE	greenyellow	0.3457	-0.0537	0.0537	-0.0040643	0.2493	0.3942	0.2329
ENSG00000287146.1	AC000085.1	ENSG00000287146.1	lncRNA	chr22	19291969	19328901	+	36933	1	2	2	divergent	divergent	clone-based (unnamed)	FALSE	FALSE	FALSE	FALSE	FALSE	FALSE	TRUE					CLTCL1	250	CLTCL1	249	FALSE	cyan	0.495	0.1748	0.1748	0.0035475	0.4518	0.3274	0.5049
ENSG00000266389.1	AC002091.2	ENSG00000266389.1	lncRNA	chr17	8965896	8967070	+	1175	1	2	2	divergent	divergent	clone-based (unnamed)	FALSE	FALSE	FALSE	FALSE	FALSE	FALSE	TRUE					PIK3R5	184	PIK3R5	183	FALSE	yellow	0.5746	0.1009	0.1009	0.00085369	0.7403	0.4102	0.7965
ENSG00000272829.1	AC002470.1	ENSG00000272829.1	lncRNA	chr22	20981361	20981755	-	395	1	1	1	divergent	divergent	clone-based (unnamed)	FALSE	FALSE	FALSE	FALSE	FALSE	FALSE	TRUE					LZTR1	514	AIFM3	0	FALSE	brown	0.6214	0.0521	0.0521	0.0043547	0.6408	0.333	0.7984
ENSG00000287672.1	AC003086.1	ENSG00000287672.1	lncRNA	chr7	91880791	91886490	+	5700	1	2	2	divergent	divergent	clone-based (unnamed)	FALSE	FALSE	FALSE	FALSE	FALSE	FALSE	TRUE					MTERF1	89	MTERF1	88	FALSE	cyan	0.5474	0.0074	0.0074	-0.0012287	0.4389	0.3052	0.4951
ENSG00000282840.1	AC004554.1	ENSG00000282840.1	lncRNA	chrX	11668401	11757718	-	89318	1	4	4	divergent	divergent	clone-based (unnamed)	FALSE	FALSE	FALSE	FALSE	FALSE	FALSE	TRUE					MSL3	441	MSL3	440	FALSE	tan	0.4131	0.1134	0.1134	0.0024487	0.5725	0.2685	0.775
ENSG00000259153.2	AC004816.1	ENSG00000259153.2	lncRNA	chr14	70809841	70815994	+	6154	4	2	3	divergent	divergent	clone-based (unnamed)	FALSE	FALSE	FALSE	FALSE	FALSE	FALSE	TRUE					MAP3K9	307	MAP3K9	306	FALSE	magenta	0.6771	0.0228	0.0228	-0.0032195	0.2816	0.2947	0.2055
ENSG00000274818.1	AC004825.2	ENSG00000274818.1	lncRNA	chr14	70906657	70907111	-	455	1	1	1	divergent	divergent	clone-based (unnamed)	FALSE	FALSE	FALSE	FALSE	FALSE	FALSE	TRUE					PCNX1	294	PCNX1	293	FALSE	magenta	0.4802	0.0659	0.0659	0.0018877	0.6132	0.3029	0.7965
ENSG00000273341.2	AC004921.1	ENSG00000273341.2	lncRNA	chr7	77416673	77425444	+	8772	1	5	5	divergent	divergent	clone-based (unnamed)	FALSE	FALSE	FALSE	FALSE	FALSE	FALSE	TRUE					GSAP	324	GSAP	323	FALSE	yellow	0.7091	0.0522	0.0522	0.0045218	0.7446	0.3703	0.8493
ENSG00000287574.1	AC004938.2	ENSG00000287574.1	lncRNA	chr7	44582519	44583676	+	1158	1	1	1	divergent	divergent	clone-based (unnamed)	FALSE	FALSE	FALSE	FALSE	FALSE	FALSE	TRUE					TMED4	232	TMED4	231	FALSE	brown	0.4647	0.2168	0.2168	0.005782	0.5036	0.2374	0.6536
ENSG00000233834.6	AC005083.1	ENSG00000233834.6	lncRNA	chr7	20217577	20221700	+	4124	3	5	5	divergent	divergent	clone-based (unnamed)	FALSE	FALSE	FALSE	FALSE	FALSE	FALSE	TRUE					MACC1	173	MACC1	172	FALSE	lightcyan	0.6037	0.08	0.08	0.016222	3.0485	0.9634	0.9902
ENSG00000288095.1	AC005618.4	ENSG00000288095.1	lncRNA	chr5	141320980	141325985	+	5006	1	3	3	divergent	divergent	clone-based (unnamed)	FALSE	FALSE	FALSE	FALSE	FALSE	FALSE	TRUE					TAF7	196	TAF7	195	FALSE	pink	0.3146	0.4299	0.4299	0.0096928	0.369	0.2458	0.3992
ENSG00000278847.1	AC006157.1	ENSG00000278847.1	lncRNA	chrY	2934406	2934771	-	366	1	1	1	divergent	divergent	clone-based (unnamed)	FALSE	FALSE	FALSE	FALSE	FALSE	FALSE	TRUE					ZFY	510	ZFY	509	FALSE	grey	0.233	0.1263	0.1263	0.0084374	0.3164	0.3927	0.3288
ENSG00000263004.2	AC007114.1	ENSG00000263004.2	lncRNA	chr17	57071814	57085024	-	13211	3	4	3	divergent	divergent	clone-based (unnamed)	FALSE	FALSE	FALSE	FALSE	FALSE	FALSE	TRUE					AKAP1	68	AKAP1	67	FALSE	pink	0.6002	0.1282	0.1282	0.0093664	1.2042	0.4087	0.9922
ENSG00000285872.1	AC007240.3	ENSG00000285872.1	lncRNA	chr2	10287800	10302485	-	14686	1	4	4	divergent	divergent	clone-based (unnamed)	FALSE	FALSE	FALSE	FALSE	FALSE	FALSE	TRUE					HPCAL1	404	HPCAL1	403	FALSE	blue	0.4272	0.0241	0.0241	0.0027768	0.4133	0.2226	0.4892
ENSG00000258569.1	AC007376.2	ENSG00000258569.1	lncRNA	chr14	76710658	76761388	-	50731	1	3	3	divergent	divergent	clone-based (unnamed)	FALSE	FALSE	FALSE	FALSE	FALSE	FALSE	TRUE					VASH1	80	VASH1	79	FALSE	red	0.5414	0.2607	0.2607	0.0043672	0.307	0.2092	0.3209
ENSG00000260329.1	AC007541.1	ENSG00000260329.1	lncRNA	chr12	106954029	106955497	-	1469	1	1	1	divergent	divergent	clone-based (unnamed)	FALSE	FALSE	FALSE	FALSE	FALSE	FALSE	TRUE					TMEM263	222	TMEM263	221	FALSE	tan	0.6079	0.3491	0.3491	0.016355	1.4316	0.4612	0.9941
ENSG00000273139.1	AC007663.3	ENSG00000273139.1	lncRNA	chr22	20320739	20321203	+	465	1	1	1	divergent	divergent	clone-based (unnamed)	FALSE	FALSE	FALSE	FALSE	FALSE	FALSE	TRUE					DGCR6L	659	DGCR6L	658	FALSE	brown	0.5321	0.5341	0.5341	0.011527	0.328	0.2348	0.3209
ENSG00000260101.1	AC008074.2	ENSG00000260101.1	lncRNA	chr2	64522187	64524093	-	1907	1	1	1	divergent	divergent	clone-based (unnamed)	FALSE	FALSE	FALSE	FALSE	FALSE	FALSE	TRUE					AFTPH	212	AFTPH	211	FALSE	grey	-0.0532	-0.0703	0.0703	-0.00043671	0.9494	0.6314	0.8748
ENSG00000271737.1	AC008608.2	ENSG00000271737.1	lncRNA	chr5	134005147	134005562	+	416	1	1	1	divergent	divergent	clone-based (unnamed)	FALSE	FALSE	FALSE	FALSE	FALSE	FALSE	TRUE					VDAC1	172	VDAC1	171	FALSE	pink	0.7561	0.1157	0.1157	0.020908	1.9268	0.6517	0.9941
ENSG00000267475.1	AC008736.1	ENSG00000267475.1	lncRNA	chr19	32687089	32691750	-	4662	1	2	2	divergent	divergent	clone-based (unnamed)	FALSE	FALSE	FALSE	FALSE	FALSE	FALSE	TRUE					NUDT19	211	NUDT19	210	FALSE	grey	-0.1312	-0.0208	0.0208	-0.0019749	1.057	0.3818	0.9941
ENSG00000272081.1	AC008972.2	ENSG00000272081.1	lncRNA	chr5	72955206	72955699	-	494	1	1	1	divergent	divergent	clone-based (unnamed)	FALSE	FALSE	FALSE	FALSE	FALSE	FALSE	TRUE					FCHO2	342	FCHO2	341	FALSE	yellow	0.4929	0.0187	0.0187	0.00011894	1.1895	0.3489	0.998
ENSG00000261170.2	AC009053.3	ENSG00000261170.2	lncRNA	chr16	74422120	74441937	+	19818	3	5	4	divergent	divergent	clone-based (unnamed)	FALSE	FALSE	FALSE	FALSE	FALSE	FALSE	TRUE					CLEC18B	167	CLEC18B	166	FALSE	blue	0.7208	0.4348	0.4348	0.042706	1.7214	0.8386	0.955
ENSG00000259877.2	AC009113.1	ENSG00000259877.2	lncRNA	chr16	89215211	89217653	-	2443	1	1	1	divergent	divergent	clone-based (unnamed)	FALSE	FALSE	FALSE	FALSE	FALSE	FALSE	TRUE					ZNF778	50	ZNF778	49	FALSE	pink	0.7682	0.5429	0.5429	0.024907	1.5016	0.448	0.998
ENSG00000273080.1	AC009309.1	ENSG00000273080.1	lncRNA	chr2	86195590	86196049	+	460	1	1	1	divergent	divergent	clone-based (unnamed)	FALSE	FALSE	FALSE	FALSE	FALSE	FALSE	TRUE					IMMT	118	IMMT	117	FALSE	brown	0.4736	-0.0404	0.0404	0.0018524	0.95	0.3538	0.9687
ENSG00000286427.1	AC009486.2	ENSG00000286427.1	lncRNA	chr2	12702764	12716557	-	13794	1	2	2	divergent	divergent	clone-based (unnamed)	FALSE	FALSE	FALSE	FALSE	FALSE	FALSE	TRUE					TRIB2	332	TRIB2	331	FALSE	cyan	0.5939	0.2113	0.2113	0.0052256	0.4747	0.3005	0.5499
ENSG00000257696.1	AC010203.2	ENSG00000257696.1	lncRNA	chr12	100143058	100144671	+	1614	1	2	2	divergent	divergent	clone-based (unnamed)	FALSE	FALSE	FALSE	FALSE	FALSE	FALSE	TRUE					UHRF1BP1L	184	UHRF1BP1L	183	FALSE	magenta	0.6738	0.6613	0.6613	0.012605	0.4824	0.3951	0.5401
ENSG00000268945.1	AC010422.2	ENSG00000268945.1	lncRNA	chr19	12682693	12687279	-	4587	1	2	2	divergent	divergent	clone-based (unnamed)	FALSE	FALSE	FALSE	FALSE	FALSE	FALSE	TRUE					GNG14	719	GNG14	718	FALSE	turquoise	0.5061	0.7263	0.7263	0.015896	0.2907	0.2569	0.2916
ENSG00000277369.1	AC010654.1	ENSG00000277369.1	lncRNA	chr16	11797468	11798275	+	808	1	1	1	divergent	divergent	clone-based (unnamed)	FALSE	FALSE	FALSE	FALSE	FALSE	FALSE	TRUE					ZC3H7A	210	ZC3H7A	209	FALSE	pink	0.4975	0.2439	0.2439	0.0072528	0.6352	0.2528	0.8669
ENSG00000272622.2	AC010735.2	ENSG00000272622.2	lncRNA	chr2	226800146	226813741	+	13596	2	5	4	divergent	divergent	clone-based (unnamed)	FALSE	FALSE	FALSE	FALSE	FALSE	FALSE	TRUE					IRS1	387	IRS1	386	FALSE	grey	-0.0253	0.0797	0.0797	0.0011159	0.3417	0.2325	0.3503
ENSG00000273008.1	AC010864.1	ENSG00000273008.1	lncRNA	chr10	43136824	43138334	-	1511	1	1	1	divergent	divergent	clone-based (unnamed)	FALSE	FALSE	FALSE	FALSE	FALSE	FALSE	TRUE					CSGALNACT2	111	CSGALNACT2	110	FALSE	turquoise	0.7049	0.6573	0.6573	0.013573	0.3483	0.2214	0.3444
ENSG00000226853.3	AC010894.1	ENSG00000226853.3	lncRNA	chr2	174487380	174488386	+	1007	4	2	2	divergent	divergent	clone-based (unnamed)	FALSE	FALSE	FALSE	FALSE	FALSE	FALSE	TRUE					GPR155	286	GPR155	285	FALSE	brown	0.4161	-0.0454	0.0454	0.0013121	0.9955	0.3637	0.9883
ENSG00000236842.1	AC010997.2	ENSG00000236842.1	lncRNA	chr10	75430571	75431588	-	1018	1	2	2	divergent	divergent	clone-based (unnamed)	FALSE	FALSE	FALSE	FALSE	FALSE	FALSE	TRUE					LRMDA	36	LRMDA	35	FALSE	grey	-0.2113	0.4163	0.4163	0.0078172	0.229	0.2123	0.2055
ENSG00000267114.1	AC011481.1	ENSG00000267114.1	lncRNA	chr19	44950044	44954007	-	3964	1	3	3	divergent	divergent	clone-based (unnamed)	FALSE	FALSE	FALSE	FALSE	FALSE	FALSE	TRUE					CLPTM1	578	APOC2	478	FALSE	turquoise	0.7414	0.7878	0.7878	0.037172	0.6845	0.5223	0.6223
ENSG00000272667.1	AC012306.2	ENSG00000272667.1	lncRNA	chr2	127886556	127887185	+	630	1	1	1	divergent	divergent	clone-based (unnamed)	FALSE	FALSE	FALSE	FALSE	FALSE	FALSE	TRUE					AMMECR1L	600	AMMECR1L	599	FALSE	brown	0.3465	0.0068	0.0068	0.0024402	1.3947	0.3561	1
ENSG00000272994.1	AC012360.3	ENSG00000272994.1	lncRNA	chr2	105334027	105337475	-	3449	1	1	1	divergent	divergent	clone-based (unnamed)	FALSE	FALSE	FALSE	FALSE	FALSE	FALSE	TRUE					C2orf49	57	C2orf49	56	FALSE	turquoise	0.6028	0.8237	0.8237	0.024867	0.7108	0.3453	0.8278
ENSG00000259802.1	AC012640.2	ENSG00000259802.1	lncRNA	chr5	10352701	10353601	-	901	1	1	1	divergent	divergent	clone-based (unnamed)	FALSE	FALSE	FALSE	FALSE	FALSE	FALSE	TRUE					MARCHF6	94	MARCHF6	93	FALSE	pink	0.5023	-0.0121	0.0121	0.0031438	1.0843	0.3649	0.9961
ENSG00000276406.1	AC015726.2	ENSG00000276406.1	lncRNA	chr17	19868568	19868689	+	122	1	1	1	divergent	divergent	clone-based (unnamed)	FALSE	FALSE	FALSE	FALSE	FALSE	FALSE	TRUE					ULK2	632	ULK2	631	FALSE	brown	0.3298	0.0575	0.0575	0.0029976	0.2665	0.2691	0.2779
ENSG00000274213.1	AC015912.3	ENSG00000274213.1	lncRNA	chr17	56914186	56914533	+	348	1	1	1	divergent	divergent	clone-based (unnamed)	FALSE	FALSE	FALSE	FALSE	FALSE	FALSE	TRUE					TRIM25	106	TRIM25	105	FALSE	brown	0.6188	0.303	0.303	0.015949	0.5521	0.455	0.544
ENSG00000270964.1	AC016355.1	ENSG00000270964.1	lncRNA	chr15	67541072	67542604	-	1533	1	1	1	divergent	divergent	clone-based (unnamed)	FALSE	FALSE	FALSE	FALSE	FALSE	FALSE	TRUE					MAP2K5	99	MAP2K5	98	FALSE	pink	0.6067	0.2301	0.2301	0.0071953	0.6576	0.2717	0.8552
ENSG00000272384.1	AC016405.3	ENSG00000272384.1	lncRNA	chr8	122779971	122780830	-	860	1	1	1	divergent	divergent	clone-based (unnamed)	FALSE	FALSE	FALSE	FALSE	FALSE	FALSE	TRUE					ZHX2	825	ZHX2	824	FALSE	turquoise	0.3093	0.1737	0.1737	0.019715	1.127	0.7713	0.8591
ENSG00000259495.3	AC016705.2	ENSG00000259495.3	lncRNA	chr15	80344853	80404214	-	59362	4	7	5	divergent	divergent	clone-based (unnamed)	FALSE	FALSE	FALSE	FALSE	FALSE	FALSE	TRUE					ARNT2	136	ARNT2	135	FALSE	tan	0.4302	0.033	0.033	-0.0021395	0.9853	0.6593	0.8082
ENSG00000212978.6	AC016747.1	ENSG00000212978.6	lncRNA	chr2	61141592	61144969	-	3378	4	3	3	divergent	divergent	clone-based (unnamed)	FALSE	FALSE	FALSE	FALSE	FALSE	FALSE	TRUE					C2orf74	99	C2orf74	98	FALSE	blue	0.3602	-0.0369	0.0369	0.00087797	2.4791	0.4495	1
ENSG00000264920.2	AC018521.5	ENSG00000264920.2	lncRNA	chr17	47891229	47895812	-	4584	3	2	3	divergent	divergent	clone-based (unnamed)	FALSE	FALSE	FALSE	FALSE	FALSE	FALSE	TRUE					SP2	338	SP2	337	FALSE	pink	0.4477	-0.0105	0.0105	0.0012857	0.634	0.2403	0.9119
ENSG00000261173.1	AC018845.3	ENSG00000261173.1	lncRNA	chr16	46973989	46978983	+	4995	1	2	2	divergent	divergent	clone-based (unnamed)	FALSE	FALSE	FALSE	FALSE	FALSE	FALSE	TRUE					DNAJA2	315	DNAJA2	314	FALSE	magenta	0.5156	0.5367	0.5367	0.0089042	0.3057	0.2055	0.2955
ENSG00000272711.1	AC019069.1	ENSG00000272711.1	lncRNA	chr2	74832655	74833987	-	1333	1	1	1	divergent	divergent	clone-based (unnamed)	FALSE	FALSE	FALSE	FALSE	FALSE	FALSE	TRUE					HK2	140	HK2	139	FALSE	grey	0.4687	-0.1176	0.1176	-0.003108	1.5751	0.6027	0.9746
ENSG00000274104.1	AC020910.5	ENSG00000274104.1	lncRNA	chr19	34733298	34733837	-	540	1	1	1	divergent	divergent	clone-based (unnamed)	FALSE	FALSE	FALSE	FALSE	FALSE	FALSE	TRUE					ZNF181	318	ZNF181	317	FALSE	brown	0.6553	0.2563	0.2563	0.014797	1.3442	0.4349	0.9961
ENSG00000271966.1	AC021321.1	ENSG00000271966.1	lncRNA	chr8	67343975	67345087	+	1113	1	1	1	divergent	divergent	clone-based (unnamed)	FALSE	FALSE	FALSE	FALSE	FALSE	FALSE	TRUE					ARFGEF1	194	ARFGEF1	193	FALSE	magenta	0.4896	0.6697	0.6697	0.010184	0.3436	0.2048	0.3523
ENSG00000266521.1	AC021549.1	ENSG00000266521.1	lncRNA	chr18	31496645	31497195	-	551	1	2	2	divergent	divergent	clone-based (unnamed)	FALSE	FALSE	FALSE	FALSE	FALSE	FALSE	TRUE					DSG2	982	DSG2	981	FALSE	grey	-0.2038	0.195	0.195	0.0052469	0.2744	0.3287	0.2818
ENSG00000266947.1	AC022916.1	ENSG00000266947.1	lncRNA	chr17	35231450	35242963	-	11514	2	3	2	divergent	divergent	clone-based (unnamed)	FALSE	FALSE	FALSE	FALSE	FALSE	FALSE	TRUE					SLFN5	108	SLFN5	107	FALSE	pink	0.6986	0.3006	0.3006	0.0095202	0.7504	0.2576	0.9354
ENSG00000272086.1	AC025181.2	ENSG00000272086.1	lncRNA	chr5	32174471	32175272	+	802	1	1	1	divergent	divergent	clone-based (unnamed)	FALSE	FALSE	FALSE	FALSE	FALSE	FALSE	TRUE					GOLPH3	152	GOLPH3	151	FALSE	brown	0.4757	-0.044	0.044	0.00051296	1.7382	0.4316	1
ENSG00000270482.1	AC026367.1	ENSG00000270482.1	lncRNA	chr12	118375350	118376275	-	926	1	2	2	divergent	divergent	clone-based (unnamed)	FALSE	FALSE	FALSE	FALSE	FALSE	FALSE	TRUE					SUDS3	280	SUDS3	279	FALSE	magenta	0.402	0.2118	0.2118	0.0061792	0.4655	0.2794	0.5695
ENSG00000286388.1	AC026748.7	ENSG00000286388.1	lncRNA	chr5	1345197	1350786	+	5590	1	2	2	divergent	divergent	clone-based (unnamed)	FALSE	FALSE	FALSE	FALSE	FALSE	FALSE	TRUE					CLPTM1L	98	CLPTM1L	97	FALSE	blue	0.5578	0.1552	0.1552	0.010848	1.8168	0.4754	1
ENSG00000261634.4	AC026992.2	ENSG00000261634.4	lncRNA	chr15	69278328	69298795	-	20468	3	5	4	divergent	divergent	clone-based (unnamed)	FALSE	FALSE	FALSE	FALSE	FALSE	FALSE	TRUE					PAQR5	117	PAQR5	116	FALSE	tan	0.7414	0.3842	0.3842	0.013275	0.5782	0.3727	0.6693
ENSG00000249572.1	AC034231.1	ENSG00000249572.1	lncRNA	chr5	33424025	33440619	-	16595	1	2	2	divergent	divergent	clone-based (unnamed)	FALSE	FALSE	FALSE	FALSE	FALSE	FALSE	TRUE					TARS1	77	TARS1	76	FALSE	grey	-0.0676	0.2768	0.2768	0.011068	0.909	0.4294	0.8924
ENSG00000267390.1	AC036176.1	ENSG00000267390.1	lncRNA	chr18	63367328	63381629	+	14302	1	2	2	divergent	divergent	clone-based (unnamed)	FALSE	FALSE	FALSE	FALSE	FALSE	FALSE	TRUE					KDSR	100	KDSR	99	FALSE	pink	0.4251	-0.1019	0.1019	0.0023751	1.5038	0.424	0.9961
ENSG00000260018.1	AC040169.1	ENSG00000260018.1	lncRNA	chr16	84117051	84117571	+	521	1	1	1	divergent	divergent	clone-based (unnamed)	FALSE	FALSE	FALSE	FALSE	FALSE	FALSE	TRUE					MBTPS1	109	MBTPS1	108	FALSE	brown	0.714	-0.0636	0.0636	0.0049188	0.9795	0.4638	0.9413
ENSG00000262089.1	AC040977.1	ENSG00000262089.1	lncRNA	chr17	6994642	6995189	-	548	1	2	2	divergent	divergent	clone-based (unnamed)	FALSE	FALSE	FALSE	FALSE	FALSE	FALSE	TRUE					ALOX12	860	ALOX12	859	FALSE	pink	0.592	0.4087	0.4087	0.036211	3.1413	0.6825	1
ENSG00000250220.1	AC053527.2	ENSG00000250220.1	lncRNA	chr4	73259209	73317953	+	58745	1	5	5	divergent	divergent	clone-based (unnamed)	FALSE	FALSE	FALSE	FALSE	FALSE	FALSE	TRUE					ANKRD17	411	ANKRD17	410	FALSE	pink	0.5025	0.5163	0.5163	0.012937	0.5584	0.2518	0.7397
ENSG00000287900.1	AC061961.1	ENSG00000287900.1	lncRNA	chr2	154688296	154697817	-	9522	3	3	4	divergent	divergent	clone-based (unnamed)	FALSE	FALSE	FALSE	FALSE	FALSE	FALSE	TRUE					KCNJ3	38	KCNJ3	37	FALSE	salmon	0.6232	0.4197	0.4197	0.016899	0.4538	0.3651	0.4755
ENSG00000266970.1	AC061992.2	ENSG00000266970.1	lncRNA	chr17	78360453	78373911	+	13459	2	6	5	divergent	divergent	clone-based (unnamed)	FALSE	FALSE	FALSE	FALSE	FALSE	FALSE	TRUE					SOCS3	376	SOCS3	375	FALSE	greenyellow	0.5755	0.0791	0.0791	0.0012656	0.4917	0.3713	0.5108
ENSG00000287686.1	AC062029.1	ENSG00000287686.1	lncRNA	chr2	88690177	88691464	-	1288	1	2	2	divergent	divergent	clone-based (unnamed)	FALSE	FALSE	FALSE	FALSE	FALSE	FALSE	TRUE					RPIA	209	RPIA	208	FALSE	pink	0.4977	0.2547	0.2547	0.0081952	0.6399	0.2745	0.8434
ENSG00000228801.6	AC064807.1	ENSG00000228801.6	lncRNA	chr8	51899268	51949874	+	50607	5	4	3	divergent	divergent	clone-based (unnamed)	FALSE	FALSE	FALSE	FALSE	FALSE	FALSE	TRUE					PCMTD1	82	PCMTD1	81	FALSE	cyan	0.6067	0.103	0.103	0.003681	1.3358	0.3452	0.9961
ENSG00000273456.1	AC064836.2	ENSG00000273456.1	lncRNA	chr2	202374932	202375604	-	673	1	1	1	divergent	divergent	clone-based (unnamed)	FALSE	FALSE	FALSE	FALSE	FALSE	FALSE	TRUE					BMPR2	723	BMPR2	722	FALSE	pink	0.7103	0.2446	0.2446	0.012956	1.2516	0.3755	0.9922
ENSG00000272631.1	AC067750.1	ENSG00000272631.1	lncRNA	chr10	86749754	86756298	-	6545	1	1	1	divergent	divergent	clone-based (unnamed)	FALSE	FALSE	FALSE	FALSE	FALSE	FALSE	TRUE					BMPR1A	303	BMPR1A	302	FALSE	grey	-0.1451	0.6426	0.6426	0.0063369	0.2792	0.1529	0.1898
ENSG00000257443.1	AC068305.2	ENSG00000257443.1	lncRNA	chr12	58920639	59064238	+	143600	1	4	4	divergent	divergent	clone-based (unnamed)	FALSE	FALSE	FALSE	FALSE	FALSE	FALSE	TRUE					LRIG3	135	LRIG3	134	FALSE	grey	0.0946	-0.0339	0.0339	-0.00081791	0.297	0.325	0.225
ENSG00000274828.1	AC068473.5	ENSG00000274828.1	lncRNA	chr18	79677287	79679358	-	2072	1	1	1	divergent	divergent	clone-based (unnamed)	FALSE	FALSE	FALSE	FALSE	FALSE	FALSE	TRUE					CTDP1	445	CTDP1	444	FALSE	tan	0.5751	0.367	0.367	0.018497	1.5569	0.4922	0.998
ENSG00000269921.1	AC068620.1	ENSG00000269921.1	lncRNA	chr4	56387625	56388153	+	529	1	1	1	divergent	divergent	clone-based (unnamed)	FALSE	FALSE	FALSE	FALSE	FALSE	FALSE	TRUE					AASDH	117	AASDH	116	FALSE	tan	0.4502	0.4823	0.4823	0.0089392	0.4557	0.2267	0.6086
ENSG00000277782.1	AC068870.2	ENSG00000277782.1	lncRNA	chr15	80999593	80999981	-	389	1	1	1	divergent	divergent	clone-based (unnamed)	FALSE	FALSE	FALSE	FALSE	FALSE	FALSE	TRUE					TLNRD1	942	TLNRD1	941	FALSE	red	0.4543	0.0316	0.0316	0.0085491	2.5125	0.5627	1
ENSG00000260572.1	AC069224.1	ENSG00000260572.1	lncRNA	chr3	160753428	160755142	-	1715	1	1	1	divergent	divergent	clone-based (unnamed)	FALSE	FALSE	FALSE	FALSE	FALSE	FALSE	TRUE					PPM1L	460	PPM1L	459	FALSE	tan	0.7449	0.461	0.461	0.013873	0.6855	0.3604	0.8121
ENSG00000272853.1	AC069544.1	ENSG00000272853.1	lncRNA	chr10	14877688	14878686	-	999	1	1	1	divergent	divergent	clone-based (unnamed)	FALSE	FALSE	FALSE	FALSE	FALSE	FALSE	TRUE					SUV39H2	134	SUV39H2	133	FALSE	brown	0.7215	0.5145	0.5145	0.017914	0.7216	0.3371	0.8845
ENSG00000259826.1	AC072061.1	ENSG00000259826.1	lncRNA	chr7	39947522	39949755	-	2234	1	1	1	divergent	divergent	clone-based (unnamed)	FALSE	FALSE	FALSE	FALSE	FALSE	FALSE	TRUE					CDK13	366	CDK13	365	FALSE	magenta	0.4578	0.4346	0.4346	0.0081429	0.5537	0.1954	0.8121
ENSG00000268584.1	AC073389.1	ENSG00000268584.1	lncRNA	chr10	73625996	73626790	+	795	1	1	1	divergent	divergent	clone-based (unnamed)	FALSE	FALSE	FALSE	FALSE	FALSE	FALSE	TRUE					USP54	43	USP54	42	FALSE	pink	0.6077	0.3997	0.3997	0.010459	0.5855	0.2516	0.7847
ENSG00000273329.1	AC078846.1	ENSG00000273329.1	lncRNA	chr7	129604548	129611630	-	7083	1	1	1	divergent	divergent	clone-based (unnamed)	FALSE	FALSE	FALSE	FALSE	FALSE	FALSE	TRUE					NRF1	90	NRF1	89	FALSE	pink	0.4175	0.6973	0.6973	0.014851	0.5693	0.2415	0.775
ENSG00000286705.1	AC079140.6	ENSG00000286705.1	lncRNA	chr4	307335	337433	-	30099	1	2	2	divergent	divergent	clone-based (unnamed)	FALSE	FALSE	FALSE	FALSE	FALSE	FALSE	TRUE					ZNF141	381	ZNF141	380	FALSE	tan	0.5977	0.1986	0.1986	0.0057334	0.6431	0.3336	0.8082
ENSG00000270659.1	AC079610.1	ENSG00000270659.1	lncRNA	chr2	213152970	213153659	+	690	1	1	1	divergent	divergent	clone-based (unnamed)	FALSE	FALSE	FALSE	FALSE	FALSE	FALSE	TRUE					IKZF2	543	IKZF2	542	FALSE	grey	-0.0348	0.2469	0.2469	0.0059991	0.3808	0.2296	0.4442
ENSG00000237753.2	AC079922.2	ENSG00000237753.2	lncRNA	chr2	112641832	112645720	-	3889	4	2	7	divergent	divergent	clone-based (unnamed)	FALSE	FALSE	FALSE	FALSE	FALSE	FALSE	TRUE					SLC20A1	219	SLC20A1	218	FALSE	turquoise	0.4811	0.5635	0.5635	0.010049	0.4787	0.2323	0.6086
ENSG00000274565.1	AC080038.1	ENSG00000274565.1	lncRNA	chr17	62626437	62627590	-	1154	1	1	1	divergent	divergent	clone-based (unnamed)	FALSE	FALSE	FALSE	FALSE	FALSE	FALSE	TRUE					MRC2	80	MRC2	79	FALSE	grey	0.2027	0.4382	0.4382	0.0071279	0.298	0.2927	0.2348
ENSG00000287733.1	AC083862.2	ENSG00000287733.1	lncRNA	chr7	135170816	135172414	+	1599	1	2	2	divergent	divergent	clone-based (unnamed)	FALSE	FALSE	FALSE	FALSE	FALSE	FALSE	TRUE					CYREN	21	CYREN	20	FALSE	grey	0.2891	0.3019	0.3019	0.028212	2.9509	0.8176	1
ENSG00000286699.1	AC084198.2	ENSG00000286699.1	lncRNA	chr3	101686827	101700926	+	14100	1	3	3	divergent	divergent	clone-based (unnamed)	FALSE	FALSE	FALSE	FALSE	FALSE	FALSE	TRUE					RPL24	109	RPL24	108	FALSE	turquoise	0.5175	0.7641	0.7641	0.028161	0.9655	0.4201	0.9511
ENSG00000272092.1	AC087623.2	ENSG00000272092.1	lncRNA	chr8	38382364	38383461	+	1098	1	1	1	divergent	divergent	clone-based (unnamed)	FALSE	FALSE	FALSE	FALSE	FALSE	FALSE	TRUE					NSD3	92	NSD3	91	FALSE	brown	0.546	0.1602	0.1602	0.0037713	0.342	0.1619	0.3503
ENSG00000245975.2	AC090515.2	ENSG00000245975.2	lncRNA	chr15	58768072	58770974	-	2903	1	2	2	divergent	divergent	clone-based (unnamed)	FALSE	FALSE	FALSE	FALSE	FALSE	FALSE	TRUE					MINDY2	218	MINDY2	217	FALSE	magenta	0.6705	0.1588	0.1588	0.0028844	0.4836	0.2979	0.6086
ENSG00000276791.1	AC092117.1	ENSG00000276791.1	lncRNA	chr16	2777319	2780568	+	3250	1	1	1	divergent	divergent	clone-based (unnamed)	FALSE	FALSE	FALSE	FALSE	FALSE	FALSE	TRUE					ELOB	39	ELOB	38	FALSE	pink	0.6703	0.3191	0.3191	0.010184	0.4857	0.3189	0.5382
ENSG00000272953.1	AC092171.4	ENSG00000272953.1	lncRNA	chr7	5425770	5426401	+	632	1	1	1	divergent	divergent	clone-based (unnamed)	FALSE	FALSE	FALSE	FALSE	FALSE	FALSE	TRUE					TNRC18	356	TNRC18	355	FALSE	turquoise	0.7933	0.6972	0.6972	0.029965	0.5452	0.464	0.5186
ENSG00000260352.1	AC092287.1	ENSG00000260352.1	lncRNA	chr16	18926863	18937043	+	10181	1	2	2	divergent	divergent	clone-based (unnamed)	FALSE	FALSE	FALSE	FALSE	FALSE	FALSE	TRUE					SMG1	455	SMG1	454	FALSE	brown	0.3883	0.2831	0.2831	0.012371	0.7536	0.3927	0.8082
ENSG00000272663.1	AC093635.1	ENSG00000272663.1	lncRNA	chr2	48440043	48440597	-	555	1	1	1	divergent	divergent	clone-based (unnamed)	FALSE	FALSE	FALSE	FALSE	FALSE	FALSE	TRUE					PPP1R21	1	PPP1R21	0	FALSE	pink	0.6004	0.144	0.144	0.0074783	0.4907	0.2863	0.591
ENSG00000232533.1	AC093673.1	ENSG00000232533.1	lncRNA	chr7	143379692	143380495	-	804	1	2	2	divergent	divergent	clone-based (unnamed)	FALSE	FALSE	FALSE	FALSE	FALSE	FALSE	TRUE					ZYX	800	ZYX	799	FALSE	brown	0.3894	-0.0488	0.0488	0.0032818	3.4756	0.5987	1
ENSG00000273472.1	AC096733.2	ENSG00000273472.1	lncRNA	chr4	140756528	140757921	+	1394	1	1	1	divergent	divergent	clone-based (unnamed)	FALSE	FALSE	FALSE	FALSE	FALSE	FALSE	TRUE					TBC1D9	143	TBC1D9	142	FALSE	magenta	0.5857	0.0926	0.0926	-0.00073594	0.6409	0.2952	0.8787
ENSG00000261572.1	AC097639.1	ENSG00000261572.1	lncRNA	chr3	32236688	32238578	-	1891	1	1	1	divergent	divergent	clone-based (unnamed)	FALSE	FALSE	FALSE	FALSE	FALSE	FALSE	TRUE					CMTM8	101	CMTM8	100	FALSE	red	0.477	-0.0199	0.0199	-0.00027847	0.5779	0.3151	0.6791
ENSG00000272525.1	AC099522.2	ENSG00000272525.1	lncRNA	chr5	73497550	73498293	-	744	1	1	1	divergent	divergent	clone-based (unnamed)	FALSE	FALSE	FALSE	FALSE	FALSE	FALSE	TRUE					BTF3	115	BTF3	114	FALSE	brown	0.6532	0.2544	0.2544	0.010501	0.6653	0.3128	0.8474
ENSG00000260236.1	AC099778.1	ENSG00000260236.1	lncRNA	chr3	47379089	47380999	-	1911	1	1	1	divergent	divergent	clone-based (unnamed)	FALSE	FALSE	FALSE	FALSE	FALSE	FALSE	TRUE					PTPN23	12	PTPN23	11	FALSE	brown	0.5728	0.6378	0.6378	0.013593	0.4936	0.2428	0.638
ENSG00000271200.1	AC099791.2	ENSG00000271200.1	lncRNA	chr1	61741998	61742424	-	427	1	1	1	divergent	divergent	clone-based (unnamed)	FALSE	FALSE	FALSE	FALSE	FALSE	FALSE	TRUE					PATJ	53	PATJ	52	FALSE	turquoise	0.6276	0.5286	0.5286	0.012674	0.2498	0.2541	0.227
ENSG00000270177.1	AC104109.2	ENSG00000270177.1	lncRNA	chr5	134226410	134227827	+	1418	1	1	1	divergent	divergent	clone-based (unnamed)	FALSE	FALSE	FALSE	FALSE	FALSE	FALSE	TRUE					PPP2CA	337	PPP2CA	336	FALSE	pink	0.3224	-0.0028	0.0028	0.00051275	0.6142	0.2256	0.8806
ENSG00000286585.1	AC104472.4	ENSG00000286585.1	lncRNA	chr3	155854752	155863191	+	8440	1	3	3	divergent	divergent	clone-based (unnamed)	FALSE	FALSE	FALSE	FALSE	FALSE	FALSE	TRUE					SLC33A1	296	SLC33A1	295	FALSE	blue	0.3621	0.1152	0.1152	0.0040926	0.4392	0.2417	0.5342
ENSG00000250326.2	AC104596.1	ENSG00000250326.2	lncRNA	chr4	142933195	143184861	-	251667	3	4	3	divergent	divergent	clone-based (unnamed)	FALSE	FALSE	FALSE	FALSE	FALSE	FALSE	TRUE					USP38	56	USP38	55	FALSE	cyan	0.5638	0.2045	0.2045	0.002693	0.4427	0.2035	0.589
ENSG00000286830.1	AC105052.5	ENSG00000286830.1	lncRNA	chr7	102699228	102748695	-	49468	1	3	3	divergent	divergent	clone-based (unnamed)	FALSE	FALSE	FALSE	FALSE	FALSE	FALSE	TRUE					FAM185A	276	FAM185A	275	FALSE	blue	0.5513	0.1473	0.1473	0.0085331	0.6646	0.426	0.7202
ENSG00000235501.6	AC105942.1	ENSG00000235501.6	lncRNA	chr1	94927361	94963616	+	36256	9	6	5	divergent	divergent	clone-based (unnamed)	FALSE	FALSE	FALSE	FALSE	FALSE	FALSE	TRUE					CNN3	138	CNN3	137	FALSE	tan	0.4058	0.0417	0.0417	0.0034721	2.5442	0.5937	1
ENSG00000272970.3	AC107294.2	ENSG00000272970.3	lncRNA	chr3	184712245	184740104	+	27860	6	8	7	divergent	divergent	clone-based (unnamed)	FALSE	FALSE	FALSE	FALSE	FALSE	FALSE	TRUE					MAGEF1	181	MAGEF1	180	FALSE	grey	0.2463	0.3292	0.3292	0.0049108	0.3628	0.1877	0.4012
ENSG00000233654.2	AC108047.1	ENSG00000233654.2	lncRNA	chr2	190534855	190569776	+	34922	1	3	3	divergent	divergent	clone-based (unnamed)	FALSE	FALSE	FALSE	FALSE	FALSE	FALSE	TRUE					NEMP2	133	NEMP2	132	FALSE	blue	0.3033	0.1652	0.1652	0.0038021	0.5937	0.246	0.8121
ENSG00000287126.1	AC108488.3	ENSG00000287126.1	lncRNA	chr2	3568505	3575100	-	6596	2	2	2	divergent	divergent	clone-based (unnamed)	FALSE	FALSE	FALSE	FALSE	FALSE	FALSE	TRUE					RPS7	160	RPS7	159	FALSE	grey	0.1209	0.1978	0.1978	0.0024947	0.5184	0.2192	0.7397
ENSG00000260526.1	AC109347.1	ENSG00000260526.1	lncRNA	chr4	112229561	112231596	-	2036	1	1	1	divergent	divergent	clone-based (unnamed)	FALSE	FALSE	FALSE	FALSE	FALSE	FALSE	TRUE					AP1AR	144	AP1AR	143	FALSE	tan	0.5423	0.3866	0.3866	0.0098085	0.6405	0.2526	0.8865
ENSG00000287382.1	AC110611.2	ENSG00000287382.1	lncRNA	chr4	55938153	55947996	-	9844	1	3	3	divergent	divergent	clone-based (unnamed)	FALSE	FALSE	FALSE	FALSE	FALSE	FALSE	TRUE					CEP135	875	CEP135	874	FALSE	red	0.6816	-0.0156	0.0156	0.00045632	0.953	0.3987	0.9393
ENSG00000287369.1	AC111197.1	ENSG00000287369.1	lncRNA	chr4	57110547	57111400	+	854	1	1	1	divergent	divergent	clone-based (unnamed)	FALSE	FALSE	FALSE	FALSE	FALSE	FALSE	TRUE					IGFBP7	162	IGFBP7	161	FALSE	red	0.6603	0.0016	0.0016	0.00080773	0.5123	0.3014	0.6399
ENSG00000271643.2	AC112220.2	ENSG00000271643.2	lncRNA	chr3	33793644	33798539	-	4896	1	2	2	divergent	divergent	clone-based (unnamed)	FALSE	FALSE	FALSE	FALSE	FALSE	FALSE	TRUE					PDCD6IP	32	PDCD6IP	31	FALSE	magenta	0.5636	0.0816	0.0816	-0.0014347	0.9026	0.3056	0.9961
ENSG00000286408.1	AC113410.4	ENSG00000286408.1	lncRNA	chr5	133051065	133051893	-	829	1	1	1	divergent	divergent	clone-based (unnamed)	FALSE	FALSE	FALSE	FALSE	FALSE	FALSE	TRUE					HSPA4	120	HSPA4	119	FALSE	brown	0.7621	0.4094	0.4094	0.017094	0.7697	0.3786	0.8904
ENSG00000228043.5	AC114763.1	ENSG00000228043.5	lncRNA	chr2	138418284	138501698	-	83415	2	7	5	divergent	divergent	clone-based (unnamed)	FALSE	FALSE	FALSE	FALSE	FALSE	FALSE	TRUE					SPOPL	72	SPOPL	71	FALSE	grey	0.0801	0.2733	0.2733	0.0019558	0.299	0.1329	0.2172
ENSG00000248240.1	AC114956.1	ENSG00000248240.1	lncRNA	chr5	43515274	43525310	+	10037	1	3	3	divergent	divergent	clone-based (unnamed)	FALSE	FALSE	FALSE	FALSE	FALSE	FALSE	TRUE					C5orf34	126	C5orf34	125	FALSE	turquoise	0.3519	0.6207	0.6207	0.010446	0.2378	0.2225	0.1957
ENSG00000272360.1	AC116036.2	ENSG00000272360.1	lncRNA	chr3	58490830	58491291	-	462	1	1	1	divergent	divergent	clone-based (unnamed)	FALSE	FALSE	FALSE	FALSE	FALSE	FALSE	TRUE					KCTD6	805	KCTD6	804	FALSE	grey	-0.1853	-0.1111	0.1111	-0.0025036	0.4318	0.3032	0.4697
ENSG00000247735.2	AC120114.1	ENSG00000247735.2	lncRNA	chr16	29926836	29928933	+	2098	1	2	2	divergent	divergent	clone-based (unnamed)	FALSE	FALSE	FALSE	FALSE	FALSE	FALSE	TRUE					KCTD13	600	KCTD13	599	FALSE	cyan	0.7605	0.3019	0.3019	0.0092395	0.7088	0.3723	0.7906
ENSG00000261441.1	AC124068.2	ENSG00000261441.1	lncRNA	chr15	89335053	89336161	+	1109	2	1	2	divergent	divergent	clone-based (unnamed)	FALSE	FALSE	FALSE	FALSE	FALSE	FALSE	TRUE					POLG	192	POLG	191	FALSE	brown	0.3251	0.1171	0.1171	0.0035412	0.3671	0.2118	0.3855
ENSG00000257252.6	AC124947.1	ENSG00000257252.6	lncRNA	chr12	93316722	93377753	-	61032	3	4	4	divergent	divergent	clone-based (unnamed)	FALSE	FALSE	FALSE	FALSE	FALSE	FALSE	TRUE					NUDT4	130	NUDT4	129	FALSE	grey	0.2021	0.3209	0.3209	0.0041915	0.2611	0.1894	0.2153
ENSG00000233785.1	AC131011.1	ENSG00000233785.1	lncRNA	chrX	23772992	23782956	-	9965	1	3	3	divergent	divergent	clone-based (unnamed)	FALSE	FALSE	FALSE	FALSE	FALSE	FALSE	TRUE					SAT1	217	SAT1	216	FALSE	grey	-0.0557	0.1507	0.1507	0.0028221	0.2659	0.2093	0.2329
ENSG00000287737.1	AC132872.5	ENSG00000287737.1	lncRNA	chr17	82273748	82279645	+	5898	7	2	3	divergent	divergent	clone-based (unnamed)	FALSE	FALSE	FALSE	FALSE	FALSE	FALSE	TRUE					CSNK1D	17	CSNK1D	16	FALSE	turquoise	0.4299	0.8235	0.8235	0.017543	0.3228	0.2781	0.362
ENSG00000275263.1	AC135048.3	ENSG00000275263.1	lncRNA	chr16	30956872	30957199	-	328	1	1	1	divergent	divergent	clone-based (unnamed)	FALSE	FALSE	FALSE	FALSE	FALSE	FALSE	TRUE					SETD1A	555	ORAI3	410	FALSE	pink	0.3799	0.0358	0.0358	0.0024643	0.5536	0.2955	0.7025
ENSG00000272459.1	AC139795.3	ENSG00000272459.1	lncRNA	chr5	177554824	177555364	+	541	1	1	1	divergent	divergent	clone-based (unnamed)	FALSE	FALSE	FALSE	FALSE	FALSE	FALSE	TRUE					FAM193B	261	FAM193B	260	FALSE	grey	0.162	0.0313	0.0313	0.003772	0.702	0.3722	0.8121
ENSG00000276728.1	AC142472.1	ENSG00000276728.1	lncRNA	chr17	45146730	45148470	-	1741	1	1	1	divergent	divergent	clone-based (unnamed)	FALSE	FALSE	FALSE	FALSE	FALSE	FALSE	TRUE					HEXIM1	5	HEXIM1	4	FALSE	pink	0.7318	0.4585	0.4585	0.015931	0.7755	0.2965	0.9237
ENSG00000273117.1	AC144652.1	ENSG00000273117.1	lncRNA	chr7	155295918	155297541	-	1624	1	1	1	divergent	divergent	clone-based (unnamed)	FALSE	FALSE	FALSE	FALSE	FALSE	FALSE	TRUE					INSIG1	235	INSIG1	234	FALSE	magenta	0.5571	0.0203	0.0203	-0.0018537	0.4702	0.3033	0.5773
ENSG00000255495.1	AC145124.1	ENSG00000255495.1	lncRNA	chr8	12194467	12196280	+	1814	1	2	2	divergent	divergent	clone-based (unnamed)	FALSE	FALSE	FALSE	FALSE	FALSE	FALSE	TRUE					FAM86B1	334	FAM86B1	333	FALSE	cyan	0.4557	-0.0161	0.0161	0.00048769	0.5236	0.3338	0.6027
ENSG00000287222.1	AC234917.3	ENSG00000287222.1	lncRNA	chr8	143829518	143832861	+	3344	1	2	2	divergent	divergent	clone-based (unnamed)	FALSE	FALSE	FALSE	FALSE	FALSE	FALSE	TRUE					PUF60	166	PUF60	165	FALSE	brown	0.3469	0.3926	0.3926	0.0092312	0.7892	0.2848	0.9667
ENSG00000226780.1	AC244035.1	ENSG00000226780.1	lncRNA	chr1	206117783	206126805	+	9023	1	3	3	divergent	divergent	clone-based (unnamed)	FALSE	FALSE	FALSE	FALSE	FALSE	FALSE	TRUE					AVPR1B	84	AVPR1B	83	FALSE	blue	0.4535	0.4529	0.4529	0.02232	0.6466	0.5061	0.6477
ENSG00000257660.5	ADCY6-DT	ENSG00000257660.5	lncRNA	chr12	48789147	48790535	+	1389	2	4	3	divergent	divergent	divergent	FALSE	FALSE	FALSE	FALSE	FALSE	FALSE	TRUE					ADCY6	110	ADCY6	109	FALSE	brown	0.3527	0.0645	0.0645	0.0016531	0.3689	0.3101	0.3581
ENSG00000198221.10	AFDN-DT	ENSG00000198221.10	lncRNA	chr6	167822103	167826812	-	4710	4	5	3	divergent	divergent	divergent	FALSE	FALSE	FALSE	FALSE	FALSE	FALSE	TRUE					AFDN	110	AFDN	109	FALSE	salmon	0.5711	0.6544	0.6544	0.02003	0.4733	0.3457	0.5245
ENSG00000286760.1	AL022069.3	ENSG00000286760.1	lncRNA	chr6	166342632	166351466	+	8835	2	2	2	divergent	divergent	clone-based (unnamed)	FALSE	FALSE	FALSE	FALSE	FALSE	FALSE	TRUE					SFT2D1	56	SFT2D1	55	FALSE	midnightblue	0.3572	-0.1041	0.1041	-0.0031729	0.4759	0.2317	0.6243
ENSG00000226310.1	AL022157.1	ENSG00000226310.1	lncRNA	chrX	57121662	57127243	+	5582	1	2	2	divergent	divergent	clone-based (unnamed)	FALSE	FALSE	FALSE	FALSE	FALSE	FALSE	TRUE					SPIN2B	116	SPIN2B	115	FALSE	turquoise	0.3119	0.4841	0.4841	0.006653	0.393	0.1781	0.5029
ENSG00000261431.1	AL023803.1	ENSG00000261431.1	lncRNA	chr20	38961925	38962111	-	187	1	1	1	divergent	divergent	clone-based (unnamed)	FALSE	FALSE	FALSE	FALSE	FALSE	FALSE	TRUE					DHX35	188	DHX35	187	FALSE	pink	0.5273	0.0103	0.0103	0.0043536	0.3891	0.3169	0.4227
ENSG00000261189.1	AL031058.1	ENSG00000261189.1	lncRNA	chr6	7540451	7541338	-	888	1	1	1	divergent	divergent	clone-based (unnamed)	FALSE	FALSE	FALSE	FALSE	FALSE	FALSE	TRUE					DSP	279	DSP	278	FALSE	grey	0.0596	-0.0308	0.0308	-0.0030763	0.6351	0.438	0.6849
ENSG00000284602.1	AL031432.4	ENSG00000284602.1	lncRNA	chr1	25232586	25234775	+	2190	1	1	1	divergent	divergent	clone-based (unnamed)	FALSE	FALSE	FALSE	FALSE	FALSE	FALSE	TRUE					SYF2	84	SYF2	83	FALSE	turquoise	0.6424	0.8054	0.8054	0.022471	0.4198	0.3177	0.456
ENSG00000271367.1	AL034374.1	ENSG00000271367.1	lncRNA	chr6	53350158	53350705	+	548	1	1	1	divergent	divergent	clone-based (unnamed)	FALSE	FALSE	FALSE	FALSE	FALSE	FALSE	TRUE					ELOVL5	979	ELOVL5	978	FALSE	purple	0.4013	0.0455	0.0455	0.0026951	0.5587	0.3434	0.6654
ENSG00000260464.1	AL049796.1	ENSG00000260464.1	lncRNA	chr1	93847174	93848939	+	1766	1	1	1	divergent	divergent	clone-based (unnamed)	FALSE	FALSE	FALSE	FALSE	FALSE	FALSE	TRUE					BCAR3	24	BCAR3	23	FALSE	grey	-0.0872	0.366	0.366	0.0042837	0.4059	0.162	0.5597
ENSG00000259943.1	AL050341.2	ENSG00000259943.1	lncRNA	chr1	40256427	40257967	-	1541	1	1	1	divergent	divergent	clone-based (unnamed)	FALSE	FALSE	FALSE	FALSE	FALSE	FALSE	TRUE					ZMPSTE24	74	ZMPSTE24	73	FALSE	pink	0.7051	0.511	0.511	0.023302	2.0487	0.4523	1
ENSG00000273004.1	AL078644.1	ENSG00000273004.1	lncRNA	chr1	185317779	185318530	+	752	1	1	1	divergent	divergent	clone-based (unnamed)	FALSE	FALSE	FALSE	FALSE	FALSE	FALSE	TRUE					IVNS1ABP	506	IVNS1ABP	505	FALSE	grey	-0.1822	0.1695	0.1695	0.003235	0.6185	0.2462	0.8415
ENSG00000225938.1	AL109741.1	ENSG00000225938.1	lncRNA	chr1	101235683	101236528	-	846	1	2	2	divergent	divergent	clone-based (unnamed)	FALSE	FALSE	FALSE	FALSE	FALSE	FALSE	TRUE					S1PR1	337	S1PR1	336	FALSE	red	0.6847	0.0344	0.0344	0.0050974	1.5695	0.6556	0.9648
ENSG00000231050.1	AL109917.1	ENSG00000231050.1	lncRNA	chr1	1891471	1892658	+	1188	1	2	2	divergent	divergent	clone-based (unnamed)	FALSE	FALSE	FALSE	FALSE	FALSE	FALSE	TRUE					GNB1	354	GNB1	353	FALSE	pink	0.4484	0.252	0.252	0.0072207	0.3696	0.2429	0.4051
ENSG00000260708.1	AL118516.1	ENSG00000260708.1	lncRNA	chr22	46761894	46762563	-	670	1	1	1	divergent	divergent	clone-based (unnamed)	FALSE	FALSE	FALSE	FALSE	FALSE	FALSE	TRUE					TBC1D22A	54	TBC1D22A	53	FALSE	brown	0.6313	0.3945	0.3945	0.033465	2.1212	0.7061	0.9941
ENSG00000225945.1	AL121574.1	ENSG00000225945.1	lncRNA	chr6	37815777	37819218	-	3442	1	3	3	divergent	divergent	clone-based (unnamed)	FALSE	FALSE	FALSE	FALSE	FALSE	FALSE	TRUE					ZFAND3	509	ZFAND3	508	FALSE	tan	0.536	0.237	0.237	0.0041234	0.2485	0.1695	0.2172
ENSG00000272716.1	AL121658.1	ENSG00000272716.1	lncRNA	chr2	32165046	32165757	-	712	1	1	1	divergent	divergent	clone-based (unnamed)	FALSE	FALSE	FALSE	FALSE	FALSE	FALSE	TRUE					SLC30A6	84	SLC30A6	83	FALSE	brown	0.5903	0.5535	0.5535	0.0091609	0.2627	0.1751	0.229
ENSG00000273619.1	AL121832.2	ENSG00000273619.1	lncRNA	chr20	62386303	62386970	-	668	1	1	1	divergent	divergent	clone-based (unnamed)	FALSE	FALSE	FALSE	FALSE	FALSE	FALSE	TRUE					RPS21	133	RPS21	132	FALSE	brown	0.8121	0.2455	0.2455	0.016789	1.1083	0.4794	0.9648
ENSG00000260000.2	AL133338.1	ENSG00000260000.2	lncRNA	chr6	100881471	100882987	+	1517	1	1	1	divergent	divergent	clone-based (unnamed)	FALSE	FALSE	FALSE	FALSE	FALSE	FALSE	TRUE					ASCC3	99	ASCC3	98	FALSE	pink	0.3851	0.3468	0.3468	0.010661	0.9316	0.3202	0.9804
ENSG00000260285.1	AL133367.1	ENSG00000260285.1	lncRNA	chr14	103525010	103529072	-	4063	1	1	1	divergent	divergent	clone-based (unnamed)	FALSE	FALSE	FALSE	FALSE	FALSE	FALSE	TRUE					TRMT61A	124	TRMT61A	123	FALSE	tan	0.5742	0.7449	0.7449	0.025152	0.7039	0.4071	0.7691
ENSG00000272572.1	AL138762.1	ENSG00000272572.1	lncRNA	chr10	100911103	100912739	-	1637	1	1	1	divergent	divergent	clone-based (unnamed)	FALSE	FALSE	FALSE	FALSE	FALSE	FALSE	TRUE					SLF2	224	SLF2	223	FALSE	pink	0.5972	0.1282	0.1282	0.0044	0.3772	0.1723	0.4521
ENSG00000234694.1	AL139289.1	ENSG00000234694.1	lncRNA	chr1	43354684	43358658	-	3975	1	3	3	divergent	divergent	clone-based (unnamed)	FALSE	FALSE	FALSE	FALSE	FALSE	FALSE	TRUE					CDC20	323	MPL	217	FALSE	magenta	0.5855	0.3394	0.3394	0.0061849	0.4713	0.3099	0.5401
ENSG00000274922.1	AL139384.1	ENSG00000274922.1	lncRNA	chr13	112686769	112689815	-	3047	1	1	1	divergent	divergent	clone-based (unnamed)	FALSE	FALSE	FALSE	FALSE	FALSE	FALSE	TRUE					ATP11A	514	ATP11A	513	FALSE	pink	0.4637	0.2781	0.2781	0.0099502	0.8251	0.297	0.9667
ENSG00000234134.1	AL158835.2	ENSG00000234134.1	lncRNA	chr10	125718771	125719365	-	595	1	2	2	divergent	divergent	clone-based (unnamed)	FALSE	FALSE	FALSE	FALSE	FALSE	FALSE	TRUE					EDRF1	150	EDRF1	149	FALSE	green	0.4337	0.6372	0.6372	0.018216	0.4566	0.3165	0.5225
ENSG00000236924.1	AL162411.1	ENSG00000236924.1	lncRNA	chr9	6645956	6670635	+	24680	1	3	3	divergent	divergent	clone-based (unnamed)	FALSE	FALSE	FALSE	FALSE	FALSE	FALSE	TRUE					GLDC	227	GLDC	226	FALSE	brown	0.3162	0.1401	0.1401	0.004642	0.3355	0.2855	0.3503
ENSG00000288009.1	AL353135.2	ENSG00000288009.1	lncRNA	chr6	89130887	89145985	-	15099	3	4	4	divergent	divergent	clone-based (unnamed)	FALSE	FALSE	FALSE	FALSE	FALSE	FALSE	TRUE					PM20D2	70	PM20D2	69	FALSE	grey	0.2278	0.3921	0.3921	0.0097461	0.4606	0.242	0.5675
ENSG00000275964.1	AL355001.2	ENSG00000275964.1	lncRNA	chr13	19863858	19865048	+	1191	1	1	1	divergent	divergent	clone-based (unnamed)	FALSE	FALSE	FALSE	FALSE	FALSE	FALSE	TRUE					ZMYM5	209	ZMYM5	208	FALSE	pink	0.5954	-0.0783	0.0783	0.0045334	1.6112	0.4221	0.9961
ENSG00000270761.1	AL355353.1	ENSG00000270761.1	lncRNA	chr6	47477243	47477572	-	330	1	1	1	divergent	divergent	clone-based (unnamed)	FALSE	FALSE	FALSE	FALSE	FALSE	FALSE	TRUE					CD2AP	217	CD2AP	216	FALSE	pink	0.7709	0.2342	0.2342	0.025733	1.5978	0.6453	0.9883
ENSG00000238058.2	AL355574.1	ENSG00000238058.2	lncRNA	chr9	135907812	135916126	+	8315	2	4	3	divergent	divergent	clone-based (unnamed)	FALSE	FALSE	FALSE	FALSE	FALSE	FALSE	TRUE					CAMSAP1	266	CAMSAP1	265	FALSE	tan	0.3635	0.5494	0.5494	0.01611	0.9439	0.349	0.9609
ENSG00000259072.2	AL355835.1	ENSG00000259072.2	lncRNA	chr14	38256202	38371338	+	115137	9	9	5	divergent	divergent	clone-based (unnamed)	FALSE	FALSE	FALSE	FALSE	FALSE	FALSE	TRUE					CLEC14A	109	CLEC14A	108	FALSE	red	0.6248	-0.1108	0.1108	-0.0014305	0.2803	0.188	0.2603
ENSG00000288573.1	AL357079.3	ENSG00000288573.1	lncRNA	chr1	43944370	43946551	-	2182	3	3	3	divergent	divergent	clone-based (unnamed)	FALSE	FALSE	FALSE	FALSE	FALSE	FALSE	TRUE					IPO13	399	IPO13	398	FALSE	blue	0.4403	0.4331	0.4331	0.024755	1.2884	0.5379	0.9706
ENSG00000288586.1	AL357874.3	ENSG00000288586.1	lncRNA	chr9	35603437	35605139	-	1703	1	1	1	divergent	divergent	clone-based (unnamed)	FALSE	FALSE	FALSE	FALSE	FALSE	FALSE	TRUE					TESK1	123	TESK1	122	FALSE	brown	0.4208	0.3487	0.3487	0.0046474	0.3626	0.1391	0.4168
ENSG00000258748.1	AL359399.1	ENSG00000258748.1	lncRNA	chr14	104137150	104137898	-	749	1	2	2	divergent	divergent	clone-based (unnamed)	FALSE	FALSE	FALSE	FALSE	FALSE	FALSE	TRUE					KIF26A	825	KIF26A	824	FALSE	salmon	0.5023	0.2302	0.2302	0.012799	0.4379	0.4425	0.4521
ENSG00000271576.1	AL359504.1	ENSG00000271576.1	lncRNA	chr1	84076331	84077931	-	1601	1	1	1	divergent	divergent	clone-based (unnamed)	FALSE	FALSE	FALSE	FALSE	FALSE	FALSE	TRUE					PRKACB	131	PRKACB	130	FALSE	turquoise	0.6677	0.7488	0.7488	0.029593	0.6054	0.4273	0.6067
ENSG00000278238.1	AL359513.1	ENSG00000278238.1	lncRNA	chr13	52454775	52455331	-	557	1	1	1	divergent	divergent	clone-based (unnamed)	FALSE	FALSE	FALSE	FALSE	FALSE	FALSE	TRUE					CKAP2	98	CKAP2	97	FALSE	brown	0.4718	0.1719	0.1719	0.0067489	0.5939	0.3463	0.7358
ENSG00000260273.1	AL359711.2	ENSG00000260273.1	lncRNA	chr6	109382795	109383666	+	872	1	1	1	divergent	divergent	clone-based (unnamed)	FALSE	FALSE	FALSE	FALSE	FALSE	FALSE	TRUE					CD164	328	CD164	327	FALSE	grey	-0.1405	0.0587	0.0587	0.0010816	0.3872	0.17	0.4697
ENSG00000272068.1	AL365181.2	ENSG00000272068.1	lncRNA	chr1	156637783	156641004	-	3222	1	1	1	divergent	divergent	clone-based (unnamed)	FALSE	FALSE	FALSE	FALSE	FALSE	FALSE	TRUE					BCAN	386	BCAN	385	FALSE	brown	0.3716	0.2252	0.2252	0.01848	0.907	0.6157	0.8023
ENSG00000226465.3	AL390198.1	ENSG00000226465.3	lncRNA	chr20	25697003	25752776	+	55774	4	4	3	divergent	divergent	clone-based (unnamed)	FALSE	FALSE	FALSE	FALSE	FALSE	FALSE	TRUE					ZNF337	150	ZNF337	149	FALSE	grey	0.2196	0.1413	0.1413	0.0025206	0.2732	0.1726	0.2427
ENSG00000271040.1	AL390955.2	ENSG00000271040.1	lncRNA	chr6	157323964	157324477	+	514	1	1	1	divergent	divergent	clone-based (unnamed)	FALSE	FALSE	FALSE	FALSE	FALSE	FALSE	TRUE					TMEM242	363	TMEM242	362	FALSE	red	0.4745	-0.0953	0.0953	-0.0012268	0.5744	0.2262	0.8004
ENSG00000272933.1	AL391121.1	ENSG00000272933.1	lncRNA	chr10	102642792	102644140	-	1349	1	1	1	divergent	divergent	clone-based (unnamed)	FALSE	FALSE	FALSE	FALSE	FALSE	FALSE	TRUE					TRIM8	339	TRIM8	338	FALSE	magenta	0.4108	-0.0016	0.0016	-0.0023605	1.2301	0.4579	0.9824
ENSG00000224934.5	AL391684.1	ENSG00000224934.5	lncRNA	chr10	99430919	99463259	+	32341	9	6	5	divergent	divergent	clone-based (unnamed)	FALSE	FALSE	FALSE	FALSE	FALSE	FALSE	TRUE					GOT1	295	GOT1	294	FALSE	turquoise	0.5122	0.8332	0.8332	0.020448	0.4566	0.309	0.4932
ENSG00000287811.1	AL391840.3	ENSG00000287811.1	lncRNA	chr6	79537540	79539976	+	2437	1	2	2	divergent	divergent	clone-based (unnamed)	FALSE	FALSE	FALSE	FALSE	FALSE	FALSE	TRUE					LCA5	82	LCA5	81	FALSE	grey	0.0043	0.4941	0.4941	0.0091691	0.6077	0.2666	0.8297
ENSG00000277767.1	AL442128.2	ENSG00000277767.1	lncRNA	chr13	110916004	110917827	+	1824	1	1	1	divergent	divergent	clone-based (unnamed)	FALSE	FALSE	FALSE	FALSE	FALSE	FALSE	TRUE					ANKRD10	935	ANKRD10	934	FALSE	turquoise	0.6588	0.7756	0.7756	0.01364	0.2671	0.2084	0.2466
ENSG00000272205.1	AL451050.2	ENSG00000272205.1	lncRNA	chr1	167219831	167220512	-	682	1	1	1	divergent	divergent	clone-based (unnamed)	FALSE	FALSE	FALSE	FALSE	FALSE	FALSE	TRUE					POU2F1	364	POU2F1	363	FALSE	turquoise	0.6583	0.6902	0.6902	0.015352	0.2919	0.2521	0.2935
ENSG00000286451.1	AL499602.1	ENSG00000286451.1	lncRNA	chr9	83063398	83069143	+	5746	1	2	2	divergent	divergent	clone-based (unnamed)	FALSE	FALSE	FALSE	FALSE	FALSE	FALSE	TRUE					RASEF	221	RASEF	220	FALSE	grey	0.0557	0.2025	0.2025	0.011626	1.2811	0.5181	0.9569
ENSG00000273107.1	AL512598.1	ENSG00000273107.1	lncRNA	chr10	24953241	24953513	+	273	1	1	1	divergent	divergent	clone-based (unnamed)	FALSE	FALSE	FALSE	FALSE	FALSE	FALSE	TRUE					PRTFDC1	635	PRTFDC1	634	FALSE	grey	0.0443	0.1829	0.1829	0.0064783	0.5403	0.3659	0.6164
ENSG00000238260.1	AL513320.1	ENSG00000238260.1	lncRNA	chr1	3623190	3624743	-	1554	1	3	3	divergent	divergent	clone-based (unnamed)	FALSE	FALSE	FALSE	FALSE	FALSE	FALSE	TRUE					TPRG1L	272	TPRG1L	271	FALSE	turquoise	0.7662	0.7092	0.7092	0.044797	0.814	0.6463	0.6575
ENSG00000277020.4	AL590096.1	ENSG00000277020.4	lncRNA	chr13	20564708	20567045	-	2338	2	4	4	divergent	divergent	clone-based (unnamed)	FALSE	FALSE	FALSE	FALSE	FALSE	FALSE	TRUE					IFT88	93	IFT88	92	FALSE	turquoise	0.5413	0.6938	0.6938	0.021144	0.3982	0.3193	0.4149
ENSG00000288670.1	AL592295.6	ENSG00000288670.1	lncRNA	chr1	161368022	161371964	+	3943	1	2	2	divergent	divergent	clone-based (unnamed)	FALSE	FALSE	FALSE	FALSE	FALSE	FALSE	TRUE					CFAP126	146	CFAP126	145	FALSE	blue	0.4268	0.2028	0.2028	0.0086373	2.5397	0.4579	1
ENSG00000273001.1	AL731533.2	ENSG00000273001.1	lncRNA	chr10	3065424	3066001	-	578	1	1	1	divergent	divergent	clone-based (unnamed)	FALSE	FALSE	FALSE	FALSE	FALSE	FALSE	TRUE					PFKP	332	PFKP	331	FALSE	salmon	0.6376	0.3082	0.3082	0.031634	2.3509	0.7517	0.9922
ENSG00000227896.2	AL731569.1	ENSG00000227896.2	lncRNA	chr10	86521945	86525101	+	3157	1	2	2	divergent	divergent	clone-based (unnamed)	FALSE	FALSE	FALSE	FALSE	FALSE	FALSE	TRUE					WAPL	153	WAPL	152	FALSE	turquoise	0.7588	0.7832	0.7832	0.019658	0.409	0.2808	0.4403
ENSG00000281849.3	AL732314.10	ENSG00000281849.3	lncRNA	chrX	386980	405579	+	18600	1	2	2	divergent	divergent	clone-based (unnamed)	FALSE	FALSE	FALSE	FALSE	FALSE	FALSE	TRUE					PPP2R3B	25	PPP2R3B	24	FALSE	grey	0.0116	0.3055	0.3055	0.00339	0.2748	0.1447	0.2192
ENSG00000273355.1	AP000894.4	ENSG00000273355.1	lncRNA	chr18	813274	813756	+	483	1	1	1	divergent	divergent	clone-based (unnamed)	FALSE	FALSE	FALSE	FALSE	FALSE	FALSE	TRUE					YES1	728	YES1	727	FALSE	tan	0.667	0.1842	0.1842	0.01082	1.0205	0.4579	0.9315
ENSG00000263727.1	AP001178.1	ENSG00000263727.1	lncRNA	chr18	653985	657259	-	3275	1	2	2	divergent	divergent	clone-based (unnamed)	FALSE	FALSE	FALSE	FALSE	FALSE	FALSE	TRUE					TYMS	394	TYMS	393	FALSE	grey	-0.0367	0.5217	0.5217	0.013062	0.3273	0.2956	0.3483
ENSG00000269038.1	AP001462.1	ENSG00000269038.1	lncRNA	chr11	64778954	64779405	+	452	1	1	1	divergent	divergent	clone-based (unnamed)	FALSE	FALSE	FALSE	FALSE	FALSE	FALSE	TRUE					SF1	168	SF1	167	FALSE	brown	0.4288	0.6358	0.6358	0.018295	0.6906	0.3161	0.8258
ENSG00000255135.4	AP002360.1	ENSG00000255135.4	lncRNA	chr11	76435559	76444687	-	9129	5	3	2	divergent	divergent	clone-based (unnamed)	FALSE	FALSE	FALSE	FALSE	FALSE	FALSE	TRUE					EMSY	236	EMSY	235	FALSE	brown	0.6584	0.2258	0.2258	0.01482	1.8911	0.523	0.998
ENSG00000286369.1	AP002813.1	ENSG00000286369.1	lncRNA	chr11	68272102	68284879	+	12778	1	3	3	divergent	divergent	clone-based (unnamed)	FALSE	FALSE	FALSE	FALSE	FALSE	FALSE	TRUE					C11orf24	101	C11orf24	100	FALSE	pink	0.4628	0.2604	0.2604	0.0073482	0.4115	0.2139	0.4971
ENSG00000283959.1	AP002851.1	ENSG00000283959.1	lncRNA	chr8	102656464	102687118	+	30655	1	5	5	divergent	divergent	clone-based (unnamed)	FALSE	FALSE	FALSE	FALSE	FALSE	FALSE	TRUE					KLF10	739	KLF10	738	FALSE	grey	0.2815	0.2473	0.2473	0.0067607	0.4731	0.2532	0.5753
ENSG00000254854.1	AP003390.1	ENSG00000254854.1	lncRNA	chr11	119729583	119739623	+	10041	1	4	4	divergent	divergent	clone-based (unnamed)	FALSE	FALSE	FALSE	FALSE	FALSE	FALSE	TRUE					NECTIN1	383	NECTIN1	382	FALSE	grey	0.2417	0.0391	0.0391	0.00090101	0.3467	0.2752	0.3483
ENSG00000272186.1	AP003392.5	ENSG00000272186.1	lncRNA	chr11	119067374	119067698	-	325	1	1	1	divergent	divergent	clone-based (unnamed)	FALSE	FALSE	FALSE	FALSE	FALSE	FALSE	TRUE					VPS11	120	VPS11	119	FALSE	brown	0.4289	0.4504	0.4504	0.011081	0.488	0.2645	0.6341
ENSG00000256944.1	AP003721.3	ENSG00000256944.1	lncRNA	chr11	60913166	60914052	-	887	1	2	2	divergent	divergent	clone-based (unnamed)	FALSE	FALSE	FALSE	FALSE	FALSE	FALSE	TRUE					TMEM109	106	TMEM109	105	FALSE	midnightblue	0.4581	-0.1272	0.1272	-0.0048491	0.7834	0.3091	0.9061
ENSG00000257052.1	AP003721.4	ENSG00000257052.1	lncRNA	chr11	60906789	60909742	+	2954	1	2	2	divergent	divergent	clone-based (unnamed)	FALSE	FALSE	FALSE	FALSE	FALSE	FALSE	TRUE					PRPF19	204	PRPF19	203	FALSE	cyan	0.4546	-0.0669	0.0669	-0.00089841	0.4514	0.2058	0.6145
ENSG00000278376.1	AP004609.3	ENSG00000278376.1	lncRNA	chr11	118791254	118793137	+	1884	1	1	1	divergent	divergent	clone-based (unnamed)	FALSE	FALSE	FALSE	FALSE	FALSE	FALSE	TRUE					DDX6	90	DDX6	89	FALSE	pink	0.6644	0.116	0.116	0.012149	1.0961	0.442	0.9746
ENSG00000255284.2	AP006621.3	ENSG00000255284.2	lncRNA	chr11	777578	784297	+	6720	4	3	4	divergent	divergent	clone-based (unnamed)	FALSE	FALSE	FALSE	FALSE	FALSE	FALSE	TRUE					GATD1	90	GATD1	89	FALSE	brown	0.609	0.637	0.637	0.037814	1.6226	0.5947	0.9961
ENSG00000214293.9	APTR	ENSG00000214293.9	lncRNA	chr7	77657659	77696267	-	38609	11	4	4	divergent	divergent	other	FALSE	FALSE	FALSE	FALSE	FALSE	FALSE	TRUE					RSBN1L	192	RSBN1L	191	FALSE	lightcyan	0.6029	0.2921	0.2921	0.016498	1.7759	0.4813	1
ENSG00000255545.8	B3GAT1-DT	ENSG00000255545.8	lncRNA	chr11	134412284	134505665	+	93382	7	10	6	divergent	divergent	divergent	FALSE	FALSE	FALSE	FALSE	FALSE	FALSE	TRUE					B3GAT1	42	B3GAT1	41	FALSE	magenta	0.5259	0.2128	0.2128	0.010541	0.4905	0.6706	0.3738
ENSG00000226137.5	BAIAP2-DT	ENSG00000226137.5	lncRNA	chr17	81029130	81034881	-	5752	2	2	2	divergent	divergent	divergent	FALSE	FALSE	FALSE	FALSE	FALSE	FALSE	TRUE					BAIAP2	241	BAIAP2	240	FALSE	pink	0.4392	-0.0174	0.0174	0.006043	3.1711	0.4634	1
ENSG00000225439.3	BOLA3-AS1	ENSG00000225439.3	lncRNA	chr2	74148007	74151952	+	3946	5	2	3	divergent	divergent	antisense	FALSE	FALSE	FALSE	FALSE	FALSE	FALSE	TRUE					BOLA3	95	BOLA3	94	FALSE	grey	-0.0676	0.0555	0.0555	0.00060057	1.0448	0.333	0.9941
ENSG00000273796.1	BX322562.1	ENSG00000273796.1	lncRNA	chr21	45403809	45404369	-	561	1	1	1	divergent	divergent	clone-based (unnamed)	FALSE	FALSE	FALSE	FALSE	FALSE	FALSE	TRUE					COL18A1	796	COL18A1	795	FALSE	pink	0.4696	0.1963	0.1963	0.022726	2.4626	0.7147	0.9922
ENSG00000270419.1	CAHM	ENSG00000270419.1	lncRNA	chr6	163413065	163413960	-	896	1	1	1	divergent	divergent	other	FALSE	FALSE	FALSE	FALSE	FALSE	FALSE	TRUE					QKI	40	QKI	39	FALSE	brown	0.6562	0.6068	0.6068	0.020523	0.6116	0.3434	0.728
ENSG00000237436.1	CAMTA1-DT	ENSG00000237436.1	lncRNA	chr1	6783892	6784843	-	952	1	3	3	divergent	divergent	divergent	FALSE	FALSE	FALSE	FALSE	FALSE	FALSE	TRUE					CAMTA1	611	CAMTA1	610	FALSE	brown	0.6866	0.284	0.284	0.0088687	0.4129	0.2587	0.4658
ENSG00000260942.1	CAPN10-DT	ENSG00000260942.1	lncRNA	chr2	240582700	240586699	-	4000	1	1	1	divergent	divergent	divergent	FALSE	FALSE	FALSE	FALSE	FALSE	FALSE	TRUE					CAPN10	35	CAPN10	34	FALSE	turquoise	0.7126	0.7854	0.7854	0.025992	0.5682	0.3886	0.5734
ENSG00000273061.1	CDC37L1-DT	ENSG00000273061.1	lncRNA	chr9	4676600	4679502	-	2903	2	3	2	divergent	divergent	divergent	FALSE	FALSE	FALSE	FALSE	FALSE	FALSE	TRUE					CDC37L1	57	CDC37L1	56	FALSE	pink	0.5956	0.224	0.224	0.012925	0.9427	0.352	0.9667
ENSG00000267296.2	CEBPA-DT	ENSG00000267296.2	lncRNA	chr19	33302857	33305054	+	2198	1	1	1	divergent	divergent	divergent	FALSE	FALSE	FALSE	FALSE	FALSE	FALSE	TRUE					CEBPA	323	CEBPA	322	FALSE	greenyellow	0.3338	0.0082	0.0082	0.00074921	0.4687	0.3083	0.5401
ENSG00000255121.2	CENATAC-DT	ENSG00000255121.2	lncRNA	chr11	118994824	118998004	-	3181	2	3	2	divergent	divergent	divergent	FALSE	FALSE	FALSE	FALSE	FALSE	FALSE	TRUE					CENATAC	134	CENATAC	133	FALSE	cyan	0.5909	0.3202	0.3202	0.0098793	0.8765	0.3328	0.9472
ENSG00000231233.1	CFAP58-DT	ENSG00000231233.1	lncRNA	chr10	104351591	104353575	-	1985	1	2	2	divergent	divergent	divergent	FALSE	FALSE	FALSE	FALSE	FALSE	FALSE	TRUE					CFAP58	258	CFAP58	257	FALSE	grey	0.1381	0.2134	0.2134	0.0085399	0.6883	0.3909	0.7671
ENSG00000197180.2	CH17-340M24.3	ENSG00000197180.2	lncRNA	chrX	154424380	154428479	-	4100	1	2	2	divergent	divergent	other	FALSE	FALSE	FALSE	FALSE	FALSE	FALSE	TRUE					ATP6AP1	154	ATP6AP1	153	FALSE	brown	0.5477	-0.0577	0.0577	0.0042188	2.7057	0.5052	1
ENSG00000261737.1	CLCA4-AS1	ENSG00000261737.1	lncRNA	chr1	86703502	86704462	-	961	1	1	1	divergent	divergent	antisense	FALSE	FALSE	FALSE	FALSE	FALSE	FALSE	TRUE					SH3GLB1	108	SH3GLB1	107	FALSE	red	0.363	0.1024	0.1024	0.0016321	0.7331	0.203	0.9569
ENSG00000260025.1	CRIM1-DT	ENSG00000260025.1	lncRNA	chr2	36354749	36355114	-	366	1	1	1	divergent	divergent	divergent	FALSE	FALSE	FALSE	FALSE	FALSE	FALSE	TRUE					CRIM1	664	CRIM1	663	FALSE	blue	0.46	-0.0226	0.0226	0.011214	3.1885	0.7383	1
ENSG00000234215.3	CT66	ENSG00000234215.3	lncRNA	chr7	69594793	69597493	-	2701	2	2	2	divergent	divergent	clone-based (unnamed)	FALSE	FALSE	FALSE	FALSE	FALSE	FALSE	TRUE					AUTS2	803	AUTS2	802	FALSE	brown	0.3579	0.4443	0.4443	0.0085613	0.2398	0.2208	0.1957
ENSG00000233203.6	DHCR24-DT	ENSG00000233203.6	lncRNA	chr1	54887563	54888850	+	1288	4	2	3	divergent	divergent	divergent	FALSE	FALSE	FALSE	FALSE	FALSE	FALSE	TRUE					DHCR24	368	DHCR24	367	FALSE	greenyellow	0.526	-0.0394	0.0394	-0.00024988	0.2456	0.2072	0.2114
ENSG00000258498.8	DIO3OS	ENSG00000258498.8	lncRNA	chr14	101552221	101560431	-	8211	12	3	4	divergent	divergent	other	FALSE	FALSE	FALSE	FALSE	FALSE	FALSE	TRUE					DIO3	920	DIO3	919	FALSE	grey	0.2288	0.4372	0.4372	0.0089155	0.2494	0.3841	0.1957
ENSG00000281491.1	DNAJB5-DT	ENSG00000281491.1	lncRNA	chr9	34985410	34989379	-	3970	1	2	2	divergent	divergent	divergent	FALSE	FALSE	FALSE	FALSE	FALSE	FALSE	TRUE					DNAJB5	262	DNAJB5	261	FALSE	blue	0.3614	0.4123	0.4123	0.011808	0.3135	0.3046	0.2838
ENSG00000247400.4	DNAJC3-DT	ENSG00000247400.4	lncRNA	chr13	95648733	95676955	-	28223	4	4	3	divergent	divergent	divergent	FALSE	FALSE	FALSE	FALSE	FALSE	FALSE	TRUE					DNAJC3	184	DNAJC3	183	FALSE	tan	0.7108	0.382	0.382	0.011454	1.0791	0.3756	0.9804
ENSG00000234028.3	EIF2AK3-DT	ENSG00000234028.3	lncRNA	chr2	88627539	88631821	+	4283	2	1	2	divergent	divergent	divergent	FALSE	FALSE	FALSE	FALSE	FALSE	FALSE	TRUE					EIF2AK3	75	EIF2AK3	74	FALSE	pink	0.4874	0.3763	0.3763	0.0073128	0.6988	0.2206	0.9569
ENSG00000278921.2	EPB41L4A-DT	ENSG00000278921.2	lncRNA	chr5	112419583	112420978	+	1396	2	1	1	divergent	divergent	divergent	FALSE	FALSE	FALSE	FALSE	FALSE	FALSE	TRUE					EPB41L4A	270	EPB41L4A	269	FALSE	tan	0.4426	-0.0283	0.0283	0.0033386	1.7775	0.474	0.9941
ENSG00000234690.7	EPCAM-DT	ENSG00000234690.7	lncRNA	chr2	47192405	47345074	-	152670	6	10	5	divergent	divergent	divergent	FALSE	FALSE	FALSE	FALSE	FALSE	FALSE	TRUE					EPCAM	84	EPCAM	83	FALSE	blue	0.5024	0.182	0.182	0.0091751	0.7557	0.3772	0.818
ENSG00000280303.2	ERICD	ENSG00000280303.2	lncRNA	chr8	140636281	140638283	+	2003	1	1	1	divergent	divergent	other	FALSE	FALSE	FALSE	FALSE	FALSE	FALSE	TRUE					AGO2	648	AGO2	647	FALSE	grey	-0.0562	0.0747	0.0747	0.0025442	0.7217	0.282	0.91
ENSG00000260565.7	ERVK13-1	ENSG00000260565.7	lncRNA	chr16	2660348	2682379	-	22032	44	4	7	divergent	divergent	other	FALSE	FALSE	FALSE	FALSE	FALSE	FALSE	TRUE					KCTD5	144	KCTD5	143	FALSE	black	0.6265	0.8763	0.8763	0.029348	0.8312	0.4173	0.8454
ENSG00000221990.4	EXOC3-AS1	ENSG00000221990.4	lncRNA	chr5	441498	443160	-	1663	2	1	1	divergent	divergent	antisense	FALSE	FALSE	FALSE	FALSE	FALSE	FALSE	TRUE					EXOC3	15	EXOC3	14	FALSE	pink	0.5677	0.0059	0.0059	0.0075021	2.0135	0.6259	1
ENSG00000251611.1	FAM160A1-DT	ENSG00000251611.1	lncRNA	chr4	151407551	151408835	-	1285	1	2	2	divergent	divergent	divergent	FALSE	FALSE	FALSE	FALSE	FALSE	FALSE	TRUE					FAM160A1	341	FAM160A1	340	FALSE	cyan	0.6513	0.2312	0.2312	0.006012	0.6349	0.3521	0.7456
ENSG00000227908.3	FLJ31104	ENSG00000227908.3	lncRNA	chr5	55995167	56003649	+	8483	1	2	2	divergent	divergent	other	FALSE	FALSE	FALSE	FALSE	FALSE	FALSE	TRUE					IL6ST	145	IL6ST	144	FALSE	pink	0.5015	0.5416	0.5416	0.010668	0.3152	0.1922	0.2857
ENSG00000198468.9	FLVCR1-DT	ENSG00000198468.9	lncRNA	chr1	212852105	212858126	-	6022	5	3	2	divergent	divergent	divergent	FALSE	FALSE	FALSE	FALSE	FALSE	FALSE	TRUE					FLVCR1	149	FLVCR1	148	FALSE	grey	-0.0644	0.1141	0.1141	0.0048612	0.6189	0.3778	0.6986
ENSG00000246523.8	FZD4-DT	ENSG00000246523.8	lncRNA	chr11	86955616	87021909	+	66294	3	5	4	divergent	divergent	divergent	FALSE	FALSE	FALSE	FALSE	FALSE	FALSE	TRUE					FZD4	221	FZD4	220	FALSE	blue	0.5098	0.0643	0.0643	0.0034092	0.7132	0.3058	0.8924
ENSG00000272695.2	GAS6-DT	ENSG00000272695.2	lncRNA	chr13	113864112	113866834	+	2723	3	2	3	divergent	divergent	divergent	FALSE	FALSE	FALSE	FALSE	FALSE	FALSE	TRUE					GAS6	36	GAS6	35	FALSE	magenta	0.6206	0.0049	0.0049	-0.0046226	0.7524	0.5083	0.7945
ENSG00000250903.9	GMDS-DT	ENSG00000250903.9	lncRNA	chr6	2245718	2525976	+	280259	31	21	8	divergent	divergent	divergent	FALSE	FALSE	FALSE	FALSE	FALSE	FALSE	TRUE					GMDS	113	GMDS	112	FALSE	grey	-0.295	0.5803	0.5803	0.0066042	0.4356	0.1353	0.6341
ENSG00000277232.2	GTSE1-DT	ENSG00000277232.2	lncRNA	chr22	46295143	46296660	-	1518	2	1	1	divergent	divergent	divergent	FALSE	FALSE	FALSE	FALSE	FALSE	FALSE	TRUE					GTSE1	210	GTSE1	209	FALSE	magenta	0.6301	0.2296	0.2296	0.0022749	0.3556	0.1776	0.3738
ENSG00000197568.14	HHLA3	ENSG00000197568.14	lncRNA	chr1	70354805	70385339	+	30535	7	6	5	divergent	divergent	other	FALSE	FALSE	FALSE	FALSE	FALSE	FALSE	TRUE					ANKRD13C	71	ANKRD13C	70	FALSE	purple	0.4922	-0.0676	0.0676	0.0047517	2.611	0.5197	0.998
ENSG00000223855.2	HRAT92	ENSG00000223855.2	lncRNA	chr7	520391	525238	+	4848	4	2	3	divergent	divergent	other	FALSE	FALSE	FALSE	FALSE	FALSE	FALSE	TRUE					PDGFA	95	PDGFA	94	FALSE	salmon	0.5092	0.4571	0.4571	0.020357	0.5467	0.432	0.5558
ENSG00000203684.5	IBA57-DT	ENSG00000203684.5	lncRNA	chr1	228164086	228165512	-	1427	2	3	2	divergent	divergent	divergent	FALSE	FALSE	FALSE	FALSE	FALSE	FALSE	TRUE					IBA57	292	IBA57	291	FALSE	turquoise	0.4884	0.6833	0.6833	0.017768	0.3841	0.2896	0.407
ENSG00000267100.1	ILF3-DT	ENSG00000267100.1	lncRNA	chr19	10651862	10653844	-	1983	1	1	1	divergent	divergent	divergent	FALSE	FALSE	FALSE	FALSE	FALSE	FALSE	TRUE					ILF3	417	ILF3	416	FALSE	pink	0.7838	0.2834	0.2834	0.023521	3.5453	0.6229	1
ENSG00000271646.1	IRF2-DT	ENSG00000271646.1	lncRNA	chr4	184474802	184477304	+	2503	1	1	1	divergent	divergent	divergent	FALSE	FALSE	FALSE	FALSE	FALSE	FALSE	TRUE					IRF2	252	IRF2	251	FALSE	pink	0.6127	0.3132	0.3132	0.011078	1.2198	0.299	0.9961
ENSG00000231249.1	ITPR1-DT	ENSG00000231249.1	lncRNA	chr3	4490891	4493163	-	2273	1	2	2	divergent	divergent	divergent	FALSE	FALSE	FALSE	FALSE	FALSE	FALSE	TRUE					ITPR1	182	ITPR1	181	FALSE	magenta	0.5978	0.5074	0.5074	0.010457	0.4715	0.347	0.5264
ENSG00000260231.2	KDM7A-DT	ENSG00000260231.2	lncRNA	chr7	140177184	140179640	+	2457	1	1	1	divergent	divergent	divergent	FALSE	FALSE	FALSE	FALSE	FALSE	FALSE	TRUE					KDM7A	201	KDM7A	200	FALSE	grey	0.2228	-0.0387	0.0387	-0.0030061	1.6375	0.4673	1
ENSG00000230658.2	KLHL7-DT	ENSG00000230658.2	lncRNA	chr7	23100214	23105703	-	5490	2	3	3	divergent	divergent	divergent	FALSE	FALSE	FALSE	FALSE	FALSE	FALSE	TRUE					KLHL7	55	KLHL7	54	FALSE	grey	0.1006	0.1051	0.1051	0.00074938	0.2626	0.2084	0.2368
ENSG00000223768.2	LINC00205	ENSG00000223768.2	lncRNA	chr21	45288050	45297806	+	9757	4	3	4	divergent	divergent	lincRNA (named)	FALSE	FALSE	FALSE	FALSE	FALSE	FALSE	TRUE					POFUT2	152	POFUT2	151	FALSE	grey	-0.1175	0.5055	0.5055	0.017451	1.5211	0.4465	0.998
ENSG00000277142.1	LINC00235	ENSG00000277142.1	lncRNA	chr16	525155	527407	-	2253	1	1	1	divergent	divergent	lincRNA (named)	FALSE	FALSE	FALSE	FALSE	FALSE	FALSE	TRUE					CAPN15	305	CAPN15	304	FALSE	pink	0.5184	0.358	0.358	0.011312	0.6919	0.3289	0.8337
ENSG00000225039.1	LINC01058	ENSG00000225039.1	lncRNA	chr13	30419519	30422237	-	2719	1	2	2	divergent	divergent	lincRNA (named)	FALSE	FALSE	FALSE	FALSE	FALSE	FALSE	TRUE					UBE2L5	251	UBE2L5	250	FALSE	cyan	0.5266	0.2816	0.2816	0.0071386	0.4601	0.2912	0.5675
ENSG00000279873.2	LINC01126	ENSG00000279873.2	lncRNA	chr2	43227210	43228855	+	1646	1	1	1	divergent	divergent	lincRNA (named)	FALSE	FALSE	FALSE	FALSE	FALSE	FALSE	TRUE					ZFP36L2	604	ZFP36L2	603	FALSE	turquoise	0.3613	0.7115	0.7115	0.025335	0.5561	0.4006	0.5851
ENSG00000236423.6	LINC01134	ENSG00000236423.6	lncRNA	chr1	3900352	3917225	+	16874	4	5	4	divergent	divergent	lincRNA (named)	FALSE	FALSE	FALSE	FALSE	FALSE	FALSE	TRUE					C1orf174	59	C1orf174	58	FALSE	turquoise	0.307	0.3128	0.3128	0.0056401	0.2757	0.2179	0.2583
ENSG00000233621.2	LINC01137	ENSG00000233621.2	lncRNA	chr1	37350934	37474411	-	123478	2	4	3	divergent	divergent	lincRNA (named)	FALSE	FALSE	FALSE	FALSE	FALSE	FALSE	TRUE					ZC3H12A	169	ZC3H12A	168	FALSE	pink	0.3995	-0.0682	0.0682	0.0047601	1.6549	0.4059	1
ENSG00000231106.2	LINC01436	ENSG00000231106.2	lncRNA	chr21	36005338	36007838	+	2501	1	2	2	divergent	divergent	lincRNA (named)	FALSE	FALSE	FALSE	FALSE	FALSE	FALSE	TRUE					RUNX1	671	RUNX1	670	FALSE	grey	0.3555	0.0735	0.0735	-0.0046638	0.6766	1.0282	0.3914
ENSG00000213888.3	LINC01521	ENSG00000213888.3	lncRNA	chr22	31346777	31348719	+	1943	2	1	1	divergent	divergent	lincRNA (named)	FALSE	FALSE	FALSE	FALSE	FALSE	FALSE	TRUE					PATZ1	431	PATZ1	430	FALSE	grey	-0.3076	0.1827	0.1827	0.0032047	0.6933	0.2658	0.8806
ENSG00000225975.7	LINC01534	ENSG00000225975.7	lncRNA	chr19	36682636	36687449	-	4814	4	3	4	divergent	divergent	lincRNA (named)	FALSE	FALSE	FALSE	FALSE	FALSE	FALSE	TRUE					ZNF567	163	ZNF567	162	FALSE	cyan	0.7025	0.6105	0.6105	0.017128	0.7154	0.3282	0.8611
ENSG00000183250.12	LINC01547	ENSG00000183250.12	lncRNA	chr21	44932814	44939937	-	7124	10	3	4	divergent	divergent	lincRNA (named)	FALSE	FALSE	FALSE	FALSE	FALSE	FALSE	TRUE					FAM207A	75	FAM207A	74	FALSE	grey	0.0339	0.3472	0.3472	0.014073	0.8411	0.3372	0.9413
ENSG00000196741.5	LINC01560	ENSG00000196741.5	lncRNA	chrX	47483571	47484823	+	1253	2	1	1	divergent	divergent	lincRNA (named)	FALSE	FALSE	FALSE	FALSE	FALSE	FALSE	TRUE					ZNF41	625	ZNF41	624	FALSE	tan	0.5629	0.3535	0.3535	0.010738	1.7535	0.3679	1
ENSG00000229388.1	LINC01715	ENSG00000229388.1	lncRNA	chr1	28643228	28648581	+	5354	2	3	2	divergent	divergent	lincRNA (named)	FALSE	FALSE	FALSE	FALSE	FALSE	FALSE	TRUE					TAF12	143	TAF12	142	FALSE	brown	0.3492	0.3102	0.3102	0.0052889	0.3535	0.1577	0.3914
ENSG00000225285.1	LINC01770	ENSG00000225285.1	lncRNA	chr1	1430539	1434573	-	4035	4	3	2	divergent	divergent	lincRNA (named)	FALSE	FALSE	FALSE	FALSE	FALSE	FALSE	TRUE					VWA1	288	VWA1	287	FALSE	grey	0.3501	0.25	0.25	0.015706	0.9524	0.5501	0.8611
ENSG00000248489.2	LINC02062	ENSG00000248489.2	lncRNA	chr5	98929171	98995013	+	65843	2	6	5	divergent	divergent	lincRNA (named)	FALSE	FALSE	FALSE	FALSE	FALSE	FALSE	TRUE					CHD1	164	CHD1	163	FALSE	turquoise	0.5429	0.7324	0.7324	0.013454	0.3747	0.2106	0.3973
ENSG00000245812.3	LINC02202	ENSG00000245812.3	lncRNA	chr5	159100483	159117478	+	16996	3	4	3	divergent	divergent	lincRNA (named)	FALSE	FALSE	FALSE	FALSE	FALSE	FALSE	TRUE					EBF1	567	EBF1	566	FALSE	red	0.8223	0.1586	0.1586	0.0041517	0.5216	0.2673	0.7045
ENSG00000257595.3	LINC02356	ENSG00000257595.3	lncRNA	chr12	111369261	111403310	+	34050	2	4	3	divergent	divergent	lincRNA (named)	FALSE	FALSE	FALSE	FALSE	FALSE	FALSE	TRUE					PHETA1	140	PHETA1	139	FALSE	brown	0.3095	0.1818	0.1818	0.0043974	0.2502	0.1946	0.2016
ENSG00000255760.2	LINC02422	ENSG00000255760.2	lncRNA	chr12	31876969	31959316	-	82348	2	4	3	divergent	divergent	lincRNA (named)	FALSE	FALSE	FALSE	FALSE	FALSE	FALSE	TRUE					RESF1	54	RESF1	53	FALSE	yellow	0.6316	0.4086	0.4086	0.0080055	0.328	0.1937	0.2759
ENSG00000228350.1	LINC02585	ENSG00000228350.1	lncRNA	chr3	48663776	48669174	+	5399	1	3	3	divergent	divergent	lincRNA (named)	FALSE	FALSE	FALSE	FALSE	FALSE	FALSE	TRUE					CELSR3	890	CELSR3	889	FALSE	turquoise	0.3096	0.5405	0.5405	0.018694	0.6419	0.4083	0.7045
ENSG00000224965.1	LINC02586	ENSG00000224965.1	lncRNA	chr1	110208834	110209987	-	1154	1	2	2	divergent	divergent	lincRNA (named)	FALSE	FALSE	FALSE	FALSE	FALSE	FALSE	TRUE					KCNC4	327	KCNC4	326	FALSE	red	0.4675	0.2501	0.2501	0.010693	0.4663	0.3516	0.4951
ENSG00000205791.3	LOH12CR2	ENSG00000205791.3	lncRNA	chr12	12355406	12357067	-	1662	1	2	2	divergent	divergent	other	FALSE	FALSE	FALSE	FALSE	FALSE	FALSE	TRUE					BORCS5	11	BORCS5	10	FALSE	pink	0.4961	-0.038	0.038	0.0011761	0.8723	0.2571	0.9804
ENSG00000238198.2	LRIG2-DT	ENSG00000238198.2	lncRNA	chr1	113011687	113073113	-	61427	1	3	3	divergent	divergent	divergent	FALSE	FALSE	FALSE	FALSE	FALSE	FALSE	TRUE					LRIG2	85	LRIG2	84	FALSE	grey	-0.0163	0.6804	0.6804	0.007775	0.2849	0.145	0.225
ENSG00000265688.2	MAFG-DT	ENSG00000265688.2	lncRNA	chr17	81927829	81930753	+	2925	1	2	2	divergent	divergent	divergent	FALSE	FALSE	FALSE	FALSE	FALSE	FALSE	TRUE					MAFG	94	MAFG	93	FALSE	brown	0.3828	-0.0241	0.0241	0.00023998	0.8673	0.4471	0.9217
ENSG00000268996.3	MAN1B1-DT	ENSG00000268996.3	lncRNA	chr9	137084946	137086817	-	1872	1	1	1	divergent	divergent	divergent	FALSE	FALSE	FALSE	FALSE	FALSE	FALSE	TRUE					MAN1B1	168	MAN1B1	167	FALSE	pink	0.7321	0.0095	0.0095	0.0074083	1.3852	0.4626	0.9961
ENSG00000261366.1	MANEA-DT	ENSG00000261366.1	lncRNA	chr6	95575183	95577450	-	2268	1	1	1	divergent	divergent	divergent	FALSE	FALSE	FALSE	FALSE	FALSE	FALSE	TRUE					MANEA	85	MANEA	84	FALSE	green	0.3761	0.7536	0.7536	0.014618	0.3928	0.2402	0.4129
ENSG00000232442.1	MHENCR	ENSG00000232442.1	lncRNA	chr20	63627227	63628824	+	1598	2	2	2	divergent	divergent	other	FALSE	FALSE	FALSE	FALSE	FALSE	FALSE	TRUE					GMEB2	126	GMEB2	125	FALSE	brown	0.8235	0.6606	0.6606	0.052545	2.32	0.79	0.998
ENSG00000268471.6	MIR4453HG	ENSG00000268471.6	lncRNA	chr4	152536264	152539263	+	3000	1	1	1	divergent	divergent	other	FALSE	FALSE	FALSE	FALSE	FALSE	FALSE	TRUE					FBXW7	172	FBXW7	171	FALSE	tan	0.636	0.6837	0.6837	0.018577	1.0594	0.3385	0.9863
ENSG00000251141.6	MRPS30-DT	ENSG00000251141.6	lncRNA	chr5	44742420	44808777	-	66358	10	9	5	divergent	divergent	divergent	FALSE	FALSE	FALSE	FALSE	FALSE	FALSE	TRUE					MRPS30	170	MRPS30	169	FALSE	grey	-0.0797	0.1956	0.1956	0.0055371	0.6637	0.2974	0.8395
ENSG00000237886.1	NALT1	ENSG00000237886.1	lncRNA	chr9	136546212	136549893	+	3682	2	4	3	divergent	divergent	other	FALSE	FALSE	FALSE	FALSE	FALSE	FALSE	TRUE					NOTCH1	164	NOTCH1	163	FALSE	turquoise	0.6411	0.7106	0.7106	0.030376	0.58	0.5051	0.5538
ENSG00000263412.1	NFE2L1-DT	ENSG00000263412.1	lncRNA	chr17	48045141	48048073	-	2933	2	1	2	divergent	divergent	divergent	FALSE	FALSE	FALSE	FALSE	FALSE	FALSE	TRUE					NFE2L1	256	NFE2L1	255	FALSE	turquoise	0.6907	0.6927	0.6927	0.012704	0.2764	0.2053	0.2642
ENSG00000285967.1	NIPBL-DT	ENSG00000285967.1	lncRNA	chr5	36864425	36876700	-	12276	3	2	2	divergent	divergent	divergent	FALSE	FALSE	FALSE	FALSE	FALSE	FALSE	TRUE					NIPBL	69	NIPBL	68	FALSE	tan	0.5028	0.5476	0.5476	0.018444	1.4998	0.4198	1
ENSG00000226328.7	NUP50-DT	ENSG00000226328.7	lncRNA	chr22	45133020	45163781	-	30762	4	4	3	divergent	divergent	divergent	FALSE	FALSE	FALSE	FALSE	FALSE	FALSE	TRUE					NUP50	144	NUP50	143	FALSE	magenta	0.515	0.5653	0.5653	0.016285	1.0935	0.406	0.9961
ENSG00000257135.7	ODC1-DT	ENSG00000257135.7	lncRNA	chr2	10448689	10457693	+	9005	5	6	4	divergent	divergent	divergent	FALSE	FALSE	FALSE	FALSE	FALSE	FALSE	TRUE					ODC1	362	ODC1	361	FALSE	brown	0.455	0.3563	0.3563	0.0079769	0.5491	0.2032	0.8004
ENSG00000223891.6	OSER1-DT	ENSG00000223891.6	lncRNA	chr20	44210907	44226027	+	15121	12	6	4	divergent	divergent	divergent	FALSE	FALSE	FALSE	FALSE	FALSE	FALSE	TRUE					OSER1	136	OSER1	135	FALSE	pink	0.5014	0.1986	0.1986	0.0077076	1.2771	0.3182	1
ENSG00000249740.3	OSMR-AS1	ENSG00000249740.3	lncRNA	chr5	38682581	38845829	-	163249	7	15	6	divergent	divergent	antisense	FALSE	FALSE	FALSE	FALSE	FALSE	FALSE	TRUE					OSMR	29	OSMR	28	FALSE	grey	0.3751	0.592	0.592	0.0091364	0.3597	0.1891	0.3953
ENSG00000261485.1	PAN3-AS1	ENSG00000261485.1	lncRNA	chr13	28136843	28138193	-	1351	1	1	1	divergent	divergent	antisense	FALSE	FALSE	FALSE	FALSE	FALSE	FALSE	TRUE					PAN3	313	PAN3	312	FALSE	pink	0.5706	0.677	0.677	0.023854	0.9207	0.381	0.9472
ENSG00000233639.7	PANTR1	ENSG00000233639.7	lncRNA	chr2	104794848	104853183	-	58336	10	5	4	divergent	divergent	other	FALSE	FALSE	FALSE	FALSE	FALSE	FALSE	TRUE					POU3F3	104	POU3F3	103	FALSE	blue	0.5895	0.2727	0.2727	0.025161	1.9207	0.6467	0.9804
ENSG00000226386.1	PARD3-AS1	ENSG00000226386.1	lncRNA	chr10	34815767	34816386	+	620	1	2	2	divergent	divergent	antisense	FALSE	FALSE	FALSE	FALSE	FALSE	FALSE	TRUE					PARD3	442	PARD3	441	FALSE	brown	0.5698	0.4056	0.4056	0.026645	0.9808	0.5944	0.8728
ENSG00000286532.1	PARTICL	ENSG00000286532.1	lncRNA	chr2	85537462	85538666	-	1205	1	1	1	divergent	divergent	other	FALSE	FALSE	FALSE	FALSE	FALSE	FALSE	TRUE					MAT2A	502	MAT2A	501	FALSE	brown	0.7256	0.4499	0.4499	0.018915	1.4621	0.3893	0.998
ENSG00000273344.1	PAXIP1-AS1	ENSG00000273344.1	lncRNA	chr7	155003448	155005703	+	2256	1	1	1	divergent	divergent	antisense	FALSE	FALSE	FALSE	FALSE	FALSE	FALSE	TRUE					PAXIP1	324	PAXIP1	323	FALSE	pink	0.6306	0.4248	0.4248	0.024279	2.2878	0.5187	1
ENSG00000274605.2	PCCA-DT	ENSG00000274605.2	lncRNA	chr13	100053074	100088950	-	35877	2	4	3	divergent	divergent	divergent	FALSE	FALSE	FALSE	FALSE	FALSE	FALSE	TRUE					PCCA	65	PCCA	64	FALSE	brown	0.3777	-0.0184	0.0184	0.00041516	1.0219	0.3691	0.9941
ENSG00000246640.1	PICART1	ENSG00000246640.1	lncRNA	chr17	50050349	50055739	-	5391	1	3	3	divergent	divergent	other	FALSE	FALSE	FALSE	FALSE	FALSE	FALSE	TRUE					ITGA3	229	ITGA3	228	FALSE	grey	0.2398	0.4836	0.4836	0.011537	0.4439	0.2794	0.5127
ENSG00000237943.7	PRKCQ-AS1	ENSG00000237943.7	lncRNA	chr10	6580419	6616921	+	36503	23	16	9	divergent	divergent	antisense	FALSE	FALSE	FALSE	FALSE	FALSE	FALSE	TRUE					PRKCQ	118	PRKCQ	117	FALSE	grey	0.1692	0.1147	0.1147	0.0017187	0.7331	0.3677	0.8376
ENSG00000246067.8	RAB30-DT	ENSG00000246067.8	lncRNA	chr11	83072052	83107789	+	35738	17	7	4	divergent	divergent	divergent	FALSE	FALSE	FALSE	FALSE	FALSE	FALSE	TRUE					RAB30	129	RAB30	128	FALSE	pink	0.5871	0.7481	0.7481	0.025494	0.9689	0.3637	0.9765
ENSG00000224687.2	RASAL2-AS1	ENSG00000224687.2	lncRNA	chr1	178090677	178093984	-	3308	4	2	2	divergent	divergent	antisense	FALSE	FALSE	FALSE	FALSE	FALSE	FALSE	TRUE					RASAL2	120	RASAL2	119	FALSE	red	0.5946	0.1378	0.1378	0.0024318	0.4682	0.1787	0.6967
ENSG00000254670.1	RASSF10-DT	ENSG00000254670.1	lncRNA	chr11	13001090	13009159	-	8070	1	2	2	divergent	divergent	divergent	FALSE	FALSE	FALSE	FALSE	FALSE	FALSE	TRUE					RASSF10	157	RASSF10	156	FALSE	cyan	0.4793	0.1112	0.1112	0.0021859	0.4506	0.4143	0.4873
ENSG00000232104.3	RFX3-AS1	ENSG00000232104.3	lncRNA	chr9	3526723	3691814	+	165092	3	10	6	divergent	divergent	antisense	FALSE	FALSE	FALSE	FALSE	FALSE	FALSE	TRUE					RFX3	719	RFX3	718	FALSE	grey	-0.1709	0.7234	0.7234	0.025358	0.7496	0.4241	0.7867
ENSG00000254389.3	RHPN1-AS1	ENSG00000254389.3	lncRNA	chr8	143366631	143368548	-	1918	1	1	1	divergent	divergent	antisense	FALSE	FALSE	FALSE	FALSE	FALSE	FALSE	TRUE					RHPN1	328	RHPN1	327	FALSE	grey	0.3143	-0.0357	0.0357	-0.00020975	0.6654	0.3031	0.8708
ENSG00000234171.3	RNASEH1-AS1	ENSG00000234171.3	lncRNA	chr2	3558474	3564842	+	6369	3	3	3	divergent	divergent	antisense	FALSE	FALSE	FALSE	FALSE	FALSE	FALSE	TRUE					AC108488.2	141	RNASEH1	140	FALSE	pink	0.4482	-0.02	0.02	0.0017402	1.066	0.2788	0.998
ENSG00000245149.4	RNF139-AS1	ENSG00000245149.4	lncRNA	chr8	124462485	124474582	-	12098	4	2	3	divergent	divergent	antisense	FALSE	FALSE	FALSE	FALSE	FALSE	FALSE	TRUE					RNF139	298	RNF139	297	FALSE	turquoise	0.7352	0.8488	0.8488	0.014906	0.308	0.214	0.3425
ENSG00000224616.3	RTCA-AS1	ENSG00000224616.3	lncRNA	chr1	100251528	100266179	-	14652	6	3	4	divergent	divergent	antisense	FALSE	FALSE	FALSE	FALSE	FALSE	FALSE	TRUE					RTCA	37	RTCA	36	FALSE	blue	0.595	0.6406	0.6406	0.015201	0.525	0.2518	0.6869
ENSG00000245556.3	SCAMP1-AS1	ENSG00000245556.3	lncRNA	chr5	78342365	78360507	-	18143	3	4	3	divergent	divergent	antisense	FALSE	FALSE	FALSE	FALSE	FALSE	FALSE	TRUE					SCAMP1	104	SCAMP1	103	FALSE	tan	0.6148	0.396	0.396	0.012003	1.4101	0.385	0.998
ENSG00000232352.1	SEMA3B-AS1	ENSG00000232352.1	lncRNA	chr3	50266641	50267371	-	731	1	2	2	divergent	divergent	antisense	FALSE	FALSE	FALSE	FALSE	FALSE	FALSE	TRUE					SEMA3B	187	SEMA3B	186	FALSE	magenta	0.7071	0.2234	0.2234	-0.00084043	0.5578	0.6125	0.4951
ENSG00000228878.8	SEPTIN7-DT	ENSG00000228878.8	lncRNA	chr7	35751856	35800676	-	48821	6	7	7	divergent	divergent	divergent	FALSE	FALSE	FALSE	FALSE	FALSE	FALSE	TRUE					SEPTIN7	256	SEPTIN7	255	FALSE	cyan	0.6951	0.4157	0.4157	0.010073	0.6317	0.2681	0.8337
ENSG00000267414.1	SETBP1-DT	ENSG00000267414.1	lncRNA	chr18	44676927	44679717	-	2791	1	2	2	divergent	divergent	divergent	FALSE	FALSE	FALSE	FALSE	FALSE	FALSE	TRUE					SETBP1	456	SETBP1	455	FALSE	red	0.3667	0.2233	0.2233	0.0062753	1.0306	0.3322	0.9843
ENSG00000259863.1	SH3RF3-AS1	ENSG00000259863.1	lncRNA	chr2	109127327	109128930	-	1604	1	1	1	divergent	divergent	antisense	FALSE	FALSE	FALSE	FALSE	FALSE	FALSE	TRUE					SH3RF3	275	SH3RF3	274	FALSE	grey	-0.2855	0.0719	0.0719	0.0030016	0.8243	0.4251	0.8611
ENSG00000227533.6	SLC2A1-AS1	ENSG00000227533.6	lncRNA	chr1	42959049	42996814	+	37766	4	5	4	divergent	divergent	antisense	FALSE	FALSE	FALSE	FALSE	FALSE	FALSE	TRUE					SLC2A1	156	SLC2A1	155	FALSE	grey	0.349	0.3987	0.3987	0.0084961	0.396	0.2372	0.456
ENSG00000255717.7	SNHG1	ENSG00000255717.7	lncRNA	chr11	62851984	62855953	-	3970	54	1	11	divergent	divergent	other	FALSE	FALSE	FALSE	FALSE	FALSE	FALSE	TRUE					SLC3A2	149	SLC3A2	148	FALSE	brown	0.3265	0.5032	0.5032	0.032425	2.8857	0.7095	1
ENSG00000250786.2	SNHG18	ENSG00000250786.2	lncRNA	chr5	9546200	9550609	+	4410	3	2	3	divergent	divergent	other	FALSE	FALSE	FALSE	FALSE	FALSE	FALSE	TRUE					SEMA5A	125	SEMA5A	124	FALSE	pink	0.4903	0.1221	0.1221	0.01811	3.1179	0.7014	0.9961
ENSG00000260260.1	SNHG19	ENSG00000260260.1	lncRNA	chr16	2154797	2155358	-	562	1	2	2	divergent	divergent	other	FALSE	FALSE	FALSE	FALSE	FALSE	FALSE	TRUE					TRAF7	340	TRAF7	339	FALSE	brown	0.6256	0.1432	0.1432	0.027197	3.9163	0.9054	1
ENSG00000255198.4	SNHG9	ENSG00000255198.4	lncRNA	chr16	1964959	1965509	+	551	2	1	2	divergent	divergent	other	FALSE	FALSE	FALSE	FALSE	FALSE	FALSE	TRUE					RPS2	118	RPS2	117	FALSE	brown	0.6602	0.0897	0.0897	0.018191	1.8267	0.781	0.9922
ENSG00000235688.2	SNTG2-AS1	ENSG00000235688.2	lncRNA	chr2	949627	950274	-	648	1	2	2	divergent	divergent	antisense	FALSE	FALSE	FALSE	FALSE	FALSE	FALSE	TRUE					SNTG2	575	SNTG2	574	FALSE	greenyellow	0.5796	0.2097	0.2097	0.0096883	0.5586	1.0306	0.2759
ENSG00000248508.8	SRP14-AS1	ENSG00000248508.8	lncRNA	chr15	40039242	40076539	+	37298	8	11	7	divergent	divergent	antisense	FALSE	FALSE	FALSE	FALSE	FALSE	FALSE	TRUE					SRP14	61	SRP14	60	FALSE	tan	0.5911	0.4159	0.4159	0.014928	0.9603	0.3507	0.9706
ENSG00000205913.7	SRRM2-AS1	ENSG00000205913.7	lncRNA	chr16	2737076	2752600	-	15525	6	7	6	divergent	divergent	antisense	FALSE	FALSE	FALSE	FALSE	FALSE	FALSE	TRUE					SRRM2	26	SRRM2	25	FALSE	brown	0.3958	0.6737	0.6737	0.008312	0.2569	0.1648	0.1898
ENSG00000241316.8	SUCLG2-AS1	ENSG00000241316.8	lncRNA	chr3	67654669	67947713	+	293045	12	15	8	divergent	divergent	antisense	FALSE	FALSE	FALSE	FALSE	FALSE	FALSE	TRUE					SUCLG2	57	SUCLG2	56	FALSE	magenta	0.5326	-0.0112	0.0112	-0.0039033	0.3718	0.223	0.3562
ENSG00000273723.1	SUGT1-DT	ENSG00000273723.1	lncRNA	chr13	52651305	52652279	-	975	1	1	1	divergent	divergent	divergent	FALSE	FALSE	FALSE	FALSE	FALSE	FALSE	TRUE					SUGT1	430	SUGT1	429	FALSE	turquoise	0.7395	0.7318	0.7318	0.030244	0.6623	0.4684	0.6301
ENSG00000261488.1	TBILA	ENSG00000261488.1	lncRNA	chr3	112133423	112135359	+	1937	1	1	1	divergent	divergent	other	FALSE	FALSE	FALSE	FALSE	FALSE	FALSE	TRUE					GCSAM	153	GCSAM	152	FALSE	grey	-0.1234	0.3823	0.3823	0.010849	0.3201	0.3618	0.3053
ENSG00000271270.7	TMCC1-AS1	ENSG00000271270.7	lncRNA	chr3	129893811	129918575	+	24765	6	3	3	divergent	divergent	antisense	FALSE	FALSE	FALSE	FALSE	FALSE	FALSE	TRUE					TMCC1	205	TMCC1	204	FALSE	grey	0.3108	0.4422	0.4422	0.010338	0.6008	0.2646	0.7926
ENSG00000226337.3	TMEM252-DT	ENSG00000226337.3	lncRNA	chr9	68541036	68644442	+	103407	1	5	5	divergent	divergent	divergent	FALSE	FALSE	FALSE	FALSE	FALSE	FALSE	TRUE					TMEM252	153	TMEM252	152	FALSE	blue	0.5753	0.1489	0.1489	0.013746	0.7669	0.5778	0.7006
ENSG00000228701.2	TNKS2-AS1	ENSG00000228701.2	lncRNA	chr10	91782835	91798304	-	15470	4	3	2	divergent	divergent	antisense	FALSE	FALSE	FALSE	FALSE	FALSE	FALSE	TRUE					TNKS2	122	TNKS2	121	FALSE	grey	0.0394	0.146	0.146	0.0028721	0.332	0.2067	0.3836
ENSG00000255153.1	TOLLIP-AS1	ENSG00000255153.1	lncRNA	chr11	1309769	1310707	+	939	1	1	1	divergent	divergent	antisense	FALSE	FALSE	FALSE	FALSE	FALSE	FALSE	TRUE					TOLLIP	115	TOLLIP	114	FALSE	pink	0.7787	0.1447	0.1447	0.012059	1.0139	0.3923	0.9648
ENSG00000182165.18	TP53TG1	ENSG00000182165.18	lncRNA	chr7	87322943	87345528	-	22586	10	5	4	divergent	divergent	other	FALSE	FALSE	FALSE	FALSE	FALSE	FALSE	TRUE					CROT	136	CROT	135	FALSE	brown	0.3457	-0.0538	0.0538	0.00049477	0.9069	0.2865	1
ENSG00000248275.2	TRIM52-AS1	ENSG00000248275.2	lncRNA	chr5	181261169	181272307	+	11139	5	4	3	divergent	divergent	antisense	FALSE	FALSE	FALSE	FALSE	FALSE	FALSE	TRUE					TRIM52	30	TRIM52	29	FALSE	pink	0.5001	0.0933	0.0933	0.012489	2.6026	0.5032	1
ENSG00000228889.7	UBAC2-AS1	ENSG00000228889.7	lncRNA	chr13	99181223	99200757	-	19535	7	4	4	divergent	divergent	antisense	FALSE	FALSE	FALSE	FALSE	FALSE	FALSE	TRUE					UBAC2	17	UBAC2	16	FALSE	magenta	0.4377	-0.0547	0.0547	-0.00052469	0.3368	0.1521	0.2583
ENSG00000247240.8	UBL7-AS1	ENSG00000247240.8	lncRNA	chr15	74461265	74513636	+	52372	10	4	5	divergent	divergent	antisense	FALSE	FALSE	FALSE	FALSE	FALSE	FALSE	TRUE					UBL7	83	UBL7	82	FALSE	midnightblue	0.3952	0.3208	0.3208	0.002659	0.547	0.1195	0.9315
ENSG00000256073.3	URB1-AS1	ENSG00000256073.3	lncRNA	chr21	32393130	32393960	+	831	1	1	1	divergent	divergent	antisense	FALSE	FALSE	FALSE	FALSE	FALSE	FALSE	TRUE					URB1	118	URB1	117	FALSE	brown	0.6175	-0.0231	0.0231	0.0055823	2.2371	0.4831	1
ENSG00000230641.1	USP12-AS2	ENSG00000230641.1	lncRNA	chr13	27172259	27182998	+	10740	1	2	2	divergent	divergent	antisense	FALSE	FALSE	FALSE	FALSE	FALSE	FALSE	TRUE					USP12	448	USP12	447	FALSE	brown	0.3549	0.2198	0.2198	0.0081663	0.3013	0.2897	0.2838
ENSG00000234390.4	USP27X-AS1	ENSG00000234390.4	lncRNA	chrX	49876724	49879241	-	2518	1	2	2	divergent	divergent	antisense	FALSE	FALSE	FALSE	FALSE	FALSE	FALSE	TRUE					USP27X	243	USP27X	242	FALSE	cyan	0.5807	0.0515	0.0515	0.00070674	1.0452	0.3088	0.9922
ENSG00000248866.1	USP46-DT	ENSG00000248866.1	lncRNA	chr4	52659406	52661668	+	2263	1	2	2	divergent	divergent	divergent	FALSE	FALSE	FALSE	FALSE	FALSE	FALSE	TRUE					USP46	105	USP46	104	FALSE	grey	-0.4082	0.1442	0.1442	0.002285	1.3585	0.3823	0.998
ENSG00000272686.1	WASL-DT	ENSG00000272686.1	lncRNA	chr7	123749068	123751166	+	2099	1	1	1	divergent	divergent	divergent	FALSE	FALSE	FALSE	FALSE	FALSE	FALSE	TRUE					WASL	65	WASL	64	FALSE	tan	0.6622	0.0966	0.0966	0.0061631	1.9718	0.4263	1
ENSG00000251359.4	WWC2-AS2	ENSG00000251359.4	lncRNA	chr4	183097017	183099199	-	2183	1	1	1	divergent	divergent	antisense	FALSE	FALSE	FALSE	FALSE	FALSE	FALSE	TRUE					WWC2	58	WWC2	57	FALSE	blue	0.5883	0.1293	0.1293	0.010068	1.0883	0.4366	0.9452
ENSG00000270673.1	YTHDF3-AS1	ENSG00000270673.1	lncRNA	chr8	63167725	63168442	-	718	1	1	1	divergent	divergent	antisense	FALSE	FALSE	FALSE	FALSE	FALSE	FALSE	TRUE					YTHDF3	111	YTHDF3	110	FALSE	brown	0.7109	0	0	0.0049493	0.7793	0.3457	0.9256
ENSG00000226471.6	Z93930.2	ENSG00000226471.6	lncRNA	chr22	28800683	28848559	+	47877	5	7	4	divergent	divergent	clone-based (unnamed)	FALSE	FALSE	FALSE	FALSE	FALSE	FALSE	TRUE					XBP1	86	XBP1	85	FALSE	pink	0.4623	0.4219	0.4219	0.01288	0.8777	0.2998	0.9785
ENSG00000227598.1	Z94721.1	ENSG00000227598.1	lncRNA	chr6	166969626	166999065	-	29440	1	3	3	divergent	divergent	clone-based (unnamed)	FALSE	FALSE	FALSE	FALSE	FALSE	FALSE	TRUE					CEP43	252	CEP43	251	FALSE	blue	0.4609	0.6866	0.6866	0.033711	0.7981	0.5401	0.7436
ENSG00000261188.1	Z95115.1	ENSG00000261188.1	lncRNA	chr22	26512537	26514568	+	2032	2	1	2	divergent	divergent	clone-based (unnamed)	FALSE	FALSE	FALSE	FALSE	FALSE	FALSE	TRUE					TFIP11	32	TFIP11	31	FALSE	magenta	0.451	0.345	0.345	0.010287	1.2275	0.4005	0.9961
ENSG00000175773.13	ZBTB44-DT	ENSG00000175773.13	lncRNA	chr11	130314993	130403657	+	88665	5	11	6	divergent	divergent	divergent	FALSE	FALSE	FALSE	FALSE	FALSE	FALSE	TRUE					ZBTB44	76	ZBTB44	75	FALSE	blue	0.6233	0.2841	0.2841	0.0081645	0.4555	0.2326	0.6008
ENSG00000274925.1	ZKSCAN2-DT	ENSG00000274925.1	lncRNA	chr16	25257952	25261066	+	3115	1	1	1	divergent	divergent	divergent	FALSE	FALSE	FALSE	FALSE	FALSE	FALSE	TRUE					ZKSCAN2	107	ZKSCAN2	106	FALSE	turquoise	0.8661	0.8547	0.8547	0.037453	0.7843	0.4957	0.7319
ENSG00000165511.6	ZNF22-AS1	ENSG00000165511.6	lncRNA	chr10	44997698	45000888	-	3191	1	2	2	divergent	divergent	antisense	FALSE	FALSE	FALSE	FALSE	FALSE	FALSE	TRUE					ZNF22	35	ZNF22	34	FALSE	cyan	0.5412	0.105	0.105	0.0046509	1.5776	0.381	1
ENSG00000264278.1	ZNF236-DT	ENSG00000264278.1	lncRNA	chr18	76794732	76822295	-	27564	1	3	3	divergent	divergent	divergent	FALSE	FALSE	FALSE	FALSE	FALSE	FALSE	TRUE					ZNF236	262	ZNF236	261	FALSE	yellow	0.3085	-0.0012	0.0012	0.0017813	0.9056	0.2553	0.9863
ENSG00000270876.1	ZNF30-AS1	ENSG00000270876.1	lncRNA	chr19	34923299	34926812	-	3514	1	2	2	divergent	divergent	antisense	FALSE	FALSE	FALSE	FALSE	FALSE	FALSE	TRUE					ZNF30	91	ZNF30	90	FALSE	cyan	0.4504	0.4888	0.4888	0.010548	0.2787	0.2414	0.2524
ENSG00000278611.2	ZNF426-DT	ENSG00000278611.2	lncRNA	chr19	9538693	9539734	+	1042	3	2	2	divergent	divergent	divergent	FALSE	FALSE	FALSE	FALSE	FALSE	FALSE	TRUE					ZNF426	48	ZNF426	47	FALSE	pink	0.485	0.0801	0.0801	0.0063865	0.7604	0.4017	0.8434
ENSG00000269834.6	ZNF528-AS1	ENSG00000269834.6	lncRNA	chr19	52388842	52397783	-	8942	6	5	6	divergent	divergent	antisense	FALSE	FALSE	FALSE	FALSE	FALSE	FALSE	TRUE					ZNF528	66	ZNF528	65	FALSE	turquoise	0.4051	0.7048	0.7048	0.026362	1.1004	0.4303	0.9824
ENSG00000260233.3	ZNRD2-AS1	ENSG00000260233.3	lncRNA	chr11	65568482	65570423	-	1942	2	1	1	divergent	divergent	antisense	FALSE	FALSE	FALSE	FALSE	FALSE	FALSE	TRUE					ZNRD2	37	ZNRD2	36	FALSE	pink	0.5485	0.7499	0.7499	0.021482	0.8005	0.3227	0.9354
ENSG00000286508.1	AC000050.2	ENSG00000286508.1	lncRNA	chr22	50672714	50674174	+	1461	1	2	2	intergenic	intergenic	clone-based (unnamed)	FALSE	FALSE	FALSE	FALSE	FALSE	FALSE	FALSE							SHANK3	240	TRUE	red	0.6431	0.2661	0.2661	0.015751	0.879	0.6443	0.7397
ENSG00000225007.1	AC000067.1	ENSG00000225007.1	lncRNA	chr22	19667023	19667555	+	533	1	2	2	intergenic	intergenic	clone-based (unnamed)	FALSE	FALSE	FALSE	FALSE	FALSE	FALSE	FALSE							SEPTIN5	46947	TRUE	red	0.6426	-0.0294	0.0294	0.0016956	0.5427	0.3951	0.589
ENSG00000278727.1	AC000403.1	ENSG00000278727.1	lncRNA	chr13	76887551	76891135	+	3585	1	1	1	intergenic	intergenic	clone-based (unnamed)	FALSE	FALSE	FALSE	FALSE	FALSE	FALSE	FALSE							KCTD12	1145	FALSE	grey	0.191	-0.1437	0.1437	-0.0033683	0.3072	0.1533	0.2994
ENSG00000265975.1	AC002091.1	ENSG00000265975.1	lncRNA	chr17	8967523	8976995	+	9473	1	2	2	intergenic	intergenic	clone-based (unnamed)	FALSE	FALSE	FALSE	FALSE	FALSE	FALSE	FALSE							PIK3R5	1810	FALSE	yellow	0.6703	0.0644	0.0644	0.0010926	0.8398	0.3999	0.8787
ENSG00000276851.1	AC002401.4	ENSG00000276851.1	lncRNA	chr17	50094065	50094647	+	583	1	1	1	intergenic	intergenic	clone-based (unnamed)	FALSE	FALSE	FALSE	FALSE	FALSE	FALSE	FALSE							PDK2	89	TRUE	greenyellow	0.3682	-0.0578	0.0578	-0.0017664	0.6079	0.6714	0.4892
ENSG00000232680.2	AC002511.1	ENSG00000232680.2	lncRNA	chr19	35432957	35434642	-	1686	1	4	4	intergenic	intergenic	clone-based (unnamed)	FALSE	FALSE	FALSE	FALSE	FALSE	FALSE	FALSE							FFAR2	9264	FALSE	grey	0.086	0.2083	0.2083	0.0054431	0.3253	0.4467	0.2564
ENSG00000233214.1	AC002511.2	ENSG00000233214.1	lncRNA	chr19	35424062	35424652	-	591	1	2	2	intergenic	intergenic	clone-based (unnamed)	FALSE	FALSE	FALSE	FALSE	FALSE	FALSE	FALSE							FFAR2	19254	FALSE	grey	0.1488	0.3569	0.3569	0.015372	0.5135	0.6599	0.3973
ENSG00000236453.5	AC003092.1	ENSG00000236453.5	lncRNA	chr7	94022833	94066661	+	43829	2	6	5	intergenic	intergenic	clone-based (unnamed)	FALSE	FALSE	FALSE	FALSE	FALSE	FALSE	FALSE							BET1	18450	FALSE	greenyellow	0.3993	0.0125	0.0125	-0.011663	0.4168	0.8217	0.2427
ENSG00000278546.1	AC003101.2	ENSG00000278546.1	lncRNA	chr17	31560132	31560573	+	442	1	1	1	intergenic	intergenic	clone-based (unnamed)	FALSE	FALSE	FALSE	FALSE	FALSE	FALSE	FALSE							RAB11FIP4	21920	TRUE	brown	0.4739	0.421	0.421	0.011219	0.2707	0.2518	0.2564
ENSG00000263280.2	AC003965.1	ENSG00000263280.2	lncRNA	chr16	2866325	2868251	-	1927	3	3	3	intergenic	intergenic	clone-based (unnamed)	FALSE	FALSE	FALSE	FALSE	FALSE	FALSE	FALSE							PRSS22	8154	TRUE	greenyellow	0.3436	0.1946	0.1946	0.0037941	0.2734	0.2538	0.229
ENSG00000235139.2	AC003984.1	ENSG00000235139.2	lncRNA	chr7	84532476	84584322	+	51847	2	4	3	intergenic	intergenic	clone-based (unnamed)	FALSE	FALSE	FALSE	FALSE	FALSE	FALSE	FALSE							SEMA3A	39751	FALSE	blue	0.6471	0.1869	0.1869	0.016895	0.9854	0.7365	0.726
ENSG00000248242.1	AC004053.1	ENSG00000248242.1	lncRNA	chr4	104653874	104966793	-	312920	1	6	6	intergenic	intergenic	clone-based (unnamed)	FALSE	FALSE	FALSE	FALSE	FALSE	FALSE	FALSE							CXXC4	158972	TRUE	blue	0.329	0.0921	0.0921	0.0024025	0.2424	0.263	0.2427
ENSG00000251259.1	AC004069.1	ENSG00000251259.1	lncRNA	chr4	105137280	105140619	-	3340	1	2	2	intergenic	intergenic	clone-based (unnamed)	FALSE	FALSE	FALSE	FALSE	FALSE	FALSE	FALSE							TET2	5255	FALSE	brown	0.4061	0.6243	0.6243	0.025521	0.7299	0.4404	0.7789
ENSG00000272079.2	AC004233.2	ENSG00000272079.2	lncRNA	chr16	3006120	3007388	+	1269	1	1	1	intergenic	intergenic	clone-based (unnamed)	FALSE	FALSE	FALSE	FALSE	FALSE	FALSE	FALSE							AC004233.4	1260	TRUE	grey	-0.271	0.2129	0.2129	0.010358	0.7572	0.4501	0.773
ENSG00000274902.1	AC004241.2	ENSG00000274902.1	lncRNA	chr12	47731908	47732351	+	444	1	1	1	intergenic	intergenic	clone-based (unnamed)	FALSE	FALSE	FALSE	FALSE	FALSE	FALSE	FALSE							RAPGEF3	2011	FALSE	grey	0.1668	0.2323	0.2323	0.0059957	0.4335	0.2289	0.5519
ENSG00000261204.1	AC004449.1	ENSG00000261204.1	lncRNA	chr19	637105	637537	-	433	1	1	1	intergenic	intergenic	clone-based (unnamed)	FALSE	FALSE	FALSE	FALSE	FALSE	FALSE	FALSE							FGF22	2341	FALSE	purple	0.4795	0.4375	0.4375	0.010605	0.2808	0.2291	0.2642
ENSG00000278765.1	AC004477.2	ENSG00000278765.1	lncRNA	chr17	48066704	48067293	-	590	1	1	1	intergenic	intergenic	clone-based (unnamed)	FALSE	FALSE	FALSE	FALSE	FALSE	FALSE	FALSE							CBX1	2758	TRUE	grey	-0.0364	0.1642	0.1642	0.0031877	0.876	0.2714	0.9863
ENSG00000228944.1	AC004485.1	ENSG00000228944.1	lncRNA	chr7	24196662	24255719	-	59058	1	2	2	intergenic	intergenic	clone-based (unnamed)	FALSE	FALSE	FALSE	FALSE	FALSE	FALSE	FALSE							NPY	28468	FALSE	blue	0.4592	0.1893	0.1893	0.014904	0.5333	0.5979	0.4873
ENSG00000286923.1	AC004522.5	ENSG00000286923.1	lncRNA	chr7	99997690	100011634	+	13945	1	4	4	intergenic	intergenic	clone-based (unnamed)	FALSE	FALSE	FALSE	FALSE	FALSE	FALSE	FALSE							ZKSCAN1	3937	TRUE	grey	-0.0185	-0.021	0.021	0.0017245	0.5003	0.3261	0.5734
ENSG00000214870.9	AC004540.1	ENSG00000214870.9	lncRNA	chr7	26398593	26497595	+	99003	26	15	6	intergenic	intergenic	clone-based (unnamed)	FALSE	FALSE	FALSE	FALSE	FALSE	FALSE	FALSE							SNX10	24209	TRUE	grey	0.2915	0.1992	0.1992	0.0078929	1.082	0.4094	0.9824
ENSG00000266088.6	AC004585.1	ENSG00000266088.6	lncRNA	chr17	40516892	40527002	+	10111	3	5	4	intergenic	intergenic	clone-based (unnamed)	FALSE	FALSE	FALSE	FALSE	FALSE	FALSE	FALSE							TNS4	15268	FALSE	yellow	0.8576	0.2465	0.2465	0.013367	0.7323	0.5676	0.6888
ENSG00000265206.5	AC004687.1	ENSG00000265206.5	lncRNA	chr17	58330884	58332508	-	1625	1	1	1	intergenic	intergenic	clone-based (unnamed)	FALSE	FALSE	FALSE	FALSE	FALSE	FALSE	FALSE							TSPOAP1	2088	TRUE	yellow	0.6439	0.6252	0.6252	0.036358	0.769	0.6313	0.6517
ENSG00000276814.1	AC004801.6	ENSG00000276814.1	lncRNA	chr12	48039784	48040761	-	978	1	1	1	intergenic	intergenic	clone-based (unnamed)	FALSE	FALSE	FALSE	FALSE	FALSE	FALSE	FALSE							SENP1	2135	TRUE	purple	0.5362	0.0882	0.0882	0.0026866	0.5168	0.1794	0.7808
ENSG00000275630.1	AC004816.2	ENSG00000275630.1	lncRNA	chr14	70822004	70823984	+	1981	1	2	2	intergenic	intergenic	clone-based (unnamed)	FALSE	FALSE	FALSE	FALSE	FALSE	FALSE	FALSE							MAP3K9	12469	FALSE	brown	0.2725	0.0899	0.0899	0.0065611	0.4681	0.3688	0.5088
ENSG00000273428.3	AC004832.6	ENSG00000273428.3	lncRNA	chr22	30435544	30436247	+	704	2	1	2	intergenic	intergenic	clone-based (unnamed)	FALSE	FALSE	FALSE	FALSE	FALSE	FALSE	FALSE							MTFP1	6489	TRUE	grey	0.2657	0.5394	0.5394	0.011587	0.2625	0.2324	0.2681
ENSG00000260997.1	AC004847.1	ENSG00000260997.1	lncRNA	chr7	44958999	44960909	-	1911	1	1	1	intergenic	intergenic	clone-based (unnamed)	FALSE	FALSE	FALSE	FALSE	FALSE	FALSE	FALSE							MYO1G	1752	TRUE	yellow	0.67	0.2811	0.2811	0.011543	0.833	0.5576	0.8532
ENSG00000286407.1	AC004863.1	ENSG00000286407.1	lncRNA	chr7	158957497	158958699	-	1203	1	2	2	intergenic	intergenic	clone-based (unnamed)	FALSE	FALSE	FALSE	FALSE	FALSE	FALSE	FALSE							DYNC2I1	749	FALSE	turquoise	0.4183	0.7077	0.7077	0.05322	1.1063	0.7899	0.8063
ENSG00000241324.1	AC004930.1	ENSG00000241324.1	lncRNA	chr7	124337380	124349860	-	12481	1	3	3	intergenic	intergenic	clone-based (unnamed)	FALSE	FALSE	FALSE	FALSE	FALSE	FALSE	FALSE							SSU72P8	126510	FALSE	grey	0.2204	0.03	0.03	-4.6846e-06	0.3239	0.459	0.2877
ENSG00000286507.1	AC004947.3	ENSG00000286507.1	lncRNA	chr7	26598600	26617295	-	18696	1	4	4	intergenic	intergenic	clone-based (unnamed)	FALSE	FALSE	FALSE	FALSE	FALSE	FALSE	FALSE							SKAP2	49772	TRUE	turquoise	0.4081	0.6219	0.6219	0.022093	0.5587	0.3911	0.6027
ENSG00000285725.1	AC004967.2	ENSG00000285725.1	lncRNA	chr7	97966377	97970404	-	4028	1	3	3	intergenic	intergenic	clone-based (unnamed)	FALSE	FALSE	FALSE	FALSE	FALSE	FALSE	FALSE							OCM2	14279	TRUE	black	0.4797	0.8694	0.8694	0.016196	0.3291	0.2404	0.364
ENSG00000272732.1	AC004982.1	ENSG00000272732.1	lncRNA	chr7	7550104	7552440	-	2337	1	2	2	intergenic	intergenic	clone-based (unnamed)	FALSE	FALSE	FALSE	FALSE	FALSE	FALSE	FALSE							COL28A1	14230	TRUE	grey	0.2887	0.4199	0.4199	0.010781	0.6771	0.5375	0.6947
ENSG00000272361.2	AC005014.2	ENSG00000272361.2	lncRNA	chr7	16593626	16594224	-	599	1	1	1	intergenic	intergenic	clone-based (unnamed)	FALSE	FALSE	FALSE	FALSE	FALSE	FALSE	FALSE							ANKMY2	5554	TRUE	purple	0.5894	0.3601	0.3601	0.012052	0.4577	0.3074	0.5127
ENSG00000270996.1	AC005034.4	ENSG00000270996.1	lncRNA	chr2	75719120	75720018	+	899	1	1	1	intergenic	intergenic	clone-based (unnamed)	FALSE	FALSE	FALSE	FALSE	FALSE	FALSE	FALSE							GCFC2	8134	FALSE	blue	0.4397	0.3296	0.3296	0.0073659	0.2845	0.2045	0.2701
ENSG00000226816.3	AC005082.1	ENSG00000226816.3	lncRNA	chr7	23205787	23208045	+	2259	1	1	1	intergenic	intergenic	clone-based (unnamed)	FALSE	FALSE	FALSE	FALSE	FALSE	FALSE	FALSE							NUP42	4775	TRUE	magenta	0.5088	-0.0863	0.0863	-0.011327	0.4864	0.6769	0.3014
ENSG00000267405.1	AC005180.1	ENSG00000267405.1	lncRNA	chr17	44794747	44797783	-	3037	1	2	2	intergenic	intergenic	clone-based (unnamed)	FALSE	FALSE	FALSE	FALSE	FALSE	FALSE	FALSE							GJC1	664	TRUE	red	0.458	0.268	0.268	0.0062263	0.4141	0.3754	0.4423
ENSG00000267505.1	AC005180.2	ENSG00000267505.1	lncRNA	chr17	44793199	44794474	+	1276	1	2	2	intergenic	intergenic	clone-based (unnamed)	FALSE	FALSE	FALSE	FALSE	FALSE	FALSE	FALSE							GJC1	3973	FALSE	red	0.5123	0.3124	0.3124	0.010048	0.5551	0.4386	0.5988
ENSG00000268205.1	AC005261.1	ENSG00000268205.1	lncRNA	chr19	57304305	57308562	+	4258	1	1	1	intergenic	intergenic	clone-based (unnamed)	FALSE	FALSE	FALSE	FALSE	FALSE	FALSE	FALSE							ZNF460	10235	TRUE	purple	0.6002	0.5156	0.5156	0.0233	2.8098	0.5022	1
ENSG00000267731.1	AC005332.2	ENSG00000267731.1	lncRNA	chr17	68189884	68192802	+	2919	1	1	1	intergenic	intergenic	clone-based (unnamed)	FALSE	FALSE	FALSE	FALSE	FALSE	FALSE	FALSE							AMZ2	13273	TRUE	yellow	0.3777	0.7248	0.7248	0.0096366	0.2517	0.1637	0.2172
ENSG00000274561.1	AC005332.3	ENSG00000274561.1	lncRNA	chr17	68131462	68131907	+	446	1	1	1	intergenic	intergenic	clone-based (unnamed)	FALSE	FALSE	FALSE	FALSE	FALSE	FALSE	FALSE							AMZ2	74168	TRUE	purple	0.6798	0.5733	0.5733	0.023793	2.7212	0.4607	1
ENSG00000277476.1	AC005332.5	ENSG00000277476.1	lncRNA	chr17	68133201	68135935	+	2735	1	1	1	intergenic	intergenic	clone-based (unnamed)	FALSE	FALSE	FALSE	FALSE	FALSE	FALSE	FALSE							AMZ2	70140	TRUE	turquoise	0.5532	0.5936	0.5936	0.021707	1.0712	0.3623	0.9804
ENSG00000278730.1	AC005332.6	ENSG00000278730.1	lncRNA	chr17	68126666	68129586	+	2921	1	1	1	intergenic	intergenic	clone-based (unnamed)	FALSE	FALSE	FALSE	FALSE	FALSE	FALSE	FALSE							AMZ2	76489	TRUE	purple	0.4021	0.0684	0.0684	0.0045141	3.2049	0.2941	1
ENSG00000278740.1	AC005332.7	ENSG00000278740.1	lncRNA	chr17	68188547	68189165	+	619	1	1	1	intergenic	intergenic	clone-based (unnamed)	FALSE	FALSE	FALSE	FALSE	FALSE	FALSE	FALSE							AMZ2	16910	TRUE	grey	0.1301	0.6588	0.6588	0.015611	0.444	0.2815	0.5538
ENSG00000276445.1	AC005393.1	ENSG00000276445.1	lncRNA	chr19	39812972	39813555	-	584	1	1	1	intergenic	intergenic	clone-based (unnamed)	FALSE	FALSE	FALSE	FALSE	FALSE	FALSE	FALSE							DYRK1B	11794	TRUE	turquoise	0.5928	0.6463	0.6463	0.01916	0.4803	0.3207	0.5558
ENSG00000259005.1	AC005479.1	ENSG00000259005.1	lncRNA	chr14	74474007	74474864	-	858	1	2	2	intergenic	intergenic	clone-based (unnamed)	FALSE	FALSE	FALSE	FALSE	FALSE	FALSE	FALSE							NPC2	1327	TRUE	grey	-0.0739	0.3609	0.3609	0.0062929	0.3699	0.257	0.4012
ENSG00000270000.1	AC005479.2	ENSG00000270000.1	lncRNA	chr14	74471930	74472360	-	431	1	1	1	intergenic	intergenic	clone-based (unnamed)	FALSE	FALSE	FALSE	FALSE	FALSE	FALSE	FALSE							NPC2	3831	TRUE	grey	-0.0162	0.4053	0.4053	0.0094813	0.4387	0.2834	0.5245
ENSG00000272070.1	AC005618.1	ENSG00000272070.1	lncRNA	chr5	141326210	141329357	+	3148	2	1	2	intergenic	intergenic	clone-based (unnamed)	FALSE	FALSE	FALSE	FALSE	FALSE	FALSE	FALSE							PCDHGA1	1213	TRUE	grey	0.0571	0.2199	0.2199	0.0077177	0.5042	0.376	0.5323
ENSG00000261490.1	AC005674.1	ENSG00000261490.1	lncRNA	chr4	10068089	10073019	-	4931	1	2	2	intergenic	intergenic	clone-based (unnamed)	FALSE	FALSE	FALSE	FALSE	FALSE	FALSE	FALSE							WDR1	1319	TRUE	black	0.6339	0.8121	0.8121	0.033215	0.7205	0.49	0.6947
ENSG00000272911.1	AC005696.3	ENSG00000272911.1	lncRNA	chr17	2688473	2688960	+	488	1	2	2	intergenic	intergenic	clone-based (unnamed)	FALSE	FALSE	FALSE	FALSE	FALSE	FALSE	FALSE							CLUH	425	FALSE	grey	0.0314	0.5243	0.5243	0.011985	0.2857	0.3107	0.2485
ENSG00000249631.6	AC005699.1	ENSG00000249631.6	lncRNA	chr4	11625714	11823906	+	198193	43	16	7	intergenic	intergenic	clone-based (unnamed)	FALSE	FALSE	FALSE	FALSE	FALSE	FALSE	FALSE							HS3ST1	196149	FALSE	blue	0.4187	0.3864	0.3864	0.010207	0.2987	0.2773	0.2759
ENSG00000278925.1	AC005753.1	ENSG00000278925.1	lncRNA	chr5	141825708	141826325	-	618	1	1	1	intergenic	intergenic	clone-based (unnamed)	FALSE	FALSE	FALSE	FALSE	FALSE	FALSE	FALSE							PCDH1	26764	TRUE	red	0.5885	0.3038	0.3038	0.0051384	0.3017	0.2285	0.2994
ENSG00000287527.1	AC005753.3	ENSG00000287527.1	lncRNA	chr5	141822076	141825488	-	3413	2	2	2	intergenic	intergenic	clone-based (unnamed)	FALSE	FALSE	FALSE	FALSE	FALSE	FALSE	FALSE							PCDH1	27601	TRUE	red	0.5637	0.4209	0.4209	0.0052607	0.2514	0.189	0.1957
ENSG00000273218.1	AC005776.2	ENSG00000273218.1	lncRNA	chr19	15346068	15348417	-	2350	1	2	2	intergenic	intergenic	clone-based (unnamed)	FALSE	FALSE	FALSE	FALSE	FALSE	FALSE	FALSE							AKAP8	4967	TRUE	turquoise	0.4186	0.8135	0.8135	0.017147	0.3521	0.2704	0.4051
ENSG00000256433.3	AC005840.2	ENSG00000256433.3	lncRNA	chr12	6393879	6396148	+	2270	2	3	3	intergenic	intergenic	clone-based (unnamed)	FALSE	FALSE	FALSE	FALSE	FALSE	FALSE	FALSE							LTBR	2307	TRUE	turquoise	0.4522	0.7186	0.7186	0.030671	0.7618	0.4885	0.7515
ENSG00000255775.1	AC005845.1	ENSG00000255775.1	lncRNA	chr12	6155035	6160719	-	5685	1	3	3	intergenic	intergenic	clone-based (unnamed)	FALSE	FALSE	FALSE	FALSE	FALSE	FALSE	FALSE							VWF	30264	TRUE	red	0.4703	0.2964	0.2964	0.0046447	0.2927	0.1847	0.3053
ENSG00000287712.1	AC005865.2	ENSG00000287712.1	lncRNA	chr12	3300698	3318677	+	17980	1	3	3	intergenic	intergenic	clone-based (unnamed)	FALSE	FALSE	FALSE	FALSE	FALSE	FALSE	FALSE							TSPAN9	14133	TRUE	greenyellow	0.5562	0.3185	0.3185	0.0041169	0.306	0.2917	0.2544
ENSG00000274341.1	AC005899.6	ENSG00000274341.1	lncRNA	chr17	32408013	32408309	+	297	1	1	1	intergenic	intergenic	clone-based (unnamed)	FALSE	FALSE	FALSE	FALSE	FALSE	FALSE	FALSE							ZNF207	26127	TRUE	turquoise	0.633	0.7687	0.7687	0.041851	0.9469	0.5886	0.8063
ENSG00000278668.1	AC005899.7	ENSG00000278668.1	lncRNA	chr17	32410159	32410746	+	588	1	1	1	intergenic	intergenic	clone-based (unnamed)	FALSE	FALSE	FALSE	FALSE	FALSE	FALSE	FALSE							ZNF207	28273	TRUE	turquoise	0.5898	0.7598	0.7598	0.019287	0.3801	0.2915	0.4168
ENSG00000286912.1	AC006008.1	ENSG00000286912.1	lncRNA	chr7	150234194	150237608	-	3415	1	2	2	intergenic	intergenic	clone-based (unnamed)	FALSE	FALSE	FALSE	FALSE	FALSE	FALSE	FALSE							ACTR3C	6307	TRUE	grey	-0.0629	0.378	0.378	0.0093185	1.0211	0.5279	0.9374
ENSG00000272908.1	AC006033.2	ENSG00000272908.1	lncRNA	chr7	38326070	38329643	-	3574	1	2	2	intergenic	intergenic	clone-based (unnamed)	FALSE	FALSE	FALSE	FALSE	FALSE	FALSE	FALSE							AMPH	54060	TRUE	yellow	0.6707	0.104	0.104	0.0016593	0.6222	0.3113	0.7769
ENSG00000255966.1	AC006064.3	ENSG00000255966.1	lncRNA	chr12	6532290	6533498	-	1209	1	2	2	intergenic	intergenic	clone-based (unnamed)	FALSE	FALSE	FALSE	FALSE	FALSE	FALSE	FALSE							NCAPD2	334	FALSE	turquoise	0.5222	0.6911	0.6911	0.036165	0.9892	0.551	0.8845
ENSG00000287766.1	AC006130.3	ENSG00000287766.1	lncRNA	chr19	2862270	2864428	+	2159	1	2	2	intergenic	intergenic	clone-based (unnamed)	FALSE	FALSE	FALSE	FALSE	FALSE	FALSE	FALSE							ZNF555	1798	TRUE	magenta	0.6598	0.5783	0.5783	0.0066521	0.3477	0.2145	0.3581
ENSG00000243574.2	AC006148.2	ENSG00000243574.2	lncRNA	chr7	124274671	124288852	-	14182	1	3	3	intergenic	intergenic	clone-based (unnamed)	FALSE	FALSE	FALSE	FALSE	FALSE	FALSE	FALSE							SSU72P8	187518	FALSE	grey	0.354	0.0355	0.0355	0.0011251	0.2301	0.3465	0.2094
ENSG00000272473.1	AC006273.1	ENSG00000272473.1	lncRNA	chr19	781002	781862	-	861	1	1	1	intergenic	intergenic	clone-based (unnamed)	FALSE	FALSE	FALSE	FALSE	FALSE	FALSE	FALSE							PTBP1	15212	FALSE	pink	0.4514	0.1712	0.1712	0.009986	0.5708	0.3963	0.6262
ENSG00000277969.1	AC006449.6	ENSG00000277969.1	lncRNA	chr17	38702452	38704747	+	2296	1	1	1	intergenic	intergenic	clone-based (unnamed)	FALSE	FALSE	FALSE	FALSE	FALSE	FALSE	FALSE							MLLT6	525	TRUE	brown	0.7204	0.2551	0.2551	0.0093481	0.9209	0.2854	0.9883
ENSG00000273448.1	AC006480.2	ENSG00000273448.1	lncRNA	chr7	67333047	67334383	+	1337	1	1	1	intergenic	intergenic	clone-based (unnamed)	FALSE	FALSE	FALSE	FALSE	FALSE	FALSE	FALSE							SPDYE21	46382	TRUE	turquoise	0.4872	0.8124	0.8124	0.02502	0.5838	0.3952	0.6164
ENSG00000267575.7	AC006504.5	ENSG00000267575.7	lncRNA	chr19	27793431	27984984	+	191554	31	16	6	intergenic	intergenic	clone-based (unnamed)	FALSE	FALSE	FALSE	FALSE	FALSE	FALSE	FALSE							UQCRFS1	1220335	FALSE	grey	-0.1156	0.5446	0.5446	0.0040823	0.4167	0.1357	0.5851
ENSG00000281468.1	AC006504.7	ENSG00000281468.1	lncRNA	chr19	27802838	27803472	+	635	1	1	1	intergenic	intergenic	clone-based (unnamed)	FALSE	FALSE	FALSE	FALSE	FALSE	FALSE	FALSE							UQCRFS1	1401847	FALSE	turquoise	0.3028	0.3355	0.3355	0.010298	1.1467	0.4205	0.9902
ENSG00000227017.1	AC007036.1	ENSG00000227017.1	lncRNA	chr7	30176387	30179014	-	2628	1	2	2	intergenic	intergenic	clone-based (unnamed)	FALSE	FALSE	FALSE	FALSE	FALSE	FALSE	FALSE							MTURN	13624	FALSE	grey	-0.1478	0.1186	0.1186	0.00071543	0.306	0.3128	0.2564
ENSG00000261094.2	AC007066.2	ENSG00000261094.2	lncRNA	chr9	122937623	122940333	+	2711	2	2	2	intergenic	intergenic	clone-based (unnamed)	FALSE	FALSE	FALSE	FALSE	FALSE	FALSE	FALSE							RABGAP1	499	TRUE	tan	0.6014	0.7642	0.7642	0.020395	0.6914	0.3065	0.8395
ENSG00000263033.2	AC007220.1	ENSG00000263033.2	lncRNA	chr16	11196177	11224969	+	28793	1	3	3	intergenic	intergenic	clone-based (unnamed)	FALSE	FALSE	FALSE	FALSE	FALSE	FALSE	FALSE							CLEC16A	13990	TRUE	brown	0.3527	0.6075	0.6075	0.01458	0.346	0.2777	0.3601
ENSG00000260850.2	AC007344.1	ENSG00000260850.2	lncRNA	chr16	51354456	51525157	-	170702	3	6	5	intergenic	intergenic	clone-based (unnamed)	FALSE	FALSE	FALSE	FALSE	FALSE	FALSE	FALSE							HNRNPA1P48	28278	FALSE	lightcyan	0.4683	0.091	0.091	0.0020159	0.3539	0.4022	0.2877
ENSG00000229424.1	AC007349.1	ENSG00000229424.1	lncRNA	chr7	36750687	36763081	+	12395	1	3	3	intergenic	intergenic	clone-based (unnamed)	FALSE	FALSE	FALSE	FALSE	FALSE	FALSE	FALSE							AOAH	26137	FALSE	lightcyan	0.5341	0.3275	0.3275	0.016575	0.5101	0.5174	0.4853
ENSG00000239467.6	AC007405.3	ENSG00000239467.6	lncRNA	chr2	170766878	170778729	+	11852	13	7	6	intergenic	intergenic	clone-based (unnamed)	FALSE	FALSE	FALSE	FALSE	FALSE	FALSE	FALSE							ERICH2	5056	TRUE	grey	0.1212	0.0757	0.0757	0.0017105	0.8344	0.3259	0.9413
ENSG00000261799.1	AC007406.4	ENSG00000261799.1	lncRNA	chr12	273954	277123	-	3170	1	1	1	intergenic	intergenic	clone-based (unnamed)	FALSE	FALSE	FALSE	FALSE	FALSE	FALSE	FALSE							KDM5A	2933	TRUE	grey	-0.1318	0.2127	0.2127	0.0050993	2.219	0.3383	1
ENSG00000260086.3	AC007611.1	ENSG00000260086.3	lncRNA	chr16	48623422	48746318	+	122897	3	7	4	intergenic	intergenic	clone-based (unnamed)	FALSE	FALSE	FALSE	FALSE	FALSE	FALSE	FALSE							N4BP1	3273	FALSE	grey	0.0301	-0.0795	0.0795	-0.0018558	0.3513	0.141	0.362
ENSG00000263680.2	AC007639.1	ENSG00000263680.2	lncRNA	chr17	72425939	72428852	+	2914	1	2	2	intergenic	intergenic	clone-based (unnamed)	FALSE	FALSE	FALSE	FALSE	FALSE	FALSE	FALSE							SLC39A11	217096	FALSE	blue	0.3718	0.1973	0.1973	0.0099038	0.4302	0.4612	0.3816
ENSG00000287498.1	AC007749.2	ENSG00000287498.1	lncRNA	chr2	217061067	217064818	-	3752	1	3	3	intergenic	intergenic	clone-based (unnamed)	FALSE	FALSE	FALSE	FALSE	FALSE	FALSE	FALSE							TNP1	201002	TRUE	grey	0.2974	0.1933	0.1933	0.016828	1.0022	1.1912	0.5342
ENSG00000225790.2	AC007953.1	ENSG00000225790.2	lncRNA	chr3	177930758	177940299	+	9542	2	4	3	intergenic	intergenic	clone-based (unnamed)	FALSE	FALSE	FALSE	FALSE	FALSE	FALSE	FALSE							KCNMB2	332632	TRUE	lightcyan	0.6034	0.0857	0.0857	0.002306	0.5954	0.5504	0.5421
ENSG00000273824.1	AC008033.3	ENSG00000273824.1	lncRNA	chr12	68426331	68427737	-	1407	1	1	1	intergenic	intergenic	clone-based (unnamed)	FALSE	FALSE	FALSE	FALSE	FALSE	FALSE	FALSE							MDM1	93949	TRUE	grey	0.2237	0.3261	0.3261	0.023125	0.8078	0.6932	0.6301
ENSG00000272369.1	AC008035.1	ENSG00000272369.1	lncRNA	chr12	46537502	46652550	+	115049	1	3	3	intergenic	intergenic	clone-based (unnamed)	FALSE	FALSE	FALSE	FALSE	FALSE	FALSE	FALSE							SLC38A4	112210	FALSE	blue	0.4154	-0.0034	0.0034	0.0042105	0.7852	0.3319	0.9159
ENSG00000258181.1	AC008083.3	ENSG00000258181.1	lncRNA	chr12	47248124	47257539	+	9416	2	4	3	intergenic	intergenic	clone-based (unnamed)	FALSE	FALSE	FALSE	FALSE	FALSE	FALSE	FALSE							PCED1B	11461	TRUE	yellow	0.6985	0.2787	0.2787	0.0058219	0.3934	0.2782	0.407
ENSG00000275963.1	AC008115.4	ENSG00000275963.1	lncRNA	chr12	12648939	12649713	+	775	1	1	1	intergenic	intergenic	clone-based (unnamed)	FALSE	FALSE	FALSE	FALSE	FALSE	FALSE	FALSE							CREBL2	3830	TRUE	blue	0.4971	0.1216	0.1216	0.0067304	0.8243	0.3133	0.9374
ENSG00000273015.2	AC008124.1	ENSG00000273015.2	lncRNA	chr12	45718046	45727775	-	9730	1	1	1	intergenic	intergenic	clone-based (unnamed)	FALSE	FALSE	FALSE	FALSE	FALSE	FALSE	FALSE							ARID2	1930	FALSE	tan	0.6835	0.5507	0.5507	0.015455	1.4459	0.3367	1
ENSG00000261754.2	AC008555.1	ENSG00000261754.2	lncRNA	chr19	34811589	34814345	-	2757	1	1	1	intergenic	intergenic	clone-based (unnamed)	FALSE	FALSE	FALSE	FALSE	FALSE	FALSE	FALSE							ZNF599	38359	TRUE	cyan	0.6487	0.0452	0.0452	0.0028726	0.9039	0.5482	0.7965
ENSG00000271109.2	AC008555.4	ENSG00000271109.2	lncRNA	chr19	34849046	34860747	-	11702	8	3	4	intergenic	intergenic	clone-based (unnamed)	FALSE	FALSE	FALSE	FALSE	FALSE	FALSE	FALSE							ZNF30	66155	FALSE	blue	0.4437	0.0393	0.0393	0.0073936	0.9851	0.4495	0.8708
ENSG00000277013.1	AC008556.1	ENSG00000277013.1	lncRNA	chr19	33906352	33908391	+	2040	1	1	1	intergenic	intergenic	clone-based (unnamed)	FALSE	FALSE	FALSE	FALSE	FALSE	FALSE	FALSE							KCTD15	90588	TRUE	red	0.6312	-0.0746	0.0746	-0.0015398	0.7026	0.3356	0.8297
ENSG00000251409.1	AC008592.3	ENSG00000251409.1	lncRNA	chr5	95835943	95852721	-	16779	1	2	2	intergenic	intergenic	clone-based (unnamed)	FALSE	FALSE	FALSE	FALSE	FALSE	FALSE	FALSE							RHOBTB3	11559	FALSE	greenyellow	0.5006	0.2006	0.2006	0.0046083	0.3465	0.3723	0.3131
ENSG00000248367.1	AC008610.1	ENSG00000248367.1	lncRNA	chr5	180293245	180295253	+	2009	1	2	2	intergenic	intergenic	clone-based (unnamed)	FALSE	FALSE	FALSE	FALSE	FALSE	FALSE	FALSE							MAPK9	1145	FALSE	turquoise	0.676	0.6146	0.6146	0.041524	1.2643	0.7007	0.908
ENSG00000249526.1	AC008667.1	ENSG00000249526.1	lncRNA	chr5	139684645	139745010	+	60366	1	6	6	intergenic	intergenic	clone-based (unnamed)	FALSE	FALSE	FALSE	FALSE	FALSE	FALSE	FALSE							CXXC5	762	TRUE	grey	0.3222	0.3653	0.3653	0.0073903	0.2679	0.2665	0.2583
ENSG00000267612.1	AC008759.2	ENSG00000267612.1	lncRNA	chr19	9730853	9731943	+	1091	1	2	2	intergenic	intergenic	clone-based (unnamed)	FALSE	FALSE	FALSE	FALSE	FALSE	FALSE	FALSE							ZNF846	20049	FALSE	turquoise	0.3087	0.6729	0.6729	0.013544	0.2762	0.242	0.272
ENSG00000277587.1	AC008759.3	ENSG00000277587.1	lncRNA	chr19	9721903	9722410	+	508	1	1	1	intergenic	intergenic	clone-based (unnamed)	FALSE	FALSE	FALSE	FALSE	FALSE	FALSE	FALSE							ZNF846	29582	FALSE	yellow	0.3938	0.135	0.135	0.01029	0.7469	0.5452	0.7476
ENSG00000271788.1	AC008875.1	ENSG00000271788.1	lncRNA	chr5	43006733	43007543	-	811	1	1	1	intergenic	intergenic	clone-based (unnamed)	FALSE	FALSE	FALSE	FALSE	FALSE	FALSE	FALSE							ANXA2R	31537	TRUE	turquoise	0.5862	0.6855	0.6855	0.016327	0.3404	0.29	0.3464
ENSG00000286656.1	AC008875.2	ENSG00000286656.1	lncRNA	chr5	42995134	42997480	+	2347	1	2	2	intergenic	intergenic	clone-based (unnamed)	FALSE	FALSE	FALSE	FALSE	FALSE	FALSE	FALSE							ANXA2R	41600	FALSE	yellow	0.5209	0.6266	0.6266	0.01493	0.4904	0.2945	0.5949
ENSG00000287263.1	AC008875.3	ENSG00000287263.1	lncRNA	chr5	42983636	42993276	-	9641	3	2	3	intergenic	intergenic	clone-based (unnamed)	FALSE	FALSE	FALSE	FALSE	FALSE	FALSE	FALSE							ANXA2R	45804	TRUE	yellow	0.5679	0.1045	0.1045	0.0058926	1.6221	0.5133	0.9961
ENSG00000267939.1	AC008946.1	ENSG00000267939.1	lncRNA	chr19	8008729	8016025	+	7297	1	2	2	intergenic	intergenic	clone-based (unnamed)	FALSE	FALSE	FALSE	FALSE	FALSE	FALSE	FALSE							ELAVL1	3069	FALSE	brown	0.3633	0.1354	0.1354	0.0042685	0.8014	0.3495	0.9139
ENSG00000271926.1	AC008972.1	ENSG00000271926.1	lncRNA	chr5	72953635	72954274	-	640	1	1	1	intergenic	intergenic	clone-based (unnamed)	FALSE	FALSE	FALSE	FALSE	FALSE	FALSE	FALSE							FCHO2	1766	FALSE	yellow	0.3629	0.118	0.118	0.0023858	0.5686	0.201	0.8356
ENSG00000267683.1	AC008991.1	ENSG00000267683.1	lncRNA	chr19	28892931	28895949	+	3019	1	2	2	intergenic	intergenic	clone-based (unnamed)	FALSE	FALSE	FALSE	FALSE	FALSE	FALSE	FALSE							UQCRFS1	309370	FALSE	grey	-0.2254	0.2525	0.2525	0.0093897	0.284	0.5288	0.2192
ENSG00000260060.1	AC009088.1	ENSG00000260060.1	lncRNA	chr16	31196131	31196963	+	833	1	1	1	intergenic	intergenic	clone-based (unnamed)	FALSE	FALSE	FALSE	FALSE	FALSE	FALSE	FALSE							PYCARD	4522	FALSE	turquoise	0.3129	0.6619	0.6619	0.010723	0.2458	0.2183	0.2133
ENSG00000277999.1	AC009093.6	ENSG00000277999.1	lncRNA	chr16	29272220	29272772	+	553	1	1	1	intergenic	intergenic	clone-based (unnamed)	FALSE	FALSE	FALSE	FALSE	FALSE	FALSE	FALSE							NPIPB11	108581	FALSE	magenta	0.471	0.6219	0.6219	0.0091676	0.2719	0.2858	0.2564
ENSG00000260884.1	AC009120.3	ENSG00000260884.1	lncRNA	chr16	74313337	74315634	+	2298	1	2	2	intergenic	intergenic	clone-based (unnamed)	FALSE	FALSE	FALSE	FALSE	FALSE	FALSE	FALSE							PSMD7	7048	TRUE	green	0.6264	0.842	0.842	0.040866	1.0932	0.6391	0.8748
ENSG00000261161.1	AC009154.1	ENSG00000261161.1	lncRNA	chr16	86646301	86668923	+	22623	1	3	3	intergenic	intergenic	clone-based (unnamed)	FALSE	FALSE	FALSE	FALSE	FALSE	FALSE	FALSE							FOXL1	62822	TRUE	grey	0.1326	0.1132	0.1132	0.0036533	0.2941	0.4864	0.2153
ENSG00000275040.1	AC009159.1	ENSG00000275040.1	lncRNA	chr16	79619469	79620110	+	642	1	1	1	intergenic	intergenic	clone-based (unnamed)	FALSE	FALSE	FALSE	FALSE	FALSE	FALSE	FALSE							MAF	18731	FALSE	grey	0.4588	0.3746	0.3746	0.011367	0.3059	0.3618	0.2701
ENSG00000277214.1	AC009159.2	ENSG00000277214.1	lncRNA	chr16	79603572	79604177	+	606	1	1	1	intergenic	intergenic	clone-based (unnamed)	FALSE	FALSE	FALSE	FALSE	FALSE	FALSE	FALSE							MAF	2834	FALSE	grey	0.1714	0.6644	0.6644	0.029324	0.6842	0.5143	0.6556
ENSG00000278058.1	AC009159.3	ENSG00000278058.1	lncRNA	chr16	79605802	79606605	+	804	1	1	1	intergenic	intergenic	clone-based (unnamed)	FALSE	FALSE	FALSE	FALSE	FALSE	FALSE	FALSE							MAF	5064	FALSE	pink	0.6467	0.5518	0.5518	0.051394	2.0887	0.8481	0.9941
ENSG00000263105.1	AC009171.2	ENSG00000263105.1	lncRNA	chr16	4180117	4183515	-	3399	1	2	2	intergenic	intergenic	clone-based (unnamed)	FALSE	FALSE	FALSE	FALSE	FALSE	FALSE	FALSE							SRL	5858	TRUE	grey	-0.1361	-0.0176	0.0176	-0.00012997	0.4902	0.2962	0.6027
ENSG00000272913.1	AC009237.14	ENSG00000272913.1	lncRNA	chr2	95525109	95526702	-	1594	1	1	1	intergenic	intergenic	clone-based (unnamed)	FALSE	FALSE	FALSE	FALSE	FALSE	FALSE	FALSE							TRIM43B	40377	TRUE	grey	0.2725	-0.0757	0.0757	-0.0023553	0.7889	0.3734	0.863
ENSG00000273305.1	AC009237.15	ENSG00000273305.1	lncRNA	chr2	95537969	95538469	+	501	1	1	1	intergenic	intergenic	clone-based (unnamed)	FALSE	FALSE	FALSE	FALSE	FALSE	FALSE	FALSE							TRIM43B	53237	FALSE	grey	0.1913	0.3025	0.3025	0.0079185	0.682	0.3899	0.771
ENSG00000273576.1	AC009283.1	ENSG00000273576.1	lncRNA	chr17	39566915	39567559	+	645	1	1	1	intergenic	intergenic	clone-based (unnamed)	FALSE	FALSE	FALSE	FALSE	FALSE	FALSE	FALSE							CDK12	2007	TRUE	turquoise	0.7099	0.7071	0.7071	0.045572	2.0562	0.675	0.998
ENSG00000285984.1	AC009301.1	ENSG00000285984.1	lncRNA	chr2	30887626	30897387	-	9762	1	5	5	intergenic	intergenic	clone-based (unnamed)	FALSE	FALSE	FALSE	FALSE	FALSE	FALSE	FALSE							GALNT14	13079	TRUE	blue	0.5252	0.5444	0.5444	0.033237	0.9687	0.6415	0.8121
ENSG00000236255.2	AC009404.1	ENSG00000236255.2	lncRNA	chr2	117833937	117841658	+	7722	5	3	4	intergenic	intergenic	clone-based (unnamed)	FALSE	FALSE	FALSE	FALSE	FALSE	FALSE	FALSE							DDX18	1559	TRUE	turquoise	0.3873	0.5456	0.5456	0.014418	0.6178	0.3373	0.7691
ENSG00000261829.1	AC009407.1	ENSG00000261829.1	lncRNA	chr2	231052040	231052637	+	598	1	1	1	intergenic	intergenic	clone-based (unnamed)	FALSE	FALSE	FALSE	FALSE	FALSE	FALSE	FALSE							C2orf72	2320	TRUE	grey	0.1163	0.0512	0.0512	0.0059029	0.3856	0.3777	0.4012
ENSG00000261117.1	AC009486.1	ENSG00000261117.1	lncRNA	chr2	12715415	12716227	+	813	1	1	1	intergenic	intergenic	clone-based (unnamed)	FALSE	FALSE	FALSE	FALSE	FALSE	FALSE	FALSE							TRIB2	661	TRUE	red	0.5249	0.3714	0.3714	0.0062278	0.2935	0.2287	0.2759
ENSG00000232411.1	AC009495.2	ENSG00000232411.1	lncRNA	chr2	165833048	165839098	-	6051	1	3	3	intergenic	intergenic	clone-based (unnamed)	FALSE	FALSE	FALSE	FALSE	FALSE	FALSE	FALSE							TTC21B	18376	TRUE	grey	0.0616	0.6241	0.6241	0.022494	0.4381	0.4132	0.4344
ENSG00000276261.1	AC009509.4	ENSG00000276261.1	lncRNA	chr12	27700066	27700574	+	509	1	1	1	intergenic	intergenic	clone-based (unnamed)	FALSE	FALSE	FALSE	FALSE	FALSE	FALSE	FALSE							REP15	2469	TRUE	purple	0.5904	0.1825	0.1825	0.015423	1.1549	0.504	0.9589
ENSG00000254847.1	AC009806.1	ENSG00000254847.1	lncRNA	chr11	12538083	12540967	-	2885	1	2	2	intergenic	intergenic	clone-based (unnamed)	FALSE	FALSE	FALSE	FALSE	FALSE	FALSE	FALSE							PARVA	2726	FALSE	grey	0.0635	0.229	0.229	0.0042902	0.3352	0.1836	0.3777
ENSG00000260317.1	AC009812.4	ENSG00000260317.1	lncRNA	chr8	80541300	80543104	+	1805	1	1	1	intergenic	intergenic	clone-based (unnamed)	FALSE	FALSE	FALSE	FALSE	FALSE	FALSE	FALSE							ZBTB10	15034	TRUE	purple	0.5204	0.1665	0.1665	0.0060748	1.0234	0.3931	0.9785
ENSG00000287115.1	AC009951.6	ENSG00000287115.1	lncRNA	chr2	144523552	144524651	-	1100	1	2	2	intergenic	intergenic	clone-based (unnamed)	FALSE	FALSE	FALSE	FALSE	FALSE	FALSE	FALSE							ZEB2	2494	TRUE	pink	0.4823	0.0507	0.0507	0.0086082	0.9228	0.4168	0.9276
ENSG00000272555.1	AC009974.1	ENSG00000272555.1	lncRNA	chr2	218818690	218819144	+	455	1	1	1	intergenic	intergenic	clone-based (unnamed)	FALSE	FALSE	FALSE	FALSE	FALSE	FALSE	FALSE							PRKAG3	3238	FALSE	blue	0.4933	0.4552	0.4552	0.021449	0.5874	0.4299	0.6458
ENSG00000261324.2	AC010168.2	ENSG00000261324.2	lncRNA	chr12	14762504	14767931	-	5428	1	1	1	intergenic	intergenic	clone-based (unnamed)	FALSE	FALSE	FALSE	FALSE	FALSE	FALSE	FALSE							H4-16	67	TRUE	turquoise	0.5352	0.8216	0.8216	0.030685	0.8194	0.4523	0.8004
ENSG00000257027.1	AC010186.3	ENSG00000257027.1	lncRNA	chr12	9658567	9662085	+	3519	1	2	2	intergenic	intergenic	clone-based (unnamed)	FALSE	FALSE	FALSE	FALSE	FALSE	FALSE	FALSE							CLEC2D	2883	TRUE	yellow	0.4685	0.3146	0.3146	0.0054703	1.1566	0.3125	0.998
ENSG00000271259.1	AC010201.1	ENSG00000271259.1	lncRNA	chr12	89371820	89372359	+	540	1	1	1	intergenic	intergenic	clone-based (unnamed)	FALSE	FALSE	FALSE	FALSE	FALSE	FALSE	FALSE							DUSP6	19318	FALSE	turquoise	0.6947	0.7293	0.7293	0.031278	0.65	0.4629	0.6517
ENSG00000271327.1	AC010201.2	ENSG00000271327.1	lncRNA	chr12	89367807	89369301	+	1495	1	1	1	intergenic	intergenic	clone-based (unnamed)	FALSE	FALSE	FALSE	FALSE	FALSE	FALSE	FALSE							DUSP6	15305	FALSE	turquoise	0.6338	0.8175	0.8175	0.039939	0.8835	0.5547	0.8043
ENSG00000260633.1	AC010207.1	ENSG00000260633.1	lncRNA	chr3	134347288	134349233	-	1946	1	1	1	intergenic	intergenic	clone-based (unnamed)	FALSE	FALSE	FALSE	FALSE	FALSE	FALSE	FALSE							AMOTL2	6113	TRUE	grey	0.0222	0.2898	0.2898	0.005158	0.258	0.1917	0.2055
ENSG00000272040.1	AC010245.2	ENSG00000272040.1	lncRNA	chr5	75608817	75609983	+	1167	1	1	1	intergenic	intergenic	clone-based (unnamed)	FALSE	FALSE	FALSE	FALSE	FALSE	FALSE	FALSE							ANKDD1B	1198	TRUE	purple	0.6041	0.6871	0.6871	0.020447	0.9171	0.3416	0.9804
ENSG00000248884.1	AC010280.2	ENSG00000248884.1	lncRNA	chr5	68430427	68434481	-	4055	1	3	3	intergenic	intergenic	clone-based (unnamed)	FALSE	FALSE	FALSE	FALSE	FALSE	FALSE	FALSE							PIK3R1	128605	FALSE	greenyellow	0.4001	-0.0545	0.0545	-0.0035793	0.4589	0.3128	0.5166
ENSG00000269961.1	AC010359.2	ENSG00000269961.1	lncRNA	chr5	65924629	65925135	-	507	1	1	1	intergenic	intergenic	clone-based (unnamed)	FALSE	FALSE	FALSE	FALSE	FALSE	FALSE	FALSE							ERBIN	1420	FALSE	brown	0.6044	0.4118	0.4118	0.013032	0.5785	0.2943	0.7378
ENSG00000286403.1	AC010378.1	ENSG00000286403.1	lncRNA	chr5	139503242	139511374	+	8133	1	2	2	intergenic	intergenic	clone-based (unnamed)	FALSE	FALSE	FALSE	FALSE	FALSE	FALSE	FALSE							UBE2D2	15056	TRUE	greenyellow	0.4375	0.2598	0.2598	0.0093609	0.7115	1.2376	0.3366
ENSG00000270933.1	AC010719.1	ENSG00000270933.1	lncRNA	chr7	25948657	25949403	-	747	1	1	1	intergenic	intergenic	clone-based (unnamed)	FALSE	FALSE	FALSE	FALSE	FALSE	FALSE	FALSE							NFE2L3	202794	FALSE	turquoise	0.5287	0.5977	0.5977	0.025712	0.5974	0.5174	0.5656
ENSG00000229308.1	AC010737.1	ENSG00000229308.1	lncRNA	chrY	4036497	4100320	+	63824	1	2	2	intergenic	intergenic	clone-based (unnamed)	FALSE	FALSE	FALSE	FALSE	FALSE	FALSE	FALSE							TGIF2LY	456455	TRUE	cyan	0.3382	-0.0372	0.0372	-0.0067242	0.8598	0.8527	0.591
ENSG00000224817.2	AC010789.1	ENSG00000224817.2	lncRNA	chr10	101701994	101730037	-	28044	3	4	3	intergenic	intergenic	clone-based (unnamed)	FALSE	FALSE	FALSE	FALSE	FALSE	FALSE	FALSE							FBXW4	6698	TRUE	grey	0.2887	0.0613	0.0613	0.0042584	1.0147	1.0095	0.5695
ENSG00000260197.1	AC010889.1	ENSG00000260197.1	lncRNA	chrY	19691941	19694606	-	2666	1	1	1	intergenic	intergenic	clone-based (unnamed)	FALSE	FALSE	FALSE	FALSE	FALSE	FALSE	FALSE							KDM5D	9258	TRUE	grey	0.2552	0.1902	0.1902	0.0092028	0.3488	0.3822	0.4012
ENSG00000286707.1	AC010896.1	ENSG00000286707.1	lncRNA	chr2	26298570	26306340	+	7771	2	3	2	intergenic	intergenic	clone-based (unnamed)	FALSE	FALSE	FALSE	FALSE	FALSE	FALSE	FALSE							ADGRF3	1832	FALSE	magenta	0.4273	0.2913	0.2913	0.0022232	0.3261	0.2033	0.3092
ENSG00000269973.1	AC010969.2	ENSG00000269973.1	lncRNA	chr2	9936360	9939590	+	3231	1	1	1	intergenic	intergenic	clone-based (unnamed)	FALSE	FALSE	FALSE	FALSE	FALSE	FALSE	FALSE							TAF1B	1943	TRUE	purple	0.7086	0.1641	0.1641	0.010044	1.3771	0.3596	0.9961
ENSG00000272692.2	AC010997.4	ENSG00000272692.2	lncRNA	chr10	75409142	75411842	+	2701	1	3	3	intergenic	intergenic	clone-based (unnamed)	FALSE	FALSE	FALSE	FALSE	FALSE	FALSE	FALSE							ZNF503	7377	FALSE	magenta	0.5799	0.4437	0.4437	0.0067192	0.3284	0.2179	0.3092
ENSG00000286331.1	AC011388.1	ENSG00000286331.1	lncRNA	chr5	150427904	150429906	+	2003	1	2	2	intergenic	intergenic	clone-based (unnamed)	FALSE	FALSE	FALSE	FALSE	FALSE	FALSE	FALSE							RPS14	12728	FALSE	grey	0.1375	0.0447	0.0447	0.0034364	0.5769	0.3542	0.6908
ENSG00000287814.1	AC011407.1	ENSG00000287814.1	lncRNA	chr5	172479274	172536444	+	57171	1	2	2	intergenic	intergenic	clone-based (unnamed)	FALSE	FALSE	FALSE	FALSE	FALSE	FALSE	FALSE							SH3PXD2B	24748	FALSE	red	0.6536	0.0779	0.0779	0.0018645	0.4657	0.276	0.6047
ENSG00000286201.1	AC011751.1	ENSG00000286201.1	lncRNA	chrY	16599730	16644539	-	44810	1	3	3	intergenic	intergenic	clone-based (unnamed)	FALSE	FALSE	FALSE	FALSE	FALSE	FALSE	FALSE							CDY2B	1232870	TRUE	grey	0.1169	0.0297	0.0297	0.0021893	0.296	0.6106	0.2074
ENSG00000261542.1	AC011978.2	ENSG00000261542.1	lncRNA	chr8	63215981	63218034	+	2054	1	1	1	intergenic	intergenic	clone-based (unnamed)	FALSE	FALSE	FALSE	FALSE	FALSE	FALSE	FALSE							YTHDF3	3194	TRUE	purple	0.4939	0.1563	0.1563	0.0024973	0.4811	0.1834	0.7143
ENSG00000286050.1	AC012078.2	ENSG00000286050.1	lncRNA	chrY	3786282	3864893	+	78612	1	6	6	intergenic	intergenic	clone-based (unnamed)	FALSE	FALSE	FALSE	FALSE	FALSE	FALSE	FALSE							TGIF2LY	206240	TRUE	grey	0.1804	-0.02	0.02	0.0027911	0.3719	0.6129	0.2994
ENSG00000259772.6	AC012236.1	ENSG00000259772.6	lncRNA	chr15	31221999	31230838	-	8840	5	6	4	intergenic	intergenic	clone-based (unnamed)	FALSE	FALSE	FALSE	FALSE	FALSE	FALSE	FALSE							TRPM1	60725	TRUE	yellow	0.4672	0.398	0.398	0.0069077	0.361	0.458	0.2857
ENSG00000285667.1	AC012291.3	ENSG00000285667.1	lncRNA	chr15	84717474	84746837	-	29364	1	2	2	intergenic	intergenic	clone-based (unnamed)	FALSE	FALSE	FALSE	FALSE	FALSE	FALSE	FALSE							SEC11A	1013	TRUE	turquoise	0.4604	0.7278	0.7278	0.016183	0.3443	0.2689	0.362
ENSG00000286873.1	AC012306.3	ENSG00000286873.1	lncRNA	chr2	127888829	127892732	+	3904	1	2	2	intergenic	intergenic	clone-based (unnamed)	FALSE	FALSE	FALSE	FALSE	FALSE	FALSE	FALSE							AMMECR1L	2872	FALSE	pink	0.5669	0.2108	0.2108	0.0091034	1.0744	0.3115	0.9941
ENSG00000268912.1	AC012313.5	ENSG00000268912.1	lncRNA	chr19	58428632	58431148	-	2517	1	1	1	intergenic	intergenic	clone-based (unnamed)	FALSE	FALSE	FALSE	FALSE	FALSE	FALSE	FALSE							ZNF132	1665	TRUE	midnightblue	0.562	0.3086	0.3086	0.0067774	0.7376	0.3345	0.8669
ENSG00000272861.1	AC012360.2	ENSG00000272861.1	lncRNA	chr2	105249404	105249794	-	391	1	1	1	intergenic	intergenic	clone-based (unnamed)	FALSE	FALSE	FALSE	FALSE	FALSE	FALSE	FALSE							GPR45	5936	FALSE	grey	-0.1652	0.0857	0.0857	0.001344	0.7488	0.3272	0.8963
ENSG00000259359.2	AC012409.1	ENSG00000259359.2	lncRNA	chr15	96171575	96174339	+	2765	3	3	3	intergenic	intergenic	clone-based (unnamed)	FALSE	FALSE	FALSE	FALSE	FALSE	FALSE	FALSE							NR2F2	151598	TRUE	blue	0.7077	0.3069	0.3069	0.022128	1.0486	0.5133	0.9139
ENSG00000277135.1	AC012409.3	ENSG00000277135.1	lncRNA	chr15	96139472	96140452	-	981	1	1	1	intergenic	intergenic	clone-based (unnamed)	FALSE	FALSE	FALSE	FALSE	FALSE	FALSE	FALSE							NR2F2	185485	FALSE	salmon	0.7494	0.702	0.702	0.038854	0.9153	0.573	0.8121
ENSG00000278146.1	AC012409.4	ENSG00000278146.1	lncRNA	chr15	96230897	96231145	+	249	1	1	1	intergenic	intergenic	clone-based (unnamed)	FALSE	FALSE	FALSE	FALSE	FALSE	FALSE	FALSE							NR2F2	94792	TRUE	salmon	0.4066	0.5128	0.5128	0.011515	0.3397	0.2611	0.3914
ENSG00000228251.1	AC012442.1	ENSG00000228251.1	lncRNA	chr2	112590796	112591939	+	1144	1	2	2	intergenic	intergenic	clone-based (unnamed)	FALSE	FALSE	FALSE	FALSE	FALSE	FALSE	FALSE							CHCHD5	1520	TRUE	grey	-0.0725	0.3067	0.3067	0.0062347	0.4595	0.1979	0.6204
ENSG00000257283.1	AC012464.1	ENSG00000257283.1	lncRNA	chr12	93894965	93943603	-	48639	1	3	3	intergenic	intergenic	clone-based (unnamed)	FALSE	FALSE	FALSE	FALSE	FALSE	FALSE	FALSE							CRADD	124	FALSE	cyan	0.2997	0.2224	0.2224	0.0020599	0.3463	0.199	0.3914
ENSG00000271843.1	AC012557.1	ENSG00000271843.1	lncRNA	chr3	64008082	64008692	-	611	1	1	1	intergenic	intergenic	clone-based (unnamed)	FALSE	FALSE	FALSE	FALSE	FALSE	FALSE	FALSE							PSMD6	1857	TRUE	grey	-0.3378	0.5692	0.5692	0.0097666	0.5776	0.2467	0.7671
ENSG00000232153.3	AC012593.2	ENSG00000232153.3	lncRNA	chr2	34732287	34822726	-	90440	2	7	6	intergenic	intergenic	clone-based (unnamed)	FALSE	FALSE	FALSE	FALSE	FALSE	FALSE	FALSE							FAM98A	1132904	TRUE	blue	0.422	0.7138	0.7138	0.05866	1.9413	0.9322	0.9491
ENSG00000261526.2	AC012615.1	ENSG00000261526.2	lncRNA	chr19	1874871	1876169	-	1299	1	1	1	intergenic	intergenic	clone-based (unnamed)	FALSE	FALSE	FALSE	FALSE	FALSE	FALSE	FALSE							ABHD17A	640	TRUE	brown	0.653	0.6806	0.6806	0.016967	0.5048	0.2614	0.6223
ENSG00000271715.1	AC012640.3	ENSG00000271715.1	lncRNA	chr5	10269489	10269918	-	430	1	1	1	intergenic	intergenic	clone-based (unnamed)	FALSE	FALSE	FALSE	FALSE	FALSE	FALSE	FALSE							CCT5	3099	FALSE	blue	0.436	0.1355	0.1355	0.0090092	0.6513	0.4655	0.6556
ENSG00000273240.1	AC013468.1	ENSG00000273240.1	lncRNA	chr2	189763859	189764456	-	598	1	1	1	intergenic	intergenic	clone-based (unnamed)	FALSE	FALSE	FALSE	FALSE	FALSE	FALSE	FALSE							OSGEPL1	631	TRUE	turquoise	0.5046	0.6777	0.6777	0.012083	0.3049	0.2057	0.2975
ENSG00000259345.7	AC013652.1	ENSG00000259345.7	lncRNA	chr15	38865322	39427195	-	561874	9	18	8	intergenic	intergenic	clone-based (unnamed)	FALSE	FALSE	FALSE	FALSE	FALSE	FALSE	FALSE							THBS1	153883	FALSE	grey	-0.0162	0.0761	0.0761	0.0026934	0.2542	0.3636	0.2564
ENSG00000259760.1	AC015660.2	ENSG00000259760.1	lncRNA	chr15	99396613	99401315	-	4703	1	2	2	intergenic	intergenic	clone-based (unnamed)	FALSE	FALSE	FALSE	FALSE	FALSE	FALSE	FALSE							LRRC28	5883	FALSE	grey	0.0179	0.2727	0.2727	0.016244	0.9237	0.7277	0.7495
ENSG00000274294.1	AC015660.3	ENSG00000274294.1	lncRNA	chr15	99416584	99417204	+	621	1	1	1	intergenic	intergenic	clone-based (unnamed)	FALSE	FALSE	FALSE	FALSE	FALSE	FALSE	FALSE							LRRC28	25854	TRUE	turquoise	0.4668	0.593	0.593	0.017667	0.3169	0.3109	0.3072
ENSG00000232386.9	AC015712.1	ENSG00000232386.9	lncRNA	chr15	100849561	100861756	+	12196	5	8	4	intergenic	intergenic	clone-based (unnamed)	FALSE	FALSE	FALSE	FALSE	FALSE	FALSE	FALSE							ALDH1A3	15957	TRUE	grey	0.1748	0.448	0.448	0.0088139	0.2831	0.2281	0.2681
ENSG00000274312.1	AC015722.2	ENSG00000274312.1	lncRNA	chr15	98319687	98320237	-	551	1	1	1	intergenic	intergenic	clone-based (unnamed)	FALSE	FALSE	FALSE	FALSE	FALSE	FALSE	FALSE							IGF1R	328301	FALSE	grey	0.3268	0.1504	0.1504	0.0263	1.7573	1.6403	0.6986
ENSG00000270091.1	AC015726.1	ENSG00000270091.1	lncRNA	chr17	19896590	19897287	-	698	2	1	2	intergenic	intergenic	clone-based (unnamed)	FALSE	FALSE	FALSE	FALSE	FALSE	FALSE	FALSE							AKAP10	7014	TRUE	purple	0.7031	0.4197	0.4197	0.023695	1.6256	0.4786	0.9961
ENSG00000273669.1	AC015819.1	ENSG00000273669.1	lncRNA	chr18	75073543	75074205	+	663	1	1	1	intergenic	intergenic	clone-based (unnamed)	FALSE	FALSE	FALSE	FALSE	FALSE	FALSE	FALSE							ZNF407	7871	TRUE	yellow	0.6291	0.1083	0.1083	0.0057927	0.8028	0.3492	0.9159
ENSG00000278607.1	AC015819.2	ENSG00000278607.1	lncRNA	chr18	75070197	75071091	-	895	1	3	3	intergenic	intergenic	clone-based (unnamed)	FALSE	FALSE	FALSE	FALSE	FALSE	FALSE	FALSE							ZNF407	4525	FALSE	red	0.3987	0.3653	0.3653	0.013477	0.5004	0.4493	0.5558
ENSG00000265542.5	AC015845.2	ENSG00000265542.5	lncRNA	chr17	57771946	57834749	-	62804	2	3	3	intergenic	intergenic	clone-based (unnamed)	FALSE	FALSE	FALSE	FALSE	FALSE	FALSE	FALSE							MRPS23	31	TRUE	grey	-0.2242	0.1149	0.1149	0.0012449	0.4434	0.5583	0.3933
ENSG00000267074.1	AC015911.3	ENSG00000267074.1	lncRNA	chr17	35499690	35510270	-	10581	1	3	3	intergenic	intergenic	clone-based (unnamed)	FALSE	FALSE	FALSE	FALSE	FALSE	FALSE	FALSE							SLFN12L	11832	TRUE	yellow	0.8389	0.4974	0.4974	0.020033	0.7454	0.4963	0.7534
ENSG00000265519.1	AC015922.2	ENSG00000265519.1	lncRNA	chr17	15787787	15788205	-	419	1	2	2	intergenic	intergenic	clone-based (unnamed)	FALSE	FALSE	FALSE	FALSE	FALSE	FALSE	FALSE							TBC1D26	38594	FALSE	midnightblue	0.4983	-0.105	0.105	-0.014085	2.7694	0.7781	0.998
ENSG00000276855.1	AC015922.3	ENSG00000276855.1	lncRNA	chr17	15789016	15789705	+	690	1	1	1	intergenic	intergenic	clone-based (unnamed)	FALSE	FALSE	FALSE	FALSE	FALSE	FALSE	FALSE							TBC1D26	39823	TRUE	grey	-0.1761	-0.0539	0.0539	-0.0050749	2.7679	0.6402	0.998
ENSG00000225378.1	AC015977.1	ENSG00000225378.1	lncRNA	chr2	26671254	26674464	-	3211	1	3	3	intergenic	intergenic	clone-based (unnamed)	FALSE	FALSE	FALSE	FALSE	FALSE	FALSE	FALSE							KCNK3	18225	FALSE	blue	0.4662	0.2716	0.2716	0.020041	0.6935	0.6687	0.5773
ENSG00000288559.1	AC016394.2	ENSG00000288559.1	lncRNA	chr10	73247342	73248268	-	927	1	2	2	intergenic	intergenic	clone-based (unnamed)	FALSE	FALSE	FALSE	FALSE	FALSE	FALSE	FALSE							DNAJC9	86	TRUE	grey	-0.1172	0.5106	0.5106	0.010833	0.9396	0.3486	0.9589
ENSG00000228527.1	AC016396.1	ENSG00000228527.1	lncRNA	chr10	58304553	58305621	+	1069	1	2	2	intergenic	intergenic	clone-based (unnamed)	FALSE	FALSE	FALSE	FALSE	FALSE	FALSE	FALSE							CISD1	14966	TRUE	grey	0.1019	0.3678	0.3678	0.010705	0.4111	0.2872	0.4736
ENSG00000272043.1	AC016405.2	ENSG00000272043.1	lncRNA	chr8	122780760	122781071	+	312	1	1	1	intergenic	intergenic	clone-based (unnamed)	FALSE	FALSE	FALSE	FALSE	FALSE	FALSE	FALSE							ZHX2	583	TRUE	grey	0.318	0.0095	0.0095	0.0010469	0.3372	0.3783	0.3386
ENSG00000286449.1	AC016590.4	ENSG00000286449.1	lncRNA	chr19	37304451	37309641	+	5191	1	3	3	intergenic	intergenic	clone-based (unnamed)	FALSE	FALSE	FALSE	FALSE	FALSE	FALSE	FALSE							ZNF875	3195	TRUE	grey	-0.2385	0.0984	0.0984	0.002367	0.4162	0.3864	0.4031
ENSG00000224739.2	AC016735.1	ENSG00000224739.2	lncRNA	chr2	43001355	43006060	-	4706	1	3	3	intergenic	intergenic	clone-based (unnamed)	FALSE	FALSE	FALSE	FALSE	FALSE	FALSE	FALSE							HAAO	208761	TRUE	grey	-0.0148	0.2663	0.2663	0.007208	0.2959	0.3149	0.3092
ENSG00000271151.1	AC016737.1	ENSG00000271151.1	lncRNA	chr2	173968351	173969418	+	1068	1	1	1	intergenic	intergenic	clone-based (unnamed)	FALSE	FALSE	FALSE	FALSE	FALSE	FALSE	FALSE							SP3	2648	FALSE	turquoise	0.677	0.7757	0.7757	0.021169	0.3883	0.3088	0.4384
ENSG00000273258.1	AC016737.2	ENSG00000273258.1	lncRNA	chr2	174011856	174012975	-	1120	1	2	2	intergenic	intergenic	clone-based (unnamed)	FALSE	FALSE	FALSE	FALSE	FALSE	FALSE	FALSE							SP3	46153	TRUE	pink	0.4175	0.5805	0.5805	0.016186	0.3528	0.3101	0.3523
ENSG00000250934.2	AC016924.1	ENSG00000250934.2	lncRNA	chr3	126266747	126291525	+	24779	7	6	4	intergenic	intergenic	clone-based (unnamed)	FALSE	FALSE	FALSE	FALSE	FALSE	FALSE	FALSE							KLF15	51109	FALSE	blue	0.5216	0.1164	0.1164	0.0057729	0.3452	0.2635	0.3699
ENSG00000276136.1	AC016957.2	ENSG00000276136.1	lncRNA	chr12	32000375	32001222	+	848	1	1	1	intergenic	intergenic	clone-based (unnamed)	FALSE	FALSE	FALSE	FALSE	FALSE	FALSE	FALSE							RESF1	7267	TRUE	purple	0.7209	0.4978	0.4978	0.019641	0.8707	0.3743	0.9159
ENSG00000272551.1	AC017048.3	ENSG00000272551.1	lncRNA	chr2	176611437	176612249	-	813	1	1	1	intergenic	intergenic	clone-based (unnamed)	FALSE	FALSE	FALSE	FALSE	FALSE	FALSE	FALSE							MTX2	273411	FALSE	grey	0.5279	0.3821	0.3821	0.022885	0.9845	0.6513	0.8317
ENSG00000227359.1	AC017074.1	ENSG00000227359.1	lncRNA	chr2	113677702	113704078	-	26377	1	3	3	intergenic	intergenic	clone-based (unnamed)	FALSE	FALSE	FALSE	FALSE	FALSE	FALSE	FALSE							SLC35F5	932	TRUE	grey	-0.2076	0.299	0.299	0.0074665	0.7629	0.3148	0.9159
ENSG00000286036.1	AC017099.2	ENSG00000286036.1	lncRNA	chr2	97618638	97638417	+	19780	1	6	6	intergenic	intergenic	clone-based (unnamed)	FALSE	FALSE	FALSE	FALSE	FALSE	FALSE	FALSE							COX5B	7644	TRUE	red	0.6331	0.0794	0.0794	0.0026878	0.4608	0.2987	0.5636
ENSG00000224376.1	AC017104.1	ENSG00000224376.1	lncRNA	chr2	231388976	231394991	+	6016	3	2	3	intergenic	intergenic	clone-based (unnamed)	FALSE	FALSE	FALSE	FALSE	FALSE	FALSE	FALSE							B3GNT7	718	TRUE	turquoise	0.4774	0.4665	0.4665	0.016358	0.7063	0.3327	0.8513
ENSG00000232451.2	AC018467.1	ENSG00000232451.2	lncRNA	chr2	23018125	23199056	-	180932	4	12	7	intergenic	intergenic	clone-based (unnamed)	FALSE	FALSE	FALSE	FALSE	FALSE	FALSE	FALSE							KLHL29	186122	FALSE	lightcyan	0.5302	0.0528	0.0528	0.0092579	0.6013	0.7049	0.4442
ENSG00000266601.1	AC018521.6	ENSG00000266601.1	lncRNA	chr17	47929682	47933106	-	3425	1	3	3	intergenic	intergenic	clone-based (unnamed)	FALSE	FALSE	FALSE	FALSE	FALSE	FALSE	FALSE							SP2	724	FALSE	red	0.389	0.3346	0.3346	0.0091153	0.9083	0.3564	0.9335
ENSG00000277559.1	AC018553.1	ENSG00000277559.1	lncRNA	chr16	54290965	54292422	+	1458	1	1	1	intergenic	intergenic	clone-based (unnamed)	FALSE	FALSE	FALSE	FALSE	FALSE	FALSE	FALSE							IRX3	4177	FALSE	blue	0.5872	0.2191	0.2191	0.025199	2.1859	0.8027	0.9667
ENSG00000271344.1	AC018638.6	ENSG00000271344.1	lncRNA	chr7	128690451	128691717	+	1267	1	1	1	intergenic	intergenic	clone-based (unnamed)	FALSE	FALSE	FALSE	FALSE	FALSE	FALSE	FALSE							FAM71F2	2578	TRUE	turquoise	0.3915	0.6578	0.6578	0.014555	0.3296	0.3014	0.317
ENSG00000271553.1	AC018638.7	ENSG00000271553.1	lncRNA	chr7	128667043	128668156	+	1114	1	1	1	intergenic	intergenic	clone-based (unnamed)	FALSE	FALSE	FALSE	FALSE	FALSE	FALSE	FALSE							FAM71F2	4131	TRUE	turquoise	0.4537	0.7774	0.7774	0.029719	0.687	0.4674	0.683
ENSG00000273014.1	AC018645.3	ENSG00000273014.1	lncRNA	chr7	32758882	32759353	+	472	1	1	1	intergenic	intergenic	clone-based (unnamed)	FALSE	FALSE	FALSE	FALSE	FALSE	FALSE	FALSE							KBTBD2	108818	FALSE	greenyellow	0.5227	0.0611	0.0611	-0.00029599	2.3138	0.4675	1
ENSG00000272905.1	AC018648.1	ENSG00000272905.1	lncRNA	chr7	32845394	32846061	+	668	1	1	1	intergenic	intergenic	clone-based (unnamed)	FALSE	FALSE	FALSE	FALSE	FALSE	FALSE	FALSE							KBTBD2	22110	FALSE	turquoise	0.4849	0.6232	0.6232	0.011708	0.2787	0.2349	0.2466
ENSG00000233005.2	AC018742.1	ENSG00000233005.2	lncRNA	chr2	21221169	21970959	+	749791	3	8	6	intergenic	intergenic	clone-based (unnamed)	FALSE	FALSE	FALSE	FALSE	FALSE	FALSE	FALSE							TDRD15	76800	TRUE	blue	0.4891	0.1357	0.1357	0.018409	0.9685	1.0339	0.5675
ENSG00000272777.1	AC019131.2	ENSG00000272777.1	lncRNA	chr4	99067256	99068125	-	870	1	1	1	intergenic	intergenic	clone-based (unnamed)	FALSE	FALSE	FALSE	FALSE	FALSE	FALSE	FALSE							ADH5	2852	TRUE	purple	0.449	0.0706	0.0706	0.0054421	1.2641	0.3431	0.998
ENSG00000234584.1	AC019186.1	ENSG00000234584.1	lncRNA	chr2	157725708	157736005	-	10298	1	2	2	intergenic	intergenic	clone-based (unnamed)	FALSE	FALSE	FALSE	FALSE	FALSE	FALSE	FALSE							ACVR1	438	TRUE	grey	0.0958	0.3634	0.3634	0.0091601	0.3979	0.2505	0.4481
ENSG00000272784.1	AC019193.2	ENSG00000272784.1	lncRNA	chr4	183094423	183095056	-	634	1	1	1	intergenic	intergenic	clone-based (unnamed)	FALSE	FALSE	FALSE	FALSE	FALSE	FALSE	FALSE							WWC2	4200	FALSE	blue	0.5139	0.176	0.176	0.013634	0.9448	0.4928	0.863
ENSG00000273180.1	AC019193.3	ENSG00000273180.1	lncRNA	chr4	183075480	183076033	-	554	1	1	1	intergenic	intergenic	clone-based (unnamed)	FALSE	FALSE	FALSE	FALSE	FALSE	FALSE	FALSE							WWC2	23223	FALSE	blue	0.4716	0.2159	0.2159	0.0072265	0.312	0.247	0.3366
ENSG00000259182.5	AC019254.1	ENSG00000259182.5	lncRNA	chr15	101168530	101170821	+	2292	2	3	2	intergenic	intergenic	clone-based (unnamed)	FALSE	FALSE	FALSE	FALSE	FALSE	FALSE	FALSE							CHSY1	4905	FALSE	grey	0.2742	0.1421	0.1421	0.0022898	0.3887	0.2144	0.4481
ENSG00000284430.1	AC020912.1	ENSG00000284430.1	lncRNA	chr19	31100304	31147981	+	47678	1	6	6	intergenic	intergenic	clone-based (unnamed)	FALSE	FALSE	FALSE	FALSE	FALSE	FALSE	FALSE							TSHZ3	1997	FALSE	greenyellow	0.5545	0.2167	0.2167	0.0041915	0.2395	0.2804	0.1957
ENSG00000261338.2	AC021016.1	ENSG00000261338.2	lncRNA	chr2	218255319	218257366	+	2048	1	1	1	intergenic	intergenic	clone-based (unnamed)	FALSE	FALSE	FALSE	FALSE	FALSE	FALSE	FALSE							ARPC2	962	TRUE	yellow	0.3498	-0.1308	0.1308	-0.0017836	1.0802	0.2639	1
ENSG00000287262.1	AC021148.2	ENSG00000287262.1	lncRNA	chr4	39539395	39546073	-	6679	1	2	2	intergenic	intergenic	clone-based (unnamed)	FALSE	FALSE	FALSE	FALSE	FALSE	FALSE	FALSE							SMIM14	262	TRUE	turquoise	0.4863	0.6952	0.6952	0.011605	0.4524	0.2002	0.5988
ENSG00000204876.4	AC021218.1	ENSG00000204876.4	lncRNA	chr7	155962632	155966343	+	3712	1	2	2	intergenic	intergenic	clone-based (unnamed)	FALSE	FALSE	FALSE	FALSE	FALSE	FALSE	FALSE							SHH	150168	FALSE	blue	0.5024	0.0219	0.0219	0.0084109	1.6203	1.0587	0.8552
ENSG00000267466.1	AC021683.1	ENSG00000267466.1	lncRNA	chr17	77563368	77568695	-	5328	1	2	2	intergenic	intergenic	clone-based (unnamed)	FALSE	FALSE	FALSE	FALSE	FALSE	FALSE	FALSE							SEPTIN9	62771	FALSE	red	0.706	0.2994	0.2994	0.010434	0.4742	0.3952	0.4951
ENSG00000272800.3	AC021851.1	ENSG00000272800.3	lncRNA	chr2	183178806	183215414	+	36609	2	5	3	intergenic	intergenic	clone-based (unnamed)	FALSE	FALSE	FALSE	FALSE	FALSE	FALSE	FALSE							NUP35	17125	TRUE	grey	0.276	0.7306	0.7306	0.010831	0.3104	0.1739	0.2955
ENSG00000237807.4	AC022034.1	ENSG00000237807.4	lncRNA	chr8	53493523	53524336	-	30814	7	5	4	intergenic	intergenic	clone-based (unnamed)	FALSE	FALSE	FALSE	FALSE	FALSE	FALSE	FALSE							ATP6V1H	191206	TRUE	red	0.353	0.0275	0.0275	-0.0027135	0.5225	0.3524	0.5871
ENSG00000287625.1	AC022210.1	ENSG00000287625.1	lncRNA	chr2	84926019	84966685	+	40667	3	4	4	intergenic	intergenic	clone-based (unnamed)	FALSE	FALSE	FALSE	FALSE	FALSE	FALSE	FALSE							KCMF1	4407	TRUE	turquoise	0.4856	0.7352	0.7352	0.017709	0.4746	0.3077	0.5479
ENSG00000286373.1	AC022387.2	ENSG00000286373.1	lncRNA	chr10	63630672	63655769	+	25098	1	3	3	intergenic	intergenic	clone-based (unnamed)	FALSE	FALSE	FALSE	FALSE	FALSE	FALSE	FALSE							REEP3	5543	TRUE	red	0.4054	0.227	0.227	0.0035593	0.2719	0.157	0.2192
ENSG00000272140.2	AC022400.4	ENSG00000272140.2	lncRNA	chr10	73703735	73713581	-	9847	2	3	3	intergenic	intergenic	clone-based (unnamed)	FALSE	FALSE	FALSE	FALSE	FALSE	FALSE	FALSE							AGAP5	5853	TRUE	green	0.564	0.8457	0.8457	0.018585	0.5068	0.2801	0.6086
ENSG00000256802.2	AC022613.1	ENSG00000256802.2	lncRNA	chr15	29674990	29680957	+	5968	2	3	2	intergenic	intergenic	clone-based (unnamed)	FALSE	FALSE	FALSE	FALSE	FALSE	FALSE	FALSE							TJP1	18409	FALSE	blue	0.3892	0.0807	0.0807	0.01111	1.6877	0.7205	0.9687
ENSG00000267364.2	AC022706.1	ENSG00000267364.2	lncRNA	chr17	35313479	35325449	+	11971	11	5	5	intergenic	intergenic	clone-based (unnamed)	FALSE	FALSE	FALSE	FALSE	FALSE	FALSE	FALSE							SLFN11	24855	FALSE	yellow	0.5861	0.0023	0.0023	0.0017595	0.6015	0.2876	0.7769
ENSG00000267940.1	AC022762.2	ENSG00000267940.1	lncRNA	chr11	6201901	6203253	-	1353	1	1	1	intergenic	intergenic	clone-based (unnamed)	FALSE	FALSE	FALSE	FALSE	FALSE	FALSE	FALSE							OR52W1	1641	FALSE	turquoise	0.6798	0.6743	0.6743	0.022813	0.5879	0.3549	0.6536
ENSG00000279949.1	AC022784.6	ENSG00000279949.1	lncRNA	chr8	9158063	9158621	+	559	1	1	1	intergenic	intergenic	clone-based (unnamed)	FALSE	FALSE	FALSE	FALSE	FALSE	FALSE	FALSE							PPP1R3B	6488	FALSE	blue	0.5172	0.1875	0.1875	0.010988	0.6565	0.393	0.726
ENSG00000253636.1	AC022893.1	ENSG00000253636.1	lncRNA	chr8	73052178	73063061	+	10884	1	2	2	intergenic	intergenic	clone-based (unnamed)	FALSE	FALSE	FALSE	FALSE	FALSE	FALSE	FALSE							SBSPON	1481	FALSE	lightcyan	0.3944	0.3014	0.3014	0.0076562	0.7222	0.3993	0.7984
ENSG00000228950.1	AC023137.1	ENSG00000228950.1	lncRNA	chr2	20451042	20452947	+	1906	1	2	2	intergenic	intergenic	clone-based (unnamed)	FALSE	FALSE	FALSE	FALSE	FALSE	FALSE	FALSE							RHOB	1601	TRUE	grey	0.0388	0.0349	0.0349	0.0020594	0.3303	0.3209	0.3464
ENSG00000229459.1	AC023669.1	ENSG00000229459.1	lncRNA	chr7	46261064	46294469	+	33406	1	4	4	intergenic	intergenic	clone-based (unnamed)	FALSE	FALSE	FALSE	FALSE	FALSE	FALSE	FALSE							IGFBP3	339189	FALSE	grey	0.1094	0.1253	0.1253	-0.0018709	0.7618	1.1306	0.407
ENSG00000237760.1	AC023669.2	ENSG00000237760.1	lncRNA	chr7	46302120	46343621	+	41502	1	2	2	intergenic	intergenic	clone-based (unnamed)	FALSE	FALSE	FALSE	FALSE	FALSE	FALSE	FALSE							IGFBP3	380245	FALSE	grey	0.1169	0.0797	0.0797	-0.002973	0.79	1.1716	0.4266
ENSG00000273765.1	AC024257.4	ENSG00000273765.1	lncRNA	chr12	48360920	48361377	+	458	1	1	1	intergenic	intergenic	clone-based (unnamed)	FALSE	FALSE	FALSE	FALSE	FALSE	FALSE	FALSE							ZNF641	9505	FALSE	turquoise	0.4755	0.6506	0.6506	0.011141	0.2327	0.1919	0.2055
ENSG00000273771.1	AC024337.2	ENSG00000273771.1	lncRNA	chr15	96080713	96084584	-	3872	1	2	2	intergenic	intergenic	clone-based (unnamed)	FALSE	FALSE	FALSE	FALSE	FALSE	FALSE	FALSE							NR2F2	241353	FALSE	salmon	0.7903	0.665	0.665	0.039446	0.8859	0.6054	0.7769
ENSG00000236833.1	AC024560.1	ENSG00000236833.1	lncRNA	chr3	197660565	197665757	-	5193	1	2	2	intergenic	intergenic	clone-based (unnamed)	FALSE	FALSE	FALSE	FALSE	FALSE	FALSE	FALSE							RUBCN	3109	TRUE	grey	0.0853	0.3624	0.3624	0.012634	0.2674	0.3417	0.2505
ENSG00000273308.1	AC024560.3	ENSG00000273308.1	lncRNA	chr3	197645669	197646017	+	349	1	1	1	intergenic	intergenic	clone-based (unnamed)	FALSE	FALSE	FALSE	FALSE	FALSE	FALSE	FALSE							RUBCN	22849	FALSE	turquoise	0.3379	0.4697	0.4697	0.011403	0.5037	0.295	0.6125
ENSG00000286909.1	AC024560.4	ENSG00000286909.1	lncRNA	chr3	197649303	197651482	-	2180	1	2	2	intergenic	intergenic	clone-based (unnamed)	FALSE	FALSE	FALSE	FALSE	FALSE	FALSE	FALSE							RUBCN	17384	TRUE	turquoise	0.4769	0.7626	0.7626	0.017914	0.3812	0.2815	0.4227
ENSG00000272144.1	AC025171.4	ENSG00000272144.1	lncRNA	chr5	43061395	43062441	+	1047	1	1	1	intergenic	intergenic	clone-based (unnamed)	FALSE	FALSE	FALSE	FALSE	FALSE	FALSE	FALSE							ZNF131	2734	TRUE	turquoise	0.5353	0.6479	0.6479	0.031488	0.8353	0.5451	0.773
ENSG00000272382.1	AC025171.5	ENSG00000272382.1	lncRNA	chr5	43033716	43034635	+	920	1	1	1	intergenic	intergenic	clone-based (unnamed)	FALSE	FALSE	FALSE	FALSE	FALSE	FALSE	FALSE							ANXA2R	4445	FALSE	turquoise	0.3058	0.5232	0.5232	0.013305	0.4999	0.2918	0.6008
ENSG00000272416.1	AC025175.1	ENSG00000272416.1	lncRNA	chr5	53880293	53881051	-	759	1	1	1	intergenic	intergenic	clone-based (unnamed)	FALSE	FALSE	FALSE	FALSE	FALSE	FALSE	FALSE							ARL15	2890	TRUE	red	0.6903	0.1515	0.1515	0.0092894	1.1477	0.49	0.9491
ENSG00000250081.1	AC025176.1	ENSG00000250081.1	lncRNA	chr5	65486444	65487048	-	605	1	2	2	intergenic	intergenic	clone-based (unnamed)	FALSE	FALSE	FALSE	FALSE	FALSE	FALSE	FALSE							ADAMTS6	4523	TRUE	turquoise	0.401	0.5748	0.5748	0.011104	0.2165	0.256	0.1977
ENSG00000271874.1	AC025754.2	ENSG00000271874.1	lncRNA	chr5	34651457	34651888	-	432	1	1	1	intergenic	intergenic	clone-based (unnamed)	FALSE	FALSE	FALSE	FALSE	FALSE	FALSE	FALSE							RAI14	4439	FALSE	red	0.332	0.1263	0.1263	0.005006	0.4469	0.2488	0.5851
ENSG00000260042.1	AC025810.1	ENSG00000260042.1	lncRNA	chr16	50856614	50879278	-	22665	1	2	2	intergenic	intergenic	clone-based (unnamed)	FALSE	FALSE	FALSE	FALSE	FALSE	FALSE	FALSE							CYLD	54678	FALSE	grey	-0.0972	0.0508	0.0508	0.0079181	0.3975	0.5485	0.3503
ENSG00000274191.1	AC026333.4	ENSG00000274191.1	lncRNA	chr12	122634130	122634673	+	544	1	1	1	intergenic	intergenic	clone-based (unnamed)	FALSE	FALSE	FALSE	FALSE	FALSE	FALSE	FALSE							KNTC1	7733	TRUE	turquoise	0.5341	0.5835	0.5835	0.012354	0.3021	0.2526	0.272
ENSG00000275409.1	AC026367.2	ENSG00000275409.1	lncRNA	chr12	118430147	118430699	+	553	1	1	1	intergenic	intergenic	clone-based (unnamed)	FALSE	FALSE	FALSE	FALSE	FALSE	FALSE	FALSE							SUDS3	12113	TRUE	purple	0.6968	0.4057	0.4057	0.017216	0.7485	0.4028	0.8415
ENSG00000275759.1	AC026367.3	ENSG00000275759.1	lncRNA	chr12	118428281	118428870	+	590	1	1	1	intergenic	intergenic	clone-based (unnamed)	FALSE	FALSE	FALSE	FALSE	FALSE	FALSE	FALSE							SUDS3	10247	TRUE	purple	0.5847	0.4752	0.4752	0.019915	1.014	0.456	0.9354
ENSG00000271119.1	AC026412.3	ENSG00000271119.1	lncRNA	chr5	1594626	1611467	+	16842	1	3	3	intergenic	intergenic	clone-based (unnamed)	FALSE	FALSE	FALSE	FALSE	FALSE	FALSE	FALSE							LPCAT1	70663	FALSE	grey	0.1728	0.5835	0.5835	0.013596	0.5396	0.2943	0.6458
ENSG00000260963.2	AC026462.3	ENSG00000260963.2	lncRNA	chr16	52607006	52614640	+	7635	12	6	3	intergenic	intergenic	clone-based (unnamed)	FALSE	FALSE	FALSE	FALSE	FALSE	FALSE	FALSE							TOX3	59203	FALSE	blue	0.4527	0.0161	0.0161	0.0011761	0.2468	0.2516	0.2035
ENSG00000261474.1	AC026471.4	ENSG00000261474.1	lncRNA	chr16	31449535	31453493	-	3959	1	2	2	intergenic	intergenic	clone-based (unnamed)	FALSE	FALSE	FALSE	FALSE	FALSE	FALSE	FALSE							ARMC5	4586	FALSE	turquoise	0.5466	0.7547	0.7547	0.043547	2.0824	0.6619	1
ENSG00000249984.1	AC026780.2	ENSG00000249984.1	lncRNA	chr5	92675956	92688254	-	12299	1	2	2	intergenic	intergenic	clone-based (unnamed)	FALSE	FALSE	FALSE	FALSE	FALSE	FALSE	FALSE							NR2F1	894967	FALSE	blue	0.4245	0.1114	0.1114	0.0049235	0.3427	0.4331	0.3229
ENSG00000260366.1	AC026803.1	ENSG00000260366.1	lncRNA	chr19	48926171	48926444	+	274	1	1	1	intergenic	intergenic	clone-based (unnamed)	FALSE	FALSE	FALSE	FALSE	FALSE	FALSE	FALSE							NUCB1	2798	TRUE	grey	0.0994	0.4879	0.4879	0.013503	0.4199	0.2984	0.5108
ENSG00000267898.1	AC026803.2	ENSG00000267898.1	lncRNA	chr19	48963975	48965158	+	1184	2	2	2	intergenic	intergenic	clone-based (unnamed)	FALSE	FALSE	FALSE	FALSE	FALSE	FALSE	FALSE							FTL	150	TRUE	pink	0.5238	0.25	0.25	0.0084396	0.6113	0.2586	0.8082
ENSG00000272375.1	AC026979.3	ENSG00000272375.1	lncRNA	chr8	30197404	30198048	+	645	1	1	1	intergenic	intergenic	clone-based (unnamed)	FALSE	FALSE	FALSE	FALSE	FALSE	FALSE	FALSE							DCTN6	13764	TRUE	blue	0.4274	0.4417	0.4417	0.013853	0.7072	0.3051	0.863
ENSG00000285669.1	AC026979.4	ENSG00000285669.1	lncRNA	chr8	30192429	30201332	+	8904	1	3	3	intergenic	intergenic	clone-based (unnamed)	FALSE	FALSE	FALSE	FALSE	FALSE	FALSE	FALSE							DCTN6	8789	TRUE	blue	0.4825	0.5681	0.5681	0.010085	0.4653	0.2044	0.636
ENSG00000259504.2	AC026992.1	ENSG00000259504.2	lncRNA	chr15	69278675	69295322	+	16648	2	5	4	intergenic	intergenic	clone-based (unnamed)	FALSE	FALSE	FALSE	FALSE	FALSE	FALSE	FALSE							PAQR5	3589	TRUE	tan	0.6631	0.468	0.468	0.014896	0.4778	0.3581	0.5303
ENSG00000270127.2	AC027020.2	ENSG00000270127.2	lncRNA	chr15	100547765	100550153	-	2389	1	1	1	intergenic	intergenic	clone-based (unnamed)	FALSE	FALSE	FALSE	FALSE	FALSE	FALSE	FALSE							CERS3	2769	TRUE	turquoise	0.3894	0.5416	0.5416	0.025533	0.7843	0.5275	0.7378
ENSG00000254615.3	AC027031.2	ENSG00000254615.3	lncRNA	chr8	106270144	106272902	+	2759	4	2	2	intergenic	intergenic	clone-based (unnamed)	FALSE	FALSE	FALSE	FALSE	FALSE	FALSE	FALSE							OXR1	86573	TRUE	grey	0.01	0.2224	0.2224	0.0098007	1.8006	0.7977	0.998
ENSG00000253671.3	AC027117.1	ENSG00000253671.3	lncRNA	chr8	17808361	17822183	+	13823	4	3	3	intergenic	intergenic	clone-based (unnamed)	FALSE	FALSE	FALSE	FALSE	FALSE	FALSE	FALSE							MTUS1	7443	FALSE	grey	-0.0431	0.5762	0.5762	0.010217	0.2725	0.2687	0.227
ENSG00000259215.1	AC027237.2	ENSG00000259215.1	lncRNA	chr15	69458522	69461806	-	3285	1	2	2	intergenic	intergenic	clone-based (unnamed)	FALSE	FALSE	FALSE	FALSE	FALSE	FALSE	FALSE							RPLP1	2316	FALSE	tan	0.4334	0.6432	0.6432	0.013666	0.3621	0.2516	0.411
ENSG00000272576.1	AC027271.1	ENSG00000272576.1	lncRNA	chr4	51918772	51919381	+	610	1	1	1	intergenic	intergenic	clone-based (unnamed)	FALSE	FALSE	FALSE	FALSE	FALSE	FALSE	FALSE							DCUN1D4	1934	TRUE	purple	0.6752	0.4733	0.4733	0.013237	0.4429	0.2921	0.5088
ENSG00000268798.1	AC027307.3	ENSG00000268798.1	lncRNA	chr19	1440839	1441938	+	1100	1	1	1	intergenic	intergenic	clone-based (unnamed)	FALSE	FALSE	FALSE	FALSE	FALSE	FALSE	FALSE							RPS15	343	TRUE	red	0.3242	0.0176	0.0176	-0.00030348	0.3586	0.1638	0.4168
ENSG00000260368.1	AC027373.1	ENSG00000260368.1	lncRNA	chr8	100913247	100914388	-	1142	1	1	1	intergenic	intergenic	clone-based (unnamed)	FALSE	FALSE	FALSE	FALSE	FALSE	FALSE	FALSE							YWHAZ	2134	TRUE	turquoise	0.3173	0.6625	0.6625	0.0099412	0.2413	0.1998	0.1898
ENSG00000260457.2	AC027458.1	ENSG00000260457.2	lncRNA	chr18	71837039	71870788	+	33750	1	2	2	intergenic	intergenic	clone-based (unnamed)	FALSE	FALSE	FALSE	FALSE	FALSE	FALSE	FALSE							CBLN2	665891	FALSE	blue	0.4077	-0.0143	0.0143	-0.0021167	0.9501	0.925	0.6243
ENSG00000278107.1	AC027575.2	ENSG00000278107.1	lncRNA	chr18	76805151	76805736	-	586	1	1	1	intergenic	intergenic	clone-based (unnamed)	FALSE	FALSE	FALSE	FALSE	FALSE	FALSE	FALSE							ZNF236	16820	FALSE	purple	0.5561	0.1707	0.1707	0.0092115	0.9089	0.3429	0.9609
ENSG00000272417.1	AC034229.4	ENSG00000272417.1	lncRNA	chr5	10203600	10204040	-	441	1	1	1	intergenic	intergenic	clone-based (unnamed)	FALSE	FALSE	FALSE	FALSE	FALSE	FALSE	FALSE							ATPSCKMT	21466	TRUE	turquoise	0.4299	0.5073	0.5073	0.01085	0.269	0.2341	0.225
ENSG00000272707.1	AC046143.2	ENSG00000272707.1	lncRNA	chr3	194637505	194637664	-	160	1	1	1	intergenic	intergenic	clone-based (unnamed)	FALSE	FALSE	FALSE	FALSE	FALSE	FALSE	FALSE							LSG1	3126	TRUE	purple	0.4846	0.2075	0.2075	0.0097473	0.8458	0.4321	0.8924
ENSG00000257354.2	AC048341.1	ENSG00000257354.2	lncRNA	chr12	62602752	62622213	+	19462	1	2	2	intergenic	intergenic	clone-based (unnamed)	FALSE	FALSE	FALSE	FALSE	FALSE	FALSE	FALSE							MON2	2275	TRUE	turquoise	0.5482	0.8248	0.8248	0.023856	0.6585	0.3706	0.7319
ENSG00000275180.1	AC048341.2	ENSG00000275180.1	lncRNA	chr12	62603909	62604399	+	491	1	1	1	intergenic	intergenic	clone-based (unnamed)	FALSE	FALSE	FALSE	FALSE	FALSE	FALSE	FALSE							MON2	3432	TRUE	turquoise	0.7514	0.7861	0.7861	0.056687	1.4804	0.8456	0.9335
ENSG00000259244.1	AC048382.2	ENSG00000259244.1	lncRNA	chr15	84513241	84526949	-	13709	1	5	5	intergenic	intergenic	clone-based (unnamed)	FALSE	FALSE	FALSE	FALSE	FALSE	FALSE	FALSE							ZSCAN2	74036	FALSE	grey	-0.1161	0.7389	0.7389	0.011973	0.2365	0.2115	0.2211
ENSG00000287692.1	AC053545.1	ENSG00000287692.1	lncRNA	chr4	122700445	122708788	+	8344	1	2	2	intergenic	intergenic	clone-based (unnamed)	FALSE	FALSE	FALSE	FALSE	FALSE	FALSE	FALSE							BBS12	23913	TRUE	grey	0.026	0.4442	0.4442	0.0083	0.2665	0.2979	0.2192
ENSG00000273375.1	AC055764.2	ENSG00000273375.1	lncRNA	chr3	197789700	197790369	+	670	1	1	1	intergenic	intergenic	clone-based (unnamed)	FALSE	FALSE	FALSE	FALSE	FALSE	FALSE	FALSE							LRCH3	856	TRUE	purple	0.5656	0.1582	0.1582	0.0035547	0.2543	0.169	0.1957
ENSG00000267547.1	AC060766.4	ENSG00000267547.1	lncRNA	chr17	35403837	35404373	-	537	1	1	1	intergenic	intergenic	clone-based (unnamed)	FALSE	FALSE	FALSE	FALSE	FALSE	FALSE	FALSE							SLFN12	6548	TRUE	purple	0.5371	0.2153	0.2153	0.013613	1.7404	0.5444	0.9902
ENSG00000267711.1	AC060766.6	ENSG00000267711.1	lncRNA	chr17	35400878	35403006	-	2129	1	2	2	intergenic	intergenic	clone-based (unnamed)	FALSE	FALSE	FALSE	FALSE	FALSE	FALSE	FALSE							SLFN12	7915	TRUE	yellow	0.3064	0.4099	0.4099	0.012742	0.5782	0.341	0.7045
ENSG00000267745.1	AC060766.7	ENSG00000267745.1	lncRNA	chr17	35406684	35409768	-	3085	1	2	2	intergenic	intergenic	clone-based (unnamed)	FALSE	FALSE	FALSE	FALSE	FALSE	FALSE	FALSE							SLFN12	1153	TRUE	yellow	0.3364	0.2534	0.2534	0.0056055	0.7767	0.2827	0.9256
ENSG00000251448.2	AC063919.1	ENSG00000251448.2	lncRNA	chr3	126288123	126301213	-	13091	2	5	4	intergenic	intergenic	clone-based (unnamed)	FALSE	FALSE	FALSE	FALSE	FALSE	FALSE	FALSE							KLF15	41421	TRUE	blue	0.684	0.1838	0.1838	0.0093065	0.4494	0.3665	0.4932
ENSG00000278344.1	AC063943.1	ENSG00000278344.1	lncRNA	chr12	120500735	120501090	-	356	1	1	1	intergenic	intergenic	clone-based (unnamed)	FALSE	FALSE	FALSE	FALSE	FALSE	FALSE	FALSE							COQ5	2188	TRUE	grey	-0.0926	0.2404	0.2404	0.0049908	0.4459	0.2151	0.6067
ENSG00000257543.1	AC063948.1	ENSG00000257543.1	lncRNA	chr12	101408372	101409060	-	689	1	2	2	intergenic	intergenic	clone-based (unnamed)	FALSE	FALSE	FALSE	FALSE	FALSE	FALSE	FALSE							ARL1	599	TRUE	turquoise	0.687	0.5676	0.5676	0.023442	0.7746	0.4242	0.8278
ENSG00000253844.1	AC064807.2	ENSG00000253844.1	lncRNA	chr8	51961458	52022974	+	61517	1	2	2	intergenic	intergenic	clone-based (unnamed)	FALSE	FALSE	FALSE	FALSE	FALSE	FALSE	FALSE							PCMTD1	62271	FALSE	lightcyan	0.6129	-0.0824	0.0824	0.0047244	1.0976	0.7465	0.8258
ENSG00000272024.1	AC064807.4	ENSG00000272024.1	lncRNA	chr8	51950284	51950690	+	407	1	1	1	intergenic	intergenic	clone-based (unnamed)	FALSE	FALSE	FALSE	FALSE	FALSE	FALSE	FALSE							PCMTD1	51097	FALSE	lightcyan	0.4488	0.0482	0.0482	0.0046116	0.7894	0.359	0.8924
ENSG00000272338.2	AC067838.1	ENSG00000272338.2	lncRNA	chr8	33360839	33361415	-	577	1	1	1	intergenic	intergenic	clone-based (unnamed)	FALSE	FALSE	FALSE	FALSE	FALSE	FALSE	FALSE							FUT10	9408	TRUE	purple	0.7267	0.2308	0.2308	0.01455	1.2013	0.438	0.9883
ENSG00000254812.1	AC067930.2	ENSG00000254812.1	lncRNA	chr8	143632071	143633756	-	1686	1	2	2	intergenic	intergenic	clone-based (unnamed)	FALSE	FALSE	FALSE	FALSE	FALSE	FALSE	FALSE							ZNF623	2262	FALSE	brown	0.371	0.5706	0.5706	0.010318	0.2152	0.2	0.1957
ENSG00000273972.1	AC068722.2	ENSG00000273972.1	lncRNA	chr15	45702640	45703183	+	544	1	1	1	intergenic	intergenic	clone-based (unnamed)	FALSE	FALSE	FALSE	FALSE	FALSE	FALSE	FALSE							SQOR	11358	TRUE	turquoise	0.3698	0.4514	0.4514	0.012041	0.3234	0.2845	0.3288
ENSG00000273257.1	AC069200.1	ENSG00000273257.1	lncRNA	chr4	55387949	55388271	+	323	1	1	1	intergenic	intergenic	clone-based (unnamed)	FALSE	FALSE	FALSE	FALSE	FALSE	FALSE	FALSE							TMEM165	7685	TRUE	grey	0.4416	0.2782	0.2782	0.0089846	0.5715	0.3178	0.6928
ENSG00000276188.1	AC069234.4	ENSG00000276188.1	lncRNA	chr12	120709112	120709523	+	412	1	1	1	intergenic	intergenic	clone-based (unnamed)	FALSE	FALSE	FALSE	FALSE	FALSE	FALSE	FALSE							UNC119B	934	TRUE	grey	0.3177	0.3572	0.3572	0.010512	0.5036	0.3186	0.6027
ENSG00000277423.1	AC069234.5	ENSG00000277423.1	lncRNA	chr12	120703867	120704282	+	416	1	1	1	intergenic	intergenic	clone-based (unnamed)	FALSE	FALSE	FALSE	FALSE	FALSE	FALSE	FALSE							MLEC	2007	TRUE	grey	0.2107	0.3147	0.3147	0.0064109	0.7399	0.3361	0.8708
ENSG00000286874.1	AC072054.1	ENSG00000286874.1	lncRNA	chr7	4642248	4642570	+	323	1	1	1	intergenic	intergenic	clone-based (unnamed)	FALSE	FALSE	FALSE	FALSE	FALSE	FALSE	FALSE							FOXK1	39724	TRUE	brown	0.5278	0.3212	0.3212	0.006623	0.2549	0.2046	0.229
ENSG00000235499.1	AC073046.1	ENSG00000235499.1	lncRNA	chr2	73985132	73986343	+	1212	1	2	2	intergenic	intergenic	clone-based (unnamed)	FALSE	FALSE	FALSE	FALSE	FALSE	FALSE	FALSE							TET3	60	TRUE	midnightblue	0.3873	0.3353	0.3353	0.0085093	0.8555	0.4034	0.8787
ENSG00000229628.1	AC073115.1	ENSG00000229628.1	lncRNA	chr7	45990905	46000898	+	9994	1	2	2	intergenic	intergenic	clone-based (unnamed)	FALSE	FALSE	FALSE	FALSE	FALSE	FALSE	FALSE							IGFBP3	69030	FALSE	lightcyan	0.5624	0.1717	0.1717	0.017248	1.0417	0.9853	0.6575
ENSG00000237471.2	AC073115.2	ENSG00000237471.2	lncRNA	chr7	45940449	45986472	+	46024	3	6	5	intergenic	intergenic	clone-based (unnamed)	FALSE	FALSE	FALSE	FALSE	FALSE	FALSE	FALSE							IGFBP3	18574	FALSE	lightcyan	0.5351	0.1922	0.1922	0.014596	0.7443	0.7718	0.5577
ENSG00000272027.2	AC073218.1	ENSG00000272027.2	lncRNA	chr2	34692290	34703606	-	11317	2	5	3	intergenic	intergenic	clone-based (unnamed)	FALSE	FALSE	FALSE	FALSE	FALSE	FALSE	FALSE							FAM98A	1092907	TRUE	grey	0.4946	0.338	0.338	0.033825	1.5886	1.1854	0.8376
ENSG00000232140.2	AC073257.1	ENSG00000232140.2	lncRNA	chr2	120552481	120558119	-	5639	3	5	4	intergenic	intergenic	clone-based (unnamed)	FALSE	FALSE	FALSE	FALSE	FALSE	FALSE	FALSE							GLI2	177503	FALSE	grey	0.4123	0.0177	0.0177	-0.0012252	0.4682	0.3286	0.5362
ENSG00000237614.3	AC073257.2	ENSG00000237614.3	lncRNA	chr2	120542905	120545249	-	2345	3	3	2	intergenic	intergenic	clone-based (unnamed)	FALSE	FALSE	FALSE	FALSE	FALSE	FALSE	FALSE							GLI2	190373	FALSE	red	0.4795	0.1072	0.1072	0.0047596	0.7638	0.4421	0.8082
ENSG00000287985.1	AC073270.2	ENSG00000287985.1	lncRNA	chr7	64369241	64375584	+	6344	1	2	2	intergenic	intergenic	clone-based (unnamed)	FALSE	FALSE	FALSE	FALSE	FALSE	FALSE	FALSE							ZNF736	12606	TRUE	grey	-0.1005	-0.0021	0.0021	-0.00086948	0.3164	0.2074	0.2935
ENSG00000231892.1	AC073316.2	ENSG00000231892.1	lncRNA	chr7	3196626	3198256	-	1631	1	3	3	intergenic	intergenic	clone-based (unnamed)	FALSE	FALSE	FALSE	FALSE	FALSE	FALSE	FALSE							SDK1	102995	FALSE	grey	0.1655	0.3477	0.3477	0.021874	0.7604	0.6051	0.6751
ENSG00000272791.1	AC073389.3	ENSG00000272791.1	lncRNA	chr10	73630556	73631490	+	935	1	1	1	intergenic	intergenic	clone-based (unnamed)	FALSE	FALSE	FALSE	FALSE	FALSE	FALSE	FALSE							MYOZ1	121	FALSE	brown	0.6634	0.5974	0.5974	0.018179	0.5169	0.306	0.6047
ENSG00000276030.1	AC073534.2	ENSG00000276030.1	lncRNA	chr19	24146701	24147081	+	381	1	1	1	intergenic	intergenic	clone-based (unnamed)	FALSE	FALSE	FALSE	FALSE	FALSE	FALSE	FALSE							ZNF254	16732	TRUE	purple	0.5944	0.2933	0.2933	0.0074492	0.3388	0.2607	0.3464
ENSG00000273073.1	AC073869.1	ENSG00000273073.1	lncRNA	chr2	131461821	131463615	-	1795	1	2	2	intergenic	intergenic	clone-based (unnamed)	FALSE	FALSE	FALSE	FALSE	FALSE	FALSE	FALSE							MZT2A	1284	TRUE	grey	0.2635	0.2628	0.2628	0.0055072	0.2765	0.3179	0.2016
ENSG00000276071.1	AC074138.1	ENSG00000276071.1	lncRNA	chr19	36668102	36669404	+	1303	1	1	1	intergenic	intergenic	clone-based (unnamed)	FALSE	FALSE	FALSE	FALSE	FALSE	FALSE	FALSE							ZNF461	1248	FALSE	green	0.6014	0.8348	0.8348	0.013374	0.3145	0.214	0.3464
ENSG00000236501.6	AC074286.1	ENSG00000236501.6	lncRNA	chr2	176989418	177164656	-	175239	10	14	7	intergenic	intergenic	clone-based (unnamed)	FALSE	FALSE	FALSE	FALSE	FALSE	FALSE	FALSE							HNRNPA3	47906	FALSE	red	0.3897	0.2161	0.2161	0.0063071	0.402	0.2566	0.4814
ENSG00000253317.1	AC078906.1	ENSG00000253317.1	lncRNA	chr8	72196334	72202269	+	5936	1	2	2	intergenic	intergenic	clone-based (unnamed)	FALSE	FALSE	FALSE	FALSE	FALSE	FALSE	FALSE							TRPA1	120749	FALSE	turquoise	0.4915	0.6705	0.6705	0.019185	0.3655	0.3234	0.3953
ENSG00000253988.1	AC079015.1	ENSG00000253988.1	lncRNA	chr8	138063268	138073240	+	9973	1	2	2	intergenic	intergenic	clone-based (unnamed)	FALSE	FALSE	FALSE	FALSE	FALSE	FALSE	FALSE							FAM135B	56782	FALSE	yellow	0.7203	0.495	0.495	0.022715	0.7104	0.4954	0.6928
ENSG00000260331.1	AC079148.1	ENSG00000260331.1	lncRNA	chr2	18547386	18548204	-	819	1	1	1	intergenic	intergenic	clone-based (unnamed)	FALSE	FALSE	FALSE	FALSE	FALSE	FALSE	FALSE							RDH14	6518	TRUE	purple	0.4877	0.3449	0.3449	0.0090878	0.5624	0.2511	0.7808
ENSG00000261187.1	AC079322.1	ENSG00000261187.1	lncRNA	chr15	72465128	72466262	-	1135	1	1	1	intergenic	intergenic	clone-based (unnamed)	FALSE	FALSE	FALSE	FALSE	FALSE	FALSE	FALSE							ARIH1	8067	FALSE	turquoise	0.6553	0.8113	0.8113	0.020524	0.431	0.29	0.4873
ENSG00000266976.3	AC079466.1	ENSG00000266976.3	lncRNA	chr19	28606688	28615229	+	8542	3	5	5	intergenic	intergenic	clone-based (unnamed)	FALSE	FALSE	FALSE	FALSE	FALSE	FALSE	FALSE							UQCRFS1	590090	FALSE	grey	0.239	0.0528	0.0528	0.012887	1.1082	1.7544	0.4012
ENSG00000235450.1	AC079760.1	ENSG00000235450.1	lncRNA	chr7	91380778	91556848	-	176071	1	2	2	intergenic	intergenic	clone-based (unnamed)	FALSE	FALSE	FALSE	FALSE	FALSE	FALSE	FALSE							FZD1	109451	FALSE	lightcyan	0.5775	0.2409	0.2409	0.0095437	0.4092	0.365	0.4384
ENSG00000243144.7	AC079760.2	ENSG00000243144.7	lncRNA	chr7	91311368	91515427	+	204060	8	14	7	intergenic	intergenic	clone-based (unnamed)	FALSE	FALSE	FALSE	FALSE	FALSE	FALSE	FALSE							FZD1	40041	TRUE	lightcyan	0.717	0.1898	0.1898	0.023098	1.7351	0.9591	0.8865
ENSG00000272646.1	AC079766.1	ENSG00000272646.1	lncRNA	chr4	182881777	182882203	-	427	1	1	1	intergenic	intergenic	clone-based (unnamed)	FALSE	FALSE	FALSE	FALSE	FALSE	FALSE	FALSE							DCTD	7856	TRUE	purple	0.4971	0.2449	0.2449	0.005206	0.3162	0.1916	0.3092
ENSG00000288003.1	AC079768.4	ENSG00000288003.1	lncRNA	chr4	169912705	169919663	+	6959	1	2	2	intergenic	intergenic	clone-based (unnamed)	FALSE	FALSE	FALSE	FALSE	FALSE	FALSE	FALSE							MFAP3L	66933	FALSE	grey	0.2894	-0.0101	0.0101	0.0071751	2.476	1.5651	0.8806
ENSG00000287232.1	AC079848.2	ENSG00000287232.1	lncRNA	chr3	126213204	126247714	+	34511	8	3	6	intergenic	intergenic	clone-based (unnamed)	FALSE	FALSE	FALSE	FALSE	FALSE	FALSE	FALSE							ALDH1L1	15209	FALSE	grey	-0.2621	0.1653	0.1653	0.004441	0.2599	0.2246	0.2661
ENSG00000274723.1	AC079906.1	ENSG00000274723.1	lncRNA	chr12	46970504	46972155	+	1652	1	2	2	intergenic	intergenic	clone-based (unnamed)	FALSE	FALSE	FALSE	FALSE	FALSE	FALSE	FALSE							AMIGO2	103551	FALSE	blue	0.491	0.547	0.547	0.015493	0.3423	0.287	0.3327
ENSG00000249685.1	AC079921.2	ENSG00000249685.1	lncRNA	chr4	39133913	39135608	+	1696	1	2	2	intergenic	intergenic	clone-based (unnamed)	FALSE	FALSE	FALSE	FALSE	FALSE	FALSE	FALSE							KLHL5	7055	TRUE	red	0.4577	0.574	0.574	0.017207	0.729	0.3747	0.818
ENSG00000278266.1	AC079949.2	ENSG00000278266.1	lncRNA	chr12	127147149	127150081	+	2933	1	1	1	intergenic	intergenic	clone-based (unnamed)	FALSE	FALSE	FALSE	FALSE	FALSE	FALSE	FALSE							TMEM132C	1117321	TRUE	grey	0.1986	0.2351	0.2351	0.0069481	0.4082	0.3891	0.4012
ENSG00000254554.1	AC080023.1	ENSG00000254554.1	lncRNA	chr11	10302657	10303704	-	1048	1	2	2	intergenic	intergenic	clone-based (unnamed)	FALSE	FALSE	FALSE	FALSE	FALSE	FALSE	FALSE							ADM	1368	FALSE	green	0.4019	0.5489	0.5489	0.013743	0.5761	0.3365	0.6849
ENSG00000232874.1	AC080129.2	ENSG00000232874.1	lncRNA	chr3	194130616	194131201	-	586	1	2	2	intergenic	intergenic	clone-based (unnamed)	FALSE	FALSE	FALSE	FALSE	FALSE	FALSE	FALSE							HES1	4946	FALSE	turquoise	0.5077	0.6222	0.6222	0.010569	0.2145	0.2181	0.2016
ENSG00000259820.1	AC083843.2	ENSG00000259820.1	lncRNA	chr8	134792020	134798272	-	6253	1	1	1	intergenic	intergenic	clone-based (unnamed)	FALSE	FALSE	FALSE	FALSE	FALSE	FALSE	FALSE							ZFAT	78970	TRUE	green	0.4429	0.7685	0.7685	0.030883	1.0259	0.5814	0.8806
ENSG00000254337.2	AC083967.1	ENSG00000254337.2	lncRNA	chr8	68848737	68852763	-	4027	2	4	3	intergenic	intergenic	clone-based (unnamed)	FALSE	FALSE	FALSE	FALSE	FALSE	FALSE	FALSE							C8orf34	29713	FALSE	grey	0.0732	0.0011	0.0011	-0.003319	0.2647	0.4266	0.2016
ENSG00000256969.2	AC084375.1	ENSG00000256969.2	lncRNA	chr12	4012902	4026658	+	13757	4	6	5	intergenic	intergenic	clone-based (unnamed)	FALSE	FALSE	FALSE	FALSE	FALSE	FALSE	FALSE							PARP11	139453	FALSE	grey	0.1164	0.0115	0.0115	0.0024186	0.8269	0.6695	0.7045
ENSG00000286315.1	AC087175.1	ENSG00000286315.1	lncRNA	chr7	47252139	47254558	-	2420	1	2	2	intergenic	intergenic	clone-based (unnamed)	FALSE	FALSE	FALSE	FALSE	FALSE	FALSE	FALSE							TNS3	20595	TRUE	turquoise	0.3487	0.722	0.722	0.01775	0.3707	0.2937	0.3581
ENSG00000278743.1	AC087239.1	ENSG00000278743.1	lncRNA	chr12	25385670	25386241	-	572	1	1	1	intergenic	intergenic	clone-based (unnamed)	FALSE	FALSE	FALSE	FALSE	FALSE	FALSE	FALSE							LMNTD1	23065	TRUE	brown	0.6961	0.6084	0.6084	0.021224	0.4417	0.3602	0.4638
ENSG00000254695.2	AC087379.2	ENSG00000254695.2	lncRNA	chr11	15605484	15705376	+	99893	1	4	4	intergenic	intergenic	clone-based (unnamed)	FALSE	FALSE	FALSE	FALSE	FALSE	FALSE	FALSE							SOX6	261072	FALSE	blue	0.3538	0.008	0.008	0.0083215	0.5991	0.9152	0.3757
ENSG00000277491.1	AC087392.5	ENSG00000277491.1	lncRNA	chr17	795306	795794	+	489	1	1	1	intergenic	intergenic	clone-based (unnamed)	FALSE	FALSE	FALSE	FALSE	FALSE	FALSE	FALSE							MRM3	2796	TRUE	pink	0.4732	0.2318	0.2318	0.0066527	0.3522	0.2009	0.3777
ENSG00000259275.4	AC087477.2	ENSG00000259275.4	lncRNA	chr15	96354237	96405235	+	50999	8	5	5	intergenic	intergenic	clone-based (unnamed)	FALSE	FALSE	FALSE	FALSE	FALSE	FALSE	FALSE							NR2F2	13973	TRUE	salmon	0.6085	0.3428	0.3428	0.01009	0.5148	0.2622	0.6614
ENSG00000263164.1	AC087500.2	ENSG00000263164.1	lncRNA	chr17	5240508	5241543	-	1036	1	3	3	intergenic	intergenic	clone-based (unnamed)	FALSE	FALSE	FALSE	FALSE	FALSE	FALSE	FALSE							SCIMP	5647	TRUE	turquoise	0.5002	0.6897	0.6897	0.027301	0.7201	0.4191	0.7613
ENSG00000267737.1	AC087645.2	ENSG00000267737.1	lncRNA	chr17	78315729	78347798	+	32070	2	4	3	intergenic	intergenic	clone-based (unnamed)	FALSE	FALSE	FALSE	FALSE	FALSE	FALSE	FALSE							SOCS3	8979	FALSE	greenyellow	0.5035	0.0904	0.0904	0.00067703	0.4287	0.2671	0.4912
ENSG00000275479.1	AC087741.2	ENSG00000275479.1	lncRNA	chr17	80149627	80149798	+	172	1	1	1	intergenic	intergenic	clone-based (unnamed)	FALSE	FALSE	FALSE	FALSE	FALSE	FALSE	FALSE							EIF4A3	2475	FALSE	pink	0.6808	0.1586	0.1586	0.023274	1.6082	0.6826	0.9746
ENSG00000259579.1	AC087762.1	ENSG00000259579.1	lncRNA	chr15	100716249	100828497	+	112249	1	3	3	intergenic	intergenic	clone-based (unnamed)	FALSE	FALSE	FALSE	FALSE	FALSE	FALSE	FALSE							ALDH1A3	49216	TRUE	blue	0.3813	0.1601	0.1601	0.0040671	0.2976	0.3145	0.2916
ENSG00000224239.1	AC090044.1	ENSG00000224239.1	lncRNA	chr3	857124	858091	+	968	1	2	2	intergenic	intergenic	clone-based (unnamed)	FALSE	FALSE	FALSE	FALSE	FALSE	FALSE	FALSE							CNTN6	234566	TRUE	grey	-0.1131	0.3854	0.3854	0.011606	0.4103	0.4944	0.364
ENSG00000273270.1	AC090114.2	ENSG00000273270.1	lncRNA	chr7	128524016	128531069	-	7054	1	1	1	intergenic	intergenic	clone-based (unnamed)	FALSE	FALSE	FALSE	FALSE	FALSE	FALSE	FALSE							METTL2B	17413	FALSE	magenta	0.4157	0.467	0.467	0.013459	0.9728	0.3167	0.9824
ENSG00000253888.2	AC090150.1	ENSG00000253888.2	lncRNA	chr8	27171914	27210783	+	38870	1	4	4	intergenic	intergenic	clone-based (unnamed)	FALSE	FALSE	FALSE	FALSE	FALSE	FALSE	FALSE							STMN4	24539	FALSE	lightcyan	0.7422	0.0427	0.0427	0.016696	1.7612	1.106	0.8787
ENSG00000282793.1	AC090164.4	ENSG00000282793.1	lncRNA	chr15	101527581	101528349	-	769	1	2	2	intergenic	intergenic	clone-based (unnamed)	FALSE	FALSE	FALSE	FALSE	FALSE	FALSE	FALSE							PCSK6	2378	TRUE	grey	0.3324	-0.0355	0.0355	-0.00051772	0.2614	0.2442	0.2368
ENSG00000247134.7	AC090204.1	ENSG00000247134.7	lncRNA	chr8	32927913	33045445	+	117533	13	6	5	intergenic	intergenic	clone-based (unnamed)	FALSE	FALSE	FALSE	FALSE	FALSE	FALSE	FALSE							NRG1	72246	TRUE	grey	0.3053	-0.0535	0.0535	-0.003673	1.8437	1.0745	0.91
ENSG00000267279.2	AC090409.1	ENSG00000267279.2	lncRNA	chr18	61585746	61607006	-	21261	3	6	5	intergenic	intergenic	clone-based (unnamed)	FALSE	FALSE	FALSE	FALSE	FALSE	FALSE	FALSE							CDH20	29966	FALSE	red	0.4347	0.0426	0.0426	0.0027203	0.7652	0.4077	0.816
ENSG00000271156.1	AC090578.2	ENSG00000271156.1	lncRNA	chr8	88808318	88808908	-	591	1	1	1	intergenic	intergenic	clone-based (unnamed)	FALSE	FALSE	FALSE	FALSE	FALSE	FALSE	FALSE							MMP16	480292	TRUE	grey	0.1915	0.2916	0.2916	0.016136	0.3922	0.4294	0.409
ENSG00000286984.1	AC090578.3	ENSG00000286984.1	lncRNA	chr8	88809949	88813144	-	3196	1	2	2	intergenic	intergenic	clone-based (unnamed)	FALSE	FALSE	FALSE	FALSE	FALSE	FALSE	FALSE							MMP16	481923	TRUE	grey	0.2131	0.3787	0.3787	0.012004	0.2601	0.2913	0.2583
ENSG00000259363.6	AC090825.1	ENSG00000259363.6	lncRNA	chr15	99805793	99916818	+	111026	17	17	5	intergenic	intergenic	clone-based (unnamed)	FALSE	FALSE	FALSE	FALSE	FALSE	FALSE	FALSE							ADAMTS17	54618	FALSE	cyan	0.3949	0.4089	0.4089	0.007827	0.4713	0.2382	0.6086
ENSG00000250948.1	AC091180.4	ENSG00000250948.1	lncRNA	chr17	49375380	49380094	+	4715	1	2	2	intergenic	intergenic	clone-based (unnamed)	FALSE	FALSE	FALSE	FALSE	FALSE	FALSE	FALSE							ZNF652	12906	FALSE	yellow	0.3045	0.4805	0.4805	0.0087897	0.2292	0.2199	0.1937
ENSG00000253123.4	AC091182.1	ENSG00000253123.4	lncRNA	chr8	37326575	37331991	-	5417	5	2	2	intergenic	intergenic	clone-based (unnamed)	FALSE	FALSE	FALSE	FALSE	FALSE	FALSE	FALSE							ZNF703	363790	FALSE	red	0.3408	0.1963	0.1963	0.0022302	0.2781	0.2455	0.2524
ENSG00000253476.1	AC091185.1	ENSG00000253476.1	lncRNA	chr8	25425521	25426580	-	1060	1	2	2	intergenic	intergenic	clone-based (unnamed)	FALSE	FALSE	FALSE	FALSE	FALSE	FALSE	FALSE							GNRH1	866	TRUE	green	0.4896	0.8373	0.8373	0.032081	0.806	0.4844	0.7671
ENSG00000254343.2	AC091563.1	ENSG00000254343.2	lncRNA	chr8	120052180	120056201	+	4022	2	3	2	intergenic	intergenic	clone-based (unnamed)	FALSE	FALSE	FALSE	FALSE	FALSE	FALSE	FALSE							DEPTOR	1261	TRUE	grey	0.1854	0.0684	0.0684	0.001496	2.6454	0.6083	1
ENSG00000251532.1	AC091849.2	ENSG00000251532.1	lncRNA	chr5	1544107	1551710	-	7604	1	4	4	intergenic	intergenic	clone-based (unnamed)	FALSE	FALSE	FALSE	FALSE	FALSE	FALSE	FALSE							LPCAT1	20144	TRUE	salmon	0.5007	0.4405	0.4405	0.020157	0.6222	0.4758	0.6556
ENSG00000287620.1	AC092053.4	ENSG00000287620.1	lncRNA	chr3	39177761	39179586	+	1826	1	2	2	intergenic	intergenic	clone-based (unnamed)	FALSE	FALSE	FALSE	FALSE	FALSE	FALSE	FALSE							XIRP1	3623	FALSE	magenta	0.457	0.3829	0.3829	0.0041337	0.296	0.1763	0.227
ENSG00000275367.1	AC092111.1	ENSG00000275367.1	lncRNA	chr12	8217758	8221115	+	3358	1	1	1	intergenic	intergenic	clone-based (unnamed)	FALSE	FALSE	FALSE	FALSE	FALSE	FALSE	FALSE							FAM90A1	144	FALSE	grey	0.3287	0.4621	0.4621	0.0085435	0.388	0.2433	0.4403
ENSG00000256084.1	AC092112.1	ENSG00000256084.1	lncRNA	chr12	14216590	14221297	+	4708	1	2	2	intergenic	intergenic	clone-based (unnamed)	FALSE	FALSE	FALSE	FALSE	FALSE	FALSE	FALSE							ATF7IP	144334	TRUE	grey	0.0546	0.3048	0.3048	0.0035672	0.2496	0.2432	0.2016
ENSG00000274460.1	AC092119.2	ENSG00000274460.1	lncRNA	chr16	21950218	21951708	-	1491	1	1	1	intergenic	intergenic	clone-based (unnamed)	FALSE	FALSE	FALSE	FALSE	FALSE	FALSE	FALSE							UQCRC2	1579	FALSE	turquoise	0.7783	0.796	0.796	0.033608	0.6316	0.4976	0.589
ENSG00000234432.4	AC092171.3	ENSG00000234432.4	lncRNA	chr7	5426277	5428927	-	2651	1	1	1	intergenic	intergenic	clone-based (unnamed)	FALSE	FALSE	FALSE	FALSE	FALSE	FALSE	FALSE							TNRC18	862	TRUE	magenta	0.4476	0.1524	0.1524	0.0060713	0.6709	0.3386	0.8258
ENSG00000273084.1	AC092171.5	ENSG00000273084.1	lncRNA	chr7	5428731	5429672	+	942	1	1	1	intergenic	intergenic	clone-based (unnamed)	FALSE	FALSE	FALSE	FALSE	FALSE	FALSE	FALSE							FBXL18	1662	FALSE	magenta	0.5088	0.2748	0.2748	0.012092	0.8866	0.4139	0.9217
ENSG00000267363.1	AC092296.4	ENSG00000267363.1	lncRNA	chr19	36379351	36380912	-	1562	1	2	2	intergenic	intergenic	clone-based (unnamed)	FALSE	FALSE	FALSE	FALSE	FALSE	FALSE	FALSE							ZFP14	149	TRUE	blue	0.3712	0.0373	0.0373	0.0033663	0.3035	0.2904	0.3131
ENSG00000272354.1	AC092354.1	ENSG00000272354.1	lncRNA	chr5	65020614	65020989	+	376	1	1	1	intergenic	intergenic	clone-based (unnamed)	FALSE	FALSE	FALSE	FALSE	FALSE	FALSE	FALSE							CWC27	1863	TRUE	purple	0.4665	-0.0129	0.0129	0.0017238	0.3509	0.2111	0.3796
ENSG00000272370.1	AC092354.2	ENSG00000272370.1	lncRNA	chr5	65020038	65020551	+	514	1	1	1	intergenic	intergenic	clone-based (unnamed)	FALSE	FALSE	FALSE	FALSE	FALSE	FALSE	FALSE							CWC27	1287	TRUE	grey	-0.1244	-0.0499	0.0499	-0.00084177	0.781	0.273	0.9413
ENSG00000261512.2	AC092368.3	ENSG00000261512.2	lncRNA	chr16	46622861	46624451	-	1591	2	1	2	intergenic	intergenic	clone-based (unnamed)	FALSE	FALSE	FALSE	FALSE	FALSE	FALSE	FALSE							SHCBP1	1481	TRUE	grey	0.1126	-0.1391	0.1391	-0.0021514	1.1207	0.3164	0.9843
ENSG00000260306.1	AC092375.2	ENSG00000260306.1	lncRNA	chr16	21794095	21795759	-	1665	1	1	1	intergenic	intergenic	clone-based (unnamed)	FALSE	FALSE	FALSE	FALSE	FALSE	FALSE	FALSE							OTOA	32159	FALSE	black	0.4703	0.7203	0.7203	0.017489	0.3292	0.2795	0.3483
ENSG00000251399.1	AC092542.1	ENSG00000251399.1	lncRNA	chr4	79596542	79597173	+	632	1	2	2	intergenic	intergenic	clone-based (unnamed)	FALSE	FALSE	FALSE	FALSE	FALSE	FALSE	FALSE							GK2	188313	FALSE	red	0.5989	0.4585	0.4585	0.012968	0.3534	0.3142	0.3562
ENSG00000272885.1	AC092574.1	ENSG00000272885.1	lncRNA	chr4	416118	416537	-	420	1	1	1	intergenic	intergenic	clone-based (unnamed)	FALSE	FALSE	FALSE	FALSE	FALSE	FALSE	FALSE							ZNF721	9277	TRUE	grey	-0.0133	0.4623	0.4623	0.0086537	0.3706	0.2316	0.4403
ENSG00000273245.1	AC092653.1	ENSG00000273245.1	lncRNA	chr2	73750256	73750786	-	531	1	1	1	intergenic	intergenic	clone-based (unnamed)	FALSE	FALSE	FALSE	FALSE	FALSE	FALSE	FALSE							DUSP11	11397	TRUE	grey	0.0878	0.6967	0.6967	0.013995	0.4169	0.2333	0.5049
ENSG00000260805.2	AC092803.1	ENSG00000260805.2	lncRNA	chr1	212557833	212559731	-	1899	1	1	1	intergenic	intergenic	clone-based (unnamed)	FALSE	FALSE	FALSE	FALSE	FALSE	FALSE	FALSE							ATF3	5602	FALSE	pink	0.6186	0.2975	0.2975	0.010697	0.8088	0.2993	0.9648
ENSG00000272691.1	AC092807.2	ENSG00000272691.1	lncRNA	chr1	85578500	85578742	-	243	1	1	1	intergenic	intergenic	clone-based (unnamed)	FALSE	FALSE	FALSE	FALSE	FALSE	FALSE	FALSE							DDAH1	136	TRUE	salmon	0.4892	0.2384	0.2384	0.010472	0.5213	0.3366	0.6106
ENSG00000232628.6	AC092809.2	ENSG00000232628.6	lncRNA	chr1	224208741	224213625	-	4885	3	3	2	intergenic	intergenic	clone-based (unnamed)	FALSE	FALSE	FALSE	FALSE	FALSE	FALSE	FALSE							NVL	13708	TRUE	yellow	0.3681	0.3474	0.3474	0.007718	0.2931	0.2287	0.2798
ENSG00000243081.2	AC092894.1	ENSG00000243081.2	lncRNA	chr3	112396647	112409134	-	12488	1	2	2	intergenic	intergenic	clone-based (unnamed)	FALSE	FALSE	FALSE	FALSE	FALSE	FALSE	FALSE							CD200	33834	FALSE	grey	-0.2696	0.0316	0.0316	0.00096696	0.7536	0.5866	0.6849
ENSG00000287617.1	AC092902.6	ENSG00000287617.1	lncRNA	chr3	125799887	125800616	-	730	1	2	2	intergenic	intergenic	clone-based (unnamed)	FALSE	FALSE	FALSE	FALSE	FALSE	FALSE	FALSE							ALG1L	128658	TRUE	salmon	0.5337	0.6782	0.6782	0.025404	0.5493	0.3939	0.5949
ENSG00000248787.2	AC092903.2	ENSG00000248787.2	lncRNA	chr3	125907765	125916360	-	8596	2	7	6	intergenic	intergenic	clone-based (unnamed)	FALSE	FALSE	FALSE	FALSE	FALSE	FALSE	FALSE							ALG1L	12914	TRUE	grey	0.1324	0.5015	0.5015	0.0085665	0.2671	0.1771	0.2407
ENSG00000286714.1	AC093001.2	ENSG00000286714.1	lncRNA	chr3	149224138	149226334	+	2197	1	4	4	intergenic	intergenic	clone-based (unnamed)	FALSE	FALSE	FALSE	FALSE	FALSE	FALSE	FALSE							CP	2308	FALSE	greenyellow	0.5445	0.1329	0.1329	0.0074954	0.9026	0.8475	0.6791
ENSG00000267152.1	AC093227.1	ENSG00000267152.1	lncRNA	chr19	37728586	37730643	-	2058	1	2	2	intergenic	intergenic	clone-based (unnamed)	FALSE	FALSE	FALSE	FALSE	FALSE	FALSE	FALSE							ZNF573	5189	TRUE	midnightblue	0.4942	0.6911	0.6911	0.010041	0.3859	0.1834	0.4638
ENSG00000272335.1	AC093297.2	ENSG00000272335.1	lncRNA	chr5	44826076	44828592	+	2517	1	1	1	intergenic	intergenic	clone-based (unnamed)	FALSE	FALSE	FALSE	FALSE	FALSE	FALSE	FALSE							MRPS30	5647	TRUE	grey	-0.0179	0.3353	0.3353	0.014346	2.6372	0.424	1
ENSG00000270457.1	AC093424.1	ENSG00000270457.1	lncRNA	chr1	59289303	59289640	-	338	1	1	1	intergenic	intergenic	clone-based (unnamed)	FALSE	FALSE	FALSE	FALSE	FALSE	FALSE	FALSE							FGGY	6997	FALSE	brown	0.2703	0.3867	0.3867	0.011473	0.3413	0.3059	0.3542
ENSG00000266651.1	AC093484.4	ENSG00000266651.1	lncRNA	chr17	16440479	16440952	-	474	1	2	2	intergenic	intergenic	clone-based (unnamed)	FALSE	FALSE	FALSE	FALSE	FALSE	FALSE	FALSE							LRRC75A	624	TRUE	black	0.4632	0.7512	0.7512	0.02385	0.5448	0.413	0.5616
ENSG00000255021.1	AC093496.1	ENSG00000255021.1	lncRNA	chr3	14272373	14303845	-	31473	1	2	2	intergenic	intergenic	clone-based (unnamed)	FALSE	FALSE	FALSE	FALSE	FALSE	FALSE	FALSE							LSM3	71250	FALSE	grey	-0.1128	0.0649	0.0649	0.0051038	0.3116	0.5318	0.2524
ENSG00000260871.1	AC093510.2	ENSG00000260871.1	lncRNA	chr5	90388468	90389363	-	896	1	1	1	intergenic	intergenic	clone-based (unnamed)	FALSE	FALSE	FALSE	FALSE	FALSE	FALSE	FALSE							CETN3	2893	TRUE	purple	0.4439	0.0263	0.0263	0.0022316	0.4482	0.2227	0.5773
ENSG00000240859.3	AC093627.4	ENSG00000240859.3	lncRNA	chr7	149549	155465	+	5917	6	3	4	intergenic	intergenic	clone-based (unnamed)	FALSE	FALSE	FALSE	FALSE	FALSE	FALSE	FALSE							FAM20C	37105	TRUE	grey	0.1502	-0.0015	0.0015	-4.6709e-05	0.9301	0.4037	0.9569
ENSG00000242474.3	AC093627.5	ENSG00000242474.3	lncRNA	chr7	135853	149527	-	13675	14	4	4	intergenic	intergenic	clone-based (unnamed)	FALSE	FALSE	FALSE	FALSE	FALSE	FALSE	FALSE							FAM20C	43043	FALSE	pink	0.5161	0.4451	0.4451	0.014386	1.0691	0.3293	0.9922
ENSG00000260296.1	AC095057.3	ENSG00000260296.1	lncRNA	chr4	40166675	40167831	+	1157	1	1	1	intergenic	intergenic	clone-based (unnamed)	FALSE	FALSE	FALSE	FALSE	FALSE	FALSE	FALSE							N4BP2	8422	TRUE	purple	0.6798	0.6883	0.6883	0.023155	0.6728	0.3746	0.7573
ENSG00000248373.6	AC096577.1	ENSG00000248373.6	lncRNA	chr4	104900125	105120000	+	219876	4	10	7	intergenic	intergenic	clone-based (unnamed)	FALSE	FALSE	FALSE	FALSE	FALSE	FALSE	FALSE							TET2	25874	TRUE	lightcyan	0.6161	0.0513	0.0513	0.0089904	0.8135	0.7843	0.636
ENSG00000277007.1	AC096642.1	ENSG00000277007.1	lncRNA	chr1	219270774	219273387	+	2614	1	1	1	intergenic	intergenic	clone-based (unnamed)	FALSE	FALSE	FALSE	FALSE	FALSE	FALSE	FALSE							LYPLAL1	57908	TRUE	turquoise	0.5925	0.8446	0.8446	0.017218	0.3296	0.245	0.3483
ENSG00000261468.1	AC096921.2	ENSG00000261468.1	lncRNA	chr3	30697661	30699576	+	1916	1	1	1	intergenic	intergenic	clone-based (unnamed)	FALSE	FALSE	FALSE	FALSE	FALSE	FALSE	FALSE							TGFBR2	3518	TRUE	red	0.664	0.132	0.132	0.0056173	1.0677	0.4117	0.9628
ENSG00000236098.1	AC097059.1	ENSG00000236098.1	lncRNA	chr1	94318479	94324569	-	6091	1	2	2	intergenic	intergenic	clone-based (unnamed)	FALSE	FALSE	FALSE	FALSE	FALSE	FALSE	FALSE							ARHGAP29	43410	TRUE	grey	0.1382	0.0231	0.0231	-0.0013999	0.5189	0.4526	0.5284
ENSG00000287129.1	AC097500.1	ENSG00000287129.1	lncRNA	chr2	185950469	185953171	-	2703	1	2	2	intergenic	intergenic	clone-based (unnamed)	FALSE	FALSE	FALSE	FALSE	FALSE	FALSE	FALSE							FSIP2	117178	FALSE	turquoise	0.3929	0.7772	0.7772	0.015421	0.2948	0.2363	0.3209
ENSG00000272632.1	AC097504.2	ENSG00000272632.1	lncRNA	chr4	141430831	141431284	+	454	1	1	1	intergenic	intergenic	clone-based (unnamed)	FALSE	FALSE	FALSE	FALSE	FALSE	FALSE	FALSE							ZNF330	196133	TRUE	grey	-0.3457	0.0751	0.0751	0.0003587	0.2704	0.2863	0.2211
ENSG00000286833.1	AC097532.3	ENSG00000286833.1	lncRNA	chr2	132347473	132365130	+	17658	2	3	2	intergenic	intergenic	clone-based (unnamed)	FALSE	FALSE	FALSE	FALSE	FALSE	FALSE	FALSE							GPR39	51674	TRUE	grey	0.3081	0.4272	0.4272	0.0089982	0.3149	0.2685	0.3072
ENSG00000286212.2	AC097654.1	ENSG00000286212.2	lncRNA	chr4	32005076	32022483	-	17408	1	4	4	intergenic	intergenic	clone-based (unnamed)	FALSE	FALSE	FALSE	FALSE	FALSE	FALSE	FALSE							PCDH7	858270	FALSE	magenta	0.6681	0.1222	0.1222	-0.0039613	0.3392	0.5968	0.2485
ENSG00000273493.1	AC098479.1	ENSG00000273493.1	lncRNA	chr3	58329965	58330118	+	154	1	1	1	intergenic	intergenic	clone-based (unnamed)	FALSE	FALSE	FALSE	FALSE	FALSE	FALSE	FALSE							PXK	2761	TRUE	grey	-0.1404	0.3427	0.3427	0.0098697	0.3641	0.3288	0.4051
ENSG00000287406.1	AC098656.1	ENSG00000287406.1	lncRNA	chr1	90242088	90284188	+	42101	1	6	6	intergenic	intergenic	clone-based (unnamed)	FALSE	FALSE	FALSE	FALSE	FALSE	FALSE	FALSE							ZNF326	206554	TRUE	grey	-0.037	0.0239	0.0239	0.00092251	0.3881	0.4661	0.4149
ENSG00000286292.1	AC099343.3	ENSG00000286292.1	lncRNA	chr4	184484141	184490293	+	6153	1	3	3	intergenic	intergenic	clone-based (unnamed)	FALSE	FALSE	FALSE	FALSE	FALSE	FALSE	FALSE							IRF2	9590	FALSE	yellow	0.4367	0.5066	0.5066	0.00822	0.2452	0.1733	0.2016
ENSG00000249746.1	AC099509.1	ENSG00000249746.1	lncRNA	chr5	96213346	96215075	-	1730	1	2	2	intergenic	intergenic	clone-based (unnamed)	FALSE	FALSE	FALSE	FALSE	FALSE	FALSE	FALSE							PCSK1	175257	TRUE	greenyellow	0.4825	-0.0345	0.0345	-0.0045025	0.4758	0.4803	0.4481
ENSG00000278389.1	AC099518.6	ENSG00000278389.1	lncRNA	chr16	19111035	19111484	-	450	1	1	1	intergenic	intergenic	clone-based (unnamed)	FALSE	FALSE	FALSE	FALSE	FALSE	FALSE	FALSE							ITPRIPL2	2447	FALSE	purple	0.4052	0.1263	0.1263	0.004258	0.4749	0.2723	0.5734
ENSG00000273650.1	AC100793.4	ENSG00000273650.1	lncRNA	chr17	42751289	42751717	-	429	1	1	1	intergenic	intergenic	clone-based (unnamed)	FALSE	FALSE	FALSE	FALSE	FALSE	FALSE	FALSE							EZH1	6239	TRUE	red	0.5143	0.1678	0.1678	0.0055392	0.445	0.3254	0.5225
ENSG00000261655.1	AC100803.3	ENSG00000261655.1	lncRNA	chr8	141353403	141355365	-	1963	1	1	1	intergenic	intergenic	clone-based (unnamed)	FALSE	FALSE	FALSE	FALSE	FALSE	FALSE	FALSE							GPR20	1104	TRUE	red	0.6385	0.1206	0.1206	0.010437	1.111	0.6683	0.8376
ENSG00000271959.1	AC100803.4	ENSG00000271959.1	lncRNA	chr8	141434545	141437954	+	3410	1	3	3	intergenic	intergenic	clone-based (unnamed)	FALSE	FALSE	FALSE	FALSE	FALSE	FALSE	FALSE							PTP4A3	2090	TRUE	red	0.4925	0.7395	0.7395	0.020506	0.3287	0.3688	0.3268
ENSG00000272010.1	AC100814.1	ENSG00000272010.1	lncRNA	chr8	65591850	65592472	-	623	1	1	1	intergenic	intergenic	clone-based (unnamed)	FALSE	FALSE	FALSE	FALSE	FALSE	FALSE	FALSE							ARMC1	9985	TRUE	purple	0.6901	0.3109	0.3109	0.019851	1.2883	0.5932	0.9765
ENSG00000278703.1	AC100847.1	ENSG00000278703.1	lncRNA	chr18	57588611	57589091	-	481	1	1	1	intergenic	intergenic	clone-based (unnamed)	FALSE	FALSE	FALSE	FALSE	FALSE	FALSE	FALSE							FECH	1908	TRUE	purple	0.5306	0.082	0.082	0.0066913	0.738	0.3656	0.8708
ENSG00000273230.1	AC102953.2	ENSG00000273230.1	lncRNA	chr7	1464497	1467522	-	3026	1	1	1	intergenic	intergenic	clone-based (unnamed)	FALSE	FALSE	FALSE	FALSE	FALSE	FALSE	FALSE							INTS1	2754	TRUE	turquoise	0.3592	0.4398	0.4398	0.012154	0.7169	0.3247	0.8689
ENSG00000272763.1	AC103702.2	ENSG00000272763.1	lncRNA	chr17	48635923	48647023	-	11101	3	4	3	intergenic	intergenic	clone-based (unnamed)	FALSE	FALSE	FALSE	FALSE	FALSE	FALSE	FALSE							HOXB7	2350	TRUE	greenyellow	0.5612	-5e-04	5e-04	-0.010403	1.0616	1.0794	0.6243
ENSG00000261220.2	AC103706.1	ENSG00000261220.2	lncRNA	chr8	133573183	133573861	+	679	1	1	1	intergenic	intergenic	clone-based (unnamed)	FALSE	FALSE	FALSE	FALSE	FALSE	FALSE	FALSE							ST3GAL1	1242	FALSE	turquoise	0.5207	0.548	0.548	0.017299	0.7265	0.4261	0.8004
ENSG00000271938.1	AC103724.4	ENSG00000271938.1	lncRNA	chr8	42139461	42139752	-	292	1	1	1	intergenic	intergenic	clone-based (unnamed)	FALSE	FALSE	FALSE	FALSE	FALSE	FALSE	FALSE							AP3M2	13193	FALSE	red	0.5658	0.1773	0.1773	0.0059005	0.3142	0.2378	0.3386
ENSG00000275322.1	AC103746.1	ENSG00000275322.1	lncRNA	chr15	96342953	96345651	+	2699	1	2	2	intergenic	intergenic	clone-based (unnamed)	FALSE	FALSE	FALSE	FALSE	FALSE	FALSE	FALSE							NR2F2	2689	TRUE	salmon	0.4832	0.1222	0.1222	0.0044761	0.6078	0.2615	0.7828
ENSG00000259676.1	AC103982.1	ENSG00000259676.1	lncRNA	chr15	88797413	88798734	-	1322	1	2	2	intergenic	intergenic	clone-based (unnamed)	FALSE	FALSE	FALSE	FALSE	FALSE	FALSE	FALSE							ACAN	4701	FALSE	red	0.395	0.0546	0.0546	0.00011221	0.3189	0.287	0.3327
ENSG00000248749.1	AC104063.1	ENSG00000248749.1	lncRNA	chr4	84371393	84380189	-	8797	1	3	3	intergenic	intergenic	clone-based (unnamed)	FALSE	FALSE	FALSE	FALSE	FALSE	FALSE	FALSE							NKX6-1	111797	TRUE	greenyellow	0.4511	-0.0664	0.0664	-0.0019561	0.2302	0.3229	0.2055
ENSG00000271862.1	AC104118.1	ENSG00000271862.1	lncRNA	chr5	83049376	83050964	-	1589	1	1	1	intergenic	intergenic	clone-based (unnamed)	FALSE	FALSE	FALSE	FALSE	FALSE	FALSE	FALSE							TMEM167A	1881	TRUE	grey	0.2024	0.459	0.459	0.0075831	0.4246	0.2201	0.5029
ENSG00000253177.2	AC104211.1	ENSG00000253177.2	lncRNA	chr8	92668660	92683450	+	14791	5	4	4	intergenic	intergenic	clone-based (unnamed)	FALSE	FALSE	FALSE	FALSE	FALSE	FALSE	FALSE							TRIQK	200081	FALSE	red	0.6585	0.0691	0.0691	0.010113	1.097	0.7714	0.7984
ENSG00000259631.1	AC104316.2	ENSG00000259631.1	lncRNA	chr8	122977026	122985629	-	8604	1	2	2	intergenic	intergenic	clone-based (unnamed)	FALSE	FALSE	FALSE	FALSE	FALSE	FALSE	FALSE							ZHX2	2515	FALSE	grey	0.2831	0.0305	0.0305	0.0044242	0.5068	0.4972	0.499
ENSG00000286216.1	AC104335.1	ENSG00000286216.1	lncRNA	chr1	247337886	247348076	-	10191	1	3	3	intergenic	intergenic	clone-based (unnamed)	FALSE	FALSE	FALSE	FALSE	FALSE	FALSE	FALSE							ZNF496	6039	TRUE	grey	0.1805	0.7389	0.7389	0.0096086	0.2442	0.1738	0.2016
ENSG00000228857.2	AC104653.1	ENSG00000228857.2	lncRNA	chr2	113831049	113843356	-	12308	2	3	3	intergenic	intergenic	clone-based (unnamed)	FALSE	FALSE	FALSE	FALSE	FALSE	FALSE	FALSE							ACTR3	46706	FALSE	yellow	0.3619	0.0843	0.0843	0.0015763	0.3381	0.2218	0.3249
ENSG00000270210.1	AC104695.2	ENSG00000270210.1	lncRNA	chr2	28425945	28426719	+	775	1	1	1	intergenic	intergenic	clone-based (unnamed)	FALSE	FALSE	FALSE	FALSE	FALSE	FALSE	FALSE							FOSL2	8627	TRUE	greenyellow	0.4685	0.1729	0.1729	0.0065728	1.2081	0.6045	0.9628
ENSG00000270720.1	AC104785.1	ENSG00000270720.1	lncRNA	chr4	89119284	89119871	+	588	1	1	1	intergenic	intergenic	clone-based (unnamed)	FALSE	FALSE	FALSE	FALSE	FALSE	FALSE	FALSE							TIGD2	4382	TRUE	grey	-0.0649	0.3541	0.3541	0.0055512	0.3086	0.2377	0.2642
ENSG00000260077.1	AC104794.3	ENSG00000260077.1	lncRNA	chr2	10039092	10040663	-	1572	1	1	1	intergenic	intergenic	clone-based (unnamed)	FALSE	FALSE	FALSE	FALSE	FALSE	FALSE	FALSE							KLF11	2185	FALSE	turquoise	0.4	0.4565	0.4565	0.019777	2.2932	0.4549	1
ENSG00000270265.1	AC104819.3	ENSG00000270265.1	lncRNA	chr4	151333775	151353224	-	19450	1	2	2	intergenic	intergenic	clone-based (unnamed)	FALSE	FALSE	FALSE	FALSE	FALSE	FALSE	FALSE							SH3D19	8169	TRUE	cyan	0.5361	0.1684	0.1684	0.0020146	0.3442	0.2295	0.3777
ENSG00000251615.3	AC104825.1	ENSG00000251615.3	lncRNA	chr4	8355090	8358338	-	3249	1	1	1	intergenic	intergenic	clone-based (unnamed)	FALSE	FALSE	FALSE	FALSE	FALSE	FALSE	FALSE							ACOX3	7943	TRUE	grey	-0.1524	0.3692	0.3692	0.016717	1.3453	0.4417	0.9883
ENSG00000273487.1	AC104836.1	ENSG00000273487.1	lncRNA	chr1	92189237	92190707	+	1471	1	2	2	intergenic	intergenic	clone-based (unnamed)	FALSE	FALSE	FALSE	FALSE	FALSE	FALSE	FALSE							BTBD8	4511	TRUE	purple	0.5138	0.2134	0.2134	0.0054568	0.325	0.188	0.3268
ENSG00000259711.1	AC106738.1	ENSG00000259711.1	lncRNA	chr16	54934913	54954665	+	19753	1	2	2	intergenic	intergenic	clone-based (unnamed)	FALSE	FALSE	FALSE	FALSE	FALSE	FALSE	FALSE							IRX5	427	TRUE	grey	0.063	0.0772	0.0772	0.0044968	0.351	0.4032	0.3112
ENSG00000270460.1	AC106900.1	ENSG00000270460.1	lncRNA	chr2	173811076	173811392	+	317	1	1	1	intergenic	intergenic	clone-based (unnamed)	FALSE	FALSE	FALSE	FALSE	FALSE	FALSE	FALSE							SP3	69457	FALSE	grey	0.0416	-0.0522	0.0522	-0.0010977	0.3609	0.7459	0.2035
ENSG00000261051.1	AC107021.2	ENSG00000261051.1	lncRNA	chr3	146059585	146061679	-	2095	1	1	1	intergenic	intergenic	clone-based (unnamed)	FALSE	FALSE	FALSE	FALSE	FALSE	FALSE	FALSE							PLOD2	7760	TRUE	greenyellow	0.5641	0.0909	0.0909	0.0011477	1.5958	0.7148	0.9726
ENSG00000261167.1	AC107027.3	ENSG00000261167.1	lncRNA	chr3	131455126	131458598	-	3473	1	1	1	intergenic	intergenic	clone-based (unnamed)	FALSE	FALSE	FALSE	FALSE	FALSE	FALSE	FALSE							MRPL3	3613	TRUE	midnightblue	0.364	-0.1225	0.1225	-0.0049935	0.9375	0.276	0.9824
ENSG00000257526.2	AC107032.2	ENSG00000257526.2	lncRNA	chr12	76562294	76615567	+	53274	1	3	3	intergenic	intergenic	clone-based (unnamed)	FALSE	FALSE	FALSE	FALSE	FALSE	FALSE	FALSE							OSBPL8	2484	FALSE	grey	0.4155	0.0781	0.0781	0.00063972	0.476	0.2752	0.593
ENSG00000259959.1	AC107068.1	ENSG00000259959.1	lncRNA	chr4	47840122	47844339	-	4218	1	1	1	intergenic	intergenic	clone-based (unnamed)	FALSE	FALSE	FALSE	FALSE	FALSE	FALSE	FALSE							CORIN	2015	TRUE	grey	-0.0805	0.5144	0.5144	0.0072493	0.7133	0.1962	0.9746
ENSG00000272744.1	AC107214.2	ENSG00000272744.1	lncRNA	chr4	183516894	183517527	+	634	1	1	1	intergenic	intergenic	clone-based (unnamed)	FALSE	FALSE	FALSE	FALSE	FALSE	FALSE	FALSE							ING2	4464	TRUE	grey	0.108	0.167	0.167	0.0036351	0.4887	0.2318	0.6477
ENSG00000273403.1	AC107294.3	ENSG00000273403.1	lncRNA	chr3	184741937	184742462	+	526	1	1	1	intergenic	intergenic	clone-based (unnamed)	FALSE	FALSE	FALSE	FALSE	FALSE	FALSE	FALSE							MAGEF1	29872	FALSE	brown	0.3105	0.2382	0.2382	0.0065377	0.3697	0.2667	0.4129
ENSG00000259891.1	AC107375.1	ENSG00000259891.1	lncRNA	chr8	140505813	140508043	-	2231	1	1	1	intergenic	intergenic	clone-based (unnamed)	FALSE	FALSE	FALSE	FALSE	FALSE	FALSE	FALSE							CHRAC1	3267	FALSE	black	0.6132	0.7527	0.7527	0.033265	1.1911	0.4725	0.9804
ENSG00000272343.1	AC107952.2	ENSG00000272343.1	lncRNA	chr8	56222688	56223173	+	486	1	1	1	intergenic	intergenic	clone-based (unnamed)	FALSE	FALSE	FALSE	FALSE	FALSE	FALSE	FALSE							CHCHD7	3878	TRUE	purple	0.541	0.1986	0.1986	0.0096882	0.9383	0.415	0.9472
ENSG00000253616.5	AC107959.3	ENSG00000253616.5	lncRNA	chr8	23071377	23074488	-	3112	2	3	2	intergenic	intergenic	clone-based (unnamed)	FALSE	FALSE	FALSE	FALSE	FALSE	FALSE	FALSE							TNFRSF10B	2345	TRUE	blue	0.3847	0.0726	0.0726	0.0063756	0.9196	0.5735	0.816
ENSG00000265478.2	AC107982.3	ENSG00000265478.2	lncRNA	chr17	18809956	18810940	+	985	1	1	1	intergenic	intergenic	clone-based (unnamed)	FALSE	FALSE	FALSE	FALSE	FALSE	FALSE	FALSE							TVP23B	3241	TRUE	purple	0.4771	0.0188	0.0188	0.001242	0.5077	0.2073	0.6986
ENSG00000242588.6	AC108010.1	ENSG00000242588.6	lncRNA	chr7	128574751	128626473	+	51723	1	13	13	intergenic	intergenic	clone-based (unnamed)	FALSE	FALSE	FALSE	FALSE	FALSE	FALSE	FALSE							FAM71F2	45814	TRUE	green	0.651	0.6962	0.6962	0.021081	0.8594	0.4266	0.8806
ENSG00000261889.1	AC108134.2	ENSG00000261889.1	lncRNA	chr16	3156736	3157483	-	748	1	1	1	intergenic	intergenic	clone-based (unnamed)	FALSE	FALSE	FALSE	FALSE	FALSE	FALSE	FALSE							ZNF213	13931	FALSE	brown	0.3375	0.2133	0.2133	0.0060976	0.6827	0.3054	0.8571
ENSG00000263011.1	AC108134.4	ENSG00000263011.1	lncRNA	chr16	3106764	3109576	+	2813	1	3	3	intergenic	intergenic	clone-based (unnamed)	FALSE	FALSE	FALSE	FALSE	FALSE	FALSE	FALSE							ZNF205	2983	TRUE	brown	0.6713	0.4471	0.4471	0.018356	0.6611	0.3891	0.7417
ENSG00000230499.1	AC108463.2	ENSG00000230499.1	lncRNA	chr2	111195963	111206494	+	10532	1	2	2	intergenic	intergenic	clone-based (unnamed)	FALSE	FALSE	FALSE	FALSE	FALSE	FALSE	FALSE							BCL2L11	27517	TRUE	red	0.4185	0.1954	0.1954	0.0029427	0.8338	0.4581	0.816
ENSG00000271590.1	AC108463.3	ENSG00000271590.1	lncRNA	chr2	111210995	111212476	-	1482	1	1	1	intergenic	intergenic	clone-based (unnamed)	FALSE	FALSE	FALSE	FALSE	FALSE	FALSE	FALSE							BCL2L11	42549	FALSE	red	0.5037	0.6854	0.6854	0.016243	0.4525	0.3375	0.4677
ENSG00000283383.1	AC108477.1	ENSG00000283383.1	lncRNA	chr4	183762115	183765721	-	3607	1	2	2	intergenic	intergenic	clone-based (unnamed)	FALSE	FALSE	FALSE	FALSE	FALSE	FALSE	FALSE							STOX2	31970	FALSE	red	0.4265	0.0399	0.0399	0.00092647	0.3133	0.2444	0.3307
ENSG00000287670.1	AC108479.1	ENSG00000287670.1	lncRNA	chr2	88016780	88021451	+	4672	3	4	3	intergenic	intergenic	clone-based (unnamed)	FALSE	FALSE	FALSE	FALSE	FALSE	FALSE	FALSE							KRCC1	5753	FALSE	grey	0.345	0.1711	0.1711	0.0029243	0.6105	0.4005	0.6771
ENSG00000273437.1	AC108673.3	ENSG00000273437.1	lncRNA	chr3	129163606	129163940	-	335	1	1	1	intergenic	intergenic	clone-based (unnamed)	FALSE	FALSE	FALSE	FALSE	FALSE	FALSE	FALSE							ISY1	2542	TRUE	purple	0.7884	0.3456	0.3456	0.028337	1.5715	0.6735	0.9922
ENSG00000274695.1	AC108704.1	ENSG00000274695.1	lncRNA	chr12	128826836	128827579	+	744	1	1	1	intergenic	intergenic	clone-based (unnamed)	FALSE	FALSE	FALSE	FALSE	FALSE	FALSE	FALSE							SLC15A4	2877	FALSE	grey	0.4132	0.2311	0.2311	0.010487	0.8465	0.4906	0.8493
ENSG00000248559.1	AC109454.2	ENSG00000248559.1	lncRNA	chr5	134399495	134401921	+	2427	1	2	2	intergenic	intergenic	clone-based (unnamed)	FALSE	FALSE	FALSE	FALSE	FALSE	FALSE	FALSE							CDKN2AIPNL	143	FALSE	grey	0.0035	0.3547	0.3547	0.0050417	0.57	0.2077	0.8082
ENSG00000262877.5	AC110285.2	ENSG00000262877.5	lncRNA	chr17	81388126	81390319	-	2194	3	2	2	intergenic	intergenic	clone-based (unnamed)	FALSE	FALSE	FALSE	FALSE	FALSE	FALSE	FALSE							BAHCC1	5137	FALSE	black	0.63	0.7906	0.7906	0.065251	1.1699	0.9126	0.7476
ENSG00000261292.2	AC110491.1	ENSG00000261292.2	lncRNA	chr3	97759523	97761532	+	2010	1	1	1	intergenic	intergenic	clone-based (unnamed)	FALSE	FALSE	FALSE	FALSE	FALSE	FALSE	FALSE							ARL6	2988	TRUE	grey	0.3364	0.1146	0.1146	0.0012222	0.2086	0.2691	0.2055
ENSG00000260578.1	AC110597.1	ENSG00000260578.1	lncRNA	chr18	67481791	67484966	-	3176	1	1	1	intergenic	intergenic	clone-based (unnamed)	FALSE	FALSE	FALSE	FALSE	FALSE	FALSE	FALSE							DSEL	21620	TRUE	grey	-0.033	0.1274	0.1274	0.0025556	0.3459	0.3213	0.3131
ENSG00000273077.1	AC110609.1	ENSG00000273077.1	lncRNA	chr4	128552590	128553416	-	827	1	2	2	intergenic	intergenic	clone-based (unnamed)	FALSE	FALSE	FALSE	FALSE	FALSE	FALSE	FALSE							JADE1	256283	FALSE	magenta	0.3864	0.1453	0.1453	0.0026072	0.2298	0.2007	0.1918
ENSG00000236120.7	AC110995.1	ENSG00000236120.7	lncRNA	chrX	5653418	5726326	-	72909	4	6	4	intergenic	intergenic	clone-based (unnamed)	FALSE	FALSE	FALSE	FALSE	FALSE	FALSE	FALSE							NLGN4X	114310	TRUE	yellow	0.3451	-0.1043	0.1043	-0.0059562	0.7573	0.4078	0.8376
ENSG00000271752.1	AC112187.3	ENSG00000271752.1	lncRNA	chr5	50662859	50663266	-	408	1	1	1	intergenic	intergenic	clone-based (unnamed)	FALSE	FALSE	FALSE	FALSE	FALSE	FALSE	FALSE							PARP8	2632	FALSE	brown	0.3988	0.1986	0.1986	0.0049202	0.2483	0.1915	0.2094
ENSG00000231305.4	AC112484.1	ENSG00000231305.4	lncRNA	chr3	128860620	128871540	-	10921	2	5	5	intergenic	intergenic	clone-based (unnamed)	FALSE	FALSE	FALSE	FALSE	FALSE	FALSE	FALSE							ACAD9	8055	FALSE	turquoise	0.3451	0.656	0.656	0.012878	0.3384	0.2356	0.3346
ENSG00000261159.1	AC112484.3	ENSG00000261159.1	lncRNA	chr3	128859716	128860526	-	811	1	1	1	intergenic	intergenic	clone-based (unnamed)	FALSE	FALSE	FALSE	FALSE	FALSE	FALSE	FALSE							ACAD9	19069	FALSE	grey	0.1567	0.5176	0.5176	0.014047	0.3556	0.3803	0.3131
ENSG00000273454.1	AC112503.2	ENSG00000273454.1	lncRNA	chr3	123277353	123277904	+	552	1	1	1	intergenic	intergenic	clone-based (unnamed)	FALSE	FALSE	FALSE	FALSE	FALSE	FALSE	FALSE							SEC22A	3216	TRUE	grey	-0.0622	0.3702	0.3702	0.007392	0.4008	0.2041	0.4932
ENSG00000251144.1	AC113346.1	ENSG00000251144.1	lncRNA	chr5	174820027	174826324	+	6298	1	2	2	intergenic	intergenic	clone-based (unnamed)	FALSE	FALSE	FALSE	FALSE	FALSE	FALSE	FALSE							MSX2	89130	TRUE	greenyellow	0.5528	-0.0356	0.0356	-0.0038606	0.2841	0.6018	0.2074
ENSG00000272255.1	AC113361.1	ENSG00000272255.1	lncRNA	chr5	139644460	139645002	-	543	1	1	1	intergenic	intergenic	clone-based (unnamed)	FALSE	FALSE	FALSE	FALSE	FALSE	FALSE	FALSE							CXXC5	2296	FALSE	grey	-0.0232	0.3668	0.3668	0.011043	0.3817	0.2781	0.4051
ENSG00000248927.1	AC114284.1	ENSG00000248927.1	lncRNA	chr5	120781218	120790778	+	9561	1	2	2	intergenic	intergenic	clone-based (unnamed)	FALSE	FALSE	FALSE	FALSE	FALSE	FALSE	FALSE							PRR16	93885	TRUE	red	0.4847	0.2415	0.2415	0.0017176	0.2987	0.2033	0.2838
ENSG00000278075.1	AC114341.1	ENSG00000278075.1	lncRNA	chr18	79900555	79900903	-	349	1	1	1	intergenic	intergenic	clone-based (unnamed)	FALSE	FALSE	FALSE	FALSE	FALSE	FALSE	FALSE							KCNG2	370	FALSE	grey	-0.0227	0.1254	0.1254	0.0035638	0.316	0.2075	0.3229
ENSG00000249743.6	AC116345.1	ENSG00000249743.6	lncRNA	chr5	73213930	73295258	+	81329	9	9	6	intergenic	intergenic	clone-based (unnamed)	FALSE	FALSE	FALSE	FALSE	FALSE	FALSE	FALSE							TMEM174	38786	TRUE	blue	0.395	0.1133	0.1133	0.012618	0.7546	0.7718	0.5851
ENSG00000251599.1	AC116345.3	ENSG00000251599.1	lncRNA	chr5	73132008	73150592	-	18585	1	2	2	intergenic	intergenic	clone-based (unnamed)	FALSE	FALSE	FALSE	FALSE	FALSE	FALSE	FALSE							TMEM171	198	FALSE	blue	0.6081	0.1003	0.1003	0.021631	1.3378	1.1271	0.7319
ENSG00000287090.1	AC116345.4	ENSG00000287090.1	lncRNA	chr5	73195314	73201973	-	6660	1	3	3	intergenic	intergenic	clone-based (unnamed)	FALSE	FALSE	FALSE	FALSE	FALSE	FALSE	FALSE							TMEM174	20170	FALSE	blue	0.7095	0.2634	0.2634	0.026801	1.3216	0.8354	0.8395
ENSG00000215246.5	AC116351.1	ENSG00000215246.5	lncRNA	chr5	987180	997308	-	10129	1	2	2	intergenic	intergenic	clone-based (unnamed)	FALSE	FALSE	FALSE	FALSE	FALSE	FALSE	FALSE							NKD2	11493	FALSE	magenta	0.3353	-0.0198	0.0198	-0.0074744	1.0582	0.8365	0.7436
ENSG00000272347.1	AC116351.2	ENSG00000272347.1	lncRNA	chr5	1005039	1006623	+	1585	1	1	1	intergenic	intergenic	clone-based (unnamed)	FALSE	FALSE	FALSE	FALSE	FALSE	FALSE	FALSE							NKD2	2178	TRUE	grey	0.0766	0.0767	0.0767	0.0029506	0.2438	0.2733	0.2153
ENSG00000277511.1	AC116407.2	ENSG00000277511.1	lncRNA	chr17	32127595	32128454	+	860	1	1	1	intergenic	intergenic	clone-based (unnamed)	FALSE	FALSE	FALSE	FALSE	FALSE	FALSE	FALSE							RHOT1	13999	TRUE	turquoise	0.6665	0.6285	0.6285	0.027699	0.7991	0.4575	0.8258
ENSG00000274918.1	AC116447.1	ENSG00000274918.1	lncRNA	chr18	35317396	35317848	+	453	1	1	1	intergenic	intergenic	clone-based (unnamed)	FALSE	FALSE	FALSE	FALSE	FALSE	FALSE	FALSE							ZNF24	14378	FALSE	grey	-0.0221	0.4971	0.4971	0.0088799	0.3975	0.2092	0.5029
ENSG00000223751.1	AC116609.1	ENSG00000223751.1	lncRNA	chr2	742488	747767	+	5280	1	2	2	intergenic	intergenic	clone-based (unnamed)	FALSE	FALSE	FALSE	FALSE	FALSE	FALSE	FALSE							TMEM18	65081	FALSE	grey	0.2143	0.0933	0.0933	0.0055517	0.4186	0.5743	0.3562
ENSG00000272342.1	AC116609.3	ENSG00000272342.1	lncRNA	chr2	739588	740164	-	577	1	1	1	intergenic	intergenic	clone-based (unnamed)	FALSE	FALSE	FALSE	FALSE	FALSE	FALSE	FALSE							TMEM18	62181	TRUE	grey	0.2981	0.0077	0.0077	0.00077152	0.2147	0.3569	0.2055
ENSG00000255366.1	AC120036.4	ENSG00000255366.1	lncRNA	chr8	47190772	47193262	+	2491	1	1	1	intergenic	intergenic	clone-based (unnamed)	FALSE	FALSE	FALSE	FALSE	FALSE	FALSE	FALSE							SPIDR	67615	TRUE	grey	0.077	0.0399	0.0399	-0.00044247	0.2729	0.2404	0.2427
ENSG00000260710.1	AC120498.4	ENSG00000260710.1	lncRNA	chr16	1294551	1299166	-	4616	1	3	3	intergenic	intergenic	clone-based (unnamed)	FALSE	FALSE	FALSE	FALSE	FALSE	FALSE	FALSE							UBE2I	9713	FALSE	magenta	0.7257	0.1043	0.1043	-0.0022296	0.283	0.6041	0.1918
ENSG00000261298.1	AC122134.1	ENSG00000261298.1	lncRNA	chr2	234222838	234224514	+	1677	2	1	1	intergenic	intergenic	clone-based (unnamed)	FALSE	FALSE	FALSE	FALSE	FALSE	FALSE	FALSE							SPP2	145703	TRUE	grey	0.3821	0.1352	0.1352	0.0035627	0.5241	0.4776	0.5323
ENSG00000248949.1	AC122719.1	ENSG00000248949.1	lncRNA	chr5	946315	956520	+	10206	1	2	2	intergenic	intergenic	clone-based (unnamed)	FALSE	FALSE	FALSE	FALSE	FALSE	FALSE	FALSE							TRIP13	26957	TRUE	grey	0.2229	0.2355	0.2355	0.010612	0.3289	0.4262	0.2994
ENSG00000286638.1	AC123595.2	ENSG00000286638.1	lncRNA	chr5	91280272	91281643	+	1372	1	1	1	intergenic	intergenic	clone-based (unnamed)	FALSE	FALSE	FALSE	FALSE	FALSE	FALSE	FALSE							ARRDC3	86987	FALSE	grey	0.2596	0.0262	0.0262	0.0011516	0.3714	0.2869	0.3894
ENSG00000244952.2	AC123768.1	ENSG00000244952.2	lncRNA	chr15	32613733	32615111	+	1379	1	3	3	intergenic	intergenic	clone-based (unnamed)	FALSE	FALSE	FALSE	FALSE	FALSE	FALSE	FALSE							ARHGAP11A	32	TRUE	turquoise	0.5043	0.6931	0.6931	0.011762	0.2673	0.1962	0.2446
ENSG00000268555.2	AC123912.4	ENSG00000268555.2	lncRNA	chr19	21569738	21587322	-	17585	3	2	2	intergenic	intergenic	clone-based (unnamed)	FALSE	FALSE	FALSE	FALSE	FALSE	FALSE	FALSE							ZNF429	13467	FALSE	tan	0.454	0.0534	0.0534	0.0064988	1.0318	0.796	0.7534
ENSG00000273156.2	AC124016.2	ENSG00000273156.2	lncRNA	chr4	82344876	82346842	-	1967	1	2	2	intergenic	intergenic	clone-based (unnamed)	FALSE	FALSE	FALSE	FALSE	FALSE	FALSE	FALSE							HNRNPD	5655	TRUE	purple	0.7716	0.2461	0.2461	0.012415	0.7941	0.3958	0.8708
ENSG00000272077.1	AC124045.1	ENSG00000272077.1	lncRNA	chr3	44667412	44669364	+	1953	1	1	1	intergenic	intergenic	clone-based (unnamed)	FALSE	FALSE	FALSE	FALSE	FALSE	FALSE	FALSE							ZNF35	6620	TRUE	red	0.6802	0.4183	0.4183	0.0094987	0.705	0.2644	0.8963
ENSG00000260196.1	AC124798.1	ENSG00000260196.1	lncRNA	chr11	17380649	17383531	+	2883	1	1	1	intergenic	intergenic	clone-based (unnamed)	FALSE	FALSE	FALSE	FALSE	FALSE	FALSE	FALSE							KCNJ11	2327	FALSE	blue	0.5084	0.1903	0.1903	0.019437	1.6802	0.7139	0.9726
ENSG00000249776.5	AC124854.1	ENSG00000249776.5	lncRNA	chr5	92410256	92660863	-	250608	3	7	4	intergenic	intergenic	clone-based (unnamed)	FALSE	FALSE	FALSE	FALSE	FALSE	FALSE	FALSE							NR2F1	922358	FALSE	blue	0.6787	0.0874	0.0874	0.020215	2.2349	1.3841	0.8493
ENSG00000269892.1	AC125494.2	ENSG00000269892.1	lncRNA	chr12	6742985	6743641	+	657	1	1	1	intergenic	intergenic	clone-based (unnamed)	FALSE	FALSE	FALSE	FALSE	FALSE	FALSE	FALSE							MLF2	4354	FALSE	purple	0.6575	0.4327	0.4327	0.021968	1.0667	0.4362	0.953
ENSG00000250899.3	AC125807.2	ENSG00000250899.3	lncRNA	chr12	3041437	3044950	+	3514	1	1	1	intergenic	intergenic	clone-based (unnamed)	FALSE	FALSE	FALSE	FALSE	FALSE	FALSE	FALSE							TEAD4	760	TRUE	red	0.3945	0.1075	0.1075	0.0015456	1.2255	0.4678	0.9726
ENSG00000285668.1	AC126544.2	ENSG00000285668.1	lncRNA	chr17	45586452	45588379	-	1928	1	2	2	intergenic	intergenic	clone-based (unnamed)	FALSE	FALSE	FALSE	FALSE	FALSE	FALSE	FALSE							LINC02210-CRHR1	31964	FALSE	grey	0.0262	0.2919	0.2919	0.014787	0.41	0.485	0.3796
ENSG00000270055.1	AC127502.2	ENSG00000270055.1	lncRNA	chr15	30487963	30490313	+	2351	1	1	1	intergenic	intergenic	clone-based (unnamed)	FALSE	FALSE	FALSE	FALSE	FALSE	FALSE	FALSE							GOLGA8Q	61764	TRUE	turquoise	0.5072	0.7407	0.7407	0.041846	1.5427	0.6587	0.9843
ENSG00000287906.1	AC127526.5	ENSG00000287906.1	lncRNA	chr11	3475280	3477065	-	1786	1	2	2	intergenic	intergenic	clone-based (unnamed)	FALSE	FALSE	FALSE	FALSE	FALSE	FALSE	FALSE							ZNF195	96057	TRUE	magenta	0.6887	0.1212	0.1212	-0.0037016	0.3381	0.5481	0.2485
ENSG00000260647.1	AC127537.1	ENSG00000260647.1	lncRNA	chr17	18268080	18268828	+	749	1	1	1	intergenic	intergenic	clone-based (unnamed)	FALSE	FALSE	FALSE	FALSE	FALSE	FALSE	FALSE							MIEF2	1527	TRUE	purple	0.5911	0.1571	0.1571	0.0060237	0.5101	0.2419	0.681
ENSG00000274370.1	AC130371.2	ENSG00000274370.1	lncRNA	chr17	83098377	83098987	+	611	1	1	1	intergenic	intergenic	clone-based (unnamed)	FALSE	FALSE	FALSE	FALSE	FALSE	FALSE	FALSE							METRNL	3254	TRUE	magenta	0.4672	-0.0585	0.0585	-0.0057228	0.6522	0.5109	0.6751
ENSG00000235151.1	AC131097.3	ENSG00000235151.1	lncRNA	chr2	241844380	241845036	+	657	1	2	2	intergenic	intergenic	clone-based (unnamed)	FALSE	FALSE	FALSE	FALSE	FALSE	FALSE	FALSE							PDCD1	4847	FALSE	grey	-0.1472	0.3672	0.3672	0.0069562	0.3199	0.2231	0.3209
ENSG00000260563.3	AC132872.1	ENSG00000260563.3	lncRNA	chr17	82293716	82294910	+	1195	1	1	1	intergenic	intergenic	clone-based (unnamed)	FALSE	FALSE	FALSE	FALSE	FALSE	FALSE	FALSE							CD7	19957	FALSE	brown	0.5706	0.6719	0.6719	0.039641	1.9568	0.6233	0.998
ENSG00000260011.2	AC132938.1	ENSG00000260011.2	lncRNA	chr17	82381110	82382690	-	1581	1	2	2	intergenic	intergenic	clone-based (unnamed)	FALSE	FALSE	FALSE	FALSE	FALSE	FALSE	FALSE							UTS2R	5523	FALSE	brown	0.3641	0.643	0.643	0.019764	0.3302	0.334	0.3444
ENSG00000273113.1	AC133528.1	ENSG00000273113.1	lncRNA	chr2	241581922	241582726	+	805	1	1	1	intergenic	intergenic	clone-based (unnamed)	FALSE	FALSE	FALSE	FALSE	FALSE	FALSE	FALSE							THAP4	1678	FALSE	grey	-0.1003	0.3149	0.3149	0.0051439	0.2553	0.193	0.2074
ENSG00000275494.1	AC133552.5	ENSG00000275494.1	lncRNA	chr16	25106569	25107102	-	534	1	1	1	intergenic	intergenic	clone-based (unnamed)	FALSE	FALSE	FALSE	FALSE	FALSE	FALSE	FALSE							LCMT1	4628	FALSE	brown	0.6825	-0.0162	0.0162	0.0070048	1.3722	0.539	0.9824
ENSG00000273445.1	AC133644.1	ENSG00000273445.1	lncRNA	chr2	87477495	87478034	-	540	1	1	1	intergenic	intergenic	clone-based (unnamed)	FALSE	FALSE	FALSE	FALSE	FALSE	FALSE	FALSE							PLGLB2	270052	FALSE	greenyellow	0.5884	0.0922	0.0922	0.0022901	0.9331	0.9236	0.636
ENSG00000261172.1	AC133919.2	ENSG00000261172.1	lncRNA	chr16	90110574	90168225	-	57652	2	4	3	intergenic	intergenic	clone-based (unnamed)	FALSE	FALSE	FALSE	FALSE	FALSE	FALSE	FALSE							PRDM7	18501	TRUE	grey	0.0799	0.3463	0.3463	0.011785	0.248	0.3543	0.2231
ENSG00000260911.2	AC135050.3	ENSG00000260911.2	lncRNA	chr16	31043150	31049868	+	6719	1	2	2	intergenic	intergenic	clone-based (unnamed)	FALSE	FALSE	FALSE	FALSE	FALSE	FALSE	FALSE							STX4	174	TRUE	turquoise	0.683	0.7711	0.7711	0.051415	1.0986	0.7199	0.8297
ENSG00000269947.1	AC135178.6	ENSG00000269947.1	lncRNA	chr17	8277763	8278436	+	674	1	1	1	intergenic	intergenic	clone-based (unnamed)	FALSE	FALSE	FALSE	FALSE	FALSE	FALSE	FALSE							PFAS	7271	TRUE	purple	0.5553	0.3468	0.3468	0.012333	0.7366	0.3234	0.8943
ENSG00000272864.1	AC135803.1	ENSG00000272864.1	lncRNA	chr1	74698769	74699333	-	565	1	1	1	intergenic	intergenic	clone-based (unnamed)	FALSE	FALSE	FALSE	FALSE	FALSE	FALSE	FALSE							CRYZ	6148	TRUE	purple	0.5474	0.3831	0.3831	0.03712	1.7195	0.8411	0.9706
ENSG00000255026.1	AC136475.3	ENSG00000255026.1	lncRNA	chr11	287305	288987	+	1683	3	3	3	intergenic	intergenic	clone-based (unnamed)	FALSE	FALSE	FALSE	FALSE	FALSE	FALSE	FALSE							PGGHG	138	TRUE	grey	0.1374	0.5403	0.5403	0.094163	2.6504	1.7964	0.9159
ENSG00000270972.1	AC136475.9	ENSG00000270972.1	lncRNA	chr11	333192	333688	+	497	1	1	1	intergenic	intergenic	clone-based (unnamed)	FALSE	FALSE	FALSE	FALSE	FALSE	FALSE	FALSE							IFITM3	5654	FALSE	grey	0.195	0.4907	0.4907	0.018917	0.42	0.3968	0.4305
ENSG00000250999.2	AC136604.2	ENSG00000250999.2	lncRNA	chr5	179657762	179665136	+	7375	4	4	4	intergenic	intergenic	clone-based (unnamed)	FALSE	FALSE	FALSE	FALSE	FALSE	FALSE	FALSE							CBY3	13423	FALSE	grey	0.1777	0.5196	0.5196	0.0071848	0.3217	0.1663	0.3209
ENSG00000288033.1	AC137894.4	ENSG00000288033.1	lncRNA	chr11	512513	518134	+	5622	1	2	2	intergenic	intergenic	clone-based (unnamed)	FALSE	FALSE	FALSE	FALSE	FALSE	FALSE	FALSE							RNH1	5212	FALSE	black	0.5757	0.7776	0.7776	0.015673	0.2751	0.2313	0.2975
ENSG00000229255.1	AC138089.1	ENSG00000229255.1	lncRNA	chr1	248484245	248485484	-	1240	1	2	2	intergenic	intergenic	clone-based (unnamed)	FALSE	FALSE	FALSE	FALSE	FALSE	FALSE	FALSE							OR2T5	3104	FALSE	lightcyan	0.4687	-0.009	0.009	0.0017419	0.5426	0.648	0.454
ENSG00000265743.1	AC138207.5	ENSG00000265743.1	lncRNA	chr17	30964935	30965500	-	566	1	2	2	intergenic	intergenic	clone-based (unnamed)	FALSE	FALSE	FALSE	FALSE	FALSE	FALSE	FALSE							RNF135	5483	FALSE	yellow	0.6807	0.3907	0.3907	0.022378	2.4697	0.6368	1
ENSG00000286194.1	AC138207.9	ENSG00000286194.1	lncRNA	chr17	30968785	30970307	+	1523	1	2	2	intergenic	intergenic	clone-based (unnamed)	FALSE	FALSE	FALSE	FALSE	FALSE	FALSE	FALSE							RNF135	676	TRUE	yellow	0.4825	0.7045	0.7045	0.025033	0.9371	0.4597	0.9276
ENSG00000278467.1	AC138393.3	ENSG00000278467.1	lncRNA	chr1	223994262	223995196	+	935	1	2	2	intergenic	intergenic	clone-based (unnamed)	FALSE	FALSE	FALSE	FALSE	FALSE	FALSE	FALSE							FBXO28	118914	TRUE	green	0.3602	0.7583	0.7583	0.014986	0.3806	0.2869	0.4129
ENSG00000256312.1	AC138466.1	ENSG00000256312.1	lncRNA	chr12	132190213	132190997	+	785	1	2	2	intergenic	intergenic	clone-based (unnamed)	FALSE	FALSE	FALSE	FALSE	FALSE	FALSE	FALSE							GALNT9	5374	FALSE	grey	0.0143	0.2876	0.2876	0.0079836	0.2717	0.2618	0.274
ENSG00000247679.3	AC139795.2	ENSG00000247679.3	lncRNA	chr5	177611240	177619754	+	8515	3	3	4	intergenic	intergenic	clone-based (unnamed)	FALSE	FALSE	FALSE	FALSE	FALSE	FALSE	FALSE							B4GALT7	909	TRUE	grey	0.0808	0.596	0.596	0.01486	0.979	0.3714	0.9824
ENSG00000271973.1	AC141002.1	ENSG00000271973.1	lncRNA	chr3	48672455	48672733	+	279	1	1	1	intergenic	intergenic	clone-based (unnamed)	FALSE	FALSE	FALSE	FALSE	FALSE	FALSE	FALSE							NCKIPSD	1110	FALSE	green	0.3853	0.655	0.655	0.018951	0.5396	0.3544	0.6223
ENSG00000260201.2	AC141273.1	ENSG00000260201.2	lncRNA	chr16	20580999	20586640	+	5642	2	4	3	intergenic	intergenic	clone-based (unnamed)	FALSE	FALSE	FALSE	FALSE	FALSE	FALSE	FALSE							ACSM2B	4571	FALSE	blue	0.4978	0.0397	0.0397	0.0071092	0.6937	0.5846	0.6341
ENSG00000261888.1	AC144831.1	ENSG00000261888.1	lncRNA	chr17	83104255	83106910	+	2656	1	1	1	intergenic	intergenic	clone-based (unnamed)	FALSE	FALSE	FALSE	FALSE	FALSE	FALSE	FALSE							METRNL	9132	TRUE	magenta	0.5747	0.2303	0.2303	0.00042451	0.525	0.4504	0.5362
ENSG00000263731.1	AC145207.5	ENSG00000263731.1	lncRNA	chr17	81878425	81881106	-	2682	1	1	1	intergenic	intergenic	clone-based (unnamed)	FALSE	FALSE	FALSE	FALSE	FALSE	FALSE	FALSE							ALYREF	6728	TRUE	grey	0.0331	0.4074	0.4074	0.0073394	0.5366	0.2027	0.775
ENSG00000251417.2	AC145285.2	ENSG00000251417.2	lncRNA	chr16	28802743	28817828	+	15086	1	2	2	intergenic	intergenic	clone-based (unnamed)	FALSE	FALSE	FALSE	FALSE	FALSE	FALSE	FALSE							ATXN2L	5206	TRUE	turquoise	0.4677	0.6139	0.6139	0.011585	0.463	0.2147	0.6047
ENSG00000260796.1	AC145285.3	ENSG00000260796.1	lncRNA	chr16	28820570	28822033	-	1464	1	2	2	intergenic	intergenic	clone-based (unnamed)	FALSE	FALSE	FALSE	FALSE	FALSE	FALSE	FALSE							ATXN2L	1001	FALSE	turquoise	0.3089	0.7648	0.7648	0.012822	0.2608	0.2183	0.2701
ENSG00000244459.2	AC147067.1	ENSG00000244459.2	lncRNA	chr4	1574062	1580253	-	6192	1	2	2	intergenic	intergenic	clone-based (unnamed)	FALSE	FALSE	FALSE	FALSE	FALSE	FALSE	FALSE							FAM53A	37661	TRUE	yellow	0.4543	-0.0362	0.0362	0.0034113	1.0874	0.4484	0.9726
ENSG00000272783.1	AC147067.2	ENSG00000272783.1	lncRNA	chr4	1550284	1550572	+	289	1	1	1	intergenic	intergenic	clone-based (unnamed)	FALSE	FALSE	FALSE	FALSE	FALSE	FALSE	FALSE							FAM53A	67342	FALSE	red	0.6158	0.0171	0.0171	0.0030682	0.9906	0.7354	0.7847
ENSG00000274373.1	AC148476.1	ENSG00000274373.1	lncRNA	chr12	132424504	132425208	-	705	1	1	1	intergenic	intergenic	clone-based (unnamed)	FALSE	FALSE	FALSE	FALSE	FALSE	FALSE	FALSE							FBRSL1	64342	FALSE	salmon	0.4097	0.1795	0.1795	0.024718	1.0678	0.9951	0.6849
ENSG00000256546.2	AC156455.1	ENSG00000256546.2	lncRNA	chr12	122063306	122068616	+	5311	6	5	4	intergenic	intergenic	clone-based (unnamed)	FALSE	FALSE	FALSE	FALSE	FALSE	FALSE	FALSE							BCL7A	1261	TRUE	greenyellow	0.621	0.2268	0.2268	0.017647	1.359	0.7632	0.9198
ENSG00000287342.1	AC188616.1	ENSG00000287342.1	lncRNA	chr7	329776	333172	-	3397	1	3	3	intergenic	intergenic	clone-based (unnamed)	FALSE	FALSE	FALSE	FALSE	FALSE	FALSE	FALSE							FOXL3	35353	FALSE	blue	0.4918	0.2357	0.2357	0.008615	0.4651	0.3001	0.5342
ENSG00000249574.1	AC226118.1	ENSG00000249574.1	lncRNA	chr7	379359	382712	+	3354	1	3	3	intergenic	intergenic	clone-based (unnamed)	FALSE	FALSE	FALSE	FALSE	FALSE	FALSE	FALSE							FOXL3	84936	TRUE	cyan	0.5455	0.2524	0.2524	0.0080541	0.5539	0.3475	0.6634
ENSG00000261600.1	AC233266.2	ENSG00000261600.1	lncRNA	chr2	91580336	91580863	+	528	1	1	1	intergenic	intergenic	clone-based (unnamed)	FALSE	FALSE	FALSE	FALSE	FALSE	FALSE	FALSE							RPIA	2829406	TRUE	grey	0.2195	0.1671	0.1671	0.0057598	0.278	0.3555	0.2524
ENSG00000261101.2	AC234775.2	ENSG00000261101.2	lncRNA	chrX	101627868	101628523	+	656	1	1	1	intergenic	intergenic	clone-based (unnamed)	FALSE	FALSE	FALSE	FALSE	FALSE	FALSE	FALSE							ARMCX3	24	TRUE	midnightblue	0.6598	0.2766	0.2766	0.0029336	0.7944	0.3557	0.8669
ENSG00000232721.2	AC239800.2	ENSG00000232721.2	lncRNA	chr1	143736066	143739506	+	3441	1	2	2	intergenic	intergenic	clone-based (unnamed)	FALSE	FALSE	FALSE	FALSE	FALSE	FALSE	FALSE							H3-2	155037	FALSE	grey	0.329	0.0651	0.0651	0.0048206	0.2735	0.3116	0.2759
ENSG00000275557.1	AC242842.1	ENSG00000275557.1	lncRNA	chr1	149607765	149612402	+	4638	1	4	4	intergenic	intergenic	clone-based (unnamed)	FALSE	FALSE	FALSE	FALSE	FALSE	FALSE	FALSE							PPIAL4C	23300	TRUE	brown	0.4773	0.0353	0.0353	0.010454	1.1339	0.5785	0.9022
ENSG00000285554.1	AC242988.2	ENSG00000285554.1	lncRNA	chr1	150173049	150181429	+	8381	1	3	3	intergenic	intergenic	clone-based (unnamed)	FALSE	FALSE	FALSE	FALSE	FALSE	FALSE	FALSE							PLEKHO1	8328	TRUE	grey	0.1433	0.2017	0.2017	0.0039307	0.3549	0.3409	0.3386
ENSG00000275173.1	AC243571.1	ENSG00000275173.1	lncRNA	chr17	37798894	37802788	-	3895	1	3	3	intergenic	intergenic	clone-based (unnamed)	FALSE	FALSE	FALSE	FALSE	FALSE	FALSE	FALSE							HNF1B	53788	TRUE	lightcyan	0.6127	0.129	0.129	0.012787	0.9864	0.6152	0.8356
ENSG00000268355.1	AC243960.3	ENSG00000268355.1	lncRNA	chr19	41531206	41532174	+	969	2	1	2	intergenic	intergenic	clone-based (unnamed)	FALSE	FALSE	FALSE	FALSE	FALSE	FALSE	FALSE							CEACAM21	17343	TRUE	yellow	0.3565	0.2377	0.2377	0.0023221	0.3015	0.2144	0.3092
ENSG00000272108.1	AC244517.1	ENSG00000272108.1	lncRNA	chr5	141118680	141120765	+	2086	1	1	1	intergenic	intergenic	clone-based (unnamed)	FALSE	FALSE	FALSE	FALSE	FALSE	FALSE	FALSE							PCDHB4	1052	TRUE	grey	0.2	0.1706	0.1706	0.0050331	0.5448	0.4664	0.544
ENSG00000234630.1	AC245060.2	ENSG00000234630.1	lncRNA	chr22	22293733	22294794	+	1062	1	2	2	intergenic	intergenic	clone-based (unnamed)	FALSE	FALSE	FALSE	FALSE	FALSE	FALSE	FALSE							VPREB1	48217	TRUE	green	0.5314	0.6435	0.6435	0.017378	0.5774	0.3857	0.6614
ENSG00000274422.1	AC245060.5	ENSG00000274422.1	lncRNA	chr22	22283928	22287220	-	3293	1	1	1	intergenic	intergenic	clone-based (unnamed)	FALSE	FALSE	FALSE	FALSE	FALSE	FALSE	FALSE							VPREB1	38412	FALSE	green	0.3486	0.7984	0.7984	0.020713	0.5281	0.3437	0.5988
ENSG00000279278.1	AC245060.6	ENSG00000279278.1	lncRNA	chr22	22264601	22273020	+	8420	1	1	1	intergenic	intergenic	clone-based (unnamed)	FALSE	FALSE	FALSE	FALSE	FALSE	FALSE	FALSE							VPREB1	19085	TRUE	turquoise	0.4542	0.8389	0.8389	0.01176	0.2498	0.1774	0.2466
ENSG00000272824.1	AC245100.6	ENSG00000272824.1	lncRNA	chr1	148358245	148358686	-	442	1	1	1	intergenic	intergenic	clone-based (unnamed)	FALSE	FALSE	FALSE	FALSE	FALSE	FALSE	FALSE							PPIAL4G	123861	TRUE	grey	0.162	0.4438	0.4438	0.0098767	0.3774	0.2808	0.4149
ENSG00000274265.5	AC245297.3	ENSG00000274265.5	lncRNA	chr1	149175748	149259987	+	84240	10	9	4	intergenic	intergenic	clone-based (unnamed)	FALSE	FALSE	FALSE	FALSE	FALSE	FALSE	FALSE							NBPF9	72186	FALSE	grey	0.4007	0.0713	0.0713	0.0055281	0.9113	0.3832	0.9511
ENSG00000287978.1	AC245407.2	ENSG00000287978.1	lncRNA	chr1	146387202	146388092	+	891	1	2	2	intergenic	intergenic	clone-based (unnamed)	FALSE	FALSE	FALSE	FALSE	FALSE	FALSE	FALSE							PPIAL4H	42411	FALSE	brown	0.4105	0.1482	0.1482	0.011545	1.1869	0.4947	0.955
ENSG00000269873.1	AC245884.10	ENSG00000269873.1	lncRNA	chr19	54438010	54438346	-	337	1	1	1	intergenic	intergenic	clone-based (unnamed)	FALSE	FALSE	FALSE	FALSE	FALSE	FALSE	FALSE							TTYH1	1105	FALSE	grey	0.0963	0.7023	0.7023	0.012862	0.2344	0.2385	0.2309
ENSG00000267838.2	AC245884.8	ENSG00000267838.2	lncRNA	chr19	54438665	54439544	-	880	1	1	1	intergenic	intergenic	clone-based (unnamed)	FALSE	FALSE	FALSE	FALSE	FALSE	FALSE	FALSE							TTYH1	1760	FALSE	turquoise	0.7332	0.7977	0.7977	0.047815	0.9893	0.6727	0.7945
ENSG00000281538.1	AC254562.3	ENSG00000281538.1	lncRNA	chr22	42138060	42139726	+	1667	1	2	2	intergenic	intergenic	clone-based (unnamed)	FALSE	FALSE	FALSE	FALSE	FALSE	FALSE	FALSE							CYP2D6	7178	FALSE	salmon	0.5564	0.6036	0.6036	0.020984	0.5641	0.3452	0.6438
ENSG00000272482.1	AC254633.1	ENSG00000272482.1	lncRNA	chr1	12618900	12619244	-	345	1	1	1	intergenic	intergenic	clone-based (unnamed)	FALSE	FALSE	FALSE	FALSE	FALSE	FALSE	FALSE							DHRS3	689	TRUE	tan	0.452	0.0502	0.0502	0.0012782	1.7243	0.6777	0.9922
ENSG00000235888.3	AF064858.1	ENSG00000235888.3	lncRNA	chr21	38988569	39062894	-	74326	6	9	5	intergenic	intergenic	other	FALSE	FALSE	FALSE	FALSE	FALSE	FALSE	FALSE							PSMG1	111874	TRUE	salmon	0.5044	0.4099	0.4099	0.030481	0.8575	0.8455	0.5988
ENSG00000237609.1	AF064858.2	ENSG00000237609.1	lncRNA	chr21	39028536	39029128	-	593	1	2	2	intergenic	intergenic	other	FALSE	FALSE	FALSE	FALSE	FALSE	FALSE	FALSE							PSMG1	145640	TRUE	salmon	0.5198	0.2324	0.2324	0.029452	1.4555	1.4468	0.6575
ENSG00000224649.1	AF124730.1	ENSG00000224649.1	lncRNA	chr21	29182027	29187795	-	5769	1	2	2	intergenic	intergenic	other	FALSE	FALSE	FALSE	FALSE	FALSE	FALSE	FALSE							MAP3K7CL	6137	FALSE	yellow	0.3216	0.2423	0.2423	0.0042111	0.3092	0.3095	0.2838
ENSG00000254533.1	AF186192.1	ENSG00000254533.1	lncRNA	chr8	144698614	144699185	-	572	1	1	1	intergenic	intergenic	other	FALSE	FALSE	FALSE	FALSE	FALSE	FALSE	FALSE							ZNF251	21721	TRUE	red	0.4479	0.1437	0.1437	0.0060442	0.5822	0.4428	0.5871
ENSG00000286681.1	AF235103.3	ENSG00000286681.1	lncRNA	chr8	144854875	144869489	-	14615	1	2	2	intergenic	intergenic	other	FALSE	FALSE	FALSE	FALSE	FALSE	FALSE	FALSE							COMMD5	1138	TRUE	black	0.4435	0.795	0.795	0.010689	0.322	0.1786	0.3425
ENSG00000273424.1	AL008582.1	ENSG00000273424.1	lncRNA	chr22	41430934	41431375	+	442	1	1	1	intergenic	intergenic	clone-based (unnamed)	FALSE	FALSE	FALSE	FALSE	FALSE	FALSE	FALSE							TOB2	2118	FALSE	turquoise	0.662	0.7575	0.7575	0.028767	0.5592	0.4328	0.5577
ENSG00000272977.1	AL008721.2	ENSG00000272977.1	lncRNA	chr22	25476218	25479971	+	3754	1	1	1	intergenic	intergenic	clone-based (unnamed)	FALSE	FALSE	FALSE	FALSE	FALSE	FALSE	FALSE							LRP5L	70840	FALSE	grey	0.0211	0.5955	0.5955	0.011118	0.4578	0.2375	0.5949
ENSG00000273325.1	AL008723.2	ENSG00000273325.1	lncRNA	chr22	32284683	32285131	+	449	1	1	1	intergenic	intergenic	clone-based (unnamed)	FALSE	FALSE	FALSE	FALSE	FALSE	FALSE	FALSE							SLC5A4	29335	FALSE	grey	0.1485	0.4292	0.4292	0.0093841	0.2859	0.299	0.2603
ENSG00000287252.1	AL009179.1	ENSG00000287252.1	lncRNA	chr6	27759870	27763184	+	3315	1	3	3	intergenic	intergenic	clone-based (unnamed)	FALSE	FALSE	FALSE	FALSE	FALSE	FALSE	FALSE							H2BC13	44259	FALSE	grey	0.062	0.4624	0.4624	0.010702	0.2899	0.3896	0.229
ENSG00000235052.1	AL021154.1	ENSG00000235052.1	lncRNA	chr1	23549139	23550915	-	1777	1	2	2	intergenic	intergenic	clone-based (unnamed)	FALSE	FALSE	FALSE	FALSE	FALSE	FALSE	FALSE							ID3	7010	TRUE	magenta	0.4846	0.4644	0.4644	0.010328	0.4644	0.3485	0.5088
ENSG00000272316.1	AL021368.2	ENSG00000272316.1	lncRNA	chr6	57908560	57913911	-	5352	1	1	1	intergenic	intergenic	clone-based (unnamed)	FALSE	FALSE	FALSE	FALSE	FALSE	FALSE	FALSE							PRIM2	261709	FALSE	green	0.5744	0.7923	0.7923	0.014376	0.3961	0.2207	0.4579
ENSG00000272541.1	AL021368.3	ENSG00000272541.1	lncRNA	chr6	57855891	57856468	-	578	1	1	1	intergenic	intergenic	clone-based (unnamed)	FALSE	FALSE	FALSE	FALSE	FALSE	FALSE	FALSE							PRIM2	209040	FALSE	turquoise	0.4273	0.5418	0.5418	0.013274	0.2441	0.269	0.2211
ENSG00000234869.1	AL021392.1	ENSG00000234869.1	lncRNA	chr22	46541495	46548196	+	6702	1	2	2	intergenic	intergenic	clone-based (unnamed)	FALSE	FALSE	FALSE	FALSE	FALSE	FALSE	FALSE							CELSR1	3874	FALSE	turquoise	0.3158	0.385	0.385	0.011632	0.5049	0.3102	0.6008
ENSG00000272468.1	AL021807.1	ENSG00000272468.1	lncRNA	chr6	27122657	27123221	-	565	1	1	1	intergenic	intergenic	clone-based (unnamed)	FALSE	FALSE	FALSE	FALSE	FALSE	FALSE	FALSE							H2BC11	2675	TRUE	grey	0.1461	0.1248	0.1248	0.0044551	0.3776	0.3101	0.407
ENSG00000287024.1	AL022162.1	ENSG00000287024.1	lncRNA	chrX	129675888	129678348	-	2461	1	2	2	intergenic	intergenic	clone-based (unnamed)	FALSE	FALSE	FALSE	FALSE	FALSE	FALSE	FALSE							APLN	20931	TRUE	pink	0.3799	-0.1446	0.1446	-0.00088204	2.0838	0.6328	0.998
ENSG00000230107.1	AL022316.1	ENSG00000230107.1	lncRNA	chr22	42438023	42446195	+	8173	1	4	4	intergenic	intergenic	clone-based (unnamed)	FALSE	FALSE	FALSE	FALSE	FALSE	FALSE	FALSE							NFAM1	5619	FALSE	yellow	0.4523	0.5221	0.5221	0.018342	0.6083	0.383	0.6869
ENSG00000260418.1	AL023284.4	ENSG00000260418.1	lncRNA	chr6	136335714	136336087	-	374	1	1	1	intergenic	intergenic	clone-based (unnamed)	FALSE	FALSE	FALSE	FALSE	FALSE	FALSE	FALSE							MAP7	6193	TRUE	blue	0.6407	0.1586	0.1586	0.035587	2.5653	1.0876	0.9765
ENSG00000276984.1	AL023881.1	ENSG00000276984.1	lncRNA	chr16	424243	424543	-	301	1	1	1	intergenic	intergenic	clone-based (unnamed)	FALSE	FALSE	FALSE	FALSE	FALSE	FALSE	FALSE							RAB11FIP3	1105	FALSE	grey	0.1644	0.2076	0.2076	0.007455	0.5524	0.3182	0.6849
ENSG00000261211.1	AL031123.2	ENSG00000261211.1	lncRNA	chr6	6680309	6683633	-	3325	1	1	1	intergenic	intergenic	clone-based (unnamed)	FALSE	FALSE	FALSE	FALSE	FALSE	FALSE	FALSE							LY86	25325	FALSE	magenta	0.5544	0.2395	0.2395	0.0029634	0.2719	0.1988	0.2074
ENSG00000288046.1	AL031123.5	ENSG00000288046.1	lncRNA	chr6	6725036	6733191	+	8156	1	2	2	intergenic	intergenic	clone-based (unnamed)	FALSE	FALSE	FALSE	FALSE	FALSE	FALSE	FALSE							LY86	70052	TRUE	tan	0.5439	0.065	0.065	0.0019884	0.4959	0.5136	0.454
ENSG00000235736.1	AL031275.1	ENSG00000235736.1	lncRNA	chr1	168763365	168774490	-	11126	1	2	2	intergenic	intergenic	clone-based (unnamed)	FALSE	FALSE	FALSE	FALSE	FALSE	FALSE	FALSE							DPT	34158	TRUE	grey	0.1633	0.2705	0.2705	0.0076107	0.2572	0.2545	0.2505
ENSG00000237899.1	AL031289.1	ENSG00000237899.1	lncRNA	chr1	40669089	40687588	-	18500	1	5	5	intergenic	intergenic	clone-based (unnamed)	FALSE	FALSE	FALSE	FALSE	FALSE	FALSE	FALSE							RIMS3	3406	TRUE	grey	-0.2402	0.555	0.555	0.0095732	0.2695	0.1924	0.2485
ENSG00000272465.1	AL031768.1	ENSG00000272465.1	lncRNA	chr6	2437549	2438249	+	701	1	1	1	intergenic	intergenic	clone-based (unnamed)	FALSE	FALSE	FALSE	FALSE	FALSE	FALSE	FALSE							GMDS	191943	FALSE	turquoise	0.3293	0.4171	0.4171	0.0064232	0.302	0.1755	0.3033
ENSG00000260920.2	AL031985.3	ENSG00000260920.2	lncRNA	chr1	40464319	40466767	+	2449	1	1	1	intergenic	intergenic	clone-based (unnamed)	FALSE	FALSE	FALSE	FALSE	FALSE	FALSE	FALSE							ZFP69B	600	TRUE	grey	0.3574	0.0998	0.0998	2.8663e-05	0.8406	0.2725	0.9667
ENSG00000270937.1	AL033381.2	ENSG00000270937.1	lncRNA	chr6	1026494	1027225	-	732	1	1	1	intergenic	intergenic	clone-based (unnamed)	FALSE	FALSE	FALSE	FALSE	FALSE	FALSE	FALSE							FOXQ1	284872	FALSE	blue	0.5793	0.111	0.111	0.019927	1.1697	0.974	0.6986
ENSG00000286324.1	AL033381.3	ENSG00000286324.1	lncRNA	chr6	1111367	1114329	+	2963	1	2	2	intergenic	intergenic	clone-based (unnamed)	FALSE	FALSE	FALSE	FALSE	FALSE	FALSE	FALSE							FOXQ1	197768	TRUE	blue	0.5869	0.3468	0.3468	0.015138	0.4025	0.3646	0.4266
ENSG00000284719.1	AL033527.3	ENSG00000284719.1	lncRNA	chr1	39799422	39809450	+	10029	2	5	3	intergenic	intergenic	clone-based (unnamed)	FALSE	FALSE	FALSE	FALSE	FALSE	FALSE	FALSE							BMP8B	10556	FALSE	greenyellow	0.4946	0.3562	0.3562	0.016412	0.5283	0.4663	0.5323
ENSG00000286158.1	AL034548.2	ENSG00000286158.1	lncRNA	chr20	311731	313237	+	1507	1	2	2	intergenic	intergenic	clone-based (unnamed)	FALSE	FALSE	FALSE	FALSE	FALSE	FALSE	FALSE							ZCCHC3	11409	TRUE	brown	0.513	0.4628	0.4628	0.025354	1.5529	0.5476	0.9961
ENSG00000260257.2	AL035071.1	ENSG00000260257.2	lncRNA	chr20	32856621	32858751	+	2131	1	1	1	intergenic	intergenic	clone-based (unnamed)	FALSE	FALSE	FALSE	FALSE	FALSE	FALSE	FALSE							EFCAB8	171	TRUE	purple	0.7373	0.2117	0.2117	0.017565	2.0388	0.6481	1
ENSG00000277938.1	AL035252.3	ENSG00000277938.1	lncRNA	chr20	25229150	25231933	+	2784	1	1	1	intergenic	intergenic	clone-based (unnamed)	FALSE	FALSE	FALSE	FALSE	FALSE	FALSE	FALSE							ENTPD6	1074	TRUE	magenta	0.4534	0.5999	0.5999	0.0081341	0.3462	0.1995	0.3679
ENSG00000277235.1	AL035420.3	ENSG00000277235.1	lncRNA	chr20	36064243	36064563	-	321	1	1	1	intergenic	intergenic	clone-based (unnamed)	FALSE	FALSE	FALSE	FALSE	FALSE	FALSE	FALSE							EPB41L1	26940	FALSE	brown	0.5196	-0.0189	0.0189	0.0020591	0.3037	0.2514	0.3131
ENSG00000234147.1	AL035446.1	ENSG00000234147.1	lncRNA	chr6	140845958	140852924	-	6967	1	2	2	intergenic	intergenic	clone-based (unnamed)	FALSE	FALSE	FALSE	FALSE	FALSE	FALSE	FALSE							NMBR	1205405	TRUE	greenyellow	0.4033	0.0272	0.0272	-0.0016501	0.4256	0.4359	0.4149
ENSG00000231113.2	AL035587.1	ENSG00000231113.2	lncRNA	chr6	42940364	42948360	+	7997	2	5	4	intergenic	intergenic	clone-based (unnamed)	FALSE	FALSE	FALSE	FALSE	FALSE	FALSE	FALSE							CNPY3	1069	TRUE	yellow	0.6005	0.5021	0.5021	0.012818	1.0162	0.3278	0.9863
ENSG00000274173.1	AL035661.1	ENSG00000274173.1	lncRNA	chr20	24931840	24932983	+	1144	1	1	1	intergenic	intergenic	clone-based (unnamed)	FALSE	FALSE	FALSE	FALSE	FALSE	FALSE	FALSE							CST7	16285	TRUE	magenta	0.7475	9e-04	9e-04	-0.01533	0.462	1.0477	0.2211
ENSG00000236173.1	AL049612.1	ENSG00000236173.1	lncRNA	chr6	169809318	169810102	-	785	1	2	2	intergenic	intergenic	clone-based (unnamed)	FALSE	FALSE	FALSE	FALSE	FALSE	FALSE	FALSE							ERMARD	27717	FALSE	grey	0.3	0.229	0.229	0.0073386	0.3604	0.3343	0.3738
ENSG00000259969.1	AL049838.1	ENSG00000259969.1	lncRNA	chr14	57993545	57994525	-	981	1	1	1	intergenic	intergenic	clone-based (unnamed)	FALSE	FALSE	FALSE	FALSE	FALSE	FALSE	FALSE							ARMH4	5209	TRUE	magenta	0.5385	-0.0682	0.0682	-0.0069188	0.7568	0.551	0.7456
ENSG00000258943.1	AL049871.1	ENSG00000258943.1	lncRNA	chr14	63298126	63299547	-	1422	1	2	2	intergenic	intergenic	clone-based (unnamed)	FALSE	FALSE	FALSE	FALSE	FALSE	FALSE	FALSE							RHOJ	4617	FALSE	red	0.6894	0.316	0.316	0.0058169	0.3115	0.2249	0.319
ENSG00000233330.1	AL078581.2	ENSG00000233330.1	lncRNA	chr6	149591755	149592663	-	909	1	2	2	intergenic	intergenic	clone-based (unnamed)	FALSE	FALSE	FALSE	FALSE	FALSE	FALSE	FALSE							GINM1	6	FALSE	midnightblue	0.5444	-0.1329	0.1329	-0.0073468	1.1412	0.384	0.9765
ENSG00000232310.8	AL078590.2	ENSG00000232310.8	lncRNA	chr6	134520163	134689399	-	169237	15	17	9	intergenic	intergenic	clone-based (unnamed)	FALSE	FALSE	FALSE	FALSE	FALSE	FALSE	FALSE							SGK1	202050	TRUE	grey	-0.2338	0.2713	0.2713	0.0043007	0.315	0.2089	0.3112
ENSG00000237927.1	AL078604.2	ENSG00000237927.1	lncRNA	chr6	159586955	159589169	-	2215	1	2	2	intergenic	intergenic	clone-based (unnamed)	FALSE	FALSE	FALSE	FALSE	FALSE	FALSE	FALSE							SOD2	79899	TRUE	grey	0.4548	0.2996	0.2996	0.0099418	0.3703	0.3767	0.3386
ENSG00000238102.2	AL080248.1	ENSG00000238102.2	lncRNA	chr20	7255053	7258323	-	3271	4	2	3	intergenic	intergenic	clone-based (unnamed)	FALSE	FALSE	FALSE	FALSE	FALSE	FALSE	FALSE							BMP2	474806	FALSE	blue	0.6551	0.1252	0.1252	0.013421	0.7968	0.6469	0.6751
ENSG00000232271.1	AL096799.1	ENSG00000232271.1	lncRNA	chr20	7069614	7146656	+	77043	1	2	2	intergenic	intergenic	clone-based (unnamed)	FALSE	FALSE	FALSE	FALSE	FALSE	FALSE	FALSE							BMP2	289367	TRUE	blue	0.4959	0.2765	0.2765	0.02709	1.9738	1.0606	0.8924
ENSG00000273821.1	AL096828.3	ENSG00000273821.1	lncRNA	chr20	63218041	63218502	+	462	1	1	1	intergenic	intergenic	clone-based (unnamed)	FALSE	FALSE	FALSE	FALSE	FALSE	FALSE	FALSE							YTHDF1	1901	FALSE	brown	0.4704	-0.1146	0.1146	-0.00026737	0.3854	0.2628	0.4129
ENSG00000231881.2	AL109615.2	ENSG00000231881.2	lncRNA	chr6	44058792	44089288	+	30497	2	7	6	intergenic	intergenic	clone-based (unnamed)	FALSE	FALSE	FALSE	FALSE	FALSE	FALSE	FALSE							MRPL14	24162	FALSE	salmon	0.5718	0.2554	0.2554	0.030187	1.2472	0.935	0.7926
ENSG00000237686.7	AL109615.3	ENSG00000237686.7	lncRNA	chr6	43995723	44074652	-	78930	4	7	5	intergenic	intergenic	clone-based (unnamed)	FALSE	FALSE	FALSE	FALSE	FALSE	FALSE	FALSE							MRPL14	38798	TRUE	salmon	0.482	0.2533	0.2533	0.024657	1.9826	0.7303	0.9589
ENSG00000287562.1	AL109615.4	ENSG00000287562.1	lncRNA	chr6	44090787	44095585	-	4799	1	1	1	intergenic	intergenic	clone-based (unnamed)	FALSE	FALSE	FALSE	FALSE	FALSE	FALSE	FALSE							MRPL14	17865	TRUE	salmon	0.6177	0.6783	0.6783	0.041328	0.8987	0.6697	0.7593
ENSG00000288398.1	AL109627.1	ENSG00000288398.1	lncRNA	chr1	16228674	16231335	-	2662	1	1	1	intergenic	intergenic	clone-based (unnamed)	FALSE	FALSE	FALSE	FALSE	FALSE	FALSE	FALSE							CPLANE2	356	TRUE	blue	0.5153	0.1119	0.1119	0.0075101	1.9079	0.4281	1
ENSG00000271420.1	AL109936.2	ENSG00000271420.1	lncRNA	chr1	23378380	23379029	-	650	1	1	1	intergenic	intergenic	clone-based (unnamed)	FALSE	FALSE	FALSE	FALSE	FALSE	FALSE	FALSE							TCEA3	1879	TRUE	purple	0.6758	0.3218	0.3218	0.025614	1.3403	0.6112	0.9687
ENSG00000284726.1	AL109936.9	ENSG00000284726.1	lncRNA	chr1	23297797	23302866	+	5070	1	2	2	intergenic	intergenic	clone-based (unnamed)	FALSE	FALSE	FALSE	FALSE	FALSE	FALSE	FALSE							HNRNPR	904	FALSE	grey	-2e-04	0.4936	0.4936	0.0058464	0.3451	0.1882	0.3836
ENSG00000271780.1	AL118558.3	ENSG00000271780.1	lncRNA	chr14	101948347	101949425	+	1079	1	1	1	intergenic	intergenic	clone-based (unnamed)	FALSE	FALSE	FALSE	FALSE	FALSE	FALSE	FALSE							DYNC1H1	15147	TRUE	pink	0.6597	0.2486	0.2486	0.017016	1.4698	0.5339	0.9922
ENSG00000272444.1	AL118558.4	ENSG00000272444.1	lncRNA	chr14	101952416	101953063	+	648	1	1	1	intergenic	intergenic	clone-based (unnamed)	FALSE	FALSE	FALSE	FALSE	FALSE	FALSE	FALSE							DYNC1H1	11509	TRUE	pink	0.6033	0.4444	0.4444	0.018901	0.6785	0.4104	0.7456
ENSG00000277692.1	AL121583.1	ENSG00000277692.1	lncRNA	chr20	32355053	32355734	+	682	1	1	1	intergenic	intergenic	clone-based (unnamed)	FALSE	FALSE	FALSE	FALSE	FALSE	FALSE	FALSE							ASXL1	2595	TRUE	purple	0.5791	0.5843	0.5843	0.014507	0.4053	0.2715	0.4403
ENSG00000235159.1	AL121672.2	ENSG00000235159.1	lncRNA	chr22	46067356	46069891	-	2536	1	3	3	intergenic	intergenic	clone-based (unnamed)	FALSE	FALSE	FALSE	FALSE	FALSE	FALSE	FALSE							PPARA	80629	FALSE	grey	-0.2117	0.31	0.31	0.0064533	0.4842	0.2056	0.6634
ENSG00000278153.1	AL121782.1	ENSG00000278153.1	lncRNA	chr20	13368291	13368703	-	413	1	1	1	intergenic	intergenic	clone-based (unnamed)	FALSE	FALSE	FALSE	FALSE	FALSE	FALSE	FALSE							TASP1	20688	TRUE	purple	0.5228	0.3777	0.3777	0.009823	0.3038	0.2609	0.2681
ENSG00000278816.1	AL121890.5	ENSG00000278816.1	lncRNA	chr20	5061037	5061340	-	304	1	1	1	intergenic	intergenic	clone-based (unnamed)	FALSE	FALSE	FALSE	FALSE	FALSE	FALSE	FALSE							TMEM230	6891	TRUE	turquoise	0.387	0.5257	0.5257	0.010586	0.2721	0.2292	0.2583
ENSG00000278035.1	AL121895.2	ENSG00000278035.1	lncRNA	chr20	36233851	36234297	+	447	1	1	1	intergenic	intergenic	clone-based (unnamed)	FALSE	FALSE	FALSE	FALSE	FALSE	FALSE	FALSE							EPB41L1	1051	TRUE	purple	0.5195	0.158	0.158	0.0068952	0.8139	0.414	0.8924
ENSG00000244733.5	AL132656.2	ENSG00000244733.5	lncRNA	chr10	79660891	79677996	+	17106	1	5	5	intergenic	intergenic	clone-based (unnamed)	FALSE	FALSE	FALSE	FALSE	FALSE	FALSE	FALSE							NUTM2B	25230	TRUE	purple	0.5546	0.4956	0.4956	0.0097938	0.4267	0.2179	0.5186
ENSG00000287346.1	AL132712.2	ENSG00000287346.1	lncRNA	chr14	103873148	103880381	+	7234	5	6	4	intergenic	intergenic	clone-based (unnamed)	FALSE	FALSE	FALSE	FALSE	FALSE	FALSE	FALSE							PPP1R13B	25572	FALSE	grey	0.2695	0.2124	0.2124	0.0072199	0.47	0.3017	0.5656
ENSG00000288612.1	AL133351.4	ENSG00000288612.1	lncRNA	chr6	3023472	3027426	+	3955	2	2	3	intergenic	intergenic	clone-based (unnamed)	FALSE	FALSE	FALSE	FALSE	FALSE	FALSE	FALSE							NQO2	1621	TRUE	turquoise	0.4806	0.591	0.591	0.039202	1.0675	0.6622	0.8943
ENSG00000258810.1	AL133371.2	ENSG00000258810.1	lncRNA	chr14	20783888	20784293	+	406	1	2	2	intergenic	intergenic	clone-based (unnamed)	FALSE	FALSE	FALSE	FALSE	FALSE	FALSE	FALSE							RNASE6	1420	TRUE	yellow	0.5226	0.1121	0.1121	0.0040883	1.3893	0.6188	0.955
ENSG00000261729.2	AL133383.1	ENSG00000261729.2	lncRNA	chr1	185646463	185657168	+	10706	3	4	3	intergenic	intergenic	clone-based (unnamed)	FALSE	FALSE	FALSE	FALSE	FALSE	FALSE	FALSE							HMCN1	77222	TRUE	blue	0.4939	0.1476	0.1476	0.0053027	0.307	0.2301	0.2935
ENSG00000227388.3	AL133410.1	ENSG00000227388.3	lncRNA	chr9	35772163	35790432	+	18270	5	4	3	intergenic	intergenic	clone-based (unnamed)	FALSE	FALSE	FALSE	FALSE	FALSE	FALSE	FALSE							NPR2	1158	TRUE	turquoise	0.683	0.859	0.859	0.018393	0.3405	0.2572	0.3855
ENSG00000272447.1	AL135925.1	ENSG00000272447.1	lncRNA	chr10	79825902	79827602	+	1701	1	1	1	intergenic	intergenic	clone-based (unnamed)	FALSE	FALSE	FALSE	FALSE	FALSE	FALSE	FALSE							NUTM2E	13755	TRUE	grey	-0.2402	0.2004	0.2004	0.0044827	0.7094	0.2187	0.9256
ENSG00000286964.1	AL136169.1	ENSG00000286964.1	lncRNA	chrX	135037281	135040355	+	3075	1	2	2	intergenic	intergenic	clone-based (unnamed)	FALSE	FALSE	FALSE	FALSE	FALSE	FALSE	FALSE							RTL8C	3734	TRUE	black	0.3458	0.6739	0.6739	0.020153	0.9046	0.4168	0.9393
ENSG00000232470.1	AL136368.1	ENSG00000232470.1	lncRNA	chr10	110869743	110871594	+	1852	1	2	2	intergenic	intergenic	clone-based (unnamed)	FALSE	FALSE	FALSE	FALSE	FALSE	FALSE	FALSE							PDCD4	200	TRUE	grey	0.0957	0.4959	0.4959	0.012963	0.6152	0.3113	0.7847
ENSG00000287895.1	AL136379.1	ENSG00000287895.1	lncRNA	chr1	228119149	228121312	-	2164	1	2	2	intergenic	intergenic	clone-based (unnamed)	FALSE	FALSE	FALSE	FALSE	FALSE	FALSE	FALSE							MRPL55	9836	TRUE	green	0.4038	0.6852	0.6852	0.010697	0.2351	0.202	0.2153
ENSG00000272226.1	AL136985.2	ENSG00000272226.1	lncRNA	chr1	58812808	58813342	-	535	1	1	1	intergenic	intergenic	clone-based (unnamed)	FALSE	FALSE	FALSE	FALSE	FALSE	FALSE	FALSE							JUN	28759	TRUE	grey	0.1318	0.525	0.525	0.0098786	0.2909	0.2103	0.2622
ENSG00000272341.1	AL137003.1	ENSG00000272341.1	lncRNA	chr6	16764346	16766883	+	2538	1	1	1	intergenic	intergenic	clone-based (unnamed)	FALSE	FALSE	FALSE	FALSE	FALSE	FALSE	FALSE							ATXN1	2854	FALSE	tan	0.5218	0.4341	0.4341	0.016086	1.3729	0.4685	0.9883
ENSG00000283078.1	AL137077.2	ENSG00000283078.1	lncRNA	chr20	62066830	62068437	+	1608	1	1	1	intergenic	intergenic	clone-based (unnamed)	FALSE	FALSE	FALSE	FALSE	FALSE	FALSE	FALSE							TAF4	1019	FALSE	pink	0.6518	0.3768	0.3768	0.01251	0.5999	0.2751	0.775
ENSG00000259953.2	AL138756.1	ENSG00000259953.2	lncRNA	chr9	112028570	112039143	-	10574	4	5	3	intergenic	intergenic	clone-based (unnamed)	FALSE	FALSE	FALSE	FALSE	FALSE	FALSE	FALSE							SUSD1	1639	TRUE	magenta	0.6504	0.0571	0.0571	-0.0025346	0.9815	0.4094	0.9687
ENSG00000225913.2	AL138767.3	ENSG00000225913.2	lncRNA	chr10	87607985	87659279	+	51295	1	4	4	intergenic	intergenic	clone-based (unnamed)	FALSE	FALSE	FALSE	FALSE	FALSE	FALSE	FALSE							PAPSS2	333	TRUE	brown	0.3374	0.0367	0.0367	0.00094038	0.3041	0.2526	0.2935
ENSG00000226733.4	AL138826.1	ENSG00000226733.4	lncRNA	chr6	50093389	50181007	+	87619	4	8	7	intergenic	intergenic	clone-based (unnamed)	FALSE	FALSE	FALSE	FALSE	FALSE	FALSE	FALSE							DEFB112	43459	FALSE	blue	0.6002	0.0782	0.0782	0.018873	1.0783	1.1845	0.5499
ENSG00000277831.1	AL138960.1	ENSG00000277831.1	lncRNA	chr13	44369365	44369877	-	513	1	1	1	intergenic	intergenic	clone-based (unnamed)	FALSE	FALSE	FALSE	FALSE	FALSE	FALSE	FALSE							SERP2	3787	FALSE	turquoise	0.4897	0.5033	0.5033	0.014524	0.2961	0.3238	0.2642
ENSG00000228886.1	AL138963.1	ENSG00000228886.1	lncRNA	chr13	45350323	45351350	+	1028	1	2	2	intergenic	intergenic	clone-based (unnamed)	FALSE	FALSE	FALSE	FALSE	FALSE	FALSE	FALSE							TPT1	9038	FALSE	grey	-0.0194	0.6949	0.6949	0.01468	0.2661	0.2495	0.2759
ENSG00000259775.1	AL138976.2	ENSG00000259775.1	lncRNA	chr14	103331674	103332367	-	694	1	1	1	intergenic	intergenic	clone-based (unnamed)	FALSE	FALSE	FALSE	FALSE	FALSE	FALSE	FALSE							EIF5	1176	FALSE	brown	0.2914	0.1605	0.1605	0.0078078	0.9476	0.368	0.9472
ENSG00000228037.1	AL139246.3	ENSG00000228037.1	lncRNA	chr1	2581560	2584533	+	2974	1	3	3	intergenic	intergenic	clone-based (unnamed)	FALSE	FALSE	FALSE	FALSE	FALSE	FALSE	FALSE							PRXL2B	1957	TRUE	salmon	0.499	0.4874	0.4874	0.02429	0.6785	0.4538	0.7339
ENSG00000276923.1	AL139351.1	ENSG00000276923.1	lncRNA	chr20	48073869	48074188	+	320	1	1	1	intergenic	intergenic	clone-based (unnamed)	FALSE	FALSE	FALSE	FALSE	FALSE	FALSE	FALSE							SULF2	287252	FALSE	greenyellow	0.5387	0.1038	0.1038	0.0060835	0.593	0.5995	0.5049
ENSG00000287335.1	AL139351.3	ENSG00000287335.1	lncRNA	chr20	48025245	48060271	+	35027	1	2	2	intergenic	intergenic	clone-based (unnamed)	FALSE	FALSE	FALSE	FALSE	FALSE	FALSE	FALSE							SULF2	238628	FALSE	greenyellow	0.7124	0.162	0.162	0.0047205	0.5115	0.5288	0.4618
ENSG00000277159.1	AL139384.2	ENSG00000277159.1	lncRNA	chr13	112602828	112606417	-	3590	1	1	1	intergenic	intergenic	clone-based (unnamed)	FALSE	FALSE	FALSE	FALSE	FALSE	FALSE	FALSE							TUBGCP3	14622	TRUE	blue	0.5336	0.1775	0.1775	0.006702	0.4503	0.2764	0.5342
ENSG00000284642.1	AL139424.2	ENSG00000284642.1	lncRNA	chr1	10395416	10397432	+	2017	4	3	2	intergenic	intergenic	clone-based (unnamed)	FALSE	FALSE	FALSE	FALSE	FALSE	FALSE	FALSE							PGD	1159	TRUE	purple	0.4606	0.667	0.667	0.016461	0.5333	0.2891	0.6536
ENSG00000240996.1	AL157400.4	ENSG00000240996.1	lncRNA	chr10	89694295	89697928	-	3634	1	2	2	intergenic	intergenic	clone-based (unnamed)	FALSE	FALSE	FALSE	FALSE	FALSE	FALSE	FALSE							KIF20B	3661	FALSE	tan	0.4243	0.5611	0.5611	0.010279	0.3349	0.2356	0.3503
ENSG00000260118.1	AL157700.1	ENSG00000260118.1	lncRNA	chrX	68013470	68014901	-	1432	1	1	1	intergenic	intergenic	clone-based (unnamed)	FALSE	FALSE	FALSE	FALSE	FALSE	FALSE	FALSE							OPHN1	27442	TRUE	purple	0.4574	0.4471	0.4471	0.009018	0.4046	0.2108	0.4912
ENSG00000288526.1	AL157834.4	ENSG00000288526.1	lncRNA	chr10	95141925	95168425	-	26501	1	5	5	intergenic	intergenic	clone-based (unnamed)	FALSE	FALSE	FALSE	FALSE	FALSE	FALSE	FALSE							ACSM6	25774	FALSE	grey	-0.0317	0.2766	0.2766	0.0050642	0.2446	0.2364	0.227
ENSG00000287077.1	AL157893.2	ENSG00000287077.1	lncRNA	chr10	87203717	87206615	+	2899	1	2	2	intergenic	intergenic	clone-based (unnamed)	FALSE	FALSE	FALSE	FALSE	FALSE	FALSE	FALSE							SHLD2	12251	TRUE	turquoise	0.477	0.7353	0.7353	0.017071	0.5198	0.2718	0.6497
ENSG00000262198.1	AL157931.1	ENSG00000262198.1	lncRNA	chr13	22918591	22924602	+	6012	1	2	2	intergenic	intergenic	clone-based (unnamed)	FALSE	FALSE	FALSE	FALSE	FALSE	FALSE	FALSE							SGCG	256376	TRUE	grey	0.3885	0.195	0.195	0.033354	2.3245	1.5339	0.955
ENSG00000283075.1	AL157931.2	ENSG00000283075.1	lncRNA	chr13	22931537	22931999	+	463	1	1	1	intergenic	intergenic	clone-based (unnamed)	FALSE	FALSE	FALSE	FALSE	FALSE	FALSE	FALSE							SGCG	248979	TRUE	turquoise	0.3796	0.5641	0.5641	0.025492	0.489	0.4729	0.4716
ENSG00000276957.1	AL158063.1	ENSG00000276957.1	lncRNA	chr13	102593338	102593873	-	536	1	1	1	intergenic	intergenic	clone-based (unnamed)	FALSE	FALSE	FALSE	FALSE	FALSE	FALSE	FALSE							TPP2	3112	FALSE	turquoise	0.6515	0.6788	0.6788	0.019811	0.3576	0.3299	0.3542
ENSG00000230537.2	AL158071.2	ENSG00000230537.2	lncRNA	chr9	91104327	91213046	-	108720	4	4	3	intergenic	intergenic	clone-based (unnamed)	FALSE	FALSE	FALSE	FALSE	FALSE	FALSE	FALSE							AUH	768	TRUE	turquoise	0.3416	0.6025	0.6025	0.015795	0.437	0.324	0.4658
ENSG00000260912.1	AL158206.1	ENSG00000260912.1	lncRNA	chr9	19453209	19455173	+	1965	1	1	1	intergenic	intergenic	clone-based (unnamed)	FALSE	FALSE	FALSE	FALSE	FALSE	FALSE	FALSE							ACER2	703	TRUE	red	0.5922	0.123	0.123	0.0081784	2.2478	0.5222	1
ENSG00000261671.1	AL158211.1	ENSG00000261671.1	lncRNA	chr10	22257786	22258548	+	763	1	1	1	intergenic	intergenic	clone-based (unnamed)	FALSE	FALSE	FALSE	FALSE	FALSE	FALSE	FALSE							EBLN1	47764	FALSE	grey	-0.1954	0.1922	0.1922	0.0040689	0.2917	0.1969	0.2877
ENSG00000260917.1	AL158212.3	ENSG00000260917.1	lncRNA	chr10	112823490	112827726	+	4237	1	1	1	intergenic	intergenic	clone-based (unnamed)	FALSE	FALSE	FALSE	FALSE	FALSE	FALSE	FALSE							VTI1A	4745	TRUE	midnightblue	0.5632	0.292	0.292	0.0064993	1.0203	0.3908	0.9706
ENSG00000272871.1	AL159169.2	ENSG00000272871.1	lncRNA	chr9	14588797	14590065	-	1269	1	1	1	intergenic	intergenic	clone-based (unnamed)	FALSE	FALSE	FALSE	FALSE	FALSE	FALSE	FALSE							ZDHHC21	21005	TRUE	black	0.5688	0.7654	0.7654	0.019017	0.45	0.3059	0.5225
ENSG00000259444.1	AL161669.1	ENSG00000259444.1	lncRNA	chr14	103094723	103098885	+	4163	1	2	2	intergenic	intergenic	clone-based (unnamed)	FALSE	FALSE	FALSE	FALSE	FALSE	FALSE	FALSE							EXOC3L4	1258	TRUE	blue	0.4806	0.4559	0.4559	0.030257	0.9161	0.6656	0.7613
ENSG00000278071.1	AL161669.3	ENSG00000278071.1	lncRNA	chr14	103208100	103208876	+	777	1	1	1	intergenic	intergenic	clone-based (unnamed)	FALSE	FALSE	FALSE	FALSE	FALSE	FALSE	FALSE							TNFAIP2	70660	TRUE	brown	0.5608	0.6862	0.6862	0.059359	1.3496	0.8859	0.9119
ENSG00000288610.1	AL161669.4	ENSG00000288610.1	lncRNA	chr14	103118351	103120147	+	1797	1	3	3	intergenic	intergenic	clone-based (unnamed)	FALSE	FALSE	FALSE	FALSE	FALSE	FALSE	FALSE							TNFAIP2	1328	TRUE	yellow	0.3148	0.5331	0.5331	0.01161	0.2405	0.2572	0.1996
ENSG00000280366.1	AL161782.1	ENSG00000280366.1	lncRNA	chr9	79975023	79990064	+	15042	1	3	3	intergenic	intergenic	clone-based (unnamed)	FALSE	FALSE	FALSE	FALSE	FALSE	FALSE	FALSE							TLE4	248140	TRUE	blue	0.6447	0.0972	0.0972	0.0044084	0.5429	0.3738	0.6106
ENSG00000224307.2	AL161785.1	ENSG00000224307.2	lncRNA	chr9	129282458	129312665	+	30208	2	6	5	intergenic	intergenic	clone-based (unnamed)	FALSE	FALSE	FALSE	FALSE	FALSE	FALSE	FALSE							AL158151.3	21882	TRUE	yellow	0.5109	0.1228	0.1228	0.0041345	0.9307	0.3825	0.9335
ENSG00000260179.1	AL162741.1	ENSG00000260179.1	lncRNA	chr1	1249777	1251334	-	1558	1	1	1	intergenic	intergenic	clone-based (unnamed)	FALSE	FALSE	FALSE	FALSE	FALSE	FALSE	FALSE							UBE2J2	2574	TRUE	turquoise	0.4968	0.6395	0.6395	0.011709	0.257	0.2238	0.2211
ENSG00000286811.1	AL353138.1	ENSG00000286811.1	lncRNA	chr6	48069213	48111078	-	41866	1	3	3	intergenic	intergenic	clone-based (unnamed)	FALSE	FALSE	FALSE	FALSE	FALSE	FALSE	FALSE							PTCHD4	523	TRUE	midnightblue	0.4135	-0.0377	0.0377	-0.0057182	0.5532	0.43	0.593
ENSG00000287750.1	AL353572.4	ENSG00000287750.1	lncRNA	chr9	88066445	88076975	-	10531	1	4	4	intergenic	intergenic	clone-based (unnamed)	FALSE	FALSE	FALSE	FALSE	FALSE	FALSE	FALSE							CDK20	91691	TRUE	tan	0.492	0.2458	0.2458	0.013674	0.9811	0.5062	0.9022
ENSG00000273012.1	AL353600.1	ENSG00000273012.1	lncRNA	chr10	33341655	33341905	+	251	1	1	1	intergenic	intergenic	clone-based (unnamed)	FALSE	FALSE	FALSE	FALSE	FALSE	FALSE	FALSE							NRP1	5392	FALSE	turquoise	0.3001	0.2946	0.2946	0.0073307	0.2393	0.2312	0.2133
ENSG00000271398.1	AL353622.2	ENSG00000271398.1	lncRNA	chr1	28247144	28247568	+	425	1	1	1	intergenic	intergenic	clone-based (unnamed)	FALSE	FALSE	FALSE	FALSE	FALSE	FALSE	FALSE							ATP5IF1	237	TRUE	turquoise	0.4069	0.6046	0.6046	0.013626	0.2281	0.2474	0.2055
ENSG00000203434.2	AL353740.1	ENSG00000203434.2	lncRNA	chr10	108547975	108561815	-	13841	1	3	3	intergenic	intergenic	clone-based (unnamed)	FALSE	FALSE	FALSE	FALSE	FALSE	FALSE	FALSE							XPNPEP1	1302950	TRUE	blue	0.3173	0.0626	0.0626	0.00107	0.2035	0.2783	0.2055
ENSG00000233081.1	AL353764.1	ENSG00000233081.1	lncRNA	chr9	91426238	91427144	+	907	1	2	2	intergenic	intergenic	clone-based (unnamed)	FALSE	FALSE	FALSE	FALSE	FALSE	FALSE	FALSE							NFIL3	2405	FALSE	grey	0.2795	0.1308	0.1308	0.0052908	0.3841	0.2875	0.4207
ENSG00000259994.1	AL353796.1	ENSG00000259994.1	lncRNA	chr10	30302826	30306066	-	3241	1	1	1	intergenic	intergenic	clone-based (unnamed)	FALSE	FALSE	FALSE	FALSE	FALSE	FALSE	FALSE							MTPAP	3734	TRUE	grey	0.0553	0.6355	0.6355	0.0096874	0.6401	0.1929	0.9237
ENSG00000223462.2	AL353801.1	ENSG00000223462.2	lncRNA	chr10	44937508	44955725	+	18218	1	2	2	intergenic	intergenic	clone-based (unnamed)	FALSE	FALSE	FALSE	FALSE	FALSE	FALSE	FALSE							TMEM72	497	TRUE	blue	0.4506	0.2786	0.2786	0.016943	0.8829	0.681	0.7143
ENSG00000226355.2	AL353803.1	ENSG00000226355.2	lncRNA	chr9	129438216	129447545	+	9330	3	3	3	intergenic	intergenic	clone-based (unnamed)	FALSE	FALSE	FALSE	FALSE	FALSE	FALSE	FALSE							NTMT1	161338	TRUE	salmon	0.6891	0.5224	0.5224	0.041408	0.7009	0.7777	0.5166
ENSG00000268615.1	AL353803.5	ENSG00000268615.1	lncRNA	chr9	129328261	129328401	+	141	1	1	1	intergenic	intergenic	clone-based (unnamed)	FALSE	FALSE	FALSE	FALSE	FALSE	FALSE	FALSE							AL158151.3	67685	TRUE	salmon	0.4129	0.5994	0.5994	0.023436	0.4895	0.4428	0.499
ENSG00000228906.1	AL353804.1	ENSG00000228906.1	lncRNA	chrX	73948973	73949558	+	586	1	2	2	intergenic	intergenic	clone-based (unnamed)	FALSE	FALSE	FALSE	FALSE	FALSE	FALSE	FALSE							CHIC1	261870	TRUE	grey	-0.2797	0.3997	0.3997	0.011295	0.8146	0.381	0.8865
ENSG00000271199.1	AL353804.2	ENSG00000271199.1	lncRNA	chrX	73958059	73969485	-	11427	1	2	2	intergenic	intergenic	clone-based (unnamed)	FALSE	FALSE	FALSE	FALSE	FALSE	FALSE	FALSE							CHIC1	270956	FALSE	grey	-0.0933	0.6885	0.6885	0.012173	0.232	0.2258	0.225
ENSG00000287839.1	AL353807.5	ENSG00000287839.1	lncRNA	chr1	155626757	155637604	-	10848	1	3	3	intergenic	intergenic	clone-based (unnamed)	FALSE	FALSE	FALSE	FALSE	FALSE	FALSE	FALSE							MSTO1	11805	FALSE	yellow	0.6447	0.2456	0.2456	0.012293	1.1314	0.6901	0.9002
ENSG00000288600.1	AL354833.2	ENSG00000288600.1	lncRNA	chr13	41488357	41506248	+	17892	1	4	4	intergenic	intergenic	clone-based (unnamed)	FALSE	FALSE	FALSE	FALSE	FALSE	FALSE	FALSE							RGCC	17485	TRUE	yellow	0.7423	0.0603	0.0603	0.0023229	0.2499	0.2409	0.227
ENSG00000271992.1	AL354872.1	ENSG00000271992.1	lncRNA	chr1	70445071	70445536	+	466	1	1	1	intergenic	intergenic	clone-based (unnamed)	FALSE	FALSE	FALSE	FALSE	FALSE	FALSE	FALSE							CTH	5219	TRUE	grey	0.241	0.1686	0.1686	0.0067768	0.5547	0.3288	0.6771
ENSG00000271265.1	AL355297.2	ENSG00000271265.1	lncRNA	chr6	156774217	156774662	-	446	1	1	1	intergenic	intergenic	clone-based (unnamed)	FALSE	FALSE	FALSE	FALSE	FALSE	FALSE	FALSE							ARID1B	1357	FALSE	turquoise	0.3954	0.5247	0.5247	0.010703	0.315	0.2116	0.317
ENSG00000286782.1	AL355377.3	ENSG00000286782.1	lncRNA	chr9	35012963	35016076	-	3114	1	2	2	intergenic	intergenic	clone-based (unnamed)	FALSE	FALSE	FALSE	FALSE	FALSE	FALSE	FALSE							DNAJB5	14062	FALSE	turquoise	0.3013	0.8179	0.8179	0.014515	0.2716	0.2225	0.2466
ENSG00000287868.1	AL355377.4	ENSG00000287868.1	lncRNA	chr9	35023840	35025402	-	1563	1	2	2	intergenic	intergenic	clone-based (unnamed)	FALSE	FALSE	FALSE	FALSE	FALSE	FALSE	FALSE							C9orf131	15692	FALSE	turquoise	0.4033	0.7912	0.7912	0.018396	0.3863	0.2731	0.4149
ENSG00000236358.1	AL355472.2	ENSG00000236358.1	lncRNA	chr1	234357006	234365828	+	8823	1	2	2	intergenic	intergenic	clone-based (unnamed)	FALSE	FALSE	FALSE	FALSE	FALSE	FALSE	FALSE							COA6	7627	TRUE	grey	0.005	0.3838	0.3838	0.008191	0.2425	0.3012	0.2446
ENSG00000273367.1	AL355472.3	ENSG00000273367.1	lncRNA	chr1	234372186	234372811	+	626	1	1	1	intergenic	intergenic	clone-based (unnamed)	FALSE	FALSE	FALSE	FALSE	FALSE	FALSE	FALSE							COA6	644	TRUE	grey	0.1755	0.3092	0.3092	0.008244	0.2731	0.3192	0.2466
ENSG00000228216.1	AL355607.1	ENSG00000228216.1	lncRNA	chr9	90957260	90965393	-	8134	1	2	2	intergenic	intergenic	clone-based (unnamed)	FALSE	FALSE	FALSE	FALSE	FALSE	FALSE	FALSE							SYK	58710	FALSE	grey	-0.0325	0.5805	0.5805	0.012604	0.2195	0.2678	0.1918
ENSG00000136315.4	AL355922.1	ENSG00000136315.4	lncRNA	chr14	20919361	20920299	+	939	1	2	2	intergenic	intergenic	clone-based (unnamed)	FALSE	FALSE	FALSE	FALSE	FALSE	FALSE	FALSE							RNASE3	27012	TRUE	yellow	0.3084	0.0107	0.0107	-0.00056868	0.2405	0.2418	0.1977
ENSG00000288085.1	AL356094.2	ENSG00000288085.1	lncRNA	chr6	93720163	93745615	+	25453	1	5	5	intergenic	intergenic	clone-based (unnamed)	FALSE	FALSE	FALSE	FALSE	FALSE	FALSE	FALSE							EPHA7	300603	FALSE	lightcyan	0.4572	0.4107	0.4107	0.0098792	0.329	0.2666	0.3523
ENSG00000272463.1	AL357054.4	ENSG00000272463.1	lncRNA	chr6	708592	711405	-	2814	1	1	1	intergenic	intergenic	clone-based (unnamed)	FALSE	FALSE	FALSE	FALSE	FALSE	FALSE	FALSE							EXOC2	15452	TRUE	yellow	0.4181	0.105	0.105	0.0020121	0.5256	0.261	0.6673
ENSG00000237950.3	AL357079.1	ENSG00000237950.3	lncRNA	chr1	43937918	43940781	-	2864	1	2	2	intergenic	intergenic	clone-based (unnamed)	FALSE	FALSE	FALSE	FALSE	FALSE	FALSE	FALSE							ARTN	677	FALSE	turquoise	0.6232	0.8199	0.8199	0.038624	0.8262	0.5207	0.7652
ENSG00000271427.1	AL358072.1	ENSG00000271427.1	lncRNA	chr1	117364899	117365473	-	575	1	1	1	intergenic	intergenic	clone-based (unnamed)	FALSE	FALSE	FALSE	FALSE	FALSE	FALSE	FALSE							MAN1A2	1975	FALSE	turquoise	0.5777	0.5912	0.5912	0.011554	0.2719	0.2065	0.2622
ENSG00000287627.1	AL359704.2	ENSG00000287627.1	lncRNA	chr1	226538305	226542729	-	4425	1	3	3	intergenic	intergenic	clone-based (unnamed)	FALSE	FALSE	FALSE	FALSE	FALSE	FALSE	FALSE							STUM	6034	FALSE	magenta	0.7045	0.053	0.053	-0.010932	0.7597	1.2461	0.4951
ENSG00000272129.1	AL359715.3	ENSG00000272129.1	lncRNA	chr6	80355424	80356859	+	1436	1	1	1	intergenic	intergenic	clone-based (unnamed)	FALSE	FALSE	FALSE	FALSE	FALSE	FALSE	FALSE							BCKDHB	9153	TRUE	tan	0.419	-0.0066	0.0066	-0.0008162	0.5878	0.2508	0.8219
ENSG00000259834.1	AL365361.1	ENSG00000259834.1	lncRNA	chr1	110653560	110657040	-	3481	1	1	1	intergenic	intergenic	clone-based (unnamed)	FALSE	FALSE	FALSE	FALSE	FALSE	FALSE	FALSE							KCNA3	15424	TRUE	yellow	0.6785	0.2403	0.2403	0.006716	0.9421	0.5094	0.8904
ENSG00000224950.2	AL390066.1	ENSG00000224950.2	lncRNA	chr1	116493016	116499212	-	6197	1	2	2	intergenic	intergenic	clone-based (unnamed)	FALSE	FALSE	FALSE	FALSE	FALSE	FALSE	FALSE							CD58	15321	TRUE	yellow	0.3515	0.6808	0.6808	0.018429	0.5347	0.308	0.6556
ENSG00000286276.1	AL390066.2	ENSG00000286276.1	lncRNA	chr1	116493350	116502634	+	9285	1	2	2	intergenic	intergenic	clone-based (unnamed)	FALSE	FALSE	FALSE	FALSE	FALSE	FALSE	FALSE							CD58	11899	FALSE	yellow	0.4029	0.6382	0.6382	0.0089895	0.2283	0.1786	0.2016
ENSG00000260948.1	AL390195.2	ENSG00000260948.1	lncRNA	chr1	111431046	111433068	-	2023	1	1	1	intergenic	intergenic	clone-based (unnamed)	FALSE	FALSE	FALSE	FALSE	FALSE	FALSE	FALSE							OVGP1	3310	TRUE	grey	-0.124	0.4939	0.4939	0.0061286	0.4275	0.1664	0.5871
ENSG00000272141.1	AL390719.2	ENSG00000272141.1	lncRNA	chr1	1169357	1170343	+	987	1	1	1	intergenic	intergenic	clone-based (unnamed)	FALSE	FALSE	FALSE	FALSE	FALSE	FALSE	FALSE							TTLL10	3536	TRUE	black	0.4882	0.577	0.577	0.032005	0.7032	0.6562	0.591
ENSG00000259865.1	AL390728.6	ENSG00000259865.1	lncRNA	chr1	247187281	247188526	-	1246	1	1	1	intergenic	intergenic	clone-based (unnamed)	FALSE	FALSE	FALSE	FALSE	FALSE	FALSE	FALSE							ZNF124	15264	TRUE	purple	0.6098	0.6818	0.6818	0.047523	2.6084	0.7872	1
ENSG00000287575.1	AL390755.3	ENSG00000287575.1	lncRNA	chr13	110132003	110136906	-	4904	1	3	3	intergenic	intergenic	clone-based (unnamed)	FALSE	FALSE	FALSE	FALSE	FALSE	FALSE	FALSE							COL4A1	12056	TRUE	red	0.4467	0.3904	0.3904	0.0050653	0.2421	0.1701	0.1937
ENSG00000233258.1	AL390786.1	ENSG00000233258.1	lncRNA	chr10	83911654	83912922	-	1269	1	2	2	intergenic	intergenic	clone-based (unnamed)	FALSE	FALSE	FALSE	FALSE	FALSE	FALSE	FALSE							GHITM	226586	FALSE	grey	0.3299	0.1715	0.1715	0.011229	0.3631	0.5414	0.2857
ENSG00000284418.2	AL391117.1	ENSG00000284418.2	lncRNA	chr9	22703516	23438700	-	735185	2	10	10	intergenic	intergenic	clone-based (unnamed)	FALSE	FALSE	FALSE	FALSE	FALSE	FALSE	FALSE							DMRTA1	247775	FALSE	lightcyan	0.3626	0.1576	0.1576	0.0047416	0.2658	0.3089	0.2857
ENSG00000258082.1	AL391832.3	ENSG00000258082.1	lncRNA	chr1	234979647	234980804	-	1158	1	2	2	intergenic	intergenic	clone-based (unnamed)	FALSE	FALSE	FALSE	FALSE	FALSE	FALSE	FALSE							TOMM20	128536	TRUE	cyan	0.37	0.2294	0.2294	0.0037047	0.3023	0.1796	0.2896
ENSG00000233542.2	AL391845.2	ENSG00000233542.2	lncRNA	chr1	2013213	2015639	-	2427	2	2	3	intergenic	intergenic	clone-based (unnamed)	FALSE	FALSE	FALSE	FALSE	FALSE	FALSE	FALSE							GABRD	3689	FALSE	red	0.7733	0.1946	0.1946	0.0092147	0.6294	0.388	0.7397
ENSG00000284928.1	AL445205.1	ENSG00000284928.1	lncRNA	chr1	64186791	64192685	+	5895	1	2	2	intergenic	intergenic	clone-based (unnamed)	FALSE	FALSE	FALSE	FALSE	FALSE	FALSE	FALSE							ROR1	5292	TRUE	grey	-0.2319	-0.0099	0.0099	0.00082279	0.3408	0.421	0.3033
ENSG00000236154.1	AL450311.1	ENSG00000236154.1	lncRNA	chr10	69575807	69577154	+	1348	1	2	2	intergenic	intergenic	clone-based (unnamed)	FALSE	FALSE	FALSE	FALSE	FALSE	FALSE	FALSE							NEUROG3	2384	FALSE	brown	0.397	0.2002	0.2002	0.015217	0.5046	0.5175	0.4462
ENSG00000230555.2	AL450326.1	ENSG00000230555.2	lncRNA	chr10	43420738	43422100	+	1363	1	2	2	intergenic	intergenic	clone-based (unnamed)	FALSE	FALSE	FALSE	FALSE	FALSE	FALSE	FALSE							HNRNPF	11571	FALSE	grey	-0.2683	0.0055	0.0055	-0.0040345	1.4028	0.4222	0.9824
ENSG00000224621.1	AL451042.1	ENSG00000224621.1	lncRNA	chr1	16159266	16161883	+	2618	1	2	2	intergenic	intergenic	clone-based (unnamed)	FALSE	FALSE	FALSE	FALSE	FALSE	FALSE	FALSE							EPHA2	3196	FALSE	grey	-0.0407	0.455	0.455	0.00811	0.3088	0.2297	0.3033
ENSG00000272137.1	AL451064.1	ENSG00000272137.1	lncRNA	chr6	79561132	79561602	+	471	1	1	1	intergenic	intergenic	clone-based (unnamed)	FALSE	FALSE	FALSE	FALSE	FALSE	FALSE	FALSE							LCA5	23673	FALSE	grey	0.1417	0.5234	0.5234	0.01175	0.338	0.2556	0.3386
ENSG00000261068.2	AL512274.1	ENSG00000261068.2	lncRNA	chr6	42092233	42094259	-	2027	1	1	1	intergenic	intergenic	clone-based (unnamed)	FALSE	FALSE	FALSE	FALSE	FALSE	FALSE	FALSE							TAF8	4771	FALSE	grey	0.1794	0.1445	0.1445	0.0027148	0.3229	0.2876	0.3014
ENSG00000240710.1	AL512306.3	ENSG00000240710.1	lncRNA	chr1	204603035	204616565	+	13531	1	3	3	intergenic	intergenic	clone-based (unnamed)	FALSE	FALSE	FALSE	FALSE	FALSE	FALSE	FALSE							LRRN2	604	FALSE	magenta	0.5084	0.5236	0.5236	0.0059577	0.2317	0.2212	0.1996
ENSG00000272279.1	AL512329.2	ENSG00000272279.1	lncRNA	chr6	1528364	1528911	-	548	1	1	1	intergenic	intergenic	clone-based (unnamed)	FALSE	FALSE	FALSE	FALSE	FALSE	FALSE	FALSE							FOXC1	81003	FALSE	grey	0.0601	0.053	0.053	0.0033407	0.4808	0.5572	0.411
ENSG00000272088.1	AL512413.1	ENSG00000272088.1	lncRNA	chr1	3487246	3487627	+	382	1	1	1	intergenic	intergenic	clone-based (unnamed)	FALSE	FALSE	FALSE	FALSE	FALSE	FALSE	FALSE							MEGF6	323	FALSE	salmon	0.4481	0.3541	0.3541	0.016335	0.5231	0.4247	0.5577
ENSG00000170161.7	AL512625.1	ENSG00000170161.7	lncRNA	chr9	62897368	62900104	+	2737	6	1	3	intergenic	intergenic	clone-based (unnamed)	FALSE	FALSE	FALSE	FALSE	FALSE	FALSE	FALSE							AL391987.2	1034167	TRUE	grey	-0.2969	0.3132	0.3132	0.0035246	0.3404	0.1631	0.3112
ENSG00000287168.1	AL512625.3	ENSG00000287168.1	lncRNA	chr9	62801534	62802699	-	1166	1	2	2	intergenic	intergenic	clone-based (unnamed)	FALSE	FALSE	FALSE	FALSE	FALSE	FALSE	FALSE							AL391987.2	938333	FALSE	grey	-0.0587	0.1505	0.1505	0.0034361	0.8696	0.4571	0.9139
ENSG00000234160.1	AL513165.1	ENSG00000234160.1	lncRNA	chr9	37509150	37510299	+	1150	1	2	2	intergenic	intergenic	clone-based (unnamed)	FALSE	FALSE	FALSE	FALSE	FALSE	FALSE	FALSE							FBXO10	592	FALSE	grey	-0.0336	0.1135	0.1135	0.010889	2.4866	0.5523	1
ENSG00000269994.3	AL513318.1	ENSG00000269994.3	lncRNA	chr9	87008440	87042419	-	33980	4	3	2	intergenic	intergenic	clone-based (unnamed)	FALSE	FALSE	FALSE	FALSE	FALSE	FALSE	FALSE							GAS1	60933	TRUE	grey	-0.0884	0.0369	0.0369	0.006049	1.3857	1.0272	0.7025
ENSG00000260400.1	AL513534.2	ENSG00000260400.1	lncRNA	chr10	68698500	68700794	+	2295	1	1	1	intergenic	intergenic	clone-based (unnamed)	FALSE	FALSE	FALSE	FALSE	FALSE	FALSE	FALSE							TET1	4012	TRUE	red	0.494	0.2038	0.2038	0.0049723	0.6569	0.334	0.7926
ENSG00000271967.1	AL583856.2	ENSG00000271967.1	lncRNA	chr6	70596438	70596980	+	543	1	1	1	intergenic	intergenic	clone-based (unnamed)	FALSE	FALSE	FALSE	FALSE	FALSE	FALSE	FALSE							SDHAF4	6868	TRUE	purple	0.6116	0.5053	0.5053	0.017445	0.6179	0.329	0.7476
ENSG00000284377.1	AL589669.1	ENSG00000284377.1	lncRNA	chrX	147181064	147271894	+	90831	1	5	5	intergenic	intergenic	clone-based (unnamed)	FALSE	FALSE	FALSE	FALSE	FALSE	FALSE	FALSE							CXorf51A	366337	FALSE	blue	0.6302	0.131	0.131	0.028171	2.9984	1.1983	0.9374
ENSG00000230731.3	AL589745.1	ENSG00000230731.3	lncRNA	chr13	44234118	44256596	-	22479	2	5	3	intergenic	intergenic	clone-based (unnamed)	FALSE	FALSE	FALSE	FALSE	FALSE	FALSE	FALSE							SMIM2	72860	TRUE	blue	0.556	0.1772	0.1772	0.0085219	0.6816	0.484	0.6849
ENSG00000260604.2	AL590004.3	ENSG00000260604.2	lncRNA	chr6	3904920	3911979	-	7060	1	1	1	intergenic	intergenic	clone-based (unnamed)	FALSE	FALSE	FALSE	FALSE	FALSE	FALSE	FALSE							FAM50B	53599	FALSE	grey	0.3078	0.1476	0.1476	0.0048433	0.3231	0.4474	0.2387
ENSG00000287966.1	AL590062.1	ENSG00000287966.1	lncRNA	chr6	27018935	27020280	-	1346	1	1	1	intergenic	intergenic	clone-based (unnamed)	FALSE	FALSE	FALSE	FALSE	FALSE	FALSE	FALSE							H2BC11	105616	TRUE	pink	0.512	0.2485	0.2485	0.008849	0.6008	0.2745	0.7886
ENSG00000287837.1	AL590064.1	ENSG00000287837.1	lncRNA	chr13	40874685	40877861	-	3177	1	2	2	intergenic	intergenic	clone-based (unnamed)	FALSE	FALSE	FALSE	FALSE	FALSE	FALSE	FALSE							ELF1	54062	TRUE	black	0.3383	0.7266	0.7266	0.030583	1.2307	0.6559	0.9648
ENSG00000223356.1	AL590666.1	ENSG00000223356.1	lncRNA	chr1	156712212	156713174	-	963	1	2	2	intergenic	intergenic	clone-based (unnamed)	FALSE	FALSE	FALSE	FALSE	FALSE	FALSE	FALSE							CRABP2	6395	TRUE	grey	0.0038	0.7378	0.7378	0.014727	0.2933	0.2544	0.3112
ENSG00000242375.1	AL590705.3	ENSG00000242375.1	lncRNA	chr9	97195351	97197687	-	2337	1	3	3	intergenic	intergenic	clone-based (unnamed)	FALSE	FALSE	FALSE	FALSE	FALSE	FALSE	FALSE							CCDC180	109616	FALSE	grey	-0.0996	-0.0215	0.0215	0.00010944	0.6822	0.3557	0.7945
ENSG00000228427.3	AL590764.1	ENSG00000228427.3	lncRNA	chrX	71183384	71198208	-	14825	3	2	2	intergenic	intergenic	clone-based (unnamed)	FALSE	FALSE	FALSE	FALSE	FALSE	FALSE	FALSE							NLGN3	12182	FALSE	yellow	0.8657	0.129	0.129	0.0055056	0.6609	0.3626	0.7613
ENSG00000260855.1	AL591848.3	ENSG00000260855.1	lncRNA	chr1	246772301	246775772	+	3472	1	1	1	intergenic	intergenic	clone-based (unnamed)	FALSE	FALSE	FALSE	FALSE	FALSE	FALSE	FALSE							SCCPDH	4163	TRUE	grey	0.0062	0.3143	0.3143	0.0037526	0.4092	0.1818	0.5303
ENSG00000276412.2	AL591926.2	ENSG00000276412.2	lncRNA	chr9	41651658	41654594	-	2937	1	3	3	intergenic	intergenic	clone-based (unnamed)	FALSE	FALSE	FALSE	FALSE	FALSE	FALSE	FALSE							CNTNAP3B	235719	TRUE	grey	-0.2587	0.1655	0.1655	0.0044162	0.3352	0.2459	0.3679
ENSG00000283360.1	AL592295.3	ENSG00000283360.1	lncRNA	chr1	161403409	161470523	-	67115	1	5	5	intergenic	intergenic	clone-based (unnamed)	FALSE	FALSE	FALSE	FALSE	FALSE	FALSE	FALSE							FCGR2A	34906	FALSE	grey	0.0313	0.6654	0.6654	0.010533	0.2829	0.1916	0.2798
ENSG00000283696.1	AL592295.4	ENSG00000283696.1	lncRNA	chr1	161399409	161422424	+	23016	1	2	2	intergenic	intergenic	clone-based (unnamed)	FALSE	FALSE	FALSE	FALSE	FALSE	FALSE	FALSE							CFAP126	31532	FALSE	yellow	0.3697	0.1204	0.1204	0.0023715	0.754	0.2757	0.9061
ENSG00000288093.1	AL592295.5	ENSG00000288093.1	lncRNA	chr1	161399998	161401868	+	1871	1	1	1	intergenic	intergenic	clone-based (unnamed)	FALSE	FALSE	FALSE	FALSE	FALSE	FALSE	FALSE							CFAP126	32121	FALSE	pink	0.4599	0.5646	0.5646	0.0091351	0.3574	0.1691	0.3933
ENSG00000261168.1	AL592424.1	ENSG00000261168.1	lncRNA	chr1	151130075	151131610	-	1536	1	1	1	intergenic	intergenic	clone-based (unnamed)	FALSE	FALSE	FALSE	FALSE	FALSE	FALSE	FALSE							SEMA6C	74	TRUE	grey	0.1526	0.2544	0.2544	0.0057567	0.3595	0.2092	0.4012
ENSG00000235215.2	AL592431.1	ENSG00000235215.2	lncRNA	chr1	59055999	59078116	-	22118	1	3	3	intergenic	intergenic	clone-based (unnamed)	FALSE	FALSE	FALSE	FALSE	FALSE	FALSE	FALSE							FGGY	218521	FALSE	greenyellow	0.3946	0.3765	0.3765	0.0094922	0.3267	0.3746	0.3112
ENSG00000272583.1	AL592494.2	ENSG00000272583.1	lncRNA	chr1	121518366	121518829	-	464	1	1	1	intergenic	intergenic	clone-based (unnamed)	FALSE	FALSE	FALSE	FALSE	FALSE	FALSE	FALSE							SRGAP2C	125491	FALSE	yellow	0.5528	0.1592	0.1592	0.0040762	0.2885	0.2739	0.2661
ENSG00000261534.1	AL596244.1	ENSG00000261534.1	lncRNA	chr9	121815674	121819452	-	3779	1	1	1	intergenic	intergenic	clone-based (unnamed)	FALSE	FALSE	FALSE	FALSE	FALSE	FALSE	FALSE							TTLL11	2475	TRUE	midnightblue	0.3323	0.2603	0.2603	0.0073793	0.9455	0.2918	0.9706
ENSG00000273100.1	AL596442.2	ENSG00000273100.1	lncRNA	chr6	170178681	170179660	+	980	1	1	1	intergenic	intergenic	clone-based (unnamed)	FALSE	FALSE	FALSE	FALSE	FALSE	FALSE	FALSE							DLL1	102545	FALSE	red	0.677	0.413	0.413	0.026351	0.8674	0.6211	0.7828
ENSG00000287407.1	AL596442.3	ENSG00000287407.1	lncRNA	chr6	170158728	170160471	-	1744	1	2	2	intergenic	intergenic	clone-based (unnamed)	FALSE	FALSE	FALSE	FALSE	FALSE	FALSE	FALSE							DLL1	121734	TRUE	grey	0.3036	-0.0901	0.0901	-0.0043105	0.2963	0.5912	0.2074
ENSG00000288162.1	AL596442.4	ENSG00000288162.1	lncRNA	chr6	170135374	170142926	+	7553	1	3	3	intergenic	intergenic	clone-based (unnamed)	FALSE	FALSE	FALSE	FALSE	FALSE	FALSE	FALSE							DLL1	139279	FALSE	red	0.7226	0.0719	0.0719	0.0043578	0.7115	0.4482	0.7476
ENSG00000225643.1	AL606491.1	ENSG00000225643.1	lncRNA	chr1	25581478	25590356	+	8879	1	2	2	intergenic	intergenic	clone-based (unnamed)	FALSE	FALSE	FALSE	FALSE	FALSE	FALSE	FALSE							LDLRAP1	12591	TRUE	yellow	0.3649	0.1888	0.1888	0.0038105	0.353	0.1871	0.4188
ENSG00000286747.1	AL627095.2	ENSG00000286747.1	lncRNA	chr1	247105405	247108929	+	3525	1	4	4	intergenic	intergenic	clone-based (unnamed)	FALSE	FALSE	FALSE	FALSE	FALSE	FALSE	FALSE							ZNF669	1032	FALSE	blue	0.582	0.4318	0.4318	0.017703	0.7213	0.3845	0.7945
ENSG00000272512.1	AL645608.7	ENSG00000272512.1	lncRNA	chr1	995966	998051	-	2086	1	1	1	intergenic	intergenic	clone-based (unnamed)	FALSE	FALSE	FALSE	FALSE	FALSE	FALSE	FALSE							HES4	910	TRUE	salmon	0.487	0.476	0.476	0.039041	1.2927	0.8196	0.8748
ENSG00000272221.1	AL645933.2	ENSG00000272221.1	lncRNA	chr6	31394289	31395495	-	1207	1	1	1	intergenic	intergenic	clone-based (unnamed)	FALSE	FALSE	FALSE	FALSE	FALSE	FALSE	FALSE							MICA	4288	FALSE	pink	0.4731	0.3178	0.3178	0.028456	1.8624	0.7431	0.9804
ENSG00000272236.1	AL645939.4	ENSG00000272236.1	lncRNA	chr6	29751965	29752207	-	243	1	1	1	intergenic	intergenic	clone-based (unnamed)	FALSE	FALSE	FALSE	FALSE	FALSE	FALSE	FALSE							HLA-F	13436	FALSE	turquoise	0.3725	0.5042	0.5042	0.019419	0.4756	0.4529	0.4638
ENSG00000285761.1	AL645939.5	ENSG00000285761.1	lncRNA	chr6	29752573	29763295	+	10723	1	2	2	intergenic	intergenic	clone-based (unnamed)	FALSE	FALSE	FALSE	FALSE	FALSE	FALSE	FALSE							HLA-F	14044	TRUE	yellow	0.4627	0.2859	0.2859	0.006519	0.4489	0.2303	0.6027
ENSG00000272217.1	AL645940.1	ENSG00000272217.1	lncRNA	chr6	33246075	33246856	-	782	1	2	2	intergenic	intergenic	clone-based (unnamed)	FALSE	FALSE	FALSE	FALSE	FALSE	FALSE	FALSE							VPS52	3415	TRUE	turquoise	0.524	0.6982	0.6982	0.017886	0.3616	0.3096	0.364
ENSG00000244349.1	AL662791.1	ENSG00000244349.1	lncRNA	chr6	28986800	28988536	+	1737	1	2	2	intergenic	intergenic	clone-based (unnamed)	FALSE	FALSE	FALSE	FALSE	FALSE	FALSE	FALSE							ZNF311	6248	FALSE	cyan	0.6186	0.2373	0.2373	0.0089172	0.7616	0.4139	0.816
ENSG00000272501.1	AL662844.4	ENSG00000272501.1	lncRNA	chr6	31195200	31198037	-	2838	1	1	1	intergenic	intergenic	clone-based (unnamed)	FALSE	FALSE	FALSE	FALSE	FALSE	FALSE	FALSE							POU5F1	14468	TRUE	pink	0.6834	0.5754	0.5754	0.032808	1.227	0.5274	0.953
ENSG00000223511.7	AL683807.1	ENSG00000223511.7	lncRNA	chrX	1732584	1763212	+	30629	2	5	3	intergenic	intergenic	clone-based (unnamed)	FALSE	FALSE	FALSE	FALSE	FALSE	FALSE	FALSE							ASMT	89502	TRUE	yellow	0.7288	0.6218	0.6218	0.020566	0.4631	0.4294	0.4658
ENSG00000232611.1	AL683813.1	ENSG00000232611.1	lncRNA	chrX	136840931	136847797	-	6867	1	2	2	intergenic	intergenic	clone-based (unnamed)	FALSE	FALSE	FALSE	FALSE	FALSE	FALSE	FALSE							RBMX	206	TRUE	turquoise	0.5282	0.8693	0.8693	0.021002	0.5406	0.3036	0.6321
ENSG00000287560.1	AL731533.3	ENSG00000287560.1	lncRNA	chr10	3042535	3047083	-	4549	1	2	2	intergenic	intergenic	clone-based (unnamed)	FALSE	FALSE	FALSE	FALSE	FALSE	FALSE	FALSE							PFKP	19249	FALSE	grey	0.1862	0.1414	0.1414	0.022692	1.7277	1.0654	0.8571
ENSG00000272630.1	AL731563.3	ENSG00000272630.1	lncRNA	chr10	73098044	73101297	-	3254	1	2	2	intergenic	intergenic	clone-based (unnamed)	FALSE	FALSE	FALSE	FALSE	FALSE	FALSE	FALSE							P4HA1	1069	TRUE	turquoise	0.4983	0.7867	0.7867	0.014202	0.3762	0.2031	0.4344
ENSG00000273416.1	AL732292.2	ENSG00000273416.1	lncRNA	chr1	235104180	235104609	-	430	1	1	1	intergenic	intergenic	clone-based (unnamed)	FALSE	FALSE	FALSE	FALSE	FALSE	FALSE	FALSE							TOMM20	4731	TRUE	brown	0.3078	0.0301	0.0301	0.002228	0.3434	0.2185	0.3718
ENSG00000283317.1	AL831711.1	ENSG00000283317.1	lncRNA	chr1	161433444	161440996	-	7553	1	2	2	intergenic	intergenic	clone-based (unnamed)	FALSE	FALSE	FALSE	FALSE	FALSE	FALSE	FALSE							FCGR2A	64433	FALSE	grey	0.137	0.3751	0.3751	0.014814	0.9396	0.3993	0.9237
ENSG00000272825.1	AL844908.1	ENSG00000272825.1	lncRNA	chr21	44936303	44936954	+	652	1	1	1	intergenic	intergenic	clone-based (unnamed)	FALSE	FALSE	FALSE	FALSE	FALSE	FALSE	FALSE							FAM207A	3057	TRUE	grey	0.0967	0.4501	0.4501	0.030604	0.9014	0.6839	0.816
ENSG00000260583.1	AP000223.1	ENSG00000260583.1	lncRNA	chr21	25582770	25583326	-	557	1	1	1	intergenic	intergenic	clone-based (unnamed)	FALSE	FALSE	FALSE	FALSE	FALSE	FALSE	FALSE							MRPL39	2329	TRUE	grey	-0.171	0.1741	0.1741	0.005842	0.5365	0.3063	0.683
ENSG00000272733.1	AP000345.2	ENSG00000272733.1	lncRNA	chr22	23580880	23583859	-	2980	1	3	3	intergenic	intergenic	clone-based (unnamed)	FALSE	FALSE	FALSE	FALSE	FALSE	FALSE	FALSE							IGLL1	577	TRUE	blue	0.5021	0.6013	0.6013	0.033415	0.6213	0.572	0.5362
ENSG00000273295.1	AP000350.6	ENSG00000273295.1	lncRNA	chr22	23901432	23907068	-	5637	1	1	1	intergenic	intergenic	clone-based (unnamed)	FALSE	FALSE	FALSE	FALSE	FALSE	FALSE	FALSE							MIF	6204	FALSE	green	0.4461	0.4748	0.4748	0.0086644	0.2478	0.2257	0.2466
ENSG00000253666.2	AP000424.1	ENSG00000253666.2	lncRNA	chr8	100475667	100501148	+	25482	5	4	2	intergenic	intergenic	clone-based (unnamed)	FALSE	FALSE	FALSE	FALSE	FALSE	FALSE	FALSE							ANKRD46	8603	FALSE	greenyellow	0.515	0.1477	0.1477	0.0032023	0.2527	0.362	0.2231
ENSG00000254364.1	AP000424.2	ENSG00000254364.1	lncRNA	chr8	100492528	100493713	+	1186	1	2	2	intergenic	intergenic	clone-based (unnamed)	FALSE	FALSE	FALSE	FALSE	FALSE	FALSE	FALSE							ANKRD46	16038	FALSE	greenyellow	0.441	0.2853	0.2853	0.0086783	0.349	0.4642	0.3307
ENSG00000272872.1	AP000525.1	ENSG00000272872.1	lncRNA	chr22	15823197	15823890	+	694	1	1	1	intergenic	intergenic	clone-based (unnamed)	FALSE	FALSE	FALSE	FALSE	FALSE	FALSE	FALSE							POTEH	101565	TRUE	grey	0.3217	0.3697	0.3697	0.0075206	0.3368	0.3336	0.3209
ENSG00000272954.1	AP000553.2	ENSG00000272954.1	lncRNA	chr22	21661934	21662363	+	430	1	1	1	intergenic	intergenic	clone-based (unnamed)	FALSE	FALSE	FALSE	FALSE	FALSE	FALSE	FALSE							PPIL2	3645	TRUE	turquoise	0.5493	0.617	0.617	0.017048	0.2705	0.3068	0.2446
ENSG00000273102.1	AP000569.1	ENSG00000273102.1	lncRNA	chr21	33967101	33968573	-	1473	1	2	2	intergenic	intergenic	clone-based (unnamed)	FALSE	FALSE	FALSE	FALSE	FALSE	FALSE	FALSE							AP000311.1	35493	TRUE	lightcyan	0.6219	-0.0017	0.0017	0.004226	0.8187	0.6637	0.7084
ENSG00000233393.1	AP000688.2	ENSG00000233393.1	lncRNA	chr21	36104881	36109690	+	4810	1	2	2	intergenic	intergenic	clone-based (unnamed)	FALSE	FALSE	FALSE	FALSE	FALSE	FALSE	FALSE							CBR3	25388	TRUE	grey	0.0668	0.2305	0.2305	0.0095797	0.7413	0.4913	0.7691
ENSG00000255320.1	AP000759.1	ENSG00000255320.1	lncRNA	chr11	66244840	66246239	-	1400	1	2	2	intergenic	intergenic	clone-based (unnamed)	FALSE	FALSE	FALSE	FALSE	FALSE	FALSE	FALSE							PACS1	95	FALSE	midnightblue	0.347	0.0133	0.0133	-0.0018284	2.1532	0.4259	1
ENSG00000261098.1	AP000766.1	ENSG00000261098.1	lncRNA	chr11	107312132	107316271	-	4140	1	1	1	intergenic	intergenic	clone-based (unnamed)	FALSE	FALSE	FALSE	FALSE	FALSE	FALSE	FALSE							CWF19L2	10073	TRUE	tan	0.4066	0.3608	0.3608	0.0073045	0.9387	0.2706	0.9843
ENSG00000267108.1	AP001029.1	ENSG00000267108.1	lncRNA	chr18	12432897	12437635	+	4739	1	2	2	intergenic	intergenic	clone-based (unnamed)	FALSE	FALSE	FALSE	FALSE	FALSE	FALSE	FALSE							PRELID3A	658	TRUE	turquoise	0.5506	0.7339	0.7339	0.030472	0.5074	0.4903	0.4971
ENSG00000254510.2	AP001107.5	ENSG00000254510.2	lncRNA	chr11	66409158	66417137	+	7980	4	5	4	intergenic	intergenic	clone-based (unnamed)	FALSE	FALSE	FALSE	FALSE	FALSE	FALSE	FALSE							NPAS4	3866	TRUE	red	0.3799	0.0508	0.0508	0.0015696	0.3351	0.3207	0.3072
ENSG00000254810.1	AP001189.3	ENSG00000254810.1	lncRNA	chr11	76654169	76656712	-	2544	1	2	2	intergenic	intergenic	clone-based (unnamed)	FALSE	FALSE	FALSE	FALSE	FALSE	FALSE	FALSE							LRRC32	811	TRUE	red	0.6896	0.0282	0.0282	0.00082021	2.1695	0.8445	0.9883
ENSG00000267079.1	AP001269.2	ENSG00000267079.1	lncRNA	chr18	11910634	11914344	-	3711	1	2	2	intergenic	intergenic	clone-based (unnamed)	FALSE	FALSE	FALSE	FALSE	FALSE	FALSE	FALSE							MPPE1	2267	TRUE	grey	0.135	0.2526	0.2526	0.0063557	0.2518	0.2297	0.2466
ENSG00000271882.1	AP001330.4	ENSG00000271882.1	lncRNA	chr8	101208148	101208558	+	411	1	1	1	intergenic	intergenic	clone-based (unnamed)	FALSE	FALSE	FALSE	FALSE	FALSE	FALSE	FALSE							ZNF706	1954	FALSE	purple	0.5914	0.1477	0.1477	0.010633	1.4398	0.4599	0.9883
ENSG00000276529.1	AP001505.1	ENSG00000276529.1	lncRNA	chr21	44978832	44979274	+	443	1	1	1	intergenic	intergenic	clone-based (unnamed)	FALSE	FALSE	FALSE	FALSE	FALSE	FALSE	FALSE							FAM207A	1842	TRUE	purple	0.6094	0.0395	0.0395	0.01061	1.97	0.6278	0.9941
ENSG00000267480.1	AP001542.3	ENSG00000267480.1	lncRNA	chr18	12031178	12032181	-	1004	1	2	2	intergenic	intergenic	clone-based (unnamed)	FALSE	FALSE	FALSE	FALSE	FALSE	FALSE	FALSE							IMPA2	300	FALSE	blue	0.6231	0.0401	0.0401	0.0090628	2.8751	0.8234	1
ENSG00000235023.1	AP001626.1	ENSG00000235023.1	lncRNA	chr21	42648271	42651244	-	2974	1	2	2	intergenic	intergenic	clone-based (unnamed)	FALSE	FALSE	FALSE	FALSE	FALSE	FALSE	FALSE							PDE9A	2376	FALSE	salmon	0.5598	0.4468	0.4468	0.013488	0.3948	0.3499	0.409
ENSG00000225218.1	AP001628.1	ENSG00000225218.1	lncRNA	chr21	42831040	42836477	-	5438	1	3	3	intergenic	intergenic	clone-based (unnamed)	FALSE	FALSE	FALSE	FALSE	FALSE	FALSE	FALSE							WDR4	6616	TRUE	grey	0.0327	0.6988	0.6988	0.017559	0.3437	0.3217	0.3464
ENSG00000233754.2	AP001628.2	ENSG00000233754.2	lncRNA	chr21	42781074	42782229	-	1156	1	2	2	intergenic	intergenic	clone-based (unnamed)	FALSE	FALSE	FALSE	FALSE	FALSE	FALSE	FALSE							PDE9A	5564	FALSE	salmon	0.5348	0.1854	0.1854	0.0079129	0.2595	0.357	0.2505
ENSG00000255503.1	AP001767.2	ENSG00000255503.1	lncRNA	chr11	83072402	83097196	-	24795	1	3	3	intergenic	intergenic	clone-based (unnamed)	FALSE	FALSE	FALSE	FALSE	FALSE	FALSE	FALSE							RAB30	478	TRUE	turquoise	0.5959	0.6269	0.6269	0.025133	0.591	0.4036	0.6477
ENSG00000250519.7	AP002784.1	ENSG00000250519.7	lncRNA	chr11	94185439	94282203	+	96765	7	10	5	intergenic	intergenic	clone-based (unnamed)	FALSE	FALSE	FALSE	FALSE	FALSE	FALSE	FALSE							PANX1	3470	TRUE	grey	0.4836	0.0153	0.0153	0.00039599	0.3303	0.1788	0.3033
ENSG00000254731.1	AP003059.1	ENSG00000254731.1	lncRNA	chr11	86703099	86714092	+	10994	1	2	2	intergenic	intergenic	clone-based (unnamed)	FALSE	FALSE	FALSE	FALSE	FALSE	FALSE	FALSE							ME3	30462	FALSE	grey	-0.1213	0.2205	0.2205	0.0015462	0.2783	0.1811	0.2524
ENSG00000261578.1	AP003119.3	ENSG00000261578.1	lncRNA	chr11	76800364	76804555	+	4192	1	1	1	intergenic	intergenic	clone-based (unnamed)	FALSE	FALSE	FALSE	FALSE	FALSE	FALSE	FALSE							TSKU	2210	TRUE	greenyellow	0.4394	-0.0615	0.0615	-0.0068627	0.5137	0.6003	0.4188
ENSG00000288018.1	AP003120.1	ENSG00000288018.1	lncRNA	chr11	88422400	88428176	+	5777	1	2	2	intergenic	intergenic	clone-based (unnamed)	FALSE	FALSE	FALSE	FALSE	FALSE	FALSE	FALSE							CTSC	62715	FALSE	lightcyan	0.5929	0.343	0.343	0.017459	0.9155	0.4604	0.8982
ENSG00000271751.1	AP003392.4	ENSG00000271751.1	lncRNA	chr11	119065263	119065677	-	415	1	1	1	intergenic	intergenic	clone-based (unnamed)	FALSE	FALSE	FALSE	FALSE	FALSE	FALSE	FALSE							VPS11	2140	FALSE	grey	-0.0665	0.3189	0.3189	0.0057146	0.3959	0.2145	0.5127
ENSG00000253395.1	AP003469.2	ENSG00000253395.1	lncRNA	chr8	101122145	101126158	-	4014	1	3	3	intergenic	intergenic	clone-based (unnamed)	FALSE	FALSE	FALSE	FALSE	FALSE	FALSE	FALSE							ZNF706	51719	TRUE	grey	0.5632	0.2666	0.2666	0.0096447	0.7417	0.463	0.773
ENSG00000285933.1	AP003498.2	ENSG00000285933.1	lncRNA	chr11	71745331	71747051	+	1721	1	2	2	intergenic	intergenic	clone-based (unnamed)	FALSE	FALSE	FALSE	FALSE	FALSE	FALSE	FALSE							ZNF705E	66993	FALSE	blue	0.5849	0.2267	0.2267	0.045345	2.1253	1.4019	0.8689
ENSG00000254605.1	AP003555.1	ENSG00000254605.1	lncRNA	chr11	70014858	70021059	-	6202	2	4	3	intergenic	intergenic	clone-based (unnamed)	FALSE	FALSE	FALSE	FALSE	FALSE	FALSE	FALSE							ANO1	57242	FALSE	red	0.4549	0.2753	0.2753	0.0052944	0.4271	0.3099	0.4736
ENSG00000255191.1	AP003555.2	ENSG00000255191.1	lncRNA	chr11	69985876	70015815	+	29940	1	2	2	intergenic	intergenic	clone-based (unnamed)	FALSE	FALSE	FALSE	FALSE	FALSE	FALSE	FALSE							ANO1	62486	TRUE	red	0.5527	0.0696	0.0696	0.00091277	0.2787	0.2288	0.2975
ENSG00000236935.1	AP003774.2	ENSG00000236935.1	lncRNA	chr11	64325050	64329504	-	4455	1	3	3	intergenic	intergenic	clone-based (unnamed)	FALSE	FALSE	FALSE	FALSE	FALSE	FALSE	FALSE							PRDX5	3238	FALSE	yellow	0.7439	0.2595	0.2595	0.0077198	0.3496	0.2843	0.3386
ENSG00000260877.2	AP005233.2	ENSG00000260877.2	lncRNA	chr11	69371463	69372512	+	1050	1	2	2	intergenic	intergenic	clone-based (unnamed)	FALSE	FALSE	FALSE	FALSE	FALSE	FALSE	FALSE							MYEOV	3736	TRUE	greenyellow	0.5067	0.2838	0.2838	0.029639	1.351	1.3789	0.6419
ENSG00000272128.1	AP006545.2	ENSG00000272128.1	lncRNA	chr8	38099471	38099931	+	461	1	1	1	intergenic	intergenic	clone-based (unnamed)	FALSE	FALSE	FALSE	FALSE	FALSE	FALSE	FALSE							ASH2L	5561	TRUE	turquoise	0.4892	0.5683	0.5683	0.011078	0.2292	0.2218	0.1957
ENSG00000255142.1	AP006621.2	ENSG00000255142.1	lncRNA	chr11	781645	782105	+	461	1	2	2	intergenic	intergenic	clone-based (unnamed)	FALSE	FALSE	FALSE	FALSE	FALSE	FALSE	FALSE							GATD1	4156	FALSE	turquoise	0.5796	0.8351	0.8351	0.059207	1.2375	0.8286	0.863
ENSG00000260679.1	AP007216.2	ENSG00000260679.1	lncRNA	chr11	69921638	69926813	-	5176	1	2	2	intergenic	intergenic	clone-based (unnamed)	FALSE	FALSE	FALSE	FALSE	FALSE	FALSE	FALSE							FGF3	102221	TRUE	red	0.5741	0.0247	0.0247	0.002597	0.4632	0.3709	0.5088
ENSG00000215769.8	ARHGAP27P1-BPTFP1-KPNA2P3	ENSG00000215769.8	lncRNA	chr17	64749663	64781707	-	32045	2	13	12	intergenic	intergenic	other	FALSE	FALSE	FALSE	FALSE	FALSE	FALSE	FALSE							LRRC37A3	72604	TRUE	turquoise	0.6074	0.7918	0.7918	0.015665	0.2904	0.227	0.317
ENSG00000215481.9	BCRP3	ENSG00000215481.9	lncRNA	chr22	24632915	24650012	+	17098	2	6	6	intergenic	intergenic	other	FALSE	FALSE	FALSE	FALSE	FALSE	FALSE	FALSE							GGT1	3909	TRUE	turquoise	0.3515	0.5595	0.5595	0.015335	0.3714	0.3146	0.3855
ENSG00000260996.1	BX255925.1	ENSG00000260996.1	lncRNA	chr9	137293868	137295721	-	1854	1	1	1	intergenic	intergenic	clone-based (unnamed)	FALSE	FALSE	FALSE	FALSE	FALSE	FALSE	FALSE							NRARP	3909	TRUE	red	0.8162	0.3027	0.3027	0.015929	0.7415	0.4323	0.775
ENSG00000237429.1	BX293535.1	ENSG00000237429.1	lncRNA	chr1	27525805	27530561	+	4757	1	2	2	intergenic	intergenic	clone-based (unnamed)	FALSE	FALSE	FALSE	FALSE	FALSE	FALSE	FALSE							AHDC1	3473	FALSE	grey	0.2713	0.3527	0.3527	0.0065383	0.3518	0.3363	0.3483
ENSG00000284652.1	BX323043.1	ENSG00000284652.1	lncRNA	chr1	9421098	9422862	-	1765	1	1	1	intergenic	intergenic	clone-based (unnamed)	FALSE	FALSE	FALSE	FALSE	FALSE	FALSE	FALSE							SPSB1	51565	FALSE	greenyellow	0.429	-0.0384	0.0384	-0.0033753	0.981	1.0629	0.638
ENSG00000285867.1	BX470102.2	ENSG00000285867.1	lncRNA	chr1	153586813	153606283	-	19471	1	2	2	intergenic	intergenic	clone-based (unnamed)	FALSE	FALSE	FALSE	FALSE	FALSE	FALSE	FALSE							S100A16	602	TRUE	grey	0.2409	0.4883	0.4883	0.007011	0.4151	0.1806	0.5284
ENSG00000273145.1	BX537318.1	ENSG00000273145.1	lncRNA	chr22	46013606	46015498	+	1893	1	2	2	intergenic	intergenic	clone-based (unnamed)	FALSE	FALSE	FALSE	FALSE	FALSE	FALSE	FALSE							WNT7B	36443	FALSE	pink	0.6203	0.1146	0.1146	0.012599	1.6036	0.4331	0.9941
ENSG00000278869.1	BX539320.1	ENSG00000278869.1	lncRNA	chr22	49933198	49934074	-	877	1	1	1	intergenic	intergenic	clone-based (unnamed)	FALSE	FALSE	FALSE	FALSE	FALSE	FALSE	FALSE							CRELD2	5657	FALSE	magenta	0.4486	0.3194	0.3194	0.010813	0.6901	0.4405	0.7691
ENSG00000273812.3	BX640514.2	ENSG00000273812.3	lncRNA	chr20	62596732	62603355	-	6624	3	3	2	intergenic	intergenic	clone-based (unnamed)	FALSE	FALSE	FALSE	FALSE	FALSE	FALSE	FALSE							SLCO4A1	39147	FALSE	greenyellow	0.3694	0.1444	0.1444	0.003507	0.65	0.3852	0.7378
ENSG00000273473.1	BX649601.1	ENSG00000273473.1	lncRNA	chr9	134168769	134169340	+	572	1	1	1	intergenic	intergenic	clone-based (unnamed)	FALSE	FALSE	FALSE	FALSE	FALSE	FALSE	FALSE							WDR5	8800	TRUE	brown	0.5286	0.4684	0.4684	0.012559	0.3605	0.2544	0.3875
ENSG00000286431.1	BX842570.1	ENSG00000286431.1	lncRNA	chrX	3819924	3823898	+	3975	1	2	2	intergenic	intergenic	clone-based (unnamed)	FALSE	FALSE	FALSE	FALSE	FALSE	FALSE	FALSE							PRKX	106274	FALSE	grey	-0.0164	0.5247	0.5247	0.022637	0.9893	0.4425	0.9198
ENSG00000285756.2	BX890604.1	ENSG00000285756.2	lncRNA	chrX	3817528	3937855	-	120328	29	26	13	intergenic	intergenic	clone-based (unnamed)	FALSE	FALSE	FALSE	FALSE	FALSE	FALSE	FALSE							PRKX	103878	TRUE	grey	0.1133	0.2614	0.2614	0.010932	0.8077	0.421	0.8493
ENSG00000221953.5	C1orf229	ENSG00000221953.5	lncRNA	chr1	247110160	247112417	-	2258	1	1	1	intergenic	intergenic	other	FALSE	FALSE	FALSE	FALSE	FALSE	FALSE	FALSE							ZNF669	5787	TRUE	pink	0.708	0.3965	0.3965	0.009193	0.3945	0.1957	0.4971
ENSG00000176659.9	C20orf197	ENSG00000176659.9	lncRNA	chr20	60055853	60072956	+	17104	3	5	4	intergenic	intergenic	other	FALSE	FALSE	FALSE	FALSE	FALSE	FALSE	FALSE							CDH26	21841	TRUE	yellow	0.4469	0.5127	0.5127	0.0070007	0.2706	0.1774	0.1977
ENSG00000188511.12	C22orf34	ENSG00000188511.12	lncRNA	chr22	49414524	49657542	-	243019	7	13	5	intergenic	intergenic	other	FALSE	FALSE	FALSE	FALSE	FALSE	FALSE	FALSE							BRD1	115740	TRUE	red	0.4777	0.0589	0.0589	0.0036646	0.647	0.3522	0.7945
ENSG00000287151.1	C2orf27A	ENSG00000287151.1	lncRNA	chr2	131647990	131767404	+	119415	6	13	10	intergenic	intergenic	other	FALSE	FALSE	FALSE	FALSE	FALSE	FALSE	FALSE							CCDC74A	114323	TRUE	greenyellow	0.4131	0.0629	0.0629	-0.0017908	0.5926	0.3142	0.7515
ENSG00000288547.3	C3orf36	ENSG00000288547.3	lncRNA	chr3	133928145	133929812	-	1668	1	1	1	intergenic	intergenic	other	FALSE	FALSE	FALSE	FALSE	FALSE	FALSE	FALSE							SLCO2A1	2888	TRUE	red	0.633	0.0328	0.0328	0.0078945	1.3838	0.7449	0.91
ENSG00000225940.7	C5orf67	ENSG00000225940.7	lncRNA	chr5	56511567	56606232	-	94666	2	6	6	intergenic	intergenic	other	FALSE	FALSE	FALSE	FALSE	FALSE	FALSE	FALSE							MAP3K1	209316	FALSE	grey	0.1943	0.2047	0.2047	0.0062814	0.3451	0.3593	0.3092
ENSG00000181577.16	C6orf223	ENSG00000181577.16	lncRNA	chr6	44000580	44007612	+	7033	4	3	4	intergenic	intergenic	other	FALSE	FALSE	FALSE	FALSE	FALSE	FALSE	FALSE							MRPL14	105838	FALSE	salmon	0.525	0.1864	0.1864	0.033257	3.0707	1.3501	0.9589
ENSG00000203711.14	C6orf99	ENSG00000203711.14	lncRNA	chr6	158869848	158919105	+	49258	15	7	5	intergenic	intergenic	other	FALSE	FALSE	FALSE	FALSE	FALSE	FALSE	FALSE							EZR	50479	FALSE	grey	-0.0507	0.1164	0.1164	0.0022019	0.343	0.217	0.3327
ENSG00000177335.11	C8orf31	ENSG00000177335.11	lncRNA	chr8	143039209	143060684	+	21476	10	11	8	intergenic	intergenic	other	FALSE	FALSE	FALSE	FALSE	FALSE	FALSE	FALSE							LY6E	15376	TRUE	greenyellow	0.4472	0.2991	0.2991	0.0044886	0.3967	0.415	0.3425
ENSG00000179082.3	C9orf106	ENSG00000179082.3	lncRNA	chr9	129321016	129324905	+	3890	1	2	2	intergenic	intergenic	other	FALSE	FALSE	FALSE	FALSE	FALSE	FALSE	FALSE							AL158151.3	60440	TRUE	salmon	0.4747	0.6641	0.6641	0.011962	0.2588	0.2335	0.2368
ENSG00000249669.10	CARMN	ENSG00000249669.10	lncRNA	chr5	149406689	149432835	+	26147	19	7	6	intergenic	intergenic	other	FALSE	FALSE	FALSE	FALSE	FALSE	FALSE	FALSE							IL17B	2486	FALSE	red	0.6807	0.7081	0.7081	0.035122	0.7943	0.5968	0.6791
ENSG00000285972.1	CERNA2	ENSG00000285972.1	lncRNA	chr10	84167228	84172093	-	4866	1	2	2	intergenic	intergenic	other	FALSE	FALSE	FALSE	FALSE	FALSE	FALSE	FALSE							C10orf99	1707	FALSE	grey	0.4148	0.1013	0.1013	0.016224	3.7776	1.9526	0.8826
ENSG00000273265.1	CNNM3-DT	ENSG00000273265.1	lncRNA	chr2	96812239	96813657	-	1419	1	2	2	intergenic	intergenic	divergent	FALSE	FALSE	FALSE	FALSE	FALSE	FALSE	FALSE							CNNM4	364	FALSE	blue	0.7295	0.3002	0.3002	0.028285	1.5927	0.6413	0.9824
ENSG00000231210.3	COMETT	ENSG00000231210.3	lncRNA	chr7	116563594	116663829	-	100236	4	7	6	intergenic	intergenic	other	FALSE	FALSE	FALSE	FALSE	FALSE	FALSE	FALSE							CAV1	2414	FALSE	blue	0.5313	-0.0439	0.0439	0.0012106	0.7173	0.6119	0.6223
ENSG00000258551.6	CRAT37	ENSG00000258551.6	lncRNA	chr15	91408708	91605873	+	197166	3	7	4	intergenic	intergenic	other	FALSE	FALSE	FALSE	FALSE	FALSE	FALSE	FALSE							SV2B	106142	TRUE	grey	0.0702	0.0036	0.0036	-3.2944e-05	0.2267	0.2301	0.2094
ENSG00000245694.10	CRNDE	ENSG00000245694.10	lncRNA	chr16	54845189	54929189	-	84001	24	14	6	intergenic	intergenic	other	FALSE	FALSE	FALSE	FALSE	FALSE	FALSE	FALSE							IRX5	1675	FALSE	turquoise	0.3062	0.4176	0.4176	0.024403	1.3113	0.6016	0.9569
ENSG00000249201.2	CTD-3080P12.3	ENSG00000249201.2	lncRNA	chr5	1173141	1178605	-	5465	3	5	5	intergenic	intergenic	other	FALSE	FALSE	FALSE	FALSE	FALSE	FALSE	FALSE							SLC6A19	22989	FALSE	blue	0.4448	0.4858	0.4858	0.016914	0.2691	0.3892	0.2133
ENSG00000222041.11	CYTOR	ENSG00000222041.11	lncRNA	chr2	87454781	87636740	+	181960	38	25	5	intergenic	intergenic	other	FALSE	FALSE	FALSE	FALSE	FALSE	FALSE	FALSE							PLGLB2	111346	TRUE	greenyellow	0.4672	0.0342	0.0342	0.0015651	0.7386	0.324	0.9002
ENSG00000273032.3	DGCR5	ENSG00000273032.3	lncRNA	chr22	18970439	19031242	+	60804	10	14	7	intergenic	intergenic	other	FALSE	FALSE	FALSE	FALSE	FALSE	FALSE	FALSE							DGCR2	5039	FALSE	blue	0.4934	0.3354	0.3354	0.030369	2.0933	0.8115	0.9609
ENSG00000231672.8	DIRC3	ENSG00000231672.8	lncRNA	chr2	217284019	217756593	-	472575	11	21	12	intergenic	intergenic	other	FALSE	FALSE	FALSE	FALSE	FALSE	FALSE	FALSE							TNS1	42994	TRUE	grey	0.3288	0.3718	0.3718	0.0060197	0.2608	0.1912	0.2133
ENSG00000260992.1	DOCK9-DT	ENSG00000260992.1	lncRNA	chr13	99087819	99088625	+	807	1	1	1	intergenic	intergenic	divergent	FALSE	FALSE	FALSE	FALSE	FALSE	FALSE	FALSE							DOCK9	1193	FALSE	pink	0.5555	0.1509	0.1509	0.0085512	1.08	0.3887	0.9785
ENSG00000245750.10	DRAIC	ENSG00000245750.10	lncRNA	chr15	69462921	69843120	+	380200	73	53	13	intergenic	intergenic	other	FALSE	FALSE	FALSE	FALSE	FALSE	FALSE	FALSE							RPLP1	6715	TRUE	blue	0.5384	0.2127	0.2127	0.008773	0.3861	0.3342	0.4012
ENSG00000243701.7	DUBR	ENSG00000243701.7	lncRNA	chr3	107220744	107348464	+	127721	33	13	5	intergenic	intergenic	other	FALSE	FALSE	FALSE	FALSE	FALSE	FALSE	FALSE							CCDC54	28974	TRUE	grey	-0.2758	0.3669	0.3669	0.0047812	0.5537	0.184	0.8434
ENSG00000206195.11	DUXAP8	ENSG00000206195.11	lncRNA	chr22	15784959	15829984	+	45026	9	10	8	intergenic	intergenic	other	FALSE	FALSE	FALSE	FALSE	FALSE	FALSE	FALSE							POTEH	63327	TRUE	greenyellow	0.5092	0.1556	0.1556	-2.018e-06	0.3003	0.2714	0.2779
ENSG00000281649.2	EBLN3P	ENSG00000281649.2	lncRNA	chr9	37079645	37090928	+	11284	21	3	4	intergenic	intergenic	other	FALSE	FALSE	FALSE	FALSE	FALSE	FALSE	FALSE							ZCCHC7	29645	TRUE	tan	0.6164	0.3701	0.3701	0.010806	3.0031	0.4846	1
ENSG00000251292.1	ERVH-1	ENSG00000251292.1	lncRNA	chr4	23723262	23733579	-	10318	1	4	4	intergenic	intergenic	other	FALSE	FALSE	FALSE	FALSE	FALSE	FALSE	FALSE							PPARGC1A	21461	TRUE	grey	-0.0745	0.0515	0.0515	0.001636	0.6765	0.7193	0.5636
ENSG00000267696.6	ERVK-28	ENSG00000267696.6	lncRNA	chr19	27638483	27646483	-	8001	3	3	2	intergenic	intergenic	other	FALSE	FALSE	FALSE	FALSE	FALSE	FALSE	FALSE							UQCRFS1	1558836	TRUE	grey	0.0645	-0.0432	0.0432	0.00060321	0.3686	0.4241	0.362
ENSG00000204677.13	FAM153CP	ENSG00000204677.13	lncRNA	chr5	178006348	178086529	+	80182	50	24	18	intergenic	intergenic	other	FALSE	FALSE	FALSE	FALSE	FALSE	FALSE	FALSE							PROP1	10105	FALSE	grey	0.1387	0.5151	0.5151	0.019142	0.3798	0.4224	0.3562
ENSG00000253893.2	FAM85B	ENSG00000253893.2	lncRNA	chr8	8167819	8226614	-	58796	1	5	5	intergenic	intergenic	other	FALSE	FALSE	FALSE	FALSE	FALSE	FALSE	FALSE							PRAG1	91121	TRUE	cyan	0.4113	0.0401	0.0401	0.0011198	0.2648	0.2259	0.225
ENSG00000231426.7	FILNC1	ENSG00000231426.7	lncRNA	chr6	139677639	139860476	+	182838	8	8	4	intergenic	intergenic	other	FALSE	FALSE	FALSE	FALSE	FALSE	FALSE	FALSE							CITED2	302990	FALSE	greenyellow	0.4061	-0.0643	0.0643	-0.0075444	0.5364	0.8474	0.3249
ENSG00000237424.1	FOXD2-AS1	ENSG00000237424.1	lncRNA	chr1	47432133	47434641	-	2509	1	1	1	intergenic	intergenic	antisense	FALSE	FALSE	FALSE	FALSE	FALSE	FALSE	FALSE							FOXD2	3402	FALSE	brown	0.3328	0.3977	0.3977	0.018153	1.3083	0.4601	0.9746
ENSG00000281383.1	FP671120.7	ENSG00000281383.1	lncRNA	chr21	8254592	8255514	-	923	1	1	1	intergenic	intergenic	clone-based (unnamed)	FALSE	FALSE	FALSE	FALSE	FALSE	FALSE	FALSE							KCNE1B	424665	TRUE	grey	0.0585	0	0	0.0014907	0.5776	0.5199	0.5656
ENSG00000230590.11	FTX	ENSG00000230590.11	lncRNA	chrX	73940435	74293574	-	353140	72	34	9	intergenic	intergenic	other	FALSE	FALSE	FALSE	FALSE	FALSE	FALSE	FALSE							ZCCHC13	10605	FALSE	black	0.6499	0.8697	0.8697	0.022856	0.7492	0.3336	0.8532
ENSG00000266835.6	GAPLINC	ENSG00000266835.6	lncRNA	chr18	3466250	3478978	+	12729	4	5	4	intergenic	intergenic	other	FALSE	FALSE	FALSE	FALSE	FALSE	FALSE	FALSE							TGIF1	6271	TRUE	grey	0.2213	-0.0741	0.0741	-0.0025963	0.4253	0.3002	0.4658
ENSG00000270084.2	GAS5-AS1	ENSG00000270084.2	lncRNA	chr1	173862473	173863941	+	1469	1	2	2	intergenic	intergenic	antisense	FALSE	FALSE	FALSE	FALSE	FALSE	FALSE	FALSE							DARS2	3664	TRUE	blue	0.458	0.2106	0.2106	0.0080488	1.4405	0.2969	1
ENSG00000253669.4	GASAL1	ENSG00000253669.4	lncRNA	chr8	102805517	102810039	+	4523	5	3	2	intergenic	intergenic	other	FALSE	FALSE	FALSE	FALSE	FALSE	FALSE	FALSE							AZIN1	16268	FALSE	grey	0.1812	0.0609	0.0609	0.001624	0.4779	0.2728	0.5714
ENSG00000237310.2	GS1-124K5.4	ENSG00000237310.2	lncRNA	chr7	66493607	66495758	+	2152	6	2	2	intergenic	intergenic	other	FALSE	FALSE	FALSE	FALSE	FALSE	FALSE	FALSE							TPST1	73063	TRUE	brown	0.6248	0.1651	0.1651	0.0096982	1.0533	0.4222	0.9863
ENSG00000130600.19	H19	ENSG00000130600.19	lncRNA	chr11	1995176	2001470	-	6295	12	4	5	intergenic	intergenic	other	FALSE	FALSE	FALSE	FALSE	FALSE	FALSE	FALSE							MRPL23	10653	FALSE	red	0.3301	-0.0664	0.0664	-0.013392	2.7579	1.7203	0.9863
ENSG00000226363.3	HAGLROS	ENSG00000226363.3	lncRNA	chr2	176177717	176179008	+	1292	1	2	2	intergenic	intergenic	other	FALSE	FALSE	FALSE	FALSE	FALSE	FALSE	FALSE							HOXD3	4614	TRUE	red	0.4461	-0.1102	0.1102	-0.0021914	1.0554	0.5428	0.9022
ENSG00000225978.3	HAR1A	ENSG00000225978.3	lncRNA	chr20	63102205	63104386	+	2182	1	2	2	intergenic	intergenic	other	FALSE	FALSE	FALSE	FALSE	FALSE	FALSE	FALSE							YTHDF1	91042	FALSE	grey	0.2681	0.0747	0.0747	0.0016879	0.3123	0.2771	0.2466
ENSG00000228223.3	HCG11	ENSG00000228223.3	lncRNA	chr6	26521709	26527404	+	5696	1	1	1	intergenic	intergenic	other	FALSE	FALSE	FALSE	FALSE	FALSE	FALSE	FALSE							HMGN4	10961	TRUE	cyan	0.4697	0.1251	0.1251	0.0073669	2.0232	0.6955	0.9941
ENSG00000227214.2	HCG15	ENSG00000227214.2	lncRNA	chr6	28986203	28987484	+	1282	1	3	3	intergenic	intergenic	other	FALSE	FALSE	FALSE	FALSE	FALSE	FALSE	FALSE							ZNF311	7300	FALSE	cyan	0.7006	0.2097	0.2097	0.0058475	0.6383	0.3573	0.7456
ENSG00000206344.7	HCG27	ENSG00000206344.7	lncRNA	chr6	31197760	31203968	+	6209	5	5	2	intergenic	intergenic	other	FALSE	FALSE	FALSE	FALSE	FALSE	FALSE	FALSE							POU5F1	17028	FALSE	pink	0.5774	0.7603	0.7603	0.050258	1.0614	0.6823	0.8474
ENSG00000204625.10	HCG9	ENSG00000204625.10	lncRNA	chr6	29975112	29978410	+	3299	2	4	3	intergenic	intergenic	other	FALSE	FALSE	FALSE	FALSE	FALSE	FALSE	FALSE							HLA-A	29227	TRUE	grey	-0.061	0.2845	0.2845	0.0070347	0.3706	0.2318	0.4325
ENSG00000206337.12	HCP5	ENSG00000206337.12	lncRNA	chr6	31463170	31478936	+	15767	7	3	4	intergenic	intergenic	other	FALSE	FALSE	FALSE	FALSE	FALSE	FALSE	FALSE							MICB	15944	TRUE	yellow	0.5257	0.2732	0.2732	0.016188	3.0595	0.6432	1
ENSG00000281831.1	HCP5B	ENSG00000281831.1	lncRNA	chr6	29871895	29873783	-	1889	1	1	1	intergenic	intergenic	other	FALSE	FALSE	FALSE	FALSE	FALSE	FALSE	FALSE							HLA-G	40769	FALSE	grey	0.0322	0.4173	0.4173	0.011864	0.2724	0.2773	0.2485
ENSG00000278970.2	HEIH	ENSG00000278970.2	lncRNA	chr5	180826871	180831605	-	4735	2	3	3	intergenic	intergenic	other	FALSE	FALSE	FALSE	FALSE	FALSE	FALSE	FALSE							MGAT1	11218	TRUE	pink	0.5398	-0.0443	0.0443	0.0065028	2.1872	0.4285	1
ENSG00000259424.1	IRAIN	ENSG00000259424.1	lncRNA	chr15	98646951	98647371	-	421	1	2	2	intergenic	intergenic	other	FALSE	FALSE	FALSE	FALSE	FALSE	FALSE	FALSE							IGF1R	1167	FALSE	grey	-0.0683	0.2755	0.2755	0.0087462	0.3448	0.288	0.3444
ENSG00000272666.1	KLHDC7B-DT	ENSG00000272666.1	lncRNA	chr22	50542305	50542906	-	602	1	1	1	intergenic	intergenic	divergent	FALSE	FALSE	FALSE	FALSE	FALSE	FALSE	FALSE							KLHDC7B	2992	FALSE	yellow	0.4596	0.3325	0.3325	0.0077814	0.2862	0.2752	0.2446
ENSG00000242147.3	LASTR	ENSG00000242147.3	lncRNA	chr10	5594984	5632566	-	37583	19	14	6	intergenic	intergenic	other	FALSE	FALSE	FALSE	FALSE	FALSE	FALSE	FALSE							ASB13	6300	TRUE	grey	0.1824	0.4179	0.4179	0.010343	0.4565	0.2581	0.5538
ENSG00000236871.7	LINC00106	ENSG00000236871.7	lncRNA	chrX	1396427	1399402	+	2976	2	4	3	intergenic	intergenic	lincRNA (named)	FALSE	FALSE	FALSE	FALSE	FALSE	FALSE	FALSE							ASMTL	3736	FALSE	black	0.6606	0.8435	0.8435	0.071395	1.5093	1.0239	0.8532
ENSG00000225298.5	LINC00113	ENSG00000225298.5	lncRNA	chr21	27722379	27751233	+	28855	3	5	4	intergenic	intergenic	lincRNA (named)	FALSE	FALSE	FALSE	FALSE	FALSE	FALSE	FALSE							ADAMTS5	755290	FALSE	grey	-0.2301	0.0572	0.0572	0.010181	0.6228	0.7817	0.4618
ENSG00000225880.5	LINC00115	ENSG00000225880.5	lncRNA	chr1	826206	827522	-	1317	1	1	1	intergenic	intergenic	lincRNA (named)	FALSE	FALSE	FALSE	FALSE	FALSE	FALSE	FALSE							SAMD11	96405	FALSE	turquoise	0.6562	0.774	0.774	0.024736	0.554	0.3569	0.5714
ENSG00000196668.4	LINC00173	ENSG00000196668.4	lncRNA	chr12	116533422	116536518	+	3097	5	3	3	intergenic	intergenic	lincRNA (named)	FALSE	FALSE	FALSE	FALSE	FALSE	FALSE	FALSE							MAP1LC3B2	11586	TRUE	salmon	0.6511	0.7186	0.7186	0.060381	1.2107	0.8746	0.8356
ENSG00000258512.1	LINC00239	ENSG00000258512.1	lncRNA	chr14	101730437	101732522	+	2086	1	4	4	intergenic	intergenic	lincRNA (named)	FALSE	FALSE	FALSE	FALSE	FALSE	FALSE	FALSE							PPP2R5C	29275	TRUE	greenyellow	0.4306	-0.0433	0.0433	-0.0046788	0.5942	0.4231	0.6341
ENSG00000224843.8	LINC00240	ENSG00000224843.8	lncRNA	chr6	26956932	27059749	+	102818	17	9	4	intergenic	intergenic	lincRNA (named)	FALSE	FALSE	FALSE	FALSE	FALSE	FALSE	FALSE							H2BC11	66147	FALSE	grey	0.4634	0.3513	0.3513	0.014564	0.6846	0.3818	0.7926
ENSG00000188185.13	LINC00265	ENSG00000188185.13	lncRNA	chr7	39733430	39793092	+	59663	13	17	12	intergenic	intergenic	lincRNA (named)	FALSE	FALSE	FALSE	FALSE	FALSE	FALSE	FALSE							RALA	25309	TRUE	magenta	0.7557	0.7752	0.7752	0.015742	0.5707	0.3911	0.6321
ENSG00000231535.7	LINC00278	ENSG00000231535.7	lncRNA	chrY	3002887	3200509	+	197623	8	9	6	intergenic	intergenic	lincRNA (named)	FALSE	FALSE	FALSE	FALSE	FALSE	FALSE	FALSE							ZFY	20380	TRUE	grey	0.2192	0.0035	0.0035	0.00069482	0.4113	0.5139	0.3581
ENSG00000226496.3	LINC00323	ENSG00000226496.3	lncRNA	chr21	41141493	41148198	-	6706	5	4	3	intergenic	intergenic	lincRNA (named)	FALSE	FALSE	FALSE	FALSE	FALSE	FALSE	FALSE							BACE2	19602	FALSE	magenta	0.6472	0.0713	0.0713	-0.0028369	0.2824	0.4686	0.2055
ENSG00000178977.3	LINC00324	ENSG00000178977.3	lncRNA	chr17	8220642	8224043	-	3402	1	3	3	intergenic	intergenic	lincRNA (named)	FALSE	FALSE	FALSE	FALSE	FALSE	FALSE	FALSE							CTC1	771	TRUE	yellow	0.5201	0.1223	0.1223	0.0077478	1.559	0.3641	0.9961
ENSG00000232931.6	LINC00342	ENSG00000232931.6	lncRNA	chr2	95807052	95835003	-	27952	13	5	5	intergenic	intergenic	lincRNA (named)	FALSE	FALSE	FALSE	FALSE	FALSE	FALSE	FALSE							ANKRD36C	1915	TRUE	black	0.699	0.8963	0.8963	0.051866	1.3806	0.6875	0.9491
ENSG00000229557.1	LINC00379	ENSG00000229557.1	lncRNA	chr13	91127613	91131407	-	3795	2	3	3	intergenic	intergenic	lincRNA (named)	FALSE	FALSE	FALSE	FALSE	FALSE	FALSE	FALSE							GPC5	267213	FALSE	grey	-0.0494	-0.0104	0.0104	-0.00020583	0.3233	0.5135	0.2564
ENSG00000238121.6	LINC00426	ENSG00000238121.6	lncRNA	chr13	30340267	30377145	-	36879	12	16	6	intergenic	intergenic	lincRNA (named)	FALSE	FALSE	FALSE	FALSE	FALSE	FALSE	FALSE							KATNAL1	32715	TRUE	yellow	0.8777	0.382	0.382	0.0094637	0.3971	0.3252	0.3894
ENSG00000233532.6	LINC00460	ENSG00000233532.6	lncRNA	chr13	106374477	106384315	+	9839	7	8	7	intergenic	intergenic	lincRNA (named)	FALSE	FALSE	FALSE	FALSE	FALSE	FALSE	FALSE							EFNB2	105429	FALSE	greenyellow	0.5491	-0.0505	0.0505	-0.0060884	0.2561	0.4953	0.2055
ENSG00000153363.13	LINC00467	ENSG00000153363.13	lncRNA	chr1	211382736	211435570	+	52835	27	16	9	intergenic	intergenic	lincRNA (named)	FALSE	FALSE	FALSE	FALSE	FALSE	FALSE	FALSE							TRAF5	7789	TRUE	brown	0.382	0.2506	0.2506	0.0076211	1.0277	0.2775	0.9961
ENSG00000181798.3	LINC00471	ENSG00000181798.3	lncRNA	chr2	231508422	231514366	-	5945	2	3	3	intergenic	intergenic	lincRNA (named)	FALSE	FALSE	FALSE	FALSE	FALSE	FALSE	FALSE							NMUR1	8820	TRUE	grey	0.0707	0.4161	0.4161	0.0078322	0.3959	0.2265	0.4501
ENSG00000233237.8	LINC00472	ENSG00000233237.8	lncRNA	chr6	71343427	71420745	-	77319	15	11	6	intergenic	intergenic	lincRNA (named)	FALSE	FALSE	FALSE	FALSE	FALSE	FALSE	FALSE							OGFRL1	34367	FALSE	tan	0.5645	0.7397	0.7397	0.030736	1.0982	0.531	0.9374
ENSG00000185168.5	LINC00482	ENSG00000185168.5	lncRNA	chr17	81303771	81309248	-	5478	2	4	4	intergenic	intergenic	lincRNA (named)	FALSE	FALSE	FALSE	FALSE	FALSE	FALSE	FALSE							SLC38A10	8223	TRUE	grey	-0.0227	0.5124	0.5124	0.021592	0.6215	0.5338	0.5812
ENSG00000205837.7	LINC00487	ENSG00000205837.7	lncRNA	chr2	6728177	6770311	-	42135	3	7	6	intergenic	intergenic	lincRNA (named)	FALSE	FALSE	FALSE	FALSE	FALSE	FALSE	FALSE							CMPK2	70258	TRUE	red	0.509	0.5963	0.5963	0.010675	0.2326	0.2039	0.2055
ENSG00000235621.9	LINC00494	ENSG00000235621.9	lncRNA	chr20	48359884	48370636	+	10753	15	6	5	intergenic	intergenic	lincRNA (named)	FALSE	FALSE	FALSE	FALSE	FALSE	FALSE	FALSE							PREX1	253615	FALSE	grey	-0.035	0.1406	0.1406	0.0089335	0.4904	0.5294	0.4286
ENSG00000203645.2	LINC00501	ENSG00000203645.2	lncRNA	chr3	177294442	177323418	+	28977	1	2	2	intergenic	intergenic	lincRNA (named)	FALSE	FALSE	FALSE	FALSE	FALSE	FALSE	FALSE							TBL1XR1	66441	FALSE	blue	0.583	0.2046	0.2046	0.011656	0.6679	0.435	0.6967
ENSG00000233559.2	LINC00513	ENSG00000233559.2	lncRNA	chr7	130853720	130930682	+	76963	4	9	6	intergenic	intergenic	lincRNA (named)	FALSE	FALSE	FALSE	FALSE	FALSE	FALSE	FALSE							KLF14	119512	FALSE	grey	0.1006	0.2367	0.2367	0.0030517	0.2977	0.2406	0.2309
ENSG00000264575.1	LINC00526	ENSG00000264575.1	lncRNA	chr18	5236724	5238598	-	1875	1	1	1	intergenic	intergenic	lincRNA (named)	FALSE	FALSE	FALSE	FALSE	FALSE	FALSE	FALSE							AKAIN1	39220	TRUE	blue	0.6464	0.0566	0.0566	0.008046	1.465	0.4519	1
ENSG00000269220.1	LINC00528	ENSG00000269220.1	lncRNA	chr22	17777322	17779481	+	2160	1	1	1	intergenic	intergenic	lincRNA (named)	FALSE	FALSE	FALSE	FALSE	FALSE	FALSE	FALSE							BID	2551	FALSE	yellow	0.7043	0.549	0.549	0.0136	0.4665	0.2623	0.5636
ENSG00000224429.8	LINC00539	ENSG00000224429.8	lncRNA	chr13	21302862	21348721	-	45860	14	12	7	intergenic	intergenic	lincRNA (named)	FALSE	FALSE	FALSE	FALSE	FALSE	FALSE	FALSE							ZDHHC20	23849	TRUE	yellow	0.7108	0.6482	0.6482	0.0098032	0.4103	0.193	0.5068
ENSG00000260704.1	LINC00543	ENSG00000260704.1	lncRNA	chr13	27953526	27955370	+	1845	1	1	1	intergenic	intergenic	lincRNA (named)	FALSE	FALSE	FALSE	FALSE	FALSE	FALSE	FALSE							CDX2	5547	FALSE	grey	0.121	-0.0109	0.0109	0.0052035	0.7156	0.4879	0.7378
ENSG00000251533.2	LINC00605	ENSG00000251533.2	lncRNA	chr14	103187221	103189028	-	1808	1	3	3	intergenic	intergenic	lincRNA (named)	FALSE	FALSE	FALSE	FALSE	FALSE	FALSE	FALSE							TNFAIP2	49781	FALSE	blue	0.3204	0.0917	0.0917	0.0065405	0.5963	0.5469	0.5479
ENSG00000262619.2	LINC00621	ENSG00000262619.2	lncRNA	chr13	22859050	22916369	-	57320	5	5	6	intergenic	intergenic	lincRNA (named)	FALSE	FALSE	FALSE	FALSE	FALSE	FALSE	FALSE							SGCG	264609	FALSE	grey	0.2447	0.289	0.289	0.009658	0.5585	0.5744	0.4618
ENSG00000260941.1	LINC00622	ENSG00000260941.1	lncRNA	chr1	119597702	119599271	-	1570	1	1	1	intergenic	intergenic	lincRNA (named)	FALSE	FALSE	FALSE	FALSE	FALSE	FALSE	FALSE							ZNF697	20105	TRUE	blue	0.4494	0.2981	0.2981	0.016586	1.0373	0.469	0.9335
ENSG00000226067.7	LINC00623	ENSG00000226067.7	lncRNA	chr1	120913184	121009291	+	96108	6	6	4	intergenic	intergenic	lincRNA (named)	FALSE	FALSE	FALSE	FALSE	FALSE	FALSE	FALSE							PPIAL4A	22778	TRUE	yellow	0.5086	0.1022	0.1022	0.0068913	1.1728	0.4258	0.9765
ENSG00000225826.2	LINC00626	ENSG00000225826.2	lncRNA	chr1	168784012	168792886	+	8875	6	5	4	intergenic	intergenic	lincRNA (named)	FALSE	FALSE	FALSE	FALSE	FALSE	FALSE	FALSE							DPT	54805	FALSE	grey	0.3225	0.1371	0.1371	0.0008311	0.5991	0.9206	0.3973
ENSG00000227060.7	LINC00629	ENSG00000227060.7	lncRNA	chrX	134549770	134560399	+	10630	8	3	3	intergenic	intergenic	lincRNA (named)	FALSE	FALSE	FALSE	FALSE	FALSE	FALSE	FALSE							PLAC1	5438	FALSE	grey	0.2511	0.0411	0.0411	0.0028533	0.3131	0.2611	0.3464
ENSG00000258701.1	LINC00638	ENSG00000258701.1	lncRNA	chr14	104821201	104823718	+	2518	1	1	1	intergenic	intergenic	lincRNA (named)	FALSE	FALSE	FALSE	FALSE	FALSE	FALSE	FALSE							ZBTB42	16488	TRUE	cyan	0.5098	0.061	0.061	0.0028367	0.6248	0.2872	0.8102
ENSG00000258441.1	LINC00641	ENSG00000258441.1	lncRNA	chr14	21200079	21206900	-	6822	2	2	2	intergenic	intergenic	lincRNA (named)	FALSE	FALSE	FALSE	FALSE	FALSE	FALSE	FALSE							HNRNPC	2235	TRUE	green	0.4867	0.6406	0.6406	0.026629	1.4396	0.5384	0.9922
ENSG00000273148.1	LINC00653	ENSG00000273148.1	lncRNA	chr20	18794529	18796067	+	1539	1	1	1	intergenic	intergenic	lincRNA (named)	FALSE	FALSE	FALSE	FALSE	FALSE	FALSE	FALSE							SCP2D1	17715	TRUE	turquoise	0.7805	0.7479	0.7479	0.032773	0.7902	0.4885	0.7652
ENSG00000205181.7	LINC00654	ENSG00000205181.7	lncRNA	chr20	5482736	5526709	-	43974	9	11	6	intergenic	intergenic	lincRNA (named)	FALSE	FALSE	FALSE	FALSE	FALSE	FALSE	FALSE							GPCPD1	17729	TRUE	grey	0.0186	0.0403	0.0403	-0.0032253	0.5085	0.3027	0.5832
ENSG00000228705.2	LINC00659	ENSG00000228705.2	lncRNA	chr20	62774121	62776996	-	2876	8	3	3	intergenic	intergenic	lincRNA (named)	FALSE	FALSE	FALSE	FALSE	FALSE	FALSE	FALSE							NTSR1	11349	FALSE	grey	0.1398	0.1357	0.1357	0.0091761	1.0171	0.635	0.8356
ENSG00000261824.7	LINC00662	ENSG00000261824.7	lncRNA	chr19	27681072	27794005	-	112934	77	17	8	intergenic	intergenic	lincRNA (named)	FALSE	FALSE	FALSE	FALSE	FALSE	FALSE	FALSE							UQCRFS1	1411314	TRUE	grey	-0.0131	0.3054	0.3054	0.0020273	0.5446	0.1575	0.9159
ENSG00000266904.6	LINC00663	ENSG00000266904.6	lncRNA	chr19	19757366	19776423	-	19058	8	5	4	intergenic	intergenic	lincRNA (named)	FALSE	FALSE	FALSE	FALSE	FALSE	FALSE	FALSE							ZNF506	9415	TRUE	tan	0.6478	0.6075	0.6075	0.010636	0.5195	0.203	0.7319
ENSG00000232677.9	LINC00665	ENSG00000232677.9	lncRNA	chr19	36259540	36331770	-	72231	31	13	9	intergenic	intergenic	lincRNA (named)	FALSE	FALSE	FALSE	FALSE	FALSE	FALSE	FALSE							ZFP14	2682	TRUE	grey	-0.047	0.1496	0.1496	0.006186	1.6691	0.3769	0.9902
ENSG00000213373.7	LINC00671	ENSG00000213373.7	lncRNA	chr17	42874670	42898704	-	24035	3	8	6	intergenic	intergenic	lincRNA (named)	FALSE	FALSE	FALSE	FALSE	FALSE	FALSE	FALSE							G6PC	2092	FALSE	blue	0.7306	0.3572	0.3572	0.082778	2.3449	1.8172	0.8082
ENSG00000226179.6	LINC00685	ENSG00000226179.6	lncRNA	chrX	320990	321851	+	862	1	2	2	intergenic	intergenic	lincRNA (named)	FALSE	FALSE	FALSE	FALSE	FALSE	FALSE	FALSE							GTPBP6	2170	FALSE	turquoise	0.4537	0.6432	0.6432	0.036313	1.0653	0.6437	0.8571
ENSG00000233117.4	LINC00702	ENSG00000233117.4	lncRNA	chr10	4201141	4243912	-	42772	16	6	3	intergenic	intergenic	lincRNA (named)	FALSE	FALSE	FALSE	FALSE	FALSE	FALSE	FALSE							KLF6	415859	TRUE	red	0.4727	-0.011	0.011	-0.0016759	0.2785	0.2232	0.2466
ENSG00000238266.2	LINC00707	ENSG00000238266.2	lncRNA	chr10	6779549	6879450	+	99902	9	12	7	intergenic	intergenic	lincRNA (named)	FALSE	FALSE	FALSE	FALSE	FALSE	FALSE	FALSE							PRKCQ	199247	FALSE	grey	0.2268	0.0712	0.0712	0.0006458	0.3337	0.3378	0.3268
ENSG00000185904.12	LINC00839	ENSG00000185904.12	lncRNA	chr10	42475480	42495337	+	19858	9	6	5	intergenic	intergenic	lincRNA (named)	FALSE	FALSE	FALSE	FALSE	FALSE	FALSE	FALSE							ZNF33B	78847	FALSE	lightcyan	0.4672	0.2339	0.2339	0.014237	1.7809	0.687	0.9687
ENSG00000237949.2	LINC00844	ENSG00000237949.2	lncRNA	chr10	58999482	59066396	+	66915	14	4	4	intergenic	intergenic	lincRNA (named)	FALSE	FALSE	FALSE	FALSE	FALSE	FALSE	FALSE							PHYHIPL	110246	TRUE	lightcyan	0.5798	0.0055	0.0055	0.0012363	0.2488	0.2915	0.2094
ENSG00000245060.8	LINC00847	ENSG00000245060.8	lncRNA	chr5	180830326	180839742	+	9417	22	5	4	intergenic	intergenic	lincRNA (named)	FALSE	FALSE	FALSE	FALSE	FALSE	FALSE	FALSE							ZFP62	7868	FALSE	grey	-0.0352	0.2272	0.2272	0.0052647	0.7595	0.1984	0.9824
ENSG00000224805.2	LINC00853	ENSG00000224805.2	lncRNA	chr1	47179250	47180339	+	1090	1	2	2	intergenic	intergenic	lincRNA (named)	FALSE	FALSE	FALSE	FALSE	FALSE	FALSE	FALSE							PDZK1IP1	3242	FALSE	pink	0.57	0.1798	0.1798	0.019996	1.4911	0.6198	0.9687
ENSG00000237523.2	LINC00857	ENSG00000237523.2	lncRNA	chr10	80207372	80219657	+	12286	4	2	2	intergenic	intergenic	lincRNA (named)	FALSE	FALSE	FALSE	FALSE	FALSE	FALSE	FALSE							ANXA11	1799	FALSE	grey	0.35	-0.1004	0.1004	-0.0051736	0.5077	0.407	0.5284
ENSG00000245164.8	LINC00861	ENSG00000245164.8	lncRNA	chr8	125859721	126292788	-	433068	9	19	11	intergenic	intergenic	lincRNA (named)	FALSE	FALSE	FALSE	FALSE	FALSE	FALSE	FALSE							LRATD2	259654	TRUE	yellow	0.8018	0.6249	0.6249	0.019612	0.5084	0.3759	0.5342
ENSG00000240875.6	LINC00886	ENSG00000240875.6	lncRNA	chr3	156747343	156817062	-	69720	5	5	3	intergenic	intergenic	lincRNA (named)	FALSE	FALSE	FALSE	FALSE	FALSE	FALSE	FALSE							LEKR1	8418	FALSE	tan	0.5212	0.114	0.114	0.0022704	0.9815	0.4447	0.9491
ENSG00000214145.7	LINC00887	ENSG00000214145.7	lncRNA	chr3	194296191	194322871	-	26681	10	8	6	intergenic	intergenic	lincRNA (named)	FALSE	FALSE	FALSE	FALSE	FALSE	FALSE	FALSE							CPN2	16896	TRUE	blue	0.4802	0.306	0.306	0.033767	2.6999	1.0691	0.9432
ENSG00000233093.6	LINC00892	ENSG00000233093.6	lncRNA	chrX	136639539	136642429	+	2891	4	2	3	intergenic	intergenic	lincRNA (named)	FALSE	FALSE	FALSE	FALSE	FALSE	FALSE	FALSE							CD40LG	5728	TRUE	yellow	0.6506	0.2581	0.2581	0.0063313	0.3193	0.2308	0.3072
ENSG00000231711.2	LINC00899	ENSG00000231711.2	lncRNA	chr22	46039907	46044853	-	4947	3	1	4	intergenic	intergenic	lincRNA (named)	FALSE	FALSE	FALSE	FALSE	FALSE	FALSE	FALSE							WNT7B	62744	TRUE	pink	0.5049	0.5785	0.5785	0.024379	0.8064	0.4678	0.8102
ENSG00000246100.4	LINC00900	ENSG00000246100.4	lncRNA	chr11	115753889	115760646	-	6758	10	4	3	intergenic	intergenic	lincRNA (named)	FALSE	FALSE	FALSE	FALSE	FALSE	FALSE	FALSE							CADM1	248931	TRUE	greenyellow	0.5089	-0.0174	0.0174	-0.0022066	0.2637	0.202	0.2114
ENSG00000188825.14	LINC00910	ENSG00000188825.14	lncRNA	chr17	43338741	43389199	-	50459	22	9	7	intergenic	intergenic	lincRNA (named)	FALSE	FALSE	FALSE	FALSE	FALSE	FALSE	FALSE							ARL4D	9793	FALSE	pink	0.4771	0.4693	0.4693	0.0065223	0.4328	0.1589	0.5949
ENSG00000246898.1	LINC00920	ENSG00000246898.1	lncRNA	chr16	66408524	66412135	+	3612	1	2	2	intergenic	intergenic	lincRNA (named)	FALSE	FALSE	FALSE	FALSE	FALSE	FALSE	FALSE							CDH5	3739	TRUE	red	0.4084	0.1253	0.1253	0.001573	0.578	0.2451	0.7847
ENSG00000259134.7	LINC00924	ENSG00000259134.7	lncRNA	chr15	95326528	95507865	+	181338	7	12	7	intergenic	intergenic	lincRNA (named)	FALSE	FALSE	FALSE	FALSE	FALSE	FALSE	FALSE							NR2F2	818072	TRUE	red	0.4022	-0.0331	0.0331	-0.0055636	1.1579	0.7291	0.9002
ENSG00000247982.6	LINC00926	ENSG00000247982.6	lncRNA	chr15	57300365	57307769	+	7405	4	3	3	intergenic	intergenic	lincRNA (named)	FALSE	FALSE	FALSE	FALSE	FALSE	FALSE	FALSE							TCF12	1083	TRUE	yellow	0.4296	0.7261	0.7261	0.023454	0.5994	0.3972	0.6262
ENSG00000256128.6	LINC00944	ENSG00000256128.6	lncRNA	chr12	126729787	126772519	-	42733	22	11	7	intergenic	intergenic	lincRNA (named)	FALSE	FALSE	FALSE	FALSE	FALSE	FALSE	FALSE							TMEM132B	1067409	FALSE	yellow	0.5064	0.314	0.314	0.0057408	0.2441	0.1943	0.2172
ENSG00000235314.1	LINC00957	ENSG00000235314.1	lncRNA	chr7	44039171	44042306	+	3136	2	3	2	intergenic	intergenic	lincRNA (named)	FALSE	FALSE	FALSE	FALSE	FALSE	FALSE	FALSE							DBNL	2333	TRUE	tan	0.5497	0.1288	0.1288	0.0071785	1.351	0.4727	0.9941
ENSG00000251381.8	LINC00958	ENSG00000251381.8	lncRNA	chr11	12961541	12989597	-	28057	16	8	5	intergenic	intergenic	lincRNA (named)	FALSE	FALSE	FALSE	FALSE	FALSE	FALSE	FALSE							TEAD1	16803	FALSE	grey	0.0113	-0.0297	0.0297	-0.0082125	1.8245	0.7196	0.9726
ENSG00000204054.14	LINC00963	ENSG00000204054.14	lncRNA	chr9	129476946	129513687	+	36742	65	11	6	intergenic	intergenic	lincRNA (named)	FALSE	FALSE	FALSE	FALSE	FALSE	FALSE	FALSE							NTMT1	95196	TRUE	tan	0.4739	0.3047	0.3047	0.015029	2.1195	0.5204	1
ENSG00000237248.5	LINC00987	ENSG00000237248.5	lncRNA	chr12	9240003	9257960	+	17958	2	5	3	intergenic	intergenic	lincRNA (named)	FALSE	FALSE	FALSE	FALSE	FALSE	FALSE	FALSE							PZP	31607	FALSE	red	0.6418	0.2103	0.2103	0.0067198	0.6773	0.2918	0.8474
ENSG00000250334.6	LINC00989	ENSG00000250334.6	lncRNA	chr4	79491802	79623479	+	131678	11	9	5	intergenic	intergenic	lincRNA (named)	FALSE	FALSE	FALSE	FALSE	FALSE	FALSE	FALSE							GK2	83573	FALSE	red	0.7765	0.275	0.275	0.0081851	0.4858	0.2996	0.5675
ENSG00000248663.6	LINC00992	ENSG00000248663.6	lncRNA	chr5	117415509	117546298	+	130790	2	6	4	intergenic	intergenic	lincRNA (named)	FALSE	FALSE	FALSE	FALSE	FALSE	FALSE	FALSE							SEMA6A	840685	FALSE	grey	0.0161	0.0028	0.0028	-0.0017934	0.4334	0.5337	0.3894
ENSG00000242258.1	LINC00996	ENSG00000242258.1	lncRNA	chr7	150433654	150448140	+	14487	2	5	4	intergenic	intergenic	lincRNA (named)	FALSE	FALSE	FALSE	FALSE	FALSE	FALSE	FALSE							GIMAP8	2489	TRUE	yellow	0.4744	0.445	0.445	0.0065387	0.282	0.2257	0.2564
ENSG00000281332.1	LINC00997	ENSG00000281332.1	lncRNA	chr7	32760279	32762924	+	2646	1	1	1	intergenic	intergenic	lincRNA (named)	FALSE	FALSE	FALSE	FALSE	FALSE	FALSE	FALSE							KBTBD2	105247	FALSE	greenyellow	0.6641	0.0529	0.0529	0.00066964	1.4058	0.4085	0.998
ENSG00000261455.1	LINC01003	ENSG00000261455.1	lncRNA	chr7	152463786	152465549	+	1764	1	1	1	intergenic	intergenic	lincRNA (named)	FALSE	FALSE	FALSE	FALSE	FALSE	FALSE	FALSE							KMT2C	27782	FALSE	magenta	0.4977	0.0354	0.0354	0.0032164	1.5211	0.3963	1
ENSG00000228393.4	LINC01004	ENSG00000228393.4	lncRNA	chr7	104950315	105013044	-	62730	3	4	3	intergenic	intergenic	lincRNA (named)	FALSE	FALSE	FALSE	FALSE	FALSE	FALSE	FALSE							KMT2E	1145	FALSE	turquoise	0.7563	0.7901	0.7901	0.045672	1.2027	0.6742	0.9256
ENSG00000272523.1	LINC01023	ENSG00000272523.1	lncRNA	chr5	108727825	108728260	-	436	1	1	1	intergenic	intergenic	lincRNA (named)	FALSE	FALSE	FALSE	FALSE	FALSE	FALSE	FALSE							FER	19580	FALSE	pink	0.6959	0.1289	0.1289	0.018646	2.1236	0.6025	0.9922
ENSG00000249378.6	LINC01060	ENSG00000249378.6	lncRNA	chr4	188400736	188681051	+	280316	21	14	6	intergenic	intergenic	lincRNA (named)	FALSE	FALSE	FALSE	FALSE	FALSE	FALSE	FALSE							TRIML1	252992	TRUE	blue	0.4845	0.1565	0.1565	0.0074042	0.462	0.4527	0.4755
ENSG00000232065.1	LINC01063	ENSG00000232065.1	lncRNA	chr3	196631498	196632587	-	1090	1	2	2	intergenic	intergenic	lincRNA (named)	FALSE	FALSE	FALSE	FALSE	FALSE	FALSE	FALSE							NRROS	7106	FALSE	brown	0.3627	0.0269	0.0269	0.0020914	0.2935	0.2076	0.2759
ENSG00000251442.6	LINC01094	ENSG00000251442.6	lncRNA	chr4	78638780	78683185	+	44406	18	8	5	intergenic	intergenic	lincRNA (named)	FALSE	FALSE	FALSE	FALSE	FALSE	FALSE	FALSE							ANXA3	28328	TRUE	yellow	0.518	-0.075	0.075	-0.0068383	1.1272	0.4797	0.9589
ENSG00000175772.11	LINC01106	ENSG00000175772.11	lncRNA	chr2	110375138	110384442	-	9305	4	4	3	intergenic	intergenic	lincRNA (named)	FALSE	FALSE	FALSE	FALSE	FALSE	FALSE	FALSE							AC112229.3	18491	TRUE	grey	-0.0357	0.2711	0.2711	0.003768	0.396	0.2153	0.4677
ENSG00000254300.1	LINC01111	ENSG00000254300.1	lncRNA	chr8	76406654	76524356	+	117703	1	6	6	intergenic	intergenic	lincRNA (named)	FALSE	FALSE	FALSE	FALSE	FALSE	FALSE	FALSE							ZFHX4	156882	TRUE	grey	0.3153	0.052	0.052	0.00037597	0.424	0.6777	0.2955
ENSG00000234177.5	LINC01114	ENSG00000234177.5	lncRNA	chr2	104746638	104757719	-	11082	3	4	4	intergenic	intergenic	lincRNA (named)	FALSE	FALSE	FALSE	FALSE	FALSE	FALSE	FALSE							POU3F3	95567	FALSE	grey	0.0722	0.2222	0.2222	0.010322	0.3856	0.5449	0.2427
ENSG00000163364.10	LINC01116	ENSG00000163364.10	lncRNA	chr2	176629572	176637931	-	8360	4	4	4	intergenic	intergenic	lincRNA (named)	FALSE	FALSE	FALSE	FALSE	FALSE	FALSE	FALSE							MTX2	291546	FALSE	grey	0.3736	-0.0038	0.0038	0.0035139	3.3894	1.0049	0.9922
ENSG00000224577.3	LINC01117	ENSG00000224577.3	lncRNA	chr2	176495255	176819180	+	323926	3	7	6	intergenic	intergenic	lincRNA (named)	FALSE	FALSE	FALSE	FALSE	FALSE	FALSE	FALSE							MTX2	157229	TRUE	salmon	0.4435	0.2091	0.2091	0.014044	1.353	0.6029	0.9041
ENSG00000204588.5	LINC01123	ENSG00000204588.5	lncRNA	chr2	109987063	109996140	+	9078	2	4	4	intergenic	intergenic	lincRNA (named)	FALSE	FALSE	FALSE	FALSE	FALSE	FALSE	FALSE							AC013271.1	18505	TRUE	magenta	0.4546	0.2753	0.2753	0.0034044	0.3144	0.2057	0.2935
ENSG00000281162.2	LINC01127	ENSG00000281162.2	lncRNA	chr2	101962056	101987167	+	25112	5	4	3	intergenic	intergenic	lincRNA (named)	FALSE	FALSE	FALSE	FALSE	FALSE	FALSE	FALSE							IL1R2	4792	TRUE	greenyellow	0.5869	0.0094	0.0094	-0.0095334	1.3946	1.535	0.6888
ENSG00000228794.10	LINC01128	ENSG00000228794.10	lncRNA	chr1	825138	859446	+	34309	27	11	8	intergenic	intergenic	lincRNA (named)	FALSE	FALSE	FALSE	FALSE	FALSE	FALSE	FALSE							SAMD11	64481	TRUE	red	0.5508	0.2088	0.2088	0.004393	0.858	0.2232	0.9824
ENSG00000227630.4	LINC01132	ENSG00000227630.4	lncRNA	chr1	234724042	234736720	+	12679	4	5	3	intergenic	intergenic	lincRNA (named)	FALSE	FALSE	FALSE	FALSE	FALSE	FALSE	FALSE							IRF2BP2	114516	FALSE	blue	0.4727	0.1225	0.1225	0.0039807	0.431	0.2848	0.4795
ENSG00000234807.7	LINC01135	ENSG00000234807.7	lncRNA	chr1	58785128	58901109	+	115982	5	6	4	intergenic	intergenic	lincRNA (named)	FALSE	FALSE	FALSE	FALSE	FALSE	FALSE	FALSE							JUN	1079	FALSE	grey	-0.0717	0.3056	0.3056	0.0066349	0.453	0.2483	0.5832
ENSG00000215808.4	LINC01139	ENSG00000215808.4	lncRNA	chr1	238476542	238486060	-	9519	7	2	3	intergenic	intergenic	lincRNA (named)	FALSE	FALSE	FALSE	FALSE	FALSE	FALSE	FALSE							MTRNR2L11	531266	TRUE	grey	0.0232	0.1452	0.1452	0.017469	1.7231	1.2246	0.7339
ENSG00000229671.3	LINC01150	ENSG00000229671.3	lncRNA	chr11	1897015	1908656	+	11642	2	5	5	intergenic	intergenic	lincRNA (named)	FALSE	FALSE	FALSE	FALSE	FALSE	FALSE	FALSE							LSP1	4747	TRUE	yellow	0.6062	-7e-04	7e-04	-0.00043306	0.5794	0.3074	0.7045
ENSG00000256124.6	LINC01152	ENSG00000256124.6	lncRNA	chr17	72030291	72041310	+	11020	5	5	5	intergenic	intergenic	lincRNA (named)	FALSE	FALSE	FALSE	FALSE	FALSE	FALSE	FALSE							SOX9	79709	TRUE	grey	0.2484	0.0019	0.0019	-0.0015039	0.4681	0.3932	0.4971
ENSG00000229743.4	LINC01159	ENSG00000229743.4	lncRNA	chr2	104865407	104872595	-	7189	5	3	4	intergenic	intergenic	lincRNA (named)	FALSE	FALSE	FALSE	FALSE	FALSE	FALSE	FALSE							POU3F3	6832	FALSE	brown	0.3469	0.1084	0.1084	0.0079653	0.786	0.4646	0.8493
ENSG00000236751.2	LINC01186	ENSG00000236751.2	lncRNA	chrX	46256759	46327680	-	70922	5	8	4	intergenic	intergenic	lincRNA (named)	FALSE	FALSE	FALSE	FALSE	FALSE	FALSE	FALSE							KRBOX4	119611	FALSE	lightcyan	0.4495	0.338	0.338	0.0092509	0.417	0.2553	0.4951
ENSG00000248441.7	LINC01197	ENSG00000248441.7	lncRNA	chr15	95186634	95327129	-	140496	24	15	6	intergenic	intergenic	lincRNA (named)	FALSE	FALSE	FALSE	FALSE	FALSE	FALSE	FALSE							MCTP2	702681	FALSE	red	0.7272	0.1155	0.1155	0.001551	0.3778	0.2179	0.4325
ENSG00000259687.2	LINC01220	ENSG00000259687.2	lncRNA	chr14	75294404	75298109	+	3706	4	3	4	intergenic	intergenic	lincRNA (named)	FALSE	FALSE	FALSE	FALSE	FALSE	FALSE	FALSE							FOS	12173	TRUE	tan	0.4555	0.0658	0.0658	0.00072913	0.4014	0.2171	0.4736
ENSG00000270547.6	LINC01235	ENSG00000270547.6	lncRNA	chr9	13406380	13488125	-	81746	6	6	5	intergenic	intergenic	lincRNA (named)	FALSE	FALSE	FALSE	FALSE	FALSE	FALSE	FALSE							MPDZ	126687	TRUE	red	0.3954	0.0641	0.0641	0.010275	1.7592	1.1645	0.9002
ENSG00000237940.3	LINC01238	ENSG00000237940.3	lncRNA	chr2	241970683	241977276	+	6594	4	5	6	intergenic	intergenic	lincRNA (named)	FALSE	FALSE	FALSE	FALSE	FALSE	FALSE	FALSE							FAM240C	68131	FALSE	black	0.4845	0.7921	0.7921	0.019204	0.3326	0.2956	0.3659
ENSG00000234840.2	LINC01239	ENSG00000234840.2	lncRNA	chr9	22646200	22824213	+	178014	3	8	6	intergenic	intergenic	lincRNA (named)	FALSE	FALSE	FALSE	FALSE	FALSE	FALSE	FALSE							DMRTA1	190459	TRUE	grey	-0.0162	0.5146	0.5146	0.0094159	0.2472	0.2058	0.2074
ENSG00000247157.7	LINC01252	ENSG00000247157.7	lncRNA	chr12	11548030	11590369	+	42340	5	8	8	intergenic	intergenic	lincRNA (named)	FALSE	FALSE	FALSE	FALSE	FALSE	FALSE	FALSE							PRB2	46988	FALSE	grey	0.0821	0.6072	0.6072	0.0088975	0.2341	0.1926	0.1996
ENSG00000231742.6	LINC01273	ENSG00000231742.6	lncRNA	chr20	50171809	50176676	+	4868	8	4	4	intergenic	intergenic	lincRNA (named)	FALSE	FALSE	FALSE	FALSE	FALSE	FALSE	FALSE							CEBPB	14153	TRUE	brown	0.3639	0.287	0.287	0.0079357	0.5305	0.2712	0.6947
ENSG00000237595.5	LINC01275	ENSG00000237595.5	lncRNA	chr20	50162765	50166216	-	3452	6	3	3	intergenic	intergenic	lincRNA (named)	FALSE	FALSE	FALSE	FALSE	FALSE	FALSE	FALSE							PEDS1	9030	TRUE	grey	0.4758	0.0593	0.0593	0.0013387	0.3425	0.2519	0.362
ENSG00000204792.2	LINC01291	ENSG00000204792.2	lncRNA	chr2	74918148	74938418	+	20271	3	5	4	intergenic	intergenic	lincRNA (named)	FALSE	FALSE	FALSE	FALSE	FALSE	FALSE	FALSE							POLE4	20224	TRUE	grey	-0.061	0.096	0.096	0.0016906	0.7025	0.5714	0.638
ENSG00000260924.2	LINC01311	ENSG00000260924.2	lncRNA	chr22	19171395	19172839	+	1445	1	1	1	intergenic	intergenic	lincRNA (named)	FALSE	FALSE	FALSE	FALSE	FALSE	FALSE	FALSE							SLC25A1	2741	FALSE	brown	0.7185	0.7226	0.7226	0.022893	0.5152	0.338	0.5577
ENSG00000229891.2	LINC01315	ENSG00000229891.2	lncRNA	chr22	42364390	42369284	-	4895	5	2	2	intergenic	intergenic	lincRNA (named)	FALSE	FALSE	FALSE	FALSE	FALSE	FALSE	FALSE							NFAM1	11122	TRUE	pink	0.5531	0.1451	0.1451	0.022469	1.6034	0.787	0.9648
ENSG00000228262.10	LINC01320	ENSG00000228262.10	lncRNA	chr2	33706886	34738231	+	1031346	34	36	7	intergenic	intergenic	lincRNA (named)	FALSE	FALSE	FALSE	FALSE	FALSE	FALSE	FALSE							FAM98A	107503	FALSE	blue	0.4945	0.2604	0.2604	0.026669	3.7863	1.07	0.9765
ENSG00000231768.2	LINC01354	ENSG00000231768.2	lncRNA	chr1	234527887	234531803	-	3917	6	2	3	intergenic	intergenic	lincRNA (named)	FALSE	FALSE	FALSE	FALSE	FALSE	FALSE	FALSE							TARBP1	48707	TRUE	salmon	0.4894	0.1843	0.1843	0.0070372	0.3099	0.3897	0.272
ENSG00000261326.4	LINC01355	ENSG00000261326.4	lncRNA	chr1	23281307	23287488	-	6182	6	1	3	intergenic	intergenic	lincRNA (named)	FALSE	FALSE	FALSE	FALSE	FALSE	FALSE	FALSE							HNRNPR	16282	TRUE	turquoise	0.7001	0.8685	0.8685	0.040671	0.8875	0.5507	0.775
ENSG00000237352.4	LINC01358	ENSG00000237352.4	lncRNA	chr1	58933643	59240555	+	306913	27	28	14	intergenic	intergenic	lincRNA (named)	FALSE	FALSE	FALSE	FALSE	FALSE	FALSE	FALSE							FGGY	56082	TRUE	greenyellow	0.501	0.1085	0.1085	0.00085069	0.6351	0.5522	0.546
ENSG00000236204.6	LINC01376	ENSG00000236204.6	lncRNA	chr2	18986451	19348067	-	361617	5	13	8	intergenic	intergenic	lincRNA (named)	FALSE	FALSE	FALSE	FALSE	FALSE	FALSE	FALSE							OSR1	3417	TRUE	cyan	0.4827	0.5994	0.5994	0.0082547	0.4046	0.1745	0.4834
ENSG00000225762.1	LINC01389	ENSG00000225762.1	lncRNA	chr1	47380928	47408477	-	27550	1	3	3	intergenic	intergenic	lincRNA (named)	FALSE	FALSE	FALSE	FALSE	FALSE	FALSE	FALSE							CMPK1	2088	FALSE	grey	0.2489	0.6176	0.6176	0.01979	0.5574	0.3755	0.6027
ENSG00000228139.1	LINC01402	ENSG00000228139.1	lncRNA	chrX	120117642	120119700	-	2059	1	3	3	intergenic	intergenic	lincRNA (named)	FALSE	FALSE	FALSE	FALSE	FALSE	FALSE	FALSE							RHOXF1	1728	TRUE	grey	0.0345	0.5461	0.5461	0.02056	0.5418	0.417	0.5988
ENSG00000238113.7	LINC01410	ENSG00000238113.7	lncRNA	chr9	62801461	62813486	+	12026	8	7	5	intergenic	intergenic	lincRNA (named)	FALSE	FALSE	FALSE	FALSE	FALSE	FALSE	FALSE							AL391987.2	938260	TRUE	yellow	0.5004	0.494	0.494	0.0069574	0.3166	0.1979	0.272
ENSG00000234380.2	LINC01426	ENSG00000234380.2	lncRNA	chr21	34745757	34784886	+	39130	3	4	3	intergenic	intergenic	lincRNA (named)	FALSE	FALSE	FALSE	FALSE	FALSE	FALSE	FALSE							RUNX1	2914	FALSE	greenyellow	0.6431	0.0052	0.0052	-0.0033891	1.5842	1.0722	0.82
ENSG00000228888.1	LINC01428	ENSG00000228888.1	lncRNA	chr20	7146467	7254202	-	107736	1	8	8	intergenic	intergenic	lincRNA (named)	FALSE	FALSE	FALSE	FALSE	FALSE	FALSE	FALSE							BMP2	366220	FALSE	blue	0.5237	0.3196	0.3196	0.026098	1.6561	0.9154	0.8904
ENSG00000232645.5	LINC01431	ENSG00000232645.5	lncRNA	chr20	23356594	23358116	-	1523	3	3	3	intergenic	intergenic	lincRNA (named)	FALSE	FALSE	FALSE	FALSE	FALSE	FALSE	FALSE							NXT1	1822	FALSE	brown	0.7203	0.5223	0.5223	0.013491	0.4302	0.2934	0.4775
ENSG00000221949.6	LINC01465	ENSG00000221949.6	lncRNA	chr12	62601751	62603690	-	1940	1	1	1	intergenic	intergenic	lincRNA (named)	FALSE	FALSE	FALSE	FALSE	FALSE	FALSE	FALSE							MON2	1274	FALSE	grey	0.2359	-0.0457	0.0457	0.00032439	0.4242	0.1838	0.5225
ENSG00000237877.7	LINC01473	ENSG00000237877.7	lncRNA	chr2	186032884	186422432	-	389549	21	18	10	intergenic	intergenic	lincRNA (named)	FALSE	FALSE	FALSE	FALSE	FALSE	FALSE	FALSE							ZC3H15	63820	FALSE	grey	0.1099	0.6974	0.6974	0.0079989	0.2798	0.1501	0.2016
ENSG00000236849.6	LINC01474	ENSG00000236849.6	lncRNA	chr9	72871130	72874135	-	3006	7	4	4	intergenic	intergenic	lincRNA (named)	FALSE	FALSE	FALSE	FALSE	FALSE	FALSE	FALSE							ALDH1A1	26535	TRUE	turquoise	0.3093	0.623	0.623	0.014006	0.335	0.2914	0.3249
ENSG00000270164.1	LINC01480	ENSG00000270164.1	lncRNA	chr19	41535183	41536904	+	1722	4	1	3	intergenic	intergenic	lincRNA (named)	FALSE	FALSE	FALSE	FALSE	FALSE	FALSE	FALSE							CEACAM21	12613	TRUE	yellow	0.6218	0.5137	0.5137	0.018437	0.661	0.4795	0.6751
ENSG00000233901.6	LINC01503	ENSG00000233901.6	lncRNA	chr9	129332300	129359541	+	27242	17	10	6	intergenic	intergenic	lincRNA (named)	FALSE	FALSE	FALSE	FALSE	FALSE	FALSE	FALSE							AL158151.3	71724	TRUE	grey	0.3319	-0.0274	0.0274	-0.0014559	1.0339	0.6206	0.9472
ENSG00000234506.5	LINC01506	ENSG00000234506.5	lncRNA	chr9	68543541	68546589	-	3049	2	5	4	intergenic	intergenic	lincRNA (named)	FALSE	FALSE	FALSE	FALSE	FALSE	FALSE	FALSE							TMEM252	2657	TRUE	blue	0.4016	0.0134	0.0134	0.0052217	0.9474	0.4715	0.91
ENSG00000230945.1	LINC01507	ENSG00000230945.1	lncRNA	chr9	80030579	80034555	+	3977	1	2	2	intergenic	intergenic	lincRNA (named)	FALSE	FALSE	FALSE	FALSE	FALSE	FALSE	FALSE							TLE4	303696	TRUE	blue	0.7194	0.1166	0.1166	0.01134	1.8309	0.8093	0.9335
ENSG00000231107.2	LINC01508	ENSG00000231107.2	lncRNA	chr9	90300885	90433566	-	132682	3	6	5	intergenic	intergenic	lincRNA (named)	FALSE	FALSE	FALSE	FALSE	FALSE	FALSE	FALSE							DIRAS2	176265	TRUE	blue	0.6219	0.0588	0.0588	0.014898	1.8032	0.8569	0.908
ENSG00000228065.11	LINC01515	ENSG00000228065.11	lncRNA	chr10	65570338	65880289	+	309952	46	28	7	intergenic	intergenic	lincRNA (named)	FALSE	FALSE	FALSE	FALSE	FALSE	FALSE	FALSE							CTNNA3	32233	FALSE	cyan	0.4418	0.296	0.296	0.0047468	0.434	0.2074	0.6008
ENSG00000232624.8	LINC01517	ENSG00000232624.8	lncRNA	chr10	28743506	28941910	+	198405	17	36	11	intergenic	intergenic	lincRNA (named)	FALSE	FALSE	FALSE	FALSE	FALSE	FALSE	FALSE							BAMBI	60573	TRUE	blue	0.5812	0.1417	0.1417	0.0042441	0.264	0.2751	0.2877
ENSG00000267014.6	LINC01532	ENSG00000267014.6	lncRNA	chr19	29002319	29015160	+	12842	9	6	6	intergenic	intergenic	lincRNA (named)	FALSE	FALSE	FALSE	FALSE	FALSE	FALSE	FALSE							UQCRFS1	190159	FALSE	magenta	0.7092	0.0433	0.0433	-0.0016319	0.3637	0.4674	0.3033
ENSG00000227467.3	LINC01537	ENSG00000227467.3	lncRNA	chr11	72570660	72573229	+	2570	1	2	2	intergenic	intergenic	lincRNA (named)	FALSE	FALSE	FALSE	FALSE	FALSE	FALSE	FALSE							PDE2A	2911	FALSE	red	0.689	0.0305	0.0305	0.0024367	0.4966	0.3402	0.5479
ENSG00000204904.7	LINC01545	ENSG00000204904.7	lncRNA	chrX	46887417	46899703	-	12287	2	4	4	intergenic	intergenic	lincRNA (named)	FALSE	FALSE	FALSE	FALSE	FALSE	FALSE	FALSE							RP2	5058	FALSE	grey	0.1269	0.1276	0.1276	0.0012005	0.3078	0.1845	0.2994
ENSG00000246223.9	LINC01550	ENSG00000246223.9	lncRNA	chr14	97924637	97978124	-	53488	8	6	4	intergenic	intergenic	lincRNA (named)	FALSE	FALSE	FALSE	FALSE	FALSE	FALSE	FALSE							VRK1	992914	FALSE	blue	0.7336	0.1021	0.1021	0.0083608	0.9892	0.4207	0.9178
ENSG00000236882.8	LINC01554	ENSG00000236882.8	lncRNA	chr5	95838245	95860133	+	21889	4	5	4	intergenic	intergenic	lincRNA (named)	FALSE	FALSE	FALSE	FALSE	FALSE	FALSE	FALSE							RHOBTB3	13861	TRUE	greenyellow	0.4754	0.0696	0.0696	-0.009276	0.9901	1.402	0.5186
ENSG00000204709.4	LINC01556	ENSG00000204709.4	lncRNA	chr6	28943877	28944537	+	661	1	2	2	intergenic	intergenic	lincRNA (named)	FALSE	FALSE	FALSE	FALSE	FALSE	FALSE	FALSE							TRIM27	19888	FALSE	grey	0.226	-0.0121	0.0121	0.0023281	0.4315	0.377	0.4775
ENSG00000146521.10	LINC01558	ENSG00000146521.10	lncRNA	chr6	167784537	167796872	-	12336	2	4	4	intergenic	intergenic	lincRNA (named)	FALSE	FALSE	FALSE	FALSE	FALSE	FALSE	FALSE							AFDN	30049	FALSE	magenta	0.3437	0.2089	0.2089	0.0039732	0.3377	0.4297	0.2779
ENSG00000180861.9	LINC01559	ENSG00000180861.9	lncRNA	chr12	13371089	13387167	-	16079	5	6	4	intergenic	intergenic	lincRNA (named)	FALSE	FALSE	FALSE	FALSE	FALSE	FALSE	FALSE							GRIN2B	50774	TRUE	greenyellow	0.4684	-0.0706	0.0706	-0.0079715	0.8761	1.244	0.4618
ENSG00000262468.6	LINC01569	ENSG00000262468.6	lncRNA	chr16	4243943	4253817	-	9875	8	4	4	intergenic	intergenic	lincRNA (named)	FALSE	FALSE	FALSE	FALSE	FALSE	FALSE	FALSE							SRL	1862	TRUE	turquoise	0.4213	0.4708	0.4708	0.023378	1.1101	0.4532	0.9726
ENSG00000082929.8	LINC01587	ENSG00000082929.8	lncRNA	chr4	5524569	5527801	+	3233	4	5	4	intergenic	intergenic	lincRNA (named)	FALSE	FALSE	FALSE	FALSE	FALSE	FALSE	FALSE							EVC2	14970	FALSE	lightcyan	0.5139	-0.01	0.01	0.005234	1.4473	0.9243	0.8689
ENSG00000231221.1	LINC01593	ENSG00000231221.1	lncRNA	chr2	108049200	108052755	-	3556	1	3	3	intergenic	intergenic	lincRNA (named)	FALSE	FALSE	FALSE	FALSE	FALSE	FALSE	FALSE							SLC5A7	35205	FALSE	grey	-0.1517	0.2957	0.2957	0.0063472	0.3977	0.3804	0.4031
ENSG00000225328.2	LINC01594	ENSG00000225328.2	lncRNA	chr2	108167125	108217886	-	50762	3	6	5	intergenic	intergenic	lincRNA (named)	FALSE	FALSE	FALSE	FALSE	FALSE	FALSE	FALSE							SULT1C3	29308	FALSE	grey	-0.177	0.3674	0.3674	0.0079257	0.321	0.3475	0.272
ENSG00000205611.5	LINC01597	ENSG00000205611.5	lncRNA	chr20	30278906	30289956	-	11051	5	3	4	intergenic	intergenic	lincRNA (named)	FALSE	FALSE	FALSE	FALSE	FALSE	FALSE	FALSE							DEFB115	967707	FALSE	grey	0.0572	0.1451	0.1451	0.0059564	0.4469	0.3346	0.5166
ENSG00000230838.1	LINC01614	ENSG00000230838.1	lncRNA	chr2	215718043	215719424	+	1382	1	2	2	intergenic	intergenic	lincRNA (named)	FALSE	FALSE	FALSE	FALSE	FALSE	FALSE	FALSE							MREG	223159	FALSE	grey	0.2774	-0.0048	0.0048	-0.0082075	0.6587	0.5873	0.6067
ENSG00000223485.4	LINC01615	ENSG00000223485.4	lncRNA	chr6	169157162	169162992	-	5831	5	6	4	intergenic	intergenic	lincRNA (named)	FALSE	FALSE	FALSE	FALSE	FALSE	FALSE	FALSE							THBS2	52787	TRUE	grey	0.3446	-0.0774	0.0774	-0.0054216	0.4458	0.4794	0.4227
ENSG00000286785.1	LINC01622	ENSG00000286785.1	lncRNA	chr6	958323	1101400	-	143078	8	11	5	intergenic	intergenic	lincRNA (named)	FALSE	FALSE	FALSE	FALSE	FALSE	FALSE	FALSE							FOXQ1	210697	FALSE	blue	0.5879	0.126	0.126	0.017025	1.3301	1.0209	0.7593
ENSG00000237476.1	LINC01637	ENSG00000237476.1	lncRNA	chr22	20957092	20964679	+	7588	1	2	2	intergenic	intergenic	lincRNA (named)	FALSE	FALSE	FALSE	FALSE	FALSE	FALSE	FALSE							AIFM3	428	TRUE	greenyellow	0.4139	0.0457	0.0457	0.0056673	1.0595	0.4667	0.9569
ENSG00000233521.7	LINC01638	ENSG00000233521.7	lncRNA	chr22	27221349	27225134	-	3786	5	5	3	intergenic	intergenic	lincRNA (named)	FALSE	FALSE	FALSE	FALSE	FALSE	FALSE	FALSE							MN1	523142	TRUE	grey	0.44	-0.0202	0.0202	-0.0039573	0.6657	0.7542	0.5166
ENSG00000283051.1	LINC01668	ENSG00000283051.1	lncRNA	chr21	42777819	42779994	-	2176	1	3	3	intergenic	intergenic	lincRNA (named)	FALSE	FALSE	FALSE	FALSE	FALSE	FALSE	FALSE							PDE9A	2309	FALSE	salmon	0.5279	0.2462	0.2462	0.012836	0.4926	0.4213	0.4912
ENSG00000225431.1	LINC01671	ENSG00000225431.1	lncRNA	chr21	42599280	42615058	-	15779	1	2	2	intergenic	intergenic	lincRNA (named)	FALSE	FALSE	FALSE	FALSE	FALSE	FALSE	FALSE							SLC37A1	17839	FALSE	blue	0.6825	0.0708	0.0708	0.020769	3.9142	1.1143	0.9804
ENSG00000237989.1	LINC01679	ENSG00000237989.1	lncRNA	chr21	43358147	43362349	-	4203	1	2	2	intergenic	intergenic	lincRNA (named)	FALSE	FALSE	FALSE	FALSE	FALSE	FALSE	FALSE							SIK1	52133	TRUE	red	0.4835	-0.0285	0.0285	-0.00046247	0.8279	0.5547	0.8532
ENSG00000232079.7	LINC01697	ENSG00000232079.7	lncRNA	chr21	28048404	28137611	+	89208	8	9	5	intergenic	intergenic	lincRNA (named)	FALSE	FALSE	FALSE	FALSE	FALSE	FALSE	FALSE							N6AMT1	734579	FALSE	blue	0.6787	0.1216	0.1216	0.015996	1.8953	0.741	0.9276
ENSG00000225518.3	LINC01703	ENSG00000225518.3	lncRNA	chr1	226083590	226090465	+	6876	4	3	4	intergenic	intergenic	lincRNA (named)	FALSE	FALSE	FALSE	FALSE	FALSE	FALSE	FALSE							H3-3A	11570	TRUE	brown	0.2945	0.1555	0.1555	0.0039935	0.366	0.223	0.3816
ENSG00000227634.3	LINC01714	ENSG00000227634.3	lncRNA	chr1	8201518	8215210	+	13693	3	6	5	intergenic	intergenic	lincRNA (named)	FALSE	FALSE	FALSE	FALSE	FALSE	FALSE	FALSE							SLC45A1	102903	TRUE	lightcyan	0.6141	0.123	0.123	0.008905	0.6086	0.4479	0.6849
ENSG00000228058.2	LINC01736	ENSG00000228058.2	lncRNA	chr1	230002372	230007195	+	4824	4	3	3	intergenic	intergenic	lincRNA (named)	FALSE	FALSE	FALSE	FALSE	FALSE	FALSE	FALSE							GALNT2	50794	TRUE	yellow	0.3945	0.0025	0.0025	0.0015836	0.2828	0.3043	0.2427
ENSG00000227947.2	LINC01738	ENSG00000227947.2	lncRNA	chr1	47688463	47704029	+	15567	1	3	3	intergenic	intergenic	lincRNA (named)	FALSE	FALSE	FALSE	FALSE	FALSE	FALSE	FALSE							TRABD2B	56498	FALSE	red	0.6571	0.1872	0.1872	0.018455	1.1586	0.7477	0.8356
ENSG00000226029.1	LINC01772	ENSG00000226029.1	lncRNA	chr1	16460948	16468481	+	7534	1	2	2	intergenic	intergenic	lincRNA (named)	FALSE	FALSE	FALSE	FALSE	FALSE	FALSE	FALSE							NECAP2	869	TRUE	black	0.5426	0.8617	0.8617	0.021112	0.5311	0.2859	0.6301
ENSG00000234184.6	LINC01781	ENSG00000234184.6	lncRNA	chr1	80535755	80646791	+	111037	4	6	4	intergenic	intergenic	lincRNA (named)	FALSE	FALSE	FALSE	FALSE	FALSE	FALSE	FALSE							ADGRL2	659355	TRUE	lightcyan	0.4977	0.0031	0.0031	0.0098216	1.3884	0.8954	0.865
ENSG00000230415.1	LINC01786	ENSG00000230415.1	lncRNA	chr1	1275223	1280420	+	5198	2	3	3	intergenic	intergenic	lincRNA (named)	FALSE	FALSE	FALSE	FALSE	FALSE	FALSE	FALSE							SCNN1D	15	TRUE	turquoise	0.6294	0.797	0.797	0.04661	0.884	0.6249	0.726
ENSG00000229051.2	LINC01788	ENSG00000229051.2	lncRNA	chr1	70706441	70786468	+	80028	4	9	7	intergenic	intergenic	lincRNA (named)	FALSE	FALSE	FALSE	FALSE	FALSE	FALSE	FALSE							PTGER3	65884	FALSE	blue	0.3645	0.0031	0.0031	0.0023818	0.3845	0.5438	0.3053
ENSG00000229457.1	LINC01789	ENSG00000229457.1	lncRNA	chr2	107254691	107365873	-	111183	2	8	6	intergenic	intergenic	lincRNA (named)	FALSE	FALSE	FALSE	FALSE	FALSE	FALSE	FALSE							ST6GAL2	367582	TRUE	blue	0.4778	0.1104	0.1104	0.018671	1.31	1.1193	0.6947
ENSG00000267767.3	LINC01801	ENSG00000267767.3	lncRNA	chr19	34788527	34832869	-	44343	4	11	6	intergenic	intergenic	lincRNA (named)	FALSE	FALSE	FALSE	FALSE	FALSE	FALSE	FALSE							ZNF599	15297	TRUE	cyan	0.7256	0.0561	0.0561	0.0014967	0.5409	0.4133	0.5832
ENSG00000227403.2	LINC01806	ENSG00000227403.2	lncRNA	chr2	161244730	161249050	+	4321	3	3	3	intergenic	intergenic	lincRNA (named)	FALSE	FALSE	FALSE	FALSE	FALSE	FALSE	FALSE							TANK	8499	TRUE	grey	-0.268	0.0135	0.0135	-0.00047272	0.3314	0.3912	0.3014
ENSG00000231327.1	LINC01816	ENSG00000231327.1	lncRNA	chr2	70124036	70125317	-	1282	1	2	2	intergenic	intergenic	lincRNA (named)	FALSE	FALSE	FALSE	FALSE	FALSE	FALSE	FALSE							C2orf42	24567	TRUE	pink	0.5114	0.0386	0.0386	0.0079878	1.0014	0.5129	0.9256
ENSG00000267530.3	LINC01836	ENSG00000267530.3	lncRNA	chr19	782755	786092	+	3338	6	3	3	intergenic	intergenic	lincRNA (named)	FALSE	FALSE	FALSE	FALSE	FALSE	FALSE	FALSE							PTBP1	10982	TRUE	grey	0.0523	0.2445	0.2445	0.02651	1.5366	0.8349	0.9276
ENSG00000251169.2	LINC01843	ENSG00000251169.2	lncRNA	chr5	134506552	134509229	+	2678	1	2	2	intergenic	intergenic	lincRNA (named)	FALSE	FALSE	FALSE	FALSE	FALSE	FALSE	FALSE							JADE2	15082	TRUE	blue	0.6625	0.0209	0.0209	0.0099615	1.8426	0.8056	0.9452
ENSG00000236914.4	LINC01852	ENSG00000236914.4	lncRNA	chr15	38068812	38072990	-	4179	5	2	3	intergenic	intergenic	lincRNA (named)	FALSE	FALSE	FALSE	FALSE	FALSE	FALSE	FALSE							TMCO5A	101087	FALSE	blue	0.4507	0.0081	0.0081	0.002305	0.7534	0.2524	0.9335
ENSG00000224137.1	LINC01857	ENSG00000224137.1	lncRNA	chr2	207662375	207667024	+	4650	1	2	2	intergenic	intergenic	lincRNA (named)	FALSE	FALSE	FALSE	FALSE	FALSE	FALSE	FALSE							METTL21A	36446	FALSE	yellow	0.5574	-0.0529	0.0529	-0.0046677	0.9608	0.7147	0.7828
ENSG00000235576.1	LINC01871	ENSG00000235576.1	lncRNA	chr2	7725801	7730705	+	4905	1	2	2	intergenic	intergenic	lincRNA (named)	FALSE	FALSE	FALSE	FALSE	FALSE	FALSE	FALSE							RNF144A	657514	TRUE	yellow	0.636	0.0867	0.0867	0.0089599	1.6289	0.7315	0.9667
ENSG00000223985.2	LINC01874	ENSG00000223985.2	lncRNA	chr2	490944	503905	-	12962	2	3	3	intergenic	intergenic	lincRNA (named)	FALSE	FALSE	FALSE	FALSE	FALSE	FALSE	FALSE							TMEM18	159971	TRUE	grey	-0.0033	-0.0884	0.0884	-0.0033888	0.4069	0.8289	0.2544
ENSG00000226383.7	LINC01876	ENSG00000226383.7	lncRNA	chr2	156011530	156254950	-	243421	13	11	7	intergenic	intergenic	lincRNA (named)	FALSE	FALSE	FALSE	FALSE	FALSE	FALSE	FALSE							NR4A2	69486	TRUE	grey	0.0179	0.2453	0.2453	0.0064811	0.1938	0.2699	0.2055
ENSG00000224568.2	LINC01886	ENSG00000224568.2	lncRNA	chr2	107529292	107556499	+	27208	8	5	4	intergenic	intergenic	lincRNA (named)	FALSE	FALSE	FALSE	FALSE	FALSE	FALSE	FALSE							RGPD4	270392	TRUE	blue	0.6484	0.1451	0.1451	0.014017	0.9311	0.6857	0.7417
ENSG00000266258.1	LINC01909	ENSG00000266258.1	lncRNA	chr18	70335439	70352459	+	17021	2	6	4	intergenic	intergenic	lincRNA (named)	FALSE	FALSE	FALSE	FALSE	FALSE	FALSE	FALSE							SOCS6	5239	TRUE	grey	0.0184	0.3563	0.3563	0.0054273	0.3026	0.1853	0.2681
ENSG00000234362.6	LINC01914	ENSG00000234362.6	lncRNA	chr2	41931599	41933909	-	2311	2	4	4	intergenic	intergenic	lincRNA (named)	FALSE	FALSE	FALSE	FALSE	FALSE	FALSE	FALSE							PKDCC	114111	FALSE	greenyellow	0.5689	0.0433	0.0433	-0.0021783	0.2921	0.4655	0.229
ENSG00000267013.6	LINC01929	ENSG00000267013.6	lncRNA	chr18	55105904	55124306	-	18403	3	4	4	intergenic	intergenic	lincRNA (named)	FALSE	FALSE	FALSE	FALSE	FALSE	FALSE	FALSE							TCF4	97878	TRUE	grey	0.2629	-0.0303	0.0303	-0.0054822	0.3899	0.563	0.2505
ENSG00000235997.3	LINC01936	ENSG00000235997.3	lncRNA	chr2	30346623	30361010	+	14388	5	4	3	intergenic	intergenic	lincRNA (named)	FALSE	FALSE	FALSE	FALSE	FALSE	FALSE	FALSE							LBH	22892	TRUE	grey	0.1565	-0.1288	0.1288	-0.0055443	0.5364	0.4641	0.5225
ENSG00000253428.1	LINC01942	ENSG00000253428.1	lncRNA	chr5	173689459	173705849	+	16391	1	3	3	intergenic	intergenic	lincRNA (named)	FALSE	FALSE	FALSE	FALSE	FALSE	FALSE	FALSE							BOD1	72799	FALSE	blue	0.393	0.2922	0.2922	0.013265	0.5531	0.4635	0.5597
ENSG00000280721.1	LINC01943	ENSG00000280721.1	lncRNA	chr2	87439523	87459044	-	19522	3	4	2	intergenic	intergenic	lincRNA (named)	FALSE	FALSE	FALSE	FALSE	FALSE	FALSE	FALSE							PLGLB2	289042	FALSE	yellow	0.6023	0.0335	0.0335	0.0030453	0.7166	0.4388	0.771
ENSG00000248727.6	LINC01948	ENSG00000248727.6	lncRNA	chr5	56451627	56481946	-	30320	4	4	6	intergenic	intergenic	lincRNA (named)	FALSE	FALSE	FALSE	FALSE	FALSE	FALSE	FALSE							ANKRD55	218296	TRUE	magenta	0.4475	0.4871	0.4871	0.013201	0.5843	0.3532	0.7104
ENSG00000260804.3	LINC01963	ENSG00000260804.3	lncRNA	chr2	216217045	216220192	+	3148	1	1	1	intergenic	intergenic	lincRNA (named)	FALSE	FALSE	FALSE	FALSE	FALSE	FALSE	FALSE							XRCC5	10741	TRUE	midnightblue	0.3721	-0.1123	0.1123	-0.0063456	2.0997	0.507	0.998
ENSG00000240006.1	LINC02004	ENSG00000240006.1	lncRNA	chr3	134313576	134321171	+	7596	1	2	2	intergenic	intergenic	lincRNA (named)	FALSE	FALSE	FALSE	FALSE	FALSE	FALSE	FALSE							AMOTL2	34175	FALSE	grey	0.1887	0.1392	0.1392	0.0072168	0.5907	0.4229	0.6438
ENSG00000231574.6	LINC02015	ENSG00000231574.6	lncRNA	chr3	177816865	177899224	+	82360	4	5	4	intergenic	intergenic	lincRNA (named)	FALSE	FALSE	FALSE	FALSE	FALSE	FALSE	FALSE							KCNMB2	373707	TRUE	lightcyan	0.5267	0.015	0.015	-0.0019646	1.3246	0.9147	0.8454
ENSG00000273356.1	LINC02019	ENSG00000273356.1	lncRNA	chr3	50669989	50672048	+	2060	2	1	2	intergenic	intergenic	lincRNA (named)	FALSE	FALSE	FALSE	FALSE	FALSE	FALSE	FALSE							DOCK3	2878	TRUE	turquoise	0.4262	0.6555	0.6555	0.013802	0.4234	0.2343	0.4912
ENSG00000243694.3	LINC02027	ENSG00000243694.3	lncRNA	chr3	80993854	81105182	+	111329	5	7	4	intergenic	intergenic	lincRNA (named)	FALSE	FALSE	FALSE	FALSE	FALSE	FALSE	FALSE							GBE1	384520	FALSE	blue	0.5854	0.1138	0.1138	0.0070993	0.6417	0.4951	0.6438
ENSG00000273033.2	LINC02035	ENSG00000273033.2	lncRNA	chr3	122886941	122892416	+	5476	1	1	1	intergenic	intergenic	lincRNA (named)	FALSE	FALSE	FALSE	FALSE	FALSE	FALSE	FALSE							SLC49A4	5801	TRUE	grey	-0.0811	0.242	0.242	0.0033739	1.474	0.3227	1
ENSG00000229155.1	LINC02038	ENSG00000229155.1	lncRNA	chr3	193842560	193844024	-	1465	2	3	3	intergenic	intergenic	lincRNA (named)	FALSE	FALSE	FALSE	FALSE	FALSE	FALSE	FALSE							OPA1	144748	FALSE	grey	-0.1461	-0.061	0.061	-0.0029834	0.2802	0.3107	0.2583
ENSG00000228952.1	LINC02041	ENSG00000228952.1	lncRNA	chr3	187448845	187449450	+	606	1	2	2	intergenic	intergenic	lincRNA (named)	FALSE	FALSE	FALSE	FALSE	FALSE	FALSE	FALSE							RTP4	76768	TRUE	grey	-0.1124	0.0602	0.0602	0.0038943	1.9351	1.0784	0.9217
ENSG00000228271.2	LINC02048	ENSG00000228271.2	lncRNA	chr3	194276682	194287368	+	10687	2	4	3	intergenic	intergenic	lincRNA (named)	FALSE	FALSE	FALSE	FALSE	FALSE	FALSE	FALSE							CPN2	52399	FALSE	blue	0.3414	0.569	0.569	0.031655	0.9183	0.5831	0.816
ENSG00000250885.1	LINC02061	ENSG00000250885.1	lncRNA	chr5	32646564	32651976	-	5413	1	2	2	intergenic	intergenic	lincRNA (named)	FALSE	FALSE	FALSE	FALSE	FALSE	FALSE	FALSE							NPR3	37093	FALSE	blue	0.5718	0.0841	0.0841	0.010365	0.5814	0.7214	0.4521
ENSG00000223387.6	LINC02068	ENSG00000223387.6	lncRNA	chr3	172560888	172595607	-	34720	3	5	4	intergenic	intergenic	lincRNA (named)	FALSE	FALSE	FALSE	FALSE	FALSE	FALSE	FALSE							NCEH1	34641	TRUE	blue	0.3598	0.3471	0.3471	0.0069559	0.27	0.2399	0.2524
ENSG00000220161.4	LINC02076	ENSG00000220161.4	lncRNA	chr17	18411159	18414380	+	3222	1	2	2	intergenic	intergenic	lincRNA (named)	FALSE	FALSE	FALSE	FALSE	FALSE	FALSE	FALSE							EVPLL	21511	TRUE	grey	0.4435	0.4433	0.4433	0.008803	0.2511	0.2415	0.2055
ENSG00000272282.1	LINC02084	ENSG00000272282.1	lncRNA	chr3	27712910	27714005	+	1096	1	1	1	intergenic	intergenic	lincRNA (named)	FALSE	FALSE	FALSE	FALSE	FALSE	FALSE	FALSE							EOMES	1943	FALSE	yellow	0.837	0.1962	0.1962	0.012749	0.7591	0.5454	0.7515
ENSG00000244649.5	LINC02086	ENSG00000244649.5	lncRNA	chr17	48646923	48707346	+	60424	7	10	6	intergenic	intergenic	lincRNA (named)	FALSE	FALSE	FALSE	FALSE	FALSE	FALSE	FALSE							HOXB7	13350	FALSE	greenyellow	0.3308	0.0737	0.0737	-0.0025389	0.752	0.7199	0.5773
ENSG00000248693.1	LINC02100	ENSG00000248693.1	lncRNA	chr5	18704433	18746173	-	41741	1	2	2	intergenic	intergenic	lincRNA (named)	FALSE	FALSE	FALSE	FALSE	FALSE	FALSE	FALSE							CDH18	725122	TRUE	yellow	0.5467	0.1901	0.1901	0.0099609	0.7239	0.6352	0.6223
ENSG00000271334.6	LINC02104	ENSG00000271334.6	lncRNA	chr5	39520398	39524726	+	4329	2	3	3	intergenic	intergenic	lincRNA (named)	FALSE	FALSE	FALSE	FALSE	FALSE	FALSE	FALSE							DAB2	58097	FALSE	grey	0.0165	0.0305	0.0305	0.005781	0.8881	0.4702	0.8845
ENSG00000259763.2	LINC02157	ENSG00000259763.2	lncRNA	chr15	96235785	96237010	+	1226	2	3	2	intergenic	intergenic	lincRNA (named)	FALSE	FALSE	FALSE	FALSE	FALSE	FALSE	FALSE							NR2F2	88927	TRUE	salmon	0.4157	0.7478	0.7478	0.013884	0.3123	0.2379	0.319
ENSG00000262155.2	LINC02175	ENSG00000262155.2	lncRNA	chr16	25066937	25088618	+	21682	16	8	3	intergenic	intergenic	lincRNA (named)	FALSE	FALSE	FALSE	FALSE	FALSE	FALSE	FALSE							LCMT1	23112	TRUE	pink	0.4579	0.732	0.732	0.014459	0.4551	0.2438	0.5734
ENSG00000260420.3	LINC02182	ENSG00000260420.3	lncRNA	chr16	88186605	88195217	+	8613	2	4	3	intergenic	intergenic	lincRNA (named)	FALSE	FALSE	FALSE	FALSE	FALSE	FALSE	FALSE							BANP	109286	TRUE	grey	0.0452	0.0469	0.0469	0.0043429	0.4775	0.496	0.4736
ENSG00000262097.2	LINC02185	ENSG00000262097.2	lncRNA	chr16	14001320	14016056	-	14737	5	4	4	intergenic	intergenic	lincRNA (named)	FALSE	FALSE	FALSE	FALSE	FALSE	FALSE	FALSE							ERCC4	48971	FALSE	magenta	0.6178	0.2429	0.2429	-0.00031068	0.3134	0.2987	0.2231
ENSG00000261175.6	LINC02188	ENSG00000261175.6	lncRNA	chr16	86710122	86742083	+	31962	10	10	6	intergenic	intergenic	lincRNA (named)	FALSE	FALSE	FALSE	FALSE	FALSE	FALSE	FALSE							FOXL1	126643	TRUE	lightcyan	0.6855	0.0054	0.0054	0.0077715	1.8404	0.7363	0.9452
ENSG00000236481.1	LINC02195	ENSG00000236481.1	lncRNA	chr16	26584755	26594813	-	10059	1	2	2	intergenic	intergenic	lincRNA (named)	FALSE	FALSE	FALSE	FALSE	FALSE	FALSE	FALSE							HS3ST4	447069	FALSE	yellow	0.4819	0.0752	0.0752	0.0020106	0.3236	0.3746	0.317
ENSG00000249396.2	LINC02212	ENSG00000249396.2	lncRNA	chr5	10493291	10502728	-	9438	2	4	5	intergenic	intergenic	lincRNA (named)	FALSE	FALSE	FALSE	FALSE	FALSE	FALSE	FALSE							ROPN1L	21261	FALSE	grey	0.2054	0.0796	0.0796	0.0096952	0.9704	1.1573	0.4892
ENSG00000251365.4	LINC02236	ENSG00000251365.4	lncRNA	chr5	6765891	6833120	+	67230	6	13	7	intergenic	intergenic	lincRNA (named)	FALSE	FALSE	FALSE	FALSE	FALSE	FALSE	FALSE							TENT4A	8846	TRUE	greenyellow	0.5511	0.1932	0.1932	0.0043636	0.3225	0.2452	0.2896
ENSG00000259590.1	LINC02244	ENSG00000259590.1	lncRNA	chr15	99395179	99396593	-	1415	1	2	2	intergenic	intergenic	lincRNA (named)	FALSE	FALSE	FALSE	FALSE	FALSE	FALSE	FALSE							LRRC28	4449	FALSE	grey	0.0235	0.2082	0.2082	0.010768	0.798	0.6568	0.7123
ENSG00000261064.1	LINC02256	ENSG00000261064.1	lncRNA	chr15	32536047	32587613	+	51567	2	5	3	intergenic	intergenic	lincRNA (named)	FALSE	FALSE	FALSE	FALSE	FALSE	FALSE	FALSE							GOLGA8N	5842	TRUE	cyan	0.3849	0.4072	0.4072	0.0060302	0.5372	0.2312	0.7515
ENSG00000245954.8	LINC02273	ENSG00000245954.8	lncRNA	chr4	152090459	152104720	+	14262	4	4	3	intergenic	intergenic	lincRNA (named)	FALSE	FALSE	FALSE	FALSE	FALSE	FALSE	FALSE							FBXW7	215823	FALSE	yellow	0.6172	0.0973	0.0973	0.0022652	0.3182	0.2702	0.317
ENSG00000258586.1	LINC02274	ENSG00000258586.1	lncRNA	chr14	73822559	73830135	-	7577	1	2	2	intergenic	intergenic	lincRNA (named)	FALSE	FALSE	FALSE	FALSE	FALSE	FALSE	FALSE							PTGR2	21708	FALSE	blue	0.4479	0.0921	0.0921	0.021195	3.3907	1.4011	0.9569
ENSG00000248319.2	LINC02275	ENSG00000248319.2	lncRNA	chr4	169917761	169975904	-	58144	4	5	5	intergenic	intergenic	lincRNA (named)	FALSE	FALSE	FALSE	FALSE	FALSE	FALSE	FALSE							MFAP3L	10692	TRUE	blue	0.6215	0.3536	0.3536	0.017196	0.7182	0.4593	0.7495
ENSG00000258819.2	LINC02289	ENSG00000258819.2	lncRNA	chr14	77069169	77076392	-	7224	7	4	3	intergenic	intergenic	lincRNA (named)	FALSE	FALSE	FALSE	FALSE	FALSE	FALSE	FALSE							CIPC	21733	FALSE	red	0.7139	0.1326	0.1326	0.00606	0.6472	0.3364	0.771
ENSG00000257845.1	LINC02294	ENSG00000257845.1	lncRNA	chr14	26775495	26822107	-	46613	1	4	4	intergenic	intergenic	lincRNA (named)	FALSE	FALSE	FALSE	FALSE	FALSE	FALSE	FALSE							NOVA1	177461	TRUE	blue	0.3509	-0.0729	0.0729	-0.00051373	0.8601	1.0013	0.546
ENSG00000257556.2	LINC02298	ENSG00000257556.2	lncRNA	chr14	105093609	105100131	+	6523	5	5	5	intergenic	intergenic	lincRNA (named)	FALSE	FALSE	FALSE	FALSE	FALSE	FALSE	FALSE							GPR132	28163	FALSE	salmon	0.6794	0.5391	0.5391	0.01747	0.5098	0.2963	0.6027
ENSG00000258808.1	LINC02310	ENSG00000258808.1	lncRNA	chr14	51392128	51397135	-	5008	1	4	4	intergenic	intergenic	lincRNA (named)	FALSE	FALSE	FALSE	FALSE	FALSE	FALSE	FALSE							FRMD6	91964	FALSE	blue	0.591	0.1919	0.1919	0.0076432	0.3176	0.3058	0.3288
ENSG00000258474.1	LINC02313	ENSG00000258474.1	lncRNA	chr14	31944853	31950382	+	5530	1	2	2	intergenic	intergenic	lincRNA (named)	FALSE	FALSE	FALSE	FALSE	FALSE	FALSE	FALSE							NUBPL	83628	TRUE	grey	0.1442	-0.0437	0.0437	0.0014518	0.5775	0.447	0.6184
ENSG00000258733.6	LINC02328	ENSG00000258733.6	lncRNA	chr14	85911438	86161500	+	250063	13	12	9	intergenic	intergenic	lincRNA (named)	FALSE	FALSE	FALSE	FALSE	FALSE	FALSE	FALSE							FLRT2	257009	TRUE	yellow	0.5423	0.4531	0.4531	0.0052992	0.2604	0.1748	0.1977
ENSG00000235269.2	LINC02331	ENSG00000235269.2	lncRNA	chr14	53685139	53850882	-	165744	1	6	6	intergenic	intergenic	lincRNA (named)	FALSE	FALSE	FALSE	FALSE	FALSE	FALSE	FALSE							BMP4	98853	TRUE	salmon	0.2995	0.0154	0.0154	0.0035448	0.4755	0.6269	0.3483
ENSG00000283554.1	LINC02341	ENSG00000283554.1	lncRNA	chr13	42339188	42485956	+	146769	2	10	8	intergenic	intergenic	lincRNA (named)	FALSE	FALSE	FALSE	FALSE	FALSE	FALSE	FALSE							AKAP11	15926	TRUE	grey	0.0434	0.0646	0.0646	-0.0018287	0.9821	1.2152	0.499
ENSG00000286733.1	LINC02348	ENSG00000286733.1	lncRNA	chr15	101602786	101614531	-	11746	3	4	3	intergenic	intergenic	lincRNA (named)	FALSE	FALSE	FALSE	FALSE	FALSE	FALSE	FALSE							TM2D3	6912	TRUE	blue	0.4819	0.1829	0.1829	0.027749	2.3875	1.1356	0.9432
ENSG00000277987.2	LINC02351	ENSG00000277987.2	lncRNA	chr15	98323902	98420998	-	97097	3	5	4	intergenic	intergenic	lincRNA (named)	FALSE	FALSE	FALSE	FALSE	FALSE	FALSE	FALSE							IGF1R	227540	FALSE	grey	0.2331	0.1448	0.1448	0.013695	0.9961	1.0757	0.5382
ENSG00000259448.3	LINC02352	ENSG00000259448.3	lncRNA	chr15	31215622	31224445	+	8824	3	3	2	intergenic	intergenic	lincRNA (named)	FALSE	FALSE	FALSE	FALSE	FALSE	FALSE	FALSE							TRPM1	54348	FALSE	turquoise	0.5363	0.5571	0.5571	0.0083958	0.2943	0.1938	0.2642
ENSG00000256576.2	LINC02361	ENSG00000256576.2	lncRNA	chr12	132186735	132189695	-	2961	1	2	2	intergenic	intergenic	lincRNA (named)	FALSE	FALSE	FALSE	FALSE	FALSE	FALSE	FALSE							GALNT9	6676	TRUE	grey	0.0277	0.2544	0.2544	0.014214	1.0381	0.4659	0.9432
ENSG00000251301.7	LINC02384	ENSG00000251301.7	lncRNA	chr12	68332888	68451663	-	118776	9	10	4	intergenic	intergenic	lincRNA (named)	FALSE	FALSE	FALSE	FALSE	FALSE	FALSE	FALSE							MDM1	506	TRUE	grey	0.3803	0.1457	0.1457	0.022058	1.6452	1.1639	0.8474
ENSG00000277851.2	LINC02391	ENSG00000277851.2	lncRNA	chr12	92247697	92363832	-	116136	1	5	5	intergenic	intergenic	lincRNA (named)	FALSE	FALSE	FALSE	FALSE	FALSE	FALSE	FALSE							BTG1	101850	TRUE	grey	0.137	0.0612	0.0612	-9.1881e-05	0.593	0.4243	0.6399
ENSG00000256039.2	LINC02446	ENSG00000256039.2	lncRNA	chr12	10553362	10572688	+	19327	2	3	3	intergenic	intergenic	lincRNA (named)	FALSE	FALSE	FALSE	FALSE	FALSE	FALSE	FALSE							EIF2S3B	30226	TRUE	yellow	0.5957	0.1055	0.1055	0.003693	0.4605	0.4754	0.4344
ENSG00000215241.4	LINC02449	ENSG00000215241.4	lncRNA	chr12	8235415	8242564	+	7150	4	4	3	intergenic	intergenic	lincRNA (named)	FALSE	FALSE	FALSE	FALSE	FALSE	FALSE	FALSE							FAM90A1	7796	FALSE	turquoise	0.3045	0.7012	0.7012	0.0095698	0.2955	0.2076	0.2779
ENSG00000285373.2	LINC02478	ENSG00000285373.2	lncRNA	chr2	160257718	160271880	-	14163	4	5	3	intergenic	intergenic	lincRNA (named)	FALSE	FALSE	FALSE	FALSE	FALSE	FALSE	FALSE							RBMS1	270	TRUE	grey	0.3515	0.0994	0.0994	0.0035302	0.5489	0.4467	0.5382
ENSG00000246526.2	LINC02481	ENSG00000246526.2	lncRNA	chr4	6687448	6690519	-	3072	1	3	3	intergenic	intergenic	lincRNA (named)	FALSE	FALSE	FALSE	FALSE	FALSE	FALSE	FALSE							S100P	3358	FALSE	yellow	0.6755	0.4907	0.4907	0.0094518	0.3627	0.2111	0.4031
ENSG00000228718.2	LINC02521	ENSG00000228718.2	lncRNA	chr6	2617144	2640001	+	22858	2	8	5	intergenic	intergenic	lincRNA (named)	FALSE	FALSE	FALSE	FALSE	FALSE	FALSE	FALSE							MYLK4	23627	FALSE	red	0.5859	0.2072	0.2072	0.0027413	0.3227	0.1933	0.3346
ENSG00000229654.1	LINC02526	ENSG00000229654.1	lncRNA	chr6	106695535	106699994	+	4460	1	3	3	intergenic	intergenic	lincRNA (named)	FALSE	FALSE	FALSE	FALSE	FALSE	FALSE	FALSE							QRSL1	27117	TRUE	greenyellow	0.408	0.3665	0.3665	0.020831	0.8308	0.7107	0.6869
ENSG00000226004.1	LINC02528	ENSG00000226004.1	lncRNA	chr6	137943079	137945802	-	2724	1	2	2	intergenic	intergenic	lincRNA (named)	FALSE	FALSE	FALSE	FALSE	FALSE	FALSE	FALSE							TNFAIP3	59766	FALSE	yellow	0.7169	0.1193	0.1193	0.00079597	0.3145	0.3968	0.2857
ENSG00000235142.10	LINC02532	ENSG00000235142.10	lncRNA	chr6	106705334	106788148	-	82815	48	24	9	intergenic	intergenic	lincRNA (named)	FALSE	FALSE	FALSE	FALSE	FALSE	FALSE	FALSE							QRSL1	36916	FALSE	blue	0.6871	0.3446	0.3446	0.034115	3.4565	0.9339	0.9883
ENSG00000234155.1	LINC02535	ENSG00000234155.1	lncRNA	chr6	85387219	85390186	-	2968	1	2	2	intergenic	intergenic	lincRNA (named)	FALSE	FALSE	FALSE	FALSE	FALSE	FALSE	FALSE							NT5E	59397	FALSE	blue	0.3446	-0.0407	0.0407	0.0004789	0.8179	0.7488	0.6556
ENSG00000226453.2	LINC02542	ENSG00000226453.2	lncRNA	chr6	81844602	82169391	-	324790	10	12	4	intergenic	intergenic	lincRNA (named)	FALSE	FALSE	FALSE	FALSE	FALSE	FALSE	FALSE							IBTK	594	TRUE	grey	0.1216	-0.0769	0.0769	-0.0048546	0.3299	0.3717	0.2838
ENSG00000261039.3	LINC02544	ENSG00000261039.3	lncRNA	chr6	169175277	169182841	-	7565	1	3	3	intergenic	intergenic	lincRNA (named)	FALSE	FALSE	FALSE	FALSE	FALSE	FALSE	FALSE							THBS2	32938	TRUE	grey	0.3017	0.0876	0.0876	-0.00056661	0.3099	0.3618	0.2524
ENSG00000260943.1	LINC02555	ENSG00000260943.1	lncRNA	chr12	40140926	40142876	-	1951	1	1	1	intergenic	intergenic	lincRNA (named)	FALSE	FALSE	FALSE	FALSE	FALSE	FALSE	FALSE							SLC2A13	34836	TRUE	lightcyan	0.4638	0.0914	0.0914	0.0037677	0.4152	0.395	0.4286
ENSG00000260265.1	LINC02562	ENSG00000260265.1	lncRNA	chr4	75081702	75084717	-	3016	4	4	2	intergenic	intergenic	lincRNA (named)	FALSE	FALSE	FALSE	FALSE	FALSE	FALSE	FALSE							PARM1	31586	FALSE	grey	-0.0693	0.0174	0.0174	0.0036505	0.3303	0.7006	0.2035
ENSG00000235781.1	LINC02569	ENSG00000235781.1	lncRNA	chr6	30516266	30519217	+	2952	1	2	2	intergenic	intergenic	lincRNA (named)	FALSE	FALSE	FALSE	FALSE	FALSE	FALSE	FALSE							HLA-E	22071	TRUE	cyan	0.5407	0.2685	0.2685	0.003687	0.2907	0.1771	0.2759
ENSG00000228742.11	LINC02577	ENSG00000228742.11	lncRNA	chr7	106774955	106838480	+	63526	9	10	5	intergenic	intergenic	lincRNA (named)	FALSE	FALSE	FALSE	FALSE	FALSE	FALSE	FALSE							PIK3CG	26797	TRUE	greenyellow	0.606	-0.0156	0.0156	-0.003555	0.3545	0.684	0.2387
ENSG00000223764.2	LINC02593	ENSG00000223764.2	lncRNA	chr1	916865	921016	-	4152	3	1	4	intergenic	intergenic	lincRNA (named)	FALSE	FALSE	FALSE	FALSE	FALSE	FALSE	FALSE							SAMD11	2911	FALSE	grey	-0.0827	0.3937	0.3937	0.031782	0.9836	0.8085	0.7358
ENSG00000250986.1	LINC02600	ENSG00000250986.1	lncRNA	chr4	3758748	3763390	-	4643	1	2	2	intergenic	intergenic	lincRNA (named)	FALSE	FALSE	FALSE	FALSE	FALSE	FALSE	FALSE							ADRA2C	2957	FALSE	grey	0.0329	0.1149	0.1149	0.007086	0.6266	0.5312	0.636
ENSG00000273142.1	LINC02604	ENSG00000273142.1	lncRNA	chr7	66902857	66906297	+	3441	1	1	1	intergenic	intergenic	lincRNA (named)	FALSE	FALSE	FALSE	FALSE	FALSE	FALSE	FALSE							TMEM248	14927	TRUE	turquoise	0.6843	0.7414	0.7414	0.050634	1.6707	0.7613	0.9883
ENSG00000284693.1	LINC02606	ENSG00000284693.1	lncRNA	chr1	9425094	9440564	-	15471	3	4	2	intergenic	intergenic	lincRNA (named)	FALSE	FALSE	FALSE	FALSE	FALSE	FALSE	FALSE							SPSB1	55561	FALSE	greenyellow	0.3599	-0.0788	0.0788	-0.005516	1.3084	0.8682	0.9706
ENSG00000233593.10	LINC02609	ENSG00000233593.10	lncRNA	chr1	90769086	90851658	-	82573	25	8	5	intergenic	intergenic	lincRNA (named)	FALSE	FALSE	FALSE	FALSE	FALSE	FALSE	FALSE							BARHL2	51783	TRUE	grey	0.6077	0.0121	0.0121	-0.00026	0.3256	0.2394	0.317
ENSG00000226791.7	LINC02611	ENSG00000226791.7	lncRNA	chr2	98761098	98775361	-	14264	11	7	6	intergenic	intergenic	lincRNA (named)	FALSE	FALSE	FALSE	FALSE	FALSE	FALSE	FALSE							CRACDL	18484	TRUE	yellow	0.6071	0.2334	0.2334	0.0039661	0.4425	0.266	0.5186
ENSG00000241288.8	LINC02614	ENSG00000241288.8	lncRNA	chr3	125827238	125916384	-	89147	24	21	6	intergenic	intergenic	lincRNA (named)	FALSE	FALSE	FALSE	FALSE	FALSE	FALSE	FALSE							ALG1L	12890	TRUE	turquoise	0.4228	0.7524	0.7524	0.015027	0.3534	0.2261	0.3875
ENSG00000251432.7	LINC02615	ENSG00000251432.7	lncRNA	chr4	128292751	128519398	+	226648	8	17	9	intergenic	intergenic	lincRNA (named)	FALSE	FALSE	FALSE	FALSE	FALSE	FALSE	FALSE							PGRMC2	3921	FALSE	greenyellow	0.4991	0.5998	0.5998	0.025172	0.9152	0.5219	0.8532
ENSG00000233643.2	LINC02625	ENSG00000233643.2	lncRNA	chr10	61781745	61821246	-	39502	1	5	5	intergenic	intergenic	lincRNA (named)	FALSE	FALSE	FALSE	FALSE	FALSE	FALSE	FALSE							CABCOCO1	14978	FALSE	blue	0.3744	0.0774	0.0774	0.00091218	0.3181	0.3623	0.3249
ENSG00000233590.1	LINC02640	ENSG00000233590.1	lncRNA	chr10	68233251	68242379	-	9129	2	4	3	intergenic	intergenic	lincRNA (named)	FALSE	FALSE	FALSE	FALSE	FALSE	FALSE	FALSE							ATOH7	1137	TRUE	turquoise	0.3055	0.5001	0.5001	0.02543	0.613	0.5386	0.5969
ENSG00000215244.3	LINC02649	ENSG00000215244.3	lncRNA	chr10	6271169	6353827	+	82659	6	10	7	intergenic	intergenic	lincRNA (named)	FALSE	FALSE	FALSE	FALSE	FALSE	FALSE	FALSE							PFKFB3	16524	TRUE	grey	0.1971	0.7183	0.7183	0.017039	0.4509	0.2854	0.5205
ENSG00000212743.2	LINC02656	ENSG00000212743.2	lncRNA	chr10	6350316	6352762	+	2447	1	1	1	intergenic	intergenic	lincRNA (named)	FALSE	FALSE	FALSE	FALSE	FALSE	FALSE	FALSE							PRKCQ	74380	FALSE	turquoise	0.4105	0.7428	0.7428	0.023254	0.5428	0.3692	0.5969
ENSG00000283141.1	LINC02666	ENSG00000283141.1	lncRNA	chr10	129784983	129806971	+	21989	1	7	7	intergenic	intergenic	lincRNA (named)	FALSE	FALSE	FALSE	FALSE	FALSE	FALSE	FALSE							MGMT	13999	TRUE	salmon	0.5023	0.6596	0.6596	0.01279	0.2743	0.2261	0.2348
ENSG00000233321.2	LINC02669	ENSG00000233321.2	lncRNA	chr10	3433508	3502915	-	69408	20	14	7	intergenic	intergenic	lincRNA (named)	FALSE	FALSE	FALSE	FALSE	FALSE	FALSE	FALSE							PITRM1	260666	TRUE	red	0.4977	0.1664	0.1664	0.0042241	0.3259	0.245	0.3151
ENSG00000227121.2	LINC02672	ENSG00000227121.2	lncRNA	chr10	52972612	53030024	-	57413	3	5	5	intergenic	intergenic	lincRNA (named)	FALSE	FALSE	FALSE	FALSE	FALSE	FALSE	FALSE							MBL2	199827	TRUE	grey	-0.0697	-0.0825	0.0825	-0.00322	0.9367	0.8262	0.6869
ENSG00000254654.2	LINC02685	ENSG00000254654.2	lncRNA	chr11	44973770	44978028	+	4259	5	4	4	intergenic	intergenic	lincRNA (named)	FALSE	FALSE	FALSE	FALSE	FALSE	FALSE	FALSE							TP53I11	22463	FALSE	red	0.6398	0.2148	0.2148	0.0085667	0.347	0.3774	0.3209
ENSG00000258913.2	LINC02691	ENSG00000258913.2	lncRNA	chr14	104223584	104288069	+	64486	4	5	3	intergenic	intergenic	lincRNA (named)	FALSE	FALSE	FALSE	FALSE	FALSE	FALSE	FALSE							KIF26A	42689	TRUE	grey	0.0716	0.0929	0.0929	0.001241	0.2808	0.2875	0.2661
ENSG00000212719.13	LINC02693	ENSG00000212719.13	lncRNA	chr17	21428263	21574517	-	146255	28	16	7	intergenic	intergenic	lincRNA (named)	FALSE	FALSE	FALSE	FALSE	FALSE	FALSE	FALSE							KCNJ12	8392	FALSE	grey	-0.1014	-0.0043	0.0043	-0.0032239	0.5142	0.2429	0.7065
ENSG00000245522.2	LINC02709	ENSG00000245522.2	lncRNA	chr11	9754770	9759533	-	4764	2	3	3	intergenic	intergenic	lincRNA (named)	FALSE	FALSE	FALSE	FALSE	FALSE	FALSE	FALSE							SWAP70	1776	FALSE	cyan	0.337	0.0161	0.0161	-0.001675	0.5535	0.3654	0.6477
ENSG00000205106.4	LINC02716	ENSG00000205106.4	lncRNA	chr11	45771432	45772358	+	927	1	2	2	intergenic	intergenic	lincRNA (named)	FALSE	FALSE	FALSE	FALSE	FALSE	FALSE	FALSE							SLC35C1	31713	TRUE	brown	0.2981	-0.1309	0.1309	0.00073253	0.6168	0.3523	0.7378
ENSG00000231680.1	LINC02723	ENSG00000231680.1	lncRNA	chr11	64394342	64395831	-	1490	1	2	2	intergenic	intergenic	lincRNA (named)	FALSE	FALSE	FALSE	FALSE	FALSE	FALSE	FALSE							RPS6KA4	22126	FALSE	yellow	0.4609	0.1786	0.1786	0.0047609	0.2753	0.2046	0.2368
ENSG00000181908.5	LINC02724	ENSG00000181908.5	lncRNA	chr11	64449074	64451657	+	2584	1	2	2	intergenic	intergenic	lincRNA (named)	FALSE	FALSE	FALSE	FALSE	FALSE	FALSE	FALSE							RPS6KA4	76858	TRUE	yellow	0.6035	0.2582	0.2582	0.0053829	0.3322	0.1992	0.3327
ENSG00000254416.6	LINC02732	ENSG00000254416.6	lncRNA	chr11	110355130	110407613	+	52484	6	5	4	intergenic	intergenic	lincRNA (named)	FALSE	FALSE	FALSE	FALSE	FALSE	FALSE	FALSE							FDX1	22334	TRUE	grey	0.1815	0.0551	0.0551	0.011635	1.1092	1.0131	0.6614
ENSG00000255774.2	LINC02747	ENSG00000255774.2	lncRNA	chr11	69475567	69481545	-	5979	2	3	2	intergenic	intergenic	lincRNA (named)	FALSE	FALSE	FALSE	FALSE	FALSE	FALSE	FALSE							MYEOV	107840	FALSE	blue	0.6401	0.0625	0.0625	0.028431	2.6515	1.708	0.865
ENSG00000251637.6	LINC02754	ENSG00000251637.6	lncRNA	chr11	67886477	67906350	+	19874	3	4	3	intergenic	intergenic	lincRNA (named)	FALSE	FALSE	FALSE	FALSE	FALSE	FALSE	FALSE							UNC93B1	84749	FALSE	blue	0.6816	0.1348	0.1348	0.015648	0.7513	0.6295	0.6184
ENSG00000255362.1	LINC02761	ENSG00000255362.1	lncRNA	chr11	76210956	76216025	-	5070	1	3	3	intergenic	intergenic	lincRNA (named)	FALSE	FALSE	FALSE	FALSE	FALSE	FALSE	FALSE							WNT11	219	TRUE	magenta	0.4878	-0.0366	0.0366	-0.0015994	0.2721	0.3669	0.1996
ENSG00000250303.4	LINC02762	ENSG00000250303.4	lncRNA	chr11	112270749	112362534	+	91786	6	6	4	intergenic	intergenic	lincRNA (named)	FALSE	FALSE	FALSE	FALSE	FALSE	FALSE	FALSE							PTS	793	TRUE	blue	0.3799	0.1329	0.1329	0.010867	1.5132	0.6506	0.9609
ENSG00000229291.1	LINC02768	ENSG00000229291.1	lncRNA	chr1	235957879	235971825	-	13947	1	2	2	intergenic	intergenic	lincRNA (named)	FALSE	FALSE	FALSE	FALSE	FALSE	FALSE	FALSE							NID1	4004	TRUE	grey	0.194	0.0496	0.0496	0.0014395	0.3836	0.2686	0.4814
ENSG00000232453.7	LINC02777	ENSG00000232453.7	lncRNA	chr1	58882868	58931897	-	49030	10	11	5	intergenic	intergenic	lincRNA (named)	FALSE	FALSE	FALSE	FALSE	FALSE	FALSE	FALSE							JUN	98819	TRUE	greenyellow	0.4342	-0.0105	0.0105	-0.0022763	0.9524	0.5506	0.9628
ENSG00000204362.6	LINC02783	ENSG00000204362.6	lncRNA	chr1	17189783	17197617	+	7835	2	3	4	intergenic	intergenic	lincRNA (named)	FALSE	FALSE	FALSE	FALSE	FALSE	FALSE	FALSE							PADI1	7510	TRUE	grey	0.3815	0.3981	0.3981	0.027931	0.7046	0.7944	0.544
ENSG00000232527.8	LINC02802	ENSG00000232527.8	lncRNA	chr1	144227029	144250326	-	23298	4	4	3	intergenic	intergenic	lincRNA (named)	FALSE	FALSE	FALSE	FALSE	FALSE	FALSE	FALSE							PPIAL4E	122548	TRUE	grey	0.5845	-0.0167	0.0167	0.0013442	0.7074	0.5245	0.6791
ENSG00000260193.1	LINC02846	ENSG00000260193.1	lncRNA	chr9	136107808	136109424	-	1617	2	2	2	intergenic	intergenic	lincRNA (named)	FALSE	FALSE	FALSE	FALSE	FALSE	FALSE	FALSE							TMEM250	5156	TRUE	brown	0.4504	0.2428	0.2428	0.0059716	0.358	0.2279	0.3386
ENSG00000262185.3	LINC02861	ENSG00000262185.3	lncRNA	chr16	3930806	3950586	-	19781	4	5	3	intergenic	intergenic	lincRNA (named)	FALSE	FALSE	FALSE	FALSE	FALSE	FALSE	FALSE							ADCY9	2800	TRUE	grey	0.3188	0.1462	0.1462	0.0031375	0.5461	0.4976	0.4736
ENSG00000187013.4	LINC02875	ENSG00000187013.4	lncRNA	chr17	61411751	61413280	+	1530	1	1	1	intergenic	intergenic	lincRNA (named)	FALSE	FALSE	FALSE	FALSE	FALSE	FALSE	FALSE							TBX2	2284	TRUE	red	0.5266	0.1256	0.1256	0.0063149	0.5832	0.2878	0.7436
ENSG00000225613.2	LINCMD1	ENSG00000225613.2	lncRNA	chr6	52146814	52151119	-	4306	1	3	3	intergenic	intergenic	lincRNA (named)	FALSE	FALSE	FALSE	FALSE	FALSE	FALSE	FALSE							IL17A	35255	FALSE	grey	-0.1238	0.0953	0.0953	0.0032386	0.5627	0.4847	0.5558
ENSG00000253641.6	LINCR-0001	ENSG00000253641.6	lncRNA	chr8	10474565	10482388	+	7824	6	6	5	intergenic	intergenic	lincRNA (named)	FALSE	FALSE	FALSE	FALSE	FALSE	FALSE	FALSE							PRSS51	489	FALSE	blue	0.3996	0.7283	0.7283	0.014355	0.2748	0.2433	0.2309
ENSG00000223784.2	LINP1	ENSG00000223784.2	lncRNA	chr10	6709530	6740532	+	31003	4	5	5	intergenic	intergenic	other	FALSE	FALSE	FALSE	FALSE	FALSE	FALSE	FALSE							PRKCQ	129228	FALSE	grey	0.1746	-0.0365	0.0365	-0.0010083	0.4566	0.3417	0.4853
ENSG00000240032.1	LNCSRLR	ENSG00000240032.1	lncRNA	chr3	146066344	146069185	-	2842	1	2	2	intergenic	intergenic	other	FALSE	FALSE	FALSE	FALSE	FALSE	FALSE	FALSE							PLOD2	254	TRUE	greenyellow	0.5295	-0.0419	0.0419	-0.0112	1.0928	0.6656	0.8826
ENSG00000234546.4	LNCTAM34A	ENSG00000234546.4	lncRNA	chr1	9182004	9196284	+	14281	6	7	4	intergenic	intergenic	other	FALSE	FALSE	FALSE	FALSE	FALSE	FALSE	FALSE							H6PD	38489	TRUE	brown	0.4135	0.4347	0.4347	0.014779	0.7568	0.3305	0.8982
ENSG00000237797.1	MACORIS	ENSG00000237797.1	lncRNA	chr10	31693084	31707388	-	14305	1	2	2	intergenic	intergenic	other	FALSE	FALSE	FALSE	FALSE	FALSE	FALSE	FALSE							ARHGAP12	98009	TRUE	yellow	0.5954	0.1664	0.1664	0.0083386	0.9195	0.4084	0.9139
ENSG00000261390.6	MAFTRR	ENSG00000261390.6	lncRNA	chr16	79715220	79770651	-	55432	11	9	6	intergenic	intergenic	other	FALSE	FALSE	FALSE	FALSE	FALSE	FALSE	FALSE							MAF	114482	TRUE	blue	0.504	0.255	0.255	0.0057892	0.3264	0.2131	0.3738
ENSG00000251562.8	MALAT1	ENSG00000251562.8	lncRNA	chr11	65497688	65506516	+	8829	17	1	4	intergenic	intergenic	other	FALSE	FALSE	FALSE	FALSE	FALSE	FALSE	FALSE							SCYL1	18560	TRUE	black	0.547	0.8361	0.8361	0.082759	5.0023	1.2537	1
ENSG00000271849.1	MAN2A1-DT	ENSG00000271849.1	lncRNA	chr5	109687802	109688329	-	528	1	1	1	intergenic	intergenic	divergent	FALSE	FALSE	FALSE	FALSE	FALSE	FALSE	FALSE							MAN2A1	1036	FALSE	magenta	0.4786	-0.0883	0.0883	-0.0020306	0.4959	0.3042	0.6517
ENSG00000214548.18	MEG3	ENSG00000214548.18	lncRNA	chr14	100779410	100861031	+	81622	50	7	10	intergenic	intergenic	other	FALSE	FALSE	FALSE	FALSE	FALSE	FALSE	FALSE							RTL1	18721	FALSE	red	0.3939	0.6626	0.6626	0.016005	0.3522	0.3707	0.3209
ENSG00000225783.8	MIAT	ENSG00000225783.8	lncRNA	chr22	26646411	26676475	+	30065	29	11	6	intergenic	intergenic	other	FALSE	FALSE	FALSE	FALSE	FALSE	FALSE	FALSE							CRYBA4	15741	TRUE	yellow	0.5568	0.6214	0.6214	0.0159	0.4359	0.5077	0.3953
ENSG00000244625.7	MIATNB	ENSG00000244625.7	lncRNA	chr22	26672747	26780893	+	108147	15	17	9	intergenic	intergenic	other	FALSE	FALSE	FALSE	FALSE	FALSE	FALSE	FALSE							CRYBA4	42077	TRUE	yellow	0.38	0.6025	0.6025	0.0064213	0.4534	0.1572	0.6341
ENSG00000253716.6	MINCR	ENSG00000253716.6	lncRNA	chr8	143280161	143281690	-	1530	7	1	3	intergenic	intergenic	other	FALSE	FALSE	FALSE	FALSE	FALSE	FALSE	FALSE							GLI4	3229	FALSE	brown	0.7362	0.4708	0.4708	0.022808	1.1238	0.4932	0.9706
ENSG00000234883.6	MIR155HG	ENSG00000234883.6	lncRNA	chr21	25561909	25575168	+	13260	2	4	4	intergenic	intergenic	other	FALSE	FALSE	FALSE	FALSE	FALSE	FALSE	FALSE							MRPL39	10487	FALSE	yellow	0.7474	0.519	0.519	0.043256	1.4456	0.9316	0.9178
ENSG00000204682.8	MIR1915HG	ENSG00000204682.8	lncRNA	chr10	21492658	21497260	-	4603	1	2	2	intergenic	intergenic	other	FALSE	FALSE	FALSE	FALSE	FALSE	FALSE	FALSE							SKIDA1	16214	TRUE	red	0.604	0.0634	0.0634	0.0076075	1.1823	0.5522	0.9393
ENSG00000262454.4	MIR193BHG	ENSG00000262454.4	lncRNA	chr16	14301389	14331067	+	29679	19	8	5	intergenic	intergenic	other	FALSE	FALSE	FALSE	FALSE	FALSE	FALSE	FALSE							MRTFB	34615	TRUE	greenyellow	0.3879	0.2175	0.2175	0.0034494	0.4264	0.3617	0.3933
ENSG00000247095.3	MIR210HG	ENSG00000247095.3	lncRNA	chr11	565660	568457	-	2798	5	2	2	intergenic	intergenic	other	FALSE	FALSE	FALSE	FALSE	FALSE	FALSE	FALSE							RASSF7	1634	FALSE	pink	0.5792	0.506	0.506	0.053825	3.428	0.9599	0.9922
ENSG00000270069.1	MIR222HG	ENSG00000270069.1	lncRNA	chrX	45745211	45770274	-	25064	2	2	2	intergenic	intergenic	other	FALSE	FALSE	FALSE	FALSE	FALSE	FALSE	FALSE							DIPK2B	544309	TRUE	magenta	0.555	0.5516	0.5516	0.012249	0.5952	0.5915	0.5812
ENSG00000274536.7	MIR223HG	ENSG00000274536.7	lncRNA	chrX	66015461	66020422	+	4962	3	2	3	intergenic	intergenic	other	FALSE	FALSE	FALSE	FALSE	FALSE	FALSE	FALSE							VSIG4	1315	FALSE	yellow	0.4493	0.682	0.682	0.018482	0.4464	0.3447	0.4677
ENSG00000203709.12	MIR29B2CHG	ENSG00000203709.12	lncRNA	chr1	207801518	207879115	-	77598	7	12	8	intergenic	intergenic	other	FALSE	FALSE	FALSE	FALSE	FALSE	FALSE	FALSE							CD34	1856	TRUE	green	0.5233	0.7505	0.7505	0.017997	0.4849	0.3463	0.5323
ENSG00000253522.6	MIR3142HG	ENSG00000253522.6	lncRNA	chr5	160438594	160487426	+	48833	2	3	2	intergenic	intergenic	other	FALSE	FALSE	FALSE	FALSE	FALSE	FALSE	FALSE							PTTG1	9854	TRUE	yellow	0.473	0.6218	0.6218	0.021657	0.5412	0.4356	0.5538
ENSG00000228526.7	MIR34AHG	ENSG00000228526.7	lncRNA	chr1	9148011	9198906	-	50896	4	4	2	intergenic	intergenic	other	FALSE	FALSE	FALSE	FALSE	FALSE	FALSE	FALSE							GPR157	18908	TRUE	black	0.6028	0.8159	0.8159	0.040279	0.9809	0.5651	0.8297
ENSG00000247516.8	MIR4458HG	ENSG00000247516.8	lncRNA	chr5	8450701	8486930	+	36230	12	7	4	intergenic	intergenic	other	FALSE	FALSE	FALSE	FALSE	FALSE	FALSE	FALSE							MTRR	544675	TRUE	brown	0.3141	0.123	0.123	0.0073859	0.9866	0.454	0.8943
ENSG00000223749.11	MIR503HG	ENSG00000223749.11	lncRNA	chrX	134543119	134546642	-	3524	10	3	3	intergenic	intergenic	other	FALSE	FALSE	FALSE	FALSE	FALSE	FALSE	FALSE							PLAC1	19195	TRUE	black	0.4924	0.59	0.59	0.045616	1.3043	0.8283	0.8943
ENSG00000255571.9	MIR9-3HG	ENSG00000255571.9	lncRNA	chr15	89361579	89398487	+	36909	53	13	8	intergenic	intergenic	other	FALSE	FALSE	FALSE	FALSE	FALSE	FALSE	FALSE							POLG	26717	FALSE	grey	0.0901	-0.0217	0.0217	-0.00050147	0.71	0.8716	0.4325
ENSG00000269929.3	MIRLET7A1HG	ENSG00000269929.3	lncRNA	chr9	94166258	94200902	+	34645	5	5	5	intergenic	intergenic	other	FALSE	FALSE	FALSE	FALSE	FALSE	FALSE	FALSE							PTPDC1	56401	TRUE	black	0.6482	0.7494	0.7494	0.025536	0.6625	0.3978	0.7143
ENSG00000197182.14	MIRLET7BHG	ENSG00000197182.14	lncRNA	chr22	46053869	46113928	+	60060	4	9	6	intergenic	intergenic	other	FALSE	FALSE	FALSE	FALSE	FALSE	FALSE	FALSE							PPARA	36592	TRUE	grey	0.1986	0.6055	0.6055	0.012522	0.4054	0.2922	0.4423
ENSG00000227502.3	MROCKI	ENSG00000227502.3	lncRNA	chr6	113868013	113873351	-	5339	2	3	4	intergenic	intergenic	other	FALSE	FALSE	FALSE	FALSE	FALSE	FALSE	FALSE							MARCKS	4537	FALSE	blue	0.5381	0.5747	0.5747	0.040533	1.566	0.7221	0.9452
ENSG00000272455.1	MRPL20-DT	ENSG00000272455.1	lncRNA	chr1	1409096	1410618	+	1523	1	1	1	intergenic	intergenic	divergent	FALSE	FALSE	FALSE	FALSE	FALSE	FALSE	FALSE							MRPL20	1802	FALSE	turquoise	0.7178	0.7323	0.7323	0.030584	1.0109	0.4608	0.9569
ENSG00000260455.2	NBAT1	ENSG00000260455.2	lncRNA	chr6	22133205	22147193	-	13989	1	3	3	intergenic	intergenic	other	FALSE	FALSE	FALSE	FALSE	FALSE	FALSE	FALSE							PRL	140050	TRUE	grey	-0.1207	0.187	0.187	0.0027897	0.26	0.207	0.225
ENSG00000245532.9	NEAT1	ENSG00000245532.9	lncRNA	chr11	65422774	65445540	+	22767	9	1	3	intergenic	intergenic	other	FALSE	FALSE	FALSE	FALSE	FALSE	FALSE	FALSE							FRMD8	9248	TRUE	black	0.6019	0.8295	0.8295	0.089429	4.1012	1.3162	1
ENSG00000260032.2	NORAD	ENSG00000260032.2	lncRNA	chr20	36045618	36051018	-	5401	1	1	1	intergenic	intergenic	other	FALSE	FALSE	FALSE	FALSE	FALSE	FALSE	FALSE							CNBD2	14917	FALSE	midnightblue	0.613	0.0217	0.0217	-0.005264	6.1264	0.4213	1
ENSG00000235823.3	OLMALINC	ENSG00000235823.3	lncRNA	chr10	100373099	100454043	+	80945	36	16	7	intergenic	intergenic	other	FALSE	FALSE	FALSE	FALSE	FALSE	FALSE	FALSE							SCD	8272	TRUE	magenta	0.5491	0.3748	0.3748	0.0058154	0.6574	0.2749	0.8943
ENSG00000267107.8	PCAT19	ENSG00000267107.8	lncRNA	chr19	41449520	41501223	-	51704	35	9	6	intergenic	intergenic	other	FALSE	FALSE	FALSE	FALSE	FALSE	FALSE	FALSE							ERICH4	4754	FALSE	red	0.821	-0.002	0.002	0.0032201	1.1434	0.4202	0.9491
ENSG00000228288.7	PCAT6	ENSG00000228288.7	lncRNA	chr1	202810954	202812156	+	1203	4	3	2	intergenic	intergenic	other	FALSE	FALSE	FALSE	FALSE	FALSE	FALSE	FALSE							KDM5B	2466	FALSE	brown	0.5804	0.1407	0.1407	0.012927	1.6233	0.7044	0.9883
ENSG00000196696.13	PDXDC2P-NPIPB14P	ENSG00000196696.13	lncRNA	chr16	69976297	70065948	-	89652	6	28	26	intergenic	intergenic	other	FALSE	FALSE	FALSE	FALSE	FALSE	FALSE	FALSE							CLEC18A	11844	FALSE	black	0.6602	0.8808	0.8808	0.01778	0.3306	0.2528	0.3855
ENSG00000224397.7	PELATON	ENSG00000224397.7	lncRNA	chr20	50247643	50283250	+	35608	10	12	6	intergenic	intergenic	other	FALSE	FALSE	FALSE	FALSE	FALSE	FALSE	FALSE							CEBPB	54974	TRUE	yellow	0.3398	-0.026	0.026	-0.0017521	0.6198	0.4223	0.683
ENSG00000255874.2	PRECSIT	ENSG00000255874.2	lncRNA	chr13	110863987	110870251	-	6265	1	1	1	intergenic	intergenic	other	FALSE	FALSE	FALSE	FALSE	FALSE	FALSE	FALSE							ANKRD10	8288	TRUE	grey	0.3445	0.0078	0.0078	-0.0012647	0.8753	0.3375	0.9511
ENSG00000182257.8	PRR34	ENSG00000182257.8	lncRNA	chr22	46049478	46054144	-	4667	1	2	2	intergenic	intergenic	other	FALSE	FALSE	FALSE	FALSE	FALSE	FALSE	FALSE							WNT7B	72315	TRUE	grey	0.1054	0.0225	0.0225	0.00033014	0.4238	0.1321	0.6438
ENSG00000241990.5	PRR34-AS1	ENSG00000241990.5	lncRNA	chr22	46053705	46057210	+	3506	3	5	4	intergenic	intergenic	antisense	FALSE	FALSE	FALSE	FALSE	FALSE	FALSE	FALSE							WNT7B	76542	FALSE	brown	0.4922	-0.0361	0.0361	0.003844	1.18	0.4793	0.9922
ENSG00000259104.2	PTCSC3	ENSG00000259104.2	lncRNA	chr14	36136108	36176468	-	40361	1	4	4	intergenic	intergenic	other	FALSE	FALSE	FALSE	FALSE	FALSE	FALSE	FALSE							MBIP	122095	TRUE	grey	-0.1527	0.0279	0.0279	0.00027148	0.3284	0.5166	0.2642
ENSG00000249859.12	PVT1	ENSG00000249859.12	lncRNA	chr8	127794526	128187101	+	392576	176	58	13	intergenic	intergenic	other	FALSE	FALSE	FALSE	FALSE	FALSE	FALSE	FALSE							MYC	51574	TRUE	turquoise	0.3515	0.5603	0.5603	0.017169	0.7562	0.3406	0.8924
ENSG00000268751.1	SCGB1B2P	ENSG00000268751.1	lncRNA	chr19	34576733	34577701	-	969	2	3	3	intergenic	intergenic	other	FALSE	FALSE	FALSE	FALSE	FALSE	FALSE	FALSE							SCGB2B2	15627	TRUE	brown	0.5738	0.5012	0.5012	0.024257	0.9418	0.4939	0.9159
ENSG00000230438.7	SERPINB9P1	ENSG00000230438.7	lncRNA	chr6	2851230	2881407	-	30178	9	7	5	intergenic	intergenic	other	FALSE	FALSE	FALSE	FALSE	FALSE	FALSE	FALSE							SERPINB9	5862	TRUE	grey	0.1703	0.0967	0.0967	0.0089842	1.3645	0.7941	0.9002
ENSG00000225383.8	SFTA1P	ENSG00000225383.8	lncRNA	chr10	10784437	10795047	-	10611	12	5	5	intergenic	intergenic	other	FALSE	FALSE	FALSE	FALSE	FALSE	FALSE	FALSE							CELF2	3349	FALSE	red	0.4355	0.0953	0.0953	0.0034741	0.5133	0.4109	0.5264
ENSG00000174365.20	SNHG11	ENSG00000174365.20	lncRNA	chr20	38446343	38450940	+	4598	39	2	6	intergenic	intergenic	other	FALSE	FALSE	FALSE	FALSE	FALSE	FALSE	FALSE							RALGAPB	21875	TRUE	turquoise	0.6208	0.4571	0.4571	0.015504	1.3818	0.3464	0.998
ENSG00000232956.9	SNHG15	ENSG00000232956.9	lncRNA	chr7	44983023	44986961	-	3939	14	1	5	intergenic	intergenic	other	FALSE	FALSE	FALSE	FALSE	FALSE	FALSE	FALSE							MYO1G	3934	TRUE	grey	0.6163	0.3094	0.3094	0.021966	2.5377	0.6849	1
ENSG00000196756.13	SNHG17	ENSG00000196756.13	lncRNA	chr20	38419638	38435409	-	15772	89	7	9	intergenic	intergenic	other	FALSE	FALSE	FALSE	FALSE	FALSE	FALSE	FALSE							RALGAPB	37406	FALSE	turquoise	0.3569	0.4988	0.4988	0.016597	1.1709	0.401	0.9922
ENSG00000266402.3	SNHG25	ENSG00000266402.3	lncRNA	chr17	64145970	64146476	+	507	2	2	2	intergenic	intergenic	other	FALSE	FALSE	FALSE	FALSE	FALSE	FALSE	FALSE							TEX2	750	FALSE	brown	0.5889	0.4568	0.4568	0.026393	0.8153	0.5958	0.7573
ENSG00000228649.9	SNHG26	ENSG00000228649.9	lncRNA	chr7	22854126	22872945	+	18820	13	7	6	intergenic	intergenic	other	FALSE	FALSE	FALSE	FALSE	FALSE	FALSE	FALSE							FAM126A	16425	FALSE	grey	0.432	0.5886	0.5886	0.014603	0.6248	0.3357	0.7476
ENSG00000204387.14	SNHG32	ENSG00000204387.14	lncRNA	chr6	31834608	31839766	+	5159	10	5	5	intergenic	intergenic	other	FALSE	FALSE	FALSE	FALSE	FALSE	FALSE	FALSE							HSPA1B	4353	TRUE	grey	-0.0618	0.1168	0.1168	0.007701	2.8058	0.6107	0.9961
ENSG00000203875.13	SNHG5	ENSG00000203875.13	lncRNA	chr6	85650491	85678932	-	28442	89	6	9	intergenic	intergenic	other	FALSE	FALSE	FALSE	FALSE	FALSE	FALSE	FALSE							SYNCRIP	6427	TRUE	grey	0.1644	0.0279	0.0279	0.0084761	3.066	0.7352	1
ENSG00000187621.15	TCL6	ENSG00000187621.15	lncRNA	chr14	95650498	95679833	+	29336	12	13	9	intergenic	intergenic	other	FALSE	FALSE	FALSE	FALSE	FALSE	FALSE	FALSE							TCL1B	6592	TRUE	tan	0.3576	0.1163	0.1163	0.0020547	0.2148	0.33	0.2114
ENSG00000226674.11	TEX41	ENSG00000226674.11	lncRNA	chr2	144666312	145262988	+	596677	189	64	9	intergenic	intergenic	other	FALSE	FALSE	FALSE	FALSE	FALSE	FALSE	FALSE							ZEB2	145254	FALSE	lightcyan	0.4435	0.16	0.16	0.0070777	0.4998	0.4452	0.4834
ENSG00000251179.1	TMEM92-AS1	ENSG00000251179.1	lncRNA	chr17	50281577	50287855	-	6279	1	4	4	intergenic	intergenic	antisense	FALSE	FALSE	FALSE	FALSE	FALSE	FALSE	FALSE							TMEM92	91	FALSE	greenyellow	0.7982	0.2622	0.2622	0.0076945	0.4683	0.4901	0.4051
ENSG00000241657.1	TRBV11-2	ENSG00000241657.1	lncRNA	chr7	142433895	142434394	+	500	1	2	2	intergenic	intergenic	other	FALSE	FALSE	FALSE	FALSE	FALSE	FALSE	FALSE							PRSS58	175836	FALSE	yellow	0.5628	0.0028	0.0028	0.0024562	0.7087	0.6468	0.6458
ENSG00000281103.2	TRG-AS1	ENSG00000281103.2	lncRNA	chr7	38341577	38378804	+	37228	5	7	4	intergenic	intergenic	antisense	FALSE	FALSE	FALSE	FALSE	FALSE	FALSE	FALSE							AMPH	4899	FALSE	yellow	0.8899	0.3675	0.3675	0.0099638	0.5172	0.306	0.6106
ENSG00000230454.1	U73166.1	ENSG00000230454.1	lncRNA	chr3	50260303	50263358	+	3056	3	2	2	intergenic	intergenic	other	FALSE	FALSE	FALSE	FALSE	FALSE	FALSE	FALSE							GNAI2	940	TRUE	magenta	0.6675	0.7653	0.7653	0.0093152	0.2317	0.2071	0.1977
ENSG00000272462.3	U91328.1	ENSG00000272462.3	lncRNA	chr6	25992641	26001775	+	9135	10	4	4	intergenic	intergenic	other	FALSE	FALSE	FALSE	FALSE	FALSE	FALSE	FALSE							TRIM38	1409	TRUE	tan	0.7115	0.247	0.247	0.0099248	1.1182	0.4066	0.9785
ENSG00000272810.1	U91328.3	ENSG00000272810.1	lncRNA	chr6	26013241	26013757	+	517	1	1	1	intergenic	intergenic	other	FALSE	FALSE	FALSE	FALSE	FALSE	FALSE	FALSE							H1-1	3274	FALSE	turquoise	0.587	0.6706	0.6706	0.021948	0.4632	0.3741	0.4951
ENSG00000229807.12	XIST	ENSG00000229807.12	lncRNA	chrX	73820649	73852723	-	32075	30	7	8	intergenic	intergenic	other	FALSE	FALSE	FALSE	FALSE	FALSE	FALSE	FALSE							CHIC1	133546	FALSE	grey	-0.2617	0.2399	0.2399	0.026311	0.9169	1.3826	0.3483
ENSG00000239407.5	Z68871.1	ENSG00000239407.5	lncRNA	chrX	102884414	102906158	+	21745	2	6	6	intergenic	intergenic	clone-based (unnamed)	FALSE	FALSE	FALSE	FALSE	FALSE	FALSE	FALSE							RAB40AL	31113	TRUE	midnightblue	0.7192	0.4379	0.4379	0.0062401	0.6356	0.3063	0.7808
ENSG00000268836.1	Z69706.1	ENSG00000268836.1	lncRNA	chr16	185748	186294	-	547	1	1	1	intergenic	intergenic	clone-based (unnamed)	FALSE	FALSE	FALSE	FALSE	FALSE	FALSE	FALSE							LUC7L	2674	TRUE	turquoise	0.5143	0.6144	0.6144	0.027729	0.8568	0.4745	0.865
ENSG00000287236.1	Z73420.1	ENSG00000287236.1	lncRNA	chr22	37033124	37035513	+	2390	1	2	2	intergenic	intergenic	clone-based (unnamed)	FALSE	FALSE	FALSE	FALSE	FALSE	FALSE	FALSE							MPST	3301	TRUE	blue	0.4994	0.0814	0.0814	0.0052316	0.4804	0.3518	0.5519
ENSG00000273243.1	Z82243.1	ENSG00000273243.1	lncRNA	chr22	45155539	45156011	-	473	1	1	1	intergenic	intergenic	clone-based (unnamed)	FALSE	FALSE	FALSE	FALSE	FALSE	FALSE	FALSE							NUP50	7913	FALSE	green	0.3744	0.6974	0.6974	0.012693	0.3443	0.2698	0.3777
ENSG00000286977.1	Z83745.1	ENSG00000286977.1	lncRNA	chrX	57222706	57224791	+	2086	1	2	2	intergenic	intergenic	clone-based (unnamed)	FALSE	FALSE	FALSE	FALSE	FALSE	FALSE	FALSE							FAAH2	61914	TRUE	turquoise	0.7412	0.8137	0.8137	0.032388	0.7569	0.4731	0.7221
ENSG00000271533.1	Z83843.1	ENSG00000271533.1	lncRNA	chrX	74209976	74213660	-	3685	1	1	1	intergenic	intergenic	clone-based (unnamed)	FALSE	FALSE	FALSE	FALSE	FALSE	FALSE	FALSE							ZCCHC13	90519	FALSE	black	0.5389	0.8772	0.8772	0.034712	1.0812	0.5246	0.9139
ENSG00000272858.1	Z93930.3	ENSG00000272858.1	lncRNA	chr22	28814914	28815662	+	749	1	1	1	intergenic	intergenic	clone-based (unnamed)	FALSE	FALSE	FALSE	FALSE	FALSE	FALSE	FALSE							XBP1	14316	FALSE	grey	-0.076	0.5932	0.5932	0.010294	0.3561	0.195	0.4031
ENSG00000286511.1	Z95118.2	ENSG00000286511.1	lncRNA	chr6	108798929	108837113	+	38185	2	3	2	intergenic	intergenic	clone-based (unnamed)	FALSE	FALSE	FALSE	FALSE	FALSE	FALSE	FALSE							ARMC2	11302	TRUE	salmon	0.3848	0.4047	0.4047	0.0085457	0.3613	0.2218	0.4168
ENSG00000286144.1	Z97056.2	ENSG00000286144.1	lncRNA	chr22	38416565	38423933	-	7369	1	4	4	intergenic	intergenic	clone-based (unnamed)	FALSE	FALSE	FALSE	FALSE	FALSE	FALSE	FALSE							KCNJ4	2393	TRUE	grey	0.2559	0.0322	0.0322	0.0044519	1.145	0.9373	0.7515
ENSG00000286393.1	Z97192.4	ENSG00000286393.1	lncRNA	chr22	49662312	49664968	-	2657	1	2	2	intergenic	intergenic	clone-based (unnamed)	FALSE	FALSE	FALSE	FALSE	FALSE	FALSE	FALSE							BRD1	108314	TRUE	red	0.5736	0.231	0.231	0.0070711	0.3816	0.2386	0.4325
ENSG00000259840.1	Z97653.1	ENSG00000259840.1	lncRNA	chr16	710746	711277	-	532	1	2	2	intergenic	intergenic	clone-based (unnamed)	FALSE	FALSE	FALSE	FALSE	FALSE	FALSE	FALSE							METRN	3840	FALSE	turquoise	0.381	0.5119	0.5119	0.013624	0.3305	0.2692	0.3346
ENSG00000271734.1	Z98200.1	ENSG00000271734.1	lncRNA	chr6	108030249	108030718	-	470	1	1	1	intergenic	intergenic	clone-based (unnamed)	FALSE	FALSE	FALSE	FALSE	FALSE	FALSE	FALSE							OSTM1	10690	TRUE	turquoise	0.4275	0.5713	0.5713	0.01079	0.2554	0.2204	0.229
ENSG00000287804.1	Z98745.2	ENSG00000287804.1	lncRNA	chr6	28476996	28489455	-	12460	1	2	2	intergenic	intergenic	clone-based (unnamed)	FALSE	FALSE	FALSE	FALSE	FALSE	FALSE	FALSE							GPX6	13840	TRUE	grey	0.1359	-0.0192	0.0192	-0.0009409	0.4189	0.5081	0.3973
ENSG00000224596.8	ZMIZ1-AS1	ENSG00000224596.8	lncRNA	chr10	78943328	79067895	-	124568	4	12	10	intergenic	intergenic	antisense	FALSE	FALSE	FALSE	FALSE	FALSE	FALSE	FALSE							ZMIZ1	1070	FALSE	greenyellow	0.6043	0.2379	0.2379	0.0018916	0.29	0.2715	0.2114
ENSG00000226051.8	ZNF503-AS1	ENSG00000226051.8	lncRNA	chr10	75243568	75373500	+	129933	25	20	6	intergenic	intergenic	antisense	FALSE	FALSE	FALSE	FALSE	FALSE	FALSE	FALSE							COMTD1	7537	FALSE	red	0.4744	0.0826	0.0826	0.0032159	0.5001	0.2535	0.6712
ENSG00000261087.1	ZNNT1	ENSG00000261087.1	lncRNA	chr8	101166805	101169629	-	2825	1	1	1	intergenic	intergenic	other	FALSE	FALSE	FALSE	FALSE	FALSE	FALSE	FALSE							ZNF706	8248	TRUE	purple	0.5572	0.4681	0.4681	0.023763	1.609	0.5196	0.998
