sample_barcode	assigned_reads	pct_noFeature	pct_multimapping	tmm_norm_factor	tmm_effective_libsize	deseq_size_factor	deseq_size_factor_rel_libsize	lnc_read_share_all	lnc_read_share_production	protein_coding_read_share	fpkm_vs_cpm_scale	lnc_axis
TCGA-3Z-A93Z-01A	32552047	2.94071315022745	6.59992137014337	1.12039007064577	36470990.2379944	0.643419617503623	1.12628556185372	0.0110215495818128	0.0102258085336385	0.969513192211845	1.03144548009564	0.0033907284817585
TCGA-6D-AA2E-01A	41006631	3.94556730464727	8.21056334175316	0.999057065357003	40967964.4270375	0.712885627709515	0.9905999265208	0.0120103014558792	0.0104909374291197	0.953341716855501	1.04894182465695	-0.00453013125383583
TCGA-A3-3306-01A	40439528	4.64877349478718	9.38940435153163	1.05857742998871	42808371.6201963	0.76216467235881	1.07392823123726	0.0141608230442254	0.0132266380557162	0.969145361933997	1.03183695581479	0.00911304274921509
TCGA-A3-3307-01A	43263257	5.68710222395167	7.07151993599898	1.16138942234166	50245489.0558486	0.893347209635186	1.17661287504843	0.013092634241569	0.0120589626435199	0.972413681198343	1.02836891267065	0.0376204633436024
TCGA-A3-3308-01A	47501995	7.65003801250083	6.16329563847062	1.18376055447354	56230987.9397994	0.953215254978018	1.14343546170711	0.0124823178479135	0.0110354733522245	0.973964230344431	1.02673175137691	0.0258268578703604
TCGA-A3-3311-01A	65030600	5.22114946682492	7.26074739006204	1.027853829423	66841951.2396752	1.22264554256587	1.07131042334761	0.00990013931902827	0.00907863375088036	0.960810095555016	1.04078839785956	-0.00915391042994105
TCGA-A3-3313-01A	64444015	6.13156827124828	11.0605829505812	0.99804737300525	64318179.876661	1.06687625452355	0.943330728591288	0.0129325275589983	0.0113683792048028	0.931747440006648	1.07325221091336	0.00773823685567091
TCGA-A3-3316-01A	35150579	7.52816316437414	8.73878963342998	1.1167617824251	39254823.2573144	0.645177579994467	1.04587385522206	0.0135274300887049	0.0121689602893881	0.962545083539022	1.03891237626321	0.0273306205913847
TCGA-A3-3317-01A	58285168	9.07413499307496	6.99718774601212	1.24114203673694	72340172.1230745	1.22523802090026	1.19782930813304	0.0151670147026084	0.0133061467713364	0.954885726674066	1.04724573010749	0.0538761049570536
TCGA-A3-3319-01A	71267258	6.39916634559323	6.7631400152661	0.961778143947105	68543291.1234395	1.14113083739844	0.912384533386779	0.0117777366992287	0.00976254762039533	0.972212976118711	1.02858121066458	0.00193649877921314
TCGA-A3-3320-01A	57279554	10.8281083143773	5.87469665709431	1.26216254191826	72296107.4765845	1.19556005641883	1.18933525220946	0.018664234012716	0.0172306509230152	0.969562943873481	1.03139255302489	0.0769150400615964
TCGA-A3-3322-01A	46262292	9.47773211592264	7.15649645038994	1.15988061065598	53658735.4953051	0.889518943194607	1.09562158137671	0.0153922767164238	0.0141375183054052	0.961204883666378	1.04036092303822	0.0639732259994535
TCGA-A3-3323-01A	44600731	9.41207139313535	6.88250466475001	1.24006391043098	55307756.8919403	0.921766008134021	1.17763643642914	0.0155910000667926	0.0140238508646865	0.968474014472992	1.0325522265501	0.0542192579685901
TCGA-A3-3324-01A	63557377	6.98931136698631	7.93185066889924	1.08314948654696	68842140.2638219	1.21290818053663	1.0874129033555	0.0123299298522027	0.0113285040067025	0.964585086637543	1.03671517821814	0.0280296073956976
TCGA-A3-3325-01A	83698906	5.98895972897623	8.64752786177721	1.11496537369701	93321382.0063213	1.68835728635511	1.14941562735652	0.0154564863727132	0.0142214164663036	0.967180263980989	1.0339334219703	0.0602994505915702
TCGA-A3-3326-01A	23142695	8.07319272204872	7.82257352950314	1.20178602278582	27812567.3805954	0.457640445343475	1.12679001624738	0.0157709808645882	0.0145786391775029	0.958994447275911	1.0427589052685	0.0747193108635217
TCGA-A3-3328-01A	72963341	5.1918743598568	8.04768610375152	0.978970601456736	71428965.8230629	1.26420757733707	0.987293321885952	0.0196939857784199	0.0160569538612548	0.958368463417814	1.0434400109888	
TCGA-A3-3329-01A	54084899	4.81261653268025	7.86737866914106	1.04420823920106	56475897.1521572	1.02691101776146	1.08190546107759	0.012762249958163	0.0118832245577458	0.96911089729501	1.03187365119019	0.0217145815394146
TCGA-A3-3331-01A	66625642	8.09228954563304	6.28271178134819	1.13350396467465	75520429.3559936	1.32854642016187	1.13623417911341	0.0138671084024976	0.0127507064021987	0.960570421220106	1.04104808758301	0.0426709915688286
TCGA-A3-3335-01A	63614895	5.68926323004781	8.86594883628518	0.965860645487072	61443123.5472923	1.04941919805225	0.939988873102262	0.0127295659294887	0.0113282903320048	0.953818740092238	1.04841722852216	0.0152730063375721
TCGA-A3-3343-01A	58339357	5.02174653257312	7.58833196613101	1.04275428420468	60833614.449496	1.11856563450146	1.09252744830474	0.0132306909039124	0.0123662144579345	0.972399387260988	1.02838402934082	0.0338922950393678
TCGA-A3-3346-01A	57310468	3.55126752666128	8.07200173921266	0.962735064800251	55174797.1237127	0.963418542282776	0.957885431792423	0.0103693272928778	0.00910172291735604	0.97845470394693	1.02201971738309	-0.00997224773539743
TCGA-A3-3347-01A	50271069	8.0338341074529	6.14862483770758	1.1948334609239	60065555.3576144	1.03409769281947	1.17213051182719	0.012747033487591	0.011244698217975	0.962768744782411	1.03867102605829	0.0335890847169352
TCGA-A3-3349-01A	49411358	5.25929718930168	6.50425038024196	1.17830257310619	58221530.2720712	1.04502396399861	1.20512468440444	0.0128623058690271	0.0118552297226885	0.977460627574737	1.02305911030011	0.0340058509533658
TCGA-A3-3351-01A	47397648	11.22993411917	6.26273529004473	1.32032081564944	62580101.2672249	1.03701077563412	1.24669150561169	0.0173370628010909	0.0155600125980935	0.967678332899557	1.03340125122322	0.0891628095566513
TCGA-A3-3352-01A	86237961	6.58812157013499	7.8244034084559	1.11127334914779	95833947.7441461	1.73865534894005	1.14880824536219	0.0152201302625882	0.0140250533057014	0.974546881969995	1.02611790002196	0.0579633770726751
TCGA-A3-3357-01A	73457181	6.5513851924603	8.70626652745749	0.957140318432651	70308829.6135049	1.23545992341228	0.958356133766597	0.0134684041305642	0.0125487799484165	0.963341677922544	1.03805329190834	0.0162059889379691
TCGA-A3-3358-01A	74126970	5.65486611240063	8.17074054479446	1.08295223440677	80275967.7913037	1.39407132487678	1.07162112999476	0.0127834039351669	0.0115936075628074	0.958058409779868	1.04377769642434	0.028023681137716
TCGA-A3-3359-01A	44923300	7.93184673968684	7.03831276330824	1.23247218663556	55366717.7818851	0.9555231117016	1.21199845764733	0.0167735228712049	0.0154103104624994	0.967080201142837	1.03404040204552	0.0678716343720781
TCGA-A3-3362-01A	44597559	7.01890655957003	6.95120585497821	1.19168764898796	53146360.2353118	0.917678084305148	1.17249714523812	0.0139817517815269	0.0127931889725175	0.971350651725131	1.02949434194952	0.0425594021454841
TCGA-A3-3363-01A	64360854	5.04540723907198	6.90636420444344	1.17514715246078	75633474.3080439	1.33291357022775	1.18008343442494	0.0135115360650746	0.01213120944604	0.973830816477357	1.0268724126202	0.0263397303652354
TCGA-A3-3365-01A	50075225	6.55975200830524	8.67207334870574	1.22948828455873	61566902.4841422	1.04989900111032	1.19469524652601	0.0129794324438882	0.0116323191758	0.970877734448522	1.0299958115406	0.0286306871717786
TCGA-A3-3367-01A	74809063	7.06529588697907	8.20034832730251	1.1168794267692	83552703.4005809	1.46007549134261	1.11212503799782	0.0148120288580543	0.0136050093288831	0.970103969889317	1.03081734642741	0.0388776124856666
TCGA-A3-3370-01A	79527951	9.36337932588041	6.32959188296082	1.17050218853734	93087640.6953905	1.65700010605661	1.18723110261799	0.0146455175237697	0.0132801610844972	0.970860609749646	1.03001397930633	0.0571439312024957
TCGA-A3-3372-01A	61668533	10.2669892342155	6.35447435501073	1.25135797270674	77169410.4346789	1.29803742078729	1.19937810944735	0.0144485356899928	0.0130171249573912	0.96579135423896	1.0354203271865	0.0625576597622533
TCGA-A3-3373-01A	77366218	4.3972907865591	7.54780696345973	0.894741079720432	69222733.4272063	1.30736418334283	0.962892354184071	0.00934659879587238	0.00874105026046381	0.969759152502453	1.03118387428416	-0.03070408480393
TCGA-A3-3374-01A	61478352	3.46716613325437	11.2412834825725	0.718869551971803	44194915.3582048	0.741066288477517	0.68685863549073	0.00791934045336804	0.00626062650475732	0.964997093611097	1.03627255109953	-0.0629228735965182
TCGA-A3-3376-01A	86665368	7.10999115829494	5.80870089538033	1.17306769581875	101664343.547044	1.8036227557482	1.18585787809587	0.0113485123607852	0.0101783217490059	0.9766141072637	1.02394588872141	0.0189301069180977
TCGA-A3-3378-01A	62290184	7.99980855547593	6.92460401324588	1.07035911807994	66672866.411277	1.15847392680054	1.05973962288379	0.0118470512143615	0.0104690491843787	0.957143825421996	1.04477506247205	0.0264060155237971
TCGA-A3-3380-01A	64107471	7.15258420895166	9.2790270373233	1.1388342186316	73007781.6447333	1.24197586922726	1.10391856182529	0.0155611036348634	0.0142625654348461	0.968915775822759	1.03208145119822	0.05907669166168
TCGA-A3-3382-01A	53458719	8.13962740907259	6.68328960944451	1.15290589171125	61632872.0984359	1.03789260227884	1.10628338841703	0.0146156700836771	0.0131443104725349	0.978821546397324	1.02163668513492	0.0266024671899487
TCGA-A3-3383-01A	42198296	3.0802611082902	8.46005490674638	1.00908083090129	42581491.5902987	0.744736972529322	1.00563533175953	0.0123360905378739	0.0115256312719357	0.971014350911231	1.02985089670566	0.0222289795105571
TCGA-A3-3385-01A	69551921	7.38223844878313	8.84235660515246	1.03525971669449	72004302.0300176	1.24010559582612	1.01597275131013	0.013640615332537	0.0126738555503018	0.968700993894906	1.03231028594205	0.0328142936393571
TCGA-A3-3387-01A	64846612	5.31471195063122	6.20770095622831	1.15240531641049	74729580.4200081	1.33271586074841	1.17106984530348	0.0118558082880259	0.0107053395480399	0.9730015039182	1.02774764064915	0.0143199712825213
TCGA-A3-A6NI-01A	58629846	4.77471760438108	6.99938179503517	1.08875000486839	63833245.1179331	1.14936720941048	1.11704989475141	0.0117532288930112	0.0108945194909773	0.974556167178061	1.02610812355291	0.0164484106010698
TCGA-A3-A6NJ-01A	52310953	4.36881362614117	7.27577359140273	1.08757461922052	56892064.7900373	1.02375053912785	1.1151519135687	0.0106150427043453	0.00983155477974183	0.971699464163843	1.02912478279538	0.0036238350615154
TCGA-A3-A6NL-01A	47052973	5.51951482246602	6.96200155157651	1.17906217053529	55478380.4755182	0.96547581818088	1.16919474327886	0.0125239695268565	0.0115659004161119	0.975748716239461	1.02485402579263	0.0315307741151217
TCGA-A3-A6NN-01A	53595806	4.8643900485651	7.0182924062071	1.16708428695538	62550823.0293087	1.12566033690067	1.19676555218487	0.0139508117482178	0.0129254703250474	0.966858656813557	1.03427734028432	0.0272775162272249
TCGA-A3-A8CQ-01A	46285547	5.72625533905389	7.60568745649664	1.1984569424727	55471235.1382966	0.993182472405882	1.22268946025757	0.013260230023856	0.0123031494042838	0.972984158532252	1.02776596230354	0.0378447893146191
TCGA-A3-A8OV-01A	47173301	4.35699573033887	7.72028652857402	1.04205773273937	49157303.0858921	0.923002934283566	1.11490878292488	0.0141825563574616	0.0133645936713227	0.965599820966525	1.03562570982982	0.0374910866555758
TCGA-A3-A8OW-01A	50652782	6.43545356505374	6.41485864291215	1.19627010713041	60594408.9495935	1.05937012317178	1.19172744221925	0.0133864907953131	0.0122889005385726	0.974139110463864	1.02654742968263	0.0501566865805138
TCGA-AK-3425-01A	47555546	2.06614547886239	8.99411495956539	0.866043681624659	41185180.1395108	0.789862731392821	0.946417959404278	0.00696820934407945	0.00637837277696275	0.971940728006782	1.02886932421359	-0.0647088545096216
TCGA-AK-3426-01A	35155318	7.55509679575072	13.4712569975251	1.07013793190699	37621039.3000527	0.560603252569288	0.908650991859225	0.0115785327272534	0.0100611805019087	0.934190070475255	1.07044597411666	0.0502387841106424
TCGA-AK-3427-01A	56689994	3.00737713937823	13.145894094945	0.687222754265239	38958653.8159599	0.65320469665684	0.656561496425973	0.011192998185888	0.00932848925685192	0.933728057900306	1.07097563529227	
TCGA-AK-3428-01A	29505584	1.91738683853469	9.32837119479454	0.947855758675197	27967037.7074747	0.492675422244584	0.951457086315604	0.00890882214024301	0.00841532233356235	0.979263518390282	1.02117558881781	-0.0585336750232888
TCGA-AK-3429-01A	42228920	2.27482966705664	8.54894538510069	0.883499956958876	37309249.0024198	0.72145750079153	0.973494049043737	0.00735197584972573	0.0068911305332933	0.969770716371624	1.03117157810403	-0.0510006412083294
TCGA-AK-3431-01A	39096089	2.22637363136589	8.28984953963796	0.970339688081058	37936486.8054493	0.676857172163241	0.986498077110702	0.00784257473938122	0.00722926531091128	0.981376628235116	1.01897678345813	-0.0588069367141004
TCGA-AK-3433-01A	42369048	4.6647857169815	10.6090189692875	0.861854957573592	36515974.0664735	0.572325948390714	0.769710220481327	0.0124356818213145	0.0101993559071707	0.942289899928835	1.0612445279054	-0.0406769557278979
TCGA-AK-3434-01A	40170065	4.76533234945169	7.90423405322727	1.02526244347847	41184858.996589	0.70530896228642	1.00048225567152	0.0110707811899234	0.0102261223625105	0.967157085755276	1.03395820051205	0.01468386466979
TCGA-AK-3436-01A	52556106	3.28003436706345	9.56938495974754	0.792167028400661	41633214.3143301	0.712787690252214	0.772804306499689	0.00911005469088596	0.0083185196407055	0.967250636871765	1.03385819753415	-0.0448071004806061
TCGA-AK-3440-01A	62890922	3.24419588538819	9.32401328149983	0.732765785437402	46084315.8562124	0.83206119814811	0.753875849281847	0.0110726950385622	0.00925300475003372	0.947546610940129	1.05535705415887	-0.0560749849790171
TCGA-AK-3443-01A	74686650	4.21723801742536	9.9082241235227	0.79151744891477	59115786.6759903	1.07535867110709	0.82043255301734	0.0138076617441002	0.0118242952388412	0.948957678514166	1.05378777435655	-0.0452672506511155
TCGA-AK-3444-01A	141118797	3.59431801358933	7.64794905053782	0.866794358184891	122320977.073439	2.44389086573079	0.98680073697227	0.009281470844738	0.00869276117766225	0.972125088339578	1.02867420252267	-0.0194925927660999
TCGA-AK-3445-01A	46491231	6.19953368409254	6.88204343833389	1.05677328456855	49130690.8875053	0.844428705069949	1.03496214440497	0.0119631377366626	0.010669388384231	0.968566588395992	1.03245353699023	0.0168283916052007
TCGA-AK-3447-01A	44809955	0.965123867815179	11.7903982517981	0.451100084951593	20213774.5071771	0.27124948079122	0.344926792847904	0.00743714203685319	0.00585412326345786	0.946303472074453	1.05674345440986	
TCGA-AK-3450-01A	55042531	4.49169750938838	6.67238976915613	0.98295067993738	54104093.2719243	1.00074028934342	1.03598987628897	0.0110883709181178	0.010263881215782	0.970220500943171	1.03069353721951	-0.00517704523802946
TCGA-AK-3451-01A	45241768	1.38363930320557	11.1206184354648	0.698934349715348	31621025.6970527	0.518696547935365	0.653290453416459	0.00770714796114953	0.0073052626944199	0.909253612723535	1.09980316383308	-0.0617112323750818
TCGA-AK-3453-01A	31142418	10.5118415304039	9.80965304124495	1.16326378421665	36226847.0123368	0.519875342822014	0.951216582519207	0.0142788848316146	0.0126054759139127	0.919581581622853	1.087451097308	0.0844467887033887
TCGA-AK-3454-01A	21187538	11.3391622166386	14.9631813938212	1.23672291547979	26203113.7671989	0.351502549599424	0.945323616097769	0.0126698061851264	0.0104550136972026	0.945715212404575	1.05740077655873	0.0504803566799378
TCGA-AK-3455-01A	46992522	5.49391602610632	9.93081393818198	1.1183977382478	52556330.3193599	0.892206242989765	1.08185492608099	0.0134841879735674	0.0122981056432766	0.966723833209037	1.03442158520133	0.0342998844826055
TCGA-AK-3456-01A	46156453	3.65540185792487	8.78267526150991	0.940676963457549	43418312.0520111	0.763671116824389	0.942771533475562	0.00862626944059155	0.00760119067208219	0.960179890772803	1.04147150925557	-0.0474113621617981
TCGA-AK-3458-01A	42903843	9.91452851350224	12.3666223413871	1.22964148333585	52756345.1473283	0.763157303527605	1.01356217002705	0.0171567614584083	0.0152873951174957	0.956416281870135	1.04556982033456	0.0541233317216781
TCGA-AK-3460-01A	37437900	6.62452196155934	8.82152343714058	1.09124090013502	40853767.6951648	0.678049247006844	1.03200613874757	0.0120143223845355	0.0110045969458757	0.951807740284578	1.05063234692861	0.0234485798457242
TCGA-AK-3461-01A	43372282	8.86644275688459	6.55537936168676	1.23152417061305	53414013.6176454	0.896016124588264	1.17716156843297	0.0136488091634192	0.0123606131676447	0.972194453591351	1.0286008074886	0.0465892905999119
TCGA-AK-3465-01A	64232978	5.45211210771207	12.7510287157575	0.898070766892755	57685759.8122655	0.944616088960811	0.837972571273608	0.0130723816043528	0.0104901254928582	0.959142155918725	1.04259831958083	-0.0109732989298129
TCGA-AS-3777-01A	71751000	2.76118968556829	10.4648834769981	0.615276055855274	44146672.2836718	0.74379641043515	0.590688672295785	0.00601124723000376	0.00431012808183858	0.970205098186785	1.03070990027665	-0.089395100304277
TCGA-AS-3778-01A	58920194	6.36270821705155	7.38011613664403	1.15404791992764	67996727.3274331	1.18560683098577	1.1465923696305	0.0140446584408734	0.0130361417343602	0.974210998015383	1.02647168019777	0.0419713018733397
TCGA-B0-4688-01A	57109648	5.61504519763599	5.38691316098224	1.12983966060875	64524745.3138053	1.09756735010717	1.09510110848348	0.0131279919638097	0.0101463766682645	0.977734287558558	1.022772764262	
TCGA-B0-4690-01A	59448440	5.70200340649801	6.81769278533343	1.0992748513854	65350175.0460936	1.15060180125883	1.10285168087687	0.010719591632682	0.00942132375550982	0.974300183486732	1.02637771905297	-0.00428372106569655
TCGA-B0-4691-01A	55799857	9.41399877362816	9.2053389897409	1.14986790430146	64162464.6289112	0.949704578729129	0.969812926407696	0.0116056569822392	0.00990192501747809	0.953045381460386	1.04926797763572	0.0179979268051478
TCGA-B0-4693-01A	46342112	6.76304862203543	8.64883451513627	1.07588478849481	49858773.3675229	0.887627289055889	1.09140853496604	0.0123489624296795	0.0114091692670373	0.954497347898171	1.04767184759814	0.0265777840496742
TCGA-B0-4694-01A	61552627	3.07356806246242	8.2298175853119	0.905636555064358	55744309.0714414	1.04854424086532	0.970672417379932	0.00876947136634802	0.00789296937724526	0.965377903367146	1.03586377574222	-0.0347335414032116
TCGA-B0-4696-01A	41798090	6.75313362640962	6.16743192735807	1.15218585622479	48159168.115211	0.766617514232814	1.04509272061732	0.0111973059056048	0.00890318193965322	0.981576717979219	1.01876906988861	-0.0192753599517642
TCGA-B0-4697-01A	21976306	5.24705567780023	15.7823935314109	1.11558967302469	24516540.0248306	0.343817623326031	0.891468419587017	0.0130688478764356	0.0111458677359152	0.758789397999828	1.31788873518265	
TCGA-B0-4698-01A	67839281	4.9643712483079	8.23890071771291	1.07320835080556	72805682.881845	1.32533087554681	1.11320616239968	0.011451330092959	0.00906423226979661	0.97926077665829	1.0211784479028	-0.0209897814396382
TCGA-B0-4699-01A	95647340	7.60498511843476	6.14318104535161	1.13972398217851	109011567.229582	1.96704040081522	1.17185237864612	0.013409238563247	0.0109805981013168	0.972612076823046	1.02815914363969	0.00342907801324388
TCGA-B0-4700-01A	53558409	3.54372152319075	7.14803788213481	0.920154605688868	49282016.7147181	0.883206611859031	0.939652268860082	0.00803926046421581	0.00714194105355146	0.950795420379272	1.05175096405187	-0.0242895163800305
TCGA-B0-4701-01A	50664041	8.39771892107969	7.08340638695383	1.18475609119986	60024531.1795494	1.0027826995031	1.12781931691408	0.0143055110823079	0.0130563213463371	0.970468166958889	1.0304305015317	0.0499433038147344
TCGA-B0-4703-01A	57632781	6.00466588061226	7.04196675129662	1.11617404092263	64328214.0583788	1.13243655701698	1.11963592984061	0.0112559551828672	0.00977943438127686	0.97878663880544	1.02167312093721	0.00442837959390458
TCGA-B0-4706-01A	60954144	7.34486090581939	8.18610252326828	1.20913128724203	73701562.5974561	1.17334025750978	1.09686519889166	0.015107766914092	0.0136970670935843	0.954048358057493	1.04816489809392	0.0723952507748314
TCGA-B0-4707-01A	37797513	6.10881772085875	8.85653075349423	0.915674993618115	34610237.4750556	0.530523330467968	0.799785976298167	0.0106090313402366	0.00943316032459596	0.938077539651881	1.0660099594444	0.0251818968879307
TCGA-B0-4710-01A	57670370	8.87463951289992	7.27569099091037	1.30924123409414	75504426.3894655	1.22480599358288	1.21017196477291	0.016201976855706	0.0146165179796835	0.961902411931812	1.03960650019754	0.061859945990772
TCGA-B0-4712-01A	58860795	2.60397612410743	7.9194549272749	0.825562585854825	48593270.1256707	0.889081351021015	0.860692264494703	0.00740248241635201	0.00657615990405838	0.977006953439892	1.02353416879906	-0.0542171497035754
TCGA-B0-4713-01A	41737558	5.6980824162715	8.69250278314771	0.925858977563619	38643092.7758822	0.618319346315798	0.844147467962273	0.0108458669287743	0.0097975545191216	0.958733977680247	1.0430422028221	0.0186182706221575
TCGA-B0-4714-01A	48147049	12.0084190568648	7.98112955910018	1.22245439687342	58857571.74653	0.88329114218405	1.04536203627087	0.019922570955491	0.0181886952199293	0.944508893992652	1.05875127948534	0.127867643025628
TCGA-B0-4718-01A	37745442	9.50522996697443	9.10482072689595	1.15820798523337	43717072.330563	0.645790128790901	0.974898516550956	0.0182031515222421	0.0165494949032522	0.935696553771976	1.06872254254737	0.0764081636098331
TCGA-B0-4810-01A	62270018	5.70065363869607	6.84258734144467	1.21717808125564	75793701.028994	1.29455841743633	1.18460942649801	0.012739549874548	0.0114597847073049	0.973575292687405	1.02714192472947	0.0439945752175138
TCGA-B0-4811-01A	63458910	9.43378390289547	11.677702401351	1.06033257141741	67287549.2196462	0.950267577578865	0.853268721904692	0.0153142561068257	0.0135735706774667	0.927778652359456	1.07784329533437	0.0925040314089756
TCGA-B0-4813-01A	38353037	9.51176780036403	8.34262912935364	1.20240624762241	46115931.3040936	0.657247625626762	0.976476484283365	0.0176789911057109	0.015468005832237	0.948313480364019	1.05450362217369	
TCGA-B0-4814-01A	51622813	7.37217963651968	7.41617660018174	1.16699819391844	60243729.5359895	1.01712229279895	1.12270079313114	0.0165548514374837	0.0152635424962216	0.958898597796288	1.04286313724743	0.0610786954511182
TCGA-B0-4815-01A	66955211	6.55218317550897	11.1143105559126	1.12203185311152	75125879.4738026	1.25622546263696	1.06909360441113	0.0128282771000453	0.0112745220084513	0.871533329944999	1.1474030489036	0.0528244274289919
TCGA-B0-4816-01A	72788981	5.97099060873412	7.09176640967058	1.09457397839992	79672924.5168459	1.39936555233082	1.09546387845338	0.0121731612096617	0.0111449836067907	0.966940765388651	1.03418951376826	0.0240125599065676
TCGA-B0-4817-01A	43516250	5.62742295020053	9.59694736174296	0.918999278058804	39991402.3338264	0.637423201935585	0.834658704673819	0.0133902622583518	0.0117450147933243	0.950600568753052	1.0519665492224	0.0289104709260378
TCGA-B0-4818-01A	64295902	6.65796523361474	8.10127037329161	1.14400568498372	73554877.4091561	1.25808405658376	1.11495897518707	0.0136337927104592	0.0125539416182387	0.93544092436871	1.06901459402672	0.05041854716167
TCGA-B0-4819-01A	54174032	8.0291753622332	10.4399014226358	1.05969301407447	57407843.2546467	0.914859606269491	0.962267493897829	0.01233112942378	0.0108217531233415	0.933149908428451	1.07163917712228	0.049592507094554
TCGA-B0-4821-01A	58549304	8.41066553382037	8.84021870530662	1.18294197362775	69260429.2282908	1.02454113379115	0.997103372361245	0.0156260952307819	0.0138668941307996	0.961009032660747	1.04057294574152	
TCGA-B0-4822-01A	44370059	6.05300724181627	9.67847324855511	1.08880075469274	48310153.7249612	0.727218442631097	0.933915107049337	0.0125836433979049	0.0111926152723845	0.948562971259515	1.05422626678352	0.0562148504600729
TCGA-B0-4823-01A	58874871	2.01167029390105	7.41126560249488	0.859433343007905	50599027.2026892	1.03154917443066	0.998372223857349	0.00740200347954903	0.00690761598441549	0.974991979175632	1.02564946313252	-0.0629442308336729
TCGA-B0-4824-01A	42228168	10.6248280340484	6.59914778527938	1.27601774472545	53883891.6952476	0.866485152369609	1.16920700093602	0.0161793426605672	0.0145617257182457	0.959902451842097	1.04177252394861	0.0836423111841407
TCGA-B0-4827-01A	71582825	1.82907386821922	8.58439368333069	0.802425005755636	57439848.7626297	1.14059438737339	0.907935336505023	0.00666842919373467	0.0058756412589193	0.952272923009116	1.05011911589387	-0.0730381396889426
TCGA-B0-4828-01A	41707905	10.89577914602	8.44332575070364	1.21340717670364	50608671.2522738	0.769128589830299	1.05078315495434	0.0181703923992346	0.0163571150361065	0.946006997953985	1.05707463281222	0.0944820901269944
TCGA-B0-4833-01A	37822004	11.0924241357554	8.02038438738367	1.21417020696557	45922350.4245328	0.697101634682217	1.05022919628813	0.0158132022829885	0.0140650135830983	0.93350685489854	1.071229412781	0.0893460575907745
TCGA-B0-4834-01A	59572357	4.06358155855259	14.251041068667	0.75349193485548	44887290.5398314	0.801073852317628	0.766232017603265	0.0121882201169244	0.0105639936321472	0.934514845534817	1.07007395845885	-0.0501742146209585
TCGA-B0-4836-01A	47835366	5.21442190940123	8.79087857615829	0.971457186104623	46470010.0506448	0.816738387133399	0.972895936516691	0.00954709952464877	0.00841891750133155	0.959096623197155	1.04264781651143	-0.0194127399915539
TCGA-B0-4837-01A	55085943	4.51390310763647	10.0477375873392	0.905897359521562	49902210.3104552	0.872524981749877	0.902546537622992	0.0102796279624368	0.00932197893026902	0.962194257072081	1.03929117498888	-0.0152871104418023
TCGA-B0-4838-01A	53425426	7.31211415047939	7.27152886661852	1.1328591493846	60523482.6538699	1.04337582033802	1.11282095927065	0.0114610223229666	0.0104096315488434	0.959732880744835	1.04195659027949	0.0297744178091106
TCGA-B0-4839-01A	57808536	2.62091653205756	10.8889424942404	0.705540689345132	40786274.3394729	0.765203239751197	0.754253530391589	0.00696978383953539	0.00648969902991489	0.95356460852079	1.04869663897367	-0.0491303238894537
TCGA-B0-4841-01A	34194664	3.45553487588119	13.1420588525785	0.582091223765805	19904413.8140205	0.311932467383523	0.51979818937605	0.0059766927377909	0.00546181708350753	0.846504852336025	1.18132813679731	-0.0385007173373531
TCGA-B0-4842-01A	43947479	2.43706885249217	8.78951860110972	0.767391358386536	33724915.6074738	0.560870592997629	0.727212315885401	0.00761563592760349	0.006964404033278	0.940026685034652	1.06379958773525	-0.0440577502986391
TCGA-B0-4843-01A	43351383	6.3830642762347	9.75895932402048	1.0198011537324	44209790.399295	0.684433292640832	0.899623294212495	0.0113161787710441	0.00996376516984475	0.946959938971267	1.05601088160747	0.0342026024732899
TCGA-B0-4844-01A	44561038	6.1118681510516	7.82513114772943	0.998773850414952	44506399.501747	0.739725198929563	0.945905252729675	0.0125154400577473	0.0114172160890866	0.966092643533124	1.03509741709954	0.0279447337239137
TCGA-B0-4845-01A	49675243	11.3335294758664	8.02671512968523	1.28493230878216	63829324.677305	0.990154449331755	1.13578326573446	0.0181419344038237	0.0164335783923593	0.956465396656439	1.04551613000925	0.10043659869328
TCGA-B0-4846-01A	58954449	7.08831139759405	5.95807738614803	1.14661789677748	67598226.3180551	1.19284778958574	1.15292476489237	0.0130169310886105	0.0118989832302563	0.975150119713611	1.02548313309307	0.0292807232811035
TCGA-B0-4847-01A	45055919	8.21341176032469	10.6153732091432	1.09265628036387	49230632.8629159	0.722792896460453	0.914101761600744	0.0140954177407856	0.0127193277313909	0.921074387584903	1.08568864087302	0.0860045569625918
TCGA-B0-4848-01A	43292037	2.95726638254367	7.26763483123338	1.00739273993595	43612083.7708385	0.819548211055254	1.07869585082008	0.00840995308213379	0.00772160478380816	0.976751636796393	1.02380171409782	-0.045423790826977
TCGA-B0-4849-01A	38781141	12.2893345507742	6.92543216216484	1.29069167812571	50054495.9569197	0.776635257263249	1.14111402339088	0.0170529020793896	0.0154160497753277	0.963658727833717	1.03771176570774	0.093209587553554
TCGA-B0-4852-01A	96768571	8.35486691076621	8.26012883805304	1.18875515135423	115034137.265437	1.93413602536615	1.13889899304604	0.0158338392741172	0.014423060975035	0.952852636420559	1.049480225774	0.0536618594579311
TCGA-B0-4945-01A	46917297	7.45890751138106	6.42121896812794	1.20398863444155	56487892.3467185	0.960178254008572	1.166141912996	0.0132924111122599	0.0121043844448243	0.969056039183161	1.03193206539729	0.0403769631569692
TCGA-B0-5075-01A	78846651	7.3474004375005	8.71249504586685	0.986437069204229	77777259.3290087	1.32620908544576	0.958431921518	0.011400129093625	0.010483806090889	0.963507898388734	1.03787421117387	0.011024160644028
TCGA-B0-5077-01A	72747670	8.09776740043812	8.59559974870446	1.12195322120231	81619482.6914627	1.36806302537098	1.07156751632134	0.0146900924799378	0.0133933636637435	0.970078986722186	1.03084389383478	0.050786796719783
TCGA-B0-5080-01A	58228257	2.84469490298078	8.17404398066039	0.93787856755922	54611034.2666301	1.04067283432512	1.01838724270619	0.00731972794583221	0.0065927441379535	0.950136374509716	1.05248049314606	-0.048733992108954
TCGA-B0-5081-01A	76224287	6.49425786260651	10.5534190579147	1.00892353647025	76904477.2049635	1.29251724715632	0.966218834288063	0.0108139155175043	0.00961372062424146	0.926097124398159	1.07980035101596	0.0292314044659542
TCGA-B0-5083-01A	49400245	1.56805936166229	10.5366311531374	0.739992737648696	36555822.5380663	0.663340257038465	0.765138005387657	0.00639930024638542	0.0053820178422192	0.961639522233139	1.03989070423996	-0.0876791706877194
TCGA-B0-5084-01A	65702096	5.36351019520389	8.97702999597117	1.0710848560888	70372520.0388926	1.16681914850498	1.01194485284646	0.0131774030466243	0.0115942115453973	0.972011303870732	1.02879461999857	0.0257786845430935
TCGA-B0-5085-01A	58270244	7.45053211299544	12.1375372117762	0.952050831782859	55476234.2683902	0.806100989477577	0.788270257111428	0.0169156147690063	0.0156986471517092	0.947539982842701	1.055364436443	0.091782272800399
TCGA-B0-5088-01A	67765688	7.39188044332836	8.72588062727095	1.0736675766875	72757822.017521	1.19687487672119	1.00640183867594	0.0134557772068956	0.0122691885014139	0.964089584687755	1.03724800670248	0.0606517546806048
TCGA-B0-5092-01A	47939408	9.45795476077806	8.06350015004401	1.23883428937453	59388982.4427156	0.92209625461509	1.09601403083916	0.016627677171149	0.0148797832463847	0.95475463526792	1.04738952088919	0.0886567197862438
TCGA-B0-5094-01A	62633436	7.60571168310275	7.67246655705435	1.1375120611614	71246288.8819808	1.15763341406541	1.05316723442308	0.0156107194885492	0.014107113650926	0.959898878931055	1.04177640160764	0.0446834440805488
TCGA-B0-5095-01A	51880206	8.13046222890925	6.06137521022731	1.19850219758248	62178540.9020315	1.03720995409421	1.13919352208403	0.0124297694577389	0.0110082060969457	0.979630092447975	1.02079346858478	0.0327779189223775
TCGA-B0-5096-01A	49463284	2.82985308573415	6.98269903405519	0.85363267288307	42223475.3304944	0.773535229428239	0.891106626750758	0.00700016197873154	0.00617417557637297	0.961909868337897	1.03959844151295	-0.0740919726557147
TCGA-B0-5097-01A	54730936	4.41573291313211	6.59728705284934	0.935908703496496	51223159.3529097	0.921192075026759	0.959068970603017	0.00891499462022721	0.00807928810133998	0.975220906143465	1.02540869837843	-0.0354310224522079
TCGA-B0-5098-01A	67734277	7.79281001736518	8.14377503751954	1.26335869568361	85572687.8437927	1.36617039888617	1.14928805840062	0.0134252853987059	0.0114935160524412	0.971233560225349	1.02961845734406	0.00153807435703951
TCGA-B0-5099-01A	57246449	7.92916076575623	7.11972767414716	1.07815511721101	61720551.9315092	1.07069355489681	1.06573482742765	0.0159130219587943	0.0146671630235091	0.95102662175605	1.05149527586675	0.0459626142846449
TCGA-B0-5100-01A	53214537	5.36802171847033	9.99598688770547	0.993749250149433	52881906.2407993	0.914589752946386	0.979328889168498	0.0133188042207339	0.0119703568970261	0.970955004268852	1.02991384317857	0.000958738115285869
TCGA-B0-5102-01A	65502770	5.51909324229513	8.99439083115218	1.00837381207476	66051277.8863561	1.15223657951943	1.0023387378324	0.0126174053402627	0.0116797198042159	0.956880678481231	1.04506238080511	0.0251563826250828
TCGA-B0-5106-01A	54200372	9.34340850492429	8.9989020990806	1.15444264502865	62571220.8132169	1.03373349181975	1.08677300559032	0.0164305145359519	0.0149933657281909	0.96306017973456	1.03835671024797	0.0670430377126397
TCGA-B0-5107-01A	52929173	6.51902565506553	8.57846934625181	1.11413567381988	58970279.8250842	0.977477205686967	1.05231086107773	0.0138065070466905	0.0124844572954125	0.969558205642095	1.03139759344076	0.0399975009561092
TCGA-B0-5108-01A	61294700	4.67513741591348	6.55510477403697	0.980027673509573	60070502.2394672	1.09784705671751	1.02059031013106	0.0105697066793703	0.00971021964378649	0.971055360414522	1.02980740415574	-0.00945216257823935
TCGA-B0-5109-01A	54732787	3.86699737321457	10.1285417492195	0.936741249086087	51270459.2603427	0.919077564228976	0.956835156750971	0.00881239612373476	0.0074901356658487	0.898118233957281	1.11343914664087	-0.0253623312323367
TCGA-B0-5110-01A	53875560	6.43798583487864	5.80338410333787	1.17992112678588	63568911.4614205	1.12430377892746	1.18911647313564	0.0127984191718842	0.011850345499889	0.975788520806095	1.02481221973579	0.0244233485688619
TCGA-B0-5113-01A	63906571	6.65428689467684	7.15372715987149	1.15317138446013	73695228.9561697	1.29378506935288	1.15358378271732	0.0132707636590297	0.0122117176338565	0.96699594475191	1.03413050016105	0.0301838581160564
TCGA-B0-5115-01A	60332187	9.25053601647439	6.74662355486259	1.22763127807195	74065679.8356862	1.23445919818093	1.16589702497767	0.0162590161036264	0.0149248526329735	0.968108184110747	1.03294240913638	0.0656107615292097
TCGA-B0-5116-01A	58939072	2.62238867287247	8.20289543216414	0.816244392108734	48108686.9960929	0.934081231535409	0.903054320735958	0.0090103895765444	0.00840902279560832	0.972301175695471	1.02848790580215	-0.0527912892225239
TCGA-B0-5117-01A	53308486	4.11876362163213	12.3534600948349	0.694106859535772	37001785.8040667	0.59813149751042	0.639341428436127	0.0115106063976381	0.00922140238610416	0.934392621842609	1.07021393001586	-0.033923519039653
TCGA-B0-5119-01A	57781558	3.49096436299545	6.06966567187434	0.998401795384324	57689211.2473035	1.09717745312801	1.08198228203713	0.00953307628015153	0.00891225536009257	0.976465310956136	1.02410192024212	-0.0203504159276293
TCGA-B0-5120-01A	57964760	4.98483924188752	6.95445700260542	1.06049872907377	61471554.3110659	1.12270696375661	1.10365896892592	0.0112650686382554	0.0103321224826947	0.966710929192151	1.03443539304523	2.19251065364852e-06
TCGA-B0-5121-01A	70148439	3.79876564638885	10.8078115982275	0.799359356008226	56073811.0240223	0.985935081252224	0.800871485516686	0.00912235552383425	0.0084239650721237	0.954615811194316	1.04754183648907	-0.00121722752819972
TCGA-B0-5399-01A	58771782	6.00572137117973	7.06519069342874	1.17362216316163	68975865.9237037	1.18943707475371	1.15320133073138	0.0134430159017469	0.0122274325457751	0.973109340125164	1.0276337496374	0.0434905907960553
TCGA-B0-5400-01A	57147597	2.55988143322875	8.17527880774865	0.853388807388501	48769119.6489487	0.842630050648406	0.840178361736506	0.00741541241007912	0.00669951179224561	0.976291759039317	1.02428397120141	-0.0319490518001196
TCGA-B0-5402-01A	77306834	3.57913759600711	7.42913125069655	0.960371068328716	74243246.7576907	1.36211230598701	1.00398575631013	0.0107009944295481	0.00978592655857566	0.968400866086432	1.03263022062472	-0.0169045689733023
TCGA-B0-5690-01A	53858454	3.31858362717132	5.54900629520318	1.00071002278748	53896694.7296384	0.983539900366163	1.04056837529672	0.00914257583405569	0.00843481322356561	0.979472396292697	1.02095781747908	-0.0199471511660513
TCGA-B0-5691-01A	36955173	2.38556275375345	4.59881795390517	1.11486666733928	41200090.5634565	0.742708772256284	1.1451854890348	0.0093620181401938	0.00855379570270176	0.979425397359119	1.02100680939698	-0.0275195788425263
TCGA-B0-5692-01A	52894683	2.59478151435005	7.09713675375077	0.924249229131225	48887869.9878905	0.95378899450422	1.02747866022081	0.00833962838949238	0.00771156904371655	0.956369111806569	1.04562138995791	-0.0290387672062983
TCGA-B0-5693-01A	51589207	3.93747314269159	6.31924495275942	1.1025172498774	56877990.6249957	1.04460377442878	1.15378598974151	0.0112151171464993	0.0104863988314455	0.97591831562753	1.02467592214107	-0.0081102813182787
TCGA-B0-5694-01A	40861650	2.57399477611922	6.85966318812167	0.910748117758961	37214670.8260254	0.680984626367238	0.949628916575259	0.00954065731560032	0.00883067619638463	0.967024263582112	1.0341002161577	-0.0249935287831034
TCGA-B0-5695-01A	69820624	2.75892388933442	6.84745491336758	0.931514505171346	65038924.0161146	1.27245501764338	1.03846349705119	0.00947410610366358	0.00892063067210628	0.973998442064912	1.02669568739757	-0.0294047960576437
TCGA-B0-5696-01A	63238915	1.72442212950354	7.26679878039771	0.828108703746468	52368695.9269831	1.06220793123742	0.957100740737308	0.00722354265565752	0.00675982502229837	0.975435109852849	1.02518352056331	-0.0536182862078032
TCGA-B0-5697-01A	69199994	2.86466691574136	6.75127048490785	0.966933705786077	66911806.6387943	1.29447832461474	1.06591174727742	0.00833239956639303	0.00763696598008376	0.97704245465686	1.0234969782876	-0.0405232006606552
TCGA-B0-5698-01A	66081449	3.60713744032764	8.02332209504737	0.924629628322319	61100865.6278703	1.12685957241231	0.971678880520384	0.00904073698505007	0.00848778300851121	0.962703481275055	1.03874143955057	-0.0271045977687541
TCGA-B0-5699-01A	59699135	4.24834376405712	6.57811411481269	1.04046017185024	62114572.2614107	1.14725868779251	1.09502955032563	0.0118598368301316	0.0109995396080697	0.977156201676959	1.02337783691475	0.00232857116818953
TCGA-B0-5700-01A	42730768	1.92330398418289	6.92557705386605	0.870360888345274	37191189.1961558	0.681953434499667	0.909382400693959	0.00836895793681967	0.00789194802209031	0.970512301580912	1.03038364209403	-0.0409168620954679
TCGA-B0-5701-01A	38154618	2.3819250668274	5.60084082376943	0.971242357316249	37057381.128821	0.664285042200343	0.992064447682197	0.00845286932239762	0.00754723844961572	0.968098907450731	1.03295230714935	-0.0526304146944913
TCGA-B0-5702-01A	20646971	3.69177177564883	10.4504812538842	0.840875469910032	17361531.4418438	0.207302369367126	0.572111187882651	0.0117123717566126	0.0101345131932427	0.972556410332537	1.02821799267981	
TCGA-B0-5703-01A	47537991	2.36672922687296	8.04939409634517	0.890326656434883	42324340.5806615	0.784685001234835	0.940561179650988	0.00894970508955669	0.00833257762196976	0.957140405870328	1.04477879511387	-0.0277536931018555
TCGA-B0-5705-01A	71115510	2.43119363263154	6.92296886234359	0.908256921995246	64591154.2187222	1.28256307124481	1.02765401843526	0.00838880294889258	0.00789480381986996	0.979373782174943	1.02106061873461	-0.039706896484174
TCGA-B0-5706-01A	23603106	1.53693280139947	8.28428204660294	0.793158028381454	18720993.0186385	0.322702068442935	0.779049610742903	0.007393010055541	0.00661124853652735	0.79554339161973	1.25700245961945	-0.0482924959961541
TCGA-B0-5707-01A	45971717	2.64842196374095	6.89728063418869	1.00407648253077	46159119.9012598	0.825378951028821	1.02304606022523	0.00928690568594599	0.00843346790810533	0.976194145630889	1.02438639329652	-0.0410498609081565
TCGA-B0-5709-01A	67776098	2.3878250913498	6.12385908765702	0.960803168970909	65119489.7388829	1.3041636045618	1.09644799223377	0.0072356776868447	0.0066351857553086	0.974996155724397	1.02564506960238	-0.0568691893899329
TCGA-B0-5710-01A	55863127	3.5497392363036	6.77258069750055	0.989200377202775	55259826.3001265	1.01781895520465	1.03819232753968	0.00864425294344873	0.00795863074403264	0.980195022022308	1.0202051403371	-0.0292259390726229
TCGA-B0-5711-01A	60133608	3.17128454714041	6.70290894980799	0.947023564159841	56947943.7739507	1.1092448206317	1.05109669355819	0.00897852329100226	0.00841572652683671	0.96929008483908	1.03168289415239	-0.03685257828815
TCGA-B0-5712-01A	60866603	3.69275302549068	7.30032047400664	0.920513625868287	56028537.4218156	1.06333659854728	0.995460931926511	0.0104162869086024	0.00960022362345406	0.963231922110061	1.03817157326908	-0.0176561485485512
TCGA-B0-5713-01A	61708914	3.83385279396906	6.8865111809906	0.9933962015741	61301400.7708628	1.16855810749115	1.07903350966013	0.00953714725882228	0.00888735458867417	0.97298889427871	1.0277609599453	-0.0148783547569966
TCGA-B0-5812-01A	64203895	3.20684004829421	6.37635916610522	0.998149187328804	64085065.6175939	1.25417124290558	1.11308411593537	0.00950426761491651	0.00888550453208485	0.975774211206345	1.02482724847145	-0.0322410726768259
TCGA-B2-3923-01A	46492604	7.07795818192159	7.6999279474609	0.98031932980224	45577598.3940409	0.707515091658364	0.86713029475105	0.0141972688817344	0.0111530427506276	0.964784140720533	1.03650128333698	-0.0274939756392479
TCGA-B2-3924-01A	54948226	3.4818284207474	7.58914852138258	0.982647987183661	53994763.6782129	1.03178695828229	1.06996329832108	0.00988996441850552	0.00919827693800342	0.962925609281726	1.03850182232242	-0.012651898435124
TCGA-B2-4098-01A	41864814	5.68547925230858	9.66421038439791	0.977987842445708	40943279.1182509	0.680093552932747	0.925661102339756	0.0124818660367152	0.0111500316232147	0.921383837988627	1.08532400805184	0.0113874878343261
TCGA-B2-4099-01A	51626256	3.33397657884065	9.08934790984264	1.03869863971888	53624121.8809786	0.982203503934348	1.08408508916633	0.0132722775790675	0.0124152911650227	0.972394589295803	1.02838910356771	0.0164964002680666
TCGA-B2-4101-01A	52634820	8.36136145328951	6.87190197494746	1.20439888631767	63393318.5895312	1.08034809764964	1.16956157648691	0.0145514889193123	0.0131852830502698	0.95594651981331	1.04608362421288	0.0571663492752301
TCGA-B2-4102-01A	57290969	8.95659108173193	6.37826301536792	1.22740753833467	70319367.2290977	1.22137661508482	1.21477530692286	0.0144811130703689	0.0132463634888075	0.963782389507149	1.03757861825154	0.0558145865342341
TCGA-B2-5633-01A	50013779	10.1016247159742	19.1436464040505	1.30109020292195	65072437.8680034	0.973239083910667	1.10882342710471	0.0143792973532354	0.0122256708496273	0.916631314742283	1.09095116424334	-0.016838303109246
TCGA-B2-5635-01A	55661891	4.68335949484811	5.71425052837509	1.02356068331264	56973323.1864336	1.05472185217755	1.07972339112376	0.0109843375605044	0.0101685549993262	0.976309752034835	1.02426509406035	0.00593039526691097
TCGA-B2-5636-01A	52978368	3.3588809601592	5.32902944106205	1.0379655422994	54989720.471257	1.04080892654488	1.119450655944	0.0105422462239682	0.00953117317619146	0.980842841364989	1.0195313232937	-0.0405068818947284
TCGA-B2-5639-01A	32068131	2.42609461671323	5.31526529548268	0.994675740775494	31897391.9577106	0.568727966919258	1.01056315181302	0.00838998069454063	0.00768959687734842	0.96284201907495	1.03859198101964	-0.0472115291944313
TCGA-B2-5641-01A	61200149	2.55370634990715	6.02225764092853	0.864136605558273	52885289.0165205	1.04512906740738	0.973083188848872	0.00795326495038435	0.00726914896890202	0.974682626998179	1.02597499155165	-0.0543731442174954
TCGA-B2-A4SR-01A	51646303	6.54381249212522	7.14546294611678	1.20579031579536	62274612.0040326	1.09347040633619	1.20642497018204	0.0142497324542281	0.0130790194217774	0.971056514926151	1.02980617979382	0.0512751124394179
TCGA-B4-5377-01A	77954572	3.75102362945638	5.56311047063715	0.979184051792279	76331873.6666929	1.46839641002084	1.07333241441941	0.00947421018487537	0.00886108386304783	0.980443751265801	1.01994632400783	-0.0210138757582957
TCGA-B4-5378-01A	67231496	3.52705375061541	6.23736550125933	1.05910563507903	71205256.2683935	1.34129130766444	1.13679683979009	0.0110640554540092	0.0101304007871549	0.978677761387312	1.02178678156788	-0.0284261905222104
TCGA-B4-5832-01A	38666378	5.11917034958889	4.58520859564472	0.794705677839624	30728390.1380931	0.444538747961071	0.655101588127513	0.0105956911712806	0.00939022527530249	0.965853589906973	1.03535360892153	-0.0639617359725135
TCGA-B4-5834-01A	68369052	2.75852808096214	5.99998997663276	0.955511567664259	65327420.0562392	1.25837786784144	1.04877912826103	0.00907381310479484	0.00844411298843225	0.981152656614282	1.01920938934289	-0.0379221664746629
TCGA-B4-5835-01A	76545089	2.22845178393966	7.23635980892963	0.821773524916583	62902727.6025835	1.19825118963735	0.891996312553581	0.00721599526783488	0.00619020770881852	0.978925205769896	1.02152850300093	-0.0629439676711828
TCGA-B4-5836-01A	61814257	2.94827963250723	6.86492688238805	0.954597596058396	59007741.1343359	1.16658794942542	1.07537851404047	0.00820050300046476	0.00754094641952907	0.979577979882537	1.02084777377286	-0.0451004071065426
TCGA-B4-5838-01A	50670267	2.46765606958249	7.43650893688863	0.866396857985194	43900560.1220708	0.86456354060648	0.972246183018024	0.00832050085704107	0.0077849994356651	0.970895022124119	1.02997747152128	-0.0579590594544988
TCGA-B4-5843-01A	49376022	4.27868784737401	7.11631155702203	1.03053127362335	50883534.8381146	0.972999955381935	1.12286939546266	0.0110922463539084	0.0103027335818993	0.968752383494969	1.03225552477332	-0.0171016398468124
TCGA-B4-5844-01A	55031732	3.19167601365558	5.98698109634174	0.938400252525861	51641791.2057355	0.986387702158223	1.02133211955409	0.00877197541229486	0.0081716126979249	0.977178439522856	1.02335454769989	-0.0354190654218058
TCGA-B8-4143-01A	46854323	9.381412509586	9.23748118405621	1.2551935878331	58811245.7918609	0.936091610850717	1.13841657046905	0.0208293053343232	0.0190344442710228	0.949798420948265	1.05285498264107	
TCGA-B8-4146-01B	52061235	5.7404228363819	4.93489470120841	0.899223070330865	46814663.5819167	0.79823763574528	0.873675699915868	0.0116329549231784	0.0108955732609878	0.975482141366796	1.02513409276653	-0.0252248585883053
TCGA-B8-4148-01A	53859079	9.46893642683679	6.21774520963238	1.28191855673065	69042952.818522	1.17804284060529	1.24633469288329	0.0145975760187062	0.0133064659349262	0.967872306171444	1.0331941451612	0.0627269308359216
TCGA-B8-4151-01A	46387207	2.78125863064272	9.19807510275465	0.912557832728012	42331009.0862257	0.791813029844035	0.972650786846074	0.0106496388109765	0.0100990128592998	0.973315422935466	1.02741616585511	-0.0125653065876375
TCGA-B8-4153-01B	47484210	3.93336113906208	10.6010499300873	0.885063729124705	42026551.9771406	0.731875623490604	0.878254913031991	0.0102687188014711	0.00955616614449309	0.953453937635269	1.04881836502786	0.0111588427328336
TCGA-B8-4154-01A	61214862	2.571370549339	10.4954446286038	0.903708975352981	55320420.2143941	1.02560970088101	0.95467987550899	0.0130243371291109	0.0123145095058778	0.972309714591858	1.0284788735447	-0.00809431154246761
TCGA-B8-4619-01A	56791947	4.52244372300906	8.976082761089	0.860790787737677	48885984.7952864	0.844898383054576	0.847715733436052	0.0130355101225883	0.0110378677455802	0.939575165471964	1.06431080423213	-0.0370345605231339
TCGA-B8-4620-01A	58904883	5.8636117230534	7.6708483807719	0.996225128202662	58682524.6184378	0.999636125016673	0.966992636892942	0.0116178144348407	0.0103745558751046	0.954476405631771	1.04769483467545	0.00162846083631938
TCGA-B8-4621-01A	75123411	3.7214851499687	9.56988059705384	0.870549504372455	65398648.2128182	1.19097132628292	0.903355159054214	0.00889909005862367	0.00809635760548732	0.957945453248921	1.04390077389944	-0.0372964830949546
TCGA-B8-4622-01A	50994088	6.73002774896758	7.2867074233015	1.0821774127539	55184650.2175848	0.980022013051883	1.09508675013855	0.012556749715771	0.0114148526393883	0.966801171147526	1.03433883806023	0.0323855580933361
TCGA-B8-5158-01A	71455065	3.21942486702558	6.13880033390025	0.883799499834874	63151950.7076684	1.19796870198146	0.95531143400322	0.00829261018795519	0.00751886517771693	0.976116136763713	1.02446825980715	-0.0447127354911441
TCGA-B8-5159-01A	74586835	2.94921371833658	8.01065140474031	0.896467222430942	66864652.802365	1.31805481084871	1.00694051269153	0.00832621467313903	0.00771920406597223	0.978916533996918	1.02153755225382	-0.0488053567923657
TCGA-B8-5162-01A	65450211	1.71812742750281	14.5735136907607	0.747304042793415	48911207.2819821	1.00500436977542	0.874962463029666	0.00575677288496442	0.00526633901913624	0.858426644338855	1.16492190287288	-0.0704955118361489
TCGA-B8-5163-01A	85506167	2.11975712531705	6.78885733137188	0.805058367611786	68837455.2257608	1.39014217540386	0.926390949349154	0.00588268680082455	0.00532330024803942	0.970058592381997	1.03086556611439	-0.0758969824136449
TCGA-B8-5164-01A	71836640	2.86132716850544	7.66600806311702	0.896431706276726	64396641.7683869	1.28768878880537	1.02140369856494	0.007572848618755	0.00703169023495531	0.981307756042042	1.01904829941766	-0.0517784439662265
TCGA-B8-5165-01A	70425791	3.23749629277842	6.86705012421212	0.983430696787454	69258884.7149376	1.28904756772121	1.04296499570309	0.0090499516008276	0.00827843026995607	0.974648719245482	1.02601068493082	-0.0395766766770102
TCGA-B8-5545-01A	58108861	2.50483988527725	6.031394792327	0.988820073521251	57459208.2062561	1.13612444057791	1.1140791905337	0.00777428764263681	0.00713367966376075	0.981239625398956	1.01911905523935	-0.0582972449923473
TCGA-B8-5546-01A	43139506	2.40625977209438	5.31485150862612	0.989049266944033	42667096.7856277	0.785720259077975	1.03782781504115	0.00914326649915741	0.00774570761195087	0.979528903274878	1.02089892054913	-0.0542846446197829
TCGA-B8-5549-01A	56513157	2.22026430570697	6.52820006899801	0.893917522759404	50518101.3087532	0.970314104284561	0.978352361852445	0.00921723413894573	0.00861238383833344	0.977809769148094	1.02269381177408	-0.0498247503252085
TCGA-B8-5550-01A	43350270	2.02316424215715	5.25726644236799	0.94671954379655	41040547.8378573	0.755647402998043	0.993253055902467	0.00717730247124182	0.00661619869956981	0.980078670790286	1.02032625523179	-0.0645148469798735
TCGA-B8-5551-01A	53396618	2.2007824451421	7.82194420100166	0.868720069896859	46386713.7212159	0.865865485945362	0.923994104834809	0.00625095769173995	0.00548248205532418	0.906930884648912	1.10261985441936	-0.0579549343916987
TCGA-B8-5552-01B	65216584	3.49302304543974	5.91440110853059	1.02225785712075	66668165.4085752	1.27692416467579	1.11567982880581	0.00899846272230389	0.00827530310388535	0.980064917230255	1.02034057379187	-0.0305900897042731
TCGA-B8-5553-01A	56655187	2.47184755398204	5.39396273802791	0.95505500092803	54108819.6728627	1.04623623747261	1.05225888957317	0.00806401009672777	0.00750849167614609	0.981314861779558	1.01904092045091	-0.0467595568022596
TCGA-B8-A54D-01A	24892811	7.51998645033867	8.20653715168762	1.26688302824086	31536279.7811074	0.487562222946957	1.11606279121908	0.0168696898072299	0.0154684017003945	0.941713211898809	1.06189441473765	0.0938272643237633
TCGA-B8-A54E-01A	44870094	3.83763153666818	8.49969057805406	1.01676598262805	45622385.216523	0.742408015692593	0.942797007684151	0.0102656794077588	0.00835052852797678	0.962160787984977	1.03932732708248	-0.0359710990271365
TCGA-B8-A54F-01A	24214927	6.78964473389814	7.07440123263996	1.21807212257436	29495527.5288732	0.494268511960147	1.16308727014049	0.0146126395508027	0.0133269036904385	0.973521580304578	1.0271985955228	0.0340912546270674
TCGA-B8-A54G-01A	42809707	6.64615858068072	6.77546561687001	1.15151918843752	49296199.0618882	0.870618675748884	1.15882604124955	0.0141548971591887	0.0130826169868437	0.970115446013214	1.03080515222142	0.0573783190139906
TCGA-B8-A54H-01A	70285171	5.00680821674704	6.93678961228941	1.15590358216698	81242880.9321187	1.46705640531555	1.18936629947032	0.0120665140019365	0.0112399100515812	0.975223607267029	1.02540585825481	0.0276711598274556
TCGA-B8-A54I-01A	50634089	3.82350526791289	14.9903942223435	0.794601309082266	40233913.403588	0.668314461047489	0.752090980571735	0.00897243357138311	0.00801420560760953	0.817106613688655	1.22383050540457	0.0168363439813732
TCGA-B8-A54J-01A	55808350	5.09896263590678	7.24211169548251	1.14139919862613	63699605.9666468	1.10406027672632	1.12726526359783	0.0117148957100506	0.0108225561228741	0.975078299215082	1.02555866621684	0.0292632154674904
TCGA-B8-A54K-01A	48597343	6.19158815709987	7.68296988453566	1.13932927718304	55368375.6732063	0.983443121153694	1.15310603230476	0.0168391304849732	0.0153647494678876	0.96993117504387	1.03100098824514	0.0325508695281239
TCGA-B8-A7U6-01A	38347288	4.40140916475104	6.84300835712761	1.11836694238729	42886339.2294048	0.735662456756295	1.09314169728071	0.0118665236509033	0.0110568705667008	0.97717643031236	1.02335665185901	0.0132327805944582
TCGA-B8-A8YJ-01A	46051007	4.9819112069098	5.84866566378616	1.05596027760381	48628034.1356551	0.8510675013691	1.05307038177978	0.009776138011488	0.0087741620937844	0.960693649978164	1.04091455171243	-0.00383825511098988
TCGA-BP-4158-01A	52700922	7.83248112891847	8.61680148743591	1.12107882166315	59081887.5363214	0.995228986362445	1.07606207630171	0.0150225455258639	0.0138323765948535	0.950312652974079	1.05228526303467	0.0681820052332249
TCGA-BP-4159-01A	48188046	2.78973792621965	10.5496318564399	0.812256906314184	39141073.1652856	0.668589978144014	0.79059318933205	0.00843686419656858	0.0078901933479519	0.926797467571107	1.07898438978339	-0.031605405566331
TCGA-BP-4160-01A	34140745	2.69765598794617	7.53181569722841	0.981763602322567	33518140.7971762	0.611837423791928	1.02116416582938	0.00809162190221684	0.00750950220916386	0.965565631329955	1.03566238021813	-0.0495410853058329
TCGA-BP-4161-01A	58990347	8.23209342361824	7.33426154555602	1.20607032575881	71146507.0229155	1.2074107044356	1.16629011177277	0.0137183800597071	0.0124446462401721	0.964168001927502	1.03716364575558	0.0499314133156434
TCGA-BP-4162-01A	46974249	7.28786767187058	6.3786684494594	1.09400759982375	51390185.4020132	0.895013330389452	1.08568085817143	0.0120257377611295	0.0110938867803932	0.970827442073635	1.03004916905115	0.0203518255410784
TCGA-BP-4163-01A	41035157	5.49815944243641	7.33865623875863	1.06329389496569	43632431.9170587	0.762958112445315	1.05944183526183	0.0108910756695777	0.0100530138095975	0.971846117220899	1.02896948630058	0.00498066470240823
TCGA-BP-4164-01A	37031485	8.19312175767356	8.66299479191183	1.1752125374547	43519865.4525657	0.719877096288796	1.10769386589122	0.0154965700133278	0.0143786834365406	0.964416630875051	1.03689626245108	0.0507244190300084
TCGA-BP-4165-01A	47708289	6.04303393615771	8.83761056911024	1.04524600965531	49866898.7047322	0.845063396723554	1.00931789235637	0.0127345795192949	0.0117919969840042	0.958728492652503	1.04304817022107	0.0502452817621848
TCGA-BP-4166-01A	52592845	2.74765491406024	16.9772293747247	0.853427175798657	44884163.1755665	0.848663115428144	0.919477667215009	0.00837545487413735	0.00768427720538792	0.95122889815145	1.05127167808225	-0.0434042052251496
TCGA-BP-4167-01A	48834466	3.52984563790358	9.27482705950998	0.797016367455919	38921868.6979696	0.691027097141168	0.806308349557639	0.00716164276271599	0.00644823268877354	0.945914940484862	1.0571775084633	-0.0374874459904126
TCGA-BP-4169-01A	78417198	6.9882342476711	6.95319954616305	1.1203073176906	87851360.7521929	1.57892080293514	1.1473120351117	0.0130979048754076	0.0113392345388316	0.969096447440012	1.03188903709391	0.0211472488587882
TCGA-BP-4170-01A	69458039	3.33163653279911	7.60095226438759	0.922821996186691	64097406.2011931	1.23718850354654	1.01495288057526	0.00878264069620509	0.00819431426792801	0.971848298222183	1.02896717710914	-0.0312688194116284
TCGA-BP-4173-01A	61614099	6.54783030321697	6.44245183434707	1.06368735834311	65538138.2020009	1.15126576148829	1.06470185194594	0.0110727903365105	0.00998435439265289	0.975764134764025	1.02483783157477	0.0110168230762675
TCGA-BP-4174-01A	52982772	3.54247821632913	7.46684203967144	0.939154794386126	49759024.343667	0.909014249597088	0.977616532690377	0.00975381205045293	0.00907332670325365	0.979803869076537	1.02061242209882	-0.0300435634041543
TCGA-BP-4176-01A	59636591	4.91073465540246	7.08916319289495	1.0482816531019	62515944.1988417	1.10276146846748	1.05366194660282	0.0110616316080173	0.0100820149159767	0.964321719864906	1.03699831643333	-0.00518126031962234
TCGA-BP-4177-01A	64350913	2.32048731133071	7.54909228158132	0.923737148751052	59443328.894147	1.16907798955065	1.03519292131693	0.0107190242972932	0.00981288330749868	0.977701699430434	1.02280685467005	-0.0476460606788473
TCGA-BP-4325-01A	56782881	9.73173326574123	8.15846644820935	1.25606886856581	71323209.091577	1.17107275072811	1.1751653415979	0.0156728750695126	0.0143095592490279	0.963463565717985	1.03792196776511	0.0696510281949022
TCGA-BP-4326-01A	62399495	7.187659416086	6.84360163980718	0.937963326140001	58528437.8796564	0.967848781038332	0.883810089303267	0.0141283194679701	0.0124196037163442	0.97247024194667	1.02830910074762	0.0125126947999929
TCGA-BP-4327-01A	55168537	8.75846738727544	7.16762342607861	1.12888202393299	62278769.7059821	0.997072577555396	1.02983542619834	0.0174012771083634	0.0160335953806424	0.950254381405836	1.05234979134805	0.0874587725670196
TCGA-BP-4329-01A	65268823	4.47835095426082	8.47541010676115	0.924530134766541	60342993.7242435	1.1003414335153	0.960625715135584	0.0105327010416597	0.00974212450560048	0.968254720940808	1.03278608239405	-0.0157673681643271
TCGA-BP-4330-01A	67113418	7.90342667912483	7.07211207476673	1.16264779256814	78029267.2894031	1.36286099178008	1.15711021166952	0.0146017149655528	0.0134074232368854	0.944129637384882	1.05917657957425	0.06325153589163
TCGA-BP-4331-01A	62399066	6.82279233075048	6.44352840420105	1.22415472762949	76386111.6435645	1.35691100612385	1.23909840666507	0.0140877909935383	0.0130530479414548	0.974156648434449	1.02652894850852	0.0525109087114567
TCGA-BP-4332-01A	57476948	7.22368295803851	6.97102530100547	1.21627686366644	69907882.0465589	1.19774246109866	1.18741428489387	0.0154311951288715	0.0141533263039645	0.96790593334914	1.03315824972764	0.0536606504805477
TCGA-BP-4334-01A	38044152	5.63800226796317	12.3546926945726	0.802732789006958	30539288.2403646	0.419372382755687	0.628122631572193	0.0150687811361914	0.0125480783485462	0.930111387421646	1.07514004615306	
TCGA-BP-4335-01A	35970093	14.2920215151335	8.9837869828644	1.23862104470148	44553314.1696692	0.630449197073487	0.998713815921492	0.020169867228311	0.0178811047277526	0.919735876134654	1.08726866695977	0.0985124743137205
TCGA-BP-4337-01A	55534352	7.58249661459949	8.91127140585948	1.16739781606783	64830681.241542	1.00419528734165	1.0303600055604	0.0154231024429708	0.0138999190987229	0.943671855575086	1.0596903935326	0.0750210442266855
TCGA-BP-4338-01A	81154686	2.59696322331428	7.87070988076757	0.689746945849438	55976196.8098702	1.01720735909583	0.714214090962441	0.00646577574091039	0.00569283208119368	0.957505497587656	1.04438042655567	-0.0716375708639359
TCGA-BP-4340-01A	70490286	10.0671782037817	6.5342518977466	1.18206030207794	83323768.7627201	1.3853494707458	1.11985706192101	0.0180535797514001	0.0166741130827587	0.96573150518924	1.03548449504507	0.0631706770566225
TCGA-BP-4341-01A	58591972	10.7473721756794	8.68093689116728	1.17438809692788	68809714.4923314	1.05080912922219	1.02192316687038	0.016949455123306	0.015371884052648	0.935039837880862	1.06947314915091	0.0923597346640139
TCGA-BP-4342-01A	68397186	9.80861666282053	7.147038777458	1.1559940396689	79066739.3461254	1.28148981222422	1.06760216577477	0.0164814529065567	0.0146505442489988	0.96058780839317	1.04102924403419	0.0593952183252017
TCGA-BP-4343-01A	51709482	2.09726569178452	7.47497487357728	0.878548688310634	45429297.5843223	0.860184621099022	0.947881416793984	0.00716129780607742	0.00643740735983393	0.967634040503442	1.0334485540419	-0.0775007406308382
TCGA-BP-4344-01A	54479351	6.29769785082501	6.92234311937236	1.14345198876471	62294522.2475609	1.08360455203909	1.13336923074122	0.0123084983152608	0.0112805859232794	0.963067529934415	1.03834878543574	0.0210755308155828
TCGA-BP-4345-01A	60821738	6.26815372490118	7.17858687928698	1.00411250620262	61071867.774779	1.04423050354624	0.978295536211785	0.00962706787497588	0.00850314405681732	0.969679130182041	1.03126897225505	-0.00553313943396304
TCGA-BP-4346-01A	54155308	9.36548885204139	7.89410107234557	1.21790626110543	65956088.685293	1.10339682808532	1.16097595074012	0.0151842918149408	0.0137847983433129	0.960779689407361	1.0408213360722	0.0818055571966679
TCGA-BP-4347-01A	83500436	7.48039823953828	6.63772775350535	1.09682018576552	91584963.7250218	1.63323482256556	1.11453166158951	0.0126232394762585	0.0114866466086476	0.953514422367807	1.04875183483513	0.0343762163538888
TCGA-BP-4349-01A	62449037	9.80524554930911	7.19166055548397	1.17534150856924	73398945.3562765	1.17597476039189	1.07301249080005	0.0153335270806498	0.013962152851132	0.961105260918595	1.0404687609807	0.0786464517821631
TCGA-BP-4351-01A	52550715	18.1113331727624	7.66385527016731	1.48638873908788	78110791.0070168	1.07060120752622	1.1608647450483	0.0248825348998582	0.0216400480944931	0.957873646438493	1.04397902971664	
TCGA-BP-4352-01A	65114330	12.2833494626945	9.00193644056733	1.16705194627661	75991805.5569973	1.06937814842762	0.935809073762953	0.0184216285416743	0.0157930980784107	0.955801495615481	1.04624234695935	
TCGA-BP-4353-01A	56417896	5.4653478911202	6.47352098813983	1.07600284320523	60705816.5036567	1.09715221302861	1.10810909662891	0.0109991872082575	0.00988271522922443	0.974776407826339	1.02587628503434	-0.0107224770533413
TCGA-BP-4354-01A	41202095	6.74700911158865	5.97995308245841	1.23515142506262	50890826.3548153	0.842211647047283	1.16475468624171	0.010999926095991	0.00953694223558292	0.974621120600785	1.02603973878954	0.00407348558163661
TCGA-BP-4355-01A	55712938	10.9530562415767	6.79590836363005	1.2750104727074	71034579.4152982	1.08113844233163	1.10575209554181	0.0185807468994006	0.0168497306675875	0.958513783638551	1.04328181510752	0.100153831153542
TCGA-BP-4756-01A	62601413	6.50895493405165	7.7043320915817	1.08478187307627	67908878.0513609	1.13545635483499	1.0335198730535	0.0139027373072234	0.0120428431863032	0.953934729875826	1.0482897505264	0.0242317879485377
TCGA-BP-4758-01A	70284834	3.79400941248744	9.37902394144677	0.838810856098145	58955681.778256	1.07603977323525	0.872366989379795	0.0093386007001169	0.00866489917298517	0.952743347163629	1.04960061172514	-0.000705832935834568
TCGA-BP-4759-01A	63652640	2.6439360092132	9.97911449460012	0.719709073460106	45811382.5576897	0.863530545301452	0.773025474590387	0.00868484009461351	0.00813174441782776	0.952855231142023	1.04947736793287	-0.0397807788771744
TCGA-BP-4760-01A	58214673	2.90140836658382	6.37237972653444	0.942953576826208	54893734.1291181	1.05762454054967	1.03521743956725	0.0101767126648637	0.00938180997770098	0.982057822432499	1.0182699808073	-0.0571310409597468
TCGA-BP-4761-01A	57492419	3.64679348388996	9.05826481492896	0.779186065319588	44797291.7463151	0.716893876081167	0.710520824449069	0.00973643151108323	0.00859177624792583	0.941781993900796	1.06181686045841	-0.0193589713666379
TCGA-BP-4762-01A	58706336	2.03449175417202	8.28207869752894	0.91694753186855	53830629.9002458	1.07196198636497	1.04046369625345	0.00850470381936287	0.00789839788332217	0.97572055936177	1.02488360054042	-0.0653459925661606
TCGA-BP-4763-01A	55755165	3.70243006043106	6.77308668330596	0.9827443705272	54793074.5315652	1.00235958161674	1.02440328705168	0.00951061663973194	0.00870509485533762	0.966281975849233	1.03489460115525	-0.0481134286420623
TCGA-BP-4765-01A	68125494	6.44096178575079	6.88561021494403	1.18869958253339	80980746.2776807	1.38263140633313	1.15645643127124	0.0133748314544332	0.0123987064225912	0.967623588901976	1.03345971663916	0.0306650420726404
TCGA-BP-4766-01A	71136965	6.69333230712268	6.53398037393237	1.17014504738679	83240567.2808778	1.45517921622892	1.16561109686851	0.0137502492550814	0.0126649906978742	0.962665640852122	1.03878227035799	0.037592730648808
TCGA-BP-4768-01A	68398746	8.03536063819265	7.3755847959644	1.09492318354279	74891372.7206548	1.25979277077329	1.04950254199772	0.0155777271121316	0.0143359499602522	0.958364280538126	1.04344456519028	0.0460442648867273
TCGA-BP-4769-01A	53406781	4.46189857645779	5.40717832543725	1.04939880660391	56045012.2459562	1.04514713840018	1.11509933272348	0.0101685776568335	0.00903177444826716	0.981249384792542	1.01910891919838	-0.0205205813192786
TCGA-BP-4770-01A	74039926	2.1977515428066	6.60278128792503	0.780854973614574	57814444.463155	1.10444800011322	0.84998609216532	0.00767299524313409	0.00641006853518465	0.982759464130205	1.01754298635532	-0.0791653366443313
TCGA-BP-4771-01A	63600237	7.59961231606536	7.22774485385085	1.11951558980623	71201456.8368708	1.20395757162451	1.0786609855366	0.0133065227414168	0.0119421724796403	0.95095282427957	1.05157687581147	0.0586298312744704
TCGA-BP-4774-01A	61950421	8.72343693704164	7.0850563053831	1.17553707163853	72825016.4891139	1.16176110999699	1.06857521027051	0.0141770787966074	0.0128608165552257	0.964422630800201	1.03688981164853	0.0523076677065109
TCGA-BP-4775-01A	60729554	8.8313241450382	6.27473057372647	1.24668957409588	75710901.8112926	1.25638906252174	1.1788446528003	0.0162774783427522	0.0149165758734207	0.964868324242921	1.03641084993089	0.0527349564466407
TCGA-BP-4776-01A	37143398	4.49011316069477	9.4800865234514	1.01210668224797	37593081.317196	0.605329802652627	0.928630507411366	0.0122485024121918	0.0113625306979184	0.929877928777545	1.07540997484975	0.040738436473332
TCGA-BP-4777-01A	61542029	4.43143411867398	9.48375571745872	0.983332147327238	60516255.5274451	1.09185012647833	1.01093618262289	0.0101110088521781	0.00930918283503457	0.955800498550348	1.04624343837097	0.00359478086003196
TCGA-BP-4781-01A	57026884	3.40118147518987	7.63426111188722	0.968416652653642	55225784.1145475	1.05252300524673	1.05168208912507	0.00943621608362821	0.00869488152289717	0.972829288726349	1.02792957776716	-0.0442714397697606
TCGA-BP-4782-01A	58521970	3.01071664144143	6.36732753566074	0.926721709541516	54233580.0841373	1.05762689416387	1.02978383742642	0.00810232464833292	0.00741439496995744	0.976359647496487	1.02421275045945	-0.0380132211783457
TCGA-BP-4784-01A	53000806	2.78088380100849	7.76036322187527	0.945579126623657	50116455.8478299	0.985554850570238	1.05957291482699	0.0102978433950608	0.00940872484090148	0.973884434889537	1.02681587688936	-0.0566650956678779
TCGA-BP-4787-01A	53165128	5.1782105238944	7.7622203910119	0.968035281362154	51465719.6421349	0.899778547006166	0.964364673583462	0.00985110014218342	0.00884318382530745	0.978283039213223	1.02219905683353	-0.0134441361158487
TCGA-BP-4789-01A	63981877	3.89242004745541	7.23054417733446	1.04767620796006	67032290.2735269	1.21358066960256	1.08079716338085	0.0100206188074164	0.00927998720637721	0.973942293065269	1.02675487769683	-0.0213205432702077
TCGA-BP-4790-01A	48341372	6.75809574653291	6.4362245577179	1.15590413789542	55877991.9263416	0.989169046847814	1.16596111885785	0.0113455819996172	0.0101652679613644	0.966336267824587	1.03483645734543	0.00292181816959597
TCGA-BP-4795-01A	65214296	2.5161814688242	6.20255601052844	0.942005050905187	61432196.2232259	1.19194186143732	1.04146525278683	0.00835545322761745	0.00755398785566895	0.979840463201504	1.02057430526254	-0.057264368467926
TCGA-BP-4797-01A	75166074	3.1969208768905	8.31269307846095	0.827313601636987	62185915.4018523	1.22940243436674	0.931975990197801	0.00755417929636714	0.00698356282383459	0.961902400277019	1.03960651279382	-0.0534941917417886
TCGA-BP-4798-01A	59638683	7.74943825760058	9.21523965609056	1.09309922961653	65190998.4426446	1.08713502308478	1.03869481897142	0.0127160588036459	0.0109805912380728	0.9404401334617	1.06333190643307	0.0375913566343924
TCGA-BP-4799-01A	59860427	3.26683263378376	10.1082857125257	0.58836973556904	35220063.6050398	0.582568583191041	0.554548803194457	0.00594354263460232	0.00539008851373546	0.879778171311742	1.13665016092524	-0.06767395156024
TCGA-BP-4801-01A	59532505	2.4535145144649	6.770567955802	0.915020086145593	54473437.853563	1.077912405036	1.03171996662443	0.00852455309918506	0.00791434864029323	0.974603622004483	1.02605816089959	-0.0459062235215858
TCGA-BP-4803-01A	62426005	4.02438867034036	8.43482283492641	0.906859084154618	56611589.7217316	1.0553302522002	0.963286264187614	0.0102065797739259	0.00947646737925965	0.956679752292334	1.04528186951157	-0.0311543098190709
TCGA-BP-4804-01A	39767215	4.85834908834618	8.02234594860197	1.03039188114866	40975815.4718932	0.721175283226362	1.03335174936259	0.00899494721971352	0.00813333294775609	0.966337698025874	1.03483492576446	-0.00193543159483586
TCGA-BP-4807-01A	45688257	2.87831917445029	9.23447856580903	0.967384094801791	44198093.1410166	0.827566318408554	1.03212129637836	0.00951012423170356	0.00886757400265893	0.972013771503693	1.02879200821714	-0.0467217814824946
TCGA-BP-4959-01A	77411484	3.1128100951869	8.75113484714527	0.796602283850479	61666164.9506548	1.19595869821881	0.880325559188203	0.00776892482774261	0.00721311582141998	0.962432731556987	1.03903365628706	-0.0539722142807551
TCGA-BP-4960-01A	66839977	6.23247384516783	12.0008617318497	0.894512602866558	59789201.8018108	0.953361756589733	0.812744346701021	0.0118947826687612	0.0108562873981839	0.945511411531455	1.05762869469792	0.02493318536672
TCGA-BP-4961-01A	79877048	5.08637523167448	7.05483105217228	1.07615377819616	85959986.9963562	1.54725646977717	1.10375535478874	0.0104789801445842	0.00961271127596002	0.977059254868808	1.0234793795943	-0.00430048937931609
TCGA-BP-4962-01A	72097018	2.67098571403565	9.60008902158773	0.773358629813568	55756851.0541241	1.06502638484739	0.841735390543104	0.00721855098084639	0.00660270026702075	0.954393203890902	1.04778617023169	-0.0518871270324609
TCGA-BP-4963-01A	61274847	8.38736958069438	7.81762310781325	1.16285855432172	71253979.9987047	1.20223404905663	1.11799358271748	0.0137074189675251	0.0124117976173812	0.964845020339259	1.03643588236417	0.0550329160702771
TCGA-BP-4964-01A	76487383	5.85957465713136	8.71007107876988	1.06503105905288	81461438.5206733	1.39554607383672	1.03964938243686	0.0123923444994843	0.0114105878089724	0.963010827550473	1.03840992374262	0.0198172145207273
TCGA-BP-4965-01A	93742121	4.53626357448697	6.49079558707859	1.00381962329692	94100180.5892741	1.82815133811248	1.11124518353997	0.00999981641123738	0.00922115897078966	0.977438871902632	1.02308188137991	-0.019650304330314
TCGA-BP-4967-01A	77595505	5.96656560057488	8.27426367751699	1.03017691980599	79937098.3316906	1.36476034016431	1.00219527780799	0.0121334734531337	0.0109007731826734	0.955453205697933	1.04662373210578	0.0139750867169167
TCGA-BP-4968-01A	73736727	5.43570958308064	8.09982531377134	1.07336046834508	79146087.8269533	1.38066038364441	1.06692902426914	0.0136616994133737	0.012702991278688	0.968234391526491	1.03280776716	0.0392431252932736
TCGA-BP-4969-01A	65640832	9.98580449576678	10.1145297821281	1.09443916280948	71839897.2201978	1.08598154898536	0.942716030215041	0.0174260131254887	0.0158844117027645	0.9591915593026	1.04254462031241	0.0978703605533215
TCGA-BP-4970-01A	89927393	3.79398035445009	6.64809222790642	0.977551767811868	87908682.0018626	1.68342691657416	1.06668155675227	0.00824897703862048	0.00756394661635526	0.976661182649874	1.02389653419705	-0.041862672755169
TCGA-BP-4971-01A	74020443	13.0863767047429	9.03252849638433	1.19255002471705	88273081.1292173	1.28550712984058	0.98959007819016	0.0206779632486123	0.0185598727097594	0.943572237199391	1.05980227117331	
TCGA-BP-4972-01A	95820546	5.06869669648433	7.15597428739747	0.959582103617097	91947681.1004188	1.76702472756607	1.05079139670705	0.0100220155289034	0.00918956358274143	0.974501408080058	1.02616578253096	-0.00937908296745022
TCGA-BP-4973-01A	83508225	8.93520159035022	8.08292574405756	1.0693381427402	89298530.2250307	1.59844039330288	1.09068594253321	0.0160011663521767	0.0148323234028744	0.959509138171719	1.04219955831315	0.0621986438161491
TCGA-BP-4974-01A	87451167	10.4978902953586	6.78450115007921	1.24585374792845	108951364.167667	1.78418368842515	1.16253618024526	0.0162644027380447	0.0147009701997459	0.970408559556444	1.03049379578544	0.0727769021400982
TCGA-BP-4975-01A	92577693	4.15363440447908	8.32112330294651	0.948837368571139	87841174.6145067	1.63933040613452	1.00900347657145	0.0108372758867517	0.0100515790558747	0.973081604010158	1.02766304067296	-0.01630127643833
TCGA-BP-4976-01A	84984153	2.75273105557405	7.04097925072513	0.882513786636457	74999686.6681221	1.50759760966189	1.01083439835872	0.00865987332956063	0.00813931745604383	0.981132705999906	1.01923011421871	-0.0517535766810855
TCGA-BP-4977-01A	77061364	9.16971583469793	8.18859880501088	1.12709050025234	86855131.3008879	1.46338577675613	1.08206826537914	0.018065797537661	0.0162594059456306	0.962272520896464	1.03920664706126	0.0705370176341408
TCGA-BP-4981-01A	58983423	7.60439556000096	11.6143249696028	0.968072411213009	57100224.5252069	0.864638056184809	0.835289258804682	0.0143431316286951	0.013171802524923	0.940789550311449	1.06293697636092	0.0666234235250931
TCGA-BP-4982-01A	78085222	7.29048689585431	6.4207335935384	1.14930595290721	89743810.4786813	1.641982245619	1.1982077659982	0.0130730370466258	0.0119665792843619	0.974384615311717	1.02628878195094	0.0381727656640895
TCGA-BP-4983-01A	68451637	5.95765131996761	7.97317106384635	1.04626829632884	71618777.6249102	1.22682845020351	1.02125106554352	0.009718540405396	0.00849754696151386	0.949325769959307	1.05337917882801	-0.00547529880307838
TCGA-BP-4985-01A	74403099	4.19346467404363	8.91867469409644	0.815300859676599	60660910.5773031	1.05193937649918	0.805623655053596	0.00908280715565356	0.00704672261030418	0.954427677804119	1.04774832421114	-0.0577833189244159
TCGA-BP-4986-01A	74464511	7.93346516313471	7.45500278568341	1.15852393299435	86268918.1522213	1.48662109829216	1.13758399372904	0.0130750875406944	0.011706838442812	0.968124923293997	1.03292454923849	0.0204825494527522
TCGA-BP-4987-01A	67037096	6.96133290052989	8.11768670042513	1.1708347588055	78489362.1261809	1.37540046946729	1.16908610310859	0.0132267065983885	0.0122768892017638	0.968706072828692	1.03230487353086	0.0398294885927274
TCGA-BP-4988-01A	53485229	17.8386047836911	8.29176973326651	1.56374349601479	83637178.9816117	1.15574378642778	1.23128965369575	0.024448357508201	0.0210101372100323	0.946048225763416	1.05702856658607	
TCGA-BP-4989-01A	72374582	11.4027115770385	11.5908681009632	1.19854732173663	86744361.4179082	1.30967603808613	1.03112267127681	0.0177403718891254	0.015961238988572	0.940991327590673	1.06270905021029	0.0937951716866652
TCGA-BP-4991-01A	81408319	8.29944986721626	6.75109225251124	1.20750995210014	98301355.3762425	1.72236523634253	1.20556043547802	0.0142550050689537	0.0129996665328515	0.968925731042303	1.03207084708574	0.0406308066292031
TCGA-BP-4992-01A	55831491	12.5231621942045	13.3950957574223	1.08316060090564	60474471.3410177	0.765790316424415	0.781561516418238	0.0213026193407588	0.0191805194670513	0.903038555785659	1.10737243010625	
TCGA-BP-4993-01A	54885465	3.85293840026971	7.12460782670221	0.972009647532049	53349201.4892826	0.983249002371383	1.02079536398937	0.00935836108886023	0.0087046360999219	0.968932466910866	1.03206367228893	-0.0129807239974015
TCGA-BP-4994-01A	89147432	5.9861513289783	8.79405400211479	1.0046964718688	89566110.4065637	1.51133622374805	0.966017017087649	0.0141016176439048	0.0117087276277347	0.963220129548992	1.03818428344955	-0.0186235834333833
TCGA-BP-4995-01A	87298262	5.37449962176736	8.68117105381955	1.00274633267232	87538012.069167	1.54961626470508	1.01146553971335	0.0128010108609035	0.0109303436075279	0.963312786227061	1.0380844252225	-0.0189344068923998
TCGA-BP-4998-01A	76947871	9.25390483208263	6.89002694674273	1.20018685145364	92351823.021551	1.64814726671379	1.22048354610828	0.0143949271838853	0.0129212931700216	0.969862012166652	1.0310745110699	0.0472118274419396
TCGA-BP-4999-01A	85809977	6.88411626796884	7.66178265756138	1.07273031541546	92050963.6930036	1.64200867016986	1.09036068283692	0.0134905641566598	0.0123582948868521	0.963116491687208	1.03829599911448	0.0303366583874674
TCGA-BP-5000-01A	67825226	4.70859447294683	11.3117406273551	0.866099787000135	58743413.791836	1.00710754838413	0.846091094784575	0.00977409201703213	0.00885303353062178	0.949563662345924	1.05311527773659	0.00455295917588034
TCGA-BP-5001-01A	58161268	10.228716076865	10.5328294502643	1.11613230027035	64915669.8394801	0.92887822620451	0.910033624207053	0.0176409496436701	0.0158647675975703	0.926152125844299	1.0797362248544	0.0994018649874262
TCGA-BP-5004-01A	82676036	6.63407034840574	7.34946843484453	1.06418168514988	87982323.311992	1.59021607646503	1.09599611966953	0.0128185632896091	0.0118201119366681	0.97316782338234	1.02757199320915	0.0149851223450307
TCGA-BP-5006-01A	71663603	4.55327194720267	8.8055391829924	0.999209403643228	71606946.016555	1.28261123868994	1.01983267948841	0.0103649128554142	0.00959734050770515	0.968676149313899	1.03233676260976	-0.00238963194436611
TCGA-BP-5007-01A	69585622	8.03532885117442	8.07118942993185	1.15540675767359	80399697.8957203	1.34388728311615	1.10046403409081	0.0152578502495817	0.0140415213936005	0.967108219568692	1.03401044450432	0.0554750630275418
TCGA-BP-5008-01A	75553323	6.49944310931616	7.74866900990122	1.09287112345597	82570044.9878415	1.47037403295612	1.10893675119343	0.0121484663222556	0.0110572370192109	0.969420272884622	1.03154434456418	0.0106768485410991
TCGA-BP-5009-01A	75786911	6.26219481743966	12.0370326299375	0.941654128431272	71365057.6242034	1.21763338572239	0.91549265403435	0.0108062723390323	0.0098247704013164	0.94726605231344	1.05566962687808	0.0159667408965249
TCGA-BP-5010-01A	48109671	5.09200015577008	9.63078165053231	0.923307355384122	44420013.0994102	0.7111437258848	0.842281997445449	0.00978551692860257	0.00858823166759964	0.94187692532755	1.06170984032997	0.0150116029965465
TCGA-BP-5168-01A	49370344	2.75317553242375	7.54022875815795	0.899832990918224	44425064.3041816	0.83588645130889	0.964747485206493	0.00928067262403519	0.00875163033095334	0.966226850677808	1.03495364395897	-0.0294293629125471
TCGA-BP-5169-01A	66984537	3.22249264983179	15.2575362730844	0.636381870923106	42627744.978978	0.676701055333795	0.575645105641127	0.00752675203233845	0.00657817490027587	0.74515772199784	1.34199776836359	-0.00389868172049369
TCGA-BP-5170-01A	50697821	2.04843160286545	8.60274584593236	0.834586535264417	42311718.7738456	0.808501401367436	0.908707276850658	0.00854989408716402	0.00802026580195626	0.968125829313256	1.03292358257744	-0.0557359371588462
TCGA-BP-5173-01A	62815614	2.76831467026085	7.50236626403145	0.868252722871784	54539827.8943629	1.07255444075357	0.972935967520292	0.00883960156785222	0.00819923530477629	0.973245473649274	1.02749000850773	-0.0364550846770117
TCGA-BP-5174-01A	62062695	3.47569345897976	7.69554407467686	0.819317944008431	50849079.6670224	0.940735184733945	0.863712648652814	0.00784777393247264	0.00735087317751831	0.950770313793173	1.05177873719092	-0.0219843413144924
TCGA-BP-5175-01A	61653700	3.80344949891425	9.21410541935595	0.676821902493005	41728574.529733	0.683078393249281	0.631311827584196	0.00782548330432723	0.00705203418448528	0.949521910282757	1.05316158497302	-0.01717517911948
TCGA-BP-5176-01A	72367713	2.26901383627508	7.94663733238084	0.794029444539851	57462094.9560094	1.1523110082257	0.907313526025339	0.00752994640026831	0.00701774284341416	0.962509938651785	1.03895031089313	-0.0438465933945233
TCGA-BP-5177-01A	54354565	3.29917003234431	7.67965807698925	0.906850666405073	49291473.4924079	0.894577977805163	0.937809657760955	0.00945558114576025	0.00876049693342224	0.970340853615515	1.03056569892319	-0.0145917601229034
TCGA-BP-5178-01A	71814788	2.06949062367712	10.4111861086625	0.667335502609615	47924557.644783	0.898881178218452	0.713215752300263	0.00632404568262459	0.00569785153442213	0.949955794619905	1.05268056225724	-0.0592078907104062
TCGA-BP-5180-01A	67379546	3.25511516903807	7.68969137792787	0.861925147410419	58076125.1184971	1.12519651600551	0.951552645286537	0.00988593778889516	0.0091823414779316	0.958341081728274	1.04346982412212	-0.0229051475172459
TCGA-BP-5181-01A	58143658	2.18455209681185	6.38882097487979	0.890369255300706	51769325.473919	1.03231062098319	1.01167394939177	0.00890621639250836	0.00836849652631075	0.978415891893145	1.02206025912467	-0.0420012649000516
TCGA-BP-5182-01A	71684706	2.63468860907433	6.2458192348411	0.875358964427632	62749850.0094592	1.21415674932208	0.965118793309998	0.00762300678194872	0.00703130455748818	0.972032918709327	1.02877174296505	-0.047616181561167
TCGA-BP-5183-01A	50511690	7.20120381989384	7.76419928668559	1.16759601329197	58977247.86864	0.969318218877669	1.09347031864164	0.0119613103422198	0.0106603639672321	0.967137349789722	1.03397930006263	0.0180509048105707
TCGA-BP-5184-01A	47068906	3.83210551296609	7.44042526894782	0.961261170295555	45245511.6660915	0.858327269374105	1.03908560574443	0.00953245014872451	0.00883755403195477	0.972187923806855	1.02860771617512	-0.0214530965005358
TCGA-BP-5185-01A	44318355	2.49036390508147	17.2255735179998	0.575601716306563	25509721.2018836	0.394250307816939	0.506898413159974	0.00681839386863524	0.00639567962303655	0.882916006246171	1.13261056875798	-0.0220614698257297
TCGA-BP-5186-01A	60545099	4.66562043226214	6.85801362351076	1.05325187143012	63769238.8276718	1.17736914293841	1.1080674011386	0.0112408603048118	0.0104895691061633	0.970372432622499	1.03053216103577	-0.00110275410033723
TCGA-BP-5187-01A	35004684	6.53911370548341	4.83512208646587	1.10850589934844	38802898.7188281	0.62634636661165	1.01957909788697	0.0102961078008874	0.00856802478205488	0.963896688797419	1.0374555817259	-0.0343107539656385
TCGA-BP-5189-01A	96236169	4.17102543339421	6.41431319786972	0.924088851552533	88930770.8890254	1.66028179689215	0.983050894696275	0.00933002642696635	0.00859805630874604	0.971442857414659	1.02939662623218	-0.0313026666057282
TCGA-BP-5190-01A	60364090	4.03788186706147	9.80035056320558	0.794057029977231	47932530.0226783	0.85652624358426	0.808527021145977	0.010041599235572	0.00923093514703858	0.958373115539388	1.04343494593667	0.000785505718502081
TCGA-BP-5191-01A	59123877	3.92150179421752	13.1720812265166	0.603835464077868	35701093.7063778	0.585793507464962	0.564565287231295	0.00754891293749224	0.00665115381388132	0.818893202825654	1.2211604596905	-0.0098449827891436
TCGA-BP-5192-01A	66639681	3.13242702087112	6.51020336723804	0.932494700560719	62141149.3795568	1.20358900509767	1.02914797738539	0.0112064462013256	0.0104834385386689	0.971944538570045	1.0288652904735	-0.0187316851922385
TCGA-BP-5194-01A	80401745	3.14175842098828	6.74921357449439	0.938114230970413	75426021.1793543	1.44762138080707	1.02594017513078	0.00958588647547388	0.00880283133158366	0.971047543806419	1.02981569376108	-0.0308530387540162
TCGA-BP-5195-01A	68383135	3.12417547618771	7.04689332004092	0.920980948359654	62979564.5241063	1.20949369532002	1.00782963476157	0.00881085665347165	0.00808436173626728	0.967572764834487	1.03351400157595	-0.0379149613276957
TCGA-BP-5196-01A	55739483	3.79066810237567	6.46346491338204	1.0315545815424	57498319.0614549	1.07434888370629	1.0982846739816	0.00991112529694615	0.008782123077819	0.976454464064548	1.0241132964229	-0.0142104701085717
TCGA-BP-5198-01A	64424536	2.28087764001297	6.2667151127416	0.829822388042605	53460922.3120568	1.03642612039943	0.916683834855394	0.00697431487903925	0.00620417351550658	0.968042548261426	1.0330124453682	-0.0596824139724162
TCGA-BP-5199-01A	68358746	7.71301260532442	6.64288815798101	1.1818028508788	80786560.9052999	1.39002181271543	1.15867076902208	0.0134616424941441	0.0120829893515016	0.97168850932403	1.02913638517313	0.0500501632036964
TCGA-BP-5200-01A	84392650	2.52959499514997	7.16306605107204	0.874376318474864	73790934.6133377	1.4680519391985	0.991218317908841	0.00690368177797474	0.00641664884323457	0.973321243022941	1.02741002230076	-0.0531943034976249
TCGA-BP-5201-01A	66218799	8.42398774457291	7.79709301702658	1.10859861320949	73410068.739798	1.18344090648181	1.01835171633804	0.0113800916262465	0.00993707240144902	0.961563105365291	1.03997334592003	0.014164707234133
TCGA-BP-5202-01A	74340275	3.75078258664656	7.5628369194494	0.974712378589563	72460386.2702522	1.35788814979836	1.04081215998403	0.0101611945879942	0.0094823162814504	0.974034344102171	1.02665784431016	-0.0198756934502719
TCGA-CJ-4634-01A	55409263	7.0472317534837	5.92531501247021	1.20650086785045	66851323.896454	1.19799289943032	1.231982086002	0.0132835551340937	0.0122860865339429	0.972272488085611	1.02851825208896	0.0413195434788998
TCGA-CJ-4635-01A	42220164	9.0733970945348	7.18373570215114	1.24090225337012	52391096.645256	0.870745654138657	1.17517872944324	0.0160317709803306	0.014471118586844	0.963720510417724	1.03764523966243	0.0599978606272379
TCGA-CJ-4636-01A	45356083	7.31819552788481	8.058438487991	1.09102156496335	49484464.6552674	0.82304453874009	1.03399947609741	0.011342734336208	0.0101532136273761	0.952855739328284	1.04947680821543	0.0324614940286675
TCGA-CJ-4637-01A	50616907	7.37718193736084	7.43091929376393	1.18112171551136	59784728.0297189	1.00886122642051	1.13571235424569	0.0135851840966893	0.0120041115906193	0.945291856730796	1.05787434100872	0.0416554715779476
TCGA-CJ-4638-01A	40692360	10.432865886928	8.81018238345044	1.107952482843	45085201.294741	0.628420731976856	0.879974624617655	0.0146674953234465	0.0129953141081028	0.905178048164324	1.10475502806102	0.0763536408009729
TCGA-CJ-4639-01A	35895070	8.27099872973847	6.72251693170252	1.24131795910094	44557195.0341854	0.760065887773221	1.20656010021367	0.013865469547768	0.0126025941724031	0.971484663492786	1.02935232801791	0.0356031960397691
TCGA-CJ-4640-01A	60199583	2.82905184618099	7.12841216555894	0.951086843016649	57255031.3463887	1.1268708473845	1.06662849891016	0.00792779577891761	0.00725679445321075	0.979165354019147	1.0212779648456	-0.0457915330782714
TCGA-CJ-4641-01A	52066033	6.69492530029437	7.05527068352959	1.14691699190493	59715417.948783	1.04625230763535	1.14502366370608	0.0115342568925887	0.0104253765598005	0.969061499269591	1.03192625107254	0.0280785848591745
TCGA-CJ-4643-01A	60642176	8.38105448573558	6.322567660255	1.22357623771114	74200325.556697	1.27636486132501	1.19931312207484	0.0142762357340212	0.0130499934566992	0.96890043985229	1.03209778721171	0.0479655177292369
TCGA-CJ-4644-01A	52396324	2.05472076255236	7.45332281153264	0.899289770978026	47119478.2100505	0.958531999192535	1.04240940070643	0.0072016311678659	0.00671762774808401	0.976623131042552	1.02393642769089	-0.0589554338422531
TCGA-CJ-4868-01A	46247269	4.66615017430808	8.67950300182855	1.00562728340841	46507515.4895278	0.846427717100136	1.04288472645578	0.0092344479843772	0.00815276249068891	0.975768558355305	1.02483318553073	-0.0228857215702446
TCGA-CJ-4869-01A	69697930	2.27295508046485	8.19312875840094	0.805858174258334	56166646.6193852	1.12073212124481	0.916251000828119	0.00708940710290822	0.00655533098328745	0.96523182252328	1.03602054622052	-0.0478589821380166
TCGA-CJ-4870-01A	52842980	1.99327209774289	8.79089885792698	0.845471385891044	44677227.5352127	0.842917086849464	0.908929249010902	0.00932583665796289	0.00883082293996289	0.961899215373546	1.03960995499061	-0.0403439049690833
TCGA-CJ-4871-01A	60795263	2.9771753933687	7.48327142931177	0.867289058740856	52727066.4231728	1.02441460733887	0.960148800133621	0.00840435545118047	0.00764173024467383	0.977124023626643	1.02341153816734	-0.0492251811481348
TCGA-CJ-4872-01A	60609887	5.2352674907138	7.92587154457315	1.03123385492999	62502967.4178813	1.08795360457407	1.02282049953302	0.010450473204149	0.00940181591165151	0.964437023286316	1.036874337935	0.000690885791593803
TCGA-CJ-4873-01A	44089301	7.64929603721648	9.51090701465068	1.02863474314387	45351786.8095277	0.690900323831883	0.892924430151522	0.0125030333322817	0.0111626401153423	0.873100301590175	1.14534378029501	0.0613888278615434
TCGA-CJ-4874-01A	58842095	2.43309661116467	7.46472090266623	0.864934225817293	50894541.8842926	1.04433225789058	1.01130717536696	0.00822536994986327	0.00771446020064377	0.974797889164211	1.02585367809669	-0.0470433540354244
TCGA-CJ-4875-01A	52422810	6.11898060372066	10.8450747739609	0.996664964689126	52247978.0775548	0.847892019077933	0.921621873058881	0.0150065782433258	0.0138891066694059	0.911910445090601	1.09659890988599	0.0781935808535964
TCGA-CJ-4876-01A	53277314	5.98751842679848	7.92405458123678	1.07792898709246	57429161.115027	0.995039201788331	1.0642174899126	0.0126163830256157	0.0116960851292165	0.956095365468312	1.04592076911719	0.030312768399223
TCGA-CJ-4878-01A	42121819	11.1107370789863	7.11418630138175	1.18828932339784	50052907.7997965	0.782720656552195	1.05884453698198	0.0174818186270636	0.0161402811212878	0.955890556388365	1.04614486806763	0.0776097343595311
TCGA-CJ-4881-01A	53624224	6.61234622200473	8.85825283202221	1.1311303063978	60655984.9234644	0.998415857195743	1.06092081936974	0.0123651393071907	0.0108823206467286	0.957073262262965	1.04485209171504	0.0377083041983871
TCGA-CJ-4882-01A	41877792	20.0480343623318	8.15324534012148	1.30221568167453	54533917.4563041	0.757621161502849	1.03086274274048	0.0134885334928833	0.00948051415891268	0.926974158522971	1.07877872409452	0.0258347613120923
TCGA-CJ-4884-01A	68372458	6.43218890582713	9.23068879309368	1.01142732169727	69153772.0727989	1.20299746984608	1.00257308950316	0.011865362511905	0.0109600564601612	0.95437595647066	1.04780510575524	0.0245437004226061
TCGA-CJ-4885-01A	63270999	2.86283853210124	9.42924449912266	0.884052215556248	55934866.8464071	1.07165619518096	0.965124431843875	0.00912998070411374	0.00855651101699848	0.967340439811927	1.03376221942548	-0.0369932746010741
TCGA-CJ-4886-01A	55456031	4.7566053573122	6.74680255067415	1.07282039711573	59494361.1998823	1.09302966487975	1.12309291528354	0.0102151558592428	0.00941262817744746	0.977369855408513	1.02315412580637	-0.00609589618735645
TCGA-CJ-4887-01A	55288678	6.07607065052704	9.01859629837017	0.976044926400367	53964233.6492836	0.95290586477423	0.982078756195645	0.0111777315420709	0.0102942233489468	0.964574501130231	1.03672655541719	0.0385854132826147
TCGA-CJ-4888-01A	72076410	4.55962191151883	10.1276409562617	0.933247787348058	67265150.1524915	1.22203035249344	0.966098412404392	0.00865316405187217	0.00766092539847642	0.923510813038552	1.08282435449757	-0.011133352131653
TCGA-CJ-4889-01A	64054367	3.6494165749409	9.25587212493458	1.00835996625446	64589859.3465706	1.20258143392781	1.06978935842536	0.00896240220436493	0.00801057014582628	0.904568848522069	1.10549904701433	-0.0177646852519121
TCGA-CJ-4890-01A	70537535	4.80033401789523	8.13435882754009	0.927652749712944	65434338.300723	1.17437109121442	0.948675305272653	0.00799340379558203	0.00708723376851771	0.93576207334152	1.06864771343969	-0.0257872516391501
TCGA-CJ-4891-01A	62467394	5.31297750284435	9.52238393219575	0.864558769032562	54006733.2613121	0.879554702862177	0.802309600591535	0.00995647425279178	0.00846488009408556	0.959134632701342	1.04260649746695	-0.00251231506701629
TCGA-CJ-4892-01A	59122834	8.55209727635775	7.37641136355152	1.22960462494035	72697710.1259807	1.21462751809905	1.17063200963729	0.0155175071614463	0.0142280730318171	0.967144724490034	1.03397141573335	0.0724713721756639
TCGA-CJ-4893-01A	69556714	4.21939339104939	6.68020824597623	0.952460992334744	66250056.8399839	1.25668183398908	1.02948210729395	0.0085497713419872	0.00792179458046279	0.976100107316743	1.0244850835525	-0.0241942740558578
TCGA-CJ-4894-01A	63314125	6.52944078257486	7.59682491495713	1.17572497202807	74439997.8446065	1.33502811846997	1.20149599138537	0.0125021391356194	0.0113923867699348	0.96083687486797	1.04075939023199	0.0276180780686223
TCGA-CJ-4895-01A	52391146	4.72056867152814	7.79343980815926	1.00858671652591	52841013.9191693	0.972600832920984	1.05781388038238	0.0105834867593849	0.00954565872638098	0.970897735277636	1.02997459327067	-0.0012362457880474
TCGA-CJ-4897-01A	87627111	2.6717466461085	7.23116398452288	0.904158172959473	79228768.5834769	1.52747939758955	0.993274738133393	0.00848234058520998	0.00793657341961211	0.972794846562955	1.02796597199622	-0.0401339260180036
TCGA-CJ-4899-01A	77048285	6.76625786187088	6.85430804160175	1.15548686547831	89028281.3251294	1.61578168700261	1.19495686292488	0.0128472295003062	0.0116155213578083	0.971489514659541	1.02934718791118	0.03229567647938
TCGA-CJ-4900-01A	54301253	5.29967725880297	14.7227447091969	0.94251994440398	51180013.9586264	0.852732691240453	0.894819798052229	0.0113845439257175	0.0103339051863131	0.842581348905522	1.18682902404493	0.0408779138457522
TCGA-CJ-4901-01A	60179483	6.51615930390364	8.42860429435952	0.996961549781053	59996630.6367026	1.01766959900725	0.963586864482798	0.010374083805273	0.00920424989360577	0.937723792010643	1.06641210185766	0.00682661891672928
TCGA-CJ-4902-01A	81801953	8.28133569656523	6.66711890117289	1.13918628436692	93187662.8920275	1.60714371734242	1.11949862621061	0.0136860913332962	0.0122509788977777	0.960743272229698	1.04086078862587	0.054141487953092
TCGA-CJ-4903-01A	75089514	6.61728437380383	7.39906171555216	1.04078996839958	78152412.9031997	1.380843578945	1.04784661279551	0.0121023955488645	0.0111692293014441	0.960992822513141	1.04059049825664	0.027793761104795
TCGA-CJ-4904-01A	81985156	2.20180106520027	6.07596444029511	0.87640184110359	71851941.6615651	1.43679555389559	0.998601629966118	0.00681305040146536	0.00634650253028731	0.973424067156742	1.02730149555567	-0.0603594727868422
TCGA-CJ-4905-01A	72634627	2.61177361154678	6.03718881226777	0.951348596540868	69100850.4567194	1.29612983381702	1.01680417102058	0.00830623113133079	0.00773105092148405	0.981953910219708	1.0183777360551	-0.0445370157212307
TCGA-CJ-4907-01A	70783555	4.58192540631728	9.41250769023258	1.01166800809655	71609458.0928423	1.29533336819089	1.04275361741365	0.0100856477185979	0.00929845922545145	0.976477940391663	1.02408867485414	-0.00967685092767153
TCGA-CJ-4908-01A	70558849	7.13867590686711	6.09736839935768	1.16858306486894	82453876.018045	1.41909116363584	1.14601771421473	0.0123725515987371	0.0112017700288733	0.970644830104867	1.03024295703709	0.0329446494691851
TCGA-CJ-4912-01A	49245394	7.91261834731444	9.19887320583129	0.956635038914607	47109869.4055552	0.712590415511827	0.82453079924809	0.0133767231103888	0.0118284767911492	0.91553857808509	1.0922532637473	0.0491781390725069
TCGA-CJ-4916-01A	72301393	6.81164074880958	7.82217823693589	1.05115292469663	75999820.7115906	1.28018608889572	1.00892518111564	0.0126925078746408	0.011617798290553	0.948874594988785	1.05388004408719	0.0465189942541513
TCGA-CJ-4918-01A	62847779	3.4890922911252	7.11935333285098	0.999791855749721	62834697.5961583	1.10915371359513	1.00562098051416	0.00880864859202105	0.00797105336053323	0.965776706285834	1.03543603142571	-0.0363551847344715
TCGA-CJ-4920-01A	53613405	6.08140771025879	6.73141713387322	1.11586556709468	59825352.5742016	1.02540198958398	1.08981627205204	0.0115454521122096	0.0104240161578993	0.971024317519098	1.02984032630092	0.0134171328586858
TCGA-CJ-4923-01A	58715699	6.3898738066482	7.50439554119061	1.20145795376277	70544443.5742906	1.15876770683291	1.12453938556036	0.0124662571078307	0.0110240533796592	0.958906237325047	1.04285482884081	0.0441446552264106
TCGA-CJ-5671-01A	55652692	1.86040557490143	6.06757318347458	0.849491303839019	47276477.8892314	0.926855932297345	0.948983321880972	0.0063375370952406	0.00575046756049105	0.969689696232484	1.03125773521703	-0.0638953761772537
TCGA-CJ-5672-01A	40079573	2.11380956559334	6.51784633318083	0.949942615891325	38073294.4194273	0.674634153256322	0.959130629071875	0.00793236993817274	0.00726260232363254	0.956616154568313	1.04535136190677	-0.0300340926431968
TCGA-CJ-5675-01A	60739847	2.26546889169969	6.00548483288081	0.883698993553749	53675741.6625087	1.10956529733159	1.04090643703174	0.00930509423245666	0.00870553723982874	0.980664241712693	1.01971700146172	-0.0327336819231148
TCGA-CJ-5676-01A	47180794	2.01699430528622	6.90787390714787	0.8332339187579	39312637.8747292	0.708327602703597	0.855463419372215	0.00741852712355795	0.00686423378122886	0.959891476179905	1.04178443586114	-0.0423361643520339
TCGA-CJ-5677-01A	46351223	1.97706040534415	6.24878573985061	0.864920121506755	40090105.4291467	0.736722352396829	0.905680821958908	0.00754247627942848	0.00673649970357848	0.97711971914959	1.02341604657239	-0.0539829005218829
TCGA-CJ-5678-01A	46980490	2.05127734662943	7.29756845928477	0.85426208666491	40133651.4199399	0.738222780180717	0.895369761031776	0.00941128966513546	0.00871295722969258	0.950451900352678	1.05213109640681	-0.0253793883711978
TCGA-CJ-5679-01A	49705532	2.68486721845983	6.89694521825191	0.780487505030339	38794546.6568857	0.682147167168775	0.78199842083933	0.00821677152555172	0.00686068504407115	0.921096549172837	1.08566251919847	-0.0445234241378382
TCGA-CJ-5680-01A	58265853	2.60147719296733	6.44623402634217	0.939893166592821	54763677.0804018	1.07239628301831	1.04875420163501	0.00939895276226369	0.00844019223403457	0.970513329651245	1.03038255060273	-0.0369112817432134
TCGA-CJ-5681-01A	56652784	4.42771397626231	4.99786677223124	1.05046020578421	59511495.1388884	1.08518641595316	1.09147957903604	0.0152185989659396	0.0102935100241499	0.975820941120916	1.02477817175281	
TCGA-CJ-5682-01A	44798516	2.2843541036451	6.06063691586727	0.957949063157521	42914696.4330472	0.785689651941399	0.999355318350791	0.0111075107934379	0.00863285292753894	0.957525713574977	1.04435837682775	-0.032102651067762
TCGA-CJ-5683-01A	52528622	2.89310457072548	6.76570587624577	0.943112636037127	49540407.1618178	0.937549142593309	1.01702248703903	0.00999356122458343	0.00871791382610418	0.956035359160954	1.04598641715264	-0.0175321374882879
TCGA-CJ-5684-01A	56297044	2.6683654181609	6.88960043715783	0.934745600293966	52623414.1885558	1.01409538669529	1.02642149358234	0.00990826445523499	0.00894714827300702	0.969895719569219	1.0310386774819	-0.0277294722971695
TCGA-CJ-5686-01A	70127478	3.71652504977285	6.7603100592689	0.966539167142016	67780954.17989	1.30146144383148	1.05748839110237	0.00967352626027703	0.00890837682769656	0.972893635216712	1.02786159123885	-0.0268555407736374
TCGA-CJ-6027-01A	62226633	2.87846027057003	7.9569457143104	0.857596521150753	53365343.9837247	1.04693538351464	0.95868536591201	0.008391744415932	0.00737549145556373	0.947953764427524	1.05490377012629	-0.0458132964217109
TCGA-CJ-6028-01A	48498907	3.45729411017457	9.41470340626164	0.932962076977397	45247641.0058536	0.84661947267248	0.994692457016531	0.00831134194426279	0.00741286808793444	0.940812336245021	1.06291123263882	-0.042002052194279
TCGA-CJ-6030-01A	66658539	2.93758768196892	7.24177241856064	0.956965595978138	63789928.501167	1.24709961969309	1.06605074654912	0.00842231180614385	0.00773465797082651	0.958667305924602	1.0431147425389	-0.0384313665365573
TCGA-CJ-6031-01A	65463749	2.09874424909119	8.29890569602386	0.809329037265431	52981712.9539558	1.0589170919001	0.921708532355576	0.00706719378384516	0.00648100676299489	0.960430084748125	1.04120020382561	-0.0618015341089472
TCGA-CJ-6032-01A	71814762	3.21507899702851	5.71416927428979	0.903039524763063	64851568.5474525	1.24279432923104	0.986093417976836	0.00959001994603839	0.00894900967575441	0.968466873147891	1.03255984043069	-0.0290528924553405
TCGA-CJ-6033-01A	65903158	2.66953706876777	7.60267741699183	0.885156218405134	58334590.1162361	1.10743208366266	0.957510175630714	0.00936771497353738	0.00869384741775197	0.976632880020712	1.02392620651764	-0.0424744991163135
TCGA-CW-5580-01A	78459775	3.75823813672788	6.62336121306967	1.00585272882357	78918978.786633	1.49754434130645	1.08758987193499	0.010423430350138	0.00961991032984737	0.978817642543584	1.0216407597654	-0.0284670416843107
TCGA-CW-5581-01A	63601911	2.47954232250239	6.16196209238458	0.873467445905706	55554198.7558921	1.09724396419333	0.983027253268297	0.00872838553545978	0.00796683609082123	0.979618080972441	1.02080598492764	-0.0493578425209149
TCGA-CW-5583-01A	68073141	3.80120156825665	5.7901401049203	1.05165014406665	71589128.5397196	1.33473827657828	1.11725639061301	0.011484544249251	0.0106105872211773	0.978716231119701	1.0217466188907	-0.0126141187671404
TCGA-CW-5584-01A	60514518	2.43786205891037	5.97361362244363	0.948179837251469	57378645.8285911	1.12896707123543	1.06305129055137	0.00838775581092788	0.0077569154562216	0.974354170680166	1.02632084932929	-0.0477605354108459
TCGA-CW-5585-01A	69774791	3.06821690446623	5.1823893234007	0.946243820602913	66023964.8176097	1.3101691637125	1.06994474945244	0.00987184612276374	0.00930953702175905	0.978858954948357	1.0215976417693	-0.0194969445428559
TCGA-CW-5587-01A	63375149	2.5628195079969	6.1182766440703	0.939722205932126	59555034.8195571	1.19421000236706	1.07372788879917	0.00837470220385596	0.00766666442078109	0.979201248110675	1.02124052836887	-0.0448686241708076
TCGA-CW-5588-01A	54825507	2.00692607085425	7.30864264453519	0.847872754446837	46485053.6340344	0.923827636798059	0.960153824827729	0.00757401112587978	0.00695112586920537	0.971297812166151	1.02955034745712	-0.0718204999759075
TCGA-CW-5589-01A	56771426	2.41687721732437	7.54090719595102	0.989151725514362	56155553.9878109	1.10426906538902	1.10835178647396	0.00941433107563654	0.00877952228996326	0.974630547416582	1.02602981473407	-0.0393291516928281
TCGA-CW-5590-01A	62691929	3.12946949234442	7.56309382666038	0.947948672695268	59428730.8842559	1.12507654562422	1.02259334153769	0.00883686319494173	0.00820692564747848	0.971836135397907	1.02898005494575	-0.0266348284545384
TCGA-CW-5591-01A	53829072	2.04200636888588	6.06465180450777	0.98704532456831	53131733.8434509	1.01460269984006	1.07401820637958	0.00692293190564385	0.00617474884203837	0.980969224214008	1.01939997230926	-0.0772993881221925
TCGA-CW-6087-01A	78075859	2.66262143421495	6.37628658557339	0.893327275973771	69747294.4397822	1.41053822177278	1.0294389833407	0.00608710561865224	0.0053711352698662	0.978113567729047	1.02237616672854	-0.0737444733373225
TCGA-CW-6088-01A	71599035	5.22601069211838	5.61152808275353	1.15157399545776	82451586.80587	1.49768337697313	1.19191521338829	0.011929979223882	0.0110226904594454	0.977367572062947	1.0231565161194	0.00554593700785141
TCGA-CW-6090-01A	69158716	2.5466566137069	8.9801392581004	0.863099487384395	59690852.327763	1.1717345629246	0.965416776698001	0.010107373884732	0.00935970239817639	0.975658281452189	1.02494902058493	-0.0449441172142874
TCGA-CW-6093-01A	61813197	4.07074385594978	6.17808174006422	1.03916717935014	64234245.5731044	1.18418942914802	1.09162254504847	0.00959917992916626	0.00891717346378315	0.977495776508696	1.02302232299323	-0.0225790480164693
TCGA-CW-6097-01A	51907896	3.0727029919495	7.02615093777753	0.951082887522507	49368711.612898	0.960648816151778	1.05454167761464	0.00752685102089285	0.00684196485251492	0.973424447794994	1.02730109384987	-0.0619442714053383
TCGA-CZ-4853-01A	80131537	4.95828464291703	7.32290015214617	0.974505552868281	78088627.7663701	1.41119614096588	1.00349781157879	0.0115173754872567	0.0107818473518111	0.971275379380281	1.02957412617423	0.00769840992477996
TCGA-CZ-4854-01A	65715533	7.23311487687739	8.46762989075166	1.12694901664927	74058055.2929328	1.22066957616621	1.05843113892788	0.012352848146267	0.0111684858433698	0.949970336541286	1.05266444807199	0.0312044633673693
TCGA-CZ-4856-01A	77778071	1.92417805127323	6.648284013662	0.831425932443494	64666705.2048313	1.30555632829247	0.956469154566642	0.00703711204151617	0.00653463107872655	0.968363486412513	1.03267008105055	-0.0608380101111194
TCGA-CZ-4857-01A	48730379	6.42937858683456	7.97352648360764	1.10230540039926	53715759.9352029	0.920182441861081	1.0759861362237	0.0118741329715494	0.0105985631673417	0.966600772795139	1.03455328005613	0.0160652159087274
TCGA-CZ-4858-01A	48671237	4.24974824125371	10.0398726200859	1.00693090712209	49008572.8231642	0.824031280736493	0.964725674086966	0.0166767078469775	0.0149733198685704	0.968653724580701	1.03236066163155	-0.0232748935249186
TCGA-CZ-4859-01A	78138578	1.96656348088569	5.92519987283803	0.909993003853456	71105559.3110576	1.42217761550174	1.0371005338346	0.00899715630862901	0.00844998740570887	0.976609210881723	1.02395102243318	-0.0411850362443275
TCGA-CZ-4860-01A	63230974	2.06030132192015	9.82569951490411	0.828197156888239	52367712.8940742	0.962861631132874	0.867693875041807	0.0112419903574473	0.0102742209854303	0.980351607425816	1.02004218937915	-0.0643349913286716
TCGA-CZ-4861-01A	64045291	3.60730395514762	8.62623475067188	0.893463108837665	57222104.803273	1.05115202407115	0.935213678415413	0.00950310304624894	0.00875728708922565	0.970856077459309	1.03001878776611	-0.036046284198262
TCGA-CZ-4862-01A	43151053	6.53553574045883	6.55883293082315	1.24195706808956	53591755.2688572	0.946211416275869	1.24947999751014	0.0123549708045363	0.0110043896263667	0.973176320865217	1.02756302075962	0.0203713151870155
TCGA-CZ-4863-01A	65705452	5.15401654717184	6.40188437822624	1.10378839381668	72524915.3280789	1.3413328017395	1.16323553446405	0.0108454622608791	0.00998538142618667	0.976529070981811	1.02403505406612	0.00615468504085455
TCGA-CZ-4864-01A	74474410	7.47706616134799	6.5370435844937	1.17865743700276	87779817.2128927	1.54878124612357	1.18499231114443	0.0142742050591606	0.0131239978940417	0.970397388848062	1.0305056582923	0.0492285945052251
TCGA-CZ-4865-01A	91235986	3.18844430284905	7.46218126132362	0.965800118662518	88115726.1050918	1.70082475828092	1.06224799920576	0.0084525967637375	0.0077638992140667	0.970537897184561	1.03035646820274	-0.0472438520135889
TCGA-CZ-4866-01A	99879575	5.95048766918181	6.76703776586526	1.01218546523944	101096654.089293	1.8732991418916	1.06871762330327	0.0129034489784323	0.011925311055839	0.943248787352169	1.06016568842579	0.0154865087610551
TCGA-CZ-5451-01A	47928211	2.63238570021032	7.15065216063441	0.940266315769178	45065282.3783778	0.865159647209894	1.02857877640578	0.00895808524962469	0.00845358071053393	0.97163240664251	1.02919580817144	-0.0366489347728524
TCGA-CZ-5452-01A	59332854	3.49614842173352	7.79035537604827	0.897321970978586	53240673.4950647	1.01717176040525	0.976858315771796	0.00891890351338906	0.00828235904512532	0.966810866708013	1.03432846530263	-0.0175570200094364
TCGA-CZ-5453-01A	70997409	3.18357254405215	8.35770287628161	0.883553799749159	62730030.4942952	1.21379335575085	0.974170061717725	0.00973129878584724	0.00908855702044	0.954017871271894	1.0481983934607	-0.0225520419584457
TCGA-CZ-5454-01A	82073265	1.9797646011799	8.28908766439447	0.807469377383196	66271648.1893561	1.31883438702957	0.915632236106266	0.00915235917567066	0.00863322544801891	0.973474748445794	1.02724801192486	-0.0508676330269499
TCGA-CZ-5455-01A	88985138	3.62272547192628	6.21780043509435	0.999980534591818	88983405.8679667	1.73549765425052	1.11131985929448	0.00967646979431554	0.00898034231289274	0.976344611613683	1.02422852352021	-0.0258504192864719
TCGA-CZ-5456-01A	59763317	2.26894034379176	10.6820749621331	0.865581982229909	51730050.3934944	0.978458550734201	0.932911102543113	0.00819407329750456	0.00735119839482805	0.964528424685665	1.03677608083546	-0.0611170731299905
TCGA-CZ-5457-01A	75422686	2.3735486220812	8.42074807922921	0.863826414999442	65152108.4570086	1.32133775620036	0.998261616429805	0.00923894436748116	0.00870334954658072	0.964968908691478	1.03630281866389	-0.044256578183508
TCGA-CZ-5458-01A	67562746	3.22619611951208	6.55280797871706	0.958986427208452	64791756.3989321	1.23904277630526	1.04498854554697	0.0102996553751678	0.00937778639133466	0.969965622770868	1.03096437288502	-0.0276157605569217
TCGA-CZ-5459-01A	48596267	3.04104027232409	9.24566371739004	0.916109511206276	44519502.4078197	0.820846068722457	0.962479161853612	0.0120290926873046	0.0110961609458603	0.961812519467802	1.03970366340555	-0.0168879961585627
TCGA-CZ-5460-01A	65913091	3.74547204361817	7.8574640776162	0.93326798240398	61514577.45158	1.14374183057654	0.988755356347488	0.0102006443606172	0.00943223858216572	0.961381343806195	1.04016996631213	-0.00187368285653283
TCGA-CZ-5461-01A	78706733	2.16592434920917	7.14768492895262	0.898892568891664	70748897.4154403	1.45684031437957	1.05470884391175	0.00791946223965363	0.00734698262726773	0.967134971794599	1.03398184241484	-0.0610943895772568
TCGA-CZ-5462-01A	70198249	3.06301467848239	6.29268568290807	0.892305443920144	62638279.7363618	1.22466749352228	0.994087089772006	0.00905031121217853	0.00826942278859406	0.977413183055321	1.0231087705141	-0.0457370096999608
TCGA-CZ-5463-01A	96060863	4.25505728297666	7.15787731711481	0.982217633548049	94352673.5324434	1.78961279334398	1.06156138966701	0.0124803167758341	0.0116535909114204	0.968647231495307	1.03236758180405	-0.0119726723686852
TCGA-CZ-5464-01A	71951209	3.05965787528256	7.89361943623986	0.956298580686317	68806839.0453646	1.30348128014152	1.0322840694156	0.00928704339075109	0.00849849513994963	0.965843867891087	1.03536403061034	-0.0206186800919723
TCGA-CZ-5465-01A	91316134	3.73973912870061	7.26893659384995	0.97749394116483	89260967.7155958	1.65508937410811	1.03277675905393	0.0115367783747831	0.0107546493372135	0.96936060608961	1.03160783893828	-0.00673864004967513
TCGA-CZ-5466-01A	47218825	2.6191654977368	8.24371186151835	0.89088240553953	42066420.4027501	0.78232628775805	0.944072333027406	0.00887440549399524	0.00817659058648749	0.958992626351884	1.04276088524696	-0.0393233259784438
TCGA-CZ-5467-01A	64547789	2.6923550288393	7.61798222116155	0.921372557975839	59472561.4626147	1.14501899495224	1.01079676477351	0.00901206701286081	0.00850187138090818	0.978800606167936	1.02165854178928	-0.0420593334456385
TCGA-CZ-5468-01A	64697057	3.04066868982982	6.33372972499756	0.828221512729754	53583494.4177031	0.999380415373196	0.880194866737935	0.00893688255402406	0.00772149496691944	0.945485990189631	1.05765713122776	-0.0402544794321651
TCGA-CZ-5469-01A	58432825	3.47269744167895	8.81419311120525	0.925855013253656	54100323.9648235	0.962421021760418	0.938513966218553	0.00992673210648296	0.00901127063427106	0.973020421312849	1.02772765925174	-0.0125390756244257
TCGA-CZ-5470-01A	73166000	3.66063702112115	8.04982462334693	0.918486373756198	67201974.022246	1.24433813906288	0.969084444239686	0.00958026952409589	0.00876341470081732	0.952239523822541	1.05015594814395	-0.0159948398442769
TCGA-CZ-5982-01A	58798132	3.41145410782104	5.59899044394394	0.92457707452843	54363404.8722964	1.03762118079978	1.00555961269313	0.00811995183792574	0.00764059987483956	0.977847612573814	1.02265423276729	-0.0327954472158714
TCGA-CZ-5984-01A	68784293	3.37752487033293	7.12302367919015	0.933011389185537	64176528.766075	1.22327249925978	1.01336629916281	0.00852665593291771	0.00779962948808676	0.965451342212676	1.03578498084444	-0.0311094661761368
TCGA-CZ-5985-01A	66120892	4.31864155865741	6.55152803270971	0.938031080426481	62023451.7615227	1.16599674604147	1.00482667851275	0.0104068620247894	0.00962529362126573	0.966242953891185	1.03493639562687	-0.026794435929675
TCGA-CZ-5986-01A	38170414	4.68540867723006	6.30236135440201	1.08311887636956	41343095.9222408	0.720448269591872	1.07549514630274	0.0119395089610503	0.0111078176935676	0.972241642440661	1.02855088318338	-0.00864954075909337
TCGA-CZ-5987-01A	34630842	3.67364169611929	7.44642970176239	0.901212497368979	31209747.6048105	0.562691207756221	0.925847804021198	0.00899207128720694	0.00836254573307805	0.939929730845124	1.06390931915822	-0.0209313038950285
TCGA-CZ-5988-01A	38250276	2.94070921376666	6.38634275983068	0.960103675656254	36724230.5824662	0.671979098087367	1.00104526070189	0.00831486810709549	0.00764224550954874	0.978107791954233	1.02238220391029	-0.0536433604743802
TCGA-CZ-5989-01A	43316151	6.89606386523054	4.6147443896436	0.99044497017585	42902263.8853276	0.701038855219025	0.922199225295173	0.0137197785648129	0.0127018210828566	0.958437950777298	1.04336436092602	-0.0210486318329828
TCGA-DV-5565-01A	54697915	2.36711888748089	7.55449517382389	0.797924639993233	43644814.1347554	0.823930280380914	0.858325893951649	0.00668970654548715	0.00625272462396419	0.954600445007822	1.0475586987515	-0.0422807817558931
TCGA-DV-5566-01A	41481379	2.75071307036949	6.87020738601086	1.01957093107351	42293208.2092432	0.772503720025847	1.06115766748325	0.00915721726608944	0.00848250488490269	0.973773292348839	1.02693307349588	-0.0259288218032391
TCGA-DV-5567-01A	65287345	3.30226507186335	6.30693115756599	0.979940331436749	63977702.4979254	1.2099752864819	1.05603914008256	0.0108257274055179	0.00987633974087934	0.97997641043605	1.02043272608474	-0.0396101744921323
TCGA-DV-5568-01A	56489888	3.20176601524832	6.98540907796376	0.886639238851096	50086151.2991036	0.934093773927265	0.942219929907445	0.00845278716077469	0.00773733167960963	0.966011138135023	1.03518475152429	-0.0234198698409196
TCGA-DV-5569-01A	58624288	3.09307526487858	7.06645331404915	0.905182810184042	53065697.7568786	1.04041711130003	1.01125906480479	0.00842833263919555	0.00788284200568884	0.979288652512078	1.02114937963877	-0.0364819052002404
TCGA-DV-5573-01A	51514945	4.86343089957433	6.38391152439113	1.16547731664046	60039499.8654809	1.07640111418051	1.19062067756202	0.0110592955112347	0.0100394943642083	0.973923974877582	1.02677418956207	0.0161348707935946
TCGA-DV-5574-01A	64086709	2.2349150169623	7.29555152562676	0.920260154581629	58976444.7309679	1.13428009746666	1.00852081071313	0.00686351361871305	0.00621375330725752	0.957707549002087	1.04416008941558	-0.0592071702200645
TCGA-DV-5575-01A	52031450	2.90932473469513	6.62611062824733	0.99266706881444	51649906.9576651	0.997830078663818	1.09275596257401	0.00880096556986207	0.0081881246822835	0.97647563156514	1.02409109625926	-0.0322164622028844
TCGA-DV-5576-01A	59348264	4.12517658443718	6.76272776633863	1.04264367268538	61879091.9444617	1.14153933516964	1.09601218797588	0.0122646047405869	0.0111819614470947	0.976293021814421	1.02428264635296	-0.0180797017277814
TCGA-DV-A4VX-01A	39820622	5.30842233799925	8.20586818314397	1.06049061514365	42229395.9201826	0.665766097704289	0.952678050422842	0.0142731070348424	0.0128481669623342	0.964878373823493	1.03640005531198	0.0458839397295714
TCGA-DV-A4VZ-01A	47977314	6.2430143136463	7.5509275939869	0.961301178475018	46120648.488266	0.770506251228176	0.915108856874577	0.0157893999651585	0.0143368801346403	0.966619848705995	1.03453286350233	0.0384538495343668
TCGA-DV-A4W0-01A	46271292	6.14433095024367	7.54341461405647	1.08181912366687	50057168.5623738	0.865088623701236	1.06532347556378	0.0132980942049338	0.0121399462975877	0.957610736263859	1.04426565213912	0.029612443472281
TCGA-EU-5904-01A	59814705	3.61493399600288	6.14460456931981	0.927915810883281	55503010.4928192	1.03782359443911	0.988662581179706	0.0093948636877838	0.00877929599418738	0.979928112994957	1.0204830198653	-0.02369911324621
TCGA-EU-5905-01A	36265686	2.85578001803314	6.61279514478775	0.973941589271084	35320659.8588461	0.623342990156364	0.979408131780682	0.00858577444254053	0.00779908037586825	0.98298303250075	1.01731155771423	-0.0497899965945866
TCGA-EU-5906-01A	83181083	3.12384333199003	6.67269003805672	0.991201337552383	82449200.7286558	1.60621528777279	1.10030150557649	0.0091496163857352	0.00854937173635982	0.980556432524448	1.01982911623505	-0.0350577716234236
TCGA-EU-5907-01A	38753711	2.99381219589634	5.96868718558423	0.939620857361887	36413795.1557748	0.682441299149245	1.00342409943997	0.00892495172913892	0.00835865757475458	0.981243912357193	1.01911460280834	-0.0407664628241977
TCGA-G6-A5PC-01A	41513124	2.80744793477291	9.91164727648578	0.770642716948035	31991786.6683607	0.491059015760962	0.674032433791432	0.0098417069262241	0.00925109852007283	0.925181275203475	1.0808692596811	-0.000219064824123183
TCGA-G6-A8L6-01A	33794317	3.86655636725983	8.60990444694681	1.07576420476695	36354716.5531471	0.589175243583824	0.993421006146393	0.0137835601175192	0.012850296693376	0.963813649496156	1.03754496579578	0.0383483054248319
TCGA-G6-A8L7-01A	28533937	3.48071609366694	9.06286248658494	0.923934654652908	26363493.2279828	0.371061972475242	0.740998405358827	0.0129132197915766	0.0113734392838955	0.931241419647068	1.07383539746223	
TCGA-G6-A8L8-01A	45697816	6.55405341528542	7.55487210595893	1.14360115094344	52260074.9732017	0.885129073183837	1.10368129893959	0.0197015761103332	0.018591194817713	0.95920859762751	1.04252610169819	0.0785860192318901
TCGA-GK-A6C7-01A	62346503	4.36328591854869	8.31011354653102	1.09924286024693	68533948.2841139	1.2341669068686	1.12796161459525	0.0110244194449847	0.0102182314860546	0.979188455846513	1.02125387000758	-0.0031453515228137
TCGA-MM-A563-01A	41379227	4.6493194901049	7.53877359498801	1.12742462267159	46651959.3869169	0.839919294732822	1.15661203551154	0.0134535137642856	0.0123592932270098	0.949566505918537	1.05311212407674	0.0525166935019468
TCGA-MM-A564-01A	41447591	4.09981337931752	10.9752322452888	1.00816984704672	41786211.4789248	0.692470799390868	0.951995056722654	0.015871899527285	0.0146325512621469	0.932653890548186	1.07220911222729	0.048050822980573
TCGA-MM-A84U-01A	44459805	4.10258806242153	10.1205554713265	0.949070354905477	42195482.9103783	0.724349101343275	0.928352464440683	0.0100988522104404	0.00917219497476428	0.941092364215273	1.06259495669572	0.0160489199291052
TCGA-MW-A4EC-01A	49549472	4.10987957002137	8.55363021212612	1.14159439179461	56565399.3515841	1.02205436807915	1.17535075387874	0.0131198572610421	0.0122060231035358	0.972776440483564	1.02798542232674	0.032311919329154
TCGA-T7-A92I-01A	66875606	4.48972795889596	6.22055217207283	1.06820641905269	71436951.6072388	1.30355904067096	1.11069674230206	0.0148647325902363	0.0134695452329808	0.971878834264321	1.02893484737423	-0.0124969316724788
