cohort	role	patient	sample_barcode	sample_type	file_id	file_name	gdc_md5sum	gdc_file_size	gdc_data_release	gdc_metadata_fetched	gdc_state	gdc_workflow_version	gdc_created_datetime	gdc_updated_datetime	local_file_present	local_file_size	local_file_date	local_md5sum	local_md5_matches_gdc	assigned_reads	retained_in_analysed_cohort	exclusion_reason	in_adjusted_models	in_prediction_set
TCGA-KIRC	discovery	TCGA-3Z-A93Z	TCGA-3Z-A93Z-01A	Primary Tumor	21702617-18af-41b6-98fa-54395bfd0d9a	c3b9c2b0-bd3d-43ff-a17f-797122d5ac3c.rna_seq.augmented_star_gene_counts.tsv	2ba3d2c621a7156e735f0665c3f12e67	4228535	Data Release 46.0 - August 10, 2026	2026-09-11	released	5d8c131bbff59fb0c969217fc1d44e6d1503cd1f	2021-12-13T19:19:16.564032-06:00	2024-07-30T11:05:04.356153-05:00	TRUE	4228535	2025-06-03	2ba3d2c621a7156e735f0665c3f12e67	TRUE	32552047	TRUE		TRUE	TRUE
TCGA-KIRC	discovery	TCGA-6D-AA2E	TCGA-6D-AA2E-01A	Primary Tumor	44dade70-3ecc-4be0-88a8-772cb763d5bb	e4497835-a45f-488e-905c-b06d578efef8.rna_seq.augmented_star_gene_counts.tsv	d199c5212d05d4700b3e453962b787da	4231641	Data Release 46.0 - August 10, 2026	2026-09-11	released	5d8c131bbff59fb0c969217fc1d44e6d1503cd1f	2021-12-13T19:06:15.616608-06:00	2024-07-30T11:13:05.590782-05:00	TRUE	4231641	2025-06-03	d199c5212d05d4700b3e453962b787da	TRUE	41006631	TRUE		TRUE	TRUE
TCGA-KIRC	discovery	TCGA-A3-3306	TCGA-A3-3306-01A	Primary Tumor	c1215d68-5b15-44c3-9d25-73a77b0b5f31	55599384-574d-44e9-aa61-96d27b54aff1.rna_seq.augmented_star_gene_counts.tsv	fdc22fe3a0a24efb0b34113a68c81f55	4229992	Data Release 46.0 - August 10, 2026	2026-09-11	released	5d8c131bbff59fb0c969217fc1d44e6d1503cd1f	2021-12-13T19:12:53.543492-06:00	2024-07-30T11:05:36.681408-05:00	TRUE	4229992	2025-06-03	fdc22fe3a0a24efb0b34113a68c81f55	TRUE	40439528	TRUE		TRUE	TRUE
TCGA-KIRC	discovery	TCGA-A3-3307	TCGA-A3-3307-01A	Primary Tumor	b605224a-cf9c-4092-beb4-5ed43c1179de	78855102-69a0-454f-b67a-c0919dc154fb.rna_seq.augmented_star_gene_counts.tsv	8204dfa7f15942e2939f46baa0933d26	4238896	Data Release 46.0 - August 10, 2026	2026-09-11	released	5d8c131bbff59fb0c969217fc1d44e6d1503cd1f	2021-12-13T19:07:53.096785-06:00	2024-07-30T11:12:02.713817-05:00	TRUE	4238896	2025-06-03	8204dfa7f15942e2939f46baa0933d26	TRUE	43263257	TRUE		TRUE	TRUE
TCGA-KIRC	discovery	TCGA-A3-3308	TCGA-A3-3308-01A	Primary Tumor	7b34b9d4-8526-4738-87b4-f9435a1c7ae1	598575d0-6dc4-4d59-be17-5dff01e6ca52.rna_seq.augmented_star_gene_counts.tsv	88f90a817d5098bc844a189a5e79f2ff	4244120	Data Release 46.0 - August 10, 2026	2026-09-11	released	5d8c131bbff59fb0c969217fc1d44e6d1503cd1f	2021-12-13T19:10:09.403381-06:00	2024-07-30T11:01:25.704305-05:00	TRUE	4244120	2025-06-03	88f90a817d5098bc844a189a5e79f2ff	TRUE	47501995	TRUE		TRUE	TRUE
TCGA-KIRC	discovery	TCGA-A3-3311	TCGA-A3-3311-01A	Primary Tumor	4845a010-e208-4c1b-85b1-99fbd155edf2	49c74a84-f031-447e-bd7f-73f76b7cfcd8.rna_seq.augmented_star_gene_counts.tsv	3ba3953575831ce2576bc6cee6e45bb0	4247550	Data Release 46.0 - August 10, 2026	2026-09-11	released	5d8c131bbff59fb0c969217fc1d44e6d1503cd1f	2021-12-13T19:28:00.263576-06:00	2024-07-30T11:11:20.795047-05:00	TRUE	4247550	2025-06-03	3ba3953575831ce2576bc6cee6e45bb0	TRUE	65030600	TRUE		TRUE	TRUE
TCGA-KIRC	discovery	TCGA-A3-3313	TCGA-A3-3313-01A	Primary Tumor	41cc637e-36ce-4e10-8175-f24909ff0472	87ac9e43-f50d-432d-9fc1-929f1eb8cae7.rna_seq.augmented_star_gene_counts.tsv	18b89aa2a126ff867a271d53649171af	4242354	Data Release 46.0 - August 10, 2026	2026-09-11	released	5d8c131bbff59fb0c969217fc1d44e6d1503cd1f	2021-12-13T19:20:59.970619-06:00	2024-07-30T11:16:42.304813-05:00	TRUE	4242354	2025-06-03	18b89aa2a126ff867a271d53649171af	TRUE	64444015	TRUE		TRUE	TRUE
TCGA-KIRC	discovery	TCGA-A3-3316	TCGA-A3-3316-01A	Primary Tumor	51a84b87-eddd-40a9-ad8a-46f3682b9318	6b83beed-ece3-4b90-afc4-fa89ac42e42a.rna_seq.augmented_star_gene_counts.tsv	a2cdc11d2c473672d6870e9e63e4b6fa	4229064	Data Release 46.0 - August 10, 2026	2026-09-11	released	5d8c131bbff59fb0c969217fc1d44e6d1503cd1f	2021-12-13T19:05:28.722021-06:00	2024-07-30T11:16:11.162709-05:00	TRUE	4229064	2025-06-03	a2cdc11d2c473672d6870e9e63e4b6fa	TRUE	35150579	TRUE		TRUE	TRUE
TCGA-KIRC	discovery	TCGA-A3-3317	TCGA-A3-3317-01A	Primary Tumor	2b5b6593-4fe2-4c8a-92c6-5bd5a6c26320	0416ba1c-a9d5-4e25-a95b-7cb73bfeeb65.rna_seq.augmented_star_gene_counts.tsv	ce4e2504eb6c38ede5747e6defb75908	4253460	Data Release 46.0 - August 10, 2026	2026-09-11	released	5d8c131bbff59fb0c969217fc1d44e6d1503cd1f	2021-12-13T19:19:32.331528-06:00	2024-07-30T11:15:58.758029-05:00	TRUE	4253460	2025-06-03	ce4e2504eb6c38ede5747e6defb75908	TRUE	58285168	TRUE		TRUE	TRUE
TCGA-KIRC	discovery	TCGA-A3-3319	TCGA-A3-3319-01A	Primary Tumor	afe81650-e131-41ab-81e9-0ecb888b1420	bbae6694-4c62-4ac2-a024-248c12da7104.rna_seq.augmented_star_gene_counts.tsv	badcc0d5c64ae9f4b514847abc4d142c	4249550	Data Release 46.0 - August 10, 2026	2026-09-11	released	5d8c131bbff59fb0c969217fc1d44e6d1503cd1f	2021-12-13T19:21:19.559263-06:00	2024-07-30T10:55:17.980316-05:00	TRUE	4249550	2025-06-03	badcc0d5c64ae9f4b514847abc4d142c	TRUE	71267258	TRUE		TRUE	TRUE
TCGA-KIRC	discovery	TCGA-A3-3320	TCGA-A3-3320-01A	Primary Tumor	99ad8f7e-a32c-4fbc-af00-8765d524cd73	6a8e01b5-1f73-43b6-b26e-0ce39242b628.rna_seq.augmented_star_gene_counts.tsv	dbb4c984ff2fe59ce40fcece282e459f	4251551	Data Release 46.0 - August 10, 2026	2026-09-11	released	5d8c131bbff59fb0c969217fc1d44e6d1503cd1f	2021-12-13T19:34:47.592555-06:00	2024-07-30T11:11:34.373215-05:00	TRUE	4251551	2025-06-03	dbb4c984ff2fe59ce40fcece282e459f	TRUE	57279554	TRUE		TRUE	TRUE
TCGA-KIRC	discovery	TCGA-A3-3322	TCGA-A3-3322-01A	Primary Tumor	af5c089d-33a6-49a3-bc6e-bd5e2db921d8	4c1f14b3-71d1-4391-af37-c6d61e04dbc9.rna_seq.augmented_star_gene_counts.tsv	a2b1122593f9f3517d1a9386c6df6113	4239264	Data Release 46.0 - August 10, 2026	2026-09-11	released	5d8c131bbff59fb0c969217fc1d44e6d1503cd1f	2021-12-13T19:08:27.030259-06:00	2024-07-30T10:55:33.598277-05:00	TRUE	4239264	2025-06-03	a2b1122593f9f3517d1a9386c6df6113	TRUE	46262292	TRUE		TRUE	TRUE
TCGA-KIRC	discovery	TCGA-A3-3323	TCGA-A3-3323-01A	Primary Tumor	8ebdb262-631c-4ac0-af24-16dca92d8c45	c045b9d4-b4d6-4826-9db7-664ca443c8bc.rna_seq.augmented_star_gene_counts.tsv	7b384d7873f483d7e15ed8490f53359e	4243590	Data Release 46.0 - August 10, 2026	2026-09-11	released	5d8c131bbff59fb0c969217fc1d44e6d1503cd1f	2021-12-13T19:26:31.091533-06:00	2024-07-30T11:14:06.248056-05:00	TRUE	4243590	2025-06-03	7b384d7873f483d7e15ed8490f53359e	TRUE	44600731	TRUE		TRUE	TRUE
TCGA-KIRC	discovery	TCGA-A3-3324	TCGA-A3-3324-01A	Primary Tumor	5226aa23-2d1c-4b1a-b967-e473b0ea042a	fc5261cf-419c-4d34-acf3-7730663056b4.rna_seq.augmented_star_gene_counts.tsv	c695b07b4dc01335b84c98e3f04a2141	4246857	Data Release 46.0 - August 10, 2026	2026-09-11	released	5d8c131bbff59fb0c969217fc1d44e6d1503cd1f	2021-12-13T19:07:44.294579-06:00	2024-07-30T11:02:54.604542-05:00	TRUE	4246857	2025-06-03	c695b07b4dc01335b84c98e3f04a2141	TRUE	63557377	TRUE		TRUE	TRUE
TCGA-KIRC	discovery	TCGA-A3-3325	TCGA-A3-3325-01A	Primary Tumor	131cc059-cc0f-43df-a19e-5f854a769181	af4b5ee7-1229-4209-b1a5-dd96682f8293.rna_seq.augmented_star_gene_counts.tsv	3f72bcea95374bda4ca90819fa77814b	4263556	Data Release 46.0 - August 10, 2026	2026-09-11	released	5d8c131bbff59fb0c969217fc1d44e6d1503cd1f	2021-12-13T19:26:49.140549-06:00	2024-07-30T11:02:16.613238-05:00	TRUE	4263556	2025-06-03	3f72bcea95374bda4ca90819fa77814b	TRUE	83698906	TRUE		TRUE	TRUE
TCGA-KIRC	discovery	TCGA-A3-3326	TCGA-A3-3326-01A	Primary Tumor	5e794eb4-35eb-4932-9cae-8130fd8b5804	81d4496c-4bc1-4dc5-ac71-f83929d14c0f.rna_seq.augmented_star_gene_counts.tsv	6874e0b927ec36416fb8be1a6cb2fb26	4219640	Data Release 46.0 - August 10, 2026	2026-09-11	released	5d8c131bbff59fb0c969217fc1d44e6d1503cd1f	2021-12-13T19:11:05.115493-06:00	2024-07-30T11:08:13.867958-05:00	TRUE	4219640	2025-06-03	6874e0b927ec36416fb8be1a6cb2fb26	TRUE	23142695	TRUE		TRUE	TRUE
TCGA-KIRC	discovery	TCGA-A3-3328	TCGA-A3-3328-01A	Primary Tumor	04f48a21-1ab5-45d0-ba8a-8b6cd53ca1ff	e4e10f53-b72d-489e-81ac-d6588e869e4c.rna_seq.augmented_star_gene_counts.tsv	4350d66a88ea917b2d1aa9cc6364d5ec	4241181	Data Release 46.0 - August 10, 2026	2026-09-11	released	5d8c131bbff59fb0c969217fc1d44e6d1503cd1f	2021-12-13T19:09:33.916534-06:00	2024-07-30T11:13:53.896512-05:00	TRUE	4241181	2025-06-03	4350d66a88ea917b2d1aa9cc6364d5ec	TRUE	72963341	TRUE		TRUE	FALSE
TCGA-KIRC	discovery	TCGA-A3-3329	TCGA-A3-3329-01A	Primary Tumor	39fd293e-c269-4de9-ae9e-4e68f8c20897	54386366-8d10-41b7-98b1-86d861669157.rna_seq.augmented_star_gene_counts.tsv	abfc8f1546e82a435d65aa89fbf706e4	4241846	Data Release 46.0 - August 10, 2026	2026-09-11	released	5d8c131bbff59fb0c969217fc1d44e6d1503cd1f	2021-12-13T19:31:44.980726-06:00	2024-07-30T11:05:49.108827-05:00	TRUE	4241846	2025-06-03	abfc8f1546e82a435d65aa89fbf706e4	TRUE	54084899	TRUE		TRUE	TRUE
TCGA-KIRC	discovery	TCGA-A3-3331	TCGA-A3-3331-01A	Primary Tumor	4b758e7e-870c-4b60-8cb6-dac730bd9faf	9a99a8f3-6a9f-45dc-b9cb-b233c6d6db60.rna_seq.augmented_star_gene_counts.tsv	a0ed548803e0a80e53d02ee1d6ac75fb	4252894	Data Release 46.0 - August 10, 2026	2026-09-11	released	5d8c131bbff59fb0c969217fc1d44e6d1503cd1f	2021-12-13T19:38:19.610039-06:00	2024-07-30T11:11:11.538890-05:00	TRUE	4252894	2025-06-03	a0ed548803e0a80e53d02ee1d6ac75fb	TRUE	66625642	TRUE		TRUE	TRUE
TCGA-KIRC	discovery	TCGA-A3-3335	TCGA-A3-3335-01A	Primary Tumor	8522fa29-c1b0-4e41-9bcb-2e0bc7c8e2d0	cf6a083e-953e-4fb7-834d-15424028927a.rna_seq.augmented_star_gene_counts.tsv	ec423cce2554aa1138bde69de107c657	4242679	Data Release 46.0 - August 10, 2026	2026-09-11	released	5d8c131bbff59fb0c969217fc1d44e6d1503cd1f	2021-12-13T19:43:22.783208-06:00	2024-07-30T11:12:01.458744-05:00	TRUE	4242679	2025-06-03	ec423cce2554aa1138bde69de107c657	TRUE	63614895	TRUE		TRUE	TRUE
TCGA-KIRC	discovery	TCGA-A3-3343	TCGA-A3-3343-01A	Primary Tumor	409aef9c-9085-4e66-a304-fc2aaabaf0d7	fad212ad-def1-4a4d-9e87-877b77d2f852.rna_seq.augmented_star_gene_counts.tsv	89b83bed681be7e3e122d6cb01ac307d	4244681	Data Release 46.0 - August 10, 2026	2026-09-11	released	5d8c131bbff59fb0c969217fc1d44e6d1503cd1f	2021-12-13T19:11:57.780460-06:00	2024-07-30T11:16:32.657761-05:00	TRUE	4244681	2025-06-03	89b83bed681be7e3e122d6cb01ac307d	TRUE	58339357	TRUE		TRUE	TRUE
TCGA-KIRC	discovery	TCGA-A3-3346	TCGA-A3-3346-01A	Primary Tumor	d5f6a32f-e1b7-4e45-ad6b-c97ade3b1294	9ae701e2-e7c7-460b-9957-914230394a32.rna_seq.augmented_star_gene_counts.tsv	1d0e2ad1621477d443c10447b6635323	4240001	Data Release 46.0 - August 10, 2026	2026-09-11	released	5d8c131bbff59fb0c969217fc1d44e6d1503cd1f	2021-12-13T19:14:33.674908-06:00	2024-07-30T10:58:10.253814-05:00	TRUE	4240001	2025-06-03	1d0e2ad1621477d443c10447b6635323	TRUE	57310468	TRUE		TRUE	TRUE
TCGA-KIRC	discovery	TCGA-A3-3347	TCGA-A3-3347-01A	Primary Tumor	e35730b8-672e-4fdc-945f-84edaf143298	1d4f3d41-40bc-41ac-aeb0-b902c44bc7c4.rna_seq.augmented_star_gene_counts.tsv	709f341925c9f22b35ef0e263461f358	4249382	Data Release 46.0 - August 10, 2026	2026-09-11	released	5d8c131bbff59fb0c969217fc1d44e6d1503cd1f	2021-12-13T19:36:21.021665-06:00	2024-07-30T11:08:35.326360-05:00	TRUE	4249382	2025-06-03	709f341925c9f22b35ef0e263461f358	TRUE	50271069	TRUE		TRUE	TRUE
TCGA-KIRC	discovery	TCGA-A3-3349	TCGA-A3-3349-01A	Primary Tumor	3fcab96a-b477-48f8-8acd-5c8b76e0c952	01d5f6a9-fd9b-4472-aa39-a4367105c661.rna_seq.augmented_star_gene_counts.tsv	11258b73db4a02ad836e09f9806532d9	4245259	Data Release 46.0 - August 10, 2026	2026-09-11	released	5d8c131bbff59fb0c969217fc1d44e6d1503cd1f	2021-12-13T19:32:31.272645-06:00	2024-07-30T11:15:20.333092-05:00	TRUE	4245259	2025-06-03	11258b73db4a02ad836e09f9806532d9	TRUE	49411358	TRUE		TRUE	TRUE
TCGA-KIRC	discovery	TCGA-A3-3351	TCGA-A3-3351-01A	Primary Tumor	9f112190-6fc5-456b-a1f6-d7440529a66b	a9ab4029-44d9-4c69-bcb9-7f7c870d4269.rna_seq.augmented_star_gene_counts.tsv	808f30f4650147c53dadb9e0db782c7f	4249563	Data Release 46.0 - August 10, 2026	2026-09-11	released	5d8c131bbff59fb0c969217fc1d44e6d1503cd1f	2021-12-13T19:21:09.378863-06:00	2024-07-30T11:07:53.417562-05:00	TRUE	4249563	2025-06-03	808f30f4650147c53dadb9e0db782c7f	TRUE	47397648	TRUE		TRUE	TRUE
TCGA-KIRC	discovery	TCGA-A3-3352	TCGA-A3-3352-01A	Primary Tumor	09b9e5e0-8901-452c-8c4b-baca1faddddc	62166c5e-1359-40e2-a83f-5a5b8447f15c.rna_seq.augmented_star_gene_counts.tsv	75fd6cb0280ae5df82122a51ebab40fd	4263382	Data Release 46.0 - August 10, 2026	2026-09-11	released	5d8c131bbff59fb0c969217fc1d44e6d1503cd1f	2021-12-13T19:18:32.806395-06:00	2024-07-30T11:03:38.056664-05:00	TRUE	4263382	2025-06-03	75fd6cb0280ae5df82122a51ebab40fd	TRUE	86237961	TRUE		TRUE	TRUE
TCGA-KIRC	discovery	TCGA-A3-3357	TCGA-A3-3357-01A	Primary Tumor	5544a704-6f67-4c0d-b4ad-9becaab27512	cdb18792-38d4-4f6d-9229-e63ad796c704.rna_seq.augmented_star_gene_counts.tsv	705d70c26fee6dd76ea961c2127585c1	4246828	Data Release 46.0 - August 10, 2026	2026-09-11	released	5d8c131bbff59fb0c969217fc1d44e6d1503cd1f	2021-12-13T19:21:59.528549-06:00	2024-07-30T11:04:16.526708-05:00	TRUE	4246828	2025-06-03	705d70c26fee6dd76ea961c2127585c1	TRUE	73457181	TRUE		TRUE	TRUE
TCGA-KIRC	discovery	TCGA-A3-3358	TCGA-A3-3358-01A	Primary Tumor	7af3ee8b-cb9e-47b9-9ddb-16006b20cb17	ac870378-2167-47c8-b906-fb18c59e1bcb.rna_seq.augmented_star_gene_counts.tsv	057bd4ce6269f162c9a5acc2f4d6e7da	4256396	Data Release 46.0 - August 10, 2026	2026-09-11	released	5d8c131bbff59fb0c969217fc1d44e6d1503cd1f	2021-12-13T19:36:35.484565-06:00	2024-07-30T11:00:48.060918-05:00	TRUE	4256396	2025-06-03	057bd4ce6269f162c9a5acc2f4d6e7da	TRUE	74126970	TRUE		TRUE	TRUE
TCGA-KIRC	discovery	TCGA-A3-3359	TCGA-A3-3359-01A	Primary Tumor	54bccab4-c77e-4848-b698-b62941d96289	36d5c99d-e58c-4d8f-b7c6-33adeaf6ad6d.rna_seq.augmented_star_gene_counts.tsv	f6a5b7fae27dabb8190723d4c0c226d4	4243763	Data Release 46.0 - August 10, 2026	2026-09-11	released	5d8c131bbff59fb0c969217fc1d44e6d1503cd1f	2021-12-13T19:14:24.155419-06:00	2024-07-30T11:04:48.170865-05:00	TRUE	4243763	2025-06-03	f6a5b7fae27dabb8190723d4c0c226d4	TRUE	44923300	TRUE		TRUE	TRUE
TCGA-KIRC	discovery	TCGA-A3-3362	TCGA-A3-3362-01A	Primary Tumor	61ffeb1c-0382-40bb-bd32-a071b2b4c39d	51f52dbe-cb60-4495-9896-09db6176ac5f.rna_seq.augmented_star_gene_counts.tsv	958e96e2b026e1cc55702797503689e2	4242915	Data Release 46.0 - August 10, 2026	2026-09-11	released	5d8c131bbff59fb0c969217fc1d44e6d1503cd1f	2021-12-13T19:12:33.824554-06:00	2024-07-30T11:12:50.657562-05:00	TRUE	4242915	2025-06-03	958e96e2b026e1cc55702797503689e2	TRUE	44597559	TRUE		TRUE	TRUE
TCGA-KIRC	discovery	TCGA-A3-3363	TCGA-A3-3363-01A	Primary Tumor	3c5c707d-2046-4dcd-a566-bea1eaf24f74	69003cd5-2aeb-4d84-a490-76667572ca0f.rna_seq.augmented_star_gene_counts.tsv	8d0ce3a27e891768675600cb4df19936	4250626	Data Release 46.0 - August 10, 2026	2026-09-11	released	5d8c131bbff59fb0c969217fc1d44e6d1503cd1f	2021-12-13T19:19:44.251558-06:00	2024-07-30T11:15:16.695385-05:00	TRUE	4250626	2025-06-03	8d0ce3a27e891768675600cb4df19936	TRUE	64360854	TRUE		TRUE	TRUE
TCGA-KIRC	discovery	TCGA-A3-3365	TCGA-A3-3365-01A	Primary Tumor	fb449c0c-d752-4110-a41a-c46aa29617ea	9fc93356-db5f-4fae-ac7c-9c45aae86269.rna_seq.augmented_star_gene_counts.tsv	27bd48f47607ab78dab87ff307fd56de	4245720	Data Release 46.0 - August 10, 2026	2026-09-11	released	5d8c131bbff59fb0c969217fc1d44e6d1503cd1f	2021-12-13T19:18:19.042925-06:00	2024-07-30T11:18:43.748792-05:00	TRUE	4245720	2025-06-03	27bd48f47607ab78dab87ff307fd56de	TRUE	50075225	TRUE		TRUE	TRUE
TCGA-KIRC	discovery	TCGA-A3-3367	TCGA-A3-3367-01A	Primary Tumor	efde0fd9-7f08-4c33-9e2b-8d9b8cfccf50	acffe97d-bcaf-4c3c-877f-a48d9f5e81db.rna_seq.augmented_star_gene_counts.tsv	8593cd04ca58bb332aaea8d5230f532e	4256145	Data Release 46.0 - August 10, 2026	2026-09-11	released	5d8c131bbff59fb0c969217fc1d44e6d1503cd1f	2021-12-13T19:18:42.853326-06:00	2024-07-30T11:14:38.037844-05:00	TRUE	4256145	2025-06-03	8593cd04ca58bb332aaea8d5230f532e	TRUE	74809063	TRUE		TRUE	TRUE
TCGA-KIRC	discovery	TCGA-A3-3370	TCGA-A3-3370-01A	Primary Tumor	ad0887f1-524a-4351-9ec3-8cbd380bbf9c	1df2f155-9e73-43fa-b63a-5f858242da8b.rna_seq.augmented_star_gene_counts.tsv	3138a62abf69bc308c15f27f8dcd0193	4263668	Data Release 46.0 - August 10, 2026	2026-09-11	released	5d8c131bbff59fb0c969217fc1d44e6d1503cd1f	2021-12-13T19:21:07.474708-06:00	2024-07-30T11:12:35.031023-05:00	TRUE	4263668	2025-06-03	3138a62abf69bc308c15f27f8dcd0193	TRUE	79527951	TRUE		TRUE	TRUE
TCGA-KIRC	discovery	TCGA-A3-3372	TCGA-A3-3372-01A	Primary Tumor	fc9e3356-b4e0-46e8-9842-46a2366352de	6bb1a15e-0f6d-4579-af44-0a4cc6e1a567.rna_seq.augmented_star_gene_counts.tsv	df701f29fbf44231bc8989d076931560	4253236	Data Release 46.0 - August 10, 2026	2026-09-11	released	5d8c131bbff59fb0c969217fc1d44e6d1503cd1f	2021-12-13T19:15:43.053651-06:00	2024-07-30T11:18:46.178251-05:00	TRUE	4253236	2025-06-03	df701f29fbf44231bc8989d076931560	TRUE	61668533	TRUE		TRUE	TRUE
TCGA-KIRC	discovery	TCGA-A3-3373	TCGA-A3-3373-01A	Primary Tumor	fba70eac-57d4-468f-bbfc-859628c54dec	5f468fd6-dbd0-487f-8602-168878155474.rna_seq.augmented_star_gene_counts.tsv	695a6c5476b46b81e289d778fd3f161c	4246588	Data Release 46.0 - August 10, 2026	2026-09-11	released	5d8c131bbff59fb0c969217fc1d44e6d1503cd1f	2021-12-13T19:35:39.138379-06:00	2024-07-30T11:18:41.354606-05:00	TRUE	4246588	2025-06-03	695a6c5476b46b81e289d778fd3f161c	TRUE	77366218	TRUE		TRUE	TRUE
TCGA-KIRC	discovery	TCGA-A3-3374	TCGA-A3-3374-01A	Primary Tumor	d499f1d6-3d58-406e-9ed5-98141e774ddc	49f90402-948d-4fe2-8c8e-4f1c37fe41e7.rna_seq.augmented_star_gene_counts.tsv	499a53dc937a6c9835d33f81f676b4e4	4225826	Data Release 46.0 - August 10, 2026	2026-09-11	released	5d8c131bbff59fb0c969217fc1d44e6d1503cd1f	2021-12-13T19:24:47.137882-06:00	2024-07-30T11:11:56.427109-05:00	TRUE	4225826	2025-06-03	499a53dc937a6c9835d33f81f676b4e4	TRUE	61478352	TRUE		TRUE	FALSE
TCGA-KIRC	discovery	TCGA-A3-3376	TCGA-A3-3376-01A	Primary Tumor	f1aa53c8-fb44-431d-9bb9-ba7647cd9ead	1e2a58d2-411f-4f24-812d-5e58483f61a3.rna_seq.augmented_star_gene_counts.tsv	44b1f92b6b5fa456a15913763ed89c7b	4265570	Data Release 46.0 - August 10, 2026	2026-09-11	released	5d8c131bbff59fb0c969217fc1d44e6d1503cd1f	2021-12-13T19:08:06.385966-06:00	2024-07-30T11:07:43.472509-05:00	TRUE	4265570	2025-06-03	44b1f92b6b5fa456a15913763ed89c7b	TRUE	86665368	TRUE		TRUE	TRUE
TCGA-KIRC	discovery	TCGA-A3-3378	TCGA-A3-3378-01A	Primary Tumor	363d5bdc-23e6-40b0-929c-0805d86471eb	8ea9d251-2a7d-4e6f-b262-fdbf17702c39.rna_seq.augmented_star_gene_counts.tsv	fe06d823c832227901ff55be425452f7	4248450	Data Release 46.0 - August 10, 2026	2026-09-11	released	5d8c131bbff59fb0c969217fc1d44e6d1503cd1f	2021-12-13T19:10:38.727867-06:00	2024-07-30T11:08:30.251048-05:00	TRUE	4248450	2025-06-03	fe06d823c832227901ff55be425452f7	TRUE	62290184	TRUE		TRUE	TRUE
TCGA-KIRC	discovery	TCGA-A3-3380	TCGA-A3-3380-01A	Primary Tumor	9848e118-7372-41e5-8c64-71ec86c9c563	db8c4894-8622-4ab5-947e-bee473b47c96.rna_seq.augmented_star_gene_counts.tsv	9e81d5f18978f11c5d186bf0b1728abb	4252064	Data Release 46.0 - August 10, 2026	2026-09-11	released	5d8c131bbff59fb0c969217fc1d44e6d1503cd1f	2021-12-13T19:17:54.106003-06:00	2024-07-30T11:17:13.577376-05:00	TRUE	4252064	2025-06-03	9e81d5f18978f11c5d186bf0b1728abb	TRUE	64107471	TRUE		TRUE	TRUE
TCGA-KIRC	discovery	TCGA-A3-3382	TCGA-A3-3382-01A	Primary Tumor	16349fe9-a2c9-4577-8b34-6761dd22ee61	ef92fd44-a351-4d89-b39f-3e56f54ea86f.rna_seq.augmented_star_gene_counts.tsv	81feb4f6bbee1aa479597bf0ebeabe51	4246620	Data Release 46.0 - August 10, 2026	2026-09-11	released	5d8c131bbff59fb0c969217fc1d44e6d1503cd1f	2021-12-13T19:10:55.232097-06:00	2024-07-30T11:16:13.528782-05:00	TRUE	4246620	2025-06-03	81feb4f6bbee1aa479597bf0ebeabe51	TRUE	53458719	TRUE		TRUE	TRUE
TCGA-KIRC	discovery	TCGA-A3-3383	TCGA-A3-3383-01A	Primary Tumor	0558db50-149d-4b8f-9994-4e0c3451ae8e	cb638ca1-8f91-4e47-81d3-f340bb2f06cc.rna_seq.augmented_star_gene_counts.tsv	435366bede0b493c1d437a53a1467071	4230781	Data Release 46.0 - August 10, 2026	2026-09-11	released	5d8c131bbff59fb0c969217fc1d44e6d1503cd1f	2021-12-13T19:26:53.485625-06:00	2024-07-30T11:17:29.556027-05:00	TRUE	4230781	2025-06-03	435366bede0b493c1d437a53a1467071	TRUE	42198296	TRUE		TRUE	TRUE
TCGA-KIRC	discovery	TCGA-A3-3385	TCGA-A3-3385-01A	Primary Tumor	375080ea-cbbe-4dfb-8da3-cbef10418a2d	e802e3da-f1a3-42e2-97c2-ed8d29a57210.rna_seq.augmented_star_gene_counts.tsv	78dd4fdef60dc6735536be00ef63454e	4244999	Data Release 46.0 - August 10, 2026	2026-09-11	released	5d8c131bbff59fb0c969217fc1d44e6d1503cd1f	2021-12-13T19:31:52.832333-06:00	2024-07-30T11:01:15.588333-05:00	TRUE	4244999	2025-06-03	78dd4fdef60dc6735536be00ef63454e	TRUE	69551921	TRUE		TRUE	TRUE
TCGA-KIRC	discovery	TCGA-A3-3387	TCGA-A3-3387-01A	Primary Tumor	c8c7259b-9f5e-4dfc-b915-d98b02eba28b	e895bcd8-5a29-4666-ab19-7e29840375cc.rna_seq.augmented_star_gene_counts.tsv	ffc9e2492ec172b04def3143394b91c3	4254918	Data Release 46.0 - August 10, 2026	2026-09-11	released	5d8c131bbff59fb0c969217fc1d44e6d1503cd1f	2021-12-13T19:33:57.991666-06:00	2024-07-30T10:57:20.097860-05:00	TRUE	4254918	2025-06-03	ffc9e2492ec172b04def3143394b91c3	TRUE	64846612	TRUE		TRUE	TRUE
TCGA-KIRC	discovery	TCGA-A3-A6NI	TCGA-A3-A6NI-01A	Primary Tumor	4cc1c81c-7e39-4d3a-a142-3f64698d6c24	3aa59b3f-e62a-4aa5-8b98-2596b9ea6b0e.rna_seq.augmented_star_gene_counts.tsv	34bcc26d85613d40bb36c2d0c9b4768f	4247543	Data Release 46.0 - August 10, 2026	2026-09-11	released	5d8c131bbff59fb0c969217fc1d44e6d1503cd1f	2021-12-13T19:19:50.958528-06:00	2024-07-30T11:14:08.663770-05:00	TRUE	4247543	2025-06-03	34bcc26d85613d40bb36c2d0c9b4768f	TRUE	58629846	TRUE		TRUE	TRUE
TCGA-KIRC	discovery	TCGA-A3-A6NJ	TCGA-A3-A6NJ-01A	Primary Tumor	36e0d06c-4153-4bc3-b415-3f18306218e3	a15fd9b5-6691-49c8-a4a2-715acb36dd2f.rna_seq.augmented_star_gene_counts.tsv	1f2bcdecedc6e71e9fdc0c6f0ebb7a84	4242741	Data Release 46.0 - August 10, 2026	2026-09-11	released	5d8c131bbff59fb0c969217fc1d44e6d1503cd1f	2021-12-13T19:31:34.586151-06:00	2024-07-30T10:59:32.030097-05:00	TRUE	4242741	2025-06-03	1f2bcdecedc6e71e9fdc0c6f0ebb7a84	TRUE	52310953	TRUE		TRUE	TRUE
TCGA-KIRC	discovery	TCGA-A3-A6NL	TCGA-A3-A6NL-01A	Primary Tumor	5cbfa01a-86a9-467e-9efa-7ae47bce3587	a1d86150-a5a5-4396-93d1-b1096e2bd53d.rna_seq.augmented_star_gene_counts.tsv	a76fe82e69b7eec5b7c955c14df0260d	4243766	Data Release 46.0 - August 10, 2026	2026-09-11	released	5d8c131bbff59fb0c969217fc1d44e6d1503cd1f	2021-12-13T19:28:07.928709-06:00	2024-07-30T11:09:15.468880-05:00	TRUE	4243766	2025-06-03	a76fe82e69b7eec5b7c955c14df0260d	TRUE	47052973	TRUE		TRUE	TRUE
TCGA-KIRC	discovery	TCGA-A3-A6NN	TCGA-A3-A6NN-01A	Primary Tumor	d2e585d1-2b92-44f3-b2f4-1351e7c529ac	bd74a2f2-2986-4c15-a327-048ddbf7860f.rna_seq.augmented_star_gene_counts.tsv	11c3ace82c234c609c76346176baf9ee	4247589	Data Release 46.0 - August 10, 2026	2026-09-11	released	5d8c131bbff59fb0c969217fc1d44e6d1503cd1f	2021-12-13T19:17:01.240490-06:00	2024-07-30T11:04:09.159018-05:00	TRUE	4247589	2025-06-03	11c3ace82c234c609c76346176baf9ee	TRUE	53595806	TRUE		TRUE	TRUE
TCGA-KIRC	discovery	TCGA-A3-A8CQ	TCGA-A3-A8CQ-01A	Primary Tumor	9b962201-6959-487b-a125-730322128939	54c89a1f-7b78-4569-8850-c25260fe8555.rna_seq.augmented_star_gene_counts.tsv	854ca377341af9794c83cb3a89df04c4	4243030	Data Release 46.0 - August 10, 2026	2026-09-11	released	5d8c131bbff59fb0c969217fc1d44e6d1503cd1f	2021-12-13T19:03:02.366445-06:00	2024-07-30T11:15:46.393651-05:00	TRUE	4243030	2025-06-03	854ca377341af9794c83cb3a89df04c4	TRUE	46285547	TRUE		TRUE	TRUE
TCGA-KIRC	discovery	TCGA-A3-A8OV	TCGA-A3-A8OV-01A	Primary Tumor	e0ab8fc2-a369-4e2b-a07a-67794bf6955b	ebf6fd51-b536-4d85-896f-8b14e2394583.rna_seq.augmented_star_gene_counts.tsv	08b408d9b2370c9ca0b4d04d6a15034a	4237472	Data Release 46.0 - August 10, 2026	2026-09-11	released	5d8c131bbff59fb0c969217fc1d44e6d1503cd1f	2021-12-13T19:08:57.605600-06:00	2024-07-30T10:58:59.014712-05:00	TRUE	4237472	2025-06-03	08b408d9b2370c9ca0b4d04d6a15034a	TRUE	47173301	TRUE		TRUE	TRUE
TCGA-KIRC	discovery	TCGA-A3-A8OW	TCGA-A3-A8OW-01A	Primary Tumor	00ddbdd1-f29d-438b-820b-aacb111a3ec4	e635dbc7-ef8d-45e2-acd2-b961f0c8b600.rna_seq.augmented_star_gene_counts.tsv	3f46ec5b6db0e07d2e56469d5c3c98bd	4246312	Data Release 46.0 - August 10, 2026	2026-09-11	released	5d8c131bbff59fb0c969217fc1d44e6d1503cd1f	2021-12-13T19:26:05.985228-06:00	2024-07-30T10:54:07.032073-05:00	TRUE	4246312	2025-06-03	3f46ec5b6db0e07d2e56469d5c3c98bd	TRUE	50652782	TRUE		TRUE	TRUE
TCGA-KIRC	discovery	TCGA-AK-3425	TCGA-AK-3425-01A	Primary Tumor	8bec131b-088c-41f6-95d1-3eece690b53f	c9d44ef9-12c6-4822-8b7c-fbb6581e3e77.rna_seq.augmented_star_gene_counts.tsv	197e9adcda3d9df0244fb437e175f526	4231968	Data Release 46.0 - August 10, 2026	2026-09-11	released	5d8c131bbff59fb0c969217fc1d44e6d1503cd1f	2021-12-13T19:35:04.209165-06:00	2024-07-30T11:04:42.982160-05:00	TRUE	4231968	2025-06-03	197e9adcda3d9df0244fb437e175f526	TRUE	47555546	TRUE		TRUE	TRUE
TCGA-KIRC	discovery	TCGA-AK-3426	TCGA-AK-3426-01A	Primary Tumor	0c25f495-ae84-45a3-8c7a-5521ddcccf70	91b22fd4-4b09-4b8c-9ee6-08c66b8ad324.rna_seq.augmented_star_gene_counts.tsv	2d07c253647edd5cee0ee7451bca7fb0	4225946	Data Release 46.0 - August 10, 2026	2026-09-11	released	5d8c131bbff59fb0c969217fc1d44e6d1503cd1f	2021-12-13T19:33:32.252114-06:00	2024-07-30T11:06:18.406201-05:00	TRUE	4225946	2025-06-03	2d07c253647edd5cee0ee7451bca7fb0	TRUE	35155318	TRUE		TRUE	TRUE
TCGA-KIRC	discovery	TCGA-AK-3427	TCGA-AK-3427-01A	Primary Tumor	d1e1f6c5-e3af-418c-89ed-8b68f8157f36	1bba75de-1a96-48aa-9900-12de3c95c9e6.rna_seq.augmented_star_gene_counts.tsv	02ba288590991f0f82652d635dd20628	4222224	Data Release 46.0 - August 10, 2026	2026-09-11	released	5d8c131bbff59fb0c969217fc1d44e6d1503cd1f	2021-12-13T19:19:02.811572-06:00	2024-07-30T10:54:34.160684-05:00	TRUE	4222224	2025-06-03	02ba288590991f0f82652d635dd20628	TRUE	56689994	TRUE		FALSE	FALSE
TCGA-KIRC	discovery	TCGA-AK-3428	TCGA-AK-3428-01A	Primary Tumor	977c19ab-f472-4956-869f-e640960f1351	acc65c02-8a2b-4cd1-8a02-5187da1df978.rna_seq.augmented_star_gene_counts.tsv	8ea446815f54633e09f3375405c70f15	4216617	Data Release 46.0 - August 10, 2026	2026-09-11	released	5d8c131bbff59fb0c969217fc1d44e6d1503cd1f	2021-12-13T19:03:08.524385-06:00	2024-07-30T11:18:09.402758-05:00	TRUE	4216617	2025-06-03	8ea446815f54633e09f3375405c70f15	TRUE	29505584	TRUE		TRUE	TRUE
TCGA-KIRC	discovery	TCGA-AK-3429	TCGA-AK-3429-01A	Primary Tumor	06632416-4901-4939-b250-35cd1b8b8323	a8776da2-d821-41c3-8530-0bbb29536a43.rna_seq.augmented_star_gene_counts.tsv	e3f92f6e38a3209f6902d4b8b8d5a5b8	4225812	Data Release 46.0 - August 10, 2026	2026-09-11	released	5d8c131bbff59fb0c969217fc1d44e6d1503cd1f	2021-12-13T19:08:32.990814-06:00	2024-07-30T11:02:30.153932-05:00	TRUE	4225812	2025-06-03	e3f92f6e38a3209f6902d4b8b8d5a5b8	TRUE	42228920	TRUE		TRUE	TRUE
TCGA-KIRC	discovery	TCGA-AK-3431	TCGA-AK-3431-01A	Primary Tumor	13b48a2d-dde2-4cd1-b26d-22621a002f5b	5a1b700e-a479-498a-87f5-e53f59e01a44.rna_seq.augmented_star_gene_counts.tsv	382113d36656c25024fd6d69e246f130	4226962	Data Release 46.0 - August 10, 2026	2026-09-11	released	5d8c131bbff59fb0c969217fc1d44e6d1503cd1f	2021-12-13T19:15:08.310340-06:00	2024-07-30T10:58:02.610575-05:00	TRUE	4226962	2025-06-03	382113d36656c25024fd6d69e246f130	TRUE	39096089	TRUE		TRUE	TRUE
TCGA-KIRC	discovery	TCGA-AK-3433	TCGA-AK-3433-01A	Primary Tumor	2a9c1676-cb34-430b-8111-6a28c563065b	1ad9938d-af14-4214-b017-af062995d46b.rna_seq.augmented_star_gene_counts.tsv	6e94a8558182e53974ef502646fa19c9	4218010	Data Release 46.0 - August 10, 2026	2026-09-11	released	5d8c131bbff59fb0c969217fc1d44e6d1503cd1f	2021-12-13T19:42:48.597866-06:00	2024-07-30T11:08:01.669219-05:00	TRUE	4218010	2025-06-03	6e94a8558182e53974ef502646fa19c9	TRUE	42369048	TRUE		FALSE	FALSE
TCGA-KIRC	discovery	TCGA-AK-3434	TCGA-AK-3434-01A	Primary Tumor	adc843d6-31ae-4803-ace4-48d1c198a8bb	af2ab584-0e7a-4eb0-95a9-232e628f3bcd.rna_seq.augmented_star_gene_counts.tsv	156e6f5e998b466780d0c9afcabb2fc9	4229584	Data Release 46.0 - August 10, 2026	2026-09-11	released	5d8c131bbff59fb0c969217fc1d44e6d1503cd1f	2021-12-13T19:02:49.415721-06:00	2024-07-30T11:06:49.212725-05:00	TRUE	4229584	2025-06-03	156e6f5e998b466780d0c9afcabb2fc9	TRUE	40170065	TRUE		TRUE	TRUE
TCGA-KIRC	discovery	TCGA-AK-3436	TCGA-AK-3436-01A	Primary Tumor	c51b2e7b-b9e7-44a5-b09f-ba3377f1fc5e	5c2f4718-95d2-4390-a81c-734ed48b9493.rna_seq.augmented_star_gene_counts.tsv	e33c32e29e9394635830b2c4bbbbb8db	4229310	Data Release 46.0 - August 10, 2026	2026-09-11	released	5d8c131bbff59fb0c969217fc1d44e6d1503cd1f	2021-12-13T19:04:34.062672-06:00	2024-07-30T11:00:34.450850-05:00	TRUE	4229310	2025-06-03	e33c32e29e9394635830b2c4bbbbb8db	TRUE	52556106	TRUE		TRUE	TRUE
TCGA-KIRC	discovery	TCGA-AK-3440	TCGA-AK-3440-01A	Primary Tumor	3b473c49-9140-4d1d-b9f9-0c9056e93d8a	0f9a5433-ed93-4d87-b9b5-4f7ec4d8992c.rna_seq.augmented_star_gene_counts.tsv	d592b9ec18939c157e45a5ff8bba9890	4227510	Data Release 46.0 - August 10, 2026	2026-09-11	released	5d8c131bbff59fb0c969217fc1d44e6d1503cd1f	2021-12-13T19:33:09.854061-06:00	2024-07-30T11:13:12.246935-05:00	TRUE	4227510	2025-06-03	d592b9ec18939c157e45a5ff8bba9890	TRUE	62890922	TRUE		TRUE	FALSE
TCGA-KIRC	discovery	TCGA-AK-3443	TCGA-AK-3443-01A	Primary Tumor	539f5a17-442a-4c07-9606-b8f88c731504	2558773d-bb91-4172-b560-0dcb6a9a41c1.rna_seq.augmented_star_gene_counts.tsv	baec13a41bcbb540f7a570976f996f59	4232670	Data Release 46.0 - August 10, 2026	2026-09-11	released	5d8c131bbff59fb0c969217fc1d44e6d1503cd1f	2021-12-13T19:15:33.973848-06:00	2024-07-30T11:10:47.660596-05:00	TRUE	4232670	2025-06-03	baec13a41bcbb540f7a570976f996f59	TRUE	74686650	TRUE		FALSE	FALSE
TCGA-KIRC	discovery	TCGA-AK-3444	TCGA-AK-3444-01A	Primary Tumor	2b0106c5-7e32-423b-957f-06c9f2e7751b	f8e2a017-323b-44ef-9199-1f368231bd63.rna_seq.augmented_star_gene_counts.tsv	0ed8c45c3a9669bdc97ff6f90f446205	4265635	Data Release 46.0 - August 10, 2026	2026-09-11	released	5a02c12930eb23436322a7494047b907b97570c5	2022-10-24T16:11:12.638597-05:00	2024-07-29T19:59:07.095794-05:00	TRUE	4265635	2025-06-03	0ed8c45c3a9669bdc97ff6f90f446205	TRUE	141118797	TRUE		TRUE	TRUE
TCGA-KIRC	discovery	TCGA-AK-3445	TCGA-AK-3445-01A	Primary Tumor	8ebf5653-96f8-4adc-a251-d8c059d699b0	3ef50760-e801-4f8c-b693-deb0adaa6314.rna_seq.augmented_star_gene_counts.tsv	04d2f060b73dff2cbcdad2d24a1c1c6e	4238778	Data Release 46.0 - August 10, 2026	2026-09-11	released	5d8c131bbff59fb0c969217fc1d44e6d1503cd1f	2021-12-13T19:34:10.643286-06:00	2024-07-30T11:10:20.087992-05:00	TRUE	4238778	2025-06-03	04d2f060b73dff2cbcdad2d24a1c1c6e	TRUE	46491231	TRUE		TRUE	TRUE
TCGA-KIRC	discovery	TCGA-AK-3447	TCGA-AK-3447-01A	Primary Tumor	f6b85b88-29c7-4722-86f1-0c4c5fa0b819	c335308e-60fa-4ca7-ba9e-f8e53d0bf57c.rna_seq.augmented_star_gene_counts.tsv	3a09c248e2a0e51d7acf6b636750f6fe	4199064	Data Release 46.0 - August 10, 2026	2026-09-11	released	5d8c131bbff59fb0c969217fc1d44e6d1503cd1f	2021-12-13T19:04:49.573580-06:00	2024-07-30T10:59:22.091536-05:00	TRUE	4199064	2025-06-03	3a09c248e2a0e51d7acf6b636750f6fe	TRUE	44809955	TRUE		TRUE	FALSE
TCGA-KIRC	discovery	TCGA-AK-3450	TCGA-AK-3450-01A	Primary Tumor	80ef1b28-350f-4ca8-8da5-a5afcaa0f2b8	655579e9-5419-4472-856d-00095588384d.rna_seq.augmented_star_gene_counts.tsv	f4dc492ea30f31c3713458de85a9b094	4240859	Data Release 46.0 - August 10, 2026	2026-09-11	released	5d8c131bbff59fb0c969217fc1d44e6d1503cd1f	2021-12-13T19:22:03.245768-06:00	2024-07-30T11:16:38.814903-05:00	TRUE	4240859	2025-06-03	f4dc492ea30f31c3713458de85a9b094	TRUE	55042531	TRUE		TRUE	TRUE
TCGA-KIRC	discovery	TCGA-AK-3451	TCGA-AK-3451-01A	Primary Tumor	e71c8e45-ab52-4796-ab72-e8add8868291	c95943e9-c8c4-44e1-9080-afddcbfb6174.rna_seq.augmented_star_gene_counts.tsv	d584ed7722762ad1bc890177be5b5fe7	4215866	Data Release 46.0 - August 10, 2026	2026-09-11	released	5d8c131bbff59fb0c969217fc1d44e6d1503cd1f	2021-12-13T19:36:15.802474-06:00	2024-07-30T10:59:28.512137-05:00	TRUE	4215866	2025-06-03	d584ed7722762ad1bc890177be5b5fe7	TRUE	45241768	TRUE		TRUE	TRUE
TCGA-KIRC	discovery	TCGA-AK-3453	TCGA-AK-3453-01A	Primary Tumor	fb47d9fc-c3a4-4f1c-b707-4996b5520351	a0736a41-933d-45aa-b22c-c5be570da757.rna_seq.augmented_star_gene_counts.tsv	6b7d63a4f9746e214d67d8a905c53856	4224592	Data Release 46.0 - August 10, 2026	2026-09-11	released	5d8c131bbff59fb0c969217fc1d44e6d1503cd1f	2021-12-13T19:29:31.545716-06:00	2024-07-30T08:55:30.128573-05:00	TRUE	4224592	2025-06-03	6b7d63a4f9746e214d67d8a905c53856	TRUE	31142418	TRUE		TRUE	TRUE
TCGA-KIRC	discovery	TCGA-AK-3454	TCGA-AK-3454-01A	Primary Tumor	457ef116-5df9-4a29-b802-65622d6ca5e9	9aae9ce6-45b5-4a4b-a17c-f0d89cbbcd50.rna_seq.augmented_star_gene_counts.tsv	b692a105925255131d147e0d1a2f2a4a	4214682	Data Release 46.0 - August 10, 2026	2026-09-11	released	5d8c131bbff59fb0c969217fc1d44e6d1503cd1f	2021-12-13T19:30:29.309091-06:00	2024-07-30T11:00:03.345672-05:00	TRUE	4214682	2025-06-03	b692a105925255131d147e0d1a2f2a4a	TRUE	21187538	TRUE		TRUE	TRUE
TCGA-KIRC	discovery	TCGA-AK-3455	TCGA-AK-3455-01A	Primary Tumor	9fcf3bdd-e137-4f93-83f4-24b883ca62c3	ee318550-06bc-4c55-b7fe-054b19ed3db9.rna_seq.augmented_star_gene_counts.tsv	3129409c722c7c9b9b0535d70ac7204e	4240926	Data Release 46.0 - August 10, 2026	2026-09-11	released	5d8c131bbff59fb0c969217fc1d44e6d1503cd1f	2021-12-13T19:09:05.288096-06:00	2024-07-30T11:01:06.851011-05:00	TRUE	4240926	2025-06-03	3129409c722c7c9b9b0535d70ac7204e	TRUE	46992522	TRUE		TRUE	TRUE
TCGA-KIRC	discovery	TCGA-AK-3456	TCGA-AK-3456-01A	Primary Tumor	4a2da9f0-b75d-466c-b9f0-2e910ee24365	2cf32f8f-0698-453d-a96b-c66a48617d2d.rna_seq.augmented_star_gene_counts.tsv	ec34e29f6cfe1b0f5278024c0202fccf	4228585	Data Release 46.0 - August 10, 2026	2026-09-11	released	5d8c131bbff59fb0c969217fc1d44e6d1503cd1f	2021-12-13T19:15:52.486110-06:00	2024-07-30T11:06:17.204378-05:00	TRUE	4228585	2025-06-03	ec34e29f6cfe1b0f5278024c0202fccf	TRUE	46156453	TRUE		TRUE	TRUE
TCGA-KIRC	discovery	TCGA-AK-3458	TCGA-AK-3458-01A	Primary Tumor	4bc67f13-2c7c-4be8-8bfe-1c2fffecf694	4b62c9b2-a3f4-4db4-8a79-434a1e28ed20.rna_seq.augmented_star_gene_counts.tsv	83144a61a306d89555effc85c8f5fd9f	4239039	Data Release 46.0 - August 10, 2026	2026-09-11	released	5d8c131bbff59fb0c969217fc1d44e6d1503cd1f	2021-12-13T19:20:24.985794-06:00	2024-07-30T11:09:06.041440-05:00	TRUE	4239039	2025-06-03	83144a61a306d89555effc85c8f5fd9f	TRUE	42903843	TRUE		TRUE	TRUE
TCGA-KIRC	discovery	TCGA-AK-3460	TCGA-AK-3460-01A	Primary Tumor	07868319-1d09-49ca-b198-5677d151d36d	267adf6f-194c-4071-b80a-66258a68be8e.rna_seq.augmented_star_gene_counts.tsv	b1709b95bfd825f080840f7687a373c9	4229461	Data Release 46.0 - August 10, 2026	2026-09-11	released	5d8c131bbff59fb0c969217fc1d44e6d1503cd1f	2021-12-13T19:36:17.594207-06:00	2024-07-30T10:58:36.366215-05:00	TRUE	4229461	2025-06-03	b1709b95bfd825f080840f7687a373c9	TRUE	37437900	TRUE		TRUE	TRUE
TCGA-KIRC	discovery	TCGA-AK-3461	TCGA-AK-3461-01A	Primary Tumor	1bce44b6-268e-4858-8b49-747045752331	3daeeb64-4231-46a8-b950-360fbdd908f3.rna_seq.augmented_star_gene_counts.tsv	11fec7e771e59556f054610f83017aed	4242156	Data Release 46.0 - August 10, 2026	2026-09-11	released	5d8c131bbff59fb0c969217fc1d44e6d1503cd1f	2021-12-13T19:06:22.640589-06:00	2024-07-30T11:14:36.840123-05:00	TRUE	4242156	2025-06-03	11fec7e771e59556f054610f83017aed	TRUE	43372282	TRUE		TRUE	TRUE
TCGA-KIRC	discovery	TCGA-AK-3465	TCGA-AK-3465-01A	Primary Tumor	6a408551-3028-49cd-b896-6bfcb1abde4b	ff62bead-1df4-40b5-8d0b-92c1ad3a2645.rna_seq.augmented_star_gene_counts.tsv	db87885aef0532a752c5bf854639f502	4239933	Data Release 46.0 - August 10, 2026	2026-09-11	released	5d8c131bbff59fb0c969217fc1d44e6d1503cd1f	2021-12-13T19:19:24.042900-06:00	2024-07-30T11:07:25.358944-05:00	TRUE	4239933	2025-06-03	db87885aef0532a752c5bf854639f502	TRUE	64232978	TRUE		FALSE	FALSE
TCGA-KIRC	discovery	TCGA-AS-3777	TCGA-AS-3777-01A	Primary Tumor	d9979174-ee0c-42bb-b928-a4f642845db7	fa6338f3-d9e1-463c-8d80-85d2e6e347d9.rna_seq.augmented_star_gene_counts.tsv	f341e707bc5fe96b2ab9a404ebf1d4fb	4231463	Data Release 46.0 - August 10, 2026	2026-09-11	released	5d8c131bbff59fb0c969217fc1d44e6d1503cd1f	2021-12-13T19:41:03.439130-06:00	2024-07-30T11:07:47.316835-05:00	TRUE	4231463	2025-06-03	f341e707bc5fe96b2ab9a404ebf1d4fb	TRUE	71751000	TRUE		FALSE	FALSE
TCGA-KIRC	discovery	TCGA-AS-3778	TCGA-AS-3778-01A	Primary Tumor	dbe1371f-dbf9-46b1-b603-a9e560fb75df	d46f2d5f-0e4a-4c0c-8904-44b95a1dcbd0.rna_seq.augmented_star_gene_counts.tsv	15871dee753b71c14766f10ab33fa8f0	4251307	Data Release 46.0 - August 10, 2026	2026-09-11	released	5d8c131bbff59fb0c969217fc1d44e6d1503cd1f	2021-12-13T19:22:52.142957-06:00	2024-07-30T10:57:05.198573-05:00	TRUE	4251307	2025-06-03	15871dee753b71c14766f10ab33fa8f0	TRUE	58920194	TRUE		TRUE	TRUE
TCGA-KIRC	discovery	TCGA-B0-4688	TCGA-B0-4688-01A	Primary Tumor	0c1c9170-9092-449e-afc2-0ef1d28ae07e	c0ef5bce-a76c-4fe7-99a6-9e3045eedea6.rna_seq.augmented_star_gene_counts.tsv	cee6b18ce39fe57451932efe07956f74	4245483	Data Release 46.0 - August 10, 2026	2026-09-11	released	5d8c131bbff59fb0c969217fc1d44e6d1503cd1f	2021-12-13T19:28:25.509253-06:00	2024-07-30T11:06:12.299067-05:00	TRUE	4245483	2025-06-03	cee6b18ce39fe57451932efe07956f74	TRUE	57109648	TRUE		TRUE	FALSE
TCGA-KIRC	discovery	TCGA-B0-4690	TCGA-B0-4690-01A	Primary Tumor	0e7e953c-82c3-4887-86b5-584d41cfe518	4551fe9f-b4ff-4556-a2ae-bd7234a979ba.rna_seq.augmented_star_gene_counts.tsv	1d42f4505aa3e6836aa54bebe51f5420	4249804	Data Release 46.0 - August 10, 2026	2026-09-11	released	5d8c131bbff59fb0c969217fc1d44e6d1503cd1f	2021-12-13T19:39:09.544206-06:00	2024-07-30T11:17:46.247614-05:00	TRUE	4249804	2025-06-03	1d42f4505aa3e6836aa54bebe51f5420	TRUE	59448440	TRUE		TRUE	TRUE
TCGA-KIRC	discovery	TCGA-B0-4691	TCGA-B0-4691-01A	Primary Tumor	ee7ecfb9-1ec5-4553-ba37-19c2b5f0da0f	8da80836-efa4-4ee0-9809-02459a4cf833.rna_seq.augmented_star_gene_counts.tsv	e8d1eb99482edebebe8601c0c89384dc	4246014	Data Release 46.0 - August 10, 2026	2026-09-11	released	5d8c131bbff59fb0c969217fc1d44e6d1503cd1f	2021-12-13T19:28:10.030312-06:00	2024-07-30T10:55:20.535734-05:00	TRUE	4246014	2025-06-03	e8d1eb99482edebebe8601c0c89384dc	TRUE	55799857	TRUE		TRUE	TRUE
TCGA-KIRC	discovery	TCGA-B0-4693	TCGA-B0-4693-01A	Primary Tumor	afb1e9c1-aa37-40d4-a2b0-5996c023d30b	0f6509d2-4bda-4eee-89f6-848d6b94c881.rna_seq.augmented_star_gene_counts.tsv	9a48d2fde879cb6915af295530933449	4238429	Data Release 46.0 - August 10, 2026	2026-09-11	released	5d8c131bbff59fb0c969217fc1d44e6d1503cd1f	2021-12-13T19:36:04.962704-06:00	2024-07-30T10:59:04.037887-05:00	TRUE	4238429	2025-06-03	9a48d2fde879cb6915af295530933449	TRUE	46342112	TRUE		TRUE	TRUE
TCGA-KIRC	discovery	TCGA-B0-4694	TCGA-B0-4694-01A	Primary Tumor	cc4d6b44-ae57-4f0c-affe-ba411b9fba9b	9b432efc-fbd9-40fe-b5c9-1bf67a03b191.rna_seq.augmented_star_gene_counts.tsv	ec68493a51684e20604d2c641e801e76	4245997	Data Release 46.0 - August 10, 2026	2026-09-11	released	5d8c131bbff59fb0c969217fc1d44e6d1503cd1f	2021-12-13T19:32:28.172367-06:00	2024-07-30T11:10:56.362676-05:00	TRUE	4245997	2025-06-03	ec68493a51684e20604d2c641e801e76	TRUE	61552627	TRUE		TRUE	TRUE
TCGA-KIRC	discovery	TCGA-B0-4696	TCGA-B0-4696-01A	Primary Tumor	86fef024-a657-476b-89c5-adb5477597ea	1e5dfb49-a6e6-4099-a3ef-828592d40c6d.rna_seq.augmented_star_gene_counts.tsv	0ab477bc7460fc8a124bfe68fe782035	4231725	Data Release 46.0 - August 10, 2026	2026-09-11	released	5d8c131bbff59fb0c969217fc1d44e6d1503cd1f	2021-12-13T19:26:36.747823-06:00	2024-07-30T11:06:26.870934-05:00	TRUE	4231725	2025-06-03	0ab477bc7460fc8a124bfe68fe782035	TRUE	41798090	TRUE		TRUE	FALSE
TCGA-KIRC	discovery	TCGA-B0-4697	TCGA-B0-4697-01A	Primary Tumor	d6ad13eb-3ed8-4b4a-ac50-37061cf8236a	b2de4a7f-7e10-4b71-a681-baa48aeaf514.rna_seq.augmented_star_gene_counts.tsv	a83ca2f81d622039db55e15403fdf63e	4211445	Data Release 46.0 - August 10, 2026	2026-09-11	released	5d8c131bbff59fb0c969217fc1d44e6d1503cd1f	2021-12-13T19:43:37.430081-06:00	2024-07-30T11:05:09.250430-05:00	TRUE	4211445	2025-06-03	a83ca2f81d622039db55e15403fdf63e	TRUE	21976306	TRUE		TRUE	FALSE
TCGA-KIRC	discovery	TCGA-B0-4698	TCGA-B0-4698-01A	Primary Tumor	ab718baf-6521-4738-a8cc-44b7fabf4be1	34b926af-5184-4ded-885a-5455aa85d212.rna_seq.augmented_star_gene_counts.tsv	c7fce12edbc2e1063e2c30e7db4208cb	4248072	Data Release 46.0 - August 10, 2026	2026-09-11	released	5d8c131bbff59fb0c969217fc1d44e6d1503cd1f	2021-12-13T19:17:20.518738-06:00	2024-07-30T10:59:13.908866-05:00	TRUE	4248072	2025-06-03	c7fce12edbc2e1063e2c30e7db4208cb	TRUE	67839281	TRUE		TRUE	FALSE
TCGA-KIRC	discovery	TCGA-B0-4699	TCGA-B0-4699-01A	Primary Tumor	feb6de8d-c44f-44ca-9583-232511ef54fd	8b530174-351e-4b0f-9255-366675a697b5.rna_seq.augmented_star_gene_counts.tsv	0803e877ff60ec55747d3bf6eeb496f5	4267733	Data Release 46.0 - August 10, 2026	2026-09-11	released	5d8c131bbff59fb0c969217fc1d44e6d1503cd1f	2021-12-13T19:06:35.125521-06:00	2024-07-30T08:55:40.735284-05:00	TRUE	4267733	2025-06-03	0803e877ff60ec55747d3bf6eeb496f5	TRUE	95647340	TRUE		TRUE	TRUE
TCGA-KIRC	discovery	TCGA-B0-4700	TCGA-B0-4700-01A	Primary Tumor	f34985d8-172b-4fae-8d06-989e7dc4dc06	a5a4db2a-7906-4519-9223-0f47cd377fb5.rna_seq.augmented_star_gene_counts.tsv	540de27401eb91530c54efd45246a003	4240107	Data Release 46.0 - August 10, 2026	2026-09-11	released	5d8c131bbff59fb0c969217fc1d44e6d1503cd1f	2021-12-13T19:16:13.069674-06:00	2024-07-30T11:02:05.269278-05:00	TRUE	4240107	2025-06-03	540de27401eb91530c54efd45246a003	TRUE	53558409	TRUE		TRUE	TRUE
TCGA-KIRC	discovery	TCGA-B0-4701	TCGA-B0-4701-01A	Primary Tumor	52f4db86-9951-464d-a9c2-520a3681a9a8	527340de-0762-4d46-a004-9881b73bacc8.rna_seq.augmented_star_gene_counts.tsv	bf4ff229aa8f2f1cc7cae5d7e36bc8c8	4245695	Data Release 46.0 - August 10, 2026	2026-09-11	released	5d8c131bbff59fb0c969217fc1d44e6d1503cd1f	2021-12-13T19:18:34.437951-06:00	2024-07-30T10:53:54.654893-05:00	TRUE	4245695	2025-06-03	bf4ff229aa8f2f1cc7cae5d7e36bc8c8	TRUE	50664041	TRUE		TRUE	TRUE
TCGA-KIRC	discovery	TCGA-B0-4703	TCGA-B0-4703-01A	Primary Tumor	a09990aa-76c9-4041-a2f5-317be4c5ab09	6e9dbe91-43a5-4536-8188-7fd35f6281d6.rna_seq.augmented_star_gene_counts.tsv	ae9b605479203c5fd9d960887ba7df13	4249030	Data Release 46.0 - August 10, 2026	2026-09-11	released	5d8c131bbff59fb0c969217fc1d44e6d1503cd1f	2021-12-13T19:22:22.435738-06:00	2024-07-30T11:05:17.877007-05:00	TRUE	4249030	2025-06-03	ae9b605479203c5fd9d960887ba7df13	TRUE	57632781	TRUE		TRUE	TRUE
TCGA-KIRC	discovery	TCGA-B0-4706	TCGA-B0-4706-01A	Primary Tumor	0461aca8-2256-4954-9c65-1b2a92c2b2a1	cf53a086-f74f-4155-9766-5761cf983177.rna_seq.augmented_star_gene_counts.tsv	0c1f7b63155cba1008053286824a2606	4251732	Data Release 46.0 - August 10, 2026	2026-09-11	released	5d8c131bbff59fb0c969217fc1d44e6d1503cd1f	2021-12-13T19:13:50.303606-06:00	2024-07-30T11:08:43.753605-05:00	TRUE	4251732	2025-06-03	0c1f7b63155cba1008053286824a2606	TRUE	60954144	TRUE		TRUE	TRUE
TCGA-KIRC	discovery	TCGA-B0-4707	TCGA-B0-4707-01A	Primary Tumor	4b2c1bf1-9a07-4b71-8a9a-c60c9564b686	617ca133-bc23-4e60-92dc-f6b9d320ec66.rna_seq.augmented_star_gene_counts.tsv	fffaeae8d2dd7ca4d7a52f0c7774f2ad	4223295	Data Release 46.0 - August 10, 2026	2026-09-11	released	5d8c131bbff59fb0c969217fc1d44e6d1503cd1f	2021-12-13T19:42:41.338438-06:00	2024-07-30T10:59:36.877355-05:00	TRUE	4223295	2025-06-03	fffaeae8d2dd7ca4d7a52f0c7774f2ad	TRUE	37797513	TRUE		TRUE	TRUE
TCGA-KIRC	discovery	TCGA-B0-4710	TCGA-B0-4710-01A	Primary Tumor	6d0df9bf-69d6-447f-b2d9-76391e95d61d	9e2b50ae-2a14-4825-918b-88488c9b3d82.rna_seq.augmented_star_gene_counts.tsv	2bcb712fc7b5b9cc453e66488516b0bd	4256500	Data Release 46.0 - August 10, 2026	2026-09-11	released	5d8c131bbff59fb0c969217fc1d44e6d1503cd1f	2021-12-13T19:31:32.504341-06:00	2024-07-30T11:11:25.450940-05:00	TRUE	4256500	2025-06-03	2bcb712fc7b5b9cc453e66488516b0bd	TRUE	57670370	TRUE		TRUE	TRUE
TCGA-KIRC	discovery	TCGA-B0-4712	TCGA-B0-4712-01A	Primary Tumor	7f16d20f-07e2-4901-ae00-4da70125e8a3	0cf6e899-af6e-44ac-a6c7-5f3fa68ea255.rna_seq.augmented_star_gene_counts.tsv	d6c74042c47065e9065bbf3ec9516c8c	4235987	Data Release 46.0 - August 10, 2026	2026-09-11	released	5d8c131bbff59fb0c969217fc1d44e6d1503cd1f	2021-12-13T19:15:13.383362-06:00	2024-07-30T11:13:22.028282-05:00	TRUE	4235987	2025-06-03	d6c74042c47065e9065bbf3ec9516c8c	TRUE	58860795	TRUE		TRUE	TRUE
TCGA-KIRC	discovery	TCGA-B0-4713	TCGA-B0-4713-01A	Primary Tumor	637c8c48-42f9-43d7-8281-c014f4170109	68dea349-39d0-4140-a458-9ce5b5835105.rna_seq.augmented_star_gene_counts.tsv	9262a17aae69e23b932b326a8ac8a8f1	4227409	Data Release 46.0 - August 10, 2026	2026-09-11	released	5d8c131bbff59fb0c969217fc1d44e6d1503cd1f	2021-12-13T19:21:49.946931-06:00	2024-07-30T10:56:29.912575-05:00	TRUE	4227409	2025-06-03	9262a17aae69e23b932b326a8ac8a8f1	TRUE	41737558	TRUE		TRUE	TRUE
TCGA-KIRC	discovery	TCGA-B0-4714	TCGA-B0-4714-01A	Primary Tumor	66b1f91a-937c-4e1f-b4ab-07d1ef9fe1db	94b39932-9777-4fdc-b56c-65c3c3e11053.rna_seq.augmented_star_gene_counts.tsv	6222c0a06514a48a6afac961b365bfd9	4243348	Data Release 46.0 - August 10, 2026	2026-09-11	released	5d8c131bbff59fb0c969217fc1d44e6d1503cd1f	2021-12-13T19:20:51.527923-06:00	2024-07-30T11:05:27.936335-05:00	TRUE	4243348	2025-06-03	6222c0a06514a48a6afac961b365bfd9	TRUE	48147049	TRUE		TRUE	TRUE
TCGA-KIRC	discovery	TCGA-B0-4718	TCGA-B0-4718-01A	Primary Tumor	0626d61a-3222-49c5-b6f0-4b59c5835d29	4252d504-9d47-4e8a-8aa0-f3af157e5679.rna_seq.augmented_star_gene_counts.tsv	503c2075736f8622564786133cfceb8e	4231095	Data Release 46.0 - August 10, 2026	2026-09-11	released	5d8c131bbff59fb0c969217fc1d44e6d1503cd1f	2021-12-13T19:11:18.055077-06:00	2024-07-30T11:02:58.506029-05:00	TRUE	4231095	2025-06-03	503c2075736f8622564786133cfceb8e	TRUE	37745442	TRUE		TRUE	TRUE
TCGA-KIRC	discovery	TCGA-B0-4810	TCGA-B0-4810-01A	Primary Tumor	59f744da-4e53-4cca-a7f1-48a27f91aba1	6a0c3088-3411-4332-9b5e-73658117bf58.rna_seq.augmented_star_gene_counts.tsv	0dd40097976c594dd7f435f9e45d4baf	4255676	Data Release 46.0 - August 10, 2026	2026-09-11	released	5d8c131bbff59fb0c969217fc1d44e6d1503cd1f	2021-12-13T19:29:33.684050-06:00	2024-07-30T11:13:35.693680-05:00	TRUE	4255676	2025-06-03	0dd40097976c594dd7f435f9e45d4baf	TRUE	62270018	TRUE		TRUE	TRUE
TCGA-KIRC	discovery	TCGA-B0-4811	TCGA-B0-4811-01A	Primary Tumor	6df1efd7-bd1b-4c00-8cbb-eb1b6b7c78b6	777fc549-47cf-4c3b-9931-e58c9f3fcc6b.rna_seq.augmented_star_gene_counts.tsv	2c8c411e9ca3cc893daa3594799bdbdf	4246678	Data Release 46.0 - August 10, 2026	2026-09-11	released	5d8c131bbff59fb0c969217fc1d44e6d1503cd1f	2021-12-13T19:36:42.634218-06:00	2024-07-30T11:05:32.803612-05:00	TRUE	4246678	2025-06-03	2c8c411e9ca3cc893daa3594799bdbdf	TRUE	63458910	TRUE		TRUE	TRUE
TCGA-KIRC	discovery	TCGA-B0-4813	TCGA-B0-4813-01A	Primary Tumor	1be72033-3da7-4266-9b58-2fff2dbaa48b	eedd5d50-066a-41d4-a0ba-4348ea680bf2.rna_seq.augmented_star_gene_counts.tsv	f47050d9977f53c521a98e2f97cf4193	4231976	Data Release 46.0 - August 10, 2026	2026-09-11	released	5d8c131bbff59fb0c969217fc1d44e6d1503cd1f	2021-12-13T19:08:13.217129-06:00	2024-07-30T11:14:31.784725-05:00	TRUE	4231976	2025-06-03	f47050d9977f53c521a98e2f97cf4193	TRUE	38353037	TRUE		TRUE	FALSE
TCGA-KIRC	discovery	TCGA-B0-4814	TCGA-B0-4814-01A	Primary Tumor	831bedf9-e67d-4a2a-b0a7-6d6c92edf77a	827a8cb3-423c-471e-abc6-c62329a5ec16.rna_seq.augmented_star_gene_counts.tsv	04c22ddcca747431ed5d4c190e16a86c	4245697	Data Release 46.0 - August 10, 2026	2026-09-11	released	5d8c131bbff59fb0c969217fc1d44e6d1503cd1f	2021-12-13T19:33:53.424485-06:00	2024-07-30T11:13:33.323965-05:00	TRUE	4245697	2025-06-03	04c22ddcca747431ed5d4c190e16a86c	TRUE	51622813	TRUE		TRUE	TRUE
TCGA-KIRC	discovery	TCGA-B0-4815	TCGA-B0-4815-01A	Primary Tumor	466888ef-7b80-471e-822c-bf355ef474b8	c61e31b4-5c74-4d86-97cb-16be49b8a5b1.rna_seq.augmented_star_gene_counts.tsv	fe1c708b1490ac68b7d04ededbeebb16	4256508	Data Release 46.0 - August 10, 2026	2026-09-11	released	5d8c131bbff59fb0c969217fc1d44e6d1503cd1f	2021-12-13T19:12:14.863017-06:00	2024-07-30T11:12:52.128396-05:00	TRUE	4256508	2025-06-03	fe1c708b1490ac68b7d04ededbeebb16	TRUE	66955211	TRUE		TRUE	TRUE
TCGA-KIRC	discovery	TCGA-B0-4816	TCGA-B0-4816-01A	Primary Tumor	2c1dfe31-3404-4bd8-b003-f3f649e21ecb	8c1a6145-2dc9-4776-a120-423c676964d0.rna_seq.augmented_star_gene_counts.tsv	96acdad60555c08c15e769fa7dbf9a1d	4254227	Data Release 46.0 - August 10, 2026	2026-09-11	released	5d8c131bbff59fb0c969217fc1d44e6d1503cd1f	2021-12-13T19:19:47.409395-06:00	2024-07-30T11:12:11.537593-05:00	TRUE	4254227	2025-06-03	96acdad60555c08c15e769fa7dbf9a1d	TRUE	72788981	TRUE		TRUE	TRUE
TCGA-KIRC	discovery	TCGA-B0-4817	TCGA-B0-4817-01A	Primary Tumor	f88159e9-78e2-4222-b9f6-2d50c5b3387a	15ff9e44-2f64-4803-957e-3d28661167c7.rna_seq.augmented_star_gene_counts.tsv	842035c91a6c3b9e8947d10737c694e3	4228138	Data Release 46.0 - August 10, 2026	2026-09-11	released	5d8c131bbff59fb0c969217fc1d44e6d1503cd1f	2021-12-13T19:19:36.308450-06:00	2024-07-30T10:58:01.375822-05:00	TRUE	4228138	2025-06-03	842035c91a6c3b9e8947d10737c694e3	TRUE	43516250	TRUE		TRUE	TRUE
TCGA-KIRC	discovery	TCGA-B0-4818	TCGA-B0-4818-01A	Primary Tumor	80472422-c0f4-4814-be44-fb1c9e821409	a734dc4a-3abe-4f5b-9ba9-790562d08a9b.rna_seq.augmented_star_gene_counts.tsv	fc9e95800bc1646b3df35a709de27488	4252321	Data Release 46.0 - August 10, 2026	2026-09-11	released	5d8c131bbff59fb0c969217fc1d44e6d1503cd1f	2021-12-13T19:30:50.704252-06:00	2024-07-30T10:57:48.985614-05:00	TRUE	4252321	2025-06-03	fc9e95800bc1646b3df35a709de27488	TRUE	64295902	TRUE		TRUE	TRUE
TCGA-KIRC	discovery	TCGA-B0-4819	TCGA-B0-4819-01A	Primary Tumor	06f37a68-0ffa-494c-9b43-00fc1e8b9ad2	60138dcd-4d62-4768-8b01-7d215d06858a.rna_seq.augmented_star_gene_counts.tsv	108f90b12cf5d5d28636c759d2142895	4244800	Data Release 46.0 - August 10, 2026	2026-09-11	released	5d8c131bbff59fb0c969217fc1d44e6d1503cd1f	2021-12-13T19:20:01.912563-06:00	2024-07-30T11:01:28.208758-05:00	TRUE	4244800	2025-06-03	108f90b12cf5d5d28636c759d2142895	TRUE	54174032	TRUE		TRUE	TRUE
TCGA-KIRC	discovery	TCGA-B0-4821	TCGA-B0-4821-01A	Primary Tumor	ba209e1e-87f1-47a9-a858-d60953ef4528	28089de8-830d-4774-937f-97d6dd7cfa0a.rna_seq.augmented_star_gene_counts.tsv	a339fd2a091fcbcc80556df747e75d70	4249477	Data Release 46.0 - August 10, 2026	2026-09-11	released	5d8c131bbff59fb0c969217fc1d44e6d1503cd1f	2021-12-13T19:20:45.871461-06:00	2024-07-30T10:56:49.384657-05:00	TRUE	4249477	2025-06-03	a339fd2a091fcbcc80556df747e75d70	TRUE	58549304	TRUE		TRUE	FALSE
TCGA-KIRC	discovery	TCGA-B0-4822	TCGA-B0-4822-01A	Primary Tumor	fb185dab-f274-4565-ba4a-223e5d629310	700eaa67-e398-45b2-a71c-06a10777891a.rna_seq.augmented_star_gene_counts.tsv	0bff982aa0ef19168a978ddcefab7a3e	4234245	Data Release 46.0 - August 10, 2026	2026-09-11	released	5d8c131bbff59fb0c969217fc1d44e6d1503cd1f	2021-12-13T19:14:48.806388-06:00	2024-07-30T08:55:38.034106-05:00	TRUE	4234245	2025-06-03	0bff982aa0ef19168a978ddcefab7a3e	TRUE	44370059	TRUE		TRUE	TRUE
TCGA-KIRC	discovery	TCGA-B0-4823	TCGA-B0-4823-01A	Primary Tumor	b8a61143-0c20-4db9-a4fd-9c8b375ba841	1010820f-5cf6-4e90-82d9-f4bfc7299217.rna_seq.augmented_star_gene_counts.tsv	3dd95420e5b89fa06e8f57862c8a8862	4238716	Data Release 46.0 - August 10, 2026	2026-09-11	released	5d8c131bbff59fb0c969217fc1d44e6d1503cd1f	2021-12-13T19:05:00.043665-06:00	2024-07-30T11:04:38.231380-05:00	TRUE	4238716	2025-06-03	3dd95420e5b89fa06e8f57862c8a8862	TRUE	58874871	TRUE		TRUE	TRUE
TCGA-KIRC	discovery	TCGA-B0-4824	TCGA-B0-4824-01A	Primary Tumor	44f16ded-c9e7-422c-a03c-1ec124acd76c	2ec949e3-0412-4303-bc39-cd59cbf6f7f6.rna_seq.augmented_star_gene_counts.tsv	5d59ae56a2fed77350bf7fed0f0f7b01	4242191	Data Release 46.0 - August 10, 2026	2026-09-11	released	5d8c131bbff59fb0c969217fc1d44e6d1503cd1f	2021-12-13T19:34:52.897611-06:00	2024-07-30T10:55:09.647233-05:00	TRUE	4242191	2025-06-03	5d59ae56a2fed77350bf7fed0f0f7b01	TRUE	42228168	TRUE		TRUE	TRUE
TCGA-KIRC	discovery	TCGA-B0-4827	TCGA-B0-4827-01A	Primary Tumor	6ebb7461-432b-4ca5-b709-54ea97a634cc	9bed5145-8113-46d4-9f34-04e595e71136.rna_seq.augmented_star_gene_counts.tsv	a46cb48dc709b6d85c0d681291bfd56f	4243934	Data Release 46.0 - August 10, 2026	2026-09-11	released	5d8c131bbff59fb0c969217fc1d44e6d1503cd1f	2021-12-13T19:12:18.399177-06:00	2024-07-30T11:02:49.750306-05:00	TRUE	4243934	2025-06-03	a46cb48dc709b6d85c0d681291bfd56f	TRUE	71582825	TRUE		TRUE	TRUE
TCGA-KIRC	discovery	TCGA-B0-4828	TCGA-B0-4828-01A	Primary Tumor	2d6dd901-d11e-459e-ba2e-8a587e72633e	edfaa504-ee18-4988-ba3c-23d820c1cead.rna_seq.augmented_star_gene_counts.tsv	9ac570a358ed58d1a97bde2e824dd6dd	4237969	Data Release 46.0 - August 10, 2026	2026-09-11	released	5d8c131bbff59fb0c969217fc1d44e6d1503cd1f	2021-12-13T19:43:27.039826-06:00	2024-07-30T10:56:11.323801-05:00	TRUE	4237969	2025-06-03	9ac570a358ed58d1a97bde2e824dd6dd	TRUE	41707905	TRUE		TRUE	TRUE
TCGA-KIRC	discovery	TCGA-B0-4833	TCGA-B0-4833-01A	Primary Tumor	fa7f749b-6c8e-4052-8196-fd91d52e67f1	65e00fee-35a4-487d-98ca-2ba5bee5d74e.rna_seq.augmented_star_gene_counts.tsv	426e82f5225c6fd302088d67d749f182	4234764	Data Release 46.0 - August 10, 2026	2026-09-11	released	5d8c131bbff59fb0c969217fc1d44e6d1503cd1f	2021-12-13T19:18:40.853636-06:00	2024-07-30T11:18:44.925761-05:00	TRUE	4234764	2025-06-03	426e82f5225c6fd302088d67d749f182	TRUE	37822004	TRUE		TRUE	TRUE
TCGA-KIRC	discovery	TCGA-B0-4834	TCGA-B0-4834-01A	Primary Tumor	1317fb5d-608b-4c79-8198-f2ec68766224	1ad08c93-155b-4db8-9b88-a4e60cad9022.rna_seq.augmented_star_gene_counts.tsv	a8bb3e65e33fdc6fb9369f2f8d36f6df	4226090	Data Release 46.0 - August 10, 2026	2026-09-11	released	5d8c131bbff59fb0c969217fc1d44e6d1503cd1f	2021-12-13T19:41:19.875221-06:00	2024-07-30T11:02:43.583229-05:00	TRUE	4226090	2025-06-03	a8bb3e65e33fdc6fb9369f2f8d36f6df	TRUE	59572357	TRUE		TRUE	FALSE
TCGA-KIRC	discovery	TCGA-B0-4836	TCGA-B0-4836-01A	Primary Tumor	5030b65c-c5f2-4bb8-afb6-1bd4c5b1abd4	7a82e30f-d736-41d9-a07f-275377f8fef1.rna_seq.augmented_star_gene_counts.tsv	1b52f17d7c38f01939022c241312b877	4238530	Data Release 46.0 - August 10, 2026	2026-09-11	released	5d8c131bbff59fb0c969217fc1d44e6d1503cd1f	2021-12-13T19:21:34.192801-06:00	2024-07-30T11:11:15.574459-05:00	TRUE	4238530	2025-06-03	1b52f17d7c38f01939022c241312b877	TRUE	47835366	TRUE		TRUE	TRUE
TCGA-KIRC	discovery	TCGA-B0-4837	TCGA-B0-4837-01A	Primary Tumor	450ec77d-c822-4d53-9a2b-bd6e4b6b9a62	c655f295-56e4-4008-acf2-d58664750178.rna_seq.augmented_star_gene_counts.tsv	d1578c10f26a0142279469da03a4f938	4236794	Data Release 46.0 - August 10, 2026	2026-09-11	released	5d8c131bbff59fb0c969217fc1d44e6d1503cd1f	2021-12-13T19:27:25.259451-06:00	2024-07-30T11:14:18.306161-05:00	TRUE	4236794	2025-06-03	d1578c10f26a0142279469da03a4f938	TRUE	55085943	TRUE		TRUE	TRUE
TCGA-KIRC	discovery	TCGA-B0-4838	TCGA-B0-4838-01A	Primary Tumor	4e760e7b-84cb-42ea-9ea9-259abe362af3	4a264576-6740-4319-b96c-f9280b65429e.rna_seq.augmented_star_gene_counts.tsv	5b840db4d25ee92868c8974c756d644f	4244642	Data Release 46.0 - August 10, 2026	2026-09-11	released	5d8c131bbff59fb0c969217fc1d44e6d1503cd1f	2021-12-13T19:05:13.953359-06:00	2024-07-30T11:12:28.860056-05:00	TRUE	4244642	2025-06-03	5b840db4d25ee92868c8974c756d644f	TRUE	53425426	TRUE		TRUE	TRUE
TCGA-KIRC	discovery	TCGA-B0-4839	TCGA-B0-4839-01A	Primary Tumor	6d8bf03c-2f7c-45b1-b81c-1de9d5085960	4a818b3c-9b63-4d78-9969-38e513f46d5a.rna_seq.augmented_star_gene_counts.tsv	2aba84f1c5f1055e1ea96f8fb2f5d4e2	4226971	Data Release 46.0 - August 10, 2026	2026-09-11	released	5d8c131bbff59fb0c969217fc1d44e6d1503cd1f	2021-12-13T19:09:21.877771-06:00	2024-07-30T11:10:03.957453-05:00	TRUE	4226971	2025-06-03	2aba84f1c5f1055e1ea96f8fb2f5d4e2	TRUE	57808536	TRUE		TRUE	TRUE
TCGA-KIRC	discovery	TCGA-B0-4841	TCGA-B0-4841-01A	Primary Tumor	489b2714-26c8-4889-9ca9-378957da1a6c	2729fb2c-5d3d-42c7-b60e-8fc166e35f73.rna_seq.augmented_star_gene_counts.tsv	5cf267af0d66215bbd588040dac39ca6	4200392	Data Release 46.0 - August 10, 2026	2026-09-11	released	5d8c131bbff59fb0c969217fc1d44e6d1503cd1f	2021-12-13T19:07:28.330399-06:00	2024-07-30T10:59:39.435334-05:00	TRUE	4200392	2025-06-03	5cf267af0d66215bbd588040dac39ca6	TRUE	34194664	TRUE		TRUE	TRUE
TCGA-KIRC	discovery	TCGA-B0-4842	TCGA-B0-4842-01A	Primary Tumor	b2a87553-0fb8-4e1f-9e6e-cc0510b07c8a	1c86477f-ce4f-4848-824d-4c76c2bff39a.rna_seq.augmented_star_gene_counts.tsv	12b108f073e276240c49c98ddc2e6164	4221058	Data Release 46.0 - August 10, 2026	2026-09-11	released	5d8c131bbff59fb0c969217fc1d44e6d1503cd1f	2021-12-13T19:29:14.165190-06:00	2024-07-30T10:58:11.473496-05:00	TRUE	4221058	2025-06-03	12b108f073e276240c49c98ddc2e6164	TRUE	43947479	TRUE		TRUE	TRUE
TCGA-KIRC	discovery	TCGA-B0-4843	TCGA-B0-4843-01A	Primary Tumor	90dddb30-1084-4127-b1fe-42ccbece28d5	05df1e60-428c-4bd7-97a6-081ddeb42b64.rna_seq.augmented_star_gene_counts.tsv	245861fb0da338a98a5e1ac61b116009	4230778	Data Release 46.0 - August 10, 2026	2026-09-11	released	5d8c131bbff59fb0c969217fc1d44e6d1503cd1f	2021-12-13T19:08:21.229672-06:00	2024-07-30T10:55:48.171838-05:00	TRUE	4230778	2025-06-03	245861fb0da338a98a5e1ac61b116009	TRUE	43351383	TRUE		TRUE	TRUE
TCGA-KIRC	discovery	TCGA-B0-4844	TCGA-B0-4844-01A	Primary Tumor	05becc45-68e1-4706-a225-3a805bd7ba56	ff7cdc45-a66a-4b2c-b96c-70756f32f74b.rna_seq.augmented_star_gene_counts.tsv	dc463c1edc686dbf7edaa24a5fc3b1fc	4233011	Data Release 46.0 - August 10, 2026	2026-09-11	released	5d8c131bbff59fb0c969217fc1d44e6d1503cd1f	2021-12-13T19:20:43.401316-06:00	2024-07-30T11:03:05.836191-05:00	TRUE	4233011	2025-06-03	dc463c1edc686dbf7edaa24a5fc3b1fc	TRUE	44561038	TRUE		TRUE	TRUE
TCGA-KIRC	discovery	TCGA-B0-4845	TCGA-B0-4845-01A	Primary Tumor	633fef2c-c9ce-4b76-ae7b-0dfcc4123a6f	ba0e046d-ea06-4a64-9847-14b35eb72aee.rna_seq.augmented_star_gene_counts.tsv	bf4387c37a6fe6e05a8b3f19bb57edf2	4247048	Data Release 46.0 - August 10, 2026	2026-09-11	released	5d8c131bbff59fb0c969217fc1d44e6d1503cd1f	2021-12-13T19:07:39.342659-06:00	2024-07-30T11:06:30.681480-05:00	TRUE	4247048	2025-06-03	bf4387c37a6fe6e05a8b3f19bb57edf2	TRUE	49675243	TRUE		TRUE	TRUE
TCGA-KIRC	discovery	TCGA-B0-4846	TCGA-B0-4846-01A	Primary Tumor	396123b0-8914-42db-a9f3-4fdf987c5faf	ee899e2d-7689-4327-9886-a73160ffc702.rna_seq.augmented_star_gene_counts.tsv	dc2bb9cdca6bae0163a035e0f536e504	4249184	Data Release 46.0 - August 10, 2026	2026-09-11	released	5d8c131bbff59fb0c969217fc1d44e6d1503cd1f	2021-12-13T19:03:55.081881-06:00	2024-07-30T11:17:04.236618-05:00	TRUE	4249184	2025-06-03	dc2bb9cdca6bae0163a035e0f536e504	TRUE	58954449	TRUE		TRUE	TRUE
TCGA-KIRC	discovery	TCGA-B0-4847	TCGA-B0-4847-01A	Primary Tumor	7e74a46c-7ff4-4d46-b9a8-b10aa076f448	456fdd80-fdfa-4437-a0ba-e565c109780d.rna_seq.augmented_star_gene_counts.tsv	0bdfa7379b0ca6522e14fc6ab39b7dd2	4233165	Data Release 46.0 - August 10, 2026	2026-09-11	released	5d8c131bbff59fb0c969217fc1d44e6d1503cd1f	2021-12-13T19:25:51.213883-06:00	2024-07-30T10:53:57.138218-05:00	TRUE	4233165	2025-06-03	0bdfa7379b0ca6522e14fc6ab39b7dd2	TRUE	45055919	TRUE		TRUE	TRUE
TCGA-KIRC	discovery	TCGA-B0-4848	TCGA-B0-4848-01A	Primary Tumor	158ed2cd-7be5-4191-89b6-0d034a6426c1	84c9a188-9500-4f03-b0be-c0bdf5b2d19d.rna_seq.augmented_star_gene_counts.tsv	ba7d12cc724267a38c8b990d06cbf994	4234602	Data Release 46.0 - August 10, 2026	2026-09-11	released	5d8c131bbff59fb0c969217fc1d44e6d1503cd1f	2021-12-13T19:29:49.087261-06:00	2024-07-30T11:15:25.420677-05:00	TRUE	4234602	2025-06-03	ba7d12cc724267a38c8b990d06cbf994	TRUE	43292037	TRUE		TRUE	TRUE
TCGA-KIRC	discovery	TCGA-B0-4849	TCGA-B0-4849-01A	Primary Tumor	c8134951-c924-4789-93bc-9af9b79933cb	14ac6128-df5d-423f-859b-0299bcc4e7fc.rna_seq.augmented_star_gene_counts.tsv	2c4647a71918fd5974b59e7875692df0	4237967	Data Release 46.0 - August 10, 2026	2026-09-11	released	5d8c131bbff59fb0c969217fc1d44e6d1503cd1f	2021-12-13T19:35:27.051924-06:00	2024-07-30T10:57:53.818901-05:00	TRUE	4237967	2025-06-03	2c4647a71918fd5974b59e7875692df0	TRUE	38781141	TRUE		TRUE	TRUE
TCGA-KIRC	discovery	TCGA-B0-4852	TCGA-B0-4852-01A	Primary Tumor	3e2569b7-b145-4bda-9bdf-24105aefe42c	a7ed91c1-2933-4a5b-99a1-175fed1a2da3.rna_seq.augmented_star_gene_counts.tsv	eb6db9440486a3ab4eb291785ab40d31	4269672	Data Release 46.0 - August 10, 2026	2026-09-11	released	5d8c131bbff59fb0c969217fc1d44e6d1503cd1f	2021-12-13T19:23:13.675700-06:00	2024-07-30T11:14:05.039315-05:00	TRUE	4269672	2025-06-03	eb6db9440486a3ab4eb291785ab40d31	TRUE	96768571	TRUE		TRUE	TRUE
TCGA-KIRC	discovery	TCGA-B0-4945	TCGA-B0-4945-01A	Primary Tumor	f4e99961-1168-46bd-86cb-4c6662f5b8da	e8779dc0-fc34-4930-bc76-08c242414335.rna_seq.augmented_star_gene_counts.tsv	1fd73f8335565c46a702b794fb3b2a07	4242611	Data Release 46.0 - August 10, 2026	2026-09-11	released	5d8c131bbff59fb0c969217fc1d44e6d1503cd1f	2021-12-13T19:33:17.091507-06:00	2024-07-30T10:53:48.602771-05:00	TRUE	4242611	2025-06-03	1fd73f8335565c46a702b794fb3b2a07	TRUE	46917297	TRUE		TRUE	TRUE
TCGA-KIRC	discovery	TCGA-B0-5075	TCGA-B0-5075-01A	Primary Tumor	fae1f158-5990-4e7c-90a9-f33fe8be8753	d468fd85-1ccf-44a4-b9ea-1640137d8f62.rna_seq.augmented_star_gene_counts.tsv	51f5f1a92a52d7c22df1c55b43afe3bd	4250500	Data Release 46.0 - August 10, 2026	2026-09-11	released	5d8c131bbff59fb0c969217fc1d44e6d1503cd1f	2021-12-13T19:40:07.939250-06:00	2024-07-30T11:18:36.624960-05:00	TRUE	4250500	2025-06-03	51f5f1a92a52d7c22df1c55b43afe3bd	TRUE	78846651	TRUE		TRUE	TRUE
TCGA-KIRC	discovery	TCGA-B0-5077	TCGA-B0-5077-01A	Primary Tumor	a1f29e81-e426-4cc5-813b-fcf83a595303	43fa77f1-48e8-4d05-b726-e8cb8e2a5a37.rna_seq.augmented_star_gene_counts.tsv	0b0afa583b9815b8163c0873a56187b3	4256883	Data Release 46.0 - August 10, 2026	2026-09-11	released	5d8c131bbff59fb0c969217fc1d44e6d1503cd1f	2021-12-13T19:12:11.446541-06:00	2024-07-30T10:55:12.080721-05:00	TRUE	4256883	2025-06-03	0b0afa583b9815b8163c0873a56187b3	TRUE	72747670	TRUE		TRUE	TRUE
TCGA-KIRC	discovery	TCGA-B0-5080	TCGA-B0-5080-01A	Primary Tumor	d98b9775-6abc-48fa-a229-39442a7291d7	b5c24f07-b63c-4bcb-95a3-10a8efea960e.rna_seq.augmented_star_gene_counts.tsv	ea0adfb656fff9ad26d218617d249491	4242383	Data Release 46.0 - August 10, 2026	2026-09-11	released	5d8c131bbff59fb0c969217fc1d44e6d1503cd1f	2021-12-13T19:04:17.744578-06:00	2024-07-30T11:07:44.782237-05:00	TRUE	4242383	2025-06-03	ea0adfb656fff9ad26d218617d249491	TRUE	58228257	TRUE		TRUE	TRUE
TCGA-KIRC	discovery	TCGA-B0-5081	TCGA-B0-5081-01A	Primary Tumor	164a6eaa-7f88-4687-a7e1-b907c468766e	4b04816b-80fa-410b-95d7-9b1f815b59e7.rna_seq.augmented_star_gene_counts.tsv	51c32ad60fd5d7e0cd5e2d6f06791a5b	4254810	Data Release 46.0 - August 10, 2026	2026-09-11	released	5d8c131bbff59fb0c969217fc1d44e6d1503cd1f	2021-12-13T19:13:10.285429-06:00	2024-07-30T10:59:20.052321-05:00	TRUE	4254810	2025-06-03	51c32ad60fd5d7e0cd5e2d6f06791a5b	TRUE	76224287	TRUE		TRUE	TRUE
TCGA-KIRC	discovery	TCGA-B0-5083	TCGA-B0-5083-01A	Primary Tumor	d5c03bc2-fb49-457d-8445-f8177008554b	ffbdc67f-4167-4519-b0f3-7376413957e7.rna_seq.augmented_star_gene_counts.tsv	5213cafc0efe8814fee82a2d33632e16	4224148	Data Release 46.0 - August 10, 2026	2026-09-11	released	5d8c131bbff59fb0c969217fc1d44e6d1503cd1f	2021-12-13T19:25:06.580636-06:00	2024-07-30T10:59:52.852221-05:00	TRUE	4224148	2025-06-03	5213cafc0efe8814fee82a2d33632e16	TRUE	49400245	TRUE		TRUE	TRUE
TCGA-KIRC	discovery	TCGA-B0-5084	TCGA-B0-5084-01A	Primary Tumor	8398a735-962c-4b4c-87b6-cf1e0a07ce91	72cb55a7-9cf6-439f-8ac8-a36ca59858ea.rna_seq.augmented_star_gene_counts.tsv	856c6072ebcfa50fbff50fc2e974a896	4248827	Data Release 46.0 - August 10, 2026	2026-09-11	released	5d8c131bbff59fb0c969217fc1d44e6d1503cd1f	2021-12-13T19:12:41.277908-06:00	2024-07-30T11:06:06.150786-05:00	TRUE	4248827	2025-06-03	856c6072ebcfa50fbff50fc2e974a896	TRUE	65702096	TRUE		TRUE	TRUE
TCGA-KIRC	discovery	TCGA-B0-5085	TCGA-B0-5085-01A	Primary Tumor	915bec49-700e-44fc-af01-e96ab507aab3	3e8b587b-10c9-4e13-b4b9-c10dc8239ff8.rna_seq.augmented_star_gene_counts.tsv	1681a32ab92dfc3ee17f107ee59e2b8c	4235856	Data Release 46.0 - August 10, 2026	2026-09-11	released	5d8c131bbff59fb0c969217fc1d44e6d1503cd1f	2021-12-13T19:37:03.466269-06:00	2024-07-30T11:14:20.807660-05:00	TRUE	4235856	2025-06-03	1681a32ab92dfc3ee17f107ee59e2b8c	TRUE	58270244	TRUE		TRUE	TRUE
TCGA-KIRC	discovery	TCGA-B0-5088	TCGA-B0-5088-01A	Primary Tumor	52258ebc-d3ba-4795-83c9-6457386fea2b	4ab7d102-f5eb-4922-be66-9b516bebaf0a.rna_seq.augmented_star_gene_counts.tsv	5edb1e6e13001e9a285fbac3c6e23860	4250513	Data Release 46.0 - August 10, 2026	2026-09-11	released	5d8c131bbff59fb0c969217fc1d44e6d1503cd1f	2021-12-13T19:03:32.769558-06:00	2024-07-30T10:58:22.564852-05:00	TRUE	4250513	2025-06-03	5edb1e6e13001e9a285fbac3c6e23860	TRUE	67765688	TRUE		TRUE	TRUE
TCGA-KIRC	discovery	TCGA-B0-5092	TCGA-B0-5092-01A	Primary Tumor	db99b502-b286-4b36-a0a5-28b6b413b81a	eaa703f3-b044-4ee4-a3ea-61b1b41c35fb.rna_seq.augmented_star_gene_counts.tsv	25ca40ebb48bcdead6e9fe6ecdb2c872	4245417	Data Release 46.0 - August 10, 2026	2026-09-11	released	5d8c131bbff59fb0c969217fc1d44e6d1503cd1f	2021-12-13T19:42:36.291239-06:00	2024-07-30T11:03:04.617240-05:00	TRUE	4245417	2025-06-03	25ca40ebb48bcdead6e9fe6ecdb2c872	TRUE	47939408	TRUE		TRUE	TRUE
TCGA-KIRC	discovery	TCGA-B0-5094	TCGA-B0-5094-01A	Primary Tumor	c830413d-ad40-4e2a-b2a5-56407eed5ca3	8a72f375-c293-436a-b03c-24d2e2e134a1.rna_seq.augmented_star_gene_counts.tsv	08fc598d06862e21c594d46e9a7b87c8	4251073	Data Release 46.0 - August 10, 2026	2026-09-11	released	5d8c131bbff59fb0c969217fc1d44e6d1503cd1f	2021-12-13T19:11:43.280916-06:00	2024-07-30T10:57:55.058740-05:00	TRUE	4251073	2025-06-03	08fc598d06862e21c594d46e9a7b87c8	TRUE	62633436	TRUE		TRUE	TRUE
TCGA-KIRC	discovery	TCGA-B0-5095	TCGA-B0-5095-01A	Primary Tumor	77cfb44f-6e99-4c0b-bd54-6ab249fd54ef	65dac5c8-ea5a-4ba4-932f-bf60a83cbe86.rna_seq.augmented_star_gene_counts.tsv	c0ba213ae8eacd7bfa31c41000c5f7e3	4249237	Data Release 46.0 - August 10, 2026	2026-09-11	released	5d8c131bbff59fb0c969217fc1d44e6d1503cd1f	2021-12-13T19:05:04.389395-06:00	2024-07-30T10:54:45.597365-05:00	TRUE	4249237	2025-06-03	c0ba213ae8eacd7bfa31c41000c5f7e3	TRUE	51880206	TRUE		TRUE	TRUE
TCGA-KIRC	discovery	TCGA-B0-5096	TCGA-B0-5096-01A	Primary Tumor	d4afe781-4959-40a7-8556-b60a150ea6b0	bd753feb-44bd-42a7-925f-397159aaec9f.rna_seq.augmented_star_gene_counts.tsv	b7331ea0ec27ae4277d8479eb7b68a34	4230287	Data Release 46.0 - August 10, 2026	2026-09-11	released	5d8c131bbff59fb0c969217fc1d44e6d1503cd1f	2021-12-13T19:38:59.293371-06:00	2024-07-30T10:58:47.079776-05:00	TRUE	4230287	2025-06-03	b7331ea0ec27ae4277d8479eb7b68a34	TRUE	49463284	TRUE		FALSE	FALSE
TCGA-KIRC	discovery	TCGA-B0-5097	TCGA-B0-5097-01A	Primary Tumor	421291fd-adda-42ab-8574-209da13d33a6	12ebe3f6-41f7-4239-a6b5-325c33468eca.rna_seq.augmented_star_gene_counts.tsv	af06925009a343343655d5f1f3609b1e	4239579	Data Release 46.0 - August 10, 2026	2026-09-11	released	5d8c131bbff59fb0c969217fc1d44e6d1503cd1f	2021-12-13T19:16:20.199123-06:00	2024-07-30T10:55:25.185010-05:00	TRUE	4239579	2025-06-03	af06925009a343343655d5f1f3609b1e	TRUE	54730936	TRUE		TRUE	TRUE
TCGA-KIRC	discovery	TCGA-B0-5098	TCGA-B0-5098-01A	Primary Tumor	b59e21e2-af42-41ff-9423-0b3b0af05ccd	6f249b59-5a06-4397-8528-fe207be7a2f2.rna_seq.augmented_star_gene_counts.tsv	f175814884ab591925ff32907b853fe3	4255774	Data Release 46.0 - August 10, 2026	2026-09-11	released	5d8c131bbff59fb0c969217fc1d44e6d1503cd1f	2021-12-13T19:24:11.352425-06:00	2024-07-30T11:05:23.925650-05:00	TRUE	4255774	2025-06-03	f175814884ab591925ff32907b853fe3	TRUE	67734277	TRUE		TRUE	TRUE
TCGA-KIRC	discovery	TCGA-B0-5099	TCGA-B0-5099-01A	Primary Tumor	ace1e7fa-7e2f-4bcc-a2cb-afb7f321ec1d	3ea7f9db-1aa9-4092-9761-b17df393ecf9.rna_seq.augmented_star_gene_counts.tsv	51d61f0f695548b6b5b3a752649fdaf1	4244760	Data Release 46.0 - August 10, 2026	2026-09-11	released	5d8c131bbff59fb0c969217fc1d44e6d1503cd1f	2021-12-13T19:39:49.505322-06:00	2024-07-30T11:17:55.999151-05:00	TRUE	4244760	2025-06-03	51d61f0f695548b6b5b3a752649fdaf1	TRUE	57246449	TRUE		TRUE	TRUE
TCGA-KIRC	discovery	TCGA-B0-5100	TCGA-B0-5100-01A	Primary Tumor	996511b1-d236-4060-a307-81557721cfe5	21e626a0-d885-475a-9ce0-51d00300cd7e.rna_seq.augmented_star_gene_counts.tsv	50f854006f825c9aa6c14439c9e272fa	4240211	Data Release 46.0 - August 10, 2026	2026-09-11	released	5d8c131bbff59fb0c969217fc1d44e6d1503cd1f	2021-12-13T19:10:00.614807-06:00	2024-07-30T11:12:12.718474-05:00	TRUE	4240211	2025-06-03	50f854006f825c9aa6c14439c9e272fa	TRUE	53214537	TRUE		TRUE	TRUE
TCGA-KIRC	discovery	TCGA-B0-5102	TCGA-B0-5102-01A	Primary Tumor	343ba69a-e983-4966-9084-3bf576a08701	e4f0b08d-a91e-4adb-ba40-b91047da3a33.rna_seq.augmented_star_gene_counts.tsv	f5d5f540de4e0f850c815996a2bf38ec	4245492	Data Release 46.0 - August 10, 2026	2026-09-11	released	5d8c131bbff59fb0c969217fc1d44e6d1503cd1f	2021-12-13T19:04:04.014607-06:00	2024-07-30T11:16:27.885185-05:00	TRUE	4245492	2025-06-03	f5d5f540de4e0f850c815996a2bf38ec	TRUE	65502770	TRUE		TRUE	TRUE
TCGA-KIRC	discovery	TCGA-B0-5106	TCGA-B0-5106-01A	Primary Tumor	f4fbf55a-1a2a-458e-9223-921e2dc9352e	ceaa441a-68be-499e-8ff5-9b4187c9e1ae.rna_seq.augmented_star_gene_counts.tsv	5720fcd12d534c6c59d63645bca60994	4247231	Data Release 46.0 - August 10, 2026	2026-09-11	released	5d8c131bbff59fb0c969217fc1d44e6d1503cd1f	2021-12-13T19:11:25.722521-06:00	2024-07-30T11:05:01.931837-05:00	TRUE	4247231	2025-06-03	5720fcd12d534c6c59d63645bca60994	TRUE	54200372	TRUE		TRUE	TRUE
TCGA-KIRC	discovery	TCGA-B0-5107	TCGA-B0-5107-01A	Primary Tumor	d07320f0-36a4-4dab-83bb-faaaf21a2bcb	f9d2e820-d505-4140-a3a4-d5075538640d.rna_seq.augmented_star_gene_counts.tsv	0d20450465b350ca9c0f74dda49fb77c	4238723	Data Release 46.0 - August 10, 2026	2026-09-11	released	5d8c131bbff59fb0c969217fc1d44e6d1503cd1f	2021-12-13T19:05:43.903774-06:00	2024-07-30T11:10:14.037965-05:00	TRUE	4238723	2025-06-03	0d20450465b350ca9c0f74dda49fb77c	TRUE	52929173	TRUE		TRUE	TRUE
TCGA-KIRC	discovery	TCGA-B0-5108	TCGA-B0-5108-01A	Primary Tumor	53a4f1ae-7669-4580-b054-0a5b58e76520	93e371ff-7d30-46fc-bd9a-23cf8db80cb8.rna_seq.augmented_star_gene_counts.tsv	ac34b5864817dc211d24781c445aa83d	4246480	Data Release 46.0 - August 10, 2026	2026-09-11	released	5d8c131bbff59fb0c969217fc1d44e6d1503cd1f	2021-12-13T19:30:12.337626-06:00	2024-07-30T10:58:50.558232-05:00	TRUE	4246480	2025-06-03	ac34b5864817dc211d24781c445aa83d	TRUE	61294700	TRUE		TRUE	TRUE
TCGA-KIRC	discovery	TCGA-B0-5109	TCGA-B0-5109-01A	Primary Tumor	5474fa69-b83c-44b9-8e1b-1b16406a42ed	ffc8654f-1fef-49cf-ab0e-004b87fba769.rna_seq.augmented_star_gene_counts.tsv	0a87b4abc08913408e2a124a1af9674b	4242236	Data Release 46.0 - August 10, 2026	2026-09-11	released	5d8c131bbff59fb0c969217fc1d44e6d1503cd1f	2021-12-13T19:38:16.082587-06:00	2024-07-30T11:15:38.032279-05:00	TRUE	4242236	2025-06-03	0a87b4abc08913408e2a124a1af9674b	TRUE	54732787	TRUE		TRUE	TRUE
TCGA-KIRC	discovery	TCGA-B0-5110	TCGA-B0-5110-01A	Primary Tumor	a34f90d2-32b4-44e7-a820-07f3d48823ce	862104a6-f318-4617-8ddb-72c767394ce5.rna_seq.augmented_star_gene_counts.tsv	3df4a704829daa273d9a9de3b1e23fd4	4245380	Data Release 46.0 - August 10, 2026	2026-09-11	released	5d8c131bbff59fb0c969217fc1d44e6d1503cd1f	2021-12-13T19:24:02.446468-06:00	2024-07-30T10:54:35.342196-05:00	TRUE	4245380	2025-06-03	3df4a704829daa273d9a9de3b1e23fd4	TRUE	53875560	TRUE		TRUE	TRUE
TCGA-KIRC	discovery	TCGA-B0-5113	TCGA-B0-5113-01A	Primary Tumor	ff07dd5a-7b2d-47ed-8a6b-400b3c5c8db4	933f8daa-9246-46b6-a568-6391ae0259e0.rna_seq.augmented_star_gene_counts.tsv	47349947f3084e2dc6b98c65bcb476ad	4251674	Data Release 46.0 - August 10, 2026	2026-09-11	released	5d8c131bbff59fb0c969217fc1d44e6d1503cd1f	2021-12-13T19:17:43.949251-06:00	2024-07-30T11:18:54.746121-05:00	TRUE	4251674	2025-06-03	47349947f3084e2dc6b98c65bcb476ad	TRUE	63906571	TRUE		TRUE	TRUE
TCGA-KIRC	discovery	TCGA-B0-5115	TCGA-B0-5115-01A	Primary Tumor	8d2de4ab-6e9a-40e6-b9ec-8c3c78e7f19c	cc7fca3c-f2a0-4cfd-9572-3d25e2897025.rna_seq.augmented_star_gene_counts.tsv	01a8c6aaf64f761499fd6865ddaf2910	4252466	Data Release 46.0 - August 10, 2026	2026-09-11	released	5d8c131bbff59fb0c969217fc1d44e6d1503cd1f	2021-12-13T19:11:20.607156-06:00	2024-07-30T11:08:17.552595-05:00	TRUE	4252466	2025-06-03	01a8c6aaf64f761499fd6865ddaf2910	TRUE	60332187	TRUE		TRUE	TRUE
TCGA-KIRC	discovery	TCGA-B0-5116	TCGA-B0-5116-01A	Primary Tumor	83300c43-0958-4165-99cf-e956cb47d38b	0f056a98-454e-41cf-8cb1-0b280b0b8b24.rna_seq.augmented_star_gene_counts.tsv	977a68ffc23ef0d4d36a3affaf405381	4234508	Data Release 46.0 - August 10, 2026	2026-09-11	released	5d8c131bbff59fb0c969217fc1d44e6d1503cd1f	2021-12-13T19:06:18.879377-06:00	2024-07-30T11:14:46.505063-05:00	TRUE	4234508	2025-06-03	977a68ffc23ef0d4d36a3affaf405381	TRUE	58939072	TRUE		TRUE	TRUE
TCGA-KIRC	discovery	TCGA-B0-5117	TCGA-B0-5117-01A	Primary Tumor	cdc162f6-6ee3-45bb-a764-88458b87bf7b	3a5ade10-5fb5-402a-9223-2b4172caf99f.rna_seq.augmented_star_gene_counts.tsv	eefae2917958dda5830ee592117c3663	4220549	Data Release 46.0 - August 10, 2026	2026-09-11	released	5d8c131bbff59fb0c969217fc1d44e6d1503cd1f	2021-12-13T19:06:56.602590-06:00	2024-07-30T11:08:07.773286-05:00	TRUE	4220549	2025-06-03	eefae2917958dda5830ee592117c3663	TRUE	53308486	TRUE		TRUE	FALSE
TCGA-KIRC	discovery	TCGA-B0-5119	TCGA-B0-5119-01A	Primary Tumor	512aef07-f542-4aa6-b3e6-8f74ae1ce224	aa29ee77-4fa4-47ef-aadf-b277ba908c98.rna_seq.augmented_star_gene_counts.tsv	4c203d300b0be29e56a1701ad9c8b68e	4241424	Data Release 46.0 - August 10, 2026	2026-09-11	released	5d8c131bbff59fb0c969217fc1d44e6d1503cd1f	2021-12-13T19:28:27.280625-06:00	2024-07-30T11:03:10.915218-05:00	TRUE	4241424	2025-06-03	4c203d300b0be29e56a1701ad9c8b68e	TRUE	57781558	TRUE		TRUE	TRUE
TCGA-KIRC	discovery	TCGA-B0-5120	TCGA-B0-5120-01A	Primary Tumor	a7ce93ac-964a-4d4e-980a-7fb987bf58b7	8135269e-d063-415d-b778-8288dee66cd1.rna_seq.augmented_star_gene_counts.tsv	edd6e4aeb072bf23f89ad51f68d7f3b8	4246046	Data Release 46.0 - August 10, 2026	2026-09-11	released	5d8c131bbff59fb0c969217fc1d44e6d1503cd1f	2021-12-13T19:26:23.197667-06:00	2024-07-30T11:01:46.413460-05:00	TRUE	4246046	2025-06-03	edd6e4aeb072bf23f89ad51f68d7f3b8	TRUE	57964760	TRUE		TRUE	TRUE
TCGA-KIRC	discovery	TCGA-B0-5121	TCGA-B0-5121-01A	Primary Tumor	cbe040e0-9ed9-4af4-a177-392a0b63a40b	b7638728-f287-4ec3-a3c7-a78b1f8825e0.rna_seq.augmented_star_gene_counts.tsv	25a2bb74f5b49555ab17a0e6b346fb36	4237168	Data Release 46.0 - August 10, 2026	2026-09-11	released	5d8c131bbff59fb0c969217fc1d44e6d1503cd1f	2021-12-13T19:28:36.976394-06:00	2024-07-30T10:57:57.623114-05:00	TRUE	4237168	2025-06-03	25a2bb74f5b49555ab17a0e6b346fb36	TRUE	70148439	TRUE		TRUE	TRUE
TCGA-KIRC	discovery	TCGA-B0-5399	TCGA-B0-5399-01A	Primary Tumor	6a1c052c-21bb-4688-96db-3d605b0fa93a	0d2c3895-1674-4653-822f-2ab67d02a3b9.rna_seq.augmented_star_gene_counts.tsv	92cc4b5b431e5ffb9900c251d0890259	4251515	Data Release 46.0 - August 10, 2026	2026-09-11	released	5d8c131bbff59fb0c969217fc1d44e6d1503cd1f	2021-12-13T19:35:41.905433-06:00	2024-07-30T11:07:30.730290-05:00	TRUE	4251515	2025-06-03	92cc4b5b431e5ffb9900c251d0890259	TRUE	58771782	TRUE		TRUE	TRUE
TCGA-KIRC	discovery	TCGA-B0-5400	TCGA-B0-5400-01A	Primary Tumor	d6a8b3be-0ea5-4d4f-bf62-27ec684d4705	21aaa4c9-e933-4e64-b3d9-8d2d1b9a9ea6.rna_seq.augmented_star_gene_counts.tsv	cbe772260992e02926bb75bb5876568a	4235816	Data Release 46.0 - August 10, 2026	2026-09-11	released	5d8c131bbff59fb0c969217fc1d44e6d1503cd1f	2021-12-13T19:18:53.277065-06:00	2024-07-30T11:05:10.538256-05:00	TRUE	4235816	2025-06-03	cbe772260992e02926bb75bb5876568a	TRUE	57147597	TRUE		TRUE	TRUE
TCGA-KIRC	discovery	TCGA-B0-5402	TCGA-B0-5402-01A	Primary Tumor	7b3da303-63a6-4bd7-ab94-cf6e38dfe1e0	311272c7-bfd6-470e-a108-854c7f30576f.rna_seq.augmented_star_gene_counts.tsv	c7a8f232e491b21894624f89acdfbd4d	4251260	Data Release 46.0 - August 10, 2026	2026-09-11	released	5d8c131bbff59fb0c969217fc1d44e6d1503cd1f	2021-12-13T19:30:58.565651-06:00	2024-07-30T11:13:17.241828-05:00	TRUE	4251260	2025-06-03	c7a8f232e491b21894624f89acdfbd4d	TRUE	77306834	TRUE		TRUE	TRUE
TCGA-KIRC	discovery	TCGA-B0-5690	TCGA-B0-5690-01A	Primary Tumor	e44dbaa1-6ef0-48ba-bf0f-3cfa502cbd14	61b5d1b4-7126-4b3d-b469-7a532f55f61c.rna_seq.augmented_star_gene_counts.tsv	614056dbb7506ac0ba03391e8f119346	4240702	Data Release 46.0 - August 10, 2026	2026-09-11	released	5d8c131bbff59fb0c969217fc1d44e6d1503cd1f	2021-12-13T19:41:12.116032-06:00	2024-07-30T11:18:00.901798-05:00	TRUE	4240702	2025-06-03	614056dbb7506ac0ba03391e8f119346	TRUE	53858454	TRUE		TRUE	TRUE
TCGA-KIRC	discovery	TCGA-B0-5691	TCGA-B0-5691-01A	Primary Tumor	b43e8a88-6ed9-4a7a-ade7-91f340ad5465	b25c28e1-8e51-4708-92e7-19f323ff7799.rna_seq.augmented_star_gene_counts.tsv	2562110edc6faf3ed2efebba482bd07c	4235289	Data Release 46.0 - August 10, 2026	2026-09-11	released	5d8c131bbff59fb0c969217fc1d44e6d1503cd1f	2021-12-13T19:25:16.727648-06:00	2024-07-30T10:59:18.844516-05:00	TRUE	4235289	2025-06-03	2562110edc6faf3ed2efebba482bd07c	TRUE	36955173	TRUE		TRUE	TRUE
TCGA-KIRC	discovery	TCGA-B0-5692	TCGA-B0-5692-01A	Primary Tumor	a379934c-2794-4a0f-b9f2-f029aa938f35	80a4a852-fbcf-43da-b67a-c65683d33c54.rna_seq.augmented_star_gene_counts.tsv	bd1018c276a2d922e7cc41cd0b52fa8a	4237764	Data Release 46.0 - August 10, 2026	2026-09-11	released	5d8c131bbff59fb0c969217fc1d44e6d1503cd1f	2021-12-13T19:14:58.198598-06:00	2024-07-30T11:06:33.112525-05:00	TRUE	4237764	2025-06-03	bd1018c276a2d922e7cc41cd0b52fa8a	TRUE	52894683	TRUE		TRUE	TRUE
TCGA-KIRC	discovery	TCGA-B0-5693	TCGA-B0-5693-01A	Primary Tumor	192e08f8-1c39-462a-8762-7e2c7f4d5eb0	28be9b76-f97a-467d-a4dd-0b511523dde4.rna_seq.augmented_star_gene_counts.tsv	75854084f2ab92211fe98cb91c9741fe	4240522	Data Release 46.0 - August 10, 2026	2026-09-11	released	5d8c131bbff59fb0c969217fc1d44e6d1503cd1f	2021-12-13T19:37:50.364484-06:00	2024-07-30T10:55:41.988911-05:00	TRUE	4240522	2025-06-03	75854084f2ab92211fe98cb91c9741fe	TRUE	51589207	TRUE		TRUE	TRUE
TCGA-KIRC	discovery	TCGA-B0-5694	TCGA-B0-5694-01A	Primary Tumor	24f33eec-e332-4d33-a628-a366f2a18d52	071098de-0fcd-4155-a735-5dbcc0054e6b.rna_seq.augmented_star_gene_counts.tsv	c004f2994d1b2e949cbccc418bcf77c3	4226516	Data Release 46.0 - August 10, 2026	2026-09-11	released	5d8c131bbff59fb0c969217fc1d44e6d1503cd1f	2021-12-13T19:16:01.158799-06:00	2024-07-30T11:01:27.019952-05:00	TRUE	4226516	2025-06-03	c004f2994d1b2e949cbccc418bcf77c3	TRUE	40861650	TRUE		TRUE	TRUE
TCGA-KIRC	discovery	TCGA-B0-5695	TCGA-B0-5695-01A	Primary Tumor	a3cac4bf-4b70-4fc8-b0a5-8bda5b6d405c	9642c424-4dca-4f0a-b513-059748247045.rna_seq.augmented_star_gene_counts.tsv	fb766dec7c165e48292f10f95e9653bf	4245813	Data Release 46.0 - August 10, 2026	2026-09-11	released	5d8c131bbff59fb0c969217fc1d44e6d1503cd1f	2021-12-13T19:14:27.287023-06:00	2024-07-30T10:54:23.080156-05:00	TRUE	4245813	2025-06-03	fb766dec7c165e48292f10f95e9653bf	TRUE	69820624	TRUE		TRUE	TRUE
TCGA-KIRC	discovery	TCGA-B0-5696	TCGA-B0-5696-01A	Primary Tumor	1e1f9cde-c6e0-4925-944f-12d354ef858e	9369d3f6-e196-49a8-b42c-68a29c637425.rna_seq.augmented_star_gene_counts.tsv	ece2713e6d18e20359454f97418a6ad4	4238541	Data Release 46.0 - August 10, 2026	2026-09-11	released	5d8c131bbff59fb0c969217fc1d44e6d1503cd1f	2021-12-13T19:24:01.151067-06:00	2024-07-30T11:09:07.319198-05:00	TRUE	4238541	2025-06-03	ece2713e6d18e20359454f97418a6ad4	TRUE	63238915	TRUE		TRUE	TRUE
TCGA-KIRC	discovery	TCGA-B0-5697	TCGA-B0-5697-01A	Primary Tumor	98ca487a-a503-459a-8665-11a3caf8bce5	e7face74-33fc-4183-ac7f-d38af1dbc54b.rna_seq.augmented_star_gene_counts.tsv	394b3f9b20312c500f50aede839e1a92	4250348	Data Release 46.0 - August 10, 2026	2026-09-11	released	5d8c131bbff59fb0c969217fc1d44e6d1503cd1f	2021-12-13T19:40:03.281492-06:00	2024-07-30T11:13:45.217667-05:00	TRUE	4250348	2025-06-03	394b3f9b20312c500f50aede839e1a92	TRUE	69199994	TRUE		TRUE	TRUE
TCGA-KIRC	discovery	TCGA-B0-5698	TCGA-B0-5698-01A	Primary Tumor	02669516-0c84-46b4-9ff1-ab147ff1ddcc	5adfce9d-f650-4dd3-8382-28e475427cd1.rna_seq.augmented_star_gene_counts.tsv	7c5bcdba0d1186840a6c3d1e16a0bcc1	4243660	Data Release 46.0 - August 10, 2026	2026-09-11	released	5d8c131bbff59fb0c969217fc1d44e6d1503cd1f	2021-12-13T19:03:35.765966-06:00	2024-07-30T10:59:23.274343-05:00	TRUE	4243660	2025-06-03	7c5bcdba0d1186840a6c3d1e16a0bcc1	TRUE	66081449	TRUE		TRUE	TRUE
TCGA-KIRC	discovery	TCGA-B0-5699	TCGA-B0-5699-01A	Primary Tumor	d99b2ce2-38a1-4d13-b8dd-7db33bfd360a	53daf7ed-88a6-4891-839c-71f5dbfd7694.rna_seq.augmented_star_gene_counts.tsv	5ac74f75160eeb8d952fc891370b316a	4245193	Data Release 46.0 - August 10, 2026	2026-09-11	released	5d8c131bbff59fb0c969217fc1d44e6d1503cd1f	2021-12-13T19:43:20.424652-06:00	2024-07-30T11:07:39.678684-05:00	TRUE	4245193	2025-06-03	5ac74f75160eeb8d952fc891370b316a	TRUE	59699135	TRUE		TRUE	TRUE
TCGA-KIRC	discovery	TCGA-B0-5700	TCGA-B0-5700-01A	Primary Tumor	378d47c4-4eda-40d5-ae71-6601a9e63191	094e72f9-a3fe-48bb-90f8-9ad0f7a40afa.rna_seq.augmented_star_gene_counts.tsv	84c6a905783eff455094c7b18db7aa8a	4225817	Data Release 46.0 - August 10, 2026	2026-09-11	released	5d8c131bbff59fb0c969217fc1d44e6d1503cd1f	2021-12-13T19:39:55.291795-06:00	2024-07-30T10:55:55.138518-05:00	TRUE	4225817	2025-06-03	84c6a905783eff455094c7b18db7aa8a	TRUE	42730768	TRUE		TRUE	TRUE
TCGA-KIRC	discovery	TCGA-B0-5701	TCGA-B0-5701-01A	Primary Tumor	f478aca9-1fb9-4ef3-9c03-1bd592b2b1f7	6740a692-f136-4f79-9a7f-d1f5114a247e.rna_seq.augmented_star_gene_counts.tsv	a9c26c11ea77a45c7c95279d4b7be13f	4227339	Data Release 46.0 - August 10, 2026	2026-09-11	released	5d8c131bbff59fb0c969217fc1d44e6d1503cd1f	2021-12-13T19:24:36.249596-06:00	2024-07-30T10:59:16.271430-05:00	TRUE	4227339	2025-06-03	a9c26c11ea77a45c7c95279d4b7be13f	TRUE	38154618	TRUE		TRUE	TRUE
TCGA-KIRC	discovery	TCGA-B0-5702	TCGA-B0-5702-01A	Primary Tumor	134f1661-5f67-4184-bab4-bc9c6f80c789	5d56bce7-d006-4a7c-aeb3-c99302c41b23.rna_seq.augmented_star_gene_counts.tsv	b1989d578c0b876c1285f4f56e374ca6	4199656	Data Release 46.0 - August 10, 2026	2026-09-11	released	5d8c131bbff59fb0c969217fc1d44e6d1503cd1f	2021-12-13T19:03:43.869389-06:00	2024-07-30T11:04:05.431052-05:00	TRUE	4199656	2025-06-03	b1989d578c0b876c1285f4f56e374ca6	TRUE	20646971	TRUE		TRUE	FALSE
TCGA-KIRC	discovery	TCGA-B0-5703	TCGA-B0-5703-01A	Primary Tumor	cc8c7c7e-a682-43ca-af76-08b49bf3512a	8e794306-7ade-4081-b98a-3e577dc3a85c.rna_seq.augmented_star_gene_counts.tsv	c47ce0baebe37da26c913e7b9dcde717	4228801	Data Release 46.0 - August 10, 2026	2026-09-11	released	5d8c131bbff59fb0c969217fc1d44e6d1503cd1f	2021-12-13T19:34:30.374813-06:00	2024-07-30T11:09:21.817529-05:00	TRUE	4228801	2025-06-03	c47ce0baebe37da26c913e7b9dcde717	TRUE	47537991	TRUE		TRUE	TRUE
TCGA-KIRC	discovery	TCGA-B0-5705	TCGA-B0-5705-01A	Primary Tumor	3f5f2871-02ed-48d4-9d26-e4fe823c7df0	529f4ec4-a6e5-4fad-a00a-75d2f060b356.rna_seq.augmented_star_gene_counts.tsv	92375ac92f742af4080e556515452432	4244915	Data Release 46.0 - August 10, 2026	2026-09-11	released	5d8c131bbff59fb0c969217fc1d44e6d1503cd1f	2021-12-13T19:27:01.724738-06:00	2024-07-30T11:13:46.358223-05:00	TRUE	4244915	2025-06-03	92375ac92f742af4080e556515452432	TRUE	71115510	TRUE		TRUE	TRUE
TCGA-KIRC	discovery	TCGA-B0-5706	TCGA-B0-5706-01A	Primary Tumor	7a16bbe0-eed5-45f2-8400-8874924a6eda	d278e333-b5e0-4ce8-9511-6c31d29c8957.rna_seq.augmented_star_gene_counts.tsv	c26189706ec06be691b989635c9d744f	4206578	Data Release 46.0 - August 10, 2026	2026-09-11	released	5d8c131bbff59fb0c969217fc1d44e6d1503cd1f	2021-12-13T19:43:44.706541-06:00	2024-07-30T11:11:43.641571-05:00	TRUE	4206578	2025-06-03	c26189706ec06be691b989635c9d744f	TRUE	23603106	TRUE		TRUE	TRUE
TCGA-KIRC	discovery	TCGA-B0-5707	TCGA-B0-5707-01A	Primary Tumor	b3ec1f99-73cb-4414-b6b2-c075dc3b5589	3a500794-25b1-423f-b3a3-a3830e82b1ca.rna_seq.augmented_star_gene_counts.tsv	dbcf04028134910d1ffccca19c974caa	4234925	Data Release 46.0 - August 10, 2026	2026-09-11	released	5d8c131bbff59fb0c969217fc1d44e6d1503cd1f	2021-12-13T19:41:01.843449-06:00	2024-07-30T10:55:27.449786-05:00	TRUE	4234925	2025-06-03	dbcf04028134910d1ffccca19c974caa	TRUE	45971717	TRUE		TRUE	TRUE
TCGA-KIRC	discovery	TCGA-B0-5709	TCGA-B0-5709-01A	Primary Tumor	4f836d31-425e-43d4-8052-5e4a1d770efd	83c40f12-7f21-4198-8912-831f7e7338ff.rna_seq.augmented_star_gene_counts.tsv	deada1aa43c50feb1fd62e657180747a	4250561	Data Release 46.0 - August 10, 2026	2026-09-11	released	5d8c131bbff59fb0c969217fc1d44e6d1503cd1f	2021-12-13T19:09:39.110664-06:00	2024-07-30T11:10:16.443991-05:00	TRUE	4250561	2025-06-03	deada1aa43c50feb1fd62e657180747a	TRUE	67776098	TRUE		TRUE	TRUE
TCGA-KIRC	discovery	TCGA-B0-5710	TCGA-B0-5710-01A	Primary Tumor	1a351079-31b5-4080-a03d-62ea7065d7a8	392b3f33-b57d-4751-a01c-4d6748106917.rna_seq.augmented_star_gene_counts.tsv	52f429b0f3a6e43ad932ef5395f14424	4240117	Data Release 46.0 - August 10, 2026	2026-09-11	released	5d8c131bbff59fb0c969217fc1d44e6d1503cd1f	2021-12-13T19:07:17.333213-06:00	2024-07-30T11:03:22.438138-05:00	TRUE	4240117	2025-06-03	52f429b0f3a6e43ad932ef5395f14424	TRUE	55863127	TRUE		TRUE	TRUE
TCGA-KIRC	discovery	TCGA-B0-5711	TCGA-B0-5711-01A	Primary Tumor	114e63e4-03a5-409e-835f-afa8af005d03	7dd55f05-23aa-407f-8214-5584d1130569.rna_seq.augmented_star_gene_counts.tsv	b0338351a944121e8812a35d7e60dd18	4241529	Data Release 46.0 - August 10, 2026	2026-09-11	released	5d8c131bbff59fb0c969217fc1d44e6d1503cd1f	2021-12-13T19:43:16.496017-06:00	2024-07-30T11:15:17.955425-05:00	TRUE	4241529	2025-06-03	b0338351a944121e8812a35d7e60dd18	TRUE	60133608	TRUE		TRUE	TRUE
TCGA-KIRC	discovery	TCGA-B0-5712	TCGA-B0-5712-01A	Primary Tumor	9ea5c78a-10b6-4e76-a588-4a169817d01c	e11d7b56-c167-4239-804f-bd182a1af98d.rna_seq.augmented_star_gene_counts.tsv	ac440a9a267e0f5330ea266108e57e7c	4239973	Data Release 46.0 - August 10, 2026	2026-09-11	released	5d8c131bbff59fb0c969217fc1d44e6d1503cd1f	2021-12-13T19:29:59.338684-06:00	2024-07-30T10:54:58.957975-05:00	TRUE	4239973	2025-06-03	ac440a9a267e0f5330ea266108e57e7c	TRUE	60866603	TRUE		TRUE	TRUE
TCGA-KIRC	discovery	TCGA-B0-5713	TCGA-B0-5713-01A	Primary Tumor	6304f098-1ae4-4c6c-93c7-ac5b15b307a7	fb231a6f-eb93-4dce-b4cd-9f06bbe05911.rna_seq.augmented_star_gene_counts.tsv	246d85e697ccfd6a7d1246bd608279f9	4242820	Data Release 46.0 - August 10, 2026	2026-09-11	released	5d8c131bbff59fb0c969217fc1d44e6d1503cd1f	2021-12-13T19:20:33.561996-06:00	2024-07-30T11:17:36.718258-05:00	TRUE	4242820	2025-06-03	246d85e697ccfd6a7d1246bd608279f9	TRUE	61708914	TRUE		TRUE	TRUE
TCGA-KIRC	discovery	TCGA-B0-5812	TCGA-B0-5812-01A	Primary Tumor	adfade14-1572-4e3a-b4eb-64de445b9678	7906f763-5dfc-4fd7-9a97-75dc86840c89.rna_seq.augmented_star_gene_counts.tsv	4ad7edcd1320f6a917b2a07b21750253	4246305	Data Release 46.0 - August 10, 2026	2026-09-11	released	5d8c131bbff59fb0c969217fc1d44e6d1503cd1f	2021-12-13T19:09:26.055685-06:00	2024-07-30T11:03:16.073899-05:00	TRUE	4246305	2025-06-03	4ad7edcd1320f6a917b2a07b21750253	TRUE	64203895	TRUE		TRUE	TRUE
TCGA-KIRC	discovery	TCGA-B2-3923	TCGA-B2-3923-01A	Primary Tumor	2b393323-81e3-49e2-9acd-18eb8ab0c563	d96fc441-a213-4f24-b2b1-a23d63883532.rna_seq.augmented_star_gene_counts.tsv	1ad92ea205ed7df4163dfe60ad5e57df	4229140	Data Release 46.0 - August 10, 2026	2026-09-11	released	5d8c131bbff59fb0c969217fc1d44e6d1503cd1f	2021-12-13T19:40:11.094009-06:00	2024-07-30T11:04:54.276528-05:00	TRUE	4229140	2025-06-03	1ad92ea205ed7df4163dfe60ad5e57df	TRUE	46492604	TRUE		TRUE	FALSE
TCGA-KIRC	discovery	TCGA-B2-3924	TCGA-B2-3924-01A	Primary Tumor	056c67e7-03b3-40cc-8c19-d6938ad634aa	343ac8e1-8afa-4e36-a373-ca28c3e7a713.rna_seq.augmented_star_gene_counts.tsv	ec6467578450ff189def10b0fad52215	4240709	Data Release 46.0 - August 10, 2026	2026-09-11	released	5d8c131bbff59fb0c969217fc1d44e6d1503cd1f	2021-12-13T19:39:38.741766-06:00	2024-07-30T11:17:40.262081-05:00	TRUE	4240709	2025-06-03	ec6467578450ff189def10b0fad52215	TRUE	54948226	TRUE		TRUE	TRUE
TCGA-KIRC	discovery	TCGA-B2-4098	TCGA-B2-4098-01A	Primary Tumor	432ac91a-657b-4630-a5c8-0499aed1b13c	23a6e0fb-4184-4059-a0a9-ffa2b96c6024.rna_seq.augmented_star_gene_counts.tsv	252683c2f7255005642054c054c09ad8	4227509	Data Release 46.0 - August 10, 2026	2026-09-11	released	5d8c131bbff59fb0c969217fc1d44e6d1503cd1f	2021-12-13T19:41:43.953853-06:00	2024-07-30T11:11:10.378023-05:00	TRUE	4227509	2025-06-03	252683c2f7255005642054c054c09ad8	TRUE	41864814	TRUE		TRUE	TRUE
TCGA-KIRC	discovery	TCGA-B2-4099	TCGA-B2-4099-01A	Primary Tumor	900aa358-a422-4edc-a65e-4b99f4b7625a	da3c2aa9-bdd6-4b4a-b0d6-0fc5f49002f4.rna_seq.augmented_star_gene_counts.tsv	ad6e433e446546890679b41651d714ba	4240306	Data Release 46.0 - August 10, 2026	2026-09-11	released	5d8c131bbff59fb0c969217fc1d44e6d1503cd1f	2021-12-13T19:13:28.695170-06:00	2024-07-30T11:13:31.957846-05:00	TRUE	4240306	2025-06-03	ad6e433e446546890679b41651d714ba	TRUE	51626256	TRUE		TRUE	TRUE
TCGA-KIRC	discovery	TCGA-B2-4101	TCGA-B2-4101-01A	Primary Tumor	27023402-b661-4cda-98ef-f9b68b3f8c59	7f5dbe11-51b1-4eeb-ab26-e19c7af6f68d.rna_seq.augmented_star_gene_counts.tsv	fad5216377f6593aaee3201dc7e34061	4249723	Data Release 46.0 - August 10, 2026	2026-09-11	released	5d8c131bbff59fb0c969217fc1d44e6d1503cd1f	2021-12-13T19:30:15.776526-06:00	2024-07-30T11:01:55.082395-05:00	TRUE	4249723	2025-06-03	fad5216377f6593aaee3201dc7e34061	TRUE	52634820	TRUE		TRUE	TRUE
TCGA-KIRC	discovery	TCGA-B2-4102	TCGA-B2-4102-01A	Primary Tumor	a33333fb-31f7-4874-aefd-a004be0d943e	d19de25c-e12f-428d-afb7-994e6180ef36.rna_seq.augmented_star_gene_counts.tsv	9b52ffab1327002e115b89b9ea234c98	4251859	Data Release 46.0 - August 10, 2026	2026-09-11	released	5d8c131bbff59fb0c969217fc1d44e6d1503cd1f	2021-12-13T19:25:13.873072-06:00	2024-07-30T11:07:12.321751-05:00	TRUE	4251859	2025-06-03	9b52ffab1327002e115b89b9ea234c98	TRUE	57290969	TRUE		TRUE	TRUE
TCGA-KIRC	discovery	TCGA-B2-5633	TCGA-B2-5633-01A	Primary Tumor	bdb74506-8766-42e1-922e-e03da4637a70	dc6421de-439b-4764-87bf-c1922cfeba3c.rna_seq.augmented_star_gene_counts.tsv	b4b3437ec7d8a7d47e2d7620ede02643	4216924	Data Release 46.0 - August 10, 2026	2026-09-11	released	5d8c131bbff59fb0c969217fc1d44e6d1503cd1f	2021-12-13T19:05:40.926507-06:00	2024-07-30T11:13:38.295882-05:00	TRUE	4216924	2025-06-03	b4b3437ec7d8a7d47e2d7620ede02643	TRUE	50013779	TRUE		TRUE	TRUE
TCGA-KIRC	discovery	TCGA-B2-5635	TCGA-B2-5635-01A	Primary Tumor	b98e59fc-120a-45c4-aade-3b59ca4a1a86	c276c214-acd9-44b3-b932-971c77c4fa91.rna_seq.augmented_star_gene_counts.tsv	cc0e6c36dde0716ae05462d176e3ff6c	4243885	Data Release 46.0 - August 10, 2026	2026-09-11	released	5d8c131bbff59fb0c969217fc1d44e6d1503cd1f	2021-12-13T19:16:14.636013-06:00	2024-07-30T11:12:30.045932-05:00	TRUE	4243885	2025-06-03	cc0e6c36dde0716ae05462d176e3ff6c	TRUE	55661891	TRUE		TRUE	TRUE
TCGA-KIRC	discovery	TCGA-B2-5636	TCGA-B2-5636-01A	Primary Tumor	27918218-c6a5-4f1d-b25c-bdf08d4146bd	b146fd10-1cf3-4432-aad1-2181e1797163.rna_seq.augmented_star_gene_counts.tsv	b3179047307b0130e8507dcc29012044	4243338	Data Release 46.0 - August 10, 2026	2026-09-11	released	5d8c131bbff59fb0c969217fc1d44e6d1503cd1f	2021-12-13T19:12:23.722188-06:00	2024-07-30T11:17:30.689893-05:00	TRUE	4243338	2025-06-03	b3179047307b0130e8507dcc29012044	TRUE	52978368	TRUE		TRUE	TRUE
TCGA-KIRC	discovery	TCGA-B2-5639	TCGA-B2-5639-01A	Primary Tumor	0b4cbedf-b064-4d5a-aa85-8726640d9c63	2b4ee053-96f0-467d-9873-d4de666c4200.rna_seq.augmented_star_gene_counts.tsv	cf351c12a97835a196cd9c0bc8716c5a	4222551	Data Release 46.0 - August 10, 2026	2026-09-11	released	5d8c131bbff59fb0c969217fc1d44e6d1503cd1f	2021-12-13T19:36:51.173089-06:00	2024-07-30T11:07:05.943318-05:00	TRUE	4222551	2025-06-03	cf351c12a97835a196cd9c0bc8716c5a	TRUE	32068131	TRUE		TRUE	TRUE
TCGA-KIRC	discovery	TCGA-B2-5641	TCGA-B2-5641-01A	Primary Tumor	e20633e3-526f-4ac5-9cb0-202a028462b0	d2c2fafe-048d-4584-8136-4e607465d72d.rna_seq.augmented_star_gene_counts.tsv	39dc851163fc18a1966ffc001a9eec8b	4241075	Data Release 46.0 - August 10, 2026	2026-09-11	released	5d8c131bbff59fb0c969217fc1d44e6d1503cd1f	2021-12-13T19:40:38.399422-06:00	2024-07-30T11:06:22.213053-05:00	TRUE	4241075	2025-06-03	39dc851163fc18a1966ffc001a9eec8b	TRUE	61200149	TRUE		TRUE	TRUE
TCGA-KIRC	discovery	TCGA-B2-A4SR	TCGA-B2-A4SR-01A	Primary Tumor	fa994287-faa4-483c-8225-1d45a1d0d522	c89d9767-de8e-4953-9963-36f1a4d5e8bf.rna_seq.augmented_star_gene_counts.tsv	96570a964d653c70fff859cbd455816e	4247264	Data Release 46.0 - August 10, 2026	2026-09-11	released	5d8c131bbff59fb0c969217fc1d44e6d1503cd1f	2021-12-13T19:39:47.862864-06:00	2024-07-30T11:18:38.979382-05:00	TRUE	4247264	2025-06-03	96570a964d653c70fff859cbd455816e	TRUE	51646303	TRUE		FALSE	FALSE
TCGA-KIRC	discovery	TCGA-B4-5377	TCGA-B4-5377-01A	Primary Tumor	c0dc2255-258a-463b-bd10-f6ee1771860d	001cd1f1-f1d1-45c5-bf3d-62f4a40ab1f8.rna_seq.augmented_star_gene_counts.tsv	ff2265cd01dc1c187c3dd75da46b23ca	4251812	Data Release 46.0 - August 10, 2026	2026-09-11	released	5d8c131bbff59fb0c969217fc1d44e6d1503cd1f	2021-12-13T19:15:30.725588-06:00	2024-07-30T10:54:11.119768-05:00	TRUE	4251812	2025-06-03	ff2265cd01dc1c187c3dd75da46b23ca	TRUE	77954572	TRUE		TRUE	TRUE
TCGA-KIRC	discovery	TCGA-B4-5378	TCGA-B4-5378-01A	Primary Tumor	79b8911f-fabb-416e-9b80-2f55080192c3	1fec5f1c-60b6-4162-8e22-0ef60cca90bc.rna_seq.augmented_star_gene_counts.tsv	0cc3b8c0fa0236c3345d56d0f7fdefa4	4249854	Data Release 46.0 - August 10, 2026	2026-09-11	released	5d8c131bbff59fb0c969217fc1d44e6d1503cd1f	2021-12-13T19:39:57.717901-06:00	2024-07-30T11:06:35.577087-05:00	TRUE	4249854	2025-06-03	0cc3b8c0fa0236c3345d56d0f7fdefa4	TRUE	67231496	TRUE		TRUE	TRUE
TCGA-KIRC	discovery	TCGA-B4-5832	TCGA-B4-5832-01A	Primary Tumor	d91f4d1a-4628-446c-a696-8839c8f62d90	7a0cc9fc-e0b0-4b97-b817-2f4b3f427eef.rna_seq.augmented_star_gene_counts.tsv	82ee85cc944f07d70788b68cc10b3a66	4211239	Data Release 46.0 - August 10, 2026	2026-09-11	released	5d8c131bbff59fb0c969217fc1d44e6d1503cd1f	2021-12-13T19:04:23.272638-06:00	2024-07-30T11:13:20.885660-05:00	TRUE	4211239	2025-06-03	82ee85cc944f07d70788b68cc10b3a66	TRUE	38666378	TRUE		TRUE	FALSE
TCGA-KIRC	discovery	TCGA-B4-5834	TCGA-B4-5834-01A	Primary Tumor	f13ca22a-ad44-45c0-806b-678bacee6135	1a012c07-15ee-4457-8ce3-5be03de22f94.rna_seq.augmented_star_gene_counts.tsv	aedd89866210275cffa5e459a9b017ea	4245288	Data Release 46.0 - August 10, 2026	2026-09-11	released	5d8c131bbff59fb0c969217fc1d44e6d1503cd1f	2021-12-13T19:05:07.802725-06:00	2024-07-30T11:08:56.431973-05:00	TRUE	4245288	2025-06-03	aedd89866210275cffa5e459a9b017ea	TRUE	68369052	TRUE		TRUE	TRUE
TCGA-KIRC	discovery	TCGA-B4-5835	TCGA-B4-5835-01A	Primary Tumor	d9735236-6587-4453-8c8d-2d39ca495cce	2bd9d548-4ddf-45d0-8830-f4c076bebdf9.rna_seq.augmented_star_gene_counts.tsv	5ede35856721b310dfc480100ed00b6d	4243224	Data Release 46.0 - August 10, 2026	2026-09-11	released	5d8c131bbff59fb0c969217fc1d44e6d1503cd1f	2021-12-13T19:35:00.141251-06:00	2024-07-30T11:07:48.630036-05:00	TRUE	4243224	2025-06-03	5ede35856721b310dfc480100ed00b6d	TRUE	76545089	TRUE		TRUE	TRUE
TCGA-KIRC	discovery	TCGA-B4-5836	TCGA-B4-5836-01A	Primary Tumor	b766e689-e3ff-4d0c-8eb0-d81c1df638d4	df73d40c-8630-4922-9a5f-eb2a45b94efc.rna_seq.augmented_star_gene_counts.tsv	1f05fea3d11a17eb7d1b4c0b604cc5c9	4242934	Data Release 46.0 - August 10, 2026	2026-09-11	released	5d8c131bbff59fb0c969217fc1d44e6d1503cd1f	2021-12-13T19:17:07.371841-06:00	2024-07-30T11:06:40.623085-05:00	TRUE	4242934	2025-06-03	1f05fea3d11a17eb7d1b4c0b604cc5c9	TRUE	61814257	TRUE		TRUE	TRUE
TCGA-KIRC	discovery	TCGA-B4-5838	TCGA-B4-5838-01A	Primary Tumor	5013520a-e7b1-4171-865c-f5a624741432	963bb3df-5b6e-424f-acb2-ffee1424d6f8.rna_seq.augmented_star_gene_counts.tsv	4c150f8d6f55466b1f294c3075d89c60	4232085	Data Release 46.0 - August 10, 2026	2026-09-11	released	5d8c131bbff59fb0c969217fc1d44e6d1503cd1f	2021-12-13T19:18:11.772625-06:00	2024-07-30T11:05:29.165412-05:00	TRUE	4232085	2025-06-03	4c150f8d6f55466b1f294c3075d89c60	TRUE	50670267	TRUE		TRUE	TRUE
TCGA-KIRC	discovery	TCGA-B4-5843	TCGA-B4-5843-01A	Primary Tumor	c2c34b18-7f7a-47ac-9f42-b7700562d006	8053b830-a7a9-4511-974c-5320e4337dda.rna_seq.augmented_star_gene_counts.tsv	f65f6de15c8910f3844513de2fea654a	4237522	Data Release 46.0 - August 10, 2026	2026-09-11	released	5d8c131bbff59fb0c969217fc1d44e6d1503cd1f	2021-12-13T19:26:14.480756-06:00	2024-07-30T11:15:57.459897-05:00	TRUE	4237522	2025-06-03	f65f6de15c8910f3844513de2fea654a	TRUE	49376022	TRUE		TRUE	TRUE
TCGA-KIRC	discovery	TCGA-B4-5844	TCGA-B4-5844-01A	Primary Tumor	eeb25b36-1272-4092-848e-9807eaed9d4e	eafedf8f-3ef0-4cde-9193-700200f5a930.rna_seq.augmented_star_gene_counts.tsv	19e0a4a1ced7641085465d76d6bb4966	4236946	Data Release 46.0 - August 10, 2026	2026-09-11	released	5d8c131bbff59fb0c969217fc1d44e6d1503cd1f	2021-12-13T19:38:52.557167-06:00	2024-07-30T11:15:35.478011-05:00	TRUE	4236946	2025-06-03	19e0a4a1ced7641085465d76d6bb4966	TRUE	55031732	TRUE		TRUE	TRUE
TCGA-KIRC	discovery	TCGA-B8-4143	TCGA-B8-4143-01A	Primary Tumor	fa927427-fa20-44d0-b574-81d99277be8a	eb13f276-cfa2-4129-8a8f-ea9d2eb40e8b.rna_seq.augmented_star_gene_counts.tsv	4b887ddcbf1f1b7ebaea2c9108030621	4246155	Data Release 46.0 - August 10, 2026	2026-09-11	released	5d8c131bbff59fb0c969217fc1d44e6d1503cd1f	2021-12-13T19:09:12.489857-06:00	2024-07-30T08:55:27.619782-05:00	TRUE	4246155	2025-06-03	4b887ddcbf1f1b7ebaea2c9108030621	TRUE	46854323	TRUE		TRUE	FALSE
TCGA-KIRC	discovery	TCGA-B8-4146	TCGA-B8-4146-01B	Primary Tumor	44c858ac-1ce0-491a-aef5-979224aa09f5	144cc9bb-bd29-4986-89a7-5855168dac8e.rna_seq.augmented_star_gene_counts.tsv	b0f0565c1241c71c59ef841b045f2a0d	4228675	Data Release 46.0 - August 10, 2026	2026-09-11	released	5d8c131bbff59fb0c969217fc1d44e6d1503cd1f	2021-12-13T19:39:31.946811-06:00	2024-07-30T10:58:12.607451-05:00	TRUE	4228675	2025-06-03	b0f0565c1241c71c59ef841b045f2a0d	TRUE	52061235	TRUE		TRUE	FALSE
TCGA-KIRC	discovery	TCGA-B8-4148	TCGA-B8-4148-01A	Primary Tumor	6d1cfff6-d608-4ae2-ab75-9dd095323a40	b0ff1b60-0508-4fcc-913d-451c15fba2b6.rna_seq.augmented_star_gene_counts.tsv	0bd327dc8c5386479a595e0900b7fd62	4251121	Data Release 46.0 - August 10, 2026	2026-09-11	released	5d8c131bbff59fb0c969217fc1d44e6d1503cd1f	2021-12-13T19:24:07.850576-06:00	2024-07-30T11:11:02.550151-05:00	TRUE	4251121	2025-06-03	0bd327dc8c5386479a595e0900b7fd62	TRUE	53859079	TRUE		TRUE	TRUE
TCGA-KIRC	discovery	TCGA-B8-4151	TCGA-B8-4151-01A	Primary Tumor	ccb3a294-e4b3-439a-b168-18c3ae05d3b8	ec029899-15b9-48e6-a716-c3093ac6167b.rna_seq.augmented_star_gene_counts.tsv	e8a9de02ce4aa12689413bfe44609ac8	4228709	Data Release 46.0 - August 10, 2026	2026-09-11	released	5d8c131bbff59fb0c969217fc1d44e6d1503cd1f	2021-12-13T19:21:04.063984-06:00	2024-07-30T11:16:07.506788-05:00	TRUE	4228709	2025-06-03	e8a9de02ce4aa12689413bfe44609ac8	TRUE	46387207	TRUE		TRUE	TRUE
TCGA-KIRC	discovery	TCGA-B8-4153	TCGA-B8-4153-01B	Primary Tumor	acf622b2-9d9f-45c4-992d-28165321a955	caa1cdb5-44e2-4dec-a1e2-923173895ed5.rna_seq.augmented_star_gene_counts.tsv	19a4d7c71d9a00f15513754fe82d3b15	4228313	Data Release 46.0 - August 10, 2026	2026-09-11	released	5d8c131bbff59fb0c969217fc1d44e6d1503cd1f	2021-12-13T19:02:40.190366-06:00	2024-07-30T11:17:52.463117-05:00	TRUE	4228313	2025-06-03	19a4d7c71d9a00f15513754fe82d3b15	TRUE	47484210	TRUE		TRUE	TRUE
TCGA-KIRC	discovery	TCGA-B8-4154	TCGA-B8-4154-01A	Primary Tumor	9998fd9d-b7a9-4a9d-b572-19a30a6ff775	7fb4be82-1d4c-40c3-9d1b-d5ced8d3c9ca.rna_seq.augmented_star_gene_counts.tsv	2601936fb2e148fe32ecd02e34376970	4240175	Data Release 46.0 - August 10, 2026	2026-09-11	released	5d8c131bbff59fb0c969217fc1d44e6d1503cd1f	2021-12-13T19:08:02.905338-06:00	2024-07-30T11:12:06.558197-05:00	TRUE	4240175	2025-06-03	2601936fb2e148fe32ecd02e34376970	TRUE	61214862	TRUE		TRUE	TRUE
TCGA-KIRC	discovery	TCGA-B8-4619	TCGA-B8-4619-01A	Primary Tumor	5d1a0224-01c6-4843-baab-12f1a56b767a	914d92bc-d41c-4dcb-9137-ec672618ffd0.rna_seq.augmented_star_gene_counts.tsv	cd1e950cbec645fc4d6ff6c582a1cbfe	4231264	Data Release 46.0 - August 10, 2026	2026-09-11	released	5d8c131bbff59fb0c969217fc1d44e6d1503cd1f	2021-12-13T19:14:56.612402-06:00	2024-07-30T10:58:21.322588-05:00	TRUE	4231264	2025-06-03	cd1e950cbec645fc4d6ff6c582a1cbfe	TRUE	56791947	TRUE		TRUE	TRUE
TCGA-KIRC	discovery	TCGA-B8-4620	TCGA-B8-4620-01A	Primary Tumor	a3c824d5-5d92-453e-820b-bf879fa38e59	64647547-2b18-4a7c-8135-e18b5a14bea6.rna_seq.augmented_star_gene_counts.tsv	d57a28165703ecf9b90f0a86d6ca7541	4242760	Data Release 46.0 - August 10, 2026	2026-09-11	released	5d8c131bbff59fb0c969217fc1d44e6d1503cd1f	2021-12-13T19:25:10.073794-06:00	2024-07-30T11:10:27.310957-05:00	TRUE	4242760	2025-06-03	d57a28165703ecf9b90f0a86d6ca7541	TRUE	58904883	TRUE		TRUE	TRUE
TCGA-KIRC	discovery	TCGA-B8-4621	TCGA-B8-4621-01A	Primary Tumor	843f5279-d6a2-4616-a3e7-985f26247cc7	35632244-558b-434f-8b94-b00523ee731a.rna_seq.augmented_star_gene_counts.tsv	e3df0e1e3b44db17cfc4e7bf2e18e4f1	4243845	Data Release 46.0 - August 10, 2026	2026-09-11	released	5d8c131bbff59fb0c969217fc1d44e6d1503cd1f	2021-12-13T19:14:52.531497-06:00	2024-07-30T11:09:03.615213-05:00	TRUE	4243845	2025-06-03	e3df0e1e3b44db17cfc4e7bf2e18e4f1	TRUE	75123411	TRUE		TRUE	TRUE
TCGA-KIRC	discovery	TCGA-B8-4622	TCGA-B8-4622-01A	Primary Tumor	34fd315d-cfd8-4d85-8114-22311d55a1fc	30478577-87f7-4906-9eec-1cba0d2cac85.rna_seq.augmented_star_gene_counts.tsv	74504eb462545a1b89af6f6feb8aca19	4242838	Data Release 46.0 - August 10, 2026	2026-09-11	released	5d8c131bbff59fb0c969217fc1d44e6d1503cd1f	2021-12-13T19:40:40.262928-06:00	2024-07-30T11:03:24.996029-05:00	TRUE	4242838	2025-06-03	74504eb462545a1b89af6f6feb8aca19	TRUE	50994088	TRUE		TRUE	TRUE
TCGA-KIRC	discovery	TCGA-B8-5158	TCGA-B8-5158-01A	Primary Tumor	88aade97-0051-480d-be54-bce61b4e5b91	8bd01b90-18ff-481f-ae57-48eec05dfbd2.rna_seq.augmented_star_gene_counts.tsv	2cda6422a410d723dc12ec13349f51fe	4247467	Data Release 46.0 - August 10, 2026	2026-09-11	released	5d8c131bbff59fb0c969217fc1d44e6d1503cd1f	2021-12-13T19:25:32.406455-06:00	2024-07-30T11:06:43.072292-05:00	TRUE	4247467	2025-06-03	2cda6422a410d723dc12ec13349f51fe	TRUE	71455065	TRUE		TRUE	TRUE
TCGA-KIRC	discovery	TCGA-B8-5159	TCGA-B8-5159-01A	Primary Tumor	577d7013-8d37-427c-82b0-24e46b891a34	4e586300-3127-4e57-9b8b-4d1178598974.rna_seq.augmented_star_gene_counts.tsv	4a20563fb736cf90536d9a1babe34250	4246694	Data Release 46.0 - August 10, 2026	2026-09-11	released	5d8c131bbff59fb0c969217fc1d44e6d1503cd1f	2021-12-13T19:30:35.342354-06:00	2024-07-30T10:59:41.774366-05:00	TRUE	4246694	2025-06-03	4a20563fb736cf90536d9a1babe34250	TRUE	74586835	TRUE		TRUE	TRUE
TCGA-KIRC	discovery	TCGA-B8-5162	TCGA-B8-5162-01A	Primary Tumor	dd32c44d-eaf7-4739-94aa-430be880964d	d32d3857-8311-4338-b0f8-2813221bf1cc.rna_seq.augmented_star_gene_counts.tsv	a512109cca76ea25b1b0efd267b21f72	4237448	Data Release 46.0 - August 10, 2026	2026-09-11	released	5d8c131bbff59fb0c969217fc1d44e6d1503cd1f	2021-12-13T19:21:29.359368-06:00	2024-07-30T11:07:18.819003-05:00	TRUE	4237448	2025-06-03	a512109cca76ea25b1b0efd267b21f72	TRUE	65450211	TRUE		TRUE	TRUE
TCGA-KIRC	discovery	TCGA-B8-5163	TCGA-B8-5163-01A	Primary Tumor	39c94a70-a68c-405c-bfbf-9675fbb1411a	d05527b8-f63e-4d0d-900a-6a237d8d4b7d.rna_seq.augmented_star_gene_counts.tsv	e9f4c7279725fb3d43b737d4fee7d593	4250235	Data Release 46.0 - August 10, 2026	2026-09-11	released	5d8c131bbff59fb0c969217fc1d44e6d1503cd1f	2021-12-13T19:04:29.509053-06:00	2024-07-30T10:56:16.279313-05:00	TRUE	4250235	2025-06-03	e9f4c7279725fb3d43b737d4fee7d593	TRUE	85506167	TRUE		TRUE	TRUE
TCGA-KIRC	discovery	TCGA-B8-5164	TCGA-B8-5164-01A	Primary Tumor	d70aa630-d9c6-49e0-858b-a5a8e268a92b	651937e1-dbc2-46cb-b101-ed0d9b6b8b7f.rna_seq.augmented_star_gene_counts.tsv	64277cd825eb052585e2a8e2704c23b2	4245239	Data Release 46.0 - August 10, 2026	2026-09-11	released	5d8c131bbff59fb0c969217fc1d44e6d1503cd1f	2021-12-13T19:35:17.702699-06:00	2024-07-30T11:05:12.988217-05:00	TRUE	4245239	2025-06-03	64277cd825eb052585e2a8e2704c23b2	TRUE	71836640	TRUE		TRUE	TRUE
TCGA-KIRC	discovery	TCGA-B8-5165	TCGA-B8-5165-01A	Primary Tumor	8c4bd061-8371-4313-bfdc-1b2213daea12	d85f1c60-f3f3-4355-9f31-6c0e5d53360b.rna_seq.augmented_star_gene_counts.tsv	d05bd7184ee897638c099a331715b669	4251244	Data Release 46.0 - August 10, 2026	2026-09-11	released	5d8c131bbff59fb0c969217fc1d44e6d1503cd1f	2021-12-13T19:40:49.733956-06:00	2024-07-30T11:03:27.537166-05:00	TRUE	4251244	2025-06-03	d05bd7184ee897638c099a331715b669	TRUE	70425791	TRUE		TRUE	TRUE
TCGA-KIRC	discovery	TCGA-B8-5545	TCGA-B8-5545-01A	Primary Tumor	f41b182b-f528-49bf-9d7e-912614796b77	b1f681a4-fef8-4359-afbd-ccf43e262bb1.rna_seq.augmented_star_gene_counts.tsv	43709f3a70677f4fb62d717b243eba16	4244349	Data Release 46.0 - August 10, 2026	2026-09-11	released	5d8c131bbff59fb0c969217fc1d44e6d1503cd1f	2021-12-13T19:35:10.566959-06:00	2024-07-30T10:55:19.379742-05:00	TRUE	4244349	2025-06-03	43709f3a70677f4fb62d717b243eba16	TRUE	58108861	TRUE		TRUE	TRUE
TCGA-KIRC	discovery	TCGA-B8-5546	TCGA-B8-5546-01A	Primary Tumor	5f006edb-0f66-45eb-9a36-e31bbcdf8147	b0618ea2-708e-4dc4-ac9f-afd267a08863.rna_seq.augmented_star_gene_counts.tsv	152ab4f4383d97d5179fb9e4a9536c05	4232214	Data Release 46.0 - August 10, 2026	2026-09-11	released	5d8c131bbff59fb0c969217fc1d44e6d1503cd1f	2021-12-13T19:05:49.183508-06:00	2024-07-30T11:06:36.785731-05:00	TRUE	4232214	2025-06-03	152ab4f4383d97d5179fb9e4a9536c05	TRUE	43139506	TRUE		TRUE	TRUE
TCGA-KIRC	discovery	TCGA-B8-5549	TCGA-B8-5549-01A	Primary Tumor	bddf0976-c04a-4391-b302-732051d506c5	810a4548-128f-40df-b18c-3d9d4e87aa8f.rna_seq.augmented_star_gene_counts.tsv	c814a8950ca91f8587a4520370eddf5f	4237249	Data Release 46.0 - August 10, 2026	2026-09-11	released	5d8c131bbff59fb0c969217fc1d44e6d1503cd1f	2021-12-13T19:23:02.347184-06:00	2024-07-30T11:08:32.831305-05:00	TRUE	4237249	2025-06-03	c814a8950ca91f8587a4520370eddf5f	TRUE	56513157	TRUE		TRUE	TRUE
TCGA-KIRC	discovery	TCGA-B8-5550	TCGA-B8-5550-01A	Primary Tumor	0897b313-4bb5-4b3c-8146-6b90b58b904c	3e0685e1-e0b3-4f7e-9f30-4c3b0457db77.rna_seq.augmented_star_gene_counts.tsv	e597832f8c3a3eacbf21c0179eda7a50	4230883	Data Release 46.0 - August 10, 2026	2026-09-11	released	5d8c131bbff59fb0c969217fc1d44e6d1503cd1f	2021-12-13T19:35:29.090156-06:00	2024-07-30T11:00:17.525717-05:00	TRUE	4230883	2025-06-03	e597832f8c3a3eacbf21c0179eda7a50	TRUE	43350270	TRUE		TRUE	TRUE
TCGA-KIRC	discovery	TCGA-B8-5551	TCGA-B8-5551-01A	Primary Tumor	71b8a9c9-4822-4b40-be0b-0c06b485975a	171a77bb-69df-4976-82ff-0cd674258fc3.rna_seq.augmented_star_gene_counts.tsv	93416beaaad19a21e5f324a100db4d7b	4237929	Data Release 46.0 - August 10, 2026	2026-09-11	released	5d8c131bbff59fb0c969217fc1d44e6d1503cd1f	2021-12-13T19:08:35.039096-06:00	2024-07-30T11:00:23.631494-05:00	TRUE	4237929	2025-06-03	93416beaaad19a21e5f324a100db4d7b	TRUE	53396618	TRUE		TRUE	TRUE
TCGA-KIRC	discovery	TCGA-B8-5552	TCGA-B8-5552-01B	Primary Tumor	f18443d3-f207-4c05-9738-d70e10d60cfc	e0e0e283-6d06-42be-a864-3f2d8cddbc65.rna_seq.augmented_star_gene_counts.tsv	c8f34f102727c9b2edf50b781b6cbec3	4249627	Data Release 46.0 - August 10, 2026	2026-09-11	released	5d8c131bbff59fb0c969217fc1d44e6d1503cd1f	2021-12-13T19:29:23.143093-06:00	2024-07-30T11:08:59.945517-05:00	TRUE	4249627	2025-06-03	c8f34f102727c9b2edf50b781b6cbec3	TRUE	65216584	TRUE		TRUE	TRUE
TCGA-KIRC	discovery	TCGA-B8-5553	TCGA-B8-5553-01A	Primary Tumor	e0999ea7-e0c9-487f-b8a7-3eda87ab8601	297e8576-6af1-4f8d-b709-a14355728c0c.rna_seq.augmented_star_gene_counts.tsv	311a19eb7034eb2dc3c4522bc04e52c7	4241575	Data Release 46.0 - August 10, 2026	2026-09-11	released	5d8c131bbff59fb0c969217fc1d44e6d1503cd1f	2021-12-13T19:10:27.692053-06:00	2024-07-30T10:59:33.155028-05:00	TRUE	4241575	2025-06-03	311a19eb7034eb2dc3c4522bc04e52c7	TRUE	56655187	TRUE		TRUE	TRUE
TCGA-KIRC	discovery	TCGA-B8-A54D	TCGA-B8-A54D-01A	Primary Tumor	3f22ab0f-057b-4d34-8722-63ec8c8d1d33	b7a978df-db12-4e0e-a720-0a03f753d239.rna_seq.augmented_star_gene_counts.tsv	b958502700aad7ed80d174e7afd94719	4221758	Data Release 46.0 - August 10, 2026	2026-09-11	released	5d8c131bbff59fb0c969217fc1d44e6d1503cd1f	2021-12-13T19:31:17.979875-06:00	2024-07-30T11:10:53.837241-05:00	TRUE	4221758	2025-06-03	b958502700aad7ed80d174e7afd94719	TRUE	24892811	TRUE		TRUE	TRUE
TCGA-KIRC	discovery	TCGA-B8-A54E	TCGA-B8-A54E-01A	Primary Tumor	81cbdf35-12a2-435d-bec9-0f52c47f7a0f	7c51fb1c-73f6-4a42-ad83-ef1b1e780733.rna_seq.augmented_star_gene_counts.tsv	792227ede24862173237ef3edad0dc3e	4230092	Data Release 46.0 - August 10, 2026	2026-09-11	released	5d8c131bbff59fb0c969217fc1d44e6d1503cd1f	2021-12-13T19:24:30.461711-06:00	2024-07-30T11:15:02.081031-05:00	TRUE	4230092	2025-06-03	792227ede24862173237ef3edad0dc3e	TRUE	44870094	TRUE		TRUE	TRUE
TCGA-KIRC	discovery	TCGA-B8-A54F	TCGA-B8-A54F-01A	Primary Tumor	7e479a5b-d557-4838-b415-3ceb31d1a139	e3d35334-289e-432d-9d15-a88753817cf1.rna_seq.augmented_star_gene_counts.tsv	233fbf8d6684d0ce11cdce14f51504bd	4223363	Data Release 46.0 - August 10, 2026	2026-09-11	released	5d8c131bbff59fb0c969217fc1d44e6d1503cd1f	2021-12-13T19:25:47.242521-06:00	2024-07-30T11:01:50.421812-05:00	TRUE	4223363	2025-06-03	233fbf8d6684d0ce11cdce14f51504bd	TRUE	24214927	TRUE		TRUE	TRUE
TCGA-KIRC	discovery	TCGA-B8-A54G	TCGA-B8-A54G-01A	Primary Tumor	c1873d0a-2c67-44c7-97ba-9a10cd7ed962	e9d3cb06-8a78-4e3e-8582-234f5bb23f6c.rna_seq.augmented_star_gene_counts.tsv	5f72fa7a8818ccad1e9a61d6c6356ede	4238000	Data Release 46.0 - August 10, 2026	2026-09-11	released	5d8c131bbff59fb0c969217fc1d44e6d1503cd1f	2021-12-13T19:15:19.432769-06:00	2024-07-30T10:56:22.632281-05:00	TRUE	4238000	2025-06-03	5f72fa7a8818ccad1e9a61d6c6356ede	TRUE	42809707	TRUE		TRUE	TRUE
TCGA-KIRC	discovery	TCGA-B8-A54H	TCGA-B8-A54H-01A	Primary Tumor	83eb5df9-30fa-4c4f-a062-5ffe6d7f2c3d	a4a7cba2-0351-4b86-8716-60976dbf6fcc.rna_seq.augmented_star_gene_counts.tsv	9d46bf16d4dd6789dd802a2e5dbb5b6d	4254751	Data Release 46.0 - August 10, 2026	2026-09-11	released	5d8c131bbff59fb0c969217fc1d44e6d1503cd1f	2021-12-13T19:38:43.067354-06:00	2024-07-30T11:08:06.576555-05:00	TRUE	4254751	2025-06-03	9d46bf16d4dd6789dd802a2e5dbb5b6d	TRUE	70285171	TRUE		TRUE	TRUE
TCGA-KIRC	discovery	TCGA-B8-A54I	TCGA-B8-A54I-01A	Primary Tumor	eb921878-4c02-4b11-9c4d-84df7926ef70	fd00a68d-f7e8-43ca-90f9-999ec13dbbb6.rna_seq.augmented_star_gene_counts.tsv	5629a1f08adabff4f2d036689296206a	4229155	Data Release 46.0 - August 10, 2026	2026-09-11	released	5d8c131bbff59fb0c969217fc1d44e6d1503cd1f	2021-12-13T19:32:51.804708-06:00	2024-07-30T11:17:12.276708-05:00	TRUE	4229155	2025-06-03	5629a1f08adabff4f2d036689296206a	TRUE	50634089	TRUE		TRUE	TRUE
TCGA-KIRC	discovery	TCGA-B8-A54J	TCGA-B8-A54J-01A	Primary Tumor	fd3d7a82-a316-4df0-9d84-409cb12eb9b1	2566c5d1-9143-495a-944a-c62939c75cfa.rna_seq.augmented_star_gene_counts.tsv	3a9312380d05759a3c9a23bc63f2e202	4246744	Data Release 46.0 - August 10, 2026	2026-09-11	released	5d8c131bbff59fb0c969217fc1d44e6d1503cd1f	2021-12-13T19:15:59.269067-06:00	2024-07-30T08:55:31.492788-05:00	TRUE	4246744	2025-06-03	3a9312380d05759a3c9a23bc63f2e202	TRUE	55808350	TRUE		TRUE	TRUE
TCGA-KIRC	discovery	TCGA-B8-A54K	TCGA-B8-A54K-01A	Primary Tumor	d1cd1a00-c44a-4581-ad07-e234303a65b9	c7a06148-da7d-4638-950f-9f85ab57cc0f.rna_seq.augmented_star_gene_counts.tsv	d1a182953d1ab91279ffb7864242d16c	4243065	Data Release 46.0 - August 10, 2026	2026-09-11	released	5d8c131bbff59fb0c969217fc1d44e6d1503cd1f	2021-12-13T19:24:52.105085-06:00	2024-07-30T11:09:53.955851-05:00	TRUE	4243065	2025-06-03	d1a182953d1ab91279ffb7864242d16c	TRUE	48597343	TRUE		TRUE	TRUE
TCGA-KIRC	discovery	TCGA-B8-A7U6	TCGA-B8-A7U6-01A	Primary Tumor	7a3b5b7d-67cc-4048-9bd9-9db08bad1601	fdfae45c-40bb-4499-a8fa-72af3c9e8654.rna_seq.augmented_star_gene_counts.tsv	2b81c445cb5614e38bd273c27477f08f	4232549	Data Release 46.0 - August 10, 2026	2026-09-11	released	5d8c131bbff59fb0c969217fc1d44e6d1503cd1f	2021-12-13T19:35:57.803418-06:00	2024-07-30T11:16:33.940077-05:00	TRUE	4232549	2025-06-03	2b81c445cb5614e38bd273c27477f08f	TRUE	38347288	TRUE		TRUE	TRUE
TCGA-KIRC	discovery	TCGA-B8-A8YJ	TCGA-B8-A8YJ-01A	Primary Tumor	8cd89112-70a7-4f63-9b41-e3379589cb5e	fb4bcf7f-6893-4f39-86b0-8e4a370237c6.rna_seq.augmented_star_gene_counts.tsv	b3f504cacdc9a90b6b10b642eb3e7ed7	4239553	Data Release 46.0 - August 10, 2026	2026-09-11	released	5d8c131bbff59fb0c969217fc1d44e6d1503cd1f	2021-12-13T19:42:06.482570-06:00	2024-07-30T11:07:23.997757-05:00	TRUE	4239553	2025-06-03	b3f504cacdc9a90b6b10b642eb3e7ed7	TRUE	46051007	TRUE		TRUE	TRUE
TCGA-KIRC	discovery	TCGA-BP-4158	TCGA-BP-4158-01A	Primary Tumor	ea7e9f5a-844c-4cf4-8f0a-7deab41b5233	6808a3b5-b9cd-45e7-a888-47ebeb735010.rna_seq.augmented_star_gene_counts.tsv	62cb0722c962ef77a51d9cc1c5385d52	4242226	Data Release 46.0 - August 10, 2026	2026-09-11	released	5d8c131bbff59fb0c969217fc1d44e6d1503cd1f	2021-12-13T19:24:28.809046-06:00	2024-07-30T11:00:59.128382-05:00	TRUE	4242226	2025-06-03	62cb0722c962ef77a51d9cc1c5385d52	TRUE	52700922	TRUE		TRUE	TRUE
TCGA-KIRC	discovery	TCGA-BP-4159	TCGA-BP-4159-01A	Primary Tumor	16574f32-3388-42a3-a5ca-9248e75fd522	5c14dcc2-dc8b-4cb5-8e3c-2069022da488.rna_seq.augmented_star_gene_counts.tsv	93db686d3313b497536369616d0d5913	4223595	Data Release 46.0 - August 10, 2026	2026-09-11	released	5d8c131bbff59fb0c969217fc1d44e6d1503cd1f	2021-12-13T19:20:54.054623-06:00	2024-07-30T10:59:17.641402-05:00	TRUE	4223595	2025-06-03	93db686d3313b497536369616d0d5913	TRUE	48188046	TRUE		TRUE	TRUE
TCGA-KIRC	discovery	TCGA-BP-4160	TCGA-BP-4160-01A	Primary Tumor	fc63bae4-fdfb-4990-9902-3e0fb51ec092	e95ef864-eeee-4883-943c-e2e1eecd259c.rna_seq.augmented_star_gene_counts.tsv	86038fbe25da92aadb11c62bd2ae30fb	4224305	Data Release 46.0 - August 10, 2026	2026-09-11	released	5d8c131bbff59fb0c969217fc1d44e6d1503cd1f	2021-12-13T19:03:37.498450-06:00	2024-07-30T11:18:30.296772-05:00	TRUE	4224305	2025-06-03	86038fbe25da92aadb11c62bd2ae30fb	TRUE	34140745	TRUE		TRUE	TRUE
TCGA-KIRC	discovery	TCGA-BP-4161	TCGA-BP-4161-01A	Primary Tumor	e1beebe9-dc24-4f9d-a89f-87001fcf25c7	b93e9aab-9d4c-4e1e-9a04-b2b858b32fa8.rna_seq.augmented_star_gene_counts.tsv	b41ae0abf159d5d5cccbf8a9fd7eebee	4252757	Data Release 46.0 - August 10, 2026	2026-09-11	released	5d8c131bbff59fb0c969217fc1d44e6d1503cd1f	2021-12-13T19:29:11.693074-06:00	2024-07-30T10:56:33.646635-05:00	TRUE	4252757	2025-06-03	b41ae0abf159d5d5cccbf8a9fd7eebee	TRUE	58990347	TRUE		TRUE	TRUE
TCGA-KIRC	discovery	TCGA-BP-4162	TCGA-BP-4162-01A	Primary Tumor	7ef1199e-aedb-4470-81a1-70d93655154b	f98c5dd2-eec7-477a-9de4-a268b6701f04.rna_seq.augmented_star_gene_counts.tsv	f09814a1164d976adf614fddfe556828	4238647	Data Release 46.0 - August 10, 2026	2026-09-11	released	5d8c131bbff59fb0c969217fc1d44e6d1503cd1f	2021-12-13T19:42:26.263164-06:00	2024-07-30T11:13:26.894951-05:00	TRUE	4238647	2025-06-03	f09814a1164d976adf614fddfe556828	TRUE	46974249	TRUE		TRUE	TRUE
TCGA-KIRC	discovery	TCGA-BP-4163	TCGA-BP-4163-01A	Primary Tumor	99b8979a-d55a-4c42-9df1-58c9a3f70a92	fd7c0d6e-da15-4ddb-b755-37eb7638ab27.rna_seq.augmented_star_gene_counts.tsv	699db85d007c18f96b4c444bc358f220	4232965	Data Release 46.0 - August 10, 2026	2026-09-11	released	5d8c131bbff59fb0c969217fc1d44e6d1503cd1f	2021-12-13T19:10:17.933395-06:00	2024-07-30T11:11:30.726418-05:00	TRUE	4232965	2025-06-03	699db85d007c18f96b4c444bc358f220	TRUE	41035157	TRUE		TRUE	TRUE
TCGA-KIRC	discovery	TCGA-BP-4164	TCGA-BP-4164-01A	Primary Tumor	5acfa9e0-c339-40aa-ab9f-0492fbc6db91	6189d0a9-6d52-40b3-81ac-a840738cfc71.rna_seq.augmented_star_gene_counts.tsv	5640405ad9bf043a73a61b8cd9fef92a	4230444	Data Release 46.0 - August 10, 2026	2026-09-11	released	5d8c131bbff59fb0c969217fc1d44e6d1503cd1f	2021-12-13T19:31:40.686913-06:00	2024-07-30T11:16:41.091993-05:00	TRUE	4230444	2025-06-03	5640405ad9bf043a73a61b8cd9fef92a	TRUE	37031485	TRUE		TRUE	TRUE
TCGA-KIRC	discovery	TCGA-BP-4165	TCGA-BP-4165-01A	Primary Tumor	4962d196-c54d-442d-b7b3-dd34f8082781	e328dc67-2ba2-408a-a137-75792cc02e52.rna_seq.augmented_star_gene_counts.tsv	f9530cef77aa82b49da83c14ba3ffb14	4234881	Data Release 46.0 - August 10, 2026	2026-09-11	released	5d8c131bbff59fb0c969217fc1d44e6d1503cd1f	2021-12-13T19:20:28.418696-06:00	2024-07-30T11:13:19.674504-05:00	TRUE	4234881	2025-06-03	f9530cef77aa82b49da83c14ba3ffb14	TRUE	47708289	TRUE		TRUE	TRUE
TCGA-KIRC	discovery	TCGA-BP-4166	TCGA-BP-4166-01A	Primary Tumor	486f1d07-6c9a-445d-b603-129238a55dbb	0c4b52ed-af53-4fcd-87b4-8e16bcb1eab9.rna_seq.augmented_star_gene_counts.tsv	14dc1ff2bd5c14d426aad58263c699c4	4233004	Data Release 46.0 - August 10, 2026	2026-09-11	released	5d8c131bbff59fb0c969217fc1d44e6d1503cd1f	2021-12-13T19:33:38.901766-06:00	2024-07-30T11:01:05.494252-05:00	TRUE	4233004	2025-06-03	14dc1ff2bd5c14d426aad58263c699c4	TRUE	52592845	TRUE		TRUE	TRUE
TCGA-KIRC	discovery	TCGA-BP-4167	TCGA-BP-4167-01A	Primary Tumor	d19fa0dd-5832-46a8-a7a0-142075684a55	911e92db-84e1-495f-9406-c9538be909f3.rna_seq.augmented_star_gene_counts.tsv	10943b2338102a54fd7a81aa96bfa958	4227809	Data Release 46.0 - August 10, 2026	2026-09-11	released	5d8c131bbff59fb0c969217fc1d44e6d1503cd1f	2021-12-13T19:36:38.450696-06:00	2024-07-30T11:10:55.037510-05:00	TRUE	4227809	2025-06-03	10943b2338102a54fd7a81aa96bfa958	TRUE	48834466	TRUE		TRUE	TRUE
TCGA-KIRC	discovery	TCGA-BP-4169	TCGA-BP-4169-01A	Primary Tumor	f1525d22-a7b0-48b6-ab6e-737b5ebb1a39	df1678c7-4d27-4d19-a02d-3e7fa04f4d64.rna_seq.augmented_star_gene_counts.tsv	7a519619ffa96ad49f201a9d938318c3	4263891	Data Release 46.0 - August 10, 2026	2026-09-11	released	5d8c131bbff59fb0c969217fc1d44e6d1503cd1f	2021-12-13T19:16:54.685794-06:00	2024-07-30T11:08:48.909399-05:00	TRUE	4263891	2025-06-03	7a519619ffa96ad49f201a9d938318c3	TRUE	78417198	TRUE		TRUE	TRUE
TCGA-KIRC	discovery	TCGA-BP-4170	TCGA-BP-4170-01A	Primary Tumor	61ee46ed-0cb0-428d-806b-db92f33e0c93	86b79a14-7254-49cb-b04c-b255fb052d42.rna_seq.augmented_star_gene_counts.tsv	7ebb018d07e23e052682a5ec5228a759	4245305	Data Release 46.0 - August 10, 2026	2026-09-11	released	5d8c131bbff59fb0c969217fc1d44e6d1503cd1f	2021-12-13T19:06:27.524270-06:00	2024-07-30T11:16:39.977777-05:00	TRUE	4245305	2025-06-03	7ebb018d07e23e052682a5ec5228a759	TRUE	69458039	TRUE		TRUE	TRUE
TCGA-KIRC	discovery	TCGA-BP-4173	TCGA-BP-4173-01A	Primary Tumor	429ed057-ecc0-41e3-8774-afffe246bcee	86b19fed-9fed-493b-afc2-49104cedfcc2.rna_seq.augmented_star_gene_counts.tsv	36807b0940e710e934553ffbfbd5ee54	4251313	Data Release 46.0 - August 10, 2026	2026-09-11	released	5d8c131bbff59fb0c969217fc1d44e6d1503cd1f	2021-12-13T19:42:56.252289-06:00	2024-07-30T11:10:05.266452-05:00	TRUE	4251313	2025-06-03	36807b0940e710e934553ffbfbd5ee54	TRUE	61614099	TRUE		TRUE	TRUE
TCGA-KIRC	discovery	TCGA-BP-4174	TCGA-BP-4174-01A	Primary Tumor	572fb090-3796-4170-829d-7b77c1e8127d	09d935a2-a969-4c13-a3ee-8905644c1a77.rna_seq.augmented_star_gene_counts.tsv	0e80e73a36b2bc803bbd5e1d86c467c8	4236188	Data Release 46.0 - August 10, 2026	2026-09-11	released	5d8c131bbff59fb0c969217fc1d44e6d1503cd1f	2021-12-13T19:35:15.779841-06:00	2024-07-30T11:05:34.106761-05:00	TRUE	4236188	2025-06-03	0e80e73a36b2bc803bbd5e1d86c467c8	TRUE	52982772	TRUE		TRUE	TRUE
TCGA-KIRC	discovery	TCGA-BP-4176	TCGA-BP-4176-01A	Primary Tumor	61e85059-9ba2-43ba-9246-4731ace197e4	51403924-9524-4de8-ac91-1aad525b8d0e.rna_seq.augmented_star_gene_counts.tsv	e59c5612229d3bc360762f3176c947fa	4247705	Data Release 46.0 - August 10, 2026	2026-09-11	released	5d8c131bbff59fb0c969217fc1d44e6d1503cd1f	2021-12-13T19:31:48.988333-06:00	2024-07-30T11:12:38.721795-05:00	TRUE	4247705	2025-06-03	e59c5612229d3bc360762f3176c947fa	TRUE	59636591	TRUE		TRUE	TRUE
TCGA-KIRC	discovery	TCGA-BP-4177	TCGA-BP-4177-01A	Primary Tumor	7947afe8-e62c-4d32-81d6-5eb44fd1cea6	742d5f44-39ea-43c1-8b3c-428142ed4c8f.rna_seq.augmented_star_gene_counts.tsv	a87d2216b2486a3cf9c0085cca2e23fd	4244472	Data Release 46.0 - August 10, 2026	2026-09-11	released	5d8c131bbff59fb0c969217fc1d44e6d1503cd1f	2021-12-13T19:10:57.814317-06:00	2024-07-30T11:15:03.272108-05:00	TRUE	4244472	2025-06-03	a87d2216b2486a3cf9c0085cca2e23fd	TRUE	64350913	TRUE		TRUE	TRUE
TCGA-KIRC	discovery	TCGA-BP-4325	TCGA-BP-4325-01A	Primary Tumor	0f8d808c-2f62-4720-b32c-b5e76adab4ba	f995acfb-82fc-47ae-bba9-de699337ee15.rna_seq.augmented_star_gene_counts.tsv	67029f0599eb48fbca2b0e3807a15750	4249841	Data Release 46.0 - August 10, 2026	2026-09-11	released	5d8c131bbff59fb0c969217fc1d44e6d1503cd1f	2021-12-13T19:26:29.451270-06:00	2024-07-30T11:03:44.128876-05:00	TRUE	4249841	2025-06-03	67029f0599eb48fbca2b0e3807a15750	TRUE	56782881	TRUE		TRUE	TRUE
TCGA-KIRC	discovery	TCGA-BP-4326	TCGA-BP-4326-01A	Primary Tumor	3f311bca-c591-4dbe-bfb2-fc513259f21c	3b86d9c3-51a8-40b8-ae46-7f09de8041cb.rna_seq.augmented_star_gene_counts.tsv	f2c94ab486488e4e47bcf62d488085c2	4244158	Data Release 46.0 - August 10, 2026	2026-09-11	released	5d8c131bbff59fb0c969217fc1d44e6d1503cd1f	2021-12-13T19:30:20.636993-06:00	2024-07-30T10:56:43.515291-05:00	TRUE	4244158	2025-06-03	f2c94ab486488e4e47bcf62d488085c2	TRUE	62399495	TRUE		TRUE	TRUE
TCGA-KIRC	discovery	TCGA-BP-4327	TCGA-BP-4327-01A	Primary Tumor	bb4ec992-dd81-4758-b4f2-7560fbc4cf2b	c8e4e659-7477-44ce-9f69-52d916efd8ef.rna_seq.augmented_star_gene_counts.tsv	09a215ad24012641d8f5702b26712077	4246009	Data Release 46.0 - August 10, 2026	2026-09-11	released	5d8c131bbff59fb0c969217fc1d44e6d1503cd1f	2021-12-13T19:22:27.218477-06:00	2024-07-30T11:03:31.221735-05:00	TRUE	4246009	2025-06-03	09a215ad24012641d8f5702b26712077	TRUE	55168537	TRUE		TRUE	TRUE
TCGA-KIRC	discovery	TCGA-BP-4329	TCGA-BP-4329-01A	Primary Tumor	1c38241a-2cdc-4b93-8845-87182a998ef4	f82540cb-5394-454c-b97a-23e36e7ebe07.rna_seq.augmented_star_gene_counts.tsv	d49acec2dc2de45a61b41aabcfa4c168	4243079	Data Release 46.0 - August 10, 2026	2026-09-11	released	5d8c131bbff59fb0c969217fc1d44e6d1503cd1f	2021-12-13T19:12:59.085592-06:00	2024-07-30T11:12:07.788600-05:00	TRUE	4243079	2025-06-03	d49acec2dc2de45a61b41aabcfa4c168	TRUE	65268823	TRUE		TRUE	TRUE
TCGA-KIRC	discovery	TCGA-BP-4330	TCGA-BP-4330-01A	Primary Tumor	4d986c3f-bde2-4e66-836d-30b701d0781c	bd2fccd5-e584-4616-8962-1f563d2bf36f.rna_seq.augmented_star_gene_counts.tsv	03336ff5248f21c0666163ad207dac61	4257252	Data Release 46.0 - August 10, 2026	2026-09-11	released	5d8c131bbff59fb0c969217fc1d44e6d1503cd1f	2021-12-13T19:41:16.687372-06:00	2024-07-30T10:54:50.312916-05:00	TRUE	4257252	2025-06-03	03336ff5248f21c0666163ad207dac61	TRUE	67113418	TRUE		TRUE	TRUE
TCGA-KIRC	discovery	TCGA-BP-4331	TCGA-BP-4331-01A	Primary Tumor	f462d8a7-549d-4823-be4b-1b5c81678665	40690efd-de5b-47bd-b48e-8498d58fdfa7.rna_seq.augmented_star_gene_counts.tsv	28022a465a42ea3cca612fbb7cea7f87	4254929	Data Release 46.0 - August 10, 2026	2026-09-11	released	5d8c131bbff59fb0c969217fc1d44e6d1503cd1f	2021-12-13T19:18:03.257001-06:00	2024-07-30T11:18:16.705574-05:00	TRUE	4254929	2025-06-03	28022a465a42ea3cca612fbb7cea7f87	TRUE	62399066	TRUE		TRUE	TRUE
TCGA-KIRC	discovery	TCGA-BP-4332	TCGA-BP-4332-01A	Primary Tumor	a059cc98-e8d4-4428-b326-ac59b5445f67	562609cc-970c-4535-a6d7-aa7a380c8340.rna_seq.augmented_star_gene_counts.tsv	7593e37dd7d692eb77a6f0e0c7e0b967	4250701	Data Release 46.0 - August 10, 2026	2026-09-11	released	5d8c131bbff59fb0c969217fc1d44e6d1503cd1f	2021-12-13T19:21:13.339859-06:00	2024-07-30T11:01:58.690665-05:00	TRUE	4250701	2025-06-03	7593e37dd7d692eb77a6f0e0c7e0b967	TRUE	57476948	TRUE		TRUE	TRUE
TCGA-KIRC	discovery	TCGA-BP-4334	TCGA-BP-4334-01A	Primary Tumor	1b242926-e8c1-4f9b-88fa-40211585207e	98967392-eeb4-4c7f-8578-1faf0e5dc3d6.rna_seq.augmented_star_gene_counts.tsv	269f500b985c0449416a3a70f8f5eb12	4211495	Data Release 46.0 - August 10, 2026	2026-09-11	released	5d8c131bbff59fb0c969217fc1d44e6d1503cd1f	2021-12-13T19:23:44.879347-06:00	2024-07-30T11:16:19.552478-05:00	TRUE	4211495	2025-06-03	269f500b985c0449416a3a70f8f5eb12	TRUE	38044152	TRUE		TRUE	FALSE
TCGA-KIRC	discovery	TCGA-BP-4335	TCGA-BP-4335-01A	Primary Tumor	5fc65294-257d-41eb-83b5-1cb566b1743f	5e9708b3-e612-44df-9220-5afa3b51727b.rna_seq.augmented_star_gene_counts.tsv	8f2647855a5b893d0e1d5cc4b048694f	4235535	Data Release 46.0 - August 10, 2026	2026-09-11	released	5d8c131bbff59fb0c969217fc1d44e6d1503cd1f	2021-12-13T19:38:00.999395-06:00	2024-07-30T11:06:11.062145-05:00	TRUE	4235535	2025-06-03	8f2647855a5b893d0e1d5cc4b048694f	TRUE	35970093	TRUE		TRUE	TRUE
TCGA-KIRC	discovery	TCGA-BP-4337	TCGA-BP-4337-01A	Primary Tumor	6d47118e-cd8a-4d75-970f-2f0f3aff712c	c2d35a69-8954-4316-a4d7-37ed64d6e85d.rna_seq.augmented_star_gene_counts.tsv	fdec78a51cbd21b5adfd0f4ae3aa0cda	4248433	Data Release 46.0 - August 10, 2026	2026-09-11	released	5d8c131bbff59fb0c969217fc1d44e6d1503cd1f	2021-12-13T19:25:23.762559-06:00	2024-07-30T11:10:51.459245-05:00	TRUE	4248433	2025-06-03	fdec78a51cbd21b5adfd0f4ae3aa0cda	TRUE	55534352	TRUE		TRUE	TRUE
TCGA-KIRC	discovery	TCGA-BP-4338	TCGA-BP-4338-01A	Primary Tumor	5b7970e3-9272-4919-beaa-176127e7be10	1d1b1257-df14-4a53-a25c-4ee63782d762.rna_seq.augmented_star_gene_counts.tsv	b53320c2c016ce5ed0d81aa4c0cbf630	4237891	Data Release 46.0 - August 10, 2026	2026-09-11	released	5d8c131bbff59fb0c969217fc1d44e6d1503cd1f	2021-12-13T19:13:12.324459-06:00	2024-07-30T11:16:59.372478-05:00	TRUE	4237891	2025-06-03	b53320c2c016ce5ed0d81aa4c0cbf630	TRUE	81154686	TRUE		TRUE	TRUE
TCGA-KIRC	discovery	TCGA-BP-4340	TCGA-BP-4340-01A	Primary Tumor	ffe0d448-20d6-4952-9650-03531ef6fc79	62e28d02-73f5-406c-b3ac-1474d46c2b89.rna_seq.augmented_star_gene_counts.tsv	5b6531646150bc5632db8e39038c5a44	4255797	Data Release 46.0 - August 10, 2026	2026-09-11	released	5d8c131bbff59fb0c969217fc1d44e6d1503cd1f	2021-12-13T19:22:45.964723-06:00	2024-07-30T08:55:47.067961-05:00	TRUE	4255797	2025-06-03	5b6531646150bc5632db8e39038c5a44	TRUE	70490286	TRUE		TRUE	TRUE
TCGA-KIRC	discovery	TCGA-BP-4341	TCGA-BP-4341-01A	Primary Tumor	cce6300b-bad4-411f-912d-7cb1d9fb9733	3125a35d-7ba6-4171-a7c8-d8ac7e7d2a28.rna_seq.augmented_star_gene_counts.tsv	030814f294345d5003f6769718ab2a0a	4248912	Data Release 46.0 - August 10, 2026	2026-09-11	released	5d8c131bbff59fb0c969217fc1d44e6d1503cd1f	2021-12-13T19:21:55.032488-06:00	2024-07-30T11:17:10.918436-05:00	TRUE	4248912	2025-06-03	030814f294345d5003f6769718ab2a0a	TRUE	58591972	TRUE		TRUE	TRUE
TCGA-KIRC	discovery	TCGA-BP-4342	TCGA-BP-4342-01A	Primary Tumor	fff384b3-f8cc-4754-9860-74863ff3cc23	f431375a-981d-42ab-a65d-26dc2f276a11.rna_seq.augmented_star_gene_counts.tsv	690abe3ab772e6677c9e61e7748ab2d8	4258729	Data Release 46.0 - August 10, 2026	2026-09-11	released	5d8c131bbff59fb0c969217fc1d44e6d1503cd1f	2021-12-13T19:38:35.993662-06:00	2024-07-30T08:55:41.909890-05:00	TRUE	4258729	2025-06-03	690abe3ab772e6677c9e61e7748ab2d8	TRUE	68397186	TRUE		TRUE	TRUE
TCGA-KIRC	discovery	TCGA-BP-4343	TCGA-BP-4343-01A	Primary Tumor	51a2c5e1-ba04-4178-a5b0-0ac50c870c4e	4e762ebb-963c-4a44-b239-5d9e4d699fad.rna_seq.augmented_star_gene_counts.tsv	74ca764e4310a9ce437f4748cf21c618	4233491	Data Release 46.0 - August 10, 2026	2026-09-11	released	5d8c131bbff59fb0c969217fc1d44e6d1503cd1f	2021-12-13T19:30:52.259806-06:00	2024-07-30T11:07:50.953465-05:00	TRUE	4233491	2025-06-03	74ca764e4310a9ce437f4748cf21c618	TRUE	51709482	TRUE		TRUE	TRUE
TCGA-KIRC	discovery	TCGA-BP-4344	TCGA-BP-4344-01A	Primary Tumor	b4499ca2-b2fa-430b-95f5-8d1e2ca14dc0	5132a9e4-cf46-40af-ad41-64e936920827.rna_seq.augmented_star_gene_counts.tsv	1d5492fd5e67748ad4918ed2dd634320	4245237	Data Release 46.0 - August 10, 2026	2026-09-11	released	5d8c131bbff59fb0c969217fc1d44e6d1503cd1f	2021-12-13T19:20:39.079773-06:00	2024-07-30T10:58:37.638841-05:00	TRUE	4245237	2025-06-03	1d5492fd5e67748ad4918ed2dd634320	TRUE	54479351	TRUE		TRUE	TRUE
TCGA-KIRC	discovery	TCGA-BP-4345	TCGA-BP-4345-01A	Primary Tumor	714163fc-e8ac-44f4-9ea6-5ce42e628290	85d24c0f-9fc5-4ef7-bbc1-78b62abb3b30.rna_seq.augmented_star_gene_counts.tsv	f6a2d2428c19d4463e3dafc7f113abd2	4244933	Data Release 46.0 - August 10, 2026	2026-09-11	released	5d8c131bbff59fb0c969217fc1d44e6d1503cd1f	2021-12-13T19:12:47.811274-06:00	2024-07-30T10:55:35.983039-05:00	TRUE	4244933	2025-06-03	f6a2d2428c19d4463e3dafc7f113abd2	TRUE	60821738	TRUE		TRUE	TRUE
TCGA-KIRC	discovery	TCGA-BP-4346	TCGA-BP-4346-01A	Primary Tumor	588a43e3-60a0-416b-9b79-48d863d054bf	c5f86371-23c9-4e7f-ba64-b5f4ec240a18.rna_seq.augmented_star_gene_counts.tsv	87d8dfdfabc1069b29f9cc84394dbfff	4251522	Data Release 46.0 - August 10, 2026	2026-09-11	released	5d8c131bbff59fb0c969217fc1d44e6d1503cd1f	2021-12-13T19:37:37.205952-06:00	2024-07-30T11:06:07.347230-05:00	TRUE	4251522	2025-06-03	87d8dfdfabc1069b29f9cc84394dbfff	TRUE	54155308	TRUE		TRUE	TRUE
TCGA-KIRC	discovery	TCGA-BP-4347	TCGA-BP-4347-01A	Primary Tumor	9befd66c-7e2b-4081-b933-3c69d94cad96	63e63d84-237e-429b-a97f-be55bb8cd563.rna_seq.augmented_star_gene_counts.tsv	0820b6d4d71472b3de36f09ae3e5785c	4259231	Data Release 46.0 - August 10, 2026	2026-09-11	released	5d8c131bbff59fb0c969217fc1d44e6d1503cd1f	2021-12-13T19:19:10.108318-06:00	2024-07-30T11:14:45.351543-05:00	TRUE	4259231	2025-06-03	0820b6d4d71472b3de36f09ae3e5785c	TRUE	83500436	TRUE		TRUE	TRUE
TCGA-KIRC	discovery	TCGA-BP-4349	TCGA-BP-4349-01A	Primary Tumor	c35bcaa8-f2f8-4c08-af74-910f73e5bc94	e51ccbf9-cdf0-4708-90bf-3db9ffaadab6.rna_seq.augmented_star_gene_counts.tsv	c7dfba642b4322c2980621cfee3b385a	4251836	Data Release 46.0 - August 10, 2026	2026-09-11	released	5d8c131bbff59fb0c969217fc1d44e6d1503cd1f	2021-12-13T19:33:04.998112-06:00	2024-07-30T11:16:03.706989-05:00	TRUE	4251836	2025-06-03	c7dfba642b4322c2980621cfee3b385a	TRUE	62449037	TRUE		TRUE	TRUE
TCGA-KIRC	discovery	TCGA-BP-4351	TCGA-BP-4351-01A	Primary Tumor	4850ae76-fede-466d-9362-c0d2e16335ad	06f4ee9f-fc42-43cb-afa5-25af6e7533b6.rna_seq.augmented_star_gene_counts.tsv	1ec72bebda850756ffed8ee2f050160c	4261262	Data Release 46.0 - August 10, 2026	2026-09-11	released	5d8c131bbff59fb0c969217fc1d44e6d1503cd1f	2021-12-13T19:08:17.330026-06:00	2024-07-30T11:11:23.137962-05:00	TRUE	4261262	2025-06-03	1ec72bebda850756ffed8ee2f050160c	TRUE	52550715	TRUE		TRUE	FALSE
TCGA-KIRC	discovery	TCGA-BP-4352	TCGA-BP-4352-01A	Primary Tumor	f7cb60c9-cede-46db-9266-b1437cd06a48	1f52d834-9256-4c54-b23c-d026af9d25e2.rna_seq.augmented_star_gene_counts.tsv	cd2a61ab2819eddadd11efbd8527f864	4250256	Data Release 46.0 - August 10, 2026	2026-09-11	released	5d8c131bbff59fb0c969217fc1d44e6d1503cd1f	2021-12-13T19:38:27.215582-06:00	2024-07-30T11:14:34.459364-05:00	TRUE	4250256	2025-06-03	cd2a61ab2819eddadd11efbd8527f864	TRUE	65114330	TRUE		TRUE	FALSE
TCGA-KIRC	discovery	TCGA-BP-4353	TCGA-BP-4353-01A	Primary Tumor	3c0ebda3-32a1-43ca-9b7b-0cb4c8caa33f	07d27a21-8ff2-48b1-81f4-94568d777837.rna_seq.augmented_star_gene_counts.tsv	3f0965b9b6f6e1bcf9dfca93f854fd18	4244171	Data Release 46.0 - August 10, 2026	2026-09-11	released	5d8c131bbff59fb0c969217fc1d44e6d1503cd1f	2021-12-13T19:28:33.285131-06:00	2024-07-30T10:57:52.583145-05:00	TRUE	4244171	2025-06-03	3f0965b9b6f6e1bcf9dfca93f854fd18	TRUE	56417896	TRUE		TRUE	TRUE
TCGA-KIRC	discovery	TCGA-BP-4354	TCGA-BP-4354-01A	Primary Tumor	961f4263-5071-4dfd-b626-346f916b4c9d	56255cc6-b68d-41f6-9c5f-4368ded4f094.rna_seq.augmented_star_gene_counts.tsv	272e863814ef59c80b4d9599e3fc53ef	4239925	Data Release 46.0 - August 10, 2026	2026-09-11	released	5d8c131bbff59fb0c969217fc1d44e6d1503cd1f	2021-12-13T19:22:10.777534-06:00	2024-07-30T10:56:54.315494-05:00	TRUE	4239925	2025-06-03	272e863814ef59c80b4d9599e3fc53ef	TRUE	41202095	TRUE		TRUE	TRUE
TCGA-KIRC	discovery	TCGA-BP-4355	TCGA-BP-4355-01A	Primary Tumor	9fc9bcd9-af84-44b8-bf83-f130d247e9a1	087d6f00-a74c-4d15-a84e-f0154760ba9e.rna_seq.augmented_star_gene_counts.tsv	bc56790a967acd532120d03c699f7155	4251590	Data Release 46.0 - August 10, 2026	2026-09-11	released	5d8c131bbff59fb0c969217fc1d44e6d1503cd1f	2021-12-13T19:20:14.932028-06:00	2024-07-30T11:00:52.021427-05:00	TRUE	4251590	2025-06-03	bc56790a967acd532120d03c699f7155	TRUE	55712938	TRUE		TRUE	TRUE
TCGA-KIRC	discovery	TCGA-BP-4756	TCGA-BP-4756-01A	Primary Tumor	1c5ca894-35e2-40f0-9d1a-38d25f6d6d78	ffce7349-cdf4-48b0-9238-da324d638e95.rna_seq.augmented_star_gene_counts.tsv	572ebb987b219095497086a530224322	4247137	Data Release 46.0 - August 10, 2026	2026-09-11	released	5d8c131bbff59fb0c969217fc1d44e6d1503cd1f	2021-12-13T19:04:19.104490-06:00	2024-07-30T11:12:09.034883-05:00	TRUE	4247137	2025-06-03	572ebb987b219095497086a530224322	TRUE	62601413	TRUE		TRUE	TRUE
TCGA-KIRC	discovery	TCGA-BP-4758	TCGA-BP-4758-01A	Primary Tumor	152893a4-2d02-4941-bbe9-eb038cce9ef2	9de0347a-a669-400d-93f7-d471527e05fc.rna_seq.augmented_star_gene_counts.tsv	00d5b55c47a76c9ba2cfdaffdfbf987b	4240819	Data Release 46.0 - August 10, 2026	2026-09-11	released	5d8c131bbff59fb0c969217fc1d44e6d1503cd1f	2021-12-13T19:37:15.469982-06:00	2024-07-30T10:54:57.832035-05:00	TRUE	4240819	2025-06-03	00d5b55c47a76c9ba2cfdaffdfbf987b	TRUE	70284834	TRUE		TRUE	TRUE
TCGA-KIRC	discovery	TCGA-BP-4759	TCGA-BP-4759-01A	Primary Tumor	32fb5b1c-5eac-4afc-9eac-fdde0dfe60d8	cf882991-9d69-40f0-8b94-2e192b861acc.rna_seq.augmented_star_gene_counts.tsv	6930c08479472766b706aa3c52da6a08	4230965	Data Release 46.0 - August 10, 2026	2026-09-11	released	5d8c131bbff59fb0c969217fc1d44e6d1503cd1f	2021-12-13T19:19:59.687386-06:00	2024-07-30T11:06:28.100580-05:00	TRUE	4230965	2025-06-03	6930c08479472766b706aa3c52da6a08	TRUE	63652640	TRUE		TRUE	TRUE
TCGA-KIRC	discovery	TCGA-BP-4760	TCGA-BP-4760-01A	Primary Tumor	9651c36d-8d1e-411a-9d5a-42550b73b426	356dea2a-5d2f-4fb5-825a-7018c7af6508.rna_seq.augmented_star_gene_counts.tsv	c8882fbad9dbd6108d4168c30aff41e5	4240694	Data Release 46.0 - August 10, 2026	2026-09-11	released	5d8c131bbff59fb0c969217fc1d44e6d1503cd1f	2021-12-13T19:21:52.889210-06:00	2024-07-30T10:56:59.089756-05:00	TRUE	4240694	2025-06-03	c8882fbad9dbd6108d4168c30aff41e5	TRUE	58214673	TRUE		TRUE	TRUE
TCGA-KIRC	discovery	TCGA-BP-4761	TCGA-BP-4761-01A	Primary Tumor	8b3d23b8-cf1f-49ed-bd33-f340984cca9b	9a4a60b4-9790-424c-87e9-a2fd2b55361a.rna_seq.augmented_star_gene_counts.tsv	4f2d4ba1764e1a4342fb619aea92801f	4231379	Data Release 46.0 - August 10, 2026	2026-09-11	released	5d8c131bbff59fb0c969217fc1d44e6d1503cd1f	2021-12-13T19:31:05.705124-06:00	2024-07-30T11:11:17.152207-05:00	TRUE	4231379	2025-06-03	4f2d4ba1764e1a4342fb619aea92801f	TRUE	57492419	TRUE		TRUE	TRUE
TCGA-KIRC	discovery	TCGA-BP-4762	TCGA-BP-4762-01A	Primary Tumor	4dcd0f2b-a6c0-4732-92eb-37a593afd93a	5a430bfd-9123-496e-b77c-220f47f1fdc5.rna_seq.augmented_star_gene_counts.tsv	641f5f51998cb59f4ded9ebd919bfeeb	4242004	Data Release 46.0 - August 10, 2026	2026-09-11	released	5d8c131bbff59fb0c969217fc1d44e6d1503cd1f	2021-12-13T19:39:43.678131-06:00	2024-07-30T10:59:01.563598-05:00	TRUE	4242004	2025-06-03	641f5f51998cb59f4ded9ebd919bfeeb	TRUE	58706336	TRUE		TRUE	TRUE
TCGA-KIRC	discovery	TCGA-BP-4763	TCGA-BP-4763-01A	Primary Tumor	578db3bb-5ca7-413d-a38b-79876d4b98ac	dbc81626-bcbc-4e80-9bfe-818ee7bb1ac3.rna_seq.augmented_star_gene_counts.tsv	31f0074fcf7f00c3f221952a77605cea	4239612	Data Release 46.0 - August 10, 2026	2026-09-11	released	5d8c131bbff59fb0c969217fc1d44e6d1503cd1f	2021-12-13T19:40:06.160702-06:00	2024-07-30T11:07:38.450015-05:00	TRUE	4239612	2025-06-03	31f0074fcf7f00c3f221952a77605cea	TRUE	55755165	TRUE		TRUE	TRUE
TCGA-KIRC	discovery	TCGA-BP-4765	TCGA-BP-4765-01A	Primary Tumor	f7a5094f-fea0-4ddf-ac40-8265cddbabc2	bd21b41f-1084-43b9-8554-841e58ce6b95.rna_seq.augmented_star_gene_counts.tsv	6048cd4f475e2a0898af9f0e6219188d	4254084	Data Release 46.0 - August 10, 2026	2026-09-11	released	5d8c131bbff59fb0c969217fc1d44e6d1503cd1f	2021-12-13T19:33:33.846468-06:00	2024-07-30T10:55:10.822280-05:00	TRUE	4254084	2025-06-03	6048cd4f475e2a0898af9f0e6219188d	TRUE	68125494	TRUE		TRUE	TRUE
TCGA-KIRC	discovery	TCGA-BP-4766	TCGA-BP-4766-01A	Primary Tumor	4b881bd7-355b-4b47-8c00-41734f8e01d2	36cd2f44-687f-4894-a41d-5d01ee45de7c.rna_seq.augmented_star_gene_counts.tsv	73f44722ff870f40a2a40121687210bb	4255418	Data Release 46.0 - August 10, 2026	2026-09-11	released	5d8c131bbff59fb0c969217fc1d44e6d1503cd1f	2021-12-13T19:16:49.964045-06:00	2024-07-30T11:00:49.211791-05:00	TRUE	4255418	2025-06-03	73f44722ff870f40a2a40121687210bb	TRUE	71136965	TRUE		TRUE	TRUE
TCGA-KIRC	discovery	TCGA-BP-4768	TCGA-BP-4768-01A	Primary Tumor	dcc70515-99c2-4867-b39a-e4c3e3a66430	86f3f0b9-56f4-4239-8162-6d24c108d880.rna_seq.augmented_star_gene_counts.tsv	a77dc465f579f16d8df2a3b547c8e4c7	4249733	Data Release 46.0 - August 10, 2026	2026-09-11	released	5d8c131bbff59fb0c969217fc1d44e6d1503cd1f	2021-12-13T19:23:27.890846-06:00	2024-07-30T11:00:33.353575-05:00	TRUE	4249733	2025-06-03	a77dc465f579f16d8df2a3b547c8e4c7	TRUE	68398746	TRUE		TRUE	TRUE
TCGA-KIRC	discovery	TCGA-BP-4769	TCGA-BP-4769-01A	Primary Tumor	c69d9c36-61e3-4985-b17b-b64bd7ed3821	eb8069ea-756b-4d4c-9c14-dd2b8b2a7af6.rna_seq.augmented_star_gene_counts.tsv	c64cddb1608ac0c88fe715c8912259fd	4244146	Data Release 46.0 - August 10, 2026	2026-09-11	released	5d8c131bbff59fb0c969217fc1d44e6d1503cd1f	2021-12-13T19:19:53.258423-06:00	2024-07-30T11:15:39.204719-05:00	TRUE	4244146	2025-06-03	c64cddb1608ac0c88fe715c8912259fd	TRUE	53406781	TRUE		TRUE	TRUE
TCGA-KIRC	discovery	TCGA-BP-4770	TCGA-BP-4770-01A	Primary Tumor	e8a098f6-ed3e-46a8-ae16-2f130a5fb715	e153d3a3-b0d6-4658-bb1b-33cd3315d7a8.rna_seq.augmented_star_gene_counts.tsv	64eae6e988107bff5b885c44a786d3df	4241418	Data Release 46.0 - August 10, 2026	2026-09-11	released	5d8c131bbff59fb0c969217fc1d44e6d1503cd1f	2021-12-13T19:04:02.534798-06:00	2024-07-30T11:18:04.515255-05:00	TRUE	4241418	2025-06-03	64eae6e988107bff5b885c44a786d3df	TRUE	74039926	TRUE		TRUE	FALSE
TCGA-KIRC	discovery	TCGA-BP-4771	TCGA-BP-4771-01A	Primary Tumor	ed4e33b6-e610-40f6-a9cb-68d27b24b7ea	1b42fc61-0ec5-4da2-907e-39388ec70382.rna_seq.augmented_star_gene_counts.tsv	5962f682d6d354ca5c428ad1b778c259	4253346	Data Release 46.0 - August 10, 2026	2026-09-11	released	5d8c131bbff59fb0c969217fc1d44e6d1503cd1f	2021-12-13T19:12:37.658579-06:00	2024-07-30T11:14:00.043111-05:00	TRUE	4253346	2025-06-03	5962f682d6d354ca5c428ad1b778c259	TRUE	63600237	TRUE		TRUE	TRUE
TCGA-KIRC	discovery	TCGA-BP-4774	TCGA-BP-4774-01A	Primary Tumor	4d4db765-51e5-4549-a559-114bae985a88	58aca312-0c99-480d-896d-85f22ba98bdc.rna_seq.augmented_star_gene_counts.tsv	6198be5fe32d072adf239647246d5f2a	4251391	Data Release 46.0 - August 10, 2026	2026-09-11	released	5d8c131bbff59fb0c969217fc1d44e6d1503cd1f	2021-12-13T19:07:46.095509-06:00	2024-07-30T11:10:46.434943-05:00	TRUE	4251391	2025-06-03	6198be5fe32d072adf239647246d5f2a	TRUE	61950421	TRUE		TRUE	TRUE
TCGA-KIRC	discovery	TCGA-BP-4775	TCGA-BP-4775-01A	Primary Tumor	df48958f-3172-45ec-a6fb-88fc66ff6ae4	b87fe250-4800-4a9f-945e-7544057449d9.rna_seq.augmented_star_gene_counts.tsv	e0e5fa65dc6aabd84eb6329966c53673	4254453	Data Release 46.0 - August 10, 2026	2026-09-11	released	5d8c131bbff59fb0c969217fc1d44e6d1503cd1f	2021-12-13T19:41:35.385911-06:00	2024-07-30T10:56:04.970655-05:00	TRUE	4254453	2025-06-03	e0e5fa65dc6aabd84eb6329966c53673	TRUE	60729554	TRUE		TRUE	TRUE
TCGA-KIRC	discovery	TCGA-BP-4776	TCGA-BP-4776-01A	Primary Tumor	ee6d69a8-5bb0-4271-b349-3bcad539b275	0ec95e8a-4cdc-48a0-925d-0ef00136e359.rna_seq.augmented_star_gene_counts.tsv	2c5483c6d255ab969bda1d8d04062b2c	4225875	Data Release 46.0 - August 10, 2026	2026-09-11	released	5d8c131bbff59fb0c969217fc1d44e6d1503cd1f	2021-12-13T19:20:10.884703-06:00	2024-07-30T11:12:36.384050-05:00	TRUE	4225875	2025-06-03	2c5483c6d255ab969bda1d8d04062b2c	TRUE	37143398	TRUE		TRUE	TRUE
TCGA-KIRC	discovery	TCGA-BP-4777	TCGA-BP-4777-01A	Primary Tumor	742932b6-cf2c-4750-9a0c-145ec93d1da0	7c23340d-783e-4bea-972f-daec4d9a8bf1.rna_seq.augmented_star_gene_counts.tsv	82be2df4844d0bb498f0f4ba9042817d	4244704	Data Release 46.0 - August 10, 2026	2026-09-11	released	5d8c131bbff59fb0c969217fc1d44e6d1503cd1f	2021-12-13T19:15:23.793424-06:00	2024-07-30T11:16:09.994604-05:00	TRUE	4244704	2025-06-03	82be2df4844d0bb498f0f4ba9042817d	TRUE	61542029	TRUE		TRUE	TRUE
TCGA-KIRC	discovery	TCGA-BP-4781	TCGA-BP-4781-01A	Primary Tumor	5f2edb2e-9b7f-44d6-af6c-ff958631cf6a	26de8d84-baea-40ed-8187-aa61aa31b2fd.rna_seq.augmented_star_gene_counts.tsv	9beb4755a890a8e006f5f5547252eb5f	4242479	Data Release 46.0 - August 10, 2026	2026-09-11	released	5d8c131bbff59fb0c969217fc1d44e6d1503cd1f	2021-12-13T19:22:24.081777-06:00	2024-07-30T11:12:22.679268-05:00	TRUE	4242479	2025-06-03	9beb4755a890a8e006f5f5547252eb5f	TRUE	57026884	TRUE		TRUE	TRUE
TCGA-KIRC	discovery	TCGA-BP-4782	TCGA-BP-4782-01A	Primary Tumor	2670a02b-5a81-45b7-8b6c-f94b21bd2aa1	9391a2ca-3305-4030-b806-a9d9ea612af8.rna_seq.augmented_star_gene_counts.tsv	0456141c9704cc6dd5e8e43e2d0fb2b2	4242078	Data Release 46.0 - August 10, 2026	2026-09-11	released	5d8c131bbff59fb0c969217fc1d44e6d1503cd1f	2021-12-13T19:24:42.728025-06:00	2024-07-30T10:54:01.991447-05:00	TRUE	4242078	2025-06-03	0456141c9704cc6dd5e8e43e2d0fb2b2	TRUE	58521970	TRUE		TRUE	TRUE
TCGA-KIRC	discovery	TCGA-BP-4784	TCGA-BP-4784-01A	Primary Tumor	0c5ce27e-46a9-4868-880d-c7e87391cdf9	e1cfed22-6157-4030-971a-8a9fa033aa8d.rna_seq.augmented_star_gene_counts.tsv	4fc82eb0b7ae3ac59ffa4b6efa414f3b	4238911	Data Release 46.0 - August 10, 2026	2026-09-11	released	5d8c131bbff59fb0c969217fc1d44e6d1503cd1f	2021-12-13T19:40:52.557380-06:00	2024-07-30T11:11:19.560821-05:00	TRUE	4238911	2025-06-03	4fc82eb0b7ae3ac59ffa4b6efa414f3b	TRUE	53000806	TRUE		TRUE	TRUE
TCGA-KIRC	discovery	TCGA-BP-4787	TCGA-BP-4787-01A	Primary Tumor	68aef922-b430-4183-baf0-fd980deaeaa0	af8472e3-030e-428f-aa2d-6bb409a1b58a.rna_seq.augmented_star_gene_counts.tsv	4887a3fa75ae199fb463e0e25cbb9ec9	4239901	Data Release 46.0 - August 10, 2026	2026-09-11	released	5d8c131bbff59fb0c969217fc1d44e6d1503cd1f	2021-12-13T19:36:27.128132-06:00	2024-07-30T11:01:47.719240-05:00	TRUE	4239901	2025-06-03	4887a3fa75ae199fb463e0e25cbb9ec9	TRUE	53165128	TRUE		TRUE	TRUE
TCGA-KIRC	discovery	TCGA-BP-4789	TCGA-BP-4789-01A	Primary Tumor	976e2956-36c4-4451-94bc-19a9e7bb861c	c1969e52-8262-4d02-9e30-59c59702b906.rna_seq.augmented_star_gene_counts.tsv	68a61795eee5255dab6b939447e4b855	4246736	Data Release 46.0 - August 10, 2026	2026-09-11	released	5d8c131bbff59fb0c969217fc1d44e6d1503cd1f	2021-12-13T19:29:41.120218-06:00	2024-07-30T11:18:14.168235-05:00	TRUE	4246736	2025-06-03	68a61795eee5255dab6b939447e4b855	TRUE	63981877	TRUE		TRUE	TRUE
TCGA-KIRC	discovery	TCGA-BP-4790	TCGA-BP-4790-01A	Primary Tumor	84541c24-ecb8-47a6-9e6f-45a6fe854d93	44bdb239-7467-4690-8fc1-9edc635f6bb7.rna_seq.augmented_star_gene_counts.tsv	75e8ecb50b28a168ac02ed32b3ab35d6	4244396	Data Release 46.0 - August 10, 2026	2026-09-11	released	5d8c131bbff59fb0c969217fc1d44e6d1503cd1f	2021-12-13T19:05:32.721909-06:00	2024-07-30T11:14:01.201490-05:00	TRUE	4244396	2025-06-03	75e8ecb50b28a168ac02ed32b3ab35d6	TRUE	48341372	TRUE		TRUE	TRUE
TCGA-KIRC	discovery	TCGA-BP-4795	TCGA-BP-4795-01A	Primary Tumor	58585ab6-9163-4bfb-ae55-9529ad1bc3aa	e50d64a6-92ef-4354-8d13-480a5cc74f78.rna_seq.augmented_star_gene_counts.tsv	496ab2e5514fc45cc60627c58f9589de	4247368	Data Release 46.0 - August 10, 2026	2026-09-11	released	5d8c131bbff59fb0c969217fc1d44e6d1503cd1f	2021-12-13T19:40:28.758946-06:00	2024-07-30T11:14:28.095965-05:00	TRUE	4247368	2025-06-03	496ab2e5514fc45cc60627c58f9589de	TRUE	65214296	TRUE		TRUE	TRUE
TCGA-KIRC	discovery	TCGA-BP-4797	TCGA-BP-4797-01A	Primary Tumor	1164d793-7d50-42c9-9b8c-74affd93964d	002049e1-5d2b-4019-a9ed-61a90fd952ce.rna_seq.augmented_star_gene_counts.tsv	61ae135adf65a31548ce0ea56036d4a9	4244542	Data Release 46.0 - August 10, 2026	2026-09-11	released	5d8c131bbff59fb0c969217fc1d44e6d1503cd1f	2021-12-13T19:05:52.633125-06:00	2024-07-30T11:18:11.820865-05:00	TRUE	4244542	2025-06-03	61ae135adf65a31548ce0ea56036d4a9	TRUE	75166074	TRUE		TRUE	TRUE
TCGA-KIRC	discovery	TCGA-BP-4798	TCGA-BP-4798-01A	Primary Tumor	6b920c35-ec0c-4772-9163-a22f4cb27c9f	d9a2ac5c-4489-4654-9564-639a60161663.rna_seq.augmented_star_gene_counts.tsv	b3cabc00a0bbd67bbf69d01341695b52	4249380	Data Release 46.0 - August 10, 2026	2026-09-11	released	5d8c131bbff59fb0c969217fc1d44e6d1503cd1f	2021-12-13T19:10:32.530256-06:00	2024-07-30T10:54:55.368613-05:00	TRUE	4249380	2025-06-03	b3cabc00a0bbd67bbf69d01341695b52	TRUE	59638683	TRUE		TRUE	TRUE
TCGA-KIRC	discovery	TCGA-BP-4799	TCGA-BP-4799-01A	Primary Tumor	1078f9da-8238-45d4-ac09-a4b5d3b75743	92e7f40f-841b-4c2f-90f5-36f5ce6bb364.rna_seq.augmented_star_gene_counts.tsv	b25e9d67ec135874dc44962f326497c1	4217450	Data Release 46.0 - August 10, 2026	2026-09-11	released	5d8c131bbff59fb0c969217fc1d44e6d1503cd1f	2021-12-13T19:09:28.014598-06:00	2024-07-30T10:57:31.210240-05:00	TRUE	4217450	2025-06-03	b25e9d67ec135874dc44962f326497c1	TRUE	59860427	TRUE		TRUE	TRUE
TCGA-KIRC	discovery	TCGA-BP-4801	TCGA-BP-4801-01A	Primary Tumor	929af903-a778-4a8c-9d04-de3c9d9df5eb	b6acbf64-7f21-4723-b89b-afd58a4a77cf.rna_seq.augmented_star_gene_counts.tsv	5449edae46cde37e138c861308a03729	4241651	Data Release 46.0 - August 10, 2026	2026-09-11	released	5d8c131bbff59fb0c969217fc1d44e6d1503cd1f	2021-12-13T19:23:35.612030-06:00	2024-07-30T11:11:31.865572-05:00	TRUE	4241651	2025-06-03	5449edae46cde37e138c861308a03729	TRUE	59532505	TRUE		TRUE	TRUE
TCGA-KIRC	discovery	TCGA-BP-4803	TCGA-BP-4803-01A	Primary Tumor	5a1cd867-8bad-4e36-908a-c82b6ae64083	0cd8ea32-8f53-4bcd-a778-4a4cc0ca6fa6.rna_seq.augmented_star_gene_counts.tsv	5d2c6c6c757ec1c43c0f207247363eea	4240667	Data Release 46.0 - August 10, 2026	2026-09-11	released	5d8c131bbff59fb0c969217fc1d44e6d1503cd1f	2021-12-13T19:38:40.584251-06:00	2024-07-30T11:10:17.629653-05:00	TRUE	4240667	2025-06-03	5d2c6c6c757ec1c43c0f207247363eea	TRUE	62426005	TRUE		TRUE	TRUE
TCGA-KIRC	discovery	TCGA-BP-4804	TCGA-BP-4804-01A	Primary Tumor	1a106eaf-ff8d-43eb-8720-8be7ba8d9888	40b404b9-cc48-4c9f-8206-61fc10e5674a.rna_seq.augmented_star_gene_counts.tsv	b60af1d7099a1e9ebf044a0c0c99461c	4233101	Data Release 46.0 - August 10, 2026	2026-09-11	released	5d8c131bbff59fb0c969217fc1d44e6d1503cd1f	2021-12-13T19:42:18.398794-06:00	2024-07-30T11:04:20.871460-05:00	TRUE	4233101	2025-06-03	b60af1d7099a1e9ebf044a0c0c99461c	TRUE	39767215	TRUE		TRUE	TRUE
TCGA-KIRC	discovery	TCGA-BP-4807	TCGA-BP-4807-01A	Primary Tumor	e8871fd9-41a0-4c1f-b44c-ea7beea35ebe	ece6656a-f021-4b50-91ef-cc81f42978b7.rna_seq.augmented_star_gene_counts.tsv	1e8cbe700ccaafb38ea4af5e69c2b7e5	4233392	Data Release 46.0 - August 10, 2026	2026-09-11	released	5d8c131bbff59fb0c969217fc1d44e6d1503cd1f	2021-12-13T19:17:48.238338-06:00	2024-07-30T11:09:35.369152-05:00	TRUE	4233392	2025-06-03	1e8cbe700ccaafb38ea4af5e69c2b7e5	TRUE	45688257	TRUE		TRUE	TRUE
TCGA-KIRC	discovery	TCGA-BP-4959	TCGA-BP-4959-01A	Primary Tumor	bacd130e-c30f-40aa-8e9e-ef8076f7a6db	758795ed-2f5a-429a-ac99-c2696d64caca.rna_seq.augmented_star_gene_counts.tsv	cc04e13fc16fe4f74766286b248ebb70	4243406	Data Release 46.0 - August 10, 2026	2026-09-11	released	5d8c131bbff59fb0c969217fc1d44e6d1503cd1f	2021-12-13T19:19:38.512063-06:00	2024-07-30T10:56:34.827733-05:00	TRUE	4243406	2025-06-03	cc04e13fc16fe4f74766286b248ebb70	TRUE	77411484	TRUE		TRUE	TRUE
TCGA-KIRC	discovery	TCGA-BP-4960	TCGA-BP-4960-01A	Primary Tumor	eeb522fe-ab63-4e1f-b2cf-de74af6b64f2	7c73fcc1-2a68-4c8a-ac89-0c16875e4724.rna_seq.augmented_star_gene_counts.tsv	6413eed189103bc2f7f5ae6dad31f358	4240863	Data Release 46.0 - August 10, 2026	2026-09-11	released	5d8c131bbff59fb0c969217fc1d44e6d1503cd1f	2021-12-13T19:27:35.461176-06:00	2024-07-30T11:00:35.745362-05:00	TRUE	4240863	2025-06-03	6413eed189103bc2f7f5ae6dad31f358	TRUE	66839977	TRUE		TRUE	TRUE
TCGA-KIRC	discovery	TCGA-BP-4961	TCGA-BP-4961-01A	Primary Tumor	563b7a76-4875-41e3-a39f-c36f4476c159	dc3d0ed5-1073-4786-b50d-0a5cda44b2b5.rna_seq.augmented_star_gene_counts.tsv	87dc86bfbd64ace78482909f6e57a3f3	4256482	Data Release 46.0 - August 10, 2026	2026-09-11	released	5d8c131bbff59fb0c969217fc1d44e6d1503cd1f	2021-12-13T19:14:12.508197-06:00	2024-07-30T10:56:10.120574-05:00	TRUE	4256482	2025-06-03	87dc86bfbd64ace78482909f6e57a3f3	TRUE	79877048	TRUE		TRUE	TRUE
TCGA-KIRC	discovery	TCGA-BP-4962	TCGA-BP-4962-01A	Primary Tumor	9e969cab-9be7-4aa5-957f-5868071cd1c7	3aab23a2-8dab-434e-8a9c-65ead8d76cbc.rna_seq.augmented_star_gene_counts.tsv	f05772b050a1e4d8595cf8090473fb10	4241060	Data Release 46.0 - August 10, 2026	2026-09-11	released	5d8c131bbff59fb0c969217fc1d44e6d1503cd1f	2021-12-13T19:05:17.157793-06:00	2024-07-30T10:55:08.464544-05:00	TRUE	4241060	2025-06-03	f05772b050a1e4d8595cf8090473fb10	TRUE	72097018	TRUE		TRUE	TRUE
TCGA-KIRC	discovery	TCGA-BP-4963	TCGA-BP-4963-01A	Primary Tumor	a89b3ab8-977d-4c4d-8323-ca8d6df792e4	f1171117-057d-4260-a664-d8d96511c5c6.rna_seq.augmented_star_gene_counts.tsv	025e640273e9a360905db65803448a0c	4251784	Data Release 46.0 - August 10, 2026	2026-09-11	released	5d8c131bbff59fb0c969217fc1d44e6d1503cd1f	2021-12-13T19:24:19.531376-06:00	2024-07-30T11:18:32.836783-05:00	TRUE	4251784	2025-06-03	025e640273e9a360905db65803448a0c	TRUE	61274847	TRUE		TRUE	TRUE
TCGA-KIRC	discovery	TCGA-BP-4964	TCGA-BP-4964-01A	Primary Tumor	00174492-1adc-4310-8147-a622befbb466	84e40c7e-2f60-4461-b14c-0859697295a4.rna_seq.augmented_star_gene_counts.tsv	b79fada02ab04f7e0aa77bd3b2629a86	4254675	Data Release 46.0 - August 10, 2026	2026-09-11	released	5d8c131bbff59fb0c969217fc1d44e6d1503cd1f	2021-12-13T19:24:56.477686-06:00	2024-07-30T10:54:44.369819-05:00	TRUE	4254675	2025-06-03	b79fada02ab04f7e0aa77bd3b2629a86	TRUE	76487383	TRUE		TRUE	TRUE
TCGA-KIRC	discovery	TCGA-BP-4965	TCGA-BP-4965-01A	Primary Tumor	4a29721a-1de3-4e14-b905-f39aacb1bd53	1fced4a1-6992-4189-84d9-fddce3e3b937.rna_seq.augmented_star_gene_counts.tsv	9eaa62903907b3001326a9237901176b	4260833	Data Release 46.0 - August 10, 2026	2026-09-11	released	5d8c131bbff59fb0c969217fc1d44e6d1503cd1f	2021-12-13T19:03:21.300746-06:00	2024-07-30T11:06:19.658961-05:00	TRUE	4260833	2025-06-03	9eaa62903907b3001326a9237901176b	TRUE	93742121	TRUE		TRUE	TRUE
TCGA-KIRC	discovery	TCGA-BP-4967	TCGA-BP-4967-01A	Primary Tumor	c2bbfd1c-59bb-42a8-8987-1d36865ec762	66ff55cf-f1a5-46e7-aca6-22a5d659731d.rna_seq.augmented_star_gene_counts.tsv	358ea25b1d219d8f41bf51a8016629ba	4253858	Data Release 46.0 - August 10, 2026	2026-09-11	released	5d8c131bbff59fb0c969217fc1d44e6d1503cd1f	2021-12-13T19:22:35.722133-06:00	2024-07-30T11:03:35.219816-05:00	TRUE	4253858	2025-06-03	358ea25b1d219d8f41bf51a8016629ba	TRUE	77595505	TRUE		TRUE	TRUE
TCGA-KIRC	discovery	TCGA-BP-4968	TCGA-BP-4968-01A	Primary Tumor	60ae8b09-673e-418f-abda-7e3ce228c808	63031ef8-ece4-4472-a07c-8177f6089455.rna_seq.augmented_star_gene_counts.tsv	09009b796642d5e0a09ed608e7ac4006	4254074	Data Release 46.0 - August 10, 2026	2026-09-11	released	5d8c131bbff59fb0c969217fc1d44e6d1503cd1f	2021-12-13T19:23:23.990614-06:00	2024-07-30T11:05:40.475291-05:00	TRUE	4254074	2025-06-03	09009b796642d5e0a09ed608e7ac4006	TRUE	73736727	TRUE		TRUE	TRUE
TCGA-KIRC	discovery	TCGA-BP-4969	TCGA-BP-4969-01A	Primary Tumor	6dc1b313-81c8-4b4d-8fcd-07ad3fe499f7	95bd9ee8-3c36-40e7-9fbe-780421c93702.rna_seq.augmented_star_gene_counts.tsv	db3fb807a5e3cfe229616b4cf15d890f	4249340	Data Release 46.0 - August 10, 2026	2026-09-11	released	5d8c131bbff59fb0c969217fc1d44e6d1503cd1f	2021-12-13T19:32:07.483598-06:00	2024-07-30T11:09:47.756966-05:00	TRUE	4249340	2025-06-03	db3fb807a5e3cfe229616b4cf15d890f	TRUE	65640832	TRUE		TRUE	TRUE
TCGA-KIRC	discovery	TCGA-BP-4970	TCGA-BP-4970-01A	Primary Tumor	ab55b80d-abac-431c-bd6e-e5e1ed46210f	d1d3a640-c81d-4636-ae22-cc0e6c1d289d.rna_seq.augmented_star_gene_counts.tsv	a61ab37309c0fd95f59f5cdc7894359a	4257711	Data Release 46.0 - August 10, 2026	2026-09-11	released	5d8c131bbff59fb0c969217fc1d44e6d1503cd1f	2021-12-13T19:09:54.559596-06:00	2024-07-30T10:59:07.810698-05:00	TRUE	4257711	2025-06-03	a61ab37309c0fd95f59f5cdc7894359a	TRUE	89927393	TRUE		TRUE	TRUE
TCGA-KIRC	discovery	TCGA-BP-4971	TCGA-BP-4971-01A	Primary Tumor	6b95e135-1a51-4d0c-bd2c-ab55273a3eb7	7a6b27cb-f41f-4d57-9116-179c76283d6f.rna_seq.augmented_star_gene_counts.tsv	1cf9c4531fad35e5feaf60c462122a87	4260534	Data Release 46.0 - August 10, 2026	2026-09-11	released	5d8c131bbff59fb0c969217fc1d44e6d1503cd1f	2021-12-13T19:16:37.790041-06:00	2024-07-30T10:54:54.112557-05:00	TRUE	4260534	2025-06-03	1cf9c4531fad35e5feaf60c462122a87	TRUE	74020443	TRUE		TRUE	FALSE
TCGA-KIRC	discovery	TCGA-BP-4972	TCGA-BP-4972-01A	Primary Tumor	e6a09aba-4d6e-4079-9b34-0e9caf705885	05468136-c936-455f-b5dd-75062f8df0fd.rna_seq.augmented_star_gene_counts.tsv	54ac4c10cbb1171e029ac99d0ea17901	4260474	Data Release 46.0 - August 10, 2026	2026-09-11	released	5d8c131bbff59fb0c969217fc1d44e6d1503cd1f	2021-12-13T19:19:05.676921-06:00	2024-07-30T11:09:02.407023-05:00	TRUE	4260474	2025-06-03	54ac4c10cbb1171e029ac99d0ea17901	TRUE	95820546	TRUE		TRUE	TRUE
TCGA-KIRC	discovery	TCGA-BP-4973	TCGA-BP-4973-01A	Primary Tumor	6d560c49-6d99-467b-b2a9-5d236eff9f87	1f758d8e-3f2c-4f10-b80b-ce3daba6e0d9.rna_seq.augmented_star_gene_counts.tsv	d458195254e53c4ddf9185fd4a1368e6	4260164	Data Release 46.0 - August 10, 2026	2026-09-11	released	5d8c131bbff59fb0c969217fc1d44e6d1503cd1f	2021-12-13T19:27:30.158419-06:00	2024-07-30T11:10:45.044190-05:00	TRUE	4260164	2025-06-03	d458195254e53c4ddf9185fd4a1368e6	TRUE	83508225	TRUE		TRUE	TRUE
TCGA-KIRC	discovery	TCGA-BP-4974	TCGA-BP-4974-01A	Primary Tumor	4ab781c9-0569-4b74-b233-a8d898392f66	e9f0cec9-e987-45ad-96a7-7c9aed6c3f78.rna_seq.augmented_star_gene_counts.tsv	aa57e67f714bee44c13a855e7e953c76	4270051	Data Release 46.0 - August 10, 2026	2026-09-11	released	5d8c131bbff59fb0c969217fc1d44e6d1503cd1f	2021-12-13T19:27:50.415455-06:00	2024-07-30T10:59:50.295405-05:00	TRUE	4270051	2025-06-03	aa57e67f714bee44c13a855e7e953c76	TRUE	87451167	TRUE		TRUE	TRUE
TCGA-KIRC	discovery	TCGA-BP-4975	TCGA-BP-4975-01A	Primary Tumor	c55cb5e4-8428-4a52-9a84-101b6e823265	22743fbf-493d-4adb-9130-632882dfae03.rna_seq.augmented_star_gene_counts.tsv	9c2090f924c7b9a86438f84fe55d8efc	4256935	Data Release 46.0 - August 10, 2026	2026-09-11	released	5d8c131bbff59fb0c969217fc1d44e6d1503cd1f	2021-12-13T19:41:38.416650-06:00	2024-07-30T11:03:32.505303-05:00	TRUE	4256935	2025-06-03	9c2090f924c7b9a86438f84fe55d8efc	TRUE	92577693	TRUE		TRUE	TRUE
TCGA-KIRC	discovery	TCGA-BP-4976	TCGA-BP-4976-01A	Primary Tumor	ba97a1ce-36b3-4212-960b-b64a7cc2ea82	fc8c105f-9904-4f9b-8af8-61c49c1a3261.rna_seq.augmented_star_gene_counts.tsv	bfaf447464565b3849da4b94a753dd0d	4249507	Data Release 46.0 - August 10, 2026	2026-09-11	released	5d8c131bbff59fb0c969217fc1d44e6d1503cd1f	2021-12-13T19:08:47.550983-06:00	2024-07-30T11:13:44.035929-05:00	TRUE	4249507	2025-06-03	bfaf447464565b3849da4b94a753dd0d	TRUE	84984153	TRUE		TRUE	TRUE
TCGA-KIRC	discovery	TCGA-BP-4977	TCGA-BP-4977-01A	Primary Tumor	3bca5269-8bb3-4826-bc22-e7b068853f45	44dce722-f50f-4b75-bcf4-aac9afd39e41.rna_seq.augmented_star_gene_counts.tsv	21b898c27d7114774b3fe1bd3656b911	4261628	Data Release 46.0 - August 10, 2026	2026-09-11	released	5d8c131bbff59fb0c969217fc1d44e6d1503cd1f	2021-12-13T19:07:35.944992-06:00	2024-07-30T10:57:46.428391-05:00	TRUE	4261628	2025-06-03	21b898c27d7114774b3fe1bd3656b911	TRUE	77061364	TRUE		TRUE	TRUE
TCGA-KIRC	discovery	TCGA-BP-4981	TCGA-BP-4981-01A	Primary Tumor	b65b4ebc-e8b9-4926-8761-56b99fbd9e9a	19f6bda2-39bb-4733-8efc-a4626afb6bd1.rna_seq.augmented_star_gene_counts.tsv	80e4eba0693baeaac637a9f001fc03cc	4237600	Data Release 46.0 - August 10, 2026	2026-09-11	released	5d8c131bbff59fb0c969217fc1d44e6d1503cd1f	2021-12-13T19:03:42.128646-06:00	2024-07-30T11:01:48.995307-05:00	TRUE	4237600	2025-06-03	80e4eba0693baeaac637a9f001fc03cc	TRUE	58983423	TRUE		TRUE	TRUE
TCGA-KIRC	discovery	TCGA-BP-4982	TCGA-BP-4982-01A	Primary Tumor	5d803708-5262-42a8-a390-71a3d800347d	147bf43c-c4f9-4cb2-9ccd-b468117ed7e5.rna_seq.augmented_star_gene_counts.tsv	e435801719e43f759ff97154268fc529	4261484	Data Release 46.0 - August 10, 2026	2026-09-11	released	5d8c131bbff59fb0c969217fc1d44e6d1503cd1f	2021-12-13T19:17:59.130006-06:00	2024-07-30T10:56:15.095474-05:00	TRUE	4261484	2025-06-03	e435801719e43f759ff97154268fc529	TRUE	78085222	TRUE		TRUE	TRUE
TCGA-KIRC	discovery	TCGA-BP-4983	TCGA-BP-4983-01A	Primary Tumor	017de1fe-6f36-4324-a20a-9d9ee3439d8f	1b366431-2a13-45a5-a21e-931d473de6d4.rna_seq.augmented_star_gene_counts.tsv	6efc553ea2bad97e073df20c37701754	4250539	Data Release 46.0 - August 10, 2026	2026-09-11	released	5d8c131bbff59fb0c969217fc1d44e6d1503cd1f	2021-12-13T19:10:36.616393-06:00	2024-07-30T11:12:43.453922-05:00	TRUE	4250539	2025-06-03	6efc553ea2bad97e073df20c37701754	TRUE	68451637	TRUE		TRUE	TRUE
TCGA-KIRC	discovery	TCGA-BP-4985	TCGA-BP-4985-01A	Primary Tumor	8e4576b0-ae52-47fa-b4a0-eaaed1fefcd2	3cc8533e-836e-487b-abe6-c9b755921fab.rna_seq.augmented_star_gene_counts.tsv	936674fb2f90f096f52975ae94bae435	4244173	Data Release 46.0 - August 10, 2026	2026-09-11	released	5d8c131bbff59fb0c969217fc1d44e6d1503cd1f	2021-12-13T19:18:05.605841-06:00	2024-07-30T11:07:00.603546-05:00	TRUE	4244173	2025-06-03	936674fb2f90f096f52975ae94bae435	TRUE	74403099	TRUE		TRUE	TRUE
TCGA-KIRC	discovery	TCGA-BP-4986	TCGA-BP-4986-01A	Primary Tumor	dd7f3972-e7c6-422b-84ed-a8038645a52b	56a452e7-275e-45ed-957d-70f49a1291ad.rna_seq.augmented_star_gene_counts.tsv	46896509dcfe11cf9c396c3935615d97	4261084	Data Release 46.0 - August 10, 2026	2026-09-11	released	5d8c131bbff59fb0c969217fc1d44e6d1503cd1f	2021-12-13T19:16:36.053902-06:00	2024-07-30T11:12:44.630613-05:00	TRUE	4261084	2025-06-03	46896509dcfe11cf9c396c3935615d97	TRUE	74464511	TRUE		TRUE	TRUE
TCGA-KIRC	discovery	TCGA-BP-4987	TCGA-BP-4987-01A	Primary Tumor	72595e5d-dab6-4d89-8332-6b0a599e218b	78fee080-1a9e-4f7b-a6a3-1173ce9cd775.rna_seq.augmented_star_gene_counts.tsv	c907f794203d2c16edf80ddac3492d61	4252345	Data Release 46.0 - August 10, 2026	2026-09-11	released	5d8c131bbff59fb0c969217fc1d44e6d1503cd1f	2021-12-13T19:21:26.165306-06:00	2024-07-30T11:13:28.176889-05:00	TRUE	4252345	2025-06-03	c907f794203d2c16edf80ddac3492d61	TRUE	67037096	TRUE		TRUE	TRUE
TCGA-KIRC	discovery	TCGA-BP-4988	TCGA-BP-4988-01A	Primary Tumor	e59a58f3-d886-45a8-a296-263297839a63	164ed40d-5a15-43c4-9398-40dc4507d4a7.rna_seq.augmented_star_gene_counts.tsv	72430d2b3ab081ce955b8f7d42aa0866	4263833	Data Release 46.0 - August 10, 2026	2026-09-11	released	5d8c131bbff59fb0c969217fc1d44e6d1503cd1f	2021-12-13T19:09:16.356237-06:00	2024-07-30T10:53:52.199681-05:00	TRUE	4263833	2025-06-03	72430d2b3ab081ce955b8f7d42aa0866	TRUE	53485229	TRUE		TRUE	FALSE
TCGA-KIRC	discovery	TCGA-BP-4989	TCGA-BP-4989-01A	Primary Tumor	c4143095-ebf5-4ce2-91fe-6aea9cc62cc7	e4e6d880-0752-4ec8-bd07-e550f20f8f29.rna_seq.augmented_star_gene_counts.tsv	80214fc061b3a802aecbadec3ea3be58	4258375	Data Release 46.0 - August 10, 2026	2026-09-11	released	5d8c131bbff59fb0c969217fc1d44e6d1503cd1f	2021-12-13T19:07:08.041359-06:00	2024-07-30T11:00:56.761000-05:00	TRUE	4258375	2025-06-03	80214fc061b3a802aecbadec3ea3be58	TRUE	72374582	TRUE		TRUE	TRUE
TCGA-KIRC	discovery	TCGA-BP-4991	TCGA-BP-4991-01A	Primary Tumor	54813ceb-f5c7-4c62-8b0a-047145bb6bae	470b4dea-6773-4a43-8c72-0ca82fbab681.rna_seq.augmented_star_gene_counts.tsv	daf165ea9b2c6078d7734fc8df2f614b	4263713	Data Release 46.0 - August 10, 2026	2026-09-11	released	5d8c131bbff59fb0c969217fc1d44e6d1503cd1f	2021-12-13T19:30:03.767274-06:00	2024-07-30T11:07:29.261020-05:00	TRUE	4263713	2025-06-03	daf165ea9b2c6078d7734fc8df2f614b	TRUE	81408319	TRUE		TRUE	TRUE
TCGA-KIRC	discovery	TCGA-BP-4992	TCGA-BP-4992-01A	Primary Tumor	c0ab320a-1952-4875-af3e-9f30dcc2406b	1f3497e8-96ac-484f-88c7-21f65eab025c.rna_seq.augmented_star_gene_counts.tsv	f3436e16dca6572a554c67c9fe89b753	4241169	Data Release 46.0 - August 10, 2026	2026-09-11	released	5d8c131bbff59fb0c969217fc1d44e6d1503cd1f	2021-12-13T19:14:07.917057-06:00	2024-07-30T11:11:33.177891-05:00	TRUE	4241169	2025-06-03	f3436e16dca6572a554c67c9fe89b753	TRUE	55831491	TRUE		TRUE	FALSE
TCGA-KIRC	discovery	TCGA-BP-4993	TCGA-BP-4993-01A	Primary Tumor	49ddcd56-df4a-4136-a743-c21bb6bfd8a6	b26e23f9-4a71-4ba3-96a1-e44bb154f3aa.rna_seq.augmented_star_gene_counts.tsv	c879c4caed59a5fc68ba83ec129eeb65	4239004	Data Release 46.0 - August 10, 2026	2026-09-11	released	5d8c131bbff59fb0c969217fc1d44e6d1503cd1f	2021-12-13T19:12:03.792000-06:00	2024-07-30T11:12:21.545199-05:00	TRUE	4239004	2025-06-03	c879c4caed59a5fc68ba83ec129eeb65	TRUE	54885465	TRUE		TRUE	TRUE
TCGA-KIRC	discovery	TCGA-BP-4994	TCGA-BP-4994-01A	Primary Tumor	ce71f29f-134d-4749-bf42-c9620e5c8651	84182188-2ce6-447c-9c83-304f44960f52.rna_seq.augmented_star_gene_counts.tsv	090f33752043a069ff6eefefa04a5c9e	4260499	Data Release 46.0 - August 10, 2026	2026-09-11	released	5d8c131bbff59fb0c969217fc1d44e6d1503cd1f	2021-12-13T19:06:10.049649-06:00	2024-07-30T10:56:00.037140-05:00	TRUE	4260499	2025-06-03	090f33752043a069ff6eefefa04a5c9e	TRUE	89147432	TRUE		TRUE	TRUE
TCGA-KIRC	discovery	TCGA-BP-4995	TCGA-BP-4995-01A	Primary Tumor	7c7bfa90-8754-4170-b009-ba858bddcb38	8618f2c5-a266-45b5-be0b-8eaa64151ee2.rna_seq.augmented_star_gene_counts.tsv	15acd3c70cb78251cf90eb913b799247	4260117	Data Release 46.0 - August 10, 2026	2026-09-11	released	5d8c131bbff59fb0c969217fc1d44e6d1503cd1f	2021-12-13T19:07:10.641448-06:00	2024-07-30T11:13:40.558856-05:00	TRUE	4260117	2025-06-03	15acd3c70cb78251cf90eb913b799247	TRUE	87298262	TRUE		TRUE	TRUE
TCGA-KIRC	discovery	TCGA-BP-4998	TCGA-BP-4998-01A	Primary Tumor	5d956a24-693e-47ad-b315-180c86a0528e	3e1cc145-6719-4320-8b66-0deeaa864a6a.rna_seq.augmented_star_gene_counts.tsv	05757af13cce2618b1816878665b664a	4266063	Data Release 46.0 - August 10, 2026	2026-09-11	released	5d8c131bbff59fb0c969217fc1d44e6d1503cd1f	2021-12-13T19:19:28.456460-06:00	2024-07-30T11:11:24.299825-05:00	TRUE	4266063	2025-06-03	05757af13cce2618b1816878665b664a	TRUE	76947871	TRUE		TRUE	TRUE
TCGA-KIRC	discovery	TCGA-BP-4999	TCGA-BP-4999-01A	Primary Tumor	862e5c87-bed8-4310-b9ed-1018568bdc78	7d160562-b94b-4cd9-9905-d15dadbb394a.rna_seq.augmented_star_gene_counts.tsv	ee37e0c5d82097175f355b8cdd2aaeff	4259740	Data Release 46.0 - August 10, 2026	2026-09-11	released	5d8c131bbff59fb0c969217fc1d44e6d1503cd1f	2021-12-13T19:34:42.928553-06:00	2024-07-30T10:57:06.328181-05:00	TRUE	4259740	2025-06-03	ee37e0c5d82097175f355b8cdd2aaeff	TRUE	85809977	TRUE		TRUE	TRUE
TCGA-KIRC	discovery	TCGA-BP-5000	TCGA-BP-5000-01A	Primary Tumor	62482815-63b6-4df9-8698-44a2d5cdafaf	3a3c4890-7697-47b1-9ecb-06bebfde7159.rna_seq.augmented_star_gene_counts.tsv	d522f3c93ddd582c1125abc55275a4a3	4242371	Data Release 46.0 - August 10, 2026	2026-09-11	released	5d8c131bbff59fb0c969217fc1d44e6d1503cd1f	2021-12-13T19:43:42.866385-06:00	2024-07-30T11:12:47.105471-05:00	TRUE	4242371	2025-06-03	d522f3c93ddd582c1125abc55275a4a3	TRUE	67825226	TRUE		TRUE	TRUE
TCGA-KIRC	discovery	TCGA-BP-5001	TCGA-BP-5001-01A	Primary Tumor	03c6d5d2-1a33-4ae7-9421-f43b14fc97bd	d03c971c-8baa-46bc-8b0a-1ff8b29a8f75.rna_seq.augmented_star_gene_counts.tsv	b4650e5ee653c4684eeda5df7baf4335	4245706	Data Release 46.0 - August 10, 2026	2026-09-11	released	5d8c131bbff59fb0c969217fc1d44e6d1503cd1f	2021-12-13T19:42:11.520995-06:00	2024-07-30T11:04:53.025962-05:00	TRUE	4245706	2025-06-03	b4650e5ee653c4684eeda5df7baf4335	TRUE	58161268	TRUE		TRUE	TRUE
TCGA-KIRC	discovery	TCGA-BP-5004	TCGA-BP-5004-01A	Primary Tumor	70060c00-5e4c-41f0-abff-f573881194aa	3410d45f-d7d8-4aa6-8f47-eac9404d5a7f.rna_seq.augmented_star_gene_counts.tsv	d429a8799c93cdf24d58f9965c8bc4a7	4257068	Data Release 46.0 - August 10, 2026	2026-09-11	released	5d8c131bbff59fb0c969217fc1d44e6d1503cd1f	2021-12-13T19:08:42.911132-06:00	2024-07-30T10:57:15.139158-05:00	TRUE	4257068	2025-06-03	d429a8799c93cdf24d58f9965c8bc4a7	TRUE	82676036	TRUE		TRUE	TRUE
TCGA-KIRC	discovery	TCGA-BP-5006	TCGA-BP-5006-01A	Primary Tumor	ba3ab6f6-109b-485c-b600-d6cf3edb4b28	5f783279-0c7a-4039-8ecd-f0f545d99894.rna_seq.augmented_star_gene_counts.tsv	7dfaa24691b10bd5d01589a658dd0a81	4247843	Data Release 46.0 - August 10, 2026	2026-09-11	released	5d8c131bbff59fb0c969217fc1d44e6d1503cd1f	2021-12-13T19:02:59.135134-06:00	2024-07-30T11:03:17.405060-05:00	TRUE	4247843	2025-06-03	7dfaa24691b10bd5d01589a658dd0a81	TRUE	71663603	TRUE		TRUE	TRUE
TCGA-KIRC	discovery	TCGA-BP-5007	TCGA-BP-5007-01A	Primary Tumor	a3bdc783-f9de-42d6-b0ad-eadec504b7d8	e9ddb0a3-1e6f-4870-a951-f9def2302245.rna_seq.augmented_star_gene_counts.tsv	58411c563f38d59d81b653b23efc0036	4255157	Data Release 46.0 - August 10, 2026	2026-09-11	released	5d8c131bbff59fb0c969217fc1d44e6d1503cd1f	2021-12-13T19:17:36.446375-06:00	2024-07-30T11:10:40.213611-05:00	TRUE	4255157	2025-06-03	58411c563f38d59d81b653b23efc0036	TRUE	69585622	TRUE		TRUE	TRUE
TCGA-KIRC	discovery	TCGA-BP-5008	TCGA-BP-5008-01A	Primary Tumor	40b17492-39d1-4ce2-8f91-9e1cba32f42a	aa06d89c-4a87-44b7-92c9-698d8dfb306f.rna_seq.augmented_star_gene_counts.tsv	f588163203bcc38bc4777b20efe78dcc	4258631	Data Release 46.0 - August 10, 2026	2026-09-11	released	5d8c131bbff59fb0c969217fc1d44e6d1503cd1f	2021-12-13T19:41:07.268118-06:00	2024-07-30T11:08:54.028600-05:00	TRUE	4258631	2025-06-03	f588163203bcc38bc4777b20efe78dcc	TRUE	75553323	TRUE		TRUE	TRUE
TCGA-KIRC	discovery	TCGA-BP-5009	TCGA-BP-5009-01A	Primary Tumor	813cb150-7ef6-4fa7-9a64-c70f9401513c	6834bc84-328c-49be-b78e-61ffec46ef97.rna_seq.augmented_star_gene_counts.tsv	308a4ca0dec476c0e45aabc4f9871b9f	4247961	Data Release 46.0 - August 10, 2026	2026-09-11	released	5d8c131bbff59fb0c969217fc1d44e6d1503cd1f	2021-12-13T19:31:09.679045-06:00	2024-07-30T11:15:42.636715-05:00	TRUE	4247961	2025-06-03	308a4ca0dec476c0e45aabc4f9871b9f	TRUE	75786911	TRUE		TRUE	TRUE
TCGA-KIRC	discovery	TCGA-BP-5010	TCGA-BP-5010-01A	Primary Tumor	c59faf4c-0b9f-4c20-acd2-0804a8c9d96c	91809cb1-8d57-40b3-a6b4-6fb01fa0f889.rna_seq.augmented_star_gene_counts.tsv	023ee521ef9d6becaea8c4195149d37b	4231075	Data Release 46.0 - August 10, 2026	2026-09-11	released	5d8c131bbff59fb0c969217fc1d44e6d1503cd1f	2021-12-13T19:13:35.560584-06:00	2024-07-30T11:12:04.014661-05:00	TRUE	4231075	2025-06-03	023ee521ef9d6becaea8c4195149d37b	TRUE	48109671	TRUE		TRUE	TRUE
TCGA-KIRC	discovery	TCGA-BP-5168	TCGA-BP-5168-01A	Primary Tumor	8eb67e14-ab2d-4d8c-a945-fbdc6ad6a7be	c1b13e89-976f-4aff-9bff-054118b30b92.rna_seq.augmented_star_gene_counts.tsv	e1a1e9844d0321cb8b68e578d4569b1a	4230502	Data Release 46.0 - August 10, 2026	2026-09-11	released	5d8c131bbff59fb0c969217fc1d44e6d1503cd1f	2021-12-13T19:38:08.358412-06:00	2024-07-30T11:04:14.089965-05:00	TRUE	4230502	2025-06-03	e1a1e9844d0321cb8b68e578d4569b1a	TRUE	49370344	TRUE		TRUE	TRUE
TCGA-KIRC	discovery	TCGA-BP-5169	TCGA-BP-5169-01A	Primary Tumor	1d4c5088-5f7a-4ac9-8a04-46288af80215	fe5832d5-4e3e-4f0a-b31d-1c3f97fa821f.rna_seq.augmented_star_gene_counts.tsv	60cadecf3571f2fdcdae72d60b6b4c06	4228696	Data Release 46.0 - August 10, 2026	2026-09-11	released	5d8c131bbff59fb0c969217fc1d44e6d1503cd1f	2021-12-13T19:42:34.055821-06:00	2024-07-30T11:10:23.159143-05:00	TRUE	4228696	2025-06-03	60cadecf3571f2fdcdae72d60b6b4c06	TRUE	66984537	TRUE		TRUE	TRUE
TCGA-KIRC	discovery	TCGA-BP-5170	TCGA-BP-5170-01A	Primary Tumor	c116495e-d80b-4f43-90ed-7103a83a284c	b4523c94-6642-4eca-acc6-53bbb95438f2.rna_seq.augmented_star_gene_counts.tsv	2d44980b2db0527ff2416156906be1df	4230637	Data Release 46.0 - August 10, 2026	2026-09-11	released	5d8c131bbff59fb0c969217fc1d44e6d1503cd1f	2021-12-13T19:12:29.319438-06:00	2024-07-30T11:04:28.247413-05:00	TRUE	4230637	2025-06-03	2d44980b2db0527ff2416156906be1df	TRUE	50697821	TRUE		TRUE	TRUE
TCGA-KIRC	discovery	TCGA-BP-5173	TCGA-BP-5173-01A	Primary Tumor	be6fa48c-95e0-4a7f-aa05-362d1b7a5a4a	c8d944e8-b5cf-4d9f-b256-c78784ec963b.rna_seq.augmented_star_gene_counts.tsv	e7e81032a0540717d7f64e041c3bd026	4240360	Data Release 46.0 - August 10, 2026	2026-09-11	released	5d8c131bbff59fb0c969217fc1d44e6d1503cd1f	2021-12-13T19:27:05.023914-06:00	2024-07-30T11:02:52.167657-05:00	TRUE	4240360	2025-06-03	e7e81032a0540717d7f64e041c3bd026	TRUE	62815614	TRUE		TRUE	TRUE
TCGA-KIRC	discovery	TCGA-BP-5174	TCGA-BP-5174-01A	Primary Tumor	8225b9d3-d25a-4f08-b369-d0ac81a8748c	7d4e2838-abcf-4a45-8996-4cba6f88fdd6.rna_seq.augmented_star_gene_counts.tsv	1459516a7cfb753338b259d2ffef96b2	4234983	Data Release 46.0 - August 10, 2026	2026-09-11	released	5d8c131bbff59fb0c969217fc1d44e6d1503cd1f	2021-12-13T19:10:42.633660-06:00	2024-07-30T11:14:54.981965-05:00	TRUE	4234983	2025-06-03	1459516a7cfb753338b259d2ffef96b2	TRUE	62062695	TRUE		TRUE	TRUE
TCGA-KIRC	discovery	TCGA-BP-5175	TCGA-BP-5175-01A	Primary Tumor	6d481b79-8322-4ac0-93ba-aaa34fd41ed9	a0b36c13-f9bc-4067-81ca-229299667745.rna_seq.augmented_star_gene_counts.tsv	30f15cf57d3b02aa709a997b96c308fd	4226410	Data Release 46.0 - August 10, 2026	2026-09-11	released	5d8c131bbff59fb0c969217fc1d44e6d1503cd1f	2021-12-13T19:05:10.905585-06:00	2024-07-30T11:10:50.092258-05:00	TRUE	4226410	2025-06-03	30f15cf57d3b02aa709a997b96c308fd	TRUE	61653700	TRUE		TRUE	TRUE
TCGA-KIRC	discovery	TCGA-BP-5176	TCGA-BP-5176-01A	Primary Tumor	c876a9c8-43b4-47ed-ba9d-727439ab8ef5	6749ec3d-aae3-4d53-b0d3-5732e48e720a.rna_seq.augmented_star_gene_counts.tsv	ff5073095eb0b395995bd935a5ea8e0e	4240513	Data Release 46.0 - August 10, 2026	2026-09-11	released	5d8c131bbff59fb0c969217fc1d44e6d1503cd1f	2021-12-13T19:06:03.346179-06:00	2024-07-30T11:15:40.383813-05:00	TRUE	4240513	2025-06-03	ff5073095eb0b395995bd935a5ea8e0e	TRUE	72367713	TRUE		TRUE	TRUE
TCGA-KIRC	discovery	TCGA-BP-5177	TCGA-BP-5177-01A	Primary Tumor	7fc459c0-68f0-414f-ad41-737b4de021be	2d767431-3ebd-4b2a-a6c3-a21772eb17e3.rna_seq.augmented_star_gene_counts.tsv	9b864b04ba83fb9b700cb2ded3a7f75b	4235956	Data Release 46.0 - August 10, 2026	2026-09-11	released	5d8c131bbff59fb0c969217fc1d44e6d1503cd1f	2021-12-13T19:22:16.598339-06:00	2024-07-30T10:55:50.495241-05:00	TRUE	4235956	2025-06-03	9b864b04ba83fb9b700cb2ded3a7f75b	TRUE	54354565	TRUE		TRUE	TRUE
TCGA-KIRC	discovery	TCGA-BP-5178	TCGA-BP-5178-01A	Primary Tumor	c0a56cd2-b888-4ced-9f5c-0e450d539045	734923a0-f5ce-43b0-855b-aa36bd90653b.rna_seq.augmented_star_gene_counts.tsv	9544b96e274dece6eea7a9636a121f4a	4234375	Data Release 46.0 - August 10, 2026	2026-09-11	released	5d8c131bbff59fb0c969217fc1d44e6d1503cd1f	2021-12-13T19:09:44.184375-06:00	2024-07-30T11:01:09.344531-05:00	TRUE	4234375	2025-06-03	9544b96e274dece6eea7a9636a121f4a	TRUE	71814788	TRUE		TRUE	TRUE
TCGA-KIRC	discovery	TCGA-BP-5180	TCGA-BP-5180-01A	Primary Tumor	b10d2838-f728-467e-8582-369ad21a98a2	2e1aaa41-3914-432f-b170-4a0904fca443.rna_seq.augmented_star_gene_counts.tsv	71738db668c38b8f349fca8acbe33d76	4241988	Data Release 46.0 - August 10, 2026	2026-09-11	released	5d8c131bbff59fb0c969217fc1d44e6d1503cd1f	2021-12-13T19:11:09.629283-06:00	2024-07-30T11:09:51.422194-05:00	TRUE	4241988	2025-06-03	71738db668c38b8f349fca8acbe33d76	TRUE	67379546	TRUE		TRUE	TRUE
TCGA-KIRC	discovery	TCGA-BP-5181	TCGA-BP-5181-01A	Primary Tumor	a78e44f3-6e93-47f4-9653-2ce1b1d7d25d	59fd41dc-60c7-4975-8c63-194c4e613af4.rna_seq.augmented_star_gene_counts.tsv	5ecb0b0090026128ba681931f1763c82	4238856	Data Release 46.0 - August 10, 2026	2026-09-11	released	5d8c131bbff59fb0c969217fc1d44e6d1503cd1f	2021-12-13T19:11:38.959596-06:00	2024-07-30T11:14:44.092965-05:00	TRUE	4238856	2025-06-03	5ecb0b0090026128ba681931f1763c82	TRUE	58143658	TRUE		TRUE	TRUE
TCGA-KIRC	discovery	TCGA-BP-5182	TCGA-BP-5182-01A	Primary Tumor	09c297be-f824-4a0b-ae20-57ecf089a7d5	4b03eb21-6063-4248-8372-d06c76047db0.rna_seq.augmented_star_gene_counts.tsv	2faf6ad493738ec94388f937c3f48596	4247283	Data Release 46.0 - August 10, 2026	2026-09-11	released	5d8c131bbff59fb0c969217fc1d44e6d1503cd1f	2021-12-13T19:15:03.376885-06:00	2024-07-30T11:03:49.322662-05:00	TRUE	4247283	2025-06-03	2faf6ad493738ec94388f937c3f48596	TRUE	71684706	TRUE		TRUE	TRUE
TCGA-KIRC	discovery	TCGA-BP-5183	TCGA-BP-5183-01A	Primary Tumor	b437c402-fc0d-4268-811e-d9a5a8280aca	c3b95983-1a8d-48f2-8782-fb6f22886cec.rna_seq.augmented_star_gene_counts.tsv	ca2520707d95db6031af54e8acb29556	4243517	Data Release 46.0 - August 10, 2026	2026-09-11	released	5d8c131bbff59fb0c969217fc1d44e6d1503cd1f	2021-12-13T19:11:32.586902-06:00	2024-07-30T10:58:29.130865-05:00	TRUE	4243517	2025-06-03	ca2520707d95db6031af54e8acb29556	TRUE	50511690	TRUE		TRUE	TRUE
TCGA-KIRC	discovery	TCGA-BP-5184	TCGA-BP-5184-01A	Primary Tumor	6838acd3-3b0b-4ba4-b9da-1d0ffe9c5640	5d61bbe4-613f-4d2c-9fd3-c9740308bd6c.rna_seq.augmented_star_gene_counts.tsv	00c523bda0c911913f2425b028373aec	4234971	Data Release 46.0 - August 10, 2026	2026-09-11	released	5d8c131bbff59fb0c969217fc1d44e6d1503cd1f	2021-12-13T19:31:27.216126-06:00	2024-07-30T11:15:14.373943-05:00	TRUE	4234971	2025-06-03	00c523bda0c911913f2425b028373aec	TRUE	47068906	TRUE		TRUE	TRUE
TCGA-KIRC	discovery	TCGA-BP-5185	TCGA-BP-5185-01A	Primary Tumor	5eb4cdf7-10ee-4e24-801c-7297b5b3ebd7	b0c1691d-d2bd-4958-9444-f5ab10f172db.rna_seq.augmented_star_gene_counts.tsv	dd60ab7a50bb3ea8074f4d896d7d71d2	4207439	Data Release 46.0 - August 10, 2026	2026-09-11	released	5d8c131bbff59fb0c969217fc1d44e6d1503cd1f	2021-12-13T19:10:49.849917-06:00	2024-07-30T11:08:20.054112-05:00	TRUE	4207439	2025-06-03	dd60ab7a50bb3ea8074f4d896d7d71d2	TRUE	44318355	TRUE		TRUE	TRUE
TCGA-KIRC	discovery	TCGA-BP-5186	TCGA-BP-5186-01A	Primary Tumor	02f13d48-a03a-42e8-917d-e5d9025e2898	c56a5910-5ae3-434a-9093-a4b264a644fd.rna_seq.augmented_star_gene_counts.tsv	13f0fc182ec59658b3dc2f039067767f	4246134	Data Release 46.0 - August 10, 2026	2026-09-11	released	5d8c131bbff59fb0c969217fc1d44e6d1503cd1f	2021-12-13T19:36:44.233324-06:00	2024-07-30T11:11:58.700363-05:00	TRUE	4246134	2025-06-03	13f0fc182ec59658b3dc2f039067767f	TRUE	60545099	TRUE		TRUE	TRUE
TCGA-KIRC	discovery	TCGA-BP-5187	TCGA-BP-5187-01A	Primary Tumor	07857799-d6eb-4a80-83b5-aad368e6cd3c	fe2ff90c-705c-4322-bcc2-641eb4c14c46.rna_seq.augmented_star_gene_counts.tsv	25cfac37e4c64108f24b4ba0929029f9	4228097	Data Release 46.0 - August 10, 2026	2026-09-11	released	5d8c131bbff59fb0c969217fc1d44e6d1503cd1f	2021-12-13T19:18:25.365077-06:00	2024-07-30T10:58:39.256460-05:00	TRUE	4228097	2025-06-03	25cfac37e4c64108f24b4ba0929029f9	TRUE	35004684	TRUE		TRUE	TRUE
TCGA-KIRC	discovery	TCGA-BP-5189	TCGA-BP-5189-01A	Primary Tumor	36513c94-fb14-4008-838a-13d23d609382	ac27a479-b614-4615-aa33-91bb554d6813.rna_seq.augmented_star_gene_counts.tsv	730a59518832654bc78a219fe834efbb	4257191	Data Release 46.0 - August 10, 2026	2026-09-11	released	5d8c131bbff59fb0c969217fc1d44e6d1503cd1f	2021-12-13T19:20:05.612182-06:00	2024-07-30T10:59:56.786776-05:00	TRUE	4257191	2025-06-03	730a59518832654bc78a219fe834efbb	TRUE	96236169	TRUE		TRUE	TRUE
TCGA-KIRC	discovery	TCGA-BP-5190	TCGA-BP-5190-01A	Primary Tumor	58cdb5fa-ab1d-4b7c-a790-4c81cd86efc4	45d0eb73-f560-4c46-8c49-3e67790ee5a2.rna_seq.augmented_star_gene_counts.tsv	ed5c3ae534ae873f37063370ba4ada48	4232192	Data Release 46.0 - August 10, 2026	2026-09-11	released	5d8c131bbff59fb0c969217fc1d44e6d1503cd1f	2021-12-13T19:39:28.409223-06:00	2024-07-30T11:17:35.477995-05:00	TRUE	4232192	2025-06-03	ed5c3ae534ae873f37063370ba4ada48	TRUE	60364090	TRUE		TRUE	TRUE
TCGA-KIRC	discovery	TCGA-BP-5191	TCGA-BP-5191-01A	Primary Tumor	822bf4fe-8d43-47c8-9906-5d38c4a21f27	d6fea6a8-b471-41f2-81dc-4ea813897107.rna_seq.augmented_star_gene_counts.tsv	5cbb9c887f2f5ed3e0551bfc278b8ebb	4223283	Data Release 46.0 - August 10, 2026	2026-09-11	released	5d8c131bbff59fb0c969217fc1d44e6d1503cd1f	2021-12-13T19:22:40.430207-06:00	2024-07-30T11:14:58.668904-05:00	TRUE	4223283	2025-06-03	5cbb9c887f2f5ed3e0551bfc278b8ebb	TRUE	59123877	TRUE		TRUE	TRUE
TCGA-KIRC	discovery	TCGA-BP-5192	TCGA-BP-5192-01A	Primary Tumor	451091ae-1364-4e63-b2c6-82e72aae9458	74a834ab-a968-463b-9cb6-4c9504047eac.rna_seq.augmented_star_gene_counts.tsv	1b6fdfe2b19f80ef9934bedbc4c17d1b	4243981	Data Release 46.0 - August 10, 2026	2026-09-11	released	5d8c131bbff59fb0c969217fc1d44e6d1503cd1f	2021-12-13T19:09:52.136968-06:00	2024-07-30T10:55:21.769255-05:00	TRUE	4243981	2025-06-03	1b6fdfe2b19f80ef9934bedbc4c17d1b	TRUE	66639681	TRUE		TRUE	TRUE
TCGA-KIRC	discovery	TCGA-BP-5194	TCGA-BP-5194-01A	Primary Tumor	dcead401-3e21-4718-9ce1-863177be3f10	288cad88-f92f-4e58-824a-7c352838643e.rna_seq.augmented_star_gene_counts.tsv	6d07c41e96dcfa68c6bfc01a3c58c3f4	4250693	Data Release 46.0 - August 10, 2026	2026-09-11	released	5d8c131bbff59fb0c969217fc1d44e6d1503cd1f	2021-12-13T19:32:35.608265-06:00	2024-07-30T10:56:01.170942-05:00	TRUE	4250693	2025-06-03	6d07c41e96dcfa68c6bfc01a3c58c3f4	TRUE	80401745	TRUE		TRUE	TRUE
TCGA-KIRC	discovery	TCGA-BP-5195	TCGA-BP-5195-01A	Primary Tumor	cbabaf06-c15c-4655-a6c2-89a523ec7a9e	9b0359cf-82be-4073-8360-5456ec05d6db.rna_seq.augmented_star_gene_counts.tsv	e568f71260177da68b00f109aa6060e7	4244989	Data Release 46.0 - August 10, 2026	2026-09-11	released	5d8c131bbff59fb0c969217fc1d44e6d1503cd1f	2021-12-13T19:41:50.856254-06:00	2024-07-30T11:08:21.484924-05:00	TRUE	4244989	2025-06-03	e568f71260177da68b00f109aa6060e7	TRUE	68383135	TRUE		TRUE	TRUE
TCGA-KIRC	discovery	TCGA-BP-5196	TCGA-BP-5196-01A	Primary Tumor	9b794c4e-3176-4cdf-b59b-2b1a13bd603a	544d8dce-d2ab-4680-9b43-138b3c7a85c4.rna_seq.augmented_star_gene_counts.tsv	824d4af362dce8ed707ea0732f07b976	4243751	Data Release 46.0 - August 10, 2026	2026-09-11	released	5d8c131bbff59fb0c969217fc1d44e6d1503cd1f	2021-12-13T19:13:43.334343-06:00	2024-07-30T10:55:03.555244-05:00	TRUE	4243751	2025-06-03	824d4af362dce8ed707ea0732f07b976	TRUE	55739483	TRUE		TRUE	TRUE
TCGA-KIRC	discovery	TCGA-BP-5198	TCGA-BP-5198-01A	Primary Tumor	9315dffd-edea-4710-92a8-810998e08cb1	0f7c2f99-0524-4b94-840f-abac69f702e6.rna_seq.augmented_star_gene_counts.tsv	379be859d00826f3ba1df9493267def4	4240417	Data Release 46.0 - August 10, 2026	2026-09-11	released	5d8c131bbff59fb0c969217fc1d44e6d1503cd1f	2021-12-13T19:10:13.785305-06:00	2024-07-30T11:07:17.408935-05:00	TRUE	4240417	2025-06-03	379be859d00826f3ba1df9493267def4	TRUE	64424536	TRUE		TRUE	TRUE
TCGA-KIRC	discovery	TCGA-BP-5199	TCGA-BP-5199-01A	Primary Tumor	d014104d-47ca-441c-9756-66672008cb14	511fe1c3-6bc0-4610-8a3a-00ca018a04df.rna_seq.augmented_star_gene_counts.tsv	6e3a3bf7a84daaac0b95dd92fee5a7c8	4258406	Data Release 46.0 - August 10, 2026	2026-09-11	released	5d8c131bbff59fb0c969217fc1d44e6d1503cd1f	2021-12-13T19:09:35.770734-06:00	2024-07-30T11:09:44.177400-05:00	TRUE	4258406	2025-06-03	6e3a3bf7a84daaac0b95dd92fee5a7c8	TRUE	68358746	TRUE		TRUE	TRUE
TCGA-KIRC	discovery	TCGA-BP-5200	TCGA-BP-5200-01A	Primary Tumor	c35af344-001b-434d-8756-e410748e8df1	6a3698b3-8d75-4dbc-a2ee-26911899fe89.rna_seq.augmented_star_gene_counts.tsv	e598d7fa40ed507be8a303d5b767b7e1	4249819	Data Release 46.0 - August 10, 2026	2026-09-11	released	5d8c131bbff59fb0c969217fc1d44e6d1503cd1f	2021-12-13T19:07:57.222180-06:00	2024-07-30T10:56:51.789833-05:00	TRUE	4249819	2025-06-03	e598d7fa40ed507be8a303d5b767b7e1	TRUE	84392650	TRUE		TRUE	TRUE
TCGA-KIRC	discovery	TCGA-BP-5201	TCGA-BP-5201-01A	Primary Tumor	902fddff-c332-4871-bf4e-c9fa0445f2a2	8622d9cd-2f0a-4969-a857-0f2892007e8e.rna_seq.augmented_star_gene_counts.tsv	4e2862d1c7a32926c9fe9f3dab234dc6	4255321	Data Release 46.0 - August 10, 2026	2026-09-11	released	5d8c131bbff59fb0c969217fc1d44e6d1503cd1f	2021-12-13T19:36:31.812473-06:00	2024-07-30T11:00:12.263518-05:00	TRUE	4255321	2025-06-03	4e2862d1c7a32926c9fe9f3dab234dc6	TRUE	66218799	TRUE		TRUE	TRUE
TCGA-KIRC	discovery	TCGA-BP-5202	TCGA-BP-5202-01A	Primary Tumor	cd6333d6-6973-4278-8c7d-ad89e71bd508	f6d0e395-2af2-4d6c-9c75-d693ff742fa4.rna_seq.augmented_star_gene_counts.tsv	10c99ff65048bdc62a0c5dddf0fdefe9	4248098	Data Release 46.0 - August 10, 2026	2026-09-11	released	5d8c131bbff59fb0c969217fc1d44e6d1503cd1f	2021-12-13T19:22:33.589197-06:00	2024-07-30T11:08:42.616684-05:00	TRUE	4248098	2025-06-03	10c99ff65048bdc62a0c5dddf0fdefe9	TRUE	74340275	TRUE		TRUE	TRUE
TCGA-KIRC	discovery	TCGA-CJ-4634	TCGA-CJ-4634-01A	Primary Tumor	80a63e36-0f14-4d11-880b-c9c425034d5b	7f61f0f6-bf10-4119-96ba-7a92017bad6b.rna_seq.augmented_star_gene_counts.tsv	155e8bd2b5b7ab04e51d5efe1694caad	4248237	Data Release 46.0 - August 10, 2026	2026-09-11	released	5d8c131bbff59fb0c969217fc1d44e6d1503cd1f	2021-12-13T19:03:51.131316-06:00	2024-07-30T11:16:50.690874-05:00	TRUE	4248237	2025-06-03	155e8bd2b5b7ab04e51d5efe1694caad	TRUE	55409263	TRUE		TRUE	TRUE
TCGA-KIRC	discovery	TCGA-CJ-4635	TCGA-CJ-4635-01A	Primary Tumor	b9015212-73c0-4247-9848-95ac288ffb3c	33aef257-2e86-4ee3-8d3f-e48ff0e714f3.rna_seq.augmented_star_gene_counts.tsv	268d7e59070bdf3fb7f3b242fbd8adab	4241858	Data Release 46.0 - August 10, 2026	2026-09-11	released	5d8c131bbff59fb0c969217fc1d44e6d1503cd1f	2021-12-13T19:24:25.305645-06:00	2024-07-30T11:09:24.157378-05:00	TRUE	4241858	2025-06-03	268d7e59070bdf3fb7f3b242fbd8adab	TRUE	42220164	TRUE		TRUE	TRUE
TCGA-KIRC	discovery	TCGA-CJ-4636	TCGA-CJ-4636-01A	Primary Tumor	617f7aad-7b59-4e20-8e1c-fa324cc1bef4	4b5e11df-e5b0-42b7-8239-7169a8b7b5ec.rna_seq.augmented_star_gene_counts.tsv	76531f8546bbfd21107b02a472063659	4237060	Data Release 46.0 - August 10, 2026	2026-09-11	released	5d8c131bbff59fb0c969217fc1d44e6d1503cd1f	2021-12-13T19:08:24.917357-06:00	2024-07-30T11:02:27.534194-05:00	TRUE	4237060	2025-06-03	76531f8546bbfd21107b02a472063659	TRUE	45356083	TRUE		TRUE	TRUE
TCGA-KIRC	discovery	TCGA-CJ-4637	TCGA-CJ-4637-01A	Primary Tumor	f8a0a7cf-0444-4039-a255-6d31bcf748ac	d65aca79-6b26-45da-8a9e-d9d0bc1f179b.rna_seq.augmented_star_gene_counts.tsv	369146e67803ebc38b15a46d1abf0e3b	4248034	Data Release 46.0 - August 10, 2026	2026-09-11	released	5d8c131bbff59fb0c969217fc1d44e6d1503cd1f	2021-12-13T19:06:24.453479-06:00	2024-07-30T08:55:28.896669-05:00	TRUE	4248034	2025-06-03	369146e67803ebc38b15a46d1abf0e3b	TRUE	50616907	TRUE		TRUE	TRUE
TCGA-KIRC	discovery	TCGA-CJ-4638	TCGA-CJ-4638-01A	Primary Tumor	f44064f2-9839-4e4f-9510-8a5dd0ee1e56	81bb1bf7-c71e-42a8-932d-4461f26047a8.rna_seq.augmented_star_gene_counts.tsv	7f5ff1a2d7792b205445f411aaccd407	4229770	Data Release 46.0 - August 10, 2026	2026-09-11	released	5d8c131bbff59fb0c969217fc1d44e6d1503cd1f	2021-12-13T19:14:45.246163-06:00	2024-07-30T11:00:15.031652-05:00	TRUE	4229770	2025-06-03	7f5ff1a2d7792b205445f411aaccd407	TRUE	40692360	TRUE		TRUE	TRUE
TCGA-KIRC	discovery	TCGA-CJ-4639	TCGA-CJ-4639-01A	Primary Tumor	000d81dd-9ba4-4852-9090-2bf22f6483f0	09755ce8-ed89-411a-a42f-b3edc4e41eeb.rna_seq.augmented_star_gene_counts.tsv	e5fd923a393a590c23ce048a7c18ef73	4235200	Data Release 46.0 - August 10, 2026	2026-09-11	released	5d8c131bbff59fb0c969217fc1d44e6d1503cd1f	2021-12-13T19:18:27.179607-06:00	2024-07-30T10:55:43.202206-05:00	TRUE	4235200	2025-06-03	e5fd923a393a590c23ce048a7c18ef73	TRUE	35895070	TRUE		TRUE	TRUE
TCGA-KIRC	discovery	TCGA-CJ-4640	TCGA-CJ-4640-01A	Primary Tumor	f43cfd22-5e58-4369-9ea0-a0b6cc63a7db	0fbbba07-b97b-4e50-b768-d3f4ec578a96.rna_seq.augmented_star_gene_counts.tsv	d77fe96bd08d9fba38bc23ded62cb343	4243075	Data Release 46.0 - August 10, 2026	2026-09-11	released	5d8c131bbff59fb0c969217fc1d44e6d1503cd1f	2021-12-13T19:27:10.221656-06:00	2024-07-30T11:17:45.053962-05:00	TRUE	4243075	2025-06-03	d77fe96bd08d9fba38bc23ded62cb343	TRUE	60199583	TRUE		TRUE	TRUE
TCGA-KIRC	discovery	TCGA-CJ-4641	TCGA-CJ-4641-01A	Primary Tumor	12e9affd-cc06-49d9-b485-47e7034be973	fb7d8768-9749-4d8d-a50b-384c5a726b57.rna_seq.augmented_star_gene_counts.tsv	eec99ac71f0312fbef8c6988606b232f	4247777	Data Release 46.0 - August 10, 2026	2026-09-11	released	5d8c131bbff59fb0c969217fc1d44e6d1503cd1f	2021-12-13T19:38:32.153917-06:00	2024-07-30T11:03:03.410801-05:00	TRUE	4247777	2025-06-03	eec99ac71f0312fbef8c6988606b232f	TRUE	52066033	TRUE		TRUE	TRUE
TCGA-KIRC	discovery	TCGA-CJ-4643	TCGA-CJ-4643-01A	Primary Tumor	2693e892-e285-4d51-b84a-7498437b6956	7a0d5bd0-e053-4438-be82-dc4be659f020.rna_seq.augmented_star_gene_counts.tsv	87df1b4628fcf2edfab986cbadb70e3f	4253328	Data Release 46.0 - August 10, 2026	2026-09-11	released	5d8c131bbff59fb0c969217fc1d44e6d1503cd1f	2021-12-13T19:41:40.261964-06:00	2024-07-30T10:54:00.766106-05:00	TRUE	4253328	2025-06-03	87df1b4628fcf2edfab986cbadb70e3f	TRUE	60642176	TRUE		TRUE	TRUE
TCGA-KIRC	discovery	TCGA-CJ-4644	TCGA-CJ-4644-01A	Primary Tumor	39b522e7-162a-42e6-bdcc-a156016b9a81	f96a4c25-e675-451e-8c8e-9548d1355318.rna_seq.augmented_star_gene_counts.tsv	399ef377f1bba5bf2668353b550308c3	4235331	Data Release 46.0 - August 10, 2026	2026-09-11	released	5d8c131bbff59fb0c969217fc1d44e6d1503cd1f	2021-12-13T19:18:13.626059-06:00	2024-07-30T11:09:39.253185-05:00	TRUE	4235331	2025-06-03	399ef377f1bba5bf2668353b550308c3	TRUE	52396324	TRUE		TRUE	TRUE
TCGA-KIRC	discovery	TCGA-CJ-4868	TCGA-CJ-4868-01A	Primary Tumor	a5f24f1a-a847-41da-a4ad-9f55b12ce08e	96c9038d-b3ba-409c-b389-91904457d242.rna_seq.augmented_star_gene_counts.tsv	f65ccdcffa65f5b06ff41d64ebfd1019	4239195	Data Release 46.0 - August 10, 2026	2026-09-11	released	5d8c131bbff59fb0c969217fc1d44e6d1503cd1f	2021-12-13T19:31:21.988522-06:00	2024-07-30T11:11:14.223440-05:00	TRUE	4239195	2025-06-03	f65ccdcffa65f5b06ff41d64ebfd1019	TRUE	46247269	TRUE		TRUE	TRUE
TCGA-KIRC	discovery	TCGA-CJ-4869	TCGA-CJ-4869-01A	Primary Tumor	2e5ca57e-8530-43b5-806f-8915d421552f	6cc17f1f-5acf-4b48-b919-56b9db01f3be.rna_seq.augmented_star_gene_counts.tsv	0b35cd93bf00aa60b1904079bb160c0b	4242794	Data Release 46.0 - August 10, 2026	2026-09-11	released	5d8c131bbff59fb0c969217fc1d44e6d1503cd1f	2021-12-13T19:20:19.498967-06:00	2024-07-30T10:58:00.225567-05:00	TRUE	4242794	2025-06-03	0b35cd93bf00aa60b1904079bb160c0b	TRUE	69697930	TRUE		TRUE	TRUE
TCGA-KIRC	discovery	TCGA-CJ-4870	TCGA-CJ-4870-01A	Primary Tumor	5eae461a-399f-4f2b-ab9a-e92aba32ce14	57d50969-8fb1-4e32-9564-55f328de3eb5.rna_seq.augmented_star_gene_counts.tsv	782deed03290b13b2a476f28c6f14bc1	4231334	Data Release 46.0 - August 10, 2026	2026-09-11	released	5d8c131bbff59fb0c969217fc1d44e6d1503cd1f	2021-12-13T19:22:14.319847-06:00	2024-07-30T11:08:12.434006-05:00	TRUE	4231334	2025-06-03	782deed03290b13b2a476f28c6f14bc1	TRUE	52842980	TRUE		TRUE	TRUE
TCGA-KIRC	discovery	TCGA-CJ-4871	TCGA-CJ-4871-01A	Primary Tumor	3629b10d-fb7e-47a0-b2d2-4320de98fa17	6cabddd1-7dc6-45d2-9141-8133784c9605.rna_seq.augmented_star_gene_counts.tsv	9ed99a3c60bd0bbf5f1993ec0394bce5	4240097	Data Release 46.0 - August 10, 2026	2026-09-11	released	5d8c131bbff59fb0c969217fc1d44e6d1503cd1f	2021-12-13T19:20:32.028298-06:00	2024-07-30T11:08:31.494255-05:00	TRUE	4240097	2025-06-03	9ed99a3c60bd0bbf5f1993ec0394bce5	TRUE	60795263	TRUE		TRUE	TRUE
TCGA-KIRC	discovery	TCGA-CJ-4872	TCGA-CJ-4872-01A	Primary Tumor	726754a2-6158-4eae-a2ce-5f880d33823e	e941ade9-6e68-481f-ab7d-1d520dc8830d.rna_seq.augmented_star_gene_counts.tsv	8ad6443a4fbf0a8a62e5fb5f1caea429	4246434	Data Release 46.0 - August 10, 2026	2026-09-11	released	5d8c131bbff59fb0c969217fc1d44e6d1503cd1f	2021-12-13T19:24:13.086210-06:00	2024-07-30T11:00:30.892351-05:00	TRUE	4246434	2025-06-03	8ad6443a4fbf0a8a62e5fb5f1caea429	TRUE	60609887	TRUE		TRUE	TRUE
TCGA-KIRC	discovery	TCGA-CJ-4873	TCGA-CJ-4873-01A	Primary Tumor	636b709e-402e-4c0c-8ee3-a5dff383abfd	0c5b632c-cbe7-4267-826e-effd601cbd98.rna_seq.augmented_star_gene_counts.tsv	f772575cf3298e12a47e45da719303a8	4231965	Data Release 46.0 - August 10, 2026	2026-09-11	released	5d8c131bbff59fb0c969217fc1d44e6d1503cd1f	2021-12-13T19:22:07.238233-06:00	2024-07-30T11:07:58.195504-05:00	TRUE	4231965	2025-06-03	f772575cf3298e12a47e45da719303a8	TRUE	44089301	TRUE		TRUE	TRUE
TCGA-KIRC	discovery	TCGA-CJ-4874	TCGA-CJ-4874-01A	Primary Tumor	336a927a-fe7a-4c77-8fcb-5307cfd145c4	5899ee97-f282-4f7d-b6f3-26d3cc78606b.rna_seq.augmented_star_gene_counts.tsv	c4a057fc1b333bc025ad88fe54ab2979	4237650	Data Release 46.0 - August 10, 2026	2026-09-11	released	5d8c131bbff59fb0c969217fc1d44e6d1503cd1f	2021-12-13T19:11:30.324932-06:00	2024-07-30T11:16:54.677590-05:00	TRUE	4237650	2025-06-03	c4a057fc1b333bc025ad88fe54ab2979	TRUE	58842095	TRUE		TRUE	TRUE
TCGA-KIRC	discovery	TCGA-CJ-4875	TCGA-CJ-4875-01A	Primary Tumor	c64293ef-e723-4fe6-8cfa-fe36d07bad81	126834f1-1053-4cc8-ac8c-27255fc4166e.rna_seq.augmented_star_gene_counts.tsv	9fac49d6c36a912fd0e5c3de6d253768	4236443	Data Release 46.0 - August 10, 2026	2026-09-11	released	5d8c131bbff59fb0c969217fc1d44e6d1503cd1f	2021-12-13T19:23:11.484219-06:00	2024-07-30T11:02:06.596418-05:00	TRUE	4236443	2025-06-03	9fac49d6c36a912fd0e5c3de6d253768	TRUE	52422810	TRUE		TRUE	TRUE
TCGA-KIRC	discovery	TCGA-CJ-4876	TCGA-CJ-4876-01A	Primary Tumor	08e51a10-bb34-448d-bc76-c02834852933	d3a67b19-5e2e-48ec-a887-a2d605861717.rna_seq.augmented_star_gene_counts.tsv	b2166e719155da90eff65e01cb8aa66a	4240997	Data Release 46.0 - August 10, 2026	2026-09-11	released	5d8c131bbff59fb0c969217fc1d44e6d1503cd1f	2021-12-13T19:29:06.865079-06:00	2024-07-30T11:10:01.261957-05:00	TRUE	4240997	2025-06-03	b2166e719155da90eff65e01cb8aa66a	TRUE	53277314	TRUE		TRUE	TRUE
TCGA-KIRC	discovery	TCGA-CJ-4878	TCGA-CJ-4878-01A	Primary Tumor	8af84f63-5974-4e14-b818-73eb8678eaab	2f966351-8cdc-4e14-a646-f5a0262fdbf3.rna_seq.augmented_star_gene_counts.tsv	605527cb105627d536136bf913c3c002	4236149	Data Release 46.0 - August 10, 2026	2026-09-11	released	5d8c131bbff59fb0c969217fc1d44e6d1503cd1f	2021-12-13T19:22:55.953929-06:00	2024-07-30T11:07:31.994555-05:00	TRUE	4236149	2025-06-03	605527cb105627d536136bf913c3c002	TRUE	42121819	TRUE		TRUE	TRUE
TCGA-KIRC	discovery	TCGA-CJ-4881	TCGA-CJ-4881-01A	Primary Tumor	c04d9806-d86b-4afd-9481-89037aa621d1	f941959c-af60-4649-9212-1ce4b8f84b52.rna_seq.augmented_star_gene_counts.tsv	0bdf8fb4c600dcdee4cc765a25080689	4247870	Data Release 46.0 - August 10, 2026	2026-09-11	released	5d8c131bbff59fb0c969217fc1d44e6d1503cd1f	2021-12-13T19:28:45.108317-06:00	2024-07-30T10:56:48.261878-05:00	TRUE	4247870	2025-06-03	0bdf8fb4c600dcdee4cc765a25080689	TRUE	53624224	TRUE		TRUE	TRUE
TCGA-KIRC	discovery	TCGA-CJ-4882	TCGA-CJ-4882-01A	Primary Tumor	a936147d-36de-4749-9f38-c80e955c7186	dc9587a9-101c-4a7f-972f-0f84ab9b5067.rna_seq.augmented_star_gene_counts.tsv	c67f1d18906cd0a3420d67cc812aabcf	4257282	Data Release 46.0 - August 10, 2026	2026-09-11	released	5d8c131bbff59fb0c969217fc1d44e6d1503cd1f	2021-12-13T19:37:57.671971-06:00	2024-07-30T11:17:58.330064-05:00	TRUE	4257282	2025-06-03	c67f1d18906cd0a3420d67cc812aabcf	TRUE	41877792	TRUE		TRUE	TRUE
TCGA-KIRC	discovery	TCGA-CJ-4884	TCGA-CJ-4884-01A	Primary Tumor	0bbde4ab-4f9d-478b-a168-055e489b53f2	06a9adb9-0cc7-4e06-abbe-894f1883ed9f.rna_seq.augmented_star_gene_counts.tsv	11ecfc20c0de0c722c8237ad7123432f	4247601	Data Release 46.0 - August 10, 2026	2026-09-11	released	5d8c131bbff59fb0c969217fc1d44e6d1503cd1f	2021-12-13T19:13:03.303163-06:00	2024-07-30T11:14:42.872171-05:00	TRUE	4247601	2025-06-03	11ecfc20c0de0c722c8237ad7123432f	TRUE	68372458	TRUE		TRUE	TRUE
TCGA-KIRC	discovery	TCGA-CJ-4885	TCGA-CJ-4885-01A	Primary Tumor	4fc55db0-591e-4931-91c3-75d515504117	370d3ba9-88b4-463a-9f0d-6f0a53007261.rna_seq.augmented_star_gene_counts.tsv	6a3c44c96f73f1b42cc9469b8ba509d7	4238543	Data Release 46.0 - August 10, 2026	2026-09-11	released	5d8c131bbff59fb0c969217fc1d44e6d1503cd1f	2021-12-13T19:27:14.180941-06:00	2024-07-30T10:57:13.724786-05:00	TRUE	4238543	2025-06-03	6a3c44c96f73f1b42cc9469b8ba509d7	TRUE	63270999	TRUE		TRUE	TRUE
TCGA-KIRC	discovery	TCGA-CJ-4886	TCGA-CJ-4886-01A	Primary Tumor	bd1ebebf-1e32-4c8e-a476-a429bfbc3d46	8d99f02d-c434-41ee-b974-633a23874bce.rna_seq.augmented_star_gene_counts.tsv	08a92db5dd3a2de948630effba6549c8	4245156	Data Release 46.0 - August 10, 2026	2026-09-11	released	5d8c131bbff59fb0c969217fc1d44e6d1503cd1f	2021-12-13T19:15:41.257097-06:00	2024-07-30T10:58:51.851071-05:00	TRUE	4245156	2025-06-03	08a92db5dd3a2de948630effba6549c8	TRUE	55456031	TRUE		TRUE	TRUE
TCGA-KIRC	discovery	TCGA-CJ-4887	TCGA-CJ-4887-01A	Primary Tumor	4a0d03ae-65be-4168-89c9-0a756f0e47fc	3e330807-a35c-468a-9a1d-4d406457bd73.rna_seq.augmented_star_gene_counts.tsv	cd01d8048c1ef95caa738067b4024bad	4239778	Data Release 46.0 - August 10, 2026	2026-09-11	released	5d8c131bbff59fb0c969217fc1d44e6d1503cd1f	2021-12-13T19:04:08.461491-06:00	2024-07-30T11:07:03.147601-05:00	TRUE	4239778	2025-06-03	cd01d8048c1ef95caa738067b4024bad	TRUE	55288678	TRUE		TRUE	TRUE
TCGA-KIRC	discovery	TCGA-CJ-4888	TCGA-CJ-4888-01A	Primary Tumor	160f9fb3-e1e0-4f32-ab86-9555e838a0a0	b0e4b742-75f5-4270-9180-8c55f1cdbef5.rna_seq.augmented_star_gene_counts.tsv	f7ee091a5d06cd76b85edb84d8123c04	4249555	Data Release 46.0 - August 10, 2026	2026-09-11	released	5d8c131bbff59fb0c969217fc1d44e6d1503cd1f	2021-12-13T19:23:53.031873-06:00	2024-07-30T11:16:14.686328-05:00	TRUE	4249555	2025-06-03	f7ee091a5d06cd76b85edb84d8123c04	TRUE	72076410	TRUE		TRUE	TRUE
TCGA-KIRC	discovery	TCGA-CJ-4889	TCGA-CJ-4889-01A	Primary Tumor	dab754d3-54c4-4941-879a-dc107def74d8	abd77d33-2cca-43e3-91dc-60eafa9c099f.rna_seq.augmented_star_gene_counts.tsv	55b236a26e2d74bc7eeba48a077e116b	4250253	Data Release 46.0 - August 10, 2026	2026-09-11	released	5d8c131bbff59fb0c969217fc1d44e6d1503cd1f	2021-12-13T19:32:44.056066-06:00	2024-07-30T11:03:56.911635-05:00	TRUE	4250253	2025-06-03	55b236a26e2d74bc7eeba48a077e116b	TRUE	64054367	TRUE		TRUE	TRUE
TCGA-KIRC	discovery	TCGA-CJ-4890	TCGA-CJ-4890-01A	Primary Tumor	e11c27d0-d5a0-4e7f-83e6-83b79f64d962	3c966504-93ff-48b0-bb34-16ef7a00ec63.rna_seq.augmented_star_gene_counts.tsv	17b992383584715afa47623c1f076bcc	4250352	Data Release 46.0 - August 10, 2026	2026-09-11	released	5d8c131bbff59fb0c969217fc1d44e6d1503cd1f	2021-12-13T19:29:47.648281-06:00	2024-07-30T10:54:12.422018-05:00	TRUE	4250352	2025-06-03	17b992383584715afa47623c1f076bcc	TRUE	70537535	TRUE		TRUE	TRUE
TCGA-KIRC	discovery	TCGA-CJ-4891	TCGA-CJ-4891-01A	Primary Tumor	2b2ee0d4-4834-47a8-8362-6e95d83919ad	a35a6a12-5c15-4259-a0d5-b229f69368aa.rna_seq.augmented_star_gene_counts.tsv	b5dcde79cf6975b9c7fd263489f8e87d	4239453	Data Release 46.0 - August 10, 2026	2026-09-11	released	5d8c131bbff59fb0c969217fc1d44e6d1503cd1f	2021-12-13T19:41:29.346609-06:00	2024-07-30T10:56:27.452573-05:00	TRUE	4239453	2025-06-03	b5dcde79cf6975b9c7fd263489f8e87d	TRUE	62467394	TRUE		TRUE	TRUE
TCGA-KIRC	discovery	TCGA-CJ-4892	TCGA-CJ-4892-01A	Primary Tumor	db24671d-74b5-4647-be36-d865aa923ffa	f05b8220-8415-4ea9-87a5-4805768c2bab.rna_seq.augmented_star_gene_counts.tsv	fe3ce8e8137445b073ad9fb5b4d1b83e	4252816	Data Release 46.0 - August 10, 2026	2026-09-11	released	5d8c131bbff59fb0c969217fc1d44e6d1503cd1f	2021-12-13T19:06:43.390867-06:00	2024-07-30T11:03:53.140611-05:00	TRUE	4252816	2025-06-03	fe3ce8e8137445b073ad9fb5b4d1b83e	TRUE	59122834	TRUE		TRUE	TRUE
TCGA-KIRC	discovery	TCGA-CJ-4893	TCGA-CJ-4893-01A	Primary Tumor	0fbdc947-5a9e-47de-b4fa-bbbf1ba4fd6b	5c1d9af2-e798-4e2f-83af-05c27225e3e0.rna_seq.augmented_star_gene_counts.tsv	a6fcd8d81c7eb941ac5a08b9424f0d39	4246293	Data Release 46.0 - August 10, 2026	2026-09-11	released	5d8c131bbff59fb0c969217fc1d44e6d1503cd1f	2021-12-13T19:34:18.522069-06:00	2024-07-30T11:07:59.343987-05:00	TRUE	4246293	2025-06-03	a6fcd8d81c7eb941ac5a08b9424f0d39	TRUE	69556714	TRUE		TRUE	TRUE
TCGA-KIRC	discovery	TCGA-CJ-4894	TCGA-CJ-4894-01A	Primary Tumor	4ea0bf83-1d7e-41da-a34d-221add8155b2	7afb81f7-f9b0-4d0b-a4bd-18c15043c73f.rna_seq.augmented_star_gene_counts.tsv	a1a95aa249c908c63610172e15757344	4253724	Data Release 46.0 - August 10, 2026	2026-09-11	released	5d8c131bbff59fb0c969217fc1d44e6d1503cd1f	2021-12-13T19:30:27.389525-06:00	2024-07-30T10:56:32.416689-05:00	TRUE	4253724	2025-06-03	a1a95aa249c908c63610172e15757344	TRUE	63314125	TRUE		TRUE	TRUE
TCGA-KIRC	discovery	TCGA-CJ-4895	TCGA-CJ-4895-01A	Primary Tumor	4f8bfa46-5071-4cd4-9626-b91221550dd7	ee1c9d0c-1bc3-4343-ba2e-597ae0752470.rna_seq.augmented_star_gene_counts.tsv	971c2017caeb354327a8c96a981d6244	4240814	Data Release 46.0 - August 10, 2026	2026-09-11	released	5d8c131bbff59fb0c969217fc1d44e6d1503cd1f	2021-12-13T19:27:17.332429-06:00	2024-07-30T10:58:45.752833-05:00	TRUE	4240814	2025-06-03	971c2017caeb354327a8c96a981d6244	TRUE	52391146	TRUE		TRUE	TRUE
TCGA-KIRC	discovery	TCGA-CJ-4897	TCGA-CJ-4897-01A	Primary Tumor	c551e586-8040-47d7-928b-fe6b242ed81f	f91876eb-9bff-4ccc-b75c-85b4d237d2b8.rna_seq.augmented_star_gene_counts.tsv	854a0d9e0ca2e545cf28e9777309d9a2	4252325	Data Release 46.0 - August 10, 2026	2026-09-11	released	5d8c131bbff59fb0c969217fc1d44e6d1503cd1f	2021-12-13T19:23:31.999927-06:00	2024-07-30T11:16:44.708443-05:00	TRUE	4252325	2025-06-03	854a0d9e0ca2e545cf28e9777309d9a2	TRUE	87627111	TRUE		TRUE	TRUE
TCGA-KIRC	discovery	TCGA-CJ-4899	TCGA-CJ-4899-01A	Primary Tumor	cd18a3e0-c431-478a-b5fa-4b75a17a33a7	25dd3b28-da34-4c9a-b4ba-e4c091250dc1.rna_seq.augmented_star_gene_counts.tsv	228ed266cf77594d0b8fa5dc95c1b844	4263380	Data Release 46.0 - August 10, 2026	2026-09-11	released	5d8c131bbff59fb0c969217fc1d44e6d1503cd1f	2021-12-13T19:14:35.428471-06:00	2024-07-30T11:09:38.060694-05:00	TRUE	4263380	2025-06-03	228ed266cf77594d0b8fa5dc95c1b844	TRUE	77048285	TRUE		TRUE	TRUE
TCGA-KIRC	discovery	TCGA-CJ-4900	TCGA-CJ-4900-01A	Primary Tumor	9845de96-d57a-4613-89db-6a6c4e2eca4b	2440ba02-462d-4471-8751-065f468790ef.rna_seq.augmented_star_gene_counts.tsv	581f44f39eea50a50062a27ef92d5f13	4237885	Data Release 46.0 - August 10, 2026	2026-09-11	released	5d8c131bbff59fb0c969217fc1d44e6d1503cd1f	2021-12-13T19:35:50.253286-06:00	2024-07-30T11:17:17.543306-05:00	TRUE	4237885	2025-06-03	581f44f39eea50a50062a27ef92d5f13	TRUE	54301253	TRUE		TRUE	TRUE
TCGA-KIRC	discovery	TCGA-CJ-4901	TCGA-CJ-4901-01A	Primary Tumor	baec403c-9fb4-4b2e-898b-ef8399d0157e	4044b5b9-b308-492c-8280-e9c8b66782f9.rna_seq.augmented_star_gene_counts.tsv	880ae4e8dc0f57ef7d2f111260f6e8c7	4244902	Data Release 46.0 - August 10, 2026	2026-09-11	released	5d8c131bbff59fb0c969217fc1d44e6d1503cd1f	2021-12-13T19:43:32.455134-06:00	2024-07-30T11:07:33.285464-05:00	TRUE	4244902	2025-06-03	880ae4e8dc0f57ef7d2f111260f6e8c7	TRUE	60179483	TRUE		TRUE	TRUE
TCGA-KIRC	discovery	TCGA-CJ-4902	TCGA-CJ-4902-01A	Primary Tumor	bc8cef4d-5c5c-4d5b-bbbc-553e8940ced1	7bcfdaa5-0d48-45a4-86e1-28d8fb2f26d3.rna_seq.augmented_star_gene_counts.tsv	1bd65b12496ce1fe0c77be0c850cd2ff	4264420	Data Release 46.0 - August 10, 2026	2026-09-11	released	5d8c131bbff59fb0c969217fc1d44e6d1503cd1f	2021-12-13T19:38:06.752262-06:00	2024-07-30T11:16:01.181413-05:00	TRUE	4264420	2025-06-03	1bd65b12496ce1fe0c77be0c850cd2ff	TRUE	81801953	TRUE		TRUE	TRUE
TCGA-KIRC	discovery	TCGA-CJ-4903	TCGA-CJ-4903-01A	Primary Tumor	5741a507-2543-4c6e-a927-2441813632b6	23bbf00e-f0af-450e-a95b-fa5feac64a5f.rna_seq.augmented_star_gene_counts.tsv	1d018d211e89d17cc5e506b96ee39701	4252463	Data Release 46.0 - August 10, 2026	2026-09-11	released	5d8c131bbff59fb0c969217fc1d44e6d1503cd1f	2021-12-13T19:19:20.144367-06:00	2024-07-30T10:55:04.744323-05:00	TRUE	4252463	2025-06-03	1d018d211e89d17cc5e506b96ee39701	TRUE	75089514	TRUE		TRUE	TRUE
TCGA-KIRC	discovery	TCGA-CJ-4904	TCGA-CJ-4904-01A	Primary Tumor	fa157012-d4c8-43c3-b4fe-a02f13fcec40	d6e59be8-1ead-4fc7-bf6f-f5f3e7e24162.rna_seq.augmented_star_gene_counts.tsv	e7ae68019a770bf973b63e4123e506ca	4247858	Data Release 46.0 - August 10, 2026	2026-09-11	released	5d8c131bbff59fb0c969217fc1d44e6d1503cd1f	2021-12-13T19:37:11.689459-06:00	2024-07-30T08:55:39.397254-05:00	TRUE	4247858	2025-06-03	e7ae68019a770bf973b63e4123e506ca	TRUE	81985156	TRUE		TRUE	TRUE
TCGA-KIRC	discovery	TCGA-CJ-4905	TCGA-CJ-4905-01A	Primary Tumor	9c146666-fd40-4251-9b57-ee537addac17	093b3b97-0c32-487b-bc62-c06b98718fc0.rna_seq.augmented_star_gene_counts.tsv	7fdc3ecbae153dcd33f49bb949a31a23	4246566	Data Release 46.0 - August 10, 2026	2026-09-11	released	5d8c131bbff59fb0c969217fc1d44e6d1503cd1f	2021-12-13T19:13:48.670569-06:00	2024-07-30T11:09:56.338891-05:00	TRUE	4246566	2025-06-03	7fdc3ecbae153dcd33f49bb949a31a23	TRUE	72634627	TRUE		TRUE	TRUE
TCGA-KIRC	discovery	TCGA-CJ-4907	TCGA-CJ-4907-01A	Primary Tumor	460999dc-ccec-4f00-bdf5-cf285375fade	b4d2a445-007a-405d-a55f-d8ad0213fd48.rna_seq.augmented_star_gene_counts.tsv	2e4463ce323cd7c3b5fe79ebac681f8d	4251335	Data Release 46.0 - August 10, 2026	2026-09-11	released	5d8c131bbff59fb0c969217fc1d44e6d1503cd1f	2021-12-13T19:27:45.801942-06:00	2024-07-30T11:15:21.586350-05:00	TRUE	4251335	2025-06-03	2e4463ce323cd7c3b5fe79ebac681f8d	TRUE	70783555	TRUE		TRUE	TRUE
TCGA-KIRC	discovery	TCGA-CJ-4908	TCGA-CJ-4908-01A	Primary Tumor	626f256f-7057-47c3-8775-cda761910b1f	50ef3b8f-2e43-4d63-a17c-59804bf40aa4.rna_seq.augmented_star_gene_counts.tsv	a9d6a869728809c342ae976e9f59ccb3	4257551	Data Release 46.0 - August 10, 2026	2026-09-11	released	5d8c131bbff59fb0c969217fc1d44e6d1503cd1f	2021-12-13T19:09:00.811625-06:00	2024-07-30T10:57:35.073847-05:00	TRUE	4257551	2025-06-03	a9d6a869728809c342ae976e9f59ccb3	TRUE	70558849	TRUE		TRUE	TRUE
TCGA-KIRC	discovery	TCGA-CJ-4912	TCGA-CJ-4912-01A	Primary Tumor	4caac446-75ef-4e21-ab99-216a5962f956	612d5432-0750-4bc4-a0b8-d29511554be6.rna_seq.augmented_star_gene_counts.tsv	fa66438148658fec1dbc49ee4609b1ca	4233578	Data Release 46.0 - August 10, 2026	2026-09-11	released	5d8c131bbff59fb0c969217fc1d44e6d1503cd1f	2021-12-13T19:27:57.277280-06:00	2024-07-30T11:06:47.969815-05:00	TRUE	4233578	2025-06-03	fa66438148658fec1dbc49ee4609b1ca	TRUE	49245394	TRUE		TRUE	TRUE
TCGA-KIRC	discovery	TCGA-CJ-4916	TCGA-CJ-4916-01A	Primary Tumor	6faba44d-0367-4d54-a41e-1f2969760558	27fb6050-b8b6-4cae-800d-429d63093d67.rna_seq.augmented_star_gene_counts.tsv	de284cfe573d16a9a1af4380012d6237	4252065	Data Release 46.0 - August 10, 2026	2026-09-11	released	5d8c131bbff59fb0c969217fc1d44e6d1503cd1f	2021-12-13T19:33:13.097672-06:00	2024-07-30T11:00:53.139703-05:00	TRUE	4252065	2025-06-03	de284cfe573d16a9a1af4380012d6237	TRUE	72301393	TRUE		TRUE	TRUE
TCGA-KIRC	discovery	TCGA-CJ-4918	TCGA-CJ-4918-01A	Primary Tumor	8d116906-c391-48f2-9eb4-94945197d90b	00d95185-c29a-4c70-b5d3-dc0b9efc24fe.rna_seq.augmented_star_gene_counts.tsv	41a814ffbca2e6e66f326d612b642181	4246861	Data Release 46.0 - August 10, 2026	2026-09-11	released	5d8c131bbff59fb0c969217fc1d44e6d1503cd1f	2021-12-13T19:23:57.829628-06:00	2024-07-30T11:04:30.698268-05:00	TRUE	4246861	2025-06-03	41a814ffbca2e6e66f326d612b642181	TRUE	62847779	TRUE		TRUE	TRUE
TCGA-KIRC	discovery	TCGA-CJ-4920	TCGA-CJ-4920-01A	Primary Tumor	c85688fc-f98a-4672-b66d-8a28ea94d40b	02a502f9-4db3-41ea-a163-48cb43b1eaad.rna_seq.augmented_star_gene_counts.tsv	669fc566161634c664770a0e84556a5e	4245759	Data Release 46.0 - August 10, 2026	2026-09-11	released	5d8c131bbff59fb0c969217fc1d44e6d1503cd1f	2021-12-13T19:29:27.228598-06:00	2024-07-30T11:15:45.179309-05:00	TRUE	4245759	2025-06-03	669fc566161634c664770a0e84556a5e	TRUE	53613405	TRUE		TRUE	TRUE
TCGA-KIRC	discovery	TCGA-CJ-4923	TCGA-CJ-4923-01A	Primary Tumor	bb9e4d64-ffbc-40b6-a3e5-d05aa7a51717	0d608ac8-82bc-4501-afe7-be9db97be1d6.rna_seq.augmented_star_gene_counts.tsv	f805ece7056d32fe3136266d83ec9eb0	4252855	Data Release 46.0 - August 10, 2026	2026-09-11	released	5d8c131bbff59fb0c969217fc1d44e6d1503cd1f	2021-12-13T19:32:53.839675-06:00	2024-07-30T10:54:39.501370-05:00	TRUE	4252855	2025-06-03	f805ece7056d32fe3136266d83ec9eb0	TRUE	58715699	TRUE		TRUE	TRUE
TCGA-KIRC	discovery	TCGA-CJ-5671	TCGA-CJ-5671-01A	Primary Tumor	86f25e09-9bdb-478d-b929-6f570418af6c	7972dca5-b8db-4ed7-a4d7-056df9d0d37c.rna_seq.augmented_star_gene_counts.tsv	de62a8ece550f68ab7d149197cf4e2f1	4238118	Data Release 46.0 - August 10, 2026	2026-09-11	released	5d8c131bbff59fb0c969217fc1d44e6d1503cd1f	2021-12-13T19:06:08.081918-06:00	2024-07-30T11:17:18.698207-05:00	TRUE	4238118	2025-06-03	de62a8ece550f68ab7d149197cf4e2f1	TRUE	55652692	TRUE		TRUE	TRUE
TCGA-KIRC	discovery	TCGA-CJ-5672	TCGA-CJ-5672-01A	Primary Tumor	0666c919-fe81-415e-84ea-c782234e3aa0	fcfd97d0-70ee-4b14-8953-63e96f62f04a.rna_seq.augmented_star_gene_counts.tsv	d345467277f9b1820fd791fd479351bc	4228854	Data Release 46.0 - August 10, 2026	2026-09-11	released	5d8c131bbff59fb0c969217fc1d44e6d1503cd1f	2021-12-13T19:28:51.843406-06:00	2024-07-30T11:02:32.777864-05:00	TRUE	4228854	2025-06-03	d345467277f9b1820fd791fd479351bc	TRUE	40079573	TRUE		TRUE	TRUE
TCGA-KIRC	discovery	TCGA-CJ-5675	TCGA-CJ-5675-01A	Primary Tumor	2faa29c8-49e9-4fda-baea-f73583f3a27f	11c9e0b9-c94c-466f-877a-65325a76dcaf.rna_seq.augmented_star_gene_counts.tsv	3534bda464ff3afaaaca8e72c9c91606	4240617	Data Release 46.0 - August 10, 2026	2026-09-11	released	5d8c131bbff59fb0c969217fc1d44e6d1503cd1f	2021-12-13T19:17:18.895993-06:00	2024-07-30T11:01:13.110996-05:00	TRUE	4240617	2025-06-03	3534bda464ff3afaaaca8e72c9c91606	TRUE	60739847	TRUE		TRUE	TRUE
TCGA-KIRC	discovery	TCGA-CJ-5676	TCGA-CJ-5676-01A	Primary Tumor	9bb09a78-1bcb-43af-8cd9-d0adee31d5d4	fbf2b081-dd9f-49ed-b5bd-7ef3dfb3144d.rna_seq.augmented_star_gene_counts.tsv	b9d00550e8412ffe5b4432586a0a4772	4228023	Data Release 46.0 - August 10, 2026	2026-09-11	released	5d8c131bbff59fb0c969217fc1d44e6d1503cd1f	2021-12-13T19:30:40.010687-06:00	2024-07-30T10:55:38.403903-05:00	TRUE	4228023	2025-06-03	b9d00550e8412ffe5b4432586a0a4772	TRUE	47180794	TRUE		TRUE	TRUE
TCGA-KIRC	discovery	TCGA-CJ-5677	TCGA-CJ-5677-01A	Primary Tumor	e47ee1c9-13c8-4c78-b1d6-8a6795bebee8	c2330486-1e49-48c7-8898-c8fd19f2a47b.rna_seq.augmented_star_gene_counts.tsv	7c7aa607380ab57b863cf33c0b996989	4230516	Data Release 46.0 - August 10, 2026	2026-09-11	released	5d8c131bbff59fb0c969217fc1d44e6d1503cd1f	2021-12-13T19:32:38.020287-06:00	2024-07-30T10:58:07.949712-05:00	TRUE	4230516	2025-06-03	7c7aa607380ab57b863cf33c0b996989	TRUE	46351223	TRUE		TRUE	TRUE
TCGA-KIRC	discovery	TCGA-CJ-5678	TCGA-CJ-5678-01A	Primary Tumor	0af91fa3-3ad9-4ba3-9e29-8bd565871d69	2e7eb4b8-4f9a-48ff-9d0a-d54af72e50b1.rna_seq.augmented_star_gene_counts.tsv	1cf64ee29e3a7dd1d61cac29b5721ae3	4230661	Data Release 46.0 - August 10, 2026	2026-09-11	released	5d8c131bbff59fb0c969217fc1d44e6d1503cd1f	2021-12-13T19:37:45.845598-06:00	2024-07-30T11:01:20.869293-05:00	TRUE	4230661	2025-06-03	1cf64ee29e3a7dd1d61cac29b5721ae3	TRUE	46980490	TRUE		TRUE	TRUE
TCGA-KIRC	discovery	TCGA-CJ-5679	TCGA-CJ-5679-01A	Primary Tumor	c909d244-ad90-42b8-8cb9-b12a878bdbfa	7109300e-d920-4baf-9507-69acf2eac917.rna_seq.augmented_star_gene_counts.tsv	1c1907a60474db3670ada573822887e4	4228607	Data Release 46.0 - August 10, 2026	2026-09-11	released	5d8c131bbff59fb0c969217fc1d44e6d1503cd1f	2021-12-13T19:38:14.272255-06:00	2024-07-30T11:12:53.390463-05:00	TRUE	4228607	2025-06-03	1c1907a60474db3670ada573822887e4	TRUE	49705532	TRUE		TRUE	TRUE
TCGA-KIRC	discovery	TCGA-CJ-5680	TCGA-CJ-5680-01A	Primary Tumor	3dff6d1d-98ca-49b9-a6e4-5a4da59fb2f8	12debe80-71c0-43a9-bdf8-a859a57a9638.rna_seq.augmented_star_gene_counts.tsv	aaf89664d561aa7f525070f3ce934d45	4240147	Data Release 46.0 - August 10, 2026	2026-09-11	released	5d8c131bbff59fb0c969217fc1d44e6d1503cd1f	2021-12-13T19:16:30.117860-06:00	2024-07-30T11:15:08.195553-05:00	TRUE	4240147	2025-06-03	aaf89664d561aa7f525070f3ce934d45	TRUE	58265853	TRUE		TRUE	TRUE
TCGA-KIRC	discovery	TCGA-CJ-5681	TCGA-CJ-5681-01A	Primary Tumor	6f2cbdf8-24b9-4b9c-9a73-4e872852e6ac	5c5642f0-08aa-4e0f-a991-e872d44e5b66.rna_seq.augmented_star_gene_counts.tsv	1f5912817f341de4375a80cf3db8c432	4245352	Data Release 46.0 - August 10, 2026	2026-09-11	released	5d8c131bbff59fb0c969217fc1d44e6d1503cd1f	2021-12-13T19:27:37.809061-06:00	2024-07-30T11:02:35.161883-05:00	TRUE	4245352	2025-06-03	1f5912817f341de4375a80cf3db8c432	TRUE	56652784	TRUE		TRUE	FALSE
TCGA-KIRC	discovery	TCGA-CJ-5682	TCGA-CJ-5682-01A	Primary Tumor	c6bede90-50d8-4bf5-97e3-6fffe14e723d	ccc45217-72ba-4c8e-ac08-ca14cf523174.rna_seq.augmented_star_gene_counts.tsv	4626d425652ee1098fd01cd48cb8846f	4232323	Data Release 46.0 - August 10, 2026	2026-09-11	released	5d8c131bbff59fb0c969217fc1d44e6d1503cd1f	2021-12-13T19:11:49.779924-06:00	2024-07-30T11:11:48.848666-05:00	TRUE	4232323	2025-06-03	4626d425652ee1098fd01cd48cb8846f	TRUE	44798516	TRUE		TRUE	TRUE
TCGA-KIRC	discovery	TCGA-CJ-5683	TCGA-CJ-5683-01A	Primary Tumor	cfcc7db1-9369-4151-9f31-2d7ef06f8ea3	d28a9806-ce0f-45da-a272-56a77b1a00b5.rna_seq.augmented_star_gene_counts.tsv	9221d69c9edd30259cf6d41a53d6f2b1	4239641	Data Release 46.0 - August 10, 2026	2026-09-11	released	5d8c131bbff59fb0c969217fc1d44e6d1503cd1f	2021-12-13T19:26:45.514916-06:00	2024-07-30T11:14:11.053080-05:00	TRUE	4239641	2025-06-03	9221d69c9edd30259cf6d41a53d6f2b1	TRUE	52528622	TRUE		TRUE	TRUE
TCGA-KIRC	discovery	TCGA-CJ-5684	TCGA-CJ-5684-01A	Primary Tumor	d1d341bd-1a8e-4162-a63c-92ecc78e9c82	628efe45-6269-4c4b-8f50-15be89877383.rna_seq.augmented_star_gene_counts.tsv	41c0f040df3de3f26784f8a54c8b3673	4240810	Data Release 46.0 - August 10, 2026	2026-09-11	released	5d8c131bbff59fb0c969217fc1d44e6d1503cd1f	2021-12-13T19:42:52.539454-06:00	2024-07-30T10:54:40.763896-05:00	TRUE	4240810	2025-06-03	41c0f040df3de3f26784f8a54c8b3673	TRUE	56297044	TRUE		TRUE	TRUE
TCGA-KIRC	discovery	TCGA-CJ-5686	TCGA-CJ-5686-01A	Primary Tumor	12eadc69-863d-46fe-bb19-f8b38b05471b	ec23954c-4aca-41e5-b1ee-0c1bde8d63ed.rna_seq.augmented_star_gene_counts.tsv	84d476af1deb7abc2aee8a9bf2ae027f	4248726	Data Release 46.0 - August 10, 2026	2026-09-11	released	5d8c131bbff59fb0c969217fc1d44e6d1503cd1f	2021-12-13T19:19:13.180632-06:00	2024-07-30T11:03:14.761751-05:00	TRUE	4248726	2025-06-03	84d476af1deb7abc2aee8a9bf2ae027f	TRUE	70127478	TRUE		TRUE	TRUE
TCGA-KIRC	discovery	TCGA-CJ-6027	TCGA-CJ-6027-01A	Primary Tumor	46b3a547-c7a4-4499-9a77-29eb56f0a570	7a1e8ebe-3614-40bb-a489-6a96f10ceaa9.rna_seq.augmented_star_gene_counts.tsv	b53ea08bbe6e06924062541c83fb2b2c	4239866	Data Release 46.0 - August 10, 2026	2026-09-11	released	5d8c131bbff59fb0c969217fc1d44e6d1503cd1f	2021-12-13T19:18:48.900937-06:00	2024-07-30T10:53:53.371768-05:00	TRUE	4239866	2025-06-03	b53ea08bbe6e06924062541c83fb2b2c	TRUE	62226633	TRUE		TRUE	TRUE
TCGA-KIRC	discovery	TCGA-CJ-6028	TCGA-CJ-6028-01A	Primary Tumor	cdcfd140-d0a5-4c55-ba0c-64af335a1ff6	eb51e925-78bf-4d46-8505-c994b90f1ca6.rna_seq.augmented_star_gene_counts.tsv	dea2063621ed3e35017417eaab27bb2c	4235468	Data Release 46.0 - August 10, 2026	2026-09-11	released	5d8c131bbff59fb0c969217fc1d44e6d1503cd1f	2021-12-13T19:38:55.657337-06:00	2024-07-30T11:08:24.018693-05:00	TRUE	4235468	2025-06-03	dea2063621ed3e35017417eaab27bb2c	TRUE	48498907	TRUE		TRUE	TRUE
TCGA-KIRC	discovery	TCGA-CJ-6030	TCGA-CJ-6030-01A	Primary Tumor	3a9cb52e-6bc0-475c-9eee-230527a3e305	21273777-9444-4ea4-9e68-9ff6303e9997.rna_seq.augmented_star_gene_counts.tsv	d18b76c160ea916eb3f166f85c1b4499	4246920	Data Release 46.0 - August 10, 2026	2026-09-11	released	5d8c131bbff59fb0c969217fc1d44e6d1503cd1f	2021-12-13T19:21:43.797137-06:00	2024-07-30T10:57:07.630125-05:00	TRUE	4246920	2025-06-03	d18b76c160ea916eb3f166f85c1b4499	TRUE	66658539	TRUE		TRUE	TRUE
TCGA-KIRC	discovery	TCGA-CJ-6031	TCGA-CJ-6031-01A	Primary Tumor	52433ea4-d6cc-4d21-a1af-d62c3e9c5d77	53b3c5df-2ab2-4a03-b0af-ef7e2bed6f76.rna_seq.augmented_star_gene_counts.tsv	d27ed8a8f55934e86d8affe9d5fe696a	4240529	Data Release 46.0 - August 10, 2026	2026-09-11	released	5d8c131bbff59fb0c969217fc1d44e6d1503cd1f	2021-12-13T19:39:20.243217-06:00	2024-07-30T10:59:58.502190-05:00	TRUE	4240529	2025-06-03	d27ed8a8f55934e86d8affe9d5fe696a	TRUE	65463749	TRUE		TRUE	TRUE
TCGA-KIRC	discovery	TCGA-CJ-6032	TCGA-CJ-6032-01A	Primary Tumor	37faaa8d-fcc6-4feb-beae-cfe8155b03c2	ed302602-af2b-400c-9210-af5dd4ca01f5.rna_seq.augmented_star_gene_counts.tsv	4d2aeeba253b10a5c9e071c35ef12ae7	4245781	Data Release 46.0 - August 10, 2026	2026-09-11	released	5d8c131bbff59fb0c969217fc1d44e6d1503cd1f	2021-12-13T19:17:52.231992-06:00	2024-07-30T10:56:13.899105-05:00	TRUE	4245781	2025-06-03	4d2aeeba253b10a5c9e071c35ef12ae7	TRUE	71814762	TRUE		TRUE	TRUE
TCGA-KIRC	discovery	TCGA-CJ-6033	TCGA-CJ-6033-01A	Primary Tumor	d81180fa-51d8-4499-aed4-bbad365f67e1	6ff3d64c-4f44-483d-beee-8fa36aad7468.rna_seq.augmented_star_gene_counts.tsv	e4a487b53318331ce932fbafc51aa166	4242521	Data Release 46.0 - August 10, 2026	2026-09-11	released	5d8c131bbff59fb0c969217fc1d44e6d1503cd1f	2021-12-13T19:39:24.905947-06:00	2024-07-30T11:14:26.899899-05:00	TRUE	4242521	2025-06-03	e4a487b53318331ce932fbafc51aa166	TRUE	65903158	TRUE		TRUE	TRUE
TCGA-KIRC	discovery	TCGA-CW-5580	TCGA-CW-5580-01A	Primary Tumor	6e837fc7-1583-4fde-af30-fe955e7651bf	25dbc6db-791d-409d-8739-f0b50aaf572f.rna_seq.augmented_star_gene_counts.tsv	8c6635bd96da75cfc19222f7f5c04e53	4253463	Data Release 46.0 - August 10, 2026	2026-09-11	released	5d8c131bbff59fb0c969217fc1d44e6d1503cd1f	2021-12-13T19:32:00.832143-06:00	2024-07-30T11:04:22.037719-05:00	TRUE	4253463	2025-06-03	8c6635bd96da75cfc19222f7f5c04e53	TRUE	78459775	TRUE		TRUE	TRUE
TCGA-KIRC	discovery	TCGA-CW-5581	TCGA-CW-5581-01A	Primary Tumor	7560bd39-ffd0-45ae-95c9-451bccc8ccc4	0b4d3e72-85b5-4c23-9dbe-bff0bdbc5d43.rna_seq.augmented_star_gene_counts.tsv	880ccf67696a83b61693bd5b30ed8c26	4242011	Data Release 46.0 - August 10, 2026	2026-09-11	released	5d8c131bbff59fb0c969217fc1d44e6d1503cd1f	2021-12-13T19:12:51.559684-06:00	2024-07-30T10:59:46.749096-05:00	TRUE	4242011	2025-06-03	880ccf67696a83b61693bd5b30ed8c26	TRUE	63601911	TRUE		TRUE	TRUE
TCGA-KIRC	discovery	TCGA-CW-5583	TCGA-CW-5583-01A	Primary Tumor	499d7906-265e-4836-b2b5-55203bf08e2d	230c0566-f0a7-43e2-b247-cee9fd1cb6a2.rna_seq.augmented_star_gene_counts.tsv	6961d67c70bd6b6aa2559f3f70b0bc3f	4252040	Data Release 46.0 - August 10, 2026	2026-09-11	released	5d8c131bbff59fb0c969217fc1d44e6d1503cd1f	2021-12-13T19:21:41.556100-06:00	2024-07-30T11:12:42.167976-05:00	TRUE	4252040	2025-06-03	6961d67c70bd6b6aa2559f3f70b0bc3f	TRUE	68073141	TRUE		TRUE	TRUE
TCGA-KIRC	discovery	TCGA-CW-5584	TCGA-CW-5584-01A	Primary Tumor	f1d244a9-f031-4286-b433-572de7ed8d42	bedbb480-0785-4bd2-86da-d029b57e1033.rna_seq.augmented_star_gene_counts.tsv	ea55855a43aea9e4d8733b13d2db89b6	4242473	Data Release 46.0 - August 10, 2026	2026-09-11	released	5d8c131bbff59fb0c969217fc1d44e6d1503cd1f	2021-12-13T19:42:44.987247-06:00	2024-07-30T11:07:45.970855-05:00	TRUE	4242473	2025-06-03	ea55855a43aea9e4d8733b13d2db89b6	TRUE	60514518	TRUE		TRUE	TRUE
TCGA-KIRC	discovery	TCGA-CW-5585	TCGA-CW-5585-01A	Primary Tumor	d7b28bbe-cf7d-4634-8a48-f42d58be4a55	d3581b20-8dd6-4939-b4be-7fc6adaedffc.rna_seq.augmented_star_gene_counts.tsv	61b1c2dd0cbf84bb45cd19f7c2794da3	4245464	Data Release 46.0 - August 10, 2026	2026-09-11	released	5d8c131bbff59fb0c969217fc1d44e6d1503cd1f	2021-12-13T19:33:02.829346-06:00	2024-07-30T11:15:05.663303-05:00	TRUE	4245464	2025-06-03	61b1c2dd0cbf84bb45cd19f7c2794da3	TRUE	69774791	TRUE		TRUE	TRUE
TCGA-KIRC	discovery	TCGA-CW-5587	TCGA-CW-5587-01A	Primary Tumor	85746e9c-d9b1-419f-8f17-3b7927cc3c2b	173935db-f67f-4c16-bb7a-bccb7b52601e.rna_seq.augmented_star_gene_counts.tsv	e1a634668cbe086a91e8c008ad85ad46	4245106	Data Release 46.0 - August 10, 2026	2026-09-11	released	5d8c131bbff59fb0c969217fc1d44e6d1503cd1f	2021-12-13T19:29:03.351468-06:00	2024-07-30T11:09:27.891047-05:00	TRUE	4245106	2025-06-03	e1a634668cbe086a91e8c008ad85ad46	TRUE	63375149	TRUE		TRUE	TRUE
TCGA-KIRC	discovery	TCGA-CW-5588	TCGA-CW-5588-01A	Primary Tumor	17a7a252-7530-4f12-8cd8-50a049a1e653	97ed0f9c-f670-4da8-92d6-163ad4088402.rna_seq.augmented_star_gene_counts.tsv	253781ba8dfac68cf8a7656f493f66c6	4236629	Data Release 46.0 - August 10, 2026	2026-09-11	released	5d8c131bbff59fb0c969217fc1d44e6d1503cd1f	2021-12-13T19:36:54.663154-06:00	2024-07-30T10:59:40.619339-05:00	TRUE	4236629	2025-06-03	253781ba8dfac68cf8a7656f493f66c6	TRUE	54825507	TRUE		TRUE	TRUE
TCGA-KIRC	discovery	TCGA-CW-5589	TCGA-CW-5589-01A	Primary Tumor	aa2b77af-1803-4f20-8a29-5fa8c40c319a	1b4cfcf8-1915-4a17-87f8-ec0030ac98c0.rna_seq.augmented_star_gene_counts.tsv	8611a88c3b265d41fa3fd45286e38bfe	4244155	Data Release 46.0 - August 10, 2026	2026-09-11	released	5d8c131bbff59fb0c969217fc1d44e6d1503cd1f	2021-12-13T19:05:39.062250-06:00	2024-07-30T11:01:51.595868-05:00	TRUE	4244155	2025-06-03	8611a88c3b265d41fa3fd45286e38bfe	TRUE	56771426	TRUE		TRUE	TRUE
TCGA-KIRC	discovery	TCGA-CW-5590	TCGA-CW-5590-01A	Primary Tumor	6f5c8394-3144-428a-a38d-eb39be4379b5	a64f85a7-8fee-46fe-965e-cdce62f3393f.rna_seq.augmented_star_gene_counts.tsv	8f5512a5703012c62bd90148861239f2	4243581	Data Release 46.0 - August 10, 2026	2026-09-11	released	5d8c131bbff59fb0c969217fc1d44e6d1503cd1f	2021-12-13T19:04:41.518522-06:00	2024-07-30T11:00:46.862380-05:00	TRUE	4243581	2025-06-03	8f5512a5703012c62bd90148861239f2	TRUE	62691929	TRUE		TRUE	TRUE
TCGA-KIRC	discovery	TCGA-CW-5591	TCGA-CW-5591-01A	Primary Tumor	19062abb-b733-43e2-a9f2-81bca6d65a1e	04b616ae-93cd-46c3-9bd5-7f0c9151afd5.rna_seq.augmented_star_gene_counts.tsv	d74f98dd3fb9cb7337a314d5ee80c5fc	4240708	Data Release 46.0 - August 10, 2026	2026-09-11	released	5d8c131bbff59fb0c969217fc1d44e6d1503cd1f	2021-12-13T19:14:20.450724-06:00	2024-07-30T11:02:11.609124-05:00	TRUE	4240708	2025-06-03	d74f98dd3fb9cb7337a314d5ee80c5fc	TRUE	53829072	TRUE		TRUE	TRUE
TCGA-KIRC	discovery	TCGA-CW-6087	TCGA-CW-6087-01A	Primary Tumor	8e95a2b4-3110-4dd6-b3c9-b3e83c563282	c6dca0c8-bd9d-4299-9d18-a1054fe15aeb.rna_seq.augmented_star_gene_counts.tsv	7dc2839acf475c95831c3deac1c7a0f6	4248412	Data Release 46.0 - August 10, 2026	2026-09-11	released	5d8c131bbff59fb0c969217fc1d44e6d1503cd1f	2021-12-13T19:30:46.873231-06:00	2024-07-30T11:11:03.684188-05:00	TRUE	4248412	2025-06-03	7dc2839acf475c95831c3deac1c7a0f6	TRUE	78075859	TRUE		TRUE	TRUE
TCGA-KIRC	discovery	TCGA-CW-6088	TCGA-CW-6088-01A	Primary Tumor	c0d545e4-ab23-41f8-a29f-7a9df01c4abd	0090732e-6960-4e46-a400-61a16c810afe.rna_seq.augmented_star_gene_counts.tsv	714a2bd5a21e0f466b269c5fda9d1974	4254915	Data Release 46.0 - August 10, 2026	2026-09-11	released	5d8c131bbff59fb0c969217fc1d44e6d1503cd1f	2021-12-13T19:33:43.502533-06:00	2024-07-30T11:11:29.577918-05:00	TRUE	4254915	2025-06-03	714a2bd5a21e0f466b269c5fda9d1974	TRUE	71599035	TRUE		TRUE	TRUE
TCGA-KIRC	discovery	TCGA-CW-6090	TCGA-CW-6090-01A	Primary Tumor	485e84af-cd91-4096-a2e4-d2594481e5bf	2122974f-374d-4ede-b52b-e53af658818c.rna_seq.augmented_star_gene_counts.tsv	26176146e2cb35cfee8442d47a68d27e	4242281	Data Release 46.0 - August 10, 2026	2026-09-11	released	5d8c131bbff59fb0c969217fc1d44e6d1503cd1f	2021-12-13T19:28:50.001230-06:00	2024-07-30T11:06:52.798698-05:00	TRUE	4242281	2025-06-03	26176146e2cb35cfee8442d47a68d27e	TRUE	69158716	TRUE		TRUE	TRUE
TCGA-KIRC	discovery	TCGA-CW-6093	TCGA-CW-6093-01A	Primary Tumor	80156b04-f280-4915-8bc0-1667c178aa37	0d1cbb9d-5c1d-4395-b932-46e5a0789e55.rna_seq.augmented_star_gene_counts.tsv	94e311d39a2e46ea7f5ec508a23db53c	4243514	Data Release 46.0 - August 10, 2026	2026-09-11	released	5d8c131bbff59fb0c969217fc1d44e6d1503cd1f	2021-12-13T19:37:52.369729-06:00	2024-07-30T11:01:52.738232-05:00	TRUE	4243514	2025-06-03	94e311d39a2e46ea7f5ec508a23db53c	TRUE	61813197	TRUE		TRUE	TRUE
TCGA-KIRC	discovery	TCGA-CW-6097	TCGA-CW-6097-01A	Primary Tumor	0cb86c23-556d-4c56-b6cd-96dbbaff1441	3562d885-15d7-415a-bdf7-731c8bbae36b.rna_seq.augmented_star_gene_counts.tsv	912eaeb89eab661e15e2780a38007fd5	4240756	Data Release 46.0 - August 10, 2026	2026-09-11	released	5d8c131bbff59fb0c969217fc1d44e6d1503cd1f	2021-12-13T19:21:38.119382-06:00	2024-07-30T11:17:43.897633-05:00	TRUE	4240756	2025-06-03	912eaeb89eab661e15e2780a38007fd5	TRUE	51907896	TRUE		TRUE	TRUE
TCGA-KIRC	discovery	TCGA-CZ-4853	TCGA-CZ-4853-01A	Primary Tumor	b81e79c9-7f6d-498c-9591-2b7e8b3bc466	33da1573-ffd0-41e0-a3fa-65c08b86d8e3.rna_seq.augmented_star_gene_counts.tsv	ef99befaf4e76998c644f77c9ed41aaa	4250636	Data Release 46.0 - August 10, 2026	2026-09-11	released	5d8c131bbff59fb0c969217fc1d44e6d1503cd1f	2021-12-13T19:18:55.676369-06:00	2024-07-30T11:00:37.038933-05:00	TRUE	4250636	2025-06-03	ef99befaf4e76998c644f77c9ed41aaa	TRUE	80131537	TRUE		TRUE	TRUE
TCGA-KIRC	discovery	TCGA-CZ-4854	TCGA-CZ-4854-01A	Primary Tumor	32d5318e-4553-4f8d-81bb-82f59885fc60	c23298c9-3d14-41bb-a14b-4ce8bcfaf89e.rna_seq.augmented_star_gene_counts.tsv	3f758a0984494e6dbb71e484a0c6cc05	4253256	Data Release 46.0 - August 10, 2026	2026-09-11	released	5d8c131bbff59fb0c969217fc1d44e6d1503cd1f	2021-12-13T19:25:01.737826-06:00	2024-07-30T11:16:45.913586-05:00	TRUE	4253256	2025-06-03	3f758a0984494e6dbb71e484a0c6cc05	TRUE	65715533	TRUE		TRUE	TRUE
TCGA-KIRC	discovery	TCGA-CZ-4856	TCGA-CZ-4856-01A	Primary Tumor	89cf5c7f-c4af-4eb6-97a5-cc086fe76bbb	a32a3156-95e7-446d-9fc7-94a3cf8323b4.rna_seq.augmented_star_gene_counts.tsv	38086cb554563b2b5013d130efca571b	4245521	Data Release 46.0 - August 10, 2026	2026-09-11	released	5d8c131bbff59fb0c969217fc1d44e6d1503cd1f	2021-12-13T19:42:02.645946-06:00	2024-07-30T10:56:23.886316-05:00	TRUE	4245521	2025-06-03	38086cb554563b2b5013d130efca571b	TRUE	77778071	TRUE		TRUE	TRUE
TCGA-KIRC	discovery	TCGA-CZ-4857	TCGA-CZ-4857-01A	Primary Tumor	298544f7-b010-45cc-a518-619b8e04e4fc	d8e04fb0-455b-441f-946e-b6a9760b7811.rna_seq.augmented_star_gene_counts.tsv	87c7a22c8acacb5f2e4acc25d7b5a2c7	4241930	Data Release 46.0 - August 10, 2026	2026-09-11	released	5d8c131bbff59fb0c969217fc1d44e6d1503cd1f	2021-12-13T19:37:20.385906-06:00	2024-07-30T11:13:04.402995-05:00	TRUE	4241930	2025-06-03	87c7a22c8acacb5f2e4acc25d7b5a2c7	TRUE	48730379	TRUE		TRUE	TRUE
TCGA-KIRC	discovery	TCGA-CZ-4858	TCGA-CZ-4858-01A	Primary Tumor	e4747f6d-4c5c-4d49-886f-2c69fe206879	5e545b8a-8a66-4e9a-912b-9cbcbf813a4c.rna_seq.augmented_star_gene_counts.tsv	7bbd454a5e0627225e6bddafd800fe1b	4237646	Data Release 46.0 - August 10, 2026	2026-09-11	released	5d8c131bbff59fb0c969217fc1d44e6d1503cd1f	2021-12-13T19:25:58.585333-06:00	2024-07-30T11:18:26.614409-05:00	TRUE	4237646	2025-06-03	7bbd454a5e0627225e6bddafd800fe1b	TRUE	48671237	TRUE		TRUE	TRUE
TCGA-KIRC	discovery	TCGA-CZ-4859	TCGA-CZ-4859-01A	Primary Tumor	5576ae8b-e6e9-496d-854a-8c696bd965c9	acb3e553-8eef-49a4-9499-136a5039720d.rna_seq.augmented_star_gene_counts.tsv	02c734b32eefbdb5dd2c8da81ed6fb64	4247513	Data Release 46.0 - August 10, 2026	2026-09-11	released	5d8c131bbff59fb0c969217fc1d44e6d1503cd1f	2021-12-13T19:31:57.367246-06:00	2024-07-30T10:59:29.699125-05:00	TRUE	4247513	2025-06-03	02c734b32eefbdb5dd2c8da81ed6fb64	TRUE	78138578	TRUE		TRUE	TRUE
TCGA-KIRC	discovery	TCGA-CZ-4860	TCGA-CZ-4860-01A	Primary Tumor	3a6bb1dd-89ba-4f26-b7d7-c0c174c0bdf1	1de44fab-3e0a-4e2c-a84b-880cd724bbe4.rna_seq.augmented_star_gene_counts.tsv	47fe32a89a7c438fc0e12f2e5e6d0f17	4236401	Data Release 46.0 - August 10, 2026	2026-09-11	released	5d8c131bbff59fb0c969217fc1d44e6d1503cd1f	2021-12-13T19:06:51.420098-06:00	2024-07-30T11:17:22.185278-05:00	TRUE	4236401	2025-06-03	47fe32a89a7c438fc0e12f2e5e6d0f17	TRUE	63230974	TRUE		TRUE	TRUE
TCGA-KIRC	discovery	TCGA-CZ-4861	TCGA-CZ-4861-01A	Primary Tumor	342bcdf8-2b01-45b8-9bb7-48f151345ac2	69050be8-52e8-42f9-8b49-9a6b36fad585.rna_seq.augmented_star_gene_counts.tsv	393ac68fbdab2701ccffacfc633f703d	4241544	Data Release 46.0 - August 10, 2026	2026-09-11	released	5d8c131bbff59fb0c969217fc1d44e6d1503cd1f	2021-12-13T19:17:29.984710-06:00	2024-07-30T11:04:50.725023-05:00	TRUE	4241544	2025-06-03	393ac68fbdab2701ccffacfc633f703d	TRUE	64045291	TRUE		TRUE	TRUE
TCGA-KIRC	discovery	TCGA-CZ-4862	TCGA-CZ-4862-01A	Primary Tumor	1fbf38d0-bc11-4d81-81a3-2a558afa4db5	e7ecb3a4-a955-4aba-a369-7c21e85779ab.rna_seq.augmented_star_gene_counts.tsv	7171d99b84dc41917dddbde2c315d2c7	4244395	Data Release 46.0 - August 10, 2026	2026-09-11	released	5d8c131bbff59fb0c969217fc1d44e6d1503cd1f	2021-12-13T19:32:20.404826-06:00	2024-07-30T11:18:21.873255-05:00	TRUE	4244395	2025-06-03	7171d99b84dc41917dddbde2c315d2c7	TRUE	43151053	TRUE		TRUE	TRUE
TCGA-KIRC	discovery	TCGA-CZ-4863	TCGA-CZ-4863-01A	Primary Tumor	4a63eb90-d580-40d0-9136-a7baf34d3627	0d480f67-4325-465f-8f1d-d315ac63f663.rna_seq.augmented_star_gene_counts.tsv	779051accfcff5c7930d52c332f8a548	4251534	Data Release 46.0 - August 10, 2026	2026-09-11	released	5d8c131bbff59fb0c969217fc1d44e6d1503cd1f	2021-12-13T19:07:04.562772-06:00	2024-07-30T11:06:13.440827-05:00	TRUE	4251534	2025-06-03	779051accfcff5c7930d52c332f8a548	TRUE	65705452	TRUE		TRUE	TRUE
TCGA-KIRC	discovery	TCGA-CZ-4864	TCGA-CZ-4864-01A	Primary Tumor	3c7b458e-ecca-4d6a-b1c7-48152e184c0b	469940c4-270b-4ea2-b341-b211ceb54eac.rna_seq.augmented_star_gene_counts.tsv	c3445bcb0693cd8fe5904d98784ad91a	4257980	Data Release 46.0 - August 10, 2026	2026-09-11	released	5d8c131bbff59fb0c969217fc1d44e6d1503cd1f	2021-12-13T19:24:39.173825-06:00	2024-07-30T11:02:10.452528-05:00	TRUE	4257980	2025-06-03	c3445bcb0693cd8fe5904d98784ad91a	TRUE	74474410	TRUE		TRUE	TRUE
TCGA-KIRC	discovery	TCGA-CZ-4865	TCGA-CZ-4865-01A	Primary Tumor	1a9ee264-40bf-4a12-bcee-bd0f989e0798	7394e752-6d32-4f9a-b97b-f3c94820e542.rna_seq.augmented_star_gene_counts.tsv	050ad1b159f4a9ea181e9c453cb48494	4257538	Data Release 46.0 - August 10, 2026	2026-09-11	released	5d8c131bbff59fb0c969217fc1d44e6d1503cd1f	2021-12-13T19:32:48.417396-06:00	2024-07-30T11:00:39.423917-05:00	TRUE	4257538	2025-06-03	050ad1b159f4a9ea181e9c453cb48494	TRUE	91235986	TRUE		TRUE	TRUE
TCGA-KIRC	discovery	TCGA-CZ-4866	TCGA-CZ-4866-01A	Primary Tumor	de6772b8-dd18-4584-880e-b4080e2e0f8d	5ef92df8-2f33-4cb3-9270-bc3e89b0b1c3.rna_seq.augmented_star_gene_counts.tsv	fa6549d7b129d66b36ab80f7f1a0c932	4261538	Data Release 46.0 - August 10, 2026	2026-09-11	released	5d8c131bbff59fb0c969217fc1d44e6d1503cd1f	2021-12-13T19:15:27.669331-06:00	2024-07-30T11:08:27.690824-05:00	TRUE	4261538	2025-06-03	fa6549d7b129d66b36ab80f7f1a0c932	TRUE	99879575	TRUE		TRUE	TRUE
TCGA-KIRC	discovery	TCGA-CZ-5451	TCGA-CZ-5451-01A	Primary Tumor	5cd2f5f2-1325-454e-94a3-253d475205ef	9849d0e7-d13b-4f3b-b73d-d67e635a96ed.rna_seq.augmented_star_gene_counts.tsv	98bb2f1488dd12dd03a977996930be43	4233018	Data Release 46.0 - August 10, 2026	2026-09-11	released	5d8c131bbff59fb0c969217fc1d44e6d1503cd1f	2021-12-13T19:10:22.454642-06:00	2024-07-30T10:54:21.895231-05:00	TRUE	4233018	2025-06-03	98bb2f1488dd12dd03a977996930be43	TRUE	47928211	TRUE		TRUE	TRUE
TCGA-KIRC	discovery	TCGA-CZ-5452	TCGA-CZ-5452-01A	Primary Tumor	b2c3a163-384f-4246-880f-ae2caebf0d17	d96c15e3-28ba-448c-bee7-1ed38ccabbec.rna_seq.augmented_star_gene_counts.tsv	5903852fb6e37fc1363950ab59a9dd4d	4239751	Data Release 46.0 - August 10, 2026	2026-09-11	released	5d8c131bbff59fb0c969217fc1d44e6d1503cd1f	2021-12-13T19:37:24.622839-06:00	2024-07-30T11:01:04.220496-05:00	TRUE	4239751	2025-06-03	5903852fb6e37fc1363950ab59a9dd4d	TRUE	59332854	TRUE		TRUE	TRUE
TCGA-KIRC	discovery	TCGA-CZ-5453	TCGA-CZ-5453-01A	Primary Tumor	1b70671f-61a5-4a23-ab6b-2120e80d1698	6e57f7b0-a3c6-4d46-ae9d-44d6a26a82a5.rna_seq.augmented_star_gene_counts.tsv	53f16b867ef4f1383773d61f133f5f21	4241717	Data Release 46.0 - August 10, 2026	2026-09-11	released	5d8c131bbff59fb0c969217fc1d44e6d1503cd1f	2021-12-13T19:24:16.399331-06:00	2024-07-30T11:15:26.627147-05:00	TRUE	4241717	2025-06-03	53f16b867ef4f1383773d61f133f5f21	TRUE	70997409	TRUE		TRUE	TRUE
TCGA-KIRC	discovery	TCGA-CZ-5454	TCGA-CZ-5454-01A	Primary Tumor	7bb02e2f-67db-4527-959a-4f38da4edd7a	c6548d55-538d-49fa-a1f7-485915ee8f4b.rna_seq.augmented_star_gene_counts.tsv	d8eecb6d3a8f2f4794d25003d0934025	4243994	Data Release 46.0 - August 10, 2026	2026-09-11	released	5d8c131bbff59fb0c969217fc1d44e6d1503cd1f	2021-12-13T19:41:27.441844-06:00	2024-07-30T11:09:14.250873-05:00	TRUE	4243994	2025-06-03	d8eecb6d3a8f2f4794d25003d0934025	TRUE	82073265	TRUE		TRUE	TRUE
TCGA-KIRC	discovery	TCGA-CZ-5455	TCGA-CZ-5455-01A	Primary Tumor	ab53ebb6-2f7e-42ed-a46a-b2a541472fe7	2b714678-3d78-4a5e-aa1f-4c55594c875e.rna_seq.augmented_star_gene_counts.tsv	0f571ee51d71ea2ef4db422bc779fe33	4257368	Data Release 46.0 - August 10, 2026	2026-09-11	released	5d8c131bbff59fb0c969217fc1d44e6d1503cd1f	2021-12-13T19:14:39.713953-06:00	2024-07-30T10:59:12.674405-05:00	TRUE	4257368	2025-06-03	0f571ee51d71ea2ef4db422bc779fe33	TRUE	88985138	TRUE		TRUE	TRUE
TCGA-KIRC	discovery	TCGA-CZ-5456	TCGA-CZ-5456-01A	Primary Tumor	040e6555-b1a3-43ca-ae2b-a972fc01fa19	975ca807-d276-43f7-95e6-4b04bf2409c8.rna_seq.augmented_star_gene_counts.tsv	5e450e3b922b332c609f964a4d11ca29	4240383	Data Release 46.0 - August 10, 2026	2026-09-11	released	5d8c131bbff59fb0c969217fc1d44e6d1503cd1f	2021-12-13T19:39:04.273977-06:00	2024-07-30T11:18:05.697404-05:00	TRUE	4240383	2025-06-03	5e450e3b922b332c609f964a4d11ca29	TRUE	59763317	TRUE		TRUE	TRUE
TCGA-KIRC	discovery	TCGA-CZ-5457	TCGA-CZ-5457-01A	Primary Tumor	e79eb779-6742-452b-87d4-35e67d30de92	27fe2b74-28b3-4279-b66a-89ed2abc6891.rna_seq.augmented_star_gene_counts.tsv	2c4bd1fc352509cbce4dfbc30c3c9984	4245818	Data Release 46.0 - August 10, 2026	2026-09-11	released	5d8c131bbff59fb0c969217fc1d44e6d1503cd1f	2021-12-13T19:13:39.019415-06:00	2024-07-30T11:16:37.611013-05:00	TRUE	4245818	2025-06-03	2c4bd1fc352509cbce4dfbc30c3c9984	TRUE	75422686	TRUE		TRUE	TRUE
TCGA-KIRC	discovery	TCGA-CZ-5458	TCGA-CZ-5458-01A	Primary Tumor	206a4211-c6c8-4f43-be95-1f36289d7bd6	dfbacd3b-4403-447b-a904-d5bad78aaad9.rna_seq.augmented_star_gene_counts.tsv	4ea0b83c0627629bb83c93eca6062958	4248564	Data Release 46.0 - August 10, 2026	2026-09-11	released	5d8c131bbff59fb0c969217fc1d44e6d1503cd1f	2021-12-13T19:23:40.357104-06:00	2024-07-30T11:02:15.403530-05:00	TRUE	4248564	2025-06-03	4ea0b83c0627629bb83c93eca6062958	TRUE	67562746	TRUE		TRUE	TRUE
TCGA-KIRC	discovery	TCGA-CZ-5459	TCGA-CZ-5459-01A	Primary Tumor	6b9f9688-4bd2-4e54-9744-ac31665650b2	c2f8f5ae-8aa2-4101-9da6-6ab3d605f892.rna_seq.augmented_star_gene_counts.tsv	bef36bf4555ef70e768a8706924f25f6	4235801	Data Release 46.0 - August 10, 2026	2026-09-11	released	5d8c131bbff59fb0c969217fc1d44e6d1503cd1f	2021-12-13T19:15:35.617690-06:00	2024-07-30T10:54:52.839993-05:00	TRUE	4235801	2025-06-03	bef36bf4555ef70e768a8706924f25f6	TRUE	48596267	TRUE		TRUE	TRUE
TCGA-KIRC	discovery	TCGA-CZ-5460	TCGA-CZ-5460-01A	Primary Tumor	3545f947-1a52-4e14-a98d-e400a6cb5e60	71710ac2-38e7-43a2-b5dd-62d22c853c20.rna_seq.augmented_star_gene_counts.tsv	dc90b5b09b4c138a55ae14af0bc4932c	4244471	Data Release 46.0 - August 10, 2026	2026-09-11	released	5d8c131bbff59fb0c969217fc1d44e6d1503cd1f	2021-12-13T19:06:59.467897-06:00	2024-07-30T10:54:49.122335-05:00	TRUE	4244471	2025-06-03	dc90b5b09b4c138a55ae14af0bc4932c	TRUE	65913091	TRUE		TRUE	TRUE
TCGA-KIRC	discovery	TCGA-CZ-5461	TCGA-CZ-5461-01A	Primary Tumor	040bcb51-b1dd-4666-819f-3ffed0b5ebb0	4ef51bd6-d020-4a5f-9142-9d8349308146.rna_seq.augmented_star_gene_counts.tsv	975acc12664b7610818fa23a35ae4613	4249249	Data Release 46.0 - August 10, 2026	2026-09-11	released	5d8c131bbff59fb0c969217fc1d44e6d1503cd1f	2021-12-13T19:43:12.399156-06:00	2024-07-30T10:59:27.202054-05:00	TRUE	4249249	2025-06-03	975acc12664b7610818fa23a35ae4613	TRUE	78706733	TRUE		TRUE	TRUE
TCGA-KIRC	discovery	TCGA-CZ-5462	TCGA-CZ-5462-01A	Primary Tumor	24ec3d48-d4c2-4f0c-b188-87ebc1f3123e	9453eb6e-d3cf-4030-8eb3-cff627903c1a.rna_seq.augmented_star_gene_counts.tsv	7dbbf5fabaf369e4d233942341827227	4245450	Data Release 46.0 - August 10, 2026	2026-09-11	released	5d8c131bbff59fb0c969217fc1d44e6d1503cd1f	2021-12-13T19:08:09.820763-06:00	2024-07-30T11:17:37.874876-05:00	TRUE	4245450	2025-06-03	7dbbf5fabaf369e4d233942341827227	TRUE	70198249	TRUE		TRUE	TRUE
TCGA-KIRC	discovery	TCGA-CZ-5463	TCGA-CZ-5463-01A	Primary Tumor	424b672b-e409-4b9c-821f-b9d16cc3f454	858bd794-e93f-45ac-a5b9-be348fe61c2d.rna_seq.augmented_star_gene_counts.tsv	f0b1e7a66b8e7271ae5b49f76eb4370b	4256929	Data Release 46.0 - August 10, 2026	2026-09-11	released	5d8c131bbff59fb0c969217fc1d44e6d1503cd1f	2021-12-13T19:37:07.480989-06:00	2024-07-30T11:09:45.329949-05:00	TRUE	4256929	2025-06-03	f0b1e7a66b8e7271ae5b49f76eb4370b	TRUE	96060863	TRUE		TRUE	TRUE
TCGA-KIRC	discovery	TCGA-CZ-5464	TCGA-CZ-5464-01A	Primary Tumor	e673a5b6-c070-4068-b667-c7e81adfb4cf	58221495-6cdb-4363-aa29-8f0b1c42a6f5.rna_seq.augmented_star_gene_counts.tsv	53891b1f343853e402a57af21ac67a2e	4251414	Data Release 46.0 - August 10, 2026	2026-09-11	released	5d8c131bbff59fb0c969217fc1d44e6d1503cd1f	2021-12-13T19:30:43.546461-06:00	2024-07-30T11:13:34.492228-05:00	TRUE	4251414	2025-06-03	53891b1f343853e402a57af21ac67a2e	TRUE	71951209	TRUE		TRUE	TRUE
TCGA-KIRC	discovery	TCGA-CZ-5465	TCGA-CZ-5465-01A	Primary Tumor	ceaf66d6-7fcf-47d6-ae3f-99323057c910	33dfa933-8daa-44a1-8c7c-cf3335dc8275.rna_seq.augmented_star_gene_counts.tsv	1ec78a7c0e4909c112f0e04f4820beb5	4256277	Data Release 46.0 - August 10, 2026	2026-09-11	released	5d8c131bbff59fb0c969217fc1d44e6d1503cd1f	2021-12-13T19:07:31.670118-06:00	2024-07-30T11:14:56.289706-05:00	TRUE	4256277	2025-06-03	1ec78a7c0e4909c112f0e04f4820beb5	TRUE	91316134	TRUE		TRUE	TRUE
TCGA-KIRC	discovery	TCGA-CZ-5466	TCGA-CZ-5466-01A	Primary Tumor	edc7b71d-a551-463e-a76a-dc135373cb43	1a3165db-b776-4c16-82a1-8a82f386ab7d.rna_seq.augmented_star_gene_counts.tsv	6e94557d3a8f016d9b58d1c748e6f3d3	4234785	Data Release 46.0 - August 10, 2026	2026-09-11	released	5d8c131bbff59fb0c969217fc1d44e6d1503cd1f	2021-12-13T19:34:34.552726-06:00	2024-07-30T10:55:58.924719-05:00	TRUE	4234785	2025-06-03	6e94557d3a8f016d9b58d1c748e6f3d3	TRUE	47218825	TRUE		TRUE	TRUE
TCGA-KIRC	discovery	TCGA-CZ-5467	TCGA-CZ-5467-01A	Primary Tumor	063830a5-bb8f-4d58-98d6-c49ea4f1f66d	8ab025fe-d2bc-4ea0-9b76-c70c80c96a31.rna_seq.augmented_star_gene_counts.tsv	796e9852127cba025a80c48eb4055c8a	4241456	Data Release 46.0 - August 10, 2026	2026-09-11	released	5d8c131bbff59fb0c969217fc1d44e6d1503cd1f	2021-12-13T19:36:03.165826-06:00	2024-07-30T11:02:56.039880-05:00	TRUE	4241456	2025-06-03	796e9852127cba025a80c48eb4055c8a	TRUE	64547789	TRUE		TRUE	TRUE
TCGA-KIRC	discovery	TCGA-CZ-5468	TCGA-CZ-5468-01A	Primary Tumor	4d9d7601-1c03-422d-8dc1-1857593c49a5	96e2892d-515f-4412-8f4a-5947028dde90.rna_seq.augmented_star_gene_counts.tsv	78ab13d51d3c0a273c7b953bff2e45d9	4238797	Data Release 46.0 - August 10, 2026	2026-09-11	released	5d8c131bbff59fb0c969217fc1d44e6d1503cd1f	2021-12-13T19:32:12.105847-06:00	2024-07-30T11:15:24.234329-05:00	TRUE	4238797	2025-06-03	78ab13d51d3c0a273c7b953bff2e45d9	TRUE	64697057	TRUE		TRUE	TRUE
TCGA-KIRC	discovery	TCGA-CZ-5469	TCGA-CZ-5469-01A	Primary Tumor	6ae1ed76-5b6f-41a6-917b-cc713f874a03	b8e400b0-9d4f-426d-ad7f-8083e182ce95.rna_seq.augmented_star_gene_counts.tsv	b28f182b4cca13e1c600730d8ba36e44	4238890	Data Release 46.0 - August 10, 2026	2026-09-11	released	5d8c131bbff59fb0c969217fc1d44e6d1503cd1f	2021-12-13T19:14:03.796736-06:00	2024-07-30T10:55:56.477776-05:00	TRUE	4238890	2025-06-03	b28f182b4cca13e1c600730d8ba36e44	TRUE	58432825	TRUE		TRUE	TRUE
TCGA-KIRC	discovery	TCGA-CZ-5470	TCGA-CZ-5470-01A	Primary Tumor	fd493a63-08fb-4076-8b3c-f443dc4bcb0b	66ff9376-212d-4048-868f-964036ba3903.rna_seq.augmented_star_gene_counts.tsv	7f905874f72b9ccf5ea6318667f4c569	4248731	Data Release 46.0 - August 10, 2026	2026-09-11	released	5d8c131bbff59fb0c969217fc1d44e6d1503cd1f	2021-12-13T19:40:33.562795-06:00	2024-07-30T08:55:45.819315-05:00	TRUE	4248731	2025-06-03	7f905874f72b9ccf5ea6318667f4c569	TRUE	73166000	TRUE		TRUE	TRUE
TCGA-KIRC	discovery	TCGA-CZ-5982	TCGA-CZ-5982-01A	Primary Tumor	ff21a21b-35fb-423c-896c-c6943dbce540	a43b9c60-317d-413b-9848-cd9cca4a7050.rna_seq.augmented_star_gene_counts.tsv	20246927c5ec06ae3c88c678d9c04fbf	4237920	Data Release 46.0 - August 10, 2026	2026-09-11	released	5d8c131bbff59fb0c969217fc1d44e6d1503cd1f	2021-12-13T19:16:06.204302-06:00	2024-07-30T08:55:58.177345-05:00	TRUE	4237920	2025-06-03	20246927c5ec06ae3c88c678d9c04fbf	TRUE	58798132	TRUE		TRUE	TRUE
TCGA-KIRC	discovery	TCGA-CZ-5984	TCGA-CZ-5984-01A	Primary Tumor	a136ae8b-1e0d-4843-a461-ce554ad77458	5936a5df-ef92-4293-a01e-840b3a620561.rna_seq.augmented_star_gene_counts.tsv	7fb397066077fee02883a0d983f85909	4249140	Data Release 46.0 - August 10, 2026	2026-09-11	released	5d8c131bbff59fb0c969217fc1d44e6d1503cd1f	2021-12-13T19:27:20.446187-06:00	2024-07-30T10:54:31.776229-05:00	TRUE	4249140	2025-06-03	7fb397066077fee02883a0d983f85909	TRUE	68784293	TRUE		TRUE	TRUE
TCGA-KIRC	discovery	TCGA-CZ-5985	TCGA-CZ-5985-01A	Primary Tumor	69c0795b-d68f-4262-9e00-39eff5b66814	67b48fde-8db7-453a-ac70-c338fef76d1c.rna_seq.augmented_star_gene_counts.tsv	5273eee091b7fbe88db32902a82cad61	4246318	Data Release 46.0 - August 10, 2026	2026-09-11	released	5d8c131bbff59fb0c969217fc1d44e6d1503cd1f	2021-12-13T19:10:59.847370-06:00	2024-07-30T11:16:02.355657-05:00	TRUE	4246318	2025-06-03	5273eee091b7fbe88db32902a82cad61	TRUE	66120892	TRUE		TRUE	TRUE
TCGA-KIRC	discovery	TCGA-CZ-5986	TCGA-CZ-5986-01A	Primary Tumor	ff6cd0e8-98a0-4a96-9650-c348bcfe8901	bbdc627d-489d-4185-b32b-71207f241b62.rna_seq.augmented_star_gene_counts.tsv	37656b898c7e44f392851c5c364b3306	4228605	Data Release 46.0 - August 10, 2026	2026-09-11	released	5d8c131bbff59fb0c969217fc1d44e6d1503cd1f	2021-12-13T19:02:53.322658-06:00	2024-07-30T08:55:32.806233-05:00	TRUE	4228605	2025-06-03	37656b898c7e44f392851c5c364b3306	TRUE	38170414	TRUE		TRUE	TRUE
TCGA-KIRC	discovery	TCGA-CZ-5987	TCGA-CZ-5987-01A	Primary Tumor	e3fc3546-680c-44fa-ac79-918668443800	43837751-a62f-4f01-8eda-dd08e8017080.rna_seq.augmented_star_gene_counts.tsv	35bf598fcfe0ff84f6e9f4f190fc5e35	4220044	Data Release 46.0 - August 10, 2026	2026-09-11	released	5d8c131bbff59fb0c969217fc1d44e6d1503cd1f	2021-12-13T19:05:58.370293-06:00	2024-07-30T11:10:58.727524-05:00	TRUE	4220044	2025-06-03	35bf598fcfe0ff84f6e9f4f190fc5e35	TRUE	34630842	TRUE		TRUE	TRUE
TCGA-KIRC	discovery	TCGA-CZ-5988	TCGA-CZ-5988-01A	Primary Tumor	a810deed-122b-4c57-9d6f-8146c5064712	c7fcc566-c577-4b0e-b2de-f8dabf5d8d66.rna_seq.augmented_star_gene_counts.tsv	030f8f954b7f4829fe6ac8823d7c957e	4226540	Data Release 46.0 - August 10, 2026	2026-09-11	released	5d8c131bbff59fb0c969217fc1d44e6d1503cd1f	2021-12-13T19:26:09.761396-06:00	2024-07-30T11:09:08.605737-05:00	TRUE	4226540	2025-06-03	030f8f954b7f4829fe6ac8823d7c957e	TRUE	38250276	TRUE		TRUE	TRUE
TCGA-KIRC	discovery	TCGA-CZ-5989	TCGA-CZ-5989-01A	Primary Tumor	afe6bf7f-c463-4077-9c5c-3d00ce6ee8a8	7184f4fd-1df1-4ac9-942e-32c0468ee6f2.rna_seq.augmented_star_gene_counts.tsv	9c2401f7fb78a82c678608661c811b63	4220221	Data Release 46.0 - August 10, 2026	2026-09-11	released	5d8c131bbff59fb0c969217fc1d44e6d1503cd1f	2021-12-13T19:35:24.125486-06:00	2024-07-30T10:56:08.725318-05:00	TRUE	4220221	2025-06-03	9c2401f7fb78a82c678608661c811b63	TRUE	43316151	TRUE		TRUE	FALSE
TCGA-KIRC	discovery	TCGA-DV-5565	TCGA-DV-5565-01A	Primary Tumor	ac6da4db-868b-4b98-9c12-4c1930d08a5e	7bc968a4-4469-4318-882b-420eeb02b5d1.rna_seq.augmented_star_gene_counts.tsv	216734d3d8fe91d5535d67e19b2e52f1	4229550	Data Release 46.0 - August 10, 2026	2026-09-11	released	5d8c131bbff59fb0c969217fc1d44e6d1503cd1f	2021-12-13T19:43:07.554348-06:00	2024-07-30T11:17:07.438875-05:00	TRUE	4229550	2025-06-03	216734d3d8fe91d5535d67e19b2e52f1	TRUE	54697915	TRUE		TRUE	TRUE
TCGA-KIRC	discovery	TCGA-DV-5566	TCGA-DV-5566-01A	Primary Tumor	adb0fc04-0e35-4637-b3e2-6d9299b97069	0fc73ff6-0368-4151-8de3-322e3b2fa6e0.rna_seq.augmented_star_gene_counts.tsv	fc9b634ac4ffb059d1cf695a59585c5a	4231707	Data Release 46.0 - August 10, 2026	2026-09-11	released	5d8c131bbff59fb0c969217fc1d44e6d1503cd1f	2021-12-13T19:23:00.366568-06:00	2024-07-30T11:05:20.346085-05:00	TRUE	4231707	2025-06-03	fc9b634ac4ffb059d1cf695a59585c5a	TRUE	41481379	TRUE		TRUE	TRUE
TCGA-KIRC	discovery	TCGA-DV-5567	TCGA-DV-5567-01A	Primary Tumor	d1280122-4cf1-4e12-9783-4a7038a28ac0	0fffe51a-2bac-4552-b731-3f496c41dad7.rna_seq.augmented_star_gene_counts.tsv	b42937b869ba473005606edf15cb3c51	4244919	Data Release 46.0 - August 10, 2026	2026-09-11	released	5d8c131bbff59fb0c969217fc1d44e6d1503cd1f	2021-12-13T19:38:49.067484-06:00	2024-07-30T10:54:26.705010-05:00	TRUE	4244919	2025-06-03	b42937b869ba473005606edf15cb3c51	TRUE	65287345	TRUE		TRUE	TRUE
TCGA-KIRC	discovery	TCGA-DV-5568	TCGA-DV-5568-01A	Primary Tumor	89bb336a-c128-4492-9109-e657f8f2011b	0c069613-79f5-433f-a897-5810632f78b0.rna_seq.augmented_star_gene_counts.tsv	6688af4280bfaad0e7be458d01f41b6e	4238109	Data Release 46.0 - August 10, 2026	2026-09-11	released	5d8c131bbff59fb0c969217fc1d44e6d1503cd1f	2021-12-13T19:07:51.030139-06:00	2024-07-30T11:00:13.660342-05:00	TRUE	4238109	2025-06-03	6688af4280bfaad0e7be458d01f41b6e	TRUE	56489888	TRUE		TRUE	TRUE
TCGA-KIRC	discovery	TCGA-DV-5569	TCGA-DV-5569-01A	Primary Tumor	34a71e25-c1fa-4f7a-9407-600964534fc5	30089c34-1338-4817-86d1-0e7536f6c379.rna_seq.augmented_star_gene_counts.tsv	f986cfe1814e8dd1b577d7c6f1a2169e	4239750	Data Release 46.0 - August 10, 2026	2026-09-11	released	5d8c131bbff59fb0c969217fc1d44e6d1503cd1f	2021-12-13T19:33:49.704941-06:00	2024-07-30T11:09:11.086462-05:00	TRUE	4239750	2025-06-03	f986cfe1814e8dd1b577d7c6f1a2169e	TRUE	58624288	TRUE		TRUE	TRUE
TCGA-KIRC	discovery	TCGA-DV-5573	TCGA-DV-5573-01A	Primary Tumor	1bd902eb-9e76-406a-bfe9-b0b5861bcdfb	e238e3a1-0301-4e93-9082-4422519763b6.rna_seq.augmented_star_gene_counts.tsv	d3b0dddeede485b6dc3332a4d974b1ba	4248589	Data Release 46.0 - August 10, 2026	2026-09-11	released	5d8c131bbff59fb0c969217fc1d44e6d1503cd1f	2021-12-13T19:14:00.120119-06:00	2024-07-30T11:14:35.632965-05:00	TRUE	4248589	2025-06-03	d3b0dddeede485b6dc3332a4d974b1ba	TRUE	51514945	TRUE		TRUE	TRUE
TCGA-KIRC	discovery	TCGA-DV-5574	TCGA-DV-5574-01A	Primary Tumor	79b49079-070b-4b97-80b9-838bbd32f33c	a2f07423-e34f-43d0-b063-3c9838206135.rna_seq.augmented_star_gene_counts.tsv	4fcabcd7d2547ca982ea40b10634dc05	4245880	Data Release 46.0 - August 10, 2026	2026-09-11	released	5d8c131bbff59fb0c969217fc1d44e6d1503cd1f	2021-12-13T19:05:27.115460-06:00	2024-07-30T11:05:25.211740-05:00	TRUE	4245880	2025-06-03	4fcabcd7d2547ca982ea40b10634dc05	TRUE	64086709	TRUE		TRUE	TRUE
TCGA-KIRC	discovery	TCGA-DV-5575	TCGA-DV-5575-01A	Primary Tumor	a5dd6162-2bca-4bbb-a068-94d122a52cc5	25b02484-448e-4e54-b072-794ad0aa938c.rna_seq.augmented_star_gene_counts.tsv	c84fa468717a6964e95f0f393dd0be04	4239697	Data Release 46.0 - August 10, 2026	2026-09-11	released	5d8c131bbff59fb0c969217fc1d44e6d1503cd1f	2021-12-13T19:37:33.443633-06:00	2024-07-30T11:16:24.416383-05:00	TRUE	4239697	2025-06-03	c84fa468717a6964e95f0f393dd0be04	TRUE	52031450	TRUE		TRUE	TRUE
TCGA-KIRC	discovery	TCGA-DV-5576	TCGA-DV-5576-01A	Primary Tumor	96ae86b9-6d2a-4b13-9765-a0a5b71519c4	574c80f2-2b56-4102-8a3f-58886075ad1d.rna_seq.augmented_star_gene_counts.tsv	f620fce14f579ac6ba5136d99c65edf1	4246578	Data Release 46.0 - August 10, 2026	2026-09-11	released	5d8c131bbff59fb0c969217fc1d44e6d1503cd1f	2021-12-13T19:42:21.918793-06:00	2024-07-30T10:56:25.125190-05:00	TRUE	4246578	2025-06-03	f620fce14f579ac6ba5136d99c65edf1	TRUE	59348264	TRUE		TRUE	TRUE
TCGA-KIRC	discovery	TCGA-DV-A4VX	TCGA-DV-A4VX-01A	Primary Tumor	7f6b6886-84b6-4cb9-8b01-b2d10f55b8c9	91ef4b66-e9a9-48f4-a647-4a3e51805951.rna_seq.augmented_star_gene_counts.tsv	effe8eefc7a595459daf7834b984d24e	4229371	Data Release 46.0 - August 10, 2026	2026-09-11	released	5d8c131bbff59fb0c969217fc1d44e6d1503cd1f	2021-12-13T19:07:25.061297-06:00	2024-07-30T11:14:53.811348-05:00	TRUE	4229371	2025-06-03	effe8eefc7a595459daf7834b984d24e	TRUE	39820622	TRUE		TRUE	TRUE
TCGA-KIRC	discovery	TCGA-DV-A4VZ	TCGA-DV-A4VZ-01A	Primary Tumor	db9d1bc8-9c20-4fbd-bfac-cf1faf1cad11	f701ac18-597c-47e3-ba03-1901724b02e5.rna_seq.augmented_star_gene_counts.tsv	40d25bab0f0868caa6e1fe0718a6e768	4232813	Data Release 46.0 - August 10, 2026	2026-09-11	released	5d8c131bbff59fb0c969217fc1d44e6d1503cd1f	2021-12-13T19:43:35.705018-06:00	2024-07-30T11:03:00.949063-05:00	TRUE	4232813	2025-06-03	40d25bab0f0868caa6e1fe0718a6e768	TRUE	47977314	TRUE		TRUE	TRUE
TCGA-KIRC	discovery	TCGA-DV-A4W0	TCGA-DV-A4W0-01A	Primary Tumor	07b09d0e-fac2-42a7-9cac-ac1e38a92298	e7da171a-02e6-4369-a961-885bc2f7e0ba.rna_seq.augmented_star_gene_counts.tsv	b42e322a2ee3afc2f59467f9acf2519e	4238090	Data Release 46.0 - August 10, 2026	2026-09-11	released	5d8c131bbff59fb0c969217fc1d44e6d1503cd1f	2021-12-13T19:13:56.548008-06:00	2024-07-30T10:57:32.444610-05:00	TRUE	4238090	2025-06-03	b42e322a2ee3afc2f59467f9acf2519e	TRUE	46271292	TRUE		TRUE	TRUE
TCGA-KIRC	discovery	TCGA-EU-5904	TCGA-EU-5904-01A	Primary Tumor	1eb01cfb-4b8b-472b-a20b-61239ad14ab6	d3cfb40a-d28c-4202-9fc7-2569dfdd64d7.rna_seq.augmented_star_gene_counts.tsv	18a403720e466264a45204cf808d163a	4240767	Data Release 46.0 - August 10, 2026	2026-09-11	released	5d8c131bbff59fb0c969217fc1d44e6d1503cd1f	2021-12-13T19:08:50.625875-06:00	2024-07-30T11:00:22.427933-05:00	TRUE	4240767	2025-06-03	18a403720e466264a45204cf808d163a	TRUE	59814705	TRUE		TRUE	TRUE
TCGA-KIRC	discovery	TCGA-EU-5905	TCGA-EU-5905-01A	Primary Tumor	d9da2793-4334-4b17-b234-172705dca082	920024b5-2535-4fa1-b016-48adaddff54f.rna_seq.augmented_star_gene_counts.tsv	8f3212f3388584e94ef97fe5f1b77e7e	4227813	Data Release 46.0 - August 10, 2026	2026-09-11	released	5d8c131bbff59fb0c969217fc1d44e6d1503cd1f	2021-12-13T19:17:15.295238-06:00	2024-07-30T11:06:58.327045-05:00	TRUE	4227813	2025-06-03	8f3212f3388584e94ef97fe5f1b77e7e	TRUE	36265686	TRUE		TRUE	TRUE
TCGA-KIRC	discovery	TCGA-EU-5906	TCGA-EU-5906-01A	Primary Tumor	2a8ed8a3-37a6-4492-823c-a86f392d0c44	3fe12cfa-5042-4625-ac9a-c1be80013643.rna_seq.augmented_star_gene_counts.tsv	62433ac7e48ccedcad44b1b35581b192	4254360	Data Release 46.0 - August 10, 2026	2026-09-11	released	5d8c131bbff59fb0c969217fc1d44e6d1503cd1f	2021-12-13T19:37:43.855208-06:00	2024-07-30T11:08:05.342711-05:00	TRUE	4254360	2025-06-03	62433ac7e48ccedcad44b1b35581b192	TRUE	83181083	TRUE		TRUE	TRUE
TCGA-KIRC	discovery	TCGA-EU-5907	TCGA-EU-5907-01A	Primary Tumor	304948c1-e699-44b0-814d-defc3a1119f3	02ea1ad2-181d-4357-a895-2754436c31d7.rna_seq.augmented_star_gene_counts.tsv	d775c4c42df21d51a73bea019ec4923d	4225009	Data Release 46.0 - August 10, 2026	2026-09-11	released	5d8c131bbff59fb0c969217fc1d44e6d1503cd1f	2021-12-13T19:07:21.486241-06:00	2024-07-30T11:02:21.401386-05:00	TRUE	4225009	2025-06-03	d775c4c42df21d51a73bea019ec4923d	TRUE	38753711	TRUE		TRUE	TRUE
TCGA-KIRC	discovery	TCGA-G6-A5PC	TCGA-G6-A5PC-01A	Primary Tumor	a57d26d5-0255-4bd1-bcd6-ebfb9d35055d	6a376f41-b8f4-4a0e-aca6-89dd33f4baff.rna_seq.augmented_star_gene_counts.tsv	c4de191f62ecbc69cff45bffc60c6ccf	4216125	Data Release 46.0 - August 10, 2026	2026-09-11	released	5d8c131bbff59fb0c969217fc1d44e6d1503cd1f	2021-12-13T19:32:13.844053-06:00	2024-07-30T11:14:49.059412-05:00	TRUE	4216125	2025-06-03	c4de191f62ecbc69cff45bffc60c6ccf	TRUE	41513124	TRUE		TRUE	TRUE
TCGA-KIRC	discovery	TCGA-G6-A8L6	TCGA-G6-A8L6-01A	Primary Tumor	8bbda4a1-af04-496f-b047-1d74c29ec19a	34a5db13-6ea3-4f76-88dd-edddc9d6f057.rna_seq.augmented_star_gene_counts.tsv	1ae95a4365b3eea3abd140d30c3f4562	4224787	Data Release 46.0 - August 10, 2026	2026-09-11	released	5d8c131bbff59fb0c969217fc1d44e6d1503cd1f	2021-12-13T19:03:25.459401-06:00	2024-07-30T11:04:35.584540-05:00	TRUE	4224787	2025-06-03	1ae95a4365b3eea3abd140d30c3f4562	TRUE	33794317	TRUE		TRUE	TRUE
TCGA-KIRC	discovery	TCGA-G6-A8L7	TCGA-G6-A8L7-01A	Primary Tumor	b0b5583a-d348-4a65-bea4-d4046eac0f76	9fc87bb1-4c55-455d-8959-aa2c8b8cf66b.rna_seq.augmented_star_gene_counts.tsv	cb230842855405b80e4159b2091944f4	4212258	Data Release 46.0 - August 10, 2026	2026-09-11	released	5d8c131bbff59fb0c969217fc1d44e6d1503cd1f	2021-12-13T19:17:38.129945-06:00	2024-07-30T11:00:01.947615-05:00	TRUE	4212258	2025-06-03	cb230842855405b80e4159b2091944f4	TRUE	28533937	TRUE		TRUE	FALSE
TCGA-KIRC	discovery	TCGA-G6-A8L8	TCGA-G6-A8L8-01A	Primary Tumor	8e4480b4-e56b-4937-94c7-617b4125615c	38b4f727-90e3-405a-9d58-7399267a5845.rna_seq.augmented_star_gene_counts.tsv	a029ddf2ba8c5e671d0318ed799388ac	4237872	Data Release 46.0 - August 10, 2026	2026-09-11	released	5d8c131bbff59fb0c969217fc1d44e6d1503cd1f	2021-12-13T19:03:09.904323-06:00	2024-07-30T11:06:59.495225-05:00	TRUE	4237872	2025-06-03	a029ddf2ba8c5e671d0318ed799388ac	TRUE	45697816	TRUE		TRUE	TRUE
TCGA-KIRC	discovery	TCGA-GK-A6C7	TCGA-GK-A6C7-01A	Primary Tumor	cac6d56b-22df-46a8-b98f-f59fa9257f5e	b72fae78-e0cd-47d7-a5cb-e179e1bc90b6.rna_seq.augmented_star_gene_counts.tsv	870f0c4b74cd6a87bf7640c25a6f1c10	4248639	Data Release 46.0 - August 10, 2026	2026-09-11	released	5d8c131bbff59fb0c969217fc1d44e6d1503cd1f	2021-12-13T19:12:44.325029-06:00	2024-07-30T11:12:37.596340-05:00	TRUE	4248639	2025-06-03	870f0c4b74cd6a87bf7640c25a6f1c10	TRUE	62346503	TRUE		FALSE	FALSE
TCGA-KIRC	discovery	TCGA-MM-A563	TCGA-MM-A563-01A	Primary Tumor	2f9b9698-edc6-4049-809c-9733f05f5c2b	ed920009-6bce-4300-b928-14d0ec474ac6.rna_seq.augmented_star_gene_counts.tsv	ad090898aaad08b7d31c1724dcd7a81b	4240094	Data Release 46.0 - August 10, 2026	2026-09-11	released	5d8c131bbff59fb0c969217fc1d44e6d1503cd1f	2021-12-13T19:39:35.050185-06:00	2024-07-30T11:05:51.550606-05:00	TRUE	4240094	2025-06-03	ad090898aaad08b7d31c1724dcd7a81b	TRUE	41379227	TRUE		TRUE	TRUE
TCGA-KIRC	discovery	TCGA-MM-A564	TCGA-MM-A564-01A	Primary Tumor	f13427f3-3d78-4fc1-9523-64b4ae583494	5f685c09-1f01-4ae6-a8e9-5ecfdf1877d9.rna_seq.augmented_star_gene_counts.tsv	0bcbeef3e4c60c7798c083a2dab55619	4228953	Data Release 46.0 - August 10, 2026	2026-09-11	released	5d8c131bbff59fb0c969217fc1d44e6d1503cd1f	2021-12-13T19:06:30.849398-06:00	2024-07-30T11:08:52.630654-05:00	TRUE	4228953	2025-06-03	0bcbeef3e4c60c7798c083a2dab55619	TRUE	41447591	TRUE		TRUE	TRUE
TCGA-KIRC	discovery	TCGA-MM-A84U	TCGA-MM-A84U-01A	Primary Tumor	8fc7b6c7-aa50-4a13-a898-35a6bce2d32f	b10257dc-bba9-48d7-8595-735c042dcc16.rna_seq.augmented_star_gene_counts.tsv	2877182591cf8e89f69d46efc2f056e7	4231604	Data Release 46.0 - August 10, 2026	2026-09-11	released	5d8c131bbff59fb0c969217fc1d44e6d1503cd1f	2021-12-13T19:28:21.170190-06:00	2024-07-30T11:00:24.794182-05:00	TRUE	4231604	2025-06-03	2877182591cf8e89f69d46efc2f056e7	TRUE	44459805	TRUE		TRUE	TRUE
TCGA-KIRC	discovery	TCGA-MW-A4EC	TCGA-MW-A4EC-01A	Primary Tumor	4488f655-ed4d-44d1-acad-20d9c530f84d	57e4c187-b93b-4870-9b3c-29e8098d371e.rna_seq.augmented_star_gene_counts.tsv	6784166dbc391c92b6e4c564a70426ed	4242682	Data Release 46.0 - August 10, 2026	2026-09-11	released	5d8c131bbff59fb0c969217fc1d44e6d1503cd1f	2021-12-13T19:28:17.212839-06:00	2024-07-30T10:58:15.204158-05:00	TRUE	4242682	2025-06-03	6784166dbc391c92b6e4c564a70426ed	TRUE	49549472	TRUE		TRUE	TRUE
TCGA-KIRC	discovery	TCGA-T7-A92I	TCGA-T7-A92I-01A	Primary Tumor	1263f317-119b-428c-96b1-c187e54bb275	92cb59ee-23f2-412b-a039-e4040218c207.rna_seq.augmented_star_gene_counts.tsv	816f9e5ee5179b522e76feb0cb39b7dd	4245460	Data Release 46.0 - August 10, 2026	2026-09-11	released	5d8c131bbff59fb0c969217fc1d44e6d1503cd1f	2021-12-13T19:08:53.913040-06:00	2024-07-30T10:56:18.665127-05:00	TRUE	4245460	2025-06-03	816f9e5ee5179b522e76feb0cb39b7dd	TRUE	66875606	TRUE		TRUE	TRUE
TCGA-KIRC	discovery	TCGA-A3-3358	TCGA-A3-3358-11A	Solid Tissue Normal	ca47a7ca-d9aa-4140-a74b-4a1c75fe9ad9	bb71d96c-d14e-4e9c-be07-17534f4b541b.rna_seq.augmented_star_gene_counts.tsv	9ed70bd9d9eddf64ed7521e76f5470cb	4235920	Data Release 46.0 - August 10, 2026	2026-09-11	released	5d8c131bbff59fb0c969217fc1d44e6d1503cd1f	2021-12-13T19:37:40.661133-06:00	2024-07-30T11:05:06.859703-05:00	TRUE	4235920	2025-06-03	9ed70bd9d9eddf64ed7521e76f5470cb	TRUE	49073689	FALSE	non-primary sample	FALSE	FALSE
TCGA-KIRC	discovery	TCGA-A3-3387	TCGA-A3-3387-11A	Solid Tissue Normal	02c1c266-473f-437d-b768-20f685349ecb	8a31c02d-a429-4d4e-a461-8024bea95b1a.rna_seq.augmented_star_gene_counts.tsv	99830576f6aa4d8d8acea444c22df0d1	4232393	Data Release 46.0 - August 10, 2026	2026-09-11	released	5d8c131bbff59fb0c969217fc1d44e6d1503cd1f	2021-12-13T19:35:06.297150-06:00	2024-07-30T10:54:05.800964-05:00	TRUE	4232393	2025-06-03	99830576f6aa4d8d8acea444c22df0d1	TRUE	54111274	FALSE	non-primary sample	FALSE	FALSE
TCGA-KIRC	discovery	TCGA-A3-A8OU	TCGA-A3-A8OU-01A	Primary Tumor	56c82934-f740-406c-afad-f9d8bd17aff3	195e0fec-c626-4070-a7cd-3cfe6284a24c.rna_seq.augmented_star_gene_counts.tsv	c8946591da4560cf719e5acfddb451fc	4244833	Data Release 46.0 - August 10, 2026	2026-09-11	released	5d8c131bbff59fb0c969217fc1d44e6d1503cd1f	2021-12-13T19:17:25.091542-06:00	2024-07-30T11:02:59.638352-05:00	TRUE	4244833	2025-06-03	c8946591da4560cf719e5acfddb451fc	TRUE	51824937	FALSE	non-positive or missing survival time	FALSE	FALSE
TCGA-KIRC	discovery	TCGA-A3-A8OX	TCGA-A3-A8OX-01A	Primary Tumor	b9a7cd9a-ff3d-4862-a03b-71f60e42ddea	129bb7a2-f494-42f1-9627-47a574f28de5.rna_seq.augmented_star_gene_counts.tsv	a277ef6bb50df4d69a4fdc6d01cdfb91	4251608	Data Release 46.0 - August 10, 2026	2026-09-11	released	5d8c131bbff59fb0c969217fc1d44e6d1503cd1f	2021-12-13T19:30:10.794808-06:00	2024-07-30T11:12:26.498356-05:00	TRUE	4251608	2025-06-03	a277ef6bb50df4d69a4fdc6d01cdfb91	TRUE	61188021	FALSE	non-positive or missing survival time	FALSE	FALSE
TCGA-KIRC	discovery	TCGA-B0-4700	TCGA-B0-4700-11A	Solid Tissue Normal	6ec7b719-0f95-4108-8e26-a7049e29d495	ae21852f-75e2-4333-a624-0875028252d3.rna_seq.augmented_star_gene_counts.tsv	625bb69e3f5175e27f3ad941b3a42f39	4232420	Data Release 46.0 - August 10, 2026	2026-09-11	released	5d8c131bbff59fb0c969217fc1d44e6d1503cd1f	2021-12-13T19:16:21.480364-06:00	2024-07-30T11:02:45.932731-05:00	TRUE	4232420	2025-06-03	625bb69e3f5175e27f3ad941b3a42f39	TRUE	50314757	FALSE	non-primary sample	FALSE	FALSE
TCGA-KIRC	discovery	TCGA-B0-4712	TCGA-B0-4712-11A	Solid Tissue Normal	0498e4e5-f3cc-4fa5-9686-099ab9e435f4	59fe9111-5941-4230-9795-7df8064015a5.rna_seq.augmented_star_gene_counts.tsv	0bdb772bf36e1eecca7213f21e09a472	4250426	Data Release 46.0 - August 10, 2026	2026-09-11	released	5d8c131bbff59fb0c969217fc1d44e6d1503cd1f	2021-12-13T19:12:05.803087-06:00	2024-07-30T11:02:37.202656-05:00	TRUE	4250426	2025-06-03	0bdb772bf36e1eecca7213f21e09a472	TRUE	77172197	FALSE	non-primary sample	FALSE	FALSE
TCGA-KIRC	discovery	TCGA-B0-5104	TCGA-B0-5104-01A	Primary Tumor	f98a1953-c008-4ab9-a17e-be80b5fd43fe	e3b90eb7-f2a5-4b9e-a15e-ccfd7e6431d2.rna_seq.augmented_star_gene_counts.tsv	f580f682e438f63b0dbe3694e5879c55	4250752	Data Release 46.0 - August 10, 2026	2026-09-11	released	5d8c131bbff59fb0c969217fc1d44e6d1503cd1f	2021-12-13T19:25:54.256828-06:00	2024-07-30T11:14:30.578026-05:00	TRUE	4250752	2025-06-03	f580f682e438f63b0dbe3694e5879c55	TRUE	69754609	FALSE	non-positive or missing survival time	FALSE	FALSE
TCGA-KIRC	discovery	TCGA-B0-5402	TCGA-B0-5402-11A	Solid Tissue Normal	bf080139-5562-4d85-8a56-19bc15e80357	01b48ab6-4c3b-4b40-89a6-55d64017770d.rna_seq.augmented_star_gene_counts.tsv	c867540424ac8c6ba5dda4e35fa2c99d	4248310	Data Release 46.0 - August 10, 2026	2026-09-11	released	5d8c131bbff59fb0c969217fc1d44e6d1503cd1f	2021-12-13T19:34:06.078277-06:00	2024-07-30T11:14:39.291626-05:00	TRUE	4248310	2025-06-03	c867540424ac8c6ba5dda4e35fa2c99d	TRUE	72567460	FALSE	non-primary sample	FALSE	FALSE
TCGA-KIRC	discovery	TCGA-B0-5690	TCGA-B0-5690-11A	Solid Tissue Normal	58eee6a5-aaae-486e-b4ec-ba191af5fcb5	f637da65-d455-440f-8342-47b6a3c3d189.rna_seq.augmented_star_gene_counts.tsv	c2c20cb1b32f57e3cf060ab21d4e8c93	4243647	Data Release 46.0 - August 10, 2026	2026-09-11	released	5d8c131bbff59fb0c969217fc1d44e6d1503cd1f	2021-12-13T19:40:25.571722-06:00	2024-07-30T11:17:19.920776-05:00	TRUE	4243647	2025-06-03	c2c20cb1b32f57e3cf060ab21d4e8c93	TRUE	66965174	FALSE	non-primary sample	FALSE	FALSE
TCGA-KIRC	discovery	TCGA-B0-5691	TCGA-B0-5691-11A	Solid Tissue Normal	bdcb4d2f-7d86-4a59-8dbd-8b7300b45b72	141b1a1a-53ba-4736-a8cb-d599f17370f1.rna_seq.augmented_star_gene_counts.tsv	30bf294d4faab342290a49b7f00d373d	4255745	Data Release 46.0 - August 10, 2026	2026-09-11	released	5d8c131bbff59fb0c969217fc1d44e6d1503cd1f	2021-12-13T19:25:28.135759-06:00	2024-07-30T11:11:26.792743-05:00	TRUE	4255745	2025-06-03	30bf294d4faab342290a49b7f00d373d	TRUE	80360293	FALSE	non-primary sample	FALSE	FALSE
TCGA-KIRC	discovery	TCGA-B0-5694	TCGA-B0-5694-11A	Solid Tissue Normal	986759bd-7232-46a9-84f3-0e71026a01fd	05791785-80ef-46cd-970b-5bd0c0d1b8e3.rna_seq.augmented_star_gene_counts.tsv	4acc7f75fd24a17e910ce7e4d7deb579	4246462	Data Release 46.0 - August 10, 2026	2026-09-11	released	5d8c131bbff59fb0c969217fc1d44e6d1503cd1f	2021-12-13T19:16:45.988655-06:00	2024-07-30T11:17:09.705759-05:00	TRUE	4246462	2025-06-03	4acc7f75fd24a17e910ce7e4d7deb579	TRUE	59836149	FALSE	non-primary sample	FALSE	FALSE
TCGA-KIRC	discovery	TCGA-B0-5696	TCGA-B0-5696-11A	Solid Tissue Normal	80bd1a2f-c729-40f3-b50f-8a3b766e0231	c80995bd-d6b7-4780-8a1c-486234f12313.rna_seq.augmented_star_gene_counts.tsv	0bee1adcda25dd6188b329372a8fbaad	4239684	Data Release 46.0 - August 10, 2026	2026-09-11	released	5d8c131bbff59fb0c969217fc1d44e6d1503cd1f	2021-12-13T19:05:56.634237-06:00	2024-07-30T11:11:41.192343-05:00	TRUE	4239684	2025-06-03	0bee1adcda25dd6188b329372a8fbaad	TRUE	57006451	FALSE	non-primary sample	FALSE	FALSE
TCGA-KIRC	discovery	TCGA-B0-5697	TCGA-B0-5697-11A	Solid Tissue Normal	05aedbb7-c56c-4756-b8e8-302afaedcb4c	666b7828-2433-452a-9ae4-f93d8bb1dc07.rna_seq.augmented_star_gene_counts.tsv	e1acfcf0da7ae789abc0b39cb8b0b527	4232427	Data Release 46.0 - August 10, 2026	2026-09-11	released	5d8c131bbff59fb0c969217fc1d44e6d1503cd1f	2021-12-13T19:11:55.243289-06:00	2024-07-30T11:04:00.582560-05:00	TRUE	4232427	2025-06-03	e1acfcf0da7ae789abc0b39cb8b0b527	TRUE	46963850	FALSE	non-primary sample	FALSE	FALSE
TCGA-KIRC	discovery	TCGA-B0-5699	TCGA-B0-5699-11A	Solid Tissue Normal	0a98d561-9c8c-40d2-aaaf-cad735533329	bf9bece0-fb79-4722-a830-308cc5403c0f.rna_seq.augmented_star_gene_counts.tsv	b36efd8192fc81a4c1ac75164d533553	4233898	Data Release 46.0 - August 10, 2026	2026-09-11	released	5d8c131bbff59fb0c969217fc1d44e6d1503cd1f	2021-12-13T19:43:04.004335-06:00	2024-07-30T10:54:17.148615-05:00	TRUE	4233898	2025-06-03	b36efd8192fc81a4c1ac75164d533553	TRUE	50803918	FALSE	non-primary sample	FALSE	FALSE
TCGA-KIRC	discovery	TCGA-B0-5701	TCGA-B0-5701-11A	Solid Tissue Normal	8a56004e-52fb-4a5e-afa0-e466ca53d57b	4081a993-2233-4ab8-8cc0-e6967266a180.rna_seq.augmented_star_gene_counts.tsv	c8fc6c82740362ff7cd2d0a28d3c0c67	4247937	Data Release 46.0 - August 10, 2026	2026-09-11	released	5d8c131bbff59fb0c969217fc1d44e6d1503cd1f	2021-12-13T19:04:36.562303-06:00	2024-07-30T11:04:46.925788-05:00	TRUE	4247937	2025-06-03	c8fc6c82740362ff7cd2d0a28d3c0c67	TRUE	61990171	FALSE	non-primary sample	FALSE	FALSE
TCGA-KIRC	discovery	TCGA-B0-5703	TCGA-B0-5703-11A	Solid Tissue Normal	61e2977f-ac86-4a5a-819d-3fba1af9253a	863db1ca-ce1d-4e62-b81a-0282b832447f.rna_seq.augmented_star_gene_counts.tsv	b64e79e390e59621cd83a4d63ed50739	4241349	Data Release 46.0 - August 10, 2026	2026-09-11	released	5d8c131bbff59fb0c969217fc1d44e6d1503cd1f	2021-12-13T19:34:22.339403-06:00	2024-07-30T11:12:27.644406-05:00	TRUE	4241349	2025-06-03	b64e79e390e59621cd83a4d63ed50739	TRUE	48434481	FALSE	non-primary sample	FALSE	FALSE
TCGA-KIRC	discovery	TCGA-B0-5705	TCGA-B0-5705-11A	Solid Tissue Normal	4ab7002a-08f8-4187-96cd-8f3183336a5a	014cd25b-c543-4bad-ab82-017127a3f736.rna_seq.augmented_star_gene_counts.tsv	1e9b996a4f5e8114f3e4dae7ff9734af	4245053	Data Release 46.0 - August 10, 2026	2026-09-11	released	5d8c131bbff59fb0c969217fc1d44e6d1503cd1f	2021-12-13T19:28:58.053924-06:00	2024-07-30T10:59:51.495799-05:00	TRUE	4245053	2025-06-03	1e9b996a4f5e8114f3e4dae7ff9734af	TRUE	68972847	FALSE	non-primary sample	FALSE	FALSE
TCGA-KIRC	discovery	TCGA-B0-5706	TCGA-B0-5706-11A	Solid Tissue Normal	6054b034-7dfc-4bb6-973f-ab26ff94c578	100dd369-2080-45a8-8d28-e4ab24eb34bf.rna_seq.augmented_star_gene_counts.tsv	925c08cef4aec5b0c775ede4ab0f7e0c	4239401	Data Release 46.0 - August 10, 2026	2026-09-11	released	5d8c131bbff59fb0c969217fc1d44e6d1503cd1f	2021-12-13T19:10:04.896965-06:00	2024-07-30T11:14:25.617950-05:00	TRUE	4239401	2025-06-03	925c08cef4aec5b0c775ede4ab0f7e0c	TRUE	51323189	FALSE	non-primary sample	FALSE	FALSE
TCGA-KIRC	discovery	TCGA-B0-5709	TCGA-B0-5709-11A	Solid Tissue Normal	213b2ef0-57cb-4fa3-9d56-2bda451006c9	5f580a37-a7b6-495f-b2a0-aea58c4d303a.rna_seq.augmented_star_gene_counts.tsv	185b0af5a48b09be44da0589a9ce59a6	4249459	Data Release 46.0 - August 10, 2026	2026-09-11	released	5d8c131bbff59fb0c969217fc1d44e6d1503cd1f	2021-12-13T19:09:46.080787-06:00	2024-07-30T11:01:29.324086-05:00	TRUE	4249459	2025-06-03	185b0af5a48b09be44da0589a9ce59a6	TRUE	69085356	FALSE	non-primary sample	FALSE	FALSE
TCGA-KIRC	discovery	TCGA-B0-5711	TCGA-B0-5711-11A	Solid Tissue Normal	8ceb5f0b-cbfb-400d-93b8-df005bb46e31	054f5722-e1b9-43bb-9746-5c29be04a5a3.rna_seq.augmented_star_gene_counts.tsv	7e8a3db8d9e125bf514d90290815fa9e	4253952	Data Release 46.0 - August 10, 2026	2026-09-11	released	5d8c131bbff59fb0c969217fc1d44e6d1503cd1f	2021-12-13T19:40:58.302007-06:00	2024-07-30T11:07:22.746368-05:00	TRUE	4253952	2025-06-03	7e8a3db8d9e125bf514d90290815fa9e	TRUE	71394812	FALSE	non-primary sample	FALSE	FALSE
TCGA-KIRC	discovery	TCGA-B0-5712	TCGA-B0-5712-11A	Solid Tissue Normal	4d6e5f5f-ab63-49a6-9a53-a89b7ef76783	1f0ba713-8b78-47bd-bd5e-d727abe27640.rna_seq.augmented_star_gene_counts.tsv	a59c283ba652c1968c41ff56220bcdc1	4248914	Data Release 46.0 - August 10, 2026	2026-09-11	released	5d8c131bbff59fb0c969217fc1d44e6d1503cd1f	2021-12-13T19:31:01.545668-06:00	2024-07-30T10:53:58.375838-05:00	TRUE	4248914	2025-06-03	a59c283ba652c1968c41ff56220bcdc1	TRUE	63696953	FALSE	non-primary sample	FALSE	FALSE
TCGA-KIRC	discovery	TCGA-B2-3923	TCGA-B2-3923-01A	Primary Tumor	4134fa64-6365-4a43-b990-48342be44405	2a0d7ffd-21a2-4c9f-b420-9f78e9b8689b.rna_seq.augmented_star_gene_counts.tsv	46a1b09a77703f30d0990dfacc1923ad	4214996	Data Release 46.0 - August 10, 2026	2026-09-11	released	5d8c131bbff59fb0c969217fc1d44e6d1503cd1f	2021-12-13T19:41:23.595377-06:00	2024-07-30T11:01:10.620006-05:00	TRUE	4214996	2025-06-03	46a1b09a77703f30d0990dfacc1923ad	TRUE	44200794	FALSE	duplicate aliquot	FALSE	FALSE
TCGA-KIRC	discovery	TCGA-B2-3923	TCGA-B2-3923-01B	Primary Tumor	d514c3bc-c1e1-4028-9822-90ad703a3a8d	d5340889-fb1c-411d-922c-a9f69e1ac405.rna_seq.augmented_star_gene_counts.tsv	d534c6e1d5c94346da1bfec6b2125594	4214702	Data Release 46.0 - August 10, 2026	2026-09-11	released	5d8c131bbff59fb0c969217fc1d44e6d1503cd1f	2021-12-13T19:40:22.232781-06:00	2024-07-30T11:12:25.357872-05:00	TRUE	4214702	2025-06-03	d534c6e1d5c94346da1bfec6b2125594	TRUE	21912888	FALSE	failed library	FALSE	FALSE
TCGA-KIRC	discovery	TCGA-B2-3924	TCGA-B2-3924-01A	Primary Tumor	df630d23-f007-4cc4-9910-edb44046d556	a40c1d70-1750-45d0-a85b-688331b029ea.rna_seq.augmented_star_gene_counts.tsv	9e07990dc14e850ad8f3b42d0169ca29	4197333	Data Release 46.0 - August 10, 2026	2026-09-11	released	5d8c131bbff59fb0c969217fc1d44e6d1503cd1f	2021-12-13T19:40:43.661964-06:00	2024-07-30T11:09:36.700140-05:00	TRUE	4197333	2025-06-03	9e07990dc14e850ad8f3b42d0169ca29	TRUE	23442239	FALSE	duplicate aliquot	FALSE	FALSE
TCGA-KIRC	discovery	TCGA-B2-3924	TCGA-B2-3924-01B	Primary Tumor	3324e6df-28f9-42d8-8465-0fcc2d618004	f08c47f7-7b61-46a2-a961-d5fced8ebde5.rna_seq.augmented_star_gene_counts.tsv	7856dad36155485af83ab4a94df9cfc6	4236104	Data Release 46.0 - August 10, 2026	2026-09-11	released	5d8c131bbff59fb0c969217fc1d44e6d1503cd1f	2021-12-13T19:36:58.453496-06:00	2024-07-30T11:11:13.078309-05:00	TRUE	4236104	2025-06-03	7856dad36155485af83ab4a94df9cfc6	TRUE	26730126	FALSE	failed library	FALSE	FALSE
TCGA-KIRC	discovery	TCGA-B2-5633	TCGA-B2-5633-01A	Primary Tumor	61894bd0-9fdb-4bb1-b32c-f52dbc10c850	1e28caa3-197f-4deb-95c1-f6d8a41756ca.rna_seq.augmented_star_gene_counts.tsv	b3e0ce9b0e25e7857aaa86accc93dfb2	4238585	Data Release 46.0 - August 10, 2026	2026-09-11	released	5d8c131bbff59fb0c969217fc1d44e6d1503cd1f	2021-12-13T19:23:48.703490-06:00	2024-07-30T11:02:17.815938-05:00	TRUE	4238585	2025-06-03	b3e0ce9b0e25e7857aaa86accc93dfb2	TRUE	43887947	FALSE	duplicate aliquot	FALSE	FALSE
TCGA-KIRC	discovery	TCGA-B2-5633	TCGA-B2-5633-01B	Primary Tumor	307fc027-0530-452b-8fa9-d46f7fc73d0e	9cc9f5b7-bbbb-4d3b-8d98-9bf4425a214b.rna_seq.augmented_star_gene_counts.tsv	25c62ef245b078dc980f9cc9c4844bdf	4239266	Data Release 46.0 - August 10, 2026	2026-09-11	released	5d8c131bbff59fb0c969217fc1d44e6d1503cd1f	2021-12-13T19:04:47.831519-06:00	2024-07-30T11:07:08.441402-05:00	TRUE	4239266	2025-06-03	25c62ef245b078dc980f9cc9c4844bdf	TRUE	26648529	FALSE	failed library	FALSE	FALSE
TCGA-KIRC	discovery	TCGA-B2-5635	TCGA-B2-5635-01A	Primary Tumor	ebd01ba8-06cd-417a-b41d-05379e430fd2	82a0446c-baf9-4d27-bc14-73e00dc729ab.rna_seq.augmented_star_gene_counts.tsv	2ea8804f5e9635ef7ef591108dbed245	4216844	Data Release 46.0 - August 10, 2026	2026-09-11	released	5d8c131bbff59fb0c969217fc1d44e6d1503cd1f	2021-12-13T19:12:19.805275-06:00	2024-07-30T11:16:47.116089-05:00	TRUE	4216844	2025-06-03	2ea8804f5e9635ef7ef591108dbed245	TRUE	50139374	FALSE	duplicate aliquot	FALSE	FALSE
TCGA-KIRC	discovery	TCGA-B2-5635	TCGA-B2-5635-01B	Primary Tumor	2afa2c24-7bbf-4855-acb8-feaa22dc4c33	27ea00ff-5f53-4110-9e56-8674a8e0ae40.rna_seq.augmented_star_gene_counts.tsv	ca342db167d4f657cb535565318a050e	4234515	Data Release 46.0 - August 10, 2026	2026-09-11	released	5d8c131bbff59fb0c969217fc1d44e6d1503cd1f	2021-12-13T19:16:07.635639-06:00	2024-07-30T10:58:23.798396-05:00	TRUE	4234515	2025-06-03	ca342db167d4f657cb535565318a050e	TRUE	29389944	FALSE	failed library	FALSE	FALSE
TCGA-KIRC	discovery	TCGA-B2-5636	TCGA-B2-5636-11A	Solid Tissue Normal	369d7929-e499-436c-b1cc-231715d11635	e7993655-5901-4649-8a05-96ad9448369b.rna_seq.augmented_star_gene_counts.tsv	24a2a6833f95d3942641435281e73263	4247208	Data Release 46.0 - August 10, 2026	2026-09-11	released	5d8c131bbff59fb0c969217fc1d44e6d1503cd1f	2021-12-13T19:11:45.381345-06:00	2024-07-30T11:13:09.591963-05:00	TRUE	4247208	2025-06-03	24a2a6833f95d3942641435281e73263	TRUE	62779749	FALSE	non-primary sample	FALSE	FALSE
TCGA-KIRC	discovery	TCGA-B2-5641	TCGA-B2-5641-11A	Solid Tissue Normal	8c2d01a0-7df8-465a-9739-b25d96f98ddd	516b3755-74d6-4a8a-90c1-90097a61f63d.rna_seq.augmented_star_gene_counts.tsv	a4138d84832fc5482fd96e7855d6264e	4240071	Data Release 46.0 - August 10, 2026	2026-09-11	released	5d8c131bbff59fb0c969217fc1d44e6d1503cd1f	2021-12-13T19:32:02.470939-06:00	2024-07-30T11:08:22.836587-05:00	TRUE	4240071	2025-06-03	a4138d84832fc5482fd96e7855d6264e	TRUE	49460800	FALSE	non-primary sample	FALSE	FALSE
TCGA-KIRC	discovery	TCGA-B8-4619	TCGA-B8-4619-11A	Solid Tissue Normal	cc455312-98ef-40a7-b2f6-6ee31380b06e	c3fa5261-0033-4ceb-a9ef-d33455c0f302.rna_seq.augmented_star_gene_counts.tsv	7e634e351000baee41b5d879966a8ead	4222566	Data Release 46.0 - August 10, 2026	2026-09-11	released	5d8c131bbff59fb0c969217fc1d44e6d1503cd1f	2021-12-13T19:13:18.623201-06:00	2024-07-30T11:11:59.992875-05:00	TRUE	4222566	2025-06-03	7e634e351000baee41b5d879966a8ead	TRUE	38584396	FALSE	non-primary sample	FALSE	FALSE
TCGA-KIRC	discovery	TCGA-B8-4620	TCGA-B8-4620-11A	Solid Tissue Normal	8fe484cf-e146-4b6f-a852-b2510c7eac4b	90498d57-88da-475a-944e-8d3bc3910fd6.rna_seq.augmented_star_gene_counts.tsv	b58a53a5b4651ad68e25e5842ef957c7	4229010	Data Release 46.0 - August 10, 2026	2026-09-11	released	5d8c131bbff59fb0c969217fc1d44e6d1503cd1f	2021-12-13T19:26:58.206512-06:00	2024-07-30T10:55:02.386992-05:00	TRUE	4229010	2025-06-03	b58a53a5b4651ad68e25e5842ef957c7	TRUE	37163703	FALSE	non-primary sample	FALSE	FALSE
TCGA-KIRC	discovery	TCGA-B8-4622	TCGA-B8-4622-11A	Solid Tissue Normal	d2f080ca-6e8b-4b9c-b64d-376ca8a8beed	77b65c25-f82c-4140-9eb1-8f5956cd2e17.rna_seq.augmented_star_gene_counts.tsv	469dc5bc32e73f15edad3724d1791805	4229511	Data Release 46.0 - August 10, 2026	2026-09-11	released	5d8c131bbff59fb0c969217fc1d44e6d1503cd1f	2021-12-13T19:39:07.845006-06:00	2024-07-30T10:56:44.700922-05:00	TRUE	4229511	2025-06-03	469dc5bc32e73f15edad3724d1791805	TRUE	47456105	FALSE	non-primary sample	FALSE	FALSE
TCGA-KIRC	discovery	TCGA-B8-5549	TCGA-B8-5549-11A	Solid Tissue Normal	330a912b-ae31-4a54-8611-f32b098ba946	0f89d64f-bd06-445e-a788-20670ccca558.rna_seq.augmented_star_gene_counts.tsv	dfa579563d24e2ef26f97ccee20b5ed4	4247139	Data Release 46.0 - August 10, 2026	2026-09-11	released	5d8c131bbff59fb0c969217fc1d44e6d1503cd1f	2021-12-13T19:21:21.388335-06:00	2024-07-30T11:06:31.913986-05:00	TRUE	4247139	2025-06-03	dfa579563d24e2ef26f97ccee20b5ed4	TRUE	62513382	FALSE	non-primary sample	FALSE	FALSE
TCGA-KIRC	discovery	TCGA-B8-5552	TCGA-B8-5552-11A	Solid Tissue Normal	bed26808-c053-4ad1-ba5c-68819d4a6fd1	c59cc280-d219-4a96-8f48-f68ee7a1429f.rna_seq.augmented_star_gene_counts.tsv	c154195d2df7a70abc176d57280e3bf1	4246035	Data Release 46.0 - August 10, 2026	2026-09-11	released	5d8c131bbff59fb0c969217fc1d44e6d1503cd1f	2021-12-13T19:33:23.412291-06:00	2024-07-30T11:13:25.633342-05:00	TRUE	4246035	2025-06-03	c154195d2df7a70abc176d57280e3bf1	TRUE	62662147	FALSE	non-primary sample	FALSE	FALSE
TCGA-KIRC	discovery	TCGA-CJ-4642	TCGA-CJ-4642-01B	Primary Tumor	e0f18f8e-b8e0-4bf2-916c-69a38fc64fd8	f07087a6-4684-407b-97d8-115f595272ad.rna_seq.augmented_star_gene_counts.tsv	a55ca1349dc976706d682c61771b05e8	4211619	Data Release 46.0 - August 10, 2026	2026-09-11	released	5d8c131bbff59fb0c969217fc1d44e6d1503cd1f	2021-12-13T19:16:58.547699-06:00	2024-07-30T11:09:58.779381-05:00	TRUE	4211619	2025-06-03	a55ca1349dc976706d682c61771b05e8	TRUE	4627002	FALSE	failed library	FALSE	FALSE
TCGA-KIRC	discovery	TCGA-CJ-5672	TCGA-CJ-5672-11A	Solid Tissue Normal	6a2325f0-0fe8-4fab-8af3-ab89e8aa47f0	5bf57535-1a6d-4417-9963-cb63883eb924.rna_seq.augmented_star_gene_counts.tsv	c68c9227b6cdcaf25b6f60478037ea75	4249565	Data Release 46.0 - August 10, 2026	2026-09-11	released	5d8c131bbff59fb0c969217fc1d44e6d1503cd1f	2021-12-13T19:26:21.962956-06:00	2024-07-30T11:07:21.540096-05:00	TRUE	4249565	2025-06-03	c68c9227b6cdcaf25b6f60478037ea75	TRUE	71779746	FALSE	non-primary sample	FALSE	FALSE
TCGA-KIRC	discovery	TCGA-CJ-5676	TCGA-CJ-5676-11A	Solid Tissue Normal	2e4b4712-a733-4599-8119-926aa5934be9	8db02654-0d3f-4fac-b5f3-2550160dba5e.rna_seq.augmented_star_gene_counts.tsv	e7b74295b2e91209845818d4a0b1aab5	4248049	Data Release 46.0 - August 10, 2026	2026-09-11	released	5d8c131bbff59fb0c969217fc1d44e6d1503cd1f	2021-12-13T19:28:38.596089-06:00	2024-07-30T11:11:53.722920-05:00	TRUE	4248049	2025-06-03	e7b74295b2e91209845818d4a0b1aab5	TRUE	72079204	FALSE	non-primary sample	FALSE	FALSE
TCGA-KIRC	discovery	TCGA-CJ-5677	TCGA-CJ-5677-11A	Solid Tissue Normal	5df50268-5981-49b7-8604-1dfe1af21cb9	8f9ecd05-a00b-4203-a052-bc1fc1cd0a9d.rna_seq.augmented_star_gene_counts.tsv	8de1172988916108de224937c46116da	4243874	Data Release 46.0 - August 10, 2026	2026-09-11	released	5d8c131bbff59fb0c969217fc1d44e6d1503cd1f	2021-12-13T19:35:46.856615-06:00	2024-07-30T11:02:23.757309-05:00	TRUE	4243874	2025-06-03	8de1172988916108de224937c46116da	TRUE	62341104	FALSE	non-primary sample	FALSE	FALSE
TCGA-KIRC	discovery	TCGA-CJ-5678	TCGA-CJ-5678-11A	Solid Tissue Normal	572cfe32-d1b4-44f7-98f4-a9079f3e376c	e0dc37ca-8fb7-470b-b899-4ac49c4bf190.rna_seq.augmented_star_gene_counts.tsv	d542c381b4807966b4885117b06e8999	4235543	Data Release 46.0 - August 10, 2026	2026-09-11	released	5d8c131bbff59fb0c969217fc1d44e6d1503cd1f	2021-12-13T19:40:17.660879-06:00	2024-07-30T11:05:45.487650-05:00	TRUE	4235543	2025-06-03	d542c381b4807966b4885117b06e8999	TRUE	63862241	FALSE	non-primary sample	FALSE	FALSE
TCGA-KIRC	discovery	TCGA-CJ-5679	TCGA-CJ-5679-11A	Solid Tissue Normal	24f43a2c-0df0-464c-a4ef-80be1aa203df	4010f503-1d92-4e60-b9e0-5da0bab1fe76.rna_seq.augmented_star_gene_counts.tsv	a00d8027a727b68e81e83f2ddd6b566a	4250160	Data Release 46.0 - August 10, 2026	2026-09-11	released	5d8c131bbff59fb0c969217fc1d44e6d1503cd1f	2021-12-13T19:33:25.692472-06:00	2024-07-30T11:00:08.607341-05:00	TRUE	4250160	2025-06-03	a00d8027a727b68e81e83f2ddd6b566a	TRUE	65048929	FALSE	non-primary sample	FALSE	FALSE
TCGA-KIRC	discovery	TCGA-CJ-5680	TCGA-CJ-5680-11A	Solid Tissue Normal	a56c9911-e164-4572-aef8-37754ee056e3	2bc0030c-7f9d-47ee-9b0a-82c6bf99192a.rna_seq.augmented_star_gene_counts.tsv	c660b31122cae4ec6359c4dc5ed6e64e	4248868	Data Release 46.0 - August 10, 2026	2026-09-11	released	5d8c131bbff59fb0c969217fc1d44e6d1503cd1f	2021-12-13T19:13:05.821091-06:00	2024-07-30T11:16:22.106500-05:00	TRUE	4248868	2025-06-03	c660b31122cae4ec6359c4dc5ed6e64e	TRUE	55553411	FALSE	non-primary sample	FALSE	FALSE
TCGA-KIRC	discovery	TCGA-CJ-5681	TCGA-CJ-5681-11A	Solid Tissue Normal	86e14130-79ee-4cbf-8328-3dd9c65d61dd	d0b56d64-2260-4e42-a6d0-ffafaeb289e5.rna_seq.augmented_star_gene_counts.tsv	f4c88f82c75e3f9b7f695851a8b1f99f	4237013	Data Release 46.0 - August 10, 2026	2026-09-11	released	5d8c131bbff59fb0c969217fc1d44e6d1503cd1f	2021-12-13T19:28:04.302017-06:00	2024-07-30T11:02:53.360776-05:00	TRUE	4237013	2025-06-03	f4c88f82c75e3f9b7f695851a8b1f99f	TRUE	48579215	FALSE	non-primary sample	FALSE	FALSE
TCGA-KIRC	discovery	TCGA-CJ-5689	TCGA-CJ-5689-01A	Primary Tumor	3ce8971c-7d06-4da7-af07-efaf4c9f6a75	742a828a-1f14-422d-97c7-1fa496c6da2d.rna_seq.augmented_star_gene_counts.tsv	f1bc48b871a0b45c52c85c826f43388b	4240144	Data Release 46.0 - August 10, 2026	2026-09-11	released	5d8c131bbff59fb0c969217fc1d44e6d1503cd1f	2021-12-13T19:23:08.030259-06:00	2024-07-30T11:02:48.437887-05:00	TRUE	4240144	2025-06-03	f1bc48b871a0b45c52c85c826f43388b	TRUE	57837830	FALSE	non-positive or missing survival time	FALSE	FALSE
TCGA-KIRC	discovery	TCGA-CJ-5689	TCGA-CJ-5689-11A	Solid Tissue Normal	2562285c-fe56-4011-a9e9-9e17bb78becb	bbedd02c-32d6-462d-9c08-280626ff0d37.rna_seq.augmented_star_gene_counts.tsv	e20923911b4a15046aedfd3b5fb1c584	4237298	Data Release 46.0 - August 10, 2026	2026-09-11	released	5d8c131bbff59fb0c969217fc1d44e6d1503cd1f	2021-12-13T19:03:17.211349-06:00	2024-07-30T11:11:44.962875-05:00	TRUE	4237298	2025-06-03	e20923911b4a15046aedfd3b5fb1c584	TRUE	45022288	FALSE	non-primary sample	FALSE	FALSE
TCGA-KIRC	discovery	TCGA-CJ-6030	TCGA-CJ-6030-11A	Solid Tissue Normal	a2c1332c-f9e9-4d41-bad5-e58ebf809800	be992b6a-3878-46dd-8e18-9fd0ee7e7b00.rna_seq.augmented_star_gene_counts.tsv	846d606eaf802c6c9aab02e8e9fc1cff	4249057	Data Release 46.0 - August 10, 2026	2026-09-11	released	5d8c131bbff59fb0c969217fc1d44e6d1503cd1f	2021-12-13T19:23:17.559810-06:00	2024-07-30T11:09:52.576849-05:00	TRUE	4249057	2025-06-03	846d606eaf802c6c9aab02e8e9fc1cff	TRUE	78786936	FALSE	non-primary sample	FALSE	FALSE
TCGA-KIRC	discovery	TCGA-CJ-6033	TCGA-CJ-6033-11A	Solid Tissue Normal	7437d3a0-976d-4151-8f89-b30a4a092a60	b649c743-c5bd-4c00-a6dc-422021ac538e.rna_seq.augmented_star_gene_counts.tsv	d995ea875e7ad4cf2ffd3b89f5234db3	4235072	Data Release 46.0 - August 10, 2026	2026-09-11	released	5d8c131bbff59fb0c969217fc1d44e6d1503cd1f	2021-12-13T19:11:13.847447-06:00	2024-07-30T10:59:47.910172-05:00	TRUE	4235072	2025-06-03	d995ea875e7ad4cf2ffd3b89f5234db3	TRUE	52043476	FALSE	non-primary sample	FALSE	FALSE
TCGA-KIRC	discovery	TCGA-CW-5580	TCGA-CW-5580-11A	Solid Tissue Normal	edf83523-a278-4657-88f9-230494fae0b9	cee42193-cd5a-45c0-9563-1dc461a6974c.rna_seq.augmented_star_gene_counts.tsv	2a82c605bc042f7c648b427e57965a51	4255547	Data Release 46.0 - August 10, 2026	2026-09-11	released	5d8c131bbff59fb0c969217fc1d44e6d1503cd1f	2021-12-13T19:32:59.422058-06:00	2024-07-30T11:13:30.682123-05:00	TRUE	4255547	2025-06-03	2a82c605bc042f7c648b427e57965a51	TRUE	75601797	FALSE	non-primary sample	FALSE	FALSE
TCGA-KIRC	discovery	TCGA-CW-5581	TCGA-CW-5581-11A	Solid Tissue Normal	743a0026-5df2-4a13-8abf-aa45798ec131	a6ada133-ba5e-4d1d-ad3c-e315b44d3e79.rna_seq.augmented_star_gene_counts.tsv	35c1952ceb3953bae8a86664cf55cc51	4232517	Data Release 46.0 - August 10, 2026	2026-09-11	released	5d8c131bbff59fb0c969217fc1d44e6d1503cd1f	2021-12-13T19:15:06.451609-06:00	2024-07-30T10:59:43.000628-05:00	TRUE	4232517	2025-06-03	35c1952ceb3953bae8a86664cf55cc51	TRUE	48701757	FALSE	non-primary sample	FALSE	FALSE
TCGA-KIRC	discovery	TCGA-CW-5584	TCGA-CW-5584-11A	Solid Tissue Normal	0699530d-22a4-4fb0-a17c-ff78397c5316	29c9d4b8-b879-49d8-82e6-fd5ac79c2e6c.rna_seq.augmented_star_gene_counts.tsv	c72c3d1dfbb4f317e2732bf21b7f650c	4241561	Data Release 46.0 - August 10, 2026	2026-09-11	released	5d8c131bbff59fb0c969217fc1d44e6d1503cd1f	2021-12-13T19:42:58.336679-06:00	2024-07-30T11:02:14.057206-05:00	TRUE	4241561	2025-06-03	c72c3d1dfbb4f317e2732bf21b7f650c	TRUE	52966697	FALSE	non-primary sample	FALSE	FALSE
TCGA-KIRC	discovery	TCGA-CW-5585	TCGA-CW-5585-11A	Solid Tissue Normal	c68fded5-978b-4d7a-9077-89c2c6b35f47	569b828a-c2a7-4131-94f7-585f07b06e97.rna_seq.augmented_star_gene_counts.tsv	c85942e1b6f07ae3806fd7ca7c5c6462	4245371	Data Release 46.0 - August 10, 2026	2026-09-11	released	5d8c131bbff59fb0c969217fc1d44e6d1503cd1f	2021-12-13T19:29:57.747362-06:00	2024-07-30T11:17:08.560819-05:00	TRUE	4245371	2025-06-03	c85942e1b6f07ae3806fd7ca7c5c6462	TRUE	70893448	FALSE	non-primary sample	FALSE	FALSE
TCGA-KIRC	discovery	TCGA-CW-5587	TCGA-CW-5587-11A	Solid Tissue Normal	efb66622-cf03-4f74-98e5-8c38d87a90f7	df656853-7a02-4bd9-b700-dfb374b767de.rna_seq.augmented_star_gene_counts.tsv	747c022e0f4ab5d596c9cbe03a8f9580	4244529	Data Release 46.0 - August 10, 2026	2026-09-11	released	5d8c131bbff59fb0c969217fc1d44e6d1503cd1f	2021-12-13T19:31:13.850681-06:00	2024-07-30T11:00:43.274573-05:00	TRUE	4244529	2025-06-03	747c022e0f4ab5d596c9cbe03a8f9580	TRUE	66096328	FALSE	non-primary sample	FALSE	FALSE
TCGA-KIRC	discovery	TCGA-CW-5589	TCGA-CW-5589-11A	Solid Tissue Normal	78beabfc-8b98-4f21-94c2-cd6c21255f66	d78b8689-b4f9-4ff6-8f67-9d9fd46c8672.rna_seq.augmented_star_gene_counts.tsv	d8a8f348dd298a188995f8a37b6e3c57	4245940	Data Release 46.0 - August 10, 2026	2026-09-11	released	5d8c131bbff59fb0c969217fc1d44e6d1503cd1f	2021-12-13T19:22:43.630254-06:00	2024-07-30T11:17:24.684888-05:00	TRUE	4245940	2025-06-03	d8a8f348dd298a188995f8a37b6e3c57	TRUE	63441626	FALSE	non-primary sample	FALSE	FALSE
TCGA-KIRC	discovery	TCGA-CW-5591	TCGA-CW-5591-11A	Solid Tissue Normal	00252d7f-e222-462f-badc-b97e8dce2021	5abd235a-829b-4457-8f47-ecd1adab30ca.rna_seq.augmented_star_gene_counts.tsv	b239c31eb7b209a7657430eb632978f2	4240970	Data Release 46.0 - August 10, 2026	2026-09-11	released	5d8c131bbff59fb0c969217fc1d44e6d1503cd1f	2021-12-13T19:14:14.361820-06:00	2024-07-30T11:17:47.643354-05:00	TRUE	4240970	2025-06-03	b239c31eb7b209a7657430eb632978f2	TRUE	61410661	FALSE	non-primary sample	FALSE	FALSE
TCGA-KIRC	discovery	TCGA-CW-6087	TCGA-CW-6087-11A	Solid Tissue Normal	7c90bf9b-74c9-459c-9cd7-944ea4535a6d	9124c3d4-eed6-44d5-b38a-ce8646537907.rna_seq.augmented_star_gene_counts.tsv	d8046aab5e7aad6a4c67a888fddd2842	4243654	Data Release 46.0 - August 10, 2026	2026-09-11	released	5d8c131bbff59fb0c969217fc1d44e6d1503cd1f	2021-12-13T19:25:38.406699-06:00	2024-07-30T11:03:23.788206-05:00	TRUE	4243654	2025-06-03	d8046aab5e7aad6a4c67a888fddd2842	TRUE	75290913	FALSE	non-primary sample	FALSE	FALSE
TCGA-KIRC	discovery	TCGA-CW-6088	TCGA-CW-6088-11A	Solid Tissue Normal	83395208-40ec-4a57-a3ea-5f9dd8491998	863d3b39-5c73-4638-ace9-7206d6e00d43.rna_seq.augmented_star_gene_counts.tsv	bbbf5224e2bb7629ac0a6f7b0d94c7f5	4255921	Data Release 46.0 - August 10, 2026	2026-09-11	released	5d8c131bbff59fb0c969217fc1d44e6d1503cd1f	2021-12-13T19:33:45.933964-06:00	2024-07-30T10:57:02.861987-05:00	TRUE	4255921	2025-06-03	bbbf5224e2bb7629ac0a6f7b0d94c7f5	TRUE	85324935	FALSE	non-primary sample	FALSE	FALSE
TCGA-KIRC	discovery	TCGA-CW-6090	TCGA-CW-6090-11A	Solid Tissue Normal	b8f8504c-1d5e-48b3-a54f-88250da4264f	dbaa5305-a8c3-42e9-9ffa-812d01bac6ad.rna_seq.augmented_star_gene_counts.tsv	2dd534fae22205ff072b11a8353d0251	4241699	Data Release 46.0 - August 10, 2026	2026-09-11	released	5d8c131bbff59fb0c969217fc1d44e6d1503cd1f	2021-12-13T19:26:16.719746-06:00	2024-07-30T11:17:02.966844-05:00	TRUE	4241699	2025-06-03	2dd534fae22205ff072b11a8353d0251	TRUE	64106005	FALSE	non-primary sample	FALSE	FALSE
TCGA-KIRC	discovery	TCGA-CZ-4863	TCGA-CZ-4863-11A	Solid Tissue Normal	d782f777-5651-47a6-bbb3-4d871a6b3a27	cd7a8848-af76-46b6-ad93-86dea30bea04.rna_seq.augmented_star_gene_counts.tsv	a7ded4625471d4c8da6dcccc772b823d	4254522	Data Release 46.0 - August 10, 2026	2026-09-11	released	5d8c131bbff59fb0c969217fc1d44e6d1503cd1f	2021-12-13T19:09:07.166125-06:00	2024-07-30T11:14:57.479739-05:00	TRUE	4254522	2025-06-03	a7ded4625471d4c8da6dcccc772b823d	TRUE	82574004	FALSE	non-primary sample	FALSE	FALSE
TCGA-KIRC	discovery	TCGA-CZ-4864	TCGA-CZ-4864-11A	Solid Tissue Normal	5d9c87af-9ac3-42a7-a0c3-84a490957188	4b2025a1-962d-42d4-8578-ff29e74a826d.rna_seq.augmented_star_gene_counts.tsv	fd71a28f572bd19dc5fa1915534a7077	4245258	Data Release 46.0 - August 10, 2026	2026-09-11	released	5d8c131bbff59fb0c969217fc1d44e6d1503cd1f	2021-12-13T19:04:52.978167-06:00	2024-07-30T11:03:58.163612-05:00	TRUE	4245258	2025-06-03	fd71a28f572bd19dc5fa1915534a7077	TRUE	75308020	FALSE	non-primary sample	FALSE	FALSE
TCGA-KIRC	discovery	TCGA-CZ-4865	TCGA-CZ-4865-11A	Solid Tissue Normal	34bd0526-91b2-4b99-a33b-5d4bc8c68d39	e501f4c1-736f-469d-b7f3-fb03a3b96b86.rna_seq.augmented_star_gene_counts.tsv	258e249a51763c2c1cc63351025f5e11	4248522	Data Release 46.0 - August 10, 2026	2026-09-11	released	5d8c131bbff59fb0c969217fc1d44e6d1503cd1f	2021-12-13T19:29:37.938806-06:00	2024-07-30T11:01:18.113619-05:00	TRUE	4248522	2025-06-03	258e249a51763c2c1cc63351025f5e11	TRUE	56451550	FALSE	non-primary sample	FALSE	FALSE
TCGA-KIRC	discovery	TCGA-CZ-5451	TCGA-CZ-5451-11A	Solid Tissue Normal	fc3d1c27-2956-4d74-991c-fc35d5c9ecbd	6ec6b3ce-0574-41d8-b22e-b27f3418adc6.rna_seq.augmented_star_gene_counts.tsv	ee7ee37206ed8066d3797f1ad1197fa4	4249355	Data Release 46.0 - August 10, 2026	2026-09-11	released	5d8c131bbff59fb0c969217fc1d44e6d1503cd1f	2021-12-13T19:42:29.596568-06:00	2024-07-30T08:55:36.664747-05:00	TRUE	4249355	2025-06-03	ee7ee37206ed8066d3797f1ad1197fa4	TRUE	76147776	FALSE	non-primary sample	FALSE	FALSE
TCGA-KIRC	discovery	TCGA-CZ-5452	TCGA-CZ-5452-11A	Solid Tissue Normal	01851b83-f8c4-4108-99c9-248fe29e39e9	6dd12311-581d-46fd-9b98-6523b67ec2e4.rna_seq.augmented_star_gene_counts.tsv	d2832e32406b7302c3cec58a1c49060a	4245998	Data Release 46.0 - August 10, 2026	2026-09-11	released	5d8c131bbff59fb0c969217fc1d44e6d1503cd1f	2021-12-13T19:39:15.828342-06:00	2024-07-30T11:04:45.639419-05:00	TRUE	4245998	2025-06-03	d2832e32406b7302c3cec58a1c49060a	TRUE	62328767	FALSE	non-primary sample	FALSE	FALSE
TCGA-KIRC	discovery	TCGA-CZ-5453	TCGA-CZ-5453-11A	Solid Tissue Normal	dbe50f57-74d7-4b5f-a996-dfc8d9874d55	12bba991-4912-435f-b6ad-e4814e79fe98.rna_seq.augmented_star_gene_counts.tsv	782afdae9e9be4d821439ecdbdbbe716	4254091	Data Release 46.0 - August 10, 2026	2026-09-11	released	5d8c131bbff59fb0c969217fc1d44e6d1503cd1f	2021-12-13T19:26:39.269977-06:00	2024-07-30T10:57:01.597305-05:00	TRUE	4254091	2025-06-03	782afdae9e9be4d821439ecdbdbbe716	TRUE	75043555	FALSE	non-primary sample	FALSE	FALSE
TCGA-KIRC	discovery	TCGA-CZ-5454	TCGA-CZ-5454-11A	Solid Tissue Normal	a41454c8-c8c2-4d33-9ff8-402fd89d2163	16bee60c-36ed-491a-8a93-fe2cbdaad11e.rna_seq.augmented_star_gene_counts.tsv	765b8727558b775dd762b6248277643a	4261170	Data Release 46.0 - August 10, 2026	2026-09-11	released	5d8c131bbff59fb0c969217fc1d44e6d1503cd1f	2021-12-13T19:34:38.286653-06:00	2024-07-30T10:58:30.405338-05:00	TRUE	4261170	2025-06-03	765b8727558b775dd762b6248277643a	TRUE	94898690	FALSE	non-primary sample	FALSE	FALSE
TCGA-KIRC	discovery	TCGA-CZ-5455	TCGA-CZ-5455-11A	Solid Tissue Normal	8e10e799-ae5c-49f7-a249-2d16d796066c	dfd48886-e56e-4361-b080-342e1ff7e84a.rna_seq.augmented_star_gene_counts.tsv	17136e79ac427d833c136dde3e99e05f	4247842	Data Release 46.0 - August 10, 2026	2026-09-11	released	5d8c131bbff59fb0c969217fc1d44e6d1503cd1f	2021-12-13T19:13:30.249277-06:00	2024-07-30T10:55:22.908329-05:00	TRUE	4247842	2025-06-03	17136e79ac427d833c136dde3e99e05f	TRUE	75658830	FALSE	non-primary sample	FALSE	FALSE
TCGA-KIRC	discovery	TCGA-CZ-5456	TCGA-CZ-5456-11A	Solid Tissue Normal	41954992-a111-4fbb-b6e2-d5ac8f564bf6	3e6f757e-efc5-414d-ae8d-5e4e0278ebe0.rna_seq.augmented_star_gene_counts.tsv	3a176d8b18770113a02b643d0ace68c4	4229691	Data Release 46.0 - August 10, 2026	2026-09-11	released	5d8c131bbff59fb0c969217fc1d44e6d1503cd1f	2021-12-13T19:42:14.753900-06:00	2024-07-30T11:14:29.374467-05:00	TRUE	4229691	2025-06-03	3a176d8b18770113a02b643d0ace68c4	TRUE	44133308	FALSE	non-primary sample	FALSE	FALSE
TCGA-KIRC	discovery	TCGA-CZ-5457	TCGA-CZ-5457-11A	Solid Tissue Normal	828b7513-8452-4541-8576-8c2f66e79892	658d6096-cbc1-4bb1-988a-465b3e54b94c.rna_seq.augmented_star_gene_counts.tsv	239bdc89ace9ccc372c7ca4a10c0f508	4247883	Data Release 46.0 - August 10, 2026	2026-09-11	released	5d8c131bbff59fb0c969217fc1d44e6d1503cd1f	2021-12-13T19:16:41.484116-06:00	2024-07-30T10:55:44.445542-05:00	TRUE	4247883	2025-06-03	239bdc89ace9ccc372c7ca4a10c0f508	TRUE	70545834	FALSE	non-primary sample	FALSE	FALSE
TCGA-KIRC	discovery	TCGA-CZ-5458	TCGA-CZ-5458-11A	Solid Tissue Normal	331a54d0-3061-4e9e-93c7-3fb0f9a96254	c8462133-86a7-4be2-a689-07cebed4cc78.rna_seq.augmented_star_gene_counts.tsv	9a56ad04b493b45a220635490daad4e9	4259275	Data Release 46.0 - August 10, 2026	2026-09-11	released	5d8c131bbff59fb0c969217fc1d44e6d1503cd1f	2021-12-13T19:05:20.456842-06:00	2024-07-30T11:00:18.783257-05:00	TRUE	4259275	2025-06-03	9a56ad04b493b45a220635490daad4e9	TRUE	96567301	FALSE	non-primary sample	FALSE	FALSE
TCGA-KIRC	discovery	TCGA-CZ-5461	TCGA-CZ-5461-11A	Solid Tissue Normal	7d7719e1-5451-4ec0-a3d6-99aaaf640bcd	d7df3edb-bb4a-47a2-8066-fc2f700c6102.rna_seq.augmented_star_gene_counts.tsv	7f0b278a0a7a9ff08d7e20ae543850c1	4256615	Data Release 46.0 - August 10, 2026	2026-09-11	released	5d8c131bbff59fb0c969217fc1d44e6d1503cd1f	2021-12-13T19:10:19.592990-06:00	2024-07-30T10:59:34.497954-05:00	TRUE	4256615	2025-06-03	7f0b278a0a7a9ff08d7e20ae543850c1	TRUE	86953961	FALSE	non-primary sample	FALSE	FALSE
TCGA-KIRC	discovery	TCGA-CZ-5462	TCGA-CZ-5462-11A	Solid Tissue Normal	3de35a77-f963-45ff-bfad-a5f24dda75ef	732dff9f-5bcf-43c2-8ce4-062e2f49165a.rna_seq.augmented_star_gene_counts.tsv	78b6e46823750888607a7ef45186aa24	4257008	Data Release 46.0 - August 10, 2026	2026-09-11	released	5d8c131bbff59fb0c969217fc1d44e6d1503cd1f	2021-12-13T19:17:11.568143-06:00	2024-07-30T11:15:11.928523-05:00	TRUE	4257008	2025-06-03	78b6e46823750888607a7ef45186aa24	TRUE	95949896	FALSE	non-primary sample	FALSE	FALSE
TCGA-KIRC	discovery	TCGA-CZ-5463	TCGA-CZ-5463-11A	Solid Tissue Normal	ba6dfcd5-be76-481f-9e8e-19421cf23695	11da21cd-5029-491e-b7a1-d6f4d9306f3e.rna_seq.augmented_star_gene_counts.tsv	2e536c0b171b14dbac612c31ba2da6bc	4254134	Data Release 46.0 - August 10, 2026	2026-09-11	released	5d8c131bbff59fb0c969217fc1d44e6d1503cd1f	2021-12-13T19:37:28.183257-06:00	2024-07-30T11:03:55.726768-05:00	TRUE	4254134	2025-06-03	2e536c0b171b14dbac612c31ba2da6bc	TRUE	75912242	FALSE	non-primary sample	FALSE	FALSE
TCGA-KIRC	discovery	TCGA-CZ-5465	TCGA-CZ-5465-11A	Solid Tissue Normal	9c622d7a-d739-4d5d-824a-923414f13f6f	f6df6ae0-003e-4ba2-8a55-06734b4cbed3.rna_seq.augmented_star_gene_counts.tsv	90108338ef8a143b77dc31c40bee3289	4251902	Data Release 46.0 - August 10, 2026	2026-09-11	released	5d8c131bbff59fb0c969217fc1d44e6d1503cd1f	2021-12-13T19:06:48.066818-06:00	2024-07-30T11:18:25.430702-05:00	TRUE	4251902	2025-06-03	90108338ef8a143b77dc31c40bee3289	TRUE	78816295	FALSE	non-primary sample	FALSE	FALSE
TCGA-KIRC	discovery	TCGA-CZ-5466	TCGA-CZ-5466-11A	Solid Tissue Normal	200dfa9f-ed6f-4434-9dde-7833f4d3b275	8283ab27-1a92-41f4-af55-6c115308d5bc.rna_seq.augmented_star_gene_counts.tsv	42a7c80edc573133a91441a368eb2443	4253057	Data Release 46.0 - August 10, 2026	2026-09-11	released	5d8c131bbff59fb0c969217fc1d44e6d1503cd1f	2021-12-13T19:34:16.703062-06:00	2024-07-30T11:17:34.281025-05:00	TRUE	4253057	2025-06-03	42a7c80edc573133a91441a368eb2443	TRUE	91598789	FALSE	non-primary sample	FALSE	FALSE
TCGA-KIRC	discovery	TCGA-CZ-5467	TCGA-CZ-5467-11A	Solid Tissue Normal	e4240172-1921-44aa-95da-781be3485a1e	2a78e2d5-0d9f-4269-a5d2-f1a83e8f4cf8.rna_seq.augmented_star_gene_counts.tsv	9e66aceb255cf78bd039f9c73b4038b9	4244004	Data Release 46.0 - August 10, 2026	2026-09-11	released	5d8c131bbff59fb0c969217fc1d44e6d1503cd1f	2021-12-13T19:35:34.776754-06:00	2024-07-30T10:57:00.384552-05:00	TRUE	4244004	2025-06-03	9e66aceb255cf78bd039f9c73b4038b9	TRUE	69705151	FALSE	non-primary sample	FALSE	FALSE
TCGA-KIRC	discovery	TCGA-CZ-5468	TCGA-CZ-5468-11A	Solid Tissue Normal	bbb17751-e367-45a2-b561-9607d02d03c3	f09af03e-597b-4a6c-bd12-20c5d9ede033.rna_seq.augmented_star_gene_counts.tsv	20c9fcb5e68f0d9901387468883a879e	4244304	Data Release 46.0 - August 10, 2026	2026-09-11	released	5d8c131bbff59fb0c969217fc1d44e6d1503cd1f	2021-12-13T19:32:22.830834-06:00	2024-07-30T10:54:38.231986-05:00	TRUE	4244304	2025-06-03	20c9fcb5e68f0d9901387468883a879e	TRUE	61788088	FALSE	non-primary sample	FALSE	FALSE
TCGA-KIRC	discovery	TCGA-CZ-5469	TCGA-CZ-5469-11A	Solid Tissue Normal	3bfbdcb6-1e9a-43e9-9015-d55b279dc559	10ef264c-4000-4286-860a-5a6f633ecb29.rna_seq.augmented_star_gene_counts.tsv	7946a84c82ffb0ca618d5d00a68f43bb	4254105	Data Release 46.0 - August 10, 2026	2026-09-11	released	5d8c131bbff59fb0c969217fc1d44e6d1503cd1f	2021-12-13T19:13:20.581445-06:00	2024-07-30T10:57:50.150172-05:00	TRUE	4254105	2025-06-03	7946a84c82ffb0ca618d5d00a68f43bb	TRUE	76595390	FALSE	non-primary sample	FALSE	FALSE
TCGA-KIRC	discovery	TCGA-CZ-5470	TCGA-CZ-5470-11A	Solid Tissue Normal	3537c794-46e2-4756-b1d5-f32896e24536	a57f68a2-225b-4be1-97b6-cab305c36ef1.rna_seq.augmented_star_gene_counts.tsv	869573acdbd5ccbd70c53f936723053b	4254673	Data Release 46.0 - August 10, 2026	2026-09-11	released	5d8c131bbff59fb0c969217fc1d44e6d1503cd1f	2021-12-13T19:41:52.398107-06:00	2024-07-30T10:54:51.651359-05:00	TRUE	4254673	2025-06-03	869573acdbd5ccbd70c53f936723053b	TRUE	79893947	FALSE	non-primary sample	FALSE	FALSE
TCGA-KIRC	discovery	TCGA-CZ-5982	TCGA-CZ-5982-11A	Solid Tissue Normal	73b5e567-d5a8-4fe7-b60e-fd4654d56fb5	af515665-ebc5-4825-b331-c6cd92d32a48.rna_seq.augmented_star_gene_counts.tsv	36546cf5851febb5670bb781006c91ab	4233060	Data Release 46.0 - August 10, 2026	2026-09-11	released	5d8c131bbff59fb0c969217fc1d44e6d1503cd1f	2021-12-13T19:15:47.465960-06:00	2024-07-30T11:13:37.034480-05:00	TRUE	4233060	2025-06-03	36546cf5851febb5670bb781006c91ab	TRUE	62879436	FALSE	non-primary sample	FALSE	FALSE
TCGA-KIRC	discovery	TCGA-CZ-5984	TCGA-CZ-5984-11A	Solid Tissue Normal	18913801-b38a-4439-8b34-25a7138e8fdd	c2fc96b4-551d-46ff-bd1d-65e1a8c5df2a.rna_seq.augmented_star_gene_counts.tsv	7a1f74fb303d23633f7eec3fffc4bc70	4243944	Data Release 46.0 - August 10, 2026	2026-09-11	released	5d8c131bbff59fb0c969217fc1d44e6d1503cd1f	2021-12-13T19:25:44.402971-06:00	2024-07-30T11:15:19.140621-05:00	TRUE	4243944	2025-06-03	7a1f74fb303d23633f7eec3fffc4bc70	TRUE	65013472	FALSE	non-primary sample	FALSE	FALSE
TCGA-KIRC	discovery	TCGA-CZ-5985	TCGA-CZ-5985-11A	Solid Tissue Normal	2fb6d7bd-f6df-45a4-b8a7-8de33119d52f	bfeb8843-342b-4369-bbf2-55534c3f1bbf.rna_seq.augmented_star_gene_counts.tsv	4c41c81c17da686baf76523e1e62fcb1	4221391	Data Release 46.0 - August 10, 2026	2026-09-11	released	5d8c131bbff59fb0c969217fc1d44e6d1503cd1f	2021-12-13T19:41:58.100015-06:00	2024-07-30T11:04:59.465869-05:00	TRUE	4221391	2025-06-03	4c41c81c17da686baf76523e1e62fcb1	TRUE	40617762	FALSE	non-primary sample	FALSE	FALSE
TCGA-KIRC	discovery	TCGA-CZ-5986	TCGA-CZ-5986-11A	Solid Tissue Normal	255d2ed8-2b59-486a-bfe2-0ba938b9aeb6	274f9dc8-eac5-4a19-8e22-f3af2201f50f.rna_seq.augmented_star_gene_counts.tsv	ce5ee4f6f74a6a35aee57857c5d71bd9	4235343	Data Release 46.0 - August 10, 2026	2026-09-11	released	5d8c131bbff59fb0c969217fc1d44e6d1503cd1f	2021-12-13T19:02:43.926686-06:00	2024-07-30T11:11:38.564359-05:00	TRUE	4235343	2025-06-03	ce5ee4f6f74a6a35aee57857c5d71bd9	TRUE	47850926	FALSE	non-primary sample	FALSE	FALSE
TCGA-KIRC	discovery	TCGA-CZ-5987	TCGA-CZ-5987-11A	Solid Tissue Normal	f007e19e-984c-4c94-b1d0-e4c298d9faa9	de7040ae-3995-4cb1-8f87-a3e4bfb4792f.rna_seq.augmented_star_gene_counts.tsv	670e2ac1877e222380708f97b1ad6734	4231462	Data Release 46.0 - August 10, 2026	2026-09-11	released	5d8c131bbff59fb0c969217fc1d44e6d1503cd1f	2021-12-13T19:06:46.604301-06:00	2024-07-30T11:07:54.619625-05:00	TRUE	4231462	2025-06-03	670e2ac1877e222380708f97b1ad6734	TRUE	37605305	FALSE	non-primary sample	FALSE	FALSE
TCGA-KIRC	discovery	TCGA-CZ-5988	TCGA-CZ-5988-11A	Solid Tissue Normal	73d97d28-fb60-4380-8ba0-34e79da74af2	fb312dd9-da8b-4190-999e-37cad1d683d5.rna_seq.augmented_star_gene_counts.tsv	9f3a3103d84c175462cdf119e338bdd1	4230543	Data Release 46.0 - August 10, 2026	2026-09-11	released	5d8c131bbff59fb0c969217fc1d44e6d1503cd1f	2021-12-13T19:25:21.587841-06:00	2024-07-30T11:15:06.974003-05:00	TRUE	4230543	2025-06-03	9f3a3103d84c175462cdf119e338bdd1	TRUE	45961207	FALSE	non-primary sample	FALSE	FALSE
TCGA-KIRC	discovery	TCGA-CZ-5989	TCGA-CZ-5989-11A	Solid Tissue Normal	2d6da3de-d9be-4037-9fd7-e64d5c91ba1e	a3f7a66c-4b4a-4264-848d-8a2e1293ea8d.rna_seq.augmented_star_gene_counts.tsv	df566522d08112c103415edaa5ffbe36	4247923	Data Release 46.0 - August 10, 2026	2026-09-11	released	5d8c131bbff59fb0c969217fc1d44e6d1503cd1f	2021-12-13T19:34:56.478569-06:00	2024-07-30T10:56:02.482011-05:00	TRUE	4247923	2025-06-03	df566522d08112c103415edaa5ffbe36	TRUE	58792631	FALSE	non-primary sample	FALSE	FALSE
TCGA-KIRC	discovery	TCGA-DV-A4W0	TCGA-DV-A4W0-05A	Additional - New Primary	f8ba326c-a068-4d8c-a544-07fd13c39cbd	b79c9932-bc2b-4c87-b954-3b6efd0d76e5.rna_seq.augmented_star_gene_counts.tsv	a5ba87a5d2a3b70ef6f90c71d5b69ec9	4245285	Data Release 46.0 - August 10, 2026	2026-09-11	released	5d8c131bbff59fb0c969217fc1d44e6d1503cd1f	2021-12-13T19:16:28.295478-06:00	2024-07-30T11:07:52.223035-05:00	TRUE	4245285	2025-06-03	a5ba87a5d2a3b70ef6f90c71d5b69ec9	TRUE	55801009	FALSE	non-primary sample	FALSE	FALSE
CPTAC-3	validation	C3L-00004	C3L-00004-01	Primary Tumor	406ce387-c5b5-461a-a178-bc8cb402aade	34226159-5237-455f-ac9b-2713eba4d87e.rna_seq.augmented_star_gene_counts.tsv	cc35155c586c44aef6c9df9417672561	4226387	Data Release 46.0 - August 10, 2026	2026-09-11	released	5d8c131bbff59fb0c969217fc1d44e6d1503cd1f	2022-01-06T09:09:30.979321-06:00	2024-07-30T22:05:48.249554-05:00	TRUE	4226387	2026-08-17	cc35155c586c44aef6c9df9417672561	TRUE	34920839	TRUE		TRUE	TRUE
CPTAC-3	validation	C3L-00010	C3L-00010-01	Primary Tumor	64054d3f-0ff8-4772-9bdd-f939ae5375c0	d7fa7d14-7477-4229-83da-a6af5c0ba63f.rna_seq.augmented_star_gene_counts.tsv	7affeca2e8f43cd8ffaee55be8794515	4236356	Data Release 46.0 - August 10, 2026	2026-09-11	released	122a0dd1445b2664b1b40b7df7b0e2240183d712	2022-01-06T09:49:48.262744-06:00	2024-07-30T22:02:57.557091-05:00	TRUE	4236356	2026-08-17	7affeca2e8f43cd8ffaee55be8794515	TRUE	45478875	TRUE		TRUE	TRUE
CPTAC-3	validation	C3L-00011	C3L-00011-01	Primary Tumor	38999274-4c4d-432b-9ed8-c17fd2308bdc	84c6e8e2-714e-4c11-992d-0e36bb01d83a.rna_seq.augmented_star_gene_counts.tsv	09fe6c1b1391b0e37b112f48cf1e090c	4227014	Data Release 46.0 - August 10, 2026	2026-09-11	released	122a0dd1445b2664b1b40b7df7b0e2240183d712	2022-01-06T08:56:17.556720-06:00	2024-07-30T22:05:46.671826-05:00	TRUE	4227014	2026-08-17	09fe6c1b1391b0e37b112f48cf1e090c	TRUE	46942314	TRUE		TRUE	TRUE
CPTAC-3	validation	C3L-00026	C3L-00026-01	Primary Tumor	9d1c97cb-2808-4cf0-b9f4-8cceab5fc4c8	59ba3c66-521b-4224-ace6-62e7a2c89a65.rna_seq.augmented_star_gene_counts.tsv	e0acf3f0aac23c1dac1f921ae5953f93	4232010	Data Release 46.0 - August 10, 2026	2026-09-11	released	122a0dd1445b2664b1b40b7df7b0e2240183d712	2022-01-06T09:52:04.755056-06:00	2024-07-30T21:56:10.666172-05:00	TRUE	4232010	2026-08-17	e0acf3f0aac23c1dac1f921ae5953f93	TRUE	43496861	TRUE		TRUE	TRUE
CPTAC-3	validation	C3L-00079	C3L-00079-01	Primary Tumor	d4f92d5c-ae0d-42b4-9e66-b4f0cd94d4a5	24314fd5-f34b-417f-862b-98988c2a92b1.rna_seq.augmented_star_gene_counts.tsv	7312b4e0e6307c7969ca2499f41676b5	4228087	Data Release 46.0 - August 10, 2026	2026-09-11	released	122a0dd1445b2664b1b40b7df7b0e2240183d712	2022-01-06T09:45:26.734910-06:00	2024-07-30T22:05:16.231526-05:00	TRUE	4228087	2026-08-17	7312b4e0e6307c7969ca2499f41676b5	TRUE	39736871	TRUE		TRUE	TRUE
CPTAC-3	validation	C3L-00088	C3L-00088-01	Primary Tumor	3ee99878-e7a8-41b6-a259-19f4bb30d148	8d00622b-242e-4181-93e0-dac7ace53a14.rna_seq.augmented_star_gene_counts.tsv	e5ebecca63abed6b72be9518cc1c523d	4235186	Data Release 46.0 - August 10, 2026	2026-09-11	released	5d8c131bbff59fb0c969217fc1d44e6d1503cd1f	2022-01-06T09:37:10.277267-06:00	2024-07-30T21:41:34.430204-05:00	TRUE	4235186	2026-08-17	e5ebecca63abed6b72be9518cc1c523d	TRUE	37566075	TRUE		TRUE	TRUE
CPTAC-3	validation	C3L-00096	C3L-00096-01	Primary Tumor	a3564e96-4824-4b38-8479-37e2d617f1ff	d8cf8943-bfbd-40db-9aa3-47d4125d7e98.rna_seq.augmented_star_gene_counts.tsv	d66398e510d737df4ba82c264f1d6d02	4229228	Data Release 46.0 - August 10, 2026	2026-09-11	released	122a0dd1445b2664b1b40b7df7b0e2240183d712	2022-01-06T09:39:03.894698-06:00	2024-07-30T21:53:54.298217-05:00	TRUE	4229228	2026-08-17	d66398e510d737df4ba82c264f1d6d02	TRUE	44156447	TRUE		TRUE	TRUE
CPTAC-3	validation	C3L-00097	C3L-00097-01	Primary Tumor	89e44cb8-e015-478d-a13f-83686ea2c107	77e2a7e2-90f7-4262-8ea1-0332d9de7e8d.rna_seq.augmented_star_gene_counts.tsv	81c49f957d27b6b3da9fd441a62f7a14	4231170	Data Release 46.0 - August 10, 2026	2026-09-11	released	122a0dd1445b2664b1b40b7df7b0e2240183d712	2022-01-06T09:01:06.751584-06:00	2024-07-30T02:14:46.856994-05:00	TRUE	4231170	2026-08-17	81c49f957d27b6b3da9fd441a62f7a14	TRUE	37635024	TRUE		TRUE	TRUE
CPTAC-3	validation	C3L-00103	C3L-00103-01	Primary Tumor	a546437c-4839-4853-93c6-f0f106f1cb93	a7d61b74-94fc-49c0-845f-7cb51b43e274.rna_seq.augmented_star_gene_counts.tsv	86378f522b670bda870f39bfb1ed2474	4248827	Data Release 46.0 - August 10, 2026	2026-09-11	released	122a0dd1445b2664b1b40b7df7b0e2240183d712	2022-01-06T09:02:07.694782-06:00	2024-07-30T22:00:37.363949-05:00	TRUE	4248827	2026-08-17	86378f522b670bda870f39bfb1ed2474	TRUE	51306727	TRUE		TRUE	TRUE
CPTAC-3	validation	C3L-00165	C3L-00165-05	Primary Tumor	9a5391d2-9989-4353-a125-4cb97ddf207f	150f691d-a261-4176-8045-c72866666f38.rna_seq.augmented_star_gene_counts.tsv	529806a7d16f4b1322b67575e3be6f8f	4223147	Data Release 46.0 - August 10, 2026	2026-09-11	released	122a0dd1445b2664b1b40b7df7b0e2240183d712	2022-04-21T09:13:40.845792-05:00	2024-07-29T22:56:58.865044-05:00	TRUE	4223147	2026-08-17	529806a7d16f4b1322b67575e3be6f8f	TRUE	35604672	TRUE		TRUE	TRUE
CPTAC-3	validation	C3L-00183	C3L-00183-05	Primary Tumor	5e8bd413-a481-40f2-8af9-61f7b911f3b3	f2faa9f8-8660-4cad-8e8a-e6450e807200.rna_seq.augmented_star_gene_counts.tsv	6a96b00e3c10df8bd15e2ebc7119fd0d	4226740	Data Release 46.0 - August 10, 2026	2026-09-11	released	122a0dd1445b2664b1b40b7df7b0e2240183d712	2022-01-06T09:07:29.847140-06:00	2024-07-30T21:46:31.823094-05:00	TRUE	4226740	2026-08-17	6a96b00e3c10df8bd15e2ebc7119fd0d	TRUE	31721853	TRUE		TRUE	TRUE
CPTAC-3	validation	C3L-00359	C3L-00359-01	Primary Tumor	8f8ceae7-f108-4ae1-b49e-75d48473d0d5	7cb20089-aa6f-43ba-99d9-17b2a06382b9.rna_seq.augmented_star_gene_counts.tsv	db5191e63c9210d1642d0a1fd86d44a1	4226113	Data Release 46.0 - August 10, 2026	2026-09-11	released	122a0dd1445b2664b1b40b7df7b0e2240183d712	2022-01-06T08:49:38.478263-06:00	2024-07-30T21:57:45.014337-05:00	TRUE	4226113	2026-08-17	db5191e63c9210d1642d0a1fd86d44a1	TRUE	44799243	TRUE		TRUE	TRUE
CPTAC-3	validation	C3L-00360	C3L-00360-01	Primary Tumor	9d1b8061-5732-4eef-b95e-fe49e7a50d9d	87873a4c-ed8b-4ebe-b917-d32dc7fdffc4.rna_seq.augmented_star_gene_counts.tsv	2b931ea03384c0bbd067affcc0ae6989	4234640	Data Release 46.0 - August 10, 2026	2026-09-11	released	122a0dd1445b2664b1b40b7df7b0e2240183d712	2022-01-06T09:49:12.819736-06:00	2024-07-30T21:55:42.653906-05:00	TRUE	4234640	2026-08-17	2b931ea03384c0bbd067affcc0ae6989	TRUE	39630359	TRUE		TRUE	TRUE
CPTAC-3	validation	C3L-00369	C3L-00369-03	Primary Tumor	8ee2656b-2544-4869-8c78-e24dbbc77f12	95e491d8-9453-4108-8a6a-2eef15257b98.rna_seq.augmented_star_gene_counts.tsv	f910d8a95b0503b680e41bb168831671	4236820	Data Release 46.0 - August 10, 2026	2026-09-11	released	122a0dd1445b2664b1b40b7df7b0e2240183d712	2022-01-06T09:48:07.376628-06:00	2024-07-30T21:52:05.715462-05:00	TRUE	4236820	2026-08-17	f910d8a95b0503b680e41bb168831671	TRUE	48685561	TRUE		TRUE	TRUE
CPTAC-3	validation	C3L-00416	C3L-00416-02	Primary Tumor	bac1e305-1d80-42cb-a4bd-8404d6745cab	83cebb3d-12be-483c-aa6f-3d69146c6620.rna_seq.augmented_star_gene_counts.tsv	310fe38acf659aab8adbf0a05cf22ef8	4237098	Data Release 46.0 - August 10, 2026	2026-09-11	released	122a0dd1445b2664b1b40b7df7b0e2240183d712	2022-01-06T09:08:40.745052-06:00	2024-07-30T21:52:57.627427-05:00	TRUE	4237098	2026-08-17	310fe38acf659aab8adbf0a05cf22ef8	TRUE	37000202	TRUE		TRUE	TRUE
CPTAC-3	validation	C3L-00418	C3L-00418-03	Primary Tumor	a57639f0-8812-4cf2-9b35-40e4d0b090d8	2a716096-3c8a-4882-9bef-2ceb16db6993.rna_seq.augmented_star_gene_counts.tsv	5c70798f8e160e4adac4782e7f2cff42	4227895	Data Release 46.0 - August 10, 2026	2026-09-11	released	122a0dd1445b2664b1b40b7df7b0e2240183d712	2022-01-06T09:49:31.159942-06:00	2024-07-30T21:53:43.400058-05:00	TRUE	4227895	2026-08-17	5c70798f8e160e4adac4782e7f2cff42	TRUE	37656521	TRUE		TRUE	TRUE
CPTAC-3	validation	C3L-00447	C3L-00447-03	Primary Tumor	4f7431a1-9d52-4109-bc96-c83d81e0bbe6	4dd3f950-f0eb-4d2d-b0d1-589bfbb31fd3.rna_seq.augmented_star_gene_counts.tsv	ad6482cd6374ef36c4986b53f4f0feb9	4232491	Data Release 46.0 - August 10, 2026	2026-09-11	released	122a0dd1445b2664b1b40b7df7b0e2240183d712	2022-01-06T09:46:07.436055-06:00	2024-07-30T21:52:51.193638-05:00	TRUE	4232491	2026-08-17	ad6482cd6374ef36c4986b53f4f0feb9	TRUE	37223151	TRUE		TRUE	TRUE
CPTAC-3	validation	C3L-00448	C3L-00448-01	Primary Tumor	63c75582-88ad-4f2f-a1c4-a9ae2d279c10	d54185d1-5a70-4491-92f5-ab8587ccd6e4.rna_seq.augmented_star_gene_counts.tsv	f47cd7dc63bc9c9b451766904bbb9b81	4230307	Data Release 46.0 - August 10, 2026	2026-09-11	released	122a0dd1445b2664b1b40b7df7b0e2240183d712	2022-01-06T09:17:24.199766-06:00	2024-07-30T21:41:55.882822-05:00	TRUE	4230307	2026-08-17	f47cd7dc63bc9c9b451766904bbb9b81	TRUE	35696077	TRUE		TRUE	TRUE
CPTAC-3	validation	C3L-00561	C3L-00561-01	Primary Tumor	6bbb2da9-1ed4-4aa0-866d-92e63fb9fe40	e29a7b73-5f63-45f2-993b-57766f0bd38a.rna_seq.augmented_star_gene_counts.tsv	01c5e6942f6268d9e43460aba5adf5bd	4232590	Data Release 46.0 - August 10, 2026	2026-09-11	released	122a0dd1445b2664b1b40b7df7b0e2240183d712	2022-01-06T09:16:36.963719-06:00	2024-07-30T21:56:05.825758-05:00	TRUE	4232590	2026-08-17	01c5e6942f6268d9e43460aba5adf5bd	TRUE	41604369	TRUE		TRUE	TRUE
CPTAC-3	validation	C3L-00581	C3L-00581-01	Primary Tumor	09cd8793-96af-4ab5-bc44-5ab5f5d1ac70	ba75b55b-c4f7-4cfe-97d7-8adf57f646ae.rna_seq.augmented_star_gene_counts.tsv	ddff10db8ade63b799b13a0f10793b6a	4240741	Data Release 46.0 - August 10, 2026	2026-09-11	released	122a0dd1445b2664b1b40b7df7b0e2240183d712	2022-01-06T09:50:42.587320-06:00	2024-07-30T02:16:55.967528-05:00	TRUE	4240741	2026-08-17	ddff10db8ade63b799b13a0f10793b6a	TRUE	51619229	TRUE		TRUE	TRUE
CPTAC-3	validation	C3L-00583	C3L-00583-01	Primary Tumor	3b92a25f-4897-44e8-825f-eaf0a9e4d7c2	5c293c28-5fd7-4637-9b52-c80d760461e4.rna_seq.augmented_star_gene_counts.tsv	4d1ad6c1e0675775037f2f4503c26c85	4234909	Data Release 46.0 - August 10, 2026	2026-09-11	released	122a0dd1445b2664b1b40b7df7b0e2240183d712	2022-01-06T08:56:46.565777-06:00	2024-07-30T21:56:18.065132-05:00	TRUE	4234909	2026-08-17	4d1ad6c1e0675775037f2f4503c26c85	TRUE	37377869	TRUE		TRUE	TRUE
CPTAC-3	validation	C3L-00606	C3L-00606-03	Primary Tumor	797abce7-1cd8-414f-a055-16f1ab94d2d7	de74f389-cdce-49c2-904f-63736c13dc2d.rna_seq.augmented_star_gene_counts.tsv	94824b2e2637ba38d87d54a123d2fef6	4236297	Data Release 46.0 - August 10, 2026	2026-09-11	released	122a0dd1445b2664b1b40b7df7b0e2240183d712	2022-01-06T08:56:19.186234-06:00	2024-07-30T21:44:31.365265-05:00	TRUE	4236297	2026-08-17	94824b2e2637ba38d87d54a123d2fef6	TRUE	46711064	TRUE		TRUE	TRUE
CPTAC-3	validation	C3L-00607	C3L-00607-01	Primary Tumor	835c09cf-9cdc-4c47-99b1-288c070391db	bd6d2009-8b51-420d-9976-09d60de5d01e.rna_seq.augmented_star_gene_counts.tsv	80a6df3f769207fefe782f3c506f5ea7	4227483	Data Release 46.0 - August 10, 2026	2026-09-11	released	122a0dd1445b2664b1b40b7df7b0e2240183d712	2022-01-06T09:41:39.208425-06:00	2024-07-30T21:45:24.017652-05:00	TRUE	4227483	2026-08-17	80a6df3f769207fefe782f3c506f5ea7	TRUE	35358735	TRUE		TRUE	TRUE
CPTAC-3	validation	C3L-00610	C3L-00610-01	Primary Tumor	c98dc71b-9f88-41e2-a5ce-d855869903ab	c721d9ec-12e0-441c-8314-0d32994d1610.rna_seq.augmented_star_gene_counts.tsv	a7ccf88d321076fa85a77003da9f2f14	4228966	Data Release 46.0 - August 10, 2026	2026-09-11	released	122a0dd1445b2664b1b40b7df7b0e2240183d712	2022-01-06T08:58:05.856037-06:00	2024-07-30T21:47:22.081647-05:00	TRUE	4228966	2026-08-17	a7ccf88d321076fa85a77003da9f2f14	TRUE	36900098	TRUE		TRUE	TRUE
CPTAC-3	validation	C3L-00765	C3L-00765-01	Primary Tumor	b22cce67-ac75-44d7-9131-af281213fa00	75896b58-0375-49c8-961b-662c5495ceca.rna_seq.augmented_star_gene_counts.tsv	618e73eebf33d9bbb95cd85398a62824	4239650	Data Release 46.0 - August 10, 2026	2026-09-11	released	122a0dd1445b2664b1b40b7df7b0e2240183d712	2022-01-06T09:11:53.690863-06:00	2024-07-30T21:47:39.647548-05:00	TRUE	4239650	2026-08-17	618e73eebf33d9bbb95cd85398a62824	TRUE	33165521	TRUE		TRUE	TRUE
CPTAC-3	validation	C3L-00766	C3L-00766-01	Primary Tumor	00b9f60c-9de0-4edd-8ec4-8582a615c226	6ddc8f58-2c55-46da-a59e-b5081e6e2063.rna_seq.augmented_star_gene_counts.tsv	61ab18ebb2acdce1609e1d2f6280e3fb	4245850	Data Release 46.0 - August 10, 2026	2026-09-11	released	122a0dd1445b2664b1b40b7df7b0e2240183d712	2022-01-06T09:21:47.077795-06:00	2024-07-30T21:53:40.966549-05:00	TRUE	4245850	2026-08-17	61ab18ebb2acdce1609e1d2f6280e3fb	TRUE	43920739	TRUE		TRUE	TRUE
CPTAC-3	validation	C3L-00789	C3L-00789-01	Primary Tumor	773d0e11-e2ce-49c2-9a09-684a71906a15	05c28ba3-07f7-4fd5-b3a5-8dfb44f27b84.rna_seq.augmented_star_gene_counts.tsv	08d9de6e99f3145c33a1f22ab9124f54	4240787	Data Release 46.0 - August 10, 2026	2026-09-11	released	122a0dd1445b2664b1b40b7df7b0e2240183d712	2022-04-04T19:07:44.596121-05:00	2024-07-29T22:56:37.641009-05:00	TRUE	4240787	2026-08-17	08d9de6e99f3145c33a1f22ab9124f54	TRUE	46402885	TRUE		TRUE	TRUE
CPTAC-3	validation	C3L-00790	C3L-00790-01	Primary Tumor	82c75558-fd2b-4af1-96a7-353d144fb5ee	e05cbdf9-cef5-40d4-83bd-339964205476.rna_seq.augmented_star_gene_counts.tsv	ca1044cf71221ef681193e013953a511	4237410	Data Release 46.0 - August 10, 2026	2026-09-11	released	122a0dd1445b2664b1b40b7df7b0e2240183d712	2022-01-06T09:56:10.748843-06:00	2024-07-30T21:55:24.311490-05:00	TRUE	4237410	2026-08-17	ca1044cf71221ef681193e013953a511	TRUE	36357837	TRUE		TRUE	TRUE
CPTAC-3	validation	C3L-00791	C3L-00791-01	Primary Tumor	2c3d90ce-2f4d-42bc-baa4-e01052a73b67	187a99f2-9848-4c7b-baa0-624bc1987e77.rna_seq.augmented_star_gene_counts.tsv	5f6e20373e1950e284ba65ba020b3329	4240054	Data Release 46.0 - August 10, 2026	2026-09-11	released	122a0dd1445b2664b1b40b7df7b0e2240183d712	2022-01-06T09:22:22.053711-06:00	2024-07-30T22:04:27.797502-05:00	TRUE	4240054	2026-08-17	5f6e20373e1950e284ba65ba020b3329	TRUE	44735283	TRUE		TRUE	TRUE
CPTAC-3	validation	C3L-00792	C3L-00792-01	Primary Tumor	c643d8b0-12a0-4078-8248-6d5f046eb14d	cd88c124-11aa-4c65-b7db-43d4a269decc.rna_seq.augmented_star_gene_counts.tsv	c581b8c17a6ee3c82630feeab0b83a2c	4238967	Data Release 46.0 - August 10, 2026	2026-09-11	released	122a0dd1445b2664b1b40b7df7b0e2240183d712	2022-01-06T09:24:48.361151-06:00	2024-07-30T21:52:25.280896-05:00	TRUE	4238967	2026-08-17	c581b8c17a6ee3c82630feeab0b83a2c	TRUE	45215228	TRUE		TRUE	TRUE
CPTAC-3	validation	C3L-00796	C3L-00796-01	Primary Tumor	dfae4a6a-4972-42f2-87b8-a5d0351eb4ac	bf40cf03-51f9-4f27-baa0-0812ec044f2d.rna_seq.augmented_star_gene_counts.tsv	478d57546c988da69be32043a98bceb5	4231933	Data Release 46.0 - August 10, 2026	2026-09-11	released	122a0dd1445b2664b1b40b7df7b0e2240183d712	2022-01-06T09:45:19.242785-06:00	2024-07-30T21:45:32.846211-05:00	TRUE	4231933	2026-08-17	478d57546c988da69be32043a98bceb5	TRUE	36197005	TRUE		TRUE	TRUE
CPTAC-3	validation	C3L-00799	C3L-00799-01	Primary Tumor	bd131248-9c81-459c-bb13-0bebf47ea9e1	ef9fa055-3072-4a61-90bb-c3373d9a606b.rna_seq.augmented_star_gene_counts.tsv	980667f4670b3e2acc887c670052946b	4236501	Data Release 46.0 - August 10, 2026	2026-09-11	released	122a0dd1445b2664b1b40b7df7b0e2240183d712	2022-01-06T09:43:13.408181-06:00	2024-07-30T22:00:12.408660-05:00	TRUE	4236501	2026-08-17	980667f4670b3e2acc887c670052946b	TRUE	41070675	TRUE		TRUE	TRUE
CPTAC-3	validation	C3L-00800	C3L-00800-01	Primary Tumor	ae7051bd-e4af-46d7-9f0b-efb079c472d6	0150766b-320a-400a-a6e6-6f74dec37b1d.rna_seq.augmented_star_gene_counts.tsv	b1c5dd918078ec8dc3bd70dd78854544	4243968	Data Release 46.0 - August 10, 2026	2026-09-11	released	5d8c131bbff59fb0c969217fc1d44e6d1503cd1f	2022-01-06T09:13:14.169501-06:00	2024-07-30T21:41:48.024531-05:00	TRUE	4243968	2026-08-17	b1c5dd918078ec8dc3bd70dd78854544	TRUE	45005572	TRUE		TRUE	TRUE
CPTAC-3	validation	C3L-00812	C3L-00812-01	Primary Tumor	9a0056fd-eaa4-41ad-b251-0ad607bace87	965a22b3-61c6-4e03-ad12-026e1b399bd8.rna_seq.augmented_star_gene_counts.tsv	9a348bc7430261d48168c49e1c4e634d	4229961	Data Release 46.0 - August 10, 2026	2026-09-11	released	122a0dd1445b2664b1b40b7df7b0e2240183d712	2022-01-06T08:59:24.714589-06:00	2024-07-30T21:55:41.267675-05:00	TRUE	4229961	2026-08-17	9a348bc7430261d48168c49e1c4e634d	TRUE	33256238	TRUE		TRUE	TRUE
CPTAC-3	validation	C3L-00813	C3L-00813-01	Primary Tumor	895268f6-d513-4bd8-b625-e6a23a99f215	200f0281-642a-4841-a785-558c83dee285.rna_seq.augmented_star_gene_counts.tsv	c0a39fe45d220f859d08674fbbfd0329	4232892	Data Release 46.0 - August 10, 2026	2026-09-11	released	122a0dd1445b2664b1b40b7df7b0e2240183d712	2022-01-06T09:53:58.701140-06:00	2024-07-30T22:05:30.673030-05:00	TRUE	4232892	2026-08-17	c0a39fe45d220f859d08674fbbfd0329	TRUE	39837454	TRUE		TRUE	TRUE
CPTAC-3	validation	C3L-00814	C3L-00814-01	Primary Tumor	7f41524c-570b-4e79-ba51-984a3b603523	88c1f2a6-3ee7-48f0-862f-5930df1804c3.rna_seq.augmented_star_gene_counts.tsv	924e6996b65f536286a9a7d8ada85a3b	4232123	Data Release 46.0 - August 10, 2026	2026-09-11	released	122a0dd1445b2664b1b40b7df7b0e2240183d712	2022-01-06T09:48:16.689372-06:00	2024-07-30T21:46:49.624315-05:00	TRUE	4232123	2026-08-17	924e6996b65f536286a9a7d8ada85a3b	TRUE	36526421	TRUE		TRUE	TRUE
CPTAC-3	validation	C3L-00815	C3L-00815-01	Primary Tumor	cf7c18f4-1d5e-4cc6-bf32-5aad1e6850fb	a9402f33-f2de-4bb4-a5f3-ce275af0554f.rna_seq.augmented_star_gene_counts.tsv	8b90275781b1b6e09eda676d72aaec9b	4251501	Data Release 46.0 - August 10, 2026	2026-09-11	released	5d8c131bbff59fb0c969217fc1d44e6d1503cd1f	2022-04-21T08:42:09.074488-05:00	2024-07-29T22:56:25.519168-05:00	TRUE	4251501	2026-08-17	8b90275781b1b6e09eda676d72aaec9b	TRUE	51282895	TRUE		TRUE	TRUE
CPTAC-3	validation	C3L-00817	C3L-00817-01	Primary Tumor	9e5ce1d4-2751-4872-bf8f-991b28f8a8d8	38d8b84b-64ab-4793-a1f4-d841ef45d4ce.rna_seq.augmented_star_gene_counts.tsv	d49b3bee8d6f8d2021d8428262643914	4237074	Data Release 46.0 - August 10, 2026	2026-09-11	released	122a0dd1445b2664b1b40b7df7b0e2240183d712	2022-01-06T09:23:24.879898-06:00	2024-07-30T21:44:57.707384-05:00	TRUE	4237074	2026-08-17	d49b3bee8d6f8d2021d8428262643914	TRUE	37540573	TRUE		TRUE	TRUE
CPTAC-3	validation	C3L-00902	C3L-00902-02	Primary Tumor	7591edea-ffb0-4d69-a2c8-2dd1d8e4a9ae	d8a05f1a-4f12-4136-b72e-4371d591b342.rna_seq.augmented_star_gene_counts.tsv	6abeeac9974a7852b4eb2f224c208ac0	4233437	Data Release 46.0 - August 10, 2026	2026-09-11	released	122a0dd1445b2664b1b40b7df7b0e2240183d712	2022-01-06T09:15:11.491399-06:00	2024-07-30T21:45:26.560512-05:00	TRUE	4233437	2026-08-17	6abeeac9974a7852b4eb2f224c208ac0	TRUE	39502273	TRUE		TRUE	TRUE
CPTAC-3	validation	C3L-00907	C3L-00907-02	Primary Tumor	154017fa-8ca7-43b6-b417-86b9890083f0	64f818f1-06ff-4111-91ba-09612ab6e258.rna_seq.augmented_star_gene_counts.tsv	7e19e6f521f4eb8ac2f4c38528a35873	4232210	Data Release 46.0 - August 10, 2026	2026-09-11	released	122a0dd1445b2664b1b40b7df7b0e2240183d712	2022-01-06T09:21:28.601372-06:00	2024-07-30T21:48:55.694611-05:00	TRUE	4232210	2026-08-17	7e19e6f521f4eb8ac2f4c38528a35873	TRUE	39874159	TRUE		TRUE	TRUE
CPTAC-3	validation	C3L-00908	C3L-00908-01	Primary Tumor	b2de6248-2c6c-4324-afcd-30f0b99f27b8	6f0598b2-b16b-435d-86b4-d08fc01d25de.rna_seq.augmented_star_gene_counts.tsv	1913c60f9934e73ee997ce6e04ff18d5	4243057	Data Release 46.0 - August 10, 2026	2026-09-11	released	122a0dd1445b2664b1b40b7df7b0e2240183d712	2022-01-06T09:51:53.102294-06:00	2024-07-30T21:44:56.444395-05:00	TRUE	4243057	2026-08-17	1913c60f9934e73ee997ce6e04ff18d5	TRUE	46218433	TRUE		TRUE	TRUE
CPTAC-3	validation	C3L-00910	C3L-00910-02	Primary Tumor	711502cf-374d-44ac-acb8-1927f3043bfb	a175ceab-b7cc-4def-b7dc-32be5051526b.rna_seq.augmented_star_gene_counts.tsv	c2841e6bbdfc785b7745151f4fd41016	4242480	Data Release 46.0 - August 10, 2026	2026-09-11	released	122a0dd1445b2664b1b40b7df7b0e2240183d712	2022-01-06T09:19:54.010641-06:00	2024-07-30T21:55:59.763262-05:00	TRUE	4242480	2026-08-17	c2841e6bbdfc785b7745151f4fd41016	TRUE	50772441	TRUE		TRUE	TRUE
CPTAC-3	validation	C3L-00917	C3L-00917-01	Primary Tumor	9973477b-7e81-434c-bec0-ce063a68fa66	c7838400-9200-44a8-a17b-929dd86733a5.rna_seq.augmented_star_gene_counts.tsv	b09ae6a25836faa0d6b032363b9e1dba	4226815	Data Release 46.0 - August 10, 2026	2026-09-11	released	5d8c131bbff59fb0c969217fc1d44e6d1503cd1f	2022-01-06T09:41:55.188763-06:00	2024-07-30T21:02:09.700146-05:00	TRUE	4226815	2026-08-17	b09ae6a25836faa0d6b032363b9e1dba	TRUE	29040994	TRUE		TRUE	TRUE
CPTAC-3	validation	C3L-00966	C3L-00966-03	Primary Tumor	12b3d9cf-18af-4930-8d5e-2093f0f82df1	67624292-fd1c-4e48-bd04-aaba940d2c84.rna_seq.augmented_star_gene_counts.tsv	dd003387f6027a2558197b3374f54dcc	4237707	Data Release 46.0 - August 10, 2026	2026-09-11	released	122a0dd1445b2664b1b40b7df7b0e2240183d712	2022-04-04T18:55:50.259675-05:00	2024-07-29T22:56:48.453702-05:00	TRUE	4237707	2026-08-17	dd003387f6027a2558197b3374f54dcc	TRUE	42456469	TRUE		TRUE	TRUE
CPTAC-3	validation	C3L-00968	C3L-00968-04	Primary Tumor	da6418bb-6b5a-42cb-b1a2-3f8e7e79bbed	db7189dc-5c4f-4974-b007-bd68df864f7d.rna_seq.augmented_star_gene_counts.tsv	1fe024787a3fce84c9bf88ae49cafd3f	4223836	Data Release 46.0 - August 10, 2026	2026-09-11	released	122a0dd1445b2664b1b40b7df7b0e2240183d712	2022-04-04T19:03:30.214442-05:00	2024-07-29T22:55:26.668002-05:00	TRUE	4223836	2026-08-17	1fe024787a3fce84c9bf88ae49cafd3f	TRUE	38368286	TRUE		TRUE	TRUE
CPTAC-3	validation	C3L-00969	C3L-00969-01	Primary Tumor	b2ad9970-e96f-44ce-8dfa-4a96d6cc735f	79a8b66b-d0b8-42f5-b70c-4f052d63590b.rna_seq.augmented_star_gene_counts.tsv	0abc148e9c18ef338d6351e2577b3060	4233959	Data Release 46.0 - August 10, 2026	2026-09-11	released	5d8c131bbff59fb0c969217fc1d44e6d1503cd1f	2022-04-21T09:10:45.544172-05:00	2024-07-29T22:57:30.692759-05:00	TRUE	4233959	2026-08-17	0abc148e9c18ef338d6351e2577b3060	TRUE	37179695	TRUE		TRUE	TRUE
CPTAC-3	validation	C3L-00970	C3L-00970-03	Primary Tumor	7e4d319e-a669-4add-bae7-8fdfabc5c889	3e2af7c6-ef4a-40e6-9b88-2f7eefb8e5d8.rna_seq.augmented_star_gene_counts.tsv	1a1e0de30510e25e572d52cad058553e	4236837	Data Release 46.0 - August 10, 2026	2026-09-11	released	122a0dd1445b2664b1b40b7df7b0e2240183d712	2022-04-21T07:39:46.621770-05:00	2024-07-29T22:57:44.809619-05:00	TRUE	4236837	2026-08-17	1a1e0de30510e25e572d52cad058553e	TRUE	35752306	TRUE		TRUE	TRUE
CPTAC-3	validation	C3L-00976	C3L-00976-03	Primary Tumor	e9590b4f-dc41-4dfa-89ef-8209fb4598c5	0ede4ee2-3896-4038-a523-b9559e8c86e2.rna_seq.augmented_star_gene_counts.tsv	9169283a9df32ca60bba48521dc143ec	4231311	Data Release 46.0 - August 10, 2026	2026-09-11	released	122a0dd1445b2664b1b40b7df7b0e2240183d712	2022-04-04T19:39:08.672233-05:00	2024-07-29T22:57:00.042606-05:00	TRUE	4231311	2026-08-17	9169283a9df32ca60bba48521dc143ec	TRUE	34144544	TRUE		TRUE	TRUE
CPTAC-3	validation	C3L-00980	C3L-00980-02	Primary Tumor	540ab040-632d-4df0-a101-a5c3afe4de15	d6b8b589-f12d-49e8-8e59-01efd973a626.rna_seq.augmented_star_gene_counts.tsv	1247058c2a6732e2185417da2b28cbdb	4238223	Data Release 46.0 - August 10, 2026	2026-09-11	released	5d8c131bbff59fb0c969217fc1d44e6d1503cd1f	2022-04-04T19:12:08.668007-05:00	2024-07-29T22:53:52.715554-05:00	TRUE	4238223	2026-08-17	1247058c2a6732e2185417da2b28cbdb	TRUE	41262969	TRUE		TRUE	TRUE
CPTAC-3	validation	C3L-00981	C3L-00981-01	Primary Tumor	c6bd9cf5-f7a9-4bcb-a426-514d85ddfda9	43d155bc-badd-4445-a8f3-e9ea706a35a7.rna_seq.augmented_star_gene_counts.tsv	bc0ddbf0a489ee9e8b019dbb24b43e65	4232816	Data Release 46.0 - August 10, 2026	2026-09-11	released	122a0dd1445b2664b1b40b7df7b0e2240183d712	2022-04-21T08:42:24.015546-05:00	2024-07-29T22:57:48.717192-05:00	TRUE	4232816	2026-08-17	bc0ddbf0a489ee9e8b019dbb24b43e65	TRUE	39698556	TRUE		TRUE	TRUE
CPTAC-3	validation	C3L-00982	C3L-00982-01	Primary Tumor	912a8d7e-4612-4968-81ac-1e6ebc2dfaaa	f8cf768b-4125-48f2-b5cb-ec62f7ca7126.rna_seq.augmented_star_gene_counts.tsv	2e3b15763df4adcd963a0da472f0ef73	4241495	Data Release 46.0 - August 10, 2026	2026-09-11	released	122a0dd1445b2664b1b40b7df7b0e2240183d712	2022-04-04T19:23:12.220668-05:00	2024-07-29T22:56:53.487791-05:00	TRUE	4241495	2026-08-17	2e3b15763df4adcd963a0da472f0ef73	TRUE	44359074	TRUE		TRUE	TRUE
CPTAC-3	validation	C3L-00991	C3L-00991-01	Primary Tumor	685ddd77-36ae-490d-8af9-8183fe333d2a	eb61a20c-f65e-47d3-81d3-1241f176ee1a.rna_seq.augmented_star_gene_counts.tsv	81e3cb9108140022f475dae55cb02f20	4233523	Data Release 46.0 - August 10, 2026	2026-09-11	released	122a0dd1445b2664b1b40b7df7b0e2240183d712	2022-04-21T08:13:43.687109-05:00	2024-07-29T22:58:13.802866-05:00	TRUE	4233523	2026-08-17	81e3cb9108140022f475dae55cb02f20	TRUE	37300222	TRUE		TRUE	TRUE
CPTAC-3	validation	C3L-01033	C3L-01033-03	Primary Tumor	14ae6290-a42b-47f1-a6e6-8aa789435c9a	0b9d3a05-1c4b-48ee-aca0-6b8e34dcc45b.rna_seq.augmented_star_gene_counts.tsv	788f17dc938c73861308af4e124ab818	4215360	Data Release 46.0 - August 10, 2026	2026-09-11	released	122a0dd1445b2664b1b40b7df7b0e2240183d712	2022-04-04T19:24:08.519313-05:00	2024-07-29T22:57:15.144666-05:00	TRUE	4215360	2026-08-17	788f17dc938c73861308af4e124ab818	TRUE	17800151	TRUE		TRUE	TRUE
CPTAC-3	validation	C3L-01034	C3L-01034-02	Primary Tumor	d51e5fc5-621d-4eff-9735-4fc6c21efb79	3807463a-8d75-49ae-b89e-d5b25d6bbc24.rna_seq.augmented_star_gene_counts.tsv	7d1a3ec4fafb3c673251c167e500aacb	4241637	Data Release 46.0 - August 10, 2026	2026-09-11	released	122a0dd1445b2664b1b40b7df7b0e2240183d712	2022-04-21T09:23:47.328725-05:00	2024-07-29T22:58:20.205314-05:00	TRUE	4241637	2026-08-17	7d1a3ec4fafb3c673251c167e500aacb	TRUE	38451401	TRUE		TRUE	TRUE
CPTAC-3	validation	C3L-01102	C3L-01102-01	Primary Tumor	bead5c82-af54-4ca9-8582-d8aa76131299	aa9fc9a4-47de-4a41-a563-aba1c986f3b0.rna_seq.augmented_star_gene_counts.tsv	405df11278d576960ee8d669e8e3a93f	4235775	Data Release 46.0 - August 10, 2026	2026-09-11	released	122a0dd1445b2664b1b40b7df7b0e2240183d712	2022-04-04T18:56:53.152098-05:00	2024-07-29T22:57:37.153922-05:00	TRUE	4235775	2026-08-17	405df11278d576960ee8d669e8e3a93f	TRUE	37239990	TRUE		TRUE	TRUE
CPTAC-3	validation	C3L-01106	C3L-01106-02	Primary Tumor	c2044d91-1a1f-4c65-99fe-0ab52f29c8a1	1c827b37-3e39-4f79-8e8d-b8d51e731e66.rna_seq.augmented_star_gene_counts.tsv	cb34e1225b77abe8fb6f8f1d80703f7c	4230539	Data Release 46.0 - August 10, 2026	2026-09-11	released	122a0dd1445b2664b1b40b7df7b0e2240183d712	2022-04-04T19:01:49.967829-05:00	2024-07-29T22:58:59.232353-05:00	TRUE	4230539	2026-08-17	cb34e1225b77abe8fb6f8f1d80703f7c	TRUE	33822228	TRUE		TRUE	TRUE
CPTAC-3	validation	C3L-01107	C3L-01107-01	Primary Tumor	d4dd8cff-4567-4856-b969-711fa056f79f	1b41b2cd-ac25-4e4d-9a06-0c78f875848d.rna_seq.augmented_star_gene_counts.tsv	ce3583c5773ca89030ff9a704774679f	4240008	Data Release 46.0 - August 10, 2026	2026-09-11	released	122a0dd1445b2664b1b40b7df7b0e2240183d712	2022-04-04T18:31:41.130485-05:00	2024-07-29T22:58:55.547815-05:00	TRUE	4240008	2026-08-17	ce3583c5773ca89030ff9a704774679f	TRUE	37344540	TRUE		TRUE	TRUE
CPTAC-3	validation	C3L-01279	C3L-01279-03	Primary Tumor	3b0e77a4-9036-4b4e-abf0-3dc31fd4d201	622c7a82-5fac-45c4-a689-f58fb4f124e9.rna_seq.augmented_star_gene_counts.tsv	cd6361ca2a0de5fbdb1e1eb277685432	4230797	Data Release 46.0 - August 10, 2026	2026-09-11	released	122a0dd1445b2664b1b40b7df7b0e2240183d712	2022-04-21T07:46:23.325083-05:00	2024-07-30T00:28:22.245687-05:00	TRUE	4230797	2026-08-17	cd6361ca2a0de5fbdb1e1eb277685432	TRUE	41786349	TRUE		TRUE	TRUE
CPTAC-3	validation	C3L-01281	C3L-01281-01	Primary Tumor	2dfafc4f-de00-4ee1-95a0-9ee66518769b	a9a490e8-09ea-44c6-9c70-896a9f1569da.rna_seq.augmented_star_gene_counts.tsv	17cc5ed92ed663a3736bf5335c9614a4	4230275	Data Release 46.0 - August 10, 2026	2026-09-11	released	122a0dd1445b2664b1b40b7df7b0e2240183d712	2022-01-06T09:37:27.347109-06:00	2024-07-30T21:56:44.439719-05:00	TRUE	4230275	2026-08-17	17cc5ed92ed663a3736bf5335c9614a4	TRUE	35633731	TRUE		TRUE	TRUE
CPTAC-3	validation	C3L-01283	C3L-01283-01	Primary Tumor	ef650535-b0f6-48a0-a0c2-e9a2aa6b64c5	41ac5f62-3016-426b-887b-4afd6575cd77.rna_seq.augmented_star_gene_counts.tsv	964e7c93c9f4fe7dd47801b6478690a9	4235655	Data Release 46.0 - August 10, 2026	2026-09-11	released	122a0dd1445b2664b1b40b7df7b0e2240183d712	2022-01-06T09:51:47.186960-06:00	2024-07-30T22:04:30.192138-05:00	TRUE	4235655	2026-08-17	964e7c93c9f4fe7dd47801b6478690a9	TRUE	35839867	TRUE		TRUE	TRUE
CPTAC-3	validation	C3L-01286	C3L-01286-01	Primary Tumor	35121379-c42c-4d60-9ca8-00803a92e295	ba1f715b-99d9-43f5-95b7-4ae12ae143c7.rna_seq.augmented_star_gene_counts.tsv	ed3974cde541ee48bc24b0c4bd6107c7	4232524	Data Release 46.0 - August 10, 2026	2026-09-11	released	122a0dd1445b2664b1b40b7df7b0e2240183d712	2022-01-06T08:55:31.318065-06:00	2024-07-30T21:56:37.100294-05:00	TRUE	4232524	2026-08-17	ed3974cde541ee48bc24b0c4bd6107c7	TRUE	41241595	TRUE		TRUE	TRUE
CPTAC-3	validation	C3L-01287	C3L-01287-02	Primary Tumor	106d67a3-4847-425b-a151-4e92d0e82e69	94fdb121-b644-41c0-9552-3473e3e4fe9b.rna_seq.augmented_star_gene_counts.tsv	b8a23c15823e4c83c860971668caa496	4236224	Data Release 46.0 - August 10, 2026	2026-09-11	released	5d8c131bbff59fb0c969217fc1d44e6d1503cd1f	2022-01-06T08:57:54.711054-06:00	2024-07-30T21:58:15.913343-05:00	TRUE	4236224	2026-08-17	b8a23c15823e4c83c860971668caa496	TRUE	42825340	TRUE		TRUE	TRUE
CPTAC-3	validation	C3L-01288	C3L-01288-02	Primary Tumor	c449f931-da5e-48af-918a-4e0516a2bdb9	a1695547-e5c1-428c-b2f6-b55efac7a23c.rna_seq.augmented_star_gene_counts.tsv	f19bca1e9be7923470bab498ce326ed5	4248543	Data Release 46.0 - August 10, 2026	2026-09-11	released	122a0dd1445b2664b1b40b7df7b0e2240183d712	2022-01-06T08:57:19.676999-06:00	2024-07-30T21:54:27.907536-05:00	TRUE	4248543	2026-08-17	f19bca1e9be7923470bab498ce326ed5	TRUE	51616782	TRUE		TRUE	TRUE
CPTAC-3	validation	C3L-01302	C3L-01302-03	Primary Tumor	d5041c8b-e53b-4cd9-a199-958e412eb9a3	f3572d47-d476-41b3-b0dc-9e153260511f.rna_seq.augmented_star_gene_counts.tsv	610226e2e57c27c87b1fb962f09ace65	4243876	Data Release 46.0 - August 10, 2026	2026-09-11	released	122a0dd1445b2664b1b40b7df7b0e2240183d712	2022-01-06T09:05:00.243066-06:00	2024-07-30T21:49:42.489637-05:00	TRUE	4243876	2026-08-17	610226e2e57c27c87b1fb962f09ace65	TRUE	42470993	TRUE		TRUE	TRUE
CPTAC-3	validation	C3L-01313	C3L-01313-03	Primary Tumor	a2225721-c49c-435d-a82a-c40d942a3d73	ebefe30b-f161-414b-8fe4-02736ec93649.rna_seq.augmented_star_gene_counts.tsv	dd366f622d44619e3cea2e3c46e9dd08	4230675	Data Release 46.0 - August 10, 2026	2026-09-11	released	122a0dd1445b2664b1b40b7df7b0e2240183d712	2022-01-06T09:38:33.558761-06:00	2024-07-30T21:51:42.041616-05:00	TRUE	4230675	2026-08-17	dd366f622d44619e3cea2e3c46e9dd08	TRUE	31268322	TRUE		TRUE	TRUE
CPTAC-3	validation	C3L-01352	C3L-01352-02	Primary Tumor	1fd46b4a-9d2f-4d59-81d4-99868d5b45f3	6d0bcf3c-1740-4527-8e15-b0c9c66158aa.rna_seq.augmented_star_gene_counts.tsv	eedad408d251a18e250c96f4c005f28b	4234978	Data Release 46.0 - August 10, 2026	2026-09-11	released	122a0dd1445b2664b1b40b7df7b0e2240183d712	2022-01-06T09:45:54.901359-06:00	2024-07-30T21:43:06.926668-05:00	TRUE	4234978	2026-08-17	eedad408d251a18e250c96f4c005f28b	TRUE	41974638	TRUE		TRUE	TRUE
CPTAC-3	validation	C3L-01459	C3L-01459-01	Primary Tumor	1ed5dedf-94ef-4073-9bdb-e3acc0d5d20d	4d0f380b-8a26-4708-afee-4b4c821b3809.rna_seq.augmented_star_gene_counts.tsv	fd97a48ab9c12646168d2a13495b6c89	4240216	Data Release 46.0 - August 10, 2026	2026-09-11	released	122a0dd1445b2664b1b40b7df7b0e2240183d712	2022-04-04T19:32:35.496340-05:00	2024-07-29T22:59:15.487945-05:00	TRUE	4240216	2026-08-17	fd97a48ab9c12646168d2a13495b6c89	TRUE	40256530	TRUE		TRUE	TRUE
CPTAC-3	validation	C3L-01462	C3L-01462-01	Primary Tumor	cda29ec2-53de-43b9-8b5c-c84ed628ea5c	6776be3b-c72e-4c40-9afc-cd750700bf5c.rna_seq.augmented_star_gene_counts.tsv	d9589711c8663df813d111daf8f03ecc	4230600	Data Release 46.0 - August 10, 2026	2026-09-11	released	122a0dd1445b2664b1b40b7df7b0e2240183d712	2022-04-21T07:45:27.807402-05:00	2024-07-29T22:57:53.731846-05:00	TRUE	4230600	2026-08-17	d9589711c8663df813d111daf8f03ecc	TRUE	32274490	TRUE		TRUE	TRUE
CPTAC-3	validation	C3L-01464	C3L-01464-01	Primary Tumor	f09b247a-3c88-4d44-a2af-3e4a12c5a443	ebf543cb-675e-4347-ad5c-1454b959c056.rna_seq.augmented_star_gene_counts.tsv	e677c2d0fa0e9961084e6ec0c87be7b9	4232967	Data Release 46.0 - August 10, 2026	2026-09-11	released	122a0dd1445b2664b1b40b7df7b0e2240183d712	2022-04-04T19:38:48.837200-05:00	2024-07-29T22:57:40.884431-05:00	TRUE	4232967	2026-08-17	e677c2d0fa0e9961084e6ec0c87be7b9	TRUE	37035032	TRUE		TRUE	TRUE
CPTAC-3	validation	C3L-01465	C3L-01465-01	Primary Tumor	452fbcfd-a67b-43f3-a5db-e903b7562c74	17253872-c862-40bf-8f9b-b2cad690ccd8.rna_seq.augmented_star_gene_counts.tsv	1f469caabc2fce58ee0e35eabcf36e58	4230192	Data Release 46.0 - August 10, 2026	2026-09-11	released	122a0dd1445b2664b1b40b7df7b0e2240183d712	2022-04-04T18:41:49.741610-05:00	2024-07-29T22:59:02.844723-05:00	TRUE	4230192	2026-08-17	1f469caabc2fce58ee0e35eabcf36e58	TRUE	35580819	TRUE		TRUE	TRUE
CPTAC-3	validation	C3L-01470	C3L-01470-01	Primary Tumor	0d46a5a4-5f09-4373-a3f2-a8a4b6b69c25	bd4ca7de-b046-451a-8a07-722f9b913222.rna_seq.augmented_star_gene_counts.tsv	839455cc496f9c9ad55876e2f337b923	4233118	Data Release 46.0 - August 10, 2026	2026-09-11	released	122a0dd1445b2664b1b40b7df7b0e2240183d712	2022-04-04T19:32:52.502981-05:00	2024-07-29T22:55:56.894392-05:00	TRUE	4233118	2026-08-17	839455cc496f9c9ad55876e2f337b923	TRUE	35170597	TRUE		TRUE	TRUE
CPTAC-3	validation	C3L-01553	C3L-01553-01	Primary Tumor	9e8e4fc1-5db8-4121-9670-7c1d48bb47a7	a331d1a4-64b5-4f58-a291-b5657a70f02c.rna_seq.augmented_star_gene_counts.tsv	bea207ee83793131ca1f0a692b2ff803	4218476	Data Release 46.0 - August 10, 2026	2026-09-11	released	122a0dd1445b2664b1b40b7df7b0e2240183d712	2022-01-06T09:22:48.733109-06:00	2024-07-30T22:06:31.070821-05:00	TRUE	4218476	2026-08-17	bea207ee83793131ca1f0a692b2ff803	TRUE	28813486	TRUE		TRUE	TRUE
CPTAC-3	validation	C3L-01557	C3L-01557-01	Primary Tumor	470b07b9-b544-479a-a2c5-39e3176dfc6d	93fa7800-0489-4508-9d34-1357688db793.rna_seq.augmented_star_gene_counts.tsv	8c06a004e5cabb6cbd5d823fd785a980	4239191	Data Release 46.0 - August 10, 2026	2026-09-11	released	122a0dd1445b2664b1b40b7df7b0e2240183d712	2022-01-06T09:07:01.815242-06:00	2024-07-30T22:04:59.308154-05:00	TRUE	4239191	2026-08-17	8c06a004e5cabb6cbd5d823fd785a980	TRUE	41228636	TRUE		TRUE	TRUE
CPTAC-3	validation	C3L-01560	C3L-01560-01	Primary Tumor	64c53ea7-1d58-4679-838d-8d29c2ee5ab8	b0a3ffab-d05f-4b36-8fd2-8b92775e4c54.rna_seq.augmented_star_gene_counts.tsv	f5acaf49d3ae0ba378837a1f34ffca9e	4242710	Data Release 46.0 - August 10, 2026	2026-09-11	released	122a0dd1445b2664b1b40b7df7b0e2240183d712	2022-01-06T09:50:33.727415-06:00	2024-07-30T21:54:21.535564-05:00	TRUE	4242710	2026-08-17	f5acaf49d3ae0ba378837a1f34ffca9e	TRUE	45752505	TRUE		TRUE	TRUE
CPTAC-3	validation	C3L-01603	C3L-01603-02	Primary Tumor	205851ba-0054-40e0-9131-0d1e80ee245b	54e92824-8d82-483f-afaa-f49d06b74a97.rna_seq.augmented_star_gene_counts.tsv	1dfd61ddebb8325c51060b4f8991f1bd	4231504	Data Release 46.0 - August 10, 2026	2026-09-11	released	122a0dd1445b2664b1b40b7df7b0e2240183d712	2022-01-06T09:57:03.219868-06:00	2024-07-30T21:53:01.363148-05:00	TRUE	4231504	2026-08-17	1dfd61ddebb8325c51060b4f8991f1bd	TRUE	34673122	TRUE		TRUE	TRUE
CPTAC-3	validation	C3L-01607	C3L-01607-03	Primary Tumor	5c12f652-05cf-48e5-9019-4f968181452e	ab0502c3-a757-4c0d-b647-be30615f627d.rna_seq.augmented_star_gene_counts.tsv	53f67a9e591e051c589a5ca440cee2d3	4236381	Data Release 46.0 - August 10, 2026	2026-09-11	released	122a0dd1445b2664b1b40b7df7b0e2240183d712	2022-01-06T08:58:55.590126-06:00	2024-07-30T21:59:39.801652-05:00	TRUE	4236381	2026-08-17	53f67a9e591e051c589a5ca440cee2d3	TRUE	41867156	TRUE		TRUE	TRUE
CPTAC-3	validation	C3L-01665	C3L-01665-03	Primary Tumor	fb075d69-0911-4dd9-bfa2-4daa8336a86f	acc85e4c-c313-4e7c-a209-f75ca4e7cc7a.rna_seq.augmented_star_gene_counts.tsv	0817c103be9e1a9802a38acceeb0f4f7	4230295	Data Release 46.0 - August 10, 2026	2026-09-11	released	122a0dd1445b2664b1b40b7df7b0e2240183d712	2022-04-04T18:40:40.147199-05:00	2024-07-29T22:58:36.637492-05:00	TRUE	4230295	2026-08-17	0817c103be9e1a9802a38acceeb0f4f7	TRUE	33317538	TRUE		TRUE	TRUE
CPTAC-3	validation	C3L-01676	C3L-01676-03	Primary Tumor	a2161b7b-2930-4a7a-ac9f-b0e6a474a046	00ac4501-7754-45f8-a638-cab5e79b0a1d.rna_seq.augmented_star_gene_counts.tsv	e3111d8fa1cff8dd9823745394660020	4229964	Data Release 46.0 - August 10, 2026	2026-09-11	released	122a0dd1445b2664b1b40b7df7b0e2240183d712	2022-04-21T09:23:10.790602-05:00	2024-07-29T22:59:45.021313-05:00	TRUE	4229964	2026-08-17	e3111d8fa1cff8dd9823745394660020	TRUE	34871414	TRUE		TRUE	TRUE
CPTAC-3	validation	C3L-01681	C3L-01681-01	Primary Tumor	ea105ffc-429b-41cb-ae2d-1db9ca8e2a87	b53cf31b-233a-487c-bd9e-9367318a8808.rna_seq.augmented_star_gene_counts.tsv	40d7d177963ab87dd4249b1d8e59f3bb	4229989	Data Release 46.0 - August 10, 2026	2026-09-11	released	122a0dd1445b2664b1b40b7df7b0e2240183d712	2022-04-04T18:30:19.934866-05:00	2024-07-29T22:57:56.216095-05:00	TRUE	4229989	2026-08-17	40d7d177963ab87dd4249b1d8e59f3bb	TRUE	31481801	TRUE		TRUE	TRUE
CPTAC-3	validation	C3L-01836	C3L-01836-03	Primary Tumor	bb335fe9-aa95-458d-b3aa-b6873ca3c9e0	4fd7887c-54b6-481a-9bb9-17bf56835b93.rna_seq.augmented_star_gene_counts.tsv	82458793fba999982dd8359c55254739	4238223	Data Release 46.0 - August 10, 2026	2026-09-11	released	122a0dd1445b2664b1b40b7df7b0e2240183d712	2022-01-06T09:09:39.944405-06:00	2024-07-30T22:03:50.551487-05:00	TRUE	4238223	2026-08-17	82458793fba999982dd8359c55254739	TRUE	45287036	TRUE		TRUE	TRUE
CPTAC-3	validation	C3L-01861	C3L-01861-02	Primary Tumor	19d19ec9-0969-4304-8b3c-38002bc728e3	4eb1cfb2-4ca0-42ee-87c1-c978517fa3d5.rna_seq.augmented_star_gene_counts.tsv	240c55f6207c7c8ebd21e21b3a0784ed	4233971	Data Release 46.0 - August 10, 2026	2026-09-11	released	122a0dd1445b2664b1b40b7df7b0e2240183d712	2022-01-06T09:14:03.146192-06:00	2024-07-30T22:00:56.525248-05:00	TRUE	4233971	2026-08-17	240c55f6207c7c8ebd21e21b3a0784ed	TRUE	39020643	TRUE		TRUE	TRUE
CPTAC-3	validation	C3L-01869	C3L-01869-02	Primary Tumor	9bb00aa3-6f65-4fef-afac-f97c201758bb	577fd46f-8f6d-4717-bace-f14f7bebb807.rna_seq.augmented_star_gene_counts.tsv	d15f85f05eaed2faafa31bc3d6eb1354	4228977	Data Release 46.0 - August 10, 2026	2026-09-11	released	122a0dd1445b2664b1b40b7df7b0e2240183d712	2022-04-04T18:43:30.316288-05:00	2024-07-29T22:57:17.717240-05:00	TRUE	4228977	2026-08-17	d15f85f05eaed2faafa31bc3d6eb1354	TRUE	34122798	TRUE		TRUE	TRUE
CPTAC-3	validation	C3L-01882	C3L-01882-01	Primary Tumor	66d25217-cf4d-42e4-aaf6-a90fe82d6c56	8f5f86b0-15ca-47ff-98ca-55935ebc8395.rna_seq.augmented_star_gene_counts.tsv	c716a988c9c123fb780690bba585383d	4234355	Data Release 46.0 - August 10, 2026	2026-09-11	released	122a0dd1445b2664b1b40b7df7b0e2240183d712	2022-01-06T09:14:25.483268-06:00	2024-07-30T21:59:47.234427-05:00	TRUE	4234355	2026-08-17	c716a988c9c123fb780690bba585383d	TRUE	34373808	TRUE		TRUE	TRUE
CPTAC-3	validation	C3L-01885	C3L-01885-03	Primary Tumor	04e474d6-06df-4bee-8e24-d2b82c623047	9695a2fd-3ce1-4fbf-924c-267664f14745.rna_seq.augmented_star_gene_counts.tsv	1c54674094489a9d35b9f35c4c432470	4230688	Data Release 46.0 - August 10, 2026	2026-09-11	released	122a0dd1445b2664b1b40b7df7b0e2240183d712	2022-01-06T09:18:40.166792-06:00	2024-07-30T21:45:07.389433-05:00	TRUE	4230688	2026-08-17	1c54674094489a9d35b9f35c4c432470	TRUE	34462320	TRUE		TRUE	TRUE
CPTAC-3	validation	C3L-01929	C3L-01929-01	Primary Tumor	dc63b655-9319-4954-a911-bd1bbd229d79	2fc7f327-e498-4857-ab29-1849fe15c00d.rna_seq.augmented_star_gene_counts.tsv	d2e258f57725d0d452479080a022cb5f	4237094	Data Release 46.0 - August 10, 2026	2026-09-11	released	122a0dd1445b2664b1b40b7df7b0e2240183d712	2022-04-04T19:21:47.916337-05:00	2024-07-29T22:58:21.390591-05:00	TRUE	4237094	2026-08-17	d2e258f57725d0d452479080a022cb5f	TRUE	39440087	TRUE		TRUE	TRUE
CPTAC-3	validation	C3L-01951	C3L-01951-01	Primary Tumor	19f5f041-3828-44b4-8e82-465bd769390e	53e188de-369c-4f71-8657-1c96dc9a62e8.rna_seq.augmented_star_gene_counts.tsv	2cd11572ad70e3ed0ef1acf721d131ff	4239158	Data Release 46.0 - August 10, 2026	2026-09-11	released	122a0dd1445b2664b1b40b7df7b0e2240183d712	2022-04-04T19:20:52.539561-05:00	2024-07-29T22:59:04.113690-05:00	TRUE	4239158	2026-08-17	2cd11572ad70e3ed0ef1acf721d131ff	TRUE	41435839	TRUE		TRUE	TRUE
CPTAC-3	validation	C3L-01952	C3L-01952-01	Primary Tumor	8a722662-2f93-4571-91c4-20aba26275c4	70b3ad60-3b09-4e4c-adda-c5ad2c0807d7.rna_seq.augmented_star_gene_counts.tsv	afab348bb95dfac19cb7b23daf848a0a	4243496	Data Release 46.0 - August 10, 2026	2026-09-11	released	122a0dd1445b2664b1b40b7df7b0e2240183d712	2022-04-04T19:22:26.047351-05:00	2024-07-29T22:57:24.603999-05:00	TRUE	4243496	2026-08-17	afab348bb95dfac19cb7b23daf848a0a	TRUE	45154493	TRUE		TRUE	TRUE
CPTAC-3	validation	C3L-01954	C3L-01954-01	Primary Tumor	5427d9e9-33e2-436c-b1d4-4b83fad1e8a6	f09c265a-f12c-4504-a39a-9da2bd26107a.rna_seq.augmented_star_gene_counts.tsv	04637ad091a73711a8cc829f18cb2e0d	4233928	Data Release 46.0 - August 10, 2026	2026-09-11	released	122a0dd1445b2664b1b40b7df7b0e2240183d712	2022-04-21T05:14:05.951297-05:00	2024-07-29T22:58:39.075077-05:00	TRUE	4233928	2026-08-17	04637ad091a73711a8cc829f18cb2e0d	TRUE	38043954	TRUE		TRUE	TRUE
CPTAC-3	validation	C3L-01958	C3L-01958-01	Primary Tumor	2d0e251f-f45d-4638-a72f-d018bfcfe804	9b68d5d8-0a58-4c12-8a98-5a384c6be7b0.rna_seq.augmented_star_gene_counts.tsv	56d1d50d3fd68b4d062ad94d6f10ed2f	4239220	Data Release 46.0 - August 10, 2026	2026-09-11	released	5d8c131bbff59fb0c969217fc1d44e6d1503cd1f	2022-04-04T19:03:44.521952-05:00	2024-07-29T22:59:31.943538-05:00	TRUE	4239220	2026-08-17	56d1d50d3fd68b4d062ad94d6f10ed2f	TRUE	39534495	TRUE		TRUE	TRUE
CPTAC-3	validation	C3L-01963	C3L-01963-01	Primary Tumor	f7c9f7ed-c32b-48ff-b684-5797c3d64982	204846d9-d821-4401-a841-5953afc54336.rna_seq.augmented_star_gene_counts.tsv	ace2ec33b6201ba66e9a15076ffb751d	4235641	Data Release 46.0 - August 10, 2026	2026-09-11	released	122a0dd1445b2664b1b40b7df7b0e2240183d712	2022-04-04T19:39:24.027784-05:00	2024-07-29T22:57:25.849495-05:00	TRUE	4235641	2026-08-17	ace2ec33b6201ba66e9a15076ffb751d	TRUE	34210770	TRUE		TRUE	TRUE
CPTAC-3	validation	C3L-01976	C3L-01976-01	Primary Tumor	267de5a5-42e9-4a48-9f50-bb5ebdd2d30f	d65fca38-6aaa-4b20-8d58-13ebe89c2831.rna_seq.augmented_star_gene_counts.tsv	8d069cb5e9bd142a0605bd75bb0f3272	4232952	Data Release 46.0 - August 10, 2026	2026-09-11	released	5d8c131bbff59fb0c969217fc1d44e6d1503cd1f	2022-04-21T05:22:04.972597-05:00	2024-07-29T22:57:07.675578-05:00	TRUE	4232952	2026-08-17	8d069cb5e9bd142a0605bd75bb0f3272	TRUE	34171857	TRUE		TRUE	TRUE
CPTAC-3	validation	C3L-01978	C3L-01978-03	Primary Tumor	6a911d44-934b-4803-bb14-7ce35def1a44	b1d1f015-1847-49eb-8f18-87d379580056.rna_seq.augmented_star_gene_counts.tsv	2dee4d3b9ad70d21e8c381d24118d44a	4239069	Data Release 46.0 - August 10, 2026	2026-09-11	released	122a0dd1445b2664b1b40b7df7b0e2240183d712	2022-04-04T19:39:45.115474-05:00	2024-07-29T23:00:05.878923-05:00	TRUE	4239069	2026-08-17	2dee4d3b9ad70d21e8c381d24118d44a	TRUE	35589324	TRUE		TRUE	TRUE
CPTAC-3	validation	C3L-02175	C3L-02175-01	Primary Tumor	bef73958-ffdb-44cf-aac2-e3270ab4e982	04841038-f7ec-448e-8962-31df32dda3fc.rna_seq.augmented_star_gene_counts.tsv	6558cc1d047bbfe157205f7d855b2a9c	4241775	Data Release 46.0 - August 10, 2026	2026-09-11	released	122a0dd1445b2664b1b40b7df7b0e2240183d712	2022-04-04T19:04:16.541138-05:00	2024-07-29T22:58:25.174274-05:00	TRUE	4241775	2026-08-17	6558cc1d047bbfe157205f7d855b2a9c	TRUE	37757631	TRUE		TRUE	TRUE
CPTAC-3	validation	C3L-02176	C3L-02176-01	Primary Tumor	c3ef2c55-df84-4b45-a120-a1f00d526323	b081245e-3e29-42d5-8499-a0107a01341f.rna_seq.augmented_star_gene_counts.tsv	c492a892f6ae9c27b7686b9d5255f80d	4227665	Data Release 46.0 - August 10, 2026	2026-09-11	released	122a0dd1445b2664b1b40b7df7b0e2240183d712	2022-04-21T09:13:49.538236-05:00	2024-07-29T22:59:07.688316-05:00	TRUE	4227665	2026-08-17	c492a892f6ae9c27b7686b9d5255f80d	TRUE	32214215	TRUE		TRUE	TRUE
CPTAC-3	validation	C3L-02177	C3L-02177-01	Primary Tumor	d81b2835-0514-41ae-bb63-d8e50bacdad4	da520d66-6f9e-4732-a7fb-52bbb214bfaa.rna_seq.augmented_star_gene_counts.tsv	fb9e01c1681df7a94cdae335bb25d363	4233442	Data Release 46.0 - August 10, 2026	2026-09-11	released	122a0dd1445b2664b1b40b7df7b0e2240183d712	2022-04-04T18:49:37.421137-05:00	2024-07-29T22:58:26.507743-05:00	TRUE	4233442	2026-08-17	fb9e01c1681df7a94cdae335bb25d363	TRUE	33259706	TRUE		TRUE	TRUE
CPTAC-3	validation	C3L-02179	C3L-02179-01	Primary Tumor	d2e88435-c7d8-4da2-80a9-1ba95c6fba2a	adc24e6c-8a44-4cc0-86ae-9465e92fc24b.rna_seq.augmented_star_gene_counts.tsv	3d28f1addccb2aca4b24a5c1df782381	4232198	Data Release 46.0 - August 10, 2026	2026-09-11	released	122a0dd1445b2664b1b40b7df7b0e2240183d712	2022-04-04T18:50:08.069902-05:00	2024-07-30T00:48:53.840714-05:00	TRUE	4232198	2026-08-17	3d28f1addccb2aca4b24a5c1df782381	TRUE	42987115	TRUE		TRUE	TRUE
CPTAC-3	validation	C3L-02201	C3L-02201-01	Primary Tumor	bed8afff-fb06-44c7-be04-ad63da266ac8	0f095cd9-9ba3-44e4-87dd-7f0c91d2e5ef.rna_seq.augmented_star_gene_counts.tsv	1f84871cf8b50e4d9bd246914adbf526	4237368	Data Release 46.0 - August 10, 2026	2026-09-11	released	122a0dd1445b2664b1b40b7df7b0e2240183d712	2022-04-04T19:28:55.580667-05:00	2024-07-29T22:59:19.284854-05:00	TRUE	4237368	2026-08-17	1f84871cf8b50e4d9bd246914adbf526	TRUE	40768883	TRUE		TRUE	TRUE
CPTAC-3	validation	C3L-02202	C3L-02202-01	Primary Tumor	5c1828f9-e8e5-4cfc-b658-e47285b95893	814ac784-8b32-49bf-a89b-ac365d3401f4.rna_seq.augmented_star_gene_counts.tsv	769c618913b67fb651cad32caa80646f	4227768	Data Release 46.0 - August 10, 2026	2026-09-11	released	122a0dd1445b2664b1b40b7df7b0e2240183d712	2022-04-04T19:16:47.903002-05:00	2024-07-29T23:00:23.097654-05:00	TRUE	4227768	2026-08-17	769c618913b67fb651cad32caa80646f	TRUE	29206812	TRUE		TRUE	TRUE
CPTAC-3	validation	C3L-02208	C3L-02208-01	Primary Tumor	7e18375d-db37-4c33-8bcb-13fee5cb3614	1f725523-f797-4531-9ac2-69a42b5dc243.rna_seq.augmented_star_gene_counts.tsv	4fd0585114c308346163fb8cbac22824	4229971	Data Release 46.0 - August 10, 2026	2026-09-11	released	5d8c131bbff59fb0c969217fc1d44e6d1503cd1f	2022-04-04T19:37:04.041404-05:00	2024-07-29T22:59:54.411819-05:00	TRUE	4229971	2026-08-17	4fd0585114c308346163fb8cbac22824	TRUE	34573017	TRUE		TRUE	TRUE
CPTAC-3	validation	C3L-02211	C3L-02211-01	Primary Tumor	d5c2ed6c-908d-47d0-89b4-d1c259dc87d3	acf4260f-027b-4453-8d68-381f168197e6.rna_seq.augmented_star_gene_counts.tsv	92d586a51386b52607ad4bbcff8b4014	4238242	Data Release 46.0 - August 10, 2026	2026-09-11	released	122a0dd1445b2664b1b40b7df7b0e2240183d712	2022-04-04T19:08:25.916902-05:00	2024-07-29T23:00:28.364079-05:00	TRUE	4238242	2026-08-17	92d586a51386b52607ad4bbcff8b4014	TRUE	34573161	TRUE		TRUE	TRUE
CPTAC-3	validation	C3L-02214	C3L-02214-01	Primary Tumor	ea2fc5c7-ee6e-465e-a11d-415fb4cf76e4	dbbc4ea9-cb57-481a-84c7-43fab150348a.rna_seq.augmented_star_gene_counts.tsv	1fd99b314914e6eeda1f48899125993a	4237088	Data Release 46.0 - August 10, 2026	2026-09-11	released	122a0dd1445b2664b1b40b7df7b0e2240183d712	2022-04-21T08:41:30.229022-05:00	2024-07-29T23:00:32.260789-05:00	TRUE	4237088	2026-08-17	1fd99b314914e6eeda1f48899125993a	TRUE	33369123	TRUE		TRUE	TRUE
CPTAC-3	validation	C3L-02220	C3L-02220-01	Primary Tumor	36975150-8161-4eed-908c-ef80129dccd2	3fb71aeb-a66e-4b97-a09b-ca87673f4b36.rna_seq.augmented_star_gene_counts.tsv	6ba75a27a9e6819316efa27f5369343b	4233830	Data Release 46.0 - August 10, 2026	2026-09-11	released	5d8c131bbff59fb0c969217fc1d44e6d1503cd1f	2022-04-04T19:37:08.731128-05:00	2024-07-29T23:00:47.866266-05:00	TRUE	4233830	2026-08-17	6ba75a27a9e6819316efa27f5369343b	TRUE	37179918	TRUE		TRUE	TRUE
CPTAC-3	validation	C3L-02346	C3L-02346-01	Primary Tumor	3e0cd15b-ede7-4f05-9e58-014887e6d749	385fc666-f68c-4f98-9828-c43e51043960.rna_seq.augmented_star_gene_counts.tsv	4223e34c716c66ea852f65705a6d4172	4237662	Data Release 46.0 - August 10, 2026	2026-09-11	released	122a0dd1445b2664b1b40b7df7b0e2240183d712	2022-04-21T08:15:33.607459-05:00	2024-07-29T23:01:03.971624-05:00	TRUE	4237662	2026-08-17	4223e34c716c66ea852f65705a6d4172	TRUE	39590018	TRUE		TRUE	TRUE
CPTAC-3	validation	C3L-02352	C3L-02352-01	Primary Tumor	fbe42ec1-268a-4f1f-99bf-201e3b2627c8	58f83d1a-0c0c-45e1-ab80-a34d34efb670.rna_seq.augmented_star_gene_counts.tsv	b7ce889dcf7ae65e60c8332eef45e3d9	4236225	Data Release 46.0 - August 10, 2026	2026-09-11	released	122a0dd1445b2664b1b40b7df7b0e2240183d712	2022-04-21T08:41:48.140686-05:00	2024-07-29T22:59:39.929329-05:00	TRUE	4236225	2026-08-17	b7ce889dcf7ae65e60c8332eef45e3d9	TRUE	43254789	TRUE		TRUE	TRUE
CPTAC-3	validation	C3L-02364	C3L-02364-01	Primary Tumor	73d2aa85-4f0c-49fc-9fac-6dadf8fa44e5	c20387e2-dfe7-4a88-b6fa-6ceba117b65d.rna_seq.augmented_star_gene_counts.tsv	3b7a04fb16602189e84833dd60e88bae	4237471	Data Release 46.0 - August 10, 2026	2026-09-11	released	5d8c131bbff59fb0c969217fc1d44e6d1503cd1f	2022-04-04T18:40:27.085856-05:00	2024-07-29T23:00:53.988716-05:00	TRUE	4237471	2026-08-17	3b7a04fb16602189e84833dd60e88bae	TRUE	31654821	TRUE		TRUE	TRUE
CPTAC-3	validation	C3L-02544	C3L-02544-01	Primary Tumor	76c00805-e9b1-4d90-b7d0-7d2cc6d37182	084c4ff3-b809-4f62-921c-708895cd0859.rna_seq.augmented_star_gene_counts.tsv	9efd01a2bc9665bbb1e31a582096f1fc	4228881	Data Release 46.0 - August 10, 2026	2026-09-11	released	122a0dd1445b2664b1b40b7df7b0e2240183d712	2022-04-04T19:12:06.301736-05:00	2024-07-29T23:00:36.213896-05:00	TRUE	4228881	2026-08-17	9efd01a2bc9665bbb1e31a582096f1fc	TRUE	33672607	TRUE		TRUE	TRUE
CPTAC-3	validation	C3L-02551	C3L-02551-01	Primary Tumor	033b8625-aa68-45ed-aa4d-ca174b4906ec	fddf7311-f39a-4be5-a2d7-ec67489594f3.rna_seq.augmented_star_gene_counts.tsv	1687bc0b2cf980cf776699e8a9381cd2	4233655	Data Release 46.0 - August 10, 2026	2026-09-11	released	122a0dd1445b2664b1b40b7df7b0e2240183d712	2022-04-21T09:25:03.239957-05:00	2024-07-29T23:01:00.237484-05:00	TRUE	4233655	2026-08-17	1687bc0b2cf980cf776699e8a9381cd2	TRUE	35187242	TRUE		TRUE	TRUE
CPTAC-3	validation	C3L-02553	C3L-02553-01	Primary Tumor	e4341802-ceda-4972-a4dd-a087e270d7cf	b82f8174-6c18-452c-ac63-f021e7c71406.rna_seq.augmented_star_gene_counts.tsv	df6d52e5f06849ddc982e8bf6efc042f	4232152	Data Release 46.0 - August 10, 2026	2026-09-11	released	122a0dd1445b2664b1b40b7df7b0e2240183d712	2022-04-04T19:33:27.486668-05:00	2024-07-29T23:01:21.976036-05:00	TRUE	4232152	2026-08-17	df6d52e5f06849ddc982e8bf6efc042f	TRUE	39619920	TRUE		TRUE	TRUE
CPTAC-3	validation	C3L-02556	C3L-02556-02	Primary Tumor	6af0587b-b00d-4446-acba-c1ae55dbc588	5eeb6861-776f-42e3-beea-e3a2d34d7af8.rna_seq.augmented_star_gene_counts.tsv	d8e79a21e02be63b475b805468a40b57	4230663	Data Release 46.0 - August 10, 2026	2026-09-11	released	122a0dd1445b2664b1b40b7df7b0e2240183d712	2022-04-04T18:56:07.011656-05:00	2024-07-29T23:00:41.385675-05:00	TRUE	4230663	2026-08-17	d8e79a21e02be63b475b805468a40b57	TRUE	35230096	TRUE		TRUE	TRUE
CPTAC-3	validation	C3L-02841	C3L-02841-01	Primary Tumor	21514d73-3686-42f4-ba8e-9d19d00728c4	6f78f97c-481b-4d4a-996d-c680fc3cb3a8.rna_seq.augmented_star_gene_counts.tsv	6e60c4bc82bddaf4ed33d9fcb638bbba	4228122	Data Release 46.0 - August 10, 2026	2026-09-11	released	122a0dd1445b2664b1b40b7df7b0e2240183d712	2022-04-04T19:28:03.695199-05:00	2024-07-29T22:58:06.383083-05:00	TRUE	4228122	2026-08-17	6e60c4bc82bddaf4ed33d9fcb638bbba	TRUE	36982331	TRUE		TRUE	TRUE
CPTAC-3	validation	C3L-02842	C3L-02842-01	Primary Tumor	a9d7de60-9ca7-492c-8e11-bca4f86f633f	c17a88a0-d853-4bcc-8a54-b0e51ba08329.rna_seq.augmented_star_gene_counts.tsv	71c58a08288d9cd11d59f80bc68fc2bc	4232398	Data Release 46.0 - August 10, 2026	2026-09-11	released	122a0dd1445b2664b1b40b7df7b0e2240183d712	2022-04-04T19:17:23.877509-05:00	2024-07-29T23:00:45.271555-05:00	TRUE	4232398	2026-08-17	71c58a08288d9cd11d59f80bc68fc2bc	TRUE	37362694	TRUE		TRUE	TRUE
CPTAC-3	validation	C3L-02856	C3L-02856-01	Primary Tumor	d16e9562-f0be-4009-9bc2-d250ebd81e9c	838e2ddb-2f7e-4c6c-89fb-a014504ffb46.rna_seq.augmented_star_gene_counts.tsv	8d549a698a3c5efa27d4a115b88bc852	4227388	Data Release 46.0 - August 10, 2026	2026-09-11	released	122a0dd1445b2664b1b40b7df7b0e2240183d712	2022-04-04T19:37:41.653118-05:00	2024-07-29T23:01:55.378160-05:00	TRUE	4227388	2026-08-17	8d549a698a3c5efa27d4a115b88bc852	TRUE	33789718	TRUE		TRUE	TRUE
CPTAC-3	validation	C3L-02857	C3L-02857-01	Primary Tumor	16ced1bc-0f36-4cff-b53b-05d54a4393be	3a70b39c-65bb-4c3a-a24a-1b02f8f56142.rna_seq.augmented_star_gene_counts.tsv	324c7827824e9334fa0f30b3671d9aab	4234442	Data Release 46.0 - August 10, 2026	2026-09-11	released	122a0dd1445b2664b1b40b7df7b0e2240183d712	2022-04-21T07:42:26.870397-05:00	2024-07-29T23:02:24.380472-05:00	TRUE	4234442	2026-08-17	324c7827824e9334fa0f30b3671d9aab	TRUE	40405578	TRUE		TRUE	TRUE
CPTAC-3	validation	C3N-00168	C3N-00168-01	Primary Tumor	7c1e7768-456a-424e-bfe0-9ddba6117e88	14d49ed3-43aa-4816-9556-8a9fb6199abb.rna_seq.augmented_star_gene_counts.tsv	7caa12011e3a1160e1fd1ae6aba1d2f2	4244542	Data Release 46.0 - August 10, 2026	2026-09-11	released	122a0dd1445b2664b1b40b7df7b0e2240183d712	2022-01-06T09:15:57.220659-06:00	2024-07-30T21:49:17.921879-05:00	TRUE	4244542	2026-08-17	7caa12011e3a1160e1fd1ae6aba1d2f2	TRUE	43439113	TRUE		TRUE	TRUE
CPTAC-3	validation	C3N-00177	C3N-00177-03	Primary Tumor	04377025-2149-426e-afe1-0c5d99971cee	be916353-6343-4854-a34d-9fdce62bab9d.rna_seq.augmented_star_gene_counts.tsv	e8d25ed1d8e2de605c7c0479a52fb728	4240971	Data Release 46.0 - August 10, 2026	2026-09-11	released	122a0dd1445b2664b1b40b7df7b0e2240183d712	2022-01-06T09:39:41.348085-06:00	2024-07-30T21:50:05.744575-05:00	TRUE	4240971	2026-08-17	e8d25ed1d8e2de605c7c0479a52fb728	TRUE	43625979	TRUE		TRUE	TRUE
CPTAC-3	validation	C3N-00194	C3N-00194-02	Primary Tumor	af711817-c9df-4b3c-b4aa-cde58de8eba4	b4c96abe-0460-4931-a999-d48312330368.rna_seq.augmented_star_gene_counts.tsv	ab941a4aea072b27e6aeec7662e9a2b2	4239713	Data Release 46.0 - August 10, 2026	2026-09-11	released	122a0dd1445b2664b1b40b7df7b0e2240183d712	2022-01-06T09:43:50.452177-06:00	2024-07-30T21:47:26.993039-05:00	TRUE	4239713	2026-08-17	ab941a4aea072b27e6aeec7662e9a2b2	TRUE	40309803	TRUE		TRUE	TRUE
CPTAC-3	validation	C3N-00242	C3N-00242-01	Primary Tumor	c0991fe6-062f-4f42-83e9-67189bb0573a	a9d508c9-2b4d-47a6-8118-7a6480d6d542.rna_seq.augmented_star_gene_counts.tsv	67974aacd58996eb49be2b6db5ad6808	4228287	Data Release 46.0 - August 10, 2026	2026-09-11	released	122a0dd1445b2664b1b40b7df7b0e2240183d712	2022-01-06T09:48:01.670977-06:00	2024-07-30T21:57:38.828208-05:00	TRUE	4228287	2026-08-17	67974aacd58996eb49be2b6db5ad6808	TRUE	34325188	TRUE		TRUE	TRUE
CPTAC-3	validation	C3N-00244	C3N-00244-03	Primary Tumor	37a3a69b-0c2d-4f4f-96c4-5fe22b8bf4e5	c6a6e2f1-ab7b-4260-939d-260a81a1ef86.rna_seq.augmented_star_gene_counts.tsv	f6491b38c3741040cfdc63e95f1d1779	4230987	Data Release 46.0 - August 10, 2026	2026-09-11	released	122a0dd1445b2664b1b40b7df7b0e2240183d712	2022-01-06T08:48:10.575499-06:00	2024-07-30T21:57:19.144450-05:00	TRUE	4230987	2026-08-17	f6491b38c3741040cfdc63e95f1d1779	TRUE	37468061	TRUE		TRUE	TRUE
CPTAC-3	validation	C3N-00246	C3N-00246-03	Primary Tumor	8c954a93-e849-49e1-af63-8bdbaef073b5	cf759ef2-c637-4d4c-b352-458eab5158db.rna_seq.augmented_star_gene_counts.tsv	7c3088b62540ccec49f43b71faab2a4d	4240557	Data Release 46.0 - August 10, 2026	2026-09-11	released	5d8c131bbff59fb0c969217fc1d44e6d1503cd1f	2022-01-06T09:52:25.175470-06:00	2024-07-30T22:00:30.970146-05:00	TRUE	4240557	2026-08-17	7c3088b62540ccec49f43b71faab2a4d	TRUE	41853026	TRUE		TRUE	TRUE
CPTAC-3	validation	C3N-00305	C3N-00305-02	Primary Tumor	f515a1fc-0b36-4cd0-87b4-f6d6b5ea7925	0d21be5b-f794-46f6-9d4d-d6f1f7520d69.rna_seq.augmented_star_gene_counts.tsv	50d49acae1e18817a3fee80ed7f6304c	4236836	Data Release 46.0 - August 10, 2026	2026-09-11	released	122a0dd1445b2664b1b40b7df7b0e2240183d712	2022-01-06T09:06:37.751775-06:00	2024-07-30T21:59:07.990732-05:00	TRUE	4236836	2026-08-17	50d49acae1e18817a3fee80ed7f6304c	TRUE	37076626	TRUE		TRUE	TRUE
CPTAC-3	validation	C3N-00310	C3N-00310-04	Primary Tumor	1778c7ba-f830-442a-a0e1-459a6c046846	0a80df6c-58ff-4593-9d47-063c8571a8f3.rna_seq.augmented_star_gene_counts.tsv	b80e4a7ef188bef2cbcdb3a2c48df76f	4242377	Data Release 46.0 - August 10, 2026	2026-09-11	released	122a0dd1445b2664b1b40b7df7b0e2240183d712	2022-01-06T09:11:41.313846-06:00	2024-07-30T21:43:32.686329-05:00	TRUE	4242377	2026-08-17	b80e4a7ef188bef2cbcdb3a2c48df76f	TRUE	42337707	TRUE		TRUE	TRUE
CPTAC-3	validation	C3N-00312	C3N-00312-03	Primary Tumor	97d0eefd-44be-4d58-892a-74e361a09eb4	f77bd109-d37e-4c0d-ace8-dd82b5732dec.rna_seq.augmented_star_gene_counts.tsv	2a46256758823637637d526b09658fd2	4243011	Data Release 46.0 - August 10, 2026	2026-09-11	released	122a0dd1445b2664b1b40b7df7b0e2240183d712	2022-01-06T09:51:23.614285-06:00	2024-07-30T21:41:43.050425-05:00	TRUE	4243011	2026-08-17	2a46256758823637637d526b09658fd2	TRUE	42745673	TRUE		TRUE	TRUE
CPTAC-3	validation	C3N-00313	C3N-00313-03	Primary Tumor	12e192f0-1c95-41fd-82cd-11c91be7afd0	6b8bc62b-c2a0-43b0-89de-b486a59da841.rna_seq.augmented_star_gene_counts.tsv	efc002e15f09cd676e9d6df0c419ff44	4227463	Data Release 46.0 - August 10, 2026	2026-09-11	released	122a0dd1445b2664b1b40b7df7b0e2240183d712	2022-01-06T09:17:18.075160-06:00	2024-07-30T21:43:02.199983-05:00	TRUE	4227463	2026-08-17	efc002e15f09cd676e9d6df0c419ff44	TRUE	32035515	TRUE		TRUE	TRUE
CPTAC-3	validation	C3N-00314	C3N-00314-01	Primary Tumor	663b2cae-6d8a-42ba-8300-eda51d3877bf	18861a47-e6bf-4ff3-993b-f38d0e176737.rna_seq.augmented_star_gene_counts.tsv	5d0ffcc0b67530609ba18ea99858affd	4243298	Data Release 46.0 - August 10, 2026	2026-09-11	released	122a0dd1445b2664b1b40b7df7b0e2240183d712	2022-01-06T09:41:21.900719-06:00	2024-07-30T22:04:50.574555-05:00	TRUE	4243298	2026-08-17	5d0ffcc0b67530609ba18ea99858affd	TRUE	38178658	TRUE		TRUE	TRUE
CPTAC-3	validation	C3N-00315	C3N-00315-03	Primary Tumor	1c9dab07-5857-4e3a-9069-d2e13d10329f	ed0341d8-ee8e-4c97-aebc-acd6a8671f62.rna_seq.augmented_star_gene_counts.tsv	ac41bd3ecb708d80d27d0c3806b33e16	4236673	Data Release 46.0 - August 10, 2026	2026-09-11	released	122a0dd1445b2664b1b40b7df7b0e2240183d712	2022-01-06T09:16:12.715735-06:00	2024-07-30T21:51:58.239978-05:00	TRUE	4236673	2026-08-17	ac41bd3ecb708d80d27d0c3806b33e16	TRUE	45993972	TRUE		TRUE	TRUE
CPTAC-3	validation	C3N-00317	C3N-00317-02	Primary Tumor	1f02d75a-ff39-4984-bb49-62379969c77f	e7530ba4-3784-4bd7-92ba-4e58b397cff0.rna_seq.augmented_star_gene_counts.tsv	697dde888d6a533a4a838bfa4534abba	4237737	Data Release 46.0 - August 10, 2026	2026-09-11	released	122a0dd1445b2664b1b40b7df7b0e2240183d712	2022-01-06T09:43:56.496461-06:00	2024-07-30T21:49:31.129598-05:00	TRUE	4237737	2026-08-17	697dde888d6a533a4a838bfa4534abba	TRUE	43557510	TRUE		TRUE	TRUE
CPTAC-3	validation	C3N-00320	C3N-00320-04	Primary Tumor	842891fd-f1e4-4baa-9e37-f84f715d48c8	d70abc66-1ad3-40d8-bfd2-093fd21f350b.rna_seq.augmented_star_gene_counts.tsv	8cb556c7f4e7ec946a58f83301b4518e	4238959	Data Release 46.0 - August 10, 2026	2026-09-11	released	122a0dd1445b2664b1b40b7df7b0e2240183d712	2022-01-06T08:52:28.305756-06:00	2024-07-30T22:06:17.361848-05:00	TRUE	4238959	2026-08-17	8cb556c7f4e7ec946a58f83301b4518e	TRUE	47040362	TRUE		TRUE	TRUE
CPTAC-3	validation	C3N-00380	C3N-00380-01	Primary Tumor	86fa315e-a54f-444c-825c-fb85ba21b843	6711aa71-ad63-4539-bd60-2870e152ab98.rna_seq.augmented_star_gene_counts.tsv	8d001233048ef4c47050ef72d5e0af3d	4237540	Data Release 46.0 - August 10, 2026	2026-09-11	released	5d8c131bbff59fb0c969217fc1d44e6d1503cd1f	2022-01-06T09:13:27.432158-06:00	2024-07-30T22:00:02.462199-05:00	TRUE	4237540	2026-08-17	8d001233048ef4c47050ef72d5e0af3d	TRUE	40022792	TRUE		TRUE	TRUE
CPTAC-3	validation	C3N-00390	C3N-00390-02	Primary Tumor	a4465b5f-c7bb-42d0-8b43-d4ffdcd570ea	e9a0a062-6501-4526-9834-014b091cc381.rna_seq.augmented_star_gene_counts.tsv	cfe7a2292cccb319df39eee4781d8713	4250016	Data Release 46.0 - August 10, 2026	2026-09-11	released	122a0dd1445b2664b1b40b7df7b0e2240183d712	2022-01-06T09:07:24.259910-06:00	2024-07-30T21:50:26.882364-05:00	TRUE	4250016	2026-08-17	cfe7a2292cccb319df39eee4781d8713	TRUE	57763836	TRUE		TRUE	TRUE
CPTAC-3	validation	C3N-00435	C3N-00435-05	Primary Tumor	71fa4faf-14d3-49b2-9847-812b26c33572	6cedd683-99dd-4659-9484-4d39d0d27238.rna_seq.augmented_star_gene_counts.tsv	745ed9e29e66ad03fea2cd6ec8f20855	4262752	Data Release 46.0 - August 10, 2026	2026-09-11	released	122a0dd1445b2664b1b40b7df7b0e2240183d712	2022-01-06T09:04:44.140578-06:00	2024-07-30T21:55:50.173684-05:00	TRUE	4262752	2026-08-17	745ed9e29e66ad03fea2cd6ec8f20855	TRUE	69205235	TRUE		TRUE	TRUE
CPTAC-3	validation	C3N-00437	C3N-00437-02	Primary Tumor	070d8faa-9c6e-4a68-bc6b-e6333941232a	2c2a734b-33a2-499f-b364-ae77fca5abcc.rna_seq.augmented_star_gene_counts.tsv	4489f7a010d8b9e734282c063205fc3e	4240760	Data Release 46.0 - August 10, 2026	2026-09-11	released	5d8c131bbff59fb0c969217fc1d44e6d1503cd1f	2022-01-06T09:20:48.147323-06:00	2024-07-30T22:05:23.510746-05:00	TRUE	4240760	2026-08-17	4489f7a010d8b9e734282c063205fc3e	TRUE	48459463	TRUE		TRUE	TRUE
CPTAC-3	validation	C3N-00491	C3N-00491-05	Primary Tumor	a86e8453-08b7-4772-aaf4-01d2e8f40da4	d3f2edfb-2fa6-4604-acdd-7a033f950602.rna_seq.augmented_star_gene_counts.tsv	9065031db55c9a43d9ce42ac56695b8c	4230186	Data Release 46.0 - August 10, 2026	2026-09-11	released	5d8c131bbff59fb0c969217fc1d44e6d1503cd1f	2022-01-06T09:12:55.696542-06:00	2024-07-30T21:46:01.197958-05:00	TRUE	4230186	2026-08-17	9065031db55c9a43d9ce42ac56695b8c	TRUE	31706913	TRUE		TRUE	TRUE
CPTAC-3	validation	C3N-00492	C3N-00492-04	Primary Tumor	539dcb18-31d3-496a-9da5-41a65f434d75	1d7cb70a-6888-4355-a5a7-9aa27e2def6a.rna_seq.augmented_star_gene_counts.tsv	77c276468c4571b25e3bd97259ed051f	4237342	Data Release 46.0 - August 10, 2026	2026-09-11	released	122a0dd1445b2664b1b40b7df7b0e2240183d712	2022-01-06T09:38:10.252070-06:00	2024-07-30T21:47:12.226189-05:00	TRUE	4237342	2026-08-17	77c276468c4571b25e3bd97259ed051f	TRUE	34134914	TRUE		TRUE	TRUE
CPTAC-3	validation	C3N-00494	C3N-00494-01	Primary Tumor	96489043-4e62-4c15-a41b-3874a2fda117	a15f5b73-d0bc-40f0-8018-22bec5614bc4.rna_seq.augmented_star_gene_counts.tsv	ac373c76f4a025f7f05390f400190322	4240570	Data Release 46.0 - August 10, 2026	2026-09-11	released	122a0dd1445b2664b1b40b7df7b0e2240183d712	2022-01-06T09:08:10.943908-06:00	2024-07-30T21:54:57.948283-05:00	TRUE	4240570	2026-08-17	ac373c76f4a025f7f05390f400190322	TRUE	47273964	TRUE		TRUE	TRUE
CPTAC-3	validation	C3N-00495	C3N-00495-01	Primary Tumor	bbb108c0-c962-4ae6-b510-c4bdcedcc47c	8338e830-8795-4e7c-aa8e-e1e1dfc59fa0.rna_seq.augmented_star_gene_counts.tsv	160420648931a20da002e194ae44063c	4242283	Data Release 46.0 - August 10, 2026	2026-09-11	released	5d8c131bbff59fb0c969217fc1d44e6d1503cd1f	2022-01-06T09:00:03.336817-06:00	2024-07-30T21:56:11.961353-05:00	TRUE	4242283	2026-08-17	160420648931a20da002e194ae44063c	TRUE	45760193	TRUE		TRUE	TRUE
CPTAC-3	validation	C3N-00573	C3N-00573-02	Primary Tumor	e4781ea5-7964-42e9-a9ba-a98bfe467611	3e08df7c-f993-404b-a3c7-9f18a46520d8.rna_seq.augmented_star_gene_counts.tsv	3c03ab8c033fe114151dda5f9a646547	4239976	Data Release 46.0 - August 10, 2026	2026-09-11	released	122a0dd1445b2664b1b40b7df7b0e2240183d712	2022-01-06T09:47:51.793250-06:00	2024-07-30T21:59:54.778522-05:00	TRUE	4239976	2026-08-17	3c03ab8c033fe114151dda5f9a646547	TRUE	44992218	TRUE		TRUE	TRUE
CPTAC-3	validation	C3N-00577	C3N-00577-01	Primary Tumor	3dc452dd-f092-47cc-be52-53148a6f8815	8e0d8c49-d781-4178-a990-1087284a79a6.rna_seq.augmented_star_gene_counts.tsv	42dc4118c98991cf8bd4000812ed02cc	4238807	Data Release 46.0 - August 10, 2026	2026-09-11	released	5d8c131bbff59fb0c969217fc1d44e6d1503cd1f	2022-01-06T08:59:26.289419-06:00	2024-07-30T21:49:11.824109-05:00	TRUE	4238807	2026-08-17	42dc4118c98991cf8bd4000812ed02cc	TRUE	56969453	TRUE		TRUE	TRUE
CPTAC-3	validation	C3N-00733	C3N-00733-02	Primary Tumor	f178c76a-8401-46ec-bbcd-5e4ce20199e7	507541db-1414-4942-b386-b0d2bc245bee.rna_seq.augmented_star_gene_counts.tsv	ff2f57478493ecdb59c2ac37ce9d35dc	4230152	Data Release 46.0 - August 10, 2026	2026-09-11	released	5d8c131bbff59fb0c969217fc1d44e6d1503cd1f	2022-01-06T09:06:08.318258-06:00	2024-07-30T22:00:51.461180-05:00	TRUE	4230152	2026-08-17	ff2f57478493ecdb59c2ac37ce9d35dc	TRUE	43905688	TRUE		TRUE	TRUE
CPTAC-3	validation	C3N-00831	C3N-00831-01	Primary Tumor	904c815f-5fab-46bd-8071-2b0e4468abc2	11776250-25fe-4fcb-8a52-6a0fe0cce4d8.rna_seq.augmented_star_gene_counts.tsv	39bbfdf994bdf046ec23ddebe5a68ccf	4245258	Data Release 46.0 - August 10, 2026	2026-09-11	released	122a0dd1445b2664b1b40b7df7b0e2240183d712	2022-01-06T09:12:12.340288-06:00	2024-07-30T21:50:11.618424-05:00	TRUE	4245258	2026-08-17	39bbfdf994bdf046ec23ddebe5a68ccf	TRUE	42137199	TRUE		TRUE	TRUE
CPTAC-3	validation	C3N-00832	C3N-00832-01	Primary Tumor	e1f1f23b-8a51-4331-9823-f3d3d574349a	b338b489-1752-49a4-b02d-81ddbdf1d831.rna_seq.augmented_star_gene_counts.tsv	7c4c206cdd0c5afec6dc7a3c7527ffb6	4232096	Data Release 46.0 - August 10, 2026	2026-09-11	released	122a0dd1445b2664b1b40b7df7b0e2240183d712	2022-01-06T09:01:12.674529-06:00	2024-07-30T21:54:14.214447-05:00	TRUE	4232096	2026-08-17	7c4c206cdd0c5afec6dc7a3c7527ffb6	TRUE	40384135	TRUE		TRUE	TRUE
CPTAC-3	validation	C3N-00834	C3N-00834-01	Primary Tumor	f2b939fa-4cf0-4493-9447-3383c66341b9	5c3db05a-cc9b-4009-9ffd-e61a8b08bccf.rna_seq.augmented_star_gene_counts.tsv	26ad26514ce21e0e672c2f2178ca8b4e	4230259	Data Release 46.0 - August 10, 2026	2026-09-11	released	122a0dd1445b2664b1b40b7df7b0e2240183d712	2022-01-06T08:47:46.553986-06:00	2024-07-30T21:59:38.616821-05:00	TRUE	4230259	2026-08-17	26ad26514ce21e0e672c2f2178ca8b4e	TRUE	43979138	TRUE		TRUE	TRUE
CPTAC-3	validation	C3N-00852	C3N-00852-03	Primary Tumor	aa56422c-57d7-49af-9f8a-bd004ddc08fd	46a26ecf-4fb4-44f9-a6a1-4ce8ef0b446d.rna_seq.augmented_star_gene_counts.tsv	e44426ec26de807b4e706b7deb081983	4232505	Data Release 46.0 - August 10, 2026	2026-09-11	released	5d8c131bbff59fb0c969217fc1d44e6d1503cd1f	2022-01-06T09:41:29.272439-06:00	2024-07-30T21:47:04.646038-05:00	TRUE	4232505	2026-08-17	e44426ec26de807b4e706b7deb081983	TRUE	44807707	TRUE		TRUE	TRUE
CPTAC-3	validation	C3N-00953	C3N-00953-02	Primary Tumor	32fde02f-b550-4680-a2d5-32153097ff21	94940054-193e-4c21-9256-b93d9b48634d.rna_seq.augmented_star_gene_counts.tsv	681056da134d0e73a3284aa153e94615	4244514	Data Release 46.0 - August 10, 2026	2026-09-11	released	122a0dd1445b2664b1b40b7df7b0e2240183d712	2022-01-06T09:42:27.994708-06:00	2024-07-30T21:48:39.335045-05:00	TRUE	4244514	2026-08-17	681056da134d0e73a3284aa153e94615	TRUE	46008611	TRUE		TRUE	TRUE
CPTAC-3	validation	C3N-01175	C3N-01175-01	Primary Tumor	40859892-ebc9-4268-a2a5-0421dc0a03fd	d4a3bdb3-48c8-4213-a46f-e8e6eadb47b4.rna_seq.augmented_star_gene_counts.tsv	0cb41e29e5939deacdf5f1caf2e7c610	4226470	Data Release 46.0 - August 10, 2026	2026-09-11	released	122a0dd1445b2664b1b40b7df7b0e2240183d712	2022-01-06T09:43:04.121255-06:00	2024-07-30T21:50:50.490953-05:00	TRUE	4226470	2026-08-17	0cb41e29e5939deacdf5f1caf2e7c610	TRUE	35066131	TRUE		TRUE	TRUE
CPTAC-3	validation	C3N-01176	C3N-01176-01	Primary Tumor	f42a7ccb-5460-4663-a0a6-848fc6edf6ef	088373d4-0ab2-4ccb-9f2b-ca207e4d2776.rna_seq.augmented_star_gene_counts.tsv	75007744b1ecb31eae43b21a02a79a93	4229669	Data Release 46.0 - August 10, 2026	2026-09-11	released	122a0dd1445b2664b1b40b7df7b0e2240183d712	2022-01-06T09:05:13.656604-06:00	2024-07-30T21:58:55.587422-05:00	TRUE	4229669	2026-08-17	75007744b1ecb31eae43b21a02a79a93	TRUE	37776647	TRUE		TRUE	TRUE
CPTAC-3	validation	C3N-01178	C3N-01178-02	Primary Tumor	87e47189-6b3d-4fbe-aa17-a6327158df90	d173182c-b462-476a-b1ce-eb208539c4b0.rna_seq.augmented_star_gene_counts.tsv	39027809d6f0cf7f2175a2ada1c1414b	4231636	Data Release 46.0 - August 10, 2026	2026-09-11	released	122a0dd1445b2664b1b40b7df7b0e2240183d712	2022-01-06T09:08:08.088074-06:00	2024-07-30T21:54:46.367940-05:00	TRUE	4231636	2026-08-17	39027809d6f0cf7f2175a2ada1c1414b	TRUE	36269630	TRUE		TRUE	TRUE
CPTAC-3	validation	C3N-01179	C3N-01179-01	Primary Tumor	7dd1e40d-bc90-43e3-8afc-3c8179e71a1b	f093ea86-510e-403e-8568-d0486f5ec824.rna_seq.augmented_star_gene_counts.tsv	effb0d496219c5d139147777094c9a88	4244105	Data Release 46.0 - August 10, 2026	2026-09-11	released	122a0dd1445b2664b1b40b7df7b0e2240183d712	2022-01-06T09:52:11.898207-06:00	2024-07-30T21:44:27.767154-05:00	TRUE	4244105	2026-08-17	effb0d496219c5d139147777094c9a88	TRUE	40109545	TRUE		TRUE	TRUE
CPTAC-3	validation	C3N-01180	C3N-01180-01	Primary Tumor	c280ff01-ba75-4354-9557-026338f255cb	1332bf19-4e07-4cdf-abc7-5359ba62a54d.rna_seq.augmented_star_gene_counts.tsv	7c0d6421c910b8b9908263df373a6e56	4227571	Data Release 46.0 - August 10, 2026	2026-09-11	released	122a0dd1445b2664b1b40b7df7b0e2240183d712	2022-01-06T09:53:27.752291-06:00	2024-07-30T21:44:37.441490-05:00	TRUE	4227571	2026-08-17	7c0d6421c910b8b9908263df373a6e56	TRUE	35117910	TRUE		TRUE	TRUE
CPTAC-3	validation	C3N-01200	C3N-01200-03	Primary Tumor	d12e199e-8471-4f60-8da2-2b479db61ab4	cda61860-2690-4f87-8844-3e90a18095f7.rna_seq.augmented_star_gene_counts.tsv	f589fc770e70e53c4cb5f4989c6ccbfb	4232810	Data Release 46.0 - August 10, 2026	2026-09-11	released	122a0dd1445b2664b1b40b7df7b0e2240183d712	2022-01-06T09:47:32.472999-06:00	2024-07-30T21:53:34.939697-05:00	TRUE	4232810	2026-08-17	f589fc770e70e53c4cb5f4989c6ccbfb	TRUE	45052859	TRUE		TRUE	TRUE
CPTAC-3	validation	C3N-01213	C3N-01213-01	Primary Tumor	a96ebd62-9502-4e53-ba2e-d3fd0b7d7fb6	df545bea-d992-4f6d-ab45-7e4288730f49.rna_seq.augmented_star_gene_counts.tsv	246de8c354a4ba862fec69faf72ae912	4239282	Data Release 46.0 - August 10, 2026	2026-09-11	released	122a0dd1445b2664b1b40b7df7b0e2240183d712	2022-01-06T09:00:34.099578-06:00	2024-07-30T21:46:20.950741-05:00	TRUE	4239282	2026-08-17	246de8c354a4ba862fec69faf72ae912	TRUE	34417000	TRUE		TRUE	TRUE
CPTAC-3	validation	C3N-01214	C3N-01214-02	Primary Tumor	21f64288-f296-4822-bbdb-d4eb627bd800	d67d86fe-8dd3-49c4-9c22-f8e681edb97d.rna_seq.augmented_star_gene_counts.tsv	247fead3c21a1ccad126c9cb06fee764	4234322	Data Release 46.0 - August 10, 2026	2026-09-11	released	122a0dd1445b2664b1b40b7df7b0e2240183d712	2022-01-06T09:05:06.520876-06:00	2024-07-30T21:48:07.594578-05:00	TRUE	4234322	2026-08-17	247fead3c21a1ccad126c9cb06fee764	TRUE	42546120	TRUE		TRUE	TRUE
CPTAC-3	validation	C3N-01220	C3N-01220-03	Primary Tumor	55814191-d0f3-42e5-99eb-51f180e16651	c23ac12a-a38e-44fc-984e-c9d717baf176.rna_seq.augmented_star_gene_counts.tsv	c0530d8288352366f9b5f7e953ea7fcd	4227628	Data Release 46.0 - August 10, 2026	2026-09-11	released	122a0dd1445b2664b1b40b7df7b0e2240183d712	2022-01-06T09:05:39.254609-06:00	2024-07-30T21:52:06.923543-05:00	TRUE	4227628	2026-08-17	c0530d8288352366f9b5f7e953ea7fcd	TRUE	40054997	TRUE		TRUE	TRUE
CPTAC-3	validation	C3N-01261	C3N-01261-01	Primary Tumor	9e71a1e8-2375-43ff-a3de-f44ca91af760	5e1c9d83-2000-491f-8540-7e7471bde617.rna_seq.augmented_star_gene_counts.tsv	545ad95de2ef33ad50e86e6a2f2658c4	4232239	Data Release 46.0 - August 10, 2026	2026-09-11	released	122a0dd1445b2664b1b40b7df7b0e2240183d712	2022-01-06T08:57:50.211712-06:00	2024-07-30T21:44:43.737606-05:00	TRUE	4232239	2026-08-17	545ad95de2ef33ad50e86e6a2f2658c4	TRUE	40646742	TRUE		TRUE	TRUE
CPTAC-3	validation	C3N-01361	C3N-01361-01	Primary Tumor	5b5cc4b1-90e1-4411-bc14-2ad13f2aa9da	699fa273-d966-46ef-9dc4-a5ee67608395.rna_seq.augmented_star_gene_counts.tsv	7adf6623916b4025f7fbcb9539b8dbf8	4239137	Data Release 46.0 - August 10, 2026	2026-09-11	released	5d8c131bbff59fb0c969217fc1d44e6d1503cd1f	2022-01-06T09:10:53.698340-06:00	2024-07-30T22:00:41.052392-05:00	TRUE	4239137	2026-08-17	7adf6623916b4025f7fbcb9539b8dbf8	TRUE	35271603	TRUE		TRUE	TRUE
CPTAC-3	validation	C3N-01522	C3N-01522-02	Primary Tumor	ef64b6ef-036e-44e3-b697-70233fde1f57	7c7e376c-3aaf-4a29-b93e-35310e08f5b4.rna_seq.augmented_star_gene_counts.tsv	b9cced805c9f543133f1015136a1420b	4236284	Data Release 46.0 - August 10, 2026	2026-09-11	released	122a0dd1445b2664b1b40b7df7b0e2240183d712	2022-01-06T09:49:59.329627-06:00	2024-07-30T22:04:44.316410-05:00	TRUE	4236284	2026-08-17	b9cced805c9f543133f1015136a1420b	TRUE	41535206	TRUE		TRUE	TRUE
CPTAC-3	validation	C3N-01524	C3N-01524-01	Primary Tumor	8edd2ab4-377e-4d07-879b-b6bac439a29d	8f4e1986-14f0-4149-b660-4fac39b98c3c.rna_seq.augmented_star_gene_counts.tsv	439092935341ecb6fc272365fb8f714a	4233640	Data Release 46.0 - August 10, 2026	2026-09-11	released	122a0dd1445b2664b1b40b7df7b0e2240183d712	2022-01-06T08:57:07.870597-06:00	2024-07-30T22:05:56.774238-05:00	TRUE	4233640	2026-08-17	439092935341ecb6fc272365fb8f714a	TRUE	38010392	TRUE		TRUE	TRUE
CPTAC-3	validation	C3N-01536	C3N-01536-03	Primary Tumor	dd5c824e-52b1-498b-ad07-1e8703361d2a	76eff948-8f23-444d-a981-f3e3bf3772a1.rna_seq.augmented_star_gene_counts.tsv	1b4900d1e67783f5619fd510a2a5093a	4235785	Data Release 46.0 - August 10, 2026	2026-09-11	released	122a0dd1445b2664b1b40b7df7b0e2240183d712	2022-04-04T18:51:59.781352-05:00	2024-07-29T22:42:52.879288-05:00	TRUE	4235785	2026-08-17	1b4900d1e67783f5619fd510a2a5093a	TRUE	34378996	TRUE		TRUE	TRUE
CPTAC-3	validation	C3N-01646	C3N-01646-01	Primary Tumor	cf0e36d4-c610-4dfe-9c0e-2297c1b9fbc0	9b76817e-368c-4d08-b273-1909eb144368.rna_seq.augmented_star_gene_counts.tsv	07f4972414c9c099fc0cc5ea2043a8f4	4231308	Data Release 46.0 - August 10, 2026	2026-09-11	released	122a0dd1445b2664b1b40b7df7b0e2240183d712	2022-01-06T09:09:06.190266-06:00	2024-07-30T21:52:30.025366-05:00	TRUE	4231308	2026-08-17	07f4972414c9c099fc0cc5ea2043a8f4	TRUE	38319854	TRUE		TRUE	TRUE
CPTAC-3	validation	C3N-01648	C3N-01648-01	Primary Tumor	1fd15c78-587d-4e03-af42-783c43b0a7ac	8a9cb451-9e22-4d13-9686-b1126258ea76.rna_seq.augmented_star_gene_counts.tsv	81394a4622653dea056c31970c70e8b4	4228957	Data Release 46.0 - August 10, 2026	2026-09-11	released	122a0dd1445b2664b1b40b7df7b0e2240183d712	2022-01-06T09:20:43.381306-06:00	2024-07-30T21:42:53.772944-05:00	TRUE	4228957	2026-08-17	81394a4622653dea056c31970c70e8b4	TRUE	43011328	TRUE		TRUE	TRUE
CPTAC-3	validation	C3N-01649	C3N-01649-02	Primary Tumor	edfe6a60-cd79-4fa2-9dcc-c4518dad099b	38125362-4493-43e0-a2e8-26b0fa4bc239.rna_seq.augmented_star_gene_counts.tsv	f422720c336cbdcfa16cceed8d9076ba	4238137	Data Release 46.0 - August 10, 2026	2026-09-11	released	5d8c131bbff59fb0c969217fc1d44e6d1503cd1f	2022-01-06T09:14:58.644226-06:00	2024-07-30T21:44:26.602461-05:00	TRUE	4238137	2026-08-17	f422720c336cbdcfa16cceed8d9076ba	TRUE	38392020	TRUE		TRUE	TRUE
CPTAC-3	validation	C3N-01651	C3N-01651-01	Primary Tumor	8294eb7d-9f85-4ccc-a894-e89f3df249d6	b9e1ffba-4c8b-4393-8654-973a8866245d.rna_seq.augmented_star_gene_counts.tsv	509574c00652c6c0f03232cd7548f47e	4236061	Data Release 46.0 - August 10, 2026	2026-09-11	released	122a0dd1445b2664b1b40b7df7b0e2240183d712	2022-01-06T09:02:16.098723-06:00	2024-07-30T21:55:51.332875-05:00	TRUE	4236061	2026-08-17	509574c00652c6c0f03232cd7548f47e	TRUE	38204290	TRUE		TRUE	TRUE
CPTAC-3	validation	C3N-01654	C3N-01654-01	Primary Tumor	29e64245-9eac-473e-89e9-4dac30b70444	d9ce7748-e981-4254-8911-f6b49a8da6b5.rna_seq.augmented_star_gene_counts.tsv	dc842796f24d2c48455e9ded80ba0bde	4240839	Data Release 46.0 - August 10, 2026	2026-09-11	released	122a0dd1445b2664b1b40b7df7b0e2240183d712	2022-04-04T18:40:36.443228-05:00	2024-07-29T22:44:48.089571-05:00	TRUE	4240839	2026-08-17	dc842796f24d2c48455e9ded80ba0bde	TRUE	39468642	TRUE		TRUE	TRUE
CPTAC-3	validation	C3N-01655	C3N-01655-01	Primary Tumor	bac88d3d-8fcc-4414-b9ba-c0c721dd82a1	73dabb94-eced-4480-ba58-d9a8a031033d.rna_seq.augmented_star_gene_counts.tsv	fccf55c336195f34baa54ddab82b22be	4230473	Data Release 46.0 - August 10, 2026	2026-09-11	released	122a0dd1445b2664b1b40b7df7b0e2240183d712	2022-04-21T09:13:37.779557-05:00	2024-07-29T22:46:57.757863-05:00	TRUE	4230473	2026-08-17	fccf55c336195f34baa54ddab82b22be	TRUE	35472389	TRUE		TRUE	TRUE
CPTAC-3	validation	C3N-01656	C3N-01656-01	Primary Tumor	8f0ee387-5e5e-4033-964d-9658f834f7c9	693fa3a2-8ca5-45a6-9562-97e1782c96d0.rna_seq.augmented_star_gene_counts.tsv	c684041e2509de2dc4e30528bf62dc67	4242040	Data Release 46.0 - August 10, 2026	2026-09-11	released	122a0dd1445b2664b1b40b7df7b0e2240183d712	2022-04-04T18:32:46.617392-05:00	2024-07-29T22:44:11.722682-05:00	TRUE	4242040	2026-08-17	c684041e2509de2dc4e30528bf62dc67	TRUE	43034122	TRUE		TRUE	TRUE
CPTAC-3	validation	C3N-01657	C3N-01657-02	Primary Tumor	1ec664ff-afdc-490f-87eb-879630c2fc0e	910e9cbd-e7bc-487b-bce4-586562b4605e.rna_seq.augmented_star_gene_counts.tsv	d35981edfbc8e1fa0b5dd82bf65ca13a	4245418	Data Release 46.0 - August 10, 2026	2026-09-11	released	122a0dd1445b2664b1b40b7df7b0e2240183d712	2022-04-04T19:41:06.446063-05:00	2024-07-29T22:47:13.435093-05:00	TRUE	4245418	2026-08-17	d35981edfbc8e1fa0b5dd82bf65ca13a	TRUE	39609469	TRUE		TRUE	TRUE
CPTAC-3	validation	C3N-01806	C3N-01806-01	Primary Tumor	8b649b77-1459-46a4-985e-4b0546f4cb56	de3235a1-d9a2-4df2-be41-60928c714458.rna_seq.augmented_star_gene_counts.tsv	3f104b5d9ecdaa23776c04c08c2517c1	4230114	Data Release 46.0 - August 10, 2026	2026-09-11	released	122a0dd1445b2664b1b40b7df7b0e2240183d712	2022-04-04T19:05:49.767278-05:00	2024-07-29T22:47:42.736214-05:00	TRUE	4230114	2026-08-17	3f104b5d9ecdaa23776c04c08c2517c1	TRUE	36267281	TRUE		TRUE	TRUE
CPTAC-3	validation	C3N-01808	C3N-01808-02	Primary Tumor	e3334b25-841a-4f7f-a2b8-58b42a93b10d	cc06595d-3a36-4e6f-8c87-56321ed9051d.rna_seq.augmented_star_gene_counts.tsv	0babf983980429fcf14f33d4682c2f26	4223250	Data Release 46.0 - August 10, 2026	2026-09-11	released	122a0dd1445b2664b1b40b7df7b0e2240183d712	2022-01-06T09:44:44.715245-06:00	2024-07-30T21:47:33.259317-05:00	TRUE	4223250	2026-08-17	0babf983980429fcf14f33d4682c2f26	TRUE	31820913	TRUE		TRUE	TRUE
CPTAC-3	validation	C3N-01828	C3N-01828-01	Primary Tumor	8a7c132e-5f89-4ff6-9133-cf9775c1f6ed	5cbe37d8-4642-4dff-95ae-93ec9043989d.rna_seq.augmented_star_gene_counts.tsv	9a98ba20a430e87268e6d88ed910e14f	4234148	Data Release 46.0 - August 10, 2026	2026-09-11	released	122a0dd1445b2664b1b40b7df7b0e2240183d712	2022-04-04T18:54:37.808889-05:00	2024-07-29T22:47:54.061538-05:00	TRUE	4234148	2026-08-17	9a98ba20a430e87268e6d88ed910e14f	TRUE	30794288	TRUE		TRUE	TRUE
CPTAC-3	validation	C3N-01902	C3N-01902-05	Primary Tumor	78eb1024-97ac-4551-a32c-69f806fd4d73	4034f1e6-82b9-434a-836f-c93b6e2433d0.rna_seq.augmented_star_gene_counts.tsv	92aa64387a3d3932c5fa2d5e53c5b4a9	4234050	Data Release 46.0 - August 10, 2026	2026-09-11	released	122a0dd1445b2664b1b40b7df7b0e2240183d712	2022-04-04T18:47:13.968320-05:00	2024-07-29T22:48:19.040839-05:00	TRUE	4234050	2026-08-17	92aa64387a3d3932c5fa2d5e53c5b4a9	TRUE	35116308	TRUE		TRUE	TRUE
CPTAC-3	validation	C3N-01905	C3N-01905-01	Primary Tumor	be21338a-2cc7-4686-a06b-296284d2df0e	52fb5c01-9384-4660-b20f-64e802430165.rna_seq.augmented_star_gene_counts.tsv	034a876a33365059b467d3ccc49d5d95	4242100	Data Release 46.0 - August 10, 2026	2026-09-11	released	122a0dd1445b2664b1b40b7df7b0e2240183d712	2022-04-04T19:17:10.667561-05:00	2024-07-29T22:48:06.516643-05:00	TRUE	4242100	2026-08-17	034a876a33365059b467d3ccc49d5d95	TRUE	39394499	TRUE		TRUE	TRUE
CPTAC-3	validation	C3N-01989	C3N-01989-02	Primary Tumor	35fda1ff-87b0-405d-89e8-e09858665431	629b31b7-d654-4c42-a356-132904ed2a18.rna_seq.augmented_star_gene_counts.tsv	47bbdc4c63915c436cc2b3ef1a2c24bb	4228349	Data Release 46.0 - August 10, 2026	2026-09-11	released	122a0dd1445b2664b1b40b7df7b0e2240183d712	2022-04-04T19:02:44.547084-05:00	2024-07-29T22:47:46.551454-05:00	TRUE	4228349	2026-08-17	47bbdc4c63915c436cc2b3ef1a2c24bb	TRUE	35638539	TRUE		TRUE	TRUE
CPTAC-3	validation	C3N-02005	C3N-02005-01	Primary Tumor	b1c156c9-78d6-4cc7-925b-00280401a6ad	0530519e-69be-4eb0-b1eb-c1d3924e4d63.rna_seq.augmented_star_gene_counts.tsv	00c7f96cf25334710da274386e2e616b	4233559	Data Release 46.0 - August 10, 2026	2026-09-11	released	122a0dd1445b2664b1b40b7df7b0e2240183d712	2022-04-21T07:45:04.647398-05:00	2024-07-29T22:47:28.660072-05:00	TRUE	4233559	2026-08-17	00c7f96cf25334710da274386e2e616b	TRUE	38672517	TRUE		TRUE	TRUE
CPTAC-3	validation	C3N-02015	C3N-02015-01	Primary Tumor	f5efcbb2-a1fd-4318-9677-1cc7da4a46de	934eeac4-16fd-470e-bb69-d6e88c4cc07e.rna_seq.augmented_star_gene_counts.tsv	644b580170d64b2c64d9bcae517a787a	4238021	Data Release 46.0 - August 10, 2026	2026-09-11	released	122a0dd1445b2664b1b40b7df7b0e2240183d712	2022-04-21T08:05:55.457380-05:00	2024-07-29T22:46:42.897942-05:00	TRUE	4238021	2026-08-17	644b580170d64b2c64d9bcae517a787a	TRUE	43296186	TRUE		TRUE	TRUE
CPTAC-3	validation	C3N-02063	C3N-02063-01	Primary Tumor	12a32d80-29aa-41da-9730-88819e71286d	2061b325-9160-4c38-95ca-04a479b95208.rna_seq.augmented_star_gene_counts.tsv	7c3b7ba1670babfc852d41d2e3a7ce3e	4236589	Data Release 46.0 - August 10, 2026	2026-09-11	released	122a0dd1445b2664b1b40b7df7b0e2240183d712	2022-04-04T18:54:40.274546-05:00	2024-07-29T22:44:14.206065-05:00	TRUE	4236589	2026-08-17	7c3b7ba1670babfc852d41d2e3a7ce3e	TRUE	32735584	TRUE		TRUE	TRUE
CPTAC-3	validation	C3N-02066	C3N-02066-02	Primary Tumor	b97beaee-a407-4526-b9a5-8a1b3cb337fd	00c86d63-088e-4f59-af89-61f37536bb9a.rna_seq.augmented_star_gene_counts.tsv	4b615a45df2351af5e90ba282302bf7d	4232693	Data Release 46.0 - August 10, 2026	2026-09-11	released	5d8c131bbff59fb0c969217fc1d44e6d1503cd1f	2022-04-04T19:36:02.261027-05:00	2024-07-29T22:46:27.875593-05:00	TRUE	4232693	2026-08-17	4b615a45df2351af5e90ba282302bf7d	TRUE	36714266	TRUE		TRUE	TRUE
CPTAC-3	validation	C3N-02068	C3N-02068-02	Primary Tumor	b07f8253-53f0-4138-9455-767cf70803f0	23ead3ed-4b51-4547-97b9-85b159853185.rna_seq.augmented_star_gene_counts.tsv	a47abcfcfc987ef167dfaedd8d06aee9	4232476	Data Release 46.0 - August 10, 2026	2026-09-11	released	122a0dd1445b2664b1b40b7df7b0e2240183d712	2022-04-04T18:36:43.472266-05:00	2024-07-29T22:48:39.028825-05:00	TRUE	4232476	2026-08-17	a47abcfcfc987ef167dfaedd8d06aee9	TRUE	32807551	TRUE		TRUE	TRUE
CPTAC-3	validation	C3N-02070	C3N-02070-02	Primary Tumor	4eeaab5c-9740-440b-8a87-61bb4015f80b	e010f643-293a-4d93-83ae-f8c61141fd06.rna_seq.augmented_star_gene_counts.tsv	275b9d64e9d7f917b1e1f064f44b336d	4229334	Data Release 46.0 - August 10, 2026	2026-09-11	released	122a0dd1445b2664b1b40b7df7b0e2240183d712	2022-04-04T19:14:35.546022-05:00	2024-07-29T22:47:31.131221-05:00	TRUE	4229334	2026-08-17	275b9d64e9d7f917b1e1f064f44b336d	TRUE	32759136	TRUE		TRUE	TRUE
CPTAC-3	validation	C3N-02082	C3N-02082-01	Primary Tumor	93ead549-9df1-4d25-9aa3-eabdc94d885f	d3d59dca-6939-43e0-8254-37aa8d9d7421.rna_seq.augmented_star_gene_counts.tsv	fb813a24080a882aa9b4ecc52fa4a97a	4231790	Data Release 46.0 - August 10, 2026	2026-09-11	released	122a0dd1445b2664b1b40b7df7b0e2240183d712	2022-04-04T19:33:00.343083-05:00	2024-07-29T22:46:34.118974-05:00	TRUE	4231790	2026-08-17	fb813a24080a882aa9b4ecc52fa4a97a	TRUE	35112380	TRUE		TRUE	TRUE
CPTAC-3	validation	C3N-02084	C3N-02084-01	Primary Tumor	21ea2ef8-0808-4542-bdac-87efbbd00536	716a2258-2458-4639-912e-2162a924f6ed.rna_seq.augmented_star_gene_counts.tsv	872b40666167f3ecb9684dd583ea7462	4236058	Data Release 46.0 - August 10, 2026	2026-09-11	released	122a0dd1445b2664b1b40b7df7b0e2240183d712	2022-04-04T18:48:48.891045-05:00	2024-07-29T22:48:26.864750-05:00	TRUE	4236058	2026-08-17	872b40666167f3ecb9684dd583ea7462	TRUE	41366970	TRUE		TRUE	TRUE
CPTAC-3	validation	C3N-02085	C3N-02085-02	Primary Tumor	d45cc0a1-f678-4779-b229-b2f891199324	b38ff6d6-f797-416f-85e2-7185299cd005.rna_seq.augmented_star_gene_counts.tsv	1bcd4c71fad535e2ff1657ef6b8ba24a	4234603	Data Release 46.0 - August 10, 2026	2026-09-11	released	5d8c131bbff59fb0c969217fc1d44e6d1503cd1f	2022-04-04T18:39:25.562677-05:00	2024-07-29T22:46:46.673202-05:00	TRUE	4234603	2026-08-17	1bcd4c71fad535e2ff1657ef6b8ba24a	TRUE	33018250	TRUE		TRUE	TRUE
CPTAC-3	validation	C3N-02262	C3N-02262-02	Primary Tumor	135d0c7c-db1e-46ae-9bd9-be98a01f70ee	9c8748ce-b7ca-4c56-8975-de2657355531.rna_seq.augmented_star_gene_counts.tsv	d1621ba0159eaffaaeb68f694c45a43c	4227957	Data Release 46.0 - August 10, 2026	2026-09-11	released	122a0dd1445b2664b1b40b7df7b0e2240183d712	2022-04-04T19:30:45.181188-05:00	2024-07-29T22:49:45.456884-05:00	TRUE	4227957	2026-08-17	d1621ba0159eaffaaeb68f694c45a43c	TRUE	34511724	TRUE		FALSE	FALSE
CPTAC-3	validation	C3N-02263	C3N-02263-01	Primary Tumor	361e1ed2-828f-480a-a9dd-ef599e6bbf8b	20f780cc-1548-4ff7-ad22-54ba71a7692d.rna_seq.augmented_star_gene_counts.tsv	63fcfa2840ff56f1a70589c421d126df	4228972	Data Release 46.0 - August 10, 2026	2026-09-11	released	122a0dd1445b2664b1b40b7df7b0e2240183d712	2022-04-21T08:34:46.222362-05:00	2024-07-29T22:50:14.733884-05:00	TRUE	4228972	2026-08-17	63fcfa2840ff56f1a70589c421d126df	TRUE	33068100	TRUE		TRUE	TRUE
CPTAC-3	validation	C3N-02264	C3N-02264-01	Primary Tumor	04ee9a4f-840a-4da3-9e87-e42b27a57efc	81e31e13-0d4b-47af-913e-826f2f925ecf.rna_seq.augmented_star_gene_counts.tsv	f0f5e55f74cd039e414027b3b8af91a4	4222307	Data Release 46.0 - August 10, 2026	2026-09-11	released	122a0dd1445b2664b1b40b7df7b0e2240183d712	2022-04-04T19:15:28.690154-05:00	2024-07-29T22:49:47.918250-05:00	TRUE	4222307	2026-08-17	f0f5e55f74cd039e414027b3b8af91a4	TRUE	28124562	TRUE		TRUE	TRUE
CPTAC-3	validation	C3N-02265	C3N-02265-01	Primary Tumor	7647e727-7199-43dc-abd9-0ca5db7a9750	d7f49e06-ab80-4b72-b544-79d55f88f677.rna_seq.augmented_star_gene_counts.tsv	dc7fae92942befda958eefeb9d33c40a	4248347	Data Release 46.0 - August 10, 2026	2026-09-11	released	122a0dd1445b2664b1b40b7df7b0e2240183d712	2022-04-04T18:34:02.088875-05:00	2024-07-29T22:50:27.779354-05:00	TRUE	4248347	2026-08-17	dc7fae92942befda958eefeb9d33c40a	TRUE	49248847	TRUE		TRUE	TRUE
CPTAC-3	validation	C3N-02266	C3N-02266-01	Primary Tumor	f60e4503-a833-4f2f-be71-8649c1c6b047	cfd94e8c-6a58-4d0a-879c-4d41414f4bea.rna_seq.augmented_star_gene_counts.tsv	2c44935a50c627502cbe045be0862f61	4242554	Data Release 46.0 - August 10, 2026	2026-09-11	released	5d8c131bbff59fb0c969217fc1d44e6d1503cd1f	2022-04-04T19:02:57.406869-05:00	2024-07-29T22:48:51.752169-05:00	TRUE	4242554	2026-08-17	2c44935a50c627502cbe045be0862f61	TRUE	44781752	TRUE		TRUE	TRUE
CPTAC-3	validation	C3N-02332	C3N-02332-01	Primary Tumor	3769a1c3-6cc7-457f-a01c-aa448570bbfd	eeb33022-ba53-404b-bfb8-0aded905b417.rna_seq.augmented_star_gene_counts.tsv	80e65f2535eda96010eea5ce46d25ade	4233300	Data Release 46.0 - August 10, 2026	2026-09-11	released	122a0dd1445b2664b1b40b7df7b0e2240183d712	2022-04-04T19:14:28.649357-05:00	2024-07-29T22:50:57.909297-05:00	TRUE	4233300	2026-08-17	80e65f2535eda96010eea5ce46d25ade	TRUE	35344998	TRUE		TRUE	TRUE
CPTAC-3	validation	C3N-02338	C3N-02338-02	Primary Tumor	0eef714f-bebb-4a59-a2c5-cfca38deeade	16ff2e77-9bc5-4485-b523-c5fa9eefb399.rna_seq.augmented_star_gene_counts.tsv	d7d90491e8b53aabb4aaa93250bf882c	4231467	Data Release 46.0 - August 10, 2026	2026-09-11	released	122a0dd1445b2664b1b40b7df7b0e2240183d712	2022-04-04T19:22:19.008969-05:00	2024-07-29T22:49:31.887824-05:00	TRUE	4231467	2026-08-17	d7d90491e8b53aabb4aaa93250bf882c	TRUE	37823028	TRUE		TRUE	TRUE
CPTAC-3	validation	C3N-02429	C3N-02429-01	Primary Tumor	f571311a-d6e0-445c-863f-4b4a34ee5776	ed9e64df-6f03-4451-94b0-3f9460da2e86.rna_seq.augmented_star_gene_counts.tsv	3126883e2bc857fba0f311164948413e	4232777	Data Release 46.0 - August 10, 2026	2026-09-11	released	122a0dd1445b2664b1b40b7df7b0e2240183d712	2022-04-04T19:12:36.162277-05:00	2024-07-29T22:51:13.782076-05:00	TRUE	4232777	2026-08-17	3126883e2bc857fba0f311164948413e	TRUE	40991551	TRUE		TRUE	TRUE
CPTAC-3	validation	C3N-02431	C3N-02431-03	Primary Tumor	3e34a90f-e70e-49f7-b90d-6cbee575b5ba	9fb0806f-3749-4b1f-a798-3946ee5249e0.rna_seq.augmented_star_gene_counts.tsv	f3ff17c467752d0d109955638e1ed127	4228616	Data Release 46.0 - August 10, 2026	2026-09-11	released	5d8c131bbff59fb0c969217fc1d44e6d1503cd1f	2022-04-04T19:37:01.548535-05:00	2024-07-29T22:49:11.442184-05:00	TRUE	4228616	2026-08-17	f3ff17c467752d0d109955638e1ed127	TRUE	35132423	TRUE		TRUE	TRUE
CPTAC-3	validation	C3N-02439	C3N-02439-02	Primary Tumor	b7dce345-6027-46e9-918e-99433b39cd92	2ef309e6-05d9-449d-b214-cf383dc7930c.rna_seq.augmented_star_gene_counts.tsv	f8b48e40def3aae25c4df167a38f5db6	4237101	Data Release 46.0 - August 10, 2026	2026-09-11	released	122a0dd1445b2664b1b40b7df7b0e2240183d712	2022-04-04T18:45:28.803580-05:00	2024-07-29T22:51:20.222014-05:00	TRUE	4237101	2026-08-17	f8b48e40def3aae25c4df167a38f5db6	TRUE	39900245	TRUE		TRUE	TRUE
CPTAC-3	validation	C3N-02577	C3N-02577-01	Primary Tumor	f4013160-2dd4-45cc-a675-df4bcdc1262c	db6ac339-e3dc-4123-9716-175ac374dd4d.rna_seq.augmented_star_gene_counts.tsv	2392b72b245c3e2ae141cbe9210de22e	4222407	Data Release 46.0 - August 10, 2026	2026-09-11	released	5d8c131bbff59fb0c969217fc1d44e6d1503cd1f	2022-04-04T19:08:52.038015-05:00	2024-07-29T22:51:26.389792-05:00	TRUE	4222407	2026-08-17	2392b72b245c3e2ae141cbe9210de22e	TRUE	30406916	TRUE		TRUE	TRUE
CPTAC-3	validation	C3N-02726	C3N-02726-01	Primary Tumor	f8ed71e5-ca6e-4cb0-ae62-4e55b867efbd	9e3969bf-2d21-4f19-89db-c184ea509552.rna_seq.augmented_star_gene_counts.tsv	f2ab8f7129d3479f251950a9042bb17c	4227989	Data Release 46.0 - August 10, 2026	2026-09-11	released	122a0dd1445b2664b1b40b7df7b0e2240183d712	2022-04-21T09:11:39.280134-05:00	2024-07-29T22:50:43.953216-05:00	TRUE	4227989	2026-08-17	f2ab8f7129d3479f251950a9042bb17c	TRUE	27342919	TRUE		TRUE	TRUE
CPTAC-3	validation	C3N-02761	C3N-02761-01	Primary Tumor	2f12b7f2-abdb-4f3a-8565-19c75d9f5430	dc7570d9-70a1-4671-a93a-edfef8d080fe.rna_seq.augmented_star_gene_counts.tsv	e92e1f5b67d3efc342b2da4f0dc58c3c	4234057	Data Release 46.0 - August 10, 2026	2026-09-11	released	122a0dd1445b2664b1b40b7df7b0e2240183d712	2022-04-04T19:11:00.961328-05:00	2024-07-29T22:51:09.845363-05:00	TRUE	4234057	2026-08-17	e92e1f5b67d3efc342b2da4f0dc58c3c	TRUE	30947013	TRUE		TRUE	TRUE
CPTAC-3	validation	C3N-02763	C3N-02763-01	Primary Tumor	62d7fd82-1ca3-4c74-ae36-289d0b0c1810	ef4aba85-69d0-47c5-9e9b-7f65123f9d5d.rna_seq.augmented_star_gene_counts.tsv	84ae3c83f524032e14ade26c73ede9e1	4233770	Data Release 46.0 - August 10, 2026	2026-09-11	released	5d8c131bbff59fb0c969217fc1d44e6d1503cd1f	2022-04-04T19:39:06.262649-05:00	2024-07-29T22:52:44.648689-05:00	TRUE	4233770	2026-08-17	84ae3c83f524032e14ade26c73ede9e1	TRUE	38488144	TRUE		TRUE	TRUE
CPTAC-3	validation	C3N-02811	C3N-02811-02	Primary Tumor	5d956df8-ae3c-48b6-9ae6-38f425b0a449	c85e370b-5787-4832-8dff-5138a2052300.rna_seq.augmented_star_gene_counts.tsv	8e241432fec235907dd894c1c15ca691	4234921	Data Release 46.0 - August 10, 2026	2026-09-11	released	5d8c131bbff59fb0c969217fc1d44e6d1503cd1f	2022-04-04T19:01:56.064526-05:00	2024-07-29T22:50:38.901621-05:00	TRUE	4234921	2026-08-17	8e241432fec235907dd894c1c15ca691	TRUE	45004742	TRUE		TRUE	TRUE
CPTAC-3	validation	C3N-02945	C3N-02945-01	Primary Tumor	1c9f813d-b20d-4fc3-bb77-baa06b6a6b3e	1e7abb00-ed2c-4533-9ead-bae78530cf08.rna_seq.augmented_star_gene_counts.tsv	3c9ae9fe404672e0a3f618df5e920f3a	4233033	Data Release 46.0 - August 10, 2026	2026-09-11	released	5d8c131bbff59fb0c969217fc1d44e6d1503cd1f	2022-04-04T18:57:21.299667-05:00	2024-07-29T22:53:16.761061-05:00	TRUE	4233033	2026-08-17	3c9ae9fe404672e0a3f618df5e920f3a	TRUE	40341409	TRUE		TRUE	TRUE
CPTAC-3	validation	C3N-03018	C3N-03018-02	Primary Tumor	1f467760-38f6-443b-be9a-2c2e603acaac	47eef62b-8347-474f-9202-13b67d3e2d95.rna_seq.augmented_star_gene_counts.tsv	0384a4b2e8bbcd3cbf5a3dd58a8726b0	4232888	Data Release 46.0 - August 10, 2026	2026-09-11	released	122a0dd1445b2664b1b40b7df7b0e2240183d712	2022-04-04T19:25:47.812487-05:00	2024-07-29T22:53:25.335825-05:00	TRUE	4232888	2026-08-17	0384a4b2e8bbcd3cbf5a3dd58a8726b0	TRUE	40249959	TRUE		TRUE	TRUE
CPTAC-3	validation	C3N-03019	C3N-03019-02	Primary Tumor	c7ef3621-c360-4ad3-baa4-349d99f15568	49891de5-a491-4bac-b45d-1ae65b0c8672.rna_seq.augmented_star_gene_counts.tsv	5c505e3de353f9dab2f6f424371749e6	4234829	Data Release 46.0 - August 10, 2026	2026-09-11	released	122a0dd1445b2664b1b40b7df7b0e2240183d712	2022-04-04T19:24:29.818022-05:00	2024-07-29T22:54:46.517961-05:00	TRUE	4234829	2026-08-17	5c505e3de353f9dab2f6f424371749e6	TRUE	34786650	TRUE		TRUE	TRUE
CPTAC-3	validation	C3N-03020	C3N-03020-02	Primary Tumor	36d55585-8dc9-4b3e-b6d7-d129d81a028d	0c20378e-f82d-4afc-80bc-efc7df7348a4.rna_seq.augmented_star_gene_counts.tsv	3b14f3cef77807f4c47d7630311d9b3a	4234232	Data Release 46.0 - August 10, 2026	2026-09-11	released	122a0dd1445b2664b1b40b7df7b0e2240183d712	2022-04-04T19:09:18.692437-05:00	2024-07-29T22:55:14.031733-05:00	TRUE	4234232	2026-08-17	3b14f3cef77807f4c47d7630311d9b3a	TRUE	32259441	TRUE		TRUE	TRUE
CPTAC-3	validation	C3N-03021	C3N-03021-01	Primary Tumor	ca780ae9-4c3d-46a9-a43f-a6387f02be84	a74a503c-5236-4530-b6d2-2832db89a9ff.rna_seq.augmented_star_gene_counts.tsv	9ef986aff9a4400e908f7e58b75466fd	4233567	Data Release 46.0 - August 10, 2026	2026-09-11	released	122a0dd1445b2664b1b40b7df7b0e2240183d712	2022-04-04T19:28:28.756888-05:00	2024-07-30T00:47:06.260005-05:00	TRUE	4233567	2026-08-17	9ef986aff9a4400e908f7e58b75466fd	TRUE	48474217	TRUE		TRUE	TRUE
CPTAC-3	validation	C3L-00004	C3L-00004-06	Solid Tissue Normal	16587c5c-8bdc-48ec-b1db-11d225f15115	5a649b06-079e-4810-b5fb-0abf87d99a6f.rna_seq.augmented_star_gene_counts.tsv	16d2b1338ab79119e5f7323d39f86ddc	4234851	Data Release 46.0 - August 10, 2026	2026-09-11	released	5d8c131bbff59fb0c969217fc1d44e6d1503cd1f	2022-01-06T09:10:00.254595-06:00	2024-07-30T22:00:48.955076-05:00	TRUE	4234851	2026-08-17	16d2b1338ab79119e5f7323d39f86ddc	TRUE	38679599	FALSE	non-primary sample	FALSE	FALSE
CPTAC-3	validation	C3L-00010	C3L-00010-06	Solid Tissue Normal	5091b0a2-836f-4410-adff-e92fb10f73c2	fa45d98c-d8ef-4382-9e6f-d8225ec37aa5.rna_seq.augmented_star_gene_counts.tsv	33cdb2eff53f3ebf0dceaf957f089491	4242534	Data Release 46.0 - August 10, 2026	2026-09-11	released	122a0dd1445b2664b1b40b7df7b0e2240183d712	2022-01-06T09:50:09.105398-06:00	2024-07-30T21:56:41.898036-05:00	TRUE	4242534	2026-08-17	33cdb2eff53f3ebf0dceaf957f089491	TRUE	45667487	FALSE	non-primary sample	FALSE	FALSE
CPTAC-3	validation	C3L-00011	C3L-00011-06	Solid Tissue Normal	c86026a8-2f4a-46f3-bccf-1cb49ada2480	e8e82b00-3690-4dbd-a159-a3669f2eebef.rna_seq.augmented_star_gene_counts.tsv	cebd0cf4fab343fa95715f8b0caf991a	4237173	Data Release 46.0 - August 10, 2026	2026-09-11	released	122a0dd1445b2664b1b40b7df7b0e2240183d712	2022-01-06T08:55:25.316156-06:00	2024-07-30T21:48:05.202383-05:00	TRUE	4237173	2026-08-17	cebd0cf4fab343fa95715f8b0caf991a	TRUE	40565990	FALSE	non-primary sample	FALSE	FALSE
CPTAC-3	validation	C3L-00026	C3L-00026-06	Solid Tissue Normal	ccffd93a-f930-4c6c-b13c-f517e915d8cc	aea8ab5f-acbb-47a7-b209-3c8ce9edf308.rna_seq.augmented_star_gene_counts.tsv	f3e7a185fdbe860e5c56a5417e66b905	4238604	Data Release 46.0 - August 10, 2026	2026-09-11	released	5d8c131bbff59fb0c969217fc1d44e6d1503cd1f	2022-01-06T09:53:30.630760-06:00	2024-07-30T21:53:11.379348-05:00	TRUE	4238604	2026-08-17	f3e7a185fdbe860e5c56a5417e66b905	TRUE	40270267	FALSE	non-primary sample	FALSE	FALSE
CPTAC-3	validation	C3L-00079	C3L-00079-06	Solid Tissue Normal	8bdb6717-b82f-4ceb-9f89-e9ea81da32bd	0f709910-bda7-49ee-ac17-eed7477f79f1.rna_seq.augmented_star_gene_counts.tsv	b54c2de39898cc4f3fa6a19586494c21	4237384	Data Release 46.0 - August 10, 2026	2026-09-11	released	122a0dd1445b2664b1b40b7df7b0e2240183d712	2022-01-06T09:45:00.695629-06:00	2024-07-30T21:49:36.186222-05:00	TRUE	4237384	2026-08-17	b54c2de39898cc4f3fa6a19586494c21	TRUE	36500208	FALSE	non-primary sample	FALSE	FALSE
CPTAC-3	validation	C3L-00088	C3L-00088-06	Solid Tissue Normal	79012a0c-fb83-445d-b76f-c077abaa09f0	bad77ea5-49c8-4bbe-ae33-f403c978911e.rna_seq.augmented_star_gene_counts.tsv	7709fa4d24b4a20bb5551fa76c039285	4236397	Data Release 46.0 - August 10, 2026	2026-09-11	released	122a0dd1445b2664b1b40b7df7b0e2240183d712	2022-01-06T09:38:23.128214-06:00	2024-07-30T21:50:08.043004-05:00	TRUE	4236397	2026-08-17	7709fa4d24b4a20bb5551fa76c039285	TRUE	34683075	FALSE	non-primary sample	FALSE	FALSE
CPTAC-3	validation	C3L-00096	C3L-00096-06	Solid Tissue Normal	fb1d704d-1f1d-4f37-9279-a207e6e71966	54e53ca5-764f-4c06-8b91-353e8c304021.rna_seq.augmented_star_gene_counts.tsv	f44dbe4346fb2c61b3694d94a7196c5c	4241323	Data Release 46.0 - August 10, 2026	2026-09-11	released	122a0dd1445b2664b1b40b7df7b0e2240183d712	2022-01-06T09:38:32.042291-06:00	2024-07-30T21:54:53.817913-05:00	TRUE	4241323	2026-08-17	f44dbe4346fb2c61b3694d94a7196c5c	TRUE	41284119	FALSE	non-primary sample	FALSE	FALSE
CPTAC-3	validation	C3L-00097	C3L-00097-06	Solid Tissue Normal	adf11d76-29a7-4294-9e4f-e20386c9ab1d	a36ea5c6-c608-47b5-b2be-6a3e4235d132.rna_seq.augmented_star_gene_counts.tsv	69d1e8e6b21892fdae30877692c376d2	4237156	Data Release 46.0 - August 10, 2026	2026-09-11	released	5d8c131bbff59fb0c969217fc1d44e6d1503cd1f	2022-01-06T09:02:10.536006-06:00	2024-07-30T21:42:43.090754-05:00	TRUE	4237156	2026-08-17	69d1e8e6b21892fdae30877692c376d2	TRUE	41076173	FALSE	non-primary sample	FALSE	FALSE
CPTAC-3	validation	C3L-00103	C3L-00103-02	Primary Tumor	296b34a4-f33b-409b-a564-4353643c0c31	8f1fd232-59b3-4045-aab4-3441be6bc2f2.rna_seq.augmented_star_gene_counts.tsv	6858cfa0a9c209241c934c6170fbb7bb	4235433	Data Release 46.0 - August 10, 2026	2026-09-11	released	122a0dd1445b2664b1b40b7df7b0e2240183d712	2022-01-06T09:02:56.197160-06:00	2024-07-30T21:45:34.099310-05:00	TRUE	4235433	2026-08-17	6858cfa0a9c209241c934c6170fbb7bb	TRUE	37471632	FALSE	duplicate aliquot	FALSE	FALSE
CPTAC-3	validation	C3L-00103	C3L-00103-03	Primary Tumor	935091b2-f133-47ec-8fde-133b094f33ba	5481a331-e2be-43e9-9985-425f3a0c08f9.rna_seq.augmented_star_gene_counts.tsv	4dc5ed8f89f07a03fcf5b54f23df75cf	4233814	Data Release 46.0 - August 10, 2026	2026-09-11	released	122a0dd1445b2664b1b40b7df7b0e2240183d712	2022-01-06T09:03:00.493188-06:00	2024-07-30T21:56:26.939321-05:00	TRUE	4233814	2026-08-17	4dc5ed8f89f07a03fcf5b54f23df75cf	TRUE	33560058	FALSE	duplicate aliquot	FALSE	FALSE
CPTAC-3	validation	C3L-00103	C3L-00103-06	Solid Tissue Normal	57dbc5d5-0209-4730-a0ba-35baf389cef4	b38a2e07-9a29-4893-a2c4-ce5c07799c48.rna_seq.augmented_star_gene_counts.tsv	e3677e8b1f312c324a92811d8afcf97c	4237360	Data Release 46.0 - August 10, 2026	2026-09-11	released	122a0dd1445b2664b1b40b7df7b0e2240183d712	2022-01-06T09:01:50.892599-06:00	2024-07-30T21:41:27.383139-05:00	TRUE	4237360	2026-08-17	e3677e8b1f312c324a92811d8afcf97c	TRUE	34217872	FALSE	non-primary sample	FALSE	FALSE
CPTAC-3	validation	C3L-00165	C3L-00165-06	Solid Tissue Normal	16668f86-584c-488b-8f00-f213bbaa2f9a	47a435f2-662d-48be-a538-fef00ed3b3d6.rna_seq.augmented_star_gene_counts.tsv	984eee48efa3e4a2125a774a7fc147b6	4240253	Data Release 46.0 - August 10, 2026	2026-09-11	released	122a0dd1445b2664b1b40b7df7b0e2240183d712	2022-04-04T18:51:43.392887-05:00	2024-07-29T22:52:55.675434-05:00	TRUE	4240253	2026-08-17	984eee48efa3e4a2125a774a7fc147b6	TRUE	37302678	FALSE	non-primary sample	FALSE	FALSE
CPTAC-3	validation	C3L-00360	C3L-00360-06	Solid Tissue Normal	8bc5ea45-df4d-4a4d-8864-78482b147ed8	cd09fa78-1bef-4525-a541-d392cdb41619.rna_seq.augmented_star_gene_counts.tsv	55560cbf7f9b082cfe791dc3950eb0f2	4235783	Data Release 46.0 - August 10, 2026	2026-09-11	released	122a0dd1445b2664b1b40b7df7b0e2240183d712	2022-01-06T09:50:39.581555-06:00	2024-07-30T21:49:34.897743-05:00	TRUE	4235783	2026-08-17	55560cbf7f9b082cfe791dc3950eb0f2	TRUE	31231996	FALSE	non-primary sample	FALSE	FALSE
CPTAC-3	validation	C3L-00369	C3L-00369-01	Primary Tumor	11bb1416-a269-4efe-bb46-65e6c6335260	39719133-93be-4d44-b151-42942a4a29d0.rna_seq.augmented_star_gene_counts.tsv	9f55bdaac7f2fbd874c28e4bf1cf7e40	4233164	Data Release 46.0 - August 10, 2026	2026-09-11	released	122a0dd1445b2664b1b40b7df7b0e2240183d712	2022-01-06T09:48:45.475669-06:00	2024-07-30T21:42:28.245692-05:00	TRUE	4233164	2026-08-17	9f55bdaac7f2fbd874c28e4bf1cf7e40	TRUE	46363753	FALSE	duplicate aliquot	FALSE	FALSE
CPTAC-3	validation	C3L-00369	C3L-00369-02	Primary Tumor	75549541-aeea-46b4-9f32-239138655fec	aba46246-1ae9-4f36-9dc3-eaebad5df426.rna_seq.augmented_star_gene_counts.tsv	9323c7189ca46281cc5648b0295ecdab	4238042	Data Release 46.0 - August 10, 2026	2026-09-11	released	122a0dd1445b2664b1b40b7df7b0e2240183d712	2022-01-06T09:48:56.309407-06:00	2024-07-30T21:56:54.255439-05:00	TRUE	4238042	2026-08-17	9323c7189ca46281cc5648b0295ecdab	TRUE	40898341	FALSE	duplicate aliquot	FALSE	FALSE
CPTAC-3	validation	C3L-00369	C3L-00369-06	Solid Tissue Normal	2faf48df-d997-4d37-a2e4-dc10173eec79	ed6e7cf6-058e-4717-b17a-75d712981db5.rna_seq.augmented_star_gene_counts.tsv	d507b685f3da367fd571a3bde8bc158d	4243464	Data Release 46.0 - August 10, 2026	2026-09-11	released	5d8c131bbff59fb0c969217fc1d44e6d1503cd1f	2022-01-06T09:48:25.300619-06:00	2024-07-30T21:49:12.998150-05:00	TRUE	4243464	2026-08-17	d507b685f3da367fd571a3bde8bc158d	TRUE	43436688	FALSE	non-primary sample	FALSE	FALSE
CPTAC-3	validation	C3L-00416	C3L-00416-06	Solid Tissue Normal	5980787a-35c6-44ab-8286-f263f647586d	48eb23b7-2288-4ff8-bf4f-9a7620bf35e8.rna_seq.augmented_star_gene_counts.tsv	de03a522c7c8f52a0aad00e71998ebfb	4240152	Data Release 46.0 - August 10, 2026	2026-09-11	released	5d8c131bbff59fb0c969217fc1d44e6d1503cd1f	2022-01-06T09:09:24.715553-06:00	2024-07-30T22:04:11.604588-05:00	TRUE	4240152	2026-08-17	de03a522c7c8f52a0aad00e71998ebfb	TRUE	37208274	FALSE	non-primary sample	FALSE	FALSE
CPTAC-3	validation	C3L-00418	C3L-00418-01	Primary Tumor	faf2fb0c-0452-4bbe-9993-69a054947997	a006a822-9537-4baa-af94-e7c318150867.rna_seq.augmented_star_gene_counts.tsv	14188df9a754d2d825473fd7434d4dcc	4222374	Data Release 46.0 - August 10, 2026	2026-09-11	released	122a0dd1445b2664b1b40b7df7b0e2240183d712	2022-01-06T09:51:29.775287-06:00	2024-07-30T21:53:12.627850-05:00	TRUE	4222374	2026-08-17	14188df9a754d2d825473fd7434d4dcc	TRUE	32326516	FALSE	duplicate aliquot	FALSE	FALSE
CPTAC-3	validation	C3L-00418	C3L-00418-02	Primary Tumor	78cb0234-8207-4b02-92c6-824e61da96f9	012832a5-c876-473b-a162-6748fdc75560.rna_seq.augmented_star_gene_counts.tsv	0b39e30642ee897d757c5b03aa1d5894	4225264	Data Release 46.0 - August 10, 2026	2026-09-11	released	122a0dd1445b2664b1b40b7df7b0e2240183d712	2022-01-06T09:50:24.547699-06:00	2024-07-30T21:49:58.409943-05:00	TRUE	4225264	2026-08-17	0b39e30642ee897d757c5b03aa1d5894	TRUE	35209826	FALSE	duplicate aliquot	FALSE	FALSE
CPTAC-3	validation	C3L-00418	C3L-00418-06	Solid Tissue Normal	5482eefc-597d-4051-9a01-02b1625d4842	d238c106-26c3-475a-af64-62bc29b012cc.rna_seq.augmented_star_gene_counts.tsv	3be5b93b8c2d0b181b27dd173c6c8d44	4237545	Data Release 46.0 - August 10, 2026	2026-09-11	released	5d8c131bbff59fb0c969217fc1d44e6d1503cd1f	2022-01-06T09:50:20.253521-06:00	2024-07-30T21:47:30.723345-05:00	TRUE	4237545	2026-08-17	3be5b93b8c2d0b181b27dd173c6c8d44	TRUE	37414338	FALSE	non-primary sample	FALSE	FALSE
CPTAC-3	validation	C3L-00447	C3L-00447-01	Primary Tumor	b238e50e-1e5c-4f1d-8ea7-785e8eeb5047	737c2d77-e5dc-4dda-8bb3-755e2012b1bc.rna_seq.augmented_star_gene_counts.tsv	0da2c6c141fd0ca72982ba7283cf60a2	4231276	Data Release 46.0 - August 10, 2026	2026-09-11	released	122a0dd1445b2664b1b40b7df7b0e2240183d712	2022-01-06T09:45:29.872936-06:00	2024-07-30T22:01:07.668362-05:00	TRUE	4231276	2026-08-17	0da2c6c141fd0ca72982ba7283cf60a2	TRUE	33637412	FALSE	duplicate aliquot	FALSE	FALSE
CPTAC-3	validation	C3L-00447	C3L-00447-02	Primary Tumor	bb0ed629-9b5c-40cc-909e-7fa8d55732d1	7519e7c2-c27f-4da2-9e0a-e091ff1e0136.rna_seq.augmented_star_gene_counts.tsv	3cc9401a120bfd5f464e0260c1fa10d7	4233253	Data Release 46.0 - August 10, 2026	2026-09-11	released	122a0dd1445b2664b1b40b7df7b0e2240183d712	2022-01-06T09:18:35.429895-06:00	2024-07-30T21:51:24.138242-05:00	TRUE	4233253	2026-08-17	3cc9401a120bfd5f464e0260c1fa10d7	TRUE	34024769	FALSE	duplicate aliquot	FALSE	FALSE
CPTAC-3	validation	C3L-00447	C3L-00447-06	Solid Tissue Normal	e4a148e6-13c5-468c-8e5c-0056a8ffc89c	b6457ad7-5901-4cc1-8d1f-a42bda073961.rna_seq.augmented_star_gene_counts.tsv	e9e8e35ac9f2468825d5e1f269e0f474	4225416	Data Release 46.0 - August 10, 2026	2026-09-11	released	122a0dd1445b2664b1b40b7df7b0e2240183d712	2022-01-06T09:46:20.968325-06:00	2024-07-30T21:58:13.463025-05:00	TRUE	4225416	2026-08-17	e9e8e35ac9f2468825d5e1f269e0f474	TRUE	31805000	FALSE	non-primary sample	FALSE	FALSE
CPTAC-3	validation	C3L-00448	C3L-00448-06	Solid Tissue Normal	f42d13ea-40f9-4d78-83f0-5617757df177	6fea9367-e004-4337-89f8-0897d3d96af9.rna_seq.augmented_star_gene_counts.tsv	91cb2dfce953a128d502269f17ffffef	4231189	Data Release 46.0 - August 10, 2026	2026-09-11	released	122a0dd1445b2664b1b40b7df7b0e2240183d712	2022-01-06T09:17:03.106512-06:00	2024-07-30T22:02:48.904103-05:00	TRUE	4231189	2026-08-17	91cb2dfce953a128d502269f17ffffef	TRUE	33558775	FALSE	non-primary sample	FALSE	FALSE
CPTAC-3	validation	C3L-00561	C3L-00561-06	Solid Tissue Normal	d47c8de3-3eab-4e46-ac23-b89da9743b0c	85fd2f59-4a1f-4d2b-8957-c6e2705f326b.rna_seq.augmented_star_gene_counts.tsv	15b4689232ca2c62a59365359f471d52	4230647	Data Release 46.0 - August 10, 2026	2026-09-11	released	122a0dd1445b2664b1b40b7df7b0e2240183d712	2022-01-06T09:15:59.906388-06:00	2024-07-30T22:01:00.087434-05:00	TRUE	4230647	2026-08-17	15b4689232ca2c62a59365359f471d52	TRUE	32314001	FALSE	non-primary sample	FALSE	FALSE
CPTAC-3	validation	C3L-00581	C3L-00581-02	Primary Tumor	8aa7a9d8-cfc4-4ca8-9428-dab7c7abe42e	7c1231be-3ec1-43a3-9ab0-9902e00adfa9.rna_seq.augmented_star_gene_counts.tsv	cf0dee28d05e4160eafd4506af55a3f8	4234943	Data Release 46.0 - August 10, 2026	2026-09-11	released	122a0dd1445b2664b1b40b7df7b0e2240183d712	2022-01-06T09:51:44.479150-06:00	2024-07-30T21:46:34.306552-05:00	TRUE	4234943	2026-08-17	cf0dee28d05e4160eafd4506af55a3f8	TRUE	39991365	FALSE	duplicate aliquot	FALSE	FALSE
CPTAC-3	validation	C3L-00581	C3L-00581-03	Primary Tumor	5739acaf-d44e-4e16-a6de-76e120d02d23	2c4100ae-37e2-44aa-849c-69ee683abb1e.rna_seq.augmented_star_gene_counts.tsv	8527a2c9bd6b40ccd7dbddae744cda5c	4226685	Data Release 46.0 - August 10, 2026	2026-09-11	released	122a0dd1445b2664b1b40b7df7b0e2240183d712	2022-01-06T09:51:06.055414-06:00	2024-07-30T21:42:47.573017-05:00	TRUE	4226685	2026-08-17	8527a2c9bd6b40ccd7dbddae744cda5c	TRUE	31509919	FALSE	duplicate aliquot	FALSE	FALSE
CPTAC-3	validation	C3L-00581	C3L-00581-06	Solid Tissue Normal	880100bf-236e-4ed3-9b14-abb2a00582b1	bccfaeca-2948-41b8-8492-49712aa34516.rna_seq.augmented_star_gene_counts.tsv	9760f1867fe2446368e801846f22e88b	4240984	Data Release 46.0 - August 10, 2026	2026-09-11	released	122a0dd1445b2664b1b40b7df7b0e2240183d712	2022-01-06T09:51:55.806879-06:00	2024-07-30T21:50:35.796872-05:00	TRUE	4240984	2026-08-17	9760f1867fe2446368e801846f22e88b	TRUE	40839131	FALSE	non-primary sample	FALSE	FALSE
CPTAC-3	validation	C3L-00583	C3L-00583-02	Primary Tumor	9f2a0f5e-1549-4d40-b345-02a953a0e5df	c877da23-ac01-4bec-83a2-fdb29aed5bed.rna_seq.augmented_star_gene_counts.tsv	c1025f076b40aa8eb503f8af2bed39f3	4235964	Data Release 46.0 - August 10, 2026	2026-09-11	released	122a0dd1445b2664b1b40b7df7b0e2240183d712	2022-01-06T08:57:10.992716-06:00	2024-07-30T22:03:31.136904-05:00	TRUE	4235964	2026-08-17	c1025f076b40aa8eb503f8af2bed39f3	TRUE	37052625	FALSE	duplicate aliquot	FALSE	FALSE
CPTAC-3	validation	C3L-00583	C3L-00583-03	Primary Tumor	1cb74b70-1e62-48e4-b516-a0783a529c6b	8c63008b-4b01-40c1-9cde-3f4385b99380.rna_seq.augmented_star_gene_counts.tsv	fab5f669c2a9fac9daadf3a28cb39e55	4230070	Data Release 46.0 - August 10, 2026	2026-09-11	released	122a0dd1445b2664b1b40b7df7b0e2240183d712	2022-01-06T08:57:47.167980-06:00	2024-07-30T22:04:48.135443-05:00	TRUE	4230070	2026-08-17	fab5f669c2a9fac9daadf3a28cb39e55	TRUE	32477572	FALSE	duplicate aliquot	FALSE	FALSE
CPTAC-3	validation	C3L-00583	C3L-00583-06	Solid Tissue Normal	72e851d6-01ff-4647-8d77-db52ac5243dc	8fafe7f7-907b-41e3-acaa-34e44b7e8055.rna_seq.augmented_star_gene_counts.tsv	0d9707efab6e4cf0316865465b0d1ffb	4237044	Data Release 46.0 - August 10, 2026	2026-09-11	released	122a0dd1445b2664b1b40b7df7b0e2240183d712	2022-01-06T08:56:43.277650-06:00	2024-07-30T21:57:26.737777-05:00	TRUE	4237044	2026-08-17	0d9707efab6e4cf0316865465b0d1ffb	TRUE	33508261	FALSE	non-primary sample	FALSE	FALSE
CPTAC-3	validation	C3L-00606	C3L-00606-01	Primary Tumor	f3e7a961-5085-41fb-9979-933721343b79	172b0694-5c6a-4e37-ac2b-5e6600bb16a0.rna_seq.augmented_star_gene_counts.tsv	0cde6de9a0356114c68c7812fb75adfb	4230195	Data Release 46.0 - August 10, 2026	2026-09-11	released	122a0dd1445b2664b1b40b7df7b0e2240183d712	2022-01-06T08:56:09.471318-06:00	2024-07-30T21:43:10.724691-05:00	TRUE	4230195	2026-08-17	0cde6de9a0356114c68c7812fb75adfb	TRUE	43340715	FALSE	duplicate aliquot	FALSE	FALSE
CPTAC-3	validation	C3L-00606	C3L-00606-02	Primary Tumor	64132227-2107-4fbf-bd11-bc4561214ae4	92f61f67-a832-4070-881f-bad59c711b34.rna_seq.augmented_star_gene_counts.tsv	b634ea1f1f3094f00f517173c49754de	4219870	Data Release 46.0 - August 10, 2026	2026-09-11	released	122a0dd1445b2664b1b40b7df7b0e2240183d712	2022-01-06T08:55:00.023217-06:00	2024-07-30T22:03:25.083670-05:00	TRUE	4219870	2026-08-17	b634ea1f1f3094f00f517173c49754de	TRUE	30702382	FALSE	duplicate aliquot	FALSE	FALSE
CPTAC-3	validation	C3L-00606	C3L-00606-06	Solid Tissue Normal	00f8b5fa-e195-42bd-a3a7-95a97a33aea6	55731cdc-3348-4cfd-8bf1-d5a296057110.rna_seq.augmented_star_gene_counts.tsv	83bd2f04928f1f013487a1ff83b057c4	4243032	Data Release 46.0 - August 10, 2026	2026-09-11	released	122a0dd1445b2664b1b40b7df7b0e2240183d712	2022-01-06T08:55:49.821952-06:00	2024-07-30T21:55:35.399443-05:00	TRUE	4243032	2026-08-17	83bd2f04928f1f013487a1ff83b057c4	TRUE	39426484	FALSE	non-primary sample	FALSE	FALSE
CPTAC-3	validation	C3L-00607	C3L-00607-02	Solid Tissue Normal	f1190749-35c8-466d-ad8b-27da450ce093	ddc9f20d-bc4a-4584-bb50-542bb6cead38.rna_seq.augmented_star_gene_counts.tsv	dd1e686a08645f17ee34cec9162b4468	4233918	Data Release 46.0 - August 10, 2026	2026-09-11	released	122a0dd1445b2664b1b40b7df7b0e2240183d712	2022-01-06T09:42:40.167079-06:00	2024-07-30T21:54:48.938145-05:00	TRUE	4233918	2026-08-17	dd1e686a08645f17ee34cec9162b4468	TRUE	36511564	FALSE	non-primary sample	FALSE	FALSE
CPTAC-3	validation	C3L-00608	C3L-00608-01	Primary Tumor	77ae0679-2c95-4e52-99b1-6120952d6e79	d9418940-6d94-4826-9cfb-644825555adf.rna_seq.augmented_star_gene_counts.tsv	16e271e92b040fab6aa3ea425379b325	4224988	Data Release 46.0 - August 10, 2026	2026-09-11	released	122a0dd1445b2664b1b40b7df7b0e2240183d712	2022-04-21T09:13:16.816483-05:00	2024-07-30T00:36:53.132748-05:00	TRUE	4224988	2026-08-17	16e271e92b040fab6aa3ea425379b325	TRUE	34296117	FALSE	non-clear-cell histology	FALSE	FALSE
CPTAC-3	validation	C3L-00795	C3L-00795-01	Primary Tumor	2a36ace2-96f8-4840-9a98-ccb6322e442e	caf24cdb-2616-4551-ad22-c87b532c714a.rna_seq.augmented_star_gene_counts.tsv	0ce6ef2abaaecd41dc14458eb172a288	4221082	Data Release 46.0 - August 10, 2026	2026-09-11	released	122a0dd1445b2664b1b40b7df7b0e2240183d712	2022-04-04T19:23:27.854903-05:00	2024-07-30T00:26:26.585057-05:00	TRUE	4221082	2026-08-17	0ce6ef2abaaecd41dc14458eb172a288	TRUE	31173579	FALSE	non-clear-cell histology	FALSE	FALSE
CPTAC-3	validation	C3L-00795	C3L-00795-02	Solid Tissue Normal	26088aa6-6775-4402-bb89-caeba20e3af2	9c9404e4-ca1c-48c5-a121-65d75c5b7316.rna_seq.augmented_star_gene_counts.tsv	b2e27336a39349072f99746a40bece2b	4224450	Data Release 46.0 - August 10, 2026	2026-09-11	released	5d8c131bbff59fb0c969217fc1d44e6d1503cd1f	2022-04-04T18:36:56.543005-05:00	2024-07-30T21:22:24.741927-05:00	TRUE	4224450	2026-08-17	b2e27336a39349072f99746a40bece2b	TRUE	33869344	FALSE	non-primary sample	FALSE	FALSE
CPTAC-3	validation	C3L-00814	C3L-00814-02	Solid Tissue Normal	0f9d7f41-885c-4929-83cd-33fce57a5aa9	0476562e-e1f1-4864-b711-76e5ff5431d4.rna_seq.augmented_star_gene_counts.tsv	7c963e48363b5f793137b1a0577668fa	4239250	Data Release 46.0 - August 10, 2026	2026-09-11	released	122a0dd1445b2664b1b40b7df7b0e2240183d712	2022-01-06T09:48:06.046579-06:00	2024-07-30T22:02:36.814618-05:00	TRUE	4239250	2026-08-17	7c963e48363b5f793137b1a0577668fa	TRUE	35479548	FALSE	non-primary sample	FALSE	FALSE
CPTAC-3	validation	C3L-00902	C3L-00902-06	Solid Tissue Normal	3ff2a86e-0754-42ff-bbbc-c48fc3c52fe0	0f6ac35a-de0b-4495-86f8-53840b2fba2b.rna_seq.augmented_star_gene_counts.tsv	b83cde3b56eb3beb9c49b04657b536d1	4232011	Data Release 46.0 - August 10, 2026	2026-09-11	released	122a0dd1445b2664b1b40b7df7b0e2240183d712	2022-01-06T09:15:48.099621-06:00	2024-07-30T21:58:17.077421-05:00	TRUE	4232011	2026-08-17	b83cde3b56eb3beb9c49b04657b536d1	TRUE	31564482	FALSE	non-primary sample	FALSE	FALSE
CPTAC-3	validation	C3L-00907	C3L-00907-01	Primary Tumor	ffa253ae-7402-4c50-9f5f-d8cb39e46057	96d1f63c-660f-46b0-94d7-47be15b7d707.rna_seq.augmented_star_gene_counts.tsv	1e1d799234ec6b78365f55239fad4316	4233989	Data Release 46.0 - August 10, 2026	2026-09-11	released	122a0dd1445b2664b1b40b7df7b0e2240183d712	2022-01-06T09:21:52.579951-06:00	2024-07-30T21:53:59.310436-05:00	TRUE	4233989	2026-08-17	1e1d799234ec6b78365f55239fad4316	TRUE	38836121	FALSE	duplicate aliquot	FALSE	FALSE
CPTAC-3	validation	C3L-00907	C3L-00907-03	Primary Tumor	4e894ea9-875e-46fe-80b1-1a605636a848	caab8af2-cd19-4468-828a-be29af9cefe2.rna_seq.augmented_star_gene_counts.tsv	fd5dd83ebf8f82c57afba0e087ba0daf	4220512	Data Release 46.0 - August 10, 2026	2026-09-11	released	122a0dd1445b2664b1b40b7df7b0e2240183d712	2022-01-06T09:22:03.206405-06:00	2024-07-30T02:15:25.527315-05:00	TRUE	4220512	2026-08-17	fd5dd83ebf8f82c57afba0e087ba0daf	TRUE	28491486	FALSE	duplicate aliquot	FALSE	FALSE
CPTAC-3	validation	C3L-00907	C3L-00907-06	Solid Tissue Normal	ff35024d-0cfa-4cd0-b835-eb2bd7430390	1a3728a3-8fd5-4286-a3ac-cca2f8401fcc.rna_seq.augmented_star_gene_counts.tsv	44d7473ee1315c51aabac71ab44e6392	4240260	Data Release 46.0 - August 10, 2026	2026-09-11	released	122a0dd1445b2664b1b40b7df7b0e2240183d712	2022-01-06T09:21:22.301923-06:00	2024-07-30T21:43:21.663878-05:00	TRUE	4240260	2026-08-17	44d7473ee1315c51aabac71ab44e6392	TRUE	41080301	FALSE	non-primary sample	FALSE	FALSE
CPTAC-3	validation	C3L-00908	C3L-00908-06	Solid Tissue Normal	1caffc0d-6f72-4f9a-b213-6f9ff9fd61a6	022396e9-30da-4818-8706-61b721f1bfa6.rna_seq.augmented_star_gene_counts.tsv	6fcb02cb5b6dff827ecfecb2c14b40f3	4234260	Data Release 46.0 - August 10, 2026	2026-09-11	released	122a0dd1445b2664b1b40b7df7b0e2240183d712	2022-01-06T09:53:16.219303-06:00	2024-07-30T21:45:11.001457-05:00	TRUE	4234260	2026-08-17	6fcb02cb5b6dff827ecfecb2c14b40f3	TRUE	33805391	FALSE	non-primary sample	FALSE	FALSE
CPTAC-3	validation	C3L-00910	C3L-00910-06	Solid Tissue Normal	fdffe429-7b2b-421e-8e10-9ac67cc7c1f7	ff3e7799-5284-49a6-9d8b-3456a60ec890.rna_seq.augmented_star_gene_counts.tsv	87aaf717e0b62bc9024fe8efa9b544b5	4238410	Data Release 46.0 - August 10, 2026	2026-09-11	released	122a0dd1445b2664b1b40b7df7b0e2240183d712	2022-01-06T09:19:58.724191-06:00	2024-07-30T21:53:51.858764-05:00	TRUE	4238410	2026-08-17	87aaf717e0b62bc9024fe8efa9b544b5	TRUE	37360734	FALSE	non-primary sample	FALSE	FALSE
CPTAC-3	validation	C3L-00917	C3L-00917-06	Solid Tissue Normal	0b1925c1-e9ee-44a4-b4fe-173fb040b261	d416256e-6d61-442d-b82d-e66decf8122d.rna_seq.augmented_star_gene_counts.tsv	1b153eef19c75fa743e868fbcf3614d7	4234752	Data Release 46.0 - August 10, 2026	2026-09-11	released	122a0dd1445b2664b1b40b7df7b0e2240183d712	2022-01-06T09:42:37.382157-06:00	2024-07-30T21:49:53.685802-05:00	TRUE	4234752	2026-08-17	1b153eef19c75fa743e868fbcf3614d7	TRUE	38792051	FALSE	non-primary sample	FALSE	FALSE
CPTAC-3	validation	C3L-00966	C3L-00966-07	Solid Tissue Normal	d6714f78-9bb8-4ff7-be93-748889d3e3ec	f07c1a17-8986-4fc0-94e5-aaf2541b097f.rna_seq.augmented_star_gene_counts.tsv	31cb0590ee58fc27c7c565fd17354d34	4247179	Data Release 46.0 - August 10, 2026	2026-09-11	released	122a0dd1445b2664b1b40b7df7b0e2240183d712	2022-04-04T19:23:42.011416-05:00	2024-07-29T22:56:47.324287-05:00	TRUE	4247179	2026-08-17	31cb0590ee58fc27c7c565fd17354d34	TRUE	43823900	FALSE	non-primary sample	FALSE	FALSE
CPTAC-3	validation	C3L-00968	C3L-00968-07	Solid Tissue Normal	83f66b30-ad63-4496-8bce-7fea5286a864	4dd8bbd4-5b51-4fbb-b47d-98afe9a4b057.rna_seq.augmented_star_gene_counts.tsv	5176d4d8832ae03f49d278cb55455ba5	4239343	Data Release 46.0 - August 10, 2026	2026-09-11	released	122a0dd1445b2664b1b40b7df7b0e2240183d712	2022-04-21T08:14:43.603621-05:00	2024-07-29T22:55:25.333415-05:00	TRUE	4239343	2026-08-17	5176d4d8832ae03f49d278cb55455ba5	TRUE	36841269	FALSE	non-primary sample	FALSE	FALSE
CPTAC-3	validation	C3L-00969	C3L-00969-07	Solid Tissue Normal	84e16fb2-f70a-4019-9e0a-772919a3876c	288c86b4-8516-4df8-8f97-2ec6d37834ce.rna_seq.augmented_star_gene_counts.tsv	df535bf56b6b36eba8b6d90becd9bcfe	4250967	Data Release 46.0 - August 10, 2026	2026-09-11	released	5d8c131bbff59fb0c969217fc1d44e6d1503cd1f	2022-04-04T18:35:33.533084-05:00	2024-07-29T22:57:29.508661-05:00	TRUE	4250967	2026-08-17	df535bf56b6b36eba8b6d90becd9bcfe	TRUE	47357502	FALSE	non-primary sample	FALSE	FALSE
CPTAC-3	validation	C3L-00970	C3L-00970-07	Solid Tissue Normal	a078523b-6762-4840-afe4-4814e9e85781	b0b957e2-0f35-4268-ac00-44065949eeaa.rna_seq.augmented_star_gene_counts.tsv	00c684a0d6cc09a859b6eb97952733e9	4242999	Data Release 46.0 - August 10, 2026	2026-09-11	released	122a0dd1445b2664b1b40b7df7b0e2240183d712	2022-04-04T19:33:09.634079-05:00	2024-07-29T22:57:43.360772-05:00	TRUE	4242999	2026-08-17	00c684a0d6cc09a859b6eb97952733e9	TRUE	38520503	FALSE	non-primary sample	FALSE	FALSE
CPTAC-3	validation	C3L-00976	C3L-00976-08	Solid Tissue Normal	12ff6620-1fc8-473d-b4f4-35551f26f7f1	e7b10522-0ee7-414e-a799-9b61ade2d5f9.rna_seq.augmented_star_gene_counts.tsv	9a45b14b044bde246a27bc7531461b9c	4242388	Data Release 46.0 - August 10, 2026	2026-09-11	released	122a0dd1445b2664b1b40b7df7b0e2240183d712	2022-04-04T18:41:56.750743-05:00	2024-07-29T22:57:01.307969-05:00	TRUE	4242388	2026-08-17	9a45b14b044bde246a27bc7531461b9c	TRUE	40622695	FALSE	non-primary sample	FALSE	FALSE
CPTAC-3	validation	C3L-00980	C3L-00980-06	Solid Tissue Normal	f5f85c4c-4512-40a2-bcce-1e18f2b90363	91ccdd60-fb0e-431c-aad0-477fe203c8de.rna_seq.augmented_star_gene_counts.tsv	94e6379c8bbd3aadf79e364b30eb8c9f	4236502	Data Release 46.0 - August 10, 2026	2026-09-11	released	5d8c131bbff59fb0c969217fc1d44e6d1503cd1f	2022-04-04T19:10:56.834633-05:00	2024-07-29T22:57:58.821836-05:00	TRUE	4236502	2026-08-17	94e6379c8bbd3aadf79e364b30eb8c9f	TRUE	35691240	FALSE	non-primary sample	FALSE	FALSE
CPTAC-3	validation	C3L-00981	C3L-00981-06	Solid Tissue Normal	05f73420-f6c5-42e3-af05-ad6447f3de3b	453cac2c-f45d-4a2c-ac5f-b93934249d44.rna_seq.augmented_star_gene_counts.tsv	1bf587e28eae2add6fa67d621be0cf97	4229891	Data Release 46.0 - August 10, 2026	2026-09-11	released	122a0dd1445b2664b1b40b7df7b0e2240183d712	2022-04-04T18:46:49.063918-05:00	2024-07-29T22:57:46.167845-05:00	TRUE	4229891	2026-08-17	1bf587e28eae2add6fa67d621be0cf97	TRUE	29743266	FALSE	non-primary sample	FALSE	FALSE
CPTAC-3	validation	C3L-00982	C3L-00982-07	Solid Tissue Normal	497d3655-489a-4da2-af82-f5a7d94f3653	f672903f-a597-4a0f-8cfd-a6c90b623a62.rna_seq.augmented_star_gene_counts.tsv	95f768553a508b3f1cf54e44a2001c70	4239771	Data Release 46.0 - August 10, 2026	2026-09-11	released	122a0dd1445b2664b1b40b7df7b0e2240183d712	2022-04-04T19:22:16.746001-05:00	2024-07-29T22:56:49.709270-05:00	TRUE	4239771	2026-08-17	95f768553a508b3f1cf54e44a2001c70	TRUE	40016859	FALSE	non-primary sample	FALSE	FALSE
CPTAC-3	validation	C3L-00991	C3L-00991-06	Solid Tissue Normal	e5ebe690-91a5-425b-b5c6-72e461ef8f75	a042e775-7569-46ce-96a5-e6e7058c322a.rna_seq.augmented_star_gene_counts.tsv	9e7503153ffc4f2af0fb39212d423009	4233838	Data Release 46.0 - August 10, 2026	2026-09-11	released	122a0dd1445b2664b1b40b7df7b0e2240183d712	2022-04-04T19:08:22.569104-05:00	2024-07-29T22:58:17.608769-05:00	TRUE	4233838	2026-08-17	9e7503153ffc4f2af0fb39212d423009	TRUE	34564163	FALSE	non-primary sample	FALSE	FALSE
CPTAC-3	validation	C3L-01102	C3L-01102-06	Solid Tissue Normal	c2e36988-bde9-462c-8d5f-9d86ac60eb6d	6dcd6cc5-d6ec-46b3-9960-a33cc31806ec.rna_seq.augmented_star_gene_counts.tsv	f0366d1e5bce80ca3149c8c5b90d341f	4232628	Data Release 46.0 - August 10, 2026	2026-09-11	released	122a0dd1445b2664b1b40b7df7b0e2240183d712	2022-04-04T19:03:58.575086-05:00	2024-07-29T22:57:34.439865-05:00	TRUE	4232628	2026-08-17	f0366d1e5bce80ca3149c8c5b90d341f	TRUE	42130497	FALSE	non-primary sample	FALSE	FALSE
CPTAC-3	validation	C3L-01106	C3L-01106-06	Solid Tissue Normal	a0bf90ec-fedd-4b22-80c4-8d7c962ee6e4	868a2bc8-4c9d-4ff8-b8a7-158b960323be.rna_seq.augmented_star_gene_counts.tsv	884a4bf994533dea0dea98f49cad7161	4231383	Data Release 46.0 - August 10, 2026	2026-09-11	released	122a0dd1445b2664b1b40b7df7b0e2240183d712	2022-04-21T08:14:03.092474-05:00	2024-07-29T22:56:40.064019-05:00	TRUE	4231383	2026-08-17	884a4bf994533dea0dea98f49cad7161	TRUE	34868439	FALSE	non-primary sample	FALSE	FALSE
CPTAC-3	validation	C3L-01107	C3L-01107-07	Solid Tissue Normal	d7196d8a-0e5b-4358-9ce7-42bc765dc461	0318827f-9da0-474c-b7e2-23ffa97c6308.rna_seq.augmented_star_gene_counts.tsv	d9178a915ca6417f6efe14292aa40d0a	4236307	Data Release 46.0 - August 10, 2026	2026-09-11	released	122a0dd1445b2664b1b40b7df7b0e2240183d712	2022-04-04T19:18:40.602274-05:00	2024-07-29T22:58:56.730176-05:00	TRUE	4236307	2026-08-17	d9178a915ca6417f6efe14292aa40d0a	TRUE	36351286	FALSE	non-primary sample	FALSE	FALSE
CPTAC-3	validation	C3L-01279	C3L-01279-06	Solid Tissue Normal	4bb0ea08-bf4b-48bb-9c4c-654f5b981bbb	fb68f2f9-3445-4cdc-90c6-bf4b5a87e963.rna_seq.augmented_star_gene_counts.tsv	eac5929ccca8ea7fd5730ae4c266c857	4237679	Data Release 46.0 - August 10, 2026	2026-09-11	released	122a0dd1445b2664b1b40b7df7b0e2240183d712	2022-04-21T08:01:15.792264-05:00	2024-07-30T00:30:36.811707-05:00	TRUE	4237679	2026-08-17	eac5929ccca8ea7fd5730ae4c266c857	TRUE	32379624	FALSE	non-primary sample	FALSE	FALSE
CPTAC-3	validation	C3L-01281	C3L-01281-06	Solid Tissue Normal	d9b29481-18a5-48d0-87b0-db0c125e1e75	cf3ca833-9e5c-4ad4-812b-b342ecbc7523.rna_seq.augmented_star_gene_counts.tsv	c6797a1eafb1d9dd7dce7128092f2ef3	4243039	Data Release 46.0 - August 10, 2026	2026-09-11	released	5d8c131bbff59fb0c969217fc1d44e6d1503cd1f	2022-01-06T09:38:06.126393-06:00	2024-07-30T22:06:37.294229-05:00	TRUE	4243039	2026-08-17	c6797a1eafb1d9dd7dce7128092f2ef3	TRUE	38324418	FALSE	non-primary sample	FALSE	FALSE
CPTAC-3	validation	C3L-01286	C3L-01286-02	Primary Tumor	09b68eb6-0e45-4a1c-8cff-8d8858da94b8	04adac60-d23f-4813-b722-009e4c21487e.rna_seq.augmented_star_gene_counts.tsv	9f5f38590b541a6498269745a1c3a104	4232854	Data Release 46.0 - August 10, 2026	2026-09-11	released	122a0dd1445b2664b1b40b7df7b0e2240183d712	2022-01-06T08:47:08.668252-06:00	2024-07-30T22:00:34.731767-05:00	TRUE	4232854	2026-08-17	9f5f38590b541a6498269745a1c3a104	TRUE	40831781	FALSE	duplicate aliquot	FALSE	FALSE
CPTAC-3	validation	C3L-01286	C3L-01286-03	Primary Tumor	35f4a21a-a299-4cc2-a5b6-421b1be931b2	0bf95a27-4d07-4500-961a-5dd27ab98434.rna_seq.augmented_star_gene_counts.tsv	8dbcd7162ebeb26f7be4018545808e99	4229610	Data Release 46.0 - August 10, 2026	2026-09-11	released	122a0dd1445b2664b1b40b7df7b0e2240183d712	2022-01-06T08:54:50.734804-06:00	2024-07-30T21:41:12.584761-05:00	TRUE	4229610	2026-08-17	8dbcd7162ebeb26f7be4018545808e99	TRUE	36654805	FALSE	duplicate aliquot	FALSE	FALSE
CPTAC-3	validation	C3L-01286	C3L-01286-06	Solid Tissue Normal	5d0ee7d1-2cda-4c27-a0db-3837ced512c8	2d165f61-9941-4c84-a6d6-ad27d1a9ddba.rna_seq.augmented_star_gene_counts.tsv	45788d46b86dfd82300af7ba07515902	4234005	Data Release 46.0 - August 10, 2026	2026-09-11	released	122a0dd1445b2664b1b40b7df7b0e2240183d712	2022-01-06T09:56:58.576159-06:00	2024-07-30T21:44:25.248957-05:00	TRUE	4234005	2026-08-17	45788d46b86dfd82300af7ba07515902	TRUE	37325374	FALSE	non-primary sample	FALSE	FALSE
CPTAC-3	validation	C3L-01287	C3L-01287-01	Primary Tumor	11e07160-6ff4-4572-bdee-39a717cdc5f4	c90eb28f-fac3-4c6c-bebf-456d0fe6e248.rna_seq.augmented_star_gene_counts.tsv	3ec708ef1dcea9ce0df0b2ca41e8a496	4229929	Data Release 46.0 - August 10, 2026	2026-09-11	released	122a0dd1445b2664b1b40b7df7b0e2240183d712	2022-01-06T08:57:36.515693-06:00	2024-07-30T22:04:56.899000-05:00	TRUE	4229929	2026-08-17	3ec708ef1dcea9ce0df0b2ca41e8a496	TRUE	38183384	FALSE	duplicate aliquot	FALSE	FALSE
CPTAC-3	validation	C3L-01287	C3L-01287-03	Primary Tumor	e3fca10d-7db2-466e-a36b-2b9068473cab	318459f6-f4b2-4b18-8591-4158b6220d40.rna_seq.augmented_star_gene_counts.tsv	f493f916b11f37b6611c2831877b2266	4227650	Data Release 46.0 - August 10, 2026	2026-09-11	released	122a0dd1445b2664b1b40b7df7b0e2240183d712	2022-01-06T08:58:08.840033-06:00	2024-07-30T21:46:00.075581-05:00	TRUE	4227650	2026-08-17	f493f916b11f37b6611c2831877b2266	TRUE	36832277	FALSE	duplicate aliquot	FALSE	FALSE
CPTAC-3	validation	C3L-01287	C3L-01287-06	Solid Tissue Normal	892729b1-548f-4787-be57-a1d350fa3a5b	b053d9e7-3f2d-43b8-9f56-72d7ecfe0982.rna_seq.augmented_star_gene_counts.tsv	e4c57e3531b562449b17b8ed63a01b38	4239328	Data Release 46.0 - August 10, 2026	2026-09-11	released	122a0dd1445b2664b1b40b7df7b0e2240183d712	2022-01-06T08:57:28.954695-06:00	2024-07-30T21:54:37.651809-05:00	TRUE	4239328	2026-08-17	e4c57e3531b562449b17b8ed63a01b38	TRUE	44233815	FALSE	non-primary sample	FALSE	FALSE
CPTAC-3	validation	C3L-01302	C3L-01302-06	Solid Tissue Normal	12db1599-ae6a-4345-930e-6783c24023ad	d3f91c12-b14f-42b0-bba7-403fa6557ec0.rna_seq.augmented_star_gene_counts.tsv	274edb9e4a75e71979ee15516c62e051	4247614	Data Release 46.0 - August 10, 2026	2026-09-11	released	122a0dd1445b2664b1b40b7df7b0e2240183d712	2022-01-06T09:05:37.847579-06:00	2024-07-30T21:53:07.639191-05:00	TRUE	4247614	2026-08-17	274edb9e4a75e71979ee15516c62e051	TRUE	47802174	FALSE	non-primary sample	FALSE	FALSE
CPTAC-3	validation	C3L-01313	C3L-01313-06	Solid Tissue Normal	f1bc1766-cb5c-41b4-989c-dee51be75a0e	d4d369f1-ed9d-4429-8cc4-58939d240436.rna_seq.augmented_star_gene_counts.tsv	9f7f91d008c754dd082ccf74c56d0c05	4237964	Data Release 46.0 - August 10, 2026	2026-09-11	released	122a0dd1445b2664b1b40b7df7b0e2240183d712	2022-01-06T09:38:26.418066-06:00	2024-07-30T21:52:46.162407-05:00	TRUE	4237964	2026-08-17	9f7f91d008c754dd082ccf74c56d0c05	TRUE	36090249	FALSE	non-primary sample	FALSE	FALSE
CPTAC-3	validation	C3L-01458	C3L-01458-01	Primary Tumor	e3c68698-596b-4114-a03c-af1e1d3a0483	c82d84a4-5224-4ada-8390-57b9ee6a0510.rna_seq.augmented_star_gene_counts.tsv	0872e4cb62631b3b9a8bb0ba2bbe4b54	4227467	Data Release 46.0 - August 10, 2026	2026-09-11	released	122a0dd1445b2664b1b40b7df7b0e2240183d712	2022-04-04T18:35:50.614440-05:00	2024-07-30T21:26:13.224916-05:00	TRUE	4227467	2026-08-17	0872e4cb62631b3b9a8bb0ba2bbe4b54	TRUE	40884454	FALSE	non-clear-cell histology	FALSE	FALSE
CPTAC-3	validation	C3L-01460	C3L-01460-01	Primary Tumor	b7293fb2-111a-42e4-b26f-7a857bf101fd	ccd3da19-8741-4c99-b810-6fef49d91f4c.rna_seq.augmented_star_gene_counts.tsv	5b21813a47d65d055bf95bfe7254558a	4224763	Data Release 46.0 - August 10, 2026	2026-09-11	released	122a0dd1445b2664b1b40b7df7b0e2240183d712	2022-04-04T18:28:36.978418-05:00	2024-07-30T00:44:29.293109-05:00	TRUE	4224763	2026-08-17	5b21813a47d65d055bf95bfe7254558a	TRUE	34651917	FALSE	non-clear-cell histology	FALSE	FALSE
CPTAC-3	validation	C3L-01461	C3L-01461-01	Primary Tumor	3a3d46b7-d4a0-4263-9ab0-1ab21ad88a34	be253974-ebfe-4198-954c-7e1db48f6b1a.rna_seq.augmented_star_gene_counts.tsv	73ff535ac16995c1a05502c951084f4a	4227342	Data Release 46.0 - August 10, 2026	2026-09-11	released	5d8c131bbff59fb0c969217fc1d44e6d1503cd1f	2022-04-04T18:40:09.446642-05:00	2024-07-30T00:28:11.320942-05:00	TRUE	4227342	2026-08-17	73ff535ac16995c1a05502c951084f4a	TRUE	44582379	FALSE	non-clear-cell histology	FALSE	FALSE
CPTAC-3	validation	C3L-01462	C3L-01462-02	Solid Tissue Normal	f0865c5c-196a-4ae6-b01a-e19decfb1ae0	ad7b40d9-56f6-4fd6-ac42-a2de587ddd61.rna_seq.augmented_star_gene_counts.tsv	bf2ce2751649290ff517f5ca4b414ca1	4236215	Data Release 46.0 - August 10, 2026	2026-09-11	released	122a0dd1445b2664b1b40b7df7b0e2240183d712	2022-04-21T07:42:58.227090-05:00	2024-07-29T22:57:55.011207-05:00	TRUE	4236215	2026-08-17	bf2ce2751649290ff517f5ca4b414ca1	TRUE	39179529	FALSE	non-primary sample	FALSE	FALSE
CPTAC-3	validation	C3L-01463	C3L-01463-01	Primary Tumor	c151e5dc-eb70-4027-a6c2-f7102966f79a	877307e4-e16f-481d-891d-6990b6acb1e6.rna_seq.augmented_star_gene_counts.tsv	b638d308a433b5c8178c93d7e04a6403	4231918	Data Release 46.0 - August 10, 2026	2026-09-11	released	122a0dd1445b2664b1b40b7df7b0e2240183d712	2022-04-04T18:36:14.346435-05:00	2024-07-30T21:25:50.009518-05:00	TRUE	4231918	2026-08-17	b638d308a433b5c8178c93d7e04a6403	TRUE	37780979	FALSE	non-clear-cell histology	FALSE	FALSE
CPTAC-3	validation	C3L-01464	C3L-01464-02	Solid Tissue Normal	127c3c34-a11a-4cee-a5f3-ec79aa9a6499	4c6320c5-33ab-4333-aefb-def232fea69b.rna_seq.augmented_star_gene_counts.tsv	6e5606046ca078d5ee94884392cbdca2	4241225	Data Release 46.0 - August 10, 2026	2026-09-11	released	122a0dd1445b2664b1b40b7df7b0e2240183d712	2022-04-04T18:41:31.722492-05:00	2024-07-29T22:57:38.371764-05:00	TRUE	4241225	2026-08-17	6e5606046ca078d5ee94884392cbdca2	TRUE	45117121	FALSE	non-primary sample	FALSE	FALSE
CPTAC-3	validation	C3L-01467	C3L-01467-01	Primary Tumor	74e0f065-7ba4-4508-b207-ca7401b38ced	77fdb4c7-ad1f-4e94-a607-d716f9a790b5.rna_seq.augmented_star_gene_counts.tsv	5df464d28e871f6d06fcc8ca35901209	4213659	Data Release 46.0 - August 10, 2026	2026-09-11	released	122a0dd1445b2664b1b40b7df7b0e2240183d712	2022-04-04T18:41:17.553554-05:00	2024-07-30T00:36:37.289995-05:00	TRUE	4213659	2026-08-17	5df464d28e871f6d06fcc8ca35901209	TRUE	27576490	FALSE	non-clear-cell histology	FALSE	FALSE
CPTAC-3	validation	C3L-01467	C3L-01467-02	Solid Tissue Normal	d19811bf-5ab3-4501-b959-44b4b404cfe0	14fee8ec-3c9b-465d-94ae-d6cad38109fa.rna_seq.augmented_star_gene_counts.tsv	55075f8b5112ed8fe33f07dfab10ceb3	4218183	Data Release 46.0 - August 10, 2026	2026-09-11	released	5d8c131bbff59fb0c969217fc1d44e6d1503cd1f	2022-04-21T05:14:39.448338-05:00	2024-07-30T21:25:51.163636-05:00	TRUE	4218183	2026-08-17	55075f8b5112ed8fe33f07dfab10ceb3	TRUE	29364525	FALSE	non-primary sample	FALSE	FALSE
CPTAC-3	validation	C3L-01469	C3L-01469-01	Primary Tumor	c113af2e-cca5-4d4a-8d63-cab60d3a5084	7bbc5701-0687-41e9-b70a-c80988f21f3f.rna_seq.augmented_star_gene_counts.tsv	52bf1a9848b80100ca2376c45ab316e8	4224662	Data Release 46.0 - August 10, 2026	2026-09-11	released	122a0dd1445b2664b1b40b7df7b0e2240183d712	2022-04-21T09:10:16.915747-05:00	2024-07-30T00:45:33.255084-05:00	TRUE	4224662	2026-08-17	52bf1a9848b80100ca2376c45ab316e8	TRUE	39241087	FALSE	non-clear-cell histology	FALSE	FALSE
CPTAC-3	validation	C3L-01558	C3L-01558-01	Primary Tumor	6aec88ec-a081-4b86-8da4-010fb97749ef	44106af5-5be6-40cc-950c-037f9340209e.rna_seq.augmented_star_gene_counts.tsv	daaff1f67c2d34a05bdc1369ec532de9	4218963	Data Release 46.0 - August 10, 2026	2026-09-11	released	122a0dd1445b2664b1b40b7df7b0e2240183d712	2022-04-04T19:29:54.870954-05:00	2024-07-30T00:35:14.226905-05:00	TRUE	4218963	2026-08-17	daaff1f67c2d34a05bdc1369ec532de9	TRUE	35331818	FALSE	non-clear-cell histology	FALSE	FALSE
CPTAC-3	validation	C3L-01603	C3L-01603-01	Primary Tumor	688a9166-8a2d-4a64-92b7-708457d0de06	790730b0-3af3-4725-a0e1-c222aacce4a6.rna_seq.augmented_star_gene_counts.tsv	dcd04ad275603cf74d783202ef4b7f54	4233684	Data Release 46.0 - August 10, 2026	2026-09-11	released	5d8c131bbff59fb0c969217fc1d44e6d1503cd1f	2022-01-06T08:47:13.418367-06:00	2024-07-30T21:45:37.825745-05:00	TRUE	4233684	2026-08-17	dcd04ad275603cf74d783202ef4b7f54	TRUE	34612452	FALSE	duplicate aliquot	FALSE	FALSE
CPTAC-3	validation	C3L-01603	C3L-01603-03	Primary Tumor	8763ffdf-989a-4bef-b1b1-4914ad768e0f	0fc6103c-8bf1-47ca-b89a-344bf5346f80.rna_seq.augmented_star_gene_counts.tsv	6656ed25d3dd72bcf739445225e4af77	4230444	Data Release 46.0 - August 10, 2026	2026-09-11	released	122a0dd1445b2664b1b40b7df7b0e2240183d712	2022-01-06T08:53:44.889228-06:00	2024-07-30T22:01:34.409216-05:00	TRUE	4230444	2026-08-17	6656ed25d3dd72bcf739445225e4af77	TRUE	34477003	FALSE	duplicate aliquot	FALSE	FALSE
CPTAC-3	validation	C3L-01603	C3L-01603-06	Solid Tissue Normal	fb9eb7a7-c670-4961-aeb4-037a59871ca3	16427572-3a4c-4035-a5f9-246e427653cc.rna_seq.augmented_star_gene_counts.tsv	25f36b11691d51cc0d5fc12de1765bac	4242263	Data Release 46.0 - August 10, 2026	2026-09-11	released	122a0dd1445b2664b1b40b7df7b0e2240183d712	2022-01-06T09:56:23.101313-06:00	2024-07-30T22:01:45.647195-05:00	TRUE	4242263	2026-08-17	25f36b11691d51cc0d5fc12de1765bac	TRUE	45779732	FALSE	non-primary sample	FALSE	FALSE
CPTAC-3	validation	C3L-01607	C3L-01607-01	Primary Tumor	67af4ca5-a6e3-43b4-818c-74a971498bb3	5b33af04-44c5-442e-a57b-e80b92618333.rna_seq.augmented_star_gene_counts.tsv	02d676e432116aa23c5ebdcd3ce265a3	4235451	Data Release 46.0 - August 10, 2026	2026-09-11	released	122a0dd1445b2664b1b40b7df7b0e2240183d712	2022-01-06T08:57:56.509547-06:00	2024-07-30T21:51:28.942385-05:00	TRUE	4235451	2026-08-17	02d676e432116aa23c5ebdcd3ce265a3	TRUE	36468522	FALSE	duplicate aliquot	FALSE	FALSE
CPTAC-3	validation	C3L-01607	C3L-01607-02	Primary Tumor	0effee03-c6d7-45b6-8740-99add36d7bd2	155e6d67-2aa5-4a49-8859-123f23097162.rna_seq.augmented_star_gene_counts.tsv	d64c4c5b9cceeb421fd2694437fd31ed	4228352	Data Release 46.0 - August 10, 2026	2026-09-11	released	122a0dd1445b2664b1b40b7df7b0e2240183d712	2022-01-06T08:58:29.838926-06:00	2024-07-30T21:55:23.159943-05:00	TRUE	4228352	2026-08-17	d64c4c5b9cceeb421fd2694437fd31ed	TRUE	32073814	FALSE	duplicate aliquot	FALSE	FALSE
CPTAC-3	validation	C3L-01607	C3L-01607-06	Solid Tissue Normal	f6b97dd3-ca6a-4cbb-bf2d-667c9146ed58	4d54009d-d480-44e2-baa3-6d64f8520095.rna_seq.augmented_star_gene_counts.tsv	4bb645a6e3367ea21c966fc1cbd358ab	4243889	Data Release 46.0 - August 10, 2026	2026-09-11	released	122a0dd1445b2664b1b40b7df7b0e2240183d712	2022-01-06T08:58:32.892942-06:00	2024-07-30T21:45:12.335806-05:00	TRUE	4243889	2026-08-17	4bb645a6e3367ea21c966fc1cbd358ab	TRUE	37975238	FALSE	non-primary sample	FALSE	FALSE
CPTAC-3	validation	C3L-01665	C3L-01665-06	Solid Tissue Normal	dfb5cb66-9de7-4b39-88e7-5690a75f3d14	66240dc7-f532-448d-91f8-a67168cdf457.rna_seq.augmented_star_gene_counts.tsv	80ca504a75c2b26e4cf86c3f8e4094ab	4246723	Data Release 46.0 - August 10, 2026	2026-09-11	released	122a0dd1445b2664b1b40b7df7b0e2240183d712	2022-04-04T19:39:15.005104-05:00	2024-07-29T22:58:34.050011-05:00	TRUE	4246723	2026-08-17	80ca504a75c2b26e4cf86c3f8e4094ab	TRUE	41106715	FALSE	non-primary sample	FALSE	FALSE
CPTAC-3	validation	C3L-01676	C3L-01676-07	Solid Tissue Normal	9fa2de23-f151-4565-97d3-0c3ef0f06fee	40cd8e81-f86c-4af4-a51d-6b28b5636b29.rna_seq.augmented_star_gene_counts.tsv	f73dfa4000185ad5e5f33f3554e28979	4232563	Data Release 46.0 - August 10, 2026	2026-09-11	released	122a0dd1445b2664b1b40b7df7b0e2240183d712	2022-04-04T19:16:10.833465-05:00	2024-07-29T22:59:47.638544-05:00	TRUE	4232563	2026-08-17	f73dfa4000185ad5e5f33f3554e28979	TRUE	35353019	FALSE	non-primary sample	FALSE	FALSE
CPTAC-3	validation	C3L-01681	C3L-01681-04	Solid Tissue Normal	34d0c862-f762-477a-b7c5-5112f1a602c6	961af4f3-bcae-43bd-9876-bcbe564a7e3f.rna_seq.augmented_star_gene_counts.tsv	9b7c456e67d8729f6c9367ad1c3d346e	4232456	Data Release 46.0 - August 10, 2026	2026-09-11	released	122a0dd1445b2664b1b40b7df7b0e2240183d712	2022-04-04T19:25:38.090292-05:00	2024-07-29T22:57:57.626812-05:00	TRUE	4232456	2026-08-17	9b7c456e67d8729f6c9367ad1c3d346e	TRUE	31026350	FALSE	non-primary sample	FALSE	FALSE
CPTAC-3	validation	C3L-01836	C3L-01836-01	Primary Tumor	cc22abde-d923-4cbc-abb3-e6373d8abfbf	eb749079-7b1b-45fc-a926-630b73a6ce1b.rna_seq.augmented_star_gene_counts.tsv	a9d29beaf21079ddc0a44dda67bf58a4	4235370	Data Release 46.0 - August 10, 2026	2026-09-11	released	122a0dd1445b2664b1b40b7df7b0e2240183d712	2022-01-06T09:08:49.746672-06:00	2024-07-30T21:56:28.177890-05:00	TRUE	4235370	2026-08-17	a9d29beaf21079ddc0a44dda67bf58a4	TRUE	42870794	FALSE	duplicate aliquot	FALSE	FALSE
CPTAC-3	validation	C3L-01836	C3L-01836-02	Primary Tumor	8ce59b59-a909-40ff-8237-08d26fa261e1	4f51ab27-6caf-4dd1-bdf8-b435505cd2dd.rna_seq.augmented_star_gene_counts.tsv	a7436e28ad35bade3e6392ae276c60de	4234449	Data Release 46.0 - August 10, 2026	2026-09-11	released	122a0dd1445b2664b1b40b7df7b0e2240183d712	2022-01-06T09:08:16.741692-06:00	2024-07-30T21:55:15.773932-05:00	TRUE	4234449	2026-08-17	a7436e28ad35bade3e6392ae276c60de	TRUE	37242132	FALSE	duplicate aliquot	FALSE	FALSE
CPTAC-3	validation	C3L-01836	C3L-01836-06	Solid Tissue Normal	c740ff46-f774-42d0-b780-f153d0f42ac1	91b2b348-41f2-40df-9106-7a6722d6a333.rna_seq.augmented_star_gene_counts.tsv	56eaae6ffaea4a7ca7f75f0b60c1dfb2	4232338	Data Release 46.0 - August 10, 2026	2026-09-11	released	122a0dd1445b2664b1b40b7df7b0e2240183d712	2022-01-06T09:10:56.560516-06:00	2024-07-30T22:03:18.969584-05:00	TRUE	4232338	2026-08-17	56eaae6ffaea4a7ca7f75f0b60c1dfb2	TRUE	33806185	FALSE	non-primary sample	FALSE	FALSE
CPTAC-3	validation	C3L-01861	C3L-01861-01	Primary Tumor	411254d1-97ca-431d-9642-809df5a88841	ed0ba6f7-d6f5-4ac6-8a99-9449913b3e48.rna_seq.augmented_star_gene_counts.tsv	33d566f1f1fe8f9f91bde33b9093696f	4228430	Data Release 46.0 - August 10, 2026	2026-09-11	released	122a0dd1445b2664b1b40b7df7b0e2240183d712	2022-01-06T09:13:10.708364-06:00	2024-07-30T21:45:25.206678-05:00	TRUE	4228430	2026-08-17	33d566f1f1fe8f9f91bde33b9093696f	TRUE	34819784	FALSE	duplicate aliquot	FALSE	FALSE
CPTAC-3	validation	C3L-01861	C3L-01861-03	Primary Tumor	32d8a136-2ed4-41fc-b65c-df9b09162280	299c288d-4f31-43f3-8720-a8b5848e8fc0.rna_seq.augmented_star_gene_counts.tsv	c1401a8f48c0ff64263eb2d264dc5db5	4229032	Data Release 46.0 - August 10, 2026	2026-09-11	released	122a0dd1445b2664b1b40b7df7b0e2240183d712	2022-01-06T09:13:35.798499-06:00	2024-07-30T21:49:20.275956-05:00	TRUE	4229032	2026-08-17	c1401a8f48c0ff64263eb2d264dc5db5	TRUE	33848309	FALSE	duplicate aliquot	FALSE	FALSE
CPTAC-3	validation	C3L-01861	C3L-01861-06	Solid Tissue Normal	493de183-91a7-4a7d-911a-92cf2d8ab56b	ab2ffed0-a613-4bc6-b17b-12cad8b71477.rna_seq.augmented_star_gene_counts.tsv	70f81e4d8f629456e280577ca02be0d6	4238838	Data Release 46.0 - August 10, 2026	2026-09-11	released	122a0dd1445b2664b1b40b7df7b0e2240183d712	2022-01-06T09:13:21.427323-06:00	2024-07-30T21:46:36.673427-05:00	TRUE	4238838	2026-08-17	70f81e4d8f629456e280577ca02be0d6	TRUE	41056097	FALSE	non-primary sample	FALSE	FALSE
CPTAC-3	validation	C3L-01865	C3L-01865-01	Primary Tumor	250a20ff-b85f-4c55-8a9a-b29ca33b0a06	bda39650-6af8-4ea1-9513-ef3d6ce05123.rna_seq.augmented_star_gene_counts.tsv	d4b54d8d8ed9d255bd7ff35f64c9a064	4223812	Data Release 46.0 - August 10, 2026	2026-09-11	released	122a0dd1445b2664b1b40b7df7b0e2240183d712	2022-04-04T19:29:52.414629-05:00	2024-07-30T00:25:57.104452-05:00	TRUE	4223812	2026-08-17	d4b54d8d8ed9d255bd7ff35f64c9a064	TRUE	36354614	FALSE	non-clear-cell histology	FALSE	FALSE
CPTAC-3	validation	C3L-01865	C3L-01865-06	Solid Tissue Normal	cdc996db-1bcf-47d3-b2a8-f4c312f20dd8	7bec097d-e7e8-4119-b237-4b9a7a590e5f.rna_seq.augmented_star_gene_counts.tsv	56f400cbe8f14ef28107f03750228eed	4238178	Data Release 46.0 - August 10, 2026	2026-09-11	released	122a0dd1445b2664b1b40b7df7b0e2240183d712	2022-04-04T19:29:05.197582-05:00	2024-07-30T00:47:31.546687-05:00	TRUE	4238178	2026-08-17	56f400cbe8f14ef28107f03750228eed	TRUE	43202745	FALSE	non-primary sample	FALSE	FALSE
CPTAC-3	validation	C3L-01869	C3L-01869-06	Solid Tissue Normal	d9cb9549-263a-40c6-8cda-8cffa69826f7	e21da563-d430-460a-a655-d92e04323d4a.rna_seq.augmented_star_gene_counts.tsv	5f13ba65ed93895e00b8f6d5e205e486	4240240	Data Release 46.0 - August 10, 2026	2026-09-11	released	122a0dd1445b2664b1b40b7df7b0e2240183d712	2022-04-04T19:40:40.686304-05:00	2024-07-29T22:57:19.010765-05:00	TRUE	4240240	2026-08-17	5f13ba65ed93895e00b8f6d5e205e486	TRUE	41239823	FALSE	non-primary sample	FALSE	FALSE
CPTAC-3	validation	C3L-01882	C3L-01882-06	Solid Tissue Normal	9467fa58-38b3-4050-88d5-2ec5ee887f05	8aaa0b0b-629c-439f-91b7-56ae860b19ef.rna_seq.augmented_star_gene_counts.tsv	11d3f4685d359fcb6a39f07663cc6623	4233569	Data Release 46.0 - August 10, 2026	2026-09-11	released	122a0dd1445b2664b1b40b7df7b0e2240183d712	2022-01-06T09:14:22.103833-06:00	2024-07-30T21:43:26.518596-05:00	TRUE	4233569	2026-08-17	11d3f4685d359fcb6a39f07663cc6623	TRUE	37588425	FALSE	non-primary sample	FALSE	FALSE
CPTAC-3	validation	C3L-01885	C3L-01885-06	Solid Tissue Normal	3d97b2f2-76af-4b83-b3fd-99ca12884591	c1c423f4-cb4a-4629-a0b1-91ca96432906.rna_seq.augmented_star_gene_counts.tsv	a5d28c85082d809e3f2e5d16c182985b	4235710	Data Release 46.0 - August 10, 2026	2026-09-11	released	5d8c131bbff59fb0c969217fc1d44e6d1503cd1f	2022-01-06T09:17:00.313395-06:00	2024-07-30T22:00:01.027813-05:00	TRUE	4235710	2026-08-17	a5d28c85082d809e3f2e5d16c182985b	TRUE	38800995	FALSE	non-primary sample	FALSE	FALSE
CPTAC-3	validation	C3L-01953	C3L-01953-01	Primary Tumor	f18a9c05-4e4a-4d96-a12b-f39e5efe6244	40a2854d-cfda-4ee5-bc4f-4f9dc3759267.rna_seq.augmented_star_gene_counts.tsv	a59c1d71ca51ee4ca876b7850afa0312	4221466	Data Release 46.0 - August 10, 2026	2026-09-11	released	122a0dd1445b2664b1b40b7df7b0e2240183d712	2022-04-21T09:14:30.102163-05:00	2024-07-30T00:52:22.115681-05:00	TRUE	4221466	2026-08-17	a59c1d71ca51ee4ca876b7850afa0312	TRUE	40641386	FALSE	non-clear-cell histology	FALSE	FALSE
CPTAC-3	validation	C3L-01955	C3L-01955-01	Primary Tumor	f4926ceb-889e-4f2d-b953-38ea3072d2a7	4162daab-bde4-4f96-8d70-40ad3653d440.rna_seq.augmented_star_gene_counts.tsv	921e844a0dfe94cb2e25c907112a5cb7	4217257	Data Release 46.0 - August 10, 2026	2026-09-11	released	5d8c131bbff59fb0c969217fc1d44e6d1503cd1f	2022-04-04T18:40:06.694528-05:00	2024-07-30T21:26:26.459935-05:00	TRUE	4217257	2026-08-17	921e844a0dfe94cb2e25c907112a5cb7	TRUE	30064316	FALSE	non-clear-cell histology	FALSE	FALSE
CPTAC-3	validation	C3L-01955	C3L-01955-02	Solid Tissue Normal	fdedbc3a-3f08-4ef0-8e3d-e17f6988a140	b39764dc-566d-44bb-aec8-235cfc239dd6.rna_seq.augmented_star_gene_counts.tsv	187121a6f488ffc7250de0b974a250b5	4238682	Data Release 46.0 - August 10, 2026	2026-09-11	released	122a0dd1445b2664b1b40b7df7b0e2240183d712	2022-04-04T18:39:18.385947-05:00	2024-07-30T00:53:42.597370-05:00	TRUE	4238682	2026-08-17	187121a6f488ffc7250de0b974a250b5	TRUE	38593448	FALSE	non-primary sample	FALSE	FALSE
CPTAC-3	validation	C3L-01960	C3L-01960-01	Primary Tumor	d6babbf8-622e-4c39-9ff7-2b6ad6313fa9	3d0851a6-3184-432e-8541-e2ca97dabeff.rna_seq.augmented_star_gene_counts.tsv	58088564b3000c45d4f6ecb3bed988ac	4230402	Data Release 46.0 - August 10, 2026	2026-09-11	released	122a0dd1445b2664b1b40b7df7b0e2240183d712	2022-04-04T18:49:12.959760-05:00	2024-07-30T21:26:12.008803-05:00	TRUE	4230402	2026-08-17	58088564b3000c45d4f6ecb3bed988ac	TRUE	32415786	FALSE	non-clear-cell histology	FALSE	FALSE
CPTAC-3	validation	C3L-01962	C3L-01962-01	Primary Tumor	b0bad1c7-9f79-470f-ac66-df0daff66cf7	55f58be6-fa90-4898-ab19-00687a1cdc58.rna_seq.augmented_star_gene_counts.tsv	9443ab44cbcf2621e58b805dc8da9be2	4227286	Data Release 46.0 - August 10, 2026	2026-09-11	released	122a0dd1445b2664b1b40b7df7b0e2240183d712	2022-04-21T07:44:28.397356-05:00	2024-07-30T21:25:12.818955-05:00	TRUE	4227286	2026-08-17	9443ab44cbcf2621e58b805dc8da9be2	TRUE	34456302	FALSE	non-clear-cell histology	FALSE	FALSE
CPTAC-3	validation	C3L-01962	C3L-01962-02	Solid Tissue Normal	e3b52ca3-47dd-46dc-9d58-2e6bfc4e1c83	459800a2-632b-49d3-909d-ca9c9814296b.rna_seq.augmented_star_gene_counts.tsv	9322b83ee224c29a4da8803cb2056d90	4236502	Data Release 46.0 - August 10, 2026	2026-09-11	released	5d8c131bbff59fb0c969217fc1d44e6d1503cd1f	2022-04-21T05:15:43.287739-05:00	2024-07-30T00:50:55.815840-05:00	TRUE	4236502	2026-08-17	9322b83ee224c29a4da8803cb2056d90	TRUE	36942752	FALSE	non-primary sample	FALSE	FALSE
CPTAC-3	validation	C3L-01976	C3L-01976-04	Solid Tissue Normal	f94e84c0-782d-44bb-90c7-15cb316b108a	d6c91992-e4cf-4a7d-9900-f8ef32af2cf9.rna_seq.augmented_star_gene_counts.tsv	d526a92277177b877721db0197cea0a7	4248390	Data Release 46.0 - August 10, 2026	2026-09-11	released	122a0dd1445b2664b1b40b7df7b0e2240183d712	2022-04-04T18:42:29.644274-05:00	2024-07-29T22:57:10.195607-05:00	TRUE	4248390	2026-08-17	d526a92277177b877721db0197cea0a7	TRUE	40534678	FALSE	non-primary sample	FALSE	FALSE
CPTAC-3	validation	C3L-01978	C3L-01978-05	Solid Tissue Normal	4b03d643-0ae6-4800-a4f4-f87e968cd7d8	cb824391-ce95-4c12-97d8-f46000225e7d.rna_seq.augmented_star_gene_counts.tsv	e5f23987df7ef3d3a1422bc50e5bf5ea	4240383	Data Release 46.0 - August 10, 2026	2026-09-11	released	122a0dd1445b2664b1b40b7df7b0e2240183d712	2022-04-04T19:39:25.121648-05:00	2024-07-29T23:00:04.485713-05:00	TRUE	4240383	2026-08-17	e5f23987df7ef3d3a1422bc50e5bf5ea	TRUE	41470238	FALSE	non-primary sample	FALSE	FALSE
CPTAC-3	validation	C3L-02204	C3L-02204-01	Primary Tumor	5edbe0a3-1d5b-4368-b7c4-2c8e41fa3e4e	d9939563-9bbe-4fd6-ad56-3cb0dbf6dda0.rna_seq.augmented_star_gene_counts.tsv	aabb4168075fa81f578cef47f322b09a	4220335	Data Release 46.0 - August 10, 2026	2026-09-11	released	122a0dd1445b2664b1b40b7df7b0e2240183d712	2022-04-04T18:55:06.438131-05:00	2024-07-30T00:33:16.433390-05:00	TRUE	4220335	2026-08-17	aabb4168075fa81f578cef47f322b09a	TRUE	37337353	FALSE	non-clear-cell histology	FALSE	FALSE
CPTAC-3	validation	C3L-02204	C3L-02204-02	Solid Tissue Normal	fa4448cc-7ba6-4361-852a-1b99be1a1221	772f691d-23f8-4caf-9197-03f63ccdb3c8.rna_seq.augmented_star_gene_counts.tsv	0983c05742b12ac1b4c2eac337337d9b	4222952	Data Release 46.0 - August 10, 2026	2026-09-11	released	5d8c131bbff59fb0c969217fc1d44e6d1503cd1f	2022-04-04T18:53:56.230255-05:00	2024-07-30T00:53:25.049472-05:00	TRUE	4222952	2026-08-17	0983c05742b12ac1b4c2eac337337d9b	TRUE	31864806	FALSE	non-primary sample	FALSE	FALSE
CPTAC-3	validation	C3L-02208	C3L-02208-02	Solid Tissue Normal	3bde6ea0-faf8-4542-9f81-e44b2445e04e	cdc2bb66-8eb5-4281-8001-72c0fa2afa84.rna_seq.augmented_star_gene_counts.tsv	dbd881bc1df07703184efb1c54e1c5dd	4238052	Data Release 46.0 - August 10, 2026	2026-09-11	released	122a0dd1445b2664b1b40b7df7b0e2240183d712	2022-04-04T19:22:29.483191-05:00	2024-07-29T22:59:51.584693-05:00	TRUE	4238052	2026-08-17	dbd881bc1df07703184efb1c54e1c5dd	TRUE	36235327	FALSE	non-primary sample	FALSE	FALSE
CPTAC-3	validation	C3L-02210	C3L-02210-01	Primary Tumor	291a5524-499f-4ae4-ba6c-f7a08c20b6b0	567e2dbb-7249-4058-8424-f0c8a5657809.rna_seq.augmented_star_gene_counts.tsv	ae3be7cfebb4a7e4ec181d732b05e820	4241621	Data Release 46.0 - August 10, 2026	2026-09-11	released	122a0dd1445b2664b1b40b7df7b0e2240183d712	2022-04-04T18:39:28.029444-05:00	2024-07-30T00:26:15.557260-05:00	TRUE	4241621	2026-08-17	ae3be7cfebb4a7e4ec181d732b05e820	TRUE	40548040	FALSE	non-clear-cell histology	FALSE	FALSE
CPTAC-3	validation	C3L-02211	C3L-02211-02	Solid Tissue Normal	1ee1589d-3a46-4ae1-880e-36d1af7e78ff	3b236a47-98b2-49f2-8595-fdaa59a38146.rna_seq.augmented_star_gene_counts.tsv	92968cb397b326b05e3efa400b88e476	4246093	Data Release 46.0 - August 10, 2026	2026-09-11	released	122a0dd1445b2664b1b40b7df7b0e2240183d712	2022-04-04T19:22:09.302740-05:00	2024-07-29T23:00:26.865400-05:00	TRUE	4246093	2026-08-17	92968cb397b326b05e3efa400b88e476	TRUE	38849186	FALSE	non-primary sample	FALSE	FALSE
CPTAC-3	validation	C3L-02212	C3L-02212-01	Primary Tumor	6f8a76c7-2665-4550-8030-b4a83954332d	94a09021-43ce-4c8a-afe9-de67e8c69b42.rna_seq.augmented_star_gene_counts.tsv	1fc44ff559aa10be0855bb4320a93647	4217941	Data Release 46.0 - August 10, 2026	2026-09-11	released	122a0dd1445b2664b1b40b7df7b0e2240183d712	2022-04-21T05:15:53.781866-05:00	2024-07-30T00:35:59.596001-05:00	TRUE	4217941	2026-08-17	1fc44ff559aa10be0855bb4320a93647	TRUE	26625878	FALSE	non-clear-cell histology	FALSE	FALSE
CPTAC-3	validation	C3L-02212	C3L-02212-02	Solid Tissue Normal	7432cc02-b529-446d-afcb-2e7b6812c853	00ade2f3-802c-428b-b63c-d011e73d1f47.rna_seq.augmented_star_gene_counts.tsv	0df8af6c9b7ac7532ab2afa9fb82021e	4233409	Data Release 46.0 - August 10, 2026	2026-09-11	released	5d8c131bbff59fb0c969217fc1d44e6d1503cd1f	2022-04-04T18:40:51.940056-05:00	2024-07-30T00:36:36.021429-05:00	TRUE	4233409	2026-08-17	0df8af6c9b7ac7532ab2afa9fb82021e	TRUE	29770755	FALSE	non-primary sample	FALSE	FALSE
CPTAC-3	validation	C3L-02220	C3L-02220-06	Solid Tissue Normal	378106d5-a4fb-4352-8f20-2ecde22299ee	6dc77b16-45ac-422f-a70e-aa144536575b.rna_seq.augmented_star_gene_counts.tsv	b69d0f4b3264a5b04b39d5a96381abf8	4231317	Data Release 46.0 - August 10, 2026	2026-09-11	released	122a0dd1445b2664b1b40b7df7b0e2240183d712	2022-04-21T08:04:22.689012-05:00	2024-07-29T23:00:49.060924-05:00	TRUE	4231317	2026-08-17	b69d0f4b3264a5b04b39d5a96381abf8	TRUE	30117838	FALSE	non-primary sample	FALSE	FALSE
CPTAC-3	validation	C3L-02346	C3L-02346-06	Solid Tissue Normal	27fa0ec5-2f7d-4cd7-9cf6-9bffcb66d0d0	397b7915-7df8-458f-9c7c-f5f5a05b4eff.rna_seq.augmented_star_gene_counts.tsv	3d6a17b5031698ce660c63ecdabe17dd	4236797	Data Release 46.0 - August 10, 2026	2026-09-11	released	5d8c131bbff59fb0c969217fc1d44e6d1503cd1f	2022-04-04T19:02:07.532221-05:00	2024-07-29T23:01:02.717642-05:00	TRUE	4236797	2026-08-17	3d6a17b5031698ce660c63ecdabe17dd	TRUE	33545444	FALSE	non-primary sample	FALSE	FALSE
CPTAC-3	validation	C3L-02352	C3L-02352-06	Solid Tissue Normal	7366c6ae-02a2-4190-a92c-9d1ccb3b7860	0416fcc6-1a3e-4e93-b30b-ca7f77481d08.rna_seq.augmented_star_gene_counts.tsv	b0e5482ad09074aeb82bb5dc0c0ba5e5	4236605	Data Release 46.0 - August 10, 2026	2026-09-11	released	122a0dd1445b2664b1b40b7df7b0e2240183d712	2022-04-04T18:47:17.356595-05:00	2024-07-29T22:59:38.746284-05:00	TRUE	4236605	2026-08-17	b0e5482ad09074aeb82bb5dc0c0ba5e5	TRUE	40151813	FALSE	non-primary sample	FALSE	FALSE
CPTAC-3	validation	C3L-02364	C3L-02364-06	Solid Tissue Normal	4f3e5205-6371-4518-905c-965691a3d6ac	2d72c679-d135-42e3-81d5-4102319626d2.rna_seq.augmented_star_gene_counts.tsv	8ea6b95b09f5fc13326c06552fca8377	4238105	Data Release 46.0 - August 10, 2026	2026-09-11	released	122a0dd1445b2664b1b40b7df7b0e2240183d712	2022-04-04T19:33:45.029432-05:00	2024-07-29T23:00:55.341134-05:00	TRUE	4238105	2026-08-17	8ea6b95b09f5fc13326c06552fca8377	TRUE	33184149	FALSE	non-primary sample	FALSE	FALSE
CPTAC-3	validation	C3L-02544	C3L-02544-06	Solid Tissue Normal	8d16fe63-865d-4345-af83-8a2893a64450	df0ae930-d49f-4269-b4cb-942b0544f2c4.rna_seq.augmented_star_gene_counts.tsv	35069ec88c1116eaa206c6c584c4d476	4239298	Data Release 46.0 - August 10, 2026	2026-09-11	released	122a0dd1445b2664b1b40b7df7b0e2240183d712	2022-04-04T19:11:43.810941-05:00	2024-07-29T23:00:38.847146-05:00	TRUE	4239298	2026-08-17	35069ec88c1116eaa206c6c584c4d476	TRUE	35825442	FALSE	non-primary sample	FALSE	FALSE
CPTAC-3	validation	C3L-02551	C3L-02551-06	Solid Tissue Normal	70d604a6-af88-487a-82ad-482206da616f	87185ec9-7aa8-48a5-9dc8-2420a879c178.rna_seq.augmented_star_gene_counts.tsv	e89a966f3a3f25d5f8097e3d012f617f	4240448	Data Release 46.0 - August 10, 2026	2026-09-11	released	5d8c131bbff59fb0c969217fc1d44e6d1503cd1f	2022-04-21T08:27:12.251169-05:00	2024-07-29T23:00:59.004760-05:00	TRUE	4240448	2026-08-17	e89a966f3a3f25d5f8097e3d012f617f	TRUE	42252759	FALSE	non-primary sample	FALSE	FALSE
CPTAC-3	validation	C3L-02556	C3L-02556-06	Solid Tissue Normal	fcfc46d2-b1e2-4f5f-b296-5e97763834e2	fa664c32-efe0-4f4d-8352-9b4929afef7b.rna_seq.augmented_star_gene_counts.tsv	861f76c06f683f4e424f3b76ae794179	4236537	Data Release 46.0 - August 10, 2026	2026-09-11	released	122a0dd1445b2664b1b40b7df7b0e2240183d712	2022-04-21T08:15:02.340658-05:00	2024-07-29T23:00:42.615407-05:00	TRUE	4236537	2026-08-17	861f76c06f683f4e424f3b76ae794179	TRUE	37890611	FALSE	non-primary sample	FALSE	FALSE
CPTAC-3	validation	C3L-02841	C3L-02841-02	Solid Tissue Normal	a5da547c-e757-4f5b-b39c-c701b033d7ae	48b220a4-fc36-4532-bbce-087836566d44.rna_seq.augmented_star_gene_counts.tsv	92cf243e3d224fa34fe5e3112031d070	4229487	Data Release 46.0 - August 10, 2026	2026-09-11	released	122a0dd1445b2664b1b40b7df7b0e2240183d712	2022-04-04T19:02:31.000486-05:00	2024-07-29T22:58:08.704447-05:00	TRUE	4229487	2026-08-17	92cf243e3d224fa34fe5e3112031d070	TRUE	33089221	FALSE	non-primary sample	FALSE	FALSE
CPTAC-3	validation	C3L-02842	C3L-02842-02	Solid Tissue Normal	1c6b625a-e381-4afb-8ad7-eb4c77c21dc7	1aa3827d-497a-4b8b-aab1-d9455b4eab8f.rna_seq.augmented_star_gene_counts.tsv	094e81abd6dd8416c09c5210d96247af	4234070	Data Release 46.0 - August 10, 2026	2026-09-11	released	122a0dd1445b2664b1b40b7df7b0e2240183d712	2022-04-04T19:11:48.666981-05:00	2024-07-29T23:02:19.543716-05:00	TRUE	4234070	2026-08-17	094e81abd6dd8416c09c5210d96247af	TRUE	32847022	FALSE	non-primary sample	FALSE	FALSE
CPTAC-3	validation	C3L-02858	C3L-02858-01	Primary Tumor	875b0223-304b-4dec-939a-15ea28500a59	5db57ced-866c-4242-9e87-2fb1a7097a5c.rna_seq.augmented_star_gene_counts.tsv	b66fe251731aa8267d5e5ef5c5271bad	4224693	Data Release 46.0 - August 10, 2026	2026-09-11	released	122a0dd1445b2664b1b40b7df7b0e2240183d712	2022-04-21T09:15:04.369887-05:00	2024-07-30T00:38:40.766352-05:00	TRUE	4224693	2026-08-17	b66fe251731aa8267d5e5ef5c5271bad	TRUE	34577818	FALSE	non-clear-cell histology	FALSE	FALSE
CPTAC-3	validation	C3L-02860	C3L-02860-01	Primary Tumor	b4506cec-4706-44e0-9b75-a41a1231b966	65725e14-83be-4cf2-9a0a-ed8e33365bda.rna_seq.augmented_star_gene_counts.tsv	886ac3671e697ef91c8f828d6cd778ec	4222450	Data Release 46.0 - August 10, 2026	2026-09-11	released	122a0dd1445b2664b1b40b7df7b0e2240183d712	2022-04-21T08:05:22.097019-05:00	2024-07-30T00:44:11.380762-05:00	TRUE	4222450	2026-08-17	886ac3671e697ef91c8f828d6cd778ec	TRUE	29038915	FALSE	non-clear-cell histology	FALSE	FALSE
CPTAC-3	validation	C3N-00148	C3N-00148-01	Primary Tumor	12355205-4cdc-4462-aab5-bc715845c061	682f51f8-5d1f-4b6f-909f-3ffb2645ebc3.rna_seq.augmented_star_gene_counts.tsv	b7c00564124ad0da1d665d081f42e31f	4233618	Data Release 46.0 - August 10, 2026	2026-09-11	released	122a0dd1445b2664b1b40b7df7b0e2240183d712	2022-01-06T09:23:05.783756-06:00	2024-07-30T21:43:12.021340-05:00	TRUE	4233618	2026-08-17	b7c00564124ad0da1d665d081f42e31f	TRUE	32365131	FALSE	duplicate aliquot	FALSE	FALSE
CPTAC-3	validation	C3N-00148	C3N-00148-02	Primary Tumor	655b010a-6fd8-40f2-8a3a-e1e32da833f2	934cc3f4-e7b3-4052-9179-6d4de46ec44e.rna_seq.augmented_star_gene_counts.tsv	ea93ea7b5538ee3ba5b9c19d4b08bcad	4240954	Data Release 46.0 - August 10, 2026	2026-09-11	released	122a0dd1445b2664b1b40b7df7b0e2240183d712	2022-01-06T09:23:57.338715-06:00	2024-07-30T21:51:12.188140-05:00	TRUE	4240954	2026-08-17	ea93ea7b5538ee3ba5b9c19d4b08bcad	TRUE	38537990	FALSE	duplicate aliquot	FALSE	FALSE
CPTAC-3	validation	C3N-00148	C3N-00148-03	Primary Tumor	874a88ca-032c-4af2-a22c-e6ba222ac7fc	6a3e428d-5a67-4297-a679-e186f08f800f.rna_seq.augmented_star_gene_counts.tsv	264c9784e415fedcf662ef4852ddce2a	4248102	Data Release 46.0 - August 10, 2026	2026-09-11	released	122a0dd1445b2664b1b40b7df7b0e2240183d712	2022-01-06T09:24:30.440869-06:00	2024-07-30T22:02:27.913697-05:00	TRUE	4248102	2026-08-17	264c9784e415fedcf662ef4852ddce2a	TRUE	44204150	FALSE	non-positive or missing survival time	FALSE	FALSE
CPTAC-3	validation	C3N-00148	C3N-00148-04	Primary Tumor	6eb2afdd-e1f8-4803-80d6-29ea2ba27bde	eb28bb87-5826-48e2-88e0-8774cc2e0d09.rna_seq.augmented_star_gene_counts.tsv	ce45d05b3f624a05f8784441f96ccf0d	4236223	Data Release 46.0 - August 10, 2026	2026-09-11	released	122a0dd1445b2664b1b40b7df7b0e2240183d712	2022-01-06T09:23:19.173660-06:00	2024-07-30T21:54:26.584353-05:00	TRUE	4236223	2026-08-17	ce45d05b3f624a05f8784441f96ccf0d	TRUE	33193791	FALSE	duplicate aliquot	FALSE	FALSE
CPTAC-3	validation	C3N-00148	C3N-00148-06	Solid Tissue Normal	b7368835-2b00-4014-b5a0-6fcdf2ac6e9a	08c4c108-a518-4479-bddd-0e32f3faff23.rna_seq.augmented_star_gene_counts.tsv	f6ba25cb2a6ef1a3e0aeddee3b9a2369	4241792	Data Release 46.0 - August 10, 2026	2026-09-11	released	122a0dd1445b2664b1b40b7df7b0e2240183d712	2022-01-06T09:23:52.671960-06:00	2024-07-30T21:42:19.395941-05:00	TRUE	4241792	2026-08-17	f6ba25cb2a6ef1a3e0aeddee3b9a2369	TRUE	42554900	FALSE	non-primary sample	FALSE	FALSE
CPTAC-3	validation	C3N-00149	C3N-00149-02	Primary Tumor	663fd178-9d7b-4b5f-8e7f-37f26e190419	e7217f0d-398c-41ef-ac67-95d110d56357.rna_seq.augmented_star_gene_counts.tsv	ae8862f4830716fe55b8bec435939169	4235868	Data Release 46.0 - August 10, 2026	2026-09-11	released	122a0dd1445b2664b1b40b7df7b0e2240183d712	2022-01-06T09:00:31.018893-06:00	2024-07-30T22:04:24.279590-05:00	TRUE	4235868	2026-08-17	ae8862f4830716fe55b8bec435939169	TRUE	43937762	FALSE	non-positive or missing survival time	FALSE	FALSE
CPTAC-3	validation	C3N-00149	C3N-00149-03	Primary Tumor	76a4320f-5e8a-4475-9103-d6e1000de06c	ff481170-f549-447f-b970-c84e4fb1efab.rna_seq.augmented_star_gene_counts.tsv	f45fc64b208e0dca227d0fab3ac4690b	4230623	Data Release 46.0 - August 10, 2026	2026-09-11	released	122a0dd1445b2664b1b40b7df7b0e2240183d712	2022-01-06T09:00:53.243911-06:00	2024-07-30T22:00:29.803606-05:00	TRUE	4230623	2026-08-17	f45fc64b208e0dca227d0fab3ac4690b	TRUE	35487871	FALSE	duplicate aliquot	FALSE	FALSE
CPTAC-3	validation	C3N-00149	C3N-00149-04	Primary Tumor	de7df320-efc0-4750-a438-9b8a2e8b84a5	1e9f3a22-9a68-49b1-94c6-4a0ea4d1d341.rna_seq.augmented_star_gene_counts.tsv	21d30704f48e5d33270afc0a66520a7d	4225817	Data Release 46.0 - August 10, 2026	2026-09-11	released	122a0dd1445b2664b1b40b7df7b0e2240183d712	2022-01-06T09:01:21.434817-06:00	2024-07-30T21:43:53.157720-05:00	TRUE	4225817	2026-08-17	21d30704f48e5d33270afc0a66520a7d	TRUE	34881220	FALSE	duplicate aliquot	FALSE	FALSE
CPTAC-3	validation	C3N-00149	C3N-00149-06	Solid Tissue Normal	b23a7f7e-3113-4489-8abe-5acbc13d9078	078fde6a-08e0-4158-83b3-ee027e64bfd5.rna_seq.augmented_star_gene_counts.tsv	309b4acddfe240ec00676da4376beea3	4225699	Data Release 46.0 - August 10, 2026	2026-09-11	released	5d8c131bbff59fb0c969217fc1d44e6d1503cd1f	2022-01-06T09:00:25.216074-06:00	2024-07-30T22:00:55.143019-05:00	TRUE	4225699	2026-08-17	309b4acddfe240ec00676da4376beea3	TRUE	29004632	FALSE	non-primary sample	FALSE	FALSE
CPTAC-3	validation	C3N-00150	C3N-00150-01	Primary Tumor	478f46e6-c941-4a8e-a575-64aeb65af5ea	a7acf0c9-541a-4bb8-bbba-40e20f0e955c.rna_seq.augmented_star_gene_counts.tsv	9a17e9a4fa56a38e68727323b3f3de86	4226648	Data Release 46.0 - August 10, 2026	2026-09-11	released	122a0dd1445b2664b1b40b7df7b0e2240183d712	2022-01-06T08:53:24.927308-06:00	2024-07-30T21:57:46.213024-05:00	TRUE	4226648	2026-08-17	9a17e9a4fa56a38e68727323b3f3de86	TRUE	34005152	FALSE	duplicate aliquot	FALSE	FALSE
CPTAC-3	validation	C3N-00150	C3N-00150-02	Primary Tumor	7ca338be-f39b-4f3a-85b1-e5d8f332a15c	7008408d-a9b6-4e00-8c94-cc7f2a13836b.rna_seq.augmented_star_gene_counts.tsv	e13e72d7919efc2b5f8b6c51dcb3e8b0	4237617	Data Release 46.0 - August 10, 2026	2026-09-11	released	122a0dd1445b2664b1b40b7df7b0e2240183d712	2022-01-06T09:56:26.160631-06:00	2024-07-30T21:45:28.907737-05:00	TRUE	4237617	2026-08-17	e13e72d7919efc2b5f8b6c51dcb3e8b0	TRUE	50261787	FALSE	non-positive or missing survival time	FALSE	FALSE
CPTAC-3	validation	C3N-00150	C3N-00150-03	Primary Tumor	930fcf08-bf60-463a-b582-692278e609ee	9c87730f-1056-4a2d-91c3-6126d030dfa6.rna_seq.augmented_star_gene_counts.tsv	787a3e5e101be3c82df0d79ce3c89d0e	4236099	Data Release 46.0 - August 10, 2026	2026-09-11	released	122a0dd1445b2664b1b40b7df7b0e2240183d712	2022-01-06T09:56:02.120970-06:00	2024-07-30T21:44:22.687230-05:00	TRUE	4236099	2026-08-17	787a3e5e101be3c82df0d79ce3c89d0e	TRUE	37149190	FALSE	duplicate aliquot	FALSE	FALSE
CPTAC-3	validation	C3N-00150	C3N-00150-04	Primary Tumor	7566dad5-67ec-4e31-8c03-f0e45ba40716	893722aa-8845-48c8-aedc-dbaf831031cb.rna_seq.augmented_star_gene_counts.tsv	cabe7a00d1e608cb67386458f080be76	4239945	Data Release 46.0 - August 10, 2026	2026-09-11	released	5d8c131bbff59fb0c969217fc1d44e6d1503cd1f	2022-01-06T08:54:24.690211-06:00	2024-07-30T21:56:40.605372-05:00	TRUE	4239945	2026-08-17	cabe7a00d1e608cb67386458f080be76	TRUE	49397942	FALSE	duplicate aliquot	FALSE	FALSE
CPTAC-3	validation	C3N-00150	C3N-00150-06	Solid Tissue Normal	571d5646-fa92-4b7e-9f2f-12da84d521cd	f8c4e1a9-70f7-4366-857d-14abdbeddcf9.rna_seq.augmented_star_gene_counts.tsv	480ba7587909f870c2efced6c40607c4	4235903	Data Release 46.0 - August 10, 2026	2026-09-11	released	122a0dd1445b2664b1b40b7df7b0e2240183d712	2022-01-06T08:54:03.164700-06:00	2024-07-30T21:42:44.469379-05:00	TRUE	4235903	2026-08-17	480ba7587909f870c2efced6c40607c4	TRUE	35253456	FALSE	non-primary sample	FALSE	FALSE
CPTAC-3	validation	C3N-00154	C3N-00154-04	Primary Tumor	872bad3a-5f4a-48fb-9310-ffbc7927972a	fb9f067a-82fb-4d44-a888-ccbff71d329b.rna_seq.augmented_star_gene_counts.tsv	6fed397d9787f4613a3c4bfb9f9b0a60	4231550	Data Release 46.0 - August 10, 2026	2026-09-11	released	122a0dd1445b2664b1b40b7df7b0e2240183d712	2022-01-06T09:44:55.083191-06:00	2024-07-30T21:51:09.632467-05:00	TRUE	4231550	2026-08-17	6fed397d9787f4613a3c4bfb9f9b0a60	TRUE	37248474	FALSE	non-positive or missing survival time	FALSE	FALSE
CPTAC-3	validation	C3N-00168	C3N-00168-02	Primary Tumor	3a3a8fef-ba1a-4c73-98f4-4b4d620055a5	0c7f2260-89f4-4678-b973-d89e83f31820.rna_seq.augmented_star_gene_counts.tsv	478842f5f93784d1628b843aa8d6fe61	4232595	Data Release 46.0 - August 10, 2026	2026-09-11	released	5d8c131bbff59fb0c969217fc1d44e6d1503cd1f	2022-01-06T09:14:51.409533-06:00	2024-07-30T22:06:46.378469-05:00	TRUE	4232595	2026-08-17	478842f5f93784d1628b843aa8d6fe61	TRUE	37135708	FALSE	duplicate aliquot	FALSE	FALSE
CPTAC-3	validation	C3N-00168	C3N-00168-03	Primary Tumor	16fa687a-c802-42a4-8a87-0a585b3b8587	07f4eaf3-04df-4863-bd92-56ba9dcb71df.rna_seq.augmented_star_gene_counts.tsv	f9eec60fbea71401e67c8db6a30430c1	4229050	Data Release 46.0 - August 10, 2026	2026-09-11	released	5d8c131bbff59fb0c969217fc1d44e6d1503cd1f	2022-01-06T09:16:21.047853-06:00	2024-07-30T21:47:17.209838-05:00	TRUE	4229050	2026-08-17	f9eec60fbea71401e67c8db6a30430c1	TRUE	40463264	FALSE	duplicate aliquot	FALSE	FALSE
CPTAC-3	validation	C3N-00168	C3N-00168-04	Primary Tumor	e33244f6-cda4-4201-bcb4-54517d6c5933	5a72beac-2c96-4f9b-b85a-a95ee2c667df.rna_seq.augmented_star_gene_counts.tsv	d114bde4ce706b3d34f0cdb9cf286fae	4233338	Data Release 46.0 - August 10, 2026	2026-09-11	released	122a0dd1445b2664b1b40b7df7b0e2240183d712	2022-01-06T09:14:28.333096-06:00	2024-07-30T21:53:17.529891-05:00	TRUE	4233338	2026-08-17	d114bde4ce706b3d34f0cdb9cf286fae	TRUE	35795784	FALSE	duplicate aliquot	FALSE	FALSE
CPTAC-3	validation	C3N-00168	C3N-00168-06	Solid Tissue Normal	f9fc142b-fc10-404b-a155-a99425478d16	62df76e6-0a9f-4074-999b-257625b3793f.rna_seq.augmented_star_gene_counts.tsv	2efc885ec87147348442ba7b508b9fe6	4228852	Data Release 46.0 - August 10, 2026	2026-09-11	released	122a0dd1445b2664b1b40b7df7b0e2240183d712	2022-01-06T09:14:43.786843-06:00	2024-07-30T22:03:00.107951-05:00	TRUE	4228852	2026-08-17	2efc885ec87147348442ba7b508b9fe6	TRUE	32949466	FALSE	non-primary sample	FALSE	FALSE
CPTAC-3	validation	C3N-00177	C3N-00177-01	Primary Tumor	64a60c7c-00f7-4d25-ba66-620c9b8f89ae	0f2ca7e9-2250-4d03-a84a-675d7d5cad49.rna_seq.augmented_star_gene_counts.tsv	65e3bceee2f23a49153ca219bd5f4310	4235697	Data Release 46.0 - August 10, 2026	2026-09-11	released	122a0dd1445b2664b1b40b7df7b0e2240183d712	2022-01-06T09:40:24.735718-06:00	2024-07-30T21:54:06.716893-05:00	TRUE	4235697	2026-08-17	65e3bceee2f23a49153ca219bd5f4310	TRUE	39549079	FALSE	duplicate aliquot	FALSE	FALSE
CPTAC-3	validation	C3N-00177	C3N-00177-02	Primary Tumor	69dcb6ce-7102-44c8-9d39-0f6d444ca7ba	29db59af-56f1-4448-b04b-a46220df6c89.rna_seq.augmented_star_gene_counts.tsv	9f2447027b5461f375be22ed80c0ca6d	4227004	Data Release 46.0 - August 10, 2026	2026-09-11	released	122a0dd1445b2664b1b40b7df7b0e2240183d712	2022-01-06T09:39:22.725684-06:00	2024-07-30T21:47:47.970220-05:00	TRUE	4227004	2026-08-17	9f2447027b5461f375be22ed80c0ca6d	TRUE	32141921	FALSE	duplicate aliquot	FALSE	FALSE
CPTAC-3	validation	C3N-00177	C3N-00177-06	Solid Tissue Normal	3419ef02-f1d6-442c-8e4b-97f94540f650	024d8b88-476c-4fda-a343-9a1d0160ed19.rna_seq.augmented_star_gene_counts.tsv	17b409f41411733f0bfa7910411e0d87	4237293	Data Release 46.0 - August 10, 2026	2026-09-11	released	5d8c131bbff59fb0c969217fc1d44e6d1503cd1f	2022-01-06T09:39:44.402574-06:00	2024-07-30T21:02:24.237887-05:00	TRUE	4237293	2026-08-17	17b409f41411733f0bfa7910411e0d87	TRUE	36131509	FALSE	non-primary sample	FALSE	FALSE
CPTAC-3	validation	C3N-00194	C3N-00194-01	Primary Tumor	c8f39987-c32c-49dd-99fd-367557c77d4d	fef5bbfe-a089-4523-830b-1692c16eb67b.rna_seq.augmented_star_gene_counts.tsv	c523c3da4e3ecb906b5a96fdecc90a9d	4233024	Data Release 46.0 - August 10, 2026	2026-09-11	released	122a0dd1445b2664b1b40b7df7b0e2240183d712	2022-01-06T09:44:37.382281-06:00	2024-07-30T21:47:35.722799-05:00	TRUE	4233024	2026-08-17	c523c3da4e3ecb906b5a96fdecc90a9d	TRUE	38548211	FALSE	duplicate aliquot	FALSE	FALSE
CPTAC-3	validation	C3N-00194	C3N-00194-04	Primary Tumor	71ea835e-68f4-4336-ac3b-b123bc5573ac	eac21e24-7590-45ae-8d02-418e946f5fa2.rna_seq.augmented_star_gene_counts.tsv	af7fdcadda0fdec438c52eae0d38c5a9	4224629	Data Release 46.0 - August 10, 2026	2026-09-11	released	122a0dd1445b2664b1b40b7df7b0e2240183d712	2022-01-06T09:44:17.103684-06:00	2024-07-30T21:43:43.901977-05:00	TRUE	4224629	2026-08-17	af7fdcadda0fdec438c52eae0d38c5a9	TRUE	37595675	FALSE	duplicate aliquot	FALSE	FALSE
CPTAC-3	validation	C3N-00194	C3N-00194-06	Solid Tissue Normal	322cb12f-00ca-490e-8cdb-709c8a023d02	3245c320-8e71-460b-a3a3-7eb0c37f42a8.rna_seq.augmented_star_gene_counts.tsv	8d37747b403fb43d0a0c3b9c57cc4ee1	4233233	Data Release 46.0 - August 10, 2026	2026-09-11	released	122a0dd1445b2664b1b40b7df7b0e2240183d712	2022-01-06T09:44:49.042785-06:00	2024-07-30T21:50:45.521169-05:00	TRUE	4233233	2026-08-17	8d37747b403fb43d0a0c3b9c57cc4ee1	TRUE	35336591	FALSE	non-primary sample	FALSE	FALSE
CPTAC-3	validation	C3N-00242	C3N-00242-06	Solid Tissue Normal	6a7bdab4-0a4f-4564-8804-210355a98be1	0cf9aca5-930b-4ddb-a5b9-bc637ef7d35c.rna_seq.augmented_star_gene_counts.tsv	af006e1005921b832f1262d3aaec9bf0	4240792	Data Release 46.0 - August 10, 2026	2026-09-11	released	122a0dd1445b2664b1b40b7df7b0e2240183d712	2022-01-06T09:48:13.597405-06:00	2024-07-30T02:16:48.899741-05:00	TRUE	4240792	2026-08-17	af006e1005921b832f1262d3aaec9bf0	TRUE	40416297	FALSE	non-primary sample	FALSE	FALSE
CPTAC-3	validation	C3N-00243	C3N-00243-03	Primary Tumor	32baaa40-063f-4282-b933-87b5cc083a3f	e53cec85-3a48-4403-8e99-56ec36f2547d.rna_seq.augmented_star_gene_counts.tsv	f33c7df16139a01dc5062b8684d65788	4240727	Data Release 46.0 - August 10, 2026	2026-09-11	released	122a0dd1445b2664b1b40b7df7b0e2240183d712	2022-04-04T19:29:14.100800-05:00	2024-07-30T00:27:33.584824-05:00	TRUE	4240727	2026-08-17	f33c7df16139a01dc5062b8684d65788	TRUE	41370358	FALSE	non-clear-cell histology	FALSE	FALSE
CPTAC-3	validation	C3N-00243	C3N-00243-07	Solid Tissue Normal	4a8eff0e-c9ca-48fc-85b8-08ae7dbb029c	10441855-966b-4627-b486-09b07947d016.rna_seq.augmented_star_gene_counts.tsv	392eadb0b02e0cd7817c2b252fe9f660	4232705	Data Release 46.0 - August 10, 2026	2026-09-11	released	122a0dd1445b2664b1b40b7df7b0e2240183d712	2022-04-21T09:13:06.912681-05:00	2024-07-30T00:30:27.587524-05:00	TRUE	4232705	2026-08-17	392eadb0b02e0cd7817c2b252fe9f660	TRUE	42336797	FALSE	non-primary sample	FALSE	FALSE
CPTAC-3	validation	C3N-00244	C3N-00244-06	Solid Tissue Normal	4e540860-9685-406e-9c0b-85d7e4d69938	3413da43-cfc2-4749-842f-12307ba18601.rna_seq.augmented_star_gene_counts.tsv	82b2121d5cac39aae0b3bcad1881a223	4240143	Data Release 46.0 - August 10, 2026	2026-09-11	released	122a0dd1445b2664b1b40b7df7b0e2240183d712	2022-01-06T08:48:56.966300-06:00	2024-07-30T21:51:32.480621-05:00	TRUE	4240143	2026-08-17	82b2121d5cac39aae0b3bcad1881a223	TRUE	41512328	FALSE	non-primary sample	FALSE	FALSE
CPTAC-3	validation	C3N-00310	C3N-00310-01	Primary Tumor	050fe1aa-e157-49d5-87a6-3a924202db9d	422d25fd-6ec6-4dff-8ace-36a2405a417e.rna_seq.augmented_star_gene_counts.tsv	d332a0a263848128750844534985023a	4231430	Data Release 46.0 - August 10, 2026	2026-09-11	released	122a0dd1445b2664b1b40b7df7b0e2240183d712	2022-01-06T09:09:58.748201-06:00	2024-07-30T21:57:56.551997-05:00	TRUE	4231430	2026-08-17	d332a0a263848128750844534985023a	TRUE	31092936	FALSE	duplicate aliquot	FALSE	FALSE
CPTAC-3	validation	C3N-00310	C3N-00310-02	Primary Tumor	edbaa692-8820-4f24-9ed6-9472397127f2	21ff1170-996b-4785-8b76-659490eb7021.rna_seq.augmented_star_gene_counts.tsv	d0ef1e64e3b6a7565c60e0fa0f5fc37d	4233399	Data Release 46.0 - August 10, 2026	2026-09-11	released	122a0dd1445b2664b1b40b7df7b0e2240183d712	2022-01-06T09:11:23.981871-06:00	2024-07-30T21:44:19.102019-05:00	TRUE	4233399	2026-08-17	d0ef1e64e3b6a7565c60e0fa0f5fc37d	TRUE	31961927	FALSE	duplicate aliquot	FALSE	FALSE
CPTAC-3	validation	C3N-00310	C3N-00310-03	Primary Tumor	1bdc5261-333f-4d22-b8b2-bf952b535c64	a59f93e6-7578-46ee-bf3a-38bb104d5f8c.rna_seq.augmented_star_gene_counts.tsv	d54877e6d036a12b158872e8dcfd35bd	4232784	Data Release 46.0 - August 10, 2026	2026-09-11	released	5d8c131bbff59fb0c969217fc1d44e6d1503cd1f	2022-01-06T09:10:30.706395-06:00	2024-07-30T21:57:01.847745-05:00	TRUE	4232784	2026-08-17	d54877e6d036a12b158872e8dcfd35bd	TRUE	40622254	FALSE	duplicate aliquot	FALSE	FALSE
CPTAC-3	validation	C3N-00310	C3N-00310-05	Solid Tissue Normal	bb8106de-bfa5-4676-b044-18d8f47e6ce3	4e27b94c-9aa4-4d70-9671-edfdefbdf9e5.rna_seq.augmented_star_gene_counts.tsv	11ee40a10925f0f899a5a6048b9c7ab2	4241581	Data Release 46.0 - August 10, 2026	2026-09-11	released	5d8c131bbff59fb0c969217fc1d44e6d1503cd1f	2022-01-06T09:11:10.904233-06:00	2024-07-30T21:55:40.117739-05:00	TRUE	4241581	2026-08-17	11ee40a10925f0f899a5a6048b9c7ab2	TRUE	36277295	FALSE	non-primary sample	FALSE	FALSE
CPTAC-3	validation	C3N-00312	C3N-00312-01	Primary Tumor	57354a0c-c9ab-4f4b-a29f-590cb395ef2c	d8c62a78-ff01-442a-bd93-4e4676f2c56b.rna_seq.augmented_star_gene_counts.tsv	f2a4f73baab4f178d329dc49a0fea273	4240677	Data Release 46.0 - August 10, 2026	2026-09-11	released	5d8c131bbff59fb0c969217fc1d44e6d1503cd1f	2022-01-06T09:51:13.124791-06:00	2024-07-30T21:42:41.578131-05:00	TRUE	4240677	2026-08-17	f2a4f73baab4f178d329dc49a0fea273	TRUE	41952483	FALSE	duplicate aliquot	FALSE	FALSE
CPTAC-3	validation	C3N-00312	C3N-00312-02	Primary Tumor	96b1e7c1-3dab-4179-a9df-071bc221a889	3e2f5442-6df9-4bf0-864a-34891bad1938.rna_seq.augmented_star_gene_counts.tsv	32d3e6180d1c3a4deb4dc74f18635804	4241494	Data Release 46.0 - August 10, 2026	2026-09-11	released	122a0dd1445b2664b1b40b7df7b0e2240183d712	2022-01-06T09:51:32.629718-06:00	2024-07-30T21:47:18.369801-05:00	TRUE	4241494	2026-08-17	32d3e6180d1c3a4deb4dc74f18635804	TRUE	41440412	FALSE	duplicate aliquot	FALSE	FALSE
CPTAC-3	validation	C3N-00312	C3N-00312-04	Primary Tumor	9d0f414e-3513-4732-829b-f736d879e44f	510b2b04-a8f4-4d7d-887e-5d34381a43ce.rna_seq.augmented_star_gene_counts.tsv	741e52991962a345cb442eb887a822f4	4236875	Data Release 46.0 - August 10, 2026	2026-09-11	released	122a0dd1445b2664b1b40b7df7b0e2240183d712	2022-01-06T09:50:52.825248-06:00	2024-07-30T21:55:45.122699-05:00	TRUE	4236875	2026-08-17	741e52991962a345cb442eb887a822f4	TRUE	40919160	FALSE	duplicate aliquot	FALSE	FALSE
CPTAC-3	validation	C3N-00314	C3N-00314-02	Primary Tumor	62023b38-7d19-4402-b950-b2f6fcf0e857	0e31156c-0fab-4a0b-b72d-d572c4b97a4c.rna_seq.augmented_star_gene_counts.tsv	42e0cc665ce1aaed70addd3adba28d15	4233989	Data Release 46.0 - August 10, 2026	2026-09-11	released	122a0dd1445b2664b1b40b7df7b0e2240183d712	2022-01-06T09:41:43.640879-06:00	2024-07-30T21:54:43.851580-05:00	TRUE	4233989	2026-08-17	42e0cc665ce1aaed70addd3adba28d15	TRUE	29374161	FALSE	duplicate aliquot	FALSE	FALSE
CPTAC-3	validation	C3N-00314	C3N-00314-03	Primary Tumor	64522fed-283b-42db-a7e6-bb435c1fd1e8	b1e4d9ed-12e9-4209-91b7-d936fa0261e3.rna_seq.augmented_star_gene_counts.tsv	442f1dcc89c3a0d85df88853a003bbb3	4238511	Data Release 46.0 - August 10, 2026	2026-09-11	released	122a0dd1445b2664b1b40b7df7b0e2240183d712	2022-01-06T09:41:13.765053-06:00	2024-07-30T21:54:42.601076-05:00	TRUE	4238511	2026-08-17	442f1dcc89c3a0d85df88853a003bbb3	TRUE	32527035	FALSE	duplicate aliquot	FALSE	FALSE
CPTAC-3	validation	C3N-00314	C3N-00314-04	Primary Tumor	c118864b-7275-47f9-8d18-2778d672e769	32b90d42-f618-4d6e-a034-b10d28087ae0.rna_seq.augmented_star_gene_counts.tsv	e00a94943cb318f0dc140677106a76e2	4222531	Data Release 46.0 - August 10, 2026	2026-09-11	released	5d8c131bbff59fb0c969217fc1d44e6d1503cd1f	2022-01-06T09:39:16.795339-06:00	2024-07-30T21:45:43.906811-05:00	TRUE	4222531	2026-08-17	e00a94943cb318f0dc140677106a76e2	TRUE	22588045	FALSE	duplicate aliquot	FALSE	FALSE
CPTAC-3	validation	C3N-00314	C3N-00314-05	Solid Tissue Normal	ceb6acc2-1367-4f4e-92f5-0cba14b5c646	6bbe97bd-ee1e-493c-ae25-40450bb922bc.rna_seq.augmented_star_gene_counts.tsv	aa1c0a92231f2804494fdb46e00505f1	4239623	Data Release 46.0 - August 10, 2026	2026-09-11	released	122a0dd1445b2664b1b40b7df7b0e2240183d712	2022-01-06T09:41:40.695381-06:00	2024-07-30T21:53:08.892147-05:00	TRUE	4239623	2026-08-17	aa1c0a92231f2804494fdb46e00505f1	TRUE	33539518	FALSE	non-primary sample	FALSE	FALSE
CPTAC-3	validation	C3N-00317	C3N-00317-04	Primary Tumor	5c1a4047-7785-438a-88ab-c7fd6fc1e3fe	c1176d60-4ee4-483b-946c-9602239576b8.rna_seq.augmented_star_gene_counts.tsv	9efdb7aac82dde5dae606213f1af7003	4232487	Data Release 46.0 - August 10, 2026	2026-09-11	released	122a0dd1445b2664b1b40b7df7b0e2240183d712	2022-01-06T09:43:59.251503-06:00	2024-07-30T21:58:58.161786-05:00	TRUE	4232487	2026-08-17	9efdb7aac82dde5dae606213f1af7003	TRUE	38703236	FALSE	duplicate aliquot	FALSE	FALSE
CPTAC-3	validation	C3N-00320	C3N-00320-01	Primary Tumor	8463af3b-5a87-4e27-aa94-3c8c8a8df91a	8423c9cc-c076-4292-be08-f8b146f07739.rna_seq.augmented_star_gene_counts.tsv	ca0fd73c6477779332722c553390b5ac	4234058	Data Release 46.0 - August 10, 2026	2026-09-11	released	122a0dd1445b2664b1b40b7df7b0e2240183d712	2022-01-06T08:56:34.204510-06:00	2024-07-30T21:43:20.516031-05:00	TRUE	4234058	2026-08-17	ca0fd73c6477779332722c553390b5ac	TRUE	39613579	FALSE	duplicate aliquot	FALSE	FALSE
CPTAC-3	validation	C3N-00320	C3N-00320-02	Primary Tumor	d157a87d-b0d8-423d-b745-7e9fbc427b3b	0795ba2b-e6cf-43d4-80e8-56a21fc61ec5.rna_seq.augmented_star_gene_counts.tsv	6cef95a711e46bacc87645b5e099a4c8	4225083	Data Release 46.0 - August 10, 2026	2026-09-11	released	122a0dd1445b2664b1b40b7df7b0e2240183d712	2022-01-06T08:56:53.946418-06:00	2024-07-30T22:03:05.573023-05:00	TRUE	4225083	2026-08-17	6cef95a711e46bacc87645b5e099a4c8	TRUE	31543598	FALSE	duplicate aliquot	FALSE	FALSE
CPTAC-3	validation	C3N-00320	C3N-00320-03	Primary Tumor	0f9c0fdd-33ff-455b-8e55-6bd8881cdaa2	6fa6b2d5-33bd-4bfb-8f45-3969b64c36ee.rna_seq.augmented_star_gene_counts.tsv	da4028d21f2b481a90087096553ff60a	4229788	Data Release 46.0 - August 10, 2026	2026-09-11	released	122a0dd1445b2664b1b40b7df7b0e2240183d712	2022-01-06T08:56:28.406160-06:00	2024-07-30T21:48:21.097981-05:00	TRUE	4229788	2026-08-17	da4028d21f2b481a90087096553ff60a	TRUE	38356138	FALSE	duplicate aliquot	FALSE	FALSE
CPTAC-3	validation	C3N-00390	C3N-00390-01	Primary Tumor	e1be0608-2e39-4638-b9cb-1fb50feeabf3	dae9e94a-f914-4d78-95a8-d749f7b9d5e8.rna_seq.augmented_star_gene_counts.tsv	2d8035c930409c5a91e5121177c4e293	4236816	Data Release 46.0 - August 10, 2026	2026-09-11	released	122a0dd1445b2664b1b40b7df7b0e2240183d712	2022-01-06T09:08:22.369400-06:00	2024-07-30T21:47:20.908973-05:00	TRUE	4236816	2026-08-17	2d8035c930409c5a91e5121177c4e293	TRUE	39866478	FALSE	duplicate aliquot	FALSE	FALSE
CPTAC-3	validation	C3N-00390	C3N-00390-03	Primary Tumor	3bc2cd60-d56d-4820-b6b7-6d68f6ee9a3c	6a01486c-602e-4c5b-b7d4-6b17fe901630.rna_seq.augmented_star_gene_counts.tsv	4593d0ac77de6e89ee27f119e1c000e0	4236211	Data Release 46.0 - August 10, 2026	2026-09-11	released	122a0dd1445b2664b1b40b7df7b0e2240183d712	2022-01-06T09:07:12.324098-06:00	2024-07-30T02:15:03.089538-05:00	TRUE	4236211	2026-08-17	4593d0ac77de6e89ee27f119e1c000e0	TRUE	41991972	FALSE	duplicate aliquot	FALSE	FALSE
CPTAC-3	validation	C3N-00390	C3N-00390-04	Primary Tumor	83da66fe-ba12-4208-a90f-058d504b3077	b4ba86d9-e1ce-43fa-9d1d-3f75a144463c.rna_seq.augmented_star_gene_counts.tsv	f651fac38961c22fafd5bdd20df6cd01	4233003	Data Release 46.0 - August 10, 2026	2026-09-11	released	122a0dd1445b2664b1b40b7df7b0e2240183d712	2022-01-06T09:07:38.232911-06:00	2024-07-30T21:55:21.964075-05:00	TRUE	4233003	2026-08-17	f651fac38961c22fafd5bdd20df6cd01	TRUE	33626569	FALSE	duplicate aliquot	FALSE	FALSE
CPTAC-3	validation	C3N-00390	C3N-00390-06	Solid Tissue Normal	03ff4fe3-f2b1-4207-b3e4-4b960edd9809	7700b944-4b59-4662-95af-3ec5a6db33eb.rna_seq.augmented_star_gene_counts.tsv	cd3be47ed98012c654a22010316380b3	4237006	Data Release 46.0 - August 10, 2026	2026-09-11	released	122a0dd1445b2664b1b40b7df7b0e2240183d712	2022-01-06T09:07:55.081764-06:00	2024-07-30T22:03:16.482658-05:00	TRUE	4237006	2026-08-17	cd3be47ed98012c654a22010316380b3	TRUE	34745058	FALSE	non-primary sample	FALSE	FALSE
CPTAC-3	validation	C3N-00435	C3N-00435-06	Solid Tissue Normal	84ede9d4-5116-4d9d-b7aa-23d0601efae2	17e80816-173c-4795-a8c7-b002c2c90339.rna_seq.augmented_star_gene_counts.tsv	9af1a0783707064f80ee6a7578275261	4239060	Data Release 46.0 - August 10, 2026	2026-09-11	released	122a0dd1445b2664b1b40b7df7b0e2240183d712	2022-01-06T09:04:27.514134-06:00	2024-07-30T21:45:01.385615-05:00	TRUE	4239060	2026-08-17	9af1a0783707064f80ee6a7578275261	TRUE	34285006	FALSE	non-primary sample	FALSE	FALSE
CPTAC-3	validation	C3N-00437	C3N-00437-01	Primary Tumor	d5e8c0e3-d67e-42c5-b2b1-eded8e775e4e	0c9fe629-00c7-4321-ac8c-4d397becfeb1.rna_seq.augmented_star_gene_counts.tsv	c1604e6af5302e1cd04dfe8e658850d3	4235961	Data Release 46.0 - August 10, 2026	2026-09-11	released	122a0dd1445b2664b1b40b7df7b0e2240183d712	2022-01-06T09:21:05.831549-06:00	2024-07-30T21:52:43.466617-05:00	TRUE	4235961	2026-08-17	c1604e6af5302e1cd04dfe8e658850d3	TRUE	34691909	FALSE	duplicate aliquot	FALSE	FALSE
CPTAC-3	validation	C3N-00437	C3N-00437-03	Primary Tumor	6bb9e61f-a72d-4e2a-925c-7c781a52eeb4	f9787b6f-960b-4923-b061-465e6937e2eb.rna_seq.augmented_star_gene_counts.tsv	b15bc016746622b8ce7ff588b7618c52	4225068	Data Release 46.0 - August 10, 2026	2026-09-11	released	122a0dd1445b2664b1b40b7df7b0e2240183d712	2022-01-06T09:19:51.248064-06:00	2024-07-30T21:41:57.178533-05:00	TRUE	4225068	2026-08-17	b15bc016746622b8ce7ff588b7618c52	TRUE	37339792	FALSE	duplicate aliquot	FALSE	FALSE
CPTAC-3	validation	C3N-00438	C3N-00438-02	Primary Tumor	af8d3287-1a48-412d-afe9-248043663062	1c556f27-79af-4873-8ee1-147f5a1bef3e.rna_seq.augmented_star_gene_counts.tsv	5c2be7ae9e7250ee3bbbcd93b3eea524	4220807	Data Release 46.0 - August 10, 2026	2026-09-11	released	122a0dd1445b2664b1b40b7df7b0e2240183d712	2022-04-04T18:37:13.574578-05:00	2024-07-30T00:43:27.656025-05:00	TRUE	4220807	2026-08-17	5c2be7ae9e7250ee3bbbcd93b3eea524	TRUE	37175880	FALSE	non-clear-cell histology	FALSE	FALSE
CPTAC-3	validation	C3N-00439	C3N-00439-02	Primary Tumor	51a8a1ab-ae1e-4802-bed4-f67eb424c4cc	88009e00-3658-4f44-86b4-dec5ebb3c034.rna_seq.augmented_star_gene_counts.tsv	2fdaf15ed7dae3bea45bbdaf055cdc72	4232414	Data Release 46.0 - August 10, 2026	2026-09-11	released	122a0dd1445b2664b1b40b7df7b0e2240183d712	2022-04-04T19:35:41.870300-05:00	2024-07-30T00:31:28.034788-05:00	TRUE	4232414	2026-08-17	2fdaf15ed7dae3bea45bbdaf055cdc72	TRUE	24865268	FALSE	non-clear-cell histology	FALSE	FALSE
CPTAC-3	validation	C3N-00440	C3N-00440-02	Primary Tumor	b09c08b8-d25d-41d2-8b8d-9ee9d1eef3f7	0089c036-a8ee-454b-83f0-ce998c4a5c17.rna_seq.augmented_star_gene_counts.tsv	d3ddf1f0c4ecd3a413ad0b2676fed5f2	4238408	Data Release 46.0 - August 10, 2026	2026-09-11	released	122a0dd1445b2664b1b40b7df7b0e2240183d712	2022-04-04T19:39:18.702324-05:00	2024-07-30T21:25:18.364543-05:00	TRUE	4238408	2026-08-17	d3ddf1f0c4ecd3a413ad0b2676fed5f2	TRUE	35412811	FALSE	non-clear-cell histology	FALSE	FALSE
CPTAC-3	validation	C3N-00491	C3N-00491-02	Solid Tissue Normal	7d63425b-9386-44c1-9c28-bea3f206531d	22a1f4f2-bddc-484f-a6dd-dfc49de67f48.rna_seq.augmented_star_gene_counts.tsv	5e2101304df80f7ffa147197bf28646a	4235276	Data Release 46.0 - August 10, 2026	2026-09-11	released	5d8c131bbff59fb0c969217fc1d44e6d1503cd1f	2022-01-06T09:13:51.162423-06:00	2024-07-30T21:43:42.692305-05:00	TRUE	4235276	2026-08-17	5e2101304df80f7ffa147197bf28646a	TRUE	32528406	FALSE	non-primary sample	FALSE	FALSE
CPTAC-3	validation	C3N-00494	C3N-00494-02	Primary Tumor	3557e62d-1361-409f-840d-52f0592496f8	79f4330c-cfa1-42f5-8f89-3ca79afbb423.rna_seq.augmented_star_gene_counts.tsv	928fad80fd6e61478bdd84ad75a76363	4231358	Data Release 46.0 - August 10, 2026	2026-09-11	released	5d8c131bbff59fb0c969217fc1d44e6d1503cd1f	2022-01-06T09:07:09.485816-06:00	2024-07-30T21:55:29.239548-05:00	TRUE	4231358	2026-08-17	928fad80fd6e61478bdd84ad75a76363	TRUE	33185178	FALSE	duplicate aliquot	FALSE	FALSE
CPTAC-3	validation	C3N-00494	C3N-00494-04	Primary Tumor	2392bdc2-751d-44eb-8e96-31d7ee843b14	c915377d-3946-4537-8158-74534f061d27.rna_seq.augmented_star_gene_counts.tsv	2a6b4f7de0f1ca793b809e84b1a46c6f	4229335	Data Release 46.0 - August 10, 2026	2026-09-11	released	122a0dd1445b2664b1b40b7df7b0e2240183d712	2022-01-06T09:08:04.969939-06:00	2024-07-30T21:52:39.756099-05:00	TRUE	4229335	2026-08-17	2a6b4f7de0f1ca793b809e84b1a46c6f	TRUE	27172162	FALSE	duplicate aliquot	FALSE	FALSE
CPTAC-3	validation	C3N-00494	C3N-00494-05	Solid Tissue Normal	a7383b03-8311-44b9-9f0b-7ab67265bc90	f9f9d245-34e5-4e88-9427-984c9a0c086f.rna_seq.augmented_star_gene_counts.tsv	c6ba7538cb5dad828de9f3815d0a2a1f	4234571	Data Release 46.0 - August 10, 2026	2026-09-11	released	122a0dd1445b2664b1b40b7df7b0e2240183d712	2022-01-06T09:07:44.008916-06:00	2024-07-30T21:42:51.228428-05:00	TRUE	4234571	2026-08-17	c6ba7538cb5dad828de9f3815d0a2a1f	TRUE	26912000	FALSE	non-primary sample	FALSE	FALSE
CPTAC-3	validation	C3N-00495	C3N-00495-05	Solid Tissue Normal	2c934e92-d2c4-4c9d-924c-16803dd4ed41	b470af40-66e0-487c-b284-13142e60a76a.rna_seq.augmented_star_gene_counts.tsv	4d37011b5f1d270094befc2b82620318	4242079	Data Release 46.0 - August 10, 2026	2026-09-11	released	122a0dd1445b2664b1b40b7df7b0e2240183d712	2022-01-06T09:00:42.581785-06:00	2024-07-30T21:52:58.872585-05:00	TRUE	4242079	2026-08-17	4d37011b5f1d270094befc2b82620318	TRUE	39219029	FALSE	non-primary sample	FALSE	FALSE
CPTAC-3	validation	C3N-00496	C3N-00496-01	Primary Tumor	775f7db3-548c-478b-8480-2c4ce6cdba29	060c01b0-a7ff-4c61-90c8-03f4b7d8a087.rna_seq.augmented_star_gene_counts.tsv	3b3cda9e2c3e2f61209894d77123f6fa	4229683	Data Release 46.0 - August 10, 2026	2026-09-11	released	122a0dd1445b2664b1b40b7df7b0e2240183d712	2022-04-21T05:15:17.832635-05:00	2024-07-30T00:36:44.216877-05:00	TRUE	4229683	2026-08-17	3b3cda9e2c3e2f61209894d77123f6fa	TRUE	38471780	FALSE	non-clear-cell histology	FALSE	FALSE
CPTAC-3	validation	C3N-00573	C3N-00573-01	Primary Tumor	79fa0bb9-e900-4886-a7b8-7b609c9c060a	0d3d0a80-dac4-4db3-930a-f420e62b5693.rna_seq.augmented_star_gene_counts.tsv	aa64de7b8a4d5c0b8de5b3493ea0a387	4229063	Data Release 46.0 - August 10, 2026	2026-09-11	released	122a0dd1445b2664b1b40b7df7b0e2240183d712	2022-01-06T09:47:26.763806-06:00	2024-07-30T22:05:28.173768-05:00	TRUE	4229063	2026-08-17	aa64de7b8a4d5c0b8de5b3493ea0a387	TRUE	34605634	FALSE	duplicate aliquot	FALSE	FALSE
CPTAC-3	validation	C3N-00573	C3N-00573-03	Primary Tumor	02cf6a27-378c-4c13-bf88-667aef7e36c3	765b2b7c-4365-4998-97e6-24da6b76bc51.rna_seq.augmented_star_gene_counts.tsv	d9b902137dd2bc9f6a48ebbb0d810c11	4230976	Data Release 46.0 - August 10, 2026	2026-09-11	released	122a0dd1445b2664b1b40b7df7b0e2240183d712	2022-01-06T09:47:19.891452-06:00	2024-07-30T21:53:20.084314-05:00	TRUE	4230976	2026-08-17	d9b902137dd2bc9f6a48ebbb0d810c11	TRUE	34251388	FALSE	duplicate aliquot	FALSE	FALSE
CPTAC-3	validation	C3N-00573	C3N-00573-04	Primary Tumor	e52e8cc8-c04e-40ff-b712-65cfd613c999	2b5ce2fd-96cf-41ce-89b6-52902577d916.rna_seq.augmented_star_gene_counts.tsv	81878cc1aec6cca2cd494a564b85d73a	4236806	Data Release 46.0 - August 10, 2026	2026-09-11	released	122a0dd1445b2664b1b40b7df7b0e2240183d712	2022-01-06T09:47:21.227564-06:00	2024-07-30T21:52:09.318156-05:00	TRUE	4236806	2026-08-17	81878cc1aec6cca2cd494a564b85d73a	TRUE	35681308	FALSE	duplicate aliquot	FALSE	FALSE
CPTAC-3	validation	C3N-00573	C3N-00573-06	Solid Tissue Normal	278cd3c5-e027-4c1c-ab2c-7e2dad159358	f9969e12-562a-4ea6-bef3-aec977e22e21.rna_seq.augmented_star_gene_counts.tsv	4ede7839378de841f7ab4cbea4904ee4	4236667	Data Release 46.0 - August 10, 2026	2026-09-11	released	122a0dd1445b2664b1b40b7df7b0e2240183d712	2022-01-06T09:46:50.949382-06:00	2024-07-30T21:47:28.238066-05:00	TRUE	4236667	2026-08-17	4ede7839378de841f7ab4cbea4904ee4	TRUE	35035811	FALSE	non-primary sample	FALSE	FALSE
CPTAC-3	validation	C3N-00577	C3N-00577-02	Primary Tumor	e80d76b3-1b4c-4e54-a4fb-f3271cae277b	a957ff47-8688-4b9d-810e-d2fee99c1eeb.rna_seq.augmented_star_gene_counts.tsv	a1ce43f5a03d779be7f0013986d5e7c4	4235368	Data Release 46.0 - August 10, 2026	2026-09-11	released	122a0dd1445b2664b1b40b7df7b0e2240183d712	2022-01-06T08:58:48.480693-06:00	2024-07-30T22:02:56.195532-05:00	TRUE	4235368	2026-08-17	a1ce43f5a03d779be7f0013986d5e7c4	TRUE	48439125	FALSE	duplicate aliquot	FALSE	FALSE
CPTAC-3	validation	C3N-00577	C3N-00577-03	Primary Tumor	7bc4dc9e-867a-49ad-a5ab-37cb52913ccd	cc3154e0-937b-46fd-810b-4902e8ffd157.rna_seq.augmented_star_gene_counts.tsv	fc516fcc9a5cd8fd96163137fdd63c83	4227845	Data Release 46.0 - August 10, 2026	2026-09-11	released	122a0dd1445b2664b1b40b7df7b0e2240183d712	2022-01-06T08:59:04.895615-06:00	2024-07-30T21:49:32.276779-05:00	TRUE	4227845	2026-08-17	fc516fcc9a5cd8fd96163137fdd63c83	TRUE	42391794	FALSE	duplicate aliquot	FALSE	FALSE
CPTAC-3	validation	C3N-00577	C3N-00577-04	Primary Tumor	63f9f7fb-d51b-4a3b-a069-ca453c397e67	c55b4f17-c204-4716-8b70-f8e57b19c997.rna_seq.augmented_star_gene_counts.tsv	0af3227d774af0be52d4733ffea3c15a	4237922	Data Release 46.0 - August 10, 2026	2026-09-11	released	5d8c131bbff59fb0c969217fc1d44e6d1503cd1f	2022-01-06T08:59:46.108185-06:00	2024-07-30T22:02:42.818969-05:00	TRUE	4237922	2026-08-17	0af3227d774af0be52d4733ffea3c15a	TRUE	44728705	FALSE	duplicate aliquot	FALSE	FALSE
CPTAC-3	validation	C3N-00577	C3N-00577-06	Solid Tissue Normal	dfd503a2-2024-4b28-9549-f3c66249ae2c	2730fe8c-9402-4508-893c-96703c4a2482.rna_seq.augmented_star_gene_counts.tsv	6022db88fe5000c7f754b41427ab8cb2	4246582	Data Release 46.0 - August 10, 2026	2026-09-11	released	122a0dd1445b2664b1b40b7df7b0e2240183d712	2022-01-06T09:00:08.019695-06:00	2024-07-30T21:51:43.446384-05:00	TRUE	4246582	2026-08-17	6022db88fe5000c7f754b41427ab8cb2	TRUE	40346820	FALSE	non-primary sample	FALSE	FALSE
CPTAC-3	validation	C3N-00646	C3N-00646-01	Primary Tumor	b1283ef1-7172-4d22-993b-664ece47a81e	acad9b62-0a54-4678-87ef-b4c2fcfa2910.rna_seq.augmented_star_gene_counts.tsv	97c7e75994c4052b14544e162b98b300	4236617	Data Release 46.0 - August 10, 2026	2026-09-11	released	5d8c131bbff59fb0c969217fc1d44e6d1503cd1f	2022-01-06T09:46:22.234955-06:00	2024-07-30T21:47:07.304819-05:00	TRUE	4236617	2026-08-17	97c7e75994c4052b14544e162b98b300	TRUE	37931289	FALSE	non-positive or missing survival time	FALSE	FALSE
CPTAC-3	validation	C3N-00646	C3N-00646-02	Primary Tumor	b587a77b-2eb2-463c-8089-b82a5bf6d3ff	2a264e7e-8b8f-454f-881d-5083ee34df0e.rna_seq.augmented_star_gene_counts.tsv	731ae10e1bb99728f4c48e4c380c9207	4239120	Data Release 46.0 - August 10, 2026	2026-09-11	released	122a0dd1445b2664b1b40b7df7b0e2240183d712	2022-01-06T09:46:33.819787-06:00	2024-07-30T21:53:02.606764-05:00	TRUE	4239120	2026-08-17	731ae10e1bb99728f4c48e4c380c9207	TRUE	37141920	FALSE	duplicate aliquot	FALSE	FALSE
CPTAC-3	validation	C3N-00646	C3N-00646-03	Primary Tumor	9d75afeb-ad38-4993-8def-70f6137ae78f	aa522321-52cc-4a51-88fe-6e050a6a7560.rna_seq.augmented_star_gene_counts.tsv	1bba9502354d0e1d21f780718901d2ea	4233646	Data Release 46.0 - August 10, 2026	2026-09-11	released	122a0dd1445b2664b1b40b7df7b0e2240183d712	2022-01-06T09:45:06.321093-06:00	2024-07-30T22:04:10.401697-05:00	TRUE	4233646	2026-08-17	1bba9502354d0e1d21f780718901d2ea	TRUE	34290546	FALSE	duplicate aliquot	FALSE	FALSE
CPTAC-3	validation	C3N-00646	C3N-00646-04	Primary Tumor	9060e2e0-bbe3-49cd-888a-d445e0264b6e	bdd5845f-0c3c-4e92-b676-4aaebbdfb99d.rna_seq.augmented_star_gene_counts.tsv	47c4446c831420995366e7e881277a63	4230046	Data Release 46.0 - August 10, 2026	2026-09-11	released	122a0dd1445b2664b1b40b7df7b0e2240183d712	2022-01-06T09:18:50.757833-06:00	2024-07-30T22:04:13.964862-05:00	TRUE	4230046	2026-08-17	47c4446c831420995366e7e881277a63	TRUE	33203152	FALSE	duplicate aliquot	FALSE	FALSE
CPTAC-3	validation	C3N-00646	C3N-00646-06	Solid Tissue Normal	08e8766d-bf38-4742-8c25-517e7f89721e	9a8489e1-15e5-42f1-a825-39b7202b1b08.rna_seq.augmented_star_gene_counts.tsv	41fe33c7a8ef88c40361de7ae3da76c5	4240845	Data Release 46.0 - August 10, 2026	2026-09-11	released	122a0dd1445b2664b1b40b7df7b0e2240183d712	2022-01-06T09:45:53.586206-06:00	2024-07-30T21:44:21.471098-05:00	TRUE	4240845	2026-08-17	41fe33c7a8ef88c40361de7ae3da76c5	TRUE	37281894	FALSE	non-primary sample	FALSE	FALSE
CPTAC-3	validation	C3N-00647	C3N-00647-01	Primary Tumor	017ba097-a20f-4bdb-85ec-b6cf076dbb11	05abbe66-c560-4d97-9a98-0753f6339b3d.rna_seq.augmented_star_gene_counts.tsv	584b218df0c7c4a83688dfd404d7b87b	4223548	Data Release 46.0 - August 10, 2026	2026-09-11	released	122a0dd1445b2664b1b40b7df7b0e2240183d712	2022-04-21T09:12:00.802051-05:00	2024-07-29T22:44:31.723670-05:00	TRUE	4223548	2026-08-17	584b218df0c7c4a83688dfd404d7b87b	TRUE	25524013	FALSE	non-positive or missing survival time	FALSE	FALSE
CPTAC-3	validation	C3N-00647	C3N-00647-06	Solid Tissue Normal	fad68745-ebb5-4cf2-ad9f-55d2269f3160	569e9515-8f93-4c0d-9aeb-c875110f6a16.rna_seq.augmented_star_gene_counts.tsv	7f85ecd33a509736e2f92363e9bcbd57	4236777	Data Release 46.0 - August 10, 2026	2026-09-11	released	122a0dd1445b2664b1b40b7df7b0e2240183d712	2022-04-04T19:18:24.587918-05:00	2024-07-29T22:44:34.256335-05:00	TRUE	4236777	2026-08-17	7f85ecd33a509736e2f92363e9bcbd57	TRUE	36851226	FALSE	non-primary sample	FALSE	FALSE
CPTAC-3	validation	C3N-00715	C3N-00715-01	Primary Tumor	548e9a37-c48b-4dd9-a6c9-70adffd373eb	f961c0ce-583e-4e41-84ad-411ec074342a.rna_seq.augmented_star_gene_counts.tsv	0a20358f0b0f3009adcbc36a4d60e76e	4238030	Data Release 46.0 - August 10, 2026	2026-09-11	released	122a0dd1445b2664b1b40b7df7b0e2240183d712	2022-04-04T18:49:28.486444-05:00	2024-07-29T22:45:53.637377-05:00	TRUE	4238030	2026-08-17	0a20358f0b0f3009adcbc36a4d60e76e	TRUE	39386564	FALSE	non-positive or missing survival time	FALSE	FALSE
CPTAC-3	validation	C3N-00715	C3N-00715-06	Solid Tissue Normal	b05d6c56-501f-4131-8bf2-dee2a6482885	762402c0-da7d-4e60-bf87-6c49e81ccafb.rna_seq.augmented_star_gene_counts.tsv	697758e88fb1cb5bc63c35c036283ba8	4234445	Data Release 46.0 - August 10, 2026	2026-09-11	released	122a0dd1445b2664b1b40b7df7b0e2240183d712	2022-04-04T19:04:36.176790-05:00	2024-07-29T22:45:54.984675-05:00	TRUE	4234445	2026-08-17	697758e88fb1cb5bc63c35c036283ba8	TRUE	38002204	FALSE	non-primary sample	FALSE	FALSE
CPTAC-3	validation	C3N-00721	C3N-00721-01	Primary Tumor	80601654-7caf-42f0-8074-8aca62d12d86	5d2a153b-b272-45ba-b46a-4afde3f6711f.rna_seq.augmented_star_gene_counts.tsv	bf3fd28d4aceb5fa5de3f3aa66fbdf07	4229932	Data Release 46.0 - August 10, 2026	2026-09-11	released	5d8c131bbff59fb0c969217fc1d44e6d1503cd1f	2022-04-04T18:29:47.826429-05:00	2024-07-29T22:45:44.913836-05:00	TRUE	4229932	2026-08-17	bf3fd28d4aceb5fa5de3f3aa66fbdf07	TRUE	33306072	FALSE	non-positive or missing survival time	FALSE	FALSE
CPTAC-3	validation	C3N-00721	C3N-00721-06	Solid Tissue Normal	f299380d-d906-4db1-b90b-94e71a35ee54	884ed654-84e2-4880-95f0-26a742ed92d0.rna_seq.augmented_star_gene_counts.tsv	9a4c0fc5a52842986cbb843ff3cc237c	4237773	Data Release 46.0 - August 10, 2026	2026-09-11	released	122a0dd1445b2664b1b40b7df7b0e2240183d712	2022-04-04T19:26:36.169929-05:00	2024-07-29T22:45:46.085145-05:00	TRUE	4237773	2026-08-17	9a4c0fc5a52842986cbb843ff3cc237c	TRUE	39030630	FALSE	non-primary sample	FALSE	FALSE
CPTAC-3	validation	C3N-00733	C3N-00733-01	Primary Tumor	3313bcc5-8507-48c9-9eef-f6ba316883ec	b8838af5-d797-4bb0-8351-e1ae64ce757b.rna_seq.augmented_star_gene_counts.tsv	f81c52b132260fba866bec3024469ed5	4233050	Data Release 46.0 - August 10, 2026	2026-09-11	released	122a0dd1445b2664b1b40b7df7b0e2240183d712	2022-01-06T09:04:45.742135-06:00	2024-07-30T21:48:11.140948-05:00	TRUE	4233050	2026-08-17	f81c52b132260fba866bec3024469ed5	TRUE	41690465	FALSE	duplicate aliquot	FALSE	FALSE
CPTAC-3	validation	C3N-00733	C3N-00733-03	Primary Tumor	ce25fd85-7b64-4e38-a870-fabefb13aa34	75588feb-77f8-48ed-b759-1518687cbe08.rna_seq.augmented_star_gene_counts.tsv	ac0bb50ff0b4f5935f4e936381d0088e	4229149	Data Release 46.0 - August 10, 2026	2026-09-11	released	5d8c131bbff59fb0c969217fc1d44e6d1503cd1f	2022-01-06T09:04:57.553009-06:00	2024-07-30T21:50:00.804717-05:00	TRUE	4229149	2026-08-17	ac0bb50ff0b4f5935f4e936381d0088e	TRUE	38470967	FALSE	duplicate aliquot	FALSE	FALSE
CPTAC-3	validation	C3N-00733	C3N-00733-06	Solid Tissue Normal	04576474-40e5-4d4e-a5ff-3bd9d5047897	c927c161-ae24-4dd0-b01e-6c23cd37a0cc.rna_seq.augmented_star_gene_counts.tsv	8b1a489a12ef1089e53b189e663f81aa	4233675	Data Release 46.0 - August 10, 2026	2026-09-11	released	122a0dd1445b2664b1b40b7df7b0e2240183d712	2022-01-06T09:05:30.779173-06:00	2024-07-30T21:48:36.832492-05:00	TRUE	4233675	2026-08-17	8b1a489a12ef1089e53b189e663f81aa	TRUE	32841791	FALSE	non-primary sample	FALSE	FALSE
CPTAC-3	validation	C3N-00831	C3N-00831-05	Solid Tissue Normal	6cd23221-89b9-4d6f-8e02-f5539802fb8d	0e8762a5-1774-4068-8014-1b7017cc5f24.rna_seq.augmented_star_gene_counts.tsv	de444dd4c3c21bf1d9fd6704a88f5021	4229013	Data Release 46.0 - August 10, 2026	2026-09-11	released	122a0dd1445b2664b1b40b7df7b0e2240183d712	2022-01-06T09:14:36.687172-06:00	2024-07-30T21:41:38.057301-05:00	TRUE	4229013	2026-08-17	de444dd4c3c21bf1d9fd6704a88f5021	TRUE	30886942	FALSE	non-primary sample	FALSE	FALSE
CPTAC-3	validation	C3N-00834	C3N-00834-05	Solid Tissue Normal	759fdfd9-8191-4a29-bbe2-873b9dd4942f	f613ef21-fae1-4f21-a63a-5ce2fd3facb6.rna_seq.augmented_star_gene_counts.tsv	d1f694ee6dd9e45ee31c3e204abf46e1	4235382	Data Release 46.0 - August 10, 2026	2026-09-11	released	122a0dd1445b2664b1b40b7df7b0e2240183d712	2022-01-06T08:48:27.140536-06:00	2024-07-30T21:45:40.286874-05:00	TRUE	4235382	2026-08-17	d1f694ee6dd9e45ee31c3e204abf46e1	TRUE	36940516	FALSE	non-primary sample	FALSE	FALSE
CPTAC-3	validation	C3N-00835	C3N-00835-04	Primary Tumor	9b00d458-e1a2-42d8-bc98-d7e8b9c91987	bdef2d26-c8a9-4675-90d2-78ac46b4369c.rna_seq.augmented_star_gene_counts.tsv	3ee2c983ebb18a3d7701c9430f40b0a3	4228647	Data Release 46.0 - August 10, 2026	2026-09-11	released	122a0dd1445b2664b1b40b7df7b0e2240183d712	2022-04-21T09:24:13.876449-05:00	2024-07-30T00:40:41.432361-05:00	TRUE	4228647	2026-08-17	3ee2c983ebb18a3d7701c9430f40b0a3	TRUE	44218638	FALSE	non-clear-cell histology	FALSE	FALSE
CPTAC-3	validation	C3N-00852	C3N-00852-01	Primary Tumor	60feefe9-a2f0-4593-8764-1101d7946098	98e4aa31-8aab-437c-b6d8-433100a0092b.rna_seq.augmented_star_gene_counts.tsv	2f642abacd9db2ad44d8cc3556606684	4226802	Data Release 46.0 - August 10, 2026	2026-09-11	released	122a0dd1445b2664b1b40b7df7b0e2240183d712	2022-01-06T09:42:00.739592-06:00	2024-07-30T21:57:41.181764-05:00	TRUE	4226802	2026-08-17	2f642abacd9db2ad44d8cc3556606684	TRUE	40510679	FALSE	duplicate aliquot	FALSE	FALSE
CPTAC-3	validation	C3N-00852	C3N-00852-02	Primary Tumor	a2870b51-7228-4234-89a8-ac7457f01b0c	7f6666a2-3ccb-42b4-b7b2-c74a2a878022.rna_seq.augmented_star_gene_counts.tsv	c1e5a8bbc161646f3d655fe74f46bd7c	4229839	Data Release 46.0 - August 10, 2026	2026-09-11	released	122a0dd1445b2664b1b40b7df7b0e2240183d712	2022-01-06T09:41:49.117998-06:00	2024-07-30T21:51:55.846990-05:00	TRUE	4229839	2026-08-17	c1e5a8bbc161646f3d655fe74f46bd7c	TRUE	42599904	FALSE	duplicate aliquot	FALSE	FALSE
CPTAC-3	validation	C3N-00852	C3N-00852-06	Solid Tissue Normal	9a779d4a-a55a-4c38-8651-e4defa2be2a2	5e3ff0d4-a9c3-4c79-b003-1b0842e47c38.rna_seq.augmented_star_gene_counts.tsv	5c0dfccce427e5b8bc2ea033fbd49444	4231931	Data Release 46.0 - August 10, 2026	2026-09-11	released	122a0dd1445b2664b1b40b7df7b0e2240183d712	2022-01-06T09:41:24.746822-06:00	2024-07-30T22:02:45.302368-05:00	TRUE	4231931	2026-08-17	5c0dfccce427e5b8bc2ea033fbd49444	TRUE	32140491	FALSE	non-primary sample	FALSE	FALSE
CPTAC-3	validation	C3N-00953	C3N-00953-01	Primary Tumor	068976c6-8b97-4abd-b87f-4f453050285d	2135e2ae-4afd-47df-947b-008e3adfa687.rna_seq.augmented_star_gene_counts.tsv	47ce24e83cb6fc739e1a244ff53fe114	4230029	Data Release 46.0 - August 10, 2026	2026-09-11	released	5d8c131bbff59fb0c969217fc1d44e6d1503cd1f	2022-01-06T09:42:04.878456-06:00	2024-07-30T22:01:36.981371-05:00	TRUE	4230029	2026-08-17	47ce24e83cb6fc739e1a244ff53fe114	TRUE	33238561	FALSE	duplicate aliquot	FALSE	FALSE
CPTAC-3	validation	C3N-00953	C3N-00953-03	Primary Tumor	dcf72985-1920-46b0-b8d8-8e976364edbf	048fe2dc-dbc4-4413-8565-b57b1b4539b3.rna_seq.augmented_star_gene_counts.tsv	a27dc8da84eb3f774480b2da20512315	4228850	Data Release 46.0 - August 10, 2026	2026-09-11	released	122a0dd1445b2664b1b40b7df7b0e2240183d712	2022-01-06T09:42:09.232070-06:00	2024-07-30T21:55:03.249295-05:00	TRUE	4228850	2026-08-17	a27dc8da84eb3f774480b2da20512315	TRUE	32881814	FALSE	duplicate aliquot	FALSE	FALSE
CPTAC-3	validation	C3N-00958	C3N-00958-02	Primary Tumor	6049c33a-d6b8-4188-a792-b39a6bda4a69	b64e718b-04d5-4001-9017-26acf35d2a41.rna_seq.augmented_star_gene_counts.tsv	cbe206a78bdd401c68fa90eba9b856bc	4224047	Data Release 46.0 - August 10, 2026	2026-09-11	released	122a0dd1445b2664b1b40b7df7b0e2240183d712	2022-04-04T18:34:45.879427-05:00	2024-07-30T00:33:41.909568-05:00	TRUE	4224047	2026-08-17	cbe206a78bdd401c68fa90eba9b856bc	TRUE	30076265	FALSE	non-clear-cell histology	FALSE	FALSE
CPTAC-3	validation	C3N-00958	C3N-00958-07	Solid Tissue Normal	0b6b189a-d6f9-4e75-8755-8325b3dca164	33be0ad1-6e17-45ab-8577-cecbe1e14f5a.rna_seq.augmented_star_gene_counts.tsv	4e36c0e913aad281e867f7df001518eb	4241560	Data Release 46.0 - August 10, 2026	2026-09-11	released	122a0dd1445b2664b1b40b7df7b0e2240183d712	2022-04-04T19:36:37.698578-05:00	2024-07-30T00:23:12.242723-05:00	TRUE	4241560	2026-08-17	4e36c0e913aad281e867f7df001518eb	TRUE	40929927	FALSE	non-primary sample	FALSE	FALSE
CPTAC-3	validation	C3N-01077	C3N-01077-03	Primary Tumor	e900e934-6c2d-4215-bc72-3d135fc643f2	b56df4e6-ac08-4b34-97fb-3cd523e2e782.rna_seq.augmented_star_gene_counts.tsv	6804ac4e1f427417a06618d4027a8d0b	4229926	Data Release 46.0 - August 10, 2026	2026-09-11	released	5d8c131bbff59fb0c969217fc1d44e6d1503cd1f	2022-04-04T18:28:56.029576-05:00	2024-07-29T22:45:47.356047-05:00	TRUE	4229926	2026-08-17	6804ac4e1f427417a06618d4027a8d0b	TRUE	31288870	FALSE	non-positive or missing survival time	FALSE	FALSE
CPTAC-3	validation	C3N-01077	C3N-01077-06	Solid Tissue Normal	5104e3d2-60d0-4d43-890f-4fb5c4309770	4b6961e8-a841-4f49-b30c-aed5e9ef19a2.rna_seq.augmented_star_gene_counts.tsv	15404b80c7021aa661e3146aef98cbbc	4237754	Data Release 46.0 - August 10, 2026	2026-09-11	released	122a0dd1445b2664b1b40b7df7b0e2240183d712	2022-04-21T08:13:18.762323-05:00	2024-07-29T22:45:49.902665-05:00	TRUE	4237754	2026-08-17	15404b80c7021aa661e3146aef98cbbc	TRUE	36780499	FALSE	non-primary sample	FALSE	FALSE
CPTAC-3	validation	C3N-01078	C3N-01078-02	Primary Tumor	653655cc-5f66-46c0-b6c9-a04a417a4c0d	0202da27-181a-45b1-94c1-4f8df450c90b.rna_seq.augmented_star_gene_counts.tsv	b0fa7504c371739182da431505e20d81	4226439	Data Release 46.0 - August 10, 2026	2026-09-11	released	122a0dd1445b2664b1b40b7df7b0e2240183d712	2022-04-21T08:13:39.214244-05:00	2024-07-29T22:41:07.704671-05:00	TRUE	4226439	2026-08-17	b0fa7504c371739182da431505e20d81	TRUE	29015139	FALSE	non-positive or missing survival time	FALSE	FALSE
CPTAC-3	validation	C3N-01078	C3N-01078-06	Solid Tissue Normal	b13512eb-5c40-47db-9668-aab88fd045a8	0ab2b22c-9315-45ec-8e4f-986ef3a5d3a0.rna_seq.augmented_star_gene_counts.tsv	c9786fcb9bf90f2a97201cf0f09b9625	4234573	Data Release 46.0 - August 10, 2026	2026-09-11	released	122a0dd1445b2664b1b40b7df7b0e2240183d712	2022-04-21T08:13:57.276568-05:00	2024-07-29T22:46:22.815502-05:00	TRUE	4234573	2026-08-17	c9786fcb9bf90f2a97201cf0f09b9625	TRUE	34165374	FALSE	non-primary sample	FALSE	FALSE
CPTAC-3	validation	C3N-01080	C3N-01080-03	Primary Tumor	314bdf57-c337-4f53-bef1-7e8589f8753c	45eb6a3d-11d7-435f-8ff9-70fa95717bbe.rna_seq.augmented_star_gene_counts.tsv	a04613c16b1f1e425779ec80a1f5fb0f	4228595	Data Release 46.0 - August 10, 2026	2026-09-11	released	122a0dd1445b2664b1b40b7df7b0e2240183d712	2022-04-21T07:39:32.741030-05:00	2024-07-29T22:43:36.994425-05:00	TRUE	4228595	2026-08-17	a04613c16b1f1e425779ec80a1f5fb0f	TRUE	30688648	FALSE	non-positive or missing survival time	FALSE	FALSE
CPTAC-3	validation	C3N-01080	C3N-01080-06	Solid Tissue Normal	763fc753-ed1e-4f12-ae86-aa38cb4b7585	3d4bceb8-3a54-44d7-b8d6-2a6fe5c947a3.rna_seq.augmented_star_gene_counts.tsv	63c22ade6f879302194d6e6e90d0165d	4234537	Data Release 46.0 - August 10, 2026	2026-09-11	released	122a0dd1445b2664b1b40b7df7b0e2240183d712	2022-04-04T19:21:21.352405-05:00	2024-07-29T22:43:38.261923-05:00	TRUE	4234537	2026-08-17	63c22ade6f879302194d6e6e90d0165d	TRUE	35158776	FALSE	non-primary sample	FALSE	FALSE
CPTAC-3	validation	C3N-01081	C3N-01081-03	Primary Tumor	006f3179-76c6-4525-9560-2cf2a3e3e88f	98817402-ff5d-4a2a-a1bd-8081ec7823ac.rna_seq.augmented_star_gene_counts.tsv	893dfe1a7f249ade85ce689c93e7ec2a	4234260	Data Release 46.0 - August 10, 2026	2026-09-11	released	122a0dd1445b2664b1b40b7df7b0e2240183d712	2022-04-04T18:48:25.727885-05:00	2024-07-29T22:46:11.854499-05:00	TRUE	4234260	2026-08-17	893dfe1a7f249ade85ce689c93e7ec2a	TRUE	34090678	FALSE	non-positive or missing survival time	FALSE	FALSE
CPTAC-3	validation	C3N-01081	C3N-01081-06	Solid Tissue Normal	9ec997a7-8524-4656-92f8-eb0ccea3278c	53dafbc5-48e0-432a-8c23-c7b920e4eee4.rna_seq.augmented_star_gene_counts.tsv	86381e22f3d6c6d16731ecca428313c6	4235706	Data Release 46.0 - August 10, 2026	2026-09-11	released	122a0dd1445b2664b1b40b7df7b0e2240183d712	2022-04-04T18:47:44.452474-05:00	2024-07-29T22:46:12.977438-05:00	TRUE	4235706	2026-08-17	86381e22f3d6c6d16731ecca428313c6	TRUE	33641299	FALSE	non-primary sample	FALSE	FALSE
CPTAC-3	validation	C3N-01082	C3N-01082-03	Primary Tumor	a67fdfd0-277f-45a0-98e0-23b830056fce	95d7054c-f13a-4ae8-8117-c9f6c2659fa3.rna_seq.augmented_star_gene_counts.tsv	e004030c057d79def936a8d1597054f1	4222883	Data Release 46.0 - August 10, 2026	2026-09-11	released	122a0dd1445b2664b1b40b7df7b0e2240183d712	2022-04-04T19:11:26.816201-05:00	2024-07-29T22:46:39.205486-05:00	TRUE	4222883	2026-08-17	e004030c057d79def936a8d1597054f1	TRUE	30703902	FALSE	non-positive or missing survival time	FALSE	FALSE
CPTAC-3	validation	C3N-01082	C3N-01082-06	Solid Tissue Normal	ce5817b6-ab25-446c-8f01-1c3931635262	e22ff732-755c-4e9b-a67d-4810c55b7586.rna_seq.augmented_star_gene_counts.tsv	20a72f53d95a1c5d70d5988fda545d0b	4249755	Data Release 46.0 - August 10, 2026	2026-09-11	released	122a0dd1445b2664b1b40b7df7b0e2240183d712	2022-04-04T19:08:05.947832-05:00	2024-07-29T22:46:37.806800-05:00	TRUE	4249755	2026-08-17	20a72f53d95a1c5d70d5988fda545d0b	TRUE	56076569	FALSE	non-primary sample	FALSE	FALSE
CPTAC-3	validation	C3N-01083	C3N-01083-02	Primary Tumor	3b1b415a-626b-41dd-82f7-c2a651f1cb05	7a08d141-814e-4417-92cc-056a77fd0781.rna_seq.augmented_star_gene_counts.tsv	6fb63768eff7b630ab98d4f87acec72c	4219649	Data Release 46.0 - August 10, 2026	2026-09-11	released	122a0dd1445b2664b1b40b7df7b0e2240183d712	2022-04-21T05:13:54.268498-05:00	2024-07-29T22:46:16.586305-05:00	TRUE	4219649	2026-08-17	6fb63768eff7b630ab98d4f87acec72c	TRUE	26573355	FALSE	non-positive or missing survival time	FALSE	FALSE
CPTAC-3	validation	C3N-01083	C3N-01083-06	Solid Tissue Normal	65469d68-5fab-4c2f-9195-34ad9497ebb0	ae148b9d-d7bc-4091-bb49-a052dd230ae5.rna_seq.augmented_star_gene_counts.tsv	8bb94dca8390862f034f2015c356f88d	4224639	Data Release 46.0 - August 10, 2026	2026-09-11	released	5d8c131bbff59fb0c969217fc1d44e6d1503cd1f	2022-04-04T18:39:43.855497-05:00	2024-07-29T22:46:19.081733-05:00	TRUE	4224639	2026-08-17	8bb94dca8390862f034f2015c356f88d	TRUE	30489585	FALSE	non-primary sample	FALSE	FALSE
CPTAC-3	validation	C3N-01085	C3N-01085-02	Primary Tumor	0cb23b37-ebde-46d3-8818-56f4194a84fb	3b3239b4-ebb8-43fa-9c04-0b655253bbb5.rna_seq.augmented_star_gene_counts.tsv	e8296817b76b339ce9949778b8c417a3	4217494	Data Release 46.0 - August 10, 2026	2026-09-11	released	122a0dd1445b2664b1b40b7df7b0e2240183d712	2022-04-04T18:34:16.668274-05:00	2024-07-29T22:44:43.051144-05:00	TRUE	4217494	2026-08-17	e8296817b76b339ce9949778b8c417a3	TRUE	24787296	FALSE	non-positive or missing survival time	FALSE	FALSE
CPTAC-3	validation	C3N-01085	C3N-01085-06	Solid Tissue Normal	a9e531e8-46a2-45cc-8849-47021bc60dd4	223effc1-82f0-4159-84bf-44f346a96e56.rna_seq.augmented_star_gene_counts.tsv	644f1c070125b11d9f909332b62c2e5a	4237522	Data Release 46.0 - August 10, 2026	2026-09-11	released	122a0dd1445b2664b1b40b7df7b0e2240183d712	2022-04-04T19:16:42.909777-05:00	2024-07-29T22:44:41.770000-05:00	TRUE	4237522	2026-08-17	644f1c070125b11d9f909332b62c2e5a	TRUE	33048877	FALSE	non-primary sample	FALSE	FALSE
CPTAC-3	validation	C3N-01086	C3N-01086-04	Primary Tumor	f2859cad-0677-48f2-bfa7-53c0de7140c5	62214985-6142-4229-818c-f52bc40a17fb.rna_seq.augmented_star_gene_counts.tsv	ae1563f459f85c995a53fb340fcf509b	4243543	Data Release 46.0 - August 10, 2026	2026-09-11	released	122a0dd1445b2664b1b40b7df7b0e2240183d712	2022-04-04T18:31:31.152636-05:00	2024-07-29T22:45:33.300922-05:00	TRUE	4243543	2026-08-17	ae1563f459f85c995a53fb340fcf509b	TRUE	41032546	FALSE	non-positive or missing survival time	FALSE	FALSE
CPTAC-3	validation	C3N-01086	C3N-01086-06	Solid Tissue Normal	8c9c752d-fcc5-4152-bc0d-5b6cc9ccccb6	5728cd72-0b80-4462-a5e4-28a60754f1fa.rna_seq.augmented_star_gene_counts.tsv	a902a4bee4c63e4c9e32efa74918c8cd	4226933	Data Release 46.0 - August 10, 2026	2026-09-11	released	122a0dd1445b2664b1b40b7df7b0e2240183d712	2022-04-21T08:14:16.169520-05:00	2024-07-29T22:45:34.571716-05:00	TRUE	4226933	2026-08-17	a902a4bee4c63e4c9e32efa74918c8cd	TRUE	31078216	FALSE	non-primary sample	FALSE	FALSE
CPTAC-3	validation	C3N-01088	C3N-01088-04	Primary Tumor	545e4898-1bac-4d08-bbae-c9327845e619	307840fa-0ce5-4c81-b330-dd1fba7b4e9c.rna_seq.augmented_star_gene_counts.tsv	e547db3643d1857b1a49debd2d7494ec	4225820	Data Release 46.0 - August 10, 2026	2026-09-11	released	122a0dd1445b2664b1b40b7df7b0e2240183d712	2022-04-04T19:22:31.878361-05:00	2024-07-29T22:42:15.056044-05:00	TRUE	4225820	2026-08-17	e547db3643d1857b1a49debd2d7494ec	TRUE	28066158	FALSE	non-positive or missing survival time	FALSE	FALSE
CPTAC-3	validation	C3N-01088	C3N-01088-06	Solid Tissue Normal	36e93a64-87e9-40d4-b49d-cb6abfaf9194	befa270a-7db0-42de-bf21-1bd9014ec54e.rna_seq.augmented_star_gene_counts.tsv	b8cbe59d7b3807095da173f0fd501d4f	4240691	Data Release 46.0 - August 10, 2026	2026-09-11	released	122a0dd1445b2664b1b40b7df7b0e2240183d712	2022-04-21T08:05:33.979439-05:00	2024-07-29T22:42:13.875771-05:00	TRUE	4240691	2026-08-17	b8cbe59d7b3807095da173f0fd501d4f	TRUE	43077089	FALSE	non-primary sample	FALSE	FALSE
CPTAC-3	validation	C3N-01090	C3N-01090-04	Primary Tumor	ebe2adef-e04c-4125-9cd6-06ceaaa9144e	475268eb-120d-4708-9d79-0f6c745afcc4.rna_seq.augmented_star_gene_counts.tsv	e1ca7fb1a298b2756217bdced4478eec	4230744	Data Release 46.0 - August 10, 2026	2026-09-11	released	5d8c131bbff59fb0c969217fc1d44e6d1503cd1f	2022-04-04T18:42:15.580187-05:00	2024-07-29T22:42:01.602931-05:00	TRUE	4230744	2026-08-17	e1ca7fb1a298b2756217bdced4478eec	TRUE	33479313	FALSE	non-positive or missing survival time	FALSE	FALSE
CPTAC-3	validation	C3N-01090	C3N-01090-06	Solid Tissue Normal	e635ed3f-e497-4595-bf42-8e6f3df1a6a1	a75fd43a-0a07-41db-9b1e-c1ecf5fb4b18.rna_seq.augmented_star_gene_counts.tsv	abc3a2d4f2506bbda032fa221cbf768f	4245205	Data Release 46.0 - August 10, 2026	2026-09-11	released	122a0dd1445b2664b1b40b7df7b0e2240183d712	2022-04-21T05:20:43.424628-05:00	2024-07-29T22:41:57.852767-05:00	TRUE	4245205	2026-08-17	abc3a2d4f2506bbda032fa221cbf768f	TRUE	46374771	FALSE	non-primary sample	FALSE	FALSE
CPTAC-3	validation	C3N-01091	C3N-01091-03	Primary Tumor	ef30435b-6b81-4be2-973d-ba222ad8cf72	7f1a294d-6459-48c0-9fd2-ba44b73074c3.rna_seq.augmented_star_gene_counts.tsv	a15284ebe0e87e013c128c8e89b0240d	4222103	Data Release 46.0 - August 10, 2026	2026-09-11	released	5d8c131bbff59fb0c969217fc1d44e6d1503cd1f	2022-04-04T19:40:12.619796-05:00	2024-07-29T22:42:47.492528-05:00	TRUE	4222103	2026-08-17	a15284ebe0e87e013c128c8e89b0240d	TRUE	29102132	FALSE	non-positive or missing survival time	FALSE	FALSE
CPTAC-3	validation	C3N-01091	C3N-01091-06	Solid Tissue Normal	5fbc08f4-fd7b-4227-8481-4594ac09f84d	b651b49f-b827-49bc-99ef-f98951288482.rna_seq.augmented_star_gene_counts.tsv	aef247e98449a92605ad3cc87ce35daf	4237778	Data Release 46.0 - August 10, 2026	2026-09-11	released	122a0dd1445b2664b1b40b7df7b0e2240183d712	2022-04-21T05:21:40.758253-05:00	2024-07-29T22:42:43.906048-05:00	TRUE	4237778	2026-08-17	aef247e98449a92605ad3cc87ce35daf	TRUE	36713225	FALSE	non-primary sample	FALSE	FALSE
CPTAC-3	validation	C3N-01175	C3N-01175-05	Solid Tissue Normal	c9055841-7e14-494e-a55a-d2bf10abb19b	7ec39023-9f8b-43d0-85e7-8b125aac72ac.rna_seq.augmented_star_gene_counts.tsv	a54ef5611641f9febe64228a5ef797f9	4245194	Data Release 46.0 - August 10, 2026	2026-09-11	released	122a0dd1445b2664b1b40b7df7b0e2240183d712	2022-01-06T09:43:49.189413-06:00	2024-07-30T21:54:22.886372-05:00	TRUE	4245194	2026-08-17	a54ef5611641f9febe64228a5ef797f9	TRUE	40217670	FALSE	non-primary sample	FALSE	FALSE
CPTAC-3	validation	C3N-01176	C3N-01176-05	Solid Tissue Normal	cff3f980-1108-4ddf-adb9-986b660fdade	10312ff5-cdf3-43be-bf2f-a32280f7052f.rna_seq.augmented_star_gene_counts.tsv	5fac96fc8e681da4d1bea65b30803d8f	4239876	Data Release 46.0 - August 10, 2026	2026-09-11	released	122a0dd1445b2664b1b40b7df7b0e2240183d712	2022-01-06T09:05:53.372242-06:00	2024-07-30T21:58:46.793173-05:00	TRUE	4239876	2026-08-17	5fac96fc8e681da4d1bea65b30803d8f	TRUE	39554258	FALSE	non-primary sample	FALSE	FALSE
CPTAC-3	validation	C3N-01177	C3N-01177-02	Primary Tumor	edf6e3be-d4b9-4c53-b3a7-8c8db17713a7	97db30de-f209-4366-abe7-cf0899e38824.rna_seq.augmented_star_gene_counts.tsv	810238053b559074408fedb08c850c2c	4207957	Data Release 46.0 - August 10, 2026	2026-09-11	released	122a0dd1445b2664b1b40b7df7b0e2240183d712	2022-04-04T18:38:25.035853-05:00	2024-07-30T21:26:31.758492-05:00	TRUE	4207957	2026-08-17	810238053b559074408fedb08c850c2c	TRUE	23292007	FALSE	non-clear-cell histology	FALSE	FALSE
CPTAC-3	validation	C3N-01178	C3N-01178-05	Solid Tissue Normal	406af10a-a0c1-4c71-b5f4-cf8c8dbe6038	3a38b6f1-d10e-4dfd-bd0e-529feaf4a92d.rna_seq.augmented_star_gene_counts.tsv	9b806aabda2d8740895607594b57c0fe	4234847	Data Release 46.0 - August 10, 2026	2026-09-11	released	5d8c131bbff59fb0c969217fc1d44e6d1503cd1f	2022-01-06T09:07:47.100996-06:00	2024-07-30T22:05:34.217514-05:00	TRUE	4234847	2026-08-17	9b806aabda2d8740895607594b57c0fe	TRUE	32695074	FALSE	non-primary sample	FALSE	FALSE
CPTAC-3	validation	C3N-01179	C3N-01179-05	Solid Tissue Normal	4dcc7963-52c6-42d4-b604-4c2061fbdd5e	00167e25-7f06-44d8-be51-bd022bf36a4d.rna_seq.augmented_star_gene_counts.tsv	817e914e5375c919dbf46df3246a07aa	4223144	Data Release 46.0 - August 10, 2026	2026-09-11	released	122a0dd1445b2664b1b40b7df7b0e2240183d712	2022-01-06T09:52:38.721464-06:00	2024-07-30T02:17:06.783775-05:00	TRUE	4223144	2026-08-17	817e914e5375c919dbf46df3246a07aa	TRUE	24109065	FALSE	non-primary sample	FALSE	FALSE
CPTAC-3	validation	C3N-01200	C3N-01200-01	Primary Tumor	167073fa-9e38-4f8d-af1f-301ed3a8b5f7	0714d04f-9157-4e50-b35d-c608728dadae.rna_seq.augmented_star_gene_counts.tsv	b1492b3510a4bf993f2d2ddaac95049b	4217494	Data Release 46.0 - August 10, 2026	2026-09-11	released	122a0dd1445b2664b1b40b7df7b0e2240183d712	2022-01-06T09:47:37.123345-06:00	2024-07-30T21:41:07.815061-05:00	TRUE	4217494	2026-08-17	b1492b3510a4bf993f2d2ddaac95049b	TRUE	27982497	FALSE	duplicate aliquot	FALSE	FALSE
CPTAC-3	validation	C3N-01200	C3N-01200-02	Primary Tumor	ceb4dd9b-6f10-4358-8312-3b126952d3cc	57b74216-eb65-4157-ab80-18bdff12eec7.rna_seq.augmented_star_gene_counts.tsv	1c4468f71ed8b69fa3cab7ae290008b9	4234895	Data Release 46.0 - August 10, 2026	2026-09-11	released	122a0dd1445b2664b1b40b7df7b0e2240183d712	2022-01-06T09:55:35.726930-06:00	2024-07-30T21:41:18.605327-05:00	TRUE	4234895	2026-08-17	1c4468f71ed8b69fa3cab7ae290008b9	TRUE	40056215	FALSE	duplicate aliquot	FALSE	FALSE
CPTAC-3	validation	C3N-01200	C3N-01200-04	Primary Tumor	c54a604e-9379-46f1-938c-e2d09f8538d8	f41404af-b2ad-4c01-b637-6e033b8b21cd.rna_seq.augmented_star_gene_counts.tsv	988239e01f20200a0473ab66b2d5e2c2	4237643	Data Release 46.0 - August 10, 2026	2026-09-11	released	122a0dd1445b2664b1b40b7df7b0e2240183d712	2022-01-06T09:47:57.280420-06:00	2024-07-30T21:43:27.830713-05:00	TRUE	4237643	2026-08-17	988239e01f20200a0473ab66b2d5e2c2	TRUE	40557125	FALSE	duplicate aliquot	FALSE	FALSE
CPTAC-3	validation	C3N-01200	C3N-01200-05	Primary Tumor	b96247db-6f2a-4d26-9ac4-142e1c079e0e	a6f6d0c2-4309-48c3-829a-7fd30fde6d71.rna_seq.augmented_star_gene_counts.tsv	38e091cd065e7a72eb68140dae148b45	4233525	Data Release 46.0 - August 10, 2026	2026-09-11	released	122a0dd1445b2664b1b40b7df7b0e2240183d712	2022-01-06T09:46:53.769541-06:00	2024-07-30T21:45:03.814480-05:00	TRUE	4233525	2026-08-17	38e091cd065e7a72eb68140dae148b45	TRUE	34632719	FALSE	duplicate aliquot	FALSE	FALSE
CPTAC-3	validation	C3N-01200	C3N-01200-06	Solid Tissue Normal	93c8678d-7afd-4be2-92cb-c39ad7701b43	4f3edfb4-e7c6-43c3-a017-1ab461f16041.rna_seq.augmented_star_gene_counts.tsv	74a14cb70aca905111207fc3f400512d	4235407	Data Release 46.0 - August 10, 2026	2026-09-11	released	5d8c131bbff59fb0c969217fc1d44e6d1503cd1f	2022-01-06T09:46:56.688571-06:00	2024-07-30T21:47:29.474323-05:00	TRUE	4235407	2026-08-17	74a14cb70aca905111207fc3f400512d	TRUE	37487017	FALSE	non-primary sample	FALSE	FALSE
CPTAC-3	validation	C3N-01214	C3N-01214-01	Primary Tumor	aa9e34d4-46cd-4b86-887f-0d806c1459a0	f911de16-b44b-4df6-806c-cd272f3c558f.rna_seq.augmented_star_gene_counts.tsv	0d0126bf6e82ee09f704d2c3a7d5c941	4228614	Data Release 46.0 - August 10, 2026	2026-09-11	released	122a0dd1445b2664b1b40b7df7b0e2240183d712	2022-01-06T09:04:53.115465-06:00	2024-07-30T21:59:31.146114-05:00	TRUE	4228614	2026-08-17	0d0126bf6e82ee09f704d2c3a7d5c941	TRUE	35147765	FALSE	duplicate aliquot	FALSE	FALSE
CPTAC-3	validation	C3N-01214	C3N-01214-03	Primary Tumor	1f7fa426-cb9c-4fde-95fd-6096156034a2	f3897613-9474-4694-97da-6f67fea325cd.rna_seq.augmented_star_gene_counts.tsv	9627f4632bd32dd051664584495419bd	4233676	Data Release 46.0 - August 10, 2026	2026-09-11	released	5d8c131bbff59fb0c969217fc1d44e6d1503cd1f	2022-01-06T09:04:41.167325-06:00	2024-07-30T21:47:51.737610-05:00	TRUE	4233676	2026-08-17	9627f4632bd32dd051664584495419bd	TRUE	35256375	FALSE	duplicate aliquot	FALSE	FALSE
CPTAC-3	validation	C3N-01214	C3N-01214-06	Solid Tissue Normal	423efac1-8b47-479c-a383-25827389aebf	13d46968-f884-4f5c-ab40-8b260d2d8102.rna_seq.augmented_star_gene_counts.tsv	e33ac21100e86af6a2cd67bae5d576b7	4231992	Data Release 46.0 - August 10, 2026	2026-09-11	released	122a0dd1445b2664b1b40b7df7b0e2240183d712	2022-01-06T09:05:22.857551-06:00	2024-07-30T21:42:52.409180-05:00	TRUE	4231992	2026-08-17	e33ac21100e86af6a2cd67bae5d576b7	TRUE	31382919	FALSE	non-primary sample	FALSE	FALSE
CPTAC-3	validation	C3N-01220	C3N-01220-01	Primary Tumor	aed49365-437c-4209-919a-8229788a0620	df59eb28-e6ce-4223-a50e-94078d6d2988.rna_seq.augmented_star_gene_counts.tsv	16598eb902ff8df537f9cfe8fd4d461c	4228329	Data Release 46.0 - August 10, 2026	2026-09-11	released	122a0dd1445b2664b1b40b7df7b0e2240183d712	2022-01-06T09:03:50.308239-06:00	2024-07-30T21:44:50.328294-05:00	TRUE	4228329	2026-08-17	16598eb902ff8df537f9cfe8fd4d461c	TRUE	38848450	FALSE	duplicate aliquot	FALSE	FALSE
CPTAC-3	validation	C3N-01220	C3N-01220-02	Primary Tumor	56bb236f-205c-4753-aad4-abd10d6ddcfc	4552ee76-adc4-45a4-adc8-a3abeb2206c5.rna_seq.augmented_star_gene_counts.tsv	0dcacdd0e9b23b9bb95641baf62c331a	4231277	Data Release 46.0 - August 10, 2026	2026-09-11	released	122a0dd1445b2664b1b40b7df7b0e2240183d712	2022-01-06T09:05:35.082138-06:00	2024-07-30T21:43:01.012802-05:00	TRUE	4231277	2026-08-17	0dcacdd0e9b23b9bb95641baf62c331a	TRUE	39298572	FALSE	duplicate aliquot	FALSE	FALSE
CPTAC-3	validation	C3N-01220	C3N-01220-06	Solid Tissue Normal	e73880e9-d389-490f-b6a6-c2995e7da0b7	edf3ef73-e912-4b96-9b17-1d7282958d73.rna_seq.augmented_star_gene_counts.tsv	997c9cc666162e4e2e22c89766d128fd	4237921	Data Release 46.0 - August 10, 2026	2026-09-11	released	122a0dd1445b2664b1b40b7df7b0e2240183d712	2022-01-06T09:05:24.300144-06:00	2024-07-30T21:55:52.575085-05:00	TRUE	4237921	2026-08-17	997c9cc666162e4e2e22c89766d128fd	TRUE	46997246	FALSE	non-primary sample	FALSE	FALSE
CPTAC-3	validation	C3N-01261	C3N-01261-02	Primary Tumor	cbabcb66-6756-4b65-a18f-e973219d680e	770447a5-6def-4186-b52a-12d6bfff1617.rna_seq.augmented_star_gene_counts.tsv	4ba375768ecf7a6135d00fe1c5251d13	4226434	Data Release 46.0 - August 10, 2026	2026-09-11	released	122a0dd1445b2664b1b40b7df7b0e2240183d712	2022-01-06T08:57:44.412857-06:00	2024-07-30T21:54:20.285361-05:00	TRUE	4226434	2026-08-17	4ba375768ecf7a6135d00fe1c5251d13	TRUE	33587545	FALSE	duplicate aliquot	FALSE	FALSE
CPTAC-3	validation	C3N-01261	C3N-01261-03	Primary Tumor	f95b72e3-6e51-46f6-b43a-6fc63d1e72fc	658b66e2-a9ca-4791-b286-97db6816c40c.rna_seq.augmented_star_gene_counts.tsv	f2bae1e57e59e1119f62c3be1cf98213	4226454	Data Release 46.0 - August 10, 2026	2026-09-11	released	122a0dd1445b2664b1b40b7df7b0e2240183d712	2022-01-06T08:57:02.247950-06:00	2024-07-30T21:50:16.705655-05:00	TRUE	4226454	2026-08-17	f2bae1e57e59e1119f62c3be1cf98213	TRUE	30671566	FALSE	duplicate aliquot	FALSE	FALSE
CPTAC-3	validation	C3N-01261	C3N-01261-06	Solid Tissue Normal	7d5225de-0c8c-4477-8191-86ffc762ec77	10e3df3d-6608-4777-afde-88452856d171.rna_seq.augmented_star_gene_counts.tsv	57247ce6d73ea794dacac6d4673862be	4227882	Data Release 46.0 - August 10, 2026	2026-09-11	released	5d8c131bbff59fb0c969217fc1d44e6d1503cd1f	2022-01-06T08:57:18.226437-06:00	2024-07-30T21:48:03.818336-05:00	TRUE	4227882	2026-08-17	57247ce6d73ea794dacac6d4673862be	TRUE	33415806	FALSE	non-primary sample	FALSE	FALSE
CPTAC-3	validation	C3N-01270	C3N-01270-02	Primary Tumor	653c5db2-4e7d-4959-992f-67b7f70378f9	ee939d20-6e85-4f45-9fd4-49669e1222d4.rna_seq.augmented_star_gene_counts.tsv	80afa74d8e1cca2f91ce80986384a59c	4225972	Data Release 46.0 - August 10, 2026	2026-09-11	released	5d8c131bbff59fb0c969217fc1d44e6d1503cd1f	2022-04-04T19:16:55.728493-05:00	2024-07-30T00:34:43.602540-05:00	TRUE	4225972	2026-08-17	80afa74d8e1cca2f91ce80986384a59c	TRUE	35311389	FALSE	non-clear-cell histology	FALSE	FALSE
CPTAC-3	validation	C3N-01361	C3N-01361-06	Solid Tissue Normal	90d4e3ec-160b-4c1f-b47a-50fbe0c303ae	5d91fd01-3c04-484b-82b0-c4f1c2182dd0.rna_seq.augmented_star_gene_counts.tsv	e3846e09c7e2b7d97ab6b0135341b7b0	4218283	Data Release 46.0 - August 10, 2026	2026-09-11	released	122a0dd1445b2664b1b40b7df7b0e2240183d712	2022-01-06T09:11:14.512664-06:00	2024-07-30T22:03:17.709246-05:00	TRUE	4218283	2026-08-17	e3846e09c7e2b7d97ab6b0135341b7b0	TRUE	23000163	FALSE	non-primary sample	FALSE	FALSE
CPTAC-3	validation	C3N-01362	C3N-01362-01	Primary Tumor	b382bb2a-dc90-4a76-bc19-a2c632e834d4	b97c8dbd-a80b-4ae1-be11-34309dadc320.rna_seq.augmented_star_gene_counts.tsv	77b3342c51a28c0d9e7ae820308eaa4d	4235342	Data Release 46.0 - August 10, 2026	2026-09-11	released	122a0dd1445b2664b1b40b7df7b0e2240183d712	2022-04-04T18:39:32.712532-05:00	2024-07-30T00:44:02.509364-05:00	TRUE	4235342	2026-08-17	77b3342c51a28c0d9e7ae820308eaa4d	TRUE	65284261	FALSE	non-clear-cell histology	FALSE	FALSE
CPTAC-3	validation	C3N-01522	C3N-01522-01	Primary Tumor	9a1f80b6-acb9-44e9-aee4-96f2a466f0a0	c8f9b35f-69df-4612-9ffa-5aadb1126b67.rna_seq.augmented_star_gene_counts.tsv	864b353c77a2e85d61d0259cb0e7266d	4230376	Data Release 46.0 - August 10, 2026	2026-09-11	released	122a0dd1445b2664b1b40b7df7b0e2240183d712	2022-01-06T09:50:54.194699-06:00	2024-07-30T21:54:52.350221-05:00	TRUE	4230376	2026-08-17	864b353c77a2e85d61d0259cb0e7266d	TRUE	35239538	FALSE	duplicate aliquot	FALSE	FALSE
CPTAC-3	validation	C3N-01522	C3N-01522-03	Primary Tumor	3e9809c3-3e48-4f7f-bc89-ff5ba1124cc3	e7a5a046-b38a-4f93-aee2-f16c49ee0f22.rna_seq.augmented_star_gene_counts.tsv	19427e2dc00e6229d071c7a12f875249	4232775	Data Release 46.0 - August 10, 2026	2026-09-11	released	122a0dd1445b2664b1b40b7df7b0e2240183d712	2022-01-06T09:50:01.879223-06:00	2024-07-30T21:52:44.823394-05:00	TRUE	4232775	2026-08-17	19427e2dc00e6229d071c7a12f875249	TRUE	35087268	FALSE	duplicate aliquot	FALSE	FALSE
CPTAC-3	validation	C3N-01522	C3N-01522-06	Solid Tissue Normal	6b1a033b-a3b6-4635-9702-b82ea7cbd3cd	e7375b41-dfed-4681-a2d9-f7b0b8f406cb.rna_seq.augmented_star_gene_counts.tsv	c425d2eae4e593c7b1c2d55126436d1b	4235712	Data Release 46.0 - August 10, 2026	2026-09-11	released	122a0dd1445b2664b1b40b7df7b0e2240183d712	2022-01-06T09:51:20.702907-06:00	2024-07-30T21:57:57.732870-05:00	TRUE	4235712	2026-08-17	c425d2eae4e593c7b1c2d55126436d1b	TRUE	37842618	FALSE	non-primary sample	FALSE	FALSE
CPTAC-3	validation	C3N-01524	C3N-01524-02	Primary Tumor	7429fb83-2d3a-4a47-82f5-533984cb517c	5786482a-c89b-4653-80b6-c5ac1eb4fb28.rna_seq.augmented_star_gene_counts.tsv	9f3a7f5832b2ffd0fde1b6a86a8ccbdc	4230071	Data Release 46.0 - August 10, 2026	2026-09-11	released	122a0dd1445b2664b1b40b7df7b0e2240183d712	2022-01-06T08:56:22.417160-06:00	2024-07-30T21:58:42.982586-05:00	TRUE	4230071	2026-08-17	9f3a7f5832b2ffd0fde1b6a86a8ccbdc	TRUE	35962832	FALSE	duplicate aliquot	FALSE	FALSE
CPTAC-3	validation	C3N-01524	C3N-01524-03	Primary Tumor	aa366c5f-98b2-4a47-928a-13ab6fd3f752	c38eb27c-b97b-4b56-b48c-43542a3ae54e.rna_seq.augmented_star_gene_counts.tsv	a6df96416fc2af457cb12cf9bf816289	4233099	Data Release 46.0 - August 10, 2026	2026-09-11	released	122a0dd1445b2664b1b40b7df7b0e2240183d712	2022-01-06T08:54:55.240778-06:00	2024-07-30T21:46:35.526101-05:00	TRUE	4233099	2026-08-17	a6df96416fc2af457cb12cf9bf816289	TRUE	37696794	FALSE	duplicate aliquot	FALSE	FALSE
CPTAC-3	validation	C3N-01524	C3N-01524-06	Solid Tissue Normal	b27245c6-412c-45c3-b4e5-f7464580097b	81956631-f99d-4550-8036-0987863e5285.rna_seq.augmented_star_gene_counts.tsv	bbad82aa5d81c84a1e1c84480f5cd6a0	4238515	Data Release 46.0 - August 10, 2026	2026-09-11	released	122a0dd1445b2664b1b40b7df7b0e2240183d712	2022-01-06T08:57:04.911984-06:00	2024-07-30T21:41:44.298871-05:00	TRUE	4238515	2026-08-17	bbad82aa5d81c84a1e1c84480f5cd6a0	TRUE	32268836	FALSE	non-primary sample	FALSE	FALSE
CPTAC-3	validation	C3N-01536	C3N-01536-06	Solid Tissue Normal	5c0c5cd7-4e35-4406-817e-954f4be3643b	4b5d0657-fab2-4ad6-a26a-eb821b9bdac1.rna_seq.augmented_star_gene_counts.tsv	7c4fe5507b301a9ca21adb8867cdb0da	4237560	Data Release 46.0 - August 10, 2026	2026-09-11	released	122a0dd1445b2664b1b40b7df7b0e2240183d712	2022-04-21T08:43:25.307669-05:00	2024-07-29T22:42:48.982070-05:00	TRUE	4237560	2026-08-17	7c4fe5507b301a9ca21adb8867cdb0da	TRUE	38859965	FALSE	non-primary sample	FALSE	FALSE
CPTAC-3	validation	C3N-01646	C3N-01646-10	Solid Tissue Normal	1fc9bba3-e6dd-4173-8884-1f3ce6df3cf6	fb3d16e9-fd7c-4f3b-9e4e-6bf68a712d43.rna_seq.augmented_star_gene_counts.tsv	ab12db45ac5e49518e2586fabc5e86bf	4230879	Data Release 46.0 - August 10, 2026	2026-09-11	released	122a0dd1445b2664b1b40b7df7b0e2240183d712	2022-01-06T09:11:03.935551-06:00	2024-07-30T21:43:46.987518-05:00	TRUE	4230879	2026-08-17	ab12db45ac5e49518e2586fabc5e86bf	TRUE	30791887	FALSE	non-primary sample	FALSE	FALSE
CPTAC-3	validation	C3N-01648	C3N-01648-08	Solid Tissue Normal	ead81b88-c124-472a-a78e-348dd052209b	293d3fd6-807c-4a5f-8c6c-555589665c3c.rna_seq.augmented_star_gene_counts.tsv	e8dbc63d8f9fc831363fc53bd2eba883	4239090	Data Release 46.0 - August 10, 2026	2026-09-11	released	122a0dd1445b2664b1b40b7df7b0e2240183d712	2022-01-06T09:21:25.436038-06:00	2024-07-30T21:55:53.783946-05:00	TRUE	4239090	2026-08-17	e8dbc63d8f9fc831363fc53bd2eba883	TRUE	32128703	FALSE	non-primary sample	FALSE	FALSE
CPTAC-3	validation	C3N-01649	C3N-01649-10	Solid Tissue Normal	9bb66af0-6fc4-4e65-bda8-01b4b57bc085	e8f1dd0a-679c-4c82-be87-615c06853e6a.rna_seq.augmented_star_gene_counts.tsv	52c0c8f4fe20cb676a82af1e1f7b8747	4239684	Data Release 46.0 - August 10, 2026	2026-09-11	released	122a0dd1445b2664b1b40b7df7b0e2240183d712	2022-01-06T09:21:55.788806-06:00	2024-07-30T21:52:47.550665-05:00	TRUE	4239684	2026-08-17	52c0c8f4fe20cb676a82af1e1f7b8747	TRUE	38572167	FALSE	non-primary sample	FALSE	FALSE
CPTAC-3	validation	C3N-01650	C3N-01650-06	Primary Tumor	463869a6-2ef4-4fcf-b0a0-818981e70747	15083240-7e51-4f9c-93e6-6b6a0282fd21.rna_seq.augmented_star_gene_counts.tsv	fe4733b08b33ac672883ab181ce86e85	4237608	Data Release 46.0 - August 10, 2026	2026-09-11	released	122a0dd1445b2664b1b40b7df7b0e2240183d712	2022-04-04T18:38:15.429478-05:00	2024-07-30T21:23:08.985020-05:00	TRUE	4237608	2026-08-17	fe4733b08b33ac672883ab181ce86e85	TRUE	42346383	FALSE	non-clear-cell histology	FALSE	FALSE
CPTAC-3	validation	C3N-01650	C3N-01650-09	Solid Tissue Normal	704bb354-bed8-4e26-bf19-ef0788fe07ee	676df6bf-ea54-4b94-99e8-6767d479ec2e.rna_seq.augmented_star_gene_counts.tsv	d1dfb25081b8ea7b91f2fbd047228601	4254381	Data Release 46.0 - August 10, 2026	2026-09-11	released	122a0dd1445b2664b1b40b7df7b0e2240183d712	2022-04-04T18:36:49.382273-05:00	2024-07-30T21:23:18.876989-05:00	TRUE	4254381	2026-08-17	d1dfb25081b8ea7b91f2fbd047228601	TRUE	45374138	FALSE	non-primary sample	FALSE	FALSE
CPTAC-3	validation	C3N-01651	C3N-01651-10	Solid Tissue Normal	ca283a5e-d744-4125-abc3-59860891038b	283d46dc-68a0-4856-8191-8f8148c165b2.rna_seq.augmented_star_gene_counts.tsv	b91c3e752f5233904ea02164f26579e5	4227399	Data Release 46.0 - August 10, 2026	2026-09-11	released	122a0dd1445b2664b1b40b7df7b0e2240183d712	2022-01-06T09:01:36.929793-06:00	2024-07-30T22:06:38.425691-05:00	TRUE	4227399	2026-08-17	b91c3e752f5233904ea02164f26579e5	TRUE	28581364	FALSE	non-primary sample	FALSE	FALSE
CPTAC-3	validation	C3N-01652	C3N-01652-04	Primary Tumor	1f3fd0a5-423c-4472-878b-2a6937baf3a2	dde91732-79b7-41e6-9dc0-49037e9e9436.rna_seq.augmented_star_gene_counts.tsv	8ce40d078db6c81336c45a490af23806	4226459	Data Release 46.0 - August 10, 2026	2026-09-11	released	122a0dd1445b2664b1b40b7df7b0e2240183d712	2022-04-04T19:27:51.335995-05:00	2024-07-30T21:22:34.232337-05:00	TRUE	4226459	2026-08-17	8ce40d078db6c81336c45a490af23806	TRUE	38421798	FALSE	non-clear-cell histology	FALSE	FALSE
CPTAC-3	validation	C3N-01652	C3N-01652-05	Solid Tissue Normal	aad7b9ac-60d9-40a8-8a1a-5562c99c1471	06f88778-8a91-4f69-b50f-5320901dfd9a.rna_seq.augmented_star_gene_counts.tsv	4125f34c0f06312d7e25c3676bdc7e68	4240030	Data Release 46.0 - August 10, 2026	2026-09-11	released	122a0dd1445b2664b1b40b7df7b0e2240183d712	2022-04-04T19:11:37.878416-05:00	2024-07-30T00:42:45.901078-05:00	TRUE	4240030	2026-08-17	4125f34c0f06312d7e25c3676bdc7e68	TRUE	40867218	FALSE	non-primary sample	FALSE	FALSE
CPTAC-3	validation	C3N-01653	C3N-01653-03	Primary Tumor	6929abda-caa6-4234-99b1-aac1a4bd3a3a	36084901-82b0-4f53-830a-8c7835afe808.rna_seq.augmented_star_gene_counts.tsv	143446e050ec361107871bd8681a9871	4234542	Data Release 46.0 - August 10, 2026	2026-09-11	released	5d8c131bbff59fb0c969217fc1d44e6d1503cd1f	2022-04-04T18:40:32.859671-05:00	2024-07-30T00:35:03.402645-05:00	TRUE	4234542	2026-08-17	143446e050ec361107871bd8681a9871	TRUE	38476242	FALSE	non-clear-cell histology	FALSE	FALSE
CPTAC-3	validation	C3N-01653	C3N-01653-09	Solid Tissue Normal	2d43e416-5431-40a7-9ad7-dc57c416ce90	8e292fe5-0533-46f5-ac33-2e7e55a0936a.rna_seq.augmented_star_gene_counts.tsv	8c879c89b454fffe53246fafbf85d265	4242079	Data Release 46.0 - August 10, 2026	2026-09-11	released	122a0dd1445b2664b1b40b7df7b0e2240183d712	2022-04-04T19:38:07.779119-05:00	2024-07-30T21:22:27.285836-05:00	TRUE	4242079	2026-08-17	8c879c89b454fffe53246fafbf85d265	TRUE	38271529	FALSE	non-primary sample	FALSE	FALSE
CPTAC-3	validation	C3N-01654	C3N-01654-09	Solid Tissue Normal	36b458eb-b4a2-44ec-8a16-2abcab16d059	363d4537-0dc6-4131-8c3a-047cf40ee552.rna_seq.augmented_star_gene_counts.tsv	990d00d0a4b915131adb2490c9bbb724	4237361	Data Release 46.0 - August 10, 2026	2026-09-11	released	122a0dd1445b2664b1b40b7df7b0e2240183d712	2022-04-21T05:15:04.030354-05:00	2024-07-29T22:44:49.313166-05:00	TRUE	4237361	2026-08-17	990d00d0a4b915131adb2490c9bbb724	TRUE	38281562	FALSE	non-primary sample	FALSE	FALSE
CPTAC-3	validation	C3N-01656	C3N-01656-07	Solid Tissue Normal	435e2703-87bd-4f2d-a2ba-eb843d2d9bab	48eeefc9-16a0-4103-9435-c7a2d51d9226.rna_seq.augmented_star_gene_counts.tsv	6854237d01825af58006519338215561	4238724	Data Release 46.0 - August 10, 2026	2026-09-11	released	122a0dd1445b2664b1b40b7df7b0e2240183d712	2022-04-21T08:13:55.988187-05:00	2024-07-29T22:44:09.153413-05:00	TRUE	4238724	2026-08-17	6854237d01825af58006519338215561	TRUE	38546699	FALSE	non-primary sample	FALSE	FALSE
CPTAC-3	validation	C3N-01803	C3N-01803-03	Primary Tumor	83a8000e-64e1-4144-917c-9282289ece55	a923585f-70ab-45d4-a10c-3ff08d90f8fb.rna_seq.augmented_star_gene_counts.tsv	9529a315b3621207b08bfddfeec5611e	4231508	Data Release 46.0 - August 10, 2026	2026-09-11	released	122a0dd1445b2664b1b40b7df7b0e2240183d712	2022-04-21T09:15:02.794099-05:00	2024-07-30T00:38:05.445843-05:00	TRUE	4231508	2026-08-17	9529a315b3621207b08bfddfeec5611e	TRUE	29329326	FALSE	non-clear-cell histology	FALSE	FALSE
CPTAC-3	validation	C3N-01803	C3N-01803-07	Solid Tissue Normal	9f499444-8f89-4def-ba6e-0e3b1955139e	430da25e-9973-43ed-ace3-2971adc05335.rna_seq.augmented_star_gene_counts.tsv	37de3ca06ca74136263f49eee7bb89ef	4236604	Data Release 46.0 - August 10, 2026	2026-09-11	released	122a0dd1445b2664b1b40b7df7b0e2240183d712	2022-04-21T09:14:42.167275-05:00	2024-07-30T21:24:10.672908-05:00	TRUE	4236604	2026-08-17	37de3ca06ca74136263f49eee7bb89ef	TRUE	31912594	FALSE	non-primary sample	FALSE	FALSE
CPTAC-3	validation	C3N-01806	C3N-01806-06	Solid Tissue Normal	e78b18d0-a376-43de-a736-060c45abb663	c78513b6-47b9-4c2b-b003-165ce7ee0648.rna_seq.augmented_star_gene_counts.tsv	95a89a0dc76e475862d5661a7f962cb0	4241748	Data Release 46.0 - August 10, 2026	2026-09-11	released	122a0dd1445b2664b1b40b7df7b0e2240183d712	2022-04-04T19:05:21.318847-05:00	2024-07-29T22:47:40.130853-05:00	TRUE	4241748	2026-08-17	95a89a0dc76e475862d5661a7f962cb0	TRUE	43550342	FALSE	non-primary sample	FALSE	FALSE
CPTAC-3	validation	C3N-01808	C3N-01808-06	Solid Tissue Normal	fb74e04f-41a6-4be2-ae2d-a1f810e9ee93	8da659d6-76a1-41de-b45e-3be7a798389b.rna_seq.augmented_star_gene_counts.tsv	a620bc8e6f69c5d319a6092d1102322b	4240307	Data Release 46.0 - August 10, 2026	2026-09-11	released	122a0dd1445b2664b1b40b7df7b0e2240183d712	2022-01-06T09:44:47.505995-06:00	2024-07-30T21:54:40.021948-05:00	TRUE	4240307	2026-08-17	a620bc8e6f69c5d319a6092d1102322b	TRUE	44287237	FALSE	non-primary sample	FALSE	FALSE
CPTAC-3	validation	C3N-01828	C3N-01828-06	Solid Tissue Normal	2d874169-0fb9-4c42-b80c-e8c84a1b46cb	90095d99-984a-401c-81a6-47067129cbb4.rna_seq.augmented_star_gene_counts.tsv	b6be0183547f246960825da221b9fd7d	4230645	Data Release 46.0 - August 10, 2026	2026-09-11	released	122a0dd1445b2664b1b40b7df7b0e2240183d712	2022-04-04T19:24:25.040041-05:00	2024-07-29T22:46:20.413062-05:00	TRUE	4230645	2026-08-17	b6be0183547f246960825da221b9fd7d	TRUE	32172869	FALSE	non-primary sample	FALSE	FALSE
CPTAC-3	validation	C3N-01902	C3N-01902-09	Solid Tissue Normal	54e6b7f3-e555-4772-90de-ec850f2c56fe	85c191d3-88e5-44b9-940e-e75b4f80a18c.rna_seq.augmented_star_gene_counts.tsv	f607127247087f043dca746a7a631ca5	4230539	Data Release 46.0 - August 10, 2026	2026-09-11	released	122a0dd1445b2664b1b40b7df7b0e2240183d712	2022-04-04T18:46:09.060868-05:00	2024-07-29T22:48:22.915674-05:00	TRUE	4230539	2026-08-17	f607127247087f043dca746a7a631ca5	TRUE	38119264	FALSE	non-primary sample	FALSE	FALSE
CPTAC-3	validation	C3N-01903	C3N-01903-04	Primary Tumor	ea6993eb-bba7-489c-95b9-c8a5ea8ae462	d071e68e-ad16-4be2-9485-b6a96f7a7a13.rna_seq.augmented_star_gene_counts.tsv	367aa0d9a2b59cf520249d6e4fb06dc5	4224123	Data Release 46.0 - August 10, 2026	2026-09-11	released	5d8c131bbff59fb0c969217fc1d44e6d1503cd1f	2022-04-04T18:38:29.541543-05:00	2024-07-30T00:51:30.214193-05:00	TRUE	4224123	2026-08-17	367aa0d9a2b59cf520249d6e4fb06dc5	TRUE	30427648	FALSE	non-clear-cell histology	FALSE	FALSE
CPTAC-3	validation	C3N-01903	C3N-01903-08	Solid Tissue Normal	d43c646b-0b68-480e-baad-a25960851a37	fbf9c486-7393-4240-b721-b6202331671f.rna_seq.augmented_star_gene_counts.tsv	03847a9e66bdb6130e14e98622225712	4232593	Data Release 46.0 - August 10, 2026	2026-09-11	released	5d8c131bbff59fb0c969217fc1d44e6d1503cd1f	2022-04-04T18:34:26.346654-05:00	2024-07-30T00:49:02.729664-05:00	TRUE	4232593	2026-08-17	03847a9e66bdb6130e14e98622225712	TRUE	33034537	FALSE	non-primary sample	FALSE	FALSE
CPTAC-3	validation	C3N-01904	C3N-01904-02	Primary Tumor	73dafccb-a894-4283-a851-f72e1fba7ffb	1fba9630-b04c-473d-b67d-213c07c8cbd9.rna_seq.augmented_star_gene_counts.tsv	9759c888a3e1cd2f63cbca11e9394435	4238152	Data Release 46.0 - August 10, 2026	2026-09-11	released	122a0dd1445b2664b1b40b7df7b0e2240183d712	2022-04-21T09:13:55.638963-05:00	2024-07-30T00:36:23.518391-05:00	TRUE	4238152	2026-08-17	9759c888a3e1cd2f63cbca11e9394435	TRUE	37948210	FALSE	non-clear-cell histology	FALSE	FALSE
CPTAC-3	validation	C3N-01905	C3N-01905-09	Solid Tissue Normal	c9f42694-b2fd-4628-aad7-f7ca3fae5310	6e2ed108-5d29-44e3-9d23-68b5b17d27da.rna_seq.augmented_star_gene_counts.tsv	18c13316b7706e4feb1511d2014aadb8	4241150	Data Release 46.0 - August 10, 2026	2026-09-11	released	122a0dd1445b2664b1b40b7df7b0e2240183d712	2022-04-21T08:04:37.006383-05:00	2024-07-29T22:48:24.301990-05:00	TRUE	4241150	2026-08-17	18c13316b7706e4feb1511d2014aadb8	TRUE	45260823	FALSE	non-primary sample	FALSE	FALSE
CPTAC-3	validation	C3N-01989	C3N-01989-03	Solid Tissue Normal	02c4a9bc-99c5-44b1-a9db-499dcb725bf9	e90e482a-beca-4f4e-b703-ab88de0db5ff.rna_seq.augmented_star_gene_counts.tsv	b8a663e8f95ebdf11dec28910bad157c	4237211	Data Release 46.0 - August 10, 2026	2026-09-11	released	122a0dd1445b2664b1b40b7df7b0e2240183d712	2022-04-04T19:06:10.585486-05:00	2024-07-29T22:47:44.001381-05:00	TRUE	4237211	2026-08-17	b8a663e8f95ebdf11dec28910bad157c	TRUE	41139359	FALSE	non-primary sample	FALSE	FALSE
CPTAC-3	validation	C3N-02066	C3N-02066-03	Solid Tissue Normal	0b23d326-5fe4-4fb8-a735-1e5ae0f4b8c7	337d8f1f-6771-4bab-aed2-e48ccbde766a.rna_seq.augmented_star_gene_counts.tsv	45393cbdc3fbd45317771239e4060cdf	4237847	Data Release 46.0 - August 10, 2026	2026-09-11	released	122a0dd1445b2664b1b40b7df7b0e2240183d712	2022-04-04T19:36:10.251052-05:00	2024-07-29T22:46:26.609058-05:00	TRUE	4237847	2026-08-17	45393cbdc3fbd45317771239e4060cdf	TRUE	40230716	FALSE	non-primary sample	FALSE	FALSE
CPTAC-3	validation	C3N-02070	C3N-02070-03	Solid Tissue Normal	9c89b819-7ab6-45e5-8651-7ab51ab77a20	fb7795fd-b5a9-4870-ba5d-0cbaf319e04d.rna_seq.augmented_star_gene_counts.tsv	280686228af6a0644aaef23a81e7063f	4235988	Data Release 46.0 - August 10, 2026	2026-09-11	released	122a0dd1445b2664b1b40b7df7b0e2240183d712	2022-04-04T19:13:24.367020-05:00	2024-07-29T22:47:35.097739-05:00	TRUE	4235988	2026-08-17	280686228af6a0644aaef23a81e7063f	TRUE	36107443	FALSE	non-primary sample	FALSE	FALSE
CPTAC-3	validation	C3N-02082	C3N-02082-03	Solid Tissue Normal	11ed3a3f-33a9-434a-841a-5b05148ae397	e4e4e96b-df61-4bef-aa06-65ab65c3c2fd.rna_seq.augmented_star_gene_counts.tsv	6b801c5cc8cfc4f3ee3dd07860395d3b	4247719	Data Release 46.0 - August 10, 2026	2026-09-11	released	122a0dd1445b2664b1b40b7df7b0e2240183d712	2022-04-04T19:19:04.147124-05:00	2024-07-29T22:46:31.505741-05:00	TRUE	4247719	2026-08-17	6b801c5cc8cfc4f3ee3dd07860395d3b	TRUE	48289537	FALSE	non-primary sample	FALSE	FALSE
CPTAC-3	validation	C3N-02084	C3N-02084-03	Solid Tissue Normal	06d25984-49bb-48b7-bade-046fe692e84b	ab79065a-45fb-4c11-a0b8-d03387bc61cc.rna_seq.augmented_star_gene_counts.tsv	e343ce782271574de7309b81d1d4089c	4234709	Data Release 46.0 - August 10, 2026	2026-09-11	released	122a0dd1445b2664b1b40b7df7b0e2240183d712	2022-04-04T18:46:41.425292-05:00	2024-07-29T22:48:30.454946-05:00	TRUE	4234709	2026-08-17	e343ce782271574de7309b81d1d4089c	TRUE	35462079	FALSE	non-primary sample	FALSE	FALSE
CPTAC-3	validation	C3N-02160	C3N-02160-04	Primary Tumor	d8539cb3-da52-4cbd-bcc6-ea19a039adea	1bd23494-29ea-4f15-9df1-b887486ec533.rna_seq.augmented_star_gene_counts.tsv	13a40601fb96b72f2cd17c5a9467b235	4210202	Data Release 46.0 - August 10, 2026	2026-09-11	released	122a0dd1445b2664b1b40b7df7b0e2240183d712	2022-04-04T18:45:44.026123-05:00	2024-07-29T22:48:37.803810-05:00	TRUE	4210202	2026-08-17	13a40601fb96b72f2cd17c5a9467b235	TRUE	24098973	FALSE	non-positive or missing survival time	FALSE	FALSE
CPTAC-3	validation	C3N-02160	C3N-02160-06	Solid Tissue Normal	5bb1a672-a2e6-4924-a0f4-2f60d3c910cf	627601b7-6a60-4585-ba54-e07f24b9352b.rna_seq.augmented_star_gene_counts.tsv	77122ecb70b1ce80147ae3de6f264933	4218034	Data Release 46.0 - August 10, 2026	2026-09-11	released	122a0dd1445b2664b1b40b7df7b0e2240183d712	2022-04-04T18:46:19.947050-05:00	2024-07-29T22:49:24.313830-05:00	TRUE	4218034	2026-08-17	77122ecb70b1ce80147ae3de6f264933	TRUE	26251531	FALSE	non-primary sample	FALSE	FALSE
CPTAC-3	validation	C3N-02224	C3N-02224-02	Primary Tumor	07825817-3101-450d-8bcd-9e68047f337f	1adcea04-8606-4e47-a247-ce74bd176c87.rna_seq.augmented_star_gene_counts.tsv	3e653de6b93ab9a42e712e58a21f0fb2	4222749	Data Release 46.0 - August 10, 2026	2026-09-11	released	122a0dd1445b2664b1b40b7df7b0e2240183d712	2022-04-04T19:11:09.229710-05:00	2024-07-29T22:49:54.773821-05:00	TRUE	4222749	2026-08-17	3e653de6b93ab9a42e712e58a21f0fb2	TRUE	28504585	FALSE	non-positive or missing survival time	FALSE	FALSE
CPTAC-3	validation	C3N-02224	C3N-02224-06	Solid Tissue Normal	edaf9d1f-85d7-4d85-b3ef-1d7c5fc2b9a8	c0a52463-5e83-46ec-91b3-f46d5960feea.rna_seq.augmented_star_gene_counts.tsv	f0c3c22f676401e948128d0a9e840e82	4233007	Data Release 46.0 - August 10, 2026	2026-09-11	released	122a0dd1445b2664b1b40b7df7b0e2240183d712	2022-04-04T19:28:16.183754-05:00	2024-07-29T22:47:04.285851-05:00	TRUE	4233007	2026-08-17	f0c3c22f676401e948128d0a9e840e82	TRUE	30586854	FALSE	non-primary sample	FALSE	FALSE
CPTAC-3	validation	C3N-02248	C3N-02248-72	Primary Tumor	e0041f4a-eb89-45fa-983a-af8d804db705	f55580cd-cc01-4ec0-bedb-4d3d688a2440.rna_seq.augmented_star_gene_counts.tsv	dd5ac0df45987657fe51a522ec649331	4232574	Data Release 46.0 - August 10, 2026	2026-09-11	released	122a0dd1445b2664b1b40b7df7b0e2240183d712	2022-04-04T19:00:03.134408-05:00	2024-07-29T22:49:29.334889-05:00	TRUE	4232574	2026-08-17	dd5ac0df45987657fe51a522ec649331	TRUE	35792420	FALSE	non-positive or missing survival time	FALSE	FALSE
CPTAC-3	validation	C3N-02248	C3N-02248-75	Solid Tissue Normal	27d75f04-831f-42ff-b24e-8e68e59d5502	7426fb31-900f-4b17-a6d4-ab3214c7b44e.rna_seq.augmented_star_gene_counts.tsv	7a70eeba604a82ef278f194dee94675f	4238602	Data Release 46.0 - August 10, 2026	2026-09-11	released	122a0dd1445b2664b1b40b7df7b0e2240183d712	2022-04-04T18:58:05.520792-05:00	2024-07-29T22:49:26.812709-05:00	TRUE	4238602	2026-08-17	7a70eeba604a82ef278f194dee94675f	TRUE	32824496	FALSE	non-primary sample	FALSE	FALSE
CPTAC-3	validation	C3N-02261	C3N-02261-01	Primary Tumor	6b33094c-6aa0-4fa5-a1f7-d391189ddd7a	764b5c1a-7045-4beb-a53f-bd74ef4091e8.rna_seq.augmented_star_gene_counts.tsv	4b08c9ee8c92a544e32c058affa838e5	4220552	Data Release 46.0 - August 10, 2026	2026-09-11	released	122a0dd1445b2664b1b40b7df7b0e2240183d712	2022-04-04T18:35:11.546951-05:00	2024-07-30T21:23:49.964534-05:00	TRUE	4220552	2026-08-17	4b08c9ee8c92a544e32c058affa838e5	TRUE	31140746	FALSE	non-clear-cell histology	FALSE	FALSE
CPTAC-3	validation	C3N-02261	C3N-02261-06	Solid Tissue Normal	073991ae-3dfb-41f4-a5e5-ec790c40b6c7	bb528b38-5c0a-461e-8dd7-1cc2806dfcf4.rna_seq.augmented_star_gene_counts.tsv	e567c114a31ac85f8ab49d037bb46cc8	4236930	Data Release 46.0 - August 10, 2026	2026-09-11	released	122a0dd1445b2664b1b40b7df7b0e2240183d712	2022-04-04T18:35:25.343098-05:00	2024-07-30T00:22:37.361039-05:00	TRUE	4236930	2026-08-17	e567c114a31ac85f8ab49d037bb46cc8	TRUE	33559449	FALSE	non-primary sample	FALSE	FALSE
CPTAC-3	validation	C3N-02263	C3N-02263-06	Solid Tissue Normal	9c9e4e56-bb15-4bdd-b9af-bbe110cdca72	eeed5d93-7845-4a99-a124-90be94cef2df.rna_seq.augmented_star_gene_counts.tsv	b3b045f9c4545e17484e3e05c9ca4695	4238288	Data Release 46.0 - August 10, 2026	2026-09-11	released	122a0dd1445b2664b1b40b7df7b0e2240183d712	2022-04-04T18:28:22.051355-05:00	2024-07-29T22:50:17.211319-05:00	TRUE	4238288	2026-08-17	b3b045f9c4545e17484e3e05c9ca4695	TRUE	36043825	FALSE	non-primary sample	FALSE	FALSE
CPTAC-3	validation	C3N-02265	C3N-02265-05	Solid Tissue Normal	38df4823-3dd5-483f-9bdf-783391d26077	0bc23a04-e73f-44ef-ad03-a84343d1d858.rna_seq.augmented_star_gene_counts.tsv	2ec68253fc7f39a29cf7c42a595e89ce	4231798	Data Release 46.0 - August 10, 2026	2026-09-11	released	122a0dd1445b2664b1b40b7df7b0e2240183d712	2022-04-04T18:35:05.639638-05:00	2024-07-29T22:50:28.940708-05:00	TRUE	4231798	2026-08-17	2ec68253fc7f39a29cf7c42a595e89ce	TRUE	32275045	FALSE	non-primary sample	FALSE	FALSE
CPTAC-3	validation	C3N-02332	C3N-02332-06	Solid Tissue Normal	993fda62-5f34-443f-a7b2-19a49e3866fa	3e28f4ce-0a97-4bb3-a1ce-431277b42b4f.rna_seq.augmented_star_gene_counts.tsv	30d9280eb7bc9fd719a851774a3116e7	4232822	Data Release 46.0 - August 10, 2026	2026-09-11	released	122a0dd1445b2664b1b40b7df7b0e2240183d712	2022-04-04T19:12:52.163118-05:00	2024-07-29T22:50:55.357827-05:00	TRUE	4232822	2026-08-17	30d9280eb7bc9fd719a851774a3116e7	TRUE	36287476	FALSE	non-primary sample	FALSE	FALSE
CPTAC-3	validation	C3N-02429	C3N-02429-03	Solid Tissue Normal	cdae34d1-5192-45ee-b113-7d4a80344605	b6e050b2-fb1f-40b1-a15e-e5d828bec4ad.rna_seq.augmented_star_gene_counts.tsv	eb27c6e8d9b7d3157c200faeb263af5c	4238254	Data Release 46.0 - August 10, 2026	2026-09-11	released	122a0dd1445b2664b1b40b7df7b0e2240183d712	2022-04-04T19:13:50.045770-05:00	2024-07-29T22:51:12.355302-05:00	TRUE	4238254	2026-08-17	eb27c6e8d9b7d3157c200faeb263af5c	TRUE	43056607	FALSE	non-primary sample	FALSE	FALSE
CPTAC-3	validation	C3N-02431	C3N-02431-01	Solid Tissue Normal	09d5ebd7-63fa-4792-9d3b-f2ca2a6008ad	1fa1da9a-4639-4723-9784-fa679726c224.rna_seq.augmented_star_gene_counts.tsv	9de1095f23d3cb51f01f1272384030f9	4234387	Data Release 46.0 - August 10, 2026	2026-09-11	released	122a0dd1445b2664b1b40b7df7b0e2240183d712	2022-04-21T08:04:58.724177-05:00	2024-07-29T22:49:15.266699-05:00	TRUE	4234387	2026-08-17	9de1095f23d3cb51f01f1272384030f9	TRUE	36658409	FALSE	non-primary sample	FALSE	FALSE
CPTAC-3	validation	C3N-02439	C3N-02439-07	Solid Tissue Normal	244eef3a-ad63-45e5-955d-12355c9bde8f	afbbd1f7-b4c5-4514-899e-45ac45cc6d15.rna_seq.augmented_star_gene_counts.tsv	63f8acaf989c19025401070f5c892943	4229364	Data Release 46.0 - August 10, 2026	2026-09-11	released	5d8c131bbff59fb0c969217fc1d44e6d1503cd1f	2022-04-04T18:44:55.169366-05:00	2024-07-29T22:51:16.453369-05:00	TRUE	4229364	2026-08-17	63f8acaf989c19025401070f5c892943	TRUE	28832197	FALSE	non-primary sample	FALSE	FALSE
CPTAC-3	validation	C3N-02440	C3N-02440-02	Primary Tumor	a58be5cd-9769-456e-9520-53d5ebd3d6e5	ac27a081-916d-42b2-a00f-7b40c85ae9f3.rna_seq.augmented_star_gene_counts.tsv	c9c7182d4597880e3231a8c77a8b9704	4225126	Data Release 46.0 - August 10, 2026	2026-09-11	released	122a0dd1445b2664b1b40b7df7b0e2240183d712	2022-04-04T18:39:07.719846-05:00	2024-07-30T00:42:03.583411-05:00	TRUE	4225126	2026-08-17	c9c7182d4597880e3231a8c77a8b9704	TRUE	29421134	FALSE	non-clear-cell histology	FALSE	FALSE
CPTAC-3	validation	C3N-02440	C3N-02440-06	Solid Tissue Normal	8f1366aa-0394-4d0f-87fd-c841a96cc5d6	7a8785b8-897d-4c0d-817f-bfb7da1f940a.rna_seq.augmented_star_gene_counts.tsv	7260ade96fe892a8fe3e34781a18cdac	4231916	Data Release 46.0 - August 10, 2026	2026-09-11	released	122a0dd1445b2664b1b40b7df7b0e2240183d712	2022-04-04T18:36:51.726514-05:00	2024-07-30T21:24:13.621270-05:00	TRUE	4231916	2026-08-17	7260ade96fe892a8fe3e34781a18cdac	TRUE	32689253	FALSE	non-primary sample	FALSE	FALSE
CPTAC-3	validation	C3N-02577	C3N-02577-03	Solid Tissue Normal	0427ebe1-1847-49dc-8759-b2902038ae16	0e237998-5fcb-44f9-9a5a-f2226ba6e61a.rna_seq.augmented_star_gene_counts.tsv	d7f4e88e59b98823d9ed9e846de78a5f	4242249	Data Release 46.0 - August 10, 2026	2026-09-11	released	122a0dd1445b2664b1b40b7df7b0e2240183d712	2022-04-04T19:09:06.447872-05:00	2024-07-29T22:50:07.172643-05:00	TRUE	4242249	2026-08-17	d7f4e88e59b98823d9ed9e846de78a5f	TRUE	49925352	FALSE	non-primary sample	FALSE	FALSE
CPTAC-3	validation	C3N-02723	C3N-02723-01	Primary Tumor	38e69d5c-8874-4892-b847-56775791d228	81817413-9a9e-4061-9b00-dde9a9c4db40.rna_seq.augmented_star_gene_counts.tsv	7445105700e2b8430f4244cd819f1d59	4227432	Data Release 46.0 - August 10, 2026	2026-09-11	released	122a0dd1445b2664b1b40b7df7b0e2240183d712	2022-04-04T18:48:44.113151-05:00	2024-07-29T22:49:16.654104-05:00	TRUE	4227432	2026-08-17	7445105700e2b8430f4244cd819f1d59	TRUE	32101756	FALSE	non-positive or missing survival time	FALSE	FALSE
CPTAC-3	validation	C3N-02723	C3N-02723-06	Solid Tissue Normal	b351b0b6-42c7-4bca-aebe-b0d2b1b23dd5	739eb999-dcfb-4b1b-8e88-af1e17d040bd.rna_seq.augmented_star_gene_counts.tsv	d534f25ee826532d629855f48e2699cb	4232184	Data Release 46.0 - August 10, 2026	2026-09-11	released	122a0dd1445b2664b1b40b7df7b0e2240183d712	2022-04-04T19:36:57.137308-05:00	2024-07-29T22:49:17.943159-05:00	TRUE	4232184	2026-08-17	d534f25ee826532d629855f48e2699cb	TRUE	33657286	FALSE	non-primary sample	FALSE	FALSE
CPTAC-3	validation	C3N-02726	C3N-02726-06	Solid Tissue Normal	7799ec2c-8120-4dea-8ecc-b163520bf781	9ba36f98-de94-4619-8d09-648d9e764bce.rna_seq.augmented_star_gene_counts.tsv	ed5136105fc7de29417bce5ff77f2670	4237292	Data Release 46.0 - August 10, 2026	2026-09-11	released	122a0dd1445b2664b1b40b7df7b0e2240183d712	2022-04-04T19:35:51.592556-05:00	2024-07-29T22:50:45.336427-05:00	TRUE	4237292	2026-08-17	ed5136105fc7de29417bce5ff77f2670	TRUE	43076390	FALSE	non-primary sample	FALSE	FALSE
CPTAC-3	validation	C3N-02811	C3N-02811-06	Solid Tissue Normal	4134d505-d3a0-4c9c-9d65-cb6a8322eb28	b56eccdf-5602-4f04-8598-5e00e589816b.rna_seq.augmented_star_gene_counts.tsv	a8f5bc6f91532373571934e29d1a4efa	4230360	Data Release 46.0 - August 10, 2026	2026-09-11	released	5d8c131bbff59fb0c969217fc1d44e6d1503cd1f	2022-04-21T07:41:51.537615-05:00	2024-07-29T22:53:27.752701-05:00	TRUE	4230360	2026-08-17	a8f5bc6f91532373571934e29d1a4efa	TRUE	38492481	FALSE	non-primary sample	FALSE	FALSE
CPTAC-3	validation	C3N-02818	C3N-02818-01	Primary Tumor	55523070-9ab1-4f4d-a788-e78ef4c90d8a	c4f79007-50a0-49b3-9dc0-e15559ccacee.rna_seq.augmented_star_gene_counts.tsv	4bc7e6f56a5d824e4a84d75c232b1164	4230316	Data Release 46.0 - August 10, 2026	2026-09-11	released	122a0dd1445b2664b1b40b7df7b0e2240183d712	2022-04-04T18:39:11.416727-05:00	2024-07-30T00:32:06.812966-05:00	TRUE	4230316	2026-08-17	4bc7e6f56a5d824e4a84d75c232b1164	TRUE	33599266	FALSE	non-clear-cell histology	FALSE	FALSE
CPTAC-3	validation	C3N-02818	C3N-02818-07	Solid Tissue Normal	3c02062d-e0e7-4287-a48c-704c832f8742	87eca657-e2ec-433a-b233-4966c8e8920a.rna_seq.augmented_star_gene_counts.tsv	0ff31e30726ce34a22cb4a50925c70bf	4247753	Data Release 46.0 - August 10, 2026	2026-09-11	released	122a0dd1445b2664b1b40b7df7b0e2240183d712	2022-04-04T18:38:36.490878-05:00	2024-07-30T21:23:06.542026-05:00	TRUE	4247753	2026-08-17	0ff31e30726ce34a22cb4a50925c70bf	TRUE	40203943	FALSE	non-primary sample	FALSE	FALSE
CPTAC-3	validation	C3N-02945	C3N-02945-06	Solid Tissue Normal	61f8ed61-ec93-46d0-8a61-1e58bdfefac9	2f511e74-45a4-463d-8e8e-5060a0e7b5e0.rna_seq.augmented_star_gene_counts.tsv	0db9ade8c4fd8415757ae9b596172e4f	4236027	Data Release 46.0 - August 10, 2026	2026-09-11	released	122a0dd1445b2664b1b40b7df7b0e2240183d712	2022-04-21T09:25:11.143364-05:00	2024-07-29T22:53:20.579879-05:00	TRUE	4236027	2026-08-17	0db9ade8c4fd8415757ae9b596172e4f	TRUE	34371714	FALSE	non-primary sample	FALSE	FALSE
CPTAC-3	validation	C3N-03018	C3N-03018-06	Solid Tissue Normal	9e86878c-8639-4e11-9bfb-2d618031f2ff	abbb6aa3-3fcf-48a3-a1d7-af73a863a069.rna_seq.augmented_star_gene_counts.tsv	b133bbdc27caec673b799c0760612e4f	4240505	Data Release 46.0 - August 10, 2026	2026-09-11	released	122a0dd1445b2664b1b40b7df7b0e2240183d712	2022-04-04T19:25:21.674918-05:00	2024-07-29T22:53:24.167619-05:00	TRUE	4240505	2026-08-17	b133bbdc27caec673b799c0760612e4f	TRUE	39507985	FALSE	non-primary sample	FALSE	FALSE
CPTAC-3	validation	C3N-03019	C3N-03019-05	Solid Tissue Normal	6611c2b4-e204-4183-9bea-16789abc01ef	cd808f88-6e6a-417b-ac16-3f8781904a10.rna_seq.augmented_star_gene_counts.tsv	9c33a8e2b9155b9c1ef4f5ea14118893	4235252	Data Release 46.0 - August 10, 2026	2026-09-11	released	122a0dd1445b2664b1b40b7df7b0e2240183d712	2022-04-04T18:54:42.746792-05:00	2024-07-29T22:54:45.239656-05:00	TRUE	4235252	2026-08-17	9c33a8e2b9155b9c1ef4f5ea14118893	TRUE	38030009	FALSE	non-primary sample	FALSE	FALSE
CPTAC-3	validation	C3N-03021	C3N-03021-04	Solid Tissue Normal	6b41a51c-63bb-458e-8576-c601e5e57401	4f56a807-0b91-419d-9ef6-9ca236402f61.rna_seq.augmented_star_gene_counts.tsv	d7437ee00dddb73005499ea537a7d55e	4244357	Data Release 46.0 - August 10, 2026	2026-09-11	released	122a0dd1445b2664b1b40b7df7b0e2240183d712	2022-04-04T19:11:15.333250-05:00	2024-07-30T21:23:17.696227-05:00	TRUE	4244357	2026-08-17	d7437ee00dddb73005499ea537a7d55e	TRUE	42369980	FALSE	non-primary sample	FALSE	FALSE
TCGA-KIRP	subtype	TCGA-2K-A9WE	TCGA-2K-A9WE-01A	Primary Tumor	fa5e8d87-03b2-4890-b326-b6231e00d3b4	1f6d184f-9dfa-4f54-87a1-489bbd7d8f6b.rna_seq.augmented_star_gene_counts.tsv	892de4e69919b8e6822a3476bc5e90aa	4235004	Data Release 46.0 - August 10, 2026	2026-09-11	released	5d8c131bbff59fb0c969217fc1d44e6d1503cd1f	2021-12-13T18:03:57.763389-06:00	2024-07-30T09:17:40.433063-05:00	TRUE	4235004	2026-08-19	892de4e69919b8e6822a3476bc5e90aa	TRUE	47611503	TRUE		TRUE	not applicable
TCGA-KIRP	subtype	TCGA-2Z-A9J1	TCGA-2Z-A9J1-01A	Primary Tumor	3c9aeb43-4b82-49a5-a860-08df26da5616	ee576868-7c56-4149-9300-44fc7a0a3d4e.rna_seq.augmented_star_gene_counts.tsv	83f4f0d3d7ff49f073209e409502242d	4230469	Data Release 46.0 - August 10, 2026	2026-09-11	released	5d8c131bbff59fb0c969217fc1d44e6d1503cd1f	2021-12-13T17:56:39.607949-06:00	2024-07-30T11:23:32.232533-05:00	TRUE	4230469	2026-08-19	83f4f0d3d7ff49f073209e409502242d	TRUE	45186802	TRUE		TRUE	not applicable
TCGA-KIRP	subtype	TCGA-2Z-A9J2	TCGA-2Z-A9J2-01A	Primary Tumor	9053121e-5749-4a3e-851e-27fb0234162d	578e154b-2796-42e9-8d09-5950808a78d0.rna_seq.augmented_star_gene_counts.tsv	a913ddab2c862a27a26c319c894eafb9	4195481	Data Release 46.0 - August 10, 2026	2026-09-11	released	5d8c131bbff59fb0c969217fc1d44e6d1503cd1f	2021-12-13T18:05:45.025580-06:00	2024-07-30T11:26:29.327248-05:00	TRUE	4195481	2026-08-19	a913ddab2c862a27a26c319c894eafb9	TRUE	23560873	TRUE		TRUE	not applicable
TCGA-KIRP	subtype	TCGA-2Z-A9J3	TCGA-2Z-A9J3-01A	Primary Tumor	8c7eebe8-1ce4-4fcc-a5e4-9d730ff399c1	8a4ab2ed-837f-426f-aad9-68af7b81085a.rna_seq.augmented_star_gene_counts.tsv	25cb5ce8ee23678c8d292a2283021983	4238705	Data Release 46.0 - August 10, 2026	2026-09-11	released	5d8c131bbff59fb0c969217fc1d44e6d1503cd1f	2021-12-13T17:50:43.757375-06:00	2024-07-30T11:28:15.717805-05:00	TRUE	4238705	2026-08-19	25cb5ce8ee23678c8d292a2283021983	TRUE	60220509	TRUE		TRUE	not applicable
TCGA-KIRP	subtype	TCGA-2Z-A9J5	TCGA-2Z-A9J5-01A	Primary Tumor	efb5f844-8850-43b2-acb3-7ac29ff25b47	b0df9ffd-4a37-4a38-90b6-a18314606ebb.rna_seq.augmented_star_gene_counts.tsv	d8762c3954859ce2a2eb536a96267fa6	4216897	Data Release 46.0 - August 10, 2026	2026-09-11	released	5d8c131bbff59fb0c969217fc1d44e6d1503cd1f	2021-12-13T17:49:51.408382-06:00	2024-07-30T09:17:30.253241-05:00	TRUE	4216897	2026-08-19	d8762c3954859ce2a2eb536a96267fa6	TRUE	30953181	TRUE		TRUE	not applicable
TCGA-KIRP	subtype	TCGA-2Z-A9J6	TCGA-2Z-A9J6-01A	Primary Tumor	ae792ff5-43f6-4cc7-aee5-6e52775ce439	52ef4b67-ae00-4a20-8da1-4f5e1a8f692f.rna_seq.augmented_star_gene_counts.tsv	ab5fda446f0446800eae2d1284348ed4	4232429	Data Release 46.0 - August 10, 2026	2026-09-11	released	5d8c131bbff59fb0c969217fc1d44e6d1503cd1f	2021-12-13T17:56:15.682710-06:00	2024-07-30T11:23:44.434357-05:00	TRUE	4232429	2026-08-19	ab5fda446f0446800eae2d1284348ed4	TRUE	43276429	TRUE		TRUE	not applicable
TCGA-KIRP	subtype	TCGA-2Z-A9J7	TCGA-2Z-A9J7-01A	Primary Tumor	4f983f8e-7a9f-4bf9-9392-836ef579d69d	b009bc0d-4f86-4dfa-9c59-2749469f7c9a.rna_seq.augmented_star_gene_counts.tsv	375de308552dac55e2ca85c52ceb9b25	4229979	Data Release 46.0 - August 10, 2026	2026-09-11	released	5d8c131bbff59fb0c969217fc1d44e6d1503cd1f	2021-12-13T17:58:43.781423-06:00	2024-07-30T11:27:10.531532-05:00	TRUE	4229979	2026-08-19	375de308552dac55e2ca85c52ceb9b25	TRUE	41768959	TRUE		TRUE	not applicable
TCGA-KIRP	subtype	TCGA-2Z-A9J8	TCGA-2Z-A9J8-01A	Primary Tumor	6ec6e2e5-2e6a-49b5-8b99-5c017e2d090d	baa29642-0988-4335-b397-64cc8a740252.rna_seq.augmented_star_gene_counts.tsv	d4b5710e09e2fa6197d13925464c4276	4246151	Data Release 46.0 - August 10, 2026	2026-09-11	released	5d8c131bbff59fb0c969217fc1d44e6d1503cd1f	2021-12-13T18:02:32.730738-06:00	2024-07-30T11:31:43.209798-05:00	TRUE	4246151	2026-08-19	d4b5710e09e2fa6197d13925464c4276	TRUE	64443627	TRUE		TRUE	not applicable
TCGA-KIRP	subtype	TCGA-2Z-A9J9	TCGA-2Z-A9J9-01A	Primary Tumor	7f08ee7e-94f1-456c-97bb-abf801f74286	335bca95-d359-470f-a211-68210d9e2ba7.rna_seq.augmented_star_gene_counts.tsv	dd6f9a040a892983641c84ff40dfbcb5	4246504	Data Release 46.0 - August 10, 2026	2026-09-11	released	5d8c131bbff59fb0c969217fc1d44e6d1503cd1f	2021-12-13T18:01:17.098512-06:00	2024-07-30T11:26:07.335868-05:00	TRUE	4246504	2026-08-19	dd6f9a040a892983641c84ff40dfbcb5	TRUE	54773986	TRUE		TRUE	not applicable
TCGA-KIRP	subtype	TCGA-2Z-A9JD	TCGA-2Z-A9JD-01A	Primary Tumor	80ae8587-db0d-495d-ab0f-1dcf55459c99	438aa39d-2663-4730-8e4d-879d3ba12eb7.rna_seq.augmented_star_gene_counts.tsv	d013d1f08774c17ad575550c634f0035	4222256	Data Release 46.0 - August 10, 2026	2026-09-11	released	5d8c131bbff59fb0c969217fc1d44e6d1503cd1f	2021-12-13T17:51:18.685271-06:00	2024-07-30T11:25:49.111075-05:00	TRUE	4222256	2026-08-19	d013d1f08774c17ad575550c634f0035	TRUE	44933253	TRUE		TRUE	not applicable
TCGA-KIRP	subtype	TCGA-2Z-A9JE	TCGA-2Z-A9JE-01A	Primary Tumor	c6316932-6aa4-42a9-8e17-1be5449f68b7	176e2fa9-8ec3-45a7-bfc9-778f5c9cbc55.rna_seq.augmented_star_gene_counts.tsv	d8afdab7aab04e4f068675d708d9b312	4228215	Data Release 46.0 - August 10, 2026	2026-09-11	released	5d8c131bbff59fb0c969217fc1d44e6d1503cd1f	2021-12-13T17:50:42.281343-06:00	2024-07-30T11:21:02.738457-05:00	TRUE	4228215	2026-08-19	d8afdab7aab04e4f068675d708d9b312	TRUE	44669171	TRUE		TRUE	not applicable
TCGA-KIRP	subtype	TCGA-2Z-A9JG	TCGA-2Z-A9JG-01A	Primary Tumor	c92b6bdc-412d-42de-bfa3-efebaea70640	1d8bc558-8eec-45ce-aa50-14561d771bc2.rna_seq.augmented_star_gene_counts.tsv	ffd9a93381c40a21430e1b6386c8f6c2	4243651	Data Release 46.0 - August 10, 2026	2026-09-11	released	5d8c131bbff59fb0c969217fc1d44e6d1503cd1f	2021-12-13T17:49:44.128075-06:00	2024-07-30T11:27:40.605691-05:00	TRUE	4243651	2026-08-19	ffd9a93381c40a21430e1b6386c8f6c2	TRUE	57510090	TRUE		TRUE	not applicable
TCGA-KIRP	subtype	TCGA-2Z-A9JI	TCGA-2Z-A9JI-01A	Primary Tumor	40728342-0b5a-4cca-b6b9-9255ce9afa16	df0e0eb3-8961-43a2-b570-ba20ed89636f.rna_seq.augmented_star_gene_counts.tsv	6801d5cc7e349944e565544465f926e3	4241382	Data Release 46.0 - August 10, 2026	2026-09-11	released	5d8c131bbff59fb0c969217fc1d44e6d1503cd1f	2021-12-13T17:57:54.499339-06:00	2024-07-30T11:30:04.649163-05:00	TRUE	4241382	2026-08-19	6801d5cc7e349944e565544465f926e3	TRUE	49160045	TRUE		TRUE	not applicable
TCGA-KIRP	subtype	TCGA-2Z-A9JJ	TCGA-2Z-A9JJ-01A	Primary Tumor	9bf9fb78-97e9-43b6-a01a-1c2ef76df2b0	43c5f7bc-6e7a-43eb-a94d-46145d82b4e6.rna_seq.augmented_star_gene_counts.tsv	f6839ebaca04125768c43905fc9c4b81	4242155	Data Release 46.0 - August 10, 2026	2026-09-11	released	5d8c131bbff59fb0c969217fc1d44e6d1503cd1f	2021-12-13T17:52:28.104053-06:00	2024-07-30T11:25:05.894503-05:00	TRUE	4242155	2026-08-19	f6839ebaca04125768c43905fc9c4b81	TRUE	61862130	TRUE		FALSE	not applicable
TCGA-KIRP	subtype	TCGA-2Z-A9JK	TCGA-2Z-A9JK-01A	Primary Tumor	dd9689d8-2668-4c4d-962b-34ccad3c0d8e	27ad1d7f-df4f-4b47-b8f8-ddf10d44076a.rna_seq.augmented_star_gene_counts.tsv	ba8f53cb7b698a51f0f3b9ec2ad927c6	4247231	Data Release 46.0 - August 10, 2026	2026-09-11	released	5d8c131bbff59fb0c969217fc1d44e6d1503cd1f	2021-12-13T17:52:07.629072-06:00	2024-07-30T11:31:05.155082-05:00	TRUE	4247231	2026-08-19	ba8f53cb7b698a51f0f3b9ec2ad927c6	TRUE	59977515	TRUE		TRUE	not applicable
TCGA-KIRP	subtype	TCGA-2Z-A9JL	TCGA-2Z-A9JL-01A	Primary Tumor	4d6b4657-a413-4cdc-a524-1d0237d8f23d	f7aa3846-f31c-4f2d-9fda-c3086967342b.rna_seq.augmented_star_gene_counts.tsv	20704619bd2dbff779851e2a0fe21e14	4240440	Data Release 46.0 - August 10, 2026	2026-09-11	released	5d8c131bbff59fb0c969217fc1d44e6d1503cd1f	2021-12-13T18:02:44.487055-06:00	2024-07-30T11:30:59.152411-05:00	TRUE	4240440	2026-08-19	20704619bd2dbff779851e2a0fe21e14	TRUE	41011681	TRUE		TRUE	not applicable
TCGA-KIRP	subtype	TCGA-2Z-A9JM	TCGA-2Z-A9JM-01A	Primary Tumor	e3ba06be-17f2-45d3-8007-72cf887e1c41	b0b0044a-d7b9-46c0-9877-37141083cf34.rna_seq.augmented_star_gene_counts.tsv	ba0aff726afea2754466486e061aa568	4235886	Data Release 46.0 - August 10, 2026	2026-09-11	released	5d8c131bbff59fb0c969217fc1d44e6d1503cd1f	2021-12-13T18:07:15.182499-06:00	2024-07-30T11:26:22.146161-05:00	TRUE	4235886	2026-08-19	ba0aff726afea2754466486e061aa568	TRUE	43541944	TRUE		TRUE	not applicable
TCGA-KIRP	subtype	TCGA-2Z-A9JN	TCGA-2Z-A9JN-01A	Primary Tumor	890ce479-8022-417e-843f-4dcba9919124	c5c5d9b3-d252-4fc7-95ca-09b36abf2844.rna_seq.augmented_star_gene_counts.tsv	f2571b2fe0344c8561ceb53e9bf50add	4231937	Data Release 46.0 - August 10, 2026	2026-09-11	released	5d8c131bbff59fb0c969217fc1d44e6d1503cd1f	2021-12-13T17:48:59.750672-06:00	2024-07-30T11:30:42.040587-05:00	TRUE	4231937	2026-08-19	f2571b2fe0344c8561ceb53e9bf50add	TRUE	59805124	TRUE		TRUE	not applicable
TCGA-KIRP	subtype	TCGA-2Z-A9JO	TCGA-2Z-A9JO-01A	Primary Tumor	291e65a5-74be-49ed-ab3b-87804468f564	5eb80d55-31d7-45c6-8d1e-c5ee6cad5f87.rna_seq.augmented_star_gene_counts.tsv	ed348ad671fd7c8f243dba7d431f2532	4222635	Data Release 46.0 - August 10, 2026	2026-09-11	released	5d8c131bbff59fb0c969217fc1d44e6d1503cd1f	2021-12-13T17:55:31.533105-06:00	2024-07-30T11:29:54.824082-05:00	TRUE	4222635	2026-08-19	ed348ad671fd7c8f243dba7d431f2532	TRUE	44388132	TRUE		TRUE	not applicable
TCGA-KIRP	subtype	TCGA-2Z-A9JP	TCGA-2Z-A9JP-01A	Primary Tumor	f7e45c36-3cba-41e8-af1d-34967c4804ba	71c804fc-13a8-444a-9332-cbdb2b7dcf86.rna_seq.augmented_star_gene_counts.tsv	80ac696605029a66d11fd3e8e0198e4d	4221321	Data Release 46.0 - August 10, 2026	2026-09-11	released	5d8c131bbff59fb0c969217fc1d44e6d1503cd1f	2021-12-13T17:54:56.188997-06:00	2024-07-30T11:21:12.728261-05:00	TRUE	4221321	2026-08-19	80ac696605029a66d11fd3e8e0198e4d	TRUE	48224587	TRUE		TRUE	not applicable
TCGA-KIRP	subtype	TCGA-2Z-A9JQ	TCGA-2Z-A9JQ-01A	Primary Tumor	d897497b-fbff-4ba1-9810-a630ab439410	687d2cbd-3c3d-458e-a060-8340b9008bac.rna_seq.augmented_star_gene_counts.tsv	3a542b7d5bc8077242bd771e7891b94b	4203295	Data Release 46.0 - August 10, 2026	2026-09-11	released	5d8c131bbff59fb0c969217fc1d44e6d1503cd1f	2021-12-13T17:55:20.653378-06:00	2024-07-30T11:22:57.954820-05:00	TRUE	4203295	2026-08-19	3a542b7d5bc8077242bd771e7891b94b	TRUE	21081761	TRUE		FALSE	not applicable
TCGA-KIRP	subtype	TCGA-2Z-A9JR	TCGA-2Z-A9JR-01A	Primary Tumor	bdacbe0a-1ba6-4db5-9dc6-912613da12da	1e899b2d-aaca-4c8d-afbd-14b453af8197.rna_seq.augmented_star_gene_counts.tsv	2e8d434bb58a838dbaefed40f8cc0fd9	4238135	Data Release 46.0 - August 10, 2026	2026-09-11	released	5d8c131bbff59fb0c969217fc1d44e6d1503cd1f	2021-12-13T17:56:16.926601-06:00	2024-07-30T11:21:15.218543-05:00	TRUE	4238135	2026-08-19	2e8d434bb58a838dbaefed40f8cc0fd9	TRUE	42203644	TRUE		TRUE	not applicable
TCGA-KIRP	subtype	TCGA-2Z-A9JS	TCGA-2Z-A9JS-01A	Primary Tumor	e5cd7b52-d3c7-4681-87e5-5fab51e51715	8146225c-592c-4cca-b3ef-ebcca309a154.rna_seq.augmented_star_gene_counts.tsv	b4bbbf83c3f0eb38935c18b6608e5c66	4251570	Data Release 46.0 - August 10, 2026	2026-09-11	released	5d8c131bbff59fb0c969217fc1d44e6d1503cd1f	2021-12-13T17:59:05.578782-06:00	2024-07-30T11:21:21.373582-05:00	TRUE	4251570	2026-08-19	b4bbbf83c3f0eb38935c18b6608e5c66	TRUE	62438590	TRUE		TRUE	not applicable
TCGA-KIRP	subtype	TCGA-2Z-A9JT	TCGA-2Z-A9JT-01A	Primary Tumor	d02263a1-b71a-4792-981b-d6d442861975	49095b76-c3d5-48b7-b8e1-55d522767a4a.rna_seq.augmented_star_gene_counts.tsv	785252985dcf5eb2d7ea7d8cee93e84f	4195220	Data Release 46.0 - August 10, 2026	2026-09-11	released	5d8c131bbff59fb0c969217fc1d44e6d1503cd1f	2021-12-13T18:05:36.790578-06:00	2024-07-30T11:26:37.818235-05:00	TRUE	4195220	2026-08-19	785252985dcf5eb2d7ea7d8cee93e84f	TRUE	20854874	TRUE		TRUE	not applicable
TCGA-KIRP	subtype	TCGA-4A-A93W	TCGA-4A-A93W-01A	Primary Tumor	d1950ff9-7e70-49d1-a73d-9bab077eb522	7306343d-28f1-45a2-b81a-5ac2db97e0ec.rna_seq.augmented_star_gene_counts.tsv	8c263e17529d5aa7ec786ee0628265de	4240557	Data Release 46.0 - August 10, 2026	2026-09-11	released	5d8c131bbff59fb0c969217fc1d44e6d1503cd1f	2021-12-13T17:51:43.396410-06:00	2024-07-30T11:31:10.583365-05:00	TRUE	4240557	2026-08-19	8c263e17529d5aa7ec786ee0628265de	TRUE	47801466	TRUE		TRUE	not applicable
TCGA-KIRP	subtype	TCGA-4A-A93X	TCGA-4A-A93X-01A	Primary Tumor	505aa6f3-3344-4355-ba6a-e210878771c9	bc68e63d-8c3d-4f55-bac7-f7fdf9e7faaf.rna_seq.augmented_star_gene_counts.tsv	58a4dd552961f5ebc41e950394049615	4227715	Data Release 46.0 - August 10, 2026	2026-09-11	released	5d8c131bbff59fb0c969217fc1d44e6d1503cd1f	2021-12-13T17:55:39.420539-06:00	2024-07-30T11:25:28.272299-05:00	TRUE	4227715	2026-08-19	58a4dd552961f5ebc41e950394049615	TRUE	56475048	TRUE		TRUE	not applicable
TCGA-KIRP	subtype	TCGA-4A-A93Y	TCGA-4A-A93Y-01A	Primary Tumor	8d6af558-14e7-4988-bd42-d73dc857fdd5	7b8f80f0-fd85-41f5-b705-973bf60c5c24.rna_seq.augmented_star_gene_counts.tsv	666f3a3d0cc0d23522212254084b5313	4233395	Data Release 46.0 - August 10, 2026	2026-09-11	released	5d8c131bbff59fb0c969217fc1d44e6d1503cd1f	2021-12-13T17:50:02.540976-06:00	2024-07-30T11:27:51.065027-05:00	TRUE	4233395	2026-08-19	666f3a3d0cc0d23522212254084b5313	TRUE	56044417	TRUE		TRUE	not applicable
TCGA-KIRP	subtype	TCGA-5P-A9JU	TCGA-5P-A9JU-01A	Primary Tumor	b1c42fbb-018d-4267-bb1e-4b34470f84d5	b7d0b30b-5faa-4ca0-aa58-28715449175a.rna_seq.augmented_star_gene_counts.tsv	e26156a4e4a481d6522233d7059cd2a7	4236558	Data Release 46.0 - August 10, 2026	2026-09-11	released	5d8c131bbff59fb0c969217fc1d44e6d1503cd1f	2021-12-13T18:00:18.002449-06:00	2024-07-30T11:31:09.308513-05:00	TRUE	4236558	2026-08-19	e26156a4e4a481d6522233d7059cd2a7	TRUE	58716841	TRUE		TRUE	not applicable
TCGA-KIRP	subtype	TCGA-5P-A9JV	TCGA-5P-A9JV-01A	Primary Tumor	34603996-d29c-4032-8189-61c7a320b535	51e74e5c-1d24-42db-921d-72c5eb5be544.rna_seq.augmented_star_gene_counts.tsv	1ae683b38aec21e931ed486b5d249cd3	4244575	Data Release 46.0 - August 10, 2026	2026-09-11	released	5d8c131bbff59fb0c969217fc1d44e6d1503cd1f	2021-12-13T17:55:06.558119-06:00	2024-07-30T11:23:53.958080-05:00	TRUE	4244575	2026-08-19	1ae683b38aec21e931ed486b5d249cd3	TRUE	47490244	TRUE		TRUE	not applicable
TCGA-KIRP	subtype	TCGA-5P-A9JW	TCGA-5P-A9JW-01A	Primary Tumor	1052d811-3da4-451b-b02a-d858fc4724ef	0f452e17-8b8a-4f85-958b-b07e3c908aa1.rna_seq.augmented_star_gene_counts.tsv	9bc543864d8ddbc20fef4b47b424c73c	4224662	Data Release 46.0 - August 10, 2026	2026-09-11	released	5d8c131bbff59fb0c969217fc1d44e6d1503cd1f	2021-12-13T17:53:18.912112-06:00	2024-07-30T11:20:08.890793-05:00	TRUE	4224662	2026-08-19	9bc543864d8ddbc20fef4b47b424c73c	TRUE	48770473	TRUE		TRUE	not applicable
TCGA-KIRP	subtype	TCGA-5P-A9JY	TCGA-5P-A9JY-01A	Primary Tumor	fbb15e20-1508-4de6-a0fb-9927932d192f	2971bce8-3a02-4100-a6eb-b8c62240c05e.rna_seq.augmented_star_gene_counts.tsv	88e653a7e6407264843419738b29d44e	4228995	Data Release 46.0 - August 10, 2026	2026-09-11	released	5d8c131bbff59fb0c969217fc1d44e6d1503cd1f	2021-12-13T17:59:26.428889-06:00	2024-07-30T11:28:45.309546-05:00	TRUE	4228995	2026-08-19	88e653a7e6407264843419738b29d44e	TRUE	39180364	TRUE		TRUE	not applicable
TCGA-KIRP	subtype	TCGA-5P-A9JZ	TCGA-5P-A9JZ-01A	Primary Tumor	2d385783-5b11-4998-9adf-244937b92a60	433bca36-a3d5-427b-815f-9b1985a67fad.rna_seq.augmented_star_gene_counts.tsv	b8a3e153d50e1db2210498a4fe24ce15	4238684	Data Release 46.0 - August 10, 2026	2026-09-11	released	5d8c131bbff59fb0c969217fc1d44e6d1503cd1f	2021-12-13T17:50:39.579470-06:00	2024-07-30T11:29:14.371308-05:00	TRUE	4238684	2026-08-19	b8a3e153d50e1db2210498a4fe24ce15	TRUE	62910648	TRUE		TRUE	not applicable
TCGA-KIRP	subtype	TCGA-5P-A9K0	TCGA-5P-A9K0-01A	Primary Tumor	db0b7ece-8388-4544-9b03-40737d453bff	d3177862-732f-4f47-9350-7a8fecea4645.rna_seq.augmented_star_gene_counts.tsv	659af341d4f0924deae6ed09c2255970	4235340	Data Release 46.0 - August 10, 2026	2026-09-11	released	5d8c131bbff59fb0c969217fc1d44e6d1503cd1f	2021-12-13T17:53:27.928548-06:00	2024-07-30T11:22:22.240431-05:00	TRUE	4235340	2026-08-19	659af341d4f0924deae6ed09c2255970	TRUE	55159494	TRUE		TRUE	not applicable
TCGA-KIRP	subtype	TCGA-5P-A9K2	TCGA-5P-A9K2-01A	Primary Tumor	ab780309-bf71-433c-a9e5-d8823aadf3be	f1270243-3813-4e20-a0a8-d5ca020ae5d0.rna_seq.augmented_star_gene_counts.tsv	b22f8304ca568435e4d0cb06a0c5a9f7	4206970	Data Release 46.0 - August 10, 2026	2026-09-11	released	5d8c131bbff59fb0c969217fc1d44e6d1503cd1f	2021-12-13T17:53:20.260768-06:00	2024-07-30T11:28:53.864226-05:00	TRUE	4206970	2026-08-19	b22f8304ca568435e4d0cb06a0c5a9f7	TRUE	30227531	TRUE		TRUE	not applicable
TCGA-KIRP	subtype	TCGA-5P-A9K3	TCGA-5P-A9K3-01A	Primary Tumor	0cf256ab-9787-47c9-ac95-767e004453da	324fbc0f-fd39-43ea-b83f-f41875661383.rna_seq.augmented_star_gene_counts.tsv	4e6b04b09310aab766fa1fdad3ab3a2d	4220866	Data Release 46.0 - August 10, 2026	2026-09-11	released	5d8c131bbff59fb0c969217fc1d44e6d1503cd1f	2021-12-13T18:03:04.449634-06:00	2024-07-30T11:24:27.531462-05:00	TRUE	4220866	2026-08-19	4e6b04b09310aab766fa1fdad3ab3a2d	TRUE	49302552	TRUE		TRUE	not applicable
TCGA-KIRP	subtype	TCGA-5P-A9K4	TCGA-5P-A9K4-01A	Primary Tumor	17fe826b-ec7c-46f0-8e01-54674c02c42d	f56ee11a-7821-434d-84c6-0e9ea3142392.rna_seq.augmented_star_gene_counts.tsv	3d44811d1f3d12a86ff54d984b703bcf	4234970	Data Release 46.0 - August 10, 2026	2026-09-11	released	5d8c131bbff59fb0c969217fc1d44e6d1503cd1f	2021-12-13T18:06:02.386592-06:00	2024-07-30T11:24:22.606377-05:00	TRUE	4234970	2026-08-19	3d44811d1f3d12a86ff54d984b703bcf	TRUE	45144729	TRUE		TRUE	not applicable
TCGA-KIRP	subtype	TCGA-5P-A9K6	TCGA-5P-A9K6-01A	Primary Tumor	18f5eb72-cf61-4dea-9801-a89addf8f180	4d25163f-c740-4804-8fbb-182fb43ca8d4.rna_seq.augmented_star_gene_counts.tsv	e49fd1e23e337e4d3baa473d17b9c302	4236032	Data Release 46.0 - August 10, 2026	2026-09-11	released	5d8c131bbff59fb0c969217fc1d44e6d1503cd1f	2021-12-13T18:05:05.692679-06:00	2024-07-30T11:25:47.673687-05:00	TRUE	4236032	2026-08-19	e49fd1e23e337e4d3baa473d17b9c302	TRUE	54292690	TRUE		TRUE	not applicable
TCGA-KIRP	subtype	TCGA-5P-A9K8	TCGA-5P-A9K8-01A	Primary Tumor	8268afb5-ef4a-4fe8-b272-099d0ba5d6cc	f499b7d4-8d31-47a3-ae6c-3244291f4e05.rna_seq.augmented_star_gene_counts.tsv	7feda03a7e527f494e25ad8a584161b6	4242071	Data Release 46.0 - August 10, 2026	2026-09-11	released	5d8c131bbff59fb0c969217fc1d44e6d1503cd1f	2021-12-13T18:06:22.850875-06:00	2024-07-30T11:21:35.754698-05:00	TRUE	4242071	2026-08-19	7feda03a7e527f494e25ad8a584161b6	TRUE	62818860	TRUE		TRUE	not applicable
TCGA-KIRP	subtype	TCGA-5P-A9K9	TCGA-5P-A9K9-01A	Primary Tumor	74b2ed96-b0d3-4ac5-8fa0-52f3f34ba07f	9abd5b81-836b-49c8-a442-8479ebf63eb5.rna_seq.augmented_star_gene_counts.tsv	d0da52467b9cd05f89e94e7a8f5c49fa	4228391	Data Release 46.0 - August 10, 2026	2026-09-11	released	5d8c131bbff59fb0c969217fc1d44e6d1503cd1f	2021-12-13T17:56:49.809997-06:00	2024-07-30T11:26:25.785280-05:00	TRUE	4228391	2026-08-19	d0da52467b9cd05f89e94e7a8f5c49fa	TRUE	38957688	TRUE		TRUE	not applicable
TCGA-KIRP	subtype	TCGA-5P-A9KA	TCGA-5P-A9KA-01A	Primary Tumor	66bf9e5f-ce7a-4f9c-b75d-963dacf4d488	391b1815-6933-4a59-8653-fd7ca2d66f6a.rna_seq.augmented_star_gene_counts.tsv	288624592e60f93b8dc38788572098e9	4236422	Data Release 46.0 - August 10, 2026	2026-09-11	released	5d8c131bbff59fb0c969217fc1d44e6d1503cd1f	2021-12-13T18:07:40.818878-06:00	2024-07-30T11:23:13.100723-05:00	TRUE	4236422	2026-08-19	288624592e60f93b8dc38788572098e9	TRUE	41649233	TRUE		TRUE	not applicable
TCGA-KIRP	subtype	TCGA-5P-A9KC	TCGA-5P-A9KC-01A	Primary Tumor	20e24ee7-52bb-4277-a7f0-218611c68d7a	f99c112d-0f11-4852-961a-efb4db3a110a.rna_seq.augmented_star_gene_counts.tsv	b4906ad4abc728079114ebf58d376382	4239284	Data Release 46.0 - August 10, 2026	2026-09-11	released	5d8c131bbff59fb0c969217fc1d44e6d1503cd1f	2021-12-13T18:07:48.251100-06:00	2024-07-30T11:21:23.737822-05:00	TRUE	4239284	2026-08-19	b4906ad4abc728079114ebf58d376382	TRUE	63623086	TRUE		TRUE	not applicable
TCGA-KIRP	subtype	TCGA-5P-A9KE	TCGA-5P-A9KE-01A	Primary Tumor	57c44680-cd15-44a2-b526-b3fcbcfc68f2	4fc09296-6048-4ae2-a1f3-5c168e5078cb.rna_seq.augmented_star_gene_counts.tsv	63a5f77ecb32721309915da1e2a64f7e	4227770	Data Release 46.0 - August 10, 2026	2026-09-11	released	5d8c131bbff59fb0c969217fc1d44e6d1503cd1f	2021-12-13T17:55:13.094988-06:00	2024-07-30T11:21:11.534037-05:00	TRUE	4227770	2026-08-19	63a5f77ecb32721309915da1e2a64f7e	TRUE	59856542	TRUE		TRUE	not applicable
TCGA-KIRP	subtype	TCGA-5P-A9KF	TCGA-5P-A9KF-01A	Primary Tumor	7bce3c9b-4398-47cc-97e7-d5dffaa528d9	8dd91142-7ee1-4500-9ac9-7418c749cf33.rna_seq.augmented_star_gene_counts.tsv	8d01d9d35f745b4094c49b914d07295d	4243095	Data Release 46.0 - August 10, 2026	2026-09-11	released	5d8c131bbff59fb0c969217fc1d44e6d1503cd1f	2021-12-13T17:49:59.318695-06:00	2024-07-30T11:23:43.249517-05:00	TRUE	4243095	2026-08-19	8d01d9d35f745b4094c49b914d07295d	TRUE	52293042	TRUE		TRUE	not applicable
TCGA-KIRP	subtype	TCGA-5P-A9KH	TCGA-5P-A9KH-01A	Primary Tumor	7f9500fc-9d6a-4873-a2e4-665fab159568	5e760bd4-6f5a-4626-9839-330415e54080.rna_seq.augmented_star_gene_counts.tsv	f2a4d22daa622e456e4e88c878d10a37	4237491	Data Release 46.0 - August 10, 2026	2026-09-11	released	5d8c131bbff59fb0c969217fc1d44e6d1503cd1f	2021-12-13T17:53:42.646333-06:00	2024-07-30T11:26:28.142125-05:00	TRUE	4237491	2026-08-19	f2a4d22daa622e456e4e88c878d10a37	TRUE	63862709	TRUE		TRUE	not applicable
TCGA-KIRP	subtype	TCGA-A4-7286	TCGA-A4-7286-01A	Primary Tumor	8a8eac40-545f-4d0a-8da5-5c9d21d43637	48b6f184-9167-4878-8e63-221eeb1fb184.rna_seq.augmented_star_gene_counts.tsv	b6834f5ee86aedfa4dba503eeed460dc	4195487	Data Release 46.0 - August 10, 2026	2026-09-11	released	5d8c131bbff59fb0c969217fc1d44e6d1503cd1f	2021-12-13T17:49:04.716101-06:00	2024-07-30T11:27:14.365042-05:00	TRUE	4195487	2026-08-19	b6834f5ee86aedfa4dba503eeed460dc	TRUE	15624344	TRUE		TRUE	not applicable
TCGA-KIRP	subtype	TCGA-A4-7287	TCGA-A4-7287-01A	Primary Tumor	4c4a2272-fd94-4243-8515-d407a06be7ad	248de51e-a601-4a4c-93b0-59a4ba1506e1.rna_seq.augmented_star_gene_counts.tsv	4de3ffbf8b41f72372edf9240b63f4f6	4235620	Data Release 46.0 - August 10, 2026	2026-09-11	released	5d8c131bbff59fb0c969217fc1d44e6d1503cd1f	2021-12-13T18:06:54.552063-06:00	2024-07-30T11:29:47.703402-05:00	TRUE	4235620	2026-08-19	4de3ffbf8b41f72372edf9240b63f4f6	TRUE	40665028	TRUE		TRUE	not applicable
TCGA-KIRP	subtype	TCGA-A4-7288	TCGA-A4-7288-01A	Primary Tumor	0d7910ae-2cf2-4042-8b52-db0823b86ef6	9fadf229-c49f-4b92-ae15-7c0c61e8e593.rna_seq.augmented_star_gene_counts.tsv	345a3dfee667c22fe79805fc0c95eb03	4237179	Data Release 46.0 - August 10, 2026	2026-09-11	released	5d8c131bbff59fb0c969217fc1d44e6d1503cd1f	2021-12-13T17:59:56.829615-06:00	2024-07-30T11:31:24.529945-05:00	TRUE	4237179	2026-08-19	345a3dfee667c22fe79805fc0c95eb03	TRUE	57529983	TRUE		TRUE	not applicable
TCGA-KIRP	subtype	TCGA-A4-7583	TCGA-A4-7583-01A	Primary Tumor	cb757aba-a7a2-41c2-8207-2eb24b3a7f2d	b6d40b6e-7fa9-4290-8146-3c2b33876132.rna_seq.augmented_star_gene_counts.tsv	cfe1b271827e6538ef38bff09a460b6b	4243013	Data Release 46.0 - August 10, 2026	2026-09-11	released	5d8c131bbff59fb0c969217fc1d44e6d1503cd1f	2021-12-13T17:48:52.909464-06:00	2024-07-30T11:21:57.957410-05:00	TRUE	4243013	2026-08-19	cfe1b271827e6538ef38bff09a460b6b	TRUE	55101279	TRUE		TRUE	not applicable
TCGA-KIRP	subtype	TCGA-A4-7584	TCGA-A4-7584-01A	Primary Tumor	bab3845a-ad5f-4a7b-b68c-d766945415f7	69e90cae-b660-4d51-b6e0-5418441748e8.rna_seq.augmented_star_gene_counts.tsv	2cda7ae975117f20f6311cc1f33b9361	4232673	Data Release 46.0 - August 10, 2026	2026-09-11	released	5d8c131bbff59fb0c969217fc1d44e6d1503cd1f	2021-12-13T17:49:10.835608-06:00	2024-07-30T11:31:18.397640-05:00	TRUE	4232673	2026-08-19	2cda7ae975117f20f6311cc1f33b9361	TRUE	51848877	TRUE		TRUE	not applicable
TCGA-KIRP	subtype	TCGA-A4-7585	TCGA-A4-7585-01A	Primary Tumor	221a9c55-9ec6-4ff9-83bd-8976c0e38bd8	efb9fb60-4460-4ff0-ad32-affc7d42fca9.rna_seq.augmented_star_gene_counts.tsv	632c4beb5d220123300eaf802217dd6a	4236186	Data Release 46.0 - August 10, 2026	2026-09-11	released	5d8c131bbff59fb0c969217fc1d44e6d1503cd1f	2021-12-13T18:01:22.053861-06:00	2024-07-30T11:22:02.714274-05:00	TRUE	4236186	2026-08-19	632c4beb5d220123300eaf802217dd6a	TRUE	56079866	TRUE		TRUE	not applicable
TCGA-KIRP	subtype	TCGA-A4-7732	TCGA-A4-7732-01A	Primary Tumor	37b4dee3-9925-4c40-abc0-65adffa14f6f	8b9493e8-614c-48a7-8868-feb3061e56f6.rna_seq.augmented_star_gene_counts.tsv	84aef071980be43b78a20caa21934477	4234568	Data Release 46.0 - August 10, 2026	2026-09-11	released	5d8c131bbff59fb0c969217fc1d44e6d1503cd1f	2021-12-13T18:04:58.758321-06:00	2024-07-30T11:19:16.681199-05:00	TRUE	4234568	2026-08-19	84aef071980be43b78a20caa21934477	TRUE	38802982	TRUE		TRUE	not applicable
TCGA-KIRP	subtype	TCGA-A4-7734	TCGA-A4-7734-01A	Primary Tumor	9c36befe-e64e-4102-80a9-60b81adb984b	7ca29e4e-12dc-49ef-acbd-c21b8c991a60.rna_seq.augmented_star_gene_counts.tsv	16dc76a2c37cb98fa4bb113551496db7	4256046	Data Release 46.0 - August 10, 2026	2026-09-11	released	5d8c131bbff59fb0c969217fc1d44e6d1503cd1f	2021-12-13T18:01:52.617807-06:00	2024-07-30T11:31:40.782789-05:00	TRUE	4256046	2026-08-19	16dc76a2c37cb98fa4bb113551496db7	TRUE	70746846	TRUE		TRUE	not applicable
TCGA-KIRP	subtype	TCGA-A4-7828	TCGA-A4-7828-01A	Primary Tumor	c531be40-eb5d-41c0-a804-15db47091bb8	8393cac6-6d45-4d76-b222-c24dd0be48fe.rna_seq.augmented_star_gene_counts.tsv	54217a3cffb870eacd3d709f91d7100f	4232037	Data Release 46.0 - August 10, 2026	2026-09-11	released	5d8c131bbff59fb0c969217fc1d44e6d1503cd1f	2021-12-13T17:58:30.025649-06:00	2024-07-30T11:30:34.662628-05:00	TRUE	4232037	2026-08-19	54217a3cffb870eacd3d709f91d7100f	TRUE	45136169	TRUE		TRUE	not applicable
TCGA-KIRP	subtype	TCGA-A4-7915	TCGA-A4-7915-01A	Primary Tumor	ca060cf4-14f8-4135-a4ce-0ce98b40339b	19e451ba-df66-438e-b51c-c406c768d15d.rna_seq.augmented_star_gene_counts.tsv	74a15094c1a19a26aa2e0a34766450c7	4240797	Data Release 46.0 - August 10, 2026	2026-09-11	released	5d8c131bbff59fb0c969217fc1d44e6d1503cd1f	2021-12-13T17:49:47.484135-06:00	2024-07-30T11:27:01.530358-05:00	TRUE	4240797	2026-08-19	74a15094c1a19a26aa2e0a34766450c7	TRUE	58913937	TRUE		TRUE	not applicable
TCGA-KIRP	subtype	TCGA-A4-7996	TCGA-A4-7996-01A	Primary Tumor	13878bfa-7329-4388-8980-7f5534b4c1a0	aabec8df-149e-4600-89a1-1977ce2f2f29.rna_seq.augmented_star_gene_counts.tsv	f891d7d9c887b724cf0abbb766f1142d	4259688	Data Release 46.0 - August 10, 2026	2026-09-11	released	5d8c131bbff59fb0c969217fc1d44e6d1503cd1f	2021-12-13T17:51:23.227984-06:00	2024-07-30T11:31:49.798865-05:00	TRUE	4259688	2026-08-19	f891d7d9c887b724cf0abbb766f1142d	TRUE	85555383	TRUE		TRUE	not applicable
TCGA-KIRP	subtype	TCGA-A4-7997	TCGA-A4-7997-01A	Primary Tumor	497d92ae-40cc-4184-9c78-bb6f1ae1fc15	9846ade8-aabc-4df6-9fbd-04c7b82391e0.rna_seq.augmented_star_gene_counts.tsv	3422866b736575a333d4ebd2d98b1fa4	4253306	Data Release 46.0 - August 10, 2026	2026-09-11	released	5d8c131bbff59fb0c969217fc1d44e6d1503cd1f	2021-12-13T18:00:28.164354-06:00	2024-07-30T11:27:33.229066-05:00	TRUE	4253306	2026-08-19	3422866b736575a333d4ebd2d98b1fa4	TRUE	76003913	TRUE		TRUE	not applicable
TCGA-KIRP	subtype	TCGA-A4-8098	TCGA-A4-8098-01A	Primary Tumor	56866732-466d-4893-9a20-f0f41b70902d	207cfcb7-fee6-4db5-810f-6060596af712.rna_seq.augmented_star_gene_counts.tsv	2c7e8c13419fc5f27461069936291394	4235203	Data Release 46.0 - August 10, 2026	2026-09-11	released	5d8c131bbff59fb0c969217fc1d44e6d1503cd1f	2021-12-13T17:55:35.290730-06:00	2024-07-30T11:28:23.319629-05:00	TRUE	4235203	2026-08-19	2c7e8c13419fc5f27461069936291394	TRUE	48330228	TRUE		TRUE	not applicable
TCGA-KIRP	subtype	TCGA-A4-8310	TCGA-A4-8310-01A	Primary Tumor	3ab7689a-6da2-4bd3-8e6a-fc35baacac01	09d74172-1617-4028-bca8-90cbdd638ef5.rna_seq.augmented_star_gene_counts.tsv	7de7609711e53a5a975947f753f31254	4226947	Data Release 46.0 - August 10, 2026	2026-09-11	released	5d8c131bbff59fb0c969217fc1d44e6d1503cd1f	2021-12-13T17:50:53.207546-06:00	2024-07-30T11:19:30.162182-05:00	TRUE	4226947	2026-08-19	7de7609711e53a5a975947f753f31254	TRUE	35864443	TRUE		TRUE	not applicable
TCGA-KIRP	subtype	TCGA-A4-8311	TCGA-A4-8311-01A	Primary Tumor	5b2b6e0b-6089-4fae-8f5e-962e0ba1be4a	5786bca2-90a7-42c5-b846-58dcab939883.rna_seq.augmented_star_gene_counts.tsv	af29e77c68243dd9c17c3ae22c18f9e3	4223759	Data Release 46.0 - August 10, 2026	2026-09-11	released	5d8c131bbff59fb0c969217fc1d44e6d1503cd1f	2021-12-13T17:58:01.267464-06:00	2024-07-30T11:25:23.449374-05:00	TRUE	4223759	2026-08-19	af29e77c68243dd9c17c3ae22c18f9e3	TRUE	35182601	TRUE		TRUE	not applicable
TCGA-KIRP	subtype	TCGA-A4-8312	TCGA-A4-8312-01A	Primary Tumor	d6eb247c-64d6-44e8-9ca3-dbef4ff3d35c	40b656be-4cd1-4c91-86ee-108a707427e5.rna_seq.augmented_star_gene_counts.tsv	aeba3d0bbdbfed5a60039224b880f6dd	4230108	Data Release 46.0 - August 10, 2026	2026-09-11	released	5d8c131bbff59fb0c969217fc1d44e6d1503cd1f	2021-12-13T17:59:17.011272-06:00	2024-07-30T11:23:34.668882-05:00	TRUE	4230108	2026-08-19	aeba3d0bbdbfed5a60039224b880f6dd	TRUE	47626344	TRUE		TRUE	not applicable
TCGA-KIRP	subtype	TCGA-A4-8515	TCGA-A4-8515-01A	Primary Tumor	85425631-29fe-47fa-baaf-bc23dbc378a9	57931a2d-b5ae-4cbf-b030-c0b4806d820d.rna_seq.augmented_star_gene_counts.tsv	4c0de597ae72d009b7004bd436476c71	4236625	Data Release 46.0 - August 10, 2026	2026-09-11	released	5d8c131bbff59fb0c969217fc1d44e6d1503cd1f	2021-12-13T18:04:28.358314-06:00	2024-07-30T11:19:28.873166-05:00	TRUE	4236625	2026-08-19	4c0de597ae72d009b7004bd436476c71	TRUE	51276093	TRUE		TRUE	not applicable
TCGA-KIRP	subtype	TCGA-A4-8516	TCGA-A4-8516-01A	Primary Tumor	d2906747-39ab-45a1-bb1a-ed75563e070e	e1a6a334-b600-4524-88ff-44bba04d02c0.rna_seq.augmented_star_gene_counts.tsv	c5f5fda8be5209aaf5f041a2df4ca7c4	4233455	Data Release 46.0 - August 10, 2026	2026-09-11	released	5d8c131bbff59fb0c969217fc1d44e6d1503cd1f	2021-12-13T17:52:02.949721-06:00	2024-07-30T11:21:56.716057-05:00	TRUE	4233455	2026-08-19	c5f5fda8be5209aaf5f041a2df4ca7c4	TRUE	44549151	TRUE		TRUE	not applicable
TCGA-KIRP	subtype	TCGA-A4-8517	TCGA-A4-8517-01A	Primary Tumor	aff1c7a4-ae90-446e-8e29-d6633e52cc01	68983237-d100-4148-9d5c-edb0fea2e01e.rna_seq.augmented_star_gene_counts.tsv	ac975fe7c912eb1e14e57f9e59c0e80e	4227563	Data Release 46.0 - August 10, 2026	2026-09-11	released	5d8c131bbff59fb0c969217fc1d44e6d1503cd1f	2021-12-13T18:07:11.752121-06:00	2024-07-30T11:19:43.338020-05:00	TRUE	4227563	2026-08-19	ac975fe7c912eb1e14e57f9e59c0e80e	TRUE	48532960	TRUE		TRUE	not applicable
TCGA-KIRP	subtype	TCGA-A4-8518	TCGA-A4-8518-01A	Primary Tumor	a4ac446e-4c70-4360-9e88-879641cff075	dca406a5-9351-41b4-8cc6-40ed702103f6.rna_seq.augmented_star_gene_counts.tsv	730bb2ed06bd06e26f3f8bf5305a8f7a	4212146	Data Release 46.0 - August 10, 2026	2026-09-11	released	5d8c131bbff59fb0c969217fc1d44e6d1503cd1f	2021-12-13T17:57:43.688115-06:00	2024-07-30T11:19:15.460488-05:00	TRUE	4212146	2026-08-19	730bb2ed06bd06e26f3f8bf5305a8f7a	TRUE	41943321	TRUE		TRUE	not applicable
TCGA-KIRP	subtype	TCGA-A4-8630	TCGA-A4-8630-01A	Primary Tumor	7df751cc-5848-41d3-973a-a507c979ecd3	61937e37-3d0d-45f8-a39c-5ab0489ca7c1.rna_seq.augmented_star_gene_counts.tsv	a68eab0586bedd1b98bcfa98b2157129	4236342	Data Release 46.0 - August 10, 2026	2026-09-11	released	5d8c131bbff59fb0c969217fc1d44e6d1503cd1f	2021-12-13T18:03:09.083296-06:00	2024-07-30T11:27:32.033074-05:00	TRUE	4236342	2026-08-19	a68eab0586bedd1b98bcfa98b2157129	TRUE	50639931	TRUE		TRUE	not applicable
TCGA-KIRP	subtype	TCGA-A4-A48D	TCGA-A4-A48D-01A	Primary Tumor	833feb55-db89-4bdd-b23b-8ef0c325c3c1	2b3c2118-b073-4607-895b-eaee36bbd9cf.rna_seq.augmented_star_gene_counts.tsv	dae1cef276c98d80827f3bb2fc86faf0	4213138	Data Release 46.0 - August 10, 2026	2026-09-11	released	5d8c131bbff59fb0c969217fc1d44e6d1503cd1f	2021-12-13T17:53:46.139091-06:00	2024-07-30T11:24:12.804219-05:00	TRUE	4213138	2026-08-19	dae1cef276c98d80827f3bb2fc86faf0	TRUE	43392645	TRUE		TRUE	not applicable
TCGA-KIRP	subtype	TCGA-A4-A4ZT	TCGA-A4-A4ZT-01A	Primary Tumor	e0c1cdbb-08ef-449a-8d50-22ab8ca51cb9	b3728f8d-45b0-4fe5-b165-1ec1ec75bde4.rna_seq.augmented_star_gene_counts.tsv	b7da6088bcd3d92c985498d5b59bc7ef	4227998	Data Release 46.0 - August 10, 2026	2026-09-11	released	5d8c131bbff59fb0c969217fc1d44e6d1503cd1f	2021-12-13T17:55:49.086784-06:00	2024-07-30T11:21:36.938735-05:00	TRUE	4227998	2026-08-19	b7da6088bcd3d92c985498d5b59bc7ef	TRUE	34588915	TRUE		TRUE	not applicable
TCGA-KIRP	subtype	TCGA-A4-A57E	TCGA-A4-A57E-01A	Primary Tumor	708b9e5c-d93e-4c53-9f9f-b3ce7f414416	d7d45828-39f6-46f8-8e54-0848e3725aca.rna_seq.augmented_star_gene_counts.tsv	9d9e7d81f4ff445e3a5f2ad28762fe90	4222466	Data Release 46.0 - August 10, 2026	2026-09-11	released	5d8c131bbff59fb0c969217fc1d44e6d1503cd1f	2021-12-13T18:01:20.588256-06:00	2024-07-30T11:28:19.583386-05:00	TRUE	4222466	2026-08-19	9d9e7d81f4ff445e3a5f2ad28762fe90	TRUE	38150816	TRUE		TRUE	not applicable
TCGA-KIRP	subtype	TCGA-A4-A5DU	TCGA-A4-A5DU-01A	Primary Tumor	6f96d13b-69de-400a-9187-203e7d397613	e3a62efe-9618-4e8c-9f67-f050b4fc99fa.rna_seq.augmented_star_gene_counts.tsv	2d94ebec04445b775ed6d8cf4bee0a4c	4229303	Data Release 46.0 - August 10, 2026	2026-09-11	released	5d8c131bbff59fb0c969217fc1d44e6d1503cd1f	2021-12-13T17:51:46.955174-06:00	2024-07-30T11:22:43.126871-05:00	TRUE	4229303	2026-08-19	2d94ebec04445b775ed6d8cf4bee0a4c	TRUE	35661352	TRUE		TRUE	not applicable
TCGA-KIRP	subtype	TCGA-A4-A5XZ	TCGA-A4-A5XZ-01A	Primary Tumor	b88c1d7d-4c81-4ab3-86f4-d7dd4383ee13	8dd4472b-2d8d-4a25-b052-a46efebd6240.rna_seq.augmented_star_gene_counts.tsv	b8117b70844ebf311adbe02cd7f65920	4224245	Data Release 46.0 - August 10, 2026	2026-09-11	released	5d8c131bbff59fb0c969217fc1d44e6d1503cd1f	2021-12-13T18:05:00.441213-06:00	2024-07-30T11:19:19.063816-05:00	TRUE	4224245	2026-08-19	b8117b70844ebf311adbe02cd7f65920	TRUE	37666614	TRUE		TRUE	not applicable
TCGA-KIRP	subtype	TCGA-A4-A5Y0	TCGA-A4-A5Y0-01A	Primary Tumor	bbc54476-1e0b-4a0f-9786-1b4401852e1d	58145b8d-61c4-4c72-9e52-9cc0787fba90.rna_seq.augmented_star_gene_counts.tsv	0d7bd29a1d809048d1b204e721b41505	4223699	Data Release 46.0 - August 10, 2026	2026-09-11	released	5d8c131bbff59fb0c969217fc1d44e6d1503cd1f	2021-12-13T18:03:10.271000-06:00	2024-07-30T11:28:00.380740-05:00	TRUE	4223699	2026-08-19	0d7bd29a1d809048d1b204e721b41505	TRUE	54842755	TRUE		TRUE	not applicable
TCGA-KIRP	subtype	TCGA-A4-A5Y1	TCGA-A4-A5Y1-01A	Primary Tumor	f3d0c700-b29c-4567-a9f8-86e0b3c4d86c	6c9e099b-e5b9-46cd-8072-0bce2e4ffba8.rna_seq.augmented_star_gene_counts.tsv	3b0c979f6000a9d059cf0f1cbb29c2ef	4267660	Data Release 46.0 - August 10, 2026	2026-09-11	released	5d8c131bbff59fb0c969217fc1d44e6d1503cd1f	2021-12-13T17:55:28.501883-06:00	2024-07-30T11:25:39.149062-05:00	TRUE	4267660	2026-08-19	3b0c979f6000a9d059cf0f1cbb29c2ef	TRUE	92169153	TRUE		TRUE	not applicable
TCGA-KIRP	subtype	TCGA-A4-A6HP	TCGA-A4-A6HP-01A	Primary Tumor	32e72ee0-c2fa-4623-bd31-23adb327788d	01ea7cb3-5ed8-450a-ab84-6377f654fdb9.rna_seq.augmented_star_gene_counts.tsv	962f5610379a08b884017ff9b53fd68b	4236519	Data Release 46.0 - August 10, 2026	2026-09-11	released	5d8c131bbff59fb0c969217fc1d44e6d1503cd1f	2021-12-13T17:54:22.927612-06:00	2024-07-30T11:25:46.485193-05:00	TRUE	4236519	2026-08-19	962f5610379a08b884017ff9b53fd68b	TRUE	46530846	TRUE		TRUE	not applicable
TCGA-KIRP	subtype	TCGA-AL-3466	TCGA-AL-3466-01A	Primary Tumor	a8064ab6-1b4b-42bb-8505-ec2310066c82	b4c30d0a-a87c-4562-8302-6117a24458e2.rna_seq.augmented_star_gene_counts.tsv	eea93b1735865a5c56ba639e9e689f31	4226730	Data Release 46.0 - August 10, 2026	2026-09-11	released	5d8c131bbff59fb0c969217fc1d44e6d1503cd1f	2021-12-13T18:08:01.672188-06:00	2024-07-30T11:26:23.425231-05:00	TRUE	4226730	2026-08-19	eea93b1735865a5c56ba639e9e689f31	TRUE	20640024	TRUE		TRUE	not applicable
TCGA-KIRP	subtype	TCGA-AL-3467	TCGA-AL-3467-01A	Primary Tumor	f6aa87e9-4e25-46f4-862b-0b78aec95b93	81573ecd-46dd-4bab-83e6-5d0d0d083809.rna_seq.augmented_star_gene_counts.tsv	06dc03d71e3120467ec82a24f30821c6	4243464	Data Release 46.0 - August 10, 2026	2026-09-11	released	5d8c131bbff59fb0c969217fc1d44e6d1503cd1f	2021-12-13T18:05:32.227171-06:00	2024-07-30T09:17:47.615669-05:00	TRUE	4243464	2026-08-19	06dc03d71e3120467ec82a24f30821c6	TRUE	45777403	TRUE		TRUE	not applicable
TCGA-KIRP	subtype	TCGA-AL-3468	TCGA-AL-3468-01A	Primary Tumor	403bb101-edc8-4ff5-a2e7-7cc6e24af938	ea638d23-a89d-44d2-b223-9fb9ceeaa606.rna_seq.augmented_star_gene_counts.tsv	f230e2ac9e453b3d380bd1b457cbe189	4226581	Data Release 46.0 - August 10, 2026	2026-09-11	released	5d8c131bbff59fb0c969217fc1d44e6d1503cd1f	2021-12-13T17:48:32.575306-06:00	2024-07-30T11:30:10.914616-05:00	TRUE	4226581	2026-08-19	f230e2ac9e453b3d380bd1b457cbe189	TRUE	38094646	TRUE		TRUE	not applicable
TCGA-KIRP	subtype	TCGA-AL-3471	TCGA-AL-3471-01A	Primary Tumor	fd477075-4f97-4922-9ac7-cc4c22ede82b	32ca71fa-3a7f-4e57-a634-cc5b3d16af61.rna_seq.augmented_star_gene_counts.tsv	183797c9930966002524db0950aafc9a	4226506	Data Release 46.0 - August 10, 2026	2026-09-11	released	5d8c131bbff59fb0c969217fc1d44e6d1503cd1f	2021-12-13T17:54:00.812995-06:00	2024-07-30T09:17:50.153902-05:00	TRUE	4226506	2026-08-19	183797c9930966002524db0950aafc9a	TRUE	27958091	TRUE		TRUE	not applicable
TCGA-KIRP	subtype	TCGA-AL-3472	TCGA-AL-3472-01A	Primary Tumor	ca3c43ac-3e42-4992-bbf9-537eb8d4e74c	67a25803-dde5-4395-95c3-bf19c4e6d4ed.rna_seq.augmented_star_gene_counts.tsv	cee3997947c412e7fb1e41cd6759194b	4241871	Data Release 46.0 - August 10, 2026	2026-09-11	released	5d8c131bbff59fb0c969217fc1d44e6d1503cd1f	2021-12-13T18:07:06.407607-06:00	2024-07-30T11:28:29.443885-05:00	TRUE	4241871	2026-08-19	cee3997947c412e7fb1e41cd6759194b	TRUE	56762201	TRUE		TRUE	not applicable
TCGA-KIRP	subtype	TCGA-AL-3473	TCGA-AL-3473-01A	Primary Tumor	f3b1cbe4-0673-4705-a7ed-2f16f749a8ae	22a51d06-3716-48ef-a1f5-cbebf459aa3d.rna_seq.augmented_star_gene_counts.tsv	5d9f5171968d5553481712b95c052163	4245614	Data Release 46.0 - August 10, 2026	2026-09-11	released	5d8c131bbff59fb0c969217fc1d44e6d1503cd1f	2021-12-13T17:55:02.541233-06:00	2024-07-30T11:26:34.022553-05:00	TRUE	4245614	2026-08-19	5d9f5171968d5553481712b95c052163	TRUE	66054882	TRUE		TRUE	not applicable
TCGA-KIRP	subtype	TCGA-AL-7173	TCGA-AL-7173-01A	Primary Tumor	c32d6f98-f752-4665-95f9-aa2fc3b02fd9	2f059ac2-e4fb-412d-b539-ad6be5a55a35.rna_seq.augmented_star_gene_counts.tsv	ab29a48a4d093c448cd602715e21eaef	4229059	Data Release 46.0 - August 10, 2026	2026-09-11	released	5d8c131bbff59fb0c969217fc1d44e6d1503cd1f	2021-12-13T17:49:53.524691-06:00	2024-07-30T11:20:56.868467-05:00	TRUE	4229059	2026-08-19	ab29a48a4d093c448cd602715e21eaef	TRUE	42520901	TRUE		TRUE	not applicable
TCGA-KIRP	subtype	TCGA-AL-A5DJ	TCGA-AL-A5DJ-01A	Primary Tumor	ff05a7c3-8a3b-4ba3-91b7-cc0263e112b8	efe65656-f9e1-43e9-b29a-8db8a6c372f1.rna_seq.augmented_star_gene_counts.tsv	de07f2192f3d18d13e242c2420c6a0c7	4224840	Data Release 46.0 - August 10, 2026	2026-09-11	released	5d8c131bbff59fb0c969217fc1d44e6d1503cd1f	2021-12-13T18:07:22.241649-06:00	2024-07-30T09:17:37.857949-05:00	TRUE	4224840	2026-08-19	de07f2192f3d18d13e242c2420c6a0c7	TRUE	39069580	TRUE		TRUE	not applicable
TCGA-KIRP	subtype	TCGA-AT-A5NU	TCGA-AT-A5NU-01A	Primary Tumor	2f3d3431-3593-4b62-9e2e-9f55707873f1	127df034-42fc-4751-89da-e58ebdbcc0df.rna_seq.augmented_star_gene_counts.tsv	18f8c0b5b0d8fed82e646f91312a3add	4263824	Data Release 46.0 - August 10, 2026	2026-09-11	released	5d8c131bbff59fb0c969217fc1d44e6d1503cd1f	2021-12-13T18:03:17.126488-06:00	2024-07-30T11:20:07.783323-05:00	TRUE	4263824	2026-08-19	18f8c0b5b0d8fed82e646f91312a3add	TRUE	92953052	TRUE		TRUE	not applicable
TCGA-KIRP	subtype	TCGA-B1-5398	TCGA-B1-5398-01A	Primary Tumor	1daeecbb-d35f-47ec-bf14-7e74ea15c984	eefa0692-7324-4871-a96b-442fb1a5a65c.rna_seq.augmented_star_gene_counts.tsv	96f0da6a09ab4049fa84a344538ba978	4232943	Data Release 46.0 - August 10, 2026	2026-09-11	released	5d8c131bbff59fb0c969217fc1d44e6d1503cd1f	2021-12-13T18:02:04.452666-06:00	2024-07-30T11:20:40.895373-05:00	TRUE	4232943	2026-08-19	96f0da6a09ab4049fa84a344538ba978	TRUE	73845868	TRUE		TRUE	not applicable
TCGA-KIRP	subtype	TCGA-B1-7332	TCGA-B1-7332-01A	Primary Tumor	3390741f-1603-4c32-935f-44077da0d0cf	7b2ed5d9-9a0d-46ee-91f5-9f19a8a6e747.rna_seq.augmented_star_gene_counts.tsv	7b721821874f8b8a69d28c70ce10bb0a	4230615	Data Release 46.0 - August 10, 2026	2026-09-11	released	5d8c131bbff59fb0c969217fc1d44e6d1503cd1f	2021-12-13T17:57:12.917808-06:00	2024-07-30T11:30:09.517688-05:00	TRUE	4230615	2026-08-19	7b721821874f8b8a69d28c70ce10bb0a	TRUE	46523057	TRUE		TRUE	not applicable
TCGA-KIRP	subtype	TCGA-B1-A47M	TCGA-B1-A47M-01A	Primary Tumor	20d2462a-fb40-451f-b555-22bd9ec41d52	c863c768-d9ec-4408-bcb1-a80f2c5257fd.rna_seq.augmented_star_gene_counts.tsv	ba842842b2718b69c451be342fe7a8ab	4235734	Data Release 46.0 - August 10, 2026	2026-09-11	released	5d8c131bbff59fb0c969217fc1d44e6d1503cd1f	2021-12-13T17:53:15.396295-06:00	2024-07-30T11:30:15.763685-05:00	TRUE	4235734	2026-08-19	ba842842b2718b69c451be342fe7a8ab	TRUE	45704412	TRUE		TRUE	not applicable
TCGA-KIRP	subtype	TCGA-B1-A47N	TCGA-B1-A47N-01A	Primary Tumor	76fcefd9-cc17-4ab7-bbee-c4d5cd00b4ea	ebd379f8-3c0a-4bed-83a5-8682bddb098d.rna_seq.augmented_star_gene_counts.tsv	00803a7f92f15c26079acc8fd6071a89	4227941	Data Release 46.0 - August 10, 2026	2026-09-11	released	5d8c131bbff59fb0c969217fc1d44e6d1503cd1f	2021-12-13T18:00:53.105644-06:00	2024-07-30T11:27:34.540170-05:00	TRUE	4227941	2026-08-19	00803a7f92f15c26079acc8fd6071a89	TRUE	39605608	TRUE		TRUE	not applicable
TCGA-KIRP	subtype	TCGA-B1-A47O	TCGA-B1-A47O-01A	Primary Tumor	41c9d266-1aa5-4616-b977-835528eda1ca	9194083f-2f80-4b09-b785-7515963b9be6.rna_seq.augmented_star_gene_counts.tsv	5e849518dcf071be019e594364ef9cfe	4224264	Data Release 46.0 - August 10, 2026	2026-09-11	released	5d8c131bbff59fb0c969217fc1d44e6d1503cd1f	2021-12-13T17:58:08.228566-06:00	2024-07-30T11:24:39.600356-05:00	TRUE	4224264	2026-08-19	5e849518dcf071be019e594364ef9cfe	TRUE	39088513	TRUE		TRUE	not applicable
TCGA-KIRP	subtype	TCGA-B1-A654	TCGA-B1-A654-01A	Primary Tumor	bd59015a-ece4-45c2-8728-ccc767f2a80d	64d0e31c-fd09-4b6e-8003-bb89a86a77b5.rna_seq.augmented_star_gene_counts.tsv	1b4f2b402c86d8b5d9d239c2b3b3071d	4232587	Data Release 46.0 - August 10, 2026	2026-09-11	released	5d8c131bbff59fb0c969217fc1d44e6d1503cd1f	2021-12-13T17:57:36.781465-06:00	2024-07-30T11:29:30.454676-05:00	TRUE	4232587	2026-08-19	1b4f2b402c86d8b5d9d239c2b3b3071d	TRUE	41904335	TRUE		TRUE	not applicable
TCGA-KIRP	subtype	TCGA-B1-A655	TCGA-B1-A655-01A	Primary Tumor	b8659e29-e394-4423-866e-7772179901a8	413a3887-de75-4c38-a60a-3a02eae2f61a.rna_seq.augmented_star_gene_counts.tsv	884ea307d3eb7ff2e7ddcf49b6fa7614	4233131	Data Release 46.0 - August 10, 2026	2026-09-11	released	5d8c131bbff59fb0c969217fc1d44e6d1503cd1f	2021-12-13T17:50:20.635013-06:00	2024-07-30T11:24:09.085167-05:00	TRUE	4233131	2026-08-19	884ea307d3eb7ff2e7ddcf49b6fa7614	TRUE	64099726	TRUE		TRUE	not applicable
TCGA-KIRP	subtype	TCGA-B1-A656	TCGA-B1-A656-01A	Primary Tumor	3c77130a-f708-4f9d-b27e-581f080a08f5	82a06ec4-c14e-423b-aa32-1b8cae079e62.rna_seq.augmented_star_gene_counts.tsv	0487e5979b1690c89ddc0eb0cbaa5a20	4229039	Data Release 46.0 - August 10, 2026	2026-09-11	released	5d8c131bbff59fb0c969217fc1d44e6d1503cd1f	2021-12-13T18:01:02.817847-06:00	2024-07-30T11:19:08.264194-05:00	TRUE	4229039	2026-08-19	0487e5979b1690c89ddc0eb0cbaa5a20	TRUE	57268797	TRUE		TRUE	not applicable
TCGA-KIRP	subtype	TCGA-B1-A657	TCGA-B1-A657-01A	Primary Tumor	6afb15ba-92a3-4dc0-a091-dba5758362cb	5535ecc3-d385-4c20-b4f5-f71c5782ec60.rna_seq.augmented_star_gene_counts.tsv	c03619ed8ad85a9158c0413f2b5f89ff	4244936	Data Release 46.0 - August 10, 2026	2026-09-11	released	5d8c131bbff59fb0c969217fc1d44e6d1503cd1f	2021-12-13T17:52:49.788656-06:00	2024-07-30T11:26:30.514156-05:00	TRUE	4244936	2026-08-19	c03619ed8ad85a9158c0413f2b5f89ff	TRUE	60285376	TRUE		TRUE	not applicable
TCGA-KIRP	subtype	TCGA-B3-3925	TCGA-B3-3925-01A	Primary Tumor	68b2e11e-37c9-4e2b-a532-fa8f91424694	e045554d-52a6-4e83-8ca1-0cbb75a2a68b.rna_seq.augmented_star_gene_counts.tsv	7e0617ae0ade991b1500a993c6bdeffe	4243875	Data Release 46.0 - August 10, 2026	2026-09-11	released	5d8c131bbff59fb0c969217fc1d44e6d1503cd1f	2021-12-13T17:50:14.176434-06:00	2024-07-30T11:31:35.891856-05:00	TRUE	4243875	2026-08-19	7e0617ae0ade991b1500a993c6bdeffe	TRUE	42869572	TRUE		TRUE	not applicable
TCGA-KIRP	subtype	TCGA-B3-3926	TCGA-B3-3926-01A	Primary Tumor	4f91450f-0aaa-4e84-ad45-6486d55ce2c7	6ce6351c-7d6f-402d-b7a1-41230fef71dc.rna_seq.augmented_star_gene_counts.tsv	9cb4afba86e9c6530c85abe3587f1430	4236615	Data Release 46.0 - August 10, 2026	2026-09-11	released	5d8c131bbff59fb0c969217fc1d44e6d1503cd1f	2021-12-13T17:51:53.824887-06:00	2024-07-30T11:29:15.562186-05:00	TRUE	4236615	2026-08-19	9cb4afba86e9c6530c85abe3587f1430	TRUE	45044021	TRUE		TRUE	not applicable
TCGA-KIRP	subtype	TCGA-B3-4103	TCGA-B3-4103-01A	Primary Tumor	13c4fe29-094b-474a-a7f6-32c20f4308be	b73dc603-9e00-495e-b9ef-d1f69ead2561.rna_seq.augmented_star_gene_counts.tsv	3e6e4db463a53532829516e3c5c7a337	4243346	Data Release 46.0 - August 10, 2026	2026-09-11	released	5d8c131bbff59fb0c969217fc1d44e6d1503cd1f	2021-12-13T17:57:19.683496-06:00	2024-07-30T11:28:28.197713-05:00	TRUE	4243346	2026-08-19	3e6e4db463a53532829516e3c5c7a337	TRUE	44472450	TRUE		TRUE	not applicable
TCGA-KIRP	subtype	TCGA-B3-4104	TCGA-B3-4104-01A	Primary Tumor	2a521f2c-2d25-4594-9fd2-2dc68179e88d	705aae46-c28d-4935-8bb1-dbfa08a2b315.rna_seq.augmented_star_gene_counts.tsv	c0a9c4452beb0e04b6e9b8a2c66ce713	4231740	Data Release 46.0 - August 10, 2026	2026-09-11	released	5d8c131bbff59fb0c969217fc1d44e6d1503cd1f	2021-12-13T17:59:31.605751-06:00	2024-07-30T11:28:14.482699-05:00	TRUE	4231740	2026-08-19	c0a9c4452beb0e04b6e9b8a2c66ce713	TRUE	34093660	TRUE		TRUE	not applicable
TCGA-KIRP	subtype	TCGA-B3-8121	TCGA-B3-8121-01A	Primary Tumor	f50158f0-094a-4b16-aa46-07552fc3dc55	0c79ae09-f423-4bed-8588-30437a247721.rna_seq.augmented_star_gene_counts.tsv	ba97f027c68b9bf12ff58f03afa75039	4235451	Data Release 46.0 - August 10, 2026	2026-09-11	released	5d8c131bbff59fb0c969217fc1d44e6d1503cd1f	2021-12-13T17:48:56.530421-06:00	2024-07-30T09:17:41.704193-05:00	TRUE	4235451	2026-08-19	ba97f027c68b9bf12ff58f03afa75039	TRUE	37122622	TRUE		TRUE	not applicable
TCGA-KIRP	subtype	TCGA-B3-A6W5	TCGA-B3-A6W5-01A	Primary Tumor	f6f837b2-c100-46b7-8422-c5948f464f74	b3a0d253-c047-4bdb-b84f-f228ee59a1cb.rna_seq.augmented_star_gene_counts.tsv	aa1247fdbcc300be1b6a8fdabeb27b44	4245547	Data Release 46.0 - August 10, 2026	2026-09-11	released	5d8c131bbff59fb0c969217fc1d44e6d1503cd1f	2021-12-13T17:56:44.371253-06:00	2024-07-30T11:29:01.364427-05:00	TRUE	4245547	2026-08-19	aa1247fdbcc300be1b6a8fdabeb27b44	TRUE	55931507	TRUE		TRUE	not applicable
TCGA-KIRP	subtype	TCGA-B9-4113	TCGA-B9-4113-01A	Primary Tumor	f406bd53-3f55-4d39-a905-febf31447ab9	4a1dc15b-a910-4349-8290-dca495cadabc.rna_seq.augmented_star_gene_counts.tsv	99d9434b999518f5cf9d72a62159e6a3	4251534	Data Release 46.0 - August 10, 2026	2026-09-11	released	5d8c131bbff59fb0c969217fc1d44e6d1503cd1f	2021-12-13T17:54:39.571693-06:00	2024-07-30T11:25:17.095269-05:00	TRUE	4251534	2026-08-19	99d9434b999518f5cf9d72a62159e6a3	TRUE	54369303	TRUE		TRUE	not applicable
TCGA-KIRP	subtype	TCGA-B9-4114	TCGA-B9-4114-01A	Primary Tumor	fcc2766d-6db4-4676-ae26-bc98b94e04fd	a469c61b-83bc-4989-bf3b-2e415d53287d.rna_seq.augmented_star_gene_counts.tsv	9fea1bb69c21a2869aa8bd11fc9a11ff	4241411	Data Release 46.0 - August 10, 2026	2026-09-11	released	5d8c131bbff59fb0c969217fc1d44e6d1503cd1f	2021-12-13T17:57:21.197864-06:00	2024-07-30T09:17:32.753319-05:00	TRUE	4241411	2026-08-19	9fea1bb69c21a2869aa8bd11fc9a11ff	TRUE	54222245	TRUE		TRUE	not applicable
TCGA-KIRP	subtype	TCGA-B9-4115	TCGA-B9-4115-01A	Primary Tumor	5669db25-1d5f-49ea-98f2-80da6c6d1205	a4ac4fe0-886f-4bed-a2dd-a118a7303b9c.rna_seq.augmented_star_gene_counts.tsv	f04d189eb17ee77fd7b252a27ab9b46b	4247541	Data Release 46.0 - August 10, 2026	2026-09-11	released	5d8c131bbff59fb0c969217fc1d44e6d1503cd1f	2021-12-13T17:59:34.802995-06:00	2024-07-30T11:22:44.268417-05:00	TRUE	4247541	2026-08-19	f04d189eb17ee77fd7b252a27ab9b46b	TRUE	64761169	TRUE		TRUE	not applicable
TCGA-KIRP	subtype	TCGA-B9-4116	TCGA-B9-4116-01A	Primary Tumor	9f42e30b-fb32-44d3-b00d-8e6c48e30415	82215367-5f02-47bc-b9d1-8a0e94e17a4f.rna_seq.augmented_star_gene_counts.tsv	0fa41240a7e0f51206dc9054b4bcf757	4259228	Data Release 46.0 - August 10, 2026	2026-09-11	released	5d8c131bbff59fb0c969217fc1d44e6d1503cd1f	2021-12-13T17:58:24.145963-06:00	2024-07-30T11:20:42.167152-05:00	TRUE	4259228	2026-08-19	0fa41240a7e0f51206dc9054b4bcf757	TRUE	51837379	TRUE		TRUE	not applicable
TCGA-KIRP	subtype	TCGA-B9-4117	TCGA-B9-4117-01A	Primary Tumor	dede1728-3402-41de-bdb5-f27c8ae6d8a1	32bcbc9f-1e48-4257-b262-8707efbdc464.rna_seq.augmented_star_gene_counts.tsv	1403edfa267fb81f5e8640ce0f75dd96	4250679	Data Release 46.0 - August 10, 2026	2026-09-11	released	5d8c131bbff59fb0c969217fc1d44e6d1503cd1f	2021-12-13T18:03:24.788071-06:00	2024-07-30T11:28:31.863413-05:00	TRUE	4250679	2026-08-19	1403edfa267fb81f5e8640ce0f75dd96	TRUE	55415150	TRUE		TRUE	not applicable
TCGA-KIRP	subtype	TCGA-B9-4617	TCGA-B9-4617-01A	Primary Tumor	acf8fce1-2afa-43b2-852e-a5bb5e21efb1	0c509be0-de28-49bf-a5b8-f470ab4abfb2.rna_seq.augmented_star_gene_counts.tsv	25064395ff893c596e4aa01a1c09bab8	4223374	Data Release 46.0 - August 10, 2026	2026-09-11	released	5d8c131bbff59fb0c969217fc1d44e6d1503cd1f	2021-12-13T18:05:54.692206-06:00	2024-07-30T11:19:41.948121-05:00	TRUE	4223374	2026-08-19	25064395ff893c596e4aa01a1c09bab8	TRUE	47620841	TRUE		TRUE	not applicable
TCGA-KIRP	subtype	TCGA-B9-5155	TCGA-B9-5155-01A	Primary Tumor	bbcfb994-6e5d-46d9-9141-03087a412637	4cd31c01-4a33-4f89-9ea6-bbb78869a8fb.rna_seq.augmented_star_gene_counts.tsv	e8efada08f921cc61a7499d8c441ff83	4241933	Data Release 46.0 - August 10, 2026	2026-09-11	released	5d8c131bbff59fb0c969217fc1d44e6d1503cd1f	2021-12-13T17:48:37.653794-06:00	2024-07-30T11:25:44.008374-05:00	TRUE	4241933	2026-08-19	e8efada08f921cc61a7499d8c441ff83	TRUE	60882210	TRUE		TRUE	not applicable
TCGA-KIRP	subtype	TCGA-B9-5156	TCGA-B9-5156-01A	Primary Tumor	aeb93252-cec4-434a-9320-a7288e1bbae1	bd7e0009-8ab5-4d68-8b48-a0fdeffad5b2.rna_seq.augmented_star_gene_counts.tsv	100f758782196cd65758794e5e6caa22	4239030	Data Release 46.0 - August 10, 2026	2026-09-11	released	5d8c131bbff59fb0c969217fc1d44e6d1503cd1f	2021-12-13T18:05:49.857644-06:00	2024-07-30T11:22:00.362232-05:00	TRUE	4239030	2026-08-19	100f758782196cd65758794e5e6caa22	TRUE	61241536	TRUE		TRUE	not applicable
TCGA-KIRP	subtype	TCGA-B9-7268	TCGA-B9-7268-01A	Primary Tumor	a4de05ab-6988-496c-863c-50c5acc0fe55	60cdd97c-5c95-404a-835b-b0e096d0ea26.rna_seq.augmented_star_gene_counts.tsv	0512fe7ae4f2583bffc2d6dfee2168a1	4239237	Data Release 46.0 - August 10, 2026	2026-09-11	released	5d8c131bbff59fb0c969217fc1d44e6d1503cd1f	2021-12-13T17:59:40.892983-06:00	2024-07-30T11:19:03.235326-05:00	TRUE	4239237	2026-08-19	0512fe7ae4f2583bffc2d6dfee2168a1	TRUE	64354530	TRUE		TRUE	not applicable
TCGA-KIRP	subtype	TCGA-B9-A44B	TCGA-B9-A44B-01A	Primary Tumor	8cdd123b-6a39-45a3-bbd8-924f4e1b8a21	2fae8b47-d595-4df2-b4dd-58b6d18f17f3.rna_seq.augmented_star_gene_counts.tsv	591a2b90619a3d4534c39bb46cceba04	4224201	Data Release 46.0 - August 10, 2026	2026-09-11	released	5d8c131bbff59fb0c969217fc1d44e6d1503cd1f	2021-12-13T17:54:11.069917-06:00	2024-07-30T11:23:47.939302-05:00	TRUE	4224201	2026-08-19	591a2b90619a3d4534c39bb46cceba04	TRUE	44147556	TRUE		TRUE	not applicable
TCGA-KIRP	subtype	TCGA-B9-A5W7	TCGA-B9-A5W7-01A	Primary Tumor	626273a0-40ea-43d8-bb2b-194d30ccfc90	cc4de259-7f6d-4915-8bb7-4179985bd1f1.rna_seq.augmented_star_gene_counts.tsv	22940c88c7d56ab2f9968142d3a7141a	4241423	Data Release 46.0 - August 10, 2026	2026-09-11	released	5d8c131bbff59fb0c969217fc1d44e6d1503cd1f	2021-12-13T17:56:23.735116-06:00	2024-07-30T11:29:03.724209-05:00	TRUE	4241423	2026-08-19	22940c88c7d56ab2f9968142d3a7141a	TRUE	54849125	TRUE		TRUE	not applicable
TCGA-KIRP	subtype	TCGA-B9-A5W8	TCGA-B9-A5W8-01A	Primary Tumor	01eec09c-7007-470f-b4ab-7ea329db082e	e8c97501-d59d-43c8-8b2b-6bb31635e929.rna_seq.augmented_star_gene_counts.tsv	d5d7c2f219bf235e64dd862784cdbef9	4226288	Data Release 46.0 - August 10, 2026	2026-09-11	released	5d8c131bbff59fb0c969217fc1d44e6d1503cd1f	2021-12-13T18:05:12.053896-06:00	2024-07-30T11:22:24.717627-05:00	TRUE	4226288	2026-08-19	d5d7c2f219bf235e64dd862784cdbef9	TRUE	36015847	TRUE		TRUE	not applicable
TCGA-KIRP	subtype	TCGA-B9-A5W9	TCGA-B9-A5W9-01A	Primary Tumor	41d2e95c-1dd1-46f4-8781-6649be8e86ba	e167486d-404e-4159-8e45-6694bf1ffdb6.rna_seq.augmented_star_gene_counts.tsv	f96797e886c4a21083d1a732df0f093e	4244674	Data Release 46.0 - August 10, 2026	2026-09-11	released	5d8c131bbff59fb0c969217fc1d44e6d1503cd1f	2021-12-13T18:00:10.850970-06:00	2024-07-30T11:29:37.965901-05:00	TRUE	4244674	2026-08-19	f96797e886c4a21083d1a732df0f093e	TRUE	61776977	TRUE		TRUE	not applicable
TCGA-KIRP	subtype	TCGA-B9-A69E	TCGA-B9-A69E-01A	Primary Tumor	c6b73b52-e80a-4af0-b1fd-6636269e6676	2d1c7f8e-ae1f-4f08-9167-d65dbd1ed1f9.rna_seq.augmented_star_gene_counts.tsv	50165d8e313dba5e18f7e7dc18dc42c0	4236370	Data Release 46.0 - August 10, 2026	2026-09-11	released	5d8c131bbff59fb0c969217fc1d44e6d1503cd1f	2021-12-13T17:51:24.531054-06:00	2024-07-30T11:20:30.973694-05:00	TRUE	4236370	2026-08-19	50165d8e313dba5e18f7e7dc18dc42c0	TRUE	58264327	TRUE		TRUE	not applicable
TCGA-KIRP	subtype	TCGA-B9-A8YH	TCGA-B9-A8YH-01A	Primary Tumor	d4de01f7-16a7-48e8-99b6-e3209d4ad09b	eb94366a-78b6-4d0b-bdd4-96b350f2965a.rna_seq.augmented_star_gene_counts.tsv	67e17fc391d7ee8a22eabfb6c148bb1f	4252942	Data Release 46.0 - August 10, 2026	2026-09-11	released	5d8c131bbff59fb0c969217fc1d44e6d1503cd1f	2021-12-13T17:57:01.126886-06:00	2024-07-30T11:21:51.592656-05:00	TRUE	4252942	2026-08-19	67e17fc391d7ee8a22eabfb6c148bb1f	TRUE	63493247	TRUE		TRUE	not applicable
TCGA-KIRP	subtype	TCGA-B9-A8YI	TCGA-B9-A8YI-01A	Primary Tumor	7e573139-6180-4ea1-be0b-d5df8d13c448	970a9be7-5ccd-487f-92d9-4e194a97d162.rna_seq.augmented_star_gene_counts.tsv	6edf0daedc1d3300b530651825166740	4216121	Data Release 46.0 - August 10, 2026	2026-09-11	released	5d8c131bbff59fb0c969217fc1d44e6d1503cd1f	2021-12-13T18:07:43.921410-06:00	2024-07-30T11:27:41.848854-05:00	TRUE	4216121	2026-08-19	6edf0daedc1d3300b530651825166740	TRUE	44432653	TRUE		TRUE	not applicable
TCGA-KIRP	subtype	TCGA-BQ-5875	TCGA-BQ-5875-01A	Primary Tumor	5f546050-bd02-4240-a036-8a8cd5b93bbf	45757ee8-9ee6-4b06-96b3-92c4ed342025.rna_seq.augmented_star_gene_counts.tsv	f6056292216e1773a22dfe71021d38a5	4229122	Data Release 46.0 - August 10, 2026	2026-09-11	released	5d8c131bbff59fb0c969217fc1d44e6d1503cd1f	2021-12-13T18:01:14.007051-06:00	2024-07-30T11:29:20.434722-05:00	TRUE	4229122	2026-08-19	f6056292216e1773a22dfe71021d38a5	TRUE	56332318	TRUE		TRUE	not applicable
TCGA-KIRP	subtype	TCGA-BQ-5876	TCGA-BQ-5876-01A	Primary Tumor	cadb84e9-3498-47c9-90bb-e1a3a71eb685	c70c5e83-8907-4816-ba59-58c7b14d95c9.rna_seq.augmented_star_gene_counts.tsv	14de167a5b41e9db3f61cee53df6f186	4220123	Data Release 46.0 - August 10, 2026	2026-09-11	released	5d8c131bbff59fb0c969217fc1d44e6d1503cd1f	2021-12-13T17:59:37.862302-06:00	2024-07-30T11:19:13.125953-05:00	TRUE	4220123	2026-08-19	14de167a5b41e9db3f61cee53df6f186	TRUE	35352651	TRUE		TRUE	not applicable
TCGA-KIRP	subtype	TCGA-BQ-5877	TCGA-BQ-5877-01A	Primary Tumor	dcb89df3-3699-45fb-a636-9bff204ff377	e47989a4-a2f7-46b7-9244-c91e0ae0ee0f.rna_seq.augmented_star_gene_counts.tsv	874b4d68e0dc77d143a4908f9313667a	4249463	Data Release 46.0 - August 10, 2026	2026-09-11	released	5d8c131bbff59fb0c969217fc1d44e6d1503cd1f	2021-12-13T17:50:04.552725-06:00	2024-07-30T11:22:50.636261-05:00	TRUE	4249463	2026-08-19	874b4d68e0dc77d143a4908f9313667a	TRUE	66450334	TRUE		TRUE	not applicable
TCGA-KIRP	subtype	TCGA-BQ-5878	TCGA-BQ-5878-01A	Primary Tumor	03443702-1483-4701-89c9-265a55a0ee68	4b5cf3f4-cd52-4a60-8b52-053922decf1b.rna_seq.augmented_star_gene_counts.tsv	887d783b32bbe5c232bb65ea09d07fce	4249768	Data Release 46.0 - August 10, 2026	2026-09-11	released	5d8c131bbff59fb0c969217fc1d44e6d1503cd1f	2021-12-13T17:54:09.750204-06:00	2024-07-30T11:24:32.356118-05:00	TRUE	4249768	2026-08-19	887d783b32bbe5c232bb65ea09d07fce	TRUE	72336226	TRUE		TRUE	not applicable
TCGA-KIRP	subtype	TCGA-BQ-5879	TCGA-BQ-5879-01A	Primary Tumor	e23ac747-77e0-4f5f-87ae-cf2d2dde34c7	5ab9398c-22b1-4876-83d8-aada5b2cd155.rna_seq.augmented_star_gene_counts.tsv	e918e58917b51fe7b94e4d3cb16ae31a	4245627	Data Release 46.0 - August 10, 2026	2026-09-11	released	5d8c131bbff59fb0c969217fc1d44e6d1503cd1f	2021-12-13T17:58:22.537620-06:00	2024-07-30T11:23:55.192525-05:00	TRUE	4245627	2026-08-19	e918e58917b51fe7b94e4d3cb16ae31a	TRUE	83266519	TRUE		TRUE	not applicable
TCGA-KIRP	subtype	TCGA-BQ-5880	TCGA-BQ-5880-01A	Primary Tumor	0b4ce49c-2c26-4a99-b7d8-7b29348c79a3	ed00fd94-9534-4bde-bf77-6f40ecbd4caa.rna_seq.augmented_star_gene_counts.tsv	d6b9e6fcdefbf5ee0521df0bcc707f03	4211983	Data Release 46.0 - August 10, 2026	2026-09-11	released	5d8c131bbff59fb0c969217fc1d44e6d1503cd1f	2021-12-13T17:55:16.788040-06:00	2024-07-30T11:22:12.324765-05:00	TRUE	4211983	2026-08-19	d6b9e6fcdefbf5ee0521df0bcc707f03	TRUE	40621203	TRUE		TRUE	not applicable
TCGA-KIRP	subtype	TCGA-BQ-5881	TCGA-BQ-5881-01A	Primary Tumor	114e2e99-e9e2-463d-b1d1-5c6dec3c4b25	e02bd702-faf5-4e28-96a5-b0e950439e42.rna_seq.augmented_star_gene_counts.tsv	f22e730cfb291f671944ed556153892d	4211380	Data Release 46.0 - August 10, 2026	2026-09-11	released	5d8c131bbff59fb0c969217fc1d44e6d1503cd1f	2021-12-13T17:54:53.134921-06:00	2024-07-30T11:26:31.682507-05:00	TRUE	4211380	2026-08-19	f22e730cfb291f671944ed556153892d	TRUE	61948869	TRUE		TRUE	not applicable
TCGA-KIRP	subtype	TCGA-BQ-5882	TCGA-BQ-5882-01A	Primary Tumor	442a19bb-59b0-4c5a-841f-2e31ccd0ef1f	84ba4843-7c05-445e-a2eb-e056163507d6.rna_seq.augmented_star_gene_counts.tsv	2d6043382e00c5683f19f7ccbd94df17	4245464	Data Release 46.0 - August 10, 2026	2026-09-11	released	5d8c131bbff59fb0c969217fc1d44e6d1503cd1f	2021-12-13T17:54:43.577606-06:00	2024-07-30T11:19:47.005352-05:00	TRUE	4245464	2026-08-19	2d6043382e00c5683f19f7ccbd94df17	TRUE	66179596	TRUE		TRUE	not applicable
TCGA-KIRP	subtype	TCGA-BQ-5883	TCGA-BQ-5883-01A	Primary Tumor	0ed533db-d680-4aea-8a97-2d1aec402773	37333883-1fbf-43ae-a840-7abb65d9458d.rna_seq.augmented_star_gene_counts.tsv	0977c4eba01f2c7e09198934b271a94d	4240042	Data Release 46.0 - August 10, 2026	2026-09-11	released	5d8c131bbff59fb0c969217fc1d44e6d1503cd1f	2021-12-13T17:49:13.855886-06:00	2024-07-30T11:26:46.465184-05:00	TRUE	4240042	2026-08-19	0977c4eba01f2c7e09198934b271a94d	TRUE	69995935	TRUE		TRUE	not applicable
TCGA-KIRP	subtype	TCGA-BQ-5884	TCGA-BQ-5884-01A	Primary Tumor	d949f70e-1716-4949-833c-cead873b975a	8eb9d579-9aad-437b-9f15-dc6dde7cc7c8.rna_seq.augmented_star_gene_counts.tsv	d075664bce4e574f25a4f32b38562bd0	4252988	Data Release 46.0 - August 10, 2026	2026-09-11	released	5d8c131bbff59fb0c969217fc1d44e6d1503cd1f	2021-12-13T17:54:29.306076-06:00	2024-07-30T11:20:54.404937-05:00	TRUE	4252988	2026-08-19	d075664bce4e574f25a4f32b38562bd0	TRUE	89512001	TRUE		TRUE	not applicable
TCGA-KIRP	subtype	TCGA-BQ-5885	TCGA-BQ-5885-01A	Primary Tumor	731e1916-d211-499e-bf6c-7534b55c5c5f	e07e80b0-2f2a-478a-b470-8698740bc900.rna_seq.augmented_star_gene_counts.tsv	1dc4f631c5365d9adf2ffcbf3b57370a	4246395	Data Release 46.0 - August 10, 2026	2026-09-11	released	5d8c131bbff59fb0c969217fc1d44e6d1503cd1f	2021-12-13T18:05:40.697371-06:00	2024-07-30T11:31:33.262808-05:00	TRUE	4246395	2026-08-19	1dc4f631c5365d9adf2ffcbf3b57370a	TRUE	48230572	TRUE		TRUE	not applicable
TCGA-KIRP	subtype	TCGA-BQ-5886	TCGA-BQ-5886-01A	Primary Tumor	4f107826-fb89-4a83-a54f-e4f503b242e3	b0699b56-9990-4192-b444-e83bf960ce56.rna_seq.augmented_star_gene_counts.tsv	fdbc5ab21429b468f91605af8d0dca5d	4212680	Data Release 46.0 - August 10, 2026	2026-09-11	released	5d8c131bbff59fb0c969217fc1d44e6d1503cd1f	2021-12-13T18:03:34.698032-06:00	2024-07-30T11:21:46.540910-05:00	TRUE	4212680	2026-08-19	fdbc5ab21429b468f91605af8d0dca5d	TRUE	63329919	TRUE		TRUE	not applicable
TCGA-KIRP	subtype	TCGA-BQ-5887	TCGA-BQ-5887-01A	Primary Tumor	50d4b3a0-b87d-4b2a-9c0f-187b2fd1f1fb	465c7080-be77-4695-9103-d51ac51e170f.rna_seq.augmented_star_gene_counts.tsv	e07e7a505b18ed8168430f044fd4d451	4233938	Data Release 46.0 - August 10, 2026	2026-09-11	released	5d8c131bbff59fb0c969217fc1d44e6d1503cd1f	2021-12-13T17:53:07.436505-06:00	2024-07-30T11:28:56.241779-05:00	TRUE	4233938	2026-08-19	e07e7a505b18ed8168430f044fd4d451	TRUE	63434991	TRUE		TRUE	not applicable
TCGA-KIRP	subtype	TCGA-BQ-5888	TCGA-BQ-5888-01A	Primary Tumor	95169edc-10da-4fad-9175-b0be431767f3	977eb6f8-97b0-4816-992e-ec02913930da.rna_seq.augmented_star_gene_counts.tsv	278a36dd81427e7fa70ad62349315806	4233028	Data Release 46.0 - August 10, 2026	2026-09-11	released	5d8c131bbff59fb0c969217fc1d44e6d1503cd1f	2021-12-13T17:49:23.166243-06:00	2024-07-30T11:28:26.982794-05:00	TRUE	4233028	2026-08-19	278a36dd81427e7fa70ad62349315806	TRUE	51739083	TRUE		TRUE	not applicable
TCGA-KIRP	subtype	TCGA-BQ-5889	TCGA-BQ-5889-01A	Primary Tumor	428a206a-0c72-49f3-9a63-9ad4b6e4210b	52a4e9af-aafc-45ef-909a-7fe7b24c1840.rna_seq.augmented_star_gene_counts.tsv	a9bca6be3a45b46a28576124ae76cc78	4245109	Data Release 46.0 - August 10, 2026	2026-09-11	released	5d8c131bbff59fb0c969217fc1d44e6d1503cd1f	2021-12-13T18:01:58.371400-06:00	2024-07-30T11:31:25.750493-05:00	TRUE	4245109	2026-08-19	a9bca6be3a45b46a28576124ae76cc78	TRUE	57584769	TRUE		TRUE	not applicable
TCGA-KIRP	subtype	TCGA-BQ-5890	TCGA-BQ-5890-01A	Primary Tumor	3941b835-c5e6-4000-b5b9-ad420d012062	93ee4243-f9c0-4946-be6c-5e0372109b23.rna_seq.augmented_star_gene_counts.tsv	c6bbb138d167e9c0493ce4abf8c9c944	4235527	Data Release 46.0 - August 10, 2026	2026-09-11	released	5d8c131bbff59fb0c969217fc1d44e6d1503cd1f	2021-12-13T17:53:53.581773-06:00	2024-07-30T11:22:16.265940-05:00	TRUE	4235527	2026-08-19	c6bbb138d167e9c0493ce4abf8c9c944	TRUE	70622294	TRUE		TRUE	not applicable
TCGA-KIRP	subtype	TCGA-BQ-5891	TCGA-BQ-5891-01A	Primary Tumor	cf6ad7bc-9392-4f16-b427-69aded849958	943dbfcd-98c2-4377-91f5-47db01d4d62d.rna_seq.augmented_star_gene_counts.tsv	cd2f399877ba328ddd48c2e1a42ea7e0	4247927	Data Release 46.0 - August 10, 2026	2026-09-11	released	5d8c131bbff59fb0c969217fc1d44e6d1503cd1f	2021-12-13T17:51:37.754139-06:00	2024-07-30T11:21:54.070871-05:00	TRUE	4247927	2026-08-19	cd2f399877ba328ddd48c2e1a42ea7e0	TRUE	71394020	TRUE		TRUE	not applicable
TCGA-KIRP	subtype	TCGA-BQ-5892	TCGA-BQ-5892-01A	Primary Tumor	1a70fc30-c323-464e-9d96-3cc86fb34e37	ee0c0e7a-05ec-404d-babd-5d51b71da9c1.rna_seq.augmented_star_gene_counts.tsv	82802c0c5150faf7bab434d8b83dde35	4237953	Data Release 46.0 - August 10, 2026	2026-09-11	released	5d8c131bbff59fb0c969217fc1d44e6d1503cd1f	2021-12-13T18:05:16.832989-06:00	2024-07-30T11:30:48.159348-05:00	TRUE	4237953	2026-08-19	82802c0c5150faf7bab434d8b83dde35	TRUE	58016289	TRUE		TRUE	not applicable
TCGA-KIRP	subtype	TCGA-BQ-5893	TCGA-BQ-5893-01A	Primary Tumor	35b844f9-d209-4cee-90a1-db34dddb2cf8	9bb1fa8e-96b6-42b6-a349-3f7fdf9c095c.rna_seq.augmented_star_gene_counts.tsv	e8a587615b94b5991f5cad09855de4da	4237375	Data Release 46.0 - August 10, 2026	2026-09-11	released	5d8c131bbff59fb0c969217fc1d44e6d1503cd1f	2021-12-13T18:07:20.414215-06:00	2024-07-30T11:19:02.020227-05:00	TRUE	4237375	2026-08-19	e8a587615b94b5991f5cad09855de4da	TRUE	61019783	TRUE		TRUE	not applicable
TCGA-KIRP	subtype	TCGA-BQ-5894	TCGA-BQ-5894-01A	Primary Tumor	47bc8206-8d3d-47f3-b991-a688262a5725	af132346-65d1-4e0b-850d-fbfb486e9e25.rna_seq.augmented_star_gene_counts.tsv	31affad34bd72483012e271c32c2a5f6	4241935	Data Release 46.0 - August 10, 2026	2026-09-11	released	5d8c131bbff59fb0c969217fc1d44e6d1503cd1f	2021-12-13T18:01:56.771179-06:00	2024-07-30T11:22:55.614354-05:00	TRUE	4241935	2026-08-19	31affad34bd72483012e271c32c2a5f6	TRUE	51916539	TRUE		TRUE	not applicable
TCGA-KIRP	subtype	TCGA-BQ-7044	TCGA-BQ-7044-01A	Primary Tumor	ffccf6fa-b5c8-4fd8-a215-42e34fa97e2a	55593f28-69c1-43fe-bdd1-b846b321ccb0.rna_seq.augmented_star_gene_counts.tsv	7bfe0b2f360569c3a030efa02e0d7c13	4234624	Data Release 46.0 - August 10, 2026	2026-09-11	released	5d8c131bbff59fb0c969217fc1d44e6d1503cd1f	2021-12-13T17:56:27.349623-06:00	2024-07-30T07:13:16.913814-05:00	TRUE	4234624	2026-08-19	7bfe0b2f360569c3a030efa02e0d7c13	TRUE	70043413	TRUE		TRUE	not applicable
TCGA-KIRP	subtype	TCGA-BQ-7045	TCGA-BQ-7045-01A	Primary Tumor	3be36714-705a-4907-940a-c656e827ec41	29b03f1c-38ab-4145-b7d9-142e8c567f4e.rna_seq.augmented_star_gene_counts.tsv	a26b5e4233521c779776b900de5796e2	4200929	Data Release 46.0 - August 10, 2026	2026-09-11	released	5d8c131bbff59fb0c969217fc1d44e6d1503cd1f	2021-12-13T18:02:12.431338-06:00	2024-07-30T11:26:24.596185-05:00	TRUE	4200929	2026-08-19	a26b5e4233521c779776b900de5796e2	TRUE	24529020	TRUE		TRUE	not applicable
TCGA-KIRP	subtype	TCGA-BQ-7046	TCGA-BQ-7046-01A	Primary Tumor	3f54db55-8f97-4338-b406-737858b5d9bf	df254df9-c7a9-40f7-922e-92c121cf1963.rna_seq.augmented_star_gene_counts.tsv	3e8d6ac4cdb4bf047a8e3c6e0d86a455	4229143	Data Release 46.0 - August 10, 2026	2026-09-11	released	5d8c131bbff59fb0c969217fc1d44e6d1503cd1f	2021-12-13T18:03:47.411137-06:00	2024-07-30T11:29:35.588393-05:00	TRUE	4229143	2026-08-19	3e8d6ac4cdb4bf047a8e3c6e0d86a455	TRUE	47431383	TRUE		TRUE	not applicable
TCGA-KIRP	subtype	TCGA-BQ-7048	TCGA-BQ-7048-01A	Primary Tumor	cbf2086d-a4e8-4bd9-a815-b9fe1169bc02	fcfc91d4-55c7-4017-bfc0-84e709ab4399.rna_seq.augmented_star_gene_counts.tsv	532e7b31cf0de104b60fe54afea2f2cc	4226714	Data Release 46.0 - August 10, 2026	2026-09-11	released	5d8c131bbff59fb0c969217fc1d44e6d1503cd1f	2021-12-13T17:49:34.029702-06:00	2024-07-30T11:29:53.586828-05:00	TRUE	4226714	2026-08-19	532e7b31cf0de104b60fe54afea2f2cc	TRUE	43949642	TRUE		TRUE	not applicable
TCGA-KIRP	subtype	TCGA-BQ-7049	TCGA-BQ-7049-01A	Primary Tumor	746d14a4-555a-4667-912a-9113b7c20aa9	23fbcb6a-5956-42ae-8a14-e43471d6201d.rna_seq.augmented_star_gene_counts.tsv	1d37690383d00b7c9952d9c11edb324b	4241379	Data Release 46.0 - August 10, 2026	2026-09-11	released	5d8c131bbff59fb0c969217fc1d44e6d1503cd1f	2021-12-13T17:54:58.167790-06:00	2024-07-30T11:23:35.993692-05:00	TRUE	4241379	2026-08-19	1d37690383d00b7c9952d9c11edb324b	TRUE	62168422	TRUE		TRUE	not applicable
TCGA-KIRP	subtype	TCGA-BQ-7050	TCGA-BQ-7050-01A	Primary Tumor	dce3aee4-656b-4f1f-b636-9a1bdb9ccd29	d9a0dac4-b234-4e1b-8dd7-773459780d2e.rna_seq.augmented_star_gene_counts.tsv	75456c9efea09023cedbc854dc7ab01e	4234197	Data Release 46.0 - August 10, 2026	2026-09-11	released	5d8c131bbff59fb0c969217fc1d44e6d1503cd1f	2021-12-13T18:01:30.514327-06:00	2024-07-30T11:26:00.032732-05:00	TRUE	4234197	2026-08-19	75456c9efea09023cedbc854dc7ab01e	TRUE	52113497	TRUE		TRUE	not applicable
TCGA-KIRP	subtype	TCGA-BQ-7051	TCGA-BQ-7051-01A	Primary Tumor	72768520-c92d-43a3-a003-e018e0249551	76cd1f5f-f269-4520-9b24-1516d4380fe6.rna_seq.augmented_star_gene_counts.tsv	712205271d01e5eacab7c40e14afc730	4254537	Data Release 46.0 - August 10, 2026	2026-09-11	released	5d8c131bbff59fb0c969217fc1d44e6d1503cd1f	2021-12-13T17:54:33.033992-06:00	2024-07-30T11:21:50.228359-05:00	TRUE	4254537	2026-08-19	712205271d01e5eacab7c40e14afc730	TRUE	95879440	TRUE		TRUE	not applicable
TCGA-KIRP	subtype	TCGA-BQ-7053	TCGA-BQ-7053-01A	Primary Tumor	a0dcc98a-2a34-4012-8591-9fc899059f1c	7b357410-b2eb-46ac-8046-09c95f2d2d39.rna_seq.augmented_star_gene_counts.tsv	a0a808ddd9e7b046e1b33a4b944e5fbc	4250792	Data Release 46.0 - August 10, 2026	2026-09-11	released	5d8c131bbff59fb0c969217fc1d44e6d1503cd1f	2021-12-13T17:57:32.506090-06:00	2024-07-30T11:23:06.740377-05:00	TRUE	4250792	2026-08-19	a0a808ddd9e7b046e1b33a4b944e5fbc	TRUE	87621598	TRUE		TRUE	not applicable
TCGA-KIRP	subtype	TCGA-BQ-7055	TCGA-BQ-7055-01A	Primary Tumor	0695a872-e08d-42bb-8187-2fa7c3076a40	86994e55-f28b-4ce8-b55f-0878bcce4832.rna_seq.augmented_star_gene_counts.tsv	bd540e916957562d8491aaaeb498769e	4218415	Data Release 46.0 - August 10, 2026	2026-09-11	released	5d8c131bbff59fb0c969217fc1d44e6d1503cd1f	2021-12-13T17:51:06.964855-06:00	2024-07-30T11:23:40.762744-05:00	TRUE	4218415	2026-08-19	bd540e916957562d8491aaaeb498769e	TRUE	43144048	TRUE		TRUE	not applicable
TCGA-KIRP	subtype	TCGA-BQ-7056	TCGA-BQ-7056-01A	Primary Tumor	82c6a99e-86b3-4e6d-a541-9fec2b65b50e	ff0ade21-b72b-45e5-a00c-8e40ece2f64b.rna_seq.augmented_star_gene_counts.tsv	87f2ef65ceb46403e738d6b8ca60acef	4243245	Data Release 46.0 - August 10, 2026	2026-09-11	released	5d8c131bbff59fb0c969217fc1d44e6d1503cd1f	2021-12-13T17:58:58.036478-06:00	2024-07-30T11:21:09.023972-05:00	TRUE	4243245	2026-08-19	87f2ef65ceb46403e738d6b8ca60acef	TRUE	76075335	TRUE		TRUE	not applicable
TCGA-KIRP	subtype	TCGA-BQ-7058	TCGA-BQ-7058-01A	Primary Tumor	459da1a3-90a4-44ab-b305-f53f0721e4cb	ad4e3ae3-c266-4392-b51f-8e229ca588c2.rna_seq.augmented_star_gene_counts.tsv	860ea55d08936ede9d0279a611079f23	4214562	Data Release 46.0 - August 10, 2026	2026-09-11	released	5d8c131bbff59fb0c969217fc1d44e6d1503cd1f	2021-12-13T17:52:40.670509-06:00	2024-07-30T11:27:13.107601-05:00	TRUE	4214562	2026-08-19	860ea55d08936ede9d0279a611079f23	TRUE	63906192	TRUE		TRUE	not applicable
TCGA-KIRP	subtype	TCGA-BQ-7059	TCGA-BQ-7059-01A	Primary Tumor	21938fb7-2eec-431c-b316-655d64ad8c13	4a03d542-dfb7-4570-9226-db715816eccd.rna_seq.augmented_star_gene_counts.tsv	8cb2682d299bf981e5c805a8791cde37	4246690	Data Release 46.0 - August 10, 2026	2026-09-11	released	5d8c131bbff59fb0c969217fc1d44e6d1503cd1f	2021-12-13T18:03:29.627838-06:00	2024-07-30T11:21:45.398279-05:00	TRUE	4246690	2026-08-19	8cb2682d299bf981e5c805a8791cde37	TRUE	80659080	TRUE		TRUE	not applicable
TCGA-KIRP	subtype	TCGA-BQ-7060	TCGA-BQ-7060-01A	Primary Tumor	e454b54e-857c-4653-9909-4beaf83dbcb8	856b8cf2-10c8-4821-a2d8-1fd249503f20.rna_seq.augmented_star_gene_counts.tsv	50fb845b15a1c25d4d742b6659b6618c	4236855	Data Release 46.0 - August 10, 2026	2026-09-11	released	5d8c131bbff59fb0c969217fc1d44e6d1503cd1f	2021-12-13T17:51:09.013635-06:00	2024-07-30T11:20:58.037202-05:00	TRUE	4236855	2026-08-19	50fb845b15a1c25d4d742b6659b6618c	TRUE	75682180	TRUE		TRUE	not applicable
TCGA-KIRP	subtype	TCGA-BQ-7061	TCGA-BQ-7061-01A	Primary Tumor	668aa8c5-9d33-4efb-a664-9facc4631d91	8bad636e-76fd-497d-88b2-da3b17e39db8.rna_seq.augmented_star_gene_counts.tsv	370266287eefb97cd492e7ecc939388e	4246745	Data Release 46.0 - August 10, 2026	2026-09-11	released	5d8c131bbff59fb0c969217fc1d44e6d1503cd1f	2021-12-13T17:58:14.545294-06:00	2024-07-30T11:23:19.416228-05:00	TRUE	4246745	2026-08-19	370266287eefb97cd492e7ecc939388e	TRUE	82880777	TRUE		TRUE	not applicable
TCGA-KIRP	subtype	TCGA-BQ-7062	TCGA-BQ-7062-01A	Primary Tumor	c0be8069-8e65-4441-930a-bb8178445e3b	36532c8b-643c-4271-bb66-06a42e47914d.rna_seq.augmented_star_gene_counts.tsv	dd9b6e9d00bf9c90ff3dfc52a629c66e	4253676	Data Release 46.0 - August 10, 2026	2026-09-11	released	5d8c131bbff59fb0c969217fc1d44e6d1503cd1f	2021-12-13T17:57:38.702656-06:00	2024-07-30T11:30:55.538043-05:00	TRUE	4253676	2026-08-19	dd9b6e9d00bf9c90ff3dfc52a629c66e	TRUE	79804111	TRUE		TRUE	not applicable
TCGA-KIRP	subtype	TCGA-DW-5560	TCGA-DW-5560-01A	Primary Tumor	ef8e0547-f709-4968-9bb3-89b93014bc40	b49a5b0c-c29b-46bf-900e-4cfa46391343.rna_seq.augmented_star_gene_counts.tsv	a693315f819019bff6e71dd82e1d137f	4245791	Data Release 46.0 - August 10, 2026	2026-09-11	released	5d8c131bbff59fb0c969217fc1d44e6d1503cd1f	2021-12-13T17:54:25.823075-06:00	2024-07-30T11:20:02.789713-05:00	TRUE	4245791	2026-08-19	a693315f819019bff6e71dd82e1d137f	TRUE	39112184	TRUE		TRUE	not applicable
TCGA-KIRP	subtype	TCGA-DW-5561	TCGA-DW-5561-01A	Primary Tumor	c55f52f7-b07b-45ce-b70c-517d4a35b69d	4f42f303-6fc3-4aeb-b982-094e80525953.rna_seq.augmented_star_gene_counts.tsv	9aee6244bbfa369362f49d7544d51772	4245953	Data Release 46.0 - August 10, 2026	2026-09-11	released	5d8c131bbff59fb0c969217fc1d44e6d1503cd1f	2021-12-13T18:02:38.585293-06:00	2024-07-30T11:30:43.249642-05:00	TRUE	4245953	2026-08-19	9aee6244bbfa369362f49d7544d51772	TRUE	56532895	TRUE		TRUE	not applicable
TCGA-KIRP	subtype	TCGA-DW-7834	TCGA-DW-7834-01A	Primary Tumor	22b1f2ca-5751-4df9-ab7a-a6d67bb8fa3f	b05ad932-30ff-4c88-9304-f581bf55cac0.rna_seq.augmented_star_gene_counts.tsv	22328543578b35c800b8c19d4c7a5f0a	4236959	Data Release 46.0 - August 10, 2026	2026-09-11	released	5d8c131bbff59fb0c969217fc1d44e6d1503cd1f	2021-12-13T17:53:57.539682-06:00	2024-07-30T11:26:15.924660-05:00	TRUE	4236959	2026-08-19	22328543578b35c800b8c19d4c7a5f0a	TRUE	51498405	TRUE		TRUE	not applicable
TCGA-KIRP	subtype	TCGA-DW-7836	TCGA-DW-7836-01A	Primary Tumor	4dc48f0a-f6d1-47b8-8ade-f383de249f29	ff60bb1e-19b0-4c5a-b753-1beac14f1554.rna_seq.augmented_star_gene_counts.tsv	03daa5224b75b24c2ccec9d4c4d7da04	4239373	Data Release 46.0 - August 10, 2026	2026-09-11	released	5d8c131bbff59fb0c969217fc1d44e6d1503cd1f	2021-12-13T17:57:29.404987-06:00	2024-07-30T11:20:21.221941-05:00	TRUE	4239373	2026-08-19	03daa5224b75b24c2ccec9d4c4d7da04	TRUE	49948140	TRUE		FALSE	not applicable
TCGA-KIRP	subtype	TCGA-DW-7837	TCGA-DW-7837-01A	Primary Tumor	d51b9b5a-0c65-41a5-942c-71441f514e64	843220fd-e535-472d-865d-4e3b67424479.rna_seq.augmented_star_gene_counts.tsv	ade37c3846b89be56cbf4cebeb5b63fa	4230243	Data Release 46.0 - August 10, 2026	2026-09-11	released	5d8c131bbff59fb0c969217fc1d44e6d1503cd1f	2021-12-13T17:58:04.556727-06:00	2024-07-30T11:24:29.966227-05:00	TRUE	4230243	2026-08-19	ade37c3846b89be56cbf4cebeb5b63fa	TRUE	38690256	TRUE		TRUE	not applicable
TCGA-KIRP	subtype	TCGA-DW-7838	TCGA-DW-7838-01A	Primary Tumor	a633b21d-43a5-4c59-a7f1-d40e6a0c5b3d	f085f2ef-b1a2-44e6-92eb-dc0c97ce3e7c.rna_seq.augmented_star_gene_counts.tsv	e3333a5356e69843c6953a836515d80a	4235898	Data Release 46.0 - August 10, 2026	2026-09-11	released	5d8c131bbff59fb0c969217fc1d44e6d1503cd1f	2021-12-13T17:50:28.253387-06:00	2024-07-30T11:25:09.525199-05:00	TRUE	4235898	2026-08-19	e3333a5356e69843c6953a836515d80a	TRUE	53649284	TRUE		TRUE	not applicable
TCGA-KIRP	subtype	TCGA-DW-7839	TCGA-DW-7839-01A	Primary Tumor	914a7bc5-8774-4982-9300-9276afe99bd8	6830695a-1cd6-4a74-b108-2890fd6509d8.rna_seq.augmented_star_gene_counts.tsv	db5ee8cfdd4ffcc45704ad6c9ce8da27	4245956	Data Release 46.0 - August 10, 2026	2026-09-11	released	5d8c131bbff59fb0c969217fc1d44e6d1503cd1f	2021-12-13T18:02:29.524094-06:00	2024-07-30T11:26:17.233543-05:00	TRUE	4245956	2026-08-19	db5ee8cfdd4ffcc45704ad6c9ce8da27	TRUE	60812207	TRUE		TRUE	not applicable
TCGA-KIRP	subtype	TCGA-DW-7840	TCGA-DW-7840-01A	Primary Tumor	b4c0eaa4-6627-45fe-b8c2-ba23bd263b1f	3e094db3-818a-46d2-acad-c1e3af8eea5c.rna_seq.augmented_star_gene_counts.tsv	8b2c182c88ea712f7859d86d7b678b1f	4231191	Data Release 46.0 - August 10, 2026	2026-09-11	released	5d8c131bbff59fb0c969217fc1d44e6d1503cd1f	2021-12-13T17:52:43.911107-06:00	2024-07-30T11:26:49.064529-05:00	TRUE	4231191	2026-08-19	8b2c182c88ea712f7859d86d7b678b1f	TRUE	43701569	TRUE		TRUE	not applicable
TCGA-KIRP	subtype	TCGA-DW-7841	TCGA-DW-7841-01A	Primary Tumor	347040ad-b9d1-4234-b4f1-54e319494a3f	e8903645-a516-4e44-b802-128eeffce68f.rna_seq.augmented_star_gene_counts.tsv	07269f09e253d51eb83d06aee5fd54ba	4247433	Data Release 46.0 - August 10, 2026	2026-09-11	released	5d8c131bbff59fb0c969217fc1d44e6d1503cd1f	2021-12-13T18:06:19.416890-06:00	2024-07-30T11:23:46.765331-05:00	TRUE	4247433	2026-08-19	07269f09e253d51eb83d06aee5fd54ba	TRUE	57139333	TRUE		TRUE	not applicable
TCGA-KIRP	subtype	TCGA-DW-7842	TCGA-DW-7842-01A	Primary Tumor	c8dd6a43-3127-4856-86d7-8a7ca8192e79	f8f8289c-d2ab-431c-ade3-30aec29fa93a.rna_seq.augmented_star_gene_counts.tsv	7ac0841fc6790ed596203baa84262b8a	4250680	Data Release 46.0 - August 10, 2026	2026-09-11	released	5d8c131bbff59fb0c969217fc1d44e6d1503cd1f	2021-12-13T18:00:44.668583-06:00	2024-07-30T11:24:17.709431-05:00	TRUE	4250680	2026-08-19	7ac0841fc6790ed596203baa84262b8a	TRUE	63451804	TRUE		TRUE	not applicable
TCGA-KIRP	subtype	TCGA-DW-7963	TCGA-DW-7963-01B	Primary Tumor	4b0010e4-97d0-4abd-a716-181948860156	d1e555a5-d6e3-48b6-9d2c-60db04e1849d.rna_seq.augmented_star_gene_counts.tsv	23ffe63c6ed701acf3899a19084f68fb	4195591	Data Release 46.0 - August 10, 2026	2026-09-11	released	5d8c131bbff59fb0c969217fc1d44e6d1503cd1f	2021-12-13T17:52:25.165792-06:00	2024-07-30T11:29:17.980754-05:00	TRUE	4195591	2026-08-19	23ffe63c6ed701acf3899a19084f68fb	TRUE	22272860	TRUE		TRUE	not applicable
TCGA-KIRP	subtype	TCGA-DZ-6131	TCGA-DZ-6131-01A	Primary Tumor	47741512-f2a0-42a3-b58a-53b34bd1cd3a	e9a0930f-1144-4238-8115-94c57af16747.rna_seq.augmented_star_gene_counts.tsv	369a3cf992200a43f850ccfa439f117f	4247712	Data Release 46.0 - August 10, 2026	2026-09-11	released	5d8c131bbff59fb0c969217fc1d44e6d1503cd1f	2021-12-13T18:07:51.613803-06:00	2024-07-30T11:24:38.410286-05:00	TRUE	4247712	2026-08-19	369a3cf992200a43f850ccfa439f117f	TRUE	67597498	TRUE		TRUE	not applicable
TCGA-KIRP	subtype	TCGA-DZ-6132	TCGA-DZ-6132-01A	Primary Tumor	76ff803d-63d2-45c5-bfd4-f3614eb2cd6f	0f72f785-41cd-4f4a-b42d-d83b0da33600.rna_seq.augmented_star_gene_counts.tsv	54d6a7b12797961543f5a23cd2fee059	4246395	Data Release 46.0 - August 10, 2026	2026-09-11	released	5d8c131bbff59fb0c969217fc1d44e6d1503cd1f	2021-12-13T18:03:37.830974-06:00	2024-07-30T11:27:19.435076-05:00	TRUE	4246395	2026-08-19	54d6a7b12797961543f5a23cd2fee059	TRUE	64072607	TRUE		TRUE	not applicable
TCGA-KIRP	subtype	TCGA-DZ-6133	TCGA-DZ-6133-01A	Primary Tumor	c462505f-3220-4c70-9bf8-2da1af314658	fb3ccb91-c718-467f-9e95-9867eff027fb.rna_seq.augmented_star_gene_counts.tsv	1e8af67117f04260777c9aeaf68026df	4251645	Data Release 46.0 - August 10, 2026	2026-09-11	released	5d8c131bbff59fb0c969217fc1d44e6d1503cd1f	2021-12-13T18:05:33.633955-06:00	2024-07-30T11:22:35.641801-05:00	TRUE	4251645	2026-08-19	1e8af67117f04260777c9aeaf68026df	TRUE	82882268	TRUE		TRUE	not applicable
TCGA-KIRP	subtype	TCGA-DZ-6134	TCGA-DZ-6134-01A	Primary Tumor	dc31c049-e03f-45d9-b60a-342035d8194c	81507dfb-defd-4e93-a844-ac4488792aea.rna_seq.augmented_star_gene_counts.tsv	c3efe0cc98625a50a1256daca3bed0ae	4248710	Data Release 46.0 - August 10, 2026	2026-09-11	released	5d8c131bbff59fb0c969217fc1d44e6d1503cd1f	2021-12-13T17:59:15.370424-06:00	2024-07-30T11:24:23.810950-05:00	TRUE	4248710	2026-08-19	c3efe0cc98625a50a1256daca3bed0ae	TRUE	88428999	TRUE		TRUE	not applicable
TCGA-KIRP	subtype	TCGA-DZ-6135	TCGA-DZ-6135-01A	Primary Tumor	9754a8ce-6f71-477f-abd8-4b4c33e5d1dc	ddb3d84c-9e68-40d2-bef8-22bcf0fd201c.rna_seq.augmented_star_gene_counts.tsv	9e570e460a9ce0a47c3b90b53142ab2f	4255058	Data Release 46.0 - August 10, 2026	2026-09-11	released	5d8c131bbff59fb0c969217fc1d44e6d1503cd1f	2021-12-13T18:04:02.963936-06:00	2024-07-30T11:25:42.896907-05:00	TRUE	4255058	2026-08-19	9e570e460a9ce0a47c3b90b53142ab2f	TRUE	80167164	TRUE		TRUE	not applicable
TCGA-KIRP	subtype	TCGA-EV-5901	TCGA-EV-5901-01A	Primary Tumor	c40c73aa-b2d4-4626-87ee-71b49ab7dbe0	2ec23a96-8205-403d-bd28-fdada96c8303.rna_seq.augmented_star_gene_counts.tsv	4aafd409fd0327e8bb76de011b57b2ba	4258489	Data Release 46.0 - August 10, 2026	2026-09-11	released	5d8c131bbff59fb0c969217fc1d44e6d1503cd1f	2021-12-13T18:04:49.524209-06:00	2024-07-30T11:31:01.676496-05:00	TRUE	4258489	2026-08-19	4aafd409fd0327e8bb76de011b57b2ba	TRUE	78671740	TRUE		TRUE	not applicable
TCGA-KIRP	subtype	TCGA-EV-5902	TCGA-EV-5902-01A	Primary Tumor	3e78c402-cb22-4e65-b89e-9a760541656d	07a5352f-f6ae-42a6-a41c-812c8aa372c9.rna_seq.augmented_star_gene_counts.tsv	17f326059d914f7b2a78e2eae8e2bed0	4248486	Data Release 46.0 - August 10, 2026	2026-09-11	released	5d8c131bbff59fb0c969217fc1d44e6d1503cd1f	2021-12-13T17:52:35.407260-06:00	2024-07-30T11:21:26.157291-05:00	TRUE	4248486	2026-08-19	17f326059d914f7b2a78e2eae8e2bed0	TRUE	69422133	TRUE		TRUE	not applicable
TCGA-KIRP	subtype	TCGA-EV-5903	TCGA-EV-5903-01A	Primary Tumor	a190f145-a220-4f08-8d7a-233b80d811cc	ad7106b9-5bab-4854-80b9-0d31732bc3f8.rna_seq.augmented_star_gene_counts.tsv	e67e0a3c9e2c81baa4ebfd2d49ee3280	4241724	Data Release 46.0 - August 10, 2026	2026-09-11	released	5d8c131bbff59fb0c969217fc1d44e6d1503cd1f	2021-12-13T17:58:48.377656-06:00	2024-07-30T11:27:53.729633-05:00	TRUE	4241724	2026-08-19	e67e0a3c9e2c81baa4ebfd2d49ee3280	TRUE	57382368	TRUE		TRUE	not applicable
TCGA-KIRP	subtype	TCGA-F9-A4JJ	TCGA-F9-A4JJ-01A	Primary Tumor	84c9cb87-67df-4dec-8af4-21a67d1661b3	97a4506b-81bd-4c81-9f62-f9502b8e8f3e.rna_seq.augmented_star_gene_counts.tsv	6ad8c798653ba910aef4e729c171cc71	4233179	Data Release 46.0 - August 10, 2026	2026-09-11	released	5d8c131bbff59fb0c969217fc1d44e6d1503cd1f	2021-12-13T17:58:35.991068-06:00	2024-07-30T11:20:22.470359-05:00	TRUE	4233179	2026-08-19	6ad8c798653ba910aef4e729c171cc71	TRUE	43308411	TRUE		TRUE	not applicable
TCGA-KIRP	subtype	TCGA-F9-A7Q0	TCGA-F9-A7Q0-01A	Primary Tumor	07b1743d-2a80-4b81-bc28-ae8b28945a32	0ec6774d-6e67-487f-beed-f06bc099527f.rna_seq.augmented_star_gene_counts.tsv	9ca04f65e4e8b577cf0b0234b7a37b6c	4236020	Data Release 46.0 - August 10, 2026	2026-09-11	released	5d8c131bbff59fb0c969217fc1d44e6d1503cd1f	2021-12-13T17:51:34.636178-06:00	2024-07-30T11:22:34.381756-05:00	TRUE	4236020	2026-08-19	9ca04f65e4e8b577cf0b0234b7a37b6c	TRUE	40928958	TRUE		TRUE	not applicable
TCGA-KIRP	subtype	TCGA-F9-A7VF	TCGA-F9-A7VF-01A	Primary Tumor	baf3ce56-0aa2-4e8e-8fa0-fe88e2c0e75d	3dc0f5ff-07aa-4e17-90f5-7434472f0cc4.rna_seq.augmented_star_gene_counts.tsv	728d9e3d36531cdd438b22a105dd6979	4219853	Data Release 46.0 - August 10, 2026	2026-09-11	released	5d8c131bbff59fb0c969217fc1d44e6d1503cd1f	2021-12-13T18:03:19.903630-06:00	2024-07-30T11:19:54.530167-05:00	TRUE	4219853	2026-08-19	728d9e3d36531cdd438b22a105dd6979	TRUE	32360078	TRUE		TRUE	not applicable
TCGA-KIRP	subtype	TCGA-F9-A8NY	TCGA-F9-A8NY-01A	Primary Tumor	ccfce8c5-d53e-4538-b201-c697e7a4f851	25baca49-5a22-4a18-a9b4-efae82bea85c.rna_seq.augmented_star_gene_counts.tsv	9cd2931e0d94dc8723f16d9631e41e5b	4231364	Data Release 46.0 - August 10, 2026	2026-09-11	released	5d8c131bbff59fb0c969217fc1d44e6d1503cd1f	2021-12-13T17:51:31.426349-06:00	2024-07-30T11:24:48.208411-05:00	TRUE	4231364	2026-08-19	9cd2931e0d94dc8723f16d9631e41e5b	TRUE	44299803	TRUE		TRUE	not applicable
TCGA-KIRP	subtype	TCGA-F9-A97G	TCGA-F9-A97G-01A	Primary Tumor	3579dc25-4a89-47ce-8822-ac2eae81fbbc	6bb2e2e8-ea63-4bec-9a42-cdff0abf5392.rna_seq.augmented_star_gene_counts.tsv	2e80a9c589d8543e9c9424a2299f6b0b	4231943	Data Release 46.0 - August 10, 2026	2026-09-11	released	5d8c131bbff59fb0c969217fc1d44e6d1503cd1f	2021-12-13T18:07:01.687711-06:00	2024-07-30T11:18:58.341775-05:00	TRUE	4231943	2026-08-19	2e80a9c589d8543e9c9424a2299f6b0b	TRUE	50785082	TRUE		TRUE	not applicable
TCGA-KIRP	subtype	TCGA-G7-6789	TCGA-G7-6789-01A	Primary Tumor	cee11d01-1b79-46df-a882-3c8add30101d	75c1f581-2d4e-409e-8880-aa38926d0088.rna_seq.augmented_star_gene_counts.tsv	0479b064624ee8b31c3195990a17d1f7	4235648	Data Release 46.0 - August 10, 2026	2026-09-11	released	5d8c131bbff59fb0c969217fc1d44e6d1503cd1f	2021-12-13T17:54:46.727215-06:00	2024-07-30T11:24:00.167502-05:00	TRUE	4235648	2026-08-19	0479b064624ee8b31c3195990a17d1f7	TRUE	63121194	TRUE		TRUE	not applicable
TCGA-KIRP	subtype	TCGA-G7-6790	TCGA-G7-6790-01A	Primary Tumor	91721d32-47e6-45b9-85b2-7c8b224d219e	27589f0a-0e71-41f0-aa28-55468db11cde.rna_seq.augmented_star_gene_counts.tsv	9cdf4aca0d93d88140a6293864761d6a	4242324	Data Release 46.0 - August 10, 2026	2026-09-11	released	5d8c131bbff59fb0c969217fc1d44e6d1503cd1f	2021-12-13T18:06:34.091786-06:00	2024-07-30T11:25:03.354986-05:00	TRUE	4242324	2026-08-19	9cdf4aca0d93d88140a6293864761d6a	TRUE	73795652	TRUE		TRUE	not applicable
TCGA-KIRP	subtype	TCGA-G7-6792	TCGA-G7-6792-01A	Primary Tumor	34bea5b8-7a47-4cb3-a1f1-716f3320d4ea	66a7ba04-e173-4c5d-ad4c-41a9b85ac8d5.rna_seq.augmented_star_gene_counts.tsv	c75333408f06c3d2d61128e11a5c2f83	4237536	Data Release 46.0 - August 10, 2026	2026-09-11	released	5d8c131bbff59fb0c969217fc1d44e6d1503cd1f	2021-12-13T18:07:08.225562-06:00	2024-07-30T11:24:20.174514-05:00	TRUE	4237536	2026-08-19	c75333408f06c3d2d61128e11a5c2f83	TRUE	57406740	TRUE		TRUE	not applicable
TCGA-KIRP	subtype	TCGA-G7-6793	TCGA-G7-6793-01A	Primary Tumor	02298f54-33c7-4d8b-8a3d-6c94613ab7b0	350e6b12-e28c-41b0-936e-1c7565a4dfde.rna_seq.augmented_star_gene_counts.tsv	d839daf165d3189930120ca270a676fa	4240486	Data Release 46.0 - August 10, 2026	2026-09-11	released	5d8c131bbff59fb0c969217fc1d44e6d1503cd1f	2021-12-13T17:52:52.929319-06:00	2024-07-30T11:23:15.699483-05:00	TRUE	4240486	2026-08-19	d839daf165d3189930120ca270a676fa	TRUE	66855344	TRUE		TRUE	not applicable
TCGA-KIRP	subtype	TCGA-G7-6795	TCGA-G7-6795-01A	Primary Tumor	3ac56f77-e674-4963-8a0e-3afe253a1f13	7de92a6c-8ebb-41b4-864a-391f4be28981.rna_seq.augmented_star_gene_counts.tsv	146463228204b0d22169da37eaf58a34	4226027	Data Release 46.0 - August 10, 2026	2026-09-11	released	5d8c131bbff59fb0c969217fc1d44e6d1503cd1f	2021-12-13T17:54:06.543147-06:00	2024-07-30T11:31:17.154295-05:00	TRUE	4226027	2026-08-19	146463228204b0d22169da37eaf58a34	TRUE	59292315	TRUE		TRUE	not applicable
TCGA-KIRP	subtype	TCGA-G7-6796	TCGA-G7-6796-01A	Primary Tumor	66307ac0-eef9-4547-b9f4-bd625ca14608	c8aad382-88c4-4c76-bd85-e0bb766b9a0c.rna_seq.augmented_star_gene_counts.tsv	0d87d918d9e5cca58d047c3c19c9430b	4223622	Data Release 46.0 - August 10, 2026	2026-09-11	released	5d8c131bbff59fb0c969217fc1d44e6d1503cd1f	2021-12-13T17:51:13.887470-06:00	2024-07-30T11:29:59.716700-05:00	TRUE	4223622	2026-08-19	0d87d918d9e5cca58d047c3c19c9430b	TRUE	46200747	TRUE		TRUE	not applicable
TCGA-KIRP	subtype	TCGA-G7-6797	TCGA-G7-6797-01A	Primary Tumor	4c5577ca-14b6-40d5-b6c6-0fb4e7bdb069	8e7f9cd6-c6db-4c80-a148-f1ff78994c9b.rna_seq.augmented_star_gene_counts.tsv	e6b850216960076aa799ed8a234d7223	4230835	Data Release 46.0 - August 10, 2026	2026-09-11	released	5d8c131bbff59fb0c969217fc1d44e6d1503cd1f	2021-12-13T17:53:39.101759-06:00	2024-07-30T11:29:31.643503-05:00	TRUE	4230835	2026-08-19	e6b850216960076aa799ed8a234d7223	TRUE	37444922	TRUE		TRUE	not applicable
TCGA-KIRP	subtype	TCGA-G7-7501	TCGA-G7-7501-01A	Primary Tumor	205f0869-3738-4b53-9aaf-fadc3fbebcb0	0293e8bc-a048-48de-b3d9-3052521e8265.rna_seq.augmented_star_gene_counts.tsv	014bd6cc70107b5d203a999e1b4c8220	4245090	Data Release 46.0 - August 10, 2026	2026-09-11	released	5d8c131bbff59fb0c969217fc1d44e6d1503cd1f	2021-12-13T18:06:52.432046-06:00	2024-07-30T11:25:25.820603-05:00	TRUE	4245090	2026-08-19	014bd6cc70107b5d203a999e1b4c8220	TRUE	60464282	TRUE		TRUE	not applicable
TCGA-KIRP	subtype	TCGA-G7-7502	TCGA-G7-7502-01A	Primary Tumor	4f2e18b6-128d-4270-aee8-4e675a41cd72	5d99eb47-9acf-4d75-a730-2f7c6c1368c9.rna_seq.augmented_star_gene_counts.tsv	0314bd396c7792dc4c5acc72a26f2571	4253561	Data Release 46.0 - August 10, 2026	2026-09-11	released	5d8c131bbff59fb0c969217fc1d44e6d1503cd1f	2021-12-13T18:02:54.151671-06:00	2024-07-30T11:30:39.584969-05:00	TRUE	4253561	2026-08-19	0314bd396c7792dc4c5acc72a26f2571	TRUE	66737576	TRUE		TRUE	not applicable
TCGA-KIRP	subtype	TCGA-G7-A4TM	TCGA-G7-A4TM-01A	Primary Tumor	875dd262-d100-47d6-b547-5004105eb8fe	7ebc0aad-868c-4588-a806-e6c0c6b67d9d.rna_seq.augmented_star_gene_counts.tsv	427b40ffe324bd64f9fdaa7feb7c6e6f	4247553	Data Release 46.0 - August 10, 2026	2026-09-11	released	5d8c131bbff59fb0c969217fc1d44e6d1503cd1f	2021-12-13T17:53:11.713376-06:00	2024-07-30T11:23:11.728440-05:00	TRUE	4247553	2026-08-19	427b40ffe324bd64f9fdaa7feb7c6e6f	TRUE	52819797	TRUE		TRUE	not applicable
TCGA-KIRP	subtype	TCGA-G7-A8LB	TCGA-G7-A8LB-01A	Primary Tumor	fc25fc3c-8ede-4135-9baa-5fd41a825396	e10d1489-b3e7-4aca-af63-fe15a285f9ee.rna_seq.augmented_star_gene_counts.tsv	1839ab713193bcacacc2198c90587790	4220271	Data Release 46.0 - August 10, 2026	2026-09-11	released	5d8c131bbff59fb0c969217fc1d44e6d1503cd1f	2021-12-13T17:49:36.125082-06:00	2024-07-30T09:17:39.090427-05:00	TRUE	4220271	2026-08-19	1839ab713193bcacacc2198c90587790	TRUE	41515157	TRUE		TRUE	not applicable
TCGA-KIRP	subtype	TCGA-G7-A8LC	TCGA-G7-A8LC-01A	Primary Tumor	116f4bad-d358-48aa-b748-755644f7ca44	ff4e9865-4bbb-4ca1-a9d1-941527d43857.rna_seq.augmented_star_gene_counts.tsv	757b42e56297c998d471c1dc4bbc74d9	4225213	Data Release 46.0 - August 10, 2026	2026-09-11	released	5d8c131bbff59fb0c969217fc1d44e6d1503cd1f	2021-12-13T18:03:14.057931-06:00	2024-07-30T11:26:32.841484-05:00	TRUE	4225213	2026-08-19	757b42e56297c998d471c1dc4bbc74d9	TRUE	42360326	TRUE		TRUE	not applicable
TCGA-KIRP	subtype	TCGA-G7-A8LD	TCGA-G7-A8LD-01A	Primary Tumor	508bc893-2adb-471e-8dea-a71ab8af3290	4bba5ba8-e210-4ef3-9377-c692f9484df8.rna_seq.augmented_star_gene_counts.tsv	71ae5c01a612bca9ba86f46d63695d78	4247880	Data Release 46.0 - August 10, 2026	2026-09-11	released	5d8c131bbff59fb0c969217fc1d44e6d1503cd1f	2021-12-13T18:03:01.672608-06:00	2024-07-30T11:26:50.221266-05:00	TRUE	4247880	2026-08-19	71ae5c01a612bca9ba86f46d63695d78	TRUE	62466300	TRUE		TRUE	not applicable
TCGA-KIRP	subtype	TCGA-G7-A8LE	TCGA-G7-A8LE-01A	Primary Tumor	7966d194-931d-4b96-997d-3d2ac736e72a	ea73a9eb-461b-42bb-bfbc-382cd512fb9f.rna_seq.augmented_star_gene_counts.tsv	f94ea7ba27ebe15da73baebf1ded116c	4250403	Data Release 46.0 - August 10, 2026	2026-09-11	released	5d8c131bbff59fb0c969217fc1d44e6d1503cd1f	2021-12-13T17:50:07.599228-06:00	2024-07-30T11:22:08.768956-05:00	TRUE	4250403	2026-08-19	f94ea7ba27ebe15da73baebf1ded116c	TRUE	56036287	TRUE		TRUE	not applicable
TCGA-KIRP	subtype	TCGA-GL-6846	TCGA-GL-6846-01A	Primary Tumor	16865783-98a7-462f-81ab-35e19f5b3346	6440b680-65cf-4368-a66d-ded2a11a12fd.rna_seq.augmented_star_gene_counts.tsv	de3f8ee3138d3997b5d75ca644c260bc	4239721	Data Release 46.0 - August 10, 2026	2026-09-11	released	5d8c131bbff59fb0c969217fc1d44e6d1503cd1f	2021-12-13T18:03:39.393108-06:00	2024-07-30T11:27:58.876430-05:00	TRUE	4239721	2026-08-19	de3f8ee3138d3997b5d75ca644c260bc	TRUE	65113830	TRUE		TRUE	not applicable
TCGA-KIRP	subtype	TCGA-GL-7773	TCGA-GL-7773-01A	Primary Tumor	b0ef1586-4afe-4993-b9b0-19181d462749	a8ade0b2-b99e-44f8-b6b9-fa8f8cf32840.rna_seq.augmented_star_gene_counts.tsv	da10677324d7b60b08d920c4a774af4c	4238206	Data Release 46.0 - August 10, 2026	2026-09-11	released	5d8c131bbff59fb0c969217fc1d44e6d1503cd1f	2021-12-13T17:57:51.282544-06:00	2024-07-30T11:20:06.529891-05:00	TRUE	4238206	2026-08-19	da10677324d7b60b08d920c4a774af4c	TRUE	47124473	TRUE		TRUE	not applicable
TCGA-KIRP	subtype	TCGA-GL-7966	TCGA-GL-7966-01A	Primary Tumor	202d21e3-7005-46ca-b6e4-007166741cba	3383af4a-8e8c-4c8a-86ee-925b37d7dc5c.rna_seq.augmented_star_gene_counts.tsv	d241871100891f99703033d8b140575b	4247377	Data Release 46.0 - August 10, 2026	2026-09-11	released	5d8c131bbff59fb0c969217fc1d44e6d1503cd1f	2021-12-13T18:01:43.010855-06:00	2024-07-30T11:25:30.606304-05:00	TRUE	4247377	2026-08-19	d241871100891f99703033d8b140575b	TRUE	52629081	TRUE		TRUE	not applicable
TCGA-KIRP	subtype	TCGA-GL-8500	TCGA-GL-8500-01A	Primary Tumor	0a4e4402-13a5-4eea-b70c-b121bcf81156	6abcbd13-ff11-46d6-9ce0-6204a6658c39.rna_seq.augmented_star_gene_counts.tsv	e94b37d2e3302f6e8b754d6008c67503	4233238	Data Release 46.0 - August 10, 2026	2026-09-11	released	5d8c131bbff59fb0c969217fc1d44e6d1503cd1f	2021-12-13T17:58:59.474958-06:00	2024-07-30T11:20:11.105883-05:00	TRUE	4233238	2026-08-19	e94b37d2e3302f6e8b754d6008c67503	TRUE	48730241	TRUE		TRUE	not applicable
TCGA-KIRP	subtype	TCGA-GL-A4EM	TCGA-GL-A4EM-01A	Primary Tumor	d363ed8d-fffd-4c6d-9416-4d5581f51776	0649535d-a031-4203-a0da-ddb615c483a3.rna_seq.augmented_star_gene_counts.tsv	28d41f9df40c023ae67df68ecbe8fbeb	4216067	Data Release 46.0 - August 10, 2026	2026-09-11	released	5d8c131bbff59fb0c969217fc1d44e6d1503cd1f	2021-12-13T17:59:42.383339-06:00	2024-07-30T11:24:42.077821-05:00	TRUE	4216067	2026-08-19	28d41f9df40c023ae67df68ecbe8fbeb	TRUE	47827921	TRUE		TRUE	not applicable
TCGA-KIRP	subtype	TCGA-GL-A59R	TCGA-GL-A59R-01A	Primary Tumor	2a0b9c8d-af2f-452a-9d08-3863ce528bf9	63d57102-26d4-48b7-9fd3-bb842f5e5328.rna_seq.augmented_star_gene_counts.tsv	95d3bca174c8dd03bd5af7fa1688b7df	4227052	Data Release 46.0 - August 10, 2026	2026-09-11	released	5d8c131bbff59fb0c969217fc1d44e6d1503cd1f	2021-12-13T17:49:30.261293-06:00	2024-07-30T11:28:47.714245-05:00	TRUE	4227052	2026-08-19	95d3bca174c8dd03bd5af7fa1688b7df	TRUE	29604580	TRUE		TRUE	not applicable
TCGA-KIRP	subtype	TCGA-GL-A59T	TCGA-GL-A59T-01A	Primary Tumor	ae01d866-898c-4521-8278-e0990f9d1a95	b41dddca-13bf-48eb-92a4-2504bbf192a3.rna_seq.augmented_star_gene_counts.tsv	98e85c8c4114e44e50e045e6b35d6113	4227278	Data Release 46.0 - August 10, 2026	2026-09-11	released	5d8c131bbff59fb0c969217fc1d44e6d1503cd1f	2021-12-13T17:57:47.473280-06:00	2024-07-30T11:23:50.312088-05:00	TRUE	4227278	2026-08-19	98e85c8c4114e44e50e045e6b35d6113	TRUE	41082824	TRUE		TRUE	not applicable
TCGA-KIRP	subtype	TCGA-GL-A9DC	TCGA-GL-A9DC-01A	Primary Tumor	a50151b4-6655-4124-b987-a864ce41fbb0	c627ecf5-7a1c-4491-8159-e9e9b7f1cd02.rna_seq.augmented_star_gene_counts.tsv	73a8c5cf6946a5459d15e6d0fb88ece9	4237019	Data Release 46.0 - August 10, 2026	2026-09-11	released	5d8c131bbff59fb0c969217fc1d44e6d1503cd1f	2021-12-13T17:52:18.339023-06:00	2024-07-30T11:18:57.106491-05:00	TRUE	4237019	2026-08-19	73a8c5cf6946a5459d15e6d0fb88ece9	TRUE	42684384	TRUE		TRUE	not applicable
TCGA-KIRP	subtype	TCGA-GL-A9DD	TCGA-GL-A9DD-01A	Primary Tumor	73120e77-b856-4d1b-bfc8-88c112fbf466	9a163421-8e6e-44e4-92cc-31d058bfc733.rna_seq.augmented_star_gene_counts.tsv	e23e1955439d5c3750b929b0a8a318e0	4233345	Data Release 46.0 - August 10, 2026	2026-09-11	released	5d8c131bbff59fb0c969217fc1d44e6d1503cd1f	2021-12-13T18:05:10.846639-06:00	2024-07-30T11:31:28.235379-05:00	TRUE	4233345	2026-08-19	e23e1955439d5c3750b929b0a8a318e0	TRUE	48279140	TRUE		TRUE	not applicable
TCGA-KIRP	subtype	TCGA-GL-A9DE	TCGA-GL-A9DE-01A	Primary Tumor	51dd6001-89ce-40ef-ac7e-a30b7ba7cd4f	c91ed804-c077-45de-9b11-96f7336366b5.rna_seq.augmented_star_gene_counts.tsv	70e54ed7ddf5c440545add3d5f1fd14b	4228079	Data Release 46.0 - August 10, 2026	2026-09-11	released	5d8c131bbff59fb0c969217fc1d44e6d1503cd1f	2021-12-13T18:04:40.503044-06:00	2024-07-30T11:28:24.544811-05:00	TRUE	4228079	2026-08-19	70e54ed7ddf5c440545add3d5f1fd14b	TRUE	50498000	TRUE		TRUE	not applicable
TCGA-KIRP	subtype	TCGA-IA-A40U	TCGA-IA-A40U-01A	Primary Tumor	d92be685-11ea-4205-a01b-84b98d699610	d1cc642c-aa42-4704-ac4f-dc652b4f915e.rna_seq.augmented_star_gene_counts.tsv	f9a89c78d98bf402a3ec11e2ba759bb2	4231533	Data Release 46.0 - August 10, 2026	2026-09-11	released	5d8c131bbff59fb0c969217fc1d44e6d1503cd1f	2021-12-13T17:53:48.157337-06:00	2024-07-30T11:27:55.176681-05:00	TRUE	4231533	2026-08-19	f9a89c78d98bf402a3ec11e2ba759bb2	TRUE	43900649	TRUE		TRUE	not applicable
TCGA-KIRP	subtype	TCGA-IA-A40X	TCGA-IA-A40X-01A	Primary Tumor	7ee1541b-c6e4-44ac-a1e6-85af4f7fa02d	4138dd99-c0c2-40b7-b396-6542ec1117aa.rna_seq.augmented_star_gene_counts.tsv	ae633cd01d7b535d272e01ea1dcf7e78	4229979	Data Release 46.0 - August 10, 2026	2026-09-11	released	5d8c131bbff59fb0c969217fc1d44e6d1503cd1f	2021-12-13T18:06:08.574729-06:00	2024-07-30T11:28:11.483787-05:00	TRUE	4229979	2026-08-19	ae633cd01d7b535d272e01ea1dcf7e78	TRUE	45865371	TRUE		TRUE	not applicable
TCGA-KIRP	subtype	TCGA-IA-A40Y	TCGA-IA-A40Y-01A	Primary Tumor	a877d371-4cb0-4974-b8e2-62bee7a34920	6c1af495-e7b6-43f4-a8f3-e0dbbceec1e0.rna_seq.augmented_star_gene_counts.tsv	a654936b49993514d08eaab2fdf2ca65	4241350	Data Release 46.0 - August 10, 2026	2026-09-11	released	5d8c131bbff59fb0c969217fc1d44e6d1503cd1f	2021-12-13T18:02:26.175506-06:00	2024-07-30T11:24:50.597607-05:00	TRUE	4241350	2026-08-19	a654936b49993514d08eaab2fdf2ca65	TRUE	47082115	TRUE		TRUE	not applicable
TCGA-KIRP	subtype	TCGA-IA-A83S	TCGA-IA-A83S-01A	Primary Tumor	449f38f3-6239-426c-a548-0ffd75c30a6d	83917448-7f94-478b-8630-75ca0dd7e32d.rna_seq.augmented_star_gene_counts.tsv	a5355ed7925662ee684b3a1b898d056e	4219309	Data Release 46.0 - August 10, 2026	2026-09-11	released	5d8c131bbff59fb0c969217fc1d44e6d1503cd1f	2021-12-13T17:48:48.210838-06:00	2024-07-30T11:19:05.723046-05:00	TRUE	4219309	2026-08-19	a5355ed7925662ee684b3a1b898d056e	TRUE	39261444	TRUE		FALSE	not applicable
TCGA-KIRP	subtype	TCGA-IA-A83T	TCGA-IA-A83T-01A	Primary Tumor	d59e657f-6780-4e40-9390-4445f02a2f23	8cd48709-0a65-4737-b859-b2367336249b.rna_seq.augmented_star_gene_counts.tsv	b03f42d4036fe4e16d07c07b52a94120	4235761	Data Release 46.0 - August 10, 2026	2026-09-11	released	5d8c131bbff59fb0c969217fc1d44e6d1503cd1f	2021-12-13T17:53:29.764674-06:00	2024-07-30T11:19:36.080594-05:00	TRUE	4235761	2026-08-19	b03f42d4036fe4e16d07c07b52a94120	TRUE	63506342	TRUE		FALSE	not applicable
TCGA-KIRP	subtype	TCGA-IA-A83V	TCGA-IA-A83V-01A	Primary Tumor	8f48636e-ed47-48b0-bf55-3d4b6c1ae917	9270df3e-1219-4a78-ba6e-a12406201682.rna_seq.augmented_star_gene_counts.tsv	2a17b01b412087d2cc41710d91e22ba5	4223821	Data Release 46.0 - August 10, 2026	2026-09-11	released	5d8c131bbff59fb0c969217fc1d44e6d1503cd1f	2021-12-13T18:04:44.723607-06:00	2024-07-30T11:28:03.908898-05:00	TRUE	4223821	2026-08-19	2a17b01b412087d2cc41710d91e22ba5	TRUE	34254937	TRUE		TRUE	not applicable
TCGA-KIRP	subtype	TCGA-IA-A83W	TCGA-IA-A83W-01A	Primary Tumor	3d63a0f4-fe4c-48a1-8fcf-00b6978466c9	16db46a2-7e93-4842-94f5-46c4fed34806.rna_seq.augmented_star_gene_counts.tsv	7c3e87795358667a626e03b83d7a55ac	4236146	Data Release 46.0 - August 10, 2026	2026-09-11	released	5d8c131bbff59fb0c969217fc1d44e6d1503cd1f	2021-12-13T18:00:34.217422-06:00	2024-07-30T11:30:13.319888-05:00	TRUE	4236146	2026-08-19	7c3e87795358667a626e03b83d7a55ac	TRUE	36471108	TRUE		TRUE	not applicable
TCGA-KIRP	subtype	TCGA-IZ-8195	TCGA-IZ-8195-01A	Primary Tumor	69436444-28b6-41b3-bf49-ae65146b0071	93028cc0-f240-4305-ad18-babfe83bf0e8.rna_seq.augmented_star_gene_counts.tsv	fd7c0b3162b181c6e129a67abf47d5b6	4216267	Data Release 46.0 - August 10, 2026	2026-09-11	released	5d8c131bbff59fb0c969217fc1d44e6d1503cd1f	2021-12-13T18:07:57.691804-06:00	2024-07-30T11:28:17.062980-05:00	TRUE	4216267	2026-08-19	fd7c0b3162b181c6e129a67abf47d5b6	TRUE	45236205	TRUE		TRUE	not applicable
TCGA-KIRP	subtype	TCGA-IZ-8196	TCGA-IZ-8196-01A	Primary Tumor	b18c2e62-fe1f-4255-91a1-9887b14a3297	b88e27b6-8275-48a6-9288-575da556599a.rna_seq.augmented_star_gene_counts.tsv	ae896e23801285b7c76917b2ae083dfb	4234216	Data Release 46.0 - August 10, 2026	2026-09-11	released	5d8c131bbff59fb0c969217fc1d44e6d1503cd1f	2021-12-13T17:50:49.147411-06:00	2024-07-30T11:31:27.029165-05:00	TRUE	4234216	2026-08-19	ae896e23801285b7c76917b2ae083dfb	TRUE	41557603	TRUE		TRUE	not applicable
TCGA-KIRP	subtype	TCGA-IZ-A6M8	TCGA-IZ-A6M8-01A	Primary Tumor	9c1bb02c-d426-4f22-bb6a-135d338d3f6d	9007bcff-ae42-4df1-ae6c-3f78085cd7f1.rna_seq.augmented_star_gene_counts.tsv	38b0f31da45ce4a0ef684de5a5622636	4223175	Data Release 46.0 - August 10, 2026	2026-09-11	released	5d8c131bbff59fb0c969217fc1d44e6d1503cd1f	2021-12-13T17:52:56.089802-06:00	2024-07-30T11:24:49.431985-05:00	TRUE	4223175	2026-08-19	38b0f31da45ce4a0ef684de5a5622636	TRUE	49319633	TRUE		TRUE	not applicable
TCGA-KIRP	subtype	TCGA-IZ-A6M9	TCGA-IZ-A6M9-01A	Primary Tumor	33932214-f1ab-44ce-933c-f07753df838c	1266a7f7-952a-4d0a-bf61-c65deb394009.rna_seq.augmented_star_gene_counts.tsv	d4305bef9781a306e0aa45deb785e736	4234910	Data Release 46.0 - August 10, 2026	2026-09-11	released	5d8c131bbff59fb0c969217fc1d44e6d1503cd1f	2021-12-13T18:02:06.673259-06:00	2024-07-30T11:20:19.915843-05:00	TRUE	4234910	2026-08-19	d4305bef9781a306e0aa45deb785e736	TRUE	45403247	TRUE		TRUE	not applicable
TCGA-KIRP	subtype	TCGA-J7-6720	TCGA-J7-6720-01A	Primary Tumor	8c168e60-209e-4cd5-a5fd-b0cebe2761cc	df926078-0220-4916-8387-56b0e6f87895.rna_seq.augmented_star_gene_counts.tsv	54b0a5a106b90dc4588327831aa506d1	4234991	Data Release 46.0 - August 10, 2026	2026-09-11	released	5d8c131bbff59fb0c969217fc1d44e6d1503cd1f	2021-12-13T17:52:00.554680-06:00	2024-07-30T11:31:39.629976-05:00	TRUE	4234991	2026-08-19	54b0a5a106b90dc4588327831aa506d1	TRUE	52072798	TRUE		TRUE	not applicable
TCGA-KIRP	subtype	TCGA-J7-8537	TCGA-J7-8537-01A	Primary Tumor	36b3d5c0-41f0-463c-b7a6-eddf2777e627	fa6ab323-bde2-4c1a-b188-449cf2c8a457.rna_seq.augmented_star_gene_counts.tsv	b7d24e9ad24bd853666d35cd7d85220a	4238606	Data Release 46.0 - August 10, 2026	2026-09-11	released	5d8c131bbff59fb0c969217fc1d44e6d1503cd1f	2021-12-13T18:07:31.186749-06:00	2024-07-30T11:21:48.871461-05:00	TRUE	4238606	2026-08-19	b7d24e9ad24bd853666d35cd7d85220a	TRUE	51415414	TRUE		TRUE	not applicable
TCGA-KIRP	subtype	TCGA-J7-A8I2	TCGA-J7-A8I2-01A	Primary Tumor	6ccd481f-ca18-45e3-99f3-c341ac358eb8	c44fe389-8b3d-40c5-bfbe-e940a0567e5c.rna_seq.augmented_star_gene_counts.tsv	bae1a66402d08da579938c21e301563c	4215573	Data Release 46.0 - August 10, 2026	2026-09-11	released	5d8c131bbff59fb0c969217fc1d44e6d1503cd1f	2021-12-13T17:57:16.262463-06:00	2024-07-30T11:27:45.933572-05:00	TRUE	4215573	2026-08-19	bae1a66402d08da579938c21e301563c	TRUE	43284905	TRUE		TRUE	not applicable
TCGA-KIRP	subtype	TCGA-KV-A6GD	TCGA-KV-A6GD-01A	Primary Tumor	13dd0325-f024-4e09-9f05-b3b04510395e	8a09b166-e5ab-447c-9c6e-2330b186ea6a.rna_seq.augmented_star_gene_counts.tsv	5bfbfe191379f3b48d7e1541b4fdcb52	4237832	Data Release 46.0 - August 10, 2026	2026-09-11	released	5d8c131bbff59fb0c969217fc1d44e6d1503cd1f	2021-12-13T17:57:26.757841-06:00	2024-07-30T11:27:05.441112-05:00	TRUE	4237832	2026-08-19	5bfbfe191379f3b48d7e1541b4fdcb52	TRUE	47628974	TRUE		TRUE	not applicable
TCGA-KIRP	subtype	TCGA-KV-A6GE	TCGA-KV-A6GE-01A	Primary Tumor	ff05071c-633c-4f12-b153-dbc5ae520ddd	f2ead4ac-cb05-445a-b582-05f4ecd3c5f4.rna_seq.augmented_star_gene_counts.tsv	c8952a86853208a3e4dbfa82e5081b5e	4238195	Data Release 46.0 - August 10, 2026	2026-09-11	released	5d8c131bbff59fb0c969217fc1d44e6d1503cd1f	2021-12-13T18:04:33.083232-06:00	2024-07-30T09:17:44.145895-05:00	TRUE	4238195	2026-08-19	c8952a86853208a3e4dbfa82e5081b5e	TRUE	53355009	TRUE		TRUE	not applicable
TCGA-KIRP	subtype	TCGA-KV-A74V	TCGA-KV-A74V-01A	Primary Tumor	26431443-bd82-4e6b-b4e0-80090ad7e14b	65eac442-936f-47e2-987b-a9a40b3d33fa.rna_seq.augmented_star_gene_counts.tsv	c312aa7561d06951dc9f1583282da3ad	4237387	Data Release 46.0 - August 10, 2026	2026-09-11	released	5d8c131bbff59fb0c969217fc1d44e6d1503cd1f	2021-12-13T18:06:05.283731-06:00	2024-07-30T11:26:06.117503-05:00	TRUE	4237387	2026-08-19	c312aa7561d06951dc9f1583282da3ad	TRUE	52283324	TRUE		TRUE	not applicable
TCGA-KIRP	subtype	TCGA-MH-A55W	TCGA-MH-A55W-01A	Primary Tumor	641feddc-dfbc-4102-b64c-e2e284c85b6e	a02766de-d19a-40e0-8858-3fb2ceb61848.rna_seq.augmented_star_gene_counts.tsv	a8adba3e69917f602c7a11859e612151	4216634	Data Release 46.0 - August 10, 2026	2026-09-11	released	5d8c131bbff59fb0c969217fc1d44e6d1503cd1f	2021-12-13T18:04:38.889409-06:00	2024-07-30T11:19:04.445143-05:00	TRUE	4216634	2026-08-19	a8adba3e69917f602c7a11859e612151	TRUE	23238410	TRUE		TRUE	not applicable
TCGA-KIRP	subtype	TCGA-MH-A55Z	TCGA-MH-A55Z-01A	Primary Tumor	e327eb0b-224f-473d-b6d8-b5a435a4669d	dfcad260-9990-47a1-afd6-7929c22e7e3d.rna_seq.augmented_star_gene_counts.tsv	587a488afb9b574587ce7d869075406e	4228393	Data Release 46.0 - August 10, 2026	2026-09-11	released	5d8c131bbff59fb0c969217fc1d44e6d1503cd1f	2021-12-13T17:54:17.758720-06:00	2024-07-30T11:30:37.211740-05:00	TRUE	4228393	2026-08-19	587a488afb9b574587ce7d869075406e	TRUE	40080209	TRUE		TRUE	not applicable
TCGA-KIRP	subtype	TCGA-MH-A560	TCGA-MH-A560-01A	Primary Tumor	37a10ee4-94f4-411d-b790-8e2871d790ae	5762160c-cce5-4294-ba8d-731b8f67dc53.rna_seq.augmented_star_gene_counts.tsv	1a6b09993b11a7d495a935b5f31cdeb7	4211486	Data Release 46.0 - August 10, 2026	2026-09-11	released	5d8c131bbff59fb0c969217fc1d44e6d1503cd1f	2021-12-13T18:01:06.185455-06:00	2024-07-30T11:27:09.255079-05:00	TRUE	4211486	2026-08-19	1a6b09993b11a7d495a935b5f31cdeb7	TRUE	42049176	TRUE		TRUE	not applicable
TCGA-KIRP	subtype	TCGA-MH-A561	TCGA-MH-A561-01A	Primary Tumor	fb394f0a-8909-49b9-8474-f5369785b8a7	fb17a2f3-8918-4feb-a9a1-ed3c9644dfed.rna_seq.augmented_star_gene_counts.tsv	8cb265e17d130a506db5a5157fb087be	4236658	Data Release 46.0 - August 10, 2026	2026-09-11	released	5d8c131bbff59fb0c969217fc1d44e6d1503cd1f	2021-12-13T17:54:02.116851-06:00	2024-07-30T09:17:48.865668-05:00	TRUE	4236658	2026-08-19	8cb265e17d130a506db5a5157fb087be	TRUE	45874646	TRUE		TRUE	not applicable
TCGA-KIRP	subtype	TCGA-MH-A562	TCGA-MH-A562-01A	Primary Tumor	08dbb735-a59f-4fa3-acb6-1cb93882a6da	3a770603-105c-45ef-9b26-49918dd7bc8e.rna_seq.augmented_star_gene_counts.tsv	57a8b1e367410917f3f98d948884fad7	4225343	Data Release 46.0 - August 10, 2026	2026-09-11	released	5d8c131bbff59fb0c969217fc1d44e6d1503cd1f	2021-12-13T18:00:56.267989-06:00	2024-07-30T11:21:16.406250-05:00	TRUE	4225343	2026-08-19	57a8b1e367410917f3f98d948884fad7	TRUE	37104637	TRUE		TRUE	not applicable
TCGA-KIRP	subtype	TCGA-MH-A854	TCGA-MH-A854-01A	Primary Tumor	c848939a-c85f-4e54-aa87-cddbe65caf5f	0bec06ba-8bc9-45de-bab8-0cae5452aad7.rna_seq.augmented_star_gene_counts.tsv	898cbcb000f96baf654f04c1f06c5614	4223435	Data Release 46.0 - August 10, 2026	2026-09-11	released	5d8c131bbff59fb0c969217fc1d44e6d1503cd1f	2021-12-13T18:00:49.006855-06:00	2024-07-30T11:30:03.407131-05:00	TRUE	4223435	2026-08-19	898cbcb000f96baf654f04c1f06c5614	TRUE	33258435	TRUE		TRUE	not applicable
TCGA-KIRP	subtype	TCGA-MH-A855	TCGA-MH-A855-01A	Primary Tumor	7db46624-6d07-4f49-b0ff-18bb41375de9	b1f7af2a-a39b-44c7-a077-e1df6b18268a.rna_seq.augmented_star_gene_counts.tsv	82efe74a8659e27431b3a6c2970b9dcb	4236752	Data Release 46.0 - August 10, 2026	2026-09-11	released	5d8c131bbff59fb0c969217fc1d44e6d1503cd1f	2021-12-13T18:06:26.557521-06:00	2024-07-30T11:27:27.228562-05:00	TRUE	4236752	2026-08-19	82efe74a8659e27431b3a6c2970b9dcb	TRUE	57779831	TRUE		TRUE	not applicable
TCGA-KIRP	subtype	TCGA-MH-A856	TCGA-MH-A856-01A	Primary Tumor	3c2cba22-2cec-4d69-b1fb-8d8c071c33ae	4507ebe5-e15a-46eb-bd0d-49f8220d8975.rna_seq.augmented_star_gene_counts.tsv	d892d1348a8a71c65ebbc647882e80bd	4227443	Data Release 46.0 - August 10, 2026	2026-09-11	released	5d8c131bbff59fb0c969217fc1d44e6d1503cd1f	2021-12-13T17:51:51.063217-06:00	2024-07-30T11:20:29.777760-05:00	TRUE	4227443	2026-08-19	d892d1348a8a71c65ebbc647882e80bd	TRUE	31518622	TRUE		TRUE	not applicable
TCGA-KIRP	subtype	TCGA-MH-A857	TCGA-MH-A857-01A	Primary Tumor	5ea4d90b-cdc6-4996-9f7a-2ab701846de4	572fe505-c7fd-47fb-ac0c-2e2195ad8336.rna_seq.augmented_star_gene_counts.tsv	fde726c3273e7e53ff1cb0fe4598d4d0	4233009	Data Release 46.0 - August 10, 2026	2026-09-11	released	5d8c131bbff59fb0c969217fc1d44e6d1503cd1f	2021-12-13T17:51:15.511490-06:00	2024-07-30T11:24:07.706966-05:00	TRUE	4233009	2026-08-19	fde726c3273e7e53ff1cb0fe4598d4d0	TRUE	50952395	TRUE		TRUE	not applicable
TCGA-KIRP	subtype	TCGA-O9-A75Z	TCGA-O9-A75Z-01A	Primary Tumor	7f752d80-9c8e-48b8-bcf5-293cd596d167	56febc78-023e-4f45-8b7e-67a12f96c6c4.rna_seq.augmented_star_gene_counts.tsv	ca3227873eb0f5d5538e502aeecfead9	4241518	Data Release 46.0 - August 10, 2026	2026-09-11	released	5d8c131bbff59fb0c969217fc1d44e6d1503cd1f	2021-12-13T17:51:30.108428-06:00	2024-07-30T11:28:30.680715-05:00	TRUE	4241518	2026-08-19	ca3227873eb0f5d5538e502aeecfead9	TRUE	50333447	TRUE		TRUE	not applicable
TCGA-KIRP	subtype	TCGA-P4-A5E6	TCGA-P4-A5E6-01A	Primary Tumor	25e923e1-24ce-44a9-934c-20df73d33686	acfb6bc0-2972-48f8-9926-5a5ef46e8d86.rna_seq.augmented_star_gene_counts.tsv	7d9634f48654e3a41c5d1e192a6180e6	4229913	Data Release 46.0 - August 10, 2026	2026-09-11	released	5d8c131bbff59fb0c969217fc1d44e6d1503cd1f	2021-12-13T18:01:37.944609-06:00	2024-07-30T11:31:45.071041-05:00	TRUE	4229913	2026-08-19	7d9634f48654e3a41c5d1e192a6180e6	TRUE	47593390	TRUE		TRUE	not applicable
TCGA-KIRP	subtype	TCGA-P4-A5E7	TCGA-P4-A5E7-01A	Primary Tumor	55f39f1a-499d-4e6d-9667-4229831d743e	51c7f64d-8c61-4a39-aae3-bb7f9aedf95b.rna_seq.augmented_star_gene_counts.tsv	5688076240f06bfb2c78fd414aad2dd5	4243307	Data Release 46.0 - August 10, 2026	2026-09-11	released	5d8c131bbff59fb0c969217fc1d44e6d1503cd1f	2021-12-13T17:49:01.226216-06:00	2024-07-30T11:28:38.153551-05:00	TRUE	4243307	2026-08-19	5688076240f06bfb2c78fd414aad2dd5	TRUE	50126669	TRUE		TRUE	not applicable
TCGA-KIRP	subtype	TCGA-P4-A5E8	TCGA-P4-A5E8-01A	Primary Tumor	e11ca045-0b8e-4631-ab61-afbe9738cde0	7a5f90d5-d9b3-4ddd-b182-24c4574b40ce.rna_seq.augmented_star_gene_counts.tsv	da2f8498bf5a761d7bf5cf208a2fd80e	4220698	Data Release 46.0 - August 10, 2026	2026-09-11	released	5d8c131bbff59fb0c969217fc1d44e6d1503cd1f	2021-12-13T17:53:34.278466-06:00	2024-07-30T11:24:10.269961-05:00	TRUE	4220698	2026-08-19	da2f8498bf5a761d7bf5cf208a2fd80e	TRUE	30588527	TRUE		TRUE	not applicable
TCGA-KIRP	subtype	TCGA-P4-A5EA	TCGA-P4-A5EA-01A	Primary Tumor	34da9d95-5730-4a03-8bd3-27c21bfb6130	6bdcf6a5-b644-41b9-893c-0e5df97b422d.rna_seq.augmented_star_gene_counts.tsv	4892e77d9354963f971ca7ffd1b4a0fa	4227251	Data Release 46.0 - August 10, 2026	2026-09-11	released	5d8c131bbff59fb0c969217fc1d44e6d1503cd1f	2021-12-13T18:06:15.507022-06:00	2024-07-30T11:31:23.266648-05:00	TRUE	4227251	2026-08-19	4892e77d9354963f971ca7ffd1b4a0fa	TRUE	40633820	TRUE		TRUE	not applicable
TCGA-KIRP	subtype	TCGA-P4-A5EB	TCGA-P4-A5EB-01A	Primary Tumor	cb25f89f-dbdb-471b-9b3c-2d8cfdeaf789	9df9578b-ec5f-45f1-8c3e-2321340179aa.rna_seq.augmented_star_gene_counts.tsv	95524aafe0b45392fc4280eb421778ef	4234409	Data Release 46.0 - August 10, 2026	2026-09-11	released	5d8c131bbff59fb0c969217fc1d44e6d1503cd1f	2021-12-13T17:57:56.216741-06:00	2024-07-30T11:26:42.843601-05:00	TRUE	4234409	2026-08-19	95524aafe0b45392fc4280eb421778ef	TRUE	53943350	TRUE		TRUE	not applicable
TCGA-KIRP	subtype	TCGA-P4-A5ED	TCGA-P4-A5ED-01A	Primary Tumor	8fc38950-4501-467a-9c0d-82fe974fd998	273ab13f-72d1-4558-a296-dd60bc20938d.rna_seq.augmented_star_gene_counts.tsv	14ca926b145e959d4849c31ad46c47fe	4230247	Data Release 46.0 - August 10, 2026	2026-09-11	released	5d8c131bbff59fb0c969217fc1d44e6d1503cd1f	2021-12-13T17:55:43.275908-06:00	2024-07-30T11:27:43.346735-05:00	TRUE	4230247	2026-08-19	14ca926b145e959d4849c31ad46c47fe	TRUE	43899274	TRUE		TRUE	not applicable
TCGA-KIRP	subtype	TCGA-P4-AAVK	TCGA-P4-AAVK-01A	Primary Tumor	e2d69625-1c8e-478b-afd8-e776a591ee15	20517c89-044b-48c0-996c-163dbac6aadc.rna_seq.augmented_star_gene_counts.tsv	7e5d5d7947f159b08486c523eb4f3afe	4234136	Data Release 46.0 - August 10, 2026	2026-09-11	released	5d8c131bbff59fb0c969217fc1d44e6d1503cd1f	2021-12-13T17:50:32.532750-06:00	2024-07-30T11:21:24.961549-05:00	TRUE	4234136	2026-08-19	7e5d5d7947f159b08486c523eb4f3afe	TRUE	59082280	TRUE		TRUE	not applicable
TCGA-KIRP	subtype	TCGA-P4-AAVL	TCGA-P4-AAVL-01A	Primary Tumor	8d0eebe4-bfb1-4d7f-bc6a-415b7b7adb6e	a40aa5eb-c937-4bf8-a77e-e0a7facf7b9b.rna_seq.augmented_star_gene_counts.tsv	609a0491dcde1beb17f770ae4626f227	4223618	Data Release 46.0 - August 10, 2026	2026-09-11	released	5d8c131bbff59fb0c969217fc1d44e6d1503cd1f	2021-12-13T18:00:02.310801-06:00	2024-07-30T11:23:45.571008-05:00	TRUE	4223618	2026-08-19	609a0491dcde1beb17f770ae4626f227	TRUE	28278492	TRUE		TRUE	not applicable
TCGA-KIRP	subtype	TCGA-P4-AAVM	TCGA-P4-AAVM-01A	Primary Tumor	a61cad78-3716-484f-ba93-0707821cbc79	4d2bb141-a0b7-4ced-8ee2-07823d2874a7.rna_seq.augmented_star_gene_counts.tsv	0346d61b567d93f8b1832c74ae27809b	4201585	Data Release 46.0 - August 10, 2026	2026-09-11	released	5d8c131bbff59fb0c969217fc1d44e6d1503cd1f	2021-12-13T18:00:38.173279-06:00	2024-07-30T11:27:52.326327-05:00	TRUE	4201585	2026-08-19	0346d61b567d93f8b1832c74ae27809b	TRUE	27416089	TRUE		TRUE	not applicable
TCGA-KIRP	subtype	TCGA-P4-AAVO	TCGA-P4-AAVO-01A	Primary Tumor	a8d2c087-ab97-42e3-bcb4-9135c23765f0	3c00a8d9-3b61-4176-9794-1d8979b7d935.rna_seq.augmented_star_gene_counts.tsv	6d11dcaee3a8c194e62a6aa4b007ba60	4205357	Data Release 46.0 - August 10, 2026	2026-09-11	released	5d8c131bbff59fb0c969217fc1d44e6d1503cd1f	2021-12-13T18:00:05.070930-06:00	2024-07-30T11:24:44.616852-05:00	TRUE	4205357	2026-08-19	6d11dcaee3a8c194e62a6aa4b007ba60	TRUE	30569674	TRUE		TRUE	not applicable
TCGA-KIRP	subtype	TCGA-PJ-A5Z8	TCGA-PJ-A5Z8-01A	Primary Tumor	14cc8f1d-b851-447d-86b8-5f3161959bea	912b3c23-2376-47e0-b4af-789313f6fc66.rna_seq.augmented_star_gene_counts.tsv	4eca7ccc3052b79b8fe82e6018310a23	4249622	Data Release 46.0 - August 10, 2026	2026-09-11	released	5d8c131bbff59fb0c969217fc1d44e6d1503cd1f	2021-12-13T17:50:59.880782-06:00	2024-07-30T11:29:22.893794-05:00	TRUE	4249622	2026-08-19	4eca7ccc3052b79b8fe82e6018310a23	TRUE	64887626	TRUE		TRUE	not applicable
TCGA-KIRP	subtype	TCGA-PJ-A5Z9	TCGA-PJ-A5Z9-01A	Primary Tumor	986a8890-65eb-4fc6-bd57-c137d63567b4	0a47c453-b617-4cc1-9ce6-5c403e430d9b.rna_seq.augmented_star_gene_counts.tsv	1b236b2c7c9e88feb1b7af33ae074452	4223068	Data Release 46.0 - August 10, 2026	2026-09-11	released	5d8c131bbff59fb0c969217fc1d44e6d1503cd1f	2021-12-13T18:03:53.345879-06:00	2024-07-30T11:21:13.905664-05:00	TRUE	4223068	2026-08-19	1b236b2c7c9e88feb1b7af33ae074452	TRUE	30407715	TRUE		TRUE	not applicable
TCGA-KIRP	subtype	TCGA-Q2-A5QZ	TCGA-Q2-A5QZ-01A	Primary Tumor	4f284142-9418-4dac-a237-e36576403b7d	ef8ab2a3-cc2d-4658-b8fd-394b26c6da0d.rna_seq.augmented_star_gene_counts.tsv	29902219caa7f7f77765f5b6dd8a4d54	4218421	Data Release 46.0 - August 10, 2026	2026-09-11	released	5d8c131bbff59fb0c969217fc1d44e6d1503cd1f	2021-12-13T18:00:22.007045-06:00	2024-07-30T11:23:18.217870-05:00	TRUE	4218421	2026-08-19	29902219caa7f7f77765f5b6dd8a4d54	TRUE	42208459	TRUE		TRUE	not applicable
TCGA-KIRP	subtype	TCGA-SX-A71R	TCGA-SX-A71R-01A	Primary Tumor	bed78f69-8e9b-465d-9ae8-1a55eae70e33	7e3744cb-135a-4e08-8fc2-f5407a5e31c0.rna_seq.augmented_star_gene_counts.tsv	635b507951ad1b5649a23a002a4f6f9c	4235101	Data Release 46.0 - August 10, 2026	2026-09-11	released	5d8c131bbff59fb0c969217fc1d44e6d1503cd1f	2021-12-13T18:06:30.665882-06:00	2024-07-30T11:31:11.749443-05:00	TRUE	4235101	2026-08-19	635b507951ad1b5649a23a002a4f6f9c	TRUE	42368721	TRUE		TRUE	not applicable
TCGA-KIRP	subtype	TCGA-SX-A71S	TCGA-SX-A71S-01A	Primary Tumor	5730a95f-ed26-4638-b262-7de00c374ffb	688a7b3e-3275-416c-aa73-85c7de6f4af2.rna_seq.augmented_star_gene_counts.tsv	66c3dab72bbe2f7f96bd65333c33d430	4246867	Data Release 46.0 - August 10, 2026	2026-09-11	released	5d8c131bbff59fb0c969217fc1d44e6d1503cd1f	2021-12-13T17:58:10.029645-06:00	2024-07-30T11:19:20.269112-05:00	TRUE	4246867	2026-08-19	66c3dab72bbe2f7f96bd65333c33d430	TRUE	50350781	TRUE		TRUE	not applicable
TCGA-KIRP	subtype	TCGA-SX-A71U	TCGA-SX-A71U-01A	Primary Tumor	ab5a2794-004e-4be9-a72e-d4852413d843	57d49732-3501-439d-afc5-d4d0c958d64e.rna_seq.augmented_star_gene_counts.tsv	88ef13077a79a2a0bd24463103b78ffd	4238082	Data Release 46.0 - August 10, 2026	2026-09-11	released	5d8c131bbff59fb0c969217fc1d44e6d1503cd1f	2021-12-13T17:59:20.069671-06:00	2024-07-30T11:29:00.086371-05:00	TRUE	4238082	2026-08-19	88ef13077a79a2a0bd24463103b78ffd	TRUE	41504132	TRUE		TRUE	not applicable
TCGA-KIRP	subtype	TCGA-SX-A71V	TCGA-SX-A71V-01A	Primary Tumor	71f89df3-dd3c-422a-9074-55c4f1da9d68	4cfdbd36-72ce-4c3e-966b-34f351ef4421.rna_seq.augmented_star_gene_counts.tsv	e7bcbcef627bf97dbfc8f7789d0006d1	4237768	Data Release 46.0 - August 10, 2026	2026-09-11	released	5d8c131bbff59fb0c969217fc1d44e6d1503cd1f	2021-12-13T17:49:26.495823-06:00	2024-07-30T11:21:22.587940-05:00	TRUE	4237768	2026-08-19	e7bcbcef627bf97dbfc8f7789d0006d1	TRUE	52565726	TRUE		TRUE	not applicable
TCGA-KIRP	subtype	TCGA-SX-A71W	TCGA-SX-A71W-01A	Primary Tumor	ec47bf8b-d7b3-49e3-af9f-64757da2a3c0	c6b97d40-cccd-4dad-b712-a21873031aaa.rna_seq.augmented_star_gene_counts.tsv	5cf5793c3617f41986030f2dd7699f9c	4246198	Data Release 46.0 - August 10, 2026	2026-09-11	released	5d8c131bbff59fb0c969217fc1d44e6d1503cd1f	2021-12-13T17:53:04.031368-06:00	2024-07-30T11:25:08.334203-05:00	TRUE	4246198	2026-08-19	5cf5793c3617f41986030f2dd7699f9c	TRUE	60667884	TRUE		FALSE	not applicable
TCGA-KIRP	subtype	TCGA-SX-A7SL	TCGA-SX-A7SL-01A	Primary Tumor	3c08ac0b-4b60-4cc2-b16f-5655462aacfa	2d1a79f0-f00a-46a3-922d-cb77251d4467.rna_seq.augmented_star_gene_counts.tsv	30bd06bf9ee01d8241be1a8cf4dc6db2	4220651	Data Release 46.0 - August 10, 2026	2026-09-11	released	5d8c131bbff59fb0c969217fc1d44e6d1503cd1f	2021-12-13T18:07:55.371195-06:00	2024-07-30T11:31:38.358323-05:00	TRUE	4220651	2026-08-19	30bd06bf9ee01d8241be1a8cf4dc6db2	TRUE	35067303	TRUE		TRUE	not applicable
TCGA-KIRP	subtype	TCGA-SX-A7SM	TCGA-SX-A7SM-01A	Primary Tumor	aa1412b1-79ce-4f51-adab-58c66451ee6f	a57a7caf-1bd4-4fa6-b4e0-2a6d01a8556c.rna_seq.augmented_star_gene_counts.tsv	6f0e81add86b25ef7fc59ff4af10f47d	4226799	Data Release 46.0 - August 10, 2026	2026-09-11	released	5d8c131bbff59fb0c969217fc1d44e6d1503cd1f	2021-12-13T18:07:27.683640-06:00	2024-07-30T11:22:28.303182-05:00	TRUE	4226799	2026-08-19	6f0e81add86b25ef7fc59ff4af10f47d	TRUE	42840587	TRUE		TRUE	not applicable
TCGA-KIRP	subtype	TCGA-SX-A7SN	TCGA-SX-A7SN-01A	Primary Tumor	86c7d3f7-e12b-44de-a1ff-22ec446f2cdb	2d050c57-46a9-4e05-8818-f71a6020b278.rna_seq.augmented_star_gene_counts.tsv	09d5e880f9b2ae1241a97215d084ad95	4229947	Data Release 46.0 - August 10, 2026	2026-09-11	released	5d8c131bbff59fb0c969217fc1d44e6d1503cd1f	2021-12-13T17:56:51.269567-06:00	2024-07-30T11:27:07.971607-05:00	TRUE	4229947	2026-08-19	09d5e880f9b2ae1241a97215d084ad95	TRUE	35605899	TRUE		TRUE	not applicable
TCGA-KIRP	subtype	TCGA-SX-A7SO	TCGA-SX-A7SO-01A	Primary Tumor	3d32f846-0f92-43f9-8ae7-e0e03000e2f2	f0146da2-6dbd-4f0d-8056-5a40d0fb7495.rna_seq.augmented_star_gene_counts.tsv	a8744eb397e5d8ce6120f7f2b1d8d511	4234984	Data Release 46.0 - August 10, 2026	2026-09-11	released	5d8c131bbff59fb0c969217fc1d44e6d1503cd1f	2021-12-13T17:56:07.772202-06:00	2024-07-30T11:30:19.279818-05:00	TRUE	4234984	2026-08-19	a8744eb397e5d8ce6120f7f2b1d8d511	TRUE	55064139	TRUE		TRUE	not applicable
TCGA-KIRP	subtype	TCGA-SX-A7SP	TCGA-SX-A7SP-01A	Primary Tumor	6639be4a-2848-4775-afb7-f833d9b97fec	7579fa99-00d1-4eae-ba00-dc075b7e914d.rna_seq.augmented_star_gene_counts.tsv	c57538d35ef9d80dce83b14cd7eda2eb	4241566	Data Release 46.0 - August 10, 2026	2026-09-11	released	5d8c131bbff59fb0c969217fc1d44e6d1503cd1f	2021-12-13T17:50:10.786854-06:00	2024-07-30T11:23:21.003660-05:00	TRUE	4241566	2026-08-19	c57538d35ef9d80dce83b14cd7eda2eb	TRUE	55887680	TRUE		TRUE	not applicable
TCGA-KIRP	subtype	TCGA-SX-A7SQ	TCGA-SX-A7SQ-01A	Primary Tumor	fb506e86-b1b1-4118-b07a-2e9f67597144	c1b56c49-0daa-4d12-a2ef-db2c6f6e12c6.rna_seq.augmented_star_gene_counts.tsv	5aea66dea32ca9ff4e70c3f558c8388a	4237771	Data Release 46.0 - August 10, 2026	2026-09-11	released	5d8c131bbff59fb0c969217fc1d44e6d1503cd1f	2021-12-13T17:54:49.985771-06:00	2024-07-30T11:20:03.981743-05:00	TRUE	4237771	2026-08-19	5aea66dea32ca9ff4e70c3f558c8388a	TRUE	49913462	TRUE		TRUE	not applicable
TCGA-KIRP	subtype	TCGA-SX-A7SR	TCGA-SX-A7SR-01A	Primary Tumor	b3fa89d0-11c7-492c-87f4-70f72b7bf9fa	19adeada-7103-44e1-8326-7b7f4eae79b6.rna_seq.augmented_star_gene_counts.tsv	1eaba1fa280c9acfabd6153a507c56f2	4235167	Data Release 46.0 - August 10, 2026	2026-09-11	released	5d8c131bbff59fb0c969217fc1d44e6d1503cd1f	2021-12-13T18:06:46.807762-06:00	2024-07-30T11:27:49.858796-05:00	TRUE	4235167	2026-08-19	1eaba1fa280c9acfabd6153a507c56f2	TRUE	40820689	TRUE		TRUE	not applicable
TCGA-KIRP	subtype	TCGA-SX-A7SS	TCGA-SX-A7SS-01A	Primary Tumor	45008b79-fdba-4846-88e2-b588416f51f2	16ffcf18-691e-4523-a245-82aa10f2062a.rna_seq.augmented_star_gene_counts.tsv	06167dc2916fa116c48a54a094b79a70	4221039	Data Release 46.0 - August 10, 2026	2026-09-11	released	5d8c131bbff59fb0c969217fc1d44e6d1503cd1f	2021-12-13T18:06:45.225397-06:00	2024-07-30T11:29:26.697787-05:00	TRUE	4221039	2026-08-19	06167dc2916fa116c48a54a094b79a70	TRUE	40567570	TRUE		TRUE	not applicable
TCGA-KIRP	subtype	TCGA-SX-A7SU	TCGA-SX-A7SU-01A	Primary Tumor	e431f3b6-081b-4dac-85dd-e4228a8a631f	72973a8d-f6c0-4975-b6c1-abdda91a4416.rna_seq.augmented_star_gene_counts.tsv	c780349e189dbdf926858d15ae877101	4238359	Data Release 46.0 - August 10, 2026	2026-09-11	released	5d8c131bbff59fb0c969217fc1d44e6d1503cd1f	2021-12-13T18:00:41.144371-06:00	2024-07-30T11:20:48.319441-05:00	TRUE	4238359	2026-08-19	c780349e189dbdf926858d15ae877101	TRUE	38646632	TRUE		TRUE	not applicable
TCGA-KIRP	subtype	TCGA-UN-AAZ9	TCGA-UN-AAZ9-01A	Primary Tumor	0bd6c26a-892c-40c7-8094-c323fd589e32	01f1cd8f-90da-4f54-9efe-a4ea78a037b7.rna_seq.augmented_star_gene_counts.tsv	c844b262dd51dbc4460b4643408b831d	4244504	Data Release 46.0 - August 10, 2026	2026-09-11	released	5d8c131bbff59fb0c969217fc1d44e6d1503cd1f	2021-12-13T18:06:57.787830-06:00	2024-07-30T11:25:31.863993-05:00	TRUE	4244504	2026-08-19	c844b262dd51dbc4460b4643408b831d	TRUE	62623568	TRUE		TRUE	not applicable
TCGA-KIRP	subtype	TCGA-UZ-A9PK	TCGA-UZ-A9PK-01A	Primary Tumor	4ea31cd1-630a-44e7-9889-95c9431aa19d	91df3235-8661-4b27-9bef-14f34aa398d6.rna_seq.augmented_star_gene_counts.tsv	ff1ef78e0fbb12c81b339d5fe827bee4	4240531	Data Release 46.0 - August 10, 2026	2026-09-11	released	5d8c131bbff59fb0c969217fc1d44e6d1503cd1f	2021-12-13T17:48:35.710620-06:00	2024-07-30T11:23:42.158007-05:00	TRUE	4240531	2026-08-19	ff1ef78e0fbb12c81b339d5fe827bee4	TRUE	51910983	TRUE		TRUE	not applicable
TCGA-KIRP	subtype	TCGA-UZ-A9PN	TCGA-UZ-A9PN-01A	Primary Tumor	5d95b91c-7418-4203-a5d5-71532f8b8614	6a8347be-d501-4108-9e60-68fed5aaa798.rna_seq.augmented_star_gene_counts.tsv	af3a04d41474593ac1ea47f03ba0f0c0	4252018	Data Release 46.0 - August 10, 2026	2026-09-11	released	5d8c131bbff59fb0c969217fc1d44e6d1503cd1f	2021-12-13T17:52:46.881954-06:00	2024-07-30T11:26:03.699952-05:00	TRUE	4252018	2026-08-19	af3a04d41474593ac1ea47f03ba0f0c0	TRUE	53973003	TRUE		TRUE	not applicable
TCGA-KIRP	subtype	TCGA-UZ-A9PO	TCGA-UZ-A9PO-01A	Primary Tumor	224b8901-fe2c-47f3-8eb2-fed9e1ccf05b	abf0f556-60d7-4a12-8ce6-26d7eb8cdd81.rna_seq.augmented_star_gene_counts.tsv	2bfee7cb8a925273b4b2b5f2b40c4506	4223678	Data Release 46.0 - August 10, 2026	2026-09-11	released	5d8c131bbff59fb0c969217fc1d44e6d1503cd1f	2021-12-13T18:05:25.004765-06:00	2024-07-30T11:25:18.377751-05:00	TRUE	4223678	2026-08-19	2bfee7cb8a925273b4b2b5f2b40c4506	TRUE	44451333	TRUE		TRUE	not applicable
TCGA-KIRP	subtype	TCGA-UZ-A9PQ	TCGA-UZ-A9PQ-01A	Primary Tumor	efbf11c6-bf20-461c-bc71-6e9480eb475c	cc3ccb82-a9fd-4ad9-ba71-3857d6104871.rna_seq.augmented_star_gene_counts.tsv	5f6ef2ed575dadbcdc19c349e190e774	4240593	Data Release 46.0 - August 10, 2026	2026-09-11	released	5d8c131bbff59fb0c969217fc1d44e6d1503cd1f	2021-12-13T17:50:17.515096-06:00	2024-07-30T09:17:42.869939-05:00	TRUE	4240593	2026-08-19	5f6ef2ed575dadbcdc19c349e190e774	TRUE	55708576	TRUE		TRUE	not applicable
TCGA-KIRP	subtype	TCGA-UZ-A9PR	TCGA-UZ-A9PR-01A	Primary Tumor	4260af7f-b39c-4c4b-a330-44abf0dd7813	d247da4e-71e2-4f74-9fb6-cd0f873c3107.rna_seq.augmented_star_gene_counts.tsv	b6713ccea576d34e1343d76d60e80e82	4247073	Data Release 46.0 - August 10, 2026	2026-09-11	released	5d8c131bbff59fb0c969217fc1d44e6d1503cd1f	2021-12-13T18:00:06.347852-06:00	2024-07-30T11:21:28.600751-05:00	TRUE	4247073	2026-08-19	b6713ccea576d34e1343d76d60e80e82	TRUE	54674366	TRUE		TRUE	not applicable
TCGA-KIRP	subtype	TCGA-UZ-A9PS	TCGA-UZ-A9PS-01A	Primary Tumor	424274bb-999a-4791-b416-8b43152fdba2	4ca098a0-e27c-458d-8276-d65372fea8be.rna_seq.augmented_star_gene_counts.tsv	5770911d5362a289da59405cda8c1f56	4239655	Data Release 46.0 - August 10, 2026	2026-09-11	released	5d8c131bbff59fb0c969217fc1d44e6d1503cd1f	2021-12-13T17:56:42.411701-06:00	2024-07-30T11:21:07.793770-05:00	TRUE	4239655	2026-08-19	5770911d5362a289da59405cda8c1f56	TRUE	56500912	TRUE		TRUE	not applicable
TCGA-KIRP	subtype	TCGA-UZ-A9PX	TCGA-UZ-A9PX-01A	Primary Tumor	a1c0883a-b60a-45ce-86c3-8cb5f638f370	0181bca8-b347-4106-8084-a32f87253dc9.rna_seq.augmented_star_gene_counts.tsv	22fb4d7121cd3998b9015c15814fd3fa	4244645	Data Release 46.0 - August 10, 2026	2026-09-11	released	5d8c131bbff59fb0c969217fc1d44e6d1503cd1f	2021-12-13T17:57:03.981131-06:00	2024-07-30T11:27:44.639069-05:00	TRUE	4244645	2026-08-19	22fb4d7121cd3998b9015c15814fd3fa	TRUE	54391504	TRUE		TRUE	not applicable
TCGA-KIRP	subtype	TCGA-UZ-A9PZ	TCGA-UZ-A9PZ-01A	Primary Tumor	ea1eda77-09f3-4de9-8a9b-cf80fbea65de	c683441d-c5ea-4409-8c26-af272edf8032.rna_seq.augmented_star_gene_counts.tsv	7269463129ff796e165bb54afe4a1580	4227260	Data Release 46.0 - August 10, 2026	2026-09-11	released	5d8c131bbff59fb0c969217fc1d44e6d1503cd1f	2021-12-13T17:55:59.924598-06:00	2024-07-30T11:24:55.769512-05:00	TRUE	4227260	2026-08-19	7269463129ff796e165bb54afe4a1580	TRUE	33161184	TRUE		TRUE	not applicable
TCGA-KIRP	subtype	TCGA-V9-A7HT	TCGA-V9-A7HT-01A	Primary Tumor	718cb9f9-5ade-4c76-86d1-76d1f2fd5ac5	ae8bd02a-8f3a-4c7d-b780-decc3f50a676.rna_seq.augmented_star_gene_counts.tsv	f1a0f5861b978ca3856d634ecc71eeab	4241568	Data Release 46.0 - August 10, 2026	2026-09-11	released	5d8c131bbff59fb0c969217fc1d44e6d1503cd1f	2021-12-13T18:05:46.612476-06:00	2024-07-30T11:23:09.128782-05:00	TRUE	4241568	2026-08-19	f1a0f5861b978ca3856d634ecc71eeab	TRUE	46795620	TRUE		TRUE	not applicable
TCGA-KIRP	subtype	TCGA-Y8-A894	TCGA-Y8-A894-01A	Primary Tumor	a6ab131c-8c30-40b4-b114-19914cfba35b	f2408467-1945-4632-8397-4dc927673b6d.rna_seq.augmented_star_gene_counts.tsv	83cdaad5aac5e4e721b13a88a05608b6	4239238	Data Release 46.0 - August 10, 2026	2026-09-11	released	5d8c131bbff59fb0c969217fc1d44e6d1503cd1f	2021-12-13T17:55:09.296431-06:00	2024-07-30T11:29:39.171110-05:00	TRUE	4239238	2026-08-19	83cdaad5aac5e4e721b13a88a05608b6	TRUE	45691513	TRUE		TRUE	not applicable
TCGA-KIRP	subtype	TCGA-Y8-A895	TCGA-Y8-A895-01A	Primary Tumor	5118d0b7-e431-4cc2-be2b-3906bd52c872	6d63029a-3fac-4dcb-beb6-303a0b88a04b.rna_seq.augmented_star_gene_counts.tsv	ce0fa13cba75384f722a39e4db619cdd	4238507	Data Release 46.0 - August 10, 2026	2026-09-11	released	5d8c131bbff59fb0c969217fc1d44e6d1503cd1f	2021-12-13T18:05:58.496770-06:00	2024-07-30T11:22:38.113606-05:00	TRUE	4238507	2026-08-19	ce0fa13cba75384f722a39e4db619cdd	TRUE	47799043	TRUE		TRUE	not applicable
TCGA-KIRP	subtype	TCGA-Y8-A896	TCGA-Y8-A896-01A	Primary Tumor	d18fb4cd-b9a1-4b41-9945-6a5f85e49557	d2fbd6d0-30c3-4a7f-8aaf-3ed2dc28ca7f.rna_seq.augmented_star_gene_counts.tsv	5fddbb64c02ff21efc3317fd5cda51d5	4239737	Data Release 46.0 - August 10, 2026	2026-09-11	released	5d8c131bbff59fb0c969217fc1d44e6d1503cd1f	2021-12-13T17:54:16.415667-06:00	2024-07-30T11:20:39.668805-05:00	TRUE	4239737	2026-08-19	5fddbb64c02ff21efc3317fd5cda51d5	TRUE	45060716	TRUE		TRUE	not applicable
TCGA-KIRP	subtype	TCGA-Y8-A897	TCGA-Y8-A897-01A	Primary Tumor	3932c6ab-d9a3-4625-8910-f95a1ef5c80f	cfdabeff-7599-40e5-80e6-70289fa8ef17.rna_seq.augmented_star_gene_counts.tsv	41034a088a32daa39d66ce21a05d34c1	4238233	Data Release 46.0 - August 10, 2026	2026-09-11	released	5d8c131bbff59fb0c969217fc1d44e6d1503cd1f	2021-12-13T17:54:36.292719-06:00	2024-07-30T11:23:38.385605-05:00	TRUE	4238233	2026-08-19	41034a088a32daa39d66ce21a05d34c1	TRUE	45419041	TRUE		TRUE	not applicable
TCGA-KIRP	subtype	TCGA-Y8-A898	TCGA-Y8-A898-01A	Primary Tumor	e4e89cbb-0528-42dd-bcfc-bb03897535c0	905ff6d5-bdbd-40a7-8c6f-85f9cd3add5f.rna_seq.augmented_star_gene_counts.tsv	1a29acc0260b59ece3db031cf90bc655	4223170	Data Release 46.0 - August 10, 2026	2026-09-11	released	5d8c131bbff59fb0c969217fc1d44e6d1503cd1f	2021-12-13T18:05:03.053729-06:00	2024-07-30T11:27:02.922982-05:00	TRUE	4223170	2026-08-19	1a29acc0260b59ece3db031cf90bc655	TRUE	32578252	TRUE		TRUE	not applicable
TCGA-KIRP	subtype	TCGA-Y8-A8RY	TCGA-Y8-A8RY-01A	Primary Tumor	fa6b09ba-8342-4a27-b7b2-030325cc851c	716861cc-8ea1-4670-804c-f9fb1964d44b.rna_seq.augmented_star_gene_counts.tsv	c73189259174ba9c2b1706d92f74d76f	4249208	Data Release 46.0 - August 10, 2026	2026-09-11	released	5d8c131bbff59fb0c969217fc1d44e6d1503cd1f	2021-12-13T17:55:52.900966-06:00	2024-07-30T09:17:33.954768-05:00	TRUE	4249208	2026-08-19	c73189259174ba9c2b1706d92f74d76f	TRUE	58286508	TRUE		TRUE	not applicable
TCGA-KIRP	subtype	TCGA-Y8-A8RZ	TCGA-Y8-A8RZ-01A	Primary Tumor	201df94a-df6d-46db-9c31-04c2592213f4	50aee903-a3d0-474d-8bba-42d2eb14dece.rna_seq.augmented_star_gene_counts.tsv	33f7b7236be6881c21a4cb1310fb42e1	4225649	Data Release 46.0 - August 10, 2026	2026-09-11	released	5d8c131bbff59fb0c969217fc1d44e6d1503cd1f	2021-12-13T17:59:49.216855-06:00	2024-07-30T11:20:34.767222-05:00	TRUE	4225649	2026-08-19	33f7b7236be6881c21a4cb1310fb42e1	TRUE	50537679	TRUE		TRUE	not applicable
TCGA-KIRP	subtype	TCGA-Y8-A8S0	TCGA-Y8-A8S0-01A	Primary Tumor	85ae46cd-3930-4363-b5bc-0899072e5e8e	0c8dc985-bf38-4cb8-9b37-650730eb4b1e.rna_seq.augmented_star_gene_counts.tsv	7badf168604d72969510e2933456723f	4240221	Data Release 46.0 - August 10, 2026	2026-09-11	released	5d8c131bbff59fb0c969217fc1d44e6d1503cd1f	2021-12-13T17:57:06.867794-06:00	2024-07-30T11:30:07.081940-05:00	TRUE	4240221	2026-08-19	7badf168604d72969510e2933456723f	TRUE	47680280	TRUE		TRUE	not applicable
TCGA-KIRP	subtype	TCGA-Y8-A8S1	TCGA-Y8-A8S1-01A	Primary Tumor	0867513b-ed83-4714-ac04-626656162c44	9f7dd707-cb05-4b4b-beed-219d4bfad6dc.rna_seq.augmented_star_gene_counts.tsv	cb69e29478ca37cb6d0279e7e0d1037b	4214289	Data Release 46.0 - August 10, 2026	2026-09-11	released	5d8c131bbff59fb0c969217fc1d44e6d1503cd1f	2021-12-13T18:01:27.409625-06:00	2024-07-30T11:30:30.844617-05:00	TRUE	4214289	2026-08-19	cb69e29478ca37cb6d0279e7e0d1037b	TRUE	39367756	TRUE		TRUE	not applicable
TCGA-KIRP	subtype	TCGA-A4-A4ZT	TCGA-A4-A4ZT-11A	Solid Tissue Normal	febc3e29-383d-43a3-bdc9-68998d0d05e5	7133a006-a002-4748-b59f-b531878ab4b5.rna_seq.augmented_star_gene_counts.tsv	795a52405c7c8c780008d479a6b204c9	4235599	Data Release 46.0 - August 10, 2026	2026-09-11	released	5d8c131bbff59fb0c969217fc1d44e6d1503cd1f	2021-12-13T17:52:09.916683-06:00	2024-07-30T11:31:50.984979-05:00	FALSE						FALSE	non-primary sample	FALSE	not applicable
TCGA-KIRP	subtype	TCGA-A4-A57E	TCGA-A4-A57E-11A	Solid Tissue Normal	848d6433-ea39-458a-ad29-748a43fc066e	25d83a91-28f9-4389-96e5-2c21b09dadc8.rna_seq.augmented_star_gene_counts.tsv	e8480a828c2386a4e6edab64e8f29676	4228275	Data Release 46.0 - August 10, 2026	2026-09-11	released	5d8c131bbff59fb0c969217fc1d44e6d1503cd1f	2021-12-13T17:56:31.140307-06:00	2024-07-30T11:20:32.188240-05:00	FALSE						FALSE	non-primary sample	FALSE	not applicable
TCGA-KIRP	subtype	TCGA-A4-A772	TCGA-A4-A772-01A	Primary Tumor	66b68bbb-d8db-4e8b-83b0-fb0e6692f2c4	0b0b8a85-b9eb-4318-ae1f-fb3cd003b610.rna_seq.augmented_star_gene_counts.tsv	220c6e0d8d92ca987507037d49bb3530	4245960	Data Release 46.0 - August 10, 2026	2026-09-11	released	5d8c131bbff59fb0c969217fc1d44e6d1503cd1f	2021-12-13T17:50:54.675312-06:00	2024-07-30T11:23:24.724045-05:00	TRUE	4245960	2026-08-19	220c6e0d8d92ca987507037d49bb3530	TRUE	59118515	FALSE	non-positive or missing survival time	FALSE	not applicable
TCGA-KIRP	subtype	TCGA-A4-A7UZ	TCGA-A4-A7UZ-01A	Primary Tumor	2096fa41-98f6-4015-bcfe-11157ada7034	39997004-4038-4fa0-a523-ad22f86d50c1.rna_seq.augmented_star_gene_counts.tsv	7b80be6fa9ae0c72a2c98e53242d46a0	4238021	Data Release 46.0 - August 10, 2026	2026-09-11	released	5d8c131bbff59fb0c969217fc1d44e6d1503cd1f	2021-12-13T17:57:08.502562-06:00	2024-07-30T11:30:14.534881-05:00	TRUE	4238021	2026-08-19	7b80be6fa9ae0c72a2c98e53242d46a0	TRUE	40719995	FALSE	non-positive or missing survival time	FALSE	not applicable
TCGA-KIRP	subtype	TCGA-B9-4115	TCGA-B9-4115-11A	Solid Tissue Normal	1b20bd1e-95de-4a14-9245-e92523e1f307	8c2873db-5e99-4c10-81f9-3100d95aeff9.rna_seq.augmented_star_gene_counts.tsv	adff30cdbbfcdefdb21f0b80ffb58544	4249999	Data Release 46.0 - August 10, 2026	2026-09-11	released	5d8c131bbff59fb0c969217fc1d44e6d1503cd1f	2021-12-13T17:53:00.576622-06:00	2024-07-30T11:21:20.192055-05:00	FALSE						FALSE	non-primary sample	FALSE	not applicable
TCGA-KIRP	subtype	TCGA-BQ-5875	TCGA-BQ-5875-11A	Solid Tissue Normal	d1428071-d98b-46f7-a950-971c6d8b0850	0b2419f2-dfd1-40f3-ab3b-e9bcdc1cc23d.rna_seq.augmented_star_gene_counts.tsv	68b6fd603d18448f599ab9dc522efadc	4253131	Data Release 46.0 - August 10, 2026	2026-09-11	released	5d8c131bbff59fb0c969217fc1d44e6d1503cd1f	2021-12-13T18:04:18.312966-06:00	2024-07-30T11:31:14.696256-05:00	FALSE						FALSE	non-primary sample	FALSE	not applicable
TCGA-KIRP	subtype	TCGA-BQ-5877	TCGA-BQ-5877-11A	Solid Tissue Normal	091d9ed1-6127-4b37-b2d5-a463b28e2e9e	c8d14d90-63a8-4576-ae80-ef8582792d16.rna_seq.augmented_star_gene_counts.tsv	40f40e2d96bb24a4d08132667ad8a3b5	4238512	Data Release 46.0 - August 10, 2026	2026-09-11	released	5d8c131bbff59fb0c969217fc1d44e6d1503cd1f	2021-12-13T18:00:16.531044-06:00	2024-07-30T11:25:53.966218-05:00	FALSE						FALSE	non-primary sample	FALSE	not applicable
TCGA-KIRP	subtype	TCGA-BQ-5878	TCGA-BQ-5878-11A	Solid Tissue Normal	229931f0-99d0-4ea7-9ab9-03699f1b6611	ae8eccfd-0f11-425c-99f6-85ed837a5970.rna_seq.augmented_star_gene_counts.tsv	ea440d8454504af9c7f23bf9202593d4	4246081	Data Release 46.0 - August 10, 2026	2026-09-11	released	5d8c131bbff59fb0c969217fc1d44e6d1503cd1f	2021-12-13T17:56:06.076254-06:00	2024-07-30T11:26:01.167975-05:00	FALSE						FALSE	non-primary sample	FALSE	not applicable
TCGA-KIRP	subtype	TCGA-BQ-5879	TCGA-BQ-5879-11A	Solid Tissue Normal	7ee838c7-0dc3-4858-b9f2-de1da107c141	7dfcbdec-4dea-4486-9502-3b0f482b82b4.rna_seq.augmented_star_gene_counts.tsv	779daa4f2601eb05a41c348d2669b44f	4248945	Data Release 46.0 - August 10, 2026	2026-09-11	released	5d8c131bbff59fb0c969217fc1d44e6d1503cd1f	2021-12-13T17:53:24.641968-06:00	2024-07-30T11:28:10.324573-05:00	FALSE						FALSE	non-primary sample	FALSE	not applicable
TCGA-KIRP	subtype	TCGA-BQ-5882	TCGA-BQ-5882-11A	Solid Tissue Normal	ded08db2-5868-4423-bf7f-2a988fc7a474	5772ed26-e300-459b-96ee-fd4aaf9dc7f1.rna_seq.augmented_star_gene_counts.tsv	e89cb3e48c130ce9f95e6f096570796e	4242849	Data Release 46.0 - August 10, 2026	2026-09-11	released	5d8c131bbff59fb0c969217fc1d44e6d1503cd1f	2021-12-13T17:52:58.929838-06:00	2024-07-30T11:24:18.903872-05:00	FALSE						FALSE	non-primary sample	FALSE	not applicable
TCGA-KIRP	subtype	TCGA-BQ-5884	TCGA-BQ-5884-11A	Solid Tissue Normal	94e1cadc-999a-4bd2-bb21-a86397e38267	14add416-7ddd-4e46-8b21-87fdcba1b22e.rna_seq.augmented_star_gene_counts.tsv	f739189003a35964704f19317731e122	4243205	Data Release 46.0 - August 10, 2026	2026-09-11	released	5d8c131bbff59fb0c969217fc1d44e6d1503cd1f	2021-12-13T18:06:10.281070-06:00	2024-07-30T11:28:35.612069-05:00	FALSE						FALSE	non-primary sample	FALSE	not applicable
TCGA-KIRP	subtype	TCGA-BQ-5887	TCGA-BQ-5887-11A	Solid Tissue Normal	48309342-2b4e-484d-b9b1-fc9cd4e56043	771fc1a7-aee0-428c-92e2-655c600afb72.rna_seq.augmented_star_gene_counts.tsv	8f7005422a02dd5aa366643e8994c8b3	4251916	Data Release 46.0 - August 10, 2026	2026-09-11	released	5d8c131bbff59fb0c969217fc1d44e6d1503cd1f	2021-12-13T17:51:57.180059-06:00	2024-07-30T11:22:23.456142-05:00	FALSE						FALSE	non-primary sample	FALSE	not applicable
TCGA-KIRP	subtype	TCGA-BQ-5888	TCGA-BQ-5888-11A	Solid Tissue Normal	0149679a-8220-47ba-9060-eda9329bee70	2e7d0821-ecd1-4e3f-ace3-b160b2e6f690.rna_seq.augmented_star_gene_counts.tsv	fe9b2e20d206a78e0a48760a10f3011e	4247080	Data Release 46.0 - August 10, 2026	2026-09-11	released	5d8c131bbff59fb0c969217fc1d44e6d1503cd1f	2021-12-13T18:02:48.779590-06:00	2024-07-30T11:22:01.534252-05:00	FALSE						FALSE	non-primary sample	FALSE	not applicable
TCGA-KIRP	subtype	TCGA-BQ-5890	TCGA-BQ-5890-11A	Solid Tissue Normal	f07757ce-d24a-4533-b298-451dcd0c1fe0	d83810dc-199b-4a72-8845-6d28c14f5cd5.rna_seq.augmented_star_gene_counts.tsv	87b77684c4197f2ba8a8ec8dc76c35df	4247920	Data Release 46.0 - August 10, 2026	2026-09-11	released	5d8c131bbff59fb0c969217fc1d44e6d1503cd1f	2021-12-13T18:02:56.462486-06:00	2024-07-30T09:17:36.463997-05:00	FALSE						FALSE	non-primary sample	FALSE	not applicable
TCGA-KIRP	subtype	TCGA-BQ-5891	TCGA-BQ-5891-11A	Solid Tissue Normal	99c45b19-2d33-4e62-9385-1fe24f784bd3	5de18821-a068-41cd-9468-81ad50a54d20.rna_seq.augmented_star_gene_counts.tsv	7aceb68c5a1ea1602b53bce736e4738c	4250370	Data Release 46.0 - August 10, 2026	2026-09-11	released	5d8c131bbff59fb0c969217fc1d44e6d1503cd1f	2021-12-13T17:48:41.799527-06:00	2024-07-30T11:21:47.667319-05:00	FALSE						FALSE	non-primary sample	FALSE	not applicable
TCGA-KIRP	subtype	TCGA-BQ-5894	TCGA-BQ-5894-11A	Solid Tissue Normal	55befc92-6a8d-4724-bf44-3a1663f61194	45cc5081-38e5-4808-b016-fa9ec9a8335e.rna_seq.augmented_star_gene_counts.tsv	6cf41c3535d5d44bd7f6ba46412bd1a7	4247721	Data Release 46.0 - August 10, 2026	2026-09-11	released	5d8c131bbff59fb0c969217fc1d44e6d1503cd1f	2021-12-13T17:56:34.793529-06:00	2024-07-30T11:27:36.947475-05:00	FALSE						FALSE	non-primary sample	FALSE	not applicable
TCGA-KIRP	subtype	TCGA-BQ-7044	TCGA-BQ-7044-11A	Solid Tissue Normal	2a79789d-e28b-43ad-9741-2a3740b577d9	30ff7e18-9244-415a-89f3-1cd6f0bd9bce.rna_seq.augmented_star_gene_counts.tsv	1f36400ef27977657c60588b240b0358	4242135	Data Release 46.0 - August 10, 2026	2026-09-11	released	5d8c131bbff59fb0c969217fc1d44e6d1503cd1f	2021-12-13T17:51:03.770124-06:00	2024-07-30T11:29:10.671078-05:00	FALSE						FALSE	non-primary sample	FALSE	not applicable
TCGA-KIRP	subtype	TCGA-BQ-7045	TCGA-BQ-7045-11A	Solid Tissue Normal	ca81cc28-1f61-4553-97f5-fd039dfcef00	0ff061a1-4c0a-4762-b2b2-4fe0147eead9.rna_seq.augmented_star_gene_counts.tsv	4b2c588ee831d2e375c88bc1e5b6914c	4238461	Data Release 46.0 - August 10, 2026	2026-09-11	released	5d8c131bbff59fb0c969217fc1d44e6d1503cd1f	2021-12-13T18:02:14.018584-06:00	2024-07-30T11:31:42.020869-05:00	FALSE						FALSE	non-primary sample	FALSE	not applicable
TCGA-KIRP	subtype	TCGA-BQ-7046	TCGA-BQ-7046-11A	Solid Tissue Normal	2d3ea933-39f2-45d9-8811-f600660d8bea	c1768141-9d4a-447d-ba29-c0cdc82304cd.rna_seq.augmented_star_gene_counts.tsv	012c312753072eb213e76b65fe16b09e	4250238	Data Release 46.0 - August 10, 2026	2026-09-11	released	5d8c131bbff59fb0c969217fc1d44e6d1503cd1f	2021-12-13T18:02:36.238929-06:00	2024-07-30T11:29:13.188828-05:00	FALSE						FALSE	non-primary sample	FALSE	not applicable
TCGA-KIRP	subtype	TCGA-BQ-7051	TCGA-BQ-7051-11A	Solid Tissue Normal	7c1b526c-03c9-4263-b1df-f3665add802c	4e86718f-bdf5-4fed-9a90-d8f346afeb7e.rna_seq.augmented_star_gene_counts.tsv	9b72ec62db2988b6c440bb79d258b64a	4253615	Data Release 46.0 - August 10, 2026	2026-09-11	released	5d8c131bbff59fb0c969217fc1d44e6d1503cd1f	2021-12-13T17:49:09.367994-06:00	2024-07-30T11:30:12.103298-05:00	FALSE						FALSE	non-primary sample	FALSE	not applicable
TCGA-KIRP	subtype	TCGA-BQ-7055	TCGA-BQ-7055-11A	Solid Tissue Normal	12584c00-b3ba-41f8-b5d5-bcfd68900e0b	db97187e-91f3-4e9b-b596-2b91143dd7e9.rna_seq.augmented_star_gene_counts.tsv	4952a2d46d6ce91da65d8f1ff9a7e172	4246516	Data Release 46.0 - August 10, 2026	2026-09-11	released	5d8c131bbff59fb0c969217fc1d44e6d1503cd1f	2021-12-13T18:01:09.632687-06:00	2024-07-30T11:25:55.150928-05:00	FALSE						FALSE	non-primary sample	FALSE	not applicable
TCGA-KIRP	subtype	TCGA-BQ-7059	TCGA-BQ-7059-11A	Solid Tissue Normal	acbf1568-66b7-4648-8445-6f38a85abe29	187766dc-0ffa-4245-9976-644ca1d93b65.rna_seq.augmented_star_gene_counts.tsv	183d49168bb6801ae26cdd62fc1b3915	4251303	Data Release 46.0 - August 10, 2026	2026-09-11	released	5d8c131bbff59fb0c969217fc1d44e6d1503cd1f	2021-12-13T18:04:11.026695-06:00	2024-07-30T11:27:25.889590-05:00	FALSE						FALSE	non-primary sample	FALSE	not applicable
TCGA-KIRP	subtype	TCGA-BQ-7061	TCGA-BQ-7061-11A	Solid Tissue Normal	76a8b7a8-22d5-4a15-b525-063e618bdbd1	2aee1577-ad29-4544-b07b-22d3b564eea3.rna_seq.augmented_star_gene_counts.tsv	38628c6311a1f98e6eb2279545d9e5d0	4260820	Data Release 46.0 - August 10, 2026	2026-09-11	released	5d8c131bbff59fb0c969217fc1d44e6d1503cd1f	2021-12-13T18:05:19.974882-06:00	2024-07-30T11:19:25.206811-05:00	FALSE						FALSE	non-primary sample	FALSE	not applicable
TCGA-KIRP	subtype	TCGA-DZ-6131	TCGA-DZ-6131-11A	Solid Tissue Normal	95b530dc-cf06-412e-ae54-ddb0f6b0b667	9e49848d-ace7-4e5c-8b61-e10dacc143a4.rna_seq.augmented_star_gene_counts.tsv	3663837fb8cc28b3e54893759f933287	4236495	Data Release 46.0 - August 10, 2026	2026-09-11	released	5d8c131bbff59fb0c969217fc1d44e6d1503cd1f	2021-12-13T18:01:49.059203-06:00	2024-07-30T11:27:00.138990-05:00	FALSE						FALSE	non-primary sample	FALSE	not applicable
TCGA-KIRP	subtype	TCGA-DZ-6132	TCGA-DZ-6132-11A	Solid Tissue Normal	09efc6ef-8c66-4dcd-840b-040bb1508aba	04831d75-1f63-4eb3-9540-0646cbcf4444.rna_seq.augmented_star_gene_counts.tsv	8433072454b3a56222766455f3d2a434	4256131	Data Release 46.0 - August 10, 2026	2026-09-11	released	5d8c131bbff59fb0c969217fc1d44e6d1503cd1f	2021-12-13T17:52:16.925213-06:00	2024-07-30T11:24:03.985938-05:00	FALSE						FALSE	non-primary sample	FALSE	not applicable
TCGA-KIRP	subtype	TCGA-DZ-6133	TCGA-DZ-6133-11A	Solid Tissue Normal	cc4d80d8-06d0-4172-8b3d-99cc4dbc6566	27993654-3ca0-4f8b-8346-eef50c2f2a2b.rna_seq.augmented_star_gene_counts.tsv	b15619d3b51c237de14e476678b2107e	4240987	Data Release 46.0 - August 10, 2026	2026-09-11	released	5d8c131bbff59fb0c969217fc1d44e6d1503cd1f	2021-12-13T18:04:16.921055-06:00	2024-07-30T11:31:15.960982-05:00	FALSE						FALSE	non-primary sample	FALSE	not applicable
TCGA-KIRP	subtype	TCGA-DZ-6134	TCGA-DZ-6134-11A	Solid Tissue Normal	78532bd9-8801-4e9d-a697-f6ece27fd5cc	44c392a8-c239-4b94-a03a-1aa5581f5e4a.rna_seq.augmented_star_gene_counts.tsv	91bcc66aa6a8924e78737137ec19d268	4242350	Data Release 46.0 - August 10, 2026	2026-09-11	released	5d8c131bbff59fb0c969217fc1d44e6d1503cd1f	2021-12-13T17:50:35.677704-06:00	2024-07-30T11:25:20.871750-05:00	FALSE						FALSE	non-primary sample	FALSE	not applicable
TCGA-KIRP	subtype	TCGA-GL-6846	TCGA-GL-6846-11A	Solid Tissue Normal	7c6e45f2-a1bd-4eb4-81bf-eda86328699c	b35c3469-d22c-4cff-9dfa-60799c9ace29.rna_seq.augmented_star_gene_counts.tsv	8c62763b5d51a7e001461b3f88a9c057	4241956	Data Release 46.0 - August 10, 2026	2026-09-11	released	5d8c131bbff59fb0c969217fc1d44e6d1503cd1f	2021-12-13T18:04:53.009241-06:00	2024-07-30T11:24:05.199298-05:00	FALSE						FALSE	non-primary sample	FALSE	not applicable
TCGA-KIRP	subtype	TCGA-GL-7966	TCGA-GL-7966-11A	Solid Tissue Normal	af9ba5a7-2ff2-406d-b63a-e1ad5550401e	8c85e5c3-2921-43a7-a360-65cee80d9936.rna_seq.augmented_star_gene_counts.tsv	c3c13eb89b23be70355132a44b25b1cd	4237876	Data Release 46.0 - August 10, 2026	2026-09-11	released	5d8c131bbff59fb0c969217fc1d44e6d1503cd1f	2021-12-13T18:01:39.555611-06:00	2024-07-30T11:21:38.135819-05:00	FALSE						FALSE	non-primary sample	FALSE	not applicable
TCGA-KIRP	subtype	TCGA-GL-A59R	TCGA-GL-A59R-11A	Solid Tissue Normal	ce413e48-13a3-4223-9cfe-734dc0ee8074	a25c7942-0822-4f67-8b74-3d7ad4610add.rna_seq.augmented_star_gene_counts.tsv	9160327c86d785ad164143abc2e7be34	4228135	Data Release 46.0 - August 10, 2026	2026-09-11	released	5d8c131bbff59fb0c969217fc1d44e6d1503cd1f	2021-12-13T18:03:45.509613-06:00	2024-07-30T11:19:49.553803-05:00	FALSE						FALSE	non-primary sample	FALSE	not applicable
TCGA-KIRP	subtype	TCGA-GL-A9DE	TCGA-GL-A9DE-11A	Solid Tissue Normal	6c3faae2-4605-4891-bcd4-28da019c7f85	f62f0332-06f3-42bd-977e-91d9693a9197.rna_seq.augmented_star_gene_counts.tsv	7459b3eeae6281ad05da78bd219258b3	4251981	Data Release 46.0 - August 10, 2026	2026-09-11	released	5d8c131bbff59fb0c969217fc1d44e6d1503cd1f	2021-12-13T18:07:36.817057-06:00	2024-07-30T11:24:53.260577-05:00	FALSE						FALSE	non-primary sample	FALSE	not applicable
TCGA-KIRP	subtype	TCGA-HE-7128	TCGA-HE-7128-01A	Primary Tumor	9cf6116f-4d3b-4dc4-b4ca-d1163a407320	107edf95-e01c-4ca3-a6a1-3af3d7e997db.rna_seq.augmented_star_gene_counts.tsv	f6888077adcf044e787b369a7363a7e0	4234101	Data Release 46.0 - August 10, 2026	2026-09-11	released	5d8c131bbff59fb0c969217fc1d44e6d1503cd1f	2021-12-13T17:50:26.204334-06:00	2024-07-30T11:22:49.415680-05:00	TRUE	4234101	2026-08-19	f6888077adcf044e787b369a7363a7e0	TRUE	50327790	FALSE	non-positive or missing survival time	FALSE	not applicable
TCGA-KIRP	subtype	TCGA-HE-7129	TCGA-HE-7129-01A	Primary Tumor	c4560e99-9084-458f-8741-3ec3f20f3989	cf64da64-511a-46c9-bf90-772648dc46b3.rna_seq.augmented_star_gene_counts.tsv	91fdac998369599b378b3ccdc10d80df	4250090	Data Release 46.0 - August 10, 2026	2026-09-11	released	5d8c131bbff59fb0c969217fc1d44e6d1503cd1f	2021-12-13T18:06:39.464583-06:00	2024-07-30T11:27:24.665469-05:00	TRUE	4250090	2026-08-19	91fdac998369599b378b3ccdc10d80df	TRUE	78887738	FALSE	missing age or sex	FALSE	not applicable
TCGA-KIRP	subtype	TCGA-HE-7130	TCGA-HE-7130-01A	Primary Tumor	baeba562-4e8c-46e0-acc5-e7114afc9845	9a45221f-36ec-4edd-98c3-30400f429ba0.rna_seq.augmented_star_gene_counts.tsv	18154fe2d964ce151b5e26ca98e0540e	4227984	Data Release 46.0 - August 10, 2026	2026-09-11	released	5d8c131bbff59fb0c969217fc1d44e6d1503cd1f	2021-12-13T17:49:19.300886-06:00	2024-07-30T11:19:55.776438-05:00	TRUE	4227984	2026-08-19	18154fe2d964ce151b5e26ca98e0540e	TRUE	42476783	FALSE	missing age or sex	FALSE	not applicable
TCGA-KIRP	subtype	TCGA-HE-A5NF	TCGA-HE-A5NF-01A	Primary Tumor	1511221e-1ade-4c58-92cd-e7912873a78f	83f2b2e7-7f1b-43f8-9994-37e68fbf906c.rna_seq.augmented_star_gene_counts.tsv	a31672453242d6c668b4a0d2ce9fe2d6	4211925	Data Release 46.0 - August 10, 2026	2026-09-11	released	5d8c131bbff59fb0c969217fc1d44e6d1503cd1f	2021-12-13T18:02:21.285647-06:00	2024-07-30T11:29:19.244520-05:00	TRUE	4211925	2026-08-19	a31672453242d6c668b4a0d2ce9fe2d6	TRUE	28016049	FALSE	missing age or sex	FALSE	not applicable
TCGA-KIRP	subtype	TCGA-HE-A5NH	TCGA-HE-A5NH-01A	Primary Tumor	b30735ec-ab08-4413-9af4-0f70d4b6f7c3	73d434a7-9c39-471f-a5f5-2aebfc1a85ef.rna_seq.augmented_star_gene_counts.tsv	21a9e4c4637a4027a826633b8799598e	4217475	Data Release 46.0 - August 10, 2026	2026-09-11	released	5d8c131bbff59fb0c969217fc1d44e6d1503cd1f	2021-12-13T18:06:35.939256-06:00	2024-07-30T11:29:52.332467-05:00	TRUE	4217475	2026-08-19	21a9e4c4637a4027a826633b8799598e	TRUE	22609457	FALSE	missing age or sex	FALSE	not applicable
TCGA-KIRP	subtype	TCGA-HE-A5NI	TCGA-HE-A5NI-01A	Primary Tumor	686ce8e4-7a1a-42ec-b622-eddbbbb96d89	3c16e466-9734-4c78-845b-773aa7ab3651.rna_seq.augmented_star_gene_counts.tsv	1531e6e56c1050294274c5d05a4fbdd5	4208969	Data Release 46.0 - August 10, 2026	2026-09-11	released	5d8c131bbff59fb0c969217fc1d44e6d1503cd1f	2021-12-13T18:01:32.285361-06:00	2024-07-30T11:19:53.277696-05:00	TRUE	4208969	2026-08-19	1531e6e56c1050294274c5d05a4fbdd5	TRUE	25602634	FALSE	missing age or sex	FALSE	not applicable
TCGA-KIRP	subtype	TCGA-HE-A5NJ	TCGA-HE-A5NJ-01A	Primary Tumor	c43bacec-dabb-4478-9303-57dcee5e38fa	7b54d220-229c-421f-8d6d-891a27354951.rna_seq.augmented_star_gene_counts.tsv	d57c4f190955abb2b4eb4d021b065b41	4222247	Data Release 46.0 - August 10, 2026	2026-09-11	released	5d8c131bbff59fb0c969217fc1d44e6d1503cd1f	2021-12-13T17:58:41.095573-06:00	2024-07-30T11:25:22.250902-05:00	TRUE	4222247	2026-08-19	d57c4f190955abb2b4eb4d021b065b41	TRUE	25559897	FALSE	missing age or sex	FALSE	not applicable
TCGA-KIRP	subtype	TCGA-HE-A5NK	TCGA-HE-A5NK-01A	Primary Tumor	fe54a115-5e04-47cd-ab9f-8da9e6ded1fe	026cfcf0-5489-4ba5-9575-afdebb2e0d2a.rna_seq.augmented_star_gene_counts.tsv	b656879aadd25db794713bef7c5813ea	4212026	Data Release 46.0 - August 10, 2026	2026-09-11	released	5d8c131bbff59fb0c969217fc1d44e6d1503cd1f	2021-12-13T18:00:59.495156-06:00	2024-07-30T11:31:52.495561-05:00	TRUE	4212026	2026-08-19	b656879aadd25db794713bef7c5813ea	TRUE	24621777	FALSE	missing age or sex	FALSE	not applicable
TCGA-KIRP	subtype	TCGA-HE-A5NL	TCGA-HE-A5NL-01A	Primary Tumor	a3304779-2c5f-4878-9507-afd4e7974ae9	185aa50a-9180-4453-a507-baf5e10c94ba.rna_seq.augmented_star_gene_counts.tsv	d6abf2ac0fffb3b25f793fcd9fe557cb	4216553	Data Release 46.0 - August 10, 2026	2026-09-11	released	5d8c131bbff59fb0c969217fc1d44e6d1503cd1f	2021-12-13T18:00:29.392132-06:00	2024-07-30T11:22:17.428426-05:00	TRUE	4216553	2026-08-19	d6abf2ac0fffb3b25f793fcd9fe557cb	TRUE	30063760	FALSE	missing age or sex	FALSE	not applicable
TCGA-KIRP	subtype	TCGA-P4-A5E8	TCGA-P4-A5E8-11A	Solid Tissue Normal	f5778aa3-76ec-4d2d-9443-c2a679bcad67	8cf90742-1a13-4404-adb5-0304fe614da2.rna_seq.augmented_star_gene_counts.tsv	09bbfa8abbc24e8f7f7422d753d5383b	4215375	Data Release 46.0 - August 10, 2026	2026-09-11	released	5d8c131bbff59fb0c969217fc1d44e6d1503cd1f	2021-12-13T17:48:46.306161-06:00	2024-07-30T09:17:35.280086-05:00	FALSE						FALSE	non-primary sample	FALSE	not applicable
TCGA-KIRP	subtype	TCGA-P4-A5ED	TCGA-P4-A5ED-11A	Solid Tissue Normal	bc49c2db-1b17-4742-8904-44238d0bd6a7	8a1e28f5-e154-4083-b093-a3411c0b2183.rna_seq.augmented_star_gene_counts.tsv	aec9a379d0343d9cd0ddc90c1d67bfed	4242277	Data Release 46.0 - August 10, 2026	2026-09-11	released	5d8c131bbff59fb0c969217fc1d44e6d1503cd1f	2021-12-13T17:52:21.032904-06:00	2024-07-30T11:19:31.317039-05:00	FALSE						FALSE	non-primary sample	FALSE	not applicable
TCGA-KIRP	subtype	TCGA-UZ-A9PJ	TCGA-UZ-A9PJ-01A	Primary Tumor	5a49dc8a-9a9d-47b2-bbcb-807ea40f951d	817a34d0-4ed3-417c-ae05-54b3174e2039.rna_seq.augmented_star_gene_counts.tsv	2a03af4ec5ecf1d9d2d60af5469033b3	4239403	Data Release 46.0 - August 10, 2026	2026-09-11	released	5d8c131bbff59fb0c969217fc1d44e6d1503cd1f	2021-12-13T17:58:53.394917-06:00	2024-07-30T11:24:06.393962-05:00	TRUE	4239403	2026-08-19	2a03af4ec5ecf1d9d2d60af5469033b3	TRUE	49492561	FALSE	missing age or sex	FALSE	not applicable
TCGA-KIRP	subtype	TCGA-UZ-A9PL	TCGA-UZ-A9PL-01A	Primary Tumor	a9cc66d2-3518-459f-9d1a-e5133dc1a7d7	9b24ac23-7a2d-43ae-8f42-6b60dd6d0e66.rna_seq.augmented_star_gene_counts.tsv	f11b83d38b349bb994024f19fca3b8c6	4239535	Data Release 46.0 - August 10, 2026	2026-09-11	released	5d8c131bbff59fb0c969217fc1d44e6d1503cd1f	2021-12-13T17:59:23.314093-06:00	2024-07-30T11:22:29.434645-05:00	TRUE	4239535	2026-08-19	f11b83d38b349bb994024f19fca3b8c6	TRUE	49398795	FALSE	missing age or sex	FALSE	not applicable
TCGA-KIRP	subtype	TCGA-UZ-A9PM	TCGA-UZ-A9PM-01A	Primary Tumor	85aeb4e1-f786-42eb-a720-3b5b0a726aed	29799f67-3cd9-45f3-b214-298f919632c6.rna_seq.augmented_star_gene_counts.tsv	c414a7eab1b1858a599c0368f241fded	4217783	Data Release 46.0 - August 10, 2026	2026-09-11	released	5d8c131bbff59fb0c969217fc1d44e6d1503cd1f	2021-12-13T18:07:34.781297-06:00	2024-07-30T11:30:05.906068-05:00	TRUE	4217783	2026-08-19	c414a7eab1b1858a599c0368f241fded	TRUE	39133435	FALSE	missing age or sex	FALSE	not applicable
TCGA-KIRP	subtype	TCGA-UZ-A9PP	TCGA-UZ-A9PP-01A	Primary Tumor	392502e8-239b-4dd4-a289-eb7f9c426c71	d8a561d1-7013-42b9-ba4f-4f6b13bae428.rna_seq.augmented_star_gene_counts.tsv	0890de3d98da010fb50b5a12110a8887	4246688	Data Release 46.0 - August 10, 2026	2026-09-11	released	5d8c131bbff59fb0c969217fc1d44e6d1503cd1f	2021-12-13T17:52:31.423473-06:00	2024-07-30T11:23:39.596709-05:00	TRUE	4246688	2026-08-19	0890de3d98da010fb50b5a12110a8887	TRUE	61557004	FALSE	missing age or sex	FALSE	not applicable
TCGA-KIRP	subtype	TCGA-UZ-A9PS	TCGA-UZ-A9PS-05A	Additional - New Primary	752efdfa-92e4-4f0d-8c9f-23791ac82eae	90985f9d-0403-4f49-9cd5-020d220ac220.rna_seq.augmented_star_gene_counts.tsv	0934480ded0ec7be97fc0407a9b1da11	4230676	Data Release 46.0 - August 10, 2026	2026-09-11	released	5d8c131bbff59fb0c969217fc1d44e6d1503cd1f	2021-12-13T18:02:18.963820-06:00	2024-07-30T11:30:18.134377-05:00	FALSE						FALSE	non-primary sample	FALSE	not applicable
TCGA-KIRP	subtype	TCGA-UZ-A9PU	TCGA-UZ-A9PU-01A	Primary Tumor	840009d3-beff-4c76-abda-73f93594b905	f6f29a60-bbc3-4d0a-bd76-0e9c313180a1.rna_seq.augmented_star_gene_counts.tsv	29fbb9d97ff13f90bade751b9acaf737	4244498	Data Release 46.0 - August 10, 2026	2026-09-11	released	5d8c131bbff59fb0c969217fc1d44e6d1503cd1f	2021-12-13T17:48:29.387163-06:00	2024-07-30T11:21:39.377575-05:00	TRUE	4244498	2026-08-19	29fbb9d97ff13f90bade751b9acaf737	TRUE	51703368	FALSE	missing age or sex	FALSE	not applicable
TCGA-KIRP	subtype	TCGA-UZ-A9PV	TCGA-UZ-A9PV-01A	Primary Tumor	5584b3a4-d04f-41b5-83bf-8e3282bdd350	7a5f5a7f-21de-4e90-844a-849e34eeb5fc.rna_seq.augmented_star_gene_counts.tsv	4aa5410e136304b110d79eb243edb4a9	4248264	Data Release 46.0 - August 10, 2026	2026-09-11	released	5d8c131bbff59fb0c969217fc1d44e6d1503cd1f	2021-12-13T17:56:56.600636-06:00	2024-07-30T11:18:59.525317-05:00	TRUE	4248264	2026-08-19	4aa5410e136304b110d79eb243edb4a9	TRUE	58115769	FALSE	missing age or sex	FALSE	not applicable
TCGA-KIRP	subtype	TCGA-UZ-A9Q0	TCGA-UZ-A9Q0-01A	Primary Tumor	ebed08ea-5b6b-4948-a494-7fcfec943ae6	8056f73e-bdee-4c57-9cd7-4a810d89c470.rna_seq.augmented_star_gene_counts.tsv	cf0435becd373f56a9652a62f9529a6d	4210799	Data Release 46.0 - August 10, 2026	2026-09-11	released	5d8c131bbff59fb0c969217fc1d44e6d1503cd1f	2021-12-13T17:59:51.878310-06:00	2024-07-30T09:17:31.527188-05:00	TRUE	4210799	2026-08-19	cf0435becd373f56a9652a62f9529a6d	TRUE	36612102	FALSE	missing age or sex	FALSE	not applicable
TCGA-KIRP	subtype	TCGA-UZ-A9Q1	TCGA-UZ-A9Q1-01A	Primary Tumor	8e5a1e22-74b4-4c06-a852-71ae256ea93e	8115dcba-9732-4d81-b4b4-de8b11923ff1.rna_seq.augmented_star_gene_counts.tsv	75cde0ae0eb79470c3c5815f2f91b36d	4224568	Data Release 46.0 - August 10, 2026	2026-09-11	released	5d8c131bbff59fb0c969217fc1d44e6d1503cd1f	2021-12-13T17:49:40.572610-06:00	2024-07-30T11:26:12.211553-05:00	TRUE	4224568	2026-08-19	75cde0ae0eb79470c3c5815f2f91b36d	TRUE	57386692	FALSE	missing age or sex	FALSE	not applicable
TCGA-KIRP	subtype	TCGA-WN-A9G9	TCGA-WN-A9G9-01A	Primary Tumor	dedfc0e5-be63-470d-b6bc-847c10b2cf93	fb7c4c02-0eba-49be-94b6-f9b7943f5925.rna_seq.augmented_star_gene_counts.tsv	23a311390a0928e50ae3849672fda209	4226097	Data Release 46.0 - August 10, 2026	2026-09-11	released	5d8c131bbff59fb0c969217fc1d44e6d1503cd1f	2021-12-13T17:59:09.157789-06:00	2024-07-30T11:24:33.557519-05:00	TRUE	4226097	2026-08-19	23a311390a0928e50ae3849672fda209	TRUE	39969970	FALSE	missing age or sex	FALSE	not applicable
TCGA-KIRP	subtype	TCGA-WN-AB4C	TCGA-WN-AB4C-01A	Primary Tumor	9c2fb2dd-64eb-49e3-af9f-b0433b419b8e	880ab7e2-4710-4729-a928-5c519c47ef77.rna_seq.augmented_star_gene_counts.tsv	525622794199fec959aaeef77e68f6c7	4206868	Data Release 46.0 - August 10, 2026	2026-09-11	released	5d8c131bbff59fb0c969217fc1d44e6d1503cd1f	2021-12-13T17:55:54.303124-06:00	2024-07-30T11:24:45.848208-05:00	TRUE	4206868	2026-08-19	525622794199fec959aaeef77e68f6c7	TRUE	32183568	FALSE	missing age or sex	FALSE	not applicable
TCGA-KIRP	subtype	TCGA-Y8-A8RY	TCGA-Y8-A8RY-11A	Solid Tissue Normal	7f418c7b-0001-46c1-b6ec-017ae42c4532	e2052649-97fc-4f97-9a01-992b03e52a7a.rna_seq.augmented_star_gene_counts.tsv	4e52d39dd411af327e5395c71655be88	4254390	Data Release 46.0 - August 10, 2026	2026-09-11	released	5d8c131bbff59fb0c969217fc1d44e6d1503cd1f	2021-12-13T18:05:28.696483-06:00	2024-07-30T11:26:51.496906-05:00	FALSE						FALSE	non-primary sample	FALSE	not applicable
TCGA-KICH	subtype	TCGA-KL-8323	TCGA-KL-8323-01A	Primary Tumor	a4b800e3-b6ff-4823-86da-ea9755d88eac	a3bd8e23-8f88-4d92-871e-57878d42048e.rna_seq.augmented_star_gene_counts.tsv	ab05a17399b6167934c7428abdd87e65	4232251	Data Release 46.0 - August 10, 2026	2026-09-11	released	5d8c131bbff59fb0c969217fc1d44e6d1503cd1f	2021-12-13T16:38:44.466500-06:00	2024-07-30T10:53:08.511154-05:00	TRUE	4232251	2026-08-19	ab05a17399b6167934c7428abdd87e65	TRUE	59997960	TRUE		TRUE	not applicable
TCGA-KICH	subtype	TCGA-KL-8324	TCGA-KL-8324-01A	Primary Tumor	7b5bdde2-cbc5-4f11-9dff-3217eb69734c	6c0c2bda-2fd3-4294-8e4a-7ffad2c8f16e.rna_seq.augmented_star_gene_counts.tsv	d7d528d88c38b2476d0d62c5824e3389	4225880	Data Release 46.0 - August 10, 2026	2026-09-11	released	5d8c131bbff59fb0c969217fc1d44e6d1503cd1f	2021-12-13T16:39:10.867899-06:00	2024-07-30T10:50:21.046417-05:00	TRUE	4225880	2026-08-19	d7d528d88c38b2476d0d62c5824e3389	TRUE	55552279	TRUE		TRUE	not applicable
TCGA-KICH	subtype	TCGA-KL-8325	TCGA-KL-8325-01A	Primary Tumor	f65e0c6a-05c4-409b-a446-85b90671c06e	9ec7c4f6-5fdd-4307-a5a9-b93a18e03ee0.rna_seq.augmented_star_gene_counts.tsv	6887ae3affba94de5ef870c8ff808ae4	4231750	Data Release 46.0 - August 10, 2026	2026-09-11	released	5d8c131bbff59fb0c969217fc1d44e6d1503cd1f	2021-12-13T16:35:47.906146-06:00	2024-07-30T10:53:43.073753-05:00	TRUE	4231750	2026-08-19	6887ae3affba94de5ef870c8ff808ae4	TRUE	64781564	TRUE		TRUE	not applicable
TCGA-KICH	subtype	TCGA-KL-8326	TCGA-KL-8326-01A	Primary Tumor	9452f420-4244-4518-b607-3442361d065a	3dc24ff9-20bd-4c63-8152-7e43a0804943.rna_seq.augmented_star_gene_counts.tsv	810b40c7ab72f8f5f313443398773e52	4216775	Data Release 46.0 - August 10, 2026	2026-09-11	released	5d8c131bbff59fb0c969217fc1d44e6d1503cd1f	2021-12-13T16:36:29.754650-06:00	2024-07-30T10:51:46.415550-05:00	TRUE	4216775	2026-08-19	810b40c7ab72f8f5f313443398773e52	TRUE	67388622	TRUE		TRUE	not applicable
TCGA-KICH	subtype	TCGA-KL-8327	TCGA-KL-8327-01A	Primary Tumor	0161b0d1-3fb0-45e8-bed0-df99aacaaac1	718f1665-6b2c-4d07-9dc5-93ca8e5c2bb0.rna_seq.augmented_star_gene_counts.tsv	6529d9d90e70e534246f1871c69d1e09	4205351	Data Release 46.0 - August 10, 2026	2026-09-11	released	5d8c131bbff59fb0c969217fc1d44e6d1503cd1f	2021-12-13T16:36:18.768420-06:00	2024-07-30T10:51:32.670317-05:00	TRUE	4205351	2026-08-19	6529d9d90e70e534246f1871c69d1e09	TRUE	53959542	TRUE		TRUE	not applicable
TCGA-KICH	subtype	TCGA-KL-8328	TCGA-KL-8328-01A	Primary Tumor	bde0a1ee-95e2-4ce3-956a-cd2a46f243cf	b5512d19-ee10-4499-9597-ae53735fc1fd.rna_seq.augmented_star_gene_counts.tsv	113bd430fe69f9f4aecc3b6efeacf47e	4224819	Data Release 46.0 - August 10, 2026	2026-09-11	released	5d8c131bbff59fb0c969217fc1d44e6d1503cd1f	2021-12-13T16:35:15.718252-06:00	2024-07-30T10:51:42.661378-05:00	TRUE	4224819	2026-08-19	113bd430fe69f9f4aecc3b6efeacf47e	TRUE	64678782	TRUE		TRUE	not applicable
TCGA-KICH	subtype	TCGA-KL-8329	TCGA-KL-8329-01A	Primary Tumor	bceddd9e-bed5-4e4e-a02d-d2eb5333e58f	9fd4e9f0-194f-406e-8470-5c8e2be65164.rna_seq.augmented_star_gene_counts.tsv	c35607d84056d4c0137057c183733a93	4238124	Data Release 46.0 - August 10, 2026	2026-09-11	released	5d8c131bbff59fb0c969217fc1d44e6d1503cd1f	2021-12-13T16:37:44.732278-06:00	2024-07-30T10:50:24.720991-05:00	TRUE	4238124	2026-08-19	c35607d84056d4c0137057c183733a93	TRUE	74035843	TRUE		TRUE	not applicable
TCGA-KICH	subtype	TCGA-KL-8330	TCGA-KL-8330-01A	Primary Tumor	57673850-bcd7-4c99-ae4b-749f775448a0	de852d82-03e1-47e0-8b3d-b49b4baf3743.rna_seq.augmented_star_gene_counts.tsv	61b356a7ce6fb5a4301edcbb377e2020	4233397	Data Release 46.0 - August 10, 2026	2026-09-11	released	5d8c131bbff59fb0c969217fc1d44e6d1503cd1f	2021-12-13T16:39:16.311922-06:00	2024-07-30T10:52:51.394987-05:00	TRUE	4233397	2026-08-19	61b356a7ce6fb5a4301edcbb377e2020	TRUE	71069380	TRUE		TRUE	not applicable
TCGA-KICH	subtype	TCGA-KL-8331	TCGA-KL-8331-01A	Primary Tumor	d4b49325-b917-4bb6-9813-864c0cec7b0d	0596e754-572d-440d-a7d1-dab5fdfdbcfc.rna_seq.augmented_star_gene_counts.tsv	293aa1e05899f74b5d3635d3b4a19a14	4229935	Data Release 46.0 - August 10, 2026	2026-09-11	released	5d8c131bbff59fb0c969217fc1d44e6d1503cd1f	2021-12-13T16:35:07.419960-06:00	2024-07-30T10:53:22.437049-05:00	TRUE	4229935	2026-08-19	293aa1e05899f74b5d3635d3b4a19a14	TRUE	65750747	TRUE		TRUE	not applicable
TCGA-KICH	subtype	TCGA-KL-8332	TCGA-KL-8332-01A	Primary Tumor	cfaeedcf-6198-463b-9724-8242131456d9	216a4f94-89f2-4369-a12d-ec57d92adbae.rna_seq.augmented_star_gene_counts.tsv	be687071d7694b1f2e2ccd24c0f38daf	4220943	Data Release 46.0 - August 10, 2026	2026-09-11	released	5d8c131bbff59fb0c969217fc1d44e6d1503cd1f	2021-12-13T16:38:58.274422-06:00	2024-07-30T10:53:17.401466-05:00	TRUE	4220943	2026-08-19	be687071d7694b1f2e2ccd24c0f38daf	TRUE	48786338	TRUE		TRUE	not applicable
TCGA-KICH	subtype	TCGA-KL-8333	TCGA-KL-8333-01A	Primary Tumor	eae2f64f-e216-4f97-b5ef-ed690bf4b7fd	bbabe4cc-dbbe-429e-98bc-f2f30da13e83.rna_seq.augmented_star_gene_counts.tsv	98cad66ecaddb9996c1ff67749c59e9b	4241727	Data Release 46.0 - August 10, 2026	2026-09-11	released	5d8c131bbff59fb0c969217fc1d44e6d1503cd1f	2021-12-13T16:35:41.810636-06:00	2024-07-30T10:53:35.618149-05:00	TRUE	4241727	2026-08-19	98cad66ecaddb9996c1ff67749c59e9b	TRUE	66398854	TRUE		TRUE	not applicable
TCGA-KICH	subtype	TCGA-KL-8334	TCGA-KL-8334-01A	Primary Tumor	acfdbc5a-2302-4781-b20a-314dfecadb3e	7fc4dd1c-2e19-43fe-a715-a0b1a8afc4c2.rna_seq.augmented_star_gene_counts.tsv	16f8fde0111172e38e5f8d675fb8d30b	4239772	Data Release 46.0 - August 10, 2026	2026-09-11	released	5d8c131bbff59fb0c969217fc1d44e6d1503cd1f	2021-12-13T16:36:13.205254-06:00	2024-07-30T10:52:30.077801-05:00	TRUE	4239772	2026-08-19	16f8fde0111172e38e5f8d675fb8d30b	TRUE	68894474	TRUE		TRUE	not applicable
TCGA-KICH	subtype	TCGA-KL-8335	TCGA-KL-8335-01A	Primary Tumor	09a25765-76d8-4d2a-9051-facbec6ba166	1b52b9e6-644f-43d5-842d-3412cbd40837.rna_seq.augmented_star_gene_counts.tsv	49fec2f71e4d5e22963decb39791a48f	4231116	Data Release 46.0 - August 10, 2026	2026-09-11	released	5d8c131bbff59fb0c969217fc1d44e6d1503cd1f	2021-12-13T16:34:32.483093-06:00	2024-07-30T10:51:23.269126-05:00	TRUE	4231116	2026-08-19	49fec2f71e4d5e22963decb39791a48f	TRUE	70818750	TRUE		TRUE	not applicable
TCGA-KICH	subtype	TCGA-KL-8336	TCGA-KL-8336-01A	Primary Tumor	ad201166-65b3-4363-9efc-423444184522	0ce8a489-d153-4067-bd71-c4bcd53bb7f8.rna_seq.augmented_star_gene_counts.tsv	0360e80352643a56f10f18f5bc4dc268	4233396	Data Release 46.0 - August 10, 2026	2026-09-11	released	5d8c131bbff59fb0c969217fc1d44e6d1503cd1f	2021-12-13T16:39:05.122025-06:00	2024-07-30T10:50:07.750916-05:00	TRUE	4233396	2026-08-19	0360e80352643a56f10f18f5bc4dc268	TRUE	65078790	TRUE		TRUE	not applicable
TCGA-KICH	subtype	TCGA-KL-8337	TCGA-KL-8337-01A	Primary Tumor	90516825-8270-4a23-8243-97f914b35be2	27134810-b8f3-42a5-aafa-c1e9479d7a86.rna_seq.augmented_star_gene_counts.tsv	27453c6b3ee4a6b9f3802e4304a85276	4231315	Data Release 46.0 - August 10, 2026	2026-09-11	released	5d8c131bbff59fb0c969217fc1d44e6d1503cd1f	2021-12-13T16:36:42.774229-06:00	2024-07-30T10:51:00.072098-05:00	TRUE	4231315	2026-08-19	27453c6b3ee4a6b9f3802e4304a85276	TRUE	66875518	TRUE		TRUE	not applicable
TCGA-KICH	subtype	TCGA-KL-8338	TCGA-KL-8338-01A	Primary Tumor	f13d1071-7019-4004-ac83-39b11ccea06e	247989e2-2037-4949-9853-ac835519355e.rna_seq.augmented_star_gene_counts.tsv	be4c3a5b09d9ae2c92b11fe2efe20907	4228413	Data Release 46.0 - August 10, 2026	2026-09-11	released	5d8c131bbff59fb0c969217fc1d44e6d1503cd1f	2021-12-13T16:39:26.618620-06:00	2024-07-30T10:53:39.406274-05:00	TRUE	4228413	2026-08-19	be4c3a5b09d9ae2c92b11fe2efe20907	TRUE	62223533	TRUE		TRUE	not applicable
TCGA-KICH	subtype	TCGA-KL-8339	TCGA-KL-8339-01A	Primary Tumor	b95cabf1-0dbc-4d01-a96d-2fca57ad32ce	07a1c477-d35e-4875-8059-c7f4f5e740ce.rna_seq.augmented_star_gene_counts.tsv	a76e2f7efb312b50142a0a5bc3c90690	4231562	Data Release 46.0 - August 10, 2026	2026-09-11	released	5d8c131bbff59fb0c969217fc1d44e6d1503cd1f	2021-12-13T16:36:57.748793-06:00	2024-07-30T10:50:56.431045-05:00	TRUE	4231562	2026-08-19	a76e2f7efb312b50142a0a5bc3c90690	TRUE	60794740	TRUE		TRUE	not applicable
TCGA-KICH	subtype	TCGA-KL-8340	TCGA-KL-8340-01A	Primary Tumor	08bd2f5a-9543-45b6-a7a3-c58f3d3ebfb6	9b667b7c-5316-4d80-bd69-2866dd0dcdcf.rna_seq.augmented_star_gene_counts.tsv	089badf4734642b9c313b71a787d86e8	4229303	Data Release 46.0 - August 10, 2026	2026-09-11	released	5d8c131bbff59fb0c969217fc1d44e6d1503cd1f	2021-12-13T16:37:02.374837-06:00	2024-07-30T10:51:21.750603-05:00	TRUE	4229303	2026-08-19	089badf4734642b9c313b71a787d86e8	TRUE	61132371	TRUE		TRUE	not applicable
TCGA-KICH	subtype	TCGA-KL-8341	TCGA-KL-8341-01A	Primary Tumor	fd91e3b8-4749-4e44-967d-725e77080966	6ed354db-ee75-4d04-9411-ace900a64229.rna_seq.augmented_star_gene_counts.tsv	98587002d576dde5b8a05bb66a5418d4	4239742	Data Release 46.0 - August 10, 2026	2026-09-11	released	5d8c131bbff59fb0c969217fc1d44e6d1503cd1f	2021-12-13T16:36:07.494363-06:00	2024-07-30T10:53:44.195898-05:00	TRUE	4239742	2026-08-19	98587002d576dde5b8a05bb66a5418d4	TRUE	75755519	TRUE		TRUE	not applicable
TCGA-KICH	subtype	TCGA-KL-8342	TCGA-KL-8342-01A	Primary Tumor	32ae3205-336a-4331-95ef-659e7174a269	9b034b19-e9a5-4550-b2b5-9b6886c657f1.rna_seq.augmented_star_gene_counts.tsv	1a4877ecab18f8687194148910d75bd1	4227348	Data Release 46.0 - August 10, 2026	2026-09-11	released	5d8c131bbff59fb0c969217fc1d44e6d1503cd1f	2021-12-13T16:36:22.369079-06:00	2024-07-30T10:52:33.532669-05:00	TRUE	4227348	2026-08-19	1a4877ecab18f8687194148910d75bd1	TRUE	57903310	TRUE		TRUE	not applicable
TCGA-KICH	subtype	TCGA-KL-8343	TCGA-KL-8343-01A	Primary Tumor	936f78b1-ca9b-46f3-849d-0ff10a7e602d	b5ad85fb-d0ea-4cde-aebf-2f3bb3d684dd.rna_seq.augmented_star_gene_counts.tsv	9319f9616993acfe3e2441513a4ca9ba	4232525	Data Release 46.0 - August 10, 2026	2026-09-11	released	5d8c131bbff59fb0c969217fc1d44e6d1503cd1f	2021-12-13T16:37:55.445543-06:00	2024-07-30T10:51:43.887136-05:00	TRUE	4232525	2026-08-19	9319f9616993acfe3e2441513a4ca9ba	TRUE	68186430	TRUE		TRUE	not applicable
TCGA-KICH	subtype	TCGA-KL-8344	TCGA-KL-8344-01A	Primary Tumor	cb2eba77-c85c-4473-a9de-d04366f3b9be	10f8dac1-6fe0-4976-acea-2bf677f1a7c8.rna_seq.augmented_star_gene_counts.tsv	0f9bd3c826e88bd77e6085d960cb78c7	4240741	Data Release 46.0 - August 10, 2026	2026-09-11	released	5d8c131bbff59fb0c969217fc1d44e6d1503cd1f	2021-12-13T16:37:46.200760-06:00	2024-07-30T10:53:14.986781-05:00	TRUE	4240741	2026-08-19	0f9bd3c826e88bd77e6085d960cb78c7	TRUE	76476088	TRUE		TRUE	not applicable
TCGA-KICH	subtype	TCGA-KL-8345	TCGA-KL-8345-01A	Primary Tumor	89b7b12e-c84c-4570-9982-4a22c7a1cc4c	6790e9d4-494b-4dd5-9c35-ef389bd95e7f.rna_seq.augmented_star_gene_counts.tsv	cee360b1707c5f746a3905a6d7ef5e88	4227030	Data Release 46.0 - August 10, 2026	2026-09-11	released	5d8c131bbff59fb0c969217fc1d44e6d1503cd1f	2021-12-13T16:36:11.065993-06:00	2024-07-30T10:50:40.761154-05:00	TRUE	4227030	2026-08-19	cee360b1707c5f746a3905a6d7ef5e88	TRUE	62938929	TRUE		TRUE	not applicable
TCGA-KICH	subtype	TCGA-KL-8346	TCGA-KL-8346-01A	Primary Tumor	65f03629-8dcf-456e-bb00-6cf2b0e40843	3145dfa6-b017-4195-b882-398a272fd3a4.rna_seq.augmented_star_gene_counts.tsv	7705b042ae34bb14aa472feb5653005f	4225043	Data Release 46.0 - August 10, 2026	2026-09-11	released	5d8c131bbff59fb0c969217fc1d44e6d1503cd1f	2021-12-13T16:37:12.509583-06:00	2024-07-30T10:51:19.217730-05:00	TRUE	4225043	2026-08-19	7705b042ae34bb14aa472feb5653005f	TRUE	67171584	TRUE		TRUE	not applicable
TCGA-KICH	subtype	TCGA-KM-8438	TCGA-KM-8438-01A	Primary Tumor	40691994-0e0c-4279-aede-a16d5e68eae8	8bfb45f6-9b80-4464-ba3e-10b3ffe6927b.rna_seq.augmented_star_gene_counts.tsv	2a6f7db796f7d1bddaaaf3dca00d24f4	4219800	Data Release 46.0 - August 10, 2026	2026-09-11	released	5d8c131bbff59fb0c969217fc1d44e6d1503cd1f	2021-12-13T16:35:58.618791-06:00	2024-07-30T10:50:33.327296-05:00	TRUE	4219800	2026-08-19	2a6f7db796f7d1bddaaaf3dca00d24f4	TRUE	60688426	TRUE		TRUE	not applicable
TCGA-KICH	subtype	TCGA-KM-8439	TCGA-KM-8439-01A	Primary Tumor	63e20c7d-64a5-48f3-8b66-f58b57dd4a7e	ad01e588-64f3-4394-8dc5-560e98ab19b9.rna_seq.augmented_star_gene_counts.tsv	3cef57ddf980a121335578fdbe6eeb9b	4226552	Data Release 46.0 - August 10, 2026	2026-09-11	released	5d8c131bbff59fb0c969217fc1d44e6d1503cd1f	2021-12-13T16:37:24.844198-06:00	2024-07-30T10:50:12.581389-05:00	TRUE	4226552	2026-08-19	3cef57ddf980a121335578fdbe6eeb9b	TRUE	54638775	TRUE		TRUE	not applicable
TCGA-KICH	subtype	TCGA-KM-8440	TCGA-KM-8440-01A	Primary Tumor	5a0e1d19-c2d4-4cff-9619-db3505383631	d352c6ea-2591-4c94-8603-76a3182d5cb4.rna_seq.augmented_star_gene_counts.tsv	09df3f89d13d503c59eb65496d1e72f6	4229637	Data Release 46.0 - August 10, 2026	2026-09-11	released	5d8c131bbff59fb0c969217fc1d44e6d1503cd1f	2021-12-13T16:35:38.673732-06:00	2024-07-30T10:51:16.828591-05:00	TRUE	4229637	2026-08-19	09df3f89d13d503c59eb65496d1e72f6	TRUE	66280696	TRUE		TRUE	not applicable
TCGA-KICH	subtype	TCGA-KM-8441	TCGA-KM-8441-01A	Primary Tumor	af794da5-6884-4f0d-9107-e236c2207dc9	16d039ef-1b0c-4ed8-97fc-0c440bb9482e.rna_seq.augmented_star_gene_counts.tsv	55d8807da9e07ba4fd930b8c44ea753a	4231547	Data Release 46.0 - August 10, 2026	2026-09-11	released	5d8c131bbff59fb0c969217fc1d44e6d1503cd1f	2021-12-13T16:36:36.263029-06:00	2024-07-30T10:52:11.419285-05:00	TRUE	4231547	2026-08-19	55d8807da9e07ba4fd930b8c44ea753a	TRUE	59677107	TRUE		TRUE	not applicable
TCGA-KICH	subtype	TCGA-KM-8442	TCGA-KM-8442-01A	Primary Tumor	a02fc376-4376-41f7-a2e3-1f3de09354b3	7d5f8b82-73cc-473f-824b-a5be90046e3a.rna_seq.augmented_star_gene_counts.tsv	ed5c510eff54522a84842972a480db0d	4239112	Data Release 46.0 - August 10, 2026	2026-09-11	released	5d8c131bbff59fb0c969217fc1d44e6d1503cd1f	2021-12-13T16:37:28.228593-06:00	2024-07-30T10:52:26.537921-05:00	TRUE	4239112	2026-08-19	ed5c510eff54522a84842972a480db0d	TRUE	64638125	TRUE		TRUE	not applicable
TCGA-KICH	subtype	TCGA-KM-8443	TCGA-KM-8443-01A	Primary Tumor	07bbb0ce-057f-4ce7-aeb5-74c924bf6ab5	c562d5f0-f474-42d3-9b04-57189e6df109.rna_seq.augmented_star_gene_counts.tsv	e7968c82ccc1600133cb57ceca1b7d86	4226443	Data Release 46.0 - August 10, 2026	2026-09-11	released	5d8c131bbff59fb0c969217fc1d44e6d1503cd1f	2021-12-13T16:38:40.091830-06:00	2024-07-30T10:50:22.259530-05:00	TRUE	4226443	2026-08-19	e7968c82ccc1600133cb57ceca1b7d86	TRUE	66083310	TRUE		TRUE	not applicable
TCGA-KICH	subtype	TCGA-KM-8476	TCGA-KM-8476-01A	Primary Tumor	d180a5c8-3713-4806-8124-efafedd69b41	43a203e0-f851-4de9-b03d-b4276058dd41.rna_seq.augmented_star_gene_counts.tsv	4335852be15af31d61cd9c5f384b126e	4213512	Data Release 46.0 - August 10, 2026	2026-09-11	released	5d8c131bbff59fb0c969217fc1d44e6d1503cd1f	2021-12-13T16:38:25.258198-06:00	2024-07-30T10:53:28.313529-05:00	TRUE	4213512	2026-08-19	4335852be15af31d61cd9c5f384b126e	TRUE	57192069	TRUE		TRUE	not applicable
TCGA-KICH	subtype	TCGA-KM-8477	TCGA-KM-8477-01A	Primary Tumor	bc55046f-7ce1-488c-9a60-664650e7e32b	fee25683-b29a-4dde-96ff-dbdc03dbc654.rna_seq.augmented_star_gene_counts.tsv	03decc894b5be8fbe6ca2f35033bf39b	4219368	Data Release 46.0 - August 10, 2026	2026-09-11	released	5d8c131bbff59fb0c969217fc1d44e6d1503cd1f	2021-12-13T16:39:06.956964-06:00	2024-07-30T10:51:39.130555-05:00	TRUE	4219368	2026-08-19	03decc894b5be8fbe6ca2f35033bf39b	TRUE	62164897	TRUE		TRUE	not applicable
TCGA-KICH	subtype	TCGA-KM-8639	TCGA-KM-8639-01A	Primary Tumor	cf934cea-bc57-4b8f-937d-3dbf867e83a4	bd08a087-4ab1-4785-9ce5-f652df907154.rna_seq.augmented_star_gene_counts.tsv	ffe2c69025ffc5d56bd6598386564813	4242344	Data Release 46.0 - August 10, 2026	2026-09-11	released	5d8c131bbff59fb0c969217fc1d44e6d1503cd1f	2021-12-13T16:34:18.750092-06:00	2024-07-30T10:52:47.471932-05:00	TRUE	4242344	2026-08-19	ffe2c69025ffc5d56bd6598386564813	TRUE	66548550	TRUE		TRUE	not applicable
TCGA-KICH	subtype	TCGA-KN-8418	TCGA-KN-8418-01A	Primary Tumor	8c39b6b3-07a1-47a0-8dd9-1b939124ae41	c4aa218a-5c7e-4e98-9bd6-e5269b21f8b5.rna_seq.augmented_star_gene_counts.tsv	4252c96469e59b0437ab74ad7873f691	4235392	Data Release 46.0 - August 10, 2026	2026-09-11	released	5d8c131bbff59fb0c969217fc1d44e6d1503cd1f	2021-12-13T16:34:45.399384-06:00	2024-07-30T10:51:07.661206-05:00	TRUE	4235392	2026-08-19	4252c96469e59b0437ab74ad7873f691	TRUE	69448278	TRUE		TRUE	not applicable
TCGA-KICH	subtype	TCGA-KN-8419	TCGA-KN-8419-01A	Primary Tumor	4e4330da-4f91-4eeb-85ae-007494022471	b5b2aa22-f024-4862-8a88-95d4b2c48c0d.rna_seq.augmented_star_gene_counts.tsv	7a87b5f9123165fa373db14a1d5efa45	4223116	Data Release 46.0 - August 10, 2026	2026-09-11	released	5d8c131bbff59fb0c969217fc1d44e6d1503cd1f	2021-12-13T16:37:57.096585-06:00	2024-07-30T10:51:56.513434-05:00	TRUE	4223116	2026-08-19	7a87b5f9123165fa373db14a1d5efa45	TRUE	55621228	TRUE		TRUE	not applicable
TCGA-KICH	subtype	TCGA-KN-8421	TCGA-KN-8421-01A	Primary Tumor	d1d59fba-79d7-4084-830d-81b3ea3fb482	399c3066-84a0-4533-9362-ec07ad8f7655.rna_seq.augmented_star_gene_counts.tsv	7f88076ac060e6434585881ff6e1facc	4230335	Data Release 46.0 - August 10, 2026	2026-09-11	released	5d8c131bbff59fb0c969217fc1d44e6d1503cd1f	2021-12-13T16:37:51.766866-06:00	2024-07-30T10:53:18.720031-05:00	TRUE	4230335	2026-08-19	7f88076ac060e6434585881ff6e1facc	TRUE	63981659	TRUE		TRUE	not applicable
TCGA-KICH	subtype	TCGA-KN-8422	TCGA-KN-8422-01A	Primary Tumor	a8472858-85d7-41a5-abcb-13b57d7137a0	eef6c176-f879-4f51-a102-3b4004388b68.rna_seq.augmented_star_gene_counts.tsv	43256298483550d7f8d032f61724e351	4220351	Data Release 46.0 - August 10, 2026	2026-09-11	released	5a02c12930eb23436322a7494047b907b97570c5	2022-08-22T10:24:04.523741-05:00	2024-07-29T19:44:47.526765-05:00	TRUE	4220351	2026-08-19	43256298483550d7f8d032f61724e351	TRUE	71665455	TRUE		TRUE	not applicable
TCGA-KICH	subtype	TCGA-KN-8423	TCGA-KN-8423-01A	Primary Tumor	c405ed6b-d3db-4db2-9686-ff8c0a4089b7	df99ecaa-143c-4dbf-91c5-8e3a76c60f74.rna_seq.augmented_star_gene_counts.tsv	5d5428bef93f0542c2b630b78dceb527	4241474	Data Release 46.0 - August 10, 2026	2026-09-11	released	5d8c131bbff59fb0c969217fc1d44e6d1503cd1f	2021-12-13T16:38:51.166999-06:00	2024-07-30T10:52:59.872572-05:00	TRUE	4241474	2026-08-19	5d5428bef93f0542c2b630b78dceb527	TRUE	76736104	TRUE		TRUE	not applicable
TCGA-KICH	subtype	TCGA-KN-8424	TCGA-KN-8424-01A	Primary Tumor	da6bb09f-b032-4c21-8393-19aaabaac999	f9444ec2-6f40-4051-9177-765181641c9e.rna_seq.augmented_star_gene_counts.tsv	8434291b9ec1e3f91c413aceec79e993	4239009	Data Release 46.0 - August 10, 2026	2026-09-11	released	5d8c131bbff59fb0c969217fc1d44e6d1503cd1f	2021-12-13T16:38:52.601848-06:00	2024-07-30T10:53:24.868675-05:00	TRUE	4239009	2026-08-19	8434291b9ec1e3f91c413aceec79e993	TRUE	69869329	TRUE		TRUE	not applicable
TCGA-KICH	subtype	TCGA-KN-8425	TCGA-KN-8425-01A	Primary Tumor	c08d5e3f-a031-4c10-9b38-ad9b3644c272	f3ac12c3-128b-41d2-bb87-39ead9dcc031.rna_seq.augmented_star_gene_counts.tsv	b993308610fba12524208a4b07a9aee2	4236687	Data Release 46.0 - August 10, 2026	2026-09-11	released	5d8c131bbff59fb0c969217fc1d44e6d1503cd1f	2021-12-13T16:38:26.622956-06:00	2024-07-30T10:51:05.209954-05:00	TRUE	4236687	2026-08-19	b993308610fba12524208a4b07a9aee2	TRUE	73058180	TRUE		TRUE	not applicable
TCGA-KICH	subtype	TCGA-KN-8426	TCGA-KN-8426-01A	Primary Tumor	e28a82e7-e9bc-4c98-a9c0-4a28c534d030	6ed4c4b2-8125-483e-bcd5-363df40f88dd.rna_seq.augmented_star_gene_counts.tsv	f981449f96a47a902d583a2eee41dd0e	4232417	Data Release 46.0 - August 10, 2026	2026-09-11	released	5d8c131bbff59fb0c969217fc1d44e6d1503cd1f	2021-12-13T16:34:20.342858-06:00	2024-07-30T10:53:33.091363-05:00	TRUE	4232417	2026-08-19	f981449f96a47a902d583a2eee41dd0e	TRUE	65975356	TRUE		TRUE	not applicable
TCGA-KICH	subtype	TCGA-KN-8427	TCGA-KN-8427-01A	Primary Tumor	05f5d36d-3f71-4d9c-9668-7dce66f48cd9	a8440ee0-f9a0-4638-9be1-ae0800f18e32.rna_seq.augmented_star_gene_counts.tsv	c7bcdd2546266fd6c502bb8138e8e24e	4234483	Data Release 46.0 - August 10, 2026	2026-09-11	released	5d8c131bbff59fb0c969217fc1d44e6d1503cd1f	2021-12-13T16:37:09.079560-06:00	2024-07-30T10:50:18.644704-05:00	TRUE	4234483	2026-08-19	c7bcdd2546266fd6c502bb8138e8e24e	TRUE	65184240	TRUE		TRUE	not applicable
TCGA-KICH	subtype	TCGA-KN-8428	TCGA-KN-8428-01A	Primary Tumor	75814e94-8ca3-469e-85d1-f5489287c285	3259055f-7131-4e7a-a2d9-dad1876b03f2.rna_seq.augmented_star_gene_counts.tsv	75b16c2ed5835147894e0122c8223970	4248133	Data Release 46.0 - August 10, 2026	2026-09-11	released	5d8c131bbff59fb0c969217fc1d44e6d1503cd1f	2021-12-13T16:35:55.691299-06:00	2024-07-30T10:52:53.752085-05:00	TRUE	4248133	2026-08-19	75b16c2ed5835147894e0122c8223970	TRUE	70694180	TRUE		TRUE	not applicable
TCGA-KICH	subtype	TCGA-KN-8429	TCGA-KN-8429-01A	Primary Tumor	c31c518e-609d-441d-92e3-de1eb13a6789	97795abf-f7b5-47dc-9854-354285883826.rna_seq.augmented_star_gene_counts.tsv	0abdb218bc302b21bbc9f23976fa8ff5	4237909	Data Release 46.0 - August 10, 2026	2026-09-11	released	5d8c131bbff59fb0c969217fc1d44e6d1503cd1f	2021-12-13T16:34:36.028107-06:00	2024-07-30T10:51:30.064643-05:00	TRUE	4237909	2026-08-19	0abdb218bc302b21bbc9f23976fa8ff5	TRUE	63386748	TRUE		TRUE	not applicable
TCGA-KICH	subtype	TCGA-KN-8431	TCGA-KN-8431-01A	Primary Tumor	5c303083-6853-4f1f-b341-b7f4580a0129	58efbb4c-e813-44bc-b237-0448477575bc.rna_seq.augmented_star_gene_counts.tsv	6a202a91f2db3e3bf4ecea0f11929121	4203698	Data Release 46.0 - August 10, 2026	2026-09-11	released	5d8c131bbff59fb0c969217fc1d44e6d1503cd1f	2021-12-13T16:36:38.309497-06:00	2024-07-30T10:51:01.315890-05:00	TRUE	4203698	2026-08-19	6a202a91f2db3e3bf4ecea0f11929121	TRUE	33767621	TRUE		TRUE	not applicable
TCGA-KICH	subtype	TCGA-KN-8432	TCGA-KN-8432-01A	Primary Tumor	a007ff12-ba3c-47b8-9acc-121816a85594	0ced9958-5054-428f-9010-a4ca3dab3bce.rna_seq.augmented_star_gene_counts.tsv	85189619b9bfe357a9bd22b602be2719	4224296	Data Release 46.0 - August 10, 2026	2026-09-11	released	5d8c131bbff59fb0c969217fc1d44e6d1503cd1f	2021-12-13T16:37:37.309869-06:00	2024-07-30T10:51:36.266374-05:00	TRUE	4224296	2026-08-19	85189619b9bfe357a9bd22b602be2719	TRUE	38419197	TRUE		TRUE	not applicable
TCGA-KICH	subtype	TCGA-KN-8433	TCGA-KN-8433-01A	Primary Tumor	00ddf8c2-039f-409f-a2ed-b29e18395dd4	f07b7c4c-5f30-4c51-9eb1-4f873ad49c56.rna_seq.augmented_star_gene_counts.tsv	e2e47963ef332d148c4caee63c7f0bf4	4218545	Data Release 46.0 - August 10, 2026	2026-09-11	released	5d8c131bbff59fb0c969217fc1d44e6d1503cd1f	2021-12-13T16:34:08.505721-06:00	2024-07-30T10:52:56.128934-05:00	TRUE	4218545	2026-08-19	e2e47963ef332d148c4caee63c7f0bf4	TRUE	54306226	TRUE		TRUE	not applicable
TCGA-KICH	subtype	TCGA-KN-8434	TCGA-KN-8434-01A	Primary Tumor	313f5ebe-36bc-45de-84a3-93f8e27563c1	552b8b99-bd4e-4a81-99c8-b603c9678012.rna_seq.augmented_star_gene_counts.tsv	a70cd757b41286ab9e371f2c40a540e6	4236511	Data Release 46.0 - August 10, 2026	2026-09-11	released	5d8c131bbff59fb0c969217fc1d44e6d1503cd1f	2021-12-13T16:34:55.544608-06:00	2024-07-30T10:50:13.783053-05:00	TRUE	4236511	2026-08-19	a70cd757b41286ab9e371f2c40a540e6	TRUE	61676172	TRUE		TRUE	not applicable
TCGA-KICH	subtype	TCGA-KN-8435	TCGA-KN-8435-01A	Primary Tumor	c62fb1ef-ebc8-4acd-836f-a5d3b81ccfd4	e7c891c6-0195-4731-b09a-a57365dffd44.rna_seq.augmented_star_gene_counts.tsv	847a3ba6c056774e876e8d66d6992c5b	4238937	Data Release 46.0 - August 10, 2026	2026-09-11	released	5d8c131bbff59fb0c969217fc1d44e6d1503cd1f	2021-12-13T16:34:29.152762-06:00	2024-07-30T10:50:53.973215-05:00	TRUE	4238937	2026-08-19	847a3ba6c056774e876e8d66d6992c5b	TRUE	64011930	TRUE		TRUE	not applicable
TCGA-KICH	subtype	TCGA-KN-8436	TCGA-KN-8436-01A	Primary Tumor	3edddf65-e0ca-447c-9942-520d03e4b460	5829ce46-68ed-4238-b5f3-c542947fc123.rna_seq.augmented_star_gene_counts.tsv	a65390980afd8c156a690d6c83545d13	4233277	Data Release 46.0 - August 10, 2026	2026-09-11	released	5d8c131bbff59fb0c969217fc1d44e6d1503cd1f	2021-12-13T16:36:46.394939-06:00	2024-07-30T10:50:50.399884-05:00	TRUE	4233277	2026-08-19	a65390980afd8c156a690d6c83545d13	TRUE	69046575	TRUE		TRUE	not applicable
TCGA-KICH	subtype	TCGA-KN-8437	TCGA-KN-8437-01A	Primary Tumor	ac7e275d-e504-486d-a878-9655c1693eda	41832ecf-1f7f-4972-88ac-530548aed119.rna_seq.augmented_star_gene_counts.tsv	813e90f57cbe8c91099e1c226de74565	4234181	Data Release 46.0 - August 10, 2026	2026-09-11	released	5d8c131bbff59fb0c969217fc1d44e6d1503cd1f	2021-12-13T16:35:19.966242-06:00	2024-07-30T10:51:51.424173-05:00	TRUE	4234181	2026-08-19	813e90f57cbe8c91099e1c226de74565	TRUE	69714413	TRUE		TRUE	not applicable
TCGA-KICH	subtype	TCGA-KO-8403	TCGA-KO-8403-01A	Primary Tumor	4f9f330d-2f98-4011-9577-5c772d263983	268b803d-f743-4def-aae0-7d69d6e935af.rna_seq.augmented_star_gene_counts.tsv	d8c849ecd54b2b9b478649a53e54f111	4230397	Data Release 46.0 - August 10, 2026	2026-09-11	released	5d8c131bbff59fb0c969217fc1d44e6d1503cd1f	2021-12-13T16:38:17.437052-06:00	2024-07-30T10:51:20.441900-05:00	TRUE	4230397	2026-08-19	d8c849ecd54b2b9b478649a53e54f111	TRUE	70078286	TRUE		TRUE	not applicable
TCGA-KICH	subtype	TCGA-KO-8404	TCGA-KO-8404-01A	Primary Tumor	1da5f38c-8a6e-4ada-9161-53e6fdcf316b	422d6c65-7b79-427d-a8d1-f14f23eb4be5.rna_seq.augmented_star_gene_counts.tsv	bb1470ed4b9cf2517bdad1371d4fd1a7	4236157	Data Release 46.0 - August 10, 2026	2026-09-11	released	5d8c131bbff59fb0c969217fc1d44e6d1503cd1f	2021-12-13T16:35:35.388083-06:00	2024-07-30T10:51:12.602172-05:00	TRUE	4236157	2026-08-19	bb1470ed4b9cf2517bdad1371d4fd1a7	TRUE	43107567	TRUE		TRUE	not applicable
TCGA-KICH	subtype	TCGA-KO-8405	TCGA-KO-8405-01A	Primary Tumor	0e3f97a7-63b5-4d66-bc64-1cfba1a7c32e	2b3f591a-b826-4a4e-999e-1cf50172e56d.rna_seq.augmented_star_gene_counts.tsv	d36ba720bd9bc28c29393a5c34458c2e	4231502	Data Release 46.0 - August 10, 2026	2026-09-11	released	5d8c131bbff59fb0c969217fc1d44e6d1503cd1f	2021-12-13T16:37:31.559055-06:00	2024-07-30T10:51:52.859285-05:00	TRUE	4231502	2026-08-19	d36ba720bd9bc28c29393a5c34458c2e	TRUE	60553462	TRUE		TRUE	not applicable
TCGA-KICH	subtype	TCGA-KO-8406	TCGA-KO-8406-01A	Primary Tumor	52eafdc5-9c9e-47f3-8295-14c4aced0a83	dc0bf54e-be63-4de1-ba16-67f3526d1f2b.rna_seq.augmented_star_gene_counts.tsv	19e8fbe9d4cac466c1a4db6fd3dc88bd	4235346	Data Release 46.0 - August 10, 2026	2026-09-11	released	5d8c131bbff59fb0c969217fc1d44e6d1503cd1f	2021-12-13T16:34:48.869782-06:00	2024-07-30T10:52:15.091957-05:00	TRUE	4235346	2026-08-19	19e8fbe9d4cac466c1a4db6fd3dc88bd	TRUE	68518614	TRUE		TRUE	not applicable
TCGA-KICH	subtype	TCGA-KO-8407	TCGA-KO-8407-01A	Primary Tumor	55cd194a-fdbd-4843-8d36-265c1a92ee34	4d073a99-e8f9-4095-8436-7db1c554a0fe.rna_seq.augmented_star_gene_counts.tsv	3b0f555b55f21400fbd6df057c8a7dfc	4234566	Data Release 46.0 - August 10, 2026	2026-09-11	released	5d8c131bbff59fb0c969217fc1d44e6d1503cd1f	2021-12-13T16:37:05.684830-06:00	2024-07-30T10:52:17.564235-05:00	TRUE	4234566	2026-08-19	3b0f555b55f21400fbd6df057c8a7dfc	TRUE	63142385	TRUE		TRUE	not applicable
TCGA-KICH	subtype	TCGA-KO-8408	TCGA-KO-8408-01A	Primary Tumor	7f8ab784-42a6-4ab5-ad93-8afec6d40648	1c10a512-7101-4413-97e5-609216ede706.rna_seq.augmented_star_gene_counts.tsv	44ce33971d5c1cc41ef6976073a1f282	4225496	Data Release 46.0 - August 10, 2026	2026-09-11	released	5d8c131bbff59fb0c969217fc1d44e6d1503cd1f	2021-12-13T16:39:02.188328-06:00	2024-07-30T10:50:34.476001-05:00	TRUE	4225496	2026-08-19	44ce33971d5c1cc41ef6976073a1f282	TRUE	52033355	TRUE		TRUE	not applicable
TCGA-KICH	subtype	TCGA-KO-8409	TCGA-KO-8409-01A	Primary Tumor	80bfeafd-0b6a-49ef-a93e-e6bff0e6d2c1	5b0be70e-c528-4f46-be57-c49abea8e08f.rna_seq.augmented_star_gene_counts.tsv	f08db0e333508a381e81a23734c619a6	4213466	Data Release 46.0 - August 10, 2026	2026-09-11	released	5d8c131bbff59fb0c969217fc1d44e6d1503cd1f	2021-12-13T16:38:48.310063-06:00	2024-07-30T10:50:35.698523-05:00	TRUE	4213466	2026-08-19	f08db0e333508a381e81a23734c619a6	TRUE	59784423	TRUE		TRUE	not applicable
TCGA-KICH	subtype	TCGA-KO-8410	TCGA-KO-8410-01A	Primary Tumor	f66edd9e-0dbe-4273-a64e-b326485350f0	c2d88d54-7eb2-4d9e-8a93-913053ea17d4.rna_seq.augmented_star_gene_counts.tsv	62a2b213843aa57082aa9acd20773e7e	4235090	Data Release 46.0 - August 10, 2026	2026-09-11	released	5d8c131bbff59fb0c969217fc1d44e6d1503cd1f	2021-12-13T16:34:01.850107-06:00	2024-07-30T10:53:40.633573-05:00	TRUE	4235090	2026-08-19	62a2b213843aa57082aa9acd20773e7e	TRUE	71442976	TRUE		TRUE	not applicable
TCGA-KICH	subtype	TCGA-KO-8411	TCGA-KO-8411-01A	Primary Tumor	44f86a07-70a2-4693-a1a3-99e349a04284	82ecc577-e8b2-47f5-90b3-95b7e0dc9737.rna_seq.augmented_star_gene_counts.tsv	04361d10fa0a57b8ae96bf290fb534eb	4229238	Data Release 46.0 - August 10, 2026	2026-09-11	released	5d8c131bbff59fb0c969217fc1d44e6d1503cd1f	2021-12-13T16:38:32.552235-06:00	2024-07-30T10:50:25.866742-05:00	TRUE	4229238	2026-08-19	04361d10fa0a57b8ae96bf290fb534eb	TRUE	62896777	TRUE		TRUE	not applicable
TCGA-KICH	subtype	TCGA-KO-8413	TCGA-KO-8413-01A	Primary Tumor	0ba21ef5-0829-422e-a674-d3817498c333	4868e8fc-e045-475a-a81d-ef43eabb7066.rna_seq.augmented_star_gene_counts.tsv	8ce981bba12862aab95391631b5c8c40	4236142	Data Release 46.0 - August 10, 2026	2026-09-11	released	5d8c131bbff59fb0c969217fc1d44e6d1503cd1f	2021-12-13T16:36:53.773469-06:00	2024-07-30T10:50:11.413993-05:00	TRUE	4236142	2026-08-19	8ce981bba12862aab95391631b5c8c40	TRUE	58767382	TRUE		TRUE	not applicable
TCGA-KICH	subtype	TCGA-KO-8414	TCGA-KO-8414-01A	Primary Tumor	21fae5a3-ec3c-4546-b880-b470688c7bd8	8c90619c-7b53-4033-a965-1456b9994686.rna_seq.augmented_star_gene_counts.tsv	9a4c5b9b252809e0e2654a4828b8ce2f	4233245	Data Release 46.0 - August 10, 2026	2026-09-11	released	5d8c131bbff59fb0c969217fc1d44e6d1503cd1f	2021-12-13T16:36:26.575769-06:00	2024-07-30T10:52:08.848000-05:00	TRUE	4233245	2026-08-19	9a4c5b9b252809e0e2654a4828b8ce2f	TRUE	68976414	TRUE		TRUE	not applicable
TCGA-KICH	subtype	TCGA-KO-8415	TCGA-KO-8415-01A	Primary Tumor	8dd0ae16-c0b1-4850-8d9b-4c3f2d4cef57	338fe458-1599-4ab5-a118-ceaaf42ab6fe.rna_seq.augmented_star_gene_counts.tsv	34ac801af41ad19df53f104f69e4da5d	4223536	Data Release 46.0 - August 10, 2026	2026-09-11	released	5d8c131bbff59fb0c969217fc1d44e6d1503cd1f	2021-12-13T16:35:03.629954-06:00	2024-07-30T10:52:18.733170-05:00	TRUE	4223536	2026-08-19	34ac801af41ad19df53f104f69e4da5d	TRUE	56461464	TRUE		TRUE	not applicable
TCGA-KICH	subtype	TCGA-KO-8416	TCGA-KO-8416-01A	Primary Tumor	0e778a8e-d8eb-4357-aaac-e68f95b795f4	e7298d30-d154-41d1-a962-766996a80c7d.rna_seq.augmented_star_gene_counts.tsv	d5f22042d2627633c26ff601c7703df0	4221273	Data Release 46.0 - August 10, 2026	2026-09-11	released	5d8c131bbff59fb0c969217fc1d44e6d1503cd1f	2021-12-13T16:36:01.486561-06:00	2024-07-30T10:52:57.519255-05:00	TRUE	4221273	2026-08-19	d5f22042d2627633c26ff601c7703df0	TRUE	62330686	TRUE		TRUE	not applicable
TCGA-KICH	subtype	TCGA-KO-8417	TCGA-KO-8417-01A	Primary Tumor	f5233c6c-18bf-494e-8f33-a8d0ec3e7c84	4db1ba62-beea-4834-8852-25b7f132d83e.rna_seq.augmented_star_gene_counts.tsv	3e78387253670da052eb0d5d2221e4e3	4230866	Data Release 46.0 - August 10, 2026	2026-09-11	released	5d8c131bbff59fb0c969217fc1d44e6d1503cd1f	2021-12-13T16:38:19.181953-06:00	2024-07-30T10:53:41.865898-05:00	TRUE	4230866	2026-08-19	3e78387253670da052eb0d5d2221e4e3	TRUE	62437640	TRUE		TRUE	not applicable
TCGA-KICH	subtype	TCGA-KL-8324	TCGA-KL-8324-11A	Solid Tissue Normal	3feb57be-de34-4e5a-b224-b00444505159	c5b1e632-1936-4da0-b76f-c74d64be1979.rna_seq.augmented_star_gene_counts.tsv	22c9e40803486eea8252c1971859c2dc	4250592	Data Release 46.0 - August 10, 2026	2026-09-11	released	5d8c131bbff59fb0c969217fc1d44e6d1503cd1f	2021-12-13T16:38:11.996838-06:00	2024-07-30T10:50:44.523095-05:00	FALSE						FALSE	non-primary sample	FALSE	not applicable
TCGA-KICH	subtype	TCGA-KL-8326	TCGA-KL-8326-11A	Solid Tissue Normal	c63425b2-681d-4360-895e-ccc9cdff2288	f93e2a7a-b739-4749-9c7a-296846df6065.rna_seq.augmented_star_gene_counts.tsv	64ab2c53efecc28b68f662b5edeecf42	4245866	Data Release 46.0 - August 10, 2026	2026-09-11	released	5d8c131bbff59fb0c969217fc1d44e6d1503cd1f	2021-12-13T16:37:17.027660-06:00	2024-07-30T10:52:16.307448-05:00	FALSE						FALSE	non-primary sample	FALSE	not applicable
TCGA-KICH	subtype	TCGA-KL-8329	TCGA-KL-8329-11A	Solid Tissue Normal	1422e1e9-e6d1-4965-aca3-95567b0e66af	0e06eaab-ec01-4b30-be69-d476bf070bb5.rna_seq.augmented_star_gene_counts.tsv	74d5ead02bead9511c3cb55d0e986f8d	4250044	Data Release 46.0 - August 10, 2026	2026-09-11	released	5d8c131bbff59fb0c969217fc1d44e6d1503cd1f	2021-12-13T16:38:33.961805-06:00	2024-07-30T10:53:04.788550-05:00	FALSE						FALSE	non-primary sample	FALSE	not applicable
TCGA-KICH	subtype	TCGA-KL-8332	TCGA-KL-8332-11A	Solid Tissue Normal	c7073802-c11b-429a-92ac-0617a712d967	87a17e32-28e0-4f2a-9c73-d629e26a0acc.rna_seq.augmented_star_gene_counts.tsv	5f3eff063f3431e225fec0286fa74405	4242607	Data Release 46.0 - August 10, 2026	2026-09-11	released	5d8c131bbff59fb0c969217fc1d44e6d1503cd1f	2021-12-13T16:36:03.091818-06:00	2024-07-30T10:53:01.041896-05:00	FALSE						FALSE	non-primary sample	FALSE	not applicable
TCGA-KICH	subtype	TCGA-KL-8336	TCGA-KL-8336-11A	Solid Tissue Normal	73957427-4916-4375-8052-8377d01d9b98	43551604-ee6b-4b8a-a01e-70bb7eb3bb04.rna_seq.augmented_star_gene_counts.tsv	c899ef4e03a191da2ea8db86033143c4	4250636	Data Release 46.0 - August 10, 2026	2026-09-11	released	5d8c131bbff59fb0c969217fc1d44e6d1503cd1f	2021-12-13T16:38:04.116355-06:00	2024-07-30T10:52:10.093602-05:00	FALSE						FALSE	non-primary sample	FALSE	not applicable
TCGA-KICH	subtype	TCGA-KL-8339	TCGA-KL-8339-11A	Solid Tissue Normal	da2beada-3602-4701-b457-e3af189420b8	a4972851-5132-4465-b1c9-679bb3a644f4.rna_seq.augmented_star_gene_counts.tsv	f3a2d8adfd78e8126b97e34fc36de46a	4248061	Data Release 46.0 - August 10, 2026	2026-09-11	released	5d8c131bbff59fb0c969217fc1d44e6d1503cd1f	2021-12-13T16:39:18.395556-06:00	2024-07-30T10:53:21.178574-05:00	FALSE						FALSE	non-primary sample	FALSE	not applicable
TCGA-KICH	subtype	TCGA-KN-8419	TCGA-KN-8419-11A	Solid Tissue Normal	914f846b-1487-4833-b6e4-b579f971a892	05fbb99d-cafc-4ca0-9581-8b46dedfce8e.rna_seq.augmented_star_gene_counts.tsv	0e884aeb131bd91eb893049097ef284e	4247881	Data Release 46.0 - August 10, 2026	2026-09-11	released	5d8c131bbff59fb0c969217fc1d44e6d1503cd1f	2021-12-13T16:34:06.691380-06:00	2024-07-30T10:51:58.858894-05:00	FALSE						FALSE	non-primary sample	FALSE	not applicable
TCGA-KICH	subtype	TCGA-KN-8422	TCGA-KN-8422-11A	Solid Tissue Normal	218d3c02-be52-4545-9390-8dd105c080a2	edd29e04-9693-4133-9f00-527ab1063565.rna_seq.augmented_star_gene_counts.tsv	502dac2cc7041f2850db3fdaffdec647	4255188	Data Release 46.0 - August 10, 2026	2026-09-11	released	5d8c131bbff59fb0c969217fc1d44e6d1503cd1f	2021-12-13T16:36:31.512248-06:00	2024-07-30T10:52:32.345311-05:00	FALSE						FALSE	non-primary sample	FALSE	not applicable
TCGA-KICH	subtype	TCGA-KN-8423	TCGA-KN-8423-11A	Solid Tissue Normal	7f12ad31-9620-4399-b940-637846cd7e9a	8cf52972-c164-4823-9529-3b32e5be5b39.rna_seq.augmented_star_gene_counts.tsv	4f5ad47c07fa5cb69da9f389ffda170a	4258436	Data Release 46.0 - August 10, 2026	2026-09-11	released	5d8c131bbff59fb0c969217fc1d44e6d1503cd1f	2021-12-13T16:35:12.484718-06:00	2024-07-30T10:50:17.469349-05:00	FALSE						FALSE	non-primary sample	FALSE	not applicable
TCGA-KICH	subtype	TCGA-KN-8424	TCGA-KN-8424-11A	Solid Tissue Normal	2e764b0a-f1c2-4e9c-9a16-95a0cf884754	c0eb9d16-2577-4c4d-a2e7-b34747e38aea.rna_seq.augmented_star_gene_counts.tsv	e962f27890db06d6dd4f32d12e495bc6	4247345	Data Release 46.0 - August 10, 2026	2026-09-11	released	5d8c131bbff59fb0c969217fc1d44e6d1503cd1f	2021-12-13T16:35:23.178255-06:00	2024-07-30T10:52:12.651386-05:00	FALSE						FALSE	non-primary sample	FALSE	not applicable
TCGA-KICH	subtype	TCGA-KN-8425	TCGA-KN-8425-11A	Solid Tissue Normal	4cb88230-a7c0-4ced-a257-45b7f1163af7	06b24786-bda3-4dde-a750-c542c30c5c9a.rna_seq.augmented_star_gene_counts.tsv	7b48706ea60da21454253aba3d428505	4254268	Data Release 46.0 - August 10, 2026	2026-09-11	released	5d8c131bbff59fb0c969217fc1d44e6d1503cd1f	2021-12-13T16:35:51.450797-06:00	2024-07-30T10:52:34.693149-05:00	FALSE						FALSE	non-primary sample	FALSE	not applicable
TCGA-KICH	subtype	TCGA-KN-8426	TCGA-KN-8426-11A	Solid Tissue Normal	0c084571-72e0-4592-974e-a00d95e3a6a5	648cd526-57df-4ee8-a48e-02babbe7e5c6.rna_seq.augmented_star_gene_counts.tsv	0d96299f2f96c2f74d53486567b18a1a	4259061	Data Release 46.0 - August 10, 2026	2026-09-11	released	5d8c131bbff59fb0c969217fc1d44e6d1503cd1f	2021-12-13T16:34:24.353571-06:00	2024-07-30T10:50:06.388905-05:00	FALSE						FALSE	non-primary sample	FALSE	not applicable
TCGA-KICH	subtype	TCGA-KN-8427	TCGA-KN-8427-11A	Solid Tissue Normal	ba667c63-1ffd-431f-87c4-9678da71b6eb	f4c02941-9160-4bc5-bc6a-04925b257e89.rna_seq.augmented_star_gene_counts.tsv	e7b0c58235c3ed020a00f993e6214e77	4251395	Data Release 46.0 - August 10, 2026	2026-09-11	released	5d8c131bbff59fb0c969217fc1d44e6d1503cd1f	2021-12-13T16:35:32.180364-06:00	2024-07-30T10:52:06.435387-05:00	FALSE						FALSE	non-primary sample	FALSE	not applicable
TCGA-KICH	subtype	TCGA-KN-8428	TCGA-KN-8428-11A	Solid Tissue Normal	3dfa2b7f-ea24-4c0e-8fc7-6177af44d882	0a0b75ab-0e92-4d25-abd0-5ebc075b432b.rna_seq.augmented_star_gene_counts.tsv	443a846d54afe5fe5af143053cf1614f	4250647	Data Release 46.0 - August 10, 2026	2026-09-11	released	5d8c131bbff59fb0c969217fc1d44e6d1503cd1f	2021-12-13T16:35:01.815764-06:00	2024-07-30T10:50:28.351394-05:00	FALSE						FALSE	non-primary sample	FALSE	not applicable
TCGA-KICH	subtype	TCGA-KN-8429	TCGA-KN-8429-11A	Solid Tissue Normal	83277611-2ed5-449e-b834-f42d4b4f9725	8bc25afd-f9aa-4d14-a328-0eb1b24844e1.rna_seq.augmented_star_gene_counts.tsv	536392c5ef8eb8656e66435197f35877	4251173	Data Release 46.0 - August 10, 2026	2026-09-11	released	5d8c131bbff59fb0c969217fc1d44e6d1503cd1f	2021-12-13T16:38:02.468223-06:00	2024-07-30T10:50:10.120531-05:00	FALSE						FALSE	non-primary sample	FALSE	not applicable
TCGA-KICH	subtype	TCGA-KN-8430	TCGA-KN-8430-01A	Primary Tumor	1db88b1a-ebe4-4500-8549-3e498271147f	3ca2395c-b080-4307-aa99-c101fa435b10.rna_seq.augmented_star_gene_counts.tsv	20a89400666c01c5933ebfd178f5157b	4234363	Data Release 46.0 - August 10, 2026	2026-09-11	released	5d8c131bbff59fb0c969217fc1d44e6d1503cd1f	2021-12-13T16:37:19.000383-06:00	2024-07-30T10:51:18.001176-05:00	TRUE	4234363	2026-08-19	20a89400666c01c5933ebfd178f5157b	TRUE	61574910	FALSE	non-positive or missing survival time	FALSE	not applicable
TCGA-KICH	subtype	TCGA-KN-8430	TCGA-KN-8430-11A	Solid Tissue Normal	634895fe-6325-4d91-a9b6-037c3f0e2aea	a88a32c8-8932-4823-8d6a-e63dc70580d9.rna_seq.augmented_star_gene_counts.tsv	890eed2584e5b5883ca6b42a322b4789	4249175	Data Release 46.0 - August 10, 2026	2026-09-11	released	5d8c131bbff59fb0c969217fc1d44e6d1503cd1f	2021-12-13T16:34:57.208447-06:00	2024-07-30T10:53:06.053863-05:00	FALSE						FALSE	non-primary sample	FALSE	not applicable
TCGA-KICH	subtype	TCGA-KN-8431	TCGA-KN-8431-11A	Solid Tissue Normal	aa918528-a7df-46be-8aee-ac1a02a29e88	edda69b4-b455-4698-bf7d-267a3e4983db.rna_seq.augmented_star_gene_counts.tsv	38ea9006e93415097385e6acda183937	4250458	Data Release 46.0 - August 10, 2026	2026-09-11	released	5d8c131bbff59fb0c969217fc1d44e6d1503cd1f	2021-12-13T16:34:39.095028-06:00	2024-07-30T10:52:58.702979-05:00	FALSE						FALSE	non-primary sample	FALSE	not applicable
TCGA-KICH	subtype	TCGA-KN-8432	TCGA-KN-8432-11A	Solid Tissue Normal	068d8636-bd78-4ea2-9d16-666c660a05c2	72c8d597-a4ab-4235-8783-c2e3c0d3bc3d.rna_seq.augmented_star_gene_counts.tsv	2ce665296b154db784fb69436525a2e7	4248576	Data Release 46.0 - August 10, 2026	2026-09-11	released	5d8c131bbff59fb0c969217fc1d44e6d1503cd1f	2021-12-13T16:35:45.134713-06:00	2024-07-30T10:53:09.724879-05:00	FALSE						FALSE	non-primary sample	FALSE	not applicable
TCGA-KICH	subtype	TCGA-KN-8433	TCGA-KN-8433-11A	Solid Tissue Normal	63a93687-c0bc-46bd-ade7-a07ff25f2df1	664fe14c-8009-468c-996d-c28efeda9e02.rna_seq.augmented_star_gene_counts.tsv	2efef338b9838d9e31a143b28b4e5529	4244304	Data Release 46.0 - August 10, 2026	2026-09-11	released	5d8c131bbff59fb0c969217fc1d44e6d1503cd1f	2021-12-13T16:35:27.385009-06:00	2024-07-30T10:50:16.214858-05:00	FALSE						FALSE	non-primary sample	FALSE	not applicable
TCGA-KICH	subtype	TCGA-KN-8434	TCGA-KN-8434-11A	Solid Tissue Normal	e838e897-2515-4dd7-a972-0d8ce4bd7bc8	6d3a1676-bb0b-4167-835d-25ddb1cf9d31.rna_seq.augmented_star_gene_counts.tsv	eccdb8336bc3ddd6af7833fe453b2954	4251155	Data Release 46.0 - August 10, 2026	2026-09-11	released	5d8c131bbff59fb0c969217fc1d44e6d1503cd1f	2021-12-13T16:38:10.427370-06:00	2024-07-30T10:53:29.475494-05:00	FALSE						FALSE	non-primary sample	FALSE	not applicable
TCGA-KICH	subtype	TCGA-KN-8435	TCGA-KN-8435-11A	Solid Tissue Normal	b7aa0328-5e0d-4534-bc14-4de19e55e6d9	12e857d8-77be-477e-961a-87b7e7cd1aa7.rna_seq.augmented_star_gene_counts.tsv	01733e00810637ad7e3a64b2be1769c5	4255840	Data Release 46.0 - August 10, 2026	2026-09-11	released	5d8c131bbff59fb0c969217fc1d44e6d1503cd1f	2021-12-13T16:37:40.642179-06:00	2024-07-30T10:51:25.683704-05:00	FALSE						FALSE	non-primary sample	FALSE	not applicable
TCGA-KICH	subtype	TCGA-KN-8436	TCGA-KN-8436-11A	Solid Tissue Normal	2ad0503b-3613-40d4-9698-23e853e73902	8c99a8ad-7196-4009-80d9-79f78b75b3ca.rna_seq.augmented_star_gene_counts.tsv	5a5f8cd647a39a9856a3e630e89e8c8a	4249495	Data Release 46.0 - August 10, 2026	2026-09-11	released	5d8c131bbff59fb0c969217fc1d44e6d1503cd1f	2021-12-13T16:34:40.540570-06:00	2024-07-30T10:51:31.378961-05:00	FALSE						FALSE	non-primary sample	FALSE	not applicable
TCGA-KICH	subtype	TCGA-KN-8437	TCGA-KN-8437-11A	Solid Tissue Normal	ff7f3046-6bd9-43c4-857f-3d8bbc7bc4d6	26b09f4a-dcff-4d0e-9357-5f2d10252ea3.rna_seq.augmented_star_gene_counts.tsv	f665029cbe76b719d80ca16830630990	4255467	Data Release 46.0 - August 10, 2026	2026-09-11	released	5d8c131bbff59fb0c969217fc1d44e6d1503cd1f	2021-12-13T16:36:48.378846-06:00	2024-07-30T10:53:45.620398-05:00	FALSE						FALSE	non-primary sample	FALSE	not applicable
TCGA-KICH	subtype	TCGA-KO-8403	TCGA-KO-8403-11A	Solid Tissue Normal	8c7f4eef-45be-4b7f-b97a-2230c662ed1f	748cd77b-6da6-449c-8dae-f5d52b782afd.rna_seq.augmented_star_gene_counts.tsv	a173518784d18d5bca66585d806da8db	4254295	Data Release 46.0 - August 10, 2026	2026-09-11	released	5d8c131bbff59fb0c969217fc1d44e6d1503cd1f	2021-12-13T16:34:12.296272-06:00	2024-07-30T10:50:42.018005-05:00	FALSE						FALSE	non-primary sample	FALSE	not applicable
TCGA-KICH	subtype	TCGA-KO-8415	TCGA-KO-8415-11A	Solid Tissue Normal	92056e7d-7f3f-4133-9087-5b0f1d74e7e3	30254b32-7a21-40ed-bce0-54ea176c49b7.rna_seq.augmented_star_gene_counts.tsv	6f382070a70e701a8cdf79b1e110ac90	4242045	Data Release 46.0 - August 10, 2026	2026-09-11	released	5d8c131bbff59fb0c969217fc1d44e6d1503cd1f	2021-12-13T16:34:50.520037-06:00	2024-07-30T10:52:07.683521-05:00	FALSE						FALSE	non-primary sample	FALSE	not applicable
